ET,SA,SR,IA,FZ,V,P,REIn,TS,FX,FY,MX,MY,MZ,REOut,RL,T,TX
0,-0.210890499,0,4.774112295e-05,-1111.240601,11.16406094,68769.27025,0,0,-22.66859786,2731.173864,-54.67540888,0,-12.80191626,1086.591944,0.183048794,0,0
0,-0.207647804,0,4.774112295e-05,-1111.240601,11.16406094,68769.27025,0,0,-13.71655238,2759.417958,-52.30599992,0,-8.430262599,1483.368731,0.183885839,0,0
0,-0.2005436,0,4.774112295e-05,-1111.240601,11.16406094,68769.27025,0,0,-27.7645302,2733.669574,-52.16996524,0,-16.04070293,-66.71087249,0.182959745,0,0
0,-0.19544459,0,4.774112295e-05,-1111.240601,11.16406094,68769.27025,0,0,-38.67480712,2757.681908,-54.48848725,0,-21.70442032,969.1208893,0.184438122,0,0
0,-0.191386524,0,4.774112295e-05,-1111.240601,11.16406094,68769.27025,0,0,-39.60557623,2748.985606,-52.94741915,0,-24.18833362,-1209.504015,0.183776652,0,0
0,-0.184673834,0,4.774112295e-05,-1111.240601,11.16406094,68769.27025,0,0,-31.27886785,2761.521652,-54.03457504,0,-22.04863266,771.2803034,0.185093695,0,0
0,-0.178849422,0,4.774112295e-05,-1111.240601,11.16406094,68769.27025,0,0,-40.3699237,2760.724435,-52.69806828,0,-28.49571249,1206.433619,0.185280683,0,0
0,-0.174947102,0,4.774112295e-05,-1111.240601,11.16406094,68769.27025,0,0,-47.1020253,2731.124185,-53.78190539,0,-33.47858208,-516.0724799,0.183595282,0,0
0,-0.168692311,0,4.774112295e-05,-1111.240601,11.16406094,68769.27025,0,0,-33.03656075,2752.617199,-53.56337546,0,-28.59009212,202.7275946,0.185435446,0,0
0,-0.163017699,0,4.774112295e-05,-1111.240601,11.16406094,68769.27025,0,0,-45.70342839,2726.497078,-53.57486908,0,-36.16256419,1158.11186,0.183491482,0,0
0,-0.158022797,0,4.774112295e-05,-1111.240601,11.16406094,68769.27025,0,0,-41.74837207,2734.902562,-53.29771624,0,-37.56448182,749.8883101,0.185498811,0,0
0,-0.151870101,0,4.774112295e-05,-1111.240601,11.16406094,68769.27025,0,0,-33.38872185,2742.85727,-53.1700904,0,-37.01161968,600.349169,0.187234065,0,0
0,-0.148234972,0,4.774112295e-05,-1111.240601,11.16406094,68769.27025,0,0,-44.64985131,2637.560892,-52.60572404,0,-44.95479347,468.3311067,0.180739646,0,0
0,-0.142226556,0,4.774112295e-05,-1111.240601,11.16406094,68769.27025,0,0,-41.11766916,2668.456883,-52.55121484,0,-44.11838086,-178.6526991,0.1849139,0,0
0,-0.135970947,0,4.774112295e-05,-1111.240601,11.16406094,68769.27025,0,0,-39.95643348,2607.753195,-52.59521171,0,-47.02293915,-755.8432296,0.183182947,0,0
0,-0.131046502,0,4.774112295e-05,-1111.240601,11.16406094,68769.27025,0,0,-44.8907468,2538.880232,-52.087608,0,-52.87095519,747.3501693,0.180668303,0,0
0,-0.125142651,0,4.774112295e-05,-1111.240601,11.16406094,68769.27025,0,0,-39.17418339,2544.543407,-50.81562968,0,-51.32599025,796.7275719,0.184591431,0,0
0,-0.119285935,0,4.774112295e-05,-1111.240601,11.16406094,68769.27025,0,0,-37.29937563,2546.784004,-49.93196644,0,-53.38114377,873.1431534,0.187480883,0,0
0,-0.115648134,0,4.774112295e-05,-1111.240601,11.16406094,68769.27025,0,0,-44.17522946,2378.072137,-49.51575149,0,-58.27787032,606.645924,0.179679541,0,0
0,-0.109436576,0,4.774112295e-05,-1111.240601,11.16406094,68769.27025,0,0,-40.46520319,2380.841452,-48.72246411,0,-59.68123765,-103.7666233,0.183491155,0,0
0,-0.102873819,0,4.774112295e-05,-1111.240601,11.16406094,68769.27025,0,0,-38.8820663,2372.100643,-47.64767672,0,-61.34730977,233.4575228,0.186867541,0,0
0,-0.098874949,0,4.774112295e-05,-1111.240601,11.16406094,68769.27025,0,0,-41.10624166,2249.732828,-46.81651383,0,-63.73974439,136.6503593,0.183066121,0,0
0,-0.09376949,0,4.774112295e-05,-1111.240601,11.16406094,68769.27025,0,0,-39.5575155,2204.568658,-45.75061173,0,-65.43729372,1999.283781,0.184292487,0,0
0,-0.087603602,0,4.774112295e-05,-1111.240601,11.16406094,68769.27025,0,0,-37.31042592,2278.950628,-45.09879903,0,-65.22906685,196.9951786,0.192534644,0,0
0,-0.08217293,0,4.774112295e-05,-1111.240601,11.16406094,68769.27025,0,0,-37.74930421,2120.855629,-43.55796346,0,-67.61367853,877.3441176,0.188478363,0,0
0,-0.077007687,0,4.774112295e-05,-1111.240601,11.16406094,68769.27025,0,0,-44.90429543,1845.03957,-40.13218808,0,-69.69636024,174.0181096,0.17788317,0,0
0,-0.072505194,0,4.774112295e-05,-1111.240601,11.16406094,68769.27025,0,0,-37.21282732,2035.361197,-42.14873752,0,-68.77200182,1497.846917,0.192214109,0,0
0,-0.066862676,0,4.774112295e-05,-1111.240601,11.16406094,68769.27025,0,0,-41.21874393,1864.077557,-38.76316346,0,-69.10968276,793.911112,0.188407281,0,0
0,-0.060248833,0,4.774112295e-05,-1111.240601,11.16406094,68769.27025,0,0,-40.43776236,1734.639864,-36.28240667,0,-67.50519757,1814.757238,0.188444801,0,0
0,-0.055422966,0,4.774112295e-05,-1111.240601,11.16406094,68769.27025,0,0,-41.84217291,1647.831373,-34.40081581,0,-66.17011031,1378.063617,0.189937774,0,0
0,-0.050834897,0,4.774112295e-05,-1111.240601,11.16406094,68769.27025,0,0,-44.87028368,1506.735841,-32.46864624,0,-65.0758685,2348.613129,0.187768331,0,0
0,-0.044181445,0,4.774112295e-05,-1111.240601,11.16406094,68769.27025,0,0,-41.49790976,1401.89836,-28.87669627,0,-60.65263608,998.1084737,0.19180662,0,0
0,-0.038897982,0,4.774112295e-05,-1111.240601,11.16406094,68769.27025,0,0,-40.04708006,1298.727548,-26.89879479,0,-58.52206343,780.9353473,0.19618368,0,0
0,-0.033753293,0,4.774112295e-05,-1111.240601,11.16406094,68769.27025,0,0,-56.27714759,1052.524129,-22.34974683,0,-55.03926319,1030.888647,0.188139018,0,0
0,-0.028601715,0,4.774112295e-05,-1111.240601,11.16406094,68769.27025,0,0,-43.11566319,966.1033998,-19.86203989,0,-47.5603717,377.7486321,0.193938027,0,0
0,-0.023521316,0,4.774112295e-05,-1111.240601,11.16406094,68769.27025,0,0,-46.34294175,712.5535364,-16.4698397,0,-38.21881523,1094.022296,0.186811254,0,0
0,-0.017442104,0,4.774112295e-05,-1111.240601,11.16406094,68769.27025,0,0,-58.19949691,539.595007,-11.48133028,0,-33.40667394,1557.602897,0.188016901,0,0
0,-0.012118485,0,4.774112295e-05,-1111.240601,11.16406094,68769.27025,0,0,-53.0935778,371.4523887,-9.069908813,0,-22.87768001,1310.134448,0.187940433,0,0
0,-0.006956857,0,4.774112295e-05,-1111.240601,11.16406094,68769.27025,0,0,-58.54870219,190.6314889,-6.234627263,0,-13.28482497,1891.14747,0.185717354,0,0
0,-0.001619975,0,4.774112295e-05,-1111.240601,11.16406094,68769.27025,0,0,-55.61768956,26.3086666,-3.173839872,0,-5.039229469,1859.898671,0.187212071,0,0
0,0.003903604,0,4.774112295e-05,-1111.240601,11.16406094,68769.27025,0,0,-51.09436449,-142.6238088,1.358630246,0,6.321001681,2664.019689,0.187901852,0,0
0,0.009366717,0,4.774112295e-05,-1111.240601,11.16406094,68769.27025,0,0,-49.82316586,-308.6263459,3.120982896,0,13.8791141,1513.522417,0.186051663,0,0
0,0.014964249,0,4.774112295e-05,-1111.240601,11.16406094,68769.27025,0,0,-45.4859416,-480.8867115,4.792695203,0,21.7812331,1278.214827,0.184750531,0,0
0,0.019984573,0,4.774112295e-05,-1111.240601,11.16406094,68769.27025,0,0,-43.40061117,-634.8609796,9.088867942,0,31.47680805,1358.367225,0.186315373,0,0
0,0.025571742,0,4.774112295e-05,-1111.240601,11.16406094,68769.27025,0,0,-37.04831357,-789.9617947,11.72808678,0,38.18125576,1369.322876,0.185082706,0,0
0,0.031028979,0,4.774112295e-05,-1111.240601,11.16406094,68769.27025,0,0,-32.52340298,-977.0731297,13.23520676,0,41.57196987,1353.789186,0.187314576,0,0
0,0.036391399,0,4.774112295e-05,-1111.240601,11.16406094,68769.27025,0,0,-35.21900254,-1089.223964,16.86274337,0,48.91984875,1493.493988,0.185674897,0,0
0,0.042045963,0,4.774112295e-05,-1111.240601,11.16406094,68769.27025,0,0,-33.60299987,-1272.110882,19.68669879,0,52.80516698,1454.544922,0.187500756,0,0
0,0.046566916,0,4.774112295e-05,-1111.240601,11.16406094,68769.27025,0,0,-17.20585033,-1484.955107,22.62366864,0,57.63848469,1443.025543,0.194415829,0,0
0,0.052472451,0,4.774112295e-05,-1111.240601,11.16406094,68769.27025,0,0,-31.34574932,-1536.275469,24.74163014,0,57.26614341,1453.422081,0.188904163,0,0
0,0.059051247,0,4.774112295e-05,-1111.240601,11.16406094,68769.27025,0,0,-24.56455899,-1691.875286,26.52153983,0,60.83922669,2135.310352,0.18840178,0,0
0,0.063106233,0,4.774112295e-05,-1111.240601,11.16406094,68769.27025,0,0,-23.41875196,-1737.052256,29.87737622,0,64.42942372,1521.533885,0.186857258,0,0
0,0.068468846,0,4.774112295e-05,-1111.240601,11.16406094,68769.27025,0,0,-23.55226162,-1866.202069,30.83684867,0,63.7961196,1236.402667,0.187627827,0,0
0,0.074669415,0,4.774112295e-05,-1111.240601,11.16406094,68769.27025,0,0,-14.17609688,-2049.363182,31.02226747,0,62.55898197,1235.898494,0.190941323,0,0
0,0.079304674,0,4.774112295e-05,-1111.240601,11.16406094,68769.27025,0,0,-24.59877132,-2011.435849,34.96820072,0,63.47121403,1840.67645,0.185267838,0,0
0,0.085037328,0,4.774112295e-05,-1111.240601,11.16406094,68769.27025,0,0,-23.37028442,-2048.790493,36.03003461,0,63.85583624,846.6548682,0.182007102,0,0
0,0.0901003,0,4.774112295e-05,-1111.240601,11.16406094,68769.27025,0,0,-13.12976279,-2329.740528,36.8669635,0,61.20538489,1829.070982,0.192857253,0,0
0,0.095557264,0,4.774112295e-05,-1111.240601,11.16406094,68769.27025,0,0,-20.17453992,-2255.400652,39.13010439,0,59.93969584,1242.379187,0.185214846,0,0
0,0.101894506,0,4.774112295e-05,-1111.240601,11.16406094,68769.27025,0,0,-22.90294263,-2287.613528,40.21129229,0,58.1702156,1476.759372,0.18250771,0,0
0,0.106170652,0,4.774112295e-05,-1111.240601,11.16406094,68769.27025,0,0,-15.34627192,-2454.643989,39.27349412,0,55.70801048,1210.248217,0.187999949,0,0
0,0.111419486,0,4.774112295e-05,-1111.240601,11.16406094,68769.27025,0,0,-20.98504687,-2400.635748,41.78028493,0,53.7039757,1374.156638,0.183290835,0,0
0,0.117561431,0,4.774112295e-05,-1111.240601,11.16406094,68769.27025,0,0,-23.89664234,-2429.366075,42.69733858,0,51.11390069,1111.727477,0.18130979,0,0
0,0.123034551,0,4.774112295e-05,-1111.240601,11.16406094,68769.27025,0,0,-21.71444652,-2549.192189,42.35584529,0,46.23656801,1805.896941,0.1853565,0,0
0,0.127978446,0,4.774112295e-05,-1111.240601,11.16406094,68769.27025,0,0,-20.45917948,-2551.627875,44.16316785,0,44.41928172,1022.040408,0.184235624,0,0
0,0.133286828,0,4.774112295e-05,-1111.240601,11.16406094,68769.27025,0,0,-23.19094964,-2537.891658,44.0230986,0,45.35602543,1423.035052,0.179994832,0,0
0,0.139360107,0,4.774112295e-05,-1111.240601,11.16406094,68769.27025,0,0,-24.31120733,-2595.216186,44.34625252,0,38.55613974,1413.413844,0.182463358,0,0
0,0.145329315,0,4.774112295e-05,-1111.240601,11.16406094,68769.27025,0,0,-18.00740963,-2646.870093,45.73796924,0,35.41830913,891.4394992,0.185554191,0,0
0,0.14942026,0,4.774112295e-05,-1111.240601,11.16406094,68769.27025,0,0,-21.99959557,-2639.781544,44.72305157,0,34.82542889,970.9210399,0.182731826,0,0
0,0.15452409,0,4.774112295e-05,-1111.240601,11.16406094,68769.27025,0,0,-24.86095844,-2676.046427,44.81655209,0,31.56406312,1545.168137,0.18383416,0,0
0,0.160906838,0,4.774112295e-05,-1111.240601,11.16406094,68769.27025,0,0,-20.22827739,-2700.019805,45.70880307,0,29.86035346,1429.218249,0.184546436,0,0
0,0.166696045,0,4.774112295e-05,-1111.240601,11.16406094,68769.27025,0,0,-23.53493334,-2706.812378,45.87390979,0,28.38899982,885.0511613,0.18354207,0,0
0,0.171360502,0,4.774112295e-05,-1111.240601,11.16406094,68769.27025,0,0,-19.11897693,-2730.396954,46.05372218,0,23.58717382,1424.861383,0.186418671,0,0
0,0.176961926,0,4.774112295e-05,-1111.240601,11.16406094,68769.27025,0,0,-22.68801777,-2713.724614,45.74144834,0,23.06980908,1397.7246,0.184121946,0,0
0,0.181595471,0,4.774112295e-05,-1111.240601,11.16406094,68769.27025,0,0,-17.62941844,-2712.598448,46.0927719,0,23.47640894,1699.91075,0.183741688,0,0
0,0.187456841,0,4.774112295e-05,-1111.240601,11.16406094,68769.27025,0,0,-25.96083356,-2727.358146,46.47444728,0,16.35092743,1101.006363,0.185580355,0,0
0,0.193093206,0,4.774112295e-05,-1111.240601,11.16406094,68769.27025,0,0,-19.63644523,-2724.725623,46.23704988,0,19.23957554,1227.814408,0.184883793,0,0
0,0.198006366,0,4.774112295e-05,-1111.240601,11.16406094,68769.27025,0,0,-15.67569552,-2714.112496,44.77372357,0,17.97763556,1389.833337,0.183904065,0,0
0,0.204043122,0,4.774112295e-05,-1111.240601,11.16406094,68769.27025,0,0,-37.40501748,-2714.386699,45.88802511,0,7.055871982,824.6656369,0.183647831,0,0
0,0.209684968,0,4.774112295e-05,-1111.240601,11.16406094,68769.27025,0,0,-36.03300593,-2720.86702,47.39685497,0,5.509625254,1024.494636,0.185359084,0,0
0,0.213529169,0,4.774112295e-05,-1111.240601,11.16406094,68769.27025,0,0,-37.55037289,-2712.168512,44.35472611,0,5.886330781,832.380979,0.182574357,0,0
0,-0.211715973,0,0.000103235,-884.9508427,11.1642216,68657.03852,0,0,-18.63957295,2216.369139,-37.71862702,0,-4.984520231,1260.100977,0.188897521,0,0
0,-0.205484612,0,0.000103235,-884.9508427,11.1642216,68657.03852,0,0,16.01800706,2208.26883,-38.83066062,0,11.357987,1031.399659,0.188344956,0,0
0,-0.200558629,0,0.000103235,-884.9508427,11.1642216,68657.03852,0,0,-16.11224235,2216.484917,-36.77060662,0,-6.34342406,546.3514145,0.189343887,0,0
0,-0.196630365,0,0.000103235,-884.9508427,11.1642216,68657.03852,0,0,-40.22358794,2216.772089,-38.22085532,0,-16.86166836,1242.644901,0.189317583,0,0
0,-0.190010335,0,0.000103235,-884.9508427,11.1642216,68657.03852,0,0,-18.64428325,2224.194465,-37.8509243,0,-8.151679,1123.003255,0.189874698,0,0
0,-0.184659545,0,0.000103235,-884.9508427,11.1642216,68657.03852,0,0,-23.41619063,2225.953183,-38.32527085,0,-10.94059446,1243.706407,0.190412671,0,0
0,-0.180553977,0,0.000103235,-884.9508427,11.1642216,68657.03852,0,0,-35.53212109,2227.276129,-38.10309323,0,-17.5233727,1119.638878,0.190049519,0,0
0,-0.173710951,0,0.000103235,-884.9508427,11.1642216,68657.03852,0,0,-25.95064054,2233.908951,-37.68648446,0,-14.71978506,465.1106228,0.190650155,0,0
0,-0.167356068,0,0.000103235,-884.9508427,11.1642216,68657.03852,0,0,-24.31602469,2239.235165,-37.95931773,0,-13.0717645,908.9563889,0.190627329,0,0
0,-0.163622319,0,0.000103235,-884.9508427,11.1642216,68657.03852,0,0,-29.39305356,2248.099465,-37.87057472,0,-18.54241106,1880.526031,0.191953613,0,0
0,-0.157380475,0,0.000103235,-884.9508427,11.1642216,68657.03852,0,0,-32.60926344,2240.6647,-37.91608146,0,-21.31704515,1464.207774,0.191702742,0,0
0,-0.151719587,0,0.000103235,-884.9508427,11.1642216,68657.03852,0,0,-21.69530353,2231.235845,-37.97121538,0,-16.17568556,861.315673,0.190659732,0,0
0,-0.147159955,0,0.000103235,-884.9508427,11.1642216,68657.03852,0,0,-25.3364566,2242.728804,-37.45638554,0,-22.46481745,1378.098597,0.193022329,0,0
0,-0.141668397,0,0.000103235,-884.9508427,11.1642216,68657.03852,0,0,-35.39192659,2225.421188,-37.76224213,0,-26.13933434,527.8990925,0.191860281,0,0
0,-0.136550642,0,0.000103235,-884.9508427,11.1642216,68657.03852,0,0,-23.63187638,2192.976938,-37.94606548,0,-22.13942275,456.0203687,0.189476771,0,0
0,-0.130583043,0,0.000103235,-884.9508427,11.1642216,68657.03852,0,0,-29.60040073,2184.825721,-37.46493492,0,-27.99388287,489.4765084,0.19073266,0,0
0,-0.124176829,0,0.000103235,-884.9508427,11.1642216,68657.03852,0,0,-28.96577848,2168.647883,-37.10073842,0,-29.68809304,1321.058939,0.190929353,0,0
0,-0.120312741,0,0.000103235,-884.9508427,11.1642216,68657.03852,0,0,-20.00499652,2138.024041,-36.67622028,0,-27.67369633,102.2513027,0.189014385,0,0
0,-0.11552201,0,0.000103235,-884.9508427,11.1642216,68657.03852,0,0,-28.01853352,2121.51333,-36.56103171,0,-32.32086786,-137.5523807,0.189864026,0,0
0,-0.108564354,0,0.000103235,-884.9508427,11.1642216,68657.03852,0,0,-29.62829711,2088.294001,-36.2840576,0,-35.63800277,797.5696901,0.190158253,0,0
0,-0.102685002,0,0.000103235,-884.9508427,11.1642216,68657.03852,0,0,-25.60767537,1977.929101,-35.84692595,0,-36.08033103,1660.459774,0.184857989,0,0
0,-0.098712879,0,0.000103235,-884.9508427,11.1642216,68657.03852,0,0,-24.69904557,2072.801878,-34.83153922,0,-38.33573017,502.2219613,0.194401958,0,0
0,-0.092774924,0,0.000103235,-884.9508427,11.1642216,68657.03852,0,0,-27.78587856,1975.903091,-34.28478558,0,-40.24945755,1592.766387,0.190821256,0,0
0,-0.086636478,0,0.000103235,-884.9508427,11.1642216,68657.03852,0,0,-25.2218569,1844.114095,-33.62729808,0,-41.94336525,-427.2591813,0.185680661,0,0
0,-0.082951622,0,0.000103235,-884.9508427,11.1642216,68657.03852,0,0,-23.96019743,1958.679183,-32.80057212,0,-43.71830226,1108.539617,0.196421438,0,0
0,-0.076899134,0,0.000103235,-884.9508427,11.1642216,68657.03852,0,0,-26.33675765,1829.130279,-32.16944368,0,-45.77866975,635.7810253,0.192102829,0,0
0,-0.070185787,0,0.000103235,-884.9508427,11.1642216,68657.03852,0,0,-26.76018638,1715.436878,-30.56841576,0,-47.16425827,233.537695,0.190274659,0,0
0,-0.066361933,0,0.000103235,-884.9508427,11.1642216,68657.03852,0,0,-25.77821916,1724.14927,-29.71501721,0,-48.3637926,-273.5324613,0.194714947,0,0
0,-0.061080007,0,0.000103235,-884.9508427,11.1642216,68657.03852,0,0,-28.63930092,1612.153565,-28.53083747,0,-47.78123688,1080.715487,0.192704878,0,0
0,-0.054234417,0,0.000103235,-884.9508427,11.1642216,68657.03852,0,0,-29.62010765,1507.692828,-26.50600026,0,-47.92978961,1422.235337,0.193854342,0,0
0,-0.049332813,0,0.000103235,-884.9508427,11.1642216,68657.03852,0,0,-32.12696218,1388.463801,-24.35715,0,-47.51948796,2772.789925,0.192146288,0,0
0,-0.045093773,0,0.000103235,-884.9508427,11.1642216,68657.03852,0,0,-29.9771645,1321.737925,-23.4830897,0,-44.29016137,611.9936127,0.19391207,0,0
0,-0.038616061,0,0.000103235,-884.9508427,11.1642216,68657.03852,0,0,-31.98718211,1165.058325,-21.28625889,0,-42.52422174,1010.121599,0.19372064,0,0
0,-0.032727864,0,0.000103235,-884.9508427,11.1642216,68657.03852,0,0,-37.65707349,1053.603689,-19.06361711,0,-43.55284893,886.3275412,0.196973837,0,0
0,-0.027862778,0,0.000103235,-884.9508427,11.1642216,68657.03852,0,0,-36.92961878,877.6892474,-16.49398318,0,-34.2661466,3214.381879,0.192460923,0,0
0,-0.022788563,0,0.000103235,-884.9508427,11.1642216,68657.03852,0,0,-32.03700994,727.7378777,-14.58664039,0,-27.77533843,587.6598454,0.193544743,0,0
0,-0.017312694,0,0.000103235,-884.9508427,11.1642216,68657.03852,0,0,-42.63285317,550.0121571,-12.37950874,0,-27.45072435,325.0376322,0.192258889,0,0
0,-0.011487412,0,0.000103235,-884.9508427,11.1642216,68657.03852,0,0,-45.32800878,381.0923872,-8.867298718,0,-17.75036858,738.620469,0.192963379,0,0
0,-0.006257999,0,0.000103235,-884.9508427,11.1642216,68657.03852,0,0,-43.70629652,186.8886158,-5.967571286,0,-10.43866473,1235.138323,0.191972165,0,0
0,-0.001343782,0,0.000103235,-884.9508427,11.1642216,68657.03852,0,0,-47.12588143,19.14875361,-4.558434922,0,-2.112088694,2591.28028,0.188878523,0,0
0,0.004437892,0,0.000103235,-884.9508427,11.1642216,68657.03852,0,0,-39.65557281,-153.5826726,-1.359678653,0,6.434296249,1598.826967,0.189983731,0,0
0,0.009790631,0,0.000103235,-884.9508427,11.1642216,68657.03852,0,0,-42.27948577,-311.4771708,1.819469574,0,11.55740405,1305.187946,0.190871789,0,0
0,0.015432645,0,0.000103235,-884.9508427,11.1642216,68657.03852,0,0,-37.39134135,-475.7348107,2.943061026,0,18.18960231,1144.351575,0.187370168,0,0
0,0.020671966,0,0.000103235,-884.9508427,11.1642216,68657.03852,0,0,-28.22377833,-633.8138388,4.976501502,0,25.48423488,1610.745529,0.187516724,0,0
0,0.025660471,0,0.000103235,-884.9508427,11.1642216,68657.03852,0,0,-29.81153193,-766.3170399,7.852586337,0,29.55367138,1508.05978,0.189468749,0,0
0,0.03151623,0,0.000103235,-884.9508427,11.1642216,68657.03852,0,0,-27.05652205,-909.0871838,9.201273383,0,30.73960748,2176.109971,0.18754208,0,0
0,0.03691924,0,0.000103235,-884.9508427,11.1642216,68657.03852,0,0,-19.36839449,-1044.269839,10.98780377,0,35.90380776,1645.531422,0.189283152,0,0
0,0.042596006,0,0.000103235,-884.9508427,11.1642216,68657.03852,0,0,-20.194624,-1190.34033,13.35082947,0,38.87333808,1826.214539,0.190799507,0,0
0,0.047841463,0,0.000103235,-884.9508427,11.1642216,68657.03852,0,0,-17.77108988,-1289.815058,14.37180401,0,41.65199671,1512.691477,0.190084608,0,0
0,0.052308318,0,0.000103235,-884.9508427,11.1642216,68657.03852,0,0,-20.24061833,-1412.268789,16.48730706,0,39.39405633,942.3806981,0.194410475,0,0
0,0.05851711,0,0.000103235,-884.9508427,11.1642216,68657.03852,0,0,-16.69551692,-1506.146007,17.96925814,0,41.58547131,1468.769999,0.192400961,0,0
0,0.064615951,0,0.000103235,-884.9508427,11.1642216,68657.03852,0,0,-8.085416142,-1636.111721,18.46508275,0,43.53574125,1726.953179,0.19429434,0,0
0,0.068051101,0,0.000103235,-884.9508427,11.1642216,68657.03852,0,0,-18.96093988,-1636.641547,21.41910786,0,43.2507053,378.5034012,0.190338635,0,0
0,0.07472073,0,0.000103235,-884.9508427,11.1642216,68657.03852,0,0,-13.12213939,-1745.303606,21.57694523,0,41.65123277,1551.535029,0.191292816,0,0
0,0.081121601,0,0.000103235,-884.9508427,11.1642216,68657.03852,0,0,-8.306888017,-1865.113112,21.77302058,0,39.02956252,1574.108284,0.194422214,0,0
0,0.084000407,0,0.000103235,-884.9508427,11.1642216,68657.03852,0,0,-15.4993976,-1805.350441,24.27904375,0,40.28794878,842.4987689,0.1875117,0,0
0,0.090822093,0,0.000103235,-884.9508427,11.1642216,68657.03852,0,0,-11.69440988,-1909.39825,24.39064436,0,37.63360574,1596.720679,0.190107719,0,0
0,0.096933386,0,0.000103235,-884.9508427,11.1642216,68657.03852,0,0,-7.323894764,-2033.171288,24.2211239,0,34.3199165,1402.80479,0.195071412,0,0
0,0.101327704,0,0.000103235,-884.9508427,11.1642216,68657.03852,0,0,-12.3842174,-1943.262456,26.46252528,0,35.11936009,1577.212939,0.185703136,0,0
0,0.107049635,0,0.000103235,-884.9508427,11.1642216,68657.03852,0,0,-14.46794688,-2025.414846,26.32930031,0,32.36537126,991.8875076,0.187721273,0,0
0,0.112653992,0,0.000103235,-884.9508427,11.1642216,68657.03852,0,0,-9.144081519,-2130.540922,26.46695388,0,28.8277459,1687.957455,0.19432626,0,0
0,0.116676173,0,0.000103235,-884.9508427,11.1642216,68657.03852,0,0,-13.28049142,-2056.775952,27.16691299,0,31.45944746,1870.772302,0.184889344,0,0
0,0.122824446,0,0.000103235,-884.9508427,11.1642216,68657.03852,0,0,-13.66542794,-2127.39054,27.89368882,0,26.87942433,1150.108379,0.188937908,0,0
0,0.129652637,0,0.000103235,-884.9508427,11.1642216,68657.03852,0,0,-11.71552275,-2153.998451,28.25468482,0,25.81738125,1393.974574,0.188756602,0,0
0,0.134224541,0,0.000103235,-884.9508427,11.1642216,68657.03852,0,0,-10.68670377,-2182.007799,27.80437691,0,25.50894046,816.492776,0.189083686,0,0
0,0.138286717,0,0.000103235,-884.9508427,11.1642216,68657.03852,0,0,-10.54884629,-2185.865061,28.32993518,0,22.88530978,1807.324234,0.189483366,0,0
0,0.145183129,0,0.000103235,-884.9508427,11.1642216,68657.03852,0,0,-14.55644407,-2188.459834,28.98910312,0,20.3114822,970.7659397,0.188559089,0,0
0,0.150440175,0,0.000103235,-884.9508427,11.1642216,68657.03852,0,0,-10.88341908,-2193.531817,28.59797564,0,21.00100801,1539.109867,0.187934121,0,0
0,0.155855555,0,0.000103235,-884.9508427,11.1642216,68657.03852,0,0,-9.316096332,-2213.118341,28.85076684,0,16.61454594,651.8161273,0.190507882,0,0
0,0.16109988,0,0.000103235,-884.9508427,11.1642216,68657.03852,0,0,-16.41770939,-2205.543688,28.84356731,0,15.45691357,1571.406254,0.188749913,0,0
0,0.166092239,0,0.000103235,-884.9508427,11.1642216,68657.03852,0,0,-8.134171287,-2207.603868,29.08168891,0,17.50111188,1277.858478,0.188719691,0,0
0,0.172545621,0,0.000103235,-884.9508427,11.1642216,68657.03852,0,0,-13.57972998,-2212.384898,29.0834966,0,11.87073855,1458.837632,0.189959658,0,0
0,0.177571259,0,0.000103235,-884.9508427,11.1642216,68657.03852,0,0,-9.862738158,-2208.511488,29.23714259,0,13.41356089,912.2965298,0.189773979,0,0
0,0.181736906,0,0.000103235,-884.9508427,11.1642216,68657.03852,0,0,-5.529365017,-2205.180346,28.27126243,0,15.03622789,1187.159821,0.188506948,0,0
0,0.188705465,0,0.000103235,-884.9508427,11.1642216,68657.03852,0,0,-18.88493683,-2201.690574,29.57414612,0,7.551286017,1410.699333,0.18956647,0,0
0,0.192321361,0,0.000103235,-884.9508427,11.1642216,68657.03852,0,0,-18.90475304,-2190.844799,27.42219803,0,8.094214757,1112.822207,0.187204624,0,0
0,0.198890285,0,0.000103235,-884.9508427,11.1642216,68657.03852,0,0,-4.71426095,-2157.571811,29.03378974,0,14.34867978,1172.506505,0.187296099,0,0
0,0.20527227,0,0.000103235,-884.9508427,11.1642216,68657.03852,0,0,-23.27459874,-2153.278302,29.05175606,0,4.995857384,1064.01487,0.187551798,0,0
0,0.208268774,0,0.000103235,-884.9508427,11.1642216,68657.03852,0,0,-19.63125318,-2133.2697,27.54931108,0,8.595356507,1461.176852,0.185364422,0,0
0,0.21404305,0,0.000103235,-884.9508427,11.1642216,68657.03852,0,0,-39.1242993,-2105.828646,26.77181876,0,-4.183151804,1087.349392,0.186885341,0,0
0,-0.210906916,0,9.313558673e-05,-661.3871429,11.16409675,68570.66613,0,0,-0.637315191,1690.380724,-22.54270371,0,4.645968678,1454.55598,0.193303018,0,0
0,-0.206796657,0,9.313558673e-05,-661.3871429,11.16409675,68570.66613,0,0,21.63484589,1681.016808,-22.23758172,0,13.09203231,1625.876626,0.192610031,0,0
0,-0.200134534,0,9.313558673e-05,-661.3871429,11.16409675,68570.66613,0,0,-21.2944845,1690.564727,-23.28302602,0,-5.787877296,1502.569716,0.194004199,0,0
0,-0.195493434,0,9.313558673e-05,-661.3871429,11.16409675,68570.66613,0,0,-20.60343663,1692.031473,-22.9213935,0,-6.237447868,2193.866048,0.19409059,0,0
0,-0.189385707,0,9.313558673e-05,-661.3871429,11.16409675,68570.66613,0,0,-15.97362439,1699.064435,-22.64657965,0,-5.001937957,832.8762204,0.194971468,0,0
0,-0.1839566,0,9.313558673e-05,-661.3871429,11.16409675,68570.66613,0,0,-21.54474993,1689.506358,-22.7309397,0,-6.089015397,1501.224188,0.193827185,0,0
0,-0.179240481,0,9.313558673e-05,-661.3871429,11.16409675,68570.66613,0,0,-22.08077168,1699.251842,-22.54740862,0,-9.280235958,-184.5487196,0.194536293,0,0
0,-0.173853757,0,9.313558673e-05,-661.3871429,11.16409675,68570.66613,0,0,-23.04866731,1699.466028,-22.98530476,0,-8.539492467,1142.276402,0.19447803,0,0
0,-0.16854636,0,9.313558673e-05,-661.3871429,11.16409675,68570.66613,0,0,-12.52574412,1699.26511,-22.58903535,0,-4.233637127,988.0842396,0.195055978,0,0
0,-0.162686322,0,9.313558673e-05,-661.3871429,11.16409675,68570.66613,0,0,-22.95151007,1701.538928,-22.63713766,0,-11.26021573,871.0037575,0.19502499,0,0
0,-0.157611894,0,9.313558673e-05,-661.3871429,11.16409675,68570.66613,0,0,-24.96993611,1698.495542,-22.80233958,0,-11.91880823,366.9513453,0.195105355,0,0
0,-0.152749558,0,9.313558673e-05,-661.3871429,11.16409675,68570.66613,0,0,-12.84067081,1697.364036,-22.36492442,0,-6.052379443,570.1281394,0.195191958,0,0
0,-0.146191807,0,9.313558673e-05,-661.3871429,11.16409675,68570.66613,0,0,-22.35925193,1692.018089,-22.56254979,0,-13.06614511,337.1410285,0.195006289,0,0
0,-0.140719271,0,9.313558673e-05,-661.3871429,11.16409675,68570.66613,0,0,-23.58991041,1698.312679,-21.95687663,0,-14.18184612,929.6979511,0.196192077,0,0
0,-0.137039797,0,9.313558673e-05,-661.3871429,11.16409675,68570.66613,0,0,-14.62487848,1676.657572,-22.52352537,0,-10.13104098,803.0687041,0.194208168,0,0
0,-0.130501755,0,9.313558673e-05,-661.3871429,11.16409675,68570.66613,0,0,-20.34233367,1676.969805,-22.31874834,0,-14.51594901,1014.613257,0.195114614,0,0
0,-0.123542064,0,9.313558673e-05,-661.3871429,11.16409675,68570.66613,0,0,-21.38165277,1668.466256,-22.18434591,0,-16.27608067,-25.38077141,0.195519892,0,0
0,-0.120236909,0,9.313558673e-05,-661.3871429,11.16409675,68570.66613,0,0,-16.10946855,1654.983438,-22.41987778,0,-14.36076862,1750.324456,0.194053381,0,0
0,-0.114879237,0,9.313558673e-05,-661.3871429,11.16409675,68570.66613,0,0,-16.67980414,1643.922781,-22.090777,0,-16.62769723,2367.368659,0.194828138,0,0
0,-0.107850158,0,9.313558673e-05,-661.3871429,11.16409675,68570.66613,0,0,-22.28028681,1623.679959,-22.01419362,0,-20.62462561,1137.70102,0.195033953,0,0
0,-0.103484401,0,9.313558673e-05,-661.3871429,11.16409675,68570.66613,0,0,-13.32294461,1598.883494,-21.67660262,0,-18.61559223,-112.3468097,0.194022968,0,0
0,-0.099058093,0,9.313558673e-05,-661.3871429,11.16409675,68570.66613,0,0,-17.38361681,1588.750885,-21.48186486,0,-21.01790099,605.6116731,0.19485349,0,0
0,-0.092192954,0,9.313558673e-05,-661.3871429,11.16409675,68570.66613,0,0,-19.34555443,1556.591921,-20.88557024,0,-24.04233876,263.1870957,0.195001004,0,0
0,-0.086598804,0,9.313558673e-05,-661.3871429,11.16409675,68570.66613,0,0,-16.43183856,1528.034287,-20.98666951,0,-24.09701979,411.2441597,0.195144184,0,0
0,-0.08293762,0,9.313558673e-05,-661.3871429,11.16409675,68570.66613,0,0,-17.01749051,1509.587607,-20.50983816,0,-25.71371975,678.0700096,0.195341313,0,0
0,-0.075916146,0,9.313558673e-05,-661.3871429,11.16409675,68570.66613,0,0,-19.20999971,1468.703711,-19.87152266,0,-28.45414173,1176.271742,0.196127553,0,0
0,-0.070582657,0,9.313558673e-05,-661.3871429,11.16409675,68570.66613,0,0,-15.62497558,1431.935848,-19.55069039,0,-28.51644893,-780.2871528,0.196928036,0,0
0,-0.06683856,0,9.313558673e-05,-661.3871429,11.16409675,68570.66613,0,0,-18.87104895,1397.338198,-19.6384519,0,-29.76981952,-705.0276359,0.196630065,0,0
0,-0.0601336,0,9.313558673e-05,-661.3871429,11.16409675,68570.66613,0,0,-20.33102826,1332.211221,-18.49352893,0,-30.72489217,1380.683663,0.197377393,0,0
0,-0.053661548,0,9.313558673e-05,-661.3871429,11.16409675,68570.66613,0,0,-20.19903085,1248.82905,-17.52338854,0,-30.3534483,-105.3621961,0.197309368,0,0
0,-0.050104405,0,9.313558673e-05,-661.3871429,11.16409675,68570.66613,0,0,-22.24623195,1177.644016,-17.14908629,0,-30.72071943,1155.858557,0.195017923,0,0
0,-0.044417759,0,9.313558673e-05,-661.3871429,11.16409675,68570.66613,0,0,-22.07897573,1111.022154,-16.59387899,0,-29.20341677,926.4226167,0.197382106,0,0
0,-0.038049076,0,9.313558673e-05,-661.3871429,11.16409675,68570.66613,0,0,-22.23921836,1004.315954,-15.18257175,0,-28.3044427,887.2261665,0.198235743,0,0
0,-0.03325244,0,9.313558673e-05,-661.3871429,11.16409675,68570.66613,0,0,-30.05975374,881.4901987,-14.58690049,0,-28.28336206,673.7850173,0.194693054,0,0
0,-0.028308366,0,9.313558673e-05,-661.3871429,11.16409675,68570.66613,0,0,-26.68357562,800.3084447,-12.86992439,0,-24.05785625,1411.793276,0.19656426,0,0
0,-0.022375942,0,9.313558673e-05,-661.3871429,11.16409675,68570.66613,0,0,-22.47240629,643.9582407,-11.55948765,0,-19.22295757,812.4346704,0.196146532,0,0
0,-0.016881884,0,9.313558673e-05,-661.3871429,11.16409675,68570.66613,0,0,-33.1984682,516.6667454,-9.758108725,0,-20.30886185,134.7909508,0.199291304,0,0
0,-0.011502719,0,9.313558673e-05,-661.3871429,11.16409675,68570.66613,0,0,-38.79624727,366.8958019,-7.63466551,0,-13.50426659,1021.521866,0.197661274,0,0
0,-0.0064848,0,9.313558673e-05,-661.3871429,11.16409675,68570.66613,0,0,-32.2533474,196.3531666,-6.296358801,0,-7.69833985,341.5716673,0.198063353,0,0
0,-0.001233022,0,9.313558673e-05,-661.3871429,11.16409675,68570.66613,0,0,-34.24368512,23.04778627,-4.112211803,0,-2.891565476,1264.330573,0.196363313,0,0
0,0.004230465,0,9.313558673e-05,-661.3871429,11.16409675,68570.66613,0,0,-26.17199929,-139.7350398,-1.567639848,0,6.724196541,2071.686056,0.197891014,0,0
0,0.009898776,0,9.313558673e-05,-661.3871429,11.16409675,68570.66613,0,0,-31.74662867,-288.7924095,-0.822810649,0,7.341663254,1542.496197,0.193362943,0,0
0,0.015319817,0,9.313558673e-05,-661.3871429,11.16409675,68570.66613,0,0,-31.09984785,-430.8749574,0.771009264,0,10.58392667,2500.593265,0.191319513,0,0
0,0.020184595,0,9.313558673e-05,-661.3871429,11.16409675,68570.66613,0,0,-19.38381823,-552.4948868,2.634889907,0,18.17919835,1515.200986,0.191843135,0,0
0,0.026347271,0,9.313558673e-05,-661.3871429,11.16409675,68570.66613,0,0,-18.19606867,-671.4617386,3.261160673,0,19.80593824,1538.358942,0.187287592,0,0
0,0.031793331,0,9.313558673e-05,-661.3871429,11.16409675,68570.66613,0,0,-19.78622916,-798.1760641,4.836237774,0,19.45891916,2278.826788,0.190410826,0,0
0,0.036721827,0,9.313558673e-05,-661.3871429,11.16409675,68570.66613,0,0,-17.78406497,-872.7323498,6.197633109,0,23.53580878,1356.495479,0.190873241,0,0
0,0.042419524,0,9.313558673e-05,-661.3871429,11.16409675,68570.66613,0,0,-16.59895442,-997.9841174,6.698785928,0,23.89988674,2218.505935,0.19281257,0,0
0,0.0475438,0,9.313558673e-05,-661.3871429,11.16409675,68570.66613,0,0,-2.345074445,-1119.615682,7.34686052,0,27.31505292,1188.142816,0.198141308,0,0
0,0.053794799,0,9.313558673e-05,-661.3871429,11.16409675,68570.66613,0,0,-16.13141235,-1173.882395,8.537826742,0,23.61076453,2203.259008,0.195327548,0,0
0,0.059691181,0,9.313558673e-05,-661.3871429,11.16409675,68570.66613,0,0,-17.7059247,-1223.433336,9.791035558,0,25.67367686,2733.868215,0.191711788,0,0
0,0.062640325,0,9.313558673e-05,-661.3871429,11.16409675,68570.66613,0,0,0.24133182,-1317.011626,9.574792321,0,27.45634858,1947.742996,0.199753377,0,0
0,0.069287429,0,9.313558673e-05,-661.3871429,11.16409675,68570.66613,0,0,-8.925553683,-1359.035621,10.33349185,0,25.30969279,1208.780281,0.195960496,0,0
0,0.074799862,0,9.313558673e-05,-661.3871429,11.16409675,68570.66613,0,0,-10.53865931,-1404.310463,10.14905441,0,23.45856649,-12.40928121,0.194550118,0,0
0,0.078765063,0,9.313558673e-05,-661.3871429,11.16409675,68570.66613,0,0,-7.561495339,-1434.022789,11.47696331,0,24.35383212,1326.238857,0.194534877,0,0
0,0.086149105,0,9.313558673e-05,-661.3871429,11.16409675,68570.66613,0,0,-7.399722142,-1479.79419,11.68052451,0,22.50931699,1499.186592,0.192986559,0,0
0,0.091947996,0,9.313558673e-05,-661.3871429,11.16409675,68570.66613,0,0,-5.021016186,-1548.530821,12.29509261,0,21.02301473,891.2020054,0.197431762,0,0
0,0.095336664,0,9.313558673e-05,-661.3871429,11.16409675,68570.66613,0,0,-7.819191374,-1520.743761,12.43085618,0,21.41134337,1204.485336,0.190542802,0,0
0,0.10222688,0,9.313558673e-05,-661.3871429,11.16409675,68570.66613,0,0,-5.58387029,-1567.959429,12.5577002,0,19.94096818,1349.32562,0.192158558,0,0
0,0.107832629,0,9.313558673e-05,-661.3871429,11.16409675,68570.66613,0,0,-4.301728637,-1603.753349,13.77038456,0,17.03438141,1196.561794,0.194970954,0,0
0,0.111260974,0,9.313558673e-05,-661.3871429,11.16409675,68570.66613,0,0,-8.668331644,-1596.59545,12.79781867,0,17.19014517,1661.382629,0.190715492,0,0
0,0.117984241,0,9.313558673e-05,-661.3871429,11.16409675,68570.66613,0,0,-5.855061554,-1629.294626,13.24029603,0,16.31219043,1520.889358,0.192847544,0,0
0,0.124308569,0,9.313558673e-05,-661.3871429,11.16409675,68570.66613,0,0,-9.705392555,-1646.130746,14.10232077,0,13.24521014,1356.18096,0.193438053,0,0
0,0.128358677,0,9.313558673e-05,-661.3871429,11.16409675,68570.66613,0,0,-6.239374423,-1656.282682,13.17642205,0,13.84371615,988.1325971,0.192774098,0,0
0,0.133671994,0,9.313558673e-05,-661.3871429,11.16409675,68570.66613,0,0,-3.917234966,-1666.782955,13.53175241,0,13.71057281,777.1303096,0.193599691,0,0
0,0.139385077,0,9.313558673e-05,-661.3871429,11.16409675,68570.66613,0,0,-9.56752802,-1674.217043,13.71257081,0,10.81813953,1630.579183,0.192945769,0,0
0,0.144683611,0,9.313558673e-05,-661.3871429,11.16409675,68570.66613,0,0,-3.908364111,-1688.47114,13.70285712,0,11.75166337,932.6391799,0.194161223,0,0
0,0.150279768,0,9.313558673e-05,-661.3871429,11.16409675,68570.66613,0,0,-7.025896084,-1695.98708,13.59638414,0,10.01456998,1167.614995,0.194959906,0,0
0,0.155693265,0,9.313558673e-05,-661.3871429,11.16409675,68570.66613,0,0,-7.198599597,-1690.137949,13.32514035,0,9.290048548,1944.892325,0.193479571,0,0
0,0.160989633,0,9.313558673e-05,-661.3871429,11.16409675,68570.66613,0,0,-5.310788515,-1691.042556,13.67328379,0,8.782476762,827.9333624,0.19390096,0,0
0,0.166843091,0,9.313558673e-05,-661.3871429,11.16409675,68570.66613,0,0,-5.656530699,-1694.441163,13.86768796,0,7.314920339,1336.992659,0.195598213,0,0
0,0.171800859,0,9.313558673e-05,-661.3871429,11.16409675,68570.66613,0,0,-3.540197258,-1693.635133,13.37755533,0,8.53941202,1201.979088,0.194384642,0,0
0,0.177337522,0,9.313558673e-05,-661.3871429,11.16409675,68570.66613,0,0,-9.364305725,-1685.864925,13.6374116,0,6.592279075,1186.134096,0.193136712,0,0
0,0.183563882,0,9.313558673e-05,-661.3871429,11.16409675,68570.66613,0,0,-3.172548453,-1670.562826,13.78519756,0,7.284439605,1630.661838,0.195090987,0,0
0,0.187345042,0,9.313558673e-05,-661.3871429,11.16409675,68570.66613,0,0,-6.257892159,-1657.165606,13.67434917,0,7.484262001,1922.590453,0.191575052,0,0
0,0.193859776,0,9.313558673e-05,-661.3871429,11.16409675,68570.66613,0,0,-6.750212482,-1640.259626,14.0146468,0,5.383669303,1233.848733,0.19301929,0,0
0,0.199017069,0,9.313558673e-05,-661.3871429,11.16409675,68570.66613,0,0,-6.836763848,-1611.231695,13.68839096,0,8.509874181,1365.254435,0.191528785,0,0
0,0.204774523,0,9.313558673e-05,-661.3871429,11.16409675,68570.66613,0,0,-1.799783427,-1597.941084,13.40682324,0,8.297174242,1295.414237,0.19038661,0,0
0,0.209631617,0,9.313558673e-05,-661.3871429,11.16409675,68570.66613,0,0,-34.97884689,-1585.952525,14.32467151,0,-7.012614928,1879.807117,0.190831244,0,0
0,0.213411679,0,9.313558673e-05,-661.3871429,11.16409675,68570.66613,0,0,-51.07270016,-1588.331477,13.12788078,0,-12.67428258,929.2734638,0.189837948,0,0
0,-0.209314041,0,7.397672604e-05,-217.3745622,11.16444051,68482.45783,0,0,20.00194393,566.5771328,-3.649068589,0,9.695383835,356.3403597,0.198707492,0,0
0,-0.203217678,0,7.397672604e-05,-217.3745622,11.16444051,68482.45783,0,0,-5.7962005,571.5558967,-4.677979677,0,-0.086283509,985.3958777,0.199627698,0,0
0,-0.197975369,0,7.397672604e-05,-217.3745622,11.16444051,68482.45783,0,0,-1.401925093,575.1047285,-3.788857699,0,1.151715897,1545.709618,0.20246962,0,0
0,-0.193076206,0,7.397672604e-05,-217.3745622,11.16444051,68482.45783,0,0,5.776782177,588.2258641,-3.074432715,0,3.518504826,1272.680046,0.209915997,0,0
0,-0.187529819,0,7.397672604e-05,-217.3745622,11.16444051,68482.45783,0,0,-10.29821977,579.8521481,-3.476415492,0,-3.502435478,1903.484085,0.203871339,0,0
0,-0.181897208,0,7.397672604e-05,-217.3745622,11.16444051,68482.45783,0,0,-11.27969769,582.0487254,-3.375763884,0,-3.994950022,2328.512479,0.205492279,0,0
0,-0.17661872,0,7.397672604e-05,-217.3745622,11.16444051,68482.45783,0,0,-9.839306892,583.5758672,-3.650571176,0,-3.573281743,-361.1313185,0.206291706,0,0
0,-0.171162056,0,7.397672604e-05,-217.3745622,11.16444051,68482.45783,0,0,-5.752946899,577.5935039,-3.958732962,0,-1.932525571,1485.76085,0.203064201,0,0
0,-0.165468564,0,7.397672604e-05,-217.3745622,11.16444051,68482.45783,0,0,-12.40757147,578.9467097,-3.772908947,0,-5.53789637,2185.334405,0.205035406,0,0
0,-0.160320422,0,7.397672604e-05,-217.3745622,11.16444051,68482.45783,0,0,-4.666107123,579.6874008,-3.800366751,0,-1.798746206,896.5637501,0.204939042,0,0
0,-0.154923703,0,7.397672604e-05,-217.3745622,11.16444051,68482.45783,0,0,-6.279930204,572.980682,-4.076558725,0,-2.227122841,1340.943967,0.199691363,0,0
0,-0.150195961,0,7.397672604e-05,-217.3745622,11.16444051,68482.45783,0,0,-9.934933194,585.4900318,-3.044390554,0,-4.312750869,1551.620805,0.207316495,0,0
0,-0.144464017,0,7.397672604e-05,-217.3745622,11.16444051,68482.45783,0,0,-8.180477331,579.2504351,-3.426310351,0,-4.267778316,254.1593414,0.203879655,0,0
0,-0.139483695,0,7.397672604e-05,-217.3745622,11.16444051,68482.45783,0,0,-6.31000381,573.3295944,-3.69965371,0,-1.784412232,2354.636981,0.199459502,0,0
0,-0.134142937,0,7.397672604e-05,-217.3745622,11.16444051,68482.45783,0,0,-9.88845324,583.3328663,-3.493454189,0,-4.917353083,1202.512707,0.206886304,0,0
0,-0.128639947,0,7.397672604e-05,-217.3745622,11.16444051,68482.45783,0,0,-9.116961215,578.5115484,-3.722563936,0,-4.776750134,92.43529966,0.204144272,0,0
0,-0.123206884,0,7.397672604e-05,-217.3745622,11.16444051,68482.45783,0,0,-5.964404778,569.3620671,-3.813200409,0,-3.47510571,792.0674722,0.200385013,0,0
0,-0.118888346,0,7.397672604e-05,-217.3745622,11.16444051,68482.45783,0,0,-7.28164126,578.451537,-3.675097597,0,-3.962772301,1388.430131,0.20496199,0,0
0,-0.112618419,0,7.397672604e-05,-217.3745622,11.16444051,68482.45783,0,0,-10.82736791,574.5133622,-3.887975629,0,-5.57270088,757.7722526,0.203012269,0,0
0,-0.106684656,0,7.397672604e-05,-217.3745622,11.16444051,68482.45783,0,0,-5.918153295,569.4021742,-3.515385673,0,-3.890013767,544.747226,0.20158574,0,0
0,-0.101886702,0,7.397672604e-05,-217.3745622,11.16444051,68482.45783,0,0,-9.134498697,570.4108865,-3.63234676,0,-5.162414257,685.271487,0.202685546,0,0
0,-0.097091609,0,7.397672604e-05,-217.3745622,11.16444051,68482.45783,0,0,-10.27525621,563.5426221,-3.690021549,0,-6.49837721,1509.949002,0.200765432,0,0
0,-0.090856557,0,7.397672604e-05,-217.3745622,11.16444051,68482.45783,0,0,-4.319929941,564.4198347,-3.596175337,0,-4.283833539,1801.139181,0.203890973,0,0
0,-0.085835051,0,7.397672604e-05,-217.3745622,11.16444051,68482.45783,0,0,-10.19084213,554.4596916,-3.458066804,0,-6.381982894,558.8435001,0.201444692,0,0
0,-0.080896489,0,7.397672604e-05,-217.3745622,11.16444051,68482.45783,0,0,-11.20179678,547.0067308,-3.800866525,0,-6.816448233,1241.991223,0.200047683,0,0
0,-0.075429682,0,7.397672604e-05,-217.3745622,11.16444051,68482.45783,0,0,-6.716610132,548.5640897,-3.552577491,0,-5.098994752,438.593381,0.20582115,0,0
0,-0.069759875,0,7.397672604e-05,-217.3745622,11.16444051,68482.45783,0,0,-11.35062215,533.3343069,-3.56285538,0,-7.63651651,1677.941358,0.201419199,0,0
0,-0.064261071,0,7.397672604e-05,-217.3745622,11.16444051,68482.45783,0,0,-9.125888912,511.9942175,-3.870021653,0,-6.425354026,730.2622965,0.199213877,0,0
0,-0.059984593,0,7.397672604e-05,-217.3745622,11.16444051,68482.45783,0,0,-4.582914191,519.8760621,-3.278170206,0,-5.352654195,1918.59323,0.208268657,0,0
0,-0.053730219,0,7.397672604e-05,-217.3745622,11.16444051,68482.45783,0,0,-14.09883573,488.3408218,-3.851239227,0,-8.69059465,1564.471728,0.202862675,0,0
0,-0.047672674,0,7.397672604e-05,-217.3745622,11.16444051,68482.45783,0,0,-7.819006374,451.8396797,-4.150094868,0,-4.925444903,684.144407,0.199665667,0,0
0,-0.044491677,0,7.397672604e-05,-217.3745622,11.16444051,68482.45783,0,0,-5.197834221,452.1681629,-3.390845376,0,-5.294274947,156.3716271,0.204958684,0,0
0,-0.037692109,0,7.397672604e-05,-217.3745622,11.16444051,68482.45783,0,0,-16.95955665,409.596641,-3.76039612,0,-9.231206262,2075.407935,0.203441135,0,0
0,-0.031099879,0,7.397672604e-05,-217.3745622,11.16444051,68482.45783,0,0,-11.07858525,366.8033561,-3.815281362,0,-5.430083184,1442.44883,0.205079295,0,0
0,-0.028345698,0,7.397672604e-05,-217.3745622,11.16444051,68482.45783,0,0,-4.1025593,359.0335989,-3.411504756,0,-3.792935851,2405.642789,0.206950504,0,0
0,-0.021520566,0,7.397672604e-05,-217.3745622,11.16444051,68482.45783,0,0,-17.13371441,303.050937,-3.532659521,0,-7.673510182,377.4091821,0.211923382,0,0
0,-0.015872257,0,7.397672604e-05,-217.3745622,11.16444051,68482.45783,0,0,-20.37918018,239.5983022,-3.10506719,0,-5.176231223,1508.378507,0.214137898,0,0
0,-0.011568639,0,7.397672604e-05,-217.3745622,11.16444051,68482.45783,0,0,-9.474551405,194.3123515,-2.947968117,0,-3.400180416,462.8549641,0.217650622,0,0
0,-0.006003199,0,7.397672604e-05,-217.3745622,11.16444051,68482.45783,0,0,-18.51948823,96.79573251,-2.734497689,0,-3.820240939,1545.914541,0.217524807,0,0
0,-0.000389874,0,7.397672604e-05,-217.3745622,11.16444051,68482.45783,0,0,-16.32948282,-5.078669507,-2.720724864,0,-1.406629366,2616.728223,0.223965247,0,0
0,0.0051151,0,7.397672604e-05,-217.3745622,11.16444051,68482.45783,0,0,-12.94112873,-91.6446394,-2.99346787,0,3.305479292,2258.78954,0.207992195,0,0
0,0.010130301,0,7.397672604e-05,-217.3745622,11.16444051,68482.45783,0,0,-16.65975721,-158.4400876,-3.144490624,0,-1.148228893,684.1073223,0.203275781,0,0
0,0.015588915,0,7.397672604e-05,-217.3745622,11.16444051,68482.45783,0,0,-12.36834749,-220.9735044,-2.943522618,0,2.254907363,1737.43612,0.201113922,0,0
0,0.020967029,0,7.397672604e-05,-217.3745622,11.16444051,68482.45783,0,0,-10.70671739,-272.694735,-2.921264773,0,5.322971635,1239.696544,0.204000449,0,0
0,0.026179178,0,7.397672604e-05,-217.3745622,11.16444051,68482.45783,0,0,-4.150265816,-300.5647081,-3.385685037,0,4.63034527,2322.629778,0.187553511,0,0
0,0.030945551,0,7.397672604e-05,-217.3745622,11.16444051,68482.45783,0,0,-13.97014969,-344.2271331,-2.916804042,0,2.597457876,1171.155492,0.2020317,0,0
0,0.03667263,0,7.397672604e-05,-217.3745622,11.16444051,68482.45783,0,0,-5.183112604,-368.5732396,-2.857348539,0,4.922496401,1190.225955,0.193525252,0,0
0,0.042857215,0,7.397672604e-05,-217.3745622,11.16444051,68482.45783,0,0,-2.242975454,-408.4437372,-2.802721715,0,5.621622966,620.206212,0.195266685,0,0
0,0.047304778,0,7.397672604e-05,-217.3745622,11.16444051,68482.45783,0,0,-5.590250523,-423.8726233,-3.005130072,0,4.8045037,2301.705587,0.195957458,0,0
0,0.053400774,0,7.397672604e-05,-217.3745622,11.16444051,68482.45783,0,0,-6.019593846,-457.5800637,-2.543838956,0,3.74011269,2425.883139,0.200296475,0,0
0,0.058829167,0,7.397672604e-05,-217.3745622,11.16444051,68482.45783,0,0,-0.647439622,-466.1545177,-2.867872051,0,6.143453294,1089.795789,0.195764527,0,0
0,0.06372924,0,7.397672604e-05,-217.3745622,11.16444051,68482.45783,0,0,-2.665401949,-483.7390853,-2.940035067,0,5.468100083,1268.001107,0.196523762,0,0
0,0.068703728,0,7.397672604e-05,-217.3745622,11.16444051,68482.45783,0,0,-4.240008839,-505.9368843,-2.818055779,0,2.851730188,2309.869953,0.202350317,0,0
0,0.074436345,0,7.397672604e-05,-217.3745622,11.16444051,68482.45783,0,0,-0.235245091,-515.146739,-2.91672194,0,5.405545115,2166.724101,0.200187038,0,0
0,0.079685114,0,7.397672604e-05,-217.3745622,11.16444051,68482.45783,0,0,-0.206129463,-527.8863091,-3.142773327,0,4.895387285,1678.199533,0.201827666,0,0
0,0.084739399,0,7.397672604e-05,-217.3745622,11.16444051,68482.45783,0,0,-4.137167243,-527.9262387,-3.411187995,0,3.033441818,1860.247162,0.195920364,0,0
0,0.089846138,0,7.397672604e-05,-217.3745622,11.16444051,68482.45783,0,0,0.722724292,-546.2163165,-3.240355421,0,5.169724406,1999.519165,0.2035905,0,0
0,0.095196856,0,7.397672604e-05,-217.3745622,11.16444051,68482.45783,0,0,0.524404673,-545.3848038,-3.418158841,0,4.23410836,2354.680859,0.199573321,0,0
0,0.100736198,0,7.397672604e-05,-217.3745622,11.16444051,68482.45783,0,0,-1.957724173,-550.8948075,-3.43061489,0,3.285981833,800.6148368,0.198743785,0,0
0,0.105362053,0,7.397672604e-05,-217.3745622,11.16444051,68482.45783,0,0,1.088068518,-560.3516509,-3.404532588,0,4.072706719,2312.686757,0.202817329,0,0
0,0.111696868,0,7.397672604e-05,-217.3745622,11.16444051,68482.45783,0,0,0.491090393,-556.3506461,-3.617760822,0,2.931874629,1350.329579,0.197641949,0,0
0,0.116969133,0,7.397672604e-05,-217.3745622,11.16444051,68482.45783,0,0,0.392372439,-567.6651575,-3.049594347,0,2.566268644,2181.596517,0.204022481,0,0
0,0.121962957,0,7.397672604e-05,-217.3745622,11.16444051,68482.45783,0,0,0.986263993,-566.875629,-3.159991141,0,3.751146437,1381.129592,0.199724528,0,0
0,0.127739589,0,7.397672604e-05,-217.3745622,11.16444051,68482.45783,0,0,0.141228682,-570.8730114,-3.433394107,0,2.69536973,898.9319188,0.200520619,0,0
0,0.132943072,0,7.397672604e-05,-217.3745622,11.16444051,68482.45783,0,0,1.071535009,-574.3874131,-2.994648843,0,2.324197313,3100.934536,0.202487583,0,0
0,0.13877354,0,7.397672604e-05,-217.3745622,11.16444051,68482.45783,0,0,-0.737250732,-574.925345,-3.453924389,0,2.892161723,1806.08098,0.198387851,0,0
0,0.143848168,0,7.397672604e-05,-217.3745622,11.16444051,68482.45783,0,0,-0.446614307,-584.2027815,-3.263674795,0,1.97754055,1991.735081,0.205259651,0,0
0,0.148928157,0,7.397672604e-05,-217.3745622,11.16444051,68482.45783,0,0,2.835960918,-577.5620578,-3.319028401,0,2.380792049,2074.54286,0.200289083,0,0
0,0.154598104,0,7.397672604e-05,-217.3745622,11.16444051,68482.45783,0,0,-0.349399264,-584.2283482,-3.580172798,0,2.400297879,1620.900591,0.201218549,0,0
0,0.159969021,0,7.397672604e-05,-217.3745622,11.16444051,68482.45783,0,0,1.550222471,-583.3541984,-3.77144929,0,1.782073734,1034.824941,0.201319049,0,0
0,0.165506115,0,7.397672604e-05,-217.3745622,11.16444051,68482.45783,0,0,0.539353334,-593.5485874,-3.459530288,0,2.311557786,2069.716617,0.205884969,0,0
0,0.17112032,0,7.397672604e-05,-217.3745622,11.16444051,68482.45783,0,0,2.961761329,-587.482615,-3.641203616,0,2.377852053,1168.143997,0.202569777,0,0
0,0.175848622,0,7.397672604e-05,-217.3745622,11.16444051,68482.45783,0,0,-1.721535517,-586.4432406,-3.989863867,0,0.539681935,1485.066989,0.200569266,0,0
0,0.181097565,0,7.397672604e-05,-217.3745622,11.16444051,68482.45783,0,0,1.667543412,-593.0872487,-3.781012366,0,1.688166678,1838.561837,0.204376389,0,0
0,0.186529845,0,7.397672604e-05,-217.3745622,11.16444051,68482.45783,0,0,1.46349903,-594.2443836,-4.019256938,0,2.276020903,2009.852026,0.20272362,0,0
0,0.192122566,0,7.397672604e-05,-217.3745622,11.16444051,68482.45783,0,0,-5.721776303,-584.096996,-4.848008743,0,-1.374341924,1154.099244,0.193419606,0,0
0,0.197097391,0,7.397672604e-05,-217.3745622,11.16444051,68482.45783,0,0,-2.727384989,-586.5998148,-2.554033028,0,-1.152778136,1381.85325,0.201731446,0,0
0,0.202659542,0,7.397672604e-05,-217.3745622,11.16444051,68482.45783,0,0,-2.024173864,-582.037722,-4.216465966,0,0.489088538,1550.893488,0.193495065,0,0
0,0.207901316,0,7.397672604e-05,-217.3745622,11.16444051,68482.45783,0,0,-12.33197489,-583.561471,-3.236461447,0,-3.285040704,2317.477109,0.193775662,0,0
0,0.211673434,0,7.397672604e-05,-217.3745622,11.16444051,68482.45783,0,0,-24.04014526,-570.7494539,-3.075632161,0,-5.74775573,3576.54173,0.180682177,0,0
0,-0.210947083,0,9.101770278e-05,-1105.168138,11.16367978,68097.36669,0,0,-26.9162072,2694.503524,-52.87869896,0,-14.66353755,984.6556774,0.182584022,0,0
0,-0.20703852,0,9.101770278e-05,-1105.168138,11.16367978,68097.36669,0,0,20.01952012,2705.074451,-54.02296167,0,7.299822818,2662.485593,0.182963699,0,0
0,-0.20047373,0,9.101770278e-05,-1105.168138,11.16367978,68097.36669,0,0,-35.76295856,2689.071306,-52.62929268,0,-19.41791545,1461.673147,0.182324033,0,0
0,-0.194705881,0,9.101770278e-05,-1105.168138,11.16367978,68097.36669,0,0,-40.33317789,2705.537022,-53.39344889,0,-23.76807437,-525.9288972,0.183459573,0,0
0,-0.190333928,0,9.101770278e-05,-1105.168138,11.16367978,68097.36669,0,0,-29.09802372,2700.514533,-52.42879633,0,-20.12431891,1214.282659,0.18318709,0,0
0,-0.185284158,0,9.101770278e-05,-1105.168138,11.16367978,68097.36669,0,0,-30.8840949,2697.106457,-53.81480772,0,-21.77361745,804.0626625,0.183567863,0,0
0,-0.178741582,0,9.101770278e-05,-1105.168138,11.16367978,68097.36669,0,0,-46.61778002,2700.114544,-52.93726924,0,-30.95528503,395.7742057,0.183930602,0,0
0,-0.174661512,0,9.101770278e-05,-1105.168138,11.16367978,68097.36669,0,0,-38.13537672,2694.527256,-53.08777914,0,-30.5038736,-368.3447593,0.183854669,0,0
0,-0.168929567,0,9.101770278e-05,-1105.168138,11.16367978,68097.36669,0,0,-29.99386906,2702.842692,-53.30814405,0,-27.20532686,1179.847704,0.185030154,0,0
0,-0.163323307,0,9.101770278e-05,-1105.168138,11.16367978,68097.36669,0,0,-45.66077408,2655.772174,-52.65214981,0,-36.89787284,1796.395629,0.182541956,0,0
0,-0.15763221,0,9.101770278e-05,-1105.168138,11.16367978,68097.36669,0,0,-39.0694626,2685.28958,-53.06031309,0,-36.24656123,-757.205393,0.185470847,0,0
0,-0.151456219,0,9.101770278e-05,-1105.168138,11.16367978,68097.36669,0,0,-31.66575113,2710.812277,-52.83208511,0,-35.36748387,-167.6907782,0.188533469,0,0
0,-0.147604632,0,9.101770278e-05,-1105.168138,11.16367978,68097.36669,0,0,-42.63202019,2599.922032,-52.70904137,0,-42.76130604,1084.33653,0.18185779,0,0
0,-0.142165673,0,9.101770278e-05,-1105.168138,11.16367978,68097.36669,0,0,-40.85691212,2608.669175,-51.94811569,0,-44.293965,224.8939714,0.184464937,0,0
0,-0.135502484,0,9.101770278e-05,-1105.168138,11.16367978,68097.36669,0,0,-34.52850322,2581.526098,-51.69601013,0,-44.28095504,-117.7886945,0.184709997,0,0
0,-0.130457517,0,9.101770278e-05,-1105.168138,11.16367978,68097.36669,0,0,-47.55196293,2446.182393,-51.78203852,0,-54.47705344,1840.87366,0.177991338,0,0
0,-0.125244947,0,9.101770278e-05,-1105.168138,11.16367978,68097.36669,0,0,-35.78974513,2493.156293,-50.95278784,0,-50.40221361,-491.6031345,0.183500846,0,0
0,-0.11921344,0,9.101770278e-05,-1105.168138,11.16367978,68097.36669,0,0,-35.59291716,2517.696206,-50.24668225,0,-52.0998449,1611.958825,0.187847375,0,0
0,-0.115277952,0,9.101770278e-05,-1105.168138,11.16367978,68097.36669,0,0,-44.16039899,2282.834069,-49.34137392,0,-59.26585866,-923.1973956,0.176347366,0,0
0,-0.109611542,0,9.101770278e-05,-1105.168138,11.16367978,68097.36669,0,0,-37.8964967,2342.645267,-49.20224876,0,-58.50949394,462.9735737,0.183238942,0,0
0,-0.102701654,0,9.101770278e-05,-1105.168138,11.16367978,68097.36669,0,0,-38.17335314,2320.175747,-47.90601753,0,-61.06506997,1482.245259,0.186004562,0,0
0,-0.097885133,0,9.101770278e-05,-1105.168138,11.16367978,68097.36669,0,0,-36.37674153,2224.551664,-46.87019558,0,-63.39181625,2103.598274,0.184457615,0,0
0,-0.093678201,0,9.101770278e-05,-1105.168138,11.16367978,68097.36669,0,0,-38.83334075,2147.279959,-45.58234739,0,-65.47401573,1026.268271,0.182712616,0,0
0,-0.087181293,0,9.101770278e-05,-1105.168138,11.16367978,68097.36669,0,0,-36.7673447,2115.791638,-44.97999775,0,-66.94447486,706.2268299,0.185767791,0,0
0,-0.08147925,0,9.101770278e-05,-1105.168138,11.16367978,68097.36669,0,0,-34.05051539,2151.309092,-44.4694619,0,-67.94177403,1280.193673,0.192096202,0,0
0,-0.076724233,0,9.101770278e-05,-1105.168138,11.16367978,68097.36669,0,0,-42.70337204,1844.445398,-40.53715828,0,-69.04878858,-1004.783059,0.179389584,0,0
0,-0.072014609,0,9.101770278e-05,-1105.168138,11.16367978,68097.36669,0,0,-36.09242683,1986.451248,-42.2876041,0,-69.56083247,1596.944775,0.191353961,0,0
0,-0.066569472,0,9.101770278e-05,-1105.168138,11.16367978,68097.36669,0,0,-39.64545672,1812.17702,-39.37536591,0,-69.38625714,515.4236316,0.187203135,0,0
0,-0.059925805,0,9.101770278e-05,-1105.168138,11.16367978,68097.36669,0,0,-40.01671258,1680.830492,-36.59049629,0,-68.04060297,1001.931619,0.18683899,0,0
0,-0.054979304,0,9.101770278e-05,-1105.168138,11.16367978,68097.36669,0,0,-40.63095648,1624.753541,-34.72434846,0,-67.07095392,463.4354997,0.189908768,0,0
0,-0.050625672,0,9.101770278e-05,-1105.168138,11.16367978,68097.36669,0,0,-44.0398499,1476.091866,-32.90087929,0,-65.23173251,1609.985499,0.187124498,0,0
0,-0.044009191,0,9.101770278e-05,-1105.168138,11.16367978,68097.36669,0,0,-42.02588847,1371.08397,-29.45180549,0,-61.08632592,563.3565732,0.190940555,0,0
0,-0.038711417,0,9.101770278e-05,-1105.168138,11.16367978,68097.36669,0,0,-38.07389851,1363.075942,-27.29578013,0,-59.87085562,253.9151165,0.201752535,0,0
0,-0.033433905,0,9.101770278e-05,-1105.168138,11.16367978,68097.36669,0,0,-64.513031,1224.173495,-22.66918885,0,-63.27898499,351.4213105,0.20329223,0,0
0,-0.028425537,0,9.101770278e-05,-1105.168138,11.16367978,68097.36669,0,0,-41.38089904,1015.607483,-20.09238025,0,-48.15049044,936.317078,0.199832872,0,0
0,-0.023000671,0,9.101770278e-05,-1105.168138,11.16367978,68097.36669,0,0,-47.08770661,755.9836781,-16.60035984,0,-39.73117006,45.16653916,0.194606161,0,0
0,-0.016877472,0,9.101770278e-05,-1105.168138,11.16367978,68097.36669,0,0,-59.17789155,516.4577798,-12.1947361,0,-33.58753192,1286.63151,0.187471144,0,0
0,-0.011679717,0,9.101770278e-05,-1105.168138,11.16367978,68097.36669,0,0,-52.67178609,356.1828287,-9.484303801,0,-22.28136532,770.8022045,0.187703262,0,0
0,-0.006717621,0,9.101770278e-05,-1105.168138,11.16367978,68097.36669,0,0,-59.99387657,186.4547094,-7.835927075,0,-13.83415054,1307.285411,0.184783424,0,0
0,-0.001595383,0,9.101770278e-05,-1105.168138,11.16367978,68097.36669,0,0,-57.18246167,33.72809396,-3.573828572,0,-4.96089687,1447.822771,0.186788315,0,0
0,0.004089294,0,9.101770278e-05,-1105.168138,11.16367978,68097.36669,0,0,-51.47347654,-133.5484653,0.297279177,0,6.671048131,1931.014335,0.188375573,0,0
0,0.00978762,0,9.101770278e-05,-1105.168138,11.16367978,68097.36669,0,0,-53.11933199,-299.9155342,1.853997868,0,13.45497757,1854.624567,0.186163936,0,0
0,0.015415814,0,9.101770278e-05,-1105.168138,11.16367978,68097.36669,0,0,-49.71555484,-464.2935887,3.769439371,0,21.82489072,1627.207636,0.184476834,0,0
0,0.020113139,0,9.101770278e-05,-1105.168138,11.16367978,68097.36669,0,0,-43.2502558,-610.2484901,8.410904956,0,32.0541483,1852.617659,0.186891806,0,0
0,0.025892658,0,9.101770278e-05,-1105.168138,11.16367978,68097.36669,0,0,-41.44796182,-770.8273924,10.73406968,0,37.62860038,2195.135635,0.18552646,0,0
0,0.031548016,0,9.101770278e-05,-1105.168138,11.16367978,68097.36669,0,0,-33.28517955,-959.2728633,12.2721077,0,42.55972959,1653.028345,0.187390272,0,0
0,0.036457569,0,9.101770278e-05,-1105.168138,11.16367978,68097.36669,0,0,-38.74777196,-1040.385122,16.06246227,0,48.90100965,1059.504067,0.184775784,0,0
0,0.041944525,0,9.101770278e-05,-1105.168138,11.16367978,68097.36669,0,0,-34.66428604,-1238.400523,18.50664214,0,52.47414104,1654.313862,0.187976996,0,0
0,0.046766719,0,9.101770278e-05,-1105.168138,11.16367978,68097.36669,0,0,-17.93123603,-1444.040299,21.37571776,0,58.21966195,1405.294882,0.193378358,0,0
0,0.052962998,0,9.101770278e-05,-1105.168138,11.16367978,68097.36669,0,0,-32.23072448,-1510.666577,24.08112412,0,57.30826289,1573.538788,0.188695094,0,0
0,0.059672215,0,9.101770278e-05,-1105.168138,11.16367978,68097.36669,0,0,-26.07822171,-1661.571188,26.05125653,0,60.77018875,2036.408479,0.187882163,0,0
0,0.063197823,0,9.101770278e-05,-1105.168138,11.16367978,68097.36669,0,0,-24.69918661,-1694.978159,28.01431029,0,64.27612626,1409.623799,0.185877768,0,0
0,0.068894756,0,9.101770278e-05,-1105.168138,11.16367978,68097.36669,0,0,-24.05713192,-1816.762939,29.81604998,0,63.93460405,1432.15091,0.186315018,0,0
0,0.075090465,0,9.101770278e-05,-1105.168138,11.16367978,68097.36669,0,0,-16.7209976,-2048.031615,30.86061763,0,62.47055766,1762.242964,0.192331044,0,0
0,0.079254703,0,9.101770278e-05,-1105.168138,11.16367978,68097.36669,0,0,-28.40616746,-1877.897314,34.05953609,0,63.12780549,1383.229615,0.179868855,0,0
0,0.085154076,0,9.101770278e-05,-1105.168138,11.16367978,68097.36669,0,0,-22.90172711,-2058.856598,35.08270582,0,61.64890402,1070.825948,0.184393029,0,0
0,0.090813211,0,9.101770278e-05,-1105.168138,11.16367978,68097.36669,0,0,-13.30836543,-2266.878273,35.40928873,0,59.03152838,1097.376756,0.191020002,0,0
0,0.095882372,0,9.101770278e-05,-1105.168138,11.16367978,68097.36669,0,0,-22.42654837,-2163.305844,38.0864622,0,58.38902046,1433.897193,0.182355987,0,0
0,0.102096253,0,9.101770278e-05,-1105.168138,11.16367978,68097.36669,0,0,-22.33739275,-2245.560501,38.78220824,0,56.31715449,876.6253229,0.182259016,0,0
0,0.106439515,0,9.101770278e-05,-1105.168138,11.16367978,68097.36669,0,0,-16.38488481,-2460.536709,39.00713533,0,53.50978943,1481.367984,0.190710487,0,0
0,0.111850896,0,9.101770278e-05,-1105.168138,11.16367978,68097.36669,0,0,-21.92361384,-2369.516993,40.56115964,0,51.98114872,1138.754716,0.18325798,0,0
0,0.118138811,0,9.101770278e-05,-1105.168138,11.16367978,68097.36669,0,0,-22.54304066,-2382.187828,41.96291857,0,50.24610973,1078.732104,0.180717214,0,0
0,0.123667811,0,9.101770278e-05,-1105.168138,11.16367978,68097.36669,0,0,-24.95314272,-2499.578881,41.45581763,0,46.44853156,1570.886421,0.183777453,0,0
0,0.128343878,0,9.101770278e-05,-1105.168138,11.16367978,68097.36669,0,0,-21.70935226,-2537.137065,43.32376819,0,43.98972681,1085.682438,0.185032875,0,0
0,0.133795535,0,9.101770278e-05,-1105.168138,11.16367978,68097.36669,0,0,-22.12509799,-2528.225539,43.07059607,0,44.17287199,1395.699368,0.181906594,0,0
0,0.139479829,0,9.101770278e-05,-1105.168138,11.16367978,68097.36669,0,0,-25.43818346,-2560.317806,43.25702727,0,40.277543,1339.025921,0.18142945,0,0
0,0.145399597,0,9.101770278e-05,-1105.168138,11.16367978,68097.36669,0,0,-21.05656901,-2623.402483,44.8349209,0,36.14418679,1045.167243,0.184766103,0,0
0,0.150344556,0,9.101770278e-05,-1105.168138,11.16367978,68097.36669,0,0,-22.44488586,-2627.411237,44.44550334,0,35.49720447,1220.177897,0.183196307,0,0
0,0.155041903,0,9.101770278e-05,-1105.168138,11.16367978,68097.36669,0,0,-23.52247589,-2661.920645,44.06043263,0,33.08392182,1096.835921,0.183566865,0,0
0,0.161030186,0,9.101770278e-05,-1105.168138,11.16367978,68097.36669,0,0,-25.54795529,-2677.844035,45.56426693,0,29.37563833,1236.838198,0.184343288,0,0
0,0.166731347,0,9.101770278e-05,-1105.168138,11.16367978,68097.36669,0,0,-19.9302472,-2682.382882,45.34558273,0,29.23701871,1699.385474,0.183788134,0,0
0,0.171738912,0,9.101770278e-05,-1105.168138,11.16367978,68097.36669,0,0,-21.51344508,-2695.134125,45.2056706,0,25.67719909,901.9764013,0.183913227,0,0
0,0.177282112,0,9.101770278e-05,-1105.168138,11.16367978,68097.36669,0,0,-25.6052521,-2696.347075,45.26514369,0,22.8881701,1465.462358,0.183764601,0,0
0,0.182556893,0,9.101770278e-05,-1105.168138,11.16367978,68097.36669,0,0,-16.60719592,-2674.774664,45.01980455,0,25.8330187,1463.482117,0.181930863,0,0
0,0.18846896,0,9.101770278e-05,-1105.168138,11.16367978,68097.36669,0,0,-22.1759458,-2700.836266,45.6352489,0,17.63198453,955.4537652,0.184155029,0,0
0,0.193770365,0,9.101770278e-05,-1105.168138,11.16367978,68097.36669,0,0,-27.00737606,-2671.953201,44.84961271,0,16.64943684,775.786426,0.182056721,0,0
0,0.19884518,0,9.101770278e-05,-1105.168138,11.16367978,68097.36669,0,0,-16.2268025,-2683.486475,44.6625524,0,19.59152828,1383.606522,0.18215094,0,0
0,0.20441313,0,9.101770278e-05,-1105.168138,11.16367978,68097.36669,0,0,-36.34687903,-2694.463307,45.12560905,0,8.24255498,1148.172818,0.182785488,0,0
0,0.209082338,0,9.101770278e-05,-1105.168138,11.16367978,68097.36669,0,0,-37.12445448,-2673.320312,46.1078296,0,7.118501774,929.8145924,0.181421343,0,0
0,0.21366823,0,9.101770278e-05,-1105.168138,11.16367978,68097.36669,0,0,-30.32700619,-2684.312796,45.4130801,0,8.647970287,493.4061891,0.182628969,0,0
0,-0.209711281,0,8.369169119e-05,-437.9984739,11.16413485,68656.85944,0,0,14.41199167,1140.749295,-10.39069936,0,11.00422168,1678.43531,0.195318322,0,0
0,-0.205412888,0,8.369169119e-05,-437.9984739,11.16413485,68656.85944,0,0,19.30090554,1154.651274,-10.15458419,0,10.36108106,1706.646333,0.199809246,0,0
0,-0.199443139,0,8.369169119e-05,-437.9984739,11.16413485,68656.85944,0,0,-16.85697163,1142.596046,-11.3913577,0,-4.902969697,1715.783156,0.197421205,0,0
0,-0.193842123,0,8.369169119e-05,-437.9984739,11.16413485,68656.85944,0,0,-18.41941091,1152.348128,-10.78648863,0,-5.22993442,1460.4113,0.199929794,0,0
0,-0.188823017,0,8.369169119e-05,-437.9984739,11.16413485,68656.85944,0,0,-8.596004138,1146.881508,-11.20828687,0,-2.297758834,1502.372769,0.199312206,0,0
0,-0.183484398,0,8.369169119e-05,-437.9984739,11.16413485,68656.85944,0,0,-16.19886562,1147.015372,-10.81938488,0,-4.726476535,3007.265028,0.198350336,0,0
0,-0.177880444,0,8.369169119e-05,-437.9984739,11.16413485,68656.85944,0,0,-14.88296173,1148.398258,-10.68774166,0,-5.057742603,197.5517036,0.198963006,0,0
0,-0.172416661,0,8.369169119e-05,-437.9984739,11.16413485,68656.85944,0,0,-15.83506773,1150.366748,-11.15034444,0,-6.052202162,2164.127253,0.200158928,0,0
0,-0.167324715,0,8.369169119e-05,-437.9984739,11.16413485,68656.85944,0,0,-9.288949422,1143.59386,-10.83981398,0,-2.51998889,560.2768677,0.198007009,0,0
0,-0.161571844,0,8.369169119e-05,-437.9984739,11.16413485,68656.85944,0,0,-18.20234001,1151.574014,-11.20595782,0,-6.960918939,1687.481147,0.199527814,0,0
0,-0.156475151,0,8.369169119e-05,-437.9984739,11.16413485,68656.85944,0,0,-16.43533998,1147.025138,-10.99831046,0,-6.863838205,2241.368643,0.198954132,0,0
0,-0.150958103,0,8.369169119e-05,-437.9984739,11.16413485,68656.85944,0,0,-6.049021807,1144.67732,-10.83737028,0,-2.958741516,2742.940907,0.198904696,0,0
0,-0.145701244,0,8.369169119e-05,-437.9984739,11.16413485,68656.85944,0,0,-17.91130748,1144.692284,-11.27321988,0,-8.604041796,997.1083715,0.199374552,0,0
0,-0.140303427,0,8.369169119e-05,-437.9984739,11.16413485,68656.85944,0,0,-15.40976086,1145.778582,-10.54662452,0,-7.874261653,538.6793453,0.200002251,0,0
0,-0.134551111,0,8.369169119e-05,-437.9984739,11.16413485,68656.85944,0,0,-9.520133803,1134.764483,-11.04774473,0,-5.271666499,861.4364892,0.198237702,0,0
0,-0.129592199,0,8.369169119e-05,-437.9984739,11.16413485,68656.85944,0,0,-15.10637697,1133.667618,-10.47116259,0,-8.648504993,1389.937169,0.199198039,0,0
0,-0.124253351,0,8.369169119e-05,-437.9984739,11.16413485,68656.85944,0,0,-13.32779006,1130.244221,-10.51113678,0,-8.869400866,314.8654329,0.199644814,0,0
0,-0.118668642,0,8.369169119e-05,-437.9984739,11.16413485,68656.85944,0,0,-12.42664122,1115.228674,-11.28304236,0,-8.581590929,53.93071277,0.197958677,0,0
0,-0.113250359,0,8.369169119e-05,-437.9984739,11.16413485,68656.85944,0,0,-11.91991141,1115.729401,-10.53904607,0,-9.241111989,850.5888973,0.19936494,0,0
0,-0.107747803,0,8.369169119e-05,-437.9984739,11.16413485,68656.85944,0,0,-12.95669412,1112.9853,-10.98864005,0,-11.52037155,1347.772484,0.199764256,0,0
0,-0.102982264,0,8.369169119e-05,-437.9984739,11.16413485,68656.85944,0,0,-14.91186898,1097.839708,-10.73543372,0,-11.82339036,1667.738985,0.198538454,0,0
0,-0.097342507,0,8.369169119e-05,-437.9984739,11.16413485,68656.85944,0,0,-11.34123286,1084.828769,-10.7511122,0,-11.27780643,1046.063139,0.198529044,0,0
0,-0.092401309,0,8.369169119e-05,-437.9984739,11.16413485,68656.85944,0,0,-10.00450022,1099.837853,-10.64264398,0,-12.85641238,1433.897952,0.20174885,0,0
0,-0.086765968,0,8.369169119e-05,-437.9984739,11.16413485,68656.85944,0,0,-14.74709602,1064.211766,-10.67191493,0,-14.41205496,1331.791615,0.198770874,0,0
0,-0.080934613,0,8.369169119e-05,-437.9984739,11.16413485,68656.85944,0,0,-12.01575945,1047.383366,-10.58909933,0,-13.51120698,208.6389122,0.199684877,0,0
0,-0.076152957,0,8.369169119e-05,-437.9984739,11.16413485,68656.85944,0,0,-9.378456164,1056.303281,-10.48488143,0,-15.06951833,1814.886988,0.202639879,0,0
0,-0.070379701,0,8.369169119e-05,-437.9984739,11.16413485,68656.85944,0,0,-17.54865808,1011.432362,-10.58211617,0,-17.53047068,1787.073301,0.200410259,0,0
0,-0.064734013,0,8.369169119e-05,-437.9984739,11.16413485,68656.85944,0,0,-14.02373168,965.9254646,-10.35555311,0,-15.35767509,584.4441961,0.199265147,0,0
0,-0.060123537,0,8.369169119e-05,-437.9984739,11.16413485,68656.85944,0,0,-8.54460508,981.2812029,-9.696601217,0,-15.8645679,654.9855374,0.204304146,0,0
0,-0.054517968,0,8.369169119e-05,-437.9984739,11.16413485,68656.85944,0,0,-18.49813563,909.4744638,-9.70240637,0,-18.68452045,899.5378237,0.200730463,0,0
0,-0.04880864,0,8.369169119e-05,-437.9984739,11.16413485,68656.85944,0,0,-18.12463025,826.9204875,-10.01908119,0,-15.96649988,2425.367277,0.197239164,0,0
0,-0.043922817,0,8.369169119e-05,-437.9984739,11.16413485,68656.85944,0,0,-11.23176337,817.06883,-9.31297917,0,-14.8637591,1220.671782,0.201317954,0,0
0,-0.038619569,0,8.369169119e-05,-437.9984739,11.16413485,68656.85944,0,0,-19.6939668,742.0351063,-9.080859576,0,-18.28799157,482.9546649,0.19827461,0,0
0,-0.032327137,0,8.369169119e-05,-437.9984739,11.16413485,68656.85944,0,0,-20.61364126,663.9033831,-8.499070706,0,-16.1352727,1429.125131,0.198795866,0,0
0,-0.027304095,0,8.369169119e-05,-437.9984739,11.16413485,68656.85944,0,0,-14.03708558,584.8734718,-7.840210635,0,-11.31931211,1972.697724,0.199372976,0,0
0,-0.022899323,0,8.369169119e-05,-437.9984739,11.16413485,68656.85944,0,0,-20.05858048,510.5329859,-7.524070423,0,-13.14942588,1017.527126,0.197903563,0,0
0,-0.01656391,0,8.369169119e-05,-437.9984739,11.16413485,68656.85944,0,0,-26.13557719,402.8779559,-7.412726129,0,-11.89308354,1960.01343,0.202899793,0,0
0,-0.011281958,0,8.369169119e-05,-437.9984739,11.16413485,68656.85944,0,0,-24.60462762,297.625985,-4.550694581,0,-7.956943334,1629.875838,0.206656078,0,0
0,-0.00643684,0,8.369169119e-05,-437.9984739,11.16413485,68656.85944,0,0,-24.52330471,159.8730165,-4.71846311,0,-4.901780468,663.0071211,0.205567711,0,0
0,-0.000856304,0,8.369169119e-05,-437.9984739,11.16413485,68656.85944,0,0,-26.60866901,11.63262479,-3.494726659,0,-2.876936167,-109.4779142,0.210758646,0,0
0,0.004735847,0,8.369169119e-05,-437.9984739,11.16413485,68656.85944,0,0,-18.05446178,-129.5373964,-3.038820947,0,5.637788529,2219.540033,0.202246268,0,0
0,0.010405604,0,8.369169119e-05,-437.9984739,11.16413485,68656.85944,0,0,-30.0865979,-248.6973309,-1.993930991,0,3.205660254,251.2995453,0.197753792,0,0
0,0.015608679,0,8.369169119e-05,-437.9984739,11.16413485,68656.85944,0,0,-19.05480807,-347.9856572,-1.982016758,0,5.187240473,2190.965283,0.190940398,0,0
0,0.020538185,0,8.369169119e-05,-437.9984739,11.16413485,68656.85944,0,0,-14.63432471,-431.7757211,-0.609968262,0,12.15586821,1908.338104,0.19175432,0,0
0,0.026246204,0,8.369169119e-05,-437.9984739,11.16413485,68656.85944,0,0,-15.19203611,-518.8757369,-0.252171549,0,10.79423239,1100.714931,0.191068806,0,0
0,0.03153805,0,8.369169119e-05,-437.9984739,11.16413485,68656.85944,0,0,-12.62634627,-604.0905792,0.478407754,0,9.647897922,1527.199565,0.192703919,0,0
0,0.037320943,0,8.369169119e-05,-437.9984739,11.16413485,68656.85944,0,0,-8.701454068,-665.8594243,1.077415222,0,13.73950748,1163.521212,0.194324487,0,0
0,0.04274801,0,8.369169119e-05,-437.9984739,11.16413485,68656.85944,0,0,-13.78104873,-723.888978,1.679832587,0,12.52873671,1127.717257,0.193718166,0,0
0,0.047039664,0,8.369169119e-05,-437.9984739,11.16413485,68656.85944,0,0,-5.112454289,-793.3550583,1.185068113,0,13.59967939,1747.378015,0.197191949,0,0
0,0.053294306,0,8.369169119e-05,-437.9984739,11.16413485,68656.85944,0,0,-7.015629283,-835.0634399,1.876235556,0,13.1974586,2429.504465,0.196256415,0,0
0,0.059409154,0,8.369169119e-05,-437.9984739,11.16413485,68656.85944,0,0,-8.78088328,-898.7147131,2.715160638,0,12.21835544,1143.80751,0.199924521,0,0
0,0.062739128,0,8.369169119e-05,-437.9984739,11.16413485,68656.85944,0,0,-6.894582473,-903.8775588,1.27580373,0,13.5016476,1196.289501,0.194022202,0,0
0,0.068993176,0,8.369169119e-05,-437.9984739,11.16413485,68656.85944,0,0,-3.090654492,-954.3285129,2.103787267,0,14.23464571,1215.288283,0.197656914,0,0
0,0.075436374,0,8.369169119e-05,-437.9984739,11.16413485,68656.85944,0,0,-1.768337729,-1007.96754,2.518792185,0,12.26209999,1713.360194,0.20336366,0,0
0,0.079602137,0,8.369169119e-05,-437.9984739,11.16413485,68656.85944,0,0,-7.98295538,-1001.687901,2.142808825,0,10.81554999,1632.09888,0.196808491,0,0
0,0.085392882,0,8.369169119e-05,-437.9984739,11.16413485,68656.85944,0,0,-4.321692654,-1032.541279,2.40601444,0,12.01742402,1982.163713,0.19749314,0,0
0,0.090685377,0,8.369169119e-05,-437.9984739,11.16413485,68656.85944,0,0,-1.115360171,-1052.548686,2.165123693,0,11.57161599,2023.823647,0.199342106,0,0
0,0.096039475,0,8.369169119e-05,-437.9984739,11.16413485,68656.85944,0,0,-6.164908742,-1058.003552,2.798846198,0,9.425612449,1396.10601,0.197017543,0,0
0,0.101343419,0,8.369169119e-05,-437.9984739,11.16413485,68656.85944,0,0,-2.123453448,-1076.689602,2.930047214,0,10.22309991,1758.033457,0.197568916,0,0
0,0.10692801,0,8.369169119e-05,-437.9984739,11.16413485,68656.85944,0,0,-1.850628254,-1088.169735,2.867778459,0,9.197519884,2085.303406,0.197574754,0,0
0,0.112616682,0,8.369169119e-05,-437.9984739,11.16413485,68656.85944,0,0,-4.558742599,-1095.802107,2.832668984,0,7.850528141,151.1362204,0.196206768,0,0
0,0.117432933,0,8.369169119e-05,-437.9984739,11.16413485,68656.85944,0,0,-2.623096379,-1109.048164,2.637171678,0,8.665162464,1167.773246,0.196075762,0,0
0,0.122680302,0,8.369169119e-05,-437.9984739,11.16413485,68656.85944,0,0,-3.666688563,-1116.908682,3.491817978,0,6.565860478,1487.451121,0.197626711,0,0
0,0.128571739,0,8.369169119e-05,-437.9984739,11.16413485,68656.85944,0,0,-2.90630262,-1128.276151,2.751495564,0,6.913330766,1486.305564,0.196815605,0,0
0,0.133882031,0,8.369169119e-05,-437.9984739,11.16413485,68656.85944,0,0,0.423567763,-1131.024986,2.92454133,0,7.216271538,1669.878723,0.196344701,0,0
0,0.13835336,0,8.369169119e-05,-437.9984739,11.16413485,68656.85944,0,0,-5.157916074,-1139.018069,3.000850253,0,5.152397667,796.4491051,0.197133895,0,0
0,0.144837876,0,8.369169119e-05,-437.9984739,11.16413485,68656.85944,0,0,-0.55181532,-1142.035632,3.078171224,0,6.155087016,1405.034222,0.19714667,0,0
0,0.150084121,0,8.369169119e-05,-437.9984739,11.16413485,68656.85944,0,0,-2.799261174,-1143.718784,2.403733625,0,5.117497562,1515.925271,0.195841656,0,0
0,0.15446744,0,8.369169119e-05,-437.9984739,11.16413485,68656.85944,0,0,-6.362537321,-1148.900882,3.087278027,0,3.371307734,1887.477598,0.197646793,0,0
0,0.160607734,0,8.369169119e-05,-437.9984739,11.16413485,68656.85944,0,0,0.370747792,-1148.99401,2.820265053,0,5.699058839,1410.610863,0.196394133,0,0
0,0.166142174,0,8.369169119e-05,-437.9984739,11.16413485,68656.85944,0,0,-3.3920655,-1151.7683,3.01563802,0,3.477515733,1463.929671,0.197779681,0,0
0,0.171185443,0,8.369169119e-05,-437.9984739,11.16413485,68656.85944,0,0,-2.32155825,-1145.415791,3.277351304,0,3.175707599,2417.130666,0.196792106,0,0
0,0.176434815,0,8.369169119e-05,-437.9984739,11.16413485,68656.85944,0,0,-0.592519507,-1151.735927,3.364857551,0,5.171165981,1383.672207,0.197020494,0,0
0,0.181489574,0,8.369169119e-05,-437.9984739,11.16413485,68656.85944,0,0,-2.980641,-1145.320524,3.524543758,0,3.150656147,1692.411682,0.197082205,0,0
0,0.187076612,0,8.369169119e-05,-437.9984739,11.16413485,68656.85944,0,0,-3.872206862,-1141.384571,2.969240156,0,2.819161897,1746.963946,0.196024916,0,0
0,0.192679615,0,8.369169119e-05,-437.9984739,11.16413485,68656.85944,0,0,-0.260577498,-1132.171284,3.790994171,0,4.815682046,1666.089288,0.197471578,0,0
0,0.19773872,0,8.369169119e-05,-437.9984739,11.16413485,68656.85944,0,0,-2.678773421,-1121.301001,3.87502881,0,3.646556702,2378.057616,0.196600899,0,0
0,0.203310011,0,8.369169119e-05,-437.9984739,11.16413485,68656.85944,0,0,-12.29047666,-1116.974894,2.586775281,0,-1.347871523,266.3395124,0.194085543,0,0
0,0.209041825,0,8.369169119e-05,-437.9984739,11.16413485,68656.85944,0,0,-14.95653311,-1104.862112,3.163523008,0,-1.932437685,1836.326974,0.194711151,0,0
0,0.212989096,0,8.369169119e-05,-437.9984739,11.16413485,68656.85944,0,0,-7.939585694,-1098.53868,3.615548113,0,0.22171481,1257.632945,0.194262119,0,0
0,-0.212855125,0,0.034862783,-892.4858828,11.16579998,68445.5939,0,0,-14.56332914,2204.506853,-47.87176049,0,10.68224668,1547.729383,0.188015369,0,0
0,-0.206295292,0,0.034862783,-892.4858828,11.16579998,68445.5939,0,0,6.121829546,2204.779812,-48.90213065,0,22.29831154,1884.979188,0.187306802,0,0
0,-0.200281025,0,0.034862783,-892.4858828,11.16579998,68445.5939,0,0,-31.31971738,2210.032156,-48.09339255,0,1.452817193,1092.281898,0.188455163,0,0
0,-0.196040731,0,0.034862783,-892.4858828,11.16579998,68445.5939,0,0,-29.65127965,2203.964198,-48.6226827,0,1.71445353,987.8579954,0.187954538,0,0
0,-0.190514021,0,0.034862783,-892.4858828,11.16579998,68445.5939,0,0,-16.86659677,2210.126161,-47.9512862,0,6.023646492,1348.893641,0.188403806,0,0
0,-0.184166929,0,0.034862783,-892.4858828,11.16579998,68445.5939,0,0,-40.82476745,2216.718901,-48.24640059,0,-1.96233061,-106.5916956,0.188373133,0,0
0,-0.180198788,0,0.034862783,-892.4858828,11.16579998,68445.5939,0,0,-29.62191496,2217.490524,-48.64520986,0,-2.359461883,-129.3219011,0.189367796,0,0
0,-0.174357936,0,0.034862783,-892.4858828,11.16579998,68445.5939,0,0,-22.72407919,2230.053819,-48.19284253,0,0.827759937,51.65267186,0.190000065,0,0
0,-0.168342745,0,0.034862783,-892.4858828,11.16579998,68445.5939,0,0,-27.74099035,2222.692398,-48.4631711,0,-0.673668298,1758.718107,0.189003652,0,0
0,-0.163080336,0,0.034862783,-892.4858828,11.16579998,68445.5939,0,0,-31.79615933,2227.606303,-48.38887471,0,-6.369907558,1556.334646,0.190358941,0,0
0,-0.157066376,0,0.034862783,-892.4858828,11.16579998,68445.5939,0,0,-20.63641896,2229.836846,-47.7379233,0,-3.777012714,832.2533025,0.19120003,0,0
0,-0.15317755,0,0.034862783,-892.4858828,11.16579998,68445.5939,0,0,-23.50916154,2200.181522,-48.8983551,0,-3.044216028,935.9208155,0.188361224,0,0
0,-0.146905181,0,0.034862783,-892.4858828,11.16579998,68445.5939,0,0,-31.12341357,2216.072299,-48.49968597,0,-10.09625006,1498.363124,0.191033042,0,0
0,-0.140948237,0,0.034862783,-892.4858828,11.16579998,68445.5939,0,0,-24.37721378,2208.812776,-47.77414288,0,-9.376918015,2145.920713,0.191787618,0,0
0,-0.137194955,0,0.034862783,-892.4858828,11.16579998,68445.5939,0,0,-18.42536441,2166.625381,-48.08231831,0,-7.852791222,501.3329662,0.188025796,0,0
0,-0.13149972,0,0.034862783,-892.4858828,11.16579998,68445.5939,0,0,-28.92756383,2171.422537,-47.68464567,0,-14.23110564,1144.935784,0.190356851,0,0
0,-0.125244163,0,0.034862783,-892.4858828,11.16579998,68445.5939,0,0,-22.77668457,2136.987756,-47.32334651,0,-14.46328044,1508.134296,0.189076231,0,0
0,-0.119759919,0,0.034862783,-892.4858828,11.16579998,68445.5939,0,0,-24.56686001,2080.786291,-47.41294141,0,-16.88520388,1693.653233,0.185731319,0,0
0,-0.115079037,0,0.034862783,-892.4858828,11.16579998,68445.5939,0,0,-23.79078535,2119.63355,-47.12074667,0,-19.77800576,814.34058,0.191289829,0,0
0,-0.109259535,0,0.034862783,-892.4858828,11.16579998,68445.5939,0,0,-21.48084628,2063.094498,-46.74922444,0,-20.66044749,1009.555166,0.189172207,0,0
0,-0.103803208,0,0.034862783,-892.4858828,11.16579998,68445.5939,0,0,-25.05252639,1967.416252,-45.96229077,0,-22.93948275,16.32216938,0.18437497,0,0
0,-0.09906431,0,0.034862783,-892.4858828,11.16579998,68445.5939,0,0,-20.37040754,1994.485901,-45.6902766,0,-24.88008837,1605.898019,0.189387274,0,0
0,-0.093667202,0,0.034862783,-892.4858828,11.16579998,68445.5939,0,0,-19.57634019,1959.275804,-45.03981459,0,-26.38929404,1715.566031,0.189700081,0,0
0,-0.087133184,0,0.034862783,-892.4858828,11.16579998,68445.5939,0,0,-19.69404744,1896.647349,-44.46756572,0,-28.02479626,202.8895777,0.188856344,0,0
0,-0.081681879,0,0.034862783,-892.4858828,11.16579998,68445.5939,0,0,-22.34268084,1821.54948,-43.54528866,0,-30.18597665,461.3266165,0.186934805,0,0
0,-0.077879587,0,0.034862783,-892.4858828,11.16579998,68445.5939,0,0,-19.58005065,1807.509257,-43.23487628,0,-31.40632761,1007.796994,0.188874557,0,0
0,-0.071349273,0,0.034862783,-892.4858828,11.16579998,68445.5939,0,0,-20.81477911,1742.348036,-42.41906455,0,-31.8158062,-227.6906487,0.189384513,0,0
0,-0.066128204,0,0.034862783,-892.4858828,11.16579998,68445.5939,0,0,-22.89530075,1690.398655,-41.1728733,0,-32.11103875,-695.9003228,0.190386758,0,0
0,-0.061879149,0,0.034862783,-892.4858828,11.16579998,68445.5939,0,0,-23.20472708,1620.561123,-40.93030748,0,-31.59707694,620.6413848,0.189627616,0,0
0,-0.055171042,0,0.034862783,-892.4858828,11.16579998,68445.5939,0,0,-23.28420039,1521.254082,-39.49507762,0,-29.90109917,914.9915809,0.189930353,0,0
0,-0.049372928,0,0.034862783,-892.4858828,11.16579998,68445.5939,0,0,-24.22944465,1488.019006,-38.49253865,0,-30.4500392,113.7971447,0.194921683,0,0
0,-0.044866011,0,0.034862783,-892.4858828,11.16579998,68445.5939,0,0,-29.01266837,1310.125225,-36.45803875,0,-24.4998763,1505.95814,0.187374518,0,0
0,-0.039404228,0,0.034862783,-892.4858828,11.16579998,68445.5939,0,0,-29.81166028,1220.182417,-35.18502793,0,-22.47089831,1323.075572,0.188932351,0,0
0,-0.034045505,0,0.034862783,-892.4858828,11.16579998,68445.5939,0,0,-33.00617671,1136.186891,-33.53245963,0,-23.14510441,457.5749035,0.191686174,0,0
0,-0.028218591,0,0.034862783,-892.4858828,11.16579998,68445.5939,0,0,-31.72514216,987.2226044,-32.32308586,0,-13.49258028,1502.34681,0.1908573,0,0
0,-0.022644931,0,0.034862783,-892.4858828,11.16579998,68445.5939,0,0,-37.36555596,824.3853209,-29.34953741,0,-6.607319868,1403.386633,0.189847625,0,0
0,-0.017602768,0,0.034862783,-892.4858828,11.16579998,68445.5939,0,0,-40.53706679,710.3604634,-27.44104147,0,-6.449450907,1288.77152,0.192452157,0,0
0,-0.011977368,0,0.034862783,-892.4858828,11.16579998,68445.5939,0,0,-46.91804058,561.3856391,-25.19341832,0,2.291429397,1065.731232,0.192358008,0,0
0,-0.006586317,0,0.034862783,-892.4858828,11.16579998,68445.5939,0,0,-48.38956201,373.8144339,-22.67584645,0,10.49328477,1145.39626,0.191408609,0,0
0,-0.001825333,0,0.034862783,-892.4858828,11.16579998,68445.5939,0,0,-48.91623392,206.8927166,-20.90871449,0,18.01199648,1151.783703,0.188937074,0,0
0,0.003871572,0,0.034862783,-892.4858828,11.16579998,68445.5939,0,0,-40.76318495,47.42294096,-17.032106,0,26.66352944,1281.881561,0.190364544,0,0
0,0.009419975,0,0.034862783,-892.4858828,11.16579998,68445.5939,0,0,-46.73232395,-123.2100963,-14.44669685,0,30.73684823,1590.923611,0.191019011,0,0
0,0.015187014,0,0.034862783,-892.4858828,11.16579998,68445.5939,0,0,-44.92917135,-291.980954,-12.67891117,0,37.81048193,848.0717529,0.188005574,0,0
0,0.020190499,0,0.034862783,-892.4858828,11.16579998,68445.5939,0,0,-36.47639558,-439.3661933,-10.63393169,0,44.86302283,2811.750215,0.188575288,0,0
0,0.025084715,0,0.034862783,-892.4858828,11.16579998,68445.5939,0,0,-36.40275536,-590.181327,-7.911226736,0,48.73872469,1692.451514,0.191013734,0,0
0,0.031378625,0,0.034862783,-892.4858828,11.16579998,68445.5939,0,0,-35.66728125,-747.2649113,-5.710502442,0,50.73749485,1148.577782,0.18963535,0,0
0,0.037095078,0,0.034862783,-892.4858828,11.16579998,68445.5939,0,0,-27.49856586,-921.0264674,-4.868660265,0,55.14923342,1415.701093,0.192063494,0,0
0,0.042144899,0,0.034862783,-892.4858828,11.16579998,68445.5939,0,0,-29.04290157,-1057.115697,-1.984079894,0,58.10840312,1802.722766,0.193196946,0,0
0,0.047969209,0,0.034862783,-892.4858828,11.16579998,68445.5939,0,0,-28.98814124,-1170.169353,0.214411651,0,59.77874743,1079.882391,0.192039118,0,0
0,0.051721843,0,0.034862783,-892.4858828,11.16579998,68445.5939,0,0,-29.51941971,-1320.67416,2.24031028,0,56.41685069,1645.044372,0.19919216,0,0
0,0.057860781,0,0.034862783,-892.4858828,11.16579998,68445.5939,0,0,-25.72309827,-1401.090576,3.663686535,0,59.22598884,1262.787811,0.19488823,0,0
0,0.064401558,0,0.034862783,-892.4858828,11.16579998,68445.5939,0,0,-19.37095524,-1563.222816,4.499554249,0,59.65874027,1553.22663,0.197566228,0,0
0,0.067702654,0,0.034862783,-892.4858828,11.16579998,68445.5939,0,0,-29.91538879,-1507.59085,7.517385996,0,59.10189171,1529.380227,0.1894052,0,0
0,0.073912013,0,0.034862783,-892.4858828,11.16579998,68445.5939,0,0,-23.15731353,-1651.366114,8.042175842,0,56.94171776,1262.277919,0.192651658,0,0
0,0.08017505,0,0.034862783,-892.4858828,11.16579998,68445.5939,0,0,-18.22315057,-1816.404828,8.148315984,0,53.59804362,1598.523284,0.198504649,0,0
0,0.084608597,0,0.034862783,-892.4858828,11.16579998,68445.5939,0,0,-24.1453985,-1732.431669,11.58862784,0,54.28306683,1053.80535,0.188329472,0,0
0,0.090204062,0,0.034862783,-892.4858828,11.16579998,68445.5939,0,0,-22.69888969,-1828.361592,11.58260686,0,52.24138729,1115.465557,0.189931904,0,0
0,0.096132725,0,0.034862783,-892.4858828,11.16579998,68445.5939,0,0,-16.96031548,-1957.299317,11.41193851,0,48.81616608,1876.228381,0.195154477,0,0
0,0.100899629,0,0.034862783,-892.4858828,11.16579998,68445.5939,0,0,-20.56568658,-1913.632061,13.85517547,0,49.04975139,844.4091618,0.188888121,0,0
0,0.106558681,0,0.034862783,-892.4858828,11.16579998,68445.5939,0,0,-22.98329697,-1960.369316,14.10351689,0,46.39837729,1158.843169,0.187609315,0,0
0,0.11285187,0,0.034862783,-892.4858828,11.16579998,68445.5939,0,0,-18.02545808,-2064.413798,14.34796996,0,43.54524315,1050.294549,0.192597267,0,0
0,0.116258102,0,0.034862783,-892.4858828,11.16579998,68445.5939,0,0,-20.66484467,-1987.923808,15.44245901,0,45.45714529,1477.769215,0.18367641,0,0
0,0.122018569,0,0.034862783,-892.4858828,11.16579998,68445.5939,0,0,-20.10961761,-2079.476347,15.69074834,0,40.98205395,1515.944185,0.189145354,0,0
0,0.129237865,0,0.034862783,-892.4858828,11.16579998,68445.5939,0,0,-17.91545793,-2114.922661,16.32248237,0,39.48810508,1072.266313,0.189256919,0,0
0,0.134565944,0,0.034862783,-892.4858828,11.16579998,68445.5939,0,0,-19.99733538,-2127.233496,16.96177718,0,39.55359715,1493.235202,0.187803058,0,0
0,0.138383295,0,0.034862783,-892.4858828,11.16579998,68445.5939,0,0,-14.26494049,-2153.26786,16.62565365,0,35.55193477,1701.024841,0.190688046,0,0
0,0.144477253,0,0.034862783,-892.4858828,11.16579998,68445.5939,0,0,-17.98619885,-2168.799066,17.14125037,0,34.05456731,679.7229469,0.189863882,0,0
0,0.149652899,0,0.034862783,-892.4858828,11.16579998,68445.5939,0,0,-15.71625874,-2167.128933,17.20684351,0,35.50662953,1023.072131,0.188700682,0,0
0,0.15540168,0,0.034862783,-892.4858828,11.16579998,68445.5939,0,0,-16.80459924,-2192.84428,17.09817214,0,30.17870097,1487.402295,0.191065153,0,0
0,0.161755473,0,0.034862783,-892.4858828,11.16579998,68445.5939,0,0,-14.25055641,-2196.823611,17.3819614,0,30.15910977,1782.818486,0.190800481,0,0
0,0.165906048,0,0.034862783,-892.4858828,11.16579998,68445.5939,0,0,-14.07803638,-2184.308069,17.85439642,0,30.94777434,1808.30009,0.189307531,0,0
0,0.170854191,0,0.034862783,-892.4858828,11.16579998,68445.5939,0,0,-17.92457149,-2206.416752,17.74963165,0,25.81527684,1312.699428,0.191654858,0,0
0,0.177435226,0,0.034862783,-892.4858828,11.16579998,68445.5939,0,0,-6.939892984,-2203.646448,17.53037031,0,29.39195165,1617.599653,0.192077384,0,0
0,0.18219645,0,0.034862783,-892.4858828,11.16579998,68445.5939,0,0,-16.3587391,-2198.203562,18.77270626,0,23.86308212,823.914311,0.191361603,0,0
0,0.187902533,0,0.034862783,-892.4858828,11.16579998,68445.5939,0,0,-18.78478678,-2172.356335,17.1281475,0,21.86824069,1415.107787,0.18953267,0,0
0,0.193340447,0,0.034862783,-892.4858828,11.16579998,68445.5939,0,0,-6.564516039,-2158.934424,17.89089546,0,28.35840847,914.1159901,0.191079997,0,0
0,0.197362723,0,0.034862783,-892.4858828,11.16579998,68445.5939,0,0,-10.29129788,-2148.582879,16.86268662,0,24.32610672,1436.594989,0.187773411,0,0
0,0.204746593,0,0.034862783,-892.4858828,11.16579998,68445.5939,0,0,-19.59480935,-2092.606205,16.84810949,0,23.17519034,1116.453017,0.187145002,0,0
0,0.208878291,0,0.034862783,-892.4858828,11.16579998,68445.5939,0,0,-37.76579812,-2080.474135,16.46468951,0,11.78574472,1114.565082,0.184617056,0,0
0,0.2137166,0,0.034862783,-892.4858828,11.16579998,68445.5939,0,0,-41.72108699,-2061.150602,15.43544435,0,9.983595735,815.3972018,0.186066227,0,0
0,-0.212047249,0,0.034908154,-667.8535634,11.16486142,68559.38202,0,0,6.248066694,1648.340475,-31.91689462,0,18.98006224,631.3790576,0.192896973,0,0
0,-0.20641079,0,0.034908154,-667.8535634,11.16486142,68559.38202,0,0,-7.194986215,1644.104449,-32.93648612,0,16.33492443,957.9023597,0.190792367,0,0
0,-0.200509818,0,0.034908154,-667.8535634,11.16486142,68559.38202,0,0,-24.41516729,1645.275758,-32.07199908,0,5.643804436,123.914517,0.192065265,0,0
0,-0.195032907,0,0.034908154,-667.8535634,11.16486142,68559.38202,0,0,-21.17593341,1648.464497,-32.90118255,0,6.979671461,1066.458919,0.192073282,0,0
0,-0.19037462,0,0.034908154,-667.8535634,11.16486142,68559.38202,0,0,-11.01215953,1661.177141,-32.25868743,0,12.56667703,2851.973198,0.193100765,0,0
0,-0.184062642,0,0.034908154,-667.8535634,11.16486142,68559.38202,0,0,-27.22200595,1654.470443,-32.55457769,0,3.104717688,277.8667775,0.192491151,0,0
0,-0.177846432,0,0.034908154,-667.8535634,11.16486142,68559.38202,0,0,-19.27036217,1664.489237,-32.63061751,0,6.241544537,1054.131664,0.192912782,0,0
0,-0.174637714,0,0.034908154,-667.8535634,11.16486142,68559.38202,0,0,-13.28737486,1665.305351,-32.00248806,0,9.625088635,1125.365911,0.193472711,0,0
0,-0.167949754,0,0.034908154,-667.8535634,11.16486142,68559.38202,0,0,-22.23347013,1666.27434,-32.46192786,0,4.311256143,345.6286851,0.193314646,0,0
0,-0.161949903,0,0.034908154,-667.8535634,11.16486142,68559.38202,0,0,-21.13953312,1660.766539,-32.63156776,0,3.522632347,2390.952419,0.19222852,0,0
0,-0.158847228,0,0.034908154,-667.8535634,11.16486142,68559.38202,0,0,-19.12822773,1670.99668,-32.2198497,0,4.121942858,497.0776104,0.194204015,0,0
0,-0.152133301,0,0.034908154,-667.8535634,11.16486142,68559.38202,0,0,-17.78368413,1666.003104,-32.28637189,0,4.202776973,143.4695049,0.193559875,0,0
0,-0.145364533,0,0.034908154,-667.8535634,11.16486142,68559.38202,0,0,-23.45510798,1648.311975,-31.95061386,0,-0.212435351,309.7114168,0.192035566,0,0
0,-0.142533633,0,0.034908154,-667.8535634,11.16486142,68559.38202,0,0,-21.63330895,1667.989257,-32.26794582,0,0.739393295,1773.547369,0.195081687,0,0
0,-0.136344306,0,0.034908154,-667.8535634,11.16486142,68559.38202,0,0,-14.57375059,1650.120584,-32.22635933,0,2.699603769,1116.285371,0.193459546,0,0
0,-0.129021543,0,0.034908154,-667.8535634,11.16486142,68559.38202,0,0,-24.01735545,1633.39489,-31.88457507,0,-3.069003376,1641.018018,0.192827292,0,0
0,-0.125567136,0,0.034908154,-667.8535634,11.16486142,68559.38202,0,0,-16.39676745,1633.877616,-32.08577116,0,-1.175653737,93.90612888,0.193533259,0,0
0,-0.12053021,0,0.034908154,-667.8535634,11.16486142,68559.38202,0,0,-14.20572325,1625.227337,-32.11791733,0,-0.679541165,1671.831457,0.193225484,0,0
0,-0.113511639,0,0.034908154,-667.8535634,11.16486142,68559.38202,0,0,-20.60857219,1597.889237,-31.84349518,0,-5.280331915,644.3951477,0.192191093,0,0
0,-0.108625391,0,0.034908154,-667.8535634,11.16486142,68559.38202,0,0,-16.02606466,1586.106492,-31.56039146,0,-4.575473679,769.3317963,0.192652307,0,0
0,-0.104508255,0,0.034908154,-667.8535634,11.16486142,68559.38202,0,0,-14.38160422,1590.293666,-31.7599585,0,-5.389845034,1952.584843,0.193824366,0,0
0,-0.097663432,0,0.034908154,-667.8535634,11.16486142,68559.38202,0,0,-16.58258389,1551.598397,-31.46299653,0,-8.121245832,483.9157407,0.192966643,0,0
0,-0.09170498,0,0.034908154,-667.8535634,11.16486142,68559.38202,0,0,-16.16480762,1493.880771,-30.96126334,0,-8.866524098,-37.25444458,0.190778525,0,0
0,-0.087968097,0,0.034908154,-667.8535634,11.16486142,68559.38202,0,0,-11.93301539,1529.323051,-30.87616771,0,-10.07842996,1975.074626,0.194681991,0,0
0,-0.081401137,0,0.034908154,-667.8535634,11.16486142,68559.38202,0,0,-15.84336279,1469.809358,-30.70983761,0,-12.18679592,709.4088248,0.1934687,0,0
0,-0.075892625,0,0.034908154,-667.8535634,11.16486142,68559.38202,0,0,-16.66252344,1447.284178,-30.59939338,0,-13.31868348,945.0285245,0.195352318,0,0
0,-0.072362231,0,0.034908154,-667.8535634,11.16486142,68559.38202,0,0,-14.4899023,1410.21212,-30.0392705,0,-13.58084103,152.2958891,0.193485871,0,0
0,-0.065378933,0,0.034908154,-667.8535634,11.16486142,68559.38202,0,0,-16.30852944,1356.238611,-29.68378185,0,-14.43263385,1415.370695,0.194692892,0,0
0,-0.059463679,0,0.034908154,-667.8535634,11.16486142,68559.38202,0,0,-14.28428011,1311.750164,-28.61481688,0,-14.19558937,292.6967547,0.196423899,0,0
0,-0.056250218,0,0.034908154,-667.8535634,11.16486142,68559.38202,0,0,-16.39577998,1246.119747,-28.8110391,0,-13.53595987,1505.295202,0.193397757,0,0
0,-0.049594926,0,0.034908154,-667.8535634,11.16486142,68559.38202,0,0,-20.159178,1168.112029,-28.02400199,0,-14.00076515,229.4635186,0.193943331,0,0
0,-0.043244722,0,0.034908154,-667.8535634,11.16486142,68559.38202,0,0,-14.75115507,1095.062015,-27.04501547,0,-10.47724052,811.700822,0.195707462,0,0
0,-0.039034773,0,0.034908154,-667.8535634,11.16486142,68559.38202,0,0,-24.40678879,991.6693498,-27.1361485,0,-9.945451203,1407.419922,0.191503577,0,0
0,-0.033604983,0,0.034908154,-667.8535634,11.16486142,68559.38202,0,0,-28.21942783,915.7966911,-25.92572139,0,-10.19524572,1676.317032,0.192891212,0,0
0,-0.027612227,0,0.034908154,-667.8535634,11.16486142,68559.38202,0,0,-16.98559968,836.3005285,-24.67533508,0,-3.761931971,590.6947972,0.197008594,0,0
0,-0.023019828,0,0.034908154,-667.8535634,11.16486142,68559.38202,0,0,-27.25091727,700.3522534,-24.14774586,0,-0.405703239,1826.194818,0.193044609,0,0
0,-0.017554177,0,0.034908154,-667.8535634,11.16486142,68559.38202,0,0,-35.57635874,589.4357477,-22.23609932,0,0.119987271,1128.533942,0.194443757,0,0
0,-0.011483602,0,0.034908154,-667.8535634,11.16486142,68559.38202,0,0,-29.8684033,463.5785696,-20.53380127,0,5.940625425,779.2794477,0.198768914,0,0
0,-0.006321619,0,0.034908154,-667.8535634,11.16486142,68559.38202,0,0,-34.39870731,293.4123322,-19.35194418,0,11.49520453,1865.288977,0.195423821,0,0
0,-0.000972562,0,0.034908154,-667.8535634,11.16486142,68559.38202,0,0,-40.06475551,135.5602682,-17.48213207,0,18.03103021,2257.137578,0.196071059,0,0
0,0.004496628,0,0.034908154,-667.8535634,11.16486142,68559.38202,0,0,-26.40952241,-19.46436728,-16.05578383,0,23.94626524,998.4368758,0.194561086,0,0
0,0.009471677,0,0.034908154,-667.8535634,11.16486142,68559.38202,0,0,-38.70883139,-158.6533445,-14.00774994,0,25.52950704,1076.400858,0.197520365,0,0
0,0.015052466,0,0.034908154,-667.8535634,11.16486142,68559.38202,0,0,-33.05388006,-308.0778249,-12.48695379,0,30.21279674,1111.680902,0.193817433,0,0
0,0.02085838,0,0.034908154,-667.8535634,11.16486142,68559.38202,0,0,-19.44466014,-448.1680791,-11.38608448,0,36.31972676,2195.941017,0.190571025,0,0
0,0.025582938,0,0.034908154,-667.8535634,11.16486142,68559.38202,0,0,-29.76375801,-554.360826,-9.370201225,0,36.43406345,966.9933988,0.192817409,0,0
0,0.031273469,0,0.034908154,-667.8535634,11.16486142,68559.38202,0,0,-27.41854807,-672.6827567,-8.249493475,0,36.79049543,2322.509599,0.191475613,0,0
0,0.036801493,0,0.034908154,-667.8535634,11.16486142,68559.38202,0,0,-15.64844314,-815.789691,-7.469028038,0,40.44296941,1612.682798,0.195244935,0,0
0,0.041884348,0,0.034908154,-667.8535634,11.16486142,68559.38202,0,0,-19.40522373,-913.4769452,-6.047445244,0,41.19995139,1765.786334,0.196720982,0,0
0,0.048503152,0,0.034908154,-667.8535634,11.16486142,68559.38202,0,0,-17.25914194,-1025.630886,-5.095832914,0,41.90925801,1793.212902,0.197448061,0,0
0,0.05319136,0,0.034908154,-667.8535634,11.16486142,68559.38202,0,0,-20.4803709,-1118.876238,-4.326062035,0,38.9085266,2455.840921,0.201040893,0,0
0,0.057292133,0,0.034908154,-667.8535634,11.16486142,68559.38202,0,0,-19.54219156,-1159.632334,-2.894356864,0,40.3015126,1936.875046,0.199017705,0,0
0,0.064069363,0,0.034908154,-667.8535634,11.16486142,68559.38202,0,0,-11.60826664,-1249.524241,-2.548672766,0,42.44461309,1493.40931,0.199000651,0,0
0,0.070033874,0,0.034908154,-667.8535634,11.16486142,68559.38202,0,0,-10.53772305,-1354.628927,-2.781692579,0,39.05072764,1846.697047,0.203530081,0,0
0,0.073887603,0,0.034908154,-667.8535634,11.16486142,68559.38202,0,0,-19.9997195,-1310.963407,-0.538798967,0,38.64557187,2213.766229,0.192849578,0,0
0,0.080615024,0,0.034908154,-667.8535634,11.16486142,68559.38202,0,0,-13.11810445,-1407.324493,-0.553499159,0,37.67561417,1322.780182,0.197086926,0,0
0,0.085661389,0,0.034908154,-667.8535634,11.16486142,68559.38202,0,0,-9.133578002,-1469.912526,-0.20170835,0,36.68596784,2021.381648,0.199666289,0,0
0,0.090013018,0,0.034908154,-667.8535634,11.16486142,68559.38202,0,0,-16.45127257,-1426.459142,0.666391919,0,35.51543903,2223.517263,0.190044781,0,0
0,0.095879473,0,0.034908154,-667.8535634,11.16486142,68559.38202,0,0,-8.292364796,-1524.129931,0.565461479,0,34.25457502,1949.126135,0.197348251,0,0
0,0.100983488,0,0.034908154,-667.8535634,11.16486142,68559.38202,0,0,-9.897241656,-1520.975358,1.621475209,0,33.70337168,1111.646001,0.194019124,0,0
0,0.105836686,0,0.034908154,-667.8535634,11.16486142,68559.38202,0,0,-14.98134542,-1535.293829,1.953923817,0,31.63171047,1226.117643,0.191875775,0,0
0,0.112103389,0,0.034908154,-667.8535634,11.16486142,68559.38202,0,0,-10.07875598,-1584.677325,2.073218604,0,30.58568445,1583.516223,0.195450641,0,0
0,0.118459401,0,0.034908154,-667.8535634,11.16486142,68559.38202,0,0,-9.973942472,-1605.531056,3.020284865,0,28.94525609,685.7106319,0.19602184,0,0
0,0.122509896,0,0.034908154,-667.8535634,11.16486142,68559.38202,0,0,-10.26633438,-1620.290939,2.169044974,0,28.06187205,1336.95883,0.19529501,0,0
0,0.128481161,0,0.034908154,-667.8535634,11.16486142,68559.38202,0,0,-9.768822259,-1630.243434,2.127008211,0,26.60949269,1214.185006,0.195929749,0,0
0,0.133514199,0,0.034908154,-667.8535634,11.16486142,68559.38202,0,0,-10.18900203,-1639.82551,1.982812177,0,27.38289471,1237.519747,0.195186362,0,0
0,0.138365011,0,0.034908154,-667.8535634,11.16486142,68559.38202,0,0,-11.29325316,-1649.162782,2.924136169,0,23.64182602,1918.404028,0.197399207,0,0
0,0.145198456,0,0.034908154,-667.8535634,11.16486142,68559.38202,0,0,-6.17214922,-1643.9548,2.551400096,0,25.00910459,1015.489723,0.197195088,0,0
0,0.14947499,0,0.034908154,-667.8535634,11.16486142,68559.38202,0,0,-7.20044361,-1635.742432,2.569473761,0,23.46403949,2180.159193,0.197499849,0,0
0,0.154567767,0,0.034908154,-667.8535634,11.16486142,68559.38202,0,0,-12.34895339,-1632.710757,2.867816977,0,20.74648129,1013.830339,0.196144902,0,0
0,0.16149877,0,0.034908154,-667.8535634,11.16486142,68559.38202,0,0,-2.868486992,-1616.914763,2.70302566,0,24.04241155,1746.291532,0.196445182,0,0
0,0.164608737,0,0.034908154,-667.8535634,11.16486142,68559.38202,0,0,-4.366941495,-1605.533058,2.695150986,0,23.90829591,974.5041065,0.19456952,0,0
0,0.172055418,0,0.034908154,-667.8535634,11.16486142,68559.38202,0,0,-13.4963476,-1566.667174,2.649126465,0,19.43377625,1674.103684,0.193602745,0,0
0,0.176962885,0,0.034908154,-667.8535634,11.16486142,68559.38202,0,0,-5.448101128,-1546.296909,2.578139641,0,23.82974199,1594.689694,0.194808552,0,0
0,0.182111791,0,0.034908154,-667.8535634,11.16486142,68559.38202,0,0,-4.28734643,-1528.762318,2.45083493,0,23.63569022,1548.269165,0.191622032,0,0
0,0.187811105,0,0.034908154,-667.8535634,11.16486142,68559.38202,0,0,-16.73616318,-1525.286799,2.90752875,0,18.12177768,1032.947912,0.192819743,0,0
0,0.19277181,0,0.034908154,-667.8535634,11.16486142,68559.38202,0,0,-6.676471073,-1519.710593,2.147209148,0,22.59698602,384.729677,0.191922289,0,0
0,0.198817663,0,0.034908154,-667.8535634,11.16486142,68559.38202,0,0,-8.247570914,-1512.472077,1.62052002,0,21.41546535,1360.810352,0.192662899,0,0
0,0.203685847,0,0.034908154,-667.8535634,11.16486142,68559.38202,0,0,-17.4170302,-1516.064983,1.669008002,0,16.97987685,1431.718379,0.1919149,0,0
0,0.209544496,0,0.034908154,-667.8535634,11.16486142,68559.38202,0,0,-24.94074155,-1508.052479,2.990378036,0,12.71620534,1580.26024,0.193219409,0,0
0,0.213307309,0,0.034908154,-667.8535634,11.16486142,68559.38202,0,0,-48.64191353,-1500.618291,1.537043897,0,4.361165239,1548.797052,0.191143766,0,0
0,-0.208998913,0,0.034849921,-221.9769558,11.16482427,68598.85944,0,0,-0.469094008,565.6212319,-10.74283405,0,12.77024404,1585.570017,0.197010673,0,0
0,-0.203623368,0,0.034849921,-221.9769558,11.16482427,68598.85944,0,0,-9.934363649,576.6112867,-11.12091749,0,10.2538891,407.5700914,0.20004935,0,0
0,-0.198516006,0,0.034849921,-221.9769558,11.16482427,68598.85944,0,0,10.92002121,584.4001114,-10.36967197,0,19.2464476,1683.034625,0.20328801,0,0
0,-0.192920523,0,0.034849921,-221.9769558,11.16482427,68598.85944,0,0,-10.03970936,575.9219908,-10.93506137,0,8.407551873,-240.219737,0.199498754,0,0
0,-0.187806926,0,0.034849921,-221.9769558,11.16482427,68598.85944,0,0,-12.33424136,584.293966,-10.31510845,0,7.512714024,1023.227773,0.202352494,0,0
0,-0.182353234,0,0.034849921,-221.9769558,11.16482427,68598.85944,0,0,-8.597993247,583.2272381,-10.24216496,0,9.708880308,1817.50393,0.200278088,0,0
0,-0.17630826,0,0.034849921,-221.9769558,11.16482427,68598.85944,0,0,-6.153513577,579.5189395,-10.11180686,0,9.588320403,1040.577986,0.199739852,0,0
0,-0.171102973,0,0.034849921,-221.9769558,11.16482427,68598.85944,0,0,-12.03297626,586.2036757,-10.48311077,0,8.310282636,1151.807334,0.201124819,0,0
0,-0.166581305,0,0.034849921,-221.9769558,11.16482427,68598.85944,0,0,-10.64382187,583.5869103,-10.53090193,0,8.615392222,1435.545828,0.199791129,0,0
0,-0.160940277,0,0.034849921,-221.9769558,11.16482427,68598.85944,0,0,-5.290869533,582.3093039,-10.39808284,0,9.80598432,484.8290034,0.199407856,0,0
0,-0.155772638,0,0.034849921,-221.9769558,11.16482427,68598.85944,0,0,-10.41687243,580.1032574,-10.80680807,0,8.180473258,1587.677217,0.197955767,0,0
0,-0.150549797,0,0.034849921,-221.9769558,11.16482427,68598.85944,0,0,-10.172106,586.2763834,-10.66274071,0,8.243411383,684.1462335,0.201246505,0,0
0,-0.144850762,0,0.034849921,-221.9769558,11.16482427,68598.85944,0,0,-3.868083867,579.7750351,-10.75448792,0,9.959613098,2708.497899,0.198995752,0,0
0,-0.138791251,0,0.034849921,-221.9769558,11.16482427,68598.85944,0,0,-11.02840551,575.9679795,-10.63186275,0,7.305182784,1469.604085,0.1972924,0,0
0,-0.134475561,0,0.034849921,-221.9769558,11.16482427,68598.85944,0,0,-9.642818199,582.2373745,-10.47747014,0,8.348391585,1490.639794,0.199831234,0,0
0,-0.129156242,0,0.034849921,-221.9769558,11.16482427,68598.85944,0,0,-5.736410432,574.1393718,-10.66972429,0,8.719432525,333.3451783,0.197609037,0,0
0,-0.123015054,0,0.034849921,-221.9769558,11.16482427,68598.85944,0,0,-10.96538684,570.8253216,-10.46471955,0,6.803093033,1309.734878,0.19632781,0,0
0,-0.118017441,0,0.034849921,-221.9769558,11.16482427,68598.85944,0,0,-4.478355009,573.7061269,-10.49618859,0,9.028611186,127.3060893,0.197766477,0,0
0,-0.113354421,0,0.034849921,-221.9769558,11.16482427,68598.85944,0,0,-8.064843907,565.4410407,-10.18602885,0,7.295850168,723.3768466,0.194605073,0,0
0,-0.107334248,0,0.034849921,-221.9769558,11.16482427,68598.85944,0,0,-11.55435386,568.1205668,-10.36350444,0,5.808733796,600.3146093,0.196748348,0,0
0,-0.101809509,0,0.034849921,-221.9769558,11.16482427,68598.85944,0,0,-2.747617881,563.2743805,-10.45083015,0,9.358635354,398.0538184,0.195795763,0,0
0,-0.09737158,0,0.034849921,-221.9769558,11.16482427,68598.85944,0,0,-11.14092854,550.4658992,-10.53921879,0,5.731542681,1223.221407,0.19194673,0,0
0,-0.091843896,0,0.034849921,-221.9769558,11.16482427,68598.85944,0,0,-10.15443985,555.0455665,-10.51682459,0,5.393280831,1414.478737,0.19534785,0,0
0,-0.086137276,0,0.034849921,-221.9769558,11.16482427,68598.85944,0,0,-3.186862181,544.5934293,-10.70981745,0,8.694055847,1092.911953,0.193917828,0,0
0,-0.080285695,0,0.034849921,-221.9769558,11.16482427,68598.85944,0,0,-10.4302823,535.8496767,-10.57884722,0,5.450941294,859.8982728,0.193866309,0,0
0,-0.075675037,0,0.034849921,-221.9769558,11.16482427,68598.85944,0,0,-13.5358304,534.8800327,-10.16404269,0,3.708229314,1664.689683,0.198586656,0,0
0,-0.069333814,0,0.034849921,-221.9769558,11.16482427,68598.85944,0,0,-4.108517906,515.7033352,-10.40886926,0,7.435434996,2586.030568,0.194526836,0,0
0,-0.064872544,0,0.034849921,-221.9769558,11.16482427,68598.85944,0,0,-7.89407966,507.9855105,-10.24309074,0,7.045885313,1716.300066,0.19741215,0,0
0,-0.05969402,0,0.034849921,-221.9769558,11.16482427,68598.85944,0,0,-12.14239571,491.2902675,-10.41581778,0,4.722908151,1501.681145,0.198966818,0,0
0,-0.053010135,0,0.034849921,-221.9769558,11.16482427,68598.85944,0,0,-8.588467608,469.6533955,-9.988194107,0,5.353388773,1358.471979,0.195088442,0,0
0,-0.0497727,0,0.034849921,-221.9769558,11.16482427,68598.85944,0,0,-6.816128078,455.5391649,-10.2189592,0,8.99939636,1396.87976,0.202502625,0,0
0,-0.04304793,0,0.034849921,-221.9769558,11.16482427,68598.85944,0,0,-11.48793081,424.8301801,-10.09134227,0,6.049529102,718.2024688,0.201816371,0,0
0,-0.03791561,0,0.034849921,-221.9769558,11.16482427,68598.85944,0,0,-17.72937381,400.9680468,-10.31136712,0,3.634375408,3114.864746,0.205016586,0,0
0,-0.033505338,0,0.034849921,-221.9769558,11.16482427,68598.85944,0,0,-14.01034891,376.4372744,-10.19976676,0,6.538461903,1745.612943,0.204758911,0,0
0,-0.026367799,0,0.034849921,-221.9769558,11.16482427,68598.85944,0,0,-6.743465418,333.9667671,-10.09326811,0,10.9135234,1614.356912,0.210844692,0,0
0,-0.021880561,0,0.034849921,-221.9769558,11.16482427,68598.85944,0,0,-18.27435775,292.7267779,-10.3662514,0,7.339148019,4305.710964,0.213655757,0,0
0,-0.016980908,0,0.034849921,-221.9769558,11.16482427,68598.85944,0,0,-20.96388805,248.6675471,-10.04707976,0,6.751415432,-152.5100066,0.215910987,0,0
0,-0.011025535,0,0.034849921,-221.9769558,11.16482427,68598.85944,0,0,-10.71448312,175.6780556,-9.607619106,0,14.50658243,1307.811593,0.217675754,0,0
0,-0.005601131,0,0.034849921,-221.9769558,11.16482427,68598.85944,0,0,-21.43994588,88.90123165,-9.624753836,0,11.34236081,1220.986051,0.216698529,0,0
0,-0.000386423,0,0.034849921,-221.9769558,11.16482427,68598.85944,0,0,-21.33410257,7.62087476,-10.26084979,0,13.56153512,2105.081514,0.207792604,0,0
0,0.00486426,0,0.034849921,-221.9769558,11.16482427,68598.85944,0,0,-4.621256042,-66.70968678,-9.698309873,0,18.63349605,1988.084853,0.205878819,0,0
0,0.009902484,0,0.034849921,-221.9769558,11.16482427,68598.85944,0,0,-22.80568718,-136.1150912,-9.68625865,0,15.00019339,851.5536801,0.207665884,0,0
0,0.015984867,0,0.034849921,-221.9769558,11.16482427,68598.85944,0,0,-13.28077567,-196.4648141,-9.439252056,0,16.78666543,2383.570674,0.199831245,0,0
0,0.021296335,0,0.034849921,-221.9769558,11.16482427,68598.85944,0,0,-0.857037055,-240.6105016,-9.827316127,0,20.70649635,2364.050416,0.1950599,0,0
0,0.025201466,0,0.034849921,-221.9769558,11.16482427,68598.85944,0,0,-12.86697373,-277.8314553,-9.17845727,0,16.99538841,1202.258148,0.201758448,0,0
0,0.03214653,0,0.034849921,-221.9769558,11.16482427,68598.85944,0,0,-10.41229541,-317.044986,-9.513669826,0,17.36635446,1618.633685,0.195969057,0,0
0,0.036647054,0,0.034849921,-221.9769558,11.16482427,68598.85944,0,0,-0.819598401,-347.5065398,-9.56535096,0,20.8918384,1718.468609,0.196912278,0,0
0,0.041279748,0,0.034849921,-221.9769558,11.16482427,68598.85944,0,0,-7.39755243,-374.5998821,-9.397987979,0,18.40050364,1700.57549,0.19704834,0,0
0,0.048376624,0,0.034849921,-221.9769558,11.16482427,68598.85944,0,0,-5.506629824,-413.251747,-9.58349952,0,17.83488248,506.5296094,0.198293179,0,0
0,0.053019606,0,0.034849921,-221.9769558,11.16482427,68598.85944,0,0,-1.597866094,-427.8754946,-9.728125884,0,19.82597215,553.7757724,0.197543238,0,0
0,0.057538803,0,0.034849921,-221.9769558,11.16482427,68598.85944,0,0,-5.54303856,-450.8677773,-9.682292146,0,18.46265408,1886.382126,0.199134115,0,0
0,0.063710966,0,0.034849921,-221.9769558,11.16482427,68598.85944,0,0,-4.83646796,-477.1884266,-9.649096336,0,17.81555358,1227.025123,0.201773953,0,0
0,0.068930771,0,0.034849921,-221.9769558,11.16482427,68598.85944,0,0,1.82676139,-491.1067788,-9.891852596,0,20.11866659,220.2665207,0.20242388,0,0
0,0.07440084,0,0.034849921,-221.9769558,11.16482427,68598.85944,0,0,-7.688929414,-505.7891597,-9.769817395,0,17.14268013,1382.095697,0.202755654,0,0
0,0.080192526,0,0.034849921,-221.9769558,11.16482427,68598.85944,0,0,0.921331003,-519.3619803,-9.669808173,0,17.80751116,1312.30434,0.204775147,0,0
0,0.085230305,0,0.034849921,-221.9769558,11.16482427,68598.85944,0,0,-2.330872965,-526.5165268,-10.10783366,0,18.36992092,2112.942743,0.20259261,0,0
0,0.090144195,0,0.034849921,-221.9769558,11.16482427,68598.85944,0,0,-1.256293932,-532.392486,-10.05275593,0,17.57783289,1077.232599,0.203101593,0,0
0,0.095434638,0,0.034849921,-221.9769558,11.16482427,68598.85944,0,0,-1.704040123,-545.4191796,-10.2207385,0,17.8885678,2270.450834,0.205029432,0,0
0,0.101517622,0,0.034849921,-221.9769558,11.16482427,68598.85944,0,0,-1.482754596,-545.3211605,-9.792367641,0,16.84266328,1802.928484,0.203300149,0,0
0,0.106396037,0,0.034849921,-221.9769558,11.16482427,68598.85944,0,0,0.195640382,-557.8376228,-9.797817992,0,16.62120146,2351.204586,0.20773647,0,0
0,0.111082679,0,0.034849921,-221.9769558,11.16482427,68598.85944,0,0,-0.945050785,-557.5295322,-10.06252316,0,17.25081548,1738.841283,0.204235968,0,0
0,0.117301977,0,0.034849921,-221.9769558,11.16482427,68598.85944,0,0,-1.570189463,-559.8705977,-9.89164816,0,15.82646271,1262.858648,0.205047017,0,0
0,0.122921427,0,0.034849921,-221.9769558,11.16482427,68598.85944,0,0,0.383497831,-576.6254895,-10.09995559,0,16.85292214,1597.633777,0.210701336,0,0
0,0.127773691,0,0.034849921,-221.9769558,11.16482427,68598.85944,0,0,-0.868289881,-571.6278329,-10.2785211,0,16.45069124,1160.224386,0.206745812,0,0
0,0.133147521,0,0.034849921,-221.9769558,11.16482427,68598.85944,0,0,-0.820411137,-569.9767193,-10.21221055,0,15.46165805,2090.518516,0.205815979,0,0
0,0.138005213,0,0.034849921,-221.9769558,11.16482427,68598.85944,0,0,2.140772781,-580.4392399,-9.912596624,0,16.41456298,1954.278434,0.21004189,0,0
0,0.143417956,0,0.034849921,-221.9769558,11.16482427,68598.85944,0,0,-1.500247135,-580.5100438,-9.960123244,0,15.39587078,1617.379903,0.207946409,0,0
0,0.149060219,0,0.034849921,-221.9769558,11.16482427,68598.85944,0,0,-0.877105282,-586.7244138,-9.989175717,0,16.01345219,2162.270928,0.209852243,0,0
0,0.153559266,0,0.034849921,-221.9769558,11.16482427,68598.85944,0,0,0.785165615,-580.2235185,-10.15301855,0,15.61200916,2142.698644,0.207595857,0,0
0,0.159716957,0,0.034849921,-221.9769558,11.16482427,68598.85944,0,0,-1.001033025,-578.9388183,-10.36394897,0,14.18721352,1834.640161,0.207224259,0,0
0,0.165981325,0,0.034849921,-221.9769558,11.16482427,68598.85944,0,0,-0.050935187,-573.4454143,-10.43897405,0,14.92729525,1450.624362,0.205327452,0,0
0,0.16998973,0,0.034849921,-221.9769558,11.16482427,68598.85944,0,0,4.724499963,-578.8099962,-10.14007088,0,17.00579638,1805.264794,0.210356202,0,0
0,0.175743926,0,0.034849921,-221.9769558,11.16482427,68598.85944,0,0,-1.482247611,-567.8247479,-9.802324924,0,14.56700419,2464.575964,0.205431632,0,0
0,0.181527319,0,0.034849921,-221.9769558,11.16482427,68598.85944,0,0,-1.060417577,-563.4258205,-9.206584036,0,14.3611965,1606.931334,0.206094181,0,0
0,0.186309497,0,0.034849921,-221.9769558,11.16482427,68598.85944,0,0,2.523497635,-560.9330174,-9.08635329,0,15.73334934,1855.49506,0.207565919,0,0
0,0.191243649,0,0.034849921,-221.9769558,11.16482427,68598.85944,0,0,-0.856488525,-565.0789359,-10.22518226,0,15.71607953,2820.930413,0.20627058,0,0
0,0.197158767,0,0.034849921,-221.9769558,11.16482427,68598.85944,0,0,-7.786618953,-553.6694481,-10.0564447,0,10.6506326,1997.664954,0.203247011,0,0
0,0.202234397,0,0.034849921,-221.9769558,11.16482427,68598.85944,0,0,-11.75804567,-552.2404751,-9.436764786,0,9.144463015,1869.988415,0.203658631,0,0
0,0.2083172,0,0.034849921,-221.9769558,11.16482427,68598.85944,0,0,-7.385364689,-548.9155083,-10.39577975,0,11.91829751,1895.844693,0.199779645,0,0
0,0.211757766,0,0.034849921,-221.9769558,11.16482427,68598.85944,0,0,4.205333604,-536.6208913,-10.68410079,0,12.61640006,190.8629155,0.197341625,0,0
0,-0.211040136,0,0.034769002,-1116.362358,11.16484505,68245.48516,0,0,-26.37327803,2704.117159,-61.65722915,0,-3.605862982,341.4462797,0.181991169,0,0
0,-0.207435773,0,0.034769002,-1116.362358,11.16484505,68245.48516,0,0,-2.081308246,2726.97958,-62.9127814,0,10.31521327,1458.520392,0.183147047,0,0
0,-0.200404662,0,0.034769002,-1116.362358,11.16484505,68245.48516,0,0,-35.51642185,2699.134613,-62.4017345,0,-8.163259508,417.4547661,0.181813569,0,0
0,-0.194606411,0,0.034769002,-1116.362358,11.16484505,68245.48516,0,0,-41.5527863,2715.728897,-62.95982183,0,-13.5256084,1383.414461,0.183018085,0,0
0,-0.191242124,0,0.034769002,-1116.362358,11.16484505,68245.48516,0,0,-33.70803926,2708.426385,-61.88622625,0,-12.19674454,890.1583134,0.182197065,0,0
0,-0.184910852,0,0.034769002,-1116.362358,11.16484505,68245.48516,0,0,-32.52317025,2721.069029,-63.22811732,0,-11.85606896,-678.3607158,0.183730077,0,0
0,-0.178929454,0,0.034769002,-1116.362358,11.16484505,68245.48516,0,0,-51.11563185,2678.283403,-62.12736347,0,-22.96468492,-729.929901,0.181298831,0,0
0,-0.174642007,0,0.034769002,-1116.362358,11.16484505,68245.48516,0,0,-32.65502559,2712.734241,-62.58904993,0,-17.12310651,437.3056153,0.184185495,0,0
0,-0.16841264,0,0.034769002,-1116.362358,11.16484505,68245.48516,0,0,-29.4513139,2721.989801,-63.08818029,0,-18.31662766,399.6324774,0.185402813,0,0
0,-0.163652644,0,0.034769002,-1116.362358,11.16484505,68245.48516,0,0,-45.47719398,2636.093628,-62.17717881,0,-28.03063369,-672.8990739,0.180576796,0,0
0,-0.158332362,0,0.034769002,-1116.362358,11.16484505,68245.48516,0,0,-33.05968797,2657.809018,-62.33463329,0,-24.83889188,1309.079638,0.183407142,0,0
0,-0.151679194,0,0.034769002,-1116.362358,11.16484505,68245.48516,0,0,-34.55367236,2626.890301,-61.8324238,0,-29.03238653,1009.507426,0.182986234,0,0
0,-0.146391642,0,0.034769002,-1116.362358,11.16484505,68245.48516,0,0,-41.31435725,2540.859372,-61.39996649,0,-36.01868893,2573.024608,0.178935976,0,0
0,-0.14149033,0,0.034769002,-1116.362358,11.16484505,68245.48516,0,0,-30.59865067,2563.890364,-61.88295916,0,-33.02115717,1116.437278,0.182321,0,0
0,-0.135985996,0,0.034769002,-1116.362358,11.16484505,68245.48516,0,0,-31.4773298,2579.653595,-61.32033812,0,-35.2645126,1899.417362,0.185269077,0,0
0,-0.131399151,0,0.034769002,-1116.362358,11.16484505,68245.48516,0,0,-39.42859809,2400.484445,-60.45577427,0,-43.19199185,1551.483101,0.176595176,0,0
0,-0.12563823,0,0.034769002,-1116.362358,11.16484505,68245.48516,0,0,-31.40568433,2429.58799,-59.85939662,0,-41.07715513,871.4633238,0.181256761,0,0
0,-0.118900909,0,0.034769002,-1116.362358,11.16484505,68245.48516,0,0,-32.00531894,2441.258848,-59.49356045,0,-42.89125631,1479.036362,0.185160211,0,0
0,-0.11514304,0,0.034769002,-1116.362358,11.16484505,68245.48516,0,0,-33.86711837,2308.126788,-58.63951469,0,-47.24825444,164.7390746,0.179780973,0,0
0,-0.110003881,0,0.034769002,-1116.362358,11.16484505,68245.48516,0,0,-31.49218972,2284.254749,-58.01954186,0,-47.97071865,1854.961958,0.181469699,0,0
0,-0.103200318,0,0.034769002,-1116.362358,11.16484505,68245.48516,0,0,-31.39201202,2259.433441,-57.49311996,0,-49.54451971,840.6488193,0.183971258,0,0
0,-0.097668339,0,0.034769002,-1116.362358,11.16484505,68245.48516,0,0,-26.55569379,2275.700848,-57.58255672,0,-50.24248472,-787.0972094,0.188387855,0,0
0,-0.093469139,0,0.034769002,-1116.362358,11.16484505,68245.48516,0,0,-34.43545655,2084.604176,-54.84841446,0,-53.40386408,2582.21793,0.18049489,0,0
0,-0.087453759,0,0.034769002,-1116.362358,11.16484505,68245.48516,0,0,-31.06838461,2111.917235,-54.90280361,0,-53.45850129,-544.3776389,0.185973811,0,0
0,-0.08216487,0,0.034769002,-1116.362358,11.16484505,68245.48516,0,0,-25.59649304,2125.701545,-55.15725321,0,-53.41268858,588.893544,0.190608523,0,0
0,-0.076024789,0,0.034769002,-1116.362358,11.16484505,68245.48516,0,0,-32.31960887,1937.721528,-52.43278845,0,-54.19380852,56.89599772,0.184684923,0,0
0,-0.070832951,0,0.034769002,-1116.362358,11.16484505,68245.48516,0,0,-36.08805276,1812.433012,-49.78693621,0,-53.42897936,38.90172602,0.181689357,0,0
0,-0.067173627,0,0.034769002,-1116.362358,11.16484505,68245.48516,0,0,-31.69001998,1849.791572,-51.24051958,0,-52.38067031,1059.083934,0.187100555,0,0
0,-0.060610037,0,0.034769002,-1116.362358,11.16484505,68245.48516,0,0,-34.06274005,1733.51693,-49.08271603,0,-50.22900284,1053.454245,0.18615897,0,0
0,-0.054591124,0,0.034769002,-1116.362358,11.16484505,68245.48516,0,0,-31.09501143,1704.143058,-47.84287222,0,-48.736849,736.2534823,0.190794436,0,0
0,-0.050316222,0,0.034769002,-1116.362358,11.16484505,68245.48516,0,0,-43.91573738,1468.531057,-44.40390699,0,-45.01836599,1794.009755,0.181092918,0,0
0,-0.044556919,0,0.034769002,-1116.362358,11.16484505,68245.48516,0,0,-37.83716624,1426.795476,-43.56135034,0,-40.52304935,1316.736097,0.185679148,0,0
0,-0.038907239,0,0.034769002,-1116.362358,11.16484505,68245.48516,0,0,-35.61989118,1356.617793,-42.31661944,0,-38.3390117,520.6128934,0.190348726,0,0
0,-0.033374292,0,0.034769002,-1116.362358,11.16484505,68245.48516,0,0,-49.62162788,1177.25393,-39.39397009,0,-34.25361896,761.6433616,0.186746537,0,0
0,-0.027932361,0,0.034769002,-1116.362358,11.16484505,68245.48516,0,0,-43.81664516,1057.575139,-35.53474616,0,-24.54262913,1009.830465,0.18850567,0,0
0,-0.023422061,0,0.034769002,-1116.362358,11.16484505,68245.48516,0,0,-40.97801762,888.7616496,-34.02923102,0,-16.44550428,854.0865015,0.186142458,0,0
0,-0.017457114,0,0.034769002,-1116.362358,11.16484505,68245.48516,0,0,-56.49244223,730.7511013,-30.6932654,0,-12.36827304,1221.375263,0.186317978,0,0
0,-0.011836709,0,0.034769002,-1116.362358,11.16484505,68245.48516,0,0,-53.53317412,586.36845,-27.33834074,0,-2.632296602,1371.110989,0.189074089,0,0
0,-0.006841476,0,0.034769002,-1116.362358,11.16484505,68245.48516,0,0,-58.69947618,395.374139,-24.96984354,0,7.231725114,885.7525321,0.184239812,0,0
0,-0.001345736,0,0.034769002,-1116.362358,11.16484505,68245.48516,0,0,-56.50083539,231.13426,-21.31316864,0,17.96513267,2203.123733,0.185815465,0,0
0,0.004009119,0,0.034769002,-1116.362358,11.16484505,68245.48516,0,0,-52.16971361,75.17812845,-17.32282081,0,29.32349004,1659.693877,0.18854159,0,0
0,0.009557105,0,0.034769002,-1116.362358,11.16484505,68245.48516,0,0,-56.56235104,-92.52344626,-15.28395457,0,35.33604388,1824.581076,0.186481193,0,0
0,0.015192591,0,0.034769002,-1116.362358,11.16484505,68245.48516,0,0,-57.29249353,-263.7469158,-12.72957318,0,44.26272042,1087.068325,0.185356729,0,0
0,0.019984618,0,0.034769002,-1116.362358,11.16484505,68245.48516,0,0,-45.12471552,-415.2672321,-9.015025163,0,53.42058468,1353.595129,0.187669229,0,0
0,0.025536327,0,0.034769002,-1116.362358,11.16484505,68245.48516,0,0,-47.71493986,-567.9767819,-6.543749287,0,58.82092611,1673.179681,0.186403082,0,0
0,0.03158271,0,0.034769002,-1116.362358,11.16484505,68245.48516,0,0,-45.42645365,-745.5923928,-4.147445004,0,63.32008179,1666.436481,0.185996804,0,0
0,0.036263241,0,0.034769002,-1116.362358,11.16484505,68245.48516,0,0,-44.77668229,-896.9839013,-0.522519078,0,69.4697337,2131.18854,0.18918617,0,0
0,0.04145682,0,0.034769002,-1116.362358,11.16484505,68245.48516,0,0,-43.6999193,-1042.524456,2.543058645,0,72.22516819,1622.351747,0.188439111,0,0
0,0.04694963,0,0.034769002,-1116.362358,11.16484505,68245.48516,0,0,-28.81567277,-1286.100728,4.211807722,0,77.49860483,2293.103674,0.194216557,0,0
0,0.05248797,0,0.034769002,-1116.362358,11.16484505,68245.48516,0,0,-41.90203359,-1406.145873,8.735780678,0,75.20375355,594.5013358,0.193935833,0,0
0,0.058965881,0,0.034769002,-1116.362358,11.16484505,68245.48516,0,0,-35.32301379,-1515.377673,11.31698337,0,78.6399983,1746.955914,0.190026024,0,0
0,0.063541245,0,0.034769002,-1116.362358,11.16484505,68245.48516,0,0,-34.43249843,-1610.713183,13.91250876,0,79.70462605,1426.033776,0.189298314,0,0
0,0.068153563,0,0.034769002,-1116.362358,11.16484505,68245.48516,0,0,-36.12644537,-1724.925038,15.51253834,0,77.99984126,1868.130386,0.190254321,0,0
0,0.075282853,0,0.034769002,-1116.362358,11.16484505,68245.48516,0,0,-34.32253507,-1846.745902,18.01572883,0,76.63864142,1538.713326,0.188652115,0,0
0,0.080744111,0,0.034769002,-1116.362358,11.16484505,68245.48516,0,0,-28.10900751,-2062.408266,19.78198811,0,73.42252703,1881.059662,0.195107355,0,0
0,0.084795322,0,0.034769002,-1116.362358,11.16484505,68245.48516,0,0,-37.35564352,-1869.014515,22.07449059,0,74.6848198,1660.047001,0.18047179,0,0
0,0.090287933,0,0.034769002,-1116.362358,11.16484505,68245.48516,0,0,-29.32043484,-2173.012807,22.87308302,0,71.96653627,1711.734801,0.19196875,0,0
0,0.095611936,0,0.034769002,-1116.362358,11.16484505,68245.48516,0,0,-30.00969836,-2197.028731,24.12021754,0,69.75010381,2090.01065,0.188929296,0,0
0,0.101809807,0,0.034769002,-1116.362358,11.16484505,68245.48516,0,0,-32.66100545,-2140.620197,26.71358426,0,69.0449677,1536.271667,0.181399848,0,0
0,0.10698733,0,0.034769002,-1116.362358,11.16484505,68245.48516,0,0,-34.45025221,-2292.568584,27.28125008,0,66.61878819,1272.569954,0.185377928,0,0
0,0.111650112,0,0.034769002,-1116.362358,11.16484505,68245.48516,0,0,-29.70263359,-2404.586899,28.01518633,0,62.56669895,1520.654132,0.189287785,0,0
0,0.117718198,0,0.034769002,-1116.362358,11.16484505,68245.48516,0,0,-31.13714417,-2357.032526,30.28612341,0,62.4568933,1105.675227,0.183104809,0,0
0,0.123279336,0,0.034769002,-1116.362358,11.16484505,68245.48516,0,0,-38.06593904,-2417.67167,30.06920584,0,59.65780081,1347.575898,0.18251176,0,0
0,0.1291363,0,0.034769002,-1116.362358,11.16484505,68245.48516,0,0,-28.96452405,-2508.403311,30.87976297,0,54.91037592,1496.557676,0.186548778,0,0
0,0.133819276,0,0.034769002,-1116.362358,11.16484505,68245.48516,0,0,-27.73746208,-2489.907584,31.7713457,0,55.31300394,567.8155666,0.183384558,0,0
0,0.13825572,0,0.034769002,-1116.362358,11.16484505,68245.48516,0,0,-31.37059117,-2527.22314,32.34211517,0,52.73650366,1104.731006,0.183481305,0,0
0,0.144689405,0,0.034769002,-1116.362358,11.16484505,68245.48516,0,0,-29.28707307,-2578.323396,32.88931691,0,48.56714725,1302.069574,0.18525491,0,0
0,0.151033259,0,0.034769002,-1116.362358,11.16484505,68245.48516,0,0,-29.0226987,-2583.635001,33.08398702,0,48.64288133,1076.837655,0.183675714,0,0
0,0.154987907,0,0.034769002,-1116.362358,11.16484505,68245.48516,0,0,-25.36251616,-2628.935048,33.85166976,0,43.95427592,787.8400788,0.186206761,0,0
0,0.160848841,0,0.034769002,-1116.362358,11.16484505,68245.48516,0,0,-27.19116682,-2641.633922,33.47598594,0,41.53909976,1274.308752,0.185581039,0,0
0,0.165611856,0,0.034769002,-1116.362358,11.16484505,68245.48516,0,0,-24.71574874,-2625.33305,33.9366056,0,44.36052297,820.8774907,0.183871231,0,0
0,0.171864566,0,0.034769002,-1116.362358,11.16484505,68245.48516,0,0,-26.12942399,-2637.570735,34.18049236,0,36.1227485,914.7204908,0.185129212,0,0
0,0.177714009,0,0.034769002,-1116.362358,11.16484505,68245.48516,0,0,-23.08036251,-2635.374586,34.14218321,0,36.75994635,786.3432488,0.18447549,0,0
0,0.181764474,0,0.034769002,-1116.362358,11.16484505,68245.48516,0,0,-18.66447669,-2622.406048,33.92919279,0,37.44998861,1649.065015,0.183555624,0,0
0,0.188368755,0,0.034769002,-1116.362358,11.16484505,68245.48516,0,0,-28.38075332,-2630.153864,34.11485877,0,29.57692059,706.2746931,0.183916518,0,0
0,0.19416574,0,0.034769002,-1116.362358,11.16484505,68245.48516,0,0,-17.06616171,-2634.475051,35.04777789,0,32.83246551,1176.977023,0.184966208,0,0
0,0.198480166,0,0.034769002,-1116.362358,11.16484505,68245.48516,0,0,-25.87446404,-2628.47284,33.30875403,0,27.50496761,811.3333054,0.183588706,0,0
0,0.20459587,0,0.034769002,-1116.362358,11.16484505,68245.48516,0,0,-25.61697728,-2611.677615,34.18115332,0,26.76909595,1300.910468,0.181932596,0,0
0,0.210835098,0,0.034769002,-1116.362358,11.16484505,68245.48516,0,0,-30.81041682,-2622.538972,36.23426034,0,19.12630461,1240.00773,0.18457908,0,0
0,0.21346829,0,0.034769002,-1116.362358,11.16484505,68245.48516,0,0,-48.23517616,-2613.458186,33.03993083,0,14.38779995,1610.041064,0.182032251,0,0
0,-0.209727258,0,0.034847505,-444.7944132,11.16486298,68678.86656,0,0,-15.74775013,1131.293304,-20.34720055,0,8.861940313,1138.056818,0.195387288,0,0
0,-0.204363681,0,0.034847505,-444.7944132,11.16486298,68678.86656,0,0,-6.117037347,1120.139191,-20.34868482,0,11.69960938,1327.505351,0.194402595,0,0
0,-0.199866903,0,0.034847505,-444.7944132,11.16486298,68678.86656,0,0,-8.936035847,1128.678183,-20.3119935,0,11.06377528,257.2453036,0.195642052,0,0
0,-0.19342304,0,0.034847505,-444.7944132,11.16486298,68678.86656,0,0,-16.27226126,1130.46407,-19.84216543,0,6.800437273,2635.919202,0.196001928,0,0
0,-0.187999904,0,0.034847505,-444.7944132,11.16486298,68678.86656,0,0,-5.066130789,1131.696673,-19.34051686,0,11.239781,-22.1014676,0.196213431,0,0
0,-0.183251663,0,0.034847505,-444.7944132,11.16486298,68678.86656,0,0,-19.26034259,1135.865283,-20.23860014,0,5.096078257,993.5411759,0.196626474,0,0
0,-0.177716542,0,0.034847505,-444.7944132,11.16486298,68678.86656,0,0,-14.77039588,1134.204225,-19.62733435,0,6.915869689,2400.082567,0.195958903,0,0
0,-0.172573692,0,0.034847505,-444.7944132,11.16486298,68678.86656,0,0,-6.204678655,1140.293699,-19.97995274,0,10.45866254,1435.45639,0.197416234,0,0
0,-0.167405559,0,0.034847505,-444.7944132,11.16486298,68678.86656,0,0,-17.11785672,1134.28765,-20.18583044,0,4.855947889,780.4071794,0.195912222,0,0
0,-0.161478577,0,0.034847505,-444.7944132,11.16486298,68678.86656,0,0,-13.12146951,1140.178956,-19.83937064,0,6.933057995,1292.165306,0.197056893,0,0
0,-0.156452487,0,0.034847505,-444.7944132,11.16486298,68678.86656,0,0,-11.59933415,1133.137102,-20.11157355,0,5.97952372,1608.691042,0.196488457,0,0
0,-0.150881123,0,0.034847505,-444.7944132,11.16486298,68678.86656,0,0,-16.16413637,1132.175888,-20.24018174,0,4.994779966,636.3031863,0.195689309,0,0
0,-0.145238096,0,0.034847505,-444.7944132,11.16486298,68678.86656,0,0,-10.52830416,1132.703473,-20.01695774,0,5.400258545,1907.450958,0.197038781,0,0
0,-0.140448727,0,0.034847505,-444.7944132,11.16486298,68678.86656,0,0,-17.54477414,1129.483563,-20.08845751,0,3.785169934,304.3915745,0.196229314,0,0
0,-0.135222452,0,0.034847505,-444.7944132,11.16486298,68678.86656,0,0,-11.89700249,1120.596711,-19.91550212,0,5.151677183,1490.694412,0.195486136,0,0
0,-0.129418476,0,0.034847505,-444.7944132,11.16486298,68678.86656,0,0,-11.90291988,1117.923054,-19.84795243,0,3.87648901,-270.1824332,0.196061773,0,0
0,-0.12410835,0,0.034847505,-444.7944132,11.16486298,68678.86656,0,0,-16.48457465,1121.830024,-19.41489241,0,2.232129887,1671.864043,0.196904444,0,0
0,-0.118875709,0,0.034847505,-444.7944132,11.16486298,68678.86656,0,0,-9.054822683,1102.743269,-20.20487518,0,4.405124017,1055.93993,0.195364126,0,0
0,-0.113603972,0,0.034847505,-444.7944132,11.16486298,68678.86656,0,0,-11.57420842,1097.47262,-19.8378631,0,1.574451674,793.549756,0.195668577,0,0
0,-0.108188159,0,0.034847505,-444.7944132,11.16486298,68678.86656,0,0,-13.23290092,1095.246253,-19.71064317,0,-0.029647769,357.0636113,0.196910132,0,0
0,-0.102534815,0,0.034847505,-444.7944132,11.16486298,68678.86656,0,0,-10.7213843,1075.469021,-19.75532818,0,1.981311846,1558.53049,0.194861287,0,0
0,-0.096874778,0,0.034847505,-444.7944132,11.16486298,68678.86656,0,0,-11.12251033,1078.323274,-19.9627005,0,-0.644560561,1865.51176,0.196936512,0,0
0,-0.091922979,0,0.034847505,-444.7944132,11.16486298,68678.86656,0,0,-9.329489125,1065.908672,-19.68275565,0,-1.376818496,1283.262044,0.197337786,0,0
0,-0.085832602,0,0.034847505,-444.7944132,11.16486298,68678.86656,0,0,-13.2214334,1032.538176,-19.71986978,0,-0.165035963,799.0627743,0.19454252,0,0
0,-0.08166853,0,0.034847505,-444.7944132,11.16486298,68678.86656,0,0,-7.901667102,1040.559815,-20.03997503,0,-2.532112326,1122.535225,0.19754861,0,0
0,-0.075883894,0,0.034847505,-444.7944132,11.16486298,68678.86656,0,0,-11.88073815,1015.336097,-19.52930758,0,-3.110088106,866.3674097,0.197426972,0,0
0,-0.069553281,0,0.034847505,-444.7944132,11.16486298,68678.86656,0,0,-16.30465007,963.7485884,-19.99086367,0,-2.685960802,814.5708599,0.195991782,0,0
0,-0.065779697,0,0.034847505,-444.7944132,11.16486298,68678.86656,0,0,-7.869227989,984.2548814,-19.40571062,0,-4.451301404,821.5593425,0.199094447,0,0
0,-0.060192255,0,0.034847505,-444.7944132,11.16486298,68678.86656,0,0,-11.28310727,925.0392335,-19.32021749,0,-2.964384282,1474.080171,0.196748918,0,0
0,-0.053342801,0,0.034847505,-444.7944132,11.16486298,68678.86656,0,0,-17.99198529,863.9750523,-18.98941045,0,-3.999806683,2495.879733,0.196161226,0,0
0,-0.04940216,0,0.034847505,-444.7944132,11.16486298,68678.86656,0,0,-11.20957648,852.5305962,-18.76603861,0,-4.825041615,1109.176297,0.198192145,0,0
0,-0.044308893,0,0.034847505,-444.7944132,11.16486298,68678.86656,0,0,-11.15559035,784.7892573,-18.56667644,0,-0.640723916,527.0302228,0.195560914,0,0
0,-0.037248528,0,0.034847505,-444.7944132,11.16486298,68678.86656,0,0,-20.15897302,714.620693,-18.14498475,0,-3.783406009,1942.660722,0.197251037,0,0
0,-0.032913926,0,0.034847505,-444.7944132,11.16486298,68678.86656,0,0,-21.3343785,647.7771709,-17.86961014,0,-2.332455792,3350.889056,0.194797902,0,0
0,-0.028013224,0,0.034847505,-444.7944132,11.16486298,68678.86656,0,0,-13.03853055,594.5566534,-17.55356909,0,3.601152712,2158.11836,0.196055921,0,0
0,-0.021275643,0,0.034847505,-444.7944132,11.16486298,68678.86656,0,0,-22.01027331,501.2166577,-16.64546841,0,2.488478785,1570.001882,0.200241255,0,0
0,-0.016500668,0,0.034847505,-444.7944132,11.16486298,68678.86656,0,0,-27.62826709,412.4097989,-16.51029842,0,2.743738513,1762.598605,0.199141658,0,0
0,-0.011415404,0,0.034847505,-444.7944132,11.16486298,68678.86656,0,0,-23.368803,319.7693193,-15.30238656,0,8.483456058,1189.887785,0.199830962,0,0
0,-0.005664467,0,0.034847505,-444.7944132,11.16486298,68678.86656,0,0,-26.69646033,186.024877,-14.68649204,0,9.9972121,641.1884089,0.204072331,0,0
0,-0.00052732,0,0.034847505,-444.7944132,11.16486298,68678.86656,0,0,-32.04486665,56.6271675,-14.10559887,0,14.29191447,1002.174041,0.20132275,0,0
0,0.004930991,0,0.034847505,-444.7944132,11.16486298,68678.86656,0,0,-18.40960245,-69.59611817,-13.12427571,0,19.28182118,1930.31005,0.2029787,0,0
0,0.010387377,0,0.034847505,-444.7944132,11.16486298,68678.86656,0,0,-24.99367455,-183.3276571,-12.65584182,0,17.41295428,1632.053434,0.198892207,0,0
0,0.015467812,0,0.034847505,-444.7944132,11.16486298,68678.86656,0,0,-27.05258097,-281.0413431,-11.23074182,0,22.1167223,1213.087764,0.197061919,0,0
0,0.021436541,0,0.034847505,-444.7944132,11.16486298,68678.86656,0,0,-12.52750073,-377.4005744,-11.53199505,0,26.56790588,2204.925908,0.19156651,0,0
0,0.027055138,0,0.034847505,-444.7944132,11.16486298,68678.86656,0,0,-13.4078857,-474.5624781,-10.73828685,0,23.38203805,1782.517457,0.193416881,0,0
0,0.031743365,0,0.034847505,-444.7944132,11.16486298,68678.86656,0,0,-26.56511018,-533.7854596,-9.57304433,0,23.67594232,2258.446463,0.194984061,0,0
0,0.037063337,0,0.034847505,-444.7944132,11.16486298,68678.86656,0,0,-7.226960557,-616.9719375,-9.702366764,0,27.58373697,1306.669705,0.197256816,0,0
0,0.041979387,0,0.034847505,-444.7944132,11.16486298,68678.86656,0,0,-12.27543532,-691.7425435,-9.594642861,0,25.45782153,2759.503723,0.200115443,0,0
0,0.048205046,0,0.034847505,-444.7944132,11.16486298,68678.86656,0,0,-8.736909909,-750.8847938,-8.919631132,0,27.81803329,1753.899695,0.199754733,0,0
0,0.054149082,0,0.034847505,-444.7944132,11.16486298,68678.86656,0,0,-13.05707437,-825.4159728,-7.558372963,0,24.53712166,2256.306174,0.204726667,0,0
0,0.057931768,0,0.034847505,-444.7944132,11.16486298,68678.86656,0,0,-11.14608265,-856.432938,-8.887558562,0,25.30051986,1791.032101,0.203664153,0,0
0,0.063550291,0,0.034847505,-444.7944132,11.16486298,68678.86656,0,0,-5.99035891,-889.0979385,-8.286412716,0,28.35911342,1535.77914,0.200472587,0,0
0,0.069725354,0,0.034847505,-444.7944132,11.16486298,68678.86656,0,0,-9.93723134,-956.4660677,-8.109053993,0,23.67601098,2317.396321,0.207878567,0,0
0,0.074608408,0,0.034847505,-444.7944132,11.16486298,68678.86656,0,0,-6.71022976,-963.0257255,-8.169243658,0,24.52308583,2590.347892,0.203102748,0,0
0,0.079743657,0,0.034847505,-444.7944132,11.16486298,68678.86656,0,0,-9.279031289,-979.1205841,-7.349403542,0,24.66696043,1275.976662,0.199065152,0,0
0,0.085547536,0,0.034847505,-444.7944132,11.16486298,68678.86656,0,0,-4.01598564,-1027.162204,-7.84029716,0,22.93226659,1308.315674,0.204682461,0,0
0,0.090551363,0,0.034847505,-444.7944132,11.16486298,68678.86656,0,0,-8.587234081,-1018.972329,-7.19825676,0,22.82680998,1858.612449,0.198102572,0,0
0,0.096268322,0,0.034847505,-444.7944132,11.16486298,68678.86656,0,0,-5.657107801,-1040.378208,-6.96893355,0,21.92228747,1331.165591,0.198712047,0,0
0,0.101354966,0,0.034847505,-444.7944132,11.16486298,68678.86656,0,0,-4.445486764,-1070.44138,-6.593692465,0,20.93989523,1388.135072,0.202057523,0,0
0,0.106749868,0,0.034847505,-444.7944132,11.16486298,68678.86656,0,0,-5.197633925,-1076.54161,-6.394517868,0,20.68706548,1526.245394,0.200252487,0,0
0,0.112761726,0,0.034847505,-444.7944132,11.16486298,68678.86656,0,0,-8.904718739,-1085.892803,-7.061216387,0,19.30975801,1795.657915,0.198112418,0,0
0,0.1172704,0,0.034847505,-444.7944132,11.16486298,68678.86656,0,0,-2.232587763,-1113.168366,-5.988320871,0,19.34801955,1524.026981,0.204044063,0,0
0,0.122551921,0,0.034847505,-444.7944132,11.16486298,68678.86656,0,0,-3.38395493,-1116.556308,-6.676070982,0,18.74659085,1120.475579,0.201685548,0,0
0,0.128714906,0,0.034847505,-444.7944132,11.16486298,68678.86656,0,0,-8.293422269,-1119.345336,-7.032738461,0,17.55145678,1679.155982,0.199589163,0,0
0,0.133858425,0,0.034847505,-444.7944132,11.16486298,68678.86656,0,0,-3.697196347,-1130.538827,-6.253945688,0,18.19756604,2152.009129,0.20284906,0,0
0,0.138627475,0,0.034847505,-444.7944132,11.16486298,68678.86656,0,0,-4.941102862,-1123.204811,-6.446819365,0,16.52495635,1391.711345,0.200788313,0,0
0,0.143867279,0,0.034847505,-444.7944132,11.16486298,68678.86656,0,0,-7.611867577,-1119.447238,-6.343291281,0,16.24648051,2151.381878,0.200268011,0,0
0,0.149744193,0,0.034847505,-444.7944132,11.16486298,68678.86656,0,0,-1.043417404,-1103.216651,-5.872023972,0,17.31583111,2198.139963,0.19924057,0,0
0,0.155819192,0,0.034847505,-444.7944132,11.16486298,68678.86656,0,0,-6.290262004,-1094.943405,-5.749196216,0,15.11589107,2011.221544,0.200913534,0,0
0,0.160416439,0,0.034847505,-444.7944132,11.16486298,68678.86656,0,0,-5.28864227,-1091.441919,-6.363571058,0,16.18524381,1399.089578,0.199151502,0,0
0,0.166365533,0,0.034847505,-444.7944132,11.16486298,68678.86656,0,0,-4.644331053,-1084.682506,-5.940921872,0,15.21805052,1606.75783,0.199401846,0,0
0,0.171094702,0,0.034847505,-444.7944132,11.16486298,68678.86656,0,0,-4.363408725,-1073.629027,-6.2158648,0,14.71169546,2158.454546,0.198387141,0,0
0,0.176322825,0,0.034847505,-444.7944132,11.16486298,68678.86656,0,0,-3.582009264,-1069.416155,-5.966225765,0,16.44106838,1712.653052,0.198124348,0,0
0,0.182470456,0,0.034847505,-444.7944132,11.16486298,68678.86656,0,0,-4.050683046,-1054.663868,-5.935288565,0,14.98371363,1539.072381,0.198829565,0,0
0,0.18737775,0,0.034847505,-444.7944132,11.16486298,68678.86656,0,0,-5.606764674,-1058.956018,-6.478634483,0,15.00369163,1364.776351,0.199252359,0,0
0,0.192780473,0,0.034847505,-444.7944132,11.16486298,68678.86656,0,0,-3.830485714,-1051.268144,-6.602740623,0,16.2009274,2227.50174,0.197039628,0,0
0,0.198644735,0,0.034847505,-444.7944132,11.16486298,68678.86656,0,0,-11.32326819,-1050.512909,-6.042076008,0,10.90409807,533.9786295,0.19968674,0,0
0,0.203864693,0,0.034847505,-444.7944132,11.16486298,68678.86656,0,0,-15.0569016,-1044.179799,-6.753170851,0,9.165934435,1707.445306,0.198785653,0,0
0,0.209136979,0,0.034847505,-444.7944132,11.16486298,68678.86656,0,0,-12.99457118,-1036.550643,-6.950529605,0,11.55432501,1867.282838,0.195612049,0,0
0,0.213053642,0,0.034847505,-444.7944132,11.16486298,68678.86656,0,0,-39.7326682,-1044.255848,-6.940144344,0,2.78817473,1076.158289,0.192733867,0,0
0,-0.212630217,0,0.034902264,-665.1463145,11.16333611,69876.85484,0,0,-0.954033172,1577.594236,-29.10947082,0,14.85935684,540.021483,0.193622746,0,0
0,-0.207003669,0,0.034902264,-665.1463145,11.16333611,69876.85484,0,0,10.83464603,1582.436653,-30.02365443,0,21.33376185,-658.5756527,0.192898029,0,0
0,-0.201207048,0,0.034902264,-665.1463145,11.16333611,69876.85484,0,0,-33.06635841,1586.578739,-29.85696932,0,0.70916102,-56.92424278,0.193406313,0,0
0,-0.195707208,0,0.034902264,-665.1463145,11.16333611,69876.85484,0,0,-24.24839577,1589.209107,-30.78690065,0,3.403004729,-679.737463,0.193093364,0,0
0,-0.190708989,0,0.034902264,-665.1463145,11.16333611,69876.85484,0,0,-11.56380862,1617.171721,-30.02953542,0,11.34985224,165.2109659,0.194788424,0,0
0,-0.18591685,0,0.034902264,-665.1463145,11.16333611,69876.85484,0,0,-14.21111838,1597.317904,-30.48061477,0,7.679371238,927.8821692,0.193498849,0,0
0,-0.180405257,0,0.034902264,-665.1463145,11.16333611,69876.85484,0,0,-24.70396064,1622.247527,-30.32801996,0,4.433167898,516.4909572,0.194291741,0,0
0,-0.174140187,0,0.034902264,-665.1463145,11.16333611,69876.85484,0,0,-25.98169593,1657.937277,-30.57044821,0,6.030673249,-1883.882031,0.196094234,0,0
0,-0.169026492,0,0.034902264,-665.1463145,11.16333611,69876.85484,0,0,-14.28811454,1644.158205,-30.768752,0,9.164294675,400.4065671,0.194669928,0,0
0,-0.163485221,0,0.034902264,-665.1463145,11.16333611,69876.85484,0,0,-19.63777512,1675.613353,-30.93427562,0,8.603270133,-927.9975216,0.196143026,0,0
0,-0.158185357,0,0.034902264,-665.1463145,11.16333611,69876.85484,0,0,-27.45479986,1691.786909,-31.0985205,0,4.969344918,-831.5448028,0.196356296,0,0
0,-0.152478685,0,0.034902264,-665.1463145,11.16333611,69876.85484,0,0,-17.4498508,1682.165692,-30.56378809,0,8.762127386,-53.96300263,0.195430403,0,0
0,-0.147146636,0,0.034902264,-665.1463145,11.16333611,69876.85484,0,0,-19.66518445,1679.736775,-31.08966373,0,7.398808861,-451.477655,0.194939012,0,0
0,-0.142945222,0,0.034902264,-665.1463145,11.16333611,69876.85484,0,0,-26.32903178,1708.827991,-31.01488529,0,5.047129963,-1420.300034,0.195721276,0,0
0,-0.136164683,0,0.034902264,-665.1463145,11.16333611,69876.85484,0,0,-20.00037428,1708.235509,-30.87171002,0,7.357128372,-317.0378916,0.195787863,0,0
0,-0.130457629,0,0.034902264,-665.1463145,11.16333611,69876.85484,0,0,-21.39919944,1702.694002,-30.347677,0,6.249551519,487.7921804,0.196098951,0,0
0,-0.12730886,0,0.034902264,-665.1463145,11.16333611,69876.85484,0,0,-23.42314198,1715.996744,-30.96168036,0,3.813658752,-1666.666318,0.194813306,0,0
0,-0.120750937,0,0.034902264,-665.1463145,11.16333611,69876.85484,0,0,-21.57635524,1706.803044,-30.54143303,0,4.393917114,115.3075592,0.194898997,0,0
0,-0.114218923,0,0.034902264,-665.1463145,11.16333611,69876.85484,0,0,-22.59997479,1723.848705,-30.79571481,0,2.551050929,-195.7456775,0.194887265,0,0
0,-0.110278139,0,0.034902264,-665.1463145,11.16333611,69876.85484,0,0,-19.8402789,1688.463895,-30.43217347,0,1.475376584,-858.9973167,0.194937144,0,0
0,-0.104561473,0,0.034902264,-665.1463145,11.16333611,69876.85484,0,0,-21.76879782,1693.618119,-30.84076556,0,0.179448027,816.7040191,0.194641818,0,0
0,-0.099034747,0,0.034902264,-665.1463145,11.16333611,69876.85484,0,0,-20.82248888,1687.544407,-31.19017157,0,-1.596887762,-1215.976426,0.19305779,0,0
0,-0.093422625,0,0.034902264,-665.1463145,11.16333611,69876.85484,0,0,-18.78808527,1656.895495,-30.76542465,0,-3.25672895,-1197.607728,0.193274805,0,0
0,-0.087711397,0,0.034902264,-665.1463145,11.16333611,69876.85484,0,0,-16.96454062,1647.678514,-29.65695721,0,-2.562534757,-835.9384907,0.196103578,0,0
0,-0.083589137,0,0.034902264,-665.1463145,11.16333611,69876.85484,0,0,-20.68316221,1601.649836,-31.33656398,0,-7.336721203,2287.110071,0.190492744,0,0
0,-0.077708634,0,0.034902264,-665.1463145,11.16333611,69876.85484,0,0,-17.95813013,1580.635036,-30.45038922,0,-7.658177523,147.711754,0.192915952,0,0
0,-0.071488233,0,0.034902264,-665.1463145,11.16333611,69876.85484,0,0,-15.47285235,1565.04539,-28.84078575,0,-7.940839993,-700.5928927,0.195903659,0,0
0,-0.067326767,0,0.034902264,-665.1463145,11.16333611,69876.85484,0,0,-19.94399858,1475.385749,-29.97733717,0,-11.02927842,-652.2285327,0.190262796,0,0
0,-0.061497936,0,0.034902264,-665.1463145,11.16333611,69876.85484,0,0,-17.42696311,1453.28539,-29.34166261,0,-10.13837543,-402.4497304,0.194411238,0,0
0,-0.055576668,0,0.034902264,-665.1463145,11.16333611,69876.85484,0,0,-13.85360999,1414.477369,-28.28762853,0,-10.47507505,-1359.366157,0.197056341,0,0
0,-0.050068663,0,0.034902264,-665.1463145,11.16333611,69876.85484,0,0,-19.76851228,1323.953961,-28.16002804,0,-10.88398933,-375.7477548,0.195534528,0,0
0,-0.044742861,0,0.034902264,-665.1463145,11.16333611,69876.85484,0,0,-19.78350631,1206.817938,-27.89124058,0,-9.389407818,231.4657261,0.192512882,0,0
0,-0.039899104,0,0.034902264,-665.1463145,11.16333611,69876.85484,0,0,-15.89597142,1182.82344,-26.32381425,0,-9.267551996,246.7598428,0.197335108,0,0
0,-0.0340754,0,0.034902264,-665.1463145,11.16333611,69876.85484,0,0,-24.63838993,1052.847149,-26.31303609,0,-8.899118146,-430.919428,0.195327029,0,0
0,-0.028311904,0,0.034902264,-665.1463145,11.16333611,69876.85484,0,0,-23.0412589,933.193062,-25.56445983,0,-3.220168463,1047.747183,0.195386517,0,0
0,-0.023583501,0,0.034902264,-665.1463145,11.16333611,69876.85484,0,0,-15.80158163,819.6916084,-23.80030975,0,-0.168113828,127.8742766,0.195494336,0,0
0,-0.018019275,0,0.034902264,-665.1463145,11.16333611,69876.85484,0,0,-28.74750309,684.8423117,-22.64319934,0,-0.50155343,57.05050456,0.19583569,0,0
0,-0.01238934,0,0.034902264,-665.1463145,11.16333611,69876.85484,0,0,-29.37233218,546.9914025,-21.34470694,0,5.538364877,176.5746548,0.198328064,0,0
0,-0.007411275,0,0.034902264,-665.1463145,11.16333611,69876.85484,0,0,-30.24570547,363.177512,-20.47209448,0,10.3728628,706.7568828,0.193915876,0,0
0,-0.00233696,0,0.034902264,-665.1463145,11.16333611,69876.85484,0,0,-31.77303526,197.938084,-18.30747025,0,15.40013587,102.9424016,0.194351641,0,0
0,0.004075281,0,0.034902264,-665.1463145,11.16333611,69876.85484,0,0,-30.49776319,-2.54184729,-15.93802304,0,21.84138675,-1921.86526,0.200043353,0,0
0,0.009079838,0,0.034902264,-665.1463145,11.16333611,69876.85484,0,0,-27.04881185,-164.0527992,-15.43270082,0,25.5799065,995.4760032,0.194041955,0,0
0,0.014400934,0,0.034902264,-665.1463145,11.16333611,69876.85484,0,0,-25.85196224,-326.9551977,-13.83821178,0,28.91872033,1308.945544,0.193051082,0,0
0,0.019435545,0,0.034902264,-665.1463145,11.16333611,69876.85484,0,0,-18.07787431,-486.0038793,-12.53880943,0,34.41611449,704.141924,0.194381369,0,0
0,0.025505825,0,0.034902264,-665.1463145,11.16333611,69876.85484,0,0,-19.12735698,-636.2326668,-11.11194728,0,35.87219925,1295.597604,0.191888333,0,0
0,0.03118576,0,0.034902264,-665.1463145,11.16333611,69876.85484,0,0,-17.59082982,-803.0264492,-9.974848535,0,35.73240206,217.8025087,0.195496946,0,0
0,0.035809099,0,0.034902264,-665.1463145,11.16333611,69876.85484,0,0,-21.28685771,-885.8774336,-8.562994907,0,37.7728598,1717.214439,0.195495479,0,0
0,0.041141729,0,0.034902264,-665.1463145,11.16333611,69876.85484,0,0,-18.65265597,-1034.679106,-7.61492874,0,38.33416633,1638.271188,0.199413448,0,0
0,0.046287576,0,0.034902264,-665.1463145,11.16333611,69876.85484,0,0,-8.728993611,-1172.628516,-6.96806121,0,38.54971577,1299.392286,0.205537792,0,0
0,0.052441503,0,0.034902264,-665.1463145,11.16333611,69876.85484,0,0,-19.15052034,-1220.902512,-5.640064282,0,35.30258411,878.5725277,0.19951951,0,0
0,0.058685598,0,0.034902264,-665.1463145,11.16333611,69876.85484,0,0,-19.18409614,-1251.937289,-3.519518697,0,36.88493329,1417.47152,0.191151117,0,0
0,0.062023151,0,0.034902264,-665.1463145,11.16333611,69876.85484,0,0,-8.840412668,-1385.777554,-5.202086301,0,35.81045413,1828.576256,0.202935678,0,0
0,0.068643235,0,0.034902264,-665.1463145,11.16333611,69876.85484,0,0,-14.30881899,-1400.452083,-3.570745405,0,33.65350033,903.0274967,0.196016799,0,0
0,0.074754377,0,0.034902264,-665.1463145,11.16333611,69876.85484,0,0,-16.93335811,-1427.934476,-2.219252268,0,33.61005474,848.669868,0.189713842,0,0
0,0.078202647,0,0.034902264,-665.1463145,11.16333611,69876.85484,0,0,-11.95632564,-1485.847303,-2.795627919,0,30.01147257,1041.292052,0.197318879,0,0
0,0.084679303,0,0.034902264,-665.1463145,11.16333611,69876.85484,0,0,-13.24628384,-1513.956269,-2.294450513,0,29.45120474,1438.135525,0.194895252,0,0
0,0.090119612,0,0.034902264,-665.1463145,11.16333611,69876.85484,0,0,-15.12103441,-1560.47469,-1.0617975,0,30.47614319,681.6922376,0.192725448,0,0
0,0.095723866,0,0.034902264,-665.1463145,11.16333611,69876.85484,0,0,-11.66604008,-1575.524173,-1.416791627,0,26.8609796,1208.753228,0.196630912,0,0
0,0.102274796,0,0.034902264,-665.1463145,11.16333611,69876.85484,0,0,-11.36849829,-1588.65204,-1.336541705,0,25.20031093,870.8454108,0.197195806,0,0
0,0.105338397,0,0.034902264,-665.1463145,11.16333611,69876.85484,0,0,-11.16651237,-1590.114359,-1.455900126,0,25.07721964,855.9479314,0.195711256,0,0
0,0.111158402,0,0.034902264,-665.1463145,11.16333611,69876.85484,0,0,-9.117632733,-1587.691927,-1.163233574,0,23.76172441,1033.229105,0.197331956,0,0
0,0.117532837,0,0.034902264,-665.1463145,11.16333611,69876.85484,0,0,-13.75721468,-1605.514143,-1.163195371,0,21.46188595,1353.479298,0.198267136,0,0
0,0.122671838,0,0.034902264,-665.1463145,11.16333611,69876.85484,0,0,-9.278851103,-1575.355012,-1.516016038,0,22.59128359,1323.825828,0.198042016,0,0
0,0.127241924,0,0.034902264,-665.1463145,11.16333611,69876.85484,0,0,-6.955869428,-1535.539247,-1.426060141,0,20.39146589,1270.828662,0.196713678,0,0
0,0.133527818,0,0.034902264,-665.1463145,11.16333611,69876.85484,0,0,-11.79740962,-1550.819279,-1.644533846,0,20.029218,794.2384421,0.197927719,0,0
0,0.138768404,0,0.034902264,-665.1463145,11.16333611,69876.85484,0,0,-11.01894198,-1524.464796,-1.434136323,0,20.80025793,1290.62535,0.196808929,0,0
0,0.143837245,0,0.034902264,-665.1463145,11.16333611,69876.85484,0,0,-8.624053221,-1493.452738,-1.754303586,0,19.98647677,735.942346,0.195406531,0,0
0,0.149600132,0,0.034902264,-665.1463145,11.16333611,69876.85484,0,0,-9.197506159,-1509.798513,-1.986849081,0,19.85169768,1361.298753,0.197272727,0,0
0,0.154739777,0,0.034902264,-665.1463145,11.16333611,69876.85484,0,0,-10.81760427,-1495.011475,-2.134033372,0,18.30068182,1364.806134,0.196451134,0,0
0,0.159550816,0,0.034902264,-665.1463145,11.16333611,69876.85484,0,0,-7.93427885,-1483.818448,-2.24308538,0,18.89326429,1015.572296,0.195698212,0,0
0,0.165724916,0,0.034902264,-665.1463145,11.16333611,69876.85484,0,0,-8.981643979,-1475.448953,-2.487303804,0,20.70540664,1153.062883,0.196942863,0,0
0,0.17076056,0,0.034902264,-665.1463145,11.16333611,69876.85484,0,0,-9.481010637,-1449.269224,-2.746546588,0,18.32980404,577.5089981,0.195281809,0,0
0,0.175928253,0,0.034902264,-665.1463145,11.16333611,69876.85484,0,0,-8.793207336,-1450.643033,-2.550929853,0,18.42842813,1197.807265,0.195064102,0,0
0,0.182232656,0,0.034902264,-665.1463145,11.16333611,69876.85484,0,0,-6.760349156,-1449.100374,-2.815515642,0,20.12676685,1395.609705,0.196426711,0,0
0,0.187041821,0,0.034902264,-665.1463145,11.16333611,69876.85484,0,0,-14.46228982,-1442.821757,-2.380865056,0,16.27216476,1265.053754,0.195659118,0,0
0,0.19213642,0,0.034902264,-665.1463145,11.16333611,69876.85484,0,0,-9.687916376,-1436.447587,-2.690696113,0,17.73475432,720.441118,0.195657668,0,0
0,0.198371123,0,0.034902264,-665.1463145,11.16333611,69876.85484,0,0,-3.245307461,-1427.064395,-2.939418831,0,20.35781753,1099.816858,0.196041081,0,0
0,0.203699798,0,0.034902264,-665.1463145,11.16333611,69876.85484,0,0,-33.88485979,-1420.641532,-2.865940741,0,5.791273251,1416.678238,0.195079729,0,0
0,0.208519862,0,0.034902264,-665.1463145,11.16333611,69876.85484,0,0,-23.73660866,-1429.102675,-3.34129287,0,10.3950005,1394.499861,0.195588067,0,0
0,0.21270523,0,0.034902264,-665.1463145,11.16333611,69876.85484,0,0,-15.50990995,-1421.945644,-3.002321092,0,13.85881662,690.3331437,0.195367911,0,0
0,-0.209799137,0,0.03484963,-219.75813,11.16356616,69718.86838,0,0,13.5697628,555.4384156,-9.544071083,0,21.08496146,608.4715428,0.198346772,0,0
0,-0.203541029,0,0.03484963,-219.75813,11.16356616,69718.86838,0,0,-17.23346325,550.6251224,-9.881756373,0,6.439588414,649.6187026,0.1972195,0,0
0,-0.198890304,0,0.03484963,-219.75813,11.16356616,69718.86838,0,0,-15.35844599,553.9837765,-10.17501069,0,7.749554615,-737.3197066,0.197720627,0,0
0,-0.192960718,0,0.03484963,-219.75813,11.16356616,69718.86838,0,0,-5.056119422,556.493088,-9.97839503,0,11.79081326,562.3283102,0.200264803,0,0
0,-0.187726971,0,0.03484963,-219.75813,11.16356616,69718.86838,0,0,-6.509722724,564.29249,-9.823163331,0,12.48591036,-1415.318968,0.200464274,0,0
0,-0.182752477,0,0.03484963,-219.75813,11.16356616,69718.86838,0,0,-12.18533102,558.9864561,-10.21217366,0,9.060926719,721.0824168,0.199038269,0,0
0,-0.17701053,0,0.03484963,-219.75813,11.16356616,69718.86838,0,0,-7.851929162,564.930947,-9.633840254,0,11.36607248,-385.9967585,0.200185769,0,0
0,-0.171853456,0,0.03484963,-219.75813,11.16356616,69718.86838,0,0,-13.28474356,567.814138,-9.846811872,0,8.918700777,124.222976,0.199649666,0,0
0,-0.166941233,0,0.03484963,-219.75813,11.16356616,69718.86838,0,0,-6.367677976,565.4646388,-10.04210561,0,12.17434684,340.6533079,0.200606818,0,0
0,-0.161499018,0,0.03484963,-219.75813,11.16356616,69718.86838,0,0,-7.555220452,564.4680198,-9.904271122,0,10.49260275,714.3818102,0.198491092,0,0
0,-0.156007068,0,0.03484963,-219.75813,11.16356616,69718.86838,0,0,-12.24572663,571.6769581,-9.83267917,0,9.0924813,-33.91469347,0.200525777,0,0
0,-0.150398148,0,0.03484963,-219.75813,11.16356616,69718.86838,0,0,-5.156654058,572.0948168,-9.850565568,0,12.93035083,965.653679,0.200953844,0,0
0,-0.145008365,0,0.03484963,-219.75813,11.16356616,69718.86838,0,0,-12.17864195,568.7112491,-9.995420124,0,8.520871433,667.6849474,0.199345595,0,0
0,-0.140167759,0,0.03484963,-219.75813,11.16356616,69718.86838,0,0,-12.69260224,570.2650222,-10.1200803,0,8.937086501,1093.957573,0.198710154,0,0
0,-0.134376669,0,0.03484963,-219.75813,11.16356616,69718.86838,0,0,-5.032090689,574.6987364,-10.21516684,0,12.34600116,944.6441528,0.200636516,0,0
0,-0.128735184,0,0.03484963,-219.75813,11.16356616,69718.86838,0,0,-9.680629848,570.27086,-10.30707958,0,9.433704793,995.8619082,0.19974317,0,0
0,-0.124108508,0,0.03484963,-219.75813,11.16356616,69718.86838,0,0,-12.86099233,572.5894017,-10.08439402,0,8.57331465,590.4415454,0.199189615,0,0
0,-0.118632023,0,0.03484963,-219.75813,11.16356616,69718.86838,0,0,-5.117512277,569.5189911,-9.809740003,0,11.26898857,-776.9615236,0.197869051,0,0
0,-0.113298125,0,0.03484963,-219.75813,11.16356616,69718.86838,0,0,-10.67741306,566.6133105,-10.05491441,0,9.312922854,-706.193249,0.198264368,0,0
0,-0.108008045,0,0.03484963,-219.75813,11.16356616,69718.86838,0,0,-11.50292957,567.106787,-9.659902819,0,7.847647751,-88.68601855,0.198951547,0,0
0,-0.101842064,0,0.03484963,-219.75813,11.16356616,69718.86838,0,0,-5.43826306,561.0805797,-9.928780273,0,10.47785203,60.36762958,0.196927692,0,0
0,-0.097051863,0,0.03484963,-219.75813,11.16356616,69718.86838,0,0,-8.105628639,558.8027398,-10.08664876,0,9.454561362,-66.47755085,0.198237346,0,0
0,-0.0924181,0,0.03484963,-219.75813,11.16356616,69718.86838,0,0,-12.1660968,554.4511367,-9.841539606,0,7.227739434,313.583213,0.198024002,0,0
0,-0.08662006,0,0.03484963,-219.75813,11.16356616,69718.86838,0,0,-5.929370931,541.6371352,-9.986451404,0,9.503009325,-789.967883,0.194566538,0,0
0,-0.081359834,0,0.03484963,-219.75813,11.16356616,69718.86838,0,0,-8.058989466,541.5372126,-10.10650975,0,9.095674333,882.7730963,0.197767752,0,0
0,-0.076376803,0,0.03484963,-219.75813,11.16356616,69718.86838,0,0,-11.22797976,533.0420753,-10.00189062,0,6.403704908,-309.3751426,0.196956648,0,0
0,-0.069932467,0,0.03484963,-219.75813,11.16356616,69718.86838,0,0,-8.135074375,517.127273,-9.940827243,0,8.474522064,70.43713889,0.195376684,0,0
0,-0.065448512,0,0.03484963,-219.75813,11.16356616,69718.86838,0,0,-3.780187431,513.8106358,-9.924397162,0,9.395783748,473.8302923,0.198127125,0,0
0,-0.060278579,0,0.03484963,-219.75813,11.16356616,69718.86838,0,0,-11.40124192,495.8119878,-9.93540542,0,6.285696918,23.40475922,0.19631116,0,0
0,-0.053622467,0,0.03484963,-219.75813,11.16356616,69718.86838,0,0,-11.80586435,472.2772178,-9.853663185,0,7.326301756,81.607216,0.197838608,0,0
0,-0.050044136,0,0.03484963,-219.75813,11.16356616,69718.86838,0,0,-2.82894572,467.3668888,-9.507368307,0,9.19879203,1259.083129,0.197055725,0,0
0,-0.043830995,0,0.03484963,-219.75813,11.16356616,69718.86838,0,0,-9.335202474,432.6784433,-9.674502403,0,7.205023738,-568.6481044,0.198611719,0,0
0,-0.037482675,0,0.03484963,-219.75813,11.16356616,69718.86838,0,0,-15.41543072,398.9796345,-9.982660172,0,7.414259788,750.5378206,0.202098126,0,0
0,-0.033691472,0,0.03484963,-219.75813,11.16356616,69718.86838,0,0,-11.11410364,384.8874959,-9.548149954,0,6.0881022,-612.497109,0.199884419,0,0
0,-0.027483478,0,0.03484963,-219.75813,11.16356616,69718.86838,0,0,-4.302553846,345.8199462,-9.744892443,0,11.9243879,-229.6869956,0.205336322,0,0
0,-0.022345216,0,0.03484963,-219.75813,11.16356616,69718.86838,0,0,-14.84132868,304.1354048,-9.55812224,0,8.039243069,-237.2330603,0.208479611,0,0
0,-0.017318539,0,0.03484963,-219.75813,11.16356616,69718.86838,0,0,-18.3256703,257.2836737,-9.667682546,0,6.611821418,-479.231991,0.210470487,0,0
0,-0.011481943,0,0.03484963,-219.75813,11.16356616,69718.86838,0,0,-8.63874586,189.4967471,-9.476694637,0,13.85361871,-918.251347,0.215440859,0,0
0,-0.00609176,0,0.03484963,-219.75813,11.16356616,69718.86838,0,0,-17.76390574,103.578714,-9.66215435,0,11.59169714,-44.78600141,0.215160767,0,0
0,-0.001025422,0,0.03484963,-219.75813,11.16356616,69718.86838,0,0,-17.97935195,17.35595641,-9.443821326,0,11.06527343,1020.665104,0.207427129,0,0
0,0.004336242,0,0.03484963,-219.75813,11.16356616,69718.86838,0,0,-3.180704078,-62.54294609,-9.951170417,0,17.307242,533.9653338,0.204808683,0,0
0,0.00949671,0,0.03484963,-219.75813,11.16356616,69718.86838,0,0,-17.68954322,-131.5862989,-9.280127909,0,12.96298638,322.190268,0.203940627,0,0
0,0.015506129,0,0.03484963,-219.75813,11.16356616,69718.86838,0,0,-11.5969762,-193.1880357,-9.544295411,0,13.52798391,585.646089,0.197547609,0,0
0,0.020279355,0,0.03484963,-219.75813,11.16356616,69718.86838,0,0,-2.980057965,-237.0518747,-9.161015741,0,18.11107513,377.1900054,0.197023457,0,0
0,0.025108403,0,0.03484963,-219.75813,11.16356616,69718.86838,0,0,-8.356996708,-276.6423429,-9.180006962,0,15.12175233,1423.867301,0.197679125,0,0
0,0.031883299,0,0.03484963,-219.75813,11.16356616,69718.86838,0,0,-8.783431993,-324.5155694,-9.605457856,0,14.37016147,1453.13026,0.196590374,0,0
0,0.036410521,0,0.03484963,-219.75813,11.16356616,69718.86838,0,0,-1.974081992,-356.3770741,-9.48304349,0,17.56510737,1993.451969,0.197542514,0,0
0,0.040812566,0,0.03484963,-219.75813,11.16356616,69718.86838,0,0,-5.259203198,-384.7160362,-9.521857914,0,15.85165636,764.6738837,0.199802196,0,0
0,0.0466161,0,0.03484963,-219.75813,11.16356616,69718.86838,0,0,-4.46089376,-419.6479112,-9.989730208,0,14.63787791,1305.90965,0.201670859,0,0
0,0.052067812,0,0.03484963,-219.75813,11.16356616,69718.86838,0,0,0.334200095,-437.3521735,-9.425664937,0,17.20110446,628.4476041,0.201757716,0,0
0,0.058261221,0,0.03484963,-219.75813,11.16356616,69718.86838,0,0,-10.21727074,-464.8774111,-9.907604444,0,13.77961478,1020.143776,0.203243283,0,0
0,0.063217113,0,0.03484963,-219.75813,11.16356616,69718.86838,0,0,-3.336599558,-478.3206005,-10.07695324,0,14.86265838,1789.376334,0.202734097,0,0
0,0.067445873,0,0.03484963,-219.75813,11.16356616,69718.86838,0,0,2.848858007,-492.7342919,-10.02953931,0,17.27571799,686.0192697,0.205034314,0,0
0,0.074410692,0,0.03484963,-219.75813,11.16356616,69718.86838,0,0,-8.604565525,-510.593753,-10.16857529,0,12.63551314,132.641745,0.205555732,0,0
0,0.080292998,0,0.03484963,-219.75813,11.16356616,69718.86838,0,0,0.331702398,-528.2811992,-9.400676107,0,15.55637773,1245.428628,0.209232348,0,0
0,0.083936676,0,0.03484963,-219.75813,11.16356616,69718.86838,0,0,0.567877122,-527.6909456,-10.18997786,0,15.99199091,1049.065623,0.205917073,0,0
0,0.089741906,0,0.03484963,-219.75813,11.16356616,69718.86838,0,0,-3.769346033,-535.706193,-10.16520875,0,13.27892152,2015.091204,0.205520065,0,0
0,0.09566769,0,0.03484963,-219.75813,11.16356616,69718.86838,0,0,-0.980483015,-551.6631694,-9.733157502,0,14.53947364,1340.237355,0.210351765,0,0
0,0.100873875,0,0.03484963,-219.75813,11.16356616,69718.86838,0,0,-2.93754043,-553.611653,-10.2035365,0,13.68640029,618.8966491,0.208800373,0,0
0,0.105664537,0,0.03484963,-219.75813,11.16356616,69718.86838,0,0,-3.587779177,-550.3104113,-10.12907104,0,12.73530651,1910.384077,0.205381799,0,0
0,0.111028763,0,0.03484963,-219.75813,11.16356616,69718.86838,0,0,0.778432283,-563.5557921,-9.787658566,0,14.25683614,1086.094049,0.209764125,0,0
0,0.116189431,0,0.03484963,-219.75813,11.16356616,69718.86838,0,0,-3.655349988,-562.6779314,-9.992382045,0,12.78257845,1248.325644,0.209048156,0,0
0,0.121599146,0,0.03484963,-219.75813,11.16356616,69718.86838,0,0,-1.199920099,-562.4132667,-10.11466635,0,12.82758688,16.06761786,0.206737647,0,0
0,0.127004777,0,0.03484963,-219.75813,11.16356616,69718.86838,0,0,0.554125608,-561.6747936,-10.0503809,0,13.90115697,138.9159019,0.208472634,0,0
0,0.132326664,0,0.03484963,-219.75813,11.16356616,69718.86838,0,0,-3.545453187,-558.3478887,-10.00209328,0,11.87363175,1048.762557,0.207316527,0,0
0,0.137793087,0,0.03484963,-219.75813,11.16356616,69718.86838,0,0,-1.033581972,-557.3116423,-9.675935789,0,12.98256947,1578.786019,0.206617936,0,0
0,0.143641798,0,0.03484963,-219.75813,11.16356616,69718.86838,0,0,0.951807237,-552.8423788,-10.28150608,0,13.36344601,557.2315567,0.206479534,0,0
0,0.149001441,0,0.03484963,-219.75813,11.16356616,69718.86838,0,0,-3.412166626,-550.7216125,-10.02151273,0,11.44862351,1443.468448,0.207202312,0,0
0,0.154292228,0,0.03484963,-219.75813,11.16356616,69718.86838,0,0,0.746429568,-544.6723677,-10.07692683,0,13.31008909,248.5657567,0.204229292,0,0
0,0.159580263,0,0.03484963,-219.75813,11.16356616,69718.86838,0,0,-1.722201205,-545.3622388,-10.00662612,0,11.98641716,1848.863691,0.206883073,0,0
0,0.165182392,0,0.03484963,-219.75813,11.16356616,69718.86838,0,0,-1.029132184,-538.3728129,-9.776915743,0,12.1915301,1601.012484,0.206559956,0,0
0,0.169892198,0,0.03484963,-219.75813,11.16356616,69718.86838,0,0,2.645214535,-537.6468943,-9.751091885,0,14.13600387,735.3323588,0.205047694,0,0
0,0.175474157,0,0.03484963,-219.75813,11.16356616,69718.86838,0,0,-1.494605397,-532.746523,-9.396631256,0,11.73589104,1623.987168,0.206551477,0,0
0,0.180651476,0,0.03484963,-219.75813,11.16356616,69718.86838,0,0,-2.570012553,-530.5515241,-9.391943084,0,11.8605653,773.2712466,0.205551208,0,0
0,0.185890974,0,0.03484963,-219.75813,11.16356616,69718.86838,0,0,-0.173077143,-523.9574474,-9.563929922,0,12.76126436,1217.628804,0.203321141,0,0
0,0.191709799,0,0.03484963,-219.75813,11.16356616,69718.86838,0,0,-1.390623825,-521.7684753,-9.079752039,0,11.34217707,1580.844385,0.206071631,0,0
0,0.196884488,0,0.03484963,-219.75813,11.16356616,69718.86838,0,0,-8.423825402,-522.0186208,-10.06192036,0,9.102111515,853.3531558,0.205530881,0,0
0,0.201626132,0,0.03484963,-219.75813,11.16356616,69718.86838,0,0,-7.300107597,-518.2450488,-9.693361867,0,9.183045525,1036.810821,0.204968462,0,0
0,0.207575225,0,0.03484963,-219.75813,11.16356616,69718.86838,0,0,-17.12986417,-511.5947968,-9.926489442,0,3.495128336,1100.171286,0.200914715,0,0
0,0.211628901,0,0.03484963,-219.75813,11.16356616,69718.86838,0,0,-3.41057188,-497.5761765,-9.662164995,0,8.16213682,699.4754243,0.195372314,0,0
0,-0.213407912,0,0.034841348,-1115.733176,11.16318996,69796.11868,0,0,-13.58641785,2881.261008,-61.75582614,0,7.515759668,-211.9109745,0.180125824,0,0
0,-0.206080248,0,0.034841348,-1115.733176,11.16318996,69796.11868,0,0,-14.25346719,2867.987356,-61.98290312,0,3.873464179,-1655.70925,0.179814671,0,0
0,-0.201280814,0,0.034841348,-1115.733176,11.16318996,69796.11868,0,0,-46.35917792,2887.760989,-62.2696581,0,-9.423393555,-15.58008796,0.180656802,0,0
0,-0.196450382,0,0.034841348,-1115.733176,11.16318996,69796.11868,0,0,-42.62178836,2889.144202,-62.30188453,0,-12.44314376,-508.8382883,0.18089236,0,0
0,-0.19079325,0,0.034841348,-1115.733176,11.16318996,69796.11868,0,0,-28.38593087,2917.075651,-62.05728074,0,-7.066421598,-1777.790116,0.182071178,0,0
0,-0.185094695,0,0.034841348,-1115.733176,11.16318996,69796.11868,0,0,-40.18817538,2895.838477,-62.53242276,0,-14.21442666,446.6692913,0.18188363,0,0
0,-0.179795542,0,0.034841348,-1115.733176,11.16318996,69796.11868,0,0,-46.07856466,2917.772585,-62.41039712,0,-19.00380098,-393.3289229,0.182766392,0,0
0,-0.174149311,0,0.034841348,-1115.733176,11.16318996,69796.11868,0,0,-32.79010961,2924.451289,-62.33180631,0,-15.11983973,-930.8000159,0.18342674,0,0
0,-0.169324992,0,0.034841348,-1115.733176,11.16318996,69796.11868,0,0,-32.31545598,2881.192212,-62.38354791,0,-19.12310749,-1753.012888,0.182254032,0,0
0,-0.163285956,0,0.034841348,-1115.733176,11.16318996,69796.11868,0,0,-44.94078688,2892.417773,-62.24621953,0,-26.24361834,-1037.49248,0.183258824,0,0
0,-0.157735854,0,0.034841348,-1115.733176,11.16318996,69796.11868,0,0,-33.91510228,2861.41027,-62.23194191,0,-24.57688458,-777.2971835,0.182576987,0,0
0,-0.153111103,0,0.034841348,-1115.733176,11.16318996,69796.11868,0,0,-30.9730025,2922.116748,-62.17118743,0,-26.47846444,-1627.097376,0.185835276,0,0
0,-0.14748663,0,0.034841348,-1115.733176,11.16318996,69796.11868,0,0,-41.90937456,2844.801963,-61.62296874,0,-35.06365259,-1056.744109,0.183436286,0,0
0,-0.142700322,0,0.034841348,-1115.733176,11.16318996,69796.11868,0,0,-34.62658359,2770.268351,-62.01984169,0,-35.92664174,-191.7238156,0.181319984,0,0
0,-0.136487609,0,0.034841348,-1115.733176,11.16318996,69796.11868,0,0,-33.79643689,2774.964487,-61.74907621,0,-39.38636332,-869.3264345,0.183079361,0,0
0,-0.130647073,0,0.034841348,-1115.733176,11.16318996,69796.11868,0,0,-39.24839008,2668.298896,-60.39486464,0,-46.14821218,315.0868296,0.179971084,0,0
0,-0.126089959,0,0.034841348,-1115.733176,11.16318996,69796.11868,0,0,-29.75725518,2706.816227,-60.73125158,0,-45.02275693,-588.9423342,0.18397071,0,0
0,-0.120790051,0,0.034841348,-1115.733176,11.16318996,69796.11868,0,0,-30.68637369,2674.441456,-60.39533833,0,-48.67552398,719.601194,0.184914177,0,0
0,-0.11437839,0,0.034841348,-1115.733176,11.16318996,69796.11868,0,0,-32.94591016,2592.220823,-59.62645011,0,-53.10653462,1411.746021,0.183958065,0,0
0,-0.108708802,0,0.034841348,-1115.733176,11.16318996,69796.11868,0,0,-34.58994125,2441.094851,-58.27413303,0,-57.55845587,-1710.448394,0.179528848,0,0
0,-0.104601399,0,0.034841348,-1115.733176,11.16318996,69796.11868,0,0,-27.30906739,2571.510748,-58.90480599,0,-56.78448684,-76.37442778,0.188366925,0,0
0,-0.098625018,0,0.034841348,-1115.733176,11.16318996,69796.11868,0,0,-31.79201902,2450.22898,-57.54494519,0,-59.14811058,-543.4355377,0.185827132,0,0
0,-0.092674868,0,0.034841348,-1115.733176,11.16318996,69796.11868,0,0,-36.43427427,2288.809278,-55.47025267,0,-61.73822288,233.3811144,0.181248488,0,0
0,-0.088740917,0,0.034841348,-1115.733176,11.16318996,69796.11868,0,0,-29.27718243,2381.76598,-56.55435304,0,-59.63979063,-919.3193873,0.189148767,0,0
0,-0.082904346,0,0.034841348,-1115.733176,11.16318996,69796.11868,0,0,-34.62383406,2261.759527,-54.8074557,0,-60.5579677,-150.0953761,0.186877402,0,0
0,-0.0764087,0,0.034841348,-1115.733176,11.16318996,69796.11868,0,0,-35.80206757,2156.29962,-53.17008382,0,-61.18165132,-119.0544006,0.186101611,0,0
0,-0.071581612,0,0.034841348,-1115.733176,11.16318996,69796.11868,0,0,-37.44638542,2109.297332,-52.11750877,0,-60.10554754,-2565.243243,0.187583614,0,0
0,-0.066759265,0,0.034841348,-1115.733176,11.16318996,69796.11868,0,0,-39.22970725,1993.077138,-51.35992959,0,-58.83437935,-405.4101234,0.185557291,0,0
0,-0.060977001,0,0.034841348,-1115.733176,11.16318996,69796.11868,0,0,-38.3191903,1971.700736,-50.40894692,0,-57.07277034,-29.09980998,0.189589482,0,0
0,-0.055632026,0,0.034841348,-1115.733176,11.16318996,69796.11868,0,0,-38.83195339,1859.562958,-48.54114197,0,-55.18986914,257.1678559,0.188719526,0,0
0,-0.049599516,0,0.034841348,-1115.733176,11.16318996,69796.11868,0,0,-44.04094065,1726.594971,-46.44256019,0,-51.68509385,293.4431118,0.187624483,0,0
0,-0.044630151,0,0.034841348,-1115.733176,11.16318996,69796.11868,0,0,-46.7025671,1595.523721,-44.05951543,0,-48.03961573,1073.32013,0.186264825,0,0
0,-0.039842947,0,0.034841348,-1115.733176,11.16318996,69796.11868,0,0,-45.1451777,1505.532545,-42.83263212,0,-44.74653152,-401.9118364,0.187585936,0,0
0,-0.033600548,0,0.034841348,-1115.733176,11.16318996,69796.11868,0,0,-52.67049835,1361.858719,-40.09141753,0,-40.06025123,18.01984113,0.188727842,0,0
0,-0.027994219,0,0.034841348,-1115.733176,11.16318996,69796.11868,0,0,-50.95007863,1210.465699,-37.42729395,0,-31.69101433,-1013.429702,0.190001958,0,0
0,-0.023127985,0,0.034841348,-1115.733176,11.16318996,69796.11868,0,0,-54.02410578,1018.32155,-33.72667592,0,-21.82789302,212.3287221,0.187815719,0,0
0,-0.017533724,0,0.034841348,-1115.733176,11.16318996,69796.11868,0,0,-63.88081533,851.6839614,-30.35114044,0,-17.05105633,-980.1585733,0.189176542,0,0
0,-0.011989789,0,0.034841348,-1115.733176,11.16318996,69796.11868,0,0,-65.5592755,680.8325066,-27.54324436,0,-7.308634135,92.29291033,0.190574194,0,0
0,-0.006720526,0,0.034841348,-1115.733176,11.16318996,69796.11868,0,0,-70.19787525,469.3132932,-24.0346567,0,5.002284779,130.7711522,0.188107785,0,0
0,-0.001640051,0,0.034841348,-1115.733176,11.16318996,69796.11868,0,0,-69.3471449,277.2570236,-21.35848451,0,15.01811849,985.5704349,0.187703504,0,0
0,0.004047934,0,0.034841348,-1115.733176,11.16318996,69796.11868,0,0,-57.92856394,86.89661174,-17.56826921,0,25.95188098,-242.405189,0.188017186,0,0
0,0.009456953,0,0.034841348,-1115.733176,11.16318996,69796.11868,0,0,-61.4927259,-95.05954787,-14.66728996,0,35.55060289,1665.719847,0.18811356,0,0
0,0.014868613,0,0.034841348,-1115.733176,11.16318996,69796.11868,0,0,-64.80448454,-287.7492882,-12.13199351,0,43.56240065,1436.709706,0.188283074,0,0
0,0.020358911,0,0.034841348,-1115.733176,11.16318996,69796.11868,0,0,-50.91265647,-484.560193,-9.801445206,0,52.62808707,-348.3985745,0.187575046,0,0
0,0.025482604,0,0.034841348,-1115.733176,11.16318996,69796.11868,0,0,-51.61575689,-659.9049038,-6.34601334,0,60.3534071,1272.003306,0.188793758,0,0
0,0.030930225,0,0.034841348,-1115.733176,11.16318996,69796.11868,0,0,-55.55363028,-826.2558933,-3.433879469,0,64.76409881,1158.234533,0.187817256,0,0
0,0.035979197,0,0.034841348,-1115.733176,11.16318996,69796.11868,0,0,-43.75105296,-1030.326121,-1.214486972,0,70.05336433,1284.051956,0.191332708,0,0
0,0.041223046,0,0.034841348,-1115.733176,11.16318996,69796.11868,0,0,-45.13212725,-1231.131708,2.347458681,0,74.21951182,1190.926508,0.193431615,0,0
0,0.047526363,0,0.034841348,-1115.733176,11.16318996,69796.11868,0,0,-39.04098739,-1430.989497,6.439277368,0,76.75900652,1380.650861,0.194211852,0,0
0,0.052886878,0,0.034841348,-1115.733176,11.16318996,69796.11868,0,0,-42.31526632,-1621.007891,8.610632531,0,74.89097626,1207.94709,0.196982969,0,0
0,0.058269338,0,0.034841348,-1115.733176,11.16318996,69796.11868,0,0,-43.51695996,-1637.705996,11.96469607,0,79.58538902,521.1266898,0.188286226,0,0
0,0.063157994,0,0.034841348,-1115.733176,11.16318996,69796.11868,0,0,-35.32268375,-1816.44911,12.89914475,0,79.59567394,782.5437646,0.19146089,0,0
0,0.06811244,0,0.034841348,-1115.733176,11.16318996,69796.11868,0,0,-39.05651322,-1962.320823,15.95387413,0,77.40375119,826.6188828,0.193279465,0,0
0,0.074869131,0,0.034841348,-1115.733176,11.16318996,69796.11868,0,0,-38.93553331,-2033.426524,18.33557622,0,78.44861896,1075.392444,0.188271568,0,0
0,0.079503459,0,0.034841348,-1115.733176,11.16318996,69796.11868,0,0,-39.75194065,-2159.55163,20.9831237,0,74.90124937,821.638406,0.190855856,0,0
0,0.084038355,0,0.034841348,-1115.733176,11.16318996,69796.11868,0,0,-37.55909218,-2189.327341,21.66520362,0,75.53558505,999.4970214,0.187568064,0,0
0,0.091138367,0,0.034841348,-1115.733176,11.16318996,69796.11868,0,0,-34.48927486,-2293.05342,23.72813728,0,71.71628228,1252.438179,0.18731209,0,0
0,0.095413061,0,0.034841348,-1115.733176,11.16318996,69796.11868,0,0,-36.36748675,-2338.194633,24.74483043,0,68.71033992,1777.301046,0.186493096,0,0
0,0.100222433,0,0.034841348,-1115.733176,11.16318996,69796.11868,0,0,-35.96151998,-2387.246973,26.01346426,0,66.22944,695.0932898,0.185795803,0,0
0,0.107244731,0,0.034841348,-1115.733176,11.16318996,69796.11868,0,0,-33.53727136,-2451.890774,27.40659634,0,63.72659223,1224.650882,0.184515235,0,0
0,0.112739836,0,0.034841348,-1115.733176,11.16318996,69796.11868,0,0,-37.78630935,-2478.199606,29.49898257,0,64.62304973,763.3303965,0.181215961,0,0
0,0.116491207,0,0.034841348,-1115.733176,11.16318996,69796.11868,0,0,-30.97214633,-2564.796292,28.85948676,0,56.16204357,927.546318,0.187266975,0,0
0,0.123088957,0,0.034841348,-1115.733176,11.16318996,69796.11868,0,0,-32.73474716,-2605.726686,30.30756005,0,55.73122851,879.2835382,0.184819892,0,0
0,0.129249272,0,0.034841348,-1115.733176,11.16318996,69796.11868,0,0,-34.24365672,-2644.460503,31.97704627,0,57.25340811,857.4605331,0.182404786,0,0
0,0.13354905,0,0.034841348,-1115.733176,11.16318996,69796.11868,0,0,-28.85143463,-2698.625157,31.50877062,0,50.78280283,1298.846311,0.186367687,0,0
0,0.139014938,0,0.034841348,-1115.733176,11.16318996,69796.11868,0,0,-30.20668528,-2713.952888,31.98320787,0,47.87344729,1257.373674,0.185453384,0,0
0,0.144566706,0,0.034841348,-1115.733176,11.16318996,69796.11868,0,0,-31.95161802,-2734.671825,33.12145054,0,49.1875388,1093.740232,0.183152769,0,0
0,0.150055627,0,0.034841348,-1115.733176,11.16318996,69796.11868,0,0,-30.63203083,-2762.900237,33.14916114,0,45.0294891,871.9545351,0.184467286,0,0
0,0.15626199,0,0.034841348,-1115.733176,11.16318996,69796.11868,0,0,-28.18979197,-2793.720194,33.02880275,0,40.27483141,1007.334902,0.186667122,0,0
0,0.160009144,0,0.034841348,-1115.733176,11.16318996,69796.11868,0,0,-31.7229498,-2800.612721,33.65117753,0,41.82636035,1232.491974,0.183672195,0,0
0,0.165072589,0,0.034841348,-1115.733176,11.16318996,69796.11868,0,0,-25.82561647,-2816.335823,33.58526906,0,39.57652324,864.5620842,0.185584732,0,0
0,0.172175946,0,0.034841348,-1115.733176,11.16318996,69796.11868,0,0,-28.59506101,-2831.621984,33.9103868,0,35.65838508,955.0930277,0.185573428,0,0
0,0.177372464,0,0.034841348,-1115.733176,11.16318996,69796.11868,0,0,-23.58722179,-2849.364979,34.27611044,0,37.1558765,813.3294916,0.185269109,0,0
0,0.181744846,0,0.034841348,-1115.733176,11.16318996,69796.11868,0,0,-20.86141817,-2833.027318,33.86870915,0,33.91679105,1104.408117,0.185572669,0,0
0,0.187733433,0,0.034841348,-1115.733176,11.16318996,69796.11868,0,0,-32.53392108,-2860.892669,34.37168168,0,28.77929501,1001.364622,0.186030292,0,0
0,0.193041533,0,0.034841348,-1115.733176,11.16318996,69796.11868,0,0,-18.44039626,-2853.184347,34.42898964,0,34.03138737,670.1258116,0.184975083,0,0
0,0.198586575,0,0.034841348,-1115.733176,11.16318996,69796.11868,0,0,-21.96667747,-2844.789755,34.02747844,0,28.36469603,1366.298455,0.185964268,0,0
0,0.203179922,0,0.034841348,-1115.733176,11.16318996,69796.11868,0,0,-29.65251861,-2835.195064,33.17373403,0,22.81141152,1273.382907,0.184472966,0,0
0,0.209332158,0,0.034841348,-1115.733176,11.16318996,69796.11868,0,0,-44.54848834,-2851.293437,34.55594416,0,16.55212324,892.005717,0.185311694,0,0
0,0.21408831,0,0.034841348,-1115.733176,11.16318996,69796.11868,0,0,-30.41439343,-2834.001367,34.5275779,0,21.23842423,1055.500752,0.184518492,0,0
0,-0.210773563,0,0.03476393,-441.848498,11.1631643,69779.14859,0,0,10.43999748,1183.054432,-18.37675706,0,21.30201355,-719.3835238,0.195207986,0,0
0,-0.204698871,0,0.03476393,-441.848498,11.1631643,69779.14859,0,0,-11.02970236,1184.699049,-19.9216538,0,12.83351184,104.1861656,0.195089221,0,0
0,-0.198953116,0,0.03476393,-441.848498,11.1631643,69779.14859,0,0,-19.43004659,1190.916334,-19.7790033,0,8.027349824,-485.3905283,0.196012422,0,0
0,-0.194228974,0,0.03476393,-441.848498,11.1631643,69779.14859,0,0,-16.94603913,1196.357439,-19.72896431,0,9.704218426,640.5135316,0.196434222,0,0
0,-0.188473742,0,0.03476393,-441.848498,11.1631643,69779.14859,0,0,-7.825874169,1197.256647,-19.45515113,0,12.87697476,-1929.936461,0.196731436,0,0
0,-0.183050823,0,0.03476393,-441.848498,11.1631643,69779.14859,0,0,-13.95081853,1209.065298,-19.52974086,0,8.696421968,109.6129706,0.196347657,0,0
0,-0.178280187,0,0.03476393,-441.848498,11.1631643,69779.14859,0,0,-23.77427809,1204.782966,-19.61646403,0,5.582095253,133.3026786,0.196588756,0,0
0,-0.172558171,0,0.03476393,-441.848498,11.1631643,69779.14859,0,0,-7.955732948,1212.209377,-19.58949025,0,12.02337222,-435.2613676,0.196769394,0,0
0,-0.166990933,0,0.03476393,-441.848498,11.1631643,69779.14859,0,0,-9.622017698,1218.228758,-19.84441925,0,9.772558893,337.4369193,0.197111259,0,0
0,-0.162258369,0,0.03476393,-441.848498,11.1631643,69779.14859,0,0,-22.22970897,1213.523706,-19.69357349,0,4.997407698,73.55984682,0.1965766,0,0
0,-0.156835843,0,0.03476393,-441.848498,11.1631643,69779.14859,0,0,-9.278116729,1216.220293,-19.57147354,0,9.268288114,-1466.928311,0.19643676,0,0
0,-0.151432754,0,0.03476393,-441.848498,11.1631643,69779.14859,0,0,-10.26921866,1222.098065,-19.22428596,0,9.443596831,367.4513987,0.197645348,0,0
0,-0.146520245,0,0.03476393,-441.848498,11.1631643,69779.14859,0,0,-21.7260407,1219.299587,-19.43463996,0,4.971392039,-675.8953247,0.196477619,0,0
0,-0.140182371,0,0.03476393,-441.848498,11.1631643,69779.14859,0,0,-12.1615501,1219.327815,-19.52294355,0,6.750742579,196.41191,0.196951515,0,0
0,-0.1345695,0,0.03476393,-441.848498,11.1631643,69779.14859,0,0,-9.683034583,1228.786458,-19.04519444,0,7.522526018,656.8455983,0.19738865,0,0
0,-0.130987826,0,0.03476393,-441.848498,11.1631643,69779.14859,0,0,-15.79505296,1211.194665,-19.30139851,0,4.381034438,541.5393525,0.196028607,0,0
0,-0.124268815,0,0.03476393,-441.848498,11.1631643,69779.14859,0,0,-13.49235135,1217.616104,-19.58877631,0,4.906381526,-471.0733139,0.196867681,0,0
0,-0.117900849,0,0.03476393,-441.848498,11.1631643,69779.14859,0,0,-8.677266851,1219.572752,-19.23284723,0,4.432011166,-726.991796,0.197315359,0,0
0,-0.114930274,0,0.03476393,-441.848498,11.1631643,69779.14859,0,0,-15.58174369,1204.434879,-19.94152373,0,2.90555582,-543.0628443,0.195633842,0,0
0,-0.108604485,0,0.03476393,-441.848498,11.1631643,69779.14859,0,0,-12.81690642,1205.264484,-19.24600518,0,1.517232539,-588.4656192,0.196272141,0,0
0,-0.101784371,0,0.03476393,-441.848498,11.1631643,69779.14859,0,0,-9.591670877,1216.607439,-19.07551116,0,1.143775843,1069.92602,0.198647356,0,0
0,-0.098805749,0,0.03476393,-441.848498,11.1631643,69779.14859,0,0,-14.27223532,1186.127638,-19.69220885,0,-0.256612125,-1143.975193,0.194957838,0,0
0,-0.092334305,0,0.03476393,-441.848498,11.1631643,69779.14859,0,0,-12.00659887,1190.842241,-19.30640014,0,-1.036970559,-984.3846336,0.197025648,0,0
0,-0.085910402,0,0.03476393,-441.848498,11.1631643,69779.14859,0,0,-10.74742817,1188.740095,-18.79792505,0,-2.527764964,-382.6473939,0.198947931,0,0
0,-0.082120891,0,0.03476393,-441.848498,11.1631643,69779.14859,0,0,-13.63702865,1145.278095,-19.53713668,0,-2.429388505,659.8133072,0.195270178,0,0
0,-0.076070497,0,0.03476393,-441.848498,11.1631643,69779.14859,0,0,-12.97589706,1132.614019,-18.83888314,0,-3.654108364,-1071.131022,0.196765115,0,0
0,-0.069997619,0,0.03476393,-441.848498,11.1631643,69779.14859,0,0,-13.72487949,1120.274982,-18.78320994,0,-5.09283717,1091.832768,0.198728728,0,0
0,-0.065762439,0,0.03476393,-441.848498,11.1631643,69779.14859,0,0,-14.1264772,1067.256659,-19.33825947,0,-2.950488262,1191.378319,0.196392414,0,0
0,-0.060259507,0,0.03476393,-441.848498,11.1631643,69779.14859,0,0,-13.9650133,1026.326744,-18.80761455,0,-3.69461821,1032.172869,0.196004534,0,0
0,-0.054524907,0,0.03476393,-441.848498,11.1631643,69779.14859,0,0,-16.5985377,995.2331689,-17.80082152,0,-6.020195113,1354.833203,0.196510806,0,0
0,-0.049094058,0,0.03476393,-441.848498,11.1631643,69779.14859,0,0,-13.72907075,926.7154556,-18.04723486,0,-1.840060664,-56.32254467,0.195457775,0,0
0,-0.043454799,0,0.03476393,-441.848498,11.1631643,69779.14859,0,0,-21.46945271,852.8943676,-17.88975995,0,-1.842155915,-1218.469059,0.195436107,0,0
0,-0.038429189,0,0.03476393,-441.848498,11.1631643,69779.14859,0,0,-20.24054551,803.772087,-17.12700335,0,-3.886988932,712.2535084,0.194938359,0,0
0,-0.033114125,0,0.03476393,-441.848498,11.1631643,69779.14859,0,0,-24.17914381,732.7258681,-16.70760074,0,-1.418354777,-989.5523688,0.194856515,0,0
0,-0.027648625,0,0.03476393,-441.848498,11.1631643,69779.14859,0,0,-21.85465684,645.6808109,-16.95260346,0,3.61252505,-359.6497994,0.194853961,0,0
0,-0.022197282,0,0.03476393,-441.848498,11.1631643,69779.14859,0,0,-25.05617632,571.3071321,-15.62376064,0,2.535309037,-915.3673392,0.197545168,0,0
0,-0.01679604,0,0.03476393,-441.848498,11.1631643,69779.14859,0,0,-32.66303396,466.3826287,-15.78443109,0,4.903385645,-1009.942243,0.199071852,0,0
0,-0.011601493,0,0.03476393,-441.848498,11.1631643,69779.14859,0,0,-32.79274783,368.2070835,-14.25578813,0,9.624545074,263.7548523,0.202733007,0,0
0,-0.00654943,0,0.03476393,-441.848498,11.1631643,69779.14859,0,0,-30.7894872,229.8274073,-13.48450844,0,11.8843312,908.8272846,0.20302015,0,0
0,-0.00130637,0,0.03476393,-441.848498,11.1631643,69779.14859,0,0,-37.6999211,84.39048143,-13.57358607,0,15.66540251,1398.734497,0.205149606,0,0
0,0.004466613,0,0.03476393,-441.848498,11.1631643,69779.14859,0,0,-27.2423185,-65.79493996,-12.4791707,0,22.80335289,983.1951602,0.202888893,0,0
0,0.009924816,0,0.03476393,-441.848498,11.1631643,69779.14859,0,0,-34.24234249,-193.5558583,-11.8224299,0,21.34132276,829.4355291,0.199337865,0,0
0,0.015305378,0,0.03476393,-441.848498,11.1631643,69779.14859,0,0,-24.33459322,-309.4033596,-11.17470776,0,25.224058,990.153169,0.195082211,0,0
0,0.020878949,0,0.03476393,-441.848498,11.1631643,69779.14859,0,0,-20.28598339,-409.8748558,-10.83212908,0,30.03072035,1000.914509,0.19154315,0,0
0,0.025771838,0,0.03476393,-441.848498,11.1631643,69779.14859,0,0,-20.4128878,-502.884941,-10.78162719,0,28.40092779,43.51013339,0.192331273,0,0
0,0.03072969,0,0.03476393,-441.848498,11.1631643,69779.14859,0,0,-22.41224495,-592.7747144,-9.971953872,0,27.91361868,565.6443101,0.195347073,0,0
0,0.037111262,0,0.03476393,-441.848498,11.1631643,69779.14859,0,0,-13.59592335,-681.3832613,-9.279274531,0,31.18482187,91.75591545,0.195909992,0,0
0,0.042705868,0,0.03476393,-441.848498,11.1631643,69779.14859,0,0,-12.37190113,-787.9461107,-10.08122384,0,30.02384373,300.6318802,0.20110827,0,0
0,0.046600995,0,0.03476393,-441.848498,11.1631643,69779.14859,0,0,-17.33044342,-805.8638459,-8.390759349,0,31.78684927,962.6736564,0.198013762,0,0
0,0.052577183,0,0.03476393,-441.848498,11.1631643,69779.14859,0,0,-13.79464963,-887.8584229,-8.856063064,0,30.18210158,1715.264698,0.201333353,0,0
0,0.057835089,0,0.03476393,-441.848498,11.1631643,69779.14859,0,0,-10.04582016,-964.5833657,-9.447199502,0,28.9459021,1199.213307,0.20696798,0,0
0,0.063299276,0,0.03476393,-441.848498,11.1631643,69779.14859,0,0,-7.788680461,-991.4765728,-8.722568521,0,31.90825855,332.204348,0.20347501,0,0
0,0.069270125,0,0.03476393,-441.848498,11.1631643,69779.14859,0,0,-17.08605546,-1014.168892,-7.560480663,0,29.48375164,1095.869924,0.196719342,0,0
0,0.073364178,0,0.03476393,-441.848498,11.1631643,69779.14859,0,0,-6.288394372,-1075.861679,-8.980830637,0,27.56740746,1485.567693,0.207556808,0,0
0,0.079839522,0,0.03476393,-441.848498,11.1631643,69779.14859,0,0,-8.999850374,-1086.281987,-7.891132452,0,27.94695724,907.5530208,0.199685634,0,0
0,0.085897171,0,0.03476393,-441.848498,11.1631643,69779.14859,0,0,-10.76426014,-1110.748379,-7.674709741,0,27.78054398,1079.691859,0.197851944,0,0
0,0.090244338,0,0.03476393,-441.848498,11.1631643,69779.14859,0,0,-5.989247233,-1136.635665,-8.154454078,0,25.61773453,1729.670031,0.201941467,0,0
0,0.095619984,0,0.03476393,-441.848498,11.1631643,69779.14859,0,0,-7.863765751,-1149.382084,-7.449077653,0,25.77145804,525.3740465,0.200119604,0,0
0,0.101477355,0,0.03476393,-441.848498,11.1631643,69779.14859,0,0,-7.458458529,-1161.907084,-7.269900335,0,25.07891623,1882.72508,0.198950669,0,0
0,0.106780463,0,0.03476393,-441.848498,11.1631643,69779.14859,0,0,-6.177974319,-1177.065009,-7.358931876,0,23.28664741,254.8524568,0.200238048,0,0
0,0.111840497,0,0.03476393,-441.848498,11.1631643,69779.14859,0,0,-7.711229956,-1187.031617,-7.356426171,0,22.97198799,932.5317947,0.200532585,0,0
0,0.116930722,0,0.03476393,-441.848498,11.1631643,69779.14859,0,0,-5.744167899,-1190.530263,-7.338505622,0,22.95185153,893.2663676,0.198339513,0,0
0,0.122565633,0,0.03476393,-441.848498,11.1631643,69779.14859,0,0,-7.011287287,-1204.165619,-7.221303044,0,21.00225532,529.0480469,0.20043835,0,0
0,0.128428358,0,0.03476393,-441.848498,11.1631643,69779.14859,0,0,-5.106324102,-1212.739609,-7.233565817,0,21.71378167,1458.504504,0.203268079,0,0
0,0.133081839,0,0.03476393,-441.848498,11.1631643,69779.14859,0,0,-7.948931035,-1210.956446,-7.422090179,0,20.51340241,818.5082159,0.200549098,0,0
0,0.138834821,0,0.03476393,-441.848498,11.1631643,69779.14859,0,0,-4.760539498,-1200.858704,-7.157725823,0,19.87796622,1053.860818,0.200915546,0,0
0,0.144630728,0,0.03476393,-441.848498,11.1631643,69779.14859,0,0,-3.366031894,-1199.13353,-6.899010276,0,21.91108493,1345.364745,0.200832908,0,0
0,0.149259301,0,0.03476393,-441.848498,11.1631643,69779.14859,0,0,-7.910146377,-1170.081626,-7.044137194,0,18.56541445,651.7323114,0.200190945,0,0
0,0.154458809,0,0.03476393,-441.848498,11.1631643,69779.14859,0,0,-7.460249091,-1163.441339,-6.600464841,0,18.66621107,795.7273722,0.199771889,0,0
0,0.160065213,0,0.03476393,-441.848498,11.1631643,69779.14859,0,0,-2.255554436,-1144.559139,-6.823145483,0,21.5008273,1752.914997,0.197929713,0,0
0,0.165352685,0,0.03476393,-441.848498,11.1631643,69779.14859,0,0,-5.459255563,-1130.519876,-6.50411419,0,18.94993591,1776.165558,0.198532952,0,0
0,0.171202821,0,0.03476393,-441.848498,11.1631643,69779.14859,0,0,-7.357608939,-1127.788501,-6.961232869,0,18.83184563,1418.066734,0.198398179,0,0
0,0.176446786,0,0.03476393,-441.848498,11.1631643,69779.14859,0,0,-0.70814098,-1125.58617,-6.770578224,0,21.35997946,1884.774187,0.198716655,0,0
0,0.181417003,0,0.03476393,-441.848498,11.1631643,69779.14859,0,0,-6.923947235,-1121.648485,-6.884360642,0,17.91472992,1418.259992,0.19819898,0,0
0,0.187108161,0,0.03476393,-441.848498,11.1631643,69779.14859,0,0,-7.39335523,-1114.476384,-6.782438371,0,18.71296858,1448.018443,0.199477567,0,0
0,0.19273343,0,0.03476393,-441.848498,11.1631643,69779.14859,0,0,-2.327799812,-1106.042009,-6.587675777,0,19.83638575,1018.802538,0.198228848,0,0
0,0.198342276,0,0.03476393,-441.848498,11.1631643,69779.14859,0,0,-11.23624859,-1105.406369,-7.244295261,0,15.65785075,1075.943761,0.198985488,0,0
0,0.203680463,0,0.03476393,-441.848498,11.1631643,69779.14859,0,0,-11.01007331,-1101.63785,-6.990602444,0,15.49568138,158.6918746,0.199026947,0,0
0,0.208342763,0,0.03476393,-441.848498,11.1631643,69779.14859,0,0,-27.91723622,-1098.722264,-7.0697269,0,7.931476043,1680.302407,0.197681849,0,0
0,0.212144043,0,0.03476393,-441.848498,11.1631643,69779.14859,0,0,-28.67890763,-1098.795899,-7.861460065,0,7.059828804,1542.287585,0.197413925,0,0
0,-0.213404406,0,0.069752314,-895.89251,11.1635887,69840.06415,0,0,5.808741033,2192.385902,-53.04300945,0,35.94476074,47.29636091,0.183248159,0,0
0,-0.20746008,0,0.069752314,-895.89251,11.1635887,69840.06415,0,0,-26.47375383,2224.603063,-53.8404002,0,17.43923562,633.8635961,0.183718851,0,0
0,-0.201494666,0,0.069752314,-895.89251,11.1635887,69840.06415,0,0,-42.52395874,2226.7046,-53.72461993,0,11.0801525,-38.39789094,0.184666954,0,0
0,-0.196335213,0,0.069752314,-895.89251,11.1635887,69840.06415,0,0,-20.00828542,2244.714318,-53.84987951,0,17.81389912,-185.4779009,0.185176451,0,0
0,-0.191335694,0,0.069752314,-895.89251,11.1635887,69840.06415,0,0,-24.21863494,2262.715164,-54.31850586,0,16.10543381,-68.47066832,0.18579765,0,0
0,-0.185842772,0,0.069752314,-895.89251,11.1635887,69840.06415,0,0,-34.96256908,2254.58025,-54.00210174,0,9.293101006,9.494922782,0.186057587,0,0
0,-0.179813496,0,0.069752314,-895.89251,11.1635887,69840.06415,0,0,-30.8558535,2291.647105,-53.70409042,0,9.721623001,-1819.675352,0.187480616,0,0
0,-0.175296987,0,0.069752314,-895.89251,11.1635887,69840.06415,0,0,-21.42147287,2275.451708,-54.38373976,0,13.77933799,-1774.344931,0.18711282,0,0
0,-0.169541975,0,0.069752314,-895.89251,11.1635887,69840.06415,0,0,-27.6277007,2295.845666,-54.04933494,0,9.335323728,-910.2101647,0.188103579,0,0
0,-0.163912676,0,0.069752314,-895.89251,11.1635887,69840.06415,0,0,-32.92006869,2322.877925,-53.91129434,0,5.180219818,-163.2934754,0.189290934,0,0
0,-0.159197267,0,0.069752314,-895.89251,11.1635887,69840.06415,0,0,-26.05668938,2296.602463,-54.44174733,0,6.203356282,-198.8977062,0.188798719,0,0
0,-0.152897794,0,0.069752314,-895.89251,11.1635887,69840.06415,0,0,-22.91406814,2302.632921,-53.98605661,0,6.24755366,-819.2813949,0.189501352,0,0
0,-0.147628268,0,0.069752314,-895.89251,11.1635887,69840.06415,0,0,-32.10016338,2319.754307,-54.40899245,0,-0.041042658,-956.3899799,0.190392304,0,0
0,-0.14311506,0,0.069752314,-895.89251,11.1635887,69840.06415,0,0,-25.59363273,2305.674424,-54.16174748,0,-0.067998739,-239.1495588,0.190180572,0,0
0,-0.136827576,0,0.069752314,-895.89251,11.1635887,69840.06415,0,0,-21.25156564,2295.161991,-54.09710756,0,0.393229026,-393.3715749,0.190411111,0,0
0,-0.131115785,0,0.069752314,-895.89251,11.1635887,69840.06415,0,0,-29.87784343,2238.927974,-53.97740776,0,-5.309850708,-745.5778721,0.188283757,0,0
0,-0.126084376,0,0.069752314,-895.89251,11.1635887,69840.06415,0,0,-19.01852976,2279.880019,-53.56860934,0,-4.680526934,-1043.218225,0.191006854,0,0
0,-0.120582784,0,0.069752314,-895.89251,11.1635887,69840.06415,0,0,-18.48043033,2255.679873,-53.53923626,0,-7.77100293,-1272.377807,0.1908355,0,0
0,-0.115966768,0,0.069752314,-895.89251,11.1635887,69840.06415,0,0,-25.25386933,2161.424641,-54.08796158,0,-11.3216454,-1030.478971,0.18684918,0,0
0,-0.11018852,0,0.069752314,-895.89251,11.1635887,69840.06415,0,0,-17.60392716,2170.286196,-53.12566849,0,-11.89837095,-831.6500146,0.18895308,0,0
0,-0.103952861,0,0.069752314,-895.89251,11.1635887,69840.06415,0,0,-17.81688492,2171.667807,-52.60421691,0,-15.80898684,-2344.277937,0.191190583,0,0
0,-0.099393658,0,0.069752314,-895.89251,11.1635887,69840.06415,0,0,-19.39088411,2090.0069,-52.62402822,0,-18.30461484,-1409.131716,0.188444976,0,0
0,-0.094265597,0,0.069752314,-895.89251,11.1635887,69840.06415,0,0,-15.58184698,2060.20792,-52.35550111,0,-19.2291053,-872.7536755,0.189143327,0,0
0,-0.08773599,0,0.069752314,-895.89251,11.1635887,69840.06415,0,0,-16.04001026,2034.312709,-51.8520696,0,-21.35821835,-138.4723312,0.19075055,0,0
0,-0.082286294,0,0.069752314,-895.89251,11.1635887,69840.06415,0,0,-16.38238421,2024.491525,-51.49936951,0,-24.07661224,-531.0270083,0.193445403,0,0
0,-0.077784006,0,0.069752314,-895.89251,11.1635887,69840.06415,0,0,-21.98857851,1859.69386,-50.60580926,0,-22.40681028,-750.8037864,0.185756803,0,0
0,-0.072122463,0,0.069752314,-895.89251,11.1635887,69840.06415,0,0,-19.94133811,1847.130693,-50.20452944,0,-23.20060085,249.018741,0.188933693,0,0
0,-0.066709937,0,0.069752314,-895.89251,11.1635887,69840.06415,0,0,-18.6450185,1832.754124,-50.03797407,0,-23.06648653,-567.9559611,0.192526213,0,0
0,-0.060923544,0,0.069752314,-895.89251,11.1635887,69840.06415,0,0,-23.76276539,1700.661733,-48.7668104,0,-20.51477999,901.2171963,0.188538436,0,0
0,-0.055299183,0,0.069752314,-895.89251,11.1635887,69840.06415,0,0,-29.45457916,1615.425558,-47.99279922,0,-17.68388951,-973.1732377,0.187976407,0,0
0,-0.050915111,0,0.069752314,-895.89251,11.1635887,69840.06415,0,0,-25.20574805,1562.668936,-47.52663554,0,-17.05151595,295.039784,0.189447705,0,0
0,-0.045076963,0,0.069752314,-895.89251,11.1635887,69840.06415,0,0,-29.97955172,1454.151791,-46.23933402,0,-12.65971835,-367.3130363,0.188713114,0,0
0,-0.03933117,0,0.069752314,-895.89251,11.1635887,69840.06415,0,0,-32.6614585,1367.801777,-44.80440088,0,-9.265194779,-345.5334058,0.190680795,0,0
0,-0.034490228,0,0.069752314,-895.89251,11.1635887,69840.06415,0,0,-43.48915632,1242.213255,-44.01831496,0,-6.844745028,-860.5716988,0.188154726,0,0
0,-0.028805459,0,0.069752314,-895.89251,11.1635887,69840.06415,0,0,-40.2438118,1131.368859,-42.22224586,0,0.811683097,43.38032783,0.189342407,0,0
0,-0.023253285,0,0.069752314,-895.89251,11.1635887,69840.06415,0,0,-39.65976756,1011.74604,-40.33680542,0,8.16003309,2190.687669,0.192411657,0,0
0,-0.017991494,0,0.069752314,-895.89251,11.1635887,69840.06415,0,0,-55.84592762,854.6900349,-38.85152465,0,11.44778567,56.69830056,0.189723492,0,0
0,-0.012614692,0,0.069752314,-895.89251,11.1635887,69840.06415,0,0,-56.80409399,741.0514816,-37.03467419,0,17.57851133,1298.249618,0.193029648,0,0
0,-0.007416925,0,0.069752314,-895.89251,11.1635887,69840.06415,0,0,-55.57332763,557.6159821,-34.64278593,0,26.93777063,-328.2517529,0.190812104,0,0
0,-0.002235036,0,0.069752314,-895.89251,11.1635887,69840.06415,0,0,-64.23826943,389.038527,-32.7303522,0,34.73674977,233.1924373,0.191288321,0,0
0,0.003460862,0,0.069752314,-895.89251,11.1635887,69840.06415,0,0,-52.053894,207.8969369,-30.28538604,0,42.74939006,849.8066389,0.190359297,0,0
0,0.008884499,0,0.069752314,-895.89251,11.1635887,69840.06415,0,0,-57.50929209,39.20134159,-27.62488404,0,48.07919188,204.6781369,0.190287625,0,0
0,0.014052894,0,0.069752314,-895.89251,11.1635887,69840.06415,0,0,-59.05372185,-130.4843671,-25.39060036,0,53.69823841,-105.0743844,0.191492155,0,0
0,0.01958349,0,0.069752314,-895.89251,11.1635887,69840.06415,0,0,-51.32211505,-307.2675194,-23.68967007,0,61.35127815,-523.6291119,0.19037887,0,0
0,0.025549623,0,0.069752314,-895.89251,11.1635887,69840.06415,0,0,-47.55857541,-481.321771,-21.28230104,0,65.26774963,621.3466408,0.190492458,0,0
0,0.030427936,0,0.069752314,-895.89251,11.1635887,69840.06415,0,0,-56.91880546,-621.5018466,-19.26710388,0,67.13388603,839.7569263,0.192299052,0,0
0,0.035858474,0,0.069752314,-895.89251,11.1635887,69840.06415,0,0,-46.3884854,-770.7924582,-17.4652332,0,71.31893369,1327.377538,0.191954125,0,0
0,0.041289545,0,0.069752314,-895.89251,11.1635887,69840.06415,0,0,-42.06428945,-958.3064879,-15.93914212,0,72.56298552,873.6391522,0.19509655,0,0
0,0.046517084,0,0.069752314,-895.89251,11.1635887,69840.06415,0,0,-41.61882132,-1110.523655,-13.81899935,0,74.72649207,551.9369031,0.198015912,0,0
0,0.052721399,0,0.069752314,-895.89251,11.1635887,69840.06415,0,0,-45.50379615,-1245.389883,-11.02831003,0,72.2164519,1636.626494,0.197331271,0,0
0,0.058290079,0,0.069752314,-895.89251,11.1635887,69840.06415,0,0,-33.59891652,-1424.480095,-10.27434038,0,74.84589339,1325.596688,0.201739581,0,0
0,0.062885018,0,0.069752314,-895.89251,11.1635887,69840.06415,0,0,-44.29939348,-1409.333135,-7.303033656,0,75.12290723,916.21445,0.19250441,0,0
0,0.068619525,0,0.069752314,-895.89251,11.1635887,69840.06415,0,0,-38.27165644,-1571.417629,-6.741602778,0,72.09013412,1628.054392,0.196489224,0,0
0,0.074320967,0,0.069752314,-895.89251,11.1635887,69840.06415,0,0,-34.07105194,-1709.706187,-5.487000303,0,69.33522255,903.8005147,0.199941503,0,0
0,0.079178741,0,0.069752314,-895.89251,11.1635887,69840.06415,0,0,-43.22916446,-1655.008349,-2.747146997,0,69.46328136,1297.928495,0.18921224,0,0
0,0.084573477,0,0.069752314,-895.89251,11.1635887,69840.06415,0,0,-35.31782625,-1788.21868,-2.06536241,0,66.02704467,1416.637131,0.194135987,0,0
0,0.090156264,0,0.069752314,-895.89251,11.1635887,69840.06415,0,0,-30.08115724,-1919.845852,-2.046484906,0,62.94348744,243.2774673,0.198829144,0,0
0,0.095296642,0,0.069752314,-895.89251,11.1635887,69840.06415,0,0,-38.99099394,-1818.762696,0.489315812,0,62.82508367,1123.777924,0.185835464,0,0
0,0.100685377,0,0.069752314,-895.89251,11.1635887,69840.06415,0,0,-33.58941796,-1954.455151,1.076417663,0,58.95387363,945.6867448,0.192362749,0,0
0,0.106540657,0,0.069752314,-895.89251,11.1635887,69840.06415,0,0,-29.04821586,-2026.888633,1.744085518,0,55.94487641,1070.048449,0.194213694,0,0
0,0.11149288,0,0.069752314,-895.89251,11.1635887,69840.06415,0,0,-32.79900626,-1988.10689,2.751786602,0,56.81110546,1487.689671,0.186672124,0,0
0,0.116716575,0,0.069752314,-895.89251,11.1635887,69840.06415,0,0,-31.33372537,-2068.345951,3.925503957,0,52.96928725,418.5314237,0.191243932,0,0
0,0.123412725,0,0.069752314,-895.89251,11.1635887,69840.06415,0,0,-29.34965645,-2097.717847,4.562349329,0,49.91870018,1388.504154,0.190931866,0,0
0,0.128964559,0,0.069752314,-895.89251,11.1635887,69840.06415,0,0,-28.24205296,-2130.417837,4.683845167,0,50.72173402,1012.008407,0.190463892,0,0
0,0.133883711,0,0.069752314,-895.89251,11.1635887,69840.06415,0,0,-25.93247167,-2163.942214,4.845139135,0,46.55470782,1111.008883,0.193664325,0,0
0,0.139094289,0,0.069752314,-895.89251,11.1635887,69840.06415,0,0,-23.90626549,-2177.568416,5.198632813,0,44.94711317,810.6968216,0.192756331,0,0
0,0.143889803,0,0.069752314,-895.89251,11.1635887,69840.06415,0,0,-25.63443041,-2181.176508,5.406377397,0,46.26941079,863.2093681,0.192712934,0,0
0,0.149702911,0,0.069752314,-895.89251,11.1635887,69840.06415,0,0,-23.69146256,-2176.344636,5.136142963,0,42.03467175,937.6115506,0.193032859,0,0
0,0.155756747,0,0.069752314,-895.89251,11.1635887,69840.06415,0,0,-24.36638345,-2173.134461,4.749685161,0,41.82942238,666.8263829,0.192706062,0,0
0,0.159533858,0,0.069752314,-895.89251,11.1635887,69840.06415,0,0,-17.80472024,-2138.617188,5.016196156,0,40.99270205,1053.368784,0.191830472,0,0
0,0.165186854,0,0.069752314,-895.89251,11.1635887,69840.06415,0,0,-24.9698931,-2129.403546,4.346761522,0,39.83519337,1246.667333,0.192232288,0,0
0,0.171457349,0,0.069752314,-895.89251,11.1635887,69840.06415,0,0,-23.07539009,-2089.253495,4.58933149,0,37.70319555,744.1809753,0.190658892,0,0
0,0.177503354,0,0.069752314,-895.89251,11.1635887,69840.06415,0,0,-11.41692736,-2060.732977,4.480655198,0,39.72378849,1070.325056,0.188565053,0,0
0,0.182020893,0,0.069752314,-895.89251,11.1635887,69840.06415,0,0,-21.6355808,-2082.62454,4.737414353,0,37.33512906,791.1148653,0.190431767,0,0
0,0.187755096,0,0.069752314,-895.89251,11.1635887,69840.06415,0,0,-25.37255949,-2047.641814,3.918908839,0,32.81618961,527.3090052,0.189669959,0,0
0,0.192553806,0,0.069752314,-895.89251,11.1635887,69840.06415,0,0,-18.46265253,-2031.038244,3.946221486,0,36.34041293,1106.88324,0.189191241,0,0
0,0.198764455,0,0.069752314,-895.89251,11.1635887,69840.06415,0,0,-6.452464591,-2008.336126,2.830279836,0,42.02327232,1384.488255,0.189365232,0,0
0,0.203581629,0,0.069752314,-895.89251,11.1635887,69840.06415,0,0,-25.17615239,-2004.135039,3.692542059,0,28.86184297,1134.844125,0.187637284,0,0
0,0.209310289,0,0.069752314,-895.89251,11.1635887,69840.06415,0,0,-41.3790398,-2006.593307,2.442636941,0,23.72491163,1608.505928,0.190300103,0,0
0,0.213089122,0,0.069752314,-895.89251,11.1635887,69840.06415,0,0,-38.18798554,-2014.628723,3.468838304,0,23.95266008,1166.456631,0.190055687,0,0
0,-0.21110976,0,0.069677525,-670.9636627,11.16389388,69786.09639,0,0,29.17722391,1619.119519,-38.36653182,0,46.0659022,2090.260798,0.190622467,0,0
0,-0.206827145,0,0.069677525,-670.9636627,11.16389388,69786.09639,0,0,-16.9086284,1642.461054,-39.8119739,0,28.41575876,-57.85051783,0.190504407,0,0
0,-0.199611274,0,0.069677525,-670.9636627,11.16389388,69786.09639,0,0,-26.95786925,1641.471487,-39.4576309,0,21.97776352,637.4752363,0.191133891,0,0
0,-0.195238523,0,0.069677525,-670.9636627,11.16389388,69786.09639,0,0,-15.29424969,1659.645106,-40.30728152,0,27.41498306,-2446.263287,0.191486956,0,0
0,-0.190709886,0,0.069677525,-670.9636627,11.16389388,69786.09639,0,0,-13.51684319,1650.200228,-39.54630088,0,26.92036777,818.1555133,0.191208186,0,0
0,-0.18321656,0,0.069677525,-670.9636627,11.16389388,69786.09639,0,0,-26.75879409,1661.644418,-39.46697852,0,20.79119317,778.510748,0.191661994,0,0
0,-0.178961626,0,0.069677525,-670.9636627,11.16389388,69786.09639,0,0,-27.35023281,1670.653589,-39.44700346,0,21.075051,-523.1962617,0.191858043,0,0
0,-0.174153721,0,0.069677525,-670.9636627,11.16389388,69786.09639,0,0,-13.29258967,1668.076162,-39.4889567,0,25.7577787,606.2637936,0.191603443,0,0
0,-0.166904186,0,0.069677525,-670.9636627,11.16389388,69786.09639,0,0,-23.3844732,1683.011709,-39.2010745,0,20.82363608,-757.4035565,0.192442411,0,0
0,-0.163599177,0,0.069677525,-670.9636627,11.16389388,69786.09639,0,0,-27.80691589,1685.307694,-39.36423159,0,18.80513614,162.4857366,0.192198944,0,0
0,-0.15778727,0,0.069677525,-670.9636627,11.16389388,69786.09639,0,0,-16.58271832,1685.819659,-39.38992197,0,22.72638658,2.700201502,0.19239281,0,0
0,-0.150963262,0,0.069677525,-670.9636627,11.16389388,69786.09639,0,0,-20.03266639,1679.406541,-39.36773513,0,20.84868134,6.064987189,0.192714203,0,0
0,-0.147662845,0,0.069677525,-670.9636627,11.16389388,69786.09639,0,0,-23.71647858,1701.194903,-39.4187993,0,17.88797915,776.0014749,0.19292057,0,0
0,-0.141716014,0,0.069677525,-670.9636627,11.16389388,69786.09639,0,0,-19.13189603,1684.450472,-39.235402,0,19.34223882,-902.5134008,0.192706433,0,0
0,-0.134917644,0,0.069677525,-670.9636627,11.16389388,69786.09639,0,0,-19.02904624,1668.566673,-39.26620231,0,19.36851725,6.857462026,0.192614675,0,0
0,-0.13111508,0,0.069677525,-670.9636627,11.16389388,69786.09639,0,0,-21.07554038,1704.962004,-39.23725258,0,16.03134917,180.1243697,0.193771749,0,0
0,-0.125685406,0,0.069677525,-670.9636627,11.16389388,69786.09639,0,0,-19.36181015,1671.643342,-39.12041785,0,15.94211312,-1767.885986,0.192722298,0,0
0,-0.119654114,0,0.069677525,-670.9636627,11.16389388,69786.09639,0,0,-18.20091037,1644.907582,-38.96062169,0,16.03916939,-131.7137179,0.191776063,0,0
0,-0.114468127,0,0.069677525,-670.9636627,11.16389388,69786.09639,0,0,-18.54493195,1661.367477,-38.87155708,0,12.40170023,-656.7764156,0.192938612,0,0
0,-0.109392385,0,0.069677525,-670.9636627,11.16389388,69786.09639,0,0,-16.88891311,1662.953068,-38.99479494,0,11.26038976,871.0448249,0.192837892,0,0
0,-0.103776878,0,0.069677525,-670.9636627,11.16389388,69786.09639,0,0,-14.58316803,1606.650765,-38.90267383,0,11.23858682,174.0765898,0.191198628,0,0
0,-0.098173153,0,0.069677525,-670.9636627,11.16389388,69786.09639,0,0,-16.44158483,1596.82731,-39.10272555,0,7.596092725,-715.5628212,0.191307499,0,0
0,-0.092953363,0,0.069677525,-670.9636627,11.16389388,69786.09639,0,0,-12.09197313,1632.196149,-38.64914957,0,5.724896515,1097.39768,0.194148559,0,0
0,-0.087926505,0,0.069677525,-670.9636627,11.16389388,69786.09639,0,0,-12.87204225,1535.958356,-38.76444578,0,7.186188554,-198.6120341,0.190956728,0,0
0,-0.082258118,0,0.069677525,-670.9636627,11.16389388,69786.09639,0,0,-15.06539122,1541.159442,-38.50482614,0,2.979442681,661.1289412,0.192989885,0,0
0,-0.076691907,0,0.069677525,-670.9636627,11.16389388,69786.09639,0,0,-11.48784901,1543.247881,-38.14684425,0,1.518510166,-138.1068393,0.195292986,0,0
0,-0.07099448,0,0.069677525,-670.9636627,11.16389388,69786.09639,0,0,-13.94705906,1452.300526,-37.98262446,0,3.168168871,718.506769,0.193574076,0,0
0,-0.066037529,0,0.069677525,-670.9636627,11.16389388,69786.09639,0,0,-17.86262334,1435.333328,-37.28439365,0,0.764048605,-220.5755203,0.195232645,0,0
0,-0.060963974,0,0.069677525,-670.9636627,11.16389388,69786.09639,0,0,-12.40769111,1372.792151,-37.0551843,0,2.511376555,1115.11843,0.194630614,0,0
0,-0.054871602,0,0.069677525,-670.9636627,11.16389388,69786.09639,0,0,-18.6069366,1294.141564,-36.60595774,0,3.054351172,-273.3364488,0.194618733,0,0
0,-0.049271901,0,0.069677525,-670.9636627,11.16389388,69786.09639,0,0,-24.96739969,1206.014253,-36.45018867,0,4.137658415,-758.6576359,0.193722153,0,0
0,-0.044938192,0,0.069677525,-670.9636627,11.16389388,69786.09639,0,0,-13.13063547,1165.715298,-35.16750264,0,7.838224018,-995.0718094,0.194717935,0,0
0,-0.039051059,0,0.069677525,-670.9636627,11.16389388,69786.09639,0,0,-25.04044137,1066.590621,-34.67927278,0,7.82663879,-193.2232803,0.194347766,0,0
0,-0.033363151,0,0.069677525,-670.9636627,11.16389388,69786.09639,0,0,-34.47849381,968.7264608,-34.05195606,0,8.965129655,-933.1517029,0.194101472,0,0
0,-0.028729397,0,0.069677525,-670.9636627,11.16389388,69786.09639,0,0,-20.11224077,896.6985589,-33.1378591,0,16.16044073,813.1568492,0.194259994,0,0
0,-0.023131081,0,0.069677525,-670.9636627,11.16389388,69786.09639,0,0,-29.83836624,776.6824585,-32.53161769,0,18.68692026,2218.047792,0.194027911,0,0
0,-0.017158255,0,0.069677525,-670.9636627,11.16389388,69786.09639,0,0,-41.06622371,657.2514809,-31.29454644,0,20.78602138,304.8731895,0.195227795,0,0
0,-0.011893844,0,0.069677525,-670.9636627,11.16389388,69786.09639,0,0,-37.43547134,537.323599,-29.61664198,0,26.75827318,948.4193172,0.194749791,0,0
0,-0.006622819,0,0.069677525,-670.9636627,11.16389388,69786.09639,0,0,-41.97114773,387.3925273,-28.79787349,0,31.66547676,340.9411602,0.193690594,0,0
0,-0.001661832,0,0.069677525,-670.9636627,11.16389388,69786.09639,0,0,-43.38190713,247.8066657,-26.521744,0,36.0896373,-423.6555864,0.195500339,0,0
0,0.004138642,0,0.069677525,-670.9636627,11.16389388,69786.09639,0,0,-39.33682642,88.10863321,-25.77187033,0,45.53247441,761.1671964,0.195389713,0,0
0,0.009758243,0,0.069677525,-670.9636627,11.16389388,69786.09639,0,0,-40.96688661,-63.20645871,-24.22482733,0,46.30131117,545.3737985,0.194365112,0,0
0,0.0147255,0,0.069677525,-670.9636627,11.16389388,69786.09639,0,0,-42.52344785,-196.219902,-22.69191495,0,50.56637372,420.3233279,0.195052102,0,0
0,0.019825496,0,0.069677525,-670.9636627,11.16389388,69786.09639,0,0,-35.65750209,-327.0714737,-21.90048687,0,56.57639718,947.7049483,0.195204932,0,0
0,0.025866796,0,0.069677525,-670.9636627,11.16389388,69786.09639,0,0,-32.61148353,-462.6388707,-20.70021583,0,56.67992801,1903.670977,0.192687033,0,0
0,0.031252039,0,0.069677525,-670.9636627,11.16389388,69786.09639,0,0,-35.47292993,-585.657323,-19.89548396,0,57.73301749,1618.278226,0.193016266,0,0
0,0.036498516,0,0.069677525,-670.9636627,11.16389388,69786.09639,0,0,-32.82315176,-684.3180197,-18.10441891,0,60.60620465,1417.386725,0.192592226,0,0
0,0.041792079,0,0.069677525,-670.9636627,11.16389388,69786.09639,0,0,-28.97895334,-831.5667643,-17.67328312,0,60.66481581,837.6857525,0.196964472,0,0
0,0.046645109,0,0.069677525,-670.9636627,11.16389388,69786.09639,0,0,-23.83366204,-936.0042693,-16.49275675,0,63.43259423,1128.770681,0.199835697,0,0
0,0.052741798,0,0.069677525,-670.9636627,11.16389388,69786.09639,0,0,-32.30877354,-1045.234407,-15.18142382,0,59.54896105,1099.489015,0.200946391,0,0
0,0.05844162,0,0.069677525,-670.9636627,11.16389388,69786.09639,0,0,-18.75999486,-1169.894736,-14.77587465,0,62.52245085,1360.990311,0.204760923,0,0
0,0.062706699,0,0.069677525,-670.9636627,11.16389388,69786.09639,0,0,-27.22772967,-1152.112462,-13.0452389,0,61.61397354,1474.38569,0.195358896,0,0
0,0.068481303,0,0.069677525,-670.9636627,11.16389388,69786.09639,0,0,-25.214326,-1265.108692,-12.63863293,0,59.17039397,1308.006634,0.199611412,0,0
0,0.074394496,0,0.069677525,-670.9636627,11.16389388,69786.09639,0,0,-19.05556922,-1373.867265,-12.68168736,0,57.89354117,1109.567199,0.203721496,0,0
0,0.079588684,0,0.069677525,-670.9636627,11.16389388,69786.09639,0,0,-24.61454609,-1360.950113,-11.3262608,0,56.17134116,1450.342165,0.196577223,0,0
0,0.084972021,0,0.069677525,-670.9636627,11.16389388,69786.09639,0,0,-22.13300439,-1406.780445,-10.5764198,0,55.48368433,1077.563581,0.196285139,0,0
0,0.090274184,0,0.069677525,-670.9636627,11.16389388,69786.09639,0,0,-16.94595884,-1502.501912,-10.34033874,0,53.14466972,1039.067741,0.201590372,0,0
0,0.095950497,0,0.069677525,-670.9636627,11.16389388,69786.09639,0,0,-20.33703596,-1491.839822,-9.850554002,0,51.10618571,1151.382093,0.195772246,0,0
0,0.101021643,0,0.069677525,-670.9636627,11.16389388,69786.09639,0,0,-20.88738677,-1497.997794,-8.745219143,0,51.30106858,1507.427624,0.193447489,0,0
0,0.106781554,0,0.069677525,-670.9636627,11.16389388,69786.09639,0,0,-18.31550774,-1560.590185,-8.433313692,0,48.03145308,1211.901935,0.197102765,0,0
0,0.112906105,0,0.069677525,-670.9636627,11.16389388,69786.09639,0,0,-18.02821071,-1582.7477,-8.429283542,0,47.87317927,1209.191759,0.196730995,0,0
0,0.116878391,0,0.069677525,-670.9636627,11.16389388,69786.09639,0,0,-17.85594128,-1616.641163,-8.046267786,0,45.58148149,568.4734636,0.199569895,0,0
0,0.122368416,0,0.069677525,-670.9636627,11.16389388,69786.09639,0,0,-14.97841553,-1630.987721,-7.718990785,0,44.35599607,866.5513852,0.199213381,0,0
0,0.1272078,0,0.069677525,-670.9636627,11.16389388,69786.09639,0,0,-15.7530007,-1619.149616,-7.773024727,0,45.7687024,1016.027329,0.198635569,0,0
0,0.13319935,0,0.069677525,-670.9636627,11.16389388,69786.09639,0,0,-15.64819292,-1615.951647,-7.514226056,0,42.10488166,1177.994745,0.198448551,0,0
0,0.139119205,0,0.069677525,-670.9636627,11.16389388,69786.09639,0,0,-17.71684738,-1601.373573,-7.72426335,0,41.50539831,1155.712087,0.197071796,0,0
0,0.143547949,0,0.069677525,-670.9636627,11.16389388,69786.09639,0,0,-10.90297089,-1569.448909,-7.56139451,0,42.43375443,1305.932388,0.196223117,0,0
0,0.150556172,0,0.069677525,-670.9636627,11.16389388,69786.09639,0,0,-14.37897896,-1562.188142,-7.679337392,0,40.07985123,1069.081133,0.195452472,0,0
0,0.155424822,0,0.069677525,-670.9636627,11.16389388,69786.09639,0,0,-19.40969954,-1553.029116,-7.707458453,0,38.24636653,-118.2019771,0.194815504,0,0
0,0.159677241,0,0.069677525,-670.9636627,11.16389388,69786.09639,0,0,-12.1226122,-1534.298702,-7.659459817,0,40.63916081,1430.724229,0.195054607,0,0
0,0.16673588,0,0.069677525,-670.9636627,11.16389388,69786.09639,0,0,-11.51249803,-1528.95755,-7.513770129,0,39.55890954,1880.788136,0.194137316,0,0
0,0.170479995,0,0.069677525,-670.9636627,11.16389388,69786.09639,0,0,-17.38405106,-1518.3848,-7.987671137,0,36.9617431,710.5941227,0.194343042,0,0
0,0.175497188,0,0.069677525,-670.9636627,11.16389388,69786.09639,0,0,-11.30618671,-1524.010627,-7.776601904,0,39.6730596,832.9971821,0.194821274,0,0
0,0.182699697,0,0.069677525,-670.9636627,11.16389388,69786.09639,0,0,-11.71964336,-1514.307628,-7.820831749,0,38.72892683,613.4010048,0.194550692,0,0
0,0.18764247,0,0.069677525,-670.9636627,11.16389388,69786.09639,0,0,-15.95462863,-1520.473601,-8.382700507,0,37.43184611,191.4708819,0.195485505,0,0
0,0.191739954,0,0.069677525,-670.9636627,11.16389388,69786.09639,0,0,-12.9544878,-1517.790485,-7.974785131,0,37.91878351,1369.754047,0.194734135,0,0
0,0.19836012,0,0.069677525,-670.9636627,11.16389388,69786.09639,0,0,-3.607696175,-1508.671,-8.195974954,0,40.82143789,1706.280109,0.195142965,0,0
0,0.203082839,0,0.069677525,-670.9636627,11.16389388,69786.09639,0,0,-25.20900664,-1502.012876,-8.56289546,0,29.98364188,186.5880541,0.194413905,0,0
0,0.208360867,0,0.069677525,-670.9636627,11.16389388,69786.09639,0,0,-31.28429073,-1505.977809,-8.962008626,0,28.67308603,1320.239433,0.196310335,0,0
0,0.213063762,0,0.069677525,-670.9636627,11.16389388,69786.09639,0,0,-23.58217332,-1504.564327,-8.485773677,0,33.05202394,1337.37804,0.19402324,0,0
0,-0.208476249,0,0.069667403,-225.0631968,11.16423525,69697.35743,0,0,16.78756032,583.5257163,-14.36916997,0,33.34311354,-45.23700681,0.2025633,0,0
0,-0.203340712,0,0.069667403,-225.0631968,11.16423525,69697.35743,0,0,-12.42239328,578.9696444,-14.65597746,0,18.42545289,849.7775088,0.198362609,0,0
0,-0.19837232,0,0.069667403,-225.0631968,11.16423525,69697.35743,0,0,-16.55647956,583.0990034,-13.8222065,0,18.00479308,854.0162043,0.200500991,0,0
0,-0.192846671,0,0.069667403,-225.0631968,11.16423525,69697.35743,0,0,-7.842145205,587.56342,-14.32537063,0,20.52184708,570.4202192,0.201563421,0,0
0,-0.187915266,0,0.069667403,-225.0631968,11.16423525,69697.35743,0,0,-9.26258848,585.3674829,-14.21460554,0,20.6925647,-557.0590846,0.198580541,0,0
0,-0.182349935,0,0.069667403,-225.0631968,11.16423525,69697.35743,0,0,-8.243447548,591.7236921,-14.54534677,0,21.23668895,1094.853103,0.200943807,0,0
0,-0.176990746,0,0.069667403,-225.0631968,11.16423525,69697.35743,0,0,-14.65148356,592.8716731,-14.24975028,0,17.91124238,-678.0902896,0.200736786,0,0
0,-0.171733396,0,0.069667403,-225.0631968,11.16423525,69697.35743,0,0,-3.053219153,589.7335835,-14.12027401,0,22.38710911,-259.7931672,0.197497998,0,0
0,-0.166479079,0,0.069667403,-225.0631968,11.16423525,69697.35743,0,0,-6.427030209,595.2109024,-14.31227218,0,20.84260705,1387.14771,0.199231673,0,0
0,-0.160615616,0,0.069667403,-225.0631968,11.16423525,69697.35743,0,0,-15.13829879,600.5802502,-14.0449361,0,17.65537687,112.3001974,0.201046181,0,0
0,-0.155362109,0,0.069667403,-225.0631968,11.16423525,69697.35743,0,0,-3.690589758,595.5429846,-14.12078701,0,21.96504496,-645.6934904,0.197731287,0,0
0,-0.149659182,0,0.069667403,-225.0631968,11.16423525,69697.35743,0,0,-8.447223256,598.9518555,-14.10687485,0,19.2534284,921.2867318,0.198372143,0,0
0,-0.144678189,0,0.069667403,-225.0631968,11.16423525,69697.35743,0,0,-12.85944755,601.0393273,-14.22637949,0,17.68931287,-984.1040012,0.200432195,0,0
0,-0.138764502,0,0.069667403,-225.0631968,11.16423525,69697.35743,0,0,-5.666459256,597.3784674,-14.20338582,0,20.4899274,616.6755647,0.197800125,0,0
0,-0.134481444,0,0.069667403,-225.0631968,11.16423525,69697.35743,0,0,-6.026541852,599.324366,-14.38343716,0,19.33318003,469.4933542,0.198238201,0,0
0,-0.129349847,0,0.069667403,-225.0631968,11.16423525,69697.35743,0,0,-11.46197597,597.5194808,-14.18297286,0,17.49915508,761.2451091,0.19892774,0,0
0,-0.123141987,0,0.069667403,-225.0631968,11.16423525,69697.35743,0,0,-6.409283478,594.0582462,-14.1220837,0,18.88563574,578.173043,0.196971994,0,0
0,-0.117141258,0,0.069667403,-225.0631968,11.16423525,69697.35743,0,0,-6.194561551,591.6024332,-14.69007932,0,17.80016075,1114.418013,0.195969638,0,0
0,-0.113893472,0,0.069667403,-225.0631968,11.16423525,69697.35743,0,0,-10.95778641,593.2856093,-14.08912735,0,16.85524816,-209.4064462,0.197056425,0,0
0,-0.107266623,0,0.069667403,-225.0631968,11.16423525,69697.35743,0,0,-8.245935028,589.0842918,-14.34330107,0,16.72345243,-361.983131,0.195539849,0,0
0,-0.101494275,0,0.069667403,-225.0631968,11.16423525,69697.35743,0,0,-4.433926776,590.6316447,-13.93402311,0,16.93107776,-804.6657349,0.193988502,0,0
0,-0.09642285,0,0.069667403,-225.0631968,11.16423525,69697.35743,0,0,-10.75287879,579.6823401,-14.26486811,0,15.16756586,-122.7658141,0.193366333,0,0
0,-0.090864033,0,0.069667403,-225.0631968,11.16423525,69697.35743,0,0,-8.819425647,572.5621403,-13.94381251,0,15.49680883,477.4886725,0.195901625,0,0
0,-0.086116334,0,0.069667403,-225.0631968,11.16423525,69697.35743,0,0,-3.069993236,576.3442575,-14.01824271,0,15.89891797,-129.2894122,0.189444637,0,0
0,-0.080137759,0,0.069667403,-225.0631968,11.16423525,69697.35743,0,0,-10.27409243,559.4286141,-14.0828267,0,15.18407949,56.29699072,0.195757215,0,0
0,-0.076260631,0,0.069667403,-225.0631968,11.16423525,69697.35743,0,0,-11.49177415,553.750589,-13.88045337,0,11.51369259,503.0982432,0.190325217,0,0
0,-0.070538438,0,0.069667403,-225.0631968,11.16423525,69697.35743,0,0,-4.914178066,538.9824762,-13.84974938,0,15.88786383,191.6887149,0.195248705,0,0
0,-0.06384312,0,0.069667403,-225.0631968,11.16423525,69697.35743,0,0,-10.26401617,521.0778641,-14.27870134,0,17.18516668,1989.898035,0.199928938,0,0
0,-0.060097433,0,0.069667403,-225.0631968,11.16423525,69697.35743,0,0,-11.60797122,506.0275106,-13.68759768,0,11.58114026,-638.2872548,0.192126602,0,0
0,-0.053870805,0,0.069667403,-225.0631968,11.16423525,69697.35743,0,0,-10.40742736,482.932389,-13.75075174,0,15.22191507,298.4152255,0.197707265,0,0
0,-0.048015642,0,0.069667403,-225.0631968,11.16423525,69697.35743,0,0,-8.053809369,454.1169151,-13.69009879,0,18.80869274,-242.4413497,0.201624704,0,0
0,-0.042937244,0,0.069667403,-225.0631968,11.16423525,69697.35743,0,0,-11.31919534,429.7708158,-13.4748993,0,13.24392935,-1422.129441,0.197187373,0,0
0,-0.038056845,0,0.069667403,-225.0631968,11.16423525,69697.35743,0,0,-17.93427325,400.8052584,-13.68772624,0,16.11971173,136.1901317,0.206025812,0,0
0,-0.032502834,0,0.069667403,-225.0631968,11.16423525,69697.35743,0,0,-11.44713713,369.6484175,-13.53911448,0,17.53335954,-66.35738437,0.204605818,0,0
0,-0.027362622,0,0.069667403,-225.0631968,11.16423525,69697.35743,0,0,-4.948532361,339.66423,-13.38401673,0,21.26740627,221.033985,0.207487161,0,0
0,-0.022379348,0,0.069667403,-225.0631968,11.16423525,69697.35743,0,0,-18.28127932,288.8976628,-13.71953921,0,18.698215,854.5533973,0.210014576,0,0
0,-0.016254717,0,0.069667403,-225.0631968,11.16423525,69697.35743,0,0,-23.21555816,240.9871725,-13.33707959,0,18.24710104,632.7722798,0.215949207,0,0
0,-0.010854825,0,0.069667403,-225.0631968,11.16423525,69697.35743,0,0,-10.27481099,173.8823587,-13.06263233,0,25.62056823,910.9906279,0.218467352,0,0
0,-0.006079274,0,0.069667403,-225.0631968,11.16423525,69697.35743,0,0,-21.59384688,97.53794581,-13.45870446,0,22.45466351,510.5369682,0.210470508,0,0
0,-0.000639144,0,0.069667403,-225.0631968,11.16423525,69697.35743,0,0,-19.44232205,22.0744758,-13.06797648,0,23.50036882,485.0763765,0.212275024,0,0
0,0.004729323,0,0.069667403,-225.0631968,11.16423525,69697.35743,0,0,-11.36396398,-50.43813365,-13.32120695,0,29.40733635,250.7476167,0.209487078,0,0
0,0.010145681,0,0.069667403,-225.0631968,11.16423525,69697.35743,0,0,-19.9305982,-114.7827196,-12.86861838,0,25.62147443,-190.9788441,0.205354058,0,0
0,0.016003238,0,0.069667403,-225.0631968,11.16423525,69697.35743,0,0,-15.36681275,-171.374201,-13.03613328,0,25.51869172,196.2911431,0.198549041,0,0
0,0.020408445,0,0.069667403,-225.0631968,11.16423525,69697.35743,0,0,-9.076660049,-216.3489753,-12.36725039,0,30.71257145,1169.026715,0.20037575,0,0
0,0.026045761,0,0.069667403,-225.0631968,11.16423525,69697.35743,0,0,-12.9704278,-258.3060699,-12.55482136,0,27.1032464,335.6841777,0.197824314,0,0
0,0.032056841,0,0.069667403,-225.0631968,11.16423525,69697.35743,0,0,-10.15196455,-295.2473171,-12.83956864,0,25.68281064,1707.393628,0.193567432,0,0
0,0.036066011,0,0.069667403,-225.0631968,11.16423525,69697.35743,0,0,-7.211390819,-329.6201029,-12.34139762,0,30.08934309,1362.296067,0.198541396,0,0
0,0.041948639,0,0.069667403,-225.0631968,11.16423525,69697.35743,0,0,-8.277653125,-364.4026675,-12.56259298,0,28.37887937,801.5208095,0.197465298,0,0
0,0.048264107,0,0.069667403,-225.0631968,11.16423525,69697.35743,0,0,-8.325150805,-399.6503956,-12.88261255,0,27.36531741,1171.847156,0.197839137,0,0
0,0.052539229,0,0.069667403,-225.0631968,11.16423525,69697.35743,0,0,-3.934098179,-429.4958167,-12.60230372,0,30.28396705,917.2668679,0.201330022,0,0
0,0.057511808,0,0.069667403,-225.0631968,11.16423525,69697.35743,0,0,-6.483339132,-450.7537165,-12.43293929,0,28.80055275,807.4757183,0.201641257,0,0
0,0.063886376,0,0.069667403,-225.0631968,11.16423525,69697.35743,0,0,-5.796383353,-477.4646288,-12.64574065,0,28.2913295,392.7021159,0.20267677,0,0
0,0.068936615,0,0.069667403,-225.0631968,11.16423525,69697.35743,0,0,2.902632494,-502.8347099,-12.56040229,0,30.6679935,-192.8675997,0.2061538,0,0
0,0.074964766,0,0.069667403,-225.0631968,11.16423525,69697.35743,0,0,-7.198462762,-515.9875426,-12.61861362,0,26.93522055,1230.339743,0.205049167,0,0
0,0.079232629,0,0.069667403,-225.0631968,11.16423525,69697.35743,0,0,-1.3315325,-531.1948223,-13.01983424,0,30.08501621,-32.54216613,0.206033888,0,0
0,0.08369603,0,0.069667403,-225.0631968,11.16423525,69697.35743,0,0,-3.316907264,-537.6282149,-12.6254258,0,28.14750528,1083.715541,0.206301668,0,0
0,0.090449016,0,0.069667403,-225.0631968,11.16423525,69697.35743,0,0,-3.764548425,-549.4652531,-12.97978221,0,27.46725269,1480.941118,0.207081589,0,0
0,0.096776202,0,0.069667403,-225.0631968,11.16423525,69697.35743,0,0,-0.424923452,-558.9597197,-12.9227934,0,27.49618885,1147.599285,0.207725044,0,0
0,0.100009907,0,0.069667403,-225.0631968,11.16423525,69697.35743,0,0,-1.589365452,-559.4763125,-12.61292194,0,27.88035177,748.6166367,0.205922584,0,0
0,0.105802826,0,0.069667403,-225.0631968,11.16423525,69697.35743,0,0,-2.748171186,-561.1780773,-12.51701674,0,25.90123743,1078.296056,0.207201276,0,0
0,0.111720248,0,0.069667403,-225.0631968,11.16423525,69697.35743,0,0,0.707252233,-576.5240985,-12.78821622,0,27.05238005,1532.296187,0.211308472,0,0
0,0.117001688,0,0.069667403,-225.0631968,11.16423525,69697.35743,0,0,0.299476555,-573.0027695,-12.73953171,0,26.78427062,893.9377726,0.209568957,0,0
0,0.122799375,0,0.069667403,-225.0631968,11.16423525,69697.35743,0,0,-5.499099832,-571.7759957,-12.61320544,0,24.69840654,1515.677582,0.207480984,0,0
0,0.12737107,0,0.069667403,-225.0631968,11.16423525,69697.35743,0,0,-0.139192429,-576.1165904,-12.83501947,0,26.40651673,1428.173379,0.209224342,0,0
0,0.132580129,0,0.069667403,-225.0631968,11.16423525,69697.35743,0,0,1.790698484,-582.3706305,-12.49977979,0,25.66828227,1209.257882,0.211235573,0,0
0,0.138129553,0,0.069667403,-225.0631968,11.16423525,69697.35743,0,0,-4.876106814,-579.8991839,-12.93834895,0,24.21768603,42.83419331,0.208368587,0,0
0,0.143486606,0,0.069667403,-225.0631968,11.16423525,69697.35743,0,0,0.493014133,-578.4017947,-12.77506415,0,25.8580526,1137.429616,0.208554943,0,0
0,0.149813973,0,0.069667403,-225.0631968,11.16423525,69697.35743,0,0,-0.915488361,-586.0785405,-12.7879969,0,24.72037358,1423.658663,0.209936315,0,0
0,0.154002144,0,0.069667403,-225.0631968,11.16423525,69697.35743,0,0,-1.472911451,-588.9151125,-13.27437916,0,23.80657307,1311.754398,0.209080944,0,0
0,0.159112427,0,0.069667403,-225.0631968,11.16423525,69697.35743,0,0,2.24529046,-585.6934057,-12.66047299,0,25.8970829,1112.995862,0.208232678,0,0
0,0.16521888,0,0.069667403,-225.0631968,11.16423525,69697.35743,0,0,-0.887799679,-588.4541802,-12.622576,0,23.97119454,1302.641349,0.209022885,0,0
0,0.170072875,0,0.069667403,-225.0631968,11.16423525,69697.35743,0,0,-1.451331217,-583.4557891,-12.50697481,0,25.02924622,-441.4386097,0.206942573,0,0
0,0.175616301,0,0.069667403,-225.0631968,11.16423525,69697.35743,0,0,3.983321722,-583.9802606,-12.1450643,0,26.14036656,1399.896921,0.207509754,0,0
0,0.180833266,0,0.069667403,-225.0631968,11.16423525,69697.35743,0,0,-5.568402906,-585.7102059,-11.89152452,0,23.26895727,1216.789011,0.208623484,0,0
0,0.18581125,0,0.069667403,-225.0631968,11.16423525,69697.35743,0,0,0.023905336,-578.6597548,-11.8814631,0,24.97398722,524.4682043,0.206412052,0,0
0,0.192113801,0,0.069667403,-225.0631968,11.16423525,69697.35743,0,0,0.162601003,-581.997674,-11.85821497,0,25.34013681,1656.587057,0.207982947,0,0
0,0.196208421,0,0.069667403,-225.0631968,11.16423525,69697.35743,0,0,-2.542982212,-579.5488171,-13.2244001,0,24.41461871,1886.951376,0.206086357,0,0
0,0.202552821,0,0.069667403,-225.0631968,11.16423525,69697.35743,0,0,-11.94672361,-575.7328023,-13.08638727,0,18.78801947,1657.117763,0.204908636,0,0
0,0.207100784,0,0.069667403,-225.0631968,11.16423525,69697.35743,0,0,-15.61233684,-571.1020157,-11.77187421,0,15.72027885,13.2578362,0.20484841,0,0
0,0.212178981,0,0.069667403,-225.0631968,11.16423525,69697.35743,0,0,-22.96750068,-563.5020582,-13.22374459,0,11.98094812,965.4224552,0.200260345,0,0
0,-0.213882634,0,0.069667721,-1120.755485,11.1650678,69847.33761,0,0,-28.91831368,2716.79977,-67.6146287,0,14.17557423,-1742.615295,0.179937959,0,0
0,-0.206386214,0,0.069667721,-1120.755485,11.1650678,69847.33761,0,0,-15.9786324,2710.562201,-67.35747912,0,20.84946309,-294.3720623,0.179775708,0,0
0,-0.202298168,0,0.069667721,-1120.755485,11.1650678,69847.33761,0,0,-33.88801719,2726.465404,-68.19958575,0,8.717641966,-1980.987534,0.180429881,0,0
0,-0.19651337,0,0.069667721,-1120.755485,11.1650678,69847.33761,0,0,-47.03571599,2731.586918,-68.20133396,0,1.28715462,-1039.306529,0.181016481,0,0
0,-0.1913764,0,0.069667721,-1120.755485,11.1650678,69847.33761,0,0,-26.14118955,2719.719381,-68.00625554,0,7.878865,-1258.45427,0.180667233,0,0
0,-0.185111943,0,0.069667721,-1120.755485,11.1650678,69847.33761,0,0,-39.90007049,2749.71383,-67.57879772,0,0.060695773,-191.2556949,0.182293922,0,0
0,-0.179837555,0,0.069667721,-1120.755485,11.1650678,69847.33761,0,0,-46.44317677,2717.281815,-67.93872523,0,-6.142394591,-2015.336931,0.181297568,0,0
0,-0.175189221,0,0.069667721,-1120.755485,11.1650678,69847.33761,0,0,-29.29115864,2725.082988,-67.75893116,0,-0.46980777,-246.3738099,0.182055727,0,0
0,-0.16901047,0,0.069667721,-1120.755485,11.1650678,69847.33761,0,0,-37.96665848,2720.732202,-68.00144317,0,-5.991485357,56.88221215,0.182547904,0,0
0,-0.163565117,0,0.069667721,-1120.755485,11.1650678,69847.33761,0,0,-41.89591245,2681.299182,-67.5425845,0,-12.58493099,-350.5242528,0.181275761,0,0
0,-0.158344535,0,0.069667721,-1120.755485,11.1650678,69847.33761,0,0,-26.83721888,2691.673862,-67.23512444,0,-8.67815319,-455.8111746,0.182568663,0,0
0,-0.153309501,0,0.069667721,-1120.755485,11.1650678,69847.33761,0,0,-37.0486997,2635.006879,-67.8350268,0,-15.88312906,-104.1657709,0.180752401,0,0
0,-0.148427891,0,0.069667721,-1120.755485,11.1650678,69847.33761,0,0,-37.18107594,2621.505208,-67.64224861,0,-19.41546964,-1050.073707,0.181289959,0,0
0,-0.142244544,0,0.069667721,-1120.755485,11.1650678,69847.33761,0,0,-28.4469996,2587.282531,-67.13701852,0,-18.7091103,-715.85165,0.181133248,0,0
0,-0.136080583,0,0.069667721,-1120.755485,11.1650678,69847.33761,0,0,-37.40245343,2480.904309,-66.46841342,0,-27.30894241,10.58592441,0.177401061,0,0
0,-0.131910907,0,0.069667721,-1120.755485,11.1650678,69847.33761,0,0,-30.00561233,2590.46633,-66.86389409,0,-23.70212487,-193.6565082,0.184916313,0,0
0,-0.126234373,0,0.069667721,-1120.755485,11.1650678,69847.33761,0,0,-28.66703609,2494.843014,-66.3377521,0,-27.3060766,-610.2792202,0.182425818,0,0
0,-0.120346344,0,0.069667721,-1120.755485,11.1650678,69847.33761,0,0,-32.62701827,2344.788733,-64.80113189,0,-32.09841139,232.4394604,0.177413908,0,0
0,-0.115201015,0,0.069667721,-1120.755485,11.1650678,69847.33761,0,0,-30.81045273,2385.773352,-64.9903589,0,-32.50514298,65.3356229,0.181958677,0,0
0,-0.109852307,0,0.069667721,-1120.755485,11.1650678,69847.33761,0,0,-25.12533709,2423.548256,-65.17037698,0,-33.81779476,-882.2643483,0.186606676,0,0
0,-0.103961485,0,0.069667721,-1120.755485,11.1650678,69847.33761,0,0,-28.23659576,2288.709959,-63.74668492,0,-36.76912686,-236.0107004,0.182655653,0,0
0,-0.09849805,0,0.069667721,-1120.755485,11.1650678,69847.33761,0,0,-32.76922064,2145.131297,-62.17945708,0,-38.71028823,-1327.719683,0.178222556,0,0
0,-0.09427913,0,0.069667721,-1120.755485,11.1650678,69847.33761,0,0,-22.65635941,2281.802825,-63.74770145,0,-38.50478807,147.6233193,0.187979064,0,0
0,-0.088033238,0,0.069667721,-1120.755485,11.1650678,69847.33761,0,0,-28.84264173,2146.521525,-62.02009856,0,-39.58842726,-438.5317098,0.18450117,0,0
0,-0.081562671,0,0.069667721,-1120.755485,11.1650678,69847.33761,0,0,-28.19933312,2141.366306,-61.2140843,0,-39.65412245,-152.9669259,0.188134382,0,0
0,-0.077864279,0,0.069667721,-1120.755485,11.1650678,69847.33761,0,0,-32.86937708,1926.802575,-59.52536544,0,-39.32453795,-221.2308491,0.179554685,0,0
0,-0.072140505,0,0.069667721,-1120.755485,11.1650678,69847.33761,0,0,-31.65547858,1968.899294,-60.04808052,0,-37.45236115,758.0986207,0.185658757,0,0
0,-0.066212129,0,0.069667721,-1120.755485,11.1650678,69847.33761,0,0,-29.32652331,1966.672931,-59.77657595,0,-35.78109246,-720.3889139,0.190270477,0,0
0,-0.060899218,0,0.069667721,-1120.755485,11.1650678,69847.33761,0,0,-33.10991152,1831.975696,-58.27448843,0,-32.86795094,-323.8469916,0.187107158,0,0
0,-0.055279759,0,0.069667721,-1120.755485,11.1650678,69847.33761,0,0,-39.57233801,1697.236426,-56.10486708,0,-28.67345757,-1447.231367,0.183742336,0,0
0,-0.050436307,0,0.069667721,-1120.755485,11.1650678,69847.33761,0,0,-33.19750185,1688.818066,-56.58294708,0,-26.40792529,-505.1572313,0.188391918,0,0
0,-0.044940425,0,0.069667721,-1120.755485,11.1650678,69847.33761,0,0,-38.62948223,1559.1527,-54.59972599,0,-21.8855075,402.4518126,0.18586663,0,0
0,-0.038936021,0,0.069667721,-1120.755485,11.1650678,69847.33761,0,0,-43.06562614,1473.253737,-53.30487672,0,-16.56890249,-208.1731931,0.187475598,0,0
0,-0.033919918,0,0.069667721,-1120.755485,11.1650678,69847.33761,0,0,-48.01427405,1348.417021,-51.92003249,0,-12.73478606,785.8484603,0.186328877,0,0
0,-0.028697299,0,0.069667721,-1120.755485,11.1650678,69847.33761,0,0,-48.70748704,1231.569445,-49.77816765,0,-4.679849464,557.8339648,0.186516365,0,0
0,-0.023057474,0,0.069667721,-1120.755485,11.1650678,69847.33761,0,0,-47.78588795,1085.57361,-47.23881666,0,5.271902693,-826.5646579,0.187609135,0,0
0,-0.017753012,0,0.069667721,-1120.755485,11.1650678,69847.33761,0,0,-58.8132341,949.0705051,-45.00315696,0,9.453370936,-503.0855839,0.188979905,0,0
0,-0.012395592,0,0.069667721,-1120.755485,11.1650678,69847.33761,0,0,-64.68519585,815.9292728,-43.24020916,0,18.09215405,1171.428318,0.190310685,0,0
0,-0.0071441,0,0.069667721,-1120.755485,11.1650678,69847.33761,0,0,-62.65821535,623.3981459,-40.04703345,0,28.96110093,-399.8675296,0.187839554,0,0
0,-0.001815148,0,0.069667721,-1120.755485,11.1650678,69847.33761,0,0,-63.24800347,441.6764624,-36.43851448,0,39.34959092,-460.2665244,0.186892511,0,0
0,0.003894274,0,0.069667721,-1120.755485,11.1650678,69847.33761,0,0,-64.55427761,268.454817,-33.43330367,0,49.89864496,482.9899006,0.187901306,0,0
0,0.009307895,0,0.069667721,-1120.755485,11.1650678,69847.33761,0,0,-63.16007678,93.86714115,-30.73229704,0,57.66610309,629.469025,0.187599358,0,0
0,0.014785245,0,0.069667721,-1120.755485,11.1650678,69847.33761,0,0,-61.13237065,-86.7392536,-27.1460902,0,65.51081097,753.6389026,0.186947038,0,0
0,0.020013911,0,0.069667721,-1120.755485,11.1650678,69847.33761,0,0,-62.63703698,-260.4718716,-24.27472314,0,74.3415525,718.8601917,0.188408453,0,0
0,0.025304243,0,0.069667721,-1120.755485,11.1650678,69847.33761,0,0,-58.06742551,-425.5248716,-21.10558815,0,80.69542954,747.5225283,0.188110351,0,0
0,0.030604802,0,0.069667721,-1120.755485,11.1650678,69847.33761,0,0,-57.50904262,-600.8778079,-18.72887286,0,83.69167342,1189.946742,0.189678016,0,0
0,0.036243073,0,0.069667721,-1120.755485,11.1650678,69847.33761,0,0,-55.66466331,-767.3279377,-15.48385131,0,89.60499409,871.9335942,0.189870441,0,0
0,0.042076604,0,0.069667721,-1120.755485,11.1650678,69847.33761,0,0,-53.69838155,-984.664288,-12.24295759,0,93.47538639,1504.70104,0.192407144,0,0
0,0.047239459,0,0.069667721,-1120.755485,11.1650678,69847.33761,0,0,-50.7899395,-1154.366396,-9.392876835,0,94.92578798,1329.440568,0.194730653,0,0
0,0.051990616,0,0.069667721,-1120.755485,11.1650678,69847.33761,0,0,-57.18453322,-1279.891271,-5.743026804,0,93.26806597,1459.385659,0.194801778,0,0
0,0.058115643,0,0.069667721,-1120.755485,11.1650678,69847.33761,0,0,-48.1962183,-1435.349738,-3.733393467,0,96.18247921,955.6870872,0.193716355,0,0
0,0.063838909,0,0.069667721,-1120.755485,11.1650678,69847.33761,0,0,-45.03562887,-1643.13246,-1.328539439,0,94.48491011,1446.378483,0.197446632,0,0
0,0.069160213,0,0.069667721,-1120.755485,11.1650678,69847.33761,0,0,-50.94491446,-1635.24325,2.058969977,0,94.01893585,945.6575727,0.189300646,0,0
0,0.073769956,0,0.069667721,-1120.755485,11.1650678,69847.33761,0,0,-45.67937481,-1788.199881,3.186224822,0,91.97096644,1205.681727,0.192566024,0,0
0,0.078844049,0,0.069667721,-1120.755485,11.1650678,69847.33761,0,0,-47.80442575,-1916.363761,5.412237046,0,89.01194506,479.4078995,0.193896777,0,0
0,0.085650455,0,0.069667721,-1120.755485,11.1650678,69847.33761,0,0,-44.08621181,-1983.463059,7.815355379,0,87.35793315,1453.497167,0.190289827,0,0
0,0.090480334,0,0.069667721,-1120.755485,11.1650678,69847.33761,0,0,-46.18797337,-1980.440164,9.740721195,0,85.09309737,204.6403346,0.185240378,0,0
0,0.094765564,0,0.069667721,-1120.755485,11.1650678,69847.33761,0,0,-45.26584948,-2128.066831,10.9120021,0,82.19649364,1208.391656,0.189837486,0,0
0,0.101566195,0,0.069667721,-1120.755485,11.1650678,69847.33761,0,0,-43.17249257,-2200.898295,13.10242859,0,79.70290841,1054.166036,0.187996067,0,0
0,0.107554051,0,0.069667721,-1120.755485,11.1650678,69847.33761,0,0,-48.18895337,-2194.527703,14.93365482,0,77.31386603,1131.757995,0.1828899,0,0
0,0.111090051,0,0.069667721,-1120.755485,11.1650678,69847.33761,0,0,-39.58439769,-2379.639338,15.56515816,0,74.30427314,429.9034721,0.191233298,0,0
0,0.117529291,0,0.069667721,-1120.755485,11.1650678,69847.33761,0,0,-40.8233953,-2371.247349,17.14680577,0,72.72993538,955.9333512,0.186445064,0,0
0,0.123437419,0,0.069667721,-1120.755485,11.1650678,69847.33761,0,0,-46.79995914,-2377.728756,18.30717946,0,69.99608603,1602.319552,0.183185291,0,0
0,0.1273288,0,0.069667721,-1120.755485,11.1650678,69847.33761,0,0,-36.72589497,-2519.74807,18.7851159,0,66.75074312,865.387619,0.189814677,0,0
0,0.133296657,0,0.069667721,-1120.755485,11.1650678,69847.33761,0,0,-35.49527206,-2491.633508,19.47668036,0,66.47612842,894.6879295,0.185570623,0,0
0,0.138589024,0,0.069667721,-1120.755485,11.1650678,69847.33761,0,0,-41.84517468,-2495.052518,20.09436593,0,63.73445959,1264.720179,0.183868061,0,0
0,0.144619487,0,0.069667721,-1120.755485,11.1650678,69847.33761,0,0,-36.69280006,-2547.699481,20.82140032,0,59.34830562,833.2688733,0.185910176,0,0
0,0.150734214,0,0.069667721,-1120.755485,11.1650678,69847.33761,0,0,-31.3934761,-2567.368448,21.02619167,0,59.24621795,1057.138525,0.18501202,0,0
0,0.154828297,0,0.069667721,-1120.755485,11.1650678,69847.33761,0,0,-32.33119276,-2597.435986,21.30262274,0,54.44930058,1340.578967,0.187236579,0,0
0,0.160106916,0,0.069667721,-1120.755485,11.1650678,69847.33761,0,0,-32.27282911,-2589.74707,21.53166967,0,52.81629748,705.5503474,0.18594499,0,0
0,0.166273405,0,0.069667721,-1120.755485,11.1650678,69847.33761,0,0,-28.71565691,-2598.184478,21.58633477,0,53.57122216,1022.785753,0.18535094,0,0
0,0.171825271,0,0.069667721,-1120.755485,11.1650678,69847.33761,0,0,-33.17338989,-2607.505493,22.09300053,0,47.27192061,932.7047813,0.186168203,0,0
0,0.177401769,0,0.069667721,-1120.755485,11.1650678,69847.33761,0,0,-23.45850328,-2618.048334,22.27036101,0,47.26238742,1016.935855,0.185555523,0,0
0,0.182006548,0,0.069667721,-1120.755485,11.1650678,69847.33761,0,0,-22.9761269,-2594.868354,21.74134826,0,48.85704605,711.7677929,0.185146811,0,0
0,0.188008416,0,0.069667721,-1120.755485,11.1650678,69847.33761,0,0,-33.22676959,-2597.055903,21.94881084,0,39.78971426,1165.260155,0.185292836,0,0
0,0.194310811,0,0.069667721,-1120.755485,11.1650678,69847.33761,0,0,-19.44188969,-2600.360091,21.44144822,0,42.93882082,1264.366598,0.184432808,0,0
0,0.197525864,0,0.069667721,-1120.755485,11.1650678,69847.33761,0,0,-13.05784722,-2581.827068,21.69845178,0,47.03266565,1197.43318,0.184595652,0,0
0,0.204351544,0,0.069667721,-1120.755485,11.1650678,69847.33761,0,0,-32.99453257,-2569.70337,22.03520009,0,34.64951805,694.6554837,0.183265518,0,0
0,0.2083648,0,0.069667721,-1120.755485,11.1650678,69847.33761,0,0,-69.25791623,-2559.276471,20.28731008,0,16.8660865,725.3566068,0.182482067,0,0
0,0.213815867,0,0.069667721,-1120.755485,11.1650678,69847.33761,0,0,-24.85652933,-2540.470353,21.00699127,0,35.37106586,1062.179727,0.183561826,0,0
0,-0.21060877,0,0.069670053,-447.9970924,11.16351905,69743.31727,0,0,10.19187699,1097.605361,-25.200276,0,35.20528731,-833.5892759,0.192830903,0,0
0,-0.203911727,0,0.069670053,-447.9970924,11.16351905,69743.31727,0,0,-25.0293616,1103.221622,-25.97090774,0,20.09255454,801.7903218,0.193923657,0,0
0,-0.199261661,0,0.069670053,-447.9970924,11.16351905,69743.31727,0,0,-14.54174434,1105.447241,-25.6239352,0,23.78161596,-228.3115758,0.194569704,0,0
0,-0.194341526,0,0.069670053,-447.9970924,11.16351905,69743.31727,0,0,-11.28183378,1111.438262,-25.9282941,0,25.33236629,1176.277658,0.195167773,0,0
0,-0.187159679,0,0.069670053,-447.9970924,11.16351905,69743.31727,0,0,-14.53368195,1114.73698,-26.02318718,0,24.76412408,353.5374765,0.194749805,0,0
0,-0.183175164,0,0.069670053,-447.9970924,11.16351905,69743.31727,0,0,-14.50385231,1117.890227,-25.8872569,0,22.22008182,467.926226,0.194858668,0,0
0,-0.177909207,0,0.069670053,-447.9970924,11.16351905,69743.31727,0,0,-18.77023841,1123.988364,-25.7559889,0,21.76054845,-1241.552876,0.195494501,0,0
0,-0.171020607,0,0.069670053,-447.9970924,11.16351905,69743.31727,0,0,-8.096969066,1123.545817,-25.95281851,0,27.05466836,437.5159425,0.194926826,0,0
0,-0.167220494,0,0.069670053,-447.9970924,11.16351905,69743.31727,0,0,-14.33396425,1142.970561,-25.63101401,0,22.43044029,433.689088,0.196843108,0,0
0,-0.161734829,0,0.069670053,-447.9970924,11.16351905,69743.31727,0,0,-19.92964684,1130.547025,-25.62342302,0,20.13313226,683.759576,0.195399504,0,0
0,-0.155191779,0,0.069670053,-447.9970924,11.16351905,69743.31727,0,0,-8.403176494,1130.684093,-25.55088212,0,25.59817023,-272.5876025,0.194958188,0,0
0,-0.151366777,0,0.069670053,-447.9970924,11.16351905,69743.31727,0,0,-11.59783123,1142.889769,-25.65167198,0,22.19632785,1614.971381,0.196822022,0,0
0,-0.145336147,0,0.069670053,-447.9970924,11.16351905,69743.31727,0,0,-19.01999101,1135.239166,-25.90429759,0,19.54635406,234.2573141,0.195670742,0,0
0,-0.139363372,0,0.069670053,-447.9970924,11.16351905,69743.31727,0,0,-11.11968617,1120.620213,-25.72366917,0,23.71291017,625.374971,0.194876278,0,0
0,-0.135168086,0,0.069670053,-447.9970924,11.16351905,69743.31727,0,0,-9.368103086,1141.355169,-25.55685536,0,21.54045489,-1567.998915,0.196594249,0,0
0,-0.129288182,0,0.069670053,-447.9970924,11.16351905,69743.31727,0,0,-17.14051976,1127.973646,-25.70820307,0,18.9579234,-232.9179013,0.195659111,0,0
0,-0.12364495,0,0.069670053,-447.9970924,11.16351905,69743.31727,0,0,-13.10423732,1111.474386,-25.42136718,0,21.13533798,864.3377582,0.194225491,0,0
0,-0.118973791,0,0.069670053,-447.9970924,11.16351905,69743.31727,0,0,-8.455297557,1130.863952,-25.26922953,0,19.63866071,70.99236886,0.196238051,0,0
0,-0.113537739,0,0.069670053,-447.9970924,11.16351905,69743.31727,0,0,-15.1628246,1118.683565,-25.79424458,0,17.44565309,141.210508,0.195181135,0,0
0,-0.107811897,0,0.069670053,-447.9970924,11.16351905,69743.31727,0,0,-13.1121801,1093.47257,-25.84415576,0,18.61504973,582.2432142,0.193479538,0,0
0,-0.102385299,0,0.069670053,-447.9970924,11.16351905,69743.31727,0,0,-12.55995455,1110.343461,-25.69861159,0,16.1232359,31.7015789,0.195447735,0,0
0,-0.097328002,0,0.069670053,-447.9970924,11.16351905,69743.31727,0,0,-9.493037484,1105.32117,-25.61882726,0,15.61435297,478.1966207,0.194957823,0,0
0,-0.091924615,0,0.069670053,-447.9970924,11.16351905,69743.31727,0,0,-13.33961553,1065.292683,-25.85970691,0,15.36026538,190.7510032,0.193617605,0,0
0,-0.087036143,0,0.069670053,-447.9970924,11.16351905,69743.31727,0,0,-9.706512478,1078.282228,-24.92913491,0,13.16336222,-139.7524343,0.194978624,0,0
0,-0.081349012,0,0.069670053,-447.9970924,11.16351905,69743.31727,0,0,-9.746214879,1057.231592,-25.52266688,0,13.45705141,-713.5469507,0.19485979,0,0
0,-0.075294403,0,0.069670053,-447.9970924,11.16351905,69743.31727,0,0,-14.84579509,1011.839864,-25.63944538,0,13.20953374,691.6368998,0.194939177,0,0
0,-0.070899323,0,0.069670053,-447.9970924,11.16351905,69743.31727,0,0,-12.04254166,1027.896846,-25.20059319,0,10.16584158,1052.148827,0.196972211,0,0
0,-0.065260241,0,0.069670053,-447.9970924,11.16351905,69743.31727,0,0,-10.51341161,978.7676162,-25.31695103,0,13.02282525,705.3666623,0.196003338,0,0
0,-0.059109033,0,0.069670053,-447.9970924,11.16351905,69743.31727,0,0,-14.01775672,930.4378739,-25.27127488,0,13.58377885,-304.7569937,0.196600924,0,0
0,-0.054686886,0,0.069670053,-447.9970924,11.16351905,69743.31727,0,0,-14.75433209,904.6279428,-25.05601269,0,10.71959626,82.86582051,0.195979664,0,0
0,-0.049219129,0,0.069670053,-447.9970924,11.16351905,69743.31727,0,0,-14.81799317,851.991153,-24.81357636,0,13.25339745,731.1458201,0.195885284,0,0
0,-0.043005303,0,0.069670053,-447.9970924,11.16351905,69743.31727,0,0,-13.31360476,794.7156019,-24.3479348,0,15.78283645,531.1773345,0.197291688,0,0
0,-0.038358201,0,0.069670053,-447.9970924,11.16351905,69743.31727,0,0,-21.49632719,724.5770803,-24.6999425,0,13.42981882,-585.573805,0.194908093,0,0
0,-0.033166815,0,0.069670053,-447.9970924,11.16351905,69743.31727,0,0,-22.53415467,675.0570757,-23.62869481,0,14.89755541,-373.9290745,0.196013608,0,0
0,-0.027189307,0,0.069670053,-447.9970924,11.16351905,69743.31727,0,0,-14.12104617,605.2939213,-23.28481404,0,21.86536161,1012.27483,0.198958119,0,0
0,-0.021977116,0,0.069670053,-447.9970924,11.16351905,69743.31727,0,0,-25.45170042,517.2276153,-22.98193961,0,19.88512348,287.8495936,0.197860775,0,0
0,-0.016708143,0,0.069670053,-447.9970924,11.16351905,69743.31727,0,0,-28.75244355,436.4337764,-22.36189845,0,20.98905449,221.2277869,0.19944887,0,0
0,-0.011072887,0,0.069670053,-447.9970924,11.16351905,69743.31727,0,0,-27.30357264,347.0965344,-21.89557121,0,27.16661085,1514.981556,0.20354944,0,0
0,-0.005916179,0,0.069670053,-447.9970924,11.16351905,69743.31727,0,0,-29.90043326,225.270015,-21.30654214,0,28.45832301,609.2972886,0.201341887,0,0
0,-0.000569522,0,0.069670053,-447.9970924,11.16351905,69743.31727,0,0,-32.67538308,105.8209826,-20.95096927,0,30.56059098,-382.1796659,0.202017792,0,0
0,0.004882368,0,0.069670053,-447.9970924,11.16351905,69743.31727,0,0,-22.30416228,-11.28318692,-19.69788735,0,36.20016964,1438.453124,0.204201961,0,0
0,0.010337572,0,0.069670053,-447.9970924,11.16351905,69743.31727,0,0,-31.7393751,-123.7505578,-19.2110708,0,33.87898285,1282.318748,0.201248771,0,0
0,0.015777664,0,0.069670053,-447.9970924,11.16351905,69743.31727,0,0,-29.99662164,-218.9961195,-19.06735197,0,37.08487164,964.1711263,0.197232944,0,0
0,0.020506757,0,0.069670053,-447.9970924,11.16351905,69743.31727,0,0,-15.70613267,-298.7602276,-18.22533465,0,41.42839765,1898.608894,0.195300944,0,0
0,0.026321841,0,0.069670053,-447.9970924,11.16351905,69743.31727,0,0,-23.80445053,-384.1456956,-17.88020413,0,38.684693,684.6781426,0.193102667,0,0
0,0.031668414,0,0.069670053,-447.9970924,11.16351905,69743.31727,0,0,-23.72237614,-465.370838,-17.29118173,0,38.50481627,1674.520704,0.193431303,0,0
0,0.03655526,0,0.069670053,-447.9970924,11.16351905,69743.31727,0,0,-13.07361712,-538.086547,-16.61886724,0,42.70282382,729.080279,0.19613834,0,0
0,0.042190516,0,0.069670053,-447.9970924,11.16351905,69743.31727,0,0,-19.85996943,-625.0499972,-16.51169366,0,40.51739838,1239.569828,0.19855938,0,0
0,0.048072066,0,0.069670053,-447.9970924,11.16351905,69743.31727,0,0,-9.217027405,-704.3777567,-16.10256773,0,43.07721964,857.2728399,0.200729159,0,0
0,0.053499617,0,0.069670053,-447.9970924,11.16351905,69743.31727,0,0,-16.85697995,-761.5288496,-15.59186679,0,40.28758553,498.6386757,0.201898786,0,0
0,0.058665923,0,0.069670053,-447.9970924,11.16351905,69743.31727,0,0,-18.05886698,-815.511387,-15.37121778,0,40.99216412,1038.881959,0.202248622,0,0
0,0.063787351,0,0.069670053,-447.9970924,11.16351905,69743.31727,0,0,-6.64898467,-871.8276173,-15.38594667,0,43.78019188,793.8887747,0.205398523,0,0
0,0.068483602,0,0.069670053,-447.9970924,11.16351905,69743.31727,0,0,-11.77947357,-914.8923598,-14.54020097,0,39.60065297,1569.571762,0.208351404,0,0
0,0.074849313,0,0.069670053,-447.9970924,11.16351905,69743.31727,0,0,-10.72202771,-942.6908502,-14.39160147,0,39.58344506,1357.211796,0.205052335,0,0
0,0.080167448,0,0.069670053,-447.9970924,11.16351905,69743.31727,0,0,-12.63712293,-958.3294934,-14.45337686,0,37.80411516,-83.07225878,0.201788747,0,0
0,0.084267127,0,0.069670053,-447.9970924,11.16351905,69743.31727,0,0,-9.152549592,-983.241183,-14.30196694,0,38.36881573,891.025442,0.203774902,0,0
0,0.091271184,0,0.069670053,-447.9970924,11.16351905,69743.31727,0,0,-9.753002739,-1008.78044,-14.07593917,0,36.19317558,938.9408297,0.202449389,0,0
0,0.09743998,0,0.069670053,-447.9970924,11.16351905,69743.31727,0,0,-10.34578116,-1016.275045,-13.84661763,0,35.81841503,459.1442597,0.199525892,0,0
0,0.100393332,0,0.069670053,-447.9970924,11.16351905,69743.31727,0,0,-5.041949533,-1064.408732,-13.19620137,0,35.85864235,1355.704972,0.206965428,0,0
0,0.106476265,0,0.069670053,-447.9970924,11.16351905,69743.31727,0,0,-8.729574421,-1056.669735,-13.45222014,0,33.1104622,1430.803935,0.202546084,0,0
0,0.111944512,0,0.069670053,-447.9970924,11.16351905,69743.31727,0,0,-9.750881684,-1069.043752,-13.39772504,0,34.2632693,924.3653777,0.201831,0,0
0,0.116926342,0,0.069670053,-447.9970924,11.16351905,69743.31727,0,0,-8.440851454,-1094.639736,-13.3334476,0,32.67673152,876.722381,0.204760893,0,0
0,0.123737287,0,0.069670053,-447.9970924,11.16351905,69743.31727,0,0,-5.995534716,-1098.314713,-13.31838358,0,31.64831344,1505.435332,0.204570602,0,0
0,0.127517752,0,0.069670053,-447.9970924,11.16351905,69743.31727,0,0,-6.222164198,-1100.098648,-13.36956573,0,32.54133628,1128.038598,0.203602915,0,0
0,0.133144168,0,0.069670053,-447.9970924,11.16351905,69743.31727,0,0,-5.431627082,-1088.133401,-12.93231968,0,31.30897102,653.95949,0.203561281,0,0
0,0.139774101,0,0.069670053,-447.9970924,11.16351905,69743.31727,0,0,-10.75989068,-1081.520817,-13.08880513,0,30.11689148,2248.594161,0.202044119,0,0
0,0.14297285,0,0.069670053,-447.9970924,11.16351905,69743.31727,0,0,-5.184386791,-1062.639001,-12.25224511,0,30.46971332,1262.659756,0.201839045,0,0
0,0.150073614,0,0.069670053,-447.9970924,11.16351905,69743.31727,0,0,-4.966580082,-1052.38357,-12.8245518,0,30.28690436,1188.133127,0.20083004,0,0
0,0.156024902,0,0.069670053,-447.9970924,11.16351905,69743.31727,0,0,-10.91864764,-1052.185782,-12.88514581,0,28.59764253,1411.137617,0.201622996,0,0
0,0.159260975,0,0.069670053,-447.9970924,11.16351905,69743.31727,0,0,-4.323459631,-1041.465842,-12.50746804,0,28.89476001,737.6104502,0.200423447,0,0
0,0.166252298,0,0.069670053,-447.9970924,11.16351905,69743.31727,0,0,-3.979535822,-1032.128814,-12.47288256,0,30.50374607,926.0073494,0.199458252,0,0
0,0.171379932,0,0.069670053,-447.9970924,11.16351905,69743.31727,0,0,-11.22153514,-1026.337283,-12.81447697,0,27.40675328,1068.861617,0.200592797,0,0
0,0.175688835,0,0.069670053,-447.9970924,11.16351905,69743.31727,0,0,-5.249031453,-1028.449732,-12.27585745,0,28.41748318,1041.404307,0.199549486,0,0
0,0.182517661,0,0.069670053,-447.9970924,11.16351905,69743.31727,0,0,-4.006065805,-1022.02469,-12.3751689,0,29.73485574,808.0836684,0.199828406,0,0
0,0.188525793,0,0.069670053,-447.9970924,11.16351905,69743.31727,0,0,-10.31808718,-1024.47962,-12.36451149,0,26.09914451,-170.0213991,0.200299392,0,0
0,0.191244573,0,0.069670053,-447.9970924,11.16351905,69743.31727,0,0,-8.767582873,-1018.00352,-12.43204304,0,26.83088745,503.9560917,0.199871709,0,0
0,0.19800241,0,0.069670053,-447.9970924,11.16351905,69743.31727,0,0,3.275248742,-1016.113132,-12.58086565,0,32.17361458,1279.597305,0.19982771,0,0
0,0.20385933,0,0.069670053,-447.9970924,11.16351905,69743.31727,0,0,-34.92034374,-1012.398476,-12.68440375,0,13.40129998,1048.364396,0.199972355,0,0
0,0.208264147,0,0.069670053,-447.9970924,11.16351905,69743.31727,0,0,-21.46531405,-1010.123037,-13.26878641,0,20.90499295,973.7098813,0.200404295,0,0
0,0.212505665,0,0.069670053,-447.9970924,11.16351905,69743.31727,0,0,-18.29259415,-1010.205438,-12.89611263,0,21.78919319,1605.117915,0.198424513,0,0
