ET,SA,SR,IA,FZ,V,P,REIn,TS,FX,FY,MX,MY,MZ,REOut,RL,T,TX
0,-0.212289068,0,9.13E-05,-1105.390361,11.16299322,98159.73515,0,0,-9.515649987,2460.232376,-38.10615314,0,-0.851710164,-793.0637762,0.189070769,0,0
0,-0.206771166,0,9.13E-05,-1105.390361,11.16299322,98159.73515,0,0,9.415738782,2461.805666,-39.5676013,0,9.138134711,-560.3834594,0.188106962,0,0
0,-0.202876906,0,9.13E-05,-1105.390361,11.16299322,98159.73515,0,0,-20.5862071,2483.099794,-39.09227712,0,-4.997768213,-997.994409,0.189561728,0,0
0,-0.198769507,0,9.13E-05,-1105.390361,11.16299322,98159.73515,0,0,-44.76958911,2474.640735,-39.39515684,0,-18.18264325,-1081.642949,0.189639608,0,0
0,-0.193986685,0,9.13E-05,-1105.390361,11.16299322,98159.73515,0,0,-30.73928153,2496.930615,-39.46100159,0,-13.28684424,140.4204805,0.190215568,0,0
0,-0.190509218,0,9.13E-05,-1105.390361,11.16299322,98159.73515,0,0,-19.15635039,2488.922273,-39.85442883,0,-7.794649438,-803.1182804,0.190350471,0,0
0,-0.185719977,0,9.13E-05,-1105.390361,11.16299322,98159.73515,0,0,-26.44156594,2527.67899,-40.26460301,0,-10.61165353,-997.1793306,0.191279312,0,0
0,-0.181957687,0,9.13E-05,-1105.390361,11.16299322,98159.73515,0,0,-32.73598939,2504.94949,-39.69094847,0,-15.58437432,542.5050149,0.19065363,0,0
0,-0.176883353,0,9.13E-05,-1105.390361,11.16299322,98159.73515,0,0,-40.20219499,2531.711888,-40.0250494,0,-19.2678846,-517.3693175,0.191793068,0,0
0,-0.173529255,0,9.13E-05,-1105.390361,11.16299322,98159.73515,0,0,-28.38459618,2511.214656,-39.94783543,0,-15.92551967,-289.6038021,0.191129703,0,0
0,-0.168050141,0,9.13E-05,-1105.390361,11.16299322,98159.73515,0,0,-21.36078472,2550.258465,-39.80452036,0,-13.93940472,-697.1930661,0.192245579,0,0
0,-0.165238463,0,9.13E-05,-1105.390361,11.16299322,98159.73515,0,0,-30.37262719,2515.500346,-40.19107276,0,-18.02529315,286.4210686,0.190995681,0,0
0,-0.15881224,0,9.13E-05,-1105.390361,11.16299322,98159.73515,0,0,-37.22182803,2524.7842,-40.16134987,0,-23.02433323,-1164.910024,0.192008644,0,0
0,-0.155589334,0,9.13E-05,-1105.390361,11.16299322,98159.73515,0,0,-26.36080886,2522.413414,-40.25946162,0,-20.92100906,-522.5096647,0.190981076,0,0
0,-0.150670033,0,9.13E-05,-1105.390361,11.16299322,98159.73515,0,0,-24.15526092,2524.700021,-40.11603645,0,-19.20640559,-334.6605411,0.192050193,0,0
0,-0.147510123,0,9.13E-05,-1105.390361,11.16299322,98159.73515,0,0,-28.82857309,2513.565235,-39.70572696,0,-24.41094268,52.94886452,0.191000223,0,0
0,-0.142441049,0,9.13E-05,-1105.390361,11.16299322,98159.73515,0,0,-36.30086812,2514.566948,-39.79395519,0,-28.0003982,-362.6852304,0.192184466,0,0
0,-0.13827433,0,9.13E-05,-1105.390361,11.16299322,98159.73515,0,0,-31.4825582,2489.554483,-39.64791246,0,-27.76907433,-625.5379954,0.191637206,0,0
0,-0.134277504,0,9.13E-05,-1105.390361,11.16299322,98159.73515,0,0,-23.46371935,2495.538295,-39.75304652,0,-25.85793114,-389.2583837,0.19188986,0,0
0,-0.129074271,0,9.13E-05,-1105.390361,11.16299322,98159.73515,0,0,-35.39048843,2422.134408,-39.69940016,0,-31.25792045,-889.9350714,0.189869745,0,0
0,-0.125091258,0,9.13E-05,-1105.390361,11.16299322,98159.73515,0,0,-30.51504068,2506.962203,-38.99745058,0,-33.71623313,1172.997502,0.193699061,0,0
0,-0.121267103,0,9.13E-05,-1105.390361,11.16299322,98159.73515,0,0,-29.45346269,2395.614804,-39.2935468,0,-31.81632641,756.4296834,0.19009665,0,0
0,-0.116547368,0,9.13E-05,-1105.390361,11.16299322,98159.73515,0,0,-23.22846207,2457.425688,-37.82257425,0,-34.59492457,-839.6377414,0.193853213,0,0
0,-0.113233982,0,9.13E-05,-1105.390361,11.16299322,98159.73515,0,0,-33.91404908,2321.047112,-38.69842369,0,-36.16649586,447.0989057,0.188913686,0,0
0,-0.108107956,0,9.13E-05,-1105.390361,11.16299322,98159.73515,0,0,-29.85848484,2372.776467,-37.35786851,0,-39.68182082,16.57571362,0.192851217,0,0
0,-0.104325795,0,9.13E-05,-1105.390361,11.16299322,98159.73515,0,0,-28.21199005,2261.928091,-37.73897327,0,-39.21816351,-449.5872229,0.189153118,0,0
0,-0.099727372,0,9.13E-05,-1105.390361,11.16299322,98159.73515,0,0,-27.25641462,2300.426148,-36.53414359,0,-41.59047241,386.3416811,0.192776057,0,0
0,-0.095407538,0,9.13E-05,-1105.390361,11.16299322,98159.73515,0,0,-27.01429045,2209.114048,-36.14462693,0,-43.29304994,42.02773848,0.190522509,0,0
0,-0.091282218,0,9.13E-05,-1105.390361,11.16299322,98159.73515,0,0,-28.65451727,2216.56718,-35.72682333,0,-45.99867586,-771.5025276,0.192642761,0,0
0,-0.085832908,0,9.13E-05,-1105.390361,11.16299322,98159.73515,0,0,-25.59329286,2236.73533,-34.77773291,0,-49.17793294,691.3532579,0.196520071,0,0
0,-0.082744664,0,9.13E-05,-1105.390361,11.16299322,98159.73515,0,0,-29.37675141,2063.901683,-34.55322547,0,-47.51242926,-340.1056908,0.19046669,0,0
0,-0.077760855,0,9.13E-05,-1105.390361,11.16299322,98159.73515,0,0,-26.81891843,2139.117665,-33.10115601,0,-52.05924019,-1091.727793,0.197037086,0,0
0,-0.07423148,0,9.13E-05,-1105.390361,11.16299322,98159.73515,0,0,-31.96222234,1930.55283,-33.0962011,0,-49.83079626,-235.6617367,0.189469994,0,0
0,-0.06943475,0,9.13E-05,-1105.390361,11.16299322,98159.73515,0,0,-27.03616018,2002.199861,-31.70448306,0,-52.99693821,-535.397128,0.196943367,0,0
0,-0.065344751,0,9.13E-05,-1105.390361,11.16299322,98159.73515,0,0,-34.52701844,1830.594367,-31.10612205,0,-51.15324699,96.47324996,0.191580168,0,0
0,-0.061034065,0,9.13E-05,-1105.390361,11.16299322,98159.73515,0,0,-29.00862686,1844.660276,-29.77414726,0,-53.15362074,-1424.252912,0.196895156,0,0
0,-0.056986324,0,9.13E-05,-1105.390361,11.16299322,98159.73515,0,0,-34.84276592,1680.945268,-28.43365391,0,-50.39268012,-1745.609382,0.191975251,0,0
0,-0.052758287,0,9.13E-05,-1105.390361,11.16299322,98159.73515,0,0,-33.48897705,1657.181241,-27.43015828,0,-51.28146135,1360.218864,0.196027364,0,0
0,-0.047979182,0,9.13E-05,-1105.390361,11.16299322,98159.73515,0,0,-34.24350767,1546.771299,-25.69590099,0,-49.82394896,-79.18851758,0.196021439,0,0
0,-0.043419194,0,9.13E-05,-1105.390361,11.16299322,98159.73515,0,0,-39.22356911,1373.52182,-24.23362724,0,-45.29853825,1265.113268,0.191947851,0,0
0,-0.039587925,0,9.13E-05,-1105.390361,11.16299322,98159.73515,0,0,-33.83364436,1328.026202,-22.94694819,0,-46.25373696,582.5411421,0.195437473,0,0
0,-0.034966734,0,9.13E-05,-1105.390361,11.16299322,98159.73515,0,0,-47.56253035,1188.646197,-21.18501614,0,-43.29129149,144.6912197,0.194087993,0,0
0,-0.031233106,0,9.13E-05,-1105.390361,11.16299322,98159.73515,0,0,-40.50827711,1095.340034,-19.56496446,0,-41.62874234,277.072542,0.195068833,0,0
0,-0.026221732,0,9.13E-05,-1105.390361,11.16299322,98159.73515,0,0,-42.19828868,943.9340163,-17.67294528,0,-34.10450605,-978.7713231,0.196286617,0,0
0,-0.022409613,0,9.13E-05,-1105.390361,11.16299322,98159.73515,0,0,-44.80645574,775.6479678,-15.234776,0,-30.84065015,596.5559496,0.192641748,0,0
0,-0.018212258,0,9.13E-05,-1105.390361,11.16299322,98159.73515,0,0,-54.75361231,660.8293983,-13.90028261,0,-28.01419148,1376.241397,0.195654073,0,0
0,-0.013758067,0,9.13E-05,-1105.390361,11.16299322,98159.73515,0,0,-54.56687494,514.2726032,-10.52634405,0,-23.3794125,-1768.121433,0.196035251,0,0
0,-0.009316801,0,9.13E-05,-1105.390361,11.16299322,98159.73515,0,0,-50.81230183,343.5184262,-8.531156559,0,-13.69264682,235.008637,0.196521843,0,0
0,-0.00504254,0,9.13E-05,-1105.390361,11.16299322,98159.73515,0,0,-57.26486103,155.5650973,-6.674826912,0,-9.373979682,1749.141399,0.195573342,0,0
0,-0.00085288,0,9.13E-05,-1105.390361,11.16299322,98159.73515,0,0,-57.57114735,-9.317660021,-4.145147134,0,-2.614348155,-239.0740792,0.194431591,0,0
0,0.003537722,0,9.13E-05,-1105.390361,11.16299322,98159.73515,0,0,-46.16509922,-178.3033538,-0.588395022,0,6.8971945,1481.465363,0.195390873,0,0
0,0.007597009,0,9.13E-05,-1105.390361,11.16299322,98159.73515,0,0,-50.59672098,-320.464417,0.508918717,0,11.11120007,755.2813756,0.192152167,0,0
0,0.012064148,0,9.13E-05,-1105.390361,11.16299322,98159.73515,0,0,-48.47521958,-473.5141084,2.779846256,0,14.7506523,1484.348334,0.192913327,0,0
0,0.016707236,0,9.13E-05,-1105.390361,11.16299322,98159.73515,0,0,-47.30500728,-625.8469298,4.225462235,0,21.82743181,1401.554233,0.190029598,0,0
0,0.020586074,0,9.13E-05,-1105.390361,11.16299322,98159.73515,0,0,-33.53683645,-770.8654729,7.104658756,0,28.41321073,1068.790463,0.192624839,0,0
0,0.025247745,0,9.13E-05,-1105.390361,11.16299322,98159.73515,0,0,-35.75955712,-894.4607475,8.616507281,0,31.39672577,473.1950558,0.190486797,0,0
0,0.029209172,0,9.13E-05,-1105.390361,11.16299322,98159.73515,0,0,-35.95003589,-1026.351444,10.93959634,0,32.05456893,734.5231875,0.193313871,0,0
0,0.034020952,0,9.13E-05,-1105.390361,11.16299322,98159.73515,0,0,-29.31510044,-1133.818062,12.10725522,0,37.2159934,1207.265211,0.19107736,0,0
0,0.03796065,0,9.13E-05,-1105.390361,11.16299322,98159.73515,0,0,-23.57472194,-1247.20122,13.43779689,0,40.71685425,978.1771794,0.19214887,0,0
0,0.042342377,0,9.13E-05,-1105.390361,11.16299322,98159.73515,0,0,-26.06893549,-1359.126407,15.21764344,0,41.12271195,899.449063,0.19196414,0,0
0,0.047207876,0,9.13E-05,-1105.390361,11.16299322,98159.73515,0,0,-14.70052207,-1501.574974,16.28309328,0,45.67405462,1530.486082,0.193515571,0,0
0,0.050851158,0,9.13E-05,-1105.390361,11.16299322,98159.73515,0,0,-24.55831632,-1551.36488,17.49451522,0,45.33423737,1065.552029,0.193273009,0,0
0,0.055244929,0,9.13E-05,-1105.390361,11.16299322,98159.73515,0,0,-17.93776858,-1716.77441,19.21443846,0,44.52122757,715.7621653,0.197499212,0,0
0,0.059384049,0,9.13E-05,-1105.390361,11.16299322,98159.73515,0,0,-25.03361319,-1703.242119,20.66389866,0,46.68912083,653.5729803,0.191507796,0,0
0,0.0636958,0,9.13E-05,-1105.390361,11.16299322,98159.73515,0,0,-4.951714674,-1886.3412,20.71755404,0,49.83770819,1361.148368,0.197291426,0,0
0,0.067816016,0,9.13E-05,-1105.390361,11.16299322,98159.73515,0,0,-20.00964938,-1850.202161,22.68416629,0,49.0285028,894.2752199,0.191056481,0,0
0,0.072199976,0,9.13E-05,-1105.390361,11.16299322,98159.73515,0,0,-10.26502298,-2006.018765,22.97076037,0,46.96215846,555.2776414,0.195200073,0,0
0,0.076564207,0,9.13E-05,-1105.390361,11.16299322,98159.73515,0,0,-18.65642504,-1981.256475,24.76861374,0,47.3297933,989.2603303,0.190493531,0,0
0,0.08060318,0,9.13E-05,-1105.390361,11.16299322,98159.73515,0,0,-8.798028927,-2142.455653,25.2372904,0,46.71011377,761.4073377,0.195570124,0,0
0,0.085425333,0,9.13E-05,-1105.390361,11.16299322,98159.73515,0,0,-13.04436416,-2122.637423,25.82959173,0,45.22797231,612.7705679,0.191255159,0,0
0,0.08951732,0,9.13E-05,-1105.390361,11.16299322,98159.73515,0,0,-11.3356466,-2211.25555,27.44513631,0,44.774976,439.8746509,0.193292188,0,0
0,0.093847511,0,9.13E-05,-1105.390361,11.16299322,98159.73515,0,0,-10.63889284,-2225.53845,27.41617337,0,43.21457561,1060.195486,0.191523449,0,0
0,0.098754791,0,9.13E-05,-1105.390361,11.16299322,98159.73515,0,0,-15.06983677,-2214.443795,28.66533262,0,40.92113715,1248.000023,0.188996222,0,0
0,0.10247098,0,9.13E-05,-1105.390361,11.16299322,98159.73515,0,0,-9.91589963,-2334.547193,28.13732358,0,39.52808168,543.2652757,0.192369536,0,0
0,0.107454524,0,9.13E-05,-1105.390361,11.16299322,98159.73515,0,0,-17.9469588,-2278.878227,29.57796832,0,37.70536458,817.8989144,0.188276497,0,0
0,0.110945286,0,9.13E-05,-1105.390361,11.16299322,98159.73515,0,0,-6.372783177,-2438.11735,29.34242067,0,37.75887481,1574.596635,0.193460682,0,0
0,0.115909913,0,9.13E-05,-1105.390361,11.16299322,98159.73515,0,0,-16.33693871,-2345.808592,30.23894415,0,35.29036384,950.3212194,0.188426163,0,0
0,0.119543907,0,9.13E-05,-1105.390361,11.16299322,98159.73515,0,0,-9.220990296,-2527.189017,30.72017664,0,34.33510713,909.4118177,0.193990204,0,0
0,0.123920423,0,9.13E-05,-1105.390361,11.16299322,98159.73515,0,0,-19.33195173,-2378.281469,30.39376275,0,30.24360238,843.456499,0.187952441,0,0
0,0.127955788,0,9.13E-05,-1105.390361,11.16299322,98159.73515,0,0,-8.439711923,-2559.378783,31.96712139,0,32.03077204,729.9119581,0.192809442,0,0
0,0.131833104,0,9.13E-05,-1105.390361,11.16299322,98159.73515,0,0,-13.91173093,-2440.594448,31.0946372,0,30.96944854,1062.911244,0.18858276,0,0
0,0.136433156,0,9.13E-05,-1105.390361,11.16299322,98159.73515,0,0,-10.12247374,-2566.108091,32.21709579,0,28.66105696,1072.387444,0.191696515,0,0
0,0.140973426,0,9.13E-05,-1105.390361,11.16299322,98159.73515,0,0,-17.15637841,-2507.666032,31.89204215,0,25.30789617,717.2551503,0.189792084,0,0
0,0.145928233,0,9.13E-05,-1105.390361,11.16299322,98159.73515,0,0,-11.86048819,-2524.580278,32.13609866,0,25.77810377,889.8269312,0.189712047,0,0
0,0.150662498,0,9.13E-05,-1105.390361,11.16299322,98159.73515,0,0,-8.380004574,-2577.529294,32.40932298,0,25.16311098,675.8498481,0.190558782,0,0
0,0.153913097,0,9.13E-05,-1105.390361,11.16299322,98159.73515,0,0,-14.28198897,-2551.674714,32.66932587,0,21.95284108,1335.419975,0.189777799,0,0
0,0.158554215,0,9.13E-05,-1105.390361,11.16299322,98159.73515,0,0,-17.14476266,-2538.643564,31.96887922,0,18.60930931,1507.624927,0.189087206,0,0
0,0.162465346,0,9.13E-05,-1105.390361,11.16299322,98159.73515,0,0,-10.38695275,-2552.774502,33.00403918,0,20.82266313,728.2050386,0.189514085,0,0
0,0.167639261,0,9.13E-05,-1105.390361,11.16299322,98159.73515,0,0,-6.907423747,-2576.209081,32.48128057,0,20.81826068,1236.509722,0.189137906,0,0
0,0.170383452,0,9.13E-05,-1105.390361,11.16299322,98159.73515,0,0,-13.69490363,-2554.919049,32.86962902,0,17.22774822,1087.026784,0.189435149,0,0
0,0.176300743,0,9.13E-05,-1105.390361,11.16299322,98159.73515,0,0,-15.12863365,-2554.987704,32.18675872,0,15.5844966,1734.339166,0.189506715,0,0
0,0.179225481,0,9.13E-05,-1105.390361,11.16299322,98159.73515,0,0,-10.35780249,-2540.442477,32.755022,0,15.91036717,838.0971359,0.188677105,0,0
0,0.185154791,0,9.13E-05,-1105.390361,11.16299322,98159.73515,0,0,-10.97077377,-2512.087395,31.73911473,0,14.96054684,858.7232083,0.18867598,0,0
0,0.187614238,0,9.13E-05,-1105.390361,11.16299322,98159.73515,0,0,-10.61264726,-2538.908981,32.88196341,0,13.40614738,1392.363401,0.188265795,0,0
0,0.193713512,0,9.13E-05,-1105.390361,11.16299322,98159.73515,0,0,-19.48652263,-2492.692651,31.76886903,0,9.857221214,1026.896809,0.188619964,0,0
0,0.196464037,0,9.13E-05,-1105.390361,11.16299322,98159.73515,0,0,-11.53324663,-2527.18194,32.80409699,0,10.813831,1248.067218,0.18779603,0,0
0,0.202598899,0,9.13E-05,-1105.390361,11.16299322,98159.73515,0,0,1.01260707,-2486.51676,31.94555997,0,16.95853834,990.6742726,0.187905464,0,0
0,0.205805293,0,9.13E-05,-1105.390361,11.16299322,98159.73515,0,0,-12.04201965,-2515.830426,32.85443084,0,8.229079649,843.6183256,0.187298434,0,0
0,0.210850656,0,9.13E-05,-1105.390361,11.16299322,98159.73515,0,0,-48.28440338,-2487.321723,32.14255565,0,-8.678875483,1345.031858,0.187084586,0,0
0,0.212684151,0,9.13E-05,-1105.390361,11.16299322,98159.73515,0,0,-47.83655968,-2465.689837,31.70553199,0,-8.048307352,769.2138603,0.186250957,0,0
0,-0.211595168,0,9.03E-05,-881.306565,11.16418815,98486.27608,0,0,-0.387146345,2000.185085,-24.99783992,0,3.843604558,520.6691376,0.193953789,0,0
0,-0.206844211,0,9.03E-05,-881.306565,11.16418815,98486.27608,0,0,19.96493046,1992.381686,-26.27110033,0,14.87625257,-848.9681054,0.192411573,0,0
0,-0.202184557,0,9.03E-05,-881.306565,11.16418815,98486.27608,0,0,-19.85044603,2003.034657,-25.56197532,0,-4.962019161,-284.356073,0.193537559,0,0
0,-0.198394301,0,9.03E-05,-881.306565,11.16418815,98486.27608,0,0,-38.40930097,1994.371259,-25.68156814,0,-14.43911152,-20.72787273,0.193783629,0,0
0,-0.193491409,0,9.03E-05,-881.306565,11.16418815,98486.27608,0,0,-23.65820756,2019.009763,-26.58414271,0,-8.676775501,-700.0851972,0.19455863,0,0
0,-0.190476673,0,9.03E-05,-881.306565,11.16418815,98486.27608,0,0,-12.11568416,2007.314646,-25.8594523,0,-3.774383838,-806.8220591,0.194100242,0,0
0,-0.184327978,0,9.03E-05,-881.306565,11.16418815,98486.27608,0,0,-19.21158799,2032.01491,-26.36279989,0,-7.819384608,-493.4065872,0.194895785,0,0
0,-0.181391766,0,9.03E-05,-881.306565,11.16418815,98486.27608,0,0,-30.86394981,2007.800028,-25.97598981,0,-12.55463616,1053.367453,0.194312052,0,0
0,-0.176785956,0,9.03E-05,-881.306565,11.16418815,98486.27608,0,0,-30.94858294,2026.683772,-26.33528168,0,-14.02741037,1328.497228,0.19555273,0,0
0,-0.173395891,0,9.03E-05,-881.306565,11.16418815,98486.27608,0,0,-20.78193762,2028.427106,-26.28127686,0,-9.844483956,166.5725819,0.195042555,0,0
0,-0.167470826,0,9.03E-05,-881.306565,11.16418815,98486.27608,0,0,-12.25403219,2044.663683,-25.88243636,0,-7.991928062,-889.5657371,0.195967763,0,0
0,-0.164898456,0,9.03E-05,-881.306565,11.16418815,98486.27608,0,0,-24.34726554,2024.396739,-25.94423565,0,-11.71580734,302.2658167,0.195114974,0,0
0,-0.158549845,0,9.03E-05,-881.306565,11.16418815,98486.27608,0,0,-27.9369397,2025.407432,-25.86956413,0,-16.00674251,883.0964472,0.195434916,0,0
0,-0.156268685,0,9.03E-05,-881.306565,11.16418815,98486.27608,0,0,-23.74345683,2027.32825,-25.90009671,0,-14.79350413,509.8932874,0.195805091,0,0
0,-0.15032243,0,9.03E-05,-881.306565,11.16418815,98486.27608,0,0,-16.52530168,2023.051991,-25.86974637,0,-11.16536012,-502.6584822,0.195826204,0,0
0,-0.147364407,0,9.03E-05,-881.306565,11.16418815,98486.27608,0,0,-21.33492381,2034.486084,-25.74284309,0,-16.01982798,464.1063724,0.195652057,0,0
0,-0.142052635,0,9.03E-05,-881.306565,11.16418815,98486.27608,0,0,-28.08389966,2009.513666,-25.81761676,0,-19.21401811,-290.5443717,0.195699414,0,0
0,-0.138034027,0,9.03E-05,-881.306565,11.16418815,98486.27608,0,0,-21.55645673,1997.908156,-25.37940346,0,-17.70812807,1077.432243,0.195100107,0,0
0,-0.134167006,0,9.03E-05,-881.306565,11.16418815,98486.27608,0,0,-15.80478859,1988.646522,-25.65469323,0,-15.60825989,-296.5824094,0.194909178,0,0
0,-0.128620666,0,9.03E-05,-881.306565,11.16418815,98486.27608,0,0,-27.13305179,1952.098729,-25.68801675,0,-20.39116439,911.2311753,0.194019176,0,0
0,-0.125337946,0,9.03E-05,-881.306565,11.16418815,98486.27608,0,0,-23.77445435,1981.532564,-25.08141972,0,-22.42240353,458.8172527,0.195510975,0,0
0,-0.120545137,0,9.03E-05,-881.306565,11.16418815,98486.27608,0,0,-21.20988815,1916.580517,-25.447494,0,-19.70638833,-1937.527471,0.193536061,0,0
0,-0.116829599,0,9.03E-05,-881.306565,11.16418815,98486.27608,0,0,-14.64272761,1960.537973,-24.54561649,0,-21.93672821,-471.4400099,0.196271686,0,0
0,-0.112031041,0,9.03E-05,-881.306565,11.16418815,98486.27608,0,0,-26.29744871,1879.116754,-24.91659507,0,-23.7649094,-1410.371315,0.193600299,0,0
0,-0.108598283,0,9.03E-05,-881.306565,11.16418815,98486.27608,0,0,-22.14373722,1940.026096,-24.78911675,0,-27.17392894,-1571.889456,0.196899487,0,0
0,-0.10375837,0,9.03E-05,-881.306565,11.16418815,98486.27608,0,0,-21.6298058,1840.815235,-24.45514139,0,-25.94962814,-677.1474902,0.193680953,0,0
0,-0.100452892,0,9.03E-05,-881.306565,11.16418815,98486.27608,0,0,-15.52024777,1897.995254,-23.72485389,0,-27.90733251,-71.1596094,0.197118976,0,0
0,-0.094942088,0,9.03E-05,-881.306565,11.16418815,98486.27608,0,0,-21.09059839,1836.388596,-24.07487743,0,-29.24425915,583.4573401,0.196019468,0,0
0,-0.090897927,0,9.03E-05,-881.306565,11.16418815,98486.27608,0,0,-20.28224578,1807.622039,-23.76034174,0,-31.10039519,92.20569827,0.195853095,0,0
0,-0.086493764,0,9.03E-05,-881.306565,11.16418815,98486.27608,0,0,-21.19037581,1784.992147,-23.46349808,0,-32.13788123,76.00493098,0.196584113,0,0
0,-0.081997655,0,9.03E-05,-881.306565,11.16418815,98486.27608,0,0,-21.45681445,1740.670423,-23.24577712,0,-31.87962096,1133.2997,0.196444287,0,0
0,-0.078260774,0,9.03E-05,-881.306565,11.16418815,98486.27608,0,0,-21.74505241,1731.383939,-22.61061793,0,-34.95724633,660.5753654,0.197187111,0,0
0,-0.07339113,0,9.03E-05,-881.306565,11.16418815,98486.27608,0,0,-25.09715722,1638.331855,-22.94558599,0,-34.32345031,-574.5459192,0.195523865,0,0
0,-0.069541423,0,9.03E-05,-881.306565,11.16418815,98486.27608,0,0,-20.95518967,1664.148026,-21.86721957,0,-36.85473476,-590.1850501,0.198822461,0,0
0,-0.064845382,0,9.03E-05,-881.306565,11.16418815,98486.27608,0,0,-26.20649511,1528.961113,-21.77442725,0,-34.2166812,683.3252716,0.195181386,0,0
0,-0.061094198,0,9.03E-05,-881.306565,11.16418815,98486.27608,0,0,-21.27304911,1546.51556,-20.61371227,0,-36.50677008,563.6880016,0.198842878,0,0
0,-0.056154222,0,9.03E-05,-881.306565,11.16418815,98486.27608,0,0,-29.39370847,1429.760339,-20.91564183,0,-33.99734855,351.2870008,0.196723885,0,0
0,-0.052670771,0,9.03E-05,-881.306565,11.16418815,98486.27608,0,0,-24.62841486,1404.801434,-19.16447852,0,-36.57907204,-389.0739014,0.198258831,0,0
0,-0.047665236,0,9.03E-05,-881.306565,11.16418815,98486.27608,0,0,-26.91188575,1308.761977,-18.68302389,0,-33.75081611,447.2020121,0.197738895,0,0
0,-0.043877278,0,9.03E-05,-881.306565,11.16418815,98486.27608,0,0,-25.88748939,1206.883102,-18.48979125,0,-31.54008061,1860.872755,0.19556886,0,0
0,-0.039634269,0,9.03E-05,-881.306565,11.16418815,98486.27608,0,0,-30.29599975,1144.744904,-17.28726719,0,-31.92896361,222.7150724,0.196850264,0,0
0,-0.035215724,0,9.03E-05,-881.306565,11.16418815,98486.27608,0,0,-36.64854833,1044.782986,-16.58206982,0,-32.08190474,-367.4369364,0.196498633,0,0
0,-0.031061816,0,9.03E-05,-881.306565,11.16418815,98486.27608,0,0,-34.01591568,950.852364,-15.54574242,0,-29.3900066,146.0194292,0.195665792,0,0
0,-0.026251759,0,9.03E-05,-881.306565,11.16418815,98486.27608,0,0,-30.08392845,853.8169857,-13.70391825,0,-23.6692247,1217.422042,0.198681144,0,0
0,-0.022329715,0,9.03E-05,-881.306565,11.16418815,98486.27608,0,0,-41.79682962,699.5470803,-13.27117009,0,-23.38628195,1060.895897,0.19391113,0,0
0,-0.017732642,0,9.03E-05,-881.306565,11.16418815,98486.27608,0,0,-44.55486836,589.6059943,-11.9449369,0,-20.67499932,87.54085456,0.198037666,0,0
0,-0.013786493,0,9.03E-05,-881.306565,11.16418815,98486.27608,0,0,-45.62504588,466.3995846,-9.589825742,0,-16.79860123,1095.09646,0.19592993,0,0
0,-0.009135411,0,9.03E-05,-881.306565,11.16418815,98486.27608,0,0,-41.0848237,314.4876788,-8.009414785,0,-9.823868305,448.8865106,0.199894713,0,0
0,-0.004979313,0,9.03E-05,-881.306565,11.16418815,98486.27608,0,0,-50.80410193,150.3039277,-7.233088966,0,-6.938456383,209.4604271,0.197812706,0,0
0,-0.001013648,0,9.03E-05,-881.306565,11.16418815,98486.27608,0,0,-46.20126019,12.23798828,-3.316597105,0,-3.258011411,421.0783193,0.201906753,0,0
0,0.003644987,0,9.03E-05,-881.306565,11.16418815,98486.27608,0,0,-41.02789986,-155.607664,-2.604771929,0,7.103361271,1209.5416,0.200320595,0,0
0,0.007852333,0,9.03E-05,-881.306565,11.16418815,98486.27608,0,0,-35.03595276,-295.3042062,-1.324534486,0,9.368878028,544.0350992,0.198393322,0,0
0,0.012284954,0,9.03E-05,-881.306565,11.16418815,98486.27608,0,0,-48.27710951,-428.4464307,0.23578701,0,10.50089831,1177.106126,0.197423771,0,0
0,0.016641343,0,9.03E-05,-881.306565,11.16418815,98486.27608,0,0,-37.02392947,-558.4743548,1.501149233,0,15.33947583,1469.211272,0.194678412,0,0
0,0.020562974,0,9.03E-05,-881.306565,11.16418815,98486.27608,0,0,-29.19985644,-671.9628559,3.225228162,0,21.55583245,699.9128029,0.194575928,0,0
0,0.024944992,0,9.03E-05,-881.306565,11.16418815,98486.27608,0,0,-23.72002018,-778.4587329,4.325639284,0,23.75364119,1615.128141,0.193629247,0,0
0,0.029425134,0,9.03E-05,-881.306565,11.16418815,98486.27608,0,0,-32.03449172,-874.5852538,5.916476495,0,21.42731028,511.5253963,0.193271288,0,0
0,0.033670279,0,9.03E-05,-881.306565,11.16418815,98486.27608,0,0,-25.3243713,-957.0331065,6.537454483,0,25.05743978,593.3302285,0.192193512,0,0
0,0.038066987,0,9.03E-05,-881.306565,11.16418815,98486.27608,0,0,-14.39879192,-1054.495878,7.62091141,0,29.32309936,1256.335694,0.192242721,0,0
0,0.042365075,0,9.03E-05,-881.306565,11.16418815,98486.27608,0,0,-24.76791891,-1138.292387,8.716965995,0,28.14119284,1789.298254,0.193602439,0,0
0,0.046376486,0,9.03E-05,-881.306565,11.16418815,98486.27608,0,0,-12.10352528,-1250.797299,9.321436387,0,29.64133323,900.3155412,0.196294367,0,0
0,0.051447211,0,9.03E-05,-881.306565,11.16418815,98486.27608,0,0,-21.1507747,-1284.79326,10.32199969,0,31.13618776,1589.269194,0.193165688,0,0
0,0.054565864,0,9.03E-05,-881.306565,11.16418815,98486.27608,0,0,-11.3092076,-1400.47884,10.78006623,0,30.22265994,1480.65786,0.198712069,0,0
0,0.059725504,0,9.03E-05,-881.306565,11.16418815,98486.27608,0,0,-16.06873618,-1462.99262,11.43053455,0,30.82496665,730.6057712,0.197310526,0,0
0,0.063406854,0,9.03E-05,-881.306565,11.16418815,98486.27608,0,0,-6.902071286,-1527.474814,12.27900516,0,34.06670734,1404.218047,0.199274542,0,0
0,0.067857022,0,9.03E-05,-881.306565,11.16418815,98486.27608,0,0,-9.701978755,-1572.266692,12.92926765,0,32.1040277,1000.120966,0.197876714,0,0
0,0.072322278,0,9.03E-05,-881.306565,11.16418815,98486.27608,0,0,-13.79039607,-1623.704506,13.51605452,0,30.39452112,865.3049452,0.197077797,0,0
0,0.076365201,0,9.03E-05,-881.306565,11.16418815,98486.27608,0,0,-9.521651214,-1668.911616,13.6635099,0,31.22389398,1076.715808,0.197387326,0,0
0,0.081406309,0,9.03E-05,-881.306565,11.16418815,98486.27608,0,0,-7.905063389,-1689.173159,14.4518157,0,30.96356119,1488.614137,0.194184987,0,0
0,0.084540142,0,9.03E-05,-881.306565,11.16418815,98486.27608,0,0,-9.638039733,-1746.233967,14.26346944,0,29.259119,960.4353346,0.19681816,0,0
0,0.089409076,0,9.03E-05,-881.306565,11.16418815,98486.27608,0,0,-8.079167423,-1768.853823,15.26974432,0,29.25231525,1078.004242,0.194522504,0,0
0,0.09311221,0,9.03E-05,-881.306565,11.16418815,98486.27608,0,0,-6.235384591,-1801.45222,15.21745438,0,28.9618591,1485.24503,0.195438724,0,0
0,0.09834877,0,9.03E-05,-881.306565,11.16418815,98486.27608,0,0,-6.104078021,-1842.399484,15.43238481,0,28.53649154,716.8605102,0.193850613,0,0
0,0.101380065,0,9.03E-05,-881.306565,11.16418815,98486.27608,0,0,-7.566712772,-1852.328155,15.76847275,0,25.79940676,1210.558201,0.195007818,0,0
0,0.107429856,0,9.03E-05,-881.306565,11.16418815,98486.27608,0,0,-3.508755442,-1924.248326,15.61103476,0,25.00260888,1643.972283,0.196071038,0,0
0,0.110034152,0,9.03E-05,-881.306565,11.16418815,98486.27608,0,0,-8.425308536,-1875.567218,16.23913789,0,24.34840531,1549.654428,0.193260018,0,0
0,0.116509842,0,9.03E-05,-881.306565,11.16418815,98486.27608,0,0,-6.169103449,-1937.73221,16.48487133,0,22.71055126,862.8239921,0.194321301,0,0
0,0.119339323,0,9.03E-05,-881.306565,11.16418815,98486.27608,0,0,-10.07711823,-1935.463684,17.20407,0,21.52484854,1244.825849,0.194148023,0,0
0,0.124762186,0,9.03E-05,-881.306565,11.16418815,98486.27608,0,0,-8.477213566,-1980.041531,16.86827237,0,20.18339697,766.485827,0.194264372,0,0
0,0.128137999,0,9.03E-05,-881.306565,11.16418815,98486.27608,0,0,-6.909415257,-1995.5724,17.43235933,0,20.33691036,698.2410555,0.194997124,0,0
0,0.132805173,0,9.03E-05,-881.306565,11.16418815,98486.27608,0,0,-4.989897864,-1999.695253,17.26316326,0,19.58955996,758.579227,0.193654415,0,0
0,0.13627059,0,9.03E-05,-881.306565,11.16418815,98486.27608,0,0,-7.526932263,-2018.810771,17.83444827,0,18.47169824,608.8449967,0.19459934,0,0
0,0.141076236,0,9.03E-05,-881.306565,11.16418815,98486.27608,0,0,-9.18093834,-2027.668538,17.65598054,0,16.39844797,933.1961188,0.193913811,0,0
0,0.145562046,0,9.03E-05,-881.306565,11.16418815,98486.27608,0,0,-9.15848257,-2037.9245,17.261171,0,15.90851563,1219.649551,0.193569837,0,0
0,0.149485668,0,9.03E-05,-881.306565,11.16418815,98486.27608,0,0,-4.900463973,-2031.112341,17.93288294,0,16.31850031,890.0668723,0.193391942,0,0
0,0.154653004,0,9.03E-05,-881.306565,11.16418815,98486.27608,0,0,-10.43662923,-2047.409277,17.48701096,0,14.48532167,844.1176528,0.193242464,0,0
0,0.158080895,0,9.03E-05,-881.306565,11.16418815,98486.27608,0,0,-9.674499355,-2041.534341,17.88547282,0,12.22043513,1318.102814,0.193412189,0,0
0,0.163473685,0,9.03E-05,-881.306565,11.16418815,98486.27608,0,0,-4.606801788,-2023.205006,17.54929797,0,14.40455091,1203.209214,0.193112171,0,0
0,0.166405766,0,9.03E-05,-881.306565,11.16418815,98486.27608,0,0,-3.245302463,-2052.269083,18.12360618,0,13.25628635,1074.101712,0.193073204,0,0
0,0.171557736,0,9.03E-05,-881.306565,11.16418815,98486.27608,0,0,-14.87238827,-2026.716338,17.82269702,0,9.399973317,885.0316015,0.193298115,0,0
0,0.174994862,0,9.03E-05,-881.306565,11.16418815,98486.27608,0,0,-6.991804831,-2052.104036,18.45871802,0,9.565862679,851.1233257,0.193000903,0,0
0,0.180174208,0,9.03E-05,-881.306565,11.16418815,98486.27608,0,0,-4.933271976,-2011.927101,17.66695053,0,12.07729052,563.4468848,0.192566714,0,0
0,0.18367279,0,9.03E-05,-881.306565,11.16418815,98486.27608,0,0,-0.191762852,-2069.340997,18.7203987,0,10.58765918,344.7554666,0.193721936,0,0
0,0.188733196,0,9.03E-05,-881.306565,11.16418815,98486.27608,0,0,-15.82177349,-2008.716895,17.49584548,0,6.031698459,580.1302297,0.192451517,0,0
0,0.192882487,0,9.03E-05,-881.306565,11.16418815,98486.27608,0,0,-4.463781411,-2049.532433,19.17159052,0,7.595238469,1018.714129,0.193645614,0,0
0,0.197106458,0,9.03E-05,-881.306565,11.16418815,98486.27608,0,0,-8.322847171,-2007.013904,17.6786118,0,7.4309665,709.1415518,0.192322685,0,0
0,0.201605895,0,9.03E-05,-881.306565,11.16418815,98486.27608,0,0,-2.072280619,-2033.627797,18.81135933,0,8.094266507,600.9154972,0.192783962,0,0
0,0.205451635,0,9.03E-05,-881.306565,11.16418815,98486.27608,0,0,-5.135451278,-2007.054945,17.06363708,0,7.056866254,775.0112402,0.192169441,0,0
0,0.210832953,0,9.03E-05,-881.306565,11.16418815,98486.27608,0,0,-28.42820199,-2005.044412,19.3655937,0,-6.149782732,1211.890999,0.191633495,0,0
0,0.21277107,0,9.03E-05,-881.306565,11.16418815,98486.27608,0,0,-44.08079146,-1986.897581,17.67820948,0,-11.81135134,768.5962147,0.19139419,0,0
0,-0.210465966,0,9.30E-05,-659.5352369,11.16523703,96266.92369,0,0,-0.982064741,1543.729807,-15.73787442,0,3.021065092,-864.6882104,0.197989292,0,0
0,-0.205912136,0,9.30E-05,-659.5352369,11.16523703,96266.92369,0,0,20.80389025,1534.458387,-16.41885818,0,15.23076886,8.915165553,0.196217316,0,0
0,-0.202126508,0,9.30E-05,-659.5352369,11.16523703,96266.92369,0,0,-11.57817791,1534.73591,-16.48799736,0,-3.392950105,675.1362529,0.196361551,0,0
0,-0.19790454,0,9.30E-05,-659.5352369,11.16523703,96266.92369,0,0,-27.94833886,1541.952358,-15.89945636,0,-9.451529073,-23.99891433,0.197956899,0,0
0,-0.193636394,0,9.30E-05,-659.5352369,11.16523703,96266.92369,0,0,-25.40467295,1543.17946,-16.31012183,0,-9.615626539,1827.158245,0.198351657,0,0
0,-0.189419363,0,9.30E-05,-659.5352369,11.16523703,96266.92369,0,0,-6.004012109,1545.074678,-16.01379215,0,0.392079167,1399.576618,0.198610007,0,0
0,-0.184423389,0,9.30E-05,-659.5352369,11.16523703,96266.92369,0,0,-12.1622441,1557.182543,-16.54905245,0,-4.347585449,171.7204505,0.198628497,0,0
0,-0.180601791,0,9.30E-05,-659.5352369,11.16523703,96266.92369,0,0,-23.07756998,1545.739904,-16.10978791,0,-8.97613187,672.2046028,0.198621606,0,0
0,-0.175907185,0,9.30E-05,-659.5352369,11.16523703,96266.92369,0,0,-17.82208727,1554.263473,-16.53002231,0,-8.450396345,699.0841558,0.198332273,0,0
0,-0.172830264,0,9.30E-05,-659.5352369,11.16523703,96266.92369,0,0,-13.46394641,1547.474624,-16.30273872,0,-4.295011334,-56.78282393,0.198778733,0,0
0,-0.167308922,0,9.30E-05,-659.5352369,11.16523703,96266.92369,0,0,-8.77375154,1561.794365,-16.16698751,0,-5.046634569,-90.73865374,0.199262363,0,0
0,-0.164427949,0,9.30E-05,-659.5352369,11.16523703,96266.92369,0,0,-18.74085393,1539.507968,-16.14290453,0,-7.291102998,298.8724803,0.198181949,0,0
0,-0.158613039,0,9.30E-05,-659.5352369,11.16523703,96266.92369,0,0,-17.63543597,1547.144465,-16.03653565,0,-9.424152331,438.1138998,0.198282244,0,0
0,-0.155613094,0,9.30E-05,-659.5352369,11.16523703,96266.92369,0,0,-20.51851578,1528.695394,-15.90488475,0,-9.411082214,-2016.549714,0.198110656,0,0
0,-0.150176233,0,9.30E-05,-659.5352369,11.16523703,96266.92369,0,0,-9.178604075,1541.030211,-16.20572065,0,-6.103255545,-114.5255444,0.198802401,0,0
0,-0.146484252,0,9.30E-05,-659.5352369,11.16523703,96266.92369,0,0,-17.67400852,1537.102884,-15.82961065,0,-10.5531433,253.8826675,0.197962707,0,0
0,-0.141963251,0,9.30E-05,-659.5352369,11.16523703,96266.92369,0,0,-22.08603771,1529.0948,-16.05828695,0,-12.64865967,409.0403371,0.198570837,0,0
0,-0.137699501,0,9.30E-05,-659.5352369,11.16523703,96266.92369,0,0,-14.06108412,1525.141886,-15.29603493,0,-10.2583294,743.8807904,0.19864549,0,0
0,-0.133824215,0,9.30E-05,-659.5352369,11.16523703,96266.92369,0,0,-9.137420585,1513.993411,-15.99137432,0,-8.350720835,41.92314749,0.198215646,0,0
0,-0.129405835,0,9.30E-05,-659.5352369,11.16523703,96266.92369,0,0,-13.48412346,1508.75257,-16.26418648,0,-11.02254965,-865.3926492,0.198998668,0,0
0,-0.125726218,0,9.30E-05,-659.5352369,11.16523703,96266.92369,0,0,-19.35935099,1497.76493,-15.72969524,0,-14.25184973,10.76141266,0.198166255,0,0
0,-0.120000088,0,9.30E-05,-659.5352369,11.16523703,96266.92369,0,0,-14.77846948,1493.027691,-15.78501306,0,-13.84505338,-1798.8676,0.198748704,0,0
0,-0.117682297,0,9.30E-05,-659.5352369,11.16523703,96266.92369,0,0,-11.65152185,1482.31352,-15.99379032,0,-11.99253403,-198.3795706,0.198122279,0,0
0,-0.111365017,0,9.30E-05,-659.5352369,11.16523703,96266.92369,0,0,-12.2091032,1498.454507,-15.25070166,0,-15.68401042,-1581.568143,0.200313347,0,0
0,-0.109169073,0,9.30E-05,-659.5352369,11.16523703,96266.92369,0,0,-20.44361104,1420.736324,-16.10521165,0,-16.45920208,957.1546989,0.195647061,0,0
0,-0.102951978,0,9.30E-05,-659.5352369,11.16523703,96266.92369,0,0,-14.95491541,1450.620664,-15.47404291,0,-16.93598822,-47.84419972,0.198739425,0,0
0,-0.099680048,0,9.30E-05,-659.5352369,11.16523703,96266.92369,0,0,-9.978602583,1415.669249,-15.16244298,0,-16.06303228,218.0136167,0.19621676,0,0
0,-0.094599666,0,9.30E-05,-659.5352369,11.16523703,96266.92369,0,0,-15.07374304,1424.648709,-15.21783171,0,-18.49287117,-81.69185484,0.199014317,0,0
0,-0.090890432,0,9.30E-05,-659.5352369,11.16523703,96266.92369,0,0,-15.66141891,1405.29305,-14.87192292,0,-19.56416148,1089.3588,0.198215192,0,0
0,-0.086054349,0,9.30E-05,-659.5352369,11.16523703,96266.92369,0,0,-15.78421114,1392.738802,-15.35129896,0,-20.67971585,-23.28099406,0.19970878,0,0
0,-0.08183657,0,9.30E-05,-659.5352369,11.16523703,96266.92369,0,0,-13.76973407,1376.283371,-14.96541904,0,-20.48446955,-398.0179311,0.200154986,0,0
0,-0.077932894,0,9.30E-05,-659.5352369,11.16523703,96266.92369,0,0,-15.47960167,1352.119332,-14.90542608,0,-21.45515781,864.3885606,0.200082386,0,0
0,-0.073582001,0,9.30E-05,-659.5352369,11.16523703,96266.92369,0,0,-17.57325114,1329.821454,-14.69636871,0,-22.79228836,-573.1389415,0.200840927,0,0
0,-0.069699782,0,9.30E-05,-659.5352369,11.16523703,96266.92369,0,0,-19.80197933,1289.215077,-14.77553547,0,-23.8318569,339.2939615,0.200256931,0,0
0,-0.064808599,0,9.30E-05,-659.5352369,11.16523703,96266.92369,0,0,-15.34595478,1252.920825,-13.67443051,0,-22.04411053,2808.832715,0.201548391,0,0
0,-0.061692099,0,9.30E-05,-659.5352369,11.16523703,96266.92369,0,0,-16.34276758,1211.17895,-13.88899001,0,-21.88795461,1003.246076,0.199714431,0,0
0,-0.056058958,0,9.30E-05,-659.5352369,11.16523703,96266.92369,0,0,-18.64608062,1194.912484,-13.55809534,0,-24.29411479,1065.821176,0.204177361,0,0
0,-0.052891515,0,9.30E-05,-659.5352369,11.16523703,96266.92369,0,0,-25.12292913,1083.354855,-13.79519052,0,-22.99595524,-324.5829465,0.197269034,0,0
0,-0.047468434,0,9.30E-05,-659.5352369,11.16523703,96266.92369,0,0,-17.81134869,1057.355686,-12.66881649,0,-21.233526,685.3269166,0.200935421,0,0
0,-0.043904794,0,9.30E-05,-659.5352369,11.16523703,96266.92369,0,0,-18.90013799,968.1928229,-13.50748782,0,-19.3059891,911.5062309,0.196905301,0,0
0,-0.039359169,0,9.30E-05,-659.5352369,11.16523703,96266.92369,0,0,-24.99830978,923.2444222,-11.89414278,0,-22.12542284,1065.282426,0.198802633,0,0
0,-0.034975094,0,9.30E-05,-659.5352369,11.16523703,96266.92369,0,0,-29.62618409,852.0765047,-11.38651279,0,-22.53517852,764.9916592,0.198301661,0,0
0,-0.030829392,0,9.30E-05,-659.5352369,11.16523703,96266.92369,0,0,-25.47895331,778.2551342,-11.29574418,0,-18.22717798,-86.13648467,0.197895349,0,0
0,-0.026209185,0,9.30E-05,-659.5352369,11.16523703,96266.92369,0,0,-19.09012615,694.9414189,-9.441570563,0,-15.86218468,-556.2880236,0.198602157,0,0
0,-0.022137422,0,9.30E-05,-659.5352369,11.16523703,96266.92369,0,0,-35.55897196,580.8407829,-10.6028864,0,-15.75316662,484.5266758,0.196678709,0,0
0,-0.01783687,0,9.30E-05,-659.5352369,11.16523703,96266.92369,0,0,-32.39996501,506.8400128,-7.937027491,0,-15.63394039,-622.6395352,0.200432775,0,0
0,-0.013615201,0,9.30E-05,-659.5352369,11.16523703,96266.92369,0,0,-36.81113926,390.6151373,-8.148111348,0,-9.980577308,-223.7410631,0.198797079,0,0
0,-0.009254037,0,9.30E-05,-659.5352369,11.16523703,96266.92369,0,0,-29.47489432,263.8590215,-6.954264091,0,-7.153045292,2152.742646,0.201935714,0,0
0,-0.005019498,0,9.30E-05,-659.5352369,11.16523703,96266.92369,0,0,-44.67382773,135.5448019,-6.281864521,0,-5.143565938,1480.730246,0.20342581,0,0
0,-0.00091745,0,9.30E-05,-659.5352369,11.16523703,96266.92369,0,0,-34.59745276,4.261270949,-3.235843099,0,-2.485971293,696.5223908,0.203546737,0,0
0,0.003429459,0,9.30E-05,-659.5352369,11.16523703,96266.92369,0,0,-26.74600363,-133.3845482,-2.342735908,0,7.043194487,471.5396136,0.207621425,0,0
0,0.007798747,0,9.30E-05,-659.5352369,11.16523703,96266.92369,0,0,-31.76604493,-250.0797261,-2.583453247,0,7.34569022,587.2306951,0.202904143,0,0
0,0.012026106,0,9.30E-05,-659.5352369,11.16523703,96266.92369,0,0,-39.38042463,-363.7163011,-1.357153072,0,5.5490229,1131.675149,0.201888418,0,0
0,0.016383926,0,9.30E-05,-659.5352369,11.16523703,96266.92369,0,0,-32.49940839,-464.6798921,-0.8469654,0,10.96370658,779.7507522,0.197270661,0,0
0,0.020739389,0,9.30E-05,-659.5352369,11.16523703,96266.92369,0,0,-15.35450281,-558.1153481,0.762164457,0,17.0372967,1604.092124,0.19359522,0,0
0,0.025209997,0,9.30E-05,-659.5352369,11.16523703,96266.92369,0,0,-26.60318933,-635.8077082,1.068075258,0,15.42068758,929.1131694,0.194485443,0,0
0,0.029425122,0,9.30E-05,-659.5352369,11.16523703,96266.92369,0,0,-21.79754961,-716.1390005,1.763030081,0,14.90968832,917.745049,0.191184224,0,0
0,0.033974975,0,9.30E-05,-659.5352369,11.16523703,96266.92369,0,0,-22.80103287,-784.3678124,2.807939177,0,17.57324159,1450.985706,0.194551209,0,0
0,0.038017343,0,9.30E-05,-659.5352369,11.16523703,96266.92369,0,0,-6.345522651,-868.7914796,3.540133287,0,20.22664041,1282.32286,0.194365714,0,0
0,0.042266795,0,9.30E-05,-659.5352369,11.16523703,96266.92369,0,0,-20.78562326,-910.0856548,3.882362134,0,18.82204329,1951.584941,0.194827648,0,0
0,0.045860773,0,9.30E-05,-659.5352369,11.16523703,96266.92369,0,0,-10.85306732,-992.7400666,4.325911358,0,18.93316773,666.5221802,0.197804442,0,0
0,0.051502829,0,9.30E-05,-659.5352369,11.16523703,96266.92369,0,0,-10.76192533,-1047.056172,4.239422091,0,21.031805,1586.064785,0.196303381,0,0
0,0.054999749,0,9.30E-05,-659.5352369,11.16523703,96266.92369,0,0,-13.6736357,-1100.190066,5.995433048,0,19.34867874,1886.533247,0.199294568,0,0
0,0.059572025,0,9.30E-05,-659.5352369,11.16523703,96266.92369,0,0,-13.26752393,-1150.306352,5.195538931,0,19.635652,1212.60702,0.198304204,0,0
0,0.063345984,0,9.30E-05,-659.5352369,11.16523703,96266.92369,0,0,-7.251508414,-1190.659344,5.963821425,0,21.96648992,1155.464204,0.198571169,0,0
0,0.067499393,0,9.30E-05,-659.5352369,11.16523703,96266.92369,0,0,-4.795733957,-1230.427578,5.872553755,0,22.26935743,1346.975256,0.198768127,0,0
0,0.072379737,0,9.30E-05,-659.5352369,11.16523703,96266.92369,0,0,-10.90883183,-1284.104838,5.968928744,0,19.05374981,1156.110348,0.200074065,0,0
0,0.075824102,0,9.30E-05,-659.5352369,11.16523703,96266.92369,0,0,-8.546416287,-1299.211628,6.265817495,0,20.02222578,1305.692347,0.198984361,0,0
0,0.081647691,0,9.30E-05,-659.5352369,11.16523703,96266.92369,0,0,-0.619985529,-1367.950097,6.069270222,0,19.61400635,1065.442861,0.202365509,0,0
0,0.084033075,0,9.30E-05,-659.5352369,11.16523703,96266.92369,0,0,-9.376850081,-1340.104708,6.983765611,0,19.07653387,1669.69724,0.197643699,0,0
0,0.090015502,0,9.30E-05,-659.5352369,11.16523703,96266.92369,0,0,-2.383153026,-1419.583417,6.348381497,0,18.63481002,1554.975479,0.201399442,0,0
0,0.092672092,0,9.30E-05,-659.5352369,11.16523703,96266.92369,0,0,-7.341993644,-1373.348897,7.367780375,0,18.95014076,1222.03964,0.196815567,0,0
0,0.098548226,0,9.30E-05,-659.5352369,11.16523703,96266.92369,0,0,-2.320306071,-1443.214115,6.897291593,0,17.65264832,980.4948486,0.199401645,0,0
0,0.101041881,0,9.30E-05,-659.5352369,11.16523703,96266.92369,0,0,-5.823271246,-1413.097812,7.311444243,0,16.5480508,1127.019247,0.196227694,0,0
0,0.107218457,0,9.30E-05,-659.5352369,11.16523703,96266.92369,0,0,-3.173702488,-1473.457733,7.248940282,0,16.07328812,1220.154095,0.198724255,0,0
0,0.109842822,0,9.30E-05,-659.5352369,11.16523703,96266.92369,0,0,-6.451624598,-1443.207251,7.5298479,0,15.79112656,808.0509317,0.194980415,0,0
0,0.115659543,0,9.30E-05,-659.5352369,11.16523703,96266.92369,0,0,-2.197000145,-1491.229994,7.601802989,0,15.01341619,1343.918869,0.198008759,0,0
0,0.118832768,0,9.30E-05,-659.5352369,11.16523703,96266.92369,0,0,-3.490319363,-1469.359853,7.343249976,0,14.34724,760.1499558,0.193948066,0,0
0,0.124110847,0,9.30E-05,-659.5352369,11.16523703,96266.92369,0,0,-3.847615409,-1516.93079,7.970890339,0,12.75693155,1426.943936,0.198066782,0,0
0,0.126802405,0,9.30E-05,-659.5352369,11.16523703,96266.92369,0,0,-8.587352202,-1488.235444,7.443147042,0,11.87699044,1555.647808,0.193129771,0,0
0,0.132305099,0,9.30E-05,-659.5352369,11.16523703,96266.92369,0,0,-1.097554332,-1535.425729,7.940351132,0,12.90986937,1245.186982,0.197033991,0,0
0,0.136137654,0,9.30E-05,-659.5352369,11.16523703,96266.92369,0,0,-1.563447928,-1524.352911,7.683445931,0,12.31739413,1027.340268,0.195518512,0,0
0,0.140921884,0,9.30E-05,-659.5352369,11.16523703,96266.92369,0,0,-6.708116088,-1545.377827,8.015207293,0,9.940338036,770.6473705,0.196322388,0,0
0,0.145161664,0,9.30E-05,-659.5352369,11.16523703,96266.92369,0,0,-3.923565892,-1550.494776,7.937781882,0,9.443409992,-47.47810808,0.196790052,0,0
0,0.14936966,0,9.30E-05,-659.5352369,11.16523703,96266.92369,0,0,-1.726821713,-1555.845565,7.956508673,0,11.2346406,706.8736319,0.195576296,0,0
0,0.153761303,0,9.30E-05,-659.5352369,11.16523703,96266.92369,0,0,-1.272158416,-1589.674319,7.903617365,0,9.762313378,1242.43615,0.198988844,0,0
0,0.157817027,0,9.30E-05,-659.5352369,11.16523703,96266.92369,0,0,-8.744841455,-1554.223884,7.968153066,0,6.799888404,1599.886352,0.194649394,0,0
0,0.162974656,0,9.30E-05,-659.5352369,11.16523703,96266.92369,0,0,0.534329094,-1589.308422,8.27500577,0,10.30332421,1527.149021,0.198755446,0,0
0,0.166430909,0,9.30E-05,-659.5352369,11.16523703,96266.92369,0,0,-1.391929393,-1568.230845,8.336650898,0,9.329451702,1257.893133,0.194265116,0,0
0,0.171326046,0,9.30E-05,-659.5352369,11.16523703,96266.92369,0,0,-5.69191564,-1583.537743,8.781210085,0,5.724427224,1239.589234,0.198267595,0,0
0,0.174971694,0,9.30E-05,-659.5352369,11.16523703,96266.92369,0,0,-7.880265182,-1570.966564,8.240834348,0,5.649107692,1151.218143,0.194190559,0,0
0,0.179645293,0,9.30E-05,-659.5352369,11.16523703,96266.92369,0,0,4.365727287,-1580.943505,8.730278975,0,9.735964829,942.8035531,0.198390639,0,0
0,0.183506685,0,9.30E-05,-659.5352369,11.16523703,96266.92369,0,0,-0.866816519,-1569.983932,8.362592784,0,7.643150175,920.0164083,0.193587235,0,0
0,0.188043821,0,9.30E-05,-659.5352369,11.16523703,96266.92369,0,0,-10.10529005,-1585.849006,9.253203451,0,3.049110687,1470.781153,0.198139269,0,0
0,0.192335197,0,9.30E-05,-659.5352369,11.16523703,96266.92369,0,0,-5.363548075,-1568.158945,8.053388596,0,5.196049479,553.2345634,0.194360142,0,0
0,0.19636152,0,9.30E-05,-659.5352369,11.16523703,96266.92369,0,0,-2.047852999,-1575.410396,9.091097693,0,5.451389586,1549.654384,0.197493839,0,0
0,0.200790642,0,9.30E-05,-659.5352369,11.16523703,96266.92369,0,0,-3.70429522,-1566.958414,7.778451259,0,4.876966193,1351.280398,0.194003979,0,0
0,0.204924685,0,9.30E-05,-659.5352369,11.16523703,96266.92369,0,0,-14.7132419,-1574.200179,8.050282674,0,-0.469978804,572.2438125,0.196479272,0,0
0,0.209580957,0,9.30E-05,-659.5352369,11.16523703,96266.92369,0,0,-9.28656871,-1561.890909,8.015347382,0,0.513850523,448.524198,0.193870434,0,0
0,0.212335084,0,9.30E-05,-659.5352369,11.16523703,96266.92369,0,0,-23.08767559,-1581.143039,9.104428625,0,-3.637784093,1298.709452,0.198081575,0,0
0,-0.208888802,0,0.000105379,-216.0831566,11.16577474,96309.59036,0,0,9.74835845,542.6207708,-3.296459246,0,6.740961933,700.6055955,0.199994354,0,0
0,-0.204586018,0,0.000105379,-216.0831566,11.16577474,96309.59036,0,0,4.578388058,543.9842471,-3.131856162,0,2.337342452,252.964828,0.203115113,0,0
0,-0.200801024,0,0.000105379,-216.0831566,11.16577474,96309.59036,0,0,-4.401593761,541.5148106,-3.164346747,0,-0.996137944,1002.74111,0.199792739,0,0
0,-0.196030831,0,0.000105379,-216.0831566,11.16577474,96309.59036,0,0,6.189023175,547.7005006,-2.899653742,0,3.643866601,435.8205071,0.204371378,0,0
0,-0.191906558,0,0.000105379,-216.0831566,11.16577474,96309.59036,0,0,14.53810915,557.635973,-2.585947622,0,7.816532908,921.8707907,0.214709125,0,0
0,-0.187940166,0,0.000105379,-216.0831566,11.16577474,96309.59036,0,0,-15.28097038,552.3667625,-3.440790234,0,-5.580362844,38.39654965,0.205988438,0,0
0,-0.183560605,0,0.000105379,-216.0831566,11.16577474,96309.59036,0,0,-12.82797906,550.6343285,-3.162754476,0,-5.359259371,1380.280978,0.205925115,0,0
0,-0.179543482,0,0.000105379,-216.0831566,11.16577474,96309.59036,0,0,-5.943446403,551.2131874,-3.195030423,0,-1.899866642,92.1884916,0.205198223,0,0
0,-0.175491706,0,0.000105379,-216.0831566,11.16577474,96309.59036,0,0,-8.136706508,552.1953808,-3.333499552,0,-2.638167758,-260.5497872,0.204818689,0,0
0,-0.170783506,0,0.000105379,-216.0831566,11.16577474,96309.59036,0,0,-5.91341159,554.2238001,-3.207730595,0,-2.049678432,247.0606708,0.207647402,0,0
0,-0.166200842,0,0.000105379,-216.0831566,11.16577474,96309.59036,0,0,-7.807828446,554.3834656,-3.048268233,0,-3.299718536,820.7903294,0.206813452,0,0
0,-0.16203181,0,0.000105379,-216.0831566,11.16577474,96309.59036,0,0,-12.76492532,553.762971,-3.387374592,0,-4.251461495,-332.0766516,0.204950722,0,0
0,-0.158319688,0,0.000105379,-216.0831566,11.16577474,96309.59036,0,0,-6.688612942,557.8482031,-3.153992757,0,-3.407966361,502.6417551,0.207121509,0,0
0,-0.154011378,0,0.000105379,-216.0831566,11.16577474,96309.59036,0,0,-2.666009316,557.0558445,-2.487231977,0,-0.488392806,-470.8308539,0.206372578,0,0
0,-0.149043179,0,0.000105379,-216.0831566,11.16577474,96309.59036,0,0,-8.116919662,559.2269145,-2.808080245,0,-3.547520314,1467.531968,0.207411276,0,0
0,-0.144860351,0,0.000105379,-216.0831566,11.16577474,96309.59036,0,0,-8.038052959,555.4384979,-3.057608875,0,-3.724441733,378.189478,0.204449382,0,0
0,-0.14068996,0,0.000105379,-216.0831566,11.16577474,96309.59036,0,0,-2.212376993,553.9874862,-2.824606308,0,-1.787356147,937.2068307,0.204958071,0,0
0,-0.136509832,0,0.000105379,-216.0831566,11.16577474,96309.59036,0,0,-6.962801952,555.5186063,-3.555496812,0,-2.928622184,1253.779213,0.20455904,0,0
0,-0.131890747,0,0.000105379,-216.0831566,11.16577474,96309.59036,0,0,-8.506284398,556.3356645,-2.977072036,0,-3.826926144,-608.6235123,0.205879293,0,0
0,-0.12775571,0,0.000105379,-216.0831566,11.16577474,96309.59036,0,0,-7.103282712,553.0905121,-3.182614207,0,-4.675036813,1308.721101,0.203892391,0,0
0,-0.123499835,0,0.000105379,-216.0831566,11.16577474,96309.59036,0,0,-6.047954197,554.1526302,-3.108256912,0,-2.910665793,400.4480956,0.204935848,0,0
0,-0.119679971,0,0.000105379,-216.0831566,11.16577474,96309.59036,0,0,-4.758743286,555.8147129,-3.079554328,0,-2.468636472,465.6777047,0.205719189,0,0
0,-0.115559028,0,0.000105379,-216.0831566,11.16577474,96309.59036,0,0,-6.065352261,550.7884602,-3.029399018,0,-4.091151224,164.3610741,0.203992458,0,0
0,-0.111183773,0,0.000105379,-216.0831566,11.16577474,96309.59036,0,0,-10.06991818,554.647454,-2.69321443,0,-5.367645455,-48.7691054,0.207173355,0,0
0,-0.106661228,0,0.000105379,-216.0831566,11.16577474,96309.59036,0,0,-5.979358438,547.9517875,-3.256992852,0,-4.373157426,-45.60957213,0.202216068,0,0
0,-0.10292015,0,0.000105379,-216.0831566,11.16577474,96309.59036,0,0,-5.021232254,547.3677417,-2.860304133,0,-3.574780426,201.7764505,0.206070283,0,0
0,-0.098186577,0,0.000105379,-216.0831566,11.16577474,96309.59036,0,0,-10.31628147,549.8407829,-3.29783327,0,-5.001838036,1267.273948,0.20458818,0,0
0,-0.093964774,0,0.000105379,-216.0831566,11.16577474,96309.59036,0,0,-8.655244194,533.1037319,-3.023694152,0,-5.007617192,1127.147115,0.203368038,0,0
0,-0.090407129,0,0.000105379,-216.0831566,11.16577474,96309.59036,0,0,-5.208192868,536.7969184,-2.841776166,0,-4.588637028,-231.0861572,0.201915331,0,0
0,-0.085533913,0,0.000105379,-216.0831566,11.16577474,96309.59036,0,0,-8.765433737,528.9695869,-2.973642335,0,-5.13703756,455.2740933,0.20373121,0,0
0,-0.081102971,0,0.000105379,-216.0831566,11.16577474,96309.59036,0,0,-6.755932332,521.5586857,-3.051880886,0,-4.371530167,98.36355726,0.201538243,0,0
0,-0.076714903,0,0.000105379,-216.0831566,11.16577474,96309.59036,0,0,-9.733608204,514.2542253,-2.982414521,0,-5.404564058,1657.582145,0.202719575,0,0
0,-0.07246291,0,0.000105379,-216.0831566,11.16577474,96309.59036,0,0,-10.24472451,509.26805,-2.758919011,0,-6.499513474,576.8144626,0.204070613,0,0
0,-0.068208288,0,0.000105379,-216.0831566,11.16577474,96309.59036,0,0,-9.298899679,486.7245173,-3.203331434,0,-4.794790358,1243.941753,0.199582008,0,0
0,-0.064353596,0,0.000105379,-216.0831566,11.16577474,96309.59036,0,0,-7.501962004,488.657864,-3.193949915,0,-4.870552059,718.3476744,0.203463232,0,0
0,-0.060031923,0,0.000105379,-216.0831566,11.16577474,96309.59036,0,0,-10.09926965,465.635769,-3.279568343,0,-5.369522943,1413.347611,0.203052634,0,0
0,-0.056065646,0,0.000105379,-216.0831566,11.16577474,96309.59036,0,0,-13.19665622,458.3270467,-2.66253158,0,-7.697703773,716.4913529,0.202327941,0,0
0,-0.05119297,0,0.000105379,-216.0831566,11.16577474,96309.59036,0,0,-10.03440898,424.1869153,-3.466541327,0,-4.011791093,1471.634063,0.203067294,0,0
0,-0.047514991,0,0.000105379,-216.0831566,11.16577474,96309.59036,0,0,-3.807447378,428.2068583,-2.773986118,0,-3.316896974,363.1964,0.203078111,0,0
0,-0.04222689,0,0.000105379,-216.0831566,11.16577474,96309.59036,0,0,-18.3055772,393.0873585,-3.248240721,0,-5.952099463,449.9449451,0.208395599,0,0
0,-0.038739773,0,0.000105379,-216.0831566,11.16577474,96309.59036,0,0,-18.3165001,386.2771289,-2.810642391,0,-9.866127496,-897.0192657,0.201912341,0,0
0,-0.034217561,0,0.000105379,-216.0831566,11.16577474,96309.59036,0,0,-13.84971676,353.305075,-3.29143747,0,-4.123006394,862.0904627,0.211580936,0,0
0,-0.030280853,0,0.000105379,-216.0831566,11.16577474,96309.59036,0,0,-1.366666323,342.1448705,-2.573865628,0,-1.415915209,1797.6674,0.203177916,0,0
0,-0.02564836,0,0.000105379,-216.0831566,11.16577474,96309.59036,0,0,-18.06908186,299.8738692,-3.19969038,0,-4.240046269,1505.04044,0.214006502,0,0
0,-0.020899707,0,0.000105379,-216.0831566,11.16577474,96309.59036,0,0,-19.73274253,282.1039627,-2.840839086,0,-8.672794652,184.3261496,0.215128578,0,0
0,-0.017683545,0,0.000105379,-216.0831566,11.16577474,96309.59036,0,0,-23.12059895,228.0254155,-3.022818289,0,-4.176958328,350.4244921,0.212897214,0,0
0,-0.01275103,0,0.000105379,-216.0831566,11.16577474,96309.59036,0,0,-13.25974924,192.5873472,-2.311725856,0,-2.234586415,1021.212365,0.221416231,0,0
0,-0.009205919,0,0.000105379,-216.0831566,11.16577474,96309.59036,0,0,-18.04299374,125.105112,-3.08378124,0,-0.165776016,983.3138109,0.210597831,0,0
0,-0.004691276,0,0.000105379,-216.0831566,11.16577474,96309.59036,0,0,-20.30494336,65.55974639,-2.599268934,0,-2.941254502,1230.217971,0.214787689,0,0
0,-0.000406031,0,0.000105379,-216.0831566,11.16577474,96309.59036,0,0,-25.12995374,-0.65645422,-3.107882853,0,-1.231205787,1529.643819,0.210162758,0,0
0,0.003860454,0,0.000105379,-216.0831566,11.16577474,96309.59036,0,0,-7.849997237,-64.21081764,-3.100436907,0,3.777551526,910.7085466,0.205982815,0,0
0,0.007726729,0,0.000105379,-216.0831566,11.16577474,96309.59036,0,0,-19.6391951,-120.9714431,-2.848730714,0,2.42635887,405.3393121,0.213853447,0,0
0,0.01269797,0,0.000105379,-216.0831566,11.16577474,96309.59036,0,0,-17.9770514,-171.1509163,-2.655795193,0,1.442828858,2152.529506,0.204860734,0,0
0,0.016210617,0,0.000105379,-216.0831566,11.16577474,96309.59036,0,0,-15.00279353,-215.3462625,-2.806561143,0,2.853474449,2151.711432,0.207614968,0,0
0,0.021077838,0,0.000105379,-216.0831566,11.16577474,96309.59036,0,0,-11.90090396,-246.6241312,-2.609110526,0,4.261800908,37.18419923,0.201152153,0,0
0,0.025479342,0,0.000105379,-216.0831566,11.16577474,96309.59036,0,0,-12.10029512,-275.1895285,-2.185483382,0,3.778593303,1425.393598,0.199277158,0,0
0,0.029605563,0,0.000105379,-216.0831566,11.16577474,96309.59036,0,0,-10.87514748,-301.7971627,-2.687805961,0,4.632483117,888.4856185,0.201328849,0,0
0,0.033769688,0,0.000105379,-216.0831566,11.16577474,96309.59036,0,0,-9.172207581,-332.2091796,-2.376546069,0,4.107214058,1328.982729,0.203139482,0,0
0,0.037971127,0,0.000105379,-216.0831566,11.16577474,96309.59036,0,0,-7.748153076,-342.6901218,-3.088254275,0,5.282308784,-207.743172,0.196392689,0,0
0,0.04240836,0,0.000105379,-216.0831566,11.16577474,96309.59036,0,0,-5.98739571,-374.8643609,-2.526446955,0,5.836712017,596.8188449,0.20398906,0,0
0,0.046026187,0,0.000105379,-216.0831566,11.16577474,96309.59036,0,0,-7.953409893,-380.3069156,-3.091373639,0,4.437171123,1247.32539,0.198577369,0,0
0,0.050780825,0,0.000105379,-216.0831566,11.16577474,96309.59036,0,0,-5.384604441,-406.5592601,-2.782408864,0,5.207705265,-39.95012799,0.20223511,0,0
0,0.055051137,0,0.000105379,-216.0831566,11.16577474,96309.59036,0,0,-3.63514684,-408.8584254,-3.409998937,0,5.843839333,1300.115202,0.194870987,0,0
0,0.059534254,0,0.000105379,-216.0831566,11.16577474,96309.59036,0,0,-4.902792518,-451.8709553,-2.403742799,0,5.061930053,1287.468307,0.211492184,0,0
0,0.06377521,0,0.000105379,-216.0831566,11.16577474,96309.59036,0,0,-2.648468195,-441.0182017,-3.202090367,0,6.095945909,1403.78402,0.198272641,0,0
0,0.067547649,0,0.000105379,-216.0831566,11.16577474,96309.59036,0,0,-5.484472369,-468.4673622,-2.895371231,0,4.298218702,1094.115364,0.206619875,0,0
0,0.07256991,0,0.000105379,-216.0831566,11.16577474,96309.59036,0,0,-2.96841824,-468.806898,-3.507771376,0,4.850316347,1987.743956,0.199192757,0,0
0,0.076007584,0,0.000105379,-216.0831566,11.16577474,96309.59036,0,0,-2.24141947,-491.476051,-2.885235208,0,6.317044755,2028.359631,0.207693964,0,0
0,0.080936332,0,0.000105379,-216.0831566,11.16577474,96309.59036,0,0,-0.537995924,-488.5949311,-3.392085502,0,4.993738479,354.3601712,0.200875677,0,0
0,0.084455968,0,0.000105379,-216.0831566,11.16577474,96309.59036,0,0,-4.271558242,-499.8687799,-2.939155364,0,4.485248227,-521.5788625,0.2050096,0,0
0,0.089027169,0,0.000105379,-216.0831566,11.16577474,96309.59036,0,0,0.063749997,-504.2778224,-3.639507758,0,5.179277301,1769.201889,0.201486012,0,0
0,0.093166112,0,0.000105379,-216.0831566,11.16577474,96309.59036,0,0,-1.651031684,-511.2622075,-3.365976017,0,5.113662787,1449.578369,0.202552975,0,0
0,0.097742592,0,0.000105379,-216.0831566,11.16577474,96309.59036,0,0,-2.858157269,-516.4296057,-3.786053528,0,3.837257243,840.8206517,0.201556209,0,0
0,0.101844054,0,0.000105379,-216.0831566,11.16577474,96309.59036,0,0,-2.33195285,-519.6007491,-3.610903713,0,4.39275314,1226.314448,0.200761466,0,0
0,0.106638116,0,0.000105379,-216.0831566,11.16577474,96309.59036,0,0,1.789995657,-524.2698151,-3.336013829,0,5.757960056,1047.703836,0.201387995,0,0
0,0.11044929,0,0.000105379,-216.0831566,11.16577474,96309.59036,0,0,-1.028025947,-526.2114694,-3.255004807,0,4.614329834,661.5676745,0.201731243,0,0
0,0.115257671,0,0.000105379,-216.0831566,11.16577474,96309.59036,0,0,-0.052435938,-532.2714038,-2.723122725,0,3.981672253,699.706514,0.204219343,0,0
0,0.118482243,0,0.000105379,-216.0831566,11.16577474,96309.59036,0,0,1.090649359,-527.6799084,-3.463343164,0,3.407486853,1186.491724,0.198112482,0,0
0,0.122990595,0,0.000105379,-216.0831566,11.16577474,96309.59036,0,0,2.28623678,-539.9619854,-3.128656297,0,4.498754418,1141.549871,0.205483911,0,0
0,0.126453912,0,0.000105379,-216.0831566,11.16577474,96309.59036,0,0,-1.367969319,-537.9852611,-3.654812379,0,4.265598006,1696.380578,0.201458601,0,0
0,0.130894028,0,0.000105379,-216.0831566,11.16577474,96309.59036,0,0,-0.562256998,-537.967659,-3.426154898,0,3.355859087,1032.336141,0.200765204,0,0
0,0.135833429,0,0.000105379,-216.0831566,11.16577474,96309.59036,0,0,1.449118351,-541.3032035,-3.623868813,0,3.473924581,1571.272706,0.202072503,0,0
0,0.140043183,0,0.000105379,-216.0831566,11.16577474,96309.59036,0,0,2.160979398,-542.1530215,-3.679245844,0,5.272402446,1649.806394,0.200900236,0,0
0,0.144504118,0,0.000105379,-216.0831566,11.16577474,96309.59036,0,0,-2.265052022,-543.9752865,-3.722458048,0,2.164736315,1496.172907,0.202175979,0,0
0,0.148400986,0,0.000105379,-216.0831566,11.16577474,96309.59036,0,0,1.919463037,-546.1259892,-3.454907715,0,2.694111473,843.766674,0.204256168,0,0
0,0.152988709,0,0.000105379,-216.0831566,11.16577474,96309.59036,0,0,2.72466121,-545.1696151,-3.527160113,0,4.676263481,1708.658659,0.202065897,0,0
0,0.157393004,0,0.000105379,-216.0831566,11.16577474,96309.59036,0,0,-0.583551673,-545.9235855,-4.0155422,0,2.710629381,1013.024758,0.201246872,0,0
0,0.161459985,0,0.000105379,-216.0831566,11.16577474,96309.59036,0,0,3.469392679,-546.1350461,-3.592594079,0,2.528029783,256.3003336,0.202487013,0,0
0,0.165980731,0,0.000105379,-216.0831566,11.16577474,96309.59036,0,0,1.818212124,-548.8671331,-4.286527488,0,3.968005131,990.4457104,0.201175279,0,0
0,0.169759548,0,0.000105379,-216.0831566,11.16577474,96309.59036,0,0,3.925091037,-549.3587479,-3.428743215,0,4.353424717,634.6798985,0.204697116,0,0
0,0.174648165,0,0.000105379,-216.0831566,11.16577474,96309.59036,0,0,-0.514354928,-548.6584769,-3.444570984,0,1.283268142,268.7405292,0.203031538,0,0
0,0.178966889,0,0.000105379,-216.0831566,11.16577474,96309.59036,0,0,2.121271033,-553.0797706,-2.978898208,0,3.019565381,707.2131605,0.206964779,0,0
0,0.182024951,0,0.000105379,-216.0831566,11.16577474,96309.59036,0,0,3.942989847,-551.086596,-3.535697227,0,3.654910716,1522.104795,0.203528865,0,0
0,0.186986763,0,0.000105379,-216.0831566,11.16577474,96309.59036,0,0,-4.589211673,-549.500213,-3.410837024,0,-0.059722928,747.636281,0.202698651,0,0
0,0.191417489,0,0.000105379,-216.0831566,11.16577474,96309.59036,0,0,-6.917741063,-553.9682513,-3.59850418,0,-0.190204808,1082.640962,0.204422775,0,0
0,0.195269773,0,0.000105379,-216.0831566,11.16577474,96309.59036,0,0,-2.089451899,-555.1442999,-3.101498791,0,-0.08732923,1316.087436,0.207340208,0,0
0,0.199993749,0,0.000105379,-216.0831566,11.16577474,96309.59036,0,0,-2.632312912,-545.5840636,-4.230716172,0,0.703068908,1901.452677,0.196786464,0,0
0,0.203708369,0,0.000105379,-216.0831566,11.16577474,96309.59036,0,0,-8.371684998,-552.7347716,-3.76209234,0,-0.943428262,759.5521497,0.202784631,0,0
0,0.208684468,0,0.000105379,-216.0831566,11.16577474,96309.59036,0,0,-12.44247981,-546.0442867,-4.649104116,0,-3.200987678,1042.18139,0.195561969,0,0
0,0.211654098,0,0.000105379,-216.0831566,11.16577474,96309.59036,0,0,14.01770859,-537.0694399,-4.226126001,0,6.542539283,907.4287835,0.189211227,0,0
0,-0.211827147,0,9.91E-05,-1105.275718,11.16468466,97021.49158,0,0,-0.930817432,2446.458182,-40.02816742,0,4.32122095,223.9485286,0.189771812,0,0
0,-0.206757412,0,9.91E-05,-1105.275718,11.16468466,97021.49158,0,0,13.6927928,2418.964757,-38.82988779,0,6.433488594,-3519.237175,0.189461876,0,0
0,-0.202688766,0,9.91E-05,-1105.275718,11.16468466,97021.49158,0,0,-19.5627928,2446.839287,-39.73132564,0,-6.249115551,-802.1634868,0.189898537,0,0
0,-0.19923672,0,9.91E-05,-1105.275718,11.16468466,97021.49158,0,0,-48.486602,2455.59756,-40.85313871,0,-17.89923441,-637.9048327,0.190750933,0,0
0,-0.194142663,0,9.91E-05,-1105.275718,11.16468466,97021.49158,0,0,-30.84418718,2461.889787,-40.37273269,0,-13.04169296,-118.2285404,0.1910444,0,0
0,-0.19004679,0,9.91E-05,-1105.275718,11.16468466,97021.49158,0,0,-15.96318297,2472.70732,-39.97369868,0,-7.170106254,819.3401175,0.191476213,0,0
0,-0.185813054,0,9.91E-05,-1105.275718,11.16468466,97021.49158,0,0,-23.77329713,2476.524118,-40.38675392,0,-10.97817329,-441.0758943,0.191599982,0,0
0,-0.181660793,0,9.91E-05,-1105.275718,11.16468466,97021.49158,0,0,-35.8174242,2493.401414,-40.3080824,0,-16.9950587,213.0245021,0.191837688,0,0
0,-0.177521193,0,9.91E-05,-1105.275718,11.16468466,97021.49158,0,0,-36.73818925,2479.005578,-40.41107602,0,-19.40005073,-643.0796881,0.191646197,0,0
0,-0.172541599,0,9.91E-05,-1105.275718,11.16468466,97021.49158,0,0,-25.56147539,2490.577023,-39.63134519,0,-14.57811759,193.3422778,0.192497735,0,0
0,-0.169427108,0,9.91E-05,-1105.275718,11.16468466,97021.49158,0,0,-20.81594706,2484.297452,-40.57405156,0,-14.11315037,-977.4339395,0.191504794,0,0
0,-0.163326404,0,9.91E-05,-1105.275718,11.16468466,97021.49158,0,0,-27.49567335,2504.997882,-40.00017639,0,-19.686155,-1221.05006,0.193061087,0,0
0,-0.160593939,0,9.91E-05,-1105.275718,11.16468466,97021.49158,0,0,-39.8551493,2457.191537,-40.43572078,0,-24.37803015,583.2902178,0.19113238,0,0
0,-0.154822084,0,9.91E-05,-1105.275718,11.16468466,97021.49158,0,0,-26.10144607,2472.520393,-40.21562166,0,-19.54234153,293.9965946,0.192293963,0,0
0,-0.151661451,0,9.91E-05,-1105.275718,11.16468466,97021.49158,0,0,-22.24861296,2485.987077,-40.004807,0,-20.92861714,155.453833,0.192228251,0,0
0,-0.146310247,0,9.91E-05,-1105.275718,11.16468466,97021.49158,0,0,-31.42131282,2459.750708,-39.91614538,0,-25.04481912,-215.4856015,0.192331802,0,0
0,-0.142642637,0,9.91E-05,-1105.275718,11.16468466,97021.49158,0,0,-34.27147262,2449.137442,-39.96625592,0,-28.87913027,1259.24468,0.191731045,0,0
0,-0.138221067,0,9.91E-05,-1105.275718,11.16468466,97021.49158,0,0,-28.0819556,2436.690714,-39.84383642,0,-26.49905737,1077.661929,0.19205045,0,0
0,-0.133816262,0,9.91E-05,-1105.275718,11.16468466,97021.49158,0,0,-20.48324584,2425.342516,-39.6725623,0,-24.63074291,-156.5112715,0.192153824,0,0
0,-0.129784946,0,9.91E-05,-1105.275718,11.16468466,97021.49158,0,0,-28.54017026,2418.009846,-39.407418,0,-30.45367066,602.5944159,0.192447159,0,0
0,-0.124941998,0,9.91E-05,-1105.275718,11.16468466,97021.49158,0,0,-37.83162555,2344.539303,-39.35223799,0,-33.58383713,385.1991697,0.1901648,0,0
0,-0.121084934,0,9.91E-05,-1105.275718,11.16468466,97021.49158,0,0,-22.37047792,2405.332658,-38.44382185,0,-32.5102518,-145.511718,0.19411558,0,0
0,-0.117323961,0,9.91E-05,-1105.275718,11.16468466,97021.49158,0,0,-27.39903789,2300.427727,-38.76194626,0,-31.92724942,870.256372,0.190112314,0,0
0,-0.112694482,0,9.91E-05,-1105.275718,11.16468466,97021.49158,0,0,-25.60499327,2357.536867,-37.697937,0,-36.551001,472.6219587,0.194345034,0,0
0,-0.108407768,0,9.91E-05,-1105.275718,11.16468466,97021.49158,0,0,-32.20604166,2227.37547,-37.91338634,0,-37.85694739,-583.3343235,0.189910613,0,0
0,-0.103885413,0,9.91E-05,-1105.275718,11.16468466,97021.49158,0,0,-25.33626063,2258.771246,-36.74566951,0,-39.24876325,305.2088592,0.192936216,0,0
0,-0.099744706,0,9.91E-05,-1105.275718,11.16468466,97021.49158,0,0,-26.10975006,2181.641462,-36.5130356,0,-39.88669825,983.0663999,0.190680683,0,0
0,-0.095455074,0,9.91E-05,-1105.275718,11.16468466,97021.49158,0,0,-26.18584657,2182.000149,-35.84667856,0,-42.7476803,278.5143529,0.192632424,0,0
0,-0.090440761,0,9.91E-05,-1105.275718,11.16468466,97021.49158,0,0,-25.38339286,2189.164325,-35.17940424,0,-46.17492627,337.0892065,0.195073127,0,0
0,-0.086710775,0,9.91E-05,-1105.275718,11.16468466,97021.49158,0,0,-26.42983473,2039.749806,-34.9795621,0,-44.17012346,12.46044818,0.190306299,0,0
0,-0.082322274,0,9.91E-05,-1105.275718,11.16468466,97021.49158,0,0,-23.86617027,2106.119311,-34.30016635,0,-48.79271226,67.91124255,0.195377739,0,0
0,-0.077857682,0,9.91E-05,-1105.275718,11.16468466,97021.49158,0,0,-30.23013702,1942.034028,-33.7382452,0,-47.71941335,347.6387598,0.190613638,0,0
0,-0.073770074,0,9.91E-05,-1105.275718,11.16468466,97021.49158,0,0,-27.56598484,2020.70232,-32.9521698,0,-51.79842407,-434.6124086,0.197171602,0,0
0,-0.069478049,0,9.91E-05,-1105.275718,11.16468466,97021.49158,0,0,-31.26016635,1829.307593,-31.91518007,0,-48.53311127,1051.574503,0.190829862,0,0
0,-0.06549682,0,9.91E-05,-1105.275718,11.16468466,97021.49158,0,0,-26.21528554,1896.493102,-30.67767446,0,-52.20875165,-197.0271658,0.197775426,0,0
0,-0.061050635,0,9.91E-05,-1105.275718,11.16468466,97021.49158,0,0,-34.27346705,1710.903853,-29.93686422,0,-49.01199541,1157.508392,0.191983567,0,0
0,-0.057112728,0,9.91E-05,-1105.275718,11.16468466,97021.49158,0,0,-28.03307022,1709.213992,-28.66645561,0,-50.15987949,908.9713293,0.196324471,0,0
0,-0.052181348,0,9.91E-05,-1105.275718,11.16468466,97021.49158,0,0,-34.10246892,1591.917521,-27.44814793,0,-48.76492849,158.4222411,0.195317739,0,0
0,-0.047958738,0,9.91E-05,-1105.275718,11.16468466,97021.49158,0,0,-36.16998687,1484.113309,-26.05102406,0,-47.15754744,295.157449,0.194330848,0,0
0,-0.043901205,0,9.91E-05,-1105.275718,11.16468466,97021.49158,0,0,-33.88742968,1386.928237,-24.90730796,0,-45.28799234,1148.577881,0.194029277,0,0
0,-0.039285997,0,9.91E-05,-1105.275718,11.16468466,97021.49158,0,0,-40.62126382,1286.025027,-22.9805886,0,-42.75002327,-112.1314041,0.194979391,0,0
0,-0.035459137,0,9.91E-05,-1105.275718,11.16468466,97021.49158,0,0,-42.9963513,1175.675776,-21.58926844,0,-43.64064509,583.6924666,0.193997422,0,0
0,-0.030447408,0,9.91E-05,-1105.275718,11.16468466,97021.49158,0,0,-45.14511941,1061.800917,-19.94470726,0,-38.86456407,-259.0974425,0.195962778,0,0
0,-0.026741236,0,9.91E-05,-1105.275718,11.16468466,97021.49158,0,0,-38.05301313,922.6841797,-17.56125748,0,-32.06252327,-493.5959386,0.193648699,0,0
0,-0.021945774,0,9.91E-05,-1105.275718,11.16468466,97021.49158,0,0,-46.93361384,783.2578026,-15.73350169,0,-29.58579095,494.1101055,0.195923163,0,0
0,-0.017922328,0,9.91E-05,-1105.275718,11.16468466,97021.49158,0,0,-52.35950595,630.9784948,-13.58069745,0,-26.61361493,1330.996315,0.193815172,0,0
0,-0.01325276,0,9.91E-05,-1105.275718,11.16468466,97021.49158,0,0,-55.96007634,517.6563129,-10.69618826,0,-21.57368542,-439.4864964,0.198160871,0,0
0,-0.009254928,0,9.91E-05,-1105.275718,11.16468466,97021.49158,0,0,-54.36929805,335.4702695,-9.526693182,0,-13.01925714,897.9597317,0.195892149,0,0
0,-0.004990782,0,9.91E-05,-1105.275718,11.16468466,97021.49158,0,0,-58.64642111,167.0927481,-7.054969159,0,-8.823525486,1037.828154,0.193900968,0,0
0,-0.000624012,0,9.91E-05,-1105.275718,11.16468466,97021.49158,0,0,-55.87146337,-8.529351737,-4.128285897,0,-0.757350384,1658.984878,0.194754056,0,0
0,0.003782786,0,9.91E-05,-1105.275718,11.16468466,97021.49158,0,0,-51.26460777,-173.3553781,-2.432862638,0,6.868432689,-320.4586016,0.192539651,0,0
0,0.007719876,0,9.91E-05,-1105.275718,11.16468466,97021.49158,0,0,-52.0283957,-313.695298,0.884844311,0,11.03687452,-244.7548637,0.195050059,0,0
0,0.012432051,0,9.91E-05,-1105.275718,11.16468466,97021.49158,0,0,-53.02217508,-464.6005246,1.87512539,0,15.76561634,856.0201685,0.190849114,0,0
0,0.016668796,0,9.91E-05,-1105.275718,11.16468466,97021.49158,0,0,-46.247982,-611.4938288,4.463948758,0,21.04299198,1003.991063,0.192856581,0,0
0,0.021123207,0,9.91E-05,-1105.275718,11.16468466,97021.49158,0,0,-39.83043727,-750.2075316,5.818290661,0,28.08620687,1610.043158,0.190478557,0,0
0,0.024943733,0,9.91E-05,-1105.275718,11.16468466,97021.49158,0,0,-34.16017704,-872.6983967,8.165771302,0,31.49978326,502.4513098,0.193145964,0,0
0,0.029618537,0,9.91E-05,-1105.275718,11.16468466,97021.49158,0,0,-38.56758803,-994.6375177,9.753100585,0,31.60392808,494.6577036,0.191467302,0,0
0,0.034008074,0,9.91E-05,-1105.275718,11.16468466,97021.49158,0,0,-31.21253592,-1108.514966,11.77385525,0,36.11638708,1441.492295,0.19192549,0,0
0,0.038307147,0,9.91E-05,-1105.275718,11.16468466,97021.49158,0,0,-25.60960722,-1210.609932,12.9686849,0,39.74281337,810.6792789,0.191525614,0,0
0,0.042587864,0,9.91E-05,-1105.275718,11.16468466,97021.49158,0,0,-27.16239744,-1326.326829,14.03958665,0,40.06029886,909.7506742,0.191658187,0,0
0,0.046506301,0,9.91E-05,-1105.275718,11.16468466,97021.49158,0,0,-24.76953229,-1419.279608,15.89863325,0,42.72819651,652.1927893,0.192996793,0,0
0,0.051259361,0,9.91E-05,-1105.275718,11.16468466,97021.49158,0,0,-14.08369095,-1548.798313,16.60230429,0,44.51307243,1750.95271,0.194921935,0,0
0,0.055054607,0,9.91E-05,-1105.275718,11.16468466,97021.49158,0,0,-28.03707182,-1576.75054,18.22034582,0,43.71879982,539.1758821,0.192719421,0,0
0,0.059359361,0,9.91E-05,-1105.275718,11.16468466,97021.49158,0,0,-15.85318706,-1734.100711,19.68345146,0,44.90479315,1000.569387,0.197074534,0,0
0,0.063683581,0,9.91E-05,-1105.275718,11.16468466,97021.49158,0,0,-20.53604919,-1739.79164,20.94590383,0,48.09451499,1438.594091,0.192523813,0,0
0,0.067710607,0,9.91E-05,-1105.275718,11.16468466,97021.49158,0,0,-10.12501087,-1887.079731,21.20504423,0,47.97932518,680.9670332,0.19713457,0,0
0,0.072366112,0,9.91E-05,-1105.275718,11.16468466,97021.49158,0,0,-20.78342963,-1865.007359,22.8626363,0,46.32908175,810.9728192,0.190971279,0,0
0,0.076254226,0,9.91E-05,-1105.275718,11.16468466,97021.49158,0,0,-8.513719757,-2003.604455,22.68330621,0,46.98229102,736.1785377,0.195279624,0,0
0,0.081256794,0,9.91E-05,-1105.275718,11.16468466,97021.49158,0,0,-14.99420876,-2027.061445,24.3456724,0,45.70155413,1112.645326,0.192812812,0,0
0,0.086013755,0,9.91E-05,-1105.275718,11.16468466,97021.49158,0,0,-17.34579843,-2043.338902,25.28776808,0,43.89474014,1167.577686,0.191030853,0,0
0,0.090163836,0,9.91E-05,-1105.275718,11.16468466,97021.49158,0,0,-7.011710856,-2179.616764,25.68286837,0,44.82647389,1054.617745,0.19476328,0,0
0,0.094831837,0,9.91E-05,-1105.275718,11.16468466,97021.49158,0,0,-15.10232917,-2097.180537,27.06648436,0,41.74917239,436.5074669,0.188784445,0,0
0,0.098577823,0,9.91E-05,-1105.275718,11.16468466,97021.49158,0,0,-7.920673308,-2263.672035,26.86270222,0,41.66964266,906.2607165,0.194339299,0,0
0,0.103575591,0,9.91E-05,-1105.275718,11.16468466,97021.49158,0,0,-18.50662307,-2172.094942,28.20750748,0,37.80569761,1313.902453,0.188332433,0,0
0,0.107064015,0,9.91E-05,-1105.275718,11.16468466,97021.49158,0,0,-7.492294016,-2336.526983,28.36908416,0,38.76136179,937.3210991,0.193924636,0,0
0,0.111810213,0,9.91E-05,-1105.275718,11.16468466,97021.49158,0,0,-16.37299662,-2222.750812,28.74105767,0,35.9137616,762.7387813,0.187781915,0,0
0,0.115225766,0,9.91E-05,-1105.275718,11.16468466,97021.49158,0,0,-7.804519123,-2415.581864,29.41532898,0,36.99419412,1049.437914,0.194165899,0,0
0,0.119966921,0,9.91E-05,-1105.275718,11.16468466,97021.49158,0,0,-17.43211485,-2280.527604,29.46280727,0,32.37334707,1157.161138,0.187617752,0,0
0,0.12344715,0,9.91E-05,-1105.275718,11.16468466,97021.49158,0,0,-8.927689026,-2472.320872,30.29145281,0,33.51755427,1182.60351,0.194063931,0,0
0,0.128389849,0,9.91E-05,-1105.275718,11.16468466,97021.49158,0,0,-16.705594,-2335.566811,30.13911074,0,30.28823243,915.0931282,0.187683483,0,0
0,0.13198399,0,9.91E-05,-1105.275718,11.16468466,97021.49158,0,0,-7.084312102,-2501.980554,30.94755619,0,31.43837339,945.6897546,0.192988445,0,0
0,0.13689876,0,9.91E-05,-1105.275718,11.16468466,97021.49158,0,0,-13.88503219,-2422.503042,30.94503723,0,28.71795776,1368.89478,0.189533467,0,0
0,0.141346645,0,9.91E-05,-1105.275718,11.16468466,97021.49158,0,0,-13.44992368,-2475.465006,31.76879374,0,26.34410699,710.3663996,0.190878028,0,0
0,0.145448156,0,9.91E-05,-1105.275718,11.16468466,97021.49158,0,0,-14.20725001,-2485.684789,31.52732116,0,25.03163724,339.4033339,0.190679383,0,0
0,0.150179057,0,9.91E-05,-1105.275718,11.16468466,97021.49158,0,0,-11.0459032,-2472.467161,31.76249349,0,25.73427422,993.9437518,0.189541459,0,0
0,0.155150039,0,9.91E-05,-1105.275718,11.16468466,97021.49158,0,0,-8.736598821,-2543.151174,32.46377183,0,23.12411949,959.6708075,0.191443556,0,0
0,0.158824662,0,9.91E-05,-1105.275718,11.16468466,97021.49158,0,0,-20.09015276,-2482.759746,31.84283688,0,19.66819321,909.3907282,0.18948026,0,0
0,0.16362555,0,9.91E-05,-1105.275718,11.16468466,97021.49158,0,0,-7.911885772,-2535.551859,32.69386468,0,20.24666646,745.0609516,0.190821738,0,0
0,0.166674026,0,9.91E-05,-1105.275718,11.16468466,97021.49158,0,0,-8.790676794,-2495.421967,31.9729237,0,21.55357727,919.2619233,0.189543994,0,0
0,0.172074851,0,9.91E-05,-1105.275718,11.16468466,97021.49158,0,0,-9.762025594,-2542.419388,32.91207776,0,18.30659451,704.2432139,0.19058257,0,0
0,0.175127044,0,9.91E-05,-1105.275718,11.16468466,97021.49158,0,0,-18.69613645,-2485.999421,31.8888948,0,14.3938532,1068.584868,0.189026322,0,0
0,0.18096825,0,9.91E-05,-1105.275718,11.16468466,97021.49158,0,0,-5.495727212,-2525.668537,32.65006432,0,17.50138955,1376.645105,0.190077349,0,0
0,0.18381635,0,9.91E-05,-1105.275718,11.16468466,97021.49158,0,0,-5.858414434,-2483.084659,31.95906881,0,18.00541333,624.6004037,0.188822864,0,0
0,0.189882636,0,9.91E-05,-1105.275718,11.16468466,97021.49158,0,0,-15.90280342,-2508.828155,32.91117727,0,11.05989622,1451.027281,0.190212272,0,0
0,0.192042074,0,9.91E-05,-1105.275718,11.16468466,97021.49158,0,0,-19.86510531,-2475.196223,31.43612376,0,9.7425078,913.0046272,0.188151553,0,0
0,0.197739516,0,9.91E-05,-1105.275718,11.16468466,97021.49158,0,0,-5.93143356,-2478.904012,32.23811085,0,14.39395338,862.0085522,0.189732154,0,0
0,0.200401211,0,9.91E-05,-1105.275718,11.16468466,97021.49158,0,0,-5.291894551,-2476.758524,31.42847362,0,13.57923042,1064.560499,0.187971701,0,0
0,0.206577753,0,9.91E-05,-1105.275718,11.16468466,97021.49158,0,0,-17.34789216,-2467.282489,31.61146963,0,7.971278456,979.3871932,0.188427842,0,0
0,0.209139782,0,9.91E-05,-1105.275718,11.16468466,97021.49158,0,0,-29.0126228,-2468.298377,31.8644536,0,-1.131165845,1087.271377,0.187674887,0,0
0,0.213721825,0,9.91E-05,-1105.275718,11.16468466,97021.49158,0,0,-38.26573676,-2465.417694,31.57312028,0,-3.059919404,1203.269346,0.189740127,0,0
0,-0.209682341,0,9.74E-05,-437.0554699,11.16542891,96072.20884,0,0,11.96893171,1060.507426,-7.977250436,0,7.236657135,-156.3459933,0.20106781,0,0
0,-0.20567076,0,9.74E-05,-437.0554699,11.16542891,96072.20884,0,0,-7.334416979,1060.775812,-8.539130664,0,-0.132358423,601.1315612,0.201016091,0,0
0,-0.201529512,0,9.74E-05,-437.0554699,11.16542891,96072.20884,0,0,0.728185658,1059.991353,-7.845438236,0,3.357247599,1819.311411,0.201612241,0,0
0,-0.197637357,0,9.74E-05,-437.0554699,11.16542891,96072.20884,0,0,-11.7090806,1055.556334,-8.368450911,0,-2.479912253,-841.0042889,0.200318813,0,0
0,-0.193285435,0,9.74E-05,-437.0554699,11.16542891,96072.20884,0,0,-19.17761418,1058.462598,-8.396943507,0,-6.366252787,409.6282254,0.201652562,0,0
0,-0.188671143,0,9.74E-05,-437.0554699,11.16542891,96072.20884,0,0,-8.49870816,1056.015113,-8.981871833,0,-2.040852056,548.7505741,0.201537954,0,0
0,-0.184457049,0,9.74E-05,-437.0554699,11.16542891,96072.20884,0,0,-0.116317491,1061.209021,-7.362387071,0,1.105671612,-1303.864145,0.203143645,0,0
0,-0.180071732,0,9.74E-05,-437.0554699,11.16542891,96072.20884,0,0,-17.60650763,1051.225845,-8.779192262,0,-6.635280169,722.5805398,0.200487664,0,0
0,-0.175548276,0,9.74E-05,-437.0554699,11.16542891,96072.20884,0,0,-18.08740508,1062.596284,-7.515805679,0,-7.521752248,-616.9990925,0.203681978,0,0
0,-0.171585901,0,9.74E-05,-437.0554699,11.16542891,96072.20884,0,0,-2.813542486,1047.461149,-8.309287479,0,0.488386951,1027.724648,0.200149584,0,0
0,-0.168026628,0,9.74E-05,-437.0554699,11.16542891,96072.20884,0,0,-5.624304198,1058.828334,-7.759048707,0,-2.190332114,458.942138,0.203422292,0,0
0,-0.163096106,0,9.74E-05,-437.0554699,11.16542891,96072.20884,0,0,-14.65737202,1047.972645,-7.863885347,0,-6.756213288,-228.0264726,0.201516162,0,0
0,-0.158869994,0,9.74E-05,-437.0554699,11.16542891,96072.20884,0,0,-14.25532723,1062.60137,-8.254519014,0,-6.013444784,517.9309058,0.205683346,0,0
0,-0.154224725,0,9.74E-05,-437.0554699,11.16542891,96072.20884,0,0,-6.703694578,1037.402338,-8.550093245,0,-3.154599205,346.291216,0.200303266,0,0
0,-0.150170152,0,9.74E-05,-437.0554699,11.16542891,96072.20884,0,0,-8.284744527,1062.829833,-8.204985444,0,-4.768409459,-806.6993215,0.206991725,0,0
0,-0.145830692,0,9.74E-05,-437.0554699,11.16542891,96072.20884,0,0,-11.72342818,1030.988266,-8.178949359,0,-5.665808065,674.0534363,0.200657504,0,0
0,-0.141415966,0,9.74E-05,-437.0554699,11.16542891,96072.20884,0,0,-10.92414876,1043.939901,-8.17273302,0,-6.875315181,-424.4375309,0.204086777,0,0
0,-0.137108819,0,9.74E-05,-437.0554699,11.16542891,96072.20884,0,0,-14.01311999,1031.124952,-8.360443539,0,-7.388943045,513.4248567,0.201940984,0,0
0,-0.133118727,0,9.74E-05,-437.0554699,11.16542891,96072.20884,0,0,-9.866261034,1037.041738,-7.820907242,0,-6.280152037,-177.7607447,0.203173145,0,0
0,-0.128567192,0,9.74E-05,-437.0554699,11.16542891,96072.20884,0,0,-5.670094312,1033.434615,-7.938113379,0,-4.646545028,-35.26178048,0.203516281,0,0
0,-0.124531375,0,9.74E-05,-437.0554699,11.16542891,96072.20884,0,0,-12.73503516,1027.44364,-8.308382182,0,-8.331093989,-997.8696688,0.202962769,0,0
0,-0.120242344,0,9.74E-05,-437.0554699,11.16542891,96072.20884,0,0,-12.97416881,1025.922895,-8.149064837,0,-9.312275092,909.1881926,0.20334222,0,0
0,-0.115379535,0,9.74E-05,-437.0554699,11.16542891,96072.20884,0,0,-10.38558922,1013.29148,-8.409957872,0,-7.652262138,240.2868241,0.201120865,0,0
0,-0.112197688,0,9.74E-05,-437.0554699,11.16542891,96072.20884,0,0,-6.083663655,1022.707923,-7.949203376,0,-6.934607663,-141.7414932,0.203891453,0,0
0,-0.106430365,0,9.74E-05,-437.0554699,11.16542891,96072.20884,0,0,-15.2716061,998.5877405,-8.601005654,0,-11.08986939,-48.63329044,0.200592555,0,0
0,-0.103614818,0,9.74E-05,-437.0554699,11.16542891,96072.20884,0,0,-14.0524208,1011.655323,-8.032390395,0,-11.19751702,-274.3562447,0.204257174,0,0
0,-0.097948121,0,9.74E-05,-437.0554699,11.16542891,96072.20884,0,0,-8.996279803,988.6218652,-8.364946422,0,-8.935322354,-199.5560541,0.200874783,0,0
0,-0.095590432,0,9.74E-05,-437.0554699,11.16542891,96072.20884,0,0,-7.181178652,1004.618817,-7.57669242,0,-8.621324426,-545.6359114,0.204718561,0,0
0,-0.089470114,0,9.74E-05,-437.0554699,11.16542891,96072.20884,0,0,-15.38102902,975.8269555,-8.490844589,0,-12.44413302,188.7517744,0.202303106,0,0
0,-0.086713659,0,9.74E-05,-437.0554699,11.16542891,96072.20884,0,0,-13.11028294,975.8881842,-7.835706726,0,-12.83315361,1987.428604,0.203552135,0,0
0,-0.081492691,0,9.74E-05,-437.0554699,11.16542891,96072.20884,0,0,-7.891102198,953.810067,-8.096893085,0,-9.962744802,-899.1698257,0.202301434,0,0
0,-0.077524772,0,9.74E-05,-437.0554699,11.16542891,96072.20884,0,0,-10.82058821,928.4635261,-7.292079781,0,-12.00242297,1472.350372,0.201438295,0,0
0,-0.073376171,0,9.74E-05,-437.0554699,11.16542891,96072.20884,0,0,-16.86815461,915.9860043,-7.80762855,0,-14.05900617,1488.725907,0.201814598,0,0
0,-0.068453011,0,9.74E-05,-437.0554699,11.16542891,96072.20884,0,0,-13.14029742,894.8944985,-7.210811978,0,-13.39752765,785.8246173,0.200085101,0,0
0,-0.065204799,0,9.74E-05,-437.0554699,11.16542891,96072.20884,0,0,-11.22805985,867.0453956,-8.08027418,0,-10.84623188,246.1486692,0.201273361,0,0
0,-0.059687006,0,9.74E-05,-437.0554699,11.16542891,96072.20884,0,0,-11.69891998,851.6642647,-7.353724672,0,-14.0904131,-19.36285883,0.200476715,0,0
0,-0.056630653,0,9.74E-05,-437.0554699,11.16542891,96072.20884,0,0,-21.43561497,781.5850403,-8.052065772,0,-13.41086739,205.2073218,0.198687284,0,0
0,-0.051409782,0,9.74E-05,-437.0554699,11.16542891,96072.20884,0,0,-12.90427545,791.1676404,-6.831951567,0,-13.6428855,560.0724535,0.199678694,0,0
0,-0.048317426,0,9.74E-05,-437.0554699,11.16542891,96072.20884,0,0,-14.25069067,717.4162122,-8.064380313,0,-9.576689963,-498.6926905,0.198695136,0,0
0,-0.042921715,0,9.74E-05,-437.0554699,11.16542891,96072.20884,0,0,-15.47537838,701.1696807,-6.958768134,0,-12.3049282,1354.528322,0.199663513,0,0
0,-0.039525231,0,9.74E-05,-437.0554699,11.16542891,96072.20884,0,0,-23.37679475,637.6989405,-7.549378067,0,-12.78744192,362.3002745,0.197242121,0,0
0,-0.034544403,0,9.74E-05,-437.0554699,11.16542891,96072.20884,0,0,-21.44898491,606.1491256,-6.657754216,0,-12.96367973,254.642648,0.199049254,0,0
0,-0.030384191,0,9.74E-05,-437.0554699,11.16542891,96072.20884,0,0,-14.50556549,561.2783173,-6.014995835,0,-8.154828636,-305.5315958,0.199149584,0,0
0,-0.026339904,0,9.74E-05,-437.0554699,11.16542891,96072.20884,0,0,-16.9797357,496.4359555,-6.398157346,0,-8.332606915,-1011.036907,0.199290599,0,0
0,-0.021874006,0,9.74E-05,-437.0554699,11.16542891,96072.20884,0,0,-28.13465557,446.8218143,-5.426903322,0,-11.35428418,1031.666318,0.201340562,0,0
0,-0.017628896,0,9.74E-05,-437.0554699,11.16542891,96072.20884,0,0,-27.92773613,365.8655302,-5.719677565,0,-9.578448768,115.6020916,0.20154082,0,0
0,-0.012890463,0,9.74E-05,-437.0554699,11.16542891,96072.20884,0,0,-23.26614977,301.5853332,-4.275588599,0,-5.466371748,-153.0189586,0.208723131,0,0
0,-0.009332284,0,9.74E-05,-437.0554699,11.16542891,96072.20884,0,0,-25.09763222,199.1791077,-4.951428617,0,-2.651826923,1051.81527,0.204587415,0,0
0,-0.004666517,0,9.74E-05,-437.0554699,11.16542891,96072.20884,0,0,-28.63186685,97.47836359,-4.303560817,0,-4.312691514,-1577.9819,0.210865439,0,0
0,-0.000656824,0,9.74E-05,-437.0554699,11.16542891,96072.20884,0,0,-35.76428189,-0.268651189,-3.607666966,0,-1.517862992,-2.927302038,0.207327497,0,0
0,0.003832654,0,9.74E-05,-437.0554699,11.16542891,96072.20884,0,0,-14.07275837,-109.8049583,-3.191149856,0,5.814931116,1709.451144,0.210087667,0,0
0,0.008384543,0,9.74E-05,-437.0554699,11.16542891,96072.20884,0,0,-33.49680631,-202.71541,-3.470415807,0,3.628872176,-136.5495235,0.206966539,0,0
0,0.01258925,0,9.74E-05,-437.0554699,11.16542891,96072.20884,0,0,-24.91313751,-272.4802097,-1.803395525,0,1.893578721,-432.4649526,0.199631337,0,0
0,0.016413675,0,9.74E-05,-437.0554699,11.16542891,96072.20884,0,0,-24.87235819,-350.5313587,-2.136543469,0,8.12324015,1024.378672,0.205178833,0,0
0,0.021125422,0,9.74E-05,-437.0554699,11.16542891,96072.20884,0,0,-8.68575054,-403.4319398,-2.303720761,0,11.41885339,713.4907663,0.18959265,0,0
0,0.024791918,0,9.74E-05,-437.0554699,11.16542891,96072.20884,0,0,-25.04001591,-470.9426571,-2.108072588,0,8.607222667,1520.781795,0.202081402,0,0
0,0.029767109,0,9.74E-05,-437.0554699,11.16542891,96072.20884,0,0,-14.6365173,-514.9936191,-0.97366565,0,7.701138998,1797.971955,0.191312591,0,0
0,0.033173627,0,9.74E-05,-437.0554699,11.16542891,96072.20884,0,0,-16.18185106,-565.87495,-0.352998889,0,11.12883435,1766.176045,0.202088205,0,0
0,0.038288011,0,9.74E-05,-437.0554699,11.16542891,96072.20884,0,0,-7.401267017,-616.1567571,-0.958294843,0,12.02023529,1102.12657,0.196478983,0,0
0,0.041247155,0,9.74E-05,-437.0554699,11.16542891,96072.20884,0,0,-17.19892424,-648.3505521,-0.101892973,0,10.04810236,681.39259,0.202569922,0,0
0,0.046035501,0,9.74E-05,-437.0554699,11.16542891,96072.20884,0,0,-10.27451992,-687.5755603,-0.36040457,0,10.10447281,807.8941337,0.197445815,0,0
0,0.050641248,0,9.74E-05,-437.0554699,11.16542891,96072.20884,0,0,-6.875468705,-729.8857164,-0.348554486,0,12.73136025,409.3076686,0.20092572,0,0
0,0.055446525,0,9.74E-05,-437.0554699,11.16542891,96072.20884,0,0,-6.921174718,-768.6429039,0.49732686,0,12.47809806,1636.494766,0.200861639,0,0
0,0.059257041,0,9.74E-05,-437.0554699,11.16542891,96072.20884,0,0,-10.9473367,-788.2173281,0.226534076,0,9.798598844,1958.461496,0.19946573,0,0
0,0.063755326,0,9.74E-05,-437.0554699,11.16542891,96072.20884,0,0,-8.58861071,-821.3289886,0.10269016,0,11.27068907,732.8996517,0.199281183,0,0
0,0.067619345,0,9.74E-05,-437.0554699,11.16542891,96072.20884,0,0,0.820467519,-849.231591,-0.071901568,0,13.74309946,1308.943369,0.198953944,0,0
0,0.07294375,0,9.74E-05,-437.0554699,11.16542891,96072.20884,0,0,-9.667300169,-885.3087051,0.444593368,0,11.12956637,2079.503995,0.202104016,0,0
0,0.075931011,0,9.74E-05,-437.0554699,11.16542891,96072.20884,0,0,-7.973437042,-890.8829812,0.014190178,0,9.572663212,1102.866071,0.198882696,0,0
0,0.081285598,0,9.74E-05,-437.0554699,11.16542891,96072.20884,0,0,-2.693571465,-924.4373376,0.932348485,0,11.95276075,1428.060811,0.202828144,0,0
0,0.084633433,0,9.74E-05,-437.0554699,11.16542891,96072.20884,0,0,-1.02853395,-921.7254545,0.040686249,0,12.15006033,811.9201296,0.196358342,0,0
0,0.089575915,0,9.74E-05,-437.0554699,11.16542891,96072.20884,0,0,-4.061350986,-955.3526676,0.791016769,0,10.30156577,1826.753175,0.203222873,0,0
0,0.093038961,0,9.74E-05,-437.0554699,11.16542891,96072.20884,0,0,-5.091612757,-951.4720786,-0.091707043,0,10.23052742,1481.063339,0.196386691,0,0
0,0.098001242,0,9.74E-05,-437.0554699,11.16542891,96072.20884,0,0,-1.453138339,-981.7821576,0.613269287,0,10.51992558,1059.144188,0.203031986,0,0
0,0.101960474,0,9.74E-05,-437.0554699,11.16542891,96072.20884,0,0,-2.000009673,-979.981447,0.130070996,0,10.42460471,1438.795762,0.198214176,0,0
0,0.106311202,0,9.74E-05,-437.0554699,11.16542891,96072.20884,0,0,-3.573477515,-993.9839427,0.841572795,0,8.760403797,864.1760706,0.201815366,0,0
0,0.110741464,0,9.74E-05,-437.0554699,11.16542891,96072.20884,0,0,-0.892795696,-1001.422312,0.613953456,0,8.918358628,1662.018556,0.199626431,0,0
0,0.11462734,0,9.74E-05,-437.0554699,11.16542891,96072.20884,0,0,-1.080899086,-1012.068689,0.377189133,0,9.763203046,967.0024302,0.201427652,0,0
0,0.118827986,0,9.74E-05,-437.0554699,11.16542891,96072.20884,0,0,-0.277473904,-1015.281324,0.187216071,0,8.230413288,1080.978633,0.200175452,0,0
0,0.12352169,0,9.74E-05,-437.0554699,11.16542891,96072.20884,0,0,-4.085371059,-1025.407544,0.543968752,0,7.411566356,1372.778975,0.200740415,0,0
0,0.127610001,0,9.74E-05,-437.0554699,11.16542891,96072.20884,0,0,-1.12091241,-1031.278823,0.674896025,0,7.721485937,745.216262,0.201791729,0,0
0,0.132684118,0,9.74E-05,-437.0554699,11.16542891,96072.20884,0,0,1.172519166,-1039.386607,0.378337169,0,8.101000393,1281.019879,0.200960747,0,0
0,0.136516419,0,9.74E-05,-437.0554699,11.16542891,96072.20884,0,0,-0.737437341,-1030.816766,0.955545861,0,6.295876875,1043.639561,0.199232016,0,0
0,0.141295464,0,9.74E-05,-437.0554699,11.16542891,96072.20884,0,0,-2.782324085,-1054.310859,0.020444554,0,6.192574084,1839.821177,0.201696277,0,0
0,0.14562799,0,9.74E-05,-437.0554699,11.16542891,96072.20884,0,0,0.6439363,-1033.895482,1.091908807,0,7.198643208,1402.282962,0.198482717,0,0
0,0.149475396,0,9.74E-05,-437.0554699,11.16542891,96072.20884,0,0,2.101332536,-1057.736826,0.487165409,0,6.818568312,-6.015406513,0.200589812,0,0
0,0.153410297,0,9.74E-05,-437.0554699,11.16542891,96072.20884,0,0,-2.80124643,-1051.186596,0.474933122,0,5.187884703,562.1923154,0.198735053,0,0
0,0.158400846,0,9.74E-05,-437.0554699,11.16542891,96072.20884,0,0,-4.252459922,-1063.66414,0.396288623,0,4.482395845,989.479211,0.199203601,0,0
0,0.161983066,0,9.74E-05,-437.0554699,11.16542891,96072.20884,0,0,2.629597081,-1058.353998,0.451640323,0,6.620759212,1274.257875,0.199323194,0,0
0,0.166787548,0,9.74E-05,-437.0554699,11.16542891,96072.20884,0,0,0.819120562,-1077.043588,0.955241064,0,5.369646379,407.9240986,0.20141832,0,0
0,0.169988977,0,9.74E-05,-437.0554699,11.16542891,96072.20884,0,0,-3.728300087,-1061.908018,0.318485462,0,3.450342299,1111.657042,0.197266768,0,0
0,0.175338956,0,9.74E-05,-437.0554699,11.16542891,96072.20884,0,0,-0.731781256,-1076.817385,0.933267615,0,4.913739926,1542.016895,0.201125933,0,0
0,0.178839693,0,9.74E-05,-437.0554699,11.16542891,96072.20884,0,0,1.145478913,-1066.893013,0.718983515,0,5.400533123,1277.542785,0.196072048,0,0
0,0.183754718,0,9.74E-05,-437.0554699,11.16542891,96072.20884,0,0,-1.358854276,-1078.927408,1.354304861,0,3.365516907,-584.4509389,0.200957634,0,0
0,0.187786072,0,9.74E-05,-437.0554699,11.16542891,96072.20884,0,0,-2.723856408,-1069.30746,0.640367738,0,3.254910177,1250.634837,0.195817737,0,0
0,0.192283672,0,9.74E-05,-437.0554699,11.16542891,96072.20884,0,0,2.766498322,-1082.113797,1.318093131,0,5.74988456,615.1864552,0.20106439,0,0
0,0.19585892,0,9.74E-05,-437.0554699,11.16542891,96072.20884,0,0,-2.846768678,-1075.061237,0.404169918,0,2.964994955,172.4508832,0.196012669,0,0
0,0.200240129,0,9.74E-05,-437.0554699,11.16542891,96072.20884,0,0,-7.954903076,-1083.80702,0.964631997,0,0.325199902,1299.777954,0.199937908,0,0
0,0.204530221,0,9.74E-05,-437.0554699,11.16542891,96072.20884,0,0,-6.597741636,-1074.187608,0.368963525,0,0.287489678,-75.89756281,0.195998566,0,0
0,0.20896276,0,9.74E-05,-437.0554699,11.16542891,96072.20884,0,0,-9.707332273,-1087.471004,0.123099372,0,-1.578190264,729.0508352,0.199528825,0,0
0,0.212384351,0,9.74E-05,-437.0554699,11.16542891,96072.20884,0,0,-3.740840036,-1078.75056,-0.180320038,0,2.235703734,50.90020736,0.194847631,0,0
0,-0.212464675,0,0.034697342,-889.9213173,11.16407238,96704.2249,0,0,-15.74925205,1985.836654,-38.43882415,0,11.96611012,1054.979475,0.19411744,0,0
0,-0.206886023,0,0.034697342,-889.9213173,11.16407238,96704.2249,0,0,10.91828014,1983.515571,-39.02824417,0,25.3759388,1454.532129,0.192987729,0,0
0,-0.202124868,0,0.034697342,-889.9213173,11.16407238,96704.2249,0,0,-18.57080001,1994.515006,-38.24062839,0,9.010181888,-571.2837982,0.194105967,0,0
0,-0.198100993,0,0.034697342,-889.9213173,11.16407238,96704.2249,0,0,-40.82726451,1986.387908,-38.61323348,0,-0.150077771,-276.4883025,0.193609288,0,0
0,-0.193523683,0,0.034697342,-889.9213173,11.16407238,96704.2249,0,0,-19.0025702,2008.701374,-39.21956496,0,6.841328044,-69.07754838,0.194876755,0,0
0,-0.190142388,0,0.034697342,-889.9213173,11.16407238,96704.2249,0,0,-10.25902956,1995.238377,-38.90557116,0,12.73493444,-449.9265742,0.19402842,0,0
0,-0.185019689,0,0.034697342,-889.9213173,11.16407238,96704.2249,0,0,-18.22734498,2023.165055,-39.22696493,0,5.821296934,123.135454,0.1951341,0,0
0,-0.18124025,0,0.034697342,-889.9213173,11.16407238,96704.2249,0,0,-36.99273539,1995.873431,-38.87544297,0,0.085717635,1069.69433,0.194094561,0,0
0,-0.176793875,0,0.034697342,-889.9213173,11.16407238,96704.2249,0,0,-21.90643855,2026.169651,-39.14526945,0,2.751158809,863.5535465,0.195021993,0,0
0,-0.173541286,0,0.034697342,-889.9213173,11.16407238,96704.2249,0,0,-13.61163518,1987.443986,-38.51236353,0,8.698689139,-541.0716077,0.193768754,0,0
0,-0.168295192,0,0.034697342,-889.9213173,11.16407238,96704.2249,0,0,-18.05384264,2033.884612,-38.88946464,0,4.14795982,-1246.911265,0.195434144,0,0
0,-0.164811102,0,0.034697342,-889.9213173,11.16407238,96704.2249,0,0,-31.97899708,1983.900718,-39.16966405,0,-0.587858156,317.0934006,0.193521824,0,0
0,-0.159417271,0,0.034697342,-889.9213173,11.16407238,96704.2249,0,0,-23.52304125,2005.093751,-38.8387327,0,0.386149982,-435.2242173,0.1949451,0,0
0,-0.155621249,0,0.034697342,-889.9213173,11.16407238,96704.2249,0,0,-11.54254556,1996.188606,-38.94546239,0,4.612715254,1074.558119,0.194227847,0,0
0,-0.151308742,0,0.034697342,-889.9213173,11.16407238,96704.2249,0,0,-18.34126321,1997.536312,-38.69280855,0,1.707056589,501.439346,0.194538789,0,0
0,-0.14669353,0,0.034697342,-889.9213173,11.16407238,96704.2249,0,0,-27.3958245,1985.381097,-39.16754638,0,-3.680904015,1934.749887,0.194377922,0,0
0,-0.142889568,0,0.034697342,-889.9213173,11.16407238,96704.2249,0,0,-24.26877365,1980.823591,-38.77770054,0,-3.140133775,629.9667038,0.194218153,0,0
0,-0.138231587,0,0.034697342,-889.9213173,11.16407238,96704.2249,0,0,-15.29118611,1980.717738,-38.62211479,0,-0.024810923,-1449.077304,0.195193266,0,0
0,-0.134934787,0,0.034697342,-889.9213173,11.16407238,96704.2249,0,0,-15.03289661,1961.233952,-38.55405851,0,-1.555971011,357.2991536,0.193892228,0,0
0,-0.128821089,0,0.034697342,-889.9213173,11.16407238,96704.2249,0,0,-26.12959628,1945.683578,-38.66124189,0,-5.918915695,369.4551252,0.19455216,0,0
0,-0.126041355,0,0.034697342,-889.9213173,11.16407238,96704.2249,0,0,-19.31773133,1954.167107,-38.60311535,0,-6.342359987,900.9714813,0.194352887,0,0
0,-0.120264587,0,0.034697342,-889.9213173,11.16407238,96704.2249,0,0,-13.88830274,1916.26186,-38.24274748,0,-4.326646752,-199.7630031,0.194220566,0,0
0,-0.117296291,0,0.034697342,-889.9213173,11.16407238,96704.2249,0,0,-15.8621042,1902.210967,-38.22272618,0,-7.346723275,1637.976467,0.19356691,0,0
0,-0.112109867,0,0.034697342,-889.9213173,11.16407238,96704.2249,0,0,-20.31224053,1880.26914,-37.77903802,0,-9.496555658,465.548055,0.193980086,0,0
0,-0.108047981,0,0.034697342,-889.9213173,11.16407238,96704.2249,0,0,-17.86946284,1859.751263,-38.1459541,0,-10.32890455,2425.572872,0.193822159,0,0
0,-0.103767978,0,0.034697342,-889.9213173,11.16407238,96704.2249,0,0,-15.84760709,1849.850407,-37.81642762,0,-9.985697191,-673.3235858,0.194636049,0,0
0,-0.099852384,0,0.034697342,-889.9213173,11.16407238,96704.2249,0,0,-15.58311894,1819.863286,-36.85500025,0,-11.28037382,622.7863645,0.194130191,0,0
0,-0.095586033,0,0.034697342,-889.9213173,11.16407238,96704.2249,0,0,-16.85845755,1801.048558,-37.3672712,0,-13.22732429,911.4321347,0.194546511,0,0
0,-0.090676096,0,0.034697342,-889.9213173,11.16407238,96704.2249,0,0,-16.65995467,1768.555398,-36.54595727,0,-13.99633469,680.7144115,0.195044479,0,0
0,-0.087174084,0,0.034697342,-889.9213173,11.16407238,96704.2249,0,0,-13.88136692,1747.936474,-36.94945463,0,-14.70821002,-728.6001724,0.194684957,0,0
0,-0.082176216,0,0.034697342,-889.9213173,11.16407238,96704.2249,0,0,-17.76229106,1729.44558,-36.21797424,0,-15.6179593,542.1544509,0.196584134,0,0
0,-0.078826727,0,0.034697342,-889.9213173,11.16407238,96704.2249,0,0,-17.59918983,1690.229268,-36.05549007,0,-17.73421448,-235.5420781,0.195322079,0,0
0,-0.073403008,0,0.034697342,-889.9213173,11.16407238,96704.2249,0,0,-17.377941,1668.432961,-35.8619666,0,-17.10969236,203.0599339,0.198092109,0,0
0,-0.070233814,0,0.034697342,-889.9213173,11.16407238,96704.2249,0,0,-17.65897937,1586.679667,-35.40993183,0,-17.46817033,-1196.026251,0.194456357,0,0
0,-0.064614278,0,0.034697342,-889.9213173,11.16407238,96704.2249,0,0,-19.41577621,1570.494452,-34.73844811,0,-17.96076865,367.882443,0.197996602,0,0
0,-0.061121256,0,0.034697342,-889.9213173,11.16407238,96704.2249,0,0,-19.54896417,1462.071037,-35.10530381,0,-16.1613021,-316.2168725,0.193912029,0,0
0,-0.05626761,0,0.034697342,-889.9213173,11.16407238,96704.2249,0,0,-20.52712261,1437.021881,-33.62365653,0,-16.10537092,-420.0890432,0.196662772,0,0
0,-0.052515887,0,0.034697342,-889.9213173,11.16407238,96704.2249,0,0,-24.61411912,1346.477105,-33.68888988,0,-16.08007406,68.82048342,0.194064053,0,0
0,-0.048160399,0,0.034697342,-889.9213173,11.16407238,96704.2249,0,0,-22.95913601,1306.695376,-32.66372564,0,-14.40320598,758.5963414,0.195849465,0,0
0,-0.043759747,0,0.034697342,-889.9213173,11.16407238,96704.2249,0,0,-20.18173676,1233.936351,-31.39170966,0,-11.40901209,798.4025787,0.195858876,0,0
0,-0.039740179,0,0.034697342,-889.9213173,11.16407238,96704.2249,0,0,-27.97111598,1134.397901,-32.01875913,0,-11.17273044,1355.297747,0.193809922,0,0
0,-0.034947152,0,0.034697342,-889.9213173,11.16407238,96704.2249,0,0,-32.10247092,1078.82905,-29.87871286,0,-12.5720795,869.7281657,0.195842855,0,0
0,-0.030828082,0,0.034697342,-889.9213173,11.16407238,96704.2249,0,0,-35.50607579,957.7651388,-29.54425274,0,-6.656191139,-348.197033,0.192828941,0,0
0,-0.026362241,0,0.034697342,-889.9213173,11.16407238,96704.2249,0,0,-24.40802439,894.910814,-28.1707816,0,-2.192178681,1478.318128,0.196124874,0,0
0,-0.022215479,0,0.034697342,-889.9213173,11.16407238,96704.2249,0,0,-42.00448721,761.6077329,-27.66001467,0,-0.864841722,602.2117278,0.193641328,0,0
0,-0.017894432,0,0.034697342,-889.9213173,11.16407238,96704.2249,0,0,-40.23510229,674.8912611,-26.51104021,0,0.596953917,-266.2744377,0.197362868,0,0
0,-0.013540583,0,0.034697342,-889.9213173,11.16407238,96704.2249,0,0,-47.7940174,555.1922627,-24.87403735,0,5.356101635,309.7456054,0.196082622,0,0
0,-0.009260159,0,0.034697342,-889.9213173,11.16407238,96704.2249,0,0,-39.45916672,435.5554186,-22.91636621,0,12.17608759,273.7216653,0.199792123,0,0
0,-0.005016937,0,0.034697342,-889.9213173,11.16407238,96704.2249,0,0,-51.34716041,279.9085034,-22.08807491,0,15.04585405,1123.356214,0.198089317,0,0
0,-0.000948469,0,0.034697342,-889.9213173,11.16407238,96704.2249,0,0,-46.352782,137.958372,-20.04114303,0,19.25588359,363.0169167,0.198110687,0,0
0,0.003523658,0,0.034697342,-889.9213173,11.16407238,96704.2249,0,0,-43.98635223,-9.298909595,-18.31348293,0,29.675379,974.4274178,0.199696367,0,0
0,0.007932928,0,0.034697342,-889.9213173,11.16407238,96704.2249,0,0,-43.07058495,-152.0622787,-16.9815578,0,30.87832258,1877.733813,0.196578678,0,0
0,0.012086725,0,0.034697342,-889.9213173,11.16407238,96704.2249,0,0,-50.48486997,-287.4677263,-15.2155113,0,32.16700033,2295.745709,0.198782042,0,0
0,0.016613695,0,0.034697342,-889.9213173,11.16407238,96704.2249,0,0,-40.72893907,-421.1613724,-13.72784736,0,38.40723919,1198.456246,0.1951977,0,0
0,0.020888512,0,0.034697342,-889.9213173,11.16407238,96704.2249,0,0,-31.04991415,-544.1373913,-12.40682726,0,44.28064822,528.4785404,0.195151292,0,0
0,0.025232059,0,0.034697342,-889.9213173,11.16407238,96704.2249,0,0,-34.45997417,-654.9373453,-10.83560965,0,43.65201265,1757.578323,0.195078352,0,0
0,0.02944536,0,0.034697342,-889.9213173,11.16407238,96704.2249,0,0,-37.05947559,-760.8578048,-9.288787077,0,43.08080739,1473.016146,0.194184111,0,0
0,0.033610219,0,0.034697342,-889.9213173,11.16407238,96704.2249,0,0,-29.75503961,-848.9032016,-8.093684602,0,46.94160348,870.6713031,0.19435327,0,0
0,0.038532708,0,0.034697342,-889.9213173,11.16407238,96704.2249,0,0,-21.19855836,-964.4955427,-7.37763245,0,49.49275988,1264.052614,0.193479807,0,0
0,0.042180281,0,0.034697342,-889.9213173,11.16407238,96704.2249,0,0,-31.63495126,-1040.493007,-6.089998687,0,48.4270004,862.06954,0.19579764,0,0
0,0.046468295,0,0.034697342,-889.9213173,11.16407238,96704.2249,0,0,-15.92888157,-1173.557739,-5.471049704,0,51.63994431,1513.817004,0.198870963,0,0
0,0.051048941,0,0.034697342,-889.9213173,11.16407238,96704.2249,0,0,-27.63096611,-1203.633312,-4.312586709,0,50.63319385,1392.354767,0.195664048,0,0
0,0.054775674,0,0.034697342,-889.9213173,11.16407238,96704.2249,0,0,-20.82812237,-1331.714788,-3.82045728,0,49.03303131,1553.161259,0.201534677,0,0
0,0.059399538,0,0.034697342,-889.9213173,11.16407238,96704.2249,0,0,-20.36799868,-1389.255428,-2.466130093,0,51.34985753,1529.781683,0.200091588,0,0
0,0.06374733,0,0.034697342,-889.9213173,11.16407238,96704.2249,0,0,-15.35405453,-1454.647909,-1.600822514,0,53.61140299,1768.528568,0.200287611,0,0
0,0.067565395,0,0.034697342,-889.9213173,11.16407238,96704.2249,0,0,-18.79428672,-1497.738533,-0.946137049,0,50.62431833,1493.501613,0.199150567,0,0
0,0.07283033,0,0.034697342,-889.9213173,11.16407238,96704.2249,0,0,-22.4735025,-1534.186788,-0.128631828,0,49.69742581,1105.42501,0.195595636,0,0
0,0.076261978,0,0.034697342,-889.9213173,11.16407238,96704.2249,0,0,-15.00302385,-1621.676826,-0.309924244,0,50.06684912,1512.58721,0.199708136,0,0
0,0.081852781,0,0.034697342,-889.9213173,11.16407238,96704.2249,0,0,-19.191675,-1621.381264,1.236767612,0,49.20960793,653.4277306,0.194078397,0,0
0,0.084680983,0,0.034697342,-889.9213173,11.16407238,96704.2249,0,0,-14.03279797,-1705.537725,0.902078582,0,47.81181782,1608.796204,0.199110468,0,0
0,0.090631735,0,0.034697342,-889.9213173,11.16407238,96704.2249,0,0,-17.43587195,-1690.095454,2.175847524,0,46.4197842,984.4042805,0.193678807,0,0
0,0.093461932,0,0.034697342,-889.9213173,11.16407238,96704.2249,0,0,-7.923696742,-1804.591958,1.845120203,0,47.4460338,1360.849869,0.199868596,0,0
0,0.099186634,0,0.034697342,-889.9213173,11.16407238,96704.2249,0,0,-14.18363981,-1774.757258,2.786800074,0,44.40484601,625.1645681,0.194783976,0,0
0,0.101580135,0,0.034697342,-889.9213173,11.16407238,96704.2249,0,0,-10.83010404,-1861.167462,3.163710612,0,44.38098668,1671.542019,0.199315705,0,0
0,0.107386566,0,0.034697342,-889.9213173,11.16407238,96704.2249,0,0,-13.17669402,-1847.911657,3.235676063,0,42.01161501,1098.878425,0.195378216,0,0
0,0.110766862,0,0.034697342,-889.9213173,11.16407238,96704.2249,0,0,-11.29764859,-1877.166638,4.009648336,0,42.04175581,1434.469351,0.196793914,0,0
0,0.115754696,0,0.034697342,-889.9213173,11.16407238,96704.2249,0,0,-12.07934231,-1896.758719,3.98675571,0,40.69659356,969.1839369,0.195142146,0,0
0,0.119630159,0,0.034697342,-889.9213173,11.16407238,96704.2249,0,0,-11.8465421,-1922.51075,4.253933743,0,39.90054868,1207.795955,0.195648495,0,0
0,0.123963117,0,0.034697342,-889.9213173,11.16407238,96704.2249,0,0,-13.48849482,-1943.25488,4.712229104,0,37.52232334,1019.562627,0.195378124,0,0
0,0.128661684,0,0.034697342,-889.9213173,11.16407238,96704.2249,0,0,-11.43518801,-1932.897815,5.60584831,0,37.33872836,404.0056157,0.19381791,0,0
0,0.132178608,0,0.034697342,-889.9213173,11.16407238,96704.2249,0,0,-9.996402289,-1986.063058,5.370243602,0,37.58709701,639.4427085,0.195427622,0,0
0,0.137691286,0,0.034697342,-889.9213173,11.16407238,96704.2249,0,0,-14.37699254,-1951.161574,5.128558783,0,34.7615719,685.7568759,0.192862156,0,0
0,0.140889584,0,0.034697342,-889.9213173,11.16407238,96704.2249,0,0,-10.95061579,-2024.322484,5.970894586,0,33.73979843,877.3781429,0.19576495,0,0
0,0.14630446,0,0.034697342,-889.9213173,11.16407238,96704.2249,0,0,-12.48602476,-1979.611095,5.853397978,0,33.78485884,848.9686768,0.193286522,0,0
0,0.149714328,0,0.034697342,-889.9213173,11.16407238,96704.2249,0,0,-6.217765483,-2054.536511,6.62024262,0,33.26531786,1332.992576,0.195659714,0,0
0,0.154284572,0,0.034697342,-889.9213173,11.16407238,96704.2249,0,0,-14.97728415,-1986.801657,5.795999701,0,31.26983801,1343.508912,0.192844927,0,0
0,0.158068203,0,0.034697342,-889.9213173,11.16407238,96704.2249,0,0,-8.812509499,-2079.619599,6.844949127,0,30.07122768,543.6259052,0.196112358,0,0
0,0.162586833,0,0.034697342,-889.9213173,11.16407238,96704.2249,0,0,-13.43799728,-1993.508125,6.186038677,0,29.24189198,1070.911386,0.192636124,0,0
0,0.166844487,0,0.034697342,-889.9213173,11.16407238,96704.2249,0,0,-1.957859188,-2067.734276,6.946330219,0,30.16343899,1633.977863,0.194834257,0,0
0,0.171061153,0,0.034697342,-889.9213173,11.16407238,96704.2249,0,0,-13.39716696,-2013.471909,6.261692171,0,27.93308861,1030.42607,0.193299669,0,0
0,0.175340114,0,0.034697342,-889.9213173,11.16407238,96704.2249,0,0,-7.64793746,-2068.6289,7.081093789,0,25.96113676,604.1641477,0.193960601,0,0
0,0.179634556,0,0.034697342,-889.9213173,11.16407238,96704.2249,0,0,-10.42265264,-2017.752368,6.655063593,0,26.53500183,1064.945302,0.193389074,0,0
0,0.184502123,0,0.034697342,-889.9213173,11.16407238,96704.2249,0,0,-7.331114635,-2045.913754,6.766527118,0,25.98717217,897.6548562,0.193573041,0,0
0,0.187614534,0,0.034697342,-889.9213173,11.16407238,96704.2249,0,0,-9.784687248,-2012.450863,6.397401658,0,26.85561845,1081.622083,0.191900223,0,0
0,0.192895252,0,0.034697342,-889.9213173,11.16407238,96704.2249,0,0,-10.6968019,-2035.164103,6.876010843,0,22.3313767,893.1040136,0.193579697,0,0
0,0.197040936,0,0.034697342,-889.9213173,11.16407238,96704.2249,0,0,-9.392890874,-2020.354168,7.397582895,0,23.293229,859.1306831,0.192764359,0,0
0,0.201514032,0,0.034697342,-889.9213173,11.16407238,96704.2249,0,0,1.953844574,-2025.213319,6.574280986,0,27.45010642,1052.158907,0.19285735,0,0
0,0.205259315,0,0.034697342,-889.9213173,11.16407238,96704.2249,0,0,-15.68759582,-2026.214745,6.248353369,0,16.74771407,1019.823851,0.192766984,0,0
0,0.210162662,0,0.034697342,-889.9213173,11.16407238,96704.2249,0,0,-46.32446091,-2013.162968,7.226169326,0,4.001241105,1456.382998,0.191806975,0,0
0,0.213030127,0,0.034697342,-889.9213173,11.16407238,96704.2249,0,0,-22.59159128,-2020.588846,6.389154094,0,15.36128326,721.2491478,0.192874596,0,0
0,-0.210357033,0,0.03506658,-665.5360723,11.16445167,96591.1245,0,0,18.89422746,1513.487144,-27.3887809,0,26.09433048,171.159347,0.196198642,0,0
0,-0.206439274,0,0.03506658,-665.5360723,11.16445167,96591.1245,0,0,2.827755837,1513.48145,-26.83459947,0,21.00788345,553.9216803,0.195259737,0,0
0,-0.201365632,0,0.03506658,-665.5360723,11.16445167,96591.1245,0,0,-19.52731697,1518.538815,-27.28079732,0,7.61914582,-378.5929269,0.196457585,0,0
0,-0.198048024,0,0.03506658,-665.5360723,11.16445167,96591.1245,0,0,-37.77354571,1506.574912,-27.28061686,0,0.826706702,393.489819,0.196054624,0,0
0,-0.192477853,0,0.03506658,-665.5360723,11.16445167,96591.1245,0,0,-9.624059607,1520.702816,-27.24013332,0,11.88128466,1092.107478,0.196878407,0,0
0,-0.189364795,0,0.03506658,-665.5360723,11.16445167,96591.1245,0,0,-7.050893893,1516.383625,-27.25799357,0,15.13138257,1668.121866,0.196983429,0,0
0,-0.184120177,0,0.03506658,-665.5360723,11.16445167,96591.1245,0,0,-17.62212026,1525.60573,-27.55569401,0,7.284279044,109.1348803,0.196945952,0,0
0,-0.180586293,0,0.03506658,-665.5360723,11.16445167,96591.1245,0,0,-28.36300467,1513.161243,-27.4647546,0,4.024911815,1163.25176,0.196907032,0,0
0,-0.175735685,0,0.03506658,-665.5360723,11.16445167,96591.1245,0,0,-15.03278895,1523.740257,-27.08786508,0,8.853545719,-170.7950553,0.197043746,0,0
0,-0.171648385,0,0.03506658,-665.5360723,11.16445167,96591.1245,0,0,-4.979853776,1521.32274,-27.59582668,0,12.64492252,1385.818635,0.196936575,0,0
0,-0.167214126,0,0.03506658,-665.5360723,11.16445167,96591.1245,0,0,-16.77111062,1520.344008,-27.25777199,0,7.147541137,21.77680559,0.196956926,0,0
0,-0.162965175,0,0.03506658,-665.5360723,11.16445167,96591.1245,0,0,-22.46811134,1521.517143,-27.6796731,0,3.91030367,-381.7241944,0.197220509,0,0
0,-0.159358278,0,0.03506658,-665.5360723,11.16445167,96591.1245,0,0,-17.38032303,1515.009922,-27.30132405,0,5.335216638,1033.423918,0.196915197,0,0
0,-0.154414598,0,0.03506658,-665.5360723,11.16445167,96591.1245,0,0,-9.946029824,1525.733011,-26.99244701,0,7.982278715,-773.8398328,0.197264809,0,0
0,-0.150959419,0,0.03506658,-665.5360723,11.16445167,96591.1245,0,0,-12.34809631,1506.055715,-27.11541669,0,7.612312289,820.8761637,0.196642293,0,0
0,-0.144829056,0,0.03506658,-665.5360723,11.16445167,96591.1245,0,0,-18.5033358,1513.254499,-26.78591765,0,3.092464454,158.714208,0.197936916,0,0
0,-0.142755046,0,0.03506658,-665.5360723,11.16445167,96591.1245,0,0,-19.76434541,1488.768115,-27.28822388,0,2.747479412,-142.7593135,0.195803723,0,0
0,-0.136303778,0,0.03506658,-665.5360723,11.16445167,96591.1245,0,0,-9.754697179,1484.183535,-27.26894329,0,6.87890955,38.41361347,0.196629659,0,0
0,-0.134042179,0,0.03506658,-665.5360723,11.16445167,96591.1245,0,0,-13.75860851,1496.92996,-26.81439004,0,3.148672201,-451.6504828,0.197015136,0,0
0,-0.127895918,0,0.03506658,-665.5360723,11.16445167,96591.1245,0,0,-17.75927258,1467.918423,-27.03312323,0,1.456997989,310.6011181,0.196618101,0,0
0,-0.124702468,0,0.03506658,-665.5360723,11.16445167,96591.1245,0,0,-12.90551065,1468.411942,-27.52551408,0,2.075737987,210.8334556,0.196586966,0,0
0,-0.119630017,0,0.03506658,-665.5360723,11.16445167,96591.1245,0,0,-11.27537155,1455.536326,-27.17593694,0,2.906982459,-1265.695538,0.196693423,0,0
0,-0.115687965,0,0.03506658,-665.5360723,11.16445167,96591.1245,0,0,-15.4946358,1454.015817,-27.81370815,0,1.169343477,-548.7873272,0.19694217,0,0
0,-0.111339284,0,0.03506658,-665.5360723,11.16445167,96591.1245,0,0,-14.59983232,1435.370692,-27.16701387,0,-0.396307723,395.5484057,0.196917766,0,0
0,-0.107474013,0,0.03506658,-665.5360723,11.16445167,96591.1245,0,0,-13.06671797,1409.506756,-26.9725495,0,-1.054309692,563.2897729,0.196030207,0,0
0,-0.103131008,0,0.03506658,-665.5360723,11.16445167,96591.1245,0,0,-13.67000894,1414.949818,-26.92999459,0,-1.303968724,250.5285786,0.197231835,0,0
0,-0.098257814,0,0.03506658,-665.5360723,11.16445167,96591.1245,0,0,-10.84567112,1400.114675,-26.3041519,0,-0.903940215,-1054.369708,0.197906423,0,0
0,-0.094755532,0,0.03506658,-665.5360723,11.16445167,96591.1245,0,0,-12.20649638,1384.731108,-26.9132488,0,-2.165918518,865.0314581,0.197286157,0,0
0,-0.090105058,0,0.03506658,-665.5360723,11.16445167,96591.1245,0,0,-12.57258897,1346.422781,-26.32214835,0,-3.688356773,319.4907072,0.197396407,0,0
0,-0.086501938,0,0.03506658,-665.5360723,11.16445167,96591.1245,0,0,-15.28301834,1349.157943,-26.68097125,0,-4.895154358,-259.4939449,0.197677417,0,0
0,-0.08115449,0,0.03506658,-665.5360723,11.16445167,96591.1245,0,0,-10.13259368,1331.552781,-26.21024078,0,-2.798873842,-73.78379371,0.199947189,0,0
0,-0.077942098,0,0.03506658,-665.5360723,11.16445167,96591.1245,0,0,-11.8784395,1295.671194,-26.3332325,0,-4.224217597,-88.58109525,0.197713886,0,0
0,-0.072498917,0,0.03506658,-665.5360723,11.16445167,96591.1245,0,0,-15.95302158,1280.077052,-25.73521325,0,-5.49990075,-1759.593679,0.200927061,0,0
0,-0.069737017,0,0.03506658,-665.5360723,11.16445167,96591.1245,0,0,-19.23112408,1238.022791,-26.02898638,0,-6.966463718,878.342193,0.19754465,0,0
0,-0.064131528,0,0.03506658,-665.5360723,11.16445167,96591.1245,0,0,-9.933207514,1220.642048,-25.09329096,0,-4.579691194,82.42176829,0.19964799,0,0
0,-0.060838262,0,0.03506658,-665.5360723,11.16445167,96591.1245,0,0,-17.38457653,1134.487417,-26.11106802,0,-4.037112843,1195.540999,0.195688533,0,0
0,-0.055607127,0,0.03506658,-665.5360723,11.16445167,96591.1245,0,0,-18.15852376,1107.527366,-24.93370408,0,-5.938154413,-351.5085708,0.197341349,0,0
0,-0.051541939,0,0.03506658,-665.5360723,11.16445167,96591.1245,0,0,-20.47168233,1045.657438,-25.01982414,0,-5.566724004,329.5499704,0.195657236,0,0
0,-0.047297549,0,0.03506658,-665.5360723,11.16445167,96591.1245,0,0,-16.0213395,1010.817993,-24.58929565,0,-2.626005902,-166.9815475,0.19612098,0,0
0,-0.042634337,0,0.03506658,-665.5360723,11.16445167,96591.1245,0,0,-13.83473379,961.1522923,-23.16118036,0,-2.373402325,1108.911777,0.196648181,0,0
0,-0.038898938,0,0.03506658,-665.5360723,11.16445167,96591.1245,0,0,-26.8559897,866.9525694,-24.31907628,0,-2.770788366,-712.2004268,0.194226919,0,0
0,-0.034085413,0,0.03506658,-665.5360723,11.16445167,96591.1245,0,0,-26.15426027,840.6996412,-22.44991223,0,-4.908338696,1073.834047,0.195994454,0,0
0,-0.030089566,0,0.03506658,-665.5360723,11.16445167,96591.1245,0,0,-24.54351011,749.6725153,-23.09156196,0,3.03735836,505.7287745,0.195354136,0,0
0,-0.025789959,0,0.03506658,-665.5360723,11.16445167,96591.1245,0,0,-17.74106377,689.5709222,-21.69398522,0,3.623310207,184.7549695,0.196254485,0,0
0,-0.021413653,0,0.03506658,-665.5360723,11.16445167,96591.1245,0,0,-35.28157719,584.8667055,-21.76299058,0,4.121209735,853.6407751,0.195697308,0,0
0,-0.017042131,0,0.03506658,-665.5360723,11.16445167,96591.1245,0,0,-32.94904979,521.6665279,-20.65042778,0,4.022789637,1129.516676,0.19991589,0,0
0,-0.013182632,0,0.03506658,-665.5360723,11.16445167,96591.1245,0,0,-36.07498637,420.123502,-20.62068645,0,9.905864348,1765.043534,0.198269594,0,0
0,-0.008812168,0,0.03506658,-665.5360723,11.16445167,96591.1245,0,0,-28.64066217,310.0857919,-18.37960045,0,13.47453515,-1082.413143,0.201853886,0,0
0,-0.004348879,0,0.03506658,-665.5360723,11.16445167,96591.1245,0,0,-44.28232958,180.5664116,-18.56834934,0,14.54381288,187.9565529,0.201405385,0,0
0,-0.000148511,0,0.03506658,-665.5360723,11.16445167,96591.1245,0,0,-34.3721752,60.73964643,-16.01764821,0,18.11141206,250.5281376,0.203908365,0,0
0,0.004103789,0,0.03506658,-665.5360723,11.16445167,96591.1245,0,0,-29.44016789,-64.30990366,-16.14406678,0,25.23845972,1608.95005,0.206930916,0,0
0,0.008431483,0,0.03506658,-665.5360723,11.16445167,96591.1245,0,0,-36.62286162,-180.0814084,-15.24514533,0,25.32086205,662.3817184,0.204847639,0,0
0,0.012678429,0,0.03506658,-665.5360723,11.16445167,96591.1245,0,0,-37.50215005,-290.1285901,-14.29653647,0,24.57966892,278.9121544,0.202409998,0,0
0,0.017139992,0,0.03506658,-665.5360723,11.16445167,96591.1245,0,0,-33.16911621,-388.5742567,-13.31366606,0,30.93062234,1616.546313,0.198627975,0,0
0,0.021069299,0,0.03506658,-665.5360723,11.16445167,96591.1245,0,0,-14.62457714,-478.1819611,-12.5461106,0,35.2906092,-487.3566809,0.198559762,0,0
0,0.025567769,0,0.03506658,-665.5360723,11.16445167,96591.1245,0,0,-30.18673883,-549.2856346,-12.07721001,0,32.4799393,1654.609497,0.194884513,0,0
0,0.029652029,0,0.03506658,-665.5360723,11.16445167,96591.1245,0,0,-26.9605453,-634.2357851,-11.39132377,0,30.7809883,1607.466522,0.195470775,0,0
0,0.034406493,0,0.03506658,-665.5360723,11.16445167,96591.1245,0,0,-26.10185243,-700.7173716,-10.01340285,0,34.083168,325.1225612,0.194890354,0,0
0,0.038318911,0,0.03506658,-665.5360723,11.16445167,96591.1245,0,0,-10.3821902,-788.1163867,-9.663325581,0,37.13005185,939.3013888,0.196954009,0,0
0,0.043208813,0,0.03506658,-665.5360723,11.16445167,96591.1245,0,0,-21.6802951,-861.7476369,-9.173657401,0,34.45077993,1084.029066,0.197760013,0,0
0,0.04674019,0,0.03506658,-665.5360723,11.16445167,96591.1245,0,0,-19.09232257,-921.1124752,-7.870368098,0,35.33277204,1773.918407,0.201001146,0,0
0,0.051576348,0,0.03506658,-665.5360723,11.16445167,96591.1245,0,0,-12.31893774,-980.5357723,-8.163572839,0,37.55877746,1643.505052,0.199760011,0,0
0,0.055660017,0,0.03506658,-665.5360723,11.16445167,96591.1245,0,0,-19.0834487,-1037.597797,-7.490192982,0,34.85132165,2406.363524,0.200204992,0,0
0,0.059402028,0,0.03506658,-665.5360723,11.16445167,96591.1245,0,0,-17.3198838,-1091.481241,-7.328695834,0,35.08211223,1537.036128,0.202001814,0,0
0,0.064814621,0,0.03506658,-665.5360723,11.16445167,96591.1245,0,0,-0.059627877,-1174.430871,-7.685631006,0,39.86050482,1801.408002,0.204682916,0,0
0,0.068100841,0,0.03506658,-665.5360723,11.16445167,96591.1245,0,0,-17.26030555,-1165.577784,-6.290319476,0,35.85750696,1131.398502,0.200534031,0,0
0,0.072464476,0,0.03506658,-665.5360723,11.16445167,96591.1245,0,0,-10.78085549,-1261.241734,-6.95425792,0,34.21280641,1631.045893,0.207098335,0,0
0,0.076272335,0,0.03506658,-665.5360723,11.16445167,96591.1245,0,0,-16.23884515,-1229.826123,-5.716468171,0,35.46490317,860.9660682,0.199547021,0,0
0,0.081039043,0,0.03506658,-665.5360723,11.16445167,96591.1245,0,0,-3.232147719,-1315.424011,-6.35955705,0,35.58522602,921.2933805,0.204770774,0,0
0,0.084673986,0,0.03506658,-665.5360723,11.16445167,96591.1245,0,0,-15.05185098,-1276.51565,-5.044551668,0,33.19130657,1747.844649,0.198052192,0,0
0,0.090126027,0,0.03506658,-665.5360723,11.16445167,96591.1245,0,0,-7.026443081,-1355.24283,-5.705719494,0,33.90608093,1223.453386,0.201925457,0,0
0,0.093493226,0,0.03506658,-665.5360723,11.16445167,96591.1245,0,0,-11.20045569,-1330.163828,-5.239512654,0,33.67795665,320.5504594,0.19728802,0,0
0,0.098439743,0,0.03506658,-665.5360723,11.16445167,96591.1245,0,0,-6.251476505,-1385.375186,-4.994915642,0,31.96937421,1467.846518,0.20071031,0,0
0,0.102328797,0,0.03506658,-665.5360723,11.16445167,96591.1245,0,0,-9.315090486,-1399.5065,-5.217105701,0,31.41769362,1107.894402,0.199414176,0,0
0,0.107137562,0,0.03506658,-665.5360723,11.16445167,96591.1245,0,0,-7.5401041,-1414.838349,-4.918532209,0,30.29015067,583.3256672,0.199225415,0,0
0,0.111953309,0,0.03506658,-665.5360723,11.16445167,96591.1245,0,0,-5.278371143,-1461.894003,-4.95598031,0,30.43121404,1028.404627,0.201694412,0,0
0,0.115910591,0,0.03506658,-665.5360723,11.16445167,96591.1245,0,0,-6.415324641,-1431.555362,-4.519807753,0,29.60812651,806.6034329,0.197222084,0,0
0,0.120335751,0,0.03506658,-665.5360723,11.16445167,96591.1245,0,0,-3.905396954,-1503.08916,-4.00220071,0,28.77454018,1661.420667,0.202962578,0,0
0,0.124016063,0,0.03506658,-665.5360723,11.16445167,96591.1245,0,0,-10.97877686,-1458.898984,-4.147017635,0,26.52837635,828.3788798,0.196968268,0,0
0,0.128728637,0,0.03506658,-665.5360723,11.16445167,96591.1245,0,0,-3.519621268,-1532.543839,-3.714780565,0,27.46911005,930.31706,0.202590085,0,0
0,0.132390888,0,0.03506658,-665.5360723,11.16445167,96591.1245,0,0,-5.696143079,-1480.663503,-3.876529544,0,27.76549198,966.1362805,0.196664252,0,0
0,0.137346331,0,0.03506658,-665.5360723,11.16445167,96591.1245,0,0,-0.798103652,-1550.734538,-3.474694847,0,26.58732963,1313.316342,0.201171889,0,0
0,0.141162483,0,0.03506658,-665.5360723,11.16445167,96591.1245,0,0,-13.79134332,-1491.638261,-3.322805776,0,23.20319684,1434.574472,0.196366036,0,0
0,0.146183131,0,0.03506658,-665.5360723,11.16445167,96591.1245,0,0,-2.260935967,-1558.480778,-3.269926837,0,25.82390863,1236.859411,0.200607098,0,0
0,0.149506157,0,0.03506658,-665.5360723,11.16445167,96591.1245,0,0,-6.13574113,-1508.014828,-3.657995517,0,25.77334497,1045.154133,0.195027392,0,0
0,0.15451313,0,0.03506658,-665.5360723,11.16445167,96591.1245,0,0,-6.116216072,-1559.744183,-3.428894415,0,22.85122055,1217.416329,0.199568304,0,0
0,0.157938117,0,0.03506658,-665.5360723,11.16445167,96591.1245,0,0,-14.90204089,-1515.215168,-3.337252429,0,20.89913762,-518.8303699,0.194952443,0,0
0,0.162854414,0,0.03506658,-665.5360723,11.16445167,96591.1245,0,0,-0.425545532,-1564.393944,-3.001373037,0,24.02863646,888.9375788,0.199119108,0,0
0,0.166801602,0,0.03506658,-665.5360723,11.16445167,96591.1245,0,0,-5.07347541,-1551.094442,-2.485936698,0,23.35376464,1003.31399,0.197396267,0,0
0,0.17171666,0,0.03506658,-665.5360723,11.16445167,96591.1245,0,0,-9.36198997,-1559.133396,-2.974092655,0,19.39452305,1148.248102,0.198197162,0,0
0,0.175112454,0,0.03506658,-665.5360723,11.16445167,96591.1245,0,0,-6.471718275,-1549.645533,-2.664292408,0,20.78783408,1458.100393,0.196838561,0,0
0,0.179784836,0,0.03506658,-665.5360723,11.16445167,96591.1245,0,0,0.159778269,-1560.402676,-2.67278427,0,22.98556954,1418.695344,0.197787213,0,0
0,0.18452607,0,0.03506658,-665.5360723,11.16445167,96591.1245,0,0,-8.984931987,-1564.50942,-1.97107571,0,18.35791822,1459.577577,0.199035774,0,0
0,0.188761866,0,0.03506658,-665.5360723,11.16445167,96591.1245,0,0,-8.545251834,-1560.161608,-3.136188056,0,18.06980462,1416.787525,0.196603477,0,0
0,0.193387656,0,0.03506658,-665.5360723,11.16445167,96591.1245,0,0,1.032439164,-1567.222832,-1.819779384,0,21.90189551,1085.705577,0.200469102,0,0
0,0.197288619,0,0.03506658,-665.5360723,11.16445167,96591.1245,0,0,-5.825376573,-1553.746031,-3.28758097,0,18.80450051,1086.171447,0.196087988,0,0
0,0.201272785,0,0.03506658,-665.5360723,11.16445167,96591.1245,0,0,-14.89655833,-1564.058218,-2.547635481,0,14.61476182,1334.309373,0.199269408,0,0
0,0.205476526,0,0.03506658,-665.5360723,11.16445167,96591.1245,0,0,-8.589825969,-1551.805056,-3.629987998,0,15.45691872,906.7109622,0.19572494,0,0
0,0.210027062,0,0.03506658,-665.5360723,11.16445167,96591.1245,0,0,-18.03768791,-1563.794222,-2.472729955,0,11.96704788,1158.077543,0.198907769,0,0
0,0.21294565,0,0.03506658,-665.5360723,11.16445167,96591.1245,0,0,-37.46916532,-1546.814391,-2.648530374,0,4.579081151,-646.2163383,0.195539125,0,0
0,-0.209127365,0,0.034843795,-221.7403213,11.16493806,96392.73092,0,0,-3.823528291,545.5793966,-9.170075983,0,13.98450017,-310.516329,0.198460831,0,0
0,-0.204708655,0,0.034843795,-221.7403213,11.16493806,96392.73092,0,0,0.691161638,555.5734795,-8.541303392,0,16.58125031,-231.2327337,0.202629386,0,0
0,-0.200342116,0,0.034843795,-221.7403213,11.16493806,96392.73092,0,0,-2.813464437,563.2962863,-9.117896835,0,16.2626085,961.9681574,0.205649972,0,0
0,-0.196471201,0,0.034843795,-221.7403213,11.16493806,96392.73092,0,0,-0.983925067,557.348519,-9.013633844,0,15.261663,619.7275008,0.202233928,0,0
0,-0.192394854,0,0.034843795,-221.7403213,11.16493806,96392.73092,0,0,-5.625578775,556.500062,-9.252933255,0,13.39109018,-88.48381815,0.201319713,0,0
0,-0.187739497,0,0.034843795,-221.7403213,11.16493806,96392.73092,0,0,-5.760053536,557.6647416,-8.704508747,0,12.57679856,360.8175485,0.201843665,0,0
0,-0.183882058,0,0.034843795,-221.7403213,11.16493806,96392.73092,0,0,-9.108204024,556.0506628,-9.057005285,0,11.35648785,218.2398914,0.200336145,0,0
0,-0.179097356,0,0.034843795,-221.7403213,11.16493806,96392.73092,0,0,-7.119705971,556.4019134,-8.866355411,0,12.18147587,623.3068912,0.200006135,0,0
0,-0.17481781,0,0.034843795,-221.7403213,11.16493806,96392.73092,0,0,-7.702682687,561.1143391,-9.139404899,0,12.22437497,-396.3075471,0.201983911,0,0
0,-0.170945695,0,0.034843795,-221.7403213,11.16493806,96392.73092,0,0,-4.385518233,559.5881099,-8.967835565,0,12.97386573,-519.8036227,0.201681363,0,0
0,-0.166388843,0,0.034843795,-221.7403213,11.16493806,96392.73092,0,0,-9.010030021,556.322309,-8.793478366,0,11.22514422,1718.004436,0.199444703,0,0
0,-0.16178803,0,0.034843795,-221.7403213,11.16493806,96392.73092,0,0,-8.823205663,556.435741,-9.045429831,0,10.5994765,1743.18073,0.201815392,0,0
0,-0.158258592,0,0.034843795,-221.7403213,11.16493806,96392.73092,0,0,-0.761637962,549.2476934,-9.260229941,0,13.85169513,-785.9888022,0.198284226,0,0
0,-0.153756869,0,0.034843795,-221.7403213,11.16493806,96392.73092,0,0,-4.677291196,555.9757836,-9.075383804,0,12.45042439,1417.546677,0.201160416,0,0
0,-0.150038568,0,0.034843795,-221.7403213,11.16493806,96392.73092,0,0,-10.88268139,551.8916549,-9.144767831,0,10.27552754,1350.273034,0.198815929,0,0
0,-0.144902814,0,0.034843795,-221.7403213,11.16493806,96392.73092,0,0,-5.521957431,555.3208469,-9.046793665,0,12.05114011,586.1676479,0.200123625,0,0
0,-0.141214202,0,0.034843795,-221.7403213,11.16493806,96392.73092,0,0,-5.998869365,548.3352548,-9.254528965,0,11.78785299,510.4832108,0.198181796,0,0
0,-0.136675274,0,0.034843795,-221.7403213,11.16493806,96392.73092,0,0,-7.351562587,553.928464,-8.89540191,0,10.52273293,1405.400782,0.200283917,0,0
0,-0.132177581,0,0.034843795,-221.7403213,11.16493806,96392.73092,0,0,-5.804478663,550.0646236,-8.643594362,0,11.37126352,27.69524626,0.199978444,0,0
0,-0.128369848,0,0.034843795,-221.7403213,11.16493806,96392.73092,0,0,-5.297236048,549.5535321,-8.963594453,0,11.54408459,700.7164962,0.20030005,0,0
0,-0.123645571,0,0.034843795,-221.7403213,11.16493806,96392.73092,0,0,-6.550814223,545.0492459,-9.379382325,0,11.09756746,-319.5379738,0.19944696,0,0
0,-0.120075525,0,0.034843795,-221.7403213,11.16493806,96392.73092,0,0,-9.703248287,543.4230788,-9.199381759,0,9.355123476,999.0189662,0.19916462,0,0
0,-0.115579705,0,0.034843795,-221.7403213,11.16493806,96392.73092,0,0,-6.240198706,540.0433829,-9.135107092,0,10.61145629,1756.139178,0.199552718,0,0
0,-0.111100119,0,0.034843795,-221.7403213,11.16493806,96392.73092,0,0,-5.276947422,536.5376278,-9.218740801,0,11.38529104,1731.694664,0.19945742,0,0
0,-0.106923183,0,0.034843795,-221.7403213,11.16493806,96392.73092,0,0,-6.601906029,533.3133073,-9.199469285,0,9.975184856,-1581.155405,0.198983222,0,0
0,-0.103000702,0,0.034843795,-221.7403213,11.16493806,96392.73092,0,0,-7.61602806,531.6910948,-8.778526115,0,9.793924065,35.05549376,0.199749993,0,0
0,-0.098216145,0,0.034843795,-221.7403213,11.16493806,96392.73092,0,0,-7.086934654,523.5760334,-8.778191948,0,10.01863661,-1841.878314,0.199379143,0,0
0,-0.094506203,0,0.034843795,-221.7403213,11.16493806,96392.73092,0,0,-6.634095281,527.2123794,-8.871193658,0,10.38096676,487.1506884,0.200109752,0,0
0,-0.089459128,0,0.034843795,-221.7403213,11.16493806,96392.73092,0,0,-8.911028272,511.1946728,-8.98357365,0,9.197189184,1303.332308,0.196326788,0,0
0,-0.085737932,0,0.034843795,-221.7403213,11.16493806,96392.73092,0,0,-5.89388381,518.6893512,-8.83479304,0,9.67603387,822.5168093,0.2013613,0,0
0,-0.08096476,0,0.034843795,-221.7403213,11.16493806,96392.73092,0,0,-7.69615374,495.3561288,-8.937122617,0,9.379031264,-359.5366989,0.195211033,0,0
0,-0.077994345,0,0.034843795,-221.7403213,11.16493806,96392.73092,0,0,-8.54875397,500.3966944,-9.183750595,0,9.091698108,-232.2733905,0.197568965,0,0
0,-0.072370913,0,0.034843795,-221.7403213,11.16493806,96392.73092,0,0,-8.396339968,476.7762411,-9.001412124,0,9.091590806,-320.0413177,0.193690523,0,0
0,-0.069116778,0,0.034843795,-221.7403213,11.16493806,96392.73092,0,0,-6.524131464,477.8571884,-9.117104266,0,10.17547841,450.9278642,0.199995456,0,0
0,-0.063760634,0,0.034843795,-221.7403213,11.16493806,96392.73092,0,0,-8.466278701,454.4518977,-8.939138779,0,8.593463112,-735.2909203,0.194014005,0,0
0,-0.060670896,0,0.034843795,-221.7403213,11.16493806,96392.73092,0,0,-11.82629082,452.9681749,-8.96852638,0,9.154906755,704.2721747,0.200628513,0,0
0,-0.054905059,0,0.034843795,-221.7403213,11.16493806,96392.73092,0,0,-8.813741708,428.9291553,-8.869709651,0,8.791643932,-30.10257649,0.196839538,0,0
0,-0.052175723,0,0.034843795,-221.7403213,11.16493806,96392.73092,0,0,-6.010997202,419.8963691,-8.833945131,0,11.83735211,-1782.419276,0.202516182,0,0
0,-0.046424911,0,0.034843795,-221.7403213,11.16493806,96392.73092,0,0,-8.364841131,399.7648773,-8.535408815,0,10.74965838,1154.182384,0.201290707,0,0
0,-0.043157505,0,0.034843795,-221.7403213,11.16493806,96392.73092,0,0,-15.48319256,370.7987359,-9.481148458,0,6.393917483,231.428111,0.196351501,0,0
0,-0.038215038,0,0.034843795,-221.7403213,11.16493806,96392.73092,0,0,-17.49325366,363.9678953,-8.557996597,0,9.567071509,212.6857272,0.209376917,0,0
0,-0.035612517,0,0.034843795,-221.7403213,11.16493806,96392.73092,0,0,-9.642084207,345.157734,-8.521286655,0,8.580480414,-670.7070642,0.195826411,0,0
0,-0.030072142,0,0.034843795,-221.7403213,11.16493806,96392.73092,0,0,-11.37506974,322.8788169,-8.691162141,0,13.34432187,398.8186565,0.211835153,0,0
0,-0.026551812,0,0.034843795,-221.7403213,11.16493806,96392.73092,0,0,-5.864438347,293.3919504,-8.894963604,0,11.77058625,1244.607196,0.203373986,0,0
0,-0.02155471,0,0.034843795,-221.7403213,11.16493806,96392.73092,0,0,-20.24279007,257.6670024,-8.824723717,0,11.25069622,1007.910693,0.21259293,0,0
0,-0.016997404,0,0.034843795,-221.7403213,11.16493806,96392.73092,0,0,-19.97154252,229.0173577,-8.434460463,0,9.250566532,337.3843986,0.215044563,0,0
0,-0.013247838,0,0.034843795,-221.7403213,11.16493806,96392.73092,0,0,-15.32097172,175.1232223,-8.373444906,0,15.49745029,-93.3768219,0.212982818,0,0
0,-0.008840831,0,0.034843795,-221.7403213,11.16493806,96392.73092,0,0,-12.54111632,123.5767079,-8.320955452,0,16.52974365,808.1211053,0.214791365,0,0
0,-0.004588513,0,0.034843795,-221.7403213,11.16493806,96392.73092,0,0,-22.66110842,62.74554702,-8.490456326,0,13.58114723,938.1112701,0.212189746,0,0
0,-0.000408747,0,0.034843795,-221.7403213,11.16493806,96392.73092,0,0,-18.46469952,3.991638373,-8.528352493,0,14.7839046,151.8513813,0.213891145,0,0
0,0.003697728,0,0.034843795,-221.7403213,11.16493806,96392.73092,0,0,-9.322986139,-54.15471052,-8.404271087,0,22.24895307,960.4202388,0.217899574,0,0
0,0.008168882,0,0.034843795,-221.7403213,11.16493806,96392.73092,0,0,-17.9041413,-106.8079786,-8.701007151,0,18.25586566,1128.726409,0.209733331,0,0
0,0.011986723,0,0.034843795,-221.7403213,11.16493806,96392.73092,0,0,-17.15570424,-152.6431951,-8.046272197,0,17.32133317,527.5915615,0.213180197,0,0
0,0.016945756,0,0.034843795,-221.7403213,11.16493806,96392.73092,0,0,-12.74093015,-193.5815173,-8.291172235,0,20.39758534,1147.073139,0.206602892,0,0
0,0.020935169,0,0.034843795,-221.7403213,11.16493806,96392.73092,0,0,-7.434731366,-224.2951535,-7.777589259,0,21.64486485,1260.703438,0.202155742,0,0
0,0.024950528,0,0.034843795,-221.7403213,11.16493806,96392.73092,0,0,-18.34445156,-256.0423821,-8.612738449,0,18.73045875,911.6270695,0.206549962,0,0
0,0.028664882,0,0.034843795,-221.7403213,11.16493806,96392.73092,0,0,-7.732729716,-271.1077594,-7.687065669,0,18.52084539,1284.732365,0.197090206,0,0
0,0.032943438,0,0.034843795,-221.7403213,11.16493806,96392.73092,0,0,-7.530725672,-304.0214234,-8.645709403,0,22.32351082,261.3281271,0.206037579,0,0
0,0.037789014,0,0.034843795,-221.7403213,11.16493806,96392.73092,0,0,-7.610436697,-321.2226488,-8.170180686,0,19.49368765,635.1783594,0.196837138,0,0
0,0.042020043,0,0.034843795,-221.7403213,11.16493806,96392.73092,0,0,-8.816345964,-344.5745849,-8.452783277,0,20.26406202,963.0983428,0.202173507,0,0
0,0.046785715,0,0.034843795,-221.7403213,11.16493806,96392.73092,0,0,-6.328034082,-363.0618803,-8.395950832,0,20.28548708,1117.088423,0.200597962,0,0
0,0.050905211,0,0.034843795,-221.7403213,11.16493806,96392.73092,0,0,-1.5254768,-378.9949203,-8.128743099,0,21.4152465,573.4658229,0.199417087,0,0
0,0.055609211,0,0.034843795,-221.7403213,11.16493806,96392.73092,0,0,-5.810904422,-410.2639881,-8.128836031,0,21.17917133,449.3438746,0.210068703,0,0
0,0.058551801,0,0.034843795,-221.7403213,11.16493806,96392.73092,0,0,-4.936478747,-410.5983322,-8.715253343,0,19.93762832,1300.54972,0.202562498,0,0
0,0.063910294,0,0.034843795,-221.7403213,11.16493806,96392.73092,0,0,-1.718054379,-440.0117194,-8.689347506,0,22.10056853,1342.683421,0.210812765,0,0
0,0.067312355,0,0.034843795,-221.7403213,11.16493806,96392.73092,0,0,-4.087443303,-435.0339379,-9.452817614,0,19.8347651,-49.28447054,0.200883487,0,0
0,0.072265572,0,0.034843795,-221.7403213,11.16493806,96392.73092,0,0,-4.671888035,-458.7600741,-8.864412718,0,20.04055447,1073.827806,0.20937044,0,0
0,0.075945237,0,0.034843795,-221.7403213,11.16493806,96392.73092,0,0,-2.644358863,-461.4612181,-9.165631895,0,21.05687472,1587.240126,0.204194904,0,0
0,0.080263108,0,0.034843795,-221.7403213,11.16493806,96392.73092,0,0,0.87650504,-474.4020408,-8.760623664,0,21.77429883,1027.966176,0.208325806,0,0
0,0.084750867,0,0.034843795,-221.7403213,11.16493806,96392.73092,0,0,-2.174533579,-483.2282306,-9.162390578,0,20.5271093,40.40004069,0.208285969,0,0
0,0.08882193,0,0.034843795,-221.7403213,11.16493806,96392.73092,0,0,-3.801340766,-487.496642,-9.123932465,0,19.16821545,836.4364153,0.207452529,0,0
0,0.093506592,0,0.034843795,-221.7403213,11.16493806,96392.73092,0,0,-0.491327478,-494.7548168,-8.726838338,0,20.54555374,611.3580088,0.208417693,0,0
0,0.097957376,0,0.034843795,-221.7403213,11.16493806,96392.73092,0,0,1.493598085,-495.2627229,-9.040997232,0,20.87038533,1094.986528,0.204270427,0,0
0,0.101861602,0,0.034843795,-221.7403213,11.16493806,96392.73092,0,0,0.199648474,-507.6967551,-8.643381634,0,20.56292983,1478.941625,0.2104838,0,0
0,0.106813681,0,0.034843795,-221.7403213,11.16493806,96392.73092,0,0,-0.443707573,-507.1557333,-9.042917126,0,19.32331213,1264.08019,0.206315207,0,0
0,0.110163476,0,0.034843795,-221.7403213,11.16493806,96392.73092,0,0,-1.290202971,-510.3363551,-9.203446757,0,19.58129944,767.5929862,0.2071568,0,0
0,0.114786849,0,0.034843795,-221.7403213,11.16493806,96392.73092,0,0,1.930632461,-514.0555585,-9.209838459,0,20.23651231,1584.676214,0.20622122,0,0
0,0.118648212,0,0.034843795,-221.7403213,11.16493806,96392.73092,0,0,-1.517279698,-516.4416693,-8.800762922,0,18.95800662,914.1266745,0.207852161,0,0
0,0.123246538,0,0.034843795,-221.7403213,11.16493806,96392.73092,0,0,0.86882422,-520.5549921,-8.834239482,0,19.04253371,1517.694548,0.207999913,0,0
0,0.127470488,0,0.034843795,-221.7403213,11.16493806,96392.73092,0,0,1.508002388,-521.9138112,-8.660964773,0,19.61423686,1020.529494,0.207982222,0,0
0,0.131725571,0,0.034843795,-221.7403213,11.16493806,96392.73092,0,0,0.547960697,-524.4658802,-9.388530821,0,19.41766518,1575.703875,0.206044602,0,0
0,0.135960751,0,0.034843795,-221.7403213,11.16493806,96392.73092,0,0,0.643179341,-529.0053745,-8.657428493,0,18.54999954,1497.045753,0.209867902,0,0
0,0.140153594,0,0.034843795,-221.7403213,11.16493806,96392.73092,0,0,2.763303421,-526.1219615,-9.27044629,0,18.97779208,1361.526949,0.205963161,0,0
0,0.144628548,0,0.034843795,-221.7403213,11.16493806,96392.73092,0,0,-0.551891754,-530.875079,-8.891619862,0,19.24777719,1717.503691,0.207205293,0,0
0,0.148806269,0,0.034843795,-221.7403213,11.16493806,96392.73092,0,0,-0.852835769,-532.6161393,-9.318842189,0,17.82769804,1524.958073,0.206894782,0,0
0,0.152805222,0,0.034843795,-221.7403213,11.16493806,96392.73092,0,0,1.655587326,-534.9446175,-9.084064286,0,18.36112358,657.6587577,0.207652741,0,0
0,0.157403708,0,0.034843795,-221.7403213,11.16493806,96392.73092,0,0,5.246095505,-539.2509674,-9.125039087,0,19.43075903,1054.6615,0.209540585,0,0
0,0.161502702,0,0.034843795,-221.7403213,11.16493806,96392.73092,0,0,-1.09948916,-536.6171172,-8.920829517,0,18.3737835,1636.978653,0.206282194,0,0
0,0.16579649,0,0.034843795,-221.7403213,11.16493806,96392.73092,0,0,1.075997133,-542.9195708,-8.678115821,0,18.07683097,787.3912564,0.210006705,0,0
0,0.170589148,0,0.034843795,-221.7403213,11.16493806,96392.73092,0,0,3.064741801,-542.0740197,-8.562602184,0,18.54595124,1835.949964,0.209071769,0,0
0,0.174846299,0,0.034843795,-221.7403213,11.16493806,96392.73092,0,0,1.033623113,-546.2060676,-9.131730726,0,19.52523205,1217.798189,0.208949983,0,0
0,0.178644051,0,0.034843795,-221.7403213,11.16493806,96392.73092,0,0,-4.064283587,-546.8567904,-8.657221599,0,15.69779884,1391.664202,0.210179903,0,0
0,0.183002299,0,0.034843795,-221.7403213,11.16493806,96392.73092,0,0,4.897866954,-548.0129511,-8.944225193,0,19.06603126,1355.858748,0.21041462,0,0
0,0.187282707,0,0.034843795,-221.7403213,11.16493806,96392.73092,0,0,1.318094028,-546.7187498,-9.217417012,0,18.41370496,728.9562757,0.207670215,0,0
0,0.191219281,0,0.034843795,-221.7403213,11.16493806,96392.73092,0,0,-8.471995354,-548.7282438,-9.711914782,0,12.87013729,1546.045485,0.208845136,0,0
0,0.195636368,0,0.034843795,-221.7403213,11.16493806,96392.73092,0,0,-7.911769371,-554.4001308,-9.241001946,0,12.6425297,992.2095385,0.212495474,0,0
0,0.200475428,0,0.034843795,-221.7403213,11.16493806,96392.73092,0,0,-6.924503977,-549.8476425,-9.180135446,0,14.05563027,1631.532559,0.208173061,0,0
0,0.204164604,0,0.034843795,-221.7403213,11.16493806,96392.73092,0,0,-1.996228954,-542.809363,-9.498413839,0,15.43349062,1931.232299,0.203604172,0,0
0,0.208600355,0,0.034843795,-221.7403213,11.16493806,96392.73092,0,0,-16.90442801,-543.7137039,-9.58849207,0,9.871823104,743.4233622,0.202593551,0,0
0,0.211277489,0,0.034843795,-221.7403213,11.16493806,96392.73092,0,0,-53.37641738,-537.5342554,-8.889455386,0,-11.8757568,965.5112098,0.20219542,0,0
0,-0.212595078,0,0.034839377,-1113.94878,11.16453816,97064.10915,0,0,1.3221414,2438.784834,-51.33488322,0,20.02098618,-1044.419399,0.190035627,0,0
0,-0.207248017,0,0.034839377,-1113.94878,11.16453816,97064.10915,0,0,6.789545924,2433.252299,-52.88507935,0,21.96204584,37.72894255,0.188776765,0,0
0,-0.202994071,0,0.034839377,-1113.94878,11.16453816,97064.10915,0,0,-19.12744999,2454.536802,-52.90811271,0,10.2008637,-478.3566854,0.190585066,0,0
0,-0.199169512,0,0.034839377,-1113.94878,11.16453816,97064.10915,0,0,-43.71314359,2440.793376,-52.65715968,0,-2.753036322,-333.9181131,0.190243149,0,0
0,-0.19364695,0,0.034839377,-1113.94878,11.16453816,97064.10915,0,0,-23.04657098,2443.855548,-52.98645166,0,7.47107575,-1206.188684,0.190736973,0,0
0,-0.190247284,0,0.034839377,-1113.94878,11.16453816,97064.10915,0,0,-19.81686945,2464.940465,-52.96784796,0,4.726994801,-469.4938879,0.190721389,0,0
0,-0.185412546,0,0.034839377,-1113.94878,11.16453816,97064.10915,0,0,-29.20211646,2463.635636,-53.74373615,0,3.635206566,605.5376282,0.19160538,0,0
0,-0.182150799,0,0.034839377,-1113.94878,11.16453816,97064.10915,0,0,-34.31035367,2460.490025,-52.69739919,0,-2.594140813,902.7752709,0.190883063,0,0
0,-0.176932155,0,0.034839377,-1113.94878,11.16453816,97064.10915,0,0,-34.15352491,2446.285921,-52.70381525,0,-1.238047658,366.954233,0.190844429,0,0
0,-0.173205234,0,0.034839377,-1113.94878,11.16453816,97064.10915,0,0,-20.75858024,2493.449522,-53.1648834,0,0.641224863,-652.7718153,0.192205589,0,0
0,-0.168400409,0,0.034839377,-1113.94878,11.16453816,97064.10915,0,0,-27.66997154,2453.30401,-52.82266564,0,0.383206345,-397.5346865,0.191206455,0,0
0,-0.16453698,0,0.034839377,-1113.94878,11.16453816,97064.10915,0,0,-28.52088373,2489.167234,-52.92554849,0,-5.553313658,-62.77634761,0.192290821,0,0
0,-0.159832694,0,0.034839377,-1113.94878,11.16453816,97064.10915,0,0,-34.60267998,2446.039446,-53.12298198,0,-6.697436482,-324.4204995,0.191163212,0,0
0,-0.155946581,0,0.034839377,-1113.94878,11.16453816,97064.10915,0,0,-19.65421473,2477.475146,-52.74753799,0,-3.725675819,194.825887,0.192474245,0,0
0,-0.151926962,0,0.034839377,-1113.94878,11.16453816,97064.10915,0,0,-25.66037083,2447.195507,-53.36748239,0,-3.974266548,1551.915736,0.191388058,0,0
0,-0.147221235,0,0.034839377,-1113.94878,11.16453816,97064.10915,0,0,-30.62618443,2444.508126,-52.08815539,0,-10.45928436,534.6158067,0.191767495,0,0
0,-0.142727173,0,0.034839377,-1113.94878,11.16453816,97064.10915,0,0,-29.67630885,2440.103025,-52.51289795,0,-11.48193462,-1263.320757,0.19187567,0,0
0,-0.138488037,0,0.034839377,-1113.94878,11.16453816,97064.10915,0,0,-21.3867988,2398.860493,-52.4840081,0,-7.887096248,-38.12546332,0.190550692,0,0
0,-0.133722835,0,0.034839377,-1113.94878,11.16453816,97064.10915,0,0,-22.08147166,2441.645227,-51.67608062,0,-11.43986834,124.498473,0.193696234,0,0
0,-0.130185934,0,0.034839377,-1113.94878,11.16453816,97064.10915,0,0,-30.99360461,2360.182152,-52.47770869,0,-15.27612655,557.5513021,0.189929783,0,0
0,-0.124962301,0,0.034839377,-1113.94878,11.16453816,97064.10915,0,0,-24.27843125,2392.827952,-51.78702944,0,-15.44080965,-422.6301788,0.193086171,0,0
0,-0.121711598,0,0.034839377,-1113.94878,11.16453816,97064.10915,0,0,-22.39808801,2317.435325,-52.09701976,0,-14.02251938,534.8407226,0.189691134,0,0
0,-0.116504718,0,0.034839377,-1113.94878,11.16453816,97064.10915,0,0,-22.03983369,2330.34896,-51.11603027,0,-17.48456977,-564.1298535,0.192150462,0,0
0,-0.112991842,0,0.034839377,-1113.94878,11.16453816,97064.10915,0,0,-25.99198179,2277.408768,-50.9136486,0,-20.27608267,-1162.54623,0.190247983,0,0
0,-0.108276783,0,0.034839377,-1113.94878,11.16453816,97064.10915,0,0,-22.80721395,2264.713375,-50.42603897,0,-21.21551855,-67.26632337,0.191556232,0,0
0,-0.104203621,0,0.034839377,-1113.94878,11.16453816,97064.10915,0,0,-19.58429518,2236.770551,-50.60831063,0,-21.7015698,-873.1447273,0.191541088,0,0
0,-0.100027065,0,0.034839377,-1113.94878,11.16453816,97064.10915,0,0,-20.47382114,2203.348104,-49.52750493,0,-23.89715311,-1048.03648,0.191465473,0,0
0,-0.095246238,0,0.034839377,-1113.94878,11.16453816,97064.10915,0,0,-20.18545461,2194.487626,-49.68986226,0,-25.67566459,726.5375975,0.193213868,0,0
0,-0.091654993,0,0.034839377,-1113.94878,11.16453816,97064.10915,0,0,-21.04948382,2121.708517,-49.1969952,0,-27.33735637,582.2546598,0.191038831,0,0
0,-0.086274077,0,0.034839377,-1113.94878,11.16453816,97064.10915,0,0,-16.36316074,2147.802397,-48.07187809,0,-29.49037024,322.1393127,0.194839246,0,0
0,-0.082769708,0,0.034839377,-1113.94878,11.16453816,97064.10915,0,0,-21.90766106,2000.326349,-48.01710265,0,-28.29763567,-55.30083793,0.18973105,0,0
0,-0.077764933,0,0.034839377,-1113.94878,11.16453816,97064.10915,0,0,-19.17355552,2060.109015,-46.68477827,0,-32.38646812,-413.9884166,0.195637499,0,0
0,-0.074323052,0,0.034839377,-1113.94878,11.16453816,97064.10915,0,0,-25.79425689,1914.338455,-47.28123422,0,-30.25471032,902.6842972,0.190724784,0,0
0,-0.069502971,0,0.034839377,-1113.94878,11.16453816,97064.10915,0,0,-19.89332409,1938.465484,-45.45979191,0,-32.08151572,385.5109077,0.195385598,0,0
0,-0.065679268,0,0.034839377,-1113.94878,11.16453816,97064.10915,0,0,-26.31069692,1784.451254,-44.96754481,0,-29.45005613,-91.4188602,0.190343641,0,0
0,-0.061185013,0,0.034839377,-1113.94878,11.16453816,97064.10915,0,0,-23.64053498,1796.893288,-43.87295546,0,-31.12132909,71.51096023,0.194966499,0,0
0,-0.056669991,0,0.034839377,-1113.94878,11.16453816,97064.10915,0,0,-25.60307304,1687.280701,-43.31665065,0,-28.45184588,-396.8770959,0.192998693,0,0
0,-0.052551426,0,0.034839377,-1113.94878,11.16453816,97064.10915,0,0,-28.57284797,1607.955677,-42.10562877,0,-27.76535341,-533.6793968,0.192892319,0,0
0,-0.047999013,0,0.034839377,-1113.94878,11.16453816,97064.10915,0,0,-28.9005123,1546.06224,-40.14516801,0,-27.0326841,-757.1112748,0.194272279,0,0
0,-0.043649006,0,0.034839377,-1113.94878,11.16453816,97064.10915,0,0,-32.7126647,1410.442602,-39.54341089,0,-21.98216436,1227.251667,0.191443175,0,0
0,-0.039473177,0,0.034839377,-1113.94878,11.16453816,97064.10915,0,0,-29.03445584,1355.60446,-37.93058632,0,-22.32860319,-492.5559758,0.193847522,0,0
0,-0.035194181,0,0.034839377,-1113.94878,11.16453816,97064.10915,0,0,-44.67187238,1224.676839,-36.90949954,0,-19.01945591,-791.8684252,0.191408813,0,0
0,-0.031037033,0,0.034839377,-1113.94878,11.16453816,97064.10915,0,0,-36.55843664,1150.58611,-35.0343727,0,-17.02992538,43.44112522,0.193211839,0,0
0,-0.026317298,0,0.034839377,-1113.94878,11.16453816,97064.10915,0,0,-42.23352585,1017.403279,-34.28079849,0,-8.872511055,-21.14771964,0.193116749,0,0
0,-0.022215145,0,0.034839377,-1113.94878,11.16453816,97064.10915,0,0,-42.84877992,890.5836097,-31.64299565,0,-6.23175369,1215.948234,0.193053893,0,0
0,-0.017755248,0,0.034839377,-1113.94878,11.16453816,97064.10915,0,0,-55.94136741,772.0495841,-30.82940353,0,-3.191152914,-526.909837,0.195021591,0,0
0,-0.013504429,0,0.034839377,-1113.94878,11.16453816,97064.10915,0,0,-53.22826587,647.049521,-27.70054234,0,1.904182211,966.1201458,0.195113724,0,0
0,-0.00919463,0,0.034839377,-1113.94878,11.16453816,97064.10915,0,0,-52.86463092,507.6426945,-25.79563021,0,10.48667306,181.8418647,0.196368354,0,0
0,-0.004915881,0,0.034839377,-1113.94878,11.16453816,97064.10915,0,0,-61.45451797,333.0628613,-24.49933271,0,14.92482676,1619.987521,0.194953162,0,0
0,-0.000819157,0,0.034839377,-1113.94878,11.16453816,97064.10915,0,0,-58.69205148,181.8148735,-21.82796711,0,21.25360018,372.3739839,0.194662233,0,0
0,0.00381068,0,0.034839377,-1113.94878,11.16453816,97064.10915,0,0,-55.70987257,17.70438548,-19.5220223,0,31.14080116,1456.871995,0.194734149,0,0
0,0.008023748,0,0.034839377,-1113.94878,11.16453816,97064.10915,0,0,-51.00550308,-132.6348745,-17.08433694,0,34.17237717,1196.697632,0.192957229,0,0
0,0.012146711,0,0.034839377,-1113.94878,11.16453816,97064.10915,0,0,-61.44307876,-280.8386935,-15.27636847,0,37.53741006,1045.899938,0.194791151,0,0
0,0.016784209,0,0.034839377,-1113.94878,11.16453816,97064.10915,0,0,-49.44744571,-438.0763561,-13.22080691,0,43.84004423,1316.767453,0.191545529,0,0
0,0.020823679,0,0.034839377,-1113.94878,11.16453816,97064.10915,0,0,-47.07561389,-570.1604921,-10.97241733,0,50.56879822,1179.442025,0.193753113,0,0
0,0.025153711,0,0.034839377,-1113.94878,11.16453816,97064.10915,0,0,-38.51183068,-708.8730402,-9.240675536,0,53.35369086,1435.73983,0.191794693,0,0
0,0.029272262,0,0.034839377,-1113.94878,11.16453816,97064.10915,0,0,-50.14902871,-826.5119736,-7.09711601,0,52.45568023,1528.994464,0.193635896,0,0
0,0.033624218,0,0.034839377,-1113.94878,11.16453816,97064.10915,0,0,-38.16072684,-951.9920212,-5.248784343,0,56.80563501,670.4833159,0.193542044,0,0
0,0.038118844,0,0.034839377,-1113.94878,11.16453816,97064.10915,0,0,-31.61721767,-1085.891292,-4.000043644,0,60.20715072,1190.446449,0.194545805,0,0
0,0.042302066,0,0.034839377,-1113.94878,11.16453816,97064.10915,0,0,-39.19464196,-1175.882184,-2.116457048,0,60.24407419,1062.825718,0.19353535,0,0
0,0.046501153,0,0.034839377,-1113.94878,11.16453816,97064.10915,0,0,-24.14642918,-1336.251509,-0.979407639,0,64.0309153,1091.949054,0.19763218,0,0
0,0.051449174,0,0.034839377,-1113.94878,11.16453816,97064.10915,0,0,-36.39370303,-1379.572513,0.543292897,0,62.83330268,764.9190606,0.193036082,0,0
0,0.054838721,0,0.034839377,-1113.94878,11.16453816,97064.10915,0,0,-29.71079874,-1534.313236,2.47573058,0,62.10179943,1110.308645,0.199707411,0,0
0,0.059885487,0,0.034839377,-1113.94878,11.16453816,97064.10915,0,0,-27.8753862,-1601.694189,4.323579285,0,64.45140177,1725.524917,0.196164615,0,0
0,0.063761071,0,0.034839377,-1113.94878,11.16453816,97064.10915,0,0,-22.460263,-1680.488196,4.819184459,0,66.35735115,1737.468255,0.196897454,0,0
0,0.068463212,0,0.034839377,-1113.94878,11.16453816,97064.10915,0,0,-25.39841575,-1763.523948,6.325582071,0,64.57356813,843.2829511,0.196072436,0,0
0,0.072654836,0,0.034839377,-1113.94878,11.16453816,97064.10915,0,0,-27.67442819,-1822.805818,8.28574394,0,63.52389806,1457.947567,0.194965063,0,0
0,0.076576692,0,0.034839377,-1113.94878,11.16453816,97064.10915,0,0,-23.76725585,-1882.952013,8.3076392,0,63.13313698,952.706445,0.194676974,0,0
0,0.081087622,0,0.034839377,-1113.94878,11.16453816,97064.10915,0,0,-23.64331025,-1936.854843,10.06980318,0,61.83154897,1371.683565,0.193936069,0,0
0,0.084963812,0,0.034839377,-1113.94878,11.16453816,97064.10915,0,0,-22.28854262,-1991.704868,10.21438323,0,60.61814591,1059.774627,0.194257572,0,0
0,0.089823316,0,0.034839377,-1113.94878,11.16453816,97064.10915,0,0,-20.3702155,-2050.479953,11.57111769,0,60.13726366,991.9012428,0.193192832,0,0
0,0.09331186,0,0.034839377,-1113.94878,11.16453816,97064.10915,0,0,-20.53450962,-2071.921432,12.09508548,0,58.60216871,1279.533499,0.193139956,0,0
0,0.099290855,0,0.034839377,-1113.94878,11.16453816,97064.10915,0,0,-16.56346877,-2207.817753,12.75099199,0,56.993252,1360.296973,0.195666176,0,0
0,0.101856668,0,0.034839377,-1113.94878,11.16453816,97064.10915,0,0,-26.79325235,-2105.92396,13.53150382,0,54.63227428,407.9648328,0.190437155,0,0
0,0.107513717,0,0.034839377,-1113.94878,11.16453816,97064.10915,0,0,-15.16429354,-2270.553002,14.26569068,0,54.29841577,986.6406221,0.194448602,0,0
0,0.110074713,0,0.034839377,-1113.94878,11.16453816,97064.10915,0,0,-22.95014152,-2164.041574,15.04019715,0,52.66938594,790.9820465,0.189156036,0,0
0,0.116055691,0,0.034839377,-1113.94878,11.16453816,97064.10915,0,0,-19.61316508,-2299.969806,15.88191331,0,51.37266384,398.7807139,0.192215922,0,0
0,0.119533545,0,0.034839377,-1113.94878,11.16453816,97064.10915,0,0,-20.08774355,-2305.963538,16.08652949,0,49.29991648,802.227186,0.191974756,0,0
0,0.124397523,0,0.034839377,-1113.94878,11.16453816,97064.10915,0,0,-20.61689974,-2348.035744,16.66346505,0,47.52007688,1124.829929,0.191708342,0,0
0,0.128385885,0,0.034839377,-1113.94878,11.16453816,97064.10915,0,0,-21.15065937,-2404.518554,17.12129972,0,47.49768975,556.9130876,0.192963989,0,0
0,0.132515285,0,0.034839377,-1113.94878,11.16453816,97064.10915,0,0,-16.92465232,-2399.501988,17.53903356,0,46.57551616,643.43766,0.191654232,0,0
0,0.1369648,0,0.034839377,-1113.94878,11.16453816,97064.10915,0,0,-17.77173494,-2423.241929,17.50550156,0,44.91521352,1006.890566,0.191212131,0,0
0,0.140888171,0,0.034839377,-1113.94878,11.16453816,97064.10915,0,0,-19.47362913,-2429.169606,18.24874269,0,41.67787247,918.4781269,0.191218536,0,0
0,0.145557946,0,0.034839377,-1113.94878,11.16453816,97064.10915,0,0,-19.88083904,-2452.18227,18.50941687,0,41.37959393,1399.737154,0.190588197,0,0
0,0.149311042,0,0.034839377,-1113.94878,11.16453816,97064.10915,0,0,-14.72515447,-2462.129627,18.79696884,0,41.65334209,628.9988335,0.19094614,0,0
0,0.15534256,0,0.034839377,-1113.94878,11.16453816,97064.10915,0,0,-23.19948448,-2428.928843,18.76335609,0,37.68020757,815.2553017,0.188882524,0,0
0,0.158622158,0,0.034839377,-1113.94878,11.16453816,97064.10915,0,0,-15.67535753,-2527.928238,19.75526691,0,36.44161039,899.2401962,0.192222031,0,0
0,0.163685051,0,0.034839377,-1113.94878,11.16453816,97064.10915,0,0,-18.85077267,-2435.684031,19.13600353,0,36.93628484,1060.666152,0.188622607,0,0
0,0.166685159,0,0.034839377,-1113.94878,11.16453816,97064.10915,0,0,-9.129877446,-2535.145782,20.03054586,0,36.56048395,743.4460226,0.191751728,0,0
0,0.171671561,0,0.034839377,-1113.94878,11.16453816,97064.10915,0,0,-21.25672744,-2466.196239,19.60788844,0,33.18106969,753.7538541,0.189191209,0,0
0,0.175388149,0,0.034839377,-1113.94878,11.16453816,97064.10915,0,0,-13.03203724,-2545.357861,20.19278077,0,32.32277397,896.078315,0.19142006,0,0
0,0.17977943,0,0.034839377,-1113.94878,11.16453816,97064.10915,0,0,-15.95432556,-2458.89229,19.50697635,0,32.42237008,866.678226,0.188954394,0,0
0,0.184141536,0,0.034839377,-1113.94878,11.16453816,97064.10915,0,0,-7.246926547,-2521.619647,20.55766146,0,32.07686633,1009.243077,0.190195695,0,0
0,0.188049633,0,0.034839377,-1113.94878,11.16453816,97064.10915,0,0,-23.04995739,-2463.063749,19.24321772,0,27.70812527,1096.632355,0.189236913,0,0
0,0.193093489,0,0.034839377,-1113.94878,11.16453816,97064.10915,0,0,-13.26458987,-2506.479902,20.47047885,0,27.46704478,1070.134453,0.190137821,0,0
0,0.196954039,0,0.034839377,-1113.94878,11.16453816,97064.10915,0,0,-17.87901641,-2474.575272,19.86515284,0,26.72192374,709.8020797,0.189052929,0,0
0,0.201885408,0,0.034839377,-1113.94878,11.16453816,97064.10915,0,0,-2.635231721,-2489.543394,20.16234745,0,30.67839995,931.9433302,0.189430072,0,0
0,0.205366431,0,0.034839377,-1113.94878,11.16453816,97064.10915,0,0,-16.4609606,-2487.738584,19.21749521,0,23.86954837,967.5187443,0.188754952,0,0
0,0.210320348,0,0.034839377,-1113.94878,11.16453816,97064.10915,0,0,-46.33615316,-2476.303175,21.04146969,0,9.019132793,853.688612,0.188273557,0,0
0,0.213569683,0,0.034839377,-1113.94878,11.16453816,97064.10915,0,0,-44.56679886,-2482.817516,19.29469007,0,10.47505106,875.2262988,0.189018855,0,0
0,-0.210339732,0,0.03483774,-443.0338826,11.16459503,96383.37621,0,0,5.519770886,1055.127478,-17.81276245,0,21.9503152,-225.5019109,0.198874424,0,0
0,-0.20553264,0,0.03483774,-443.0338826,11.16459503,96383.37621,0,0,-4.941583485,1045.067988,-17.74544046,0,15.64751858,-193.430552,0.197692978,0,0
0,-0.201131076,0,0.03483774,-443.0338826,11.16459503,96383.37621,0,0,-18.02380625,1051.355254,-17.30143664,0,11.09092052,919.6075955,0.198289537,0,0
0,-0.197004998,0,0.03483774,-443.0338826,11.16459503,96383.37621,0,0,-16.40416138,1049.659825,-17.52566222,0,10.44231021,234.6953593,0.198562102,0,0
0,-0.192510588,0,0.03483774,-443.0338826,11.16459503,96383.37621,0,0,-5.658959528,1046.330267,-17.43411483,0,13.88373343,543.4641561,0.198219481,0,0
0,-0.188638523,0,0.03483774,-443.0338826,11.16459503,96383.37621,0,0,-3.641026698,1048.227911,-17.1781844,0,15.69282661,1137.633277,0.198703329,0,0
0,-0.184699598,0,0.03483774,-443.0338826,11.16459503,96383.37621,0,0,-14.55660005,1058.350738,-17.74286869,0,10.75930762,-467.5814934,0.200913943,0,0
0,-0.17985195,0,0.03483774,-443.0338826,11.16459503,96383.37621,0,0,-18.74171233,1048.959096,-17.53542751,0,8.141887677,188.3617935,0.199028414,0,0
0,-0.175528089,0,0.03483774,-443.0338826,11.16459503,96383.37621,0,0,-9.241814754,1051.823626,-17.86439044,0,12.53633993,1286.484135,0.200384198,0,0
0,-0.171117921,0,0.03483774,-443.0338826,11.16459503,96383.37621,0,0,-2.969716649,1048.440268,-17.36248413,0,14.80695468,221.5019186,0.20061548,0,0
0,-0.166430241,0,0.03483774,-443.0338826,11.16459503,96383.37621,0,0,-14.03668085,1039.175891,-17.17146763,0,8.772375611,1030.135462,0.198262521,0,0
0,-0.16250543,0,0.03483774,-443.0338826,11.16459503,96383.37621,0,0,-16.76979915,1047.30643,-17.76843503,0,8.994231362,324.1422512,0.201159358,0,0
0,-0.158007095,0,0.03483774,-443.0338826,11.16459503,96383.37621,0,0,-6.55334401,1034.561951,-17.35934447,0,12.54244473,940.8807129,0.198349187,0,0
0,-0.154400144,0,0.03483774,-443.0338826,11.16459503,96383.37621,0,0,-5.997142919,1044.420437,-17.59560367,0,12.16496038,526.2876555,0.201108094,0,0
0,-0.149206629,0,0.03483774,-443.0338826,11.16459503,96383.37621,0,0,-14.70874868,1037.924203,-17.84774567,0,8.851536884,1276.570427,0.19931351,0,0
0,-0.146053657,0,0.03483774,-443.0338826,11.16459503,96383.37621,0,0,-11.84332044,1036.864553,-17.6877919,0,8.830567355,-98.52800425,0.200882956,0,0
0,-0.140325465,0,0.03483774,-443.0338826,11.16459503,96383.37621,0,0,-10.27781868,1024.347254,-17.45852088,0,10.04416558,326.269333,0.197938137,0,0
0,-0.137262816,0,0.03483774,-443.0338826,11.16459503,96383.37621,0,0,-6.772446267,1036.062741,-17.29549627,0,10.35226583,-350.5074782,0.201431528,0,0
0,-0.131880876,0,0.03483774,-443.0338826,11.16459503,96383.37621,0,0,-11.58316727,1013.883207,-17.4977339,0,9.016249523,455.8115778,0.197611589,0,0
0,-0.129339393,0,0.03483774,-443.0338826,11.16459503,96383.37621,0,0,-10.31815815,1031.510372,-17.63875611,0,7.593012064,226.8415462,0.20155599,0,0
0,-0.123519125,0,0.03483774,-443.0338826,11.16459503,96383.37621,0,0,-11.0845614,1007.907697,-17.63360937,0,7.822536746,-789.7299447,0.198381911,0,0
0,-0.120308305,0,0.03483774,-443.0338826,11.16459503,96383.37621,0,0,-4.030939643,1017.733371,-17.28921053,0,9.492283251,1054.306974,0.200866412,0,0
0,-0.115270479,0,0.03483774,-443.0338826,11.16459503,96383.37621,0,0,-8.869996455,999.5080374,-17.42159972,0,7.700078098,121.9693327,0.199103963,0,0
0,-0.11142696,0,0.03483774,-443.0338826,11.16459503,96383.37621,0,0,-14.96498182,997.6262057,-17.76445932,0,5.855050525,-550.3398792,0.199151447,0,0
0,-0.107015889,0,0.03483774,-443.0338826,11.16459503,96383.37621,0,0,-11.79656291,987.3537823,-17.54442559,0,6.039489587,692.7818487,0.199161215,0,0
0,-0.102822022,0,0.03483774,-443.0338826,11.16459503,96383.37621,0,0,-5.340388326,969.7581143,-17.3167448,0,7.251143823,1457.768837,0.198571495,0,0
0,-0.099046607,0,0.03483774,-443.0338826,11.16459503,96383.37621,0,0,-8.748863688,967.7020944,-17.37067922,0,6.302664891,-467.1396261,0.198454138,0,0
0,-0.093855249,0,0.03483774,-443.0338826,11.16459503,96383.37621,0,0,-8.996953951,971.704763,-17.2651601,0,5.606113288,-40.36248799,0.199212963,0,0
0,-0.090302127,0,0.03483774,-443.0338826,11.16459503,96383.37621,0,0,-12.31326377,937.5523703,-17.392046,0,4.520650268,576.656099,0.198526215,0,0
0,-0.085048038,0,0.03483774,-443.0338826,11.16459503,96383.37621,0,0,-8.113727095,951.7540286,-16.94642861,0,4.323310183,30.49136656,0.199369241,0,0
0,-0.081975446,0,0.03483774,-443.0338826,11.16459503,96383.37621,0,0,-9.979894544,907.6931936,-17.5390693,0,6.193147124,945.8677469,0.198211972,0,0
0,-0.076812648,0,0.03483774,-443.0338826,11.16459503,96383.37621,0,0,-9.168978466,915.1181475,-16.73676558,0,3.22396441,371.9125004,0.19818839,0,0
0,-0.073109261,0,0.03483774,-443.0338826,11.16459503,96383.37621,0,0,-17.80395246,859.3432973,-17.63017612,0,3.147962221,-213.3942188,0.198121064,0,0
0,-0.068886359,0,0.03483774,-443.0338826,11.16459503,96383.37621,0,0,-7.782833198,873.912191,-16.39978583,0,3.97229308,283.5755074,0.196782481,0,0
0,-0.064423318,0,0.03483774,-443.0338826,11.16459503,96383.37621,0,0,-11.33297794,822.3776025,-17.20873306,0,5.99203682,-124.8341317,0.198094314,0,0
0,-0.060451297,0,0.03483774,-443.0338826,11.16459503,96383.37621,0,0,-12.03232911,812.5273305,-16.56424132,0,2.343917736,730.2040922,0.19475943,0,0
0,-0.056155237,0,0.03483774,-443.0338826,11.16459503,96383.37621,0,0,-19.37148555,765.4760773,-16.92418184,0,3.120980092,760.6508522,0.197485567,0,0
0,-0.052239376,0,0.03483774,-443.0338826,11.16459503,96383.37621,0,0,-8.27169884,748.0872809,-16.3528518,0,4.922040289,470.8767954,0.194057111,0,0
0,-0.047324916,0,0.03483774,-443.0338826,11.16459503,96383.37621,0,0,-10.01049511,700.1952115,-16.12113773,0,6.395348386,513.1302671,0.195054503,0,0
0,-0.042566554,0,0.03483774,-443.0338826,11.16459503,96383.37621,0,0,-19.27349655,655.5706397,-16.36190374,0,4.397034461,492.5581707,0.198059413,0,0
0,-0.03886629,0,0.03483774,-443.0338826,11.16459503,96383.37621,0,0,-21.87888767,631.0555074,-15.82200319,0,2.946957722,-1085.01476,0.195955197,0,0
0,-0.034500486,0,0.03483774,-443.0338826,11.16459503,96383.37621,0,0,-18.10148701,582.261927,-15.68325004,0,6.407827697,-114.0070779,0.197727723,0,0
0,-0.030217321,0,0.03483774,-443.0338826,11.16459503,96383.37621,0,0,-11.40838341,544.7137547,-15.10977354,0,9.730654409,-63.93269661,0.197788762,0,0
0,-0.025847135,0,0.03483774,-443.0338826,11.16459503,96383.37621,0,0,-20.85930873,485.4695279,-15.59522645,0,9.206848068,275.4181202,0.201383566,0,0
0,-0.021720743,0,0.03483774,-443.0338826,11.16459503,96383.37621,0,0,-25.9623801,439.8940838,-14.41207387,0,7.294114496,-223.5963721,0.20225361,0,0
0,-0.017237354,0,0.03483774,-443.0338826,11.16459503,96383.37621,0,0,-28.4404648,364.6052296,-14.90501998,0,9.307502558,1642.422036,0.203638632,0,0
0,-0.012593991,0,0.03483774,-443.0338826,11.16459503,96383.37621,0,0,-17.82435793,299.7373066,-14.57183153,0,14.54371386,1064.898782,0.209683513,0,0
0,-0.00867374,0,0.03483774,-443.0338826,11.16459503,96383.37621,0,0,-27.08163022,207.308614,-13.47623921,0,16.89080772,816.1085129,0.20999211,0,0
0,-0.004284879,0,0.03483774,-443.0338826,11.16459503,96383.37621,0,0,-29.58999082,114.5235998,-13.26891272,0,13.72332975,-331.1345682,0.215115839,0,0
0,-0.000415748,0,0.03483774,-443.0338826,11.16459503,96383.37621,0,0,-35.28394816,26.27799074,-13.11625964,0,18.39282213,1308.801513,0.21581729,0,0
0,0.003983336,0,0.03483774,-443.0338826,11.16459503,96383.37621,0,0,-14.17063641,-77.22175139,-12.57878298,0,24.15554315,2252.747817,0.213063894,0,0
0,0.008244937,0,0.03483774,-443.0338826,11.16459503,96383.37621,0,0,-32.83123243,-163.145531,-12.64407224,0,22.17290631,1635.318028,0.210806456,0,0
0,0.012567862,0,0.03483774,-443.0338826,11.16459503,96383.37621,0,0,-27.61410664,-228.2712039,-11.75419078,0,19.4972876,1236.687091,0.200908491,0,0
0,0.016752045,0,0.03483774,-443.0338826,11.16459503,96383.37621,0,0,-22.8984587,-299.4748267,-11.35534454,0,25.55478299,1467.656126,0.201720453,0,0
0,0.021599301,0,0.03483774,-443.0338826,11.16459503,96383.37621,0,0,-9.438548396,-361.1795091,-11.37782855,0,27.44290397,883.8001208,0.193079222,0,0
0,0.025112899,0,0.03483774,-443.0338826,11.16459503,96383.37621,0,0,-22.52593898,-414.9984573,-10.30611521,0,25.82433069,1444.936805,0.199131141,0,0
0,0.030150458,0,0.03483774,-443.0338826,11.16459503,96383.37621,0,0,-19.45500066,-462.94668,-10.64563399,0,22.58088591,333.4759688,0.19127346,0,0
0,0.033277153,0,0.03483774,-443.0338826,11.16459503,96383.37621,0,0,-14.83128957,-512.7859846,-10.50420556,0,27.66708831,400.669213,0.199380918,0,0
0,0.038923796,0,0.03483774,-443.0338826,11.16459503,96383.37621,0,0,-9.591162511,-561.8272446,-10.44100507,0,28.26327072,1757.98745,0.193828886,0,0
0,0.042221863,0,0.03483774,-443.0338826,11.16459503,96383.37621,0,0,-19.46854155,-609.0584066,-9.704530483,0,25.71185478,1441.503473,0.20081787,0,0
0,0.046931741,0,0.03483774,-443.0338826,11.16459503,96383.37621,0,0,-11.91855923,-648.5317115,-9.832403844,0,26.45348721,823.0453841,0.19912522,0,0
0,0.051397469,0,0.03483774,-443.0338826,11.16459503,96383.37621,0,0,-0.977061331,-698.3269544,-9.665415824,0,29.99867191,832.37363,0.202063169,0,0
0,0.05569985,0,0.03483774,-443.0338826,11.16459503,96383.37621,0,0,-16.58469351,-724.9734709,-9.131064886,0,26.35515671,545.8822041,0.202541271,0,0
0,0.059877402,0,0.03483774,-443.0338826,11.16459503,96383.37621,0,0,-9.351516394,-773.1723705,-9.60858707,0,25.58240436,1213.740279,0.204787381,0,0
0,0.063982233,0,0.03483774,-443.0338826,11.16459503,96383.37621,0,0,-9.805436472,-785.4745938,-8.968105681,0,29.09027661,2092.439499,0.203083511,0,0
0,0.067652614,0,0.03483774,-443.0338826,11.16459503,96383.37621,0,0,4.717871393,-827.0585839,-9.648921457,0,30.70907695,745.8250857,0.205714148,0,0
0,0.072834593,0,0.03483774,-443.0338826,11.16459503,96383.37621,0,0,-14.61507709,-843.3397279,-8.913772737,0,25.22847295,740.1764321,0.204554434,0,0
0,0.076057073,0,0.03483774,-443.0338826,11.16459503,96383.37621,0,0,-4.76803887,-874.2813854,-9.798675065,0,26.97582268,1602.279875,0.205475442,0,0
0,0.081117872,0,0.03483774,-443.0338826,11.16459503,96383.37621,0,0,-2.902692013,-887.3415107,-9.089628559,0,27.97055516,1413.587631,0.204741016,0,0
0,0.08515894,0,0.03483774,-443.0338826,11.16459503,96383.37621,0,0,-7.522565688,-914.6635108,-9.361182601,0,26.3559665,1665.052668,0.206309558,0,0
0,0.089315656,0,0.03483774,-443.0338826,11.16459503,96383.37621,0,0,-5.340679811,-921.5134838,-9.025350391,0,25.99343731,1128.93453,0.205517422,0,0
0,0.095145383,0,0.03483774,-443.0338826,11.16459503,96383.37621,0,0,-3.222814772,-931.9116879,-8.365699145,0,27.32542594,1601.34003,0.203656629,0,0
0,0.097526903,0,0.03483774,-443.0338826,11.16459503,96383.37621,0,0,-2.162912149,-946.6582975,-8.977060613,0,26.13963947,1163.376593,0.205734113,0,0
0,0.103523672,0,0.03483774,-443.0338826,11.16459503,96383.37621,0,0,-3.101551924,-976.1124671,-8.895497601,0,25.17068279,599.6202761,0.209367295,0,0
0,0.106013081,0,0.03483774,-443.0338826,11.16459503,96383.37621,0,0,-5.449289282,-960.1980829,-9.071883973,0,24.4122047,1601.324127,0.202720941,0,0
0,0.111961233,0,0.03483774,-443.0338826,11.16459503,96383.37621,0,0,0.586436319,-982.3487709,-8.698751401,0,25.26709188,1125.76132,0.206215647,0,0
0,0.114485343,0,0.03483774,-443.0338826,11.16459503,96383.37621,0,0,-1.461174126,-978.9622157,-9.045471289,0,24.8341926,889.2680008,0.202405393,0,0
0,0.119817805,0,0.03483774,-443.0338826,11.16459503,96383.37621,0,0,-5.739678973,-1001.438635,-8.601806992,0,22.66077321,946.2610344,0.207063843,0,0
0,0.122986748,0,0.03483774,-443.0338826,11.16459503,96383.37621,0,0,-3.231163051,-995.2641907,-9.071374643,0,22.75932748,1298.124759,0.201669113,0,0
0,0.128707544,0,0.03483774,-443.0338826,11.16459503,96383.37621,0,0,0.142419099,-1017.165394,-8.393271732,0,24.34891462,909.1241705,0.205922564,0,0
0,0.131716879,0,0.03483774,-443.0338826,11.16459503,96383.37621,0,0,-0.984679468,-1004.709121,-8.819347719,0,23.59242654,1155.176605,0.200351769,0,0
0,0.136603102,0,0.03483774,-443.0338826,11.16459503,96383.37621,0,0,-3.692475645,-1026.965358,-8.1489205,0,21.44423425,1647.553217,0.205350135,0,0
0,0.140236671,0,0.03483774,-443.0338826,11.16459503,96383.37621,0,0,-3.029490569,-1018.267138,-8.793877462,0,21.69596396,567.7349777,0.200338986,0,0
0,0.144656886,0,0.03483774,-443.0338826,11.16459503,96383.37621,0,0,0.912041031,-1043.144095,-8.236531923,0,23.10035095,1388.565382,0.205324996,0,0
0,0.149078829,0,0.03483774,-443.0338826,11.16459503,96383.37621,0,0,-1.76592971,-1036.870349,-8.4653117,0,21.37858534,1391.884256,0.200897177,0,0
0,0.153357626,0,0.03483774,-443.0338826,11.16459503,96383.37621,0,0,-3.170822397,-1047.491204,-8.418467558,0,20.06826074,1345.472789,0.20364461,0,0
0,0.15790888,0,0.03483774,-443.0338826,11.16459503,96383.37621,0,0,-1.222874806,-1055.340921,-8.651415646,0,21.61775885,1597.334063,0.202707618,0,0
0,0.162120512,0,0.03483774,-443.0338826,11.16459503,96383.37621,0,0,2.465106913,-1054.381672,-8.510157863,0,21.82653291,1334.302968,0.202780962,0,0
0,0.166354292,0,0.03483774,-443.0338826,11.16459503,96383.37621,0,0,-3.976566711,-1059.041682,-8.269513129,0,19.40774025,1703.988206,0.202398745,0,0
0,0.17097091,0,0.03483774,-443.0338826,11.16459503,96383.37621,0,0,-4.206445051,-1056.929063,-8.321409915,0,19.92582116,1221.906313,0.200412158,0,0
0,0.174848693,0,0.03483774,-443.0338826,11.16459503,96383.37621,0,0,2.120161014,-1067.093253,-8.250723546,0,20.99143267,907.6214458,0.203548974,0,0
0,0.179763684,0,0.03483774,-443.0338826,11.16459503,96383.37621,0,0,-2.034717906,-1063.998853,-8.150803189,0,19.40979408,1053.151287,0.20072205,0,0
0,0.183341852,0,0.03483774,-443.0338826,11.16459503,96383.37621,0,0,-2.987354962,-1071.791336,-7.758011998,0,18.09468495,635.4380004,0.205429121,0,0
0,0.187705499,0,0.03483774,-443.0338826,11.16459503,96383.37621,0,0,-0.881683826,-1063.085578,-7.780510206,0,19.89015496,926.3929587,0.201626687,0,0
0,0.191550559,0,0.03483774,-443.0338826,11.16459503,96383.37621,0,0,-2.38550468,-1076.344527,-7.993147556,0,18.93620847,1367.928213,0.204126919,0,0
0,0.196510869,0,0.03483774,-443.0338826,11.16459503,96383.37621,0,0,-3.174230051,-1070.803305,-7.982278957,0,17.68615504,803.9602391,0.202954588,0,0
0,0.199993653,0,0.03483774,-443.0338826,11.16459503,96383.37621,0,0,-8.40613728,-1075.673419,-9.017032562,0,15.46995717,1664.061729,0.2017986,0,0
0,0.205427334,0,0.03483774,-443.0338826,11.16459503,96383.37621,0,0,-10.20598365,-1069.034963,-7.833547905,0,14.02145392,563.7070578,0.201340747,0,0
0,0.209724618,0,0.03483774,-443.0338826,11.16459503,96383.37621,0,0,-11.28576924,-1067.685373,-7.448052092,0,12.17108015,1695.000523,0.200090369,0,0
0,0.213405449,0,0.03483774,-443.0338826,11.16459503,96383.37621,0,0,-6.237102751,-1071.703902,-9.510334275,0,9.939446945,593.265217,0.200285839,0,0
0,-0.211271839,0,0.069758146,-895.2936787,11.16517233,96909.80723,0,0,25.35515322,1938.620437,-47.43020621,0,44.98159503,2291.530644,0.190507461,0,0
0,-0.206743938,0,0.069758146,-895.2936787,11.16517233,96909.80723,0,0,-0.548145687,1960.165606,-49.08154311,0,35.32404113,775.1517247,0.192708563,0,0
0,-0.202556411,0,0.069758146,-895.2936787,11.16517233,96909.80723,0,0,-46.51371394,1958.647843,-49.08627997,0,15.36521636,697.8631853,0.192810477,0,0
0,-0.198362759,0,0.069758146,-895.2936787,11.16517233,96909.80723,0,0,-22.72429099,1966.320466,-48.72665925,0,22.71052009,339.8328462,0.193302743,0,0
0,-0.194615977,0,0.069758146,-895.2936787,11.16517233,96909.80723,0,0,-19.48750994,1960.48381,-48.64148353,0,26.43911089,-301.3408389,0.193370337,0,0
0,-0.18968379,0,0.069758146,-895.2936787,11.16517233,96909.80723,0,0,-16.61674665,1970.953307,-48.50291395,0,25.04786582,378.0352552,0.193839599,0,0
0,-0.185866472,0,0.069758146,-895.2936787,11.16517233,96909.80723,0,0,-31.34907295,1972.304626,-48.72979833,0,19.55862997,424.3871838,0.193034769,0,0
0,-0.181000423,0,0.069758146,-895.2936787,11.16517233,96909.80723,0,0,-27.33349567,1985.815912,-48.82034844,0,18.18052409,495.2663657,0.194512934,0,0
0,-0.17742441,0,0.069758146,-895.2936787,11.16517233,96909.80723,0,0,-23.43677334,1963.744302,-48.64958082,0,21.3154616,534.4304724,0.193453921,0,0
0,-0.172417533,0,0.069758146,-895.2936787,11.16517233,96909.80723,0,0,-15.91501631,1983.96354,-49.0224856,0,23.5883036,715.6272536,0.194151491,0,0
0,-0.167830045,0,0.069758146,-895.2936787,11.16517233,96909.80723,0,0,-23.27797299,1986.054616,-49.14431941,0,18.28911265,667.7549612,0.194158032,0,0
0,-0.164024525,0,0.069758146,-895.2936787,11.16517233,96909.80723,0,0,-28.52770481,1967.556701,-48.98457895,0,15.63103636,787.6899465,0.193504874,0,0
0,-0.158886564,0,0.069758146,-895.2936787,11.16517233,96909.80723,0,0,-19.94965562,1993.845859,-49.23517356,0,18.31062914,932.4656924,0.194987236,0,0
0,-0.155993156,0,0.069758146,-895.2936787,11.16517233,96909.80723,0,0,-14.47313522,1957.749844,-48.70920292,0,21.26674008,1299.609017,0.193064538,0,0
0,-0.150598987,0,0.069758146,-895.2936787,11.16517233,96909.80723,0,0,-17.66496157,1988.056388,-48.50640655,0,16.67773555,-44.38640659,0.195183506,0,0
0,-0.147200271,0,0.069758146,-895.2936787,11.16517233,96909.80723,0,0,-30.51972549,1938.111709,-48.61486224,0,12.88868531,38.85397083,0.192650503,0,0
0,-0.141523683,0,0.069758146,-895.2936787,11.16517233,96909.80723,0,0,-20.35809463,1968.69429,-48.25368379,0,14.56406738,-1194.859161,0.19534049,0,0
0,-0.138748011,0,0.069758146,-895.2936787,11.16517233,96909.80723,0,0,-14.90929932,1918.255809,-48.86012664,0,17.83739809,-1008.360694,0.192255015,0,0
0,-0.133165075,0,0.069758146,-895.2936787,11.16517233,96909.80723,0,0,-19.98296859,1925.135569,-48.23404946,0,13.25174681,335.6024777,0.193778683,0,0
0,-0.129502487,0,0.069758146,-895.2936787,11.16517233,96909.80723,0,0,-23.13293406,1927.750098,-48.47547798,0,10.36552634,-1070.092066,0.193652379,0,0
0,-0.124830256,0,0.069758146,-895.2936787,11.16517233,96909.80723,0,0,-17.87061209,1899.43062,-48.37549819,0,12.04215585,63.96201221,0.193742332,0,0
0,-0.120981197,0,0.069758146,-895.2936787,11.16517233,96909.80723,0,0,-14.55265803,1889.445432,-48.1529976,0,12.47470788,1395.705124,0.193705703,0,0
0,-0.116773721,0,0.069758146,-895.2936787,11.16517233,96909.80723,0,0,-16.99892614,1871.819675,-47.7757174,0,9.608254455,50.67541712,0.193595382,0,0
0,-0.112089458,0,0.069758146,-895.2936787,11.16517233,96909.80723,0,0,-19.06205435,1868.71149,-48.04831285,0,7.268052118,-471.6345374,0.194706696,0,0
0,-0.108449742,0,0.069758146,-895.2936787,11.16517233,96909.80723,0,0,-15.16530064,1824.793711,-47.60061856,0,7.338402697,-561.5778134,0.192984226,0,0
0,-0.103634832,0,0.069758146,-895.2936787,11.16517233,96909.80723,0,0,-14.47968542,1827.551378,-47.40351306,0,7.60017252,-281.8303306,0.195095836,0,0
0,-0.10033424,0,0.069758146,-895.2936787,11.16517233,96909.80723,0,0,-13.82936527,1779.289081,-47.55685234,0,5.754168693,334.6709266,0.192955857,0,0
0,-0.094905157,0,0.069758146,-895.2936787,11.16517233,96909.80723,0,0,-16.12017988,1778.892662,-47.28707576,0,4.176174648,-358.4435906,0.195491441,0,0
0,-0.091550409,0,0.069758146,-895.2936787,11.16517233,96909.80723,0,0,-14.06618713,1729.71878,-46.90446842,0,3.543770773,-818.1518347,0.1930852,0,0
0,-0.085705629,0,0.069758146,-895.2936787,11.16517233,96909.80723,0,0,-10.78238386,1729.282101,-46.41939731,0,3.174224239,110.7876894,0.196243041,0,0
0,-0.082764189,0,0.069758146,-895.2936787,11.16517233,96909.80723,0,0,-17.02263323,1632.111386,-46.93148715,0,2.967187529,955.6194733,0.19210223,0,0
0,-0.077627056,0,0.069758146,-895.2936787,11.16517233,96909.80723,0,0,-13.50842575,1657.535685,-46.31160511,0,1.843188572,585.4472061,0.196265795,0,0
0,-0.073854476,0,0.069758146,-895.2936787,11.16517233,96909.80723,0,0,-16.69493578,1571.907561,-46.2637894,0,2.43822668,-1219.49968,0.193471007,0,0
0,-0.068901841,0,0.069758146,-895.2936787,11.16517233,96909.80723,0,0,-15.22780719,1556.453319,-45.3115201,0,1.806164117,819.9706339,0.195815829,0,0
0,-0.0652045,0,0.069758146,-895.2936787,11.16517233,96909.80723,0,0,-18.23686704,1501.98,-45.14840843,0,2.384474307,811.9787113,0.194822835,0,0
0,-0.060801195,0,0.069758146,-895.2936787,11.16517233,96909.80723,0,0,-14.92027587,1453.249022,-44.52030744,0,4.185960697,1056.516751,0.195565334,0,0
0,-0.056486345,0,0.069758146,-895.2936787,11.16517233,96909.80723,0,0,-16.93451015,1387.903322,-43.67311026,0,4.911385287,39.26065883,0.194816917,0,0
0,-0.052252567,0,0.069758146,-895.2936787,11.16517233,96909.80723,0,0,-24.60840401,1329.981516,-43.55309392,0,3.691108137,-463.5148218,0.194623629,0,0
0,-0.047391589,0,0.069758146,-895.2936787,11.16517233,96909.80723,0,0,-16.62951688,1292.560917,-42.38452219,0,6.776656498,1533.073951,0.196885796,0,0
0,-0.043847136,0,0.069758146,-895.2936787,11.16517233,96909.80723,0,0,-21.8408087,1181.431453,-42.55837883,0,10.92314214,204.5389752,0.19317002,0,0
0,-0.039221136,0,0.069758146,-895.2936787,11.16517233,96909.80723,0,0,-24.51737685,1142.93899,-40.97989655,0,8.548490344,1237.813737,0.19592509,0,0
0,-0.035209862,0,0.069758146,-895.2936787,11.16517233,96909.80723,0,0,-39.48203166,1048.362034,-41.23882714,0,9.887907876,-417.2597503,0.194055946,0,0
0,-0.03080768,0,0.069758146,-895.2936787,11.16517233,96909.80723,0,0,-26.74819648,1001.022966,-39.36853167,0,13.73822398,482.4462369,0.196591535,0,0
0,-0.026614919,0,0.069758146,-895.2936787,11.16517233,96909.80723,0,0,-31.70714025,894.9725071,-39.37139111,0,21.26417602,1324.371372,0.195493139,0,0
0,-0.022210933,0,0.069758146,-895.2936787,11.16517233,96909.80723,0,0,-33.78095569,806.2943981,-37.95289921,0,20.08164309,1438.297048,0.196563894,0,0
0,-0.018031429,0,0.069758146,-895.2936787,11.16517233,96909.80723,0,0,-44.62588723,692.2152901,-37.19547257,0,23.42722201,-141.608037,0.194516721,0,0
0,-0.013511211,0,0.069758146,-895.2936787,11.16517233,96909.80723,0,0,-42.37267984,612.0147481,-35.44256798,0,26.51876006,-290.2699992,0.197343522,0,0
0,-0.009189352,0,0.069758146,-895.2936787,11.16517233,96909.80723,0,0,-42.32154045,480.6280184,-34.92341016,0,33.8674695,-493.0072472,0.196617333,0,0
0,-0.004839564,0,0.069758146,-895.2936787,11.16517233,96909.80723,0,0,-50.92701766,349.5107545,-33.43347212,0,35.5623845,770.44828,0.196327953,0,0
0,-0.000839888,0,0.069758146,-895.2936787,11.16517233,96909.80723,0,0,-52.15686413,230.187897,-32.38328645,0,40.06917293,1654.968044,0.197095682,0,0
0,0.003815807,0,0.069758146,-895.2936787,11.16517233,96909.80723,0,0,-42.11153163,90.1525302,-30.90511672,0,47.35253555,944.4926628,0.196225797,0,0
0,0.008104013,0,0.069758146,-895.2936787,11.16517233,96909.80723,0,0,-47.45142349,-35.88619209,-28.55689497,0,48.79154146,929.0178931,0.198520353,0,0
0,0.012484315,0,0.069758146,-895.2936787,11.16517233,96909.80723,0,0,-53.01777852,-163.2101986,-28.23674476,0,50.09520488,631.1934066,0.196634607,0,0
0,0.01635315,0,0.069758146,-895.2936787,11.16517233,96909.80723,0,0,-43.23678246,-278.5443451,-26.80747994,0,55.47690396,594.6349508,0.197981675,0,0
0,0.020709451,0,0.069758146,-895.2936787,11.16517233,96909.80723,0,0,-37.95337756,-392.2900669,-25.75596687,0,60.48838005,1035.125849,0.196669449,0,0
0,0.025035618,0,0.069758146,-895.2936787,11.16517233,96909.80723,0,0,-40.80976404,-499.0273269,-24.31493933,0,59.69924837,523.4367577,0.196759275,0,0
0,0.029309964,0,0.069758146,-895.2936787,11.16517233,96909.80723,0,0,-42.54323199,-607.357089,-22.9892513,0,59.21922831,717.8981084,0.197313607,0,0
0,0.033664036,0,0.069758146,-895.2936787,11.16517233,96909.80723,0,0,-35.38572365,-699.881228,-21.95755366,0,63.07141191,1015.02962,0.196040972,0,0
0,0.037506551,0,0.069758146,-895.2936787,11.16517233,96909.80723,0,0,-31.41316755,-788.9574908,-20.76071169,0,64.70747715,648.6288433,0.196861116,0,0
0,0.042463341,0,0.069758146,-895.2936787,11.16517233,96909.80723,0,0,-35.25183211,-891.0023357,-19.7852116,0,63.3256946,961.0339247,0.195215409,0,0
0,0.046005282,0,0.069758146,-895.2936787,11.16517233,96909.80723,0,0,-32.36410961,-976.3934741,-18.53963905,0,65.02297943,363.2269675,0.198392252,0,0
0,0.050979769,0,0.069758146,-895.2936787,11.16517233,96909.80723,0,0,-23.73967156,-1091.481315,-17.72031554,0,66.48055245,1308.502324,0.200078499,0,0
0,0.054982511,0,0.069758146,-895.2936787,11.16517233,96909.80723,0,0,-37.26337665,-1143.227865,-16.61748348,0,64.21385962,1160.655712,0.198561705,0,0
0,0.059466546,0,0.069758146,-895.2936787,11.16517233,96909.80723,0,0,-27.27398729,-1244.137861,-15.65358179,0,65.81779325,851.2832241,0.201177482,0,0
0,0.063871692,0,0.069758146,-895.2936787,11.16517233,96909.80723,0,0,-18.11899354,-1336.372725,-14.44616444,0,67.48215155,1263.762513,0.203869164,0,0
0,0.068412898,0,0.069758146,-895.2936787,11.16517233,96909.80723,0,0,-32.63007597,-1347.754718,-13.68126702,0,64.79781569,557.4373492,0.198163344,0,0
0,0.071995074,0,0.069758146,-895.2936787,11.16517233,96909.80723,0,0,-22.56780487,-1461.667952,-13.3874079,0,63.98348609,807.203703,0.20409265,0,0
0,0.07705223,0,0.069758146,-895.2936787,11.16517233,96909.80723,0,0,-29.07569615,-1446.912868,-11.99981571,0,63.52925964,1686.727022,0.196326316,0,0
0,0.080537122,0,0.069758146,-895.2936787,11.16517233,96909.80723,0,0,-18.91752472,-1565.498608,-12.50503991,0,62.85199869,1387.105042,0.203011395,0,0
0,0.085628186,0,0.069758146,-895.2936787,11.16517233,96909.80723,0,0,-28.57824876,-1534.135236,-10.55799946,0,61.17014929,828.1132664,0.195185582,0,0
0,0.088859165,0,0.069758146,-895.2936787,11.16517233,96909.80723,0,0,-17.18004142,-1645.17941,-11.25182655,0,60.96831941,740.6434682,0.201996317,0,0
0,0.094421176,0,0.069758146,-895.2936787,11.16517233,96909.80723,0,0,-22.71703667,-1645.107064,-10.13454205,0,59.67201237,383.7892597,0.197040715,0,0
0,0.097495936,0,0.069758146,-895.2936787,11.16517233,96909.80723,0,0,-17.99981494,-1709.671466,-9.802583008,0,58.66161071,1784.592109,0.201162104,0,0
0,0.102783363,0,0.069758146,-895.2936787,11.16517233,96909.80723,0,0,-20.38711491,-1722.439309,-9.084115698,0,57.09886923,815.8322823,0.197353262,0,0
0,0.106473829,0,0.069758146,-895.2936787,11.16517233,96909.80723,0,0,-22.06345771,-1757.627487,-8.283478252,0,55.55334867,1250.298548,0.198346121,0,0
0,0.110921794,0,0.069758146,-895.2936787,11.16517233,96909.80723,0,0,-20.69746515,-1791.139779,-8.214678076,0,54.93620823,1192.198397,0.197500968,0,0
0,0.115526157,0,0.069758146,-895.2936787,11.16517233,96909.80723,0,0,-19.3804795,-1819.676271,-7.575561347,0,54.53660543,1514.609963,0.196702657,0,0
0,0.119278448,0,0.069758146,-895.2936787,11.16517233,96909.80723,0,0,-19.54830299,-1851.982473,-7.139631473,0,53.6336302,1175.024284,0.19734086,0,0
0,0.123393696,0,0.069758146,-895.2936787,11.16517233,96909.80723,0,0,-20.99415291,-1848.982358,-6.641332521,0,51.45408613,377.6189748,0.195028529,0,0
0,0.127551943,0,0.069758146,-895.2936787,11.16517233,96909.80723,0,0,-20.21864374,-1886.492723,-6.286098203,0,50.35115601,610.8402247,0.196109542,0,0
0,0.13292922,0,0.069758146,-895.2936787,11.16517233,96909.80723,0,0,-17.62367756,-1878.335662,-5.579794346,0,51.46636677,939.6210007,0.193740002,0,0
0,0.135926844,0,0.069758146,-895.2936787,11.16517233,96909.80723,0,0,-14.401774,-1956.347706,-6.224059752,0,50.51148075,1139.819308,0.198217198,0,0
0,0.141195112,0,0.069758146,-895.2936787,11.16517233,96909.80723,0,0,-25.61372168,-1903.394289,-5.301487097,0,46.01497293,1364.617091,0.193712509,0,0
0,0.145029049,0,0.069758146,-895.2936787,11.16517233,96909.80723,0,0,-13.3025127,-1987.775073,-5.304836598,0,47.39875426,931.7252748,0.198625977,0,0
0,0.148846068,0,0.069758146,-895.2936787,11.16517233,96909.80723,0,0,-14.79362559,-1925.560972,-5.023662656,0,48.10898715,849.2741323,0.194543301,0,0
0,0.153884352,0,0.069758146,-895.2936787,11.16517233,96909.80723,0,0,-17.0956912,-1993.134814,-4.798625709,0,44.09923284,819.0033108,0.197619628,0,0
0,0.157580937,0,0.069758146,-895.2936787,11.16517233,96909.80723,0,0,-21.38078918,-1964.558491,-5.04823083,0,42.46717833,1238.92575,0.195223658,0,0
0,0.162256601,0,0.069758146,-895.2936787,11.16517233,96909.80723,0,0,-11.35585028,-1994.296775,-4.568795352,0,45.00301612,816.4998111,0.196999425,0,0
0,0.167212663,0,0.069758146,-895.2936787,11.16517233,96909.80723,0,0,-15.44111929,-2001.746636,-4.502437917,0,41.96854851,839.1074234,0.197141237,0,0
0,0.170334133,0,0.069758146,-895.2936787,11.16517233,96909.80723,0,0,-17.83684937,-1998.732171,-4.081180041,0,40.03852253,1134.590308,0.19680725,0,0
0,0.17586155,0,0.069758146,-895.2936787,11.16517233,96909.80723,0,0,-9.231305605,-1989.949361,-4.530497042,0,43.88013483,909.0749741,0.197688019,0,0
0,0.178856952,0,0.069758146,-895.2936787,11.16517233,96909.80723,0,0,-7.627033365,-2002.741147,-4.275651672,0,41.49985605,1346.628212,0.19600936,0,0
0,0.184269765,0,0.069758146,-895.2936787,11.16517233,96909.80723,0,0,-23.72758989,-1991.43142,-3.969169508,0,36.0549545,1435.924704,0.197132861,0,0
0,0.188055119,0,0.069758146,-895.2936787,11.16517233,96909.80723,0,0,-12.99364619,-1990.194072,-4.408818214,0,35.9859711,337.5375998,0.195187482,0,0
0,0.19248579,0,0.069758146,-895.2936787,11.16517233,96909.80723,0,0,-9.565792719,-1970.129226,-4.410524768,0,40.94803,1392.760306,0.19662013,0,0
0,0.197442236,0,0.069758146,-895.2936787,11.16517233,96909.80723,0,0,-4.208431931,-1965.168287,-4.161411776,0,38.96929979,1264.931728,0.193648192,0,0
0,0.20174348,0,0.069758146,-895.2936787,11.16517233,96909.80723,0,0,-9.139482847,-1934.142087,-4.37070815,0,40.76040613,1186.944735,0.194670225,0,0
0,0.205713191,0,0.069758146,-895.2936787,11.16517233,96909.80723,0,0,-28.06286877,-1927.493487,-4.235485467,0,26.94877939,1068.16921,0.193184092,0,0
0,0.210553472,0,0.069758146,-895.2936787,11.16517233,96909.80723,0,0,-44.79315622,-1902.829134,-5.369872203,0,21.64325724,1384.076557,0.192517085,0,0
0,0.213299032,0,0.069758146,-895.2936787,11.16517233,96909.80723,0,0,-53.73992418,-1900.710723,-3.914244961,0,18.36867567,1812.034838,0.192274194,0,0
0,-0.209799294,0,0.069679655,-672.193502,11.16532182,96617.66265,0,0,13.91889507,1486.81264,-34.04683044,0,39.43939884,268.6998157,0.193242205,0,0
0,-0.205653155,0,0.069679655,-672.193502,11.16532182,96617.66265,0,0,-5.199804943,1498.259837,-36.70371026,0,34.1859186,-229.3149768,0.196349344,0,0
0,-0.201428697,0,0.069679655,-672.193502,11.16532182,96617.66265,0,0,-30.65489119,1496.221062,-36.10930222,0,21.67299412,468.2050984,0.195613588,0,0
0,-0.196462524,0,0.069679655,-672.193502,11.16532182,96617.66265,0,0,-13.20576597,1491.857945,-35.47171429,0,29.48887485,-2519.05751,0.194847659,0,0
0,-0.193092539,0,0.069679655,-672.193502,11.16532182,96617.66265,0,0,-13.81427456,1504.273198,-35.85168854,0,28.46068071,-775.8330322,0.196128554,0,0
0,-0.187848592,0,0.069679655,-672.193502,11.16532182,96617.66265,0,0,-14.8331139,1492.62987,-35.8154287,0,28.86599405,-1852.439877,0.195539207,0,0
0,-0.184580481,0,0.069679655,-672.193502,11.16532182,96617.66265,0,0,-17.90837456,1510.432253,-36.03392289,0,25.06069327,1516.270017,0.196184622,0,0
0,-0.179388395,0,0.069679655,-672.193502,11.16532182,96617.66265,0,0,-26.34770582,1495.81478,-35.81294238,0,22.75272609,1932.532301,0.195575379,0,0
0,-0.175613956,0,0.069679655,-672.193502,11.16532182,96617.66265,0,0,-12.23351917,1510.876676,-35.98421789,0,26.91015423,-1308.203437,0.196847146,0,0
0,-0.170608722,0,0.069679655,-672.193502,11.16532182,96617.66265,0,0,-10.38625289,1493.370107,-35.85578087,0,29.5436087,-1214.994894,0.195644151,0,0
0,-0.167351256,0,0.069679655,-672.193502,11.16532182,96617.66265,0,0,-15.58031744,1518.663059,-36.02175116,0,24.33106618,-688.8188837,0.197095489,0,0
0,-0.162497164,0,0.069679655,-672.193502,11.16532182,96617.66265,0,0,-26.56153976,1481.316857,-35.78940025,0,20.85675461,1048.724623,0.195194736,0,0
0,-0.158902091,0,0.069679655,-672.193502,11.16532182,96617.66265,0,0,-12.26868703,1515.287805,-35.83303821,0,24.4709665,-31.31753339,0.197493779,0,0
0,-0.154947089,0,0.069679655,-672.193502,11.16532182,96617.66265,0,0,-11.08147005,1481.418389,-35.76714812,0,28.13219764,-908.9525508,0.195291028,0,0
0,-0.15022758,0,0.069679655,-672.193502,11.16532182,96617.66265,0,0,-11.86063728,1504.025155,-35.42338323,0,22.93399496,-542.3492226,0.197135893,0,0
0,-0.14606178,0,0.069679655,-672.193502,11.16532182,96617.66265,0,0,-26.32559668,1469.834152,-35.69222656,0,19.77645733,718.4602067,0.195323352,0,0
0,-0.141726604,0,0.069679655,-672.193502,11.16532182,96617.66265,0,0,-11.52592989,1482.720887,-35.57080939,0,22.54773128,221.8197269,0.196278906,0,0
0,-0.138174281,0,0.069679655,-672.193502,11.16532182,96617.66265,0,0,-10.97584496,1455.926664,-36.01947951,0,25.45683503,-93.86134571,0.194765033,0,0
0,-0.133449408,0,0.069679655,-672.193502,11.16532182,96617.66265,0,0,-13.4821829,1473.338101,-35.46064204,0,21.16935522,308.881794,0.196622229,0,0
0,-0.129270608,0,0.069679655,-672.193502,11.16532182,96617.66265,0,0,-20.75208315,1440.084186,-35.68467066,0,18.87892635,-308.6432905,0.194733691,0,0
0,-0.12463988,0,0.069679655,-672.193502,11.16532182,96617.66265,0,0,-11.18596274,1433.97657,-35.229544,0,21.40345422,83.8371312,0.194931776,0,0
0,-0.119819408,0,0.069679655,-672.193502,11.16532182,96617.66265,0,0,-11.66139848,1447.337103,-35.48887854,0,20.26808193,1117.023976,0.196710154,0,0
0,-0.115864903,0,0.069679655,-672.193502,11.16532182,96617.66265,0,0,-15.49218992,1420.254501,-35.76427479,0,18.62274965,-878.4890608,0.196154459,0,0
0,-0.111144505,0,0.069679655,-672.193502,11.16532182,96617.66265,0,0,-11.57843949,1435.549586,-35.09326915,0,17.98960949,-81.12578751,0.197735351,0,0
0,-0.107399082,0,0.069679655,-672.193502,11.16532182,96617.66265,0,0,-13.13280157,1378.204972,-35.612348,0,18.44680395,-304.0922291,0.195024976,0,0
0,-0.102430169,0,0.069679655,-672.193502,11.16532182,96617.66265,0,0,-10.54423858,1412.136327,-34.8324829,0,15.8950152,1841.893433,0.198427824,0,0
0,-0.098461447,0,0.069679655,-672.193502,11.16532182,96617.66265,0,0,-13.7832642,1338.251675,-35.48845401,0,17.47658581,-590.5092177,0.194932541,0,0
0,-0.093917115,0,0.069679655,-672.193502,11.16532182,96617.66265,0,0,-5.846861432,1377.678381,-34.62355546,0,16.32746509,106.7367843,0.198784272,0,0
0,-0.090086096,0,0.069679655,-672.193502,11.16532182,96617.66265,0,0,-16.3620603,1304.69105,-35.21300748,0,15.94368139,-52.20579338,0.195753115,0,0
0,-0.085446167,0,0.069679655,-672.193502,11.16532182,96617.66265,0,0,-9.270348486,1329.233573,-34.35785563,0,13.77977654,1259.640049,0.198708403,0,0
0,-0.081563052,0,0.069679655,-672.193502,11.16532182,96617.66265,0,0,-14.40036151,1256.862838,-35.04954384,0,16.26370438,912.8557873,0.19570083,0,0
0,-0.077490581,0,0.069679655,-672.193502,11.16532182,96617.66265,0,0,-6.090383373,1285.445332,-33.66576602,0,14.93581852,-385.4301331,0.198732268,0,0
0,-0.073362765,0,0.069679655,-672.193502,11.16532182,96617.66265,0,0,-17.58285668,1204.976857,-35.01754433,0,14.39884776,-728.1597567,0.196240532,0,0
0,-0.069126914,0,0.069679655,-672.193502,11.16532182,96617.66265,0,0,-12.99353262,1216.001048,-33.62479095,0,12.01637308,-374.0629041,0.197946505,0,0
0,-0.064333358,0,0.069679655,-672.193502,11.16532182,96617.66265,0,0,-11.00019925,1156.627545,-33.66423784,0,16.23800542,712.5904329,0.1970417,0,0
0,-0.060346111,0,0.069679655,-672.193502,11.16532182,96617.66265,0,0,-11.53334311,1110.338874,-34.06797809,0,15.72022535,507.6519027,0.196498934,0,0
0,-0.055866785,0,0.069679655,-672.193502,11.16532182,96617.66265,0,0,-16.88563043,1074.458628,-33.33712793,0,14.39844231,229.7346535,0.19683498,0,0
0,-0.051194168,0,0.069679655,-672.193502,11.16532182,96617.66265,0,0,-20.60012947,1022.041303,-33.63913204,0,15.22144893,-1319.962026,0.196736031,0,0
0,-0.047439362,0,0.069679655,-672.193502,11.16532182,96617.66265,0,0,-11.37057214,982.3544444,-32.588508,0,18.41048095,216.0244707,0.195568117,0,0
0,-0.042968725,0,0.069679655,-672.193502,11.16532182,96617.66265,0,0,-18.05603652,918.2817079,-32.69063044,0,20.04339561,769.8461221,0.196926394,0,0
0,-0.039079841,0,0.069679655,-672.193502,11.16532182,96617.66265,0,0,-22.17775725,869.6436643,-32.11474338,0,16.49220707,-53.97692734,0.195183553,0,0
0,-0.034271009,0,0.069679655,-672.193502,11.16532182,96617.66265,0,0,-30.6916928,811.6402454,-31.6425421,0,18.37968423,-672.2872367,0.197299301,0,0
0,-0.030364557,0,0.069679655,-672.193502,11.16532182,96617.66265,0,0,-16.42853178,755.8589939,-30.92863575,0,23.12575456,101.4151772,0.195830176,0,0
0,-0.025536496,0,0.069679655,-672.193502,11.16532182,96617.66265,0,0,-23.92918983,684.3412263,-30.90760803,0,27.22384751,771.1940503,0.199523614,0,0
0,-0.022008177,0,0.069679655,-672.193502,11.16532182,96617.66265,0,0,-27.40230885,604.087389,-29.82238555,0,23.99409891,-160.1765073,0.196507497,0,0
0,-0.017437299,0,0.069679655,-672.193502,11.16532182,96617.66265,0,0,-38.88530499,529.5651051,-30.17677505,0,27.22602628,1035.967007,0.19952271,0,0
0,-0.013336709,0,0.069679655,-672.193502,11.16532182,96617.66265,0,0,-30.28880712,453.975502,-28.43833532,0,29.40437896,869.1941468,0.199396861,0,0
0,-0.008799729,0,0.069679655,-672.193502,11.16532182,96617.66265,0,0,-33.15046044,349.3867276,-28.1197899,0,35.95623362,-1280.811184,0.202208297,0,0
0,-0.004442063,0,0.069679655,-672.193502,11.16532182,96617.66265,0,0,-37.62699411,230.4860748,-27.45114938,0,35.01975271,-763.1886076,0.199882141,0,0
0,-0.000367147,0,0.069679655,-672.193502,11.16532182,96617.66265,0,0,-40.84755478,129.9787933,-25.97340396,0,39.01219541,1046.912305,0.203834282,0,0
0,0.004124713,0,0.069679655,-672.193502,11.16532182,96617.66265,0,0,-29.09525871,13.85985379,-25.1670232,0,45.32934933,878.2076563,0.202239459,0,0
0,0.00836365,0,0.069679655,-672.193502,11.16532182,96617.66265,0,0,-37.25743117,-92.05886072,-24.32775377,0,44.77647511,1524.713791,0.203720623,0,0
0,0.012672566,0,0.069679655,-672.193502,11.16532182,96617.66265,0,0,-40.26588723,-194.1510257,-23.7375197,0,44.56582982,957.0313339,0.202523144,0,0
0,0.016991526,0,0.069679655,-672.193502,11.16532182,96617.66265,0,0,-30.84025347,-288.6600775,-23.09649658,0,49.85808674,1050.197213,0.200855844,0,0
0,0.020944305,0,0.069679655,-672.193502,11.16532182,96617.66265,0,0,-24.41275451,-369.6506983,-22.03749369,0,53.30567458,808.4635678,0.201470524,0,0
0,0.025651163,0,0.069679655,-672.193502,11.16532182,96617.66265,0,0,-29.69150443,-456.7665326,-21.83883765,0,50.53580711,1315.994822,0.198085883,0,0
0,0.029676809,0,0.069679655,-672.193502,11.16532182,96617.66265,0,0,-33.72919962,-525.7661244,-21.05745976,0,49.5368987,670.0787927,0.198987464,0,0
0,0.034095731,0,0.069679655,-672.193502,11.16532182,96617.66265,0,0,-23.33046099,-590.9939715,-20.31824783,0,52.84428554,342.9567402,0.19514529,0,0
0,0.037945582,0,0.069679655,-672.193502,11.16532182,96617.66265,0,0,-19.11418925,-655.1194904,-19.35357098,0,54.76498819,1096.789425,0.197189094,0,0
0,0.043001324,0,0.069679655,-672.193502,11.16532182,96617.66265,0,0,-22.51131616,-744.3249999,-18.83068862,0,52.32485829,951.6268243,0.196559848,0,0
0,0.046567741,0,0.069679655,-672.193502,11.16532182,96617.66265,0,0,-28.33749447,-801.0768547,-17.89802439,0,53.52678424,569.083662,0.199530848,0,0
0,0.051299544,0,0.069679655,-672.193502,11.16532182,96617.66265,0,0,-10.92605913,-877.2678898,-17.5397158,0,56.46760483,1648.230127,0.2004845,0,0
0,0.055433623,0,0.069679655,-672.193502,11.16532182,96617.66265,0,0,-25.20742658,-937.6329656,-17.10769993,0,52.63792721,1021.587154,0.201952246,0,0
0,0.059695089,0,0.069679655,-672.193502,11.16532182,96617.66265,0,0,-22.59463967,-985.5299088,-16.31268617,0,53.624629,1128.149793,0.202095216,0,0
0,0.063846765,0,0.069679655,-672.193502,11.16532182,96617.66265,0,0,-5.719243692,-1066.965564,-16.48696816,0,58.22018817,422.3061372,0.206697021,0,0
0,0.068691814,0,0.069679655,-672.193502,11.16532182,96617.66265,0,0,-22.36551546,-1082.963615,-15.83801524,0,53.75702426,-249.1189928,0.201786364,0,0
0,0.071860332,0,0.069679655,-672.193502,11.16532182,96617.66265,0,0,-14.87164978,-1159.885623,-15.35070859,0,52.56590725,1120.727129,0.209384951,0,0
0,0.077363277,0,0.069679655,-672.193502,11.16532182,96617.66265,0,0,-14.44357256,-1168.314322,-15.07203266,0,53.85202187,1190.139321,0.202447285,0,0
0,0.080702551,0,0.069679655,-672.193502,11.16532182,96617.66265,0,0,-13.1573247,-1223.912925,-15.30991801,0,53.25487639,-26.68661515,0.207209846,0,0
0,0.085636347,0,0.069679655,-672.193502,11.16532182,96617.66265,0,0,-15.77612161,-1224.842044,-14.58556043,0,50.95681434,903.3476887,0.20077935,0,0
0,0.08918912,0,0.069679655,-672.193502,11.16532182,96617.66265,0,0,-8.467697988,-1276.086929,-14.69753835,0,52.15390598,1151.925533,0.204984478,0,0
0,0.094443465,0,0.069679655,-672.193502,11.16532182,96617.66265,0,0,-12.42956904,-1285.91221,-14.17398535,0,50.85144869,1277.412571,0.201400558,0,0
0,0.098175962,0,0.069679655,-672.193502,11.16532182,96617.66265,0,0,-11.87877952,-1321.726181,-13.65222082,0,50.5864711,857.374203,0.203319041,0,0
0,0.102540159,0,0.069679655,-672.193502,11.16532182,96617.66265,0,0,-10.59304226,-1327.80878,-13.54964391,0,49.02359824,1332.547621,0.200968286,0,0
0,0.10671604,0,0.069679655,-672.193502,11.16532182,96617.66265,0,0,-12.19588779,-1349.019023,-13.04707211,0,47.77284007,1459.147516,0.200898644,0,0
0,0.110678225,0,0.069679655,-672.193502,11.16532182,96617.66265,0,0,-11.15798412,-1373.166631,-13.18695101,0,47.34560961,1383.343171,0.201267739,0,0
0,0.115982873,0,0.069679655,-672.193502,11.16532182,96617.66265,0,0,-11.94248894,-1386.319142,-13.51981462,0,47.24605339,841.694918,0.199550405,0,0
0,0.118892873,0,0.069679655,-672.193502,11.16532182,96617.66265,0,0,-9.301759306,-1425.333132,-12.60972523,0,46.5022554,433.2807004,0.202797798,0,0
0,0.124680299,0,0.069679655,-672.193502,11.16532182,96617.66265,0,0,-14.19741979,-1427.274739,-12.53040631,0,44.67638499,661.2633817,0.199454057,0,0
0,0.127225707,0,0.069679655,-672.193502,11.16532182,96617.66265,0,0,-10.52720798,-1450.282177,-12.27193931,0,44.30647609,1311.258274,0.201711276,0,0
0,0.133130111,0,0.069679655,-672.193502,11.16532182,96617.66265,0,0,-10.17301644,-1436.855662,-12.30757176,0,45.49069344,987.3558472,0.197559266,0,0
0,0.135970908,0,0.069679655,-672.193502,11.16532182,96617.66265,0,0,-4.465396973,-1500.006651,-11.96326005,0,44.61146476,1025.206488,0.203458517,0,0
0,0.14126513,0,0.069679655,-672.193502,11.16532182,96617.66265,0,0,-17.1723092,-1471.336356,-12.08840118,0,40.69574094,468.0400295,0.199045313,0,0
0,0.144286574,0,0.069679655,-672.193502,11.16532182,96617.66265,0,0,-5.486732829,-1508.596613,-11.81688647,0,42.27575575,1855.503838,0.202505796,0,0
0,0.149255728,0,0.069679655,-672.193502,11.16532182,96617.66265,0,0,-6.058282498,-1482.899129,-12.21121496,0,44.09634662,837.5935375,0.198954908,0,0
0,0.153402278,0,0.069679655,-672.193502,11.16532182,96617.66265,0,0,-8.49190196,-1519.619623,-11.60641633,0,40.64159995,1215.470296,0.201807235,0,0
0,0.158422076,0,0.069679655,-672.193502,11.16532182,96617.66265,0,0,-10.3892105,-1511.823191,-11.52114677,0,38.60257012,1631.269473,0.200414157,0,0
0,0.163166803,0,0.069679655,-672.193502,11.16532182,96617.66265,0,0,-4.68910299,-1505.5098,-11.28779144,0,42.72646305,765.8705073,0.200067426,0,0
0,0.167171041,0,0.069679655,-672.193502,11.16532182,96617.66265,0,0,-3.890659303,-1529.014627,-11.13250668,0,40.3944592,821.3141283,0.201043806,0,0
0,0.17105415,0,0.069679655,-672.193502,11.16532182,96617.66265,0,0,-18.93077704,-1511.917835,-11.51729597,0,35.16943018,993.5529421,0.200449373,0,0
0,0.176099883,0,0.069679655,-672.193502,11.16532182,96617.66265,0,0,-2.421900178,-1538.753754,-10.6329629,0,38.41663387,728.6633789,0.201603118,0,0
0,0.179113719,0,0.069679655,-672.193502,11.16532182,96617.66265,0,0,-0.566600002,-1512.714091,-10.95578697,0,42.28129274,663.8866973,0.200189819,0,0
0,0.184668889,0,0.069679655,-672.193502,11.16532182,96617.66265,0,0,-10.15267786,-1534.270827,-10.63929098,0,35.54659288,1194.84113,0.201533193,0,0
0,0.187881568,0,0.069679655,-672.193502,11.16532182,96617.66265,0,0,-19.65132954,-1517.062218,-11.85363211,0,32.52221735,1012.779939,0.199651563,0,0
0,0.19317776,0,0.069679655,-672.193502,11.16532182,96617.66265,0,0,0.942743717,-1521.989867,-11.18654014,0,39.3468227,749.5100095,0.200596294,0,0
0,0.196209453,0,0.069679655,-672.193502,11.16532182,96617.66265,0,0,-0.122699205,-1509.301686,-11.79822018,0,39.77700438,1107.033539,0.199903904,0,0
0,0.201525982,0,0.069679655,-672.193502,11.16532182,96617.66265,0,0,-1.559563594,-1512.09145,-11.77945522,0,37.86523366,1203.995419,0.199048276,0,0
0,0.205275037,0,0.069679655,-672.193502,11.16532182,96617.66265,0,0,-37.22617852,-1481.358552,-10.74273057,0,20.68516626,1283.638817,0.198623162,0,0
0,0.209844963,0,0.069679655,-672.193502,11.16532182,96617.66265,0,0,-35.44434206,-1493.844436,-11.65256738,0,21.40398912,1109.137536,0.198220063,0,0
0,0.212932529,0,0.069679655,-672.193502,11.16532182,96617.66265,0,0,-20.48798208,-1488.686873,-11.36315252,0,28.01137014,288.7491588,0.197553922,0,0
0,-0.208941584,0,0.069675324,-226.1836948,11.16589076,96371.95181,0,0,20.31278664,540.4686047,-12.49643348,0,37.23005702,1504.97883,0.203492704,0,0
0,-0.204805135,0,0.069675324,-226.1836948,11.16589076,96371.95181,0,0,7.327010471,539.8004253,-12.3993604,0,30.51071995,520.8653391,0.203513721,0,0
0,-0.200087308,0,0.069675324,-226.1836948,11.16589076,96371.95181,0,0,-17.94924513,540.4887595,-12.84588186,0,19.61613375,2219.423768,0.203731671,0,0
0,-0.195968981,0,0.069675324,-226.1836948,11.16589076,96371.95181,0,0,-11.63629888,541.3772491,-12.94070578,0,22.70871195,745.9411423,0.202682808,0,0
0,-0.191764255,0,0.069675324,-226.1836948,11.16589076,96371.95181,0,0,-3.456833795,541.5918465,-12.84515178,0,26.1705474,-451.4291869,0.204319368,0,0
0,-0.187270336,0,0.069675324,-226.1836948,11.16589076,96371.95181,0,0,-8.014927092,538.8775231,-13.28614126,0,23.35705339,1032.453749,0.201522488,0,0
0,-0.183417938,0,0.069675324,-226.1836948,11.16589076,96371.95181,0,0,-7.121073131,541.9279163,-12.5943305,0,24.51352204,1151.248677,0.204429276,0,0
0,-0.179099459,0,0.069675324,-226.1836948,11.16589076,96371.95181,0,0,-9.020042647,537.5937648,-12.89448748,0,22.95797373,1154.977173,0.200375895,0,0
0,-0.174618114,0,0.069675324,-226.1836948,11.16589076,96371.95181,0,0,-8.923491801,541.5771828,-12.90604451,0,23.03901695,397.2405645,0.204415859,0,0
0,-0.170587022,0,0.069675324,-226.1836948,11.16589076,96371.95181,0,0,-5.122632437,538.4318029,-12.87609197,0,24.94531905,743.3442802,0.200761135,0,0
0,-0.166813125,0,0.069675324,-226.1836948,11.16589076,96371.95181,0,0,-3.122864785,537.2097631,-12.62153934,0,25.31017264,-247.6759669,0.202144129,0,0
0,-0.16203586,0,0.069675324,-226.1836948,11.16589076,96371.95181,0,0,-9.63752847,535.2018739,-12.72863505,0,21.64959616,244.4660916,0.200288412,0,0
0,-0.15778969,0,0.069675324,-226.1836948,11.16589076,96371.95181,0,0,-7.815969173,533.8134728,-12.65972695,0,23.19817444,354.724226,0.200947667,0,0
0,-0.153317251,0,0.069675324,-226.1836948,11.16589076,96371.95181,0,0,-1.402152091,531.4140855,-12.6344451,0,26.07956869,1233.275141,0.201272525,0,0
0,-0.148509321,0,0.069675324,-226.1836948,11.16589076,96371.95181,0,0,-7.688540816,525.5232546,-13.18877652,0,21.33069957,675.1035094,0.198330926,0,0
0,-0.145010294,0,0.069675324,-226.1836948,11.16589076,96371.95181,0,0,-9.77681455,529.8708281,-12.516852,0,21.5159497,160.0206792,0.201775739,0,0
0,-0.140691535,0,0.069675324,-226.1836948,11.16589076,96371.95181,0,0,-9.00425401,523.626134,-12.78240434,0,22.03300705,-788.8673437,0.199397206,0,0
0,-0.137084707,0,0.069675324,-226.1836948,11.16589076,96371.95181,0,0,-1.815968231,522.4549589,-12.4834196,0,25.54235097,521.9375533,0.200793772,0,0
0,-0.13182542,0,0.069675324,-226.1836948,11.16589076,96371.95181,0,0,-7.129021455,520.6874827,-12.54165636,0,21.90298696,168.3577289,0.200249202,0,0
0,-0.128255192,0,0.069675324,-226.1836948,11.16589076,96371.95181,0,0,-9.633372714,516.9022785,-12.73041784,0,21.38303067,1418.256732,0.201258422,0,0
0,-0.122416044,0,0.069675324,-226.1836948,11.16589076,96371.95181,0,0,-4.806141907,511.9350254,-12.91556312,0,22.90958329,724.0887497,0.198737119,0,0
0,-0.119856992,0,0.069675324,-226.1836948,11.16589076,96371.95181,0,0,-1.197783208,507.745057,-12.87949406,0,24.34212488,687.6002923,0.201055567,0,0
0,-0.114489463,0,0.069675324,-226.1836948,11.16589076,96371.95181,0,0,-6.582018927,504.3197098,-12.7182158,0,21.23203967,-1086.669838,0.198007423,0,0
0,-0.111176328,0,0.069675324,-226.1836948,11.16589076,96371.95181,0,0,-11.87155609,498.4425226,-12.91539322,0,21.21728318,941.7914817,0.201011319,0,0
0,-0.105904651,0,0.069675324,-226.1836948,11.16589076,96371.95181,0,0,-4.225792403,494.7132096,-12.8165246,0,22.03427031,-144.1110313,0.198275731,0,0
0,-0.102775687,0,0.069675324,-226.1836948,11.16589076,96371.95181,0,0,-7.153051471,492.2235977,-12.69363746,0,24.00030321,-287.7154172,0.200100447,0,0
0,-0.098010547,0,0.069675324,-226.1836948,11.16589076,96371.95181,0,0,-3.693437122,489.6277359,-12.45220514,0,21.42900156,608.5153121,0.198205913,0,0
0,-0.09403005,0,0.069675324,-226.1836948,11.16589076,96371.95181,0,0,-9.944195389,475.9609878,-12.86465247,0,20.49479333,-82.08433241,0.198095309,0,0
0,-0.089737394,0,0.069675324,-226.1836948,11.16589076,96371.95181,0,0,-5.971335813,478.8918615,-12.59649389,0,20.32367835,474.575298,0.197545455,0,0
0,-0.085465542,0,0.069675324,-226.1836948,11.16589076,96371.95181,0,0,-2.778645665,467.6094762,-12.43714041,0,22.66938096,1152.241938,0.196258995,0,0
0,-0.081025607,0,0.069675324,-226.1836948,11.16589076,96371.95181,0,0,-7.41843559,460.2853248,-12.43546974,0,20.38669715,2390.637961,0.197003537,0,0
0,-0.077002697,0,0.069675324,-226.1836948,11.16589076,96371.95181,0,0,-10.64210581,449.7161196,-12.36692266,0,19.1222331,1053.830205,0.195168707,0,0
0,-0.071997373,0,0.069675324,-226.1836948,11.16589076,96371.95181,0,0,-5.543730436,439.6060174,-12.53590356,0,21.89869992,-718.6948421,0.197195882,0,0
0,-0.068974571,0,0.069675324,-226.1836948,11.16589076,96371.95181,0,0,-3.047027053,431.1492772,-12.60774524,0,22.31868985,375.3272794,0.193760398,0,0
0,-0.063581633,0,0.069675324,-226.1836948,11.16589076,96371.95181,0,0,-6.390727001,418.6806795,-12.65601834,0,21.15347833,-1063.359049,0.200211445,0,0
0,-0.060237848,0,0.069675324,-226.1836948,11.16589076,96371.95181,0,0,-12.61695957,405.9179669,-12.70525485,0,18.46224025,106.7721691,0.194616072,0,0
0,-0.055209368,0,0.069675324,-226.1836948,11.16589076,96371.95181,0,0,-6.209872735,394.7192381,-12.17201002,0,21.6674066,-259.8821205,0.198642325,0,0
0,-0.05157007,0,0.069675324,-226.1836948,11.16589076,96371.95181,0,0,-1.958930098,378.3610959,-12.28450974,0,24.19511794,429.8728629,0.197758277,0,0
0,-0.046937349,0,0.069675324,-226.1836948,11.16589076,96371.95181,0,0,-6.085405363,363.0261504,-12.00449428,0,22.57787099,1764.773883,0.204908233,0,0
0,-0.042975176,0,0.069675324,-226.1836948,11.16589076,96371.95181,0,0,-14.47740019,347.3272457,-12.14750798,0,19.8675342,618.4166118,0.201740229,0,0
0,-0.038849374,0,0.069675324,-226.1836948,11.16589076,96371.95181,0,0,-14.78475603,326.1822943,-12.11839677,0,19.28523712,-612.2565393,0.200309353,0,0
0,-0.034426793,0,0.069675324,-226.1836948,11.16589076,96371.95181,0,0,-10.75993263,313.0121292,-12.29097217,0,24.84309307,-226.8620494,0.210032073,0,0
0,-0.030381334,0,0.069675324,-226.1836948,11.16589076,96371.95181,0,0,-0.694739845,289.3450831,-12.65518374,0,26.71471461,72.6518127,0.20578254,0,0
0,-0.026070406,0,0.069675324,-226.1836948,11.16589076,96371.95181,0,0,-13.22806084,263.9037912,-12.20230729,0,25.58714787,845.5085565,0.213498684,0,0
0,-0.021258187,0,0.069675324,-226.1836948,11.16589076,96371.95181,0,0,-15.81218877,235.3277273,-11.9545459,0,23.17622642,698.4606545,0.215355806,0,0
0,-0.017362298,0,0.069675324,-226.1836948,11.16589076,96371.95181,0,0,-19.91546702,196.8900351,-12.68651081,0,24.44317914,1261.047537,0.216864464,0,0
0,-0.013149322,0,0.069675324,-226.1836948,11.16589076,96371.95181,0,0,-12.88943421,161.9404364,-11.83174104,0,28.66362553,-985.7167506,0.219048629,0,0
0,-0.008709612,0,0.069675324,-226.1836948,11.16589076,96371.95181,0,0,-8.969061323,109.9013059,-11.45977703,0,30.48795411,-79.26056161,0.22064661,0,0
0,-0.004341778,0,0.069675324,-226.1836948,11.16589076,96371.95181,0,0,-24.02978149,54.21552873,-12.65064367,0,26.49914211,174.0102966,0.214997269,0,0
0,-0.000185239,0,0.069675324,-226.1836948,11.16589076,96371.95181,0,0,-14.03936716,5.217371749,-11.40834645,0,28.90875772,1458.144457,0.221131124,0,0
0,0.003913558,0,0.069675324,-226.1836948,11.16589076,96371.95181,0,0,-10.78765855,-44.79276154,-12.40205089,0,33.91732079,-12.77520073,0.213977471,0,0
0,0.008087829,0,0.069675324,-226.1836948,11.16589076,96371.95181,0,0,-8.42158943,-89.69504384,-11.52128731,0,30.21991906,887.8428589,0.212189301,0,0
0,0.012433364,0,0.069675324,-226.1836948,11.16589076,96371.95181,0,0,-23.21193986,-128.4372056,-12.36731611,0,29.04509136,1561.008047,0.209469763,0,0
0,0.016686156,0,0.069675324,-226.1836948,11.16589076,96371.95181,0,0,-7.768332547,-161.3551064,-11.54999677,0,29.9097144,577.6545053,0.203819061,0,0
0,0.020570204,0,0.069675324,-226.1836948,11.16589076,96371.95181,0,0,-11.4299912,-193.3336047,-11.86750501,0,33.54108532,553.8334064,0.206877156,0,0
0,0.025176975,0,0.069675324,-226.1836948,11.16589076,96371.95181,0,0,-4.732492325,-215.4626099,-11.17505581,0,30.23884656,189.6155087,0.199345802,0,0
0,0.029517485,0,0.069675324,-226.1836948,11.16589076,96371.95181,0,0,-16.27499424,-244.9654696,-11.45178837,0,29.59261988,185.5462886,0.204433065,0,0
0,0.034222965,0,0.069675324,-226.1836948,11.16589076,96371.95181,0,0,-2.6343459,-263.3733002,-11.64359644,0,31.19719515,1759.539097,0.196964102,0,0
0,0.037626713,0,0.069675324,-226.1836948,11.16589076,96371.95181,0,0,-8.127652752,-289.4012725,-11.4327131,0,32.29615381,765.0238773,0.204705018,0,0
0,0.042571157,0,0.069675324,-226.1836948,11.16589076,96371.95181,0,0,-2.943142788,-300.8792378,-11.80872445,0,29.87667831,1035.933379,0.195214267,0,0
0,0.04583176,0,0.069675324,-226.1836948,11.16589076,96371.95181,0,0,-10.75673124,-322.4793005,-11.14514793,0,30.68236144,1827.870852,0.204183728,0,0
0,0.050926568,0,0.069675324,-226.1836948,11.16589076,96371.95181,0,0,-5.545508576,-338.5609562,-11.24057251,0,30.59676913,271.6683723,0.199989679,0,0
0,0.054971619,0,0.069675324,-226.1836948,11.16589076,96371.95181,0,0,-2.271625145,-359.8744131,-11.53329475,0,32.10218925,1038.498224,0.20237684,0,0
0,0.059193534,0,0.069675324,-226.1836948,11.16589076,96371.95181,0,0,-4.94965304,-371.060339,-11.36271097,0,31.21290937,1167.765093,0.203436661,0,0
0,0.063909138,0,0.069675324,-226.1836948,11.16589076,96371.95181,0,0,-1.651803483,-390.3467256,-11.1057044,0,30.68789355,487.6469852,0.205396511,0,0
0,0.068441753,0,0.069675324,-226.1836948,11.16589076,96371.95181,0,0,-6.831293671,-402.9047817,-12.03981913,0,31.77596452,309.6693546,0.206801146,0,0
0,0.071801147,0,0.069675324,-226.1836948,11.16589076,96371.95181,0,0,1.239443144,-414.0326595,-11.51132437,0,31.97445461,2130.922144,0.206361443,0,0
0,0.077072419,0,0.069675324,-226.1836948,11.16589076,96371.95181,0,0,-3.698140059,-425.8317793,-12.04381196,0,31.27105903,1243.995145,0.207292111,0,0
0,0.079920258,0,0.069675324,-226.1836948,11.16589076,96371.95181,0,0,3.302666778,-434.9721354,-11.47240015,0,32.74185024,1304.731133,0.208311726,0,0
0,0.085095995,0,0.069675324,-226.1836948,11.16589076,96371.95181,0,0,-3.280458238,-443.3964927,-11.9132366,0,30.70368595,293.8009044,0.208664975,0,0
0,0.089014145,0,0.069675324,-226.1836948,11.16589076,96371.95181,0,0,-6.591218404,-453.5269344,-12.00295946,0,28.98677465,1792.883443,0.208520163,0,0
0,0.093288966,0,0.069675324,-226.1836948,11.16589076,96371.95181,0,0,0.845494036,-455.0856854,-11.88384687,0,31.88872451,263.907786,0.208000474,0,0
0,0.097911112,0,0.069675324,-226.1836948,11.16589076,96371.95181,0,0,3.218823293,-461.8524408,-11.39707449,0,31.24599053,2190.129702,0.208315999,0,0
0,0.101034315,0,0.069675324,-226.1836948,11.16589076,96371.95181,0,0,-1.757619118,-467.7367728,-11.95171052,0,30.64836263,465.8577316,0.208784092,0,0
0,0.10667228,0,0.069675324,-226.1836948,11.16589076,96371.95181,0,0,0.28064906,-479.2499379,-12.00069578,0,30.1058984,340.6614411,0.210930644,0,0
0,0.10952617,0,0.069675324,-226.1836948,11.16589076,96371.95181,0,0,-1.333479866,-475.5050703,-12.08988637,0,30.70132033,964.8402581,0.207684434,0,0
0,0.115072476,0,0.069675324,-226.1836948,11.16589076,96371.95181,0,0,2.2447437,-486.7402737,-11.79348664,0,30.75421293,1104.079819,0.211261125,0,0
0,0.118442522,0,0.069675324,-226.1836948,11.16589076,96371.95181,0,0,-2.412448054,-480.8014715,-12.04088852,0,30.2586327,1096.904332,0.205537813,0,0
0,0.123417985,0,0.069675324,-226.1836948,11.16589076,96371.95181,0,0,1.47949357,-493.4088153,-11.88377772,0,29.36371606,1017.398803,0.21027788,0,0
0,0.127318369,0,0.069675324,-226.1836948,11.16589076,96371.95181,0,0,-2.627215287,-494.1682726,-12.01692675,0,29.8700554,897.6012591,0.207715623,0,0
0,0.131584034,0,0.069675324,-226.1836948,11.16589076,96371.95181,0,0,2.771840167,-500.7933566,-12.06419488,0,30.44140611,279.0709173,0.210293281,0,0
0,0.136236988,0,0.069675324,-226.1836948,11.16589076,96371.95181,0,0,1.632984899,-499.9523102,-11.79785279,0,30.0600793,461.8567726,0.20801346,0,0
0,0.140110706,0,0.069675324,-226.1836948,11.16589076,96371.95181,0,0,-1.594812711,-505.8196399,-12.24784963,0,29.17175597,612.6211038,0.209484436,0,0
0,0.144366238,0,0.069675324,-226.1836948,11.16589076,96371.95181,0,0,1.790468006,-511.8122323,-11.71331708,0,29.66223955,820.7000238,0.211817958,0,0
0,0.148903918,0,0.069675324,-226.1836948,11.16589076,96371.95181,0,0,2.067679449,-517.6941175,-11.39894809,0,30.17360104,882.0798558,0.211815301,0,0
0,0.152509264,0,0.069675324,-226.1836948,11.16589076,96371.95181,0,0,2.467002543,-513.7539394,-12.06564217,0,30.04593889,402.3279759,0.209504778,0,0
0,0.157572035,0,0.069675324,-226.1836948,11.16589076,96371.95181,0,0,-0.963447362,-523.3384067,-11.16023995,0,28.22869999,1832.395893,0.212236894,0,0
0,0.161179281,0,0.069675324,-226.1836948,11.16589076,96371.95181,0,0,-0.308778605,-515.2654973,-11.90622658,0,28.35465231,171.9296736,0.208297077,0,0
0,0.16532393,0,0.069675324,-226.1836948,11.16589076,96371.95181,0,0,3.206089564,-529.1960493,-11.67155141,0,30.18858788,1151.240933,0.214636291,0,0
0,0.169909725,0,0.069675324,-226.1836948,11.16589076,96371.95181,0,0,-0.598036069,-526.3528676,-12.06495924,0,29.79907319,8.16221035,0.209298769,0,0
0,0.17440215,0,0.069675324,-226.1836948,11.16589076,96371.95181,0,0,-0.713832545,-529.9477296,-12.00792761,0,27.15028486,1558.788292,0.211653542,0,0
0,0.178734456,0,0.069675324,-226.1836948,11.16589076,96371.95181,0,0,-0.093109609,-531.4450669,-12.01477464,0,29.84804425,967.8730988,0.210012059,0,0
0,0.182664878,0,0.069675324,-226.1836948,11.16589076,96371.95181,0,0,5.289185168,-531.0077458,-11.91856772,0,29.78273106,1459.207364,0.2109947,0,0
0,0.187699944,0,0.069675324,-226.1836948,11.16589076,96371.95181,0,0,-4.945780641,-540.9994065,-11.78928035,0,25.72174455,540.9637701,0.212724075,0,0
0,0.191546458,0,0.069675324,-226.1836948,11.16589076,96371.95181,0,0,-1.613910769,-540.4166123,-11.93830984,0,27.27046126,631.7713838,0.211839354,0,0
0,0.195202286,0,0.069675324,-226.1836948,11.16589076,96371.95181,0,0,3.47509158,-536.7832333,-12.47140487,0,28.18093117,534.9303801,0.2114235,0,0
0,0.20037991,0,0.069675324,-226.1836948,11.16589076,96371.95181,0,0,5.850631561,-530.5730278,-11.90982844,0,32.30941183,1844.678022,0.206663662,0,0
0,0.204202514,0,0.069675324,-226.1836948,11.16589076,96371.95181,0,0,-25.90186486,-538.9376005,-11.18941349,0,14.78829572,312.7233449,0.208905856,0,0
0,0.208566271,0,0.069675324,-226.1836948,11.16589076,96371.95181,0,0,-20.11596343,-531.4208301,-11.96614929,0,18.40122983,1600.854909,0.205193753,0,0
0,0.21216689,0,0.069675324,-226.1836948,11.16589076,96371.95181,0,0,-3.378537961,-527.6668082,-12.79576173,0,22.84719678,1637.138549,0.204149655,0,0
0,-0.21332432,0,0.069671022,-1119.382697,11.16563501,97057.49599,0,0,14.99317776,2419.770174,-62.47833803,0,41.59028189,-1147.392262,0.18912474,0,0
0,-0.206420967,0,0.069671022,-1119.382697,11.16563501,97057.49599,0,0,-7.526811,2415.069737,-61.23162701,0,27.72784358,-1576.22733,0.189235845,0,0
0,-0.203826206,0,0.069671022,-1119.382697,11.16563501,97057.49599,0,0,-34.60128514,2432.540144,-64.19104755,0,18.95807329,-163.4533432,0.189741026,0,0
0,-0.198256249,0,0.069671022,-1119.382697,11.16563501,97057.49599,0,0,-37.17933048,2432.524553,-62.68454145,0,15.47728848,1294.19426,0.190395321,0,0
0,-0.195207989,0,0.069671022,-1119.382697,11.16563501,97057.49599,0,0,-18.25003078,2431.215754,-63.53787877,0,20.58398878,-760.3924781,0.189682513,0,0
0,-0.189693896,0,0.069671022,-1119.382697,11.16563501,97057.49599,0,0,-23.75150859,2447.181502,-62.98558494,0,20.84504877,-636.5187409,0.190979065,0,0
0,-0.186917934,0,0.069671022,-1119.382697,11.16563501,97057.49599,0,0,-28.40647328,2451.320865,-63.37903324,0,14.03672284,-1816.865757,0.190370746,0,0
0,-0.181671863,0,0.069671022,-1119.382697,11.16563501,97057.49599,0,0,-41.8234951,2441.210237,-62.95592984,0,10.37718016,-129.5474957,0.190970266,0,0
0,-0.178037552,0,0.069671022,-1119.382697,11.16563501,97057.49599,0,0,-24.67803055,2450.39553,-62.43998916,0,13.75872321,573.4984069,0.190843027,0,0
0,-0.172542796,0,0.069671022,-1119.382697,11.16563501,97057.49599,0,0,-20.95641263,2455.957324,-63.33641768,0,16.68208424,-283.6096991,0.19159356,0,0
0,-0.168948033,0,0.069671022,-1119.382697,11.16563501,97057.49599,0,0,-26.49472932,2438.799503,-62.41809064,0,10.59508002,-412.5732446,0.190666366,0,0
0,-0.164039785,0,0.069671022,-1119.382697,11.16563501,97057.49599,0,0,-36.53127385,2451.57439,-63.45146808,0,7.842925889,-97.68618063,0.191900974,0,0
0,-0.160249584,0,0.069671022,-1119.382697,11.16563501,97057.49599,0,0,-25.49913052,2437.947184,-63.23441603,0,9.011649951,-1170.678282,0.191471681,0,0
0,-0.155727341,0,0.069671022,-1119.382697,11.16563501,97057.49599,0,0,-19.73522016,2445.750645,-62.8015918,0,11.33697311,199.3468908,0.191934164,0,0
0,-0.15150913,0,0.069671022,-1119.382697,11.16563501,97057.49599,0,0,-27.04077058,2412.594413,-62.62762444,0,7.131510357,-1206.263669,0.190960832,0,0
0,-0.147419454,0,0.069671022,-1119.382697,11.16563501,97057.49599,0,0,-29.39488091,2431.236797,-63.02718032,0,3.908379157,35.20524583,0.191985319,0,0
0,-0.142688969,0,0.069671022,-1119.382697,11.16563501,97057.49599,0,0,-25.82614723,2378.532179,-62.39992784,0,4.863684515,26.79007832,0.190058448,0,0
0,-0.138415467,0,0.069671022,-1119.382697,11.16563501,97057.49599,0,0,-16.41548019,2421.264887,-62.28070269,0,5.533316136,400.1781918,0.192828243,0,0
0,-0.134318502,0,0.069671022,-1119.382697,11.16563501,97057.49599,0,0,-29.20694423,2347.540292,-62.84364272,0,1.294244714,708.0900227,0.189672136,0,0
0,-0.129937952,0,0.069671022,-1119.382697,11.16563501,97057.49599,0,0,-23.70866387,2396.23295,-61.94078182,0,-0.258098061,-1096.217152,0.193009742,0,0
0,-0.126224203,0,0.069671022,-1119.382697,11.16563501,97057.49599,0,0,-22.87129152,2311.740934,-62.57359303,0,-0.02956344,-184.5054916,0.18951522,0,0
0,-0.121234816,0,0.069671022,-1119.382697,11.16563501,97057.49599,0,0,-19.1947942,2329.625118,-61.75903748,0,-1.102136567,-568.6910503,0.191849474,0,0
0,-0.117435596,0,0.069671022,-1119.382697,11.16563501,97057.49599,0,0,-23.6234091,2268.085241,-61.54001926,0,-4.125799447,-438.094537,0.189628602,0,0
0,-0.112972031,0,0.069671022,-1119.382697,11.16563501,97057.49599,0,0,-20.31138305,2279.366768,-61.56675092,0,-5.008855042,192.3619027,0.191748515,0,0
0,-0.108468442,0,0.069671022,-1119.382697,11.16563501,97057.49599,0,0,-18.28815567,2258.521504,-60.98566454,0,-6.017852398,936.6687687,0.192176572,0,0
0,-0.104540015,0,0.069671022,-1119.382697,11.16563501,97057.49599,0,0,-17.3487749,2197.015505,-60.80877306,0,-6.555655551,53.18104908,0.190479117,0,0
0,-0.099497275,0,0.069671022,-1119.382697,11.16563501,97057.49599,0,0,-15.47427597,2220.893153,-60.38239759,0,-9.566532612,-780.7424069,0.193628621,0,0
0,-0.095848155,0,0.069671022,-1119.382697,11.16563501,97057.49599,0,0,-20.92732845,2086.376316,-60.09209139,0,-9.545429285,225.1073931,0.188738111,0,0
0,-0.091207296,0,0.069671022,-1119.382697,11.16563501,97057.49599,0,0,-11.58820184,2149.953269,-59.21368148,0,-11.06100033,725.0491316,0.193782098,0,0
0,-0.087433002,0,0.069671022,-1119.382697,11.16563501,97057.49599,0,0,-18.68229083,2024.455736,-59.75940275,0,-10.11548827,-170.5421697,0.189789411,0,0
0,-0.082879521,0,0.069671022,-1119.382697,11.16563501,97057.49599,0,0,-13.85006938,2052.93025,-58.43130462,0,-12.75362999,-123.9525475,0.19348557,0,0
0,-0.078362579,0,0.069671022,-1119.382697,11.16563501,97057.49599,0,0,-20.48898839,1938.539259,-58.34459631,0,-12.37888142,-1395.075894,0.190507413,0,0
0,-0.074293387,0,0.069671022,-1119.382697,11.16563501,97057.49599,0,0,-14.90508983,1943.183368,-57.46802808,0,-12.75153283,-130.485514,0.193234041,0,0
0,-0.069615503,0,0.069671022,-1119.382697,11.16563501,97057.49599,0,0,-18.63942057,1857.053663,-56.90752642,0,-11.76703687,391.2057696,0.192020779,0,0
0,-0.065481172,0,0.069671022,-1119.382697,11.16563501,97057.49599,0,0,-19.68091227,1806.137554,-56.22346286,0,-11.51576674,776.0185934,0.192581194,0,0
0,-0.061085849,0,0.069671022,-1119.382697,11.16563501,97057.49599,0,0,-19.80843902,1750.664829,-55.27368457,0,-9.996116114,256.7738347,0.193166358,0,0
0,-0.056913801,0,0.069671022,-1119.382697,11.16563501,97057.49599,0,0,-22.38600481,1653.580994,-54.26450645,0,-7.535782172,-1446.525259,0.191490379,0,0
0,-0.052891346,0,0.069671022,-1119.382697,11.16563501,97057.49599,0,0,-22.92824636,1608.344054,-53.9797201,0,-7.928186597,131.3508427,0.192620817,0,0
0,-0.048117896,0,0.069671022,-1119.382697,11.16563501,97057.49599,0,0,-30.29482609,1511.649742,-52.76004145,0,-4.43178252,760.0847332,0.192023311,0,0
0,-0.044365448,0,0.069671022,-1119.382697,11.16563501,97057.49599,0,0,-22.0936193,1451.047855,-51.22047112,0,-2.100981008,72.38422151,0.19209802,0,0
0,-0.039563639,0,0.069671022,-1119.382697,11.16563501,97057.49599,0,0,-34.05165534,1357.066295,-51.09569523,0,0.658863348,4.4837736,0.192617762,0,0
0,-0.035666128,0,0.069671022,-1119.382697,11.16563501,97057.49599,0,0,-34.31074375,1265.643527,-49.59340337,0,0.266475379,550.7776498,0.19135745,0,0
0,-0.030889719,0,0.069671022,-1119.382697,11.16563501,97057.49599,0,0,-40.67029034,1183.260591,-48.30401844,0,5.874619577,13.14817785,0.193231202,0,0
0,-0.02690927,0,0.069671022,-1119.382697,11.16563501,97057.49599,0,0,-31.13705801,1077.47891,-46.96486309,0,13.15362338,-278.3768428,0.192840792,0,0
0,-0.022401589,0,0.069671022,-1119.382697,11.16563501,97057.49599,0,0,-42.79829086,966.9326673,-45.34140611,0,15.45296714,-753.2452467,0.194359568,0,0
0,-0.018164547,0,0.069671022,-1119.382697,11.16563501,97057.49599,0,0,-48.17113369,833.971967,-43.78147435,0,18.5368068,936.679438,0.192492624,0,0
0,-0.013902732,0,0.069671022,-1119.382697,11.16563501,97057.49599,0,0,-55.01013074,756.7639746,-42.1469861,0,22.51566524,2144.387736,0.196104652,0,0
0,-0.009681754,0,0.069671022,-1119.382697,11.16563501,97057.49599,0,0,-49.41963618,619.4821509,-40.89169051,0,31.28478996,901.8623244,0.195893157,0,0
0,-0.005357536,0,0.069671022,-1119.382697,11.16563501,97057.49599,0,0,-58.86186541,463.9892213,-39.17550052,0,34.10951226,-640.3202601,0.193165528,0,0
0,-0.001025059,0,0.069671022,-1119.382697,11.16563501,97057.49599,0,0,-57.07013914,323.4630061,-36.87523885,0,41.9074748,890.2923303,0.195292137,0,0
0,0.003369078,0,0.069671022,-1119.382697,11.16563501,97057.49599,0,0,-51.61224947,176.3006928,-34.88057758,0,51.39999631,1355.466928,0.193183451,0,0
0,0.007488706,0,0.069671022,-1119.382697,11.16563501,97057.49599,0,0,-54.06578078,40.73836574,-32.81627687,0,54.68097328,1495.01084,0.194846135,0,0
0,0.012034135,0,0.069671022,-1119.382697,11.16563501,97057.49599,0,0,-60.05439856,-109.8264861,-30.96724833,0,58.24238033,377.940147,0.192936331,0,0
0,0.016184658,0,0.069671022,-1119.382697,11.16563501,97057.49599,0,0,-52.44012212,-250.7328561,-28.37018187,0,63.29240338,554.1465637,0.1943389,0,0
0,0.020616383,0,0.069671022,-1119.382697,11.16563501,97057.49599,0,0,-49.14665563,-387.6903668,-27.1398103,0,69.24483159,614.8691026,0.192529181,0,0
0,0.024634179,0,0.069671022,-1119.382697,11.16563501,97057.49599,0,0,-46.30636673,-513.0582918,-25.29835655,0,71.54623803,626.844328,0.194521261,0,0
0,0.029205028,0,0.069671022,-1119.382697,11.16563501,97057.49599,0,0,-52.05103896,-639.323452,-23.37304773,0,71.06842529,1421.810752,0.193427333,0,0
0,0.03326194,0,0.069671022,-1119.382697,11.16563501,97057.49599,0,0,-44.83538964,-756.1753472,-21.32352387,0,75.04528672,802.0679139,0.194699936,0,0
0,0.037505486,0,0.069671022,-1119.382697,11.16563501,97057.49599,0,0,-41.15792761,-879.4514786,-19.95659912,0,77.64757238,-26.19196562,0.195328303,0,0
0,0.042127525,0,0.069671022,-1119.382697,11.16563501,97057.49599,0,0,-42.56152303,-1014.767562,-18.25756058,0,77.88711238,1000.517258,0.195528885,0,0
0,0.046127195,0,0.069671022,-1119.382697,11.16563501,97057.49599,0,0,-41.68699886,-1112.930482,-16.40473673,0,80.81481243,1520.738731,0.196828877,0,0
0,0.05078748,0,0.069671022,-1119.382697,11.16563501,97057.49599,0,0,-34.89191146,-1257.262676,-15.33283139,0,79.80876537,800.0310336,0.199222157,0,0
0,0.054796722,0,0.069671022,-1119.382697,11.16563501,97057.49599,0,0,-45.58486363,-1302.300337,-13.24396498,0,79.85932305,1055.601804,0.196331083,0,0
0,0.058847208,0,0.069671022,-1119.382697,11.16563501,97057.49599,0,0,-30.88305589,-1459.808731,-11.41725571,0,81.2284168,1305.502817,0.201625017,0,0
0,0.063459461,0,0.069671022,-1119.382697,11.16563501,97057.49599,0,0,-35.50450058,-1481.650972,-10.23852635,0,81.85994698,853.074569,0.195717377,0,0
0,0.067446767,0,0.069671022,-1119.382697,11.16563501,97057.49599,0,0,-33.11620839,-1590.748605,-10.17927253,0,80.11286218,1368.37494,0.198531451,0,0
0,0.071933363,0,0.069671022,-1119.382697,11.16563501,97057.49599,0,0,-35.6363748,-1655.11036,-7.863209664,0,79.22076913,1366.511197,0.196539777,0,0
0,0.076474381,0,0.069671022,-1119.382697,11.16563501,97057.49599,0,0,-34.10999138,-1716.338988,-6.827930226,0,78.57359189,954.0285619,0.195740919,0,0
0,0.080361993,0,0.069671022,-1119.382697,11.16563501,97057.49599,0,0,-33.04312727,-1801.759321,-5.718483832,0,77.26186081,984.0493777,0.197221079,0,0
0,0.085567562,0,0.069671022,-1119.382697,11.16563501,97057.49599,0,0,-35.11530614,-1802.958953,-3.602675219,0,75.92741488,1187.396658,0.192007746,0,0
0,0.088914102,0,0.069671022,-1119.382697,11.16563501,97057.49599,0,0,-26.9716359,-1936.670988,-4.10689219,0,75.34103854,1029.625797,0.197949797,0,0
0,0.094483637,0,0.069671022,-1119.382697,11.16563501,97057.49599,0,0,-33.17020362,-1904.95782,-1.909551224,0,73.50123284,773.2146905,0.190830115,0,0
0,0.097409432,0,0.069671022,-1119.382697,11.16563501,97057.49599,0,0,-27.04512962,-2035.249433,-2.024137466,0,72.10054346,538.4138544,0.19714744,0,0
0,0.10340139,0,0.069671022,-1119.382697,11.16563501,97057.49599,0,0,-30.49471953,-2067.164309,-0.4994888,0,70.229508,1074.927267,0.193921006,0,0
0,0.106475308,0,0.069671022,-1119.382697,11.16563501,97057.49599,0,0,-29.95218206,-2104.060815,0.652389006,0,69.64984893,1710.856604,0.194976471,0,0
0,0.111255154,0,0.069671022,-1119.382697,11.16563501,97057.49599,0,0,-28.7563671,-2137.141609,1.087622445,0,68.11347518,1172.665699,0.192906826,0,0
0,0.114850335,0,0.069671022,-1119.382697,11.16563501,97057.49599,0,0,-29.77562058,-2206.777742,1.928030132,0,67.13367172,790.132208,0.195459556,0,0
0,0.119507618,0,0.069671022,-1119.382697,11.16563501,97057.49599,0,0,-27.77954813,-2224.546431,2.568648181,0,65.2952793,1394.689571,0.193606541,0,0
0,0.123847403,0,0.069671022,-1119.382697,11.16563501,97057.49599,0,0,-29.30404257,-2228.692234,3.06610639,0,62.95140849,1095.440034,0.191659572,0,0
0,0.127788744,0,0.069671022,-1119.382697,11.16563501,97057.49599,0,0,-28.51147004,-2279.774285,3.889933366,0,62.5823945,880.9925825,0.192899189,0,0
0,0.133047425,0,0.069671022,-1119.382697,11.16563501,97057.49599,0,0,-28.03540203,-2268.091544,4.500649646,0,62.22080811,1019.552304,0.190282518,0,0
0,0.136695271,0,0.069671022,-1119.382697,11.16563501,97057.49599,0,0,-21.70722144,-2363.169539,4.841698373,0,60.22672479,1083.433867,0.194091019,0,0
0,0.141621672,0,0.069671022,-1119.382697,11.16563501,97057.49599,0,0,-32.95646782,-2318.628248,5.322855252,0,57.38932821,785.4187055,0.19047148,0,0
0,0.145433631,0,0.069671022,-1119.382697,11.16563501,97057.49599,0,0,-19.96943111,-2408.163771,5.636063164,0,56.67137078,926.1295957,0.194272975,0,0
0,0.149971774,0,0.069671022,-1119.382697,11.16563501,97057.49599,0,0,-23.66125354,-2340.394519,5.944252953,0,57.94423121,1055.201976,0.189812066,0,0
0,0.154250874,0,0.069671022,-1119.382697,11.16563501,97057.49599,0,0,-19.26489313,-2446.44254,6.331728423,0,54.56859758,1175.061497,0.193875877,0,0
0,0.158246565,0,0.069671022,-1119.382697,11.16563501,97057.49599,0,0,-33.51074225,-2371.171922,6.607733939,0,50.78952254,826.0481955,0.189888633,0,0
0,0.162317284,0,0.069671022,-1119.382697,11.16563501,97057.49599,0,0,-17.50154733,-2450.974647,6.996791948,0,51.70639074,923.8388482,0.193031177,0,0
0,0.165877772,0,0.069671022,-1119.382697,11.16563501,97057.49599,0,0,-19.11890899,-2395.650297,6.795252746,0,54.19429681,1646.969266,0.190583464,0,0
0,0.171403921,0,0.069671022,-1119.382697,11.16563501,97057.49599,0,0,-25.59297,-2439.532608,7.449885461,0,47.74211517,1347.605993,0.191945507,0,0
0,0.175272943,0,0.069671022,-1119.382697,11.16563501,97057.49599,0,0,-26.44635986,-2439.754593,8.002366859,0,45.7671571,830.3932524,0.191996372,0,0
0,0.179825411,0,0.069671022,-1119.382697,11.16563501,97057.49599,0,0,-13.98753344,-2445.247882,7.576360945,0,49.63477526,907.4174932,0.191758681,0,0
0,0.184438005,0,0.069671022,-1119.382697,11.16563501,97057.49599,0,0,-16.07321635,-2450.360206,8.549591135,0,47.80483743,1310.769054,0.191199004,0,0
0,0.188309055,0,0.069671022,-1119.382697,11.16563501,97057.49599,0,0,-26.07927857,-2435.808044,7.545418436,0,41.46623416,919.5191589,0.19129574,0,0
0,0.19338547,0,0.069671022,-1119.382697,11.16563501,97057.49599,0,0,-18.86031961,-2440.127883,8.687031899,0,44.89568962,791.6350152,0.191481597,0,0
0,0.196556057,0,0.069671022,-1119.382697,11.16563501,97057.49599,0,0,-12.33576185,-2433.500427,7.325290435,0,45.00980134,600.6499703,0.190690241,0,0
0,0.2020321,0,0.069671022,-1119.382697,11.16563501,97057.49599,0,0,-9.559775543,-2415.691251,7.18000532,0,47.12933457,843.4786224,0.19003406,0,0
0,0.205418233,0,0.069671022,-1119.382697,11.16563501,97057.49599,0,0,-31.37148139,-2414.812138,7.864739941,0,33.67677775,956.030707,0.189689975,0,0
0,0.210238828,0,0.069671022,-1119.382697,11.16563501,97057.49599,0,0,-66.4529137,-2415.378877,4.779725191,0,14.89918193,714.1592318,0.18914609,0,0
0,0.213402376,0,0.069671022,-1119.382697,11.16563501,97057.49599,0,0,-46.05413248,-2389.946325,7.549325609,0,26.82725526,783.2394602,0.189595074,0,0
0,-0.209013227,0,0.069662496,-447.9292771,11.16617858,96442.82731,0,0,8.171039594,1028.32919,-23.05864365,0,31.21791462,885.9042191,0.19629905,0,0
0,-0.20489371,0,0.069662496,-447.9292771,11.16617858,96442.82731,0,0,-11.54258218,1027.484636,-24.05185394,0,19.25025288,-58.68822601,0.198487479,0,0
0,-0.200319663,0,0.069662496,-447.9292771,11.16617858,96442.82731,0,0,-28.08219745,1027.93213,-23.85067537,0,13.2509549,516.6779025,0.196722946,0,0
0,-0.196077683,0,0.069662496,-447.9292771,11.16617858,96442.82731,0,0,-11.16038262,1036.852036,-24.40733287,0,20.19955196,-122.1159855,0.199598072,0,0
0,-0.192450252,0,0.069662496,-447.9292771,11.16617858,96442.82731,0,0,1.898162418,1030.87934,-23.76614573,0,26.9210022,170.7057023,0.19759806,0,0
0,-0.187593684,0,0.069662496,-447.9292771,11.16617858,96442.82731,0,0,-10.77425835,1043.319464,-24.77303799,0,20.37937681,-140.2292079,0.200393297,0,0
0,-0.183793963,0,0.069662496,-447.9292771,11.16617858,96442.82731,0,0,-22.26061179,1030.954727,-23.94431181,0,15.11531816,-310.2498629,0.198292266,0,0
0,-0.178770101,0,0.069662496,-447.9292771,11.16617858,96442.82731,0,0,-10.75958037,1035.632679,-24.52134442,0,19.80797715,-253.176451,0.199216729,0,0
0,-0.17571689,0,0.069662496,-447.9292771,11.16617858,96442.82731,0,0,-7.060680598,1031.625113,-23.88091853,0,21.80708402,-705.6834218,0.19898936,0,0
0,-0.1700307,0,0.069662496,-447.9292771,11.16617858,96442.82731,0,0,-5.773338431,1035.778251,-24.04972689,0,20.80223144,484.8157794,0.201507711,0,0
0,-0.166791371,0,0.069662496,-447.9292771,11.16617858,96442.82731,0,0,-18.18015317,1022.373737,-23.89454503,0,16.15380508,151.846891,0.197432751,0,0
0,-0.161150154,0,0.069662496,-447.9292771,11.16617858,96442.82731,0,0,-10.86010443,1030.340512,-24.06595277,0,18.58939059,186.3661995,0.200324072,0,0
0,-0.158759119,0,0.069662496,-447.9292771,11.16617858,96442.82731,0,0,-12.58590986,1023.831008,-24.12208062,0,18.61314486,-993.009213,0.198989416,0,0
0,-0.152762212,0,0.069662496,-447.9292771,11.16617858,96442.82731,0,0,-7.311892206,1025.988247,-23.85790966,0,19.86880537,1262.771638,0.200688168,0,0
0,-0.150587355,0,0.069662496,-447.9292771,11.16617858,96442.82731,0,0,-11.49756964,1017.366941,-24.31019906,0,18.88389503,684.717874,0.199371834,0,0
0,-0.144629627,0,0.069662496,-447.9292771,11.16617858,96442.82731,0,0,-15.25769378,1016.059484,-24.00320476,0,16.01496826,390.6317467,0.199656259,0,0
0,-0.141826981,0,0.069662496,-447.9292771,11.16617858,96442.82731,0,0,-9.631949372,1010.795189,-24.08389185,0,18.03297651,-2234.121211,0.198293309,0,0
0,-0.136220655,0,0.069662496,-447.9292771,11.16617858,96442.82731,0,0,-6.113917478,1009.473278,-24.1811681,0,19.17517354,220.2169906,0.199544965,0,0
0,-0.132081832,0,0.069662496,-447.9292771,11.16617858,96442.82731,0,0,-13.74503793,1008.747199,-24.35926567,0,16.26719285,-181.6558879,0.19994309,0,0
0,-0.128014971,0,0.069662496,-447.9292771,11.16617858,96442.82731,0,0,-12.94573812,994.2684681,-23.81624745,0,15.13967172,458.8981449,0.198432127,0,0
0,-0.123267377,0,0.069662496,-447.9292771,11.16617858,96442.82731,0,0,-7.289711901,1000.135944,-24.14754475,0,17.71448384,187.8716418,0.199728246,0,0
0,-0.119917853,0,0.069662496,-447.9292771,11.16617858,96442.82731,0,0,-7.721074691,978.4211642,-23.72155889,0,17.30822285,31.06938492,0.197932907,0,0
0,-0.114643189,0,0.069662496,-447.9292771,11.16617858,96442.82731,0,0,-8.406803914,988.6683218,-24.13677086,0,15.70210962,-215.8814952,0.199915902,0,0
0,-0.110704496,0,0.069662496,-447.9292771,11.16617858,96442.82731,0,0,-15.33060464,946.0549532,-23.65373893,0,13.73343326,-1071.756351,0.196663282,0,0
0,-0.106596982,0,0.069662496,-447.9292771,11.16617858,96442.82731,0,0,-7.278620689,965.1282138,-23.77544632,0,14.67794153,-121.6141946,0.198551561,0,0
0,-0.102368579,0,0.069662496,-447.9292771,11.16617858,96442.82731,0,0,-10.40110034,926.0186472,-24.16043554,0,15.82278818,933.6987451,0.196848147,0,0
0,-0.098479762,0,0.069662496,-447.9292771,11.16617858,96442.82731,0,0,-6.584328847,948.9995423,-23.79766311,0,15.13784566,-580.2820048,0.198640064,0,0
0,-0.093699241,0,0.069662496,-447.9292771,11.16617858,96442.82731,0,0,-12.92179441,904.9436488,-23.95125921,0,13.31481234,-325.020326,0.197445994,0,0
0,-0.090089461,0,0.069662496,-447.9292771,11.16617858,96442.82731,0,0,-8.855040538,919.9614418,-23.53437388,0,12.42737381,43.27396126,0.19764825,0,0
0,-0.085019205,0,0.069662496,-447.9292771,11.16617858,96442.82731,0,0,-7.149979298,885.0705821,-23.55464296,0,15.12463573,1296.282153,0.197590384,0,0
0,-0.082062391,0,0.069662496,-447.9292771,11.16617858,96442.82731,0,0,-4.941891102,889.3267586,-23.40364063,0,13.9367568,-927.7664844,0.19732841,0,0
0,-0.076425863,0,0.069662496,-447.9292771,11.16617858,96442.82731,0,0,-12.26775977,860.6537046,-23.31544385,0,11.80997367,-16.21241411,0.197879967,0,0
0,-0.07253332,0,0.069662496,-447.9292771,11.16617858,96442.82731,0,0,-14.2629889,839.4806668,-23.3367947,0,10.64326025,662.7267889,0.196249326,0,0
0,-0.068077346,0,0.069662496,-447.9292771,11.16617858,96442.82731,0,0,-6.472383663,817.6525785,-23.19232979,0,14.53236452,-808.1528053,0.196693479,0,0
0,-0.063586249,0,0.069662496,-447.9292771,11.16617858,96442.82731,0,0,-7.445190973,793.6142532,-22.91211828,0,14.45152671,-103.1902642,0.196398115,0,0
0,-0.059799686,0,0.069662496,-447.9292771,11.16617858,96442.82731,0,0,-14.55338308,760.8093077,-22.87321071,0,11.1826583,387.8685354,0.195049804,0,0
0,-0.055539817,0,0.069662496,-447.9292771,11.16617858,96442.82731,0,0,-15.52395389,735.2041343,-22.69343251,0,11.1342368,279.5837935,0.195978107,0,0
0,-0.051847347,0,0.069662496,-447.9292771,11.16617858,96442.82731,0,0,-9.851578065,708.2539542,-22.773101,0,14.70882988,683.0139436,0.195514565,0,0
0,-0.046818014,0,0.069662496,-447.9292771,11.16617858,96442.82731,0,0,-8.440272595,677.7075954,-21.89203185,0,15.98143348,-130.0053685,0.197722257,0,0
0,-0.043117932,0,0.069662496,-447.9292771,11.16617858,96442.82731,0,0,-15.29719975,633.3927661,-22.54754296,0,13.61565087,359.6956816,0.195869554,0,0
0,-0.038462383,0,0.069662496,-447.9292771,11.16617858,96442.82731,0,0,-20.42654028,607.1416291,-22.29007897,0,12.65663845,1232.249288,0.198980736,0,0
0,-0.034475613,0,0.069662496,-447.9292771,11.16617858,96442.82731,0,0,-17.73581351,565.3365369,-22.08196526,0,14.77358974,499.1588566,0.197773011,0,0
0,-0.029668724,0,0.069662496,-447.9292771,11.16617858,96442.82731,0,0,-9.325162194,529.0908989,-21.27805741,0,20.83106383,603.4236871,0.201349969,0,0
0,-0.025956195,0,0.069662496,-447.9292771,11.16617858,96442.82731,0,0,-17.7519663,473.119883,-21.83769002,0,18.66501273,1932.358169,0.200473609,0,0
0,-0.021063321,0,0.069662496,-447.9292771,11.16617858,96442.82731,0,0,-25.65183833,423.8351396,-21.07215567,0,17.76696377,1292.826085,0.206733409,0,0
0,-0.017168131,0,0.069662496,-447.9292771,11.16617858,96442.82731,0,0,-25.20022358,363.7390202,-21.08253335,0,17.87321734,592.0845767,0.205438338,0,0
0,-0.01271237,0,0.069662496,-447.9292771,11.16617858,96442.82731,0,0,-24.6767377,301.17554,-20.59751986,0,24.74888039,745.0942857,0.210672859,0,0
0,-0.008823956,0,0.069662496,-447.9292771,11.16617858,96442.82731,0,0,-18.25516018,221.0416062,-19.79635809,0,26.75740726,1028.272671,0.209240446,0,0
0,-0.004136411,0,0.069662496,-447.9292771,11.16617858,96442.82731,0,0,-34.76304457,134.6530863,-19.86341355,0,24.14267595,1433.278501,0.2150514,0,0
0,-0.000112394,0,0.069662496,-447.9292771,11.16617858,96442.82731,0,0,-30.39913113,49.5213004,-19.61707338,0,27.56532633,1608.852913,0.210456577,0,0
0,0.004051697,0,0.069662496,-447.9292771,11.16617858,96442.82731,0,0,-16.29405725,-35.54412668,-18.64856704,0,35.38061694,1556.191194,0.212202563,0,0
0,0.008261518,0,0.069662496,-447.9292771,11.16617858,96442.82731,0,0,-26.8697899,-112.2728518,-18.78064899,0,33.88937609,795.1601575,0.20998627,0,0
0,0.012529828,0,0.069662496,-447.9292771,11.16617858,96442.82731,0,0,-26.57789317,-180.1060521,-18.24656461,0,30.86367001,1172.915712,0.205392068,0,0
0,0.01696814,0,0.069662496,-447.9292771,11.16617858,96442.82731,0,0,-25.84726855,-242.2117156,-18.06677652,0,35.25026976,1431.443709,0.202696764,0,0
0,0.021384771,0,0.069662496,-447.9292771,11.16617858,96442.82731,0,0,-9.35408714,-301.7519514,-17.74582823,0,37.35016884,1418.583526,0.198060985,0,0
0,0.025438547,0,0.069662496,-447.9292771,11.16617858,96442.82731,0,0,-22.83263024,-350.043047,-17.28986448,0,35.87286604,1537.54678,0.198484415,0,0
0,0.029843866,0,0.069662496,-447.9292771,11.16617858,96442.82731,0,0,-19.27153726,-398.1807154,-16.72021599,0,32.45727534,185.3228453,0.195692722,0,0
0,0.033784804,0,0.069662496,-447.9292771,11.16617858,96442.82731,0,0,-18.13548989,-446.1153365,-16.80462845,0,37.13311494,1011.177947,0.198101798,0,0
0,0.03870661,0,0.069662496,-447.9292771,11.16617858,96442.82731,0,0,-4.749045921,-495.1939223,-16.30286964,0,37.93270295,1259.757932,0.195347191,0,0
0,0.042247995,0,0.069662496,-447.9292771,11.16617858,96442.82731,0,0,-21.77797497,-538.1486256,-16.31418184,0,35.60405837,555.844224,0.20043342,0,0
0,0.046862045,0,0.069662496,-447.9292771,11.16617858,96442.82731,0,0,-12.06314715,-581.261526,-15.84450567,0,35.42239402,975.0377182,0.198232793,0,0
0,0.051079469,0,0.069662496,-447.9292771,11.16617858,96442.82731,0,0,-7.499290144,-627.4343153,-15.89065828,0,39.50910754,384.8799723,0.201646406,0,0
0,0.055337688,0,0.069662496,-447.9292771,11.16617858,96442.82731,0,0,-10.87883178,-659.0756246,-15.34892131,0,36.83606078,1446.583621,0.202673042,0,0
0,0.059629232,0,0.069662496,-447.9292771,11.16617858,96442.82731,0,0,-13.53076003,-701.8870518,-15.33305889,0,35.74778418,489.42358,0.204763171,0,0
0,0.064763777,0,0.069662496,-447.9292771,11.16617858,96442.82731,0,0,-10.04888729,-732.0900563,-15.65978383,0,39.01973606,2090.025441,0.202623257,0,0
0,0.06744502,0,0.069662496,-447.9292771,11.16617858,96442.82731,0,0,-0.699386464,-760.6490915,-14.65844251,0,40.13790725,1146.197158,0.206792338,0,0
0,0.073360509,0,0.069662496,-447.9292771,11.16617858,96442.82731,0,0,-14.53524667,-795.7401033,-15.47590099,0,34.7284115,714.3394815,0.205400482,0,0
0,0.076526346,0,0.069662496,-447.9292771,11.16617858,96442.82731,0,0,-5.666436354,-818.7354154,-14.67453787,0,37.77253279,1488.633288,0.208328089,0,0
0,0.081386882,0,0.069662496,-447.9292771,11.16617858,96442.82731,0,0,-4.05253704,-839.0220395,-15.04714396,0,37.91851434,1417.862027,0.206886574,0,0
0,0.084950751,0,0.069662496,-447.9292771,11.16617858,96442.82731,0,0,-9.17474439,-863.3394589,-14.62342429,0,36.23198385,1761.048043,0.208490883,0,0
0,0.089289553,0,0.069662496,-447.9292771,11.16617858,96442.82731,0,0,-6.720216733,-873.5527528,-14.78798576,0,35.61972756,998.340547,0.207502579,0,0
0,0.094690455,0,0.069662496,-447.9292771,11.16617858,96442.82731,0,0,-3.239806726,-910.0541742,-14.93934916,0,35.99206029,1331.4964,0.211659131,0,0
0,0.097925584,0,0.069662496,-447.9292771,11.16617858,96442.82731,0,0,-5.742523807,-891.8285774,-14.39020406,0,36.175647,1286.912824,0.204906776,0,0
0,0.102745557,0,0.069662496,-447.9292771,11.16617858,96442.82731,0,0,0.545788911,-933.9871797,-14.82828873,0,35.68786128,1534.747838,0.211182904,0,0
0,0.106707529,0,0.069662496,-447.9292771,11.16617858,96442.82731,0,0,-11.96034374,-911.3246986,-14.51499003,0,32.63524458,965.9496414,0.202977543,0,0
0,0.111317897,0,0.069662496,-447.9292771,11.16617858,96442.82731,0,0,-1.059301769,-954.7132569,-14.56618958,0,34.1321866,1326.186934,0.209360603,0,0
0,0.115268663,0,0.069662496,-447.9292771,11.16617858,96442.82731,0,0,-4.743907488,-930.1726134,-14.18597981,0,34.78309999,991.1404883,0.202075675,0,0
0,0.119896982,0,0.069662496,-447.9292771,11.16617858,96442.82731,0,0,-2.492422058,-976.7689795,-14.26311363,0,33.57705972,661.1246709,0.20875924,0,0
0,0.123572327,0,0.069662496,-447.9292771,11.16617858,96442.82731,0,0,-11.75882585,-950.9295362,-14.29340457,0,31.19495094,1715.395893,0.201295025,0,0
0,0.128448405,0,0.069662496,-447.9292771,11.16617858,96442.82731,0,0,-0.565841801,-991.0888032,-14.16019679,0,32.5497421,279.0072364,0.206406061,0,0
0,0.131824152,0,0.069662496,-447.9292771,11.16617858,96442.82731,0,0,-2.774071286,-977.1275193,-14.26316034,0,34.0346602,1365.323775,0.202195394,0,0
0,0.13690196,0,0.069662496,-447.9292771,11.16617858,96442.82731,0,0,-3.208678435,-1007.646353,-13.92324972,0,31.75131194,269.0129216,0.206116269,0,0
0,0.14088527,0,0.069662496,-447.9292771,11.16617858,96442.82731,0,0,-7.74608721,-1003.010512,-14.59894168,0,30.58598118,1515.151679,0.203320279,0,0
0,0.145213462,0,0.069662496,-447.9292771,11.16617858,96442.82731,0,0,-0.677377658,-1016.072654,-13.81740859,0,32.15485592,1048.35771,0.205084761,0,0
0,0.149285453,0,0.069662496,-447.9292771,11.16617858,96442.82731,0,0,-1.246505772,-1026.91903,-14.07557907,0,32.07381701,909.3822132,0.205937391,0,0
0,0.153178306,0,0.069662496,-447.9292771,11.16617858,96442.82731,0,0,-6.779120153,-1023.457403,-13.70472918,0,29.58749445,881.4743922,0.204329624,0,0
0,0.158490375,0,0.069662496,-447.9292771,11.16617858,96442.82731,0,0,-3.088039866,-1030.259995,-13.93543448,0,30.30573748,1540.41371,0.205572468,0,0
0,0.161189662,0,0.069662496,-447.9292771,11.16617858,96442.82731,0,0,-1.007023099,-1037.871677,-13.59987636,0,31.09006406,485.4668284,0.205865765,0,0
0,0.167295117,0,0.069662496,-447.9292771,11.16617858,96442.82731,0,0,-3.220799561,-1041.572611,-13.62710943,0,29.23090491,1083.699287,0.206091063,0,0
0,0.169753128,0,0.069662496,-447.9292771,11.16617858,96442.82731,0,0,-6.365275854,-1042.991379,-13.20313658,0,28.62469199,1471.63846,0.205141485,0,0
0,0.175313106,0,0.069662496,-447.9292771,11.16617858,96442.82731,0,0,1.195226599,-1039.280845,-13.33689598,0,30.35554034,825.4028188,0.206425686,0,0
0,0.178118087,0,0.069662496,-447.9292771,11.16617858,96442.82731,0,0,0.59005069,-1039.529793,-13.00057087,0,30.63987606,1732.278913,0.204594629,0,0
0,0.18369724,0,0.069662496,-447.9292771,11.16617858,96442.82731,0,0,-7.044164115,-1042.244868,-13.51288485,0,26.90764712,991.2522258,0.206002441,0,0
0,0.187664134,0,0.069662496,-447.9292771,11.16617858,96442.82731,0,0,1.070140564,-1041.670708,-12.91630937,0,29.0734944,1396.732804,0.206241512,0,0
0,0.192448951,0,0.069662496,-447.9292771,11.16617858,96442.82731,0,0,-5.331345687,-1027.131231,-13.93936072,0,28.22710496,1006.089884,0.20466883,0,0
0,0.1965407,0,0.069662496,-447.9292771,11.16617858,96442.82731,0,0,4.039384712,-1020.686815,-13.49250658,0,31.27670971,453.5178399,0.204539104,0,0
0,0.200506648,0,0.069662496,-447.9292771,11.16617858,96442.82731,0,0,-8.613504946,-1029.575084,-14.46020154,0,26.26747793,1102.483797,0.203989779,0,0
0,0.205370238,0,0.069662496,-447.9292771,11.16617858,96442.82731,0,0,-19.25570722,-1010.109027,-12.60773759,0,18.58439779,459.4902204,0.203286793,0,0
0,0.209518656,0,0.069662496,-447.9292771,11.16617858,96442.82731,0,0,-24.25328817,-1013.730037,-14.04957591,0,18.08419854,767.5434084,0.203586986,0,0
0,0.212418233,0,0.069662496,-447.9292771,11.16617858,96442.82731,0,0,-22.68121391,-1022.434649,-14.65784701,0,16.32131171,536.6773999,0.200825232,0,0
