ET,SA,SR,IA,FZ,V,P,REIn,TS,FX,FY,MX,MY,MZ,REOut,RL,T,TX
0,-0.210860038,0,0.000102281,-1107.881256,11.16442797,54811.29513,0,0,-32.65386321,2699.291909,-55.32257958,0,-21.07714577,-618.2862772,0.175823336,0,0
0,-0.206493215,0,0.000102281,-1107.881256,11.16442797,54811.29513,0,0,-16.974372,2727.513902,-57.14694211,0,-12.49508638,-1539.853358,0.177098755,0,0
0,-0.200393707,0,0.000102281,-1107.881256,11.16442797,54811.29513,0,0,-23.85744877,2709.010029,-57.24294098,0,-18.10768035,-2487.13321,0.176604212,0,0
0,-0.195386498,0,0.000102281,-1107.881256,11.16442797,54811.29513,0,0,-62.45041926,2720.26,-56.67282305,0,-39.15599497,-1317.318826,0.176994354,0,0
0,-0.190035437,0,0.000102281,-1107.881256,11.16442797,54811.29513,0,0,-41.84673664,2706.713744,-56.55044728,0,-31.4160853,-1387.805799,0.176976089,0,0
0,-0.184597479,0,0.000102281,-1107.881256,11.16442797,54811.29513,0,0,-45.62344523,2693.756067,-56.78281994,0,-35.48929609,-1663.632964,0.177039223,0,0
0,-0.178637343,0,0.000102281,-1107.881256,11.16442797,54811.29513,0,0,-54.08686001,2686.386463,-56.66753997,0,-43.05593206,-1934.704155,0.177328329,0,0
0,-0.174336916,0,0.000102281,-1107.881256,11.16442797,54811.29513,0,0,-48.08508252,2653.192188,-56.27121113,0,-42.68745749,-676.9266224,0.176202804,0,0
0,-0.169259243,0,0.000102281,-1107.881256,11.16442797,54811.29513,0,0,-43.45232987,2662.601072,-56.54068192,0,-42.64572539,-1269.162036,0.177865492,0,0
0,-0.162912497,0,0.000102281,-1107.881256,11.16442797,54811.29513,0,0,-55.80194953,2606.800623,-56.01551097,0,-52.45189048,-1308.19773,0.176508158,0,0
0,-0.15843131,0,0.000102281,-1107.881256,11.16442797,54811.29513,0,0,-44.80710828,2520.057163,-56.03685973,0,-52.01813265,-1350.317878,0.173768733,0,0
0,-0.152454889,0,0.000102281,-1107.881256,11.16442797,54811.29513,0,0,-50.20386382,2541.202195,-55.59380538,0,-56.21360034,-1990.566624,0.176665769,0,0
0,-0.146119697,0,0.000102281,-1107.881256,11.16442797,54811.29513,0,0,-52.6221917,2497.711975,-54.93661421,0,-59.77786028,-1896.39036,0.176863729,0,0
0,-0.141732642,0,0.000102281,-1107.881256,11.16442797,54811.29513,0,0,-49.37222171,2431.586644,-55.17213121,0,-62.23521393,-2042.609165,0.175491262,0,0
0,-0.137297434,0,0.000102281,-1107.881256,11.16442797,54811.29513,0,0,-50.47731272,2425.782638,-54.17477642,0,-64.00652161,-997.0309924,0.177292277,0,0
0,-0.130320873,0,0.000102281,-1107.881256,11.16442797,54811.29513,0,0,-52.12442836,2336.646472,-52.84538998,0,-69.73162471,-901.0674275,0.176039549,0,0
0,-0.124817738,0,0.000102281,-1107.881256,11.16442797,54811.29513,0,0,-57.83816393,2170.864749,-52.1347337,0,-74.42542564,-480.336275,0.171526712,0,0
0,-0.120297558,0,0.000102281,-1107.881256,11.16442797,54811.29513,0,0,-47.44393087,2404.840745,-53.35448535,0,-70.2128027,-1152.374312,0.183936894,0,0
0,-0.114810085,0,0.000102281,-1107.881256,11.16442797,54811.29513,0,0,-51.85286494,2218.465727,-50.70124072,0,-76.12298121,-1110.068721,0.178578676,0,0
0,-0.109176639,0,0.000102281,-1107.881256,11.16442797,54811.29513,0,0,-58.42090826,1972.581951,-48.26914396,0,-81.65374401,238.5312389,0.171207016,0,0
0,-0.10401135,0,0.000102281,-1107.881256,11.16442797,54811.29513,0,0,-48.74168309,2291.982377,-51.20065888,0,-78.96146602,-1449.825572,0.187757139,0,0
0,-0.098700738,0,0.000102281,-1107.881256,11.16442797,54811.29513,0,0,-51.9994402,2041.062943,-47.54605281,0,-83.05683792,-2574.170827,0.180369534,0,0
0,-0.09217184,0,0.000102281,-1107.881256,11.16442797,54811.29513,0,0,-53.01315781,1967.996723,-46.11799087,0,-83.13775649,-679.0243467,0.181248634,0,0
0,-0.087692325,0,0.000102281,-1107.881256,11.16442797,54811.29513,0,0,-53.71425277,1961.483016,-46.47451628,0,-83.00558954,-2148.650355,0.184054383,0,0
0,-0.082859474,0,0.000102281,-1107.881256,11.16442797,54811.29513,0,0,-52.27809192,1895.869188,-44.67493685,0,-84.01090222,-325.922953,0.18445901,0,0
0,-0.0761124,0,0.000102281,-1107.881256,11.16442797,54811.29513,0,0,-54.60609425,1779.805802,-42.13967206,0,-83.49856512,-1231.146713,0.184035501,0,0
0,-0.070844672,0,0.000102281,-1107.881256,11.16442797,54811.29513,0,0,-52.65775118,1833.898204,-42.05759612,0,-83.89055419,-1976.072613,0.190898889,0,0
0,-0.066657851,0,0.000102281,-1107.881256,11.16442797,54811.29513,0,0,-55.0009229,1633.98044,-39.11233065,0,-81.36234545,-11.69027194,0.184862516,0,0
0,-0.060538041,0,0.000102281,-1107.881256,11.16442797,54811.29513,0,0,-54.27019131,1594.65984,-38.17244519,0,-79.89810265,-525.4172901,0.18856807,0,0
0,-0.055359069,0,0.000102281,-1107.881256,11.16442797,54811.29513,0,0,-49.46434912,1547.481323,-37.66142957,0,-78.58603678,-1168.726449,0.191812532,0,0
0,-0.049450571,0,0.000102281,-1107.881256,11.16442797,54811.29513,0,0,-57.61565421,1360.630052,-33.36510493,0,-74.66446115,214.7967284,0.188439405,0,0
0,-0.043787645,0,0.000102281,-1107.881256,11.16442797,54811.29513,0,0,-55.20586945,1297.652242,-31.48006835,0,-70.71567898,-658.8780276,0.193173811,0,0
0,-0.039288705,0,0.000102281,-1107.881256,11.16442797,54811.29513,0,0,-49.71725932,1086.255492,-27.3429487,0,-62.10938075,126.0560352,0.186597801,0,0
0,-0.03360626,0,0.000102281,-1107.881256,11.16442797,54811.29513,0,0,-59.44785763,915.4687368,-23.13818846,0,-57.45168722,845.3466168,0.183217818,0,0
0,-0.028029125,0,0.000102281,-1107.881256,11.16442797,54811.29513,0,0,-52.53977612,783.8558103,-20.61741841,0,-49.0913288,217.2393989,0.185845648,0,0
0,-0.022927178,0,0.000102281,-1107.881256,11.16442797,54811.29513,0,0,-54.43068458,592.2839427,-17.05346192,0,-39.51867669,-53.96025535,0.181260093,0,0
0,-0.017512817,0,0.000102281,-1107.881256,11.16442797,54811.29513,0,0,-66.97187301,469.3653264,-12.84772337,0,-34.43968459,-20.42079575,0.184338488,0,0
0,-0.012036537,0,0.000102281,-1107.881256,11.16442797,54811.29513,0,0,-64.37113713,315.7809383,-10.3967091,0,-24.57675927,23.5915974,0.183733933,0,0
0,-0.006752121,0,0.000102281,-1107.881256,11.16442797,54811.29513,0,0,-67.3275451,172.7703858,-7.376208054,0,-15.12220503,1003.91028,0.183389687,0,0
0,-0.001552527,0,0.000102281,-1107.881256,11.16442797,54811.29513,0,0,-67.85405595,35.7962203,-3.569989015,0,-5.492299988,-95.0760177,0.184910648,0,0
0,0.004159892,0,0.000102281,-1107.881256,11.16442797,54811.29513,0,0,-62.4003653,-115.5378827,-0.635683208,0,7.258683083,162.4553612,0.183840863,0,0
0,0.009858663,0,0.000102281,-1107.881256,11.16442797,54811.29513,0,0,-66.05272473,-259.564414,1.445031765,0,15.7253286,492.4907898,0.183144149,0,0
0,0.01509238,0,0.000102281,-1107.881256,11.16442797,54811.29513,0,0,-66.15131136,-397.810662,4.65161042,0,23.48818524,953.4098201,0.183884864,0,0
0,0.020253906,0,0.000102281,-1107.881256,11.16442797,54811.29513,0,0,-57.83247889,-539.4044786,7.229028719,0,35.10731328,1171.793816,0.183677067,0,0
0,0.026274166,0,0.000102281,-1107.881256,11.16442797,54811.29513,0,0,-55.02028107,-683.5846689,9.617787997,0,42.667141,-157.2761624,0.181461371,0,0
0,0.031285061,0,0.000102281,-1107.881256,11.16442797,54811.29513,0,0,-55.27519893,-863.8825781,12.25765519,0,49.21193227,836.2601356,0.185864282,0,0
0,0.036762565,0,0.000102281,-1107.881256,11.16442797,54811.29513,0,0,-54.4604069,-991.9960876,15.12879147,0,57.86058251,122.2997669,0.185070569,0,0
0,0.042251384,0,0.000102281,-1107.881256,11.16442797,54811.29513,0,0,-50.58409923,-1183.829759,18.90609178,0,64.10608863,-170.6182861,0.187270495,0,0
0,0.04695148,0,0.000102281,-1107.881256,11.16442797,54811.29513,0,0,-44.07035909,-1365.301234,21.58107917,0,71.84991786,1419.430875,0.191403899,0,0
0,0.05341884,0,0.000102281,-1107.881256,11.16442797,54811.29513,0,0,-51.68819172,-1418.223916,23.36871556,0,71.94765817,818.3447798,0.184840061,0,0
0,0.058397503,0,0.000102281,-1107.881256,11.16442797,54811.29513,0,0,-46.57379496,-1625.644383,25.74952637,0,76.44644763,1089.4947,0.189300335,0,0
0,0.062699895,0,0.000102281,-1107.881256,11.16442797,54811.29513,0,0,-44.23644314,-1605.817791,27.6798242,0,80.49697803,1099.09327,0.183756227,0,0
0,0.06933554,0,0.000102281,-1107.881256,11.16442797,54811.29513,0,0,-42.59280091,-1763.424501,30.53869321,0,81.98720297,694.6045471,0.184445003,0,0
0,0.075253199,0,0.000102281,-1107.881256,11.16442797,54811.29513,0,0,-32.92167527,-1982.624221,32.88423163,0,82.68337181,-211.9754214,0.188933456,0,0
0,0.079743263,0,0.000102281,-1107.881256,11.16442797,54811.29513,0,0,-48.18948865,-1727.237448,34.71579687,0,81.31007317,877.2096497,0.174611338,0,0
0,0.084813977,0,0.000102281,-1107.881256,11.16442797,54811.29513,0,0,-31.74327688,-2086.128394,37.03307748,0,81.41991447,954.080366,0.1861412,0,0
0,0.090496595,0,0.000102281,-1107.881256,11.16442797,54811.29513,0,0,-30.74457054,-2098.055216,38.43460092,0,79.87051948,943.5106055,0.183024664,0,0
0,0.096587803,0,0.000102281,-1107.881256,11.16442797,54811.29513,0,0,-35.94083381,-2038.792967,40.36922051,0,76.68474052,602.2663777,0.176837933,0,0
0,0.100994287,0,0.000102281,-1107.881256,11.16442797,54811.29513,0,0,-26.97061051,-2231.771738,41.26002625,0,74.29173192,1006.230397,0.181801547,0,0
0,0.106234797,0,0.000102281,-1107.881256,11.16442797,54811.29513,0,0,-30.23893468,-2237.868938,42.21527743,0,72.48477558,611.8750434,0.179652482,0,0
0,0.113063399,0,0.000102281,-1107.881256,11.16442797,54811.29513,0,0,-32.47417048,-2286.485581,43.59720324,0,69.19997294,1031.683418,0.178187501,0,0
0,0.118294379,0,0.000102281,-1107.881256,11.16442797,54811.29513,0,0,-26.60859975,-2475.777515,45.46526272,0,65.32785364,1012.93024,0.18378829,0,0
0,0.122098676,0,0.000102281,-1107.881256,11.16442797,54811.29513,0,0,-33.53578437,-2347.038756,44.05636755,0,66.48537487,823.0753068,0.175457584,0,0
0,0.128415145,0,0.000102281,-1107.881256,11.16442797,54811.29513,0,0,-31.94373429,-2444.538722,46.03619329,0,62.5234665,914.2014341,0.177511883,0,0
0,0.13431125,0,0.000102281,-1107.881256,11.16442797,54811.29513,0,0,-31.91057807,-2481.978908,46.51031642,0,60.45020906,962.2392768,0.176454771,0,0
0,0.13937529,0,0.000102281,-1107.881256,11.16442797,54811.29513,0,0,-31.3633578,-2573.09399,46.45833508,0,54.76706251,1413.825038,0.178367517,0,0
0,0.144378868,0,0.000102281,-1107.881256,11.16442797,54811.29513,0,0,-32.03133088,-2628.276563,47.7792282,0,50.13807288,974.2047801,0.180166625,0,0
0,0.150024049,0,0.000102281,-1107.881256,11.16442797,54811.29513,0,0,-30.68580119,-2600.934141,47.91402928,0,50.29442628,900.0382768,0.176831268,0,0
0,0.155460669,0,0.000102281,-1107.881256,11.16442797,54811.29513,0,0,-33.59008799,-2632.058157,47.38319037,0,45.3321818,1308.696757,0.176353537,0,0
0,0.161568483,0,0.000102281,-1107.881256,11.16442797,54811.29513,0,0,-32.0261517,-2712.213769,49.02668038,0,41.33705994,1027.081187,0.17951431,0,0
0,0.167293776,0,0.000102281,-1107.881256,11.16442797,54811.29513,0,0,-29.58510107,-2701.893784,48.63835422,0,40.04114385,452.3261287,0.17764447,0,0
0,0.170874634,0,0.000102281,-1107.881256,11.16442797,54811.29513,0,0,-26.6198404,-2786.194906,49.07797397,0,35.66928203,784.523469,0.181013202,0,0
0,0.177134826,0,0.000102281,-1107.881256,11.16442797,54811.29513,0,0,-28.85279218,-2745.928477,49.12925527,0,33.77204444,849.0862111,0.178298141,0,0
0,0.182851828,0,0.000102281,-1107.881256,11.16442797,54811.29513,0,0,-29.55665167,-2733.153869,48.81391026,0,33.97015262,1159.879693,0.176931863,0,0
0,0.18810488,0,0.000102281,-1107.881256,11.16442797,54811.29513,0,0,-32.32701802,-2797.551641,49.95670424,0,25.64804336,818.1711249,0.17990719,0,0
0,0.193281623,0,0.000102281,-1107.881256,11.16442797,54811.29513,0,0,-31.06345664,-2745.677493,48.26037922,0,27.5358921,923.794666,0.176574218,0,0
0,0.197430355,0,0.000102281,-1107.881256,11.16442797,54811.29513,0,0,-16.86892883,-2765.607947,49.5123664,0,28.22583631,913.573177,0.177911072,0,0
0,0.203955111,0,0.000102281,-1107.881256,11.16442797,54811.29513,0,0,-44.66266684,-2764.408214,49.17711362,0,14.00601741,1348.150874,0.177526737,0,0
0,0.210049599,0,0.000102281,-1107.881256,11.16442797,54811.29513,0,0,-52.52058241,-2748.295028,50.93281353,0,6.889505172,1175.977091,0.177257994,0,0
0,0.21308281,0,0.000102281,-1107.881256,11.16442797,54811.29513,0,0,-39.27039218,-2751.492964,48.77113232,0,13.70018474,1069.677121,0.17706993,0,0
0,-0.211069139,0,0.000101221,-883.6735605,11.16507672,54924.2101,0,0,-26.05125468,2271.854063,-42.43979536,0,-12.29303564,-2906.317818,0.183023351,0,0
0,-0.208275419,0,0.000101221,-883.6735605,11.16507672,54924.2101,0,0,2.330671623,2292.090113,-42.06376461,0,1.180920011,-469.3643242,0.18384643,0,0
0,-0.200534653,0,0.000101221,-883.6735605,11.16507672,54924.2101,0,0,-23.60481133,2274.814117,-41.66349354,0,-11.21715048,-805.8842871,0.18314594,0,0
0,-0.195545866,0,0.000101221,-883.6735605,11.16507672,54924.2101,0,0,-32.16343607,2294.11171,-43.63446785,0,-15.16634634,-982.3969404,0.184378188,0,0
0,-0.191177183,0,0.000101221,-883.6735605,11.16507672,54924.2101,0,0,-26.46799287,2289.415892,-41.98207957,0,-16.32369363,-1695.741227,0.184366577,0,0
0,-0.185473283,0,0.000101221,-883.6735605,11.16507672,54924.2101,0,0,-25.12637785,2274.430122,-42.75672532,0,-16.16664294,-2292.134714,0.184122633,0,0
0,-0.178859527,0,0.000101221,-883.6735605,11.16507672,54924.2101,0,0,-45.46404033,2277.63915,-42.10455949,0,-26.09305747,-1587.306241,0.183791579,0,0
0,-0.174967075,0,0.000101221,-883.6735605,11.16507672,54924.2101,0,0,-32.66291286,2295.458498,-43.0896403,0,-22.8241065,-169.575208,0.186029919,0,0
0,-0.168823304,0,0.000101221,-883.6735605,11.16507672,54924.2101,0,0,-24.17069478,2289.499575,-42.61845555,0,-20.1147794,-650.2707238,0.185401244,0,0
0,-0.163524795,0,0.000101221,-883.6735605,11.16507672,54924.2101,0,0,-37.9067551,2268.31056,-42.61857414,0,-27.41729915,-1811.279549,0.184481451,0,0
0,-0.157740028,0,0.000101221,-883.6735605,11.16507672,54924.2101,0,0,-37.17964525,2296.3121,-42.6748633,0,-29.03086313,-155.8367268,0.186860465,0,0
0,-0.152524523,0,0.000101221,-883.6735605,11.16507672,54924.2101,0,0,-26.12593055,2284.39108,-42.28278198,0,-26.28614376,-1786.680347,0.186629138,0,0
0,-0.148051385,0,0.000101221,-883.6735605,11.16507672,54924.2101,0,0,-32.4759364,2253.672036,-42.17516057,0,-31.69796302,-1021.92686,0.18568207,0,0
0,-0.142257892,0,0.000101221,-883.6735605,11.16507672,54924.2101,0,0,-36.28994672,2236.70769,-42.30819431,0,-34.84745461,-847.0571643,0.186186653,0,0
0,-0.136138332,0,0.000101221,-883.6735605,11.16507672,54924.2101,0,0,-28.58914182,2195.229375,-42.15880406,0,-34.40854936,-2515.297845,0.183631663,0,0
0,-0.131507976,0,0.000101221,-883.6735605,11.16507672,54924.2101,0,0,-36.59849026,2175.532181,-41.67262994,0,-40.51301913,-1279.540268,0.184237148,0,0
0,-0.125371786,0,0.000101221,-883.6735605,11.16507672,54924.2101,0,0,-30.79091551,2153.800708,-41.68129047,0,-39.81129881,-15.44765782,0.185085958,0,0
0,-0.11983701,0,0.000101221,-883.6735605,11.16507672,54924.2101,0,0,-32.91115366,2124.33505,-40.8744352,0,-43.50138154,-1435.638867,0.184393039,0,0
0,-0.115894694,0,0.000101221,-883.6735605,11.16507672,54924.2101,0,0,-34.17855021,2071.439717,-41.01733781,0,-46.2681958,-1874.533414,0.18348418,0,0
0,-0.109736229,0,0.000101221,-883.6735605,11.16507672,54924.2101,0,0,-31.15537098,2031.214518,-40.0732011,0,-47.58924211,-946.6915375,0.183829112,0,0
0,-0.103079071,0,0.000101221,-883.6735605,11.16507672,54924.2101,0,0,-33.89279594,2009.626848,-39.69336927,0,-50.2137222,-998.5862789,0.185928688,0,0
0,-0.098007347,0,0.000101221,-883.6735605,11.16507672,54924.2101,0,0,-34.39200559,1886.009165,-38.68021345,0,-54.16515206,-1125.35733,0.180479383,0,0
0,-0.094052536,0,0.000101221,-883.6735605,11.16507672,54924.2101,0,0,-30.38723766,1925.896261,-38.21890377,0,-53.32123592,-1908.464567,0.186464867,0,0
0,-0.087774952,0,0.000101221,-883.6735605,11.16507672,54924.2101,0,0,-32.84916273,1858.77308,-37.53521651,0,-55.60234998,-546.6779869,0.185987763,0,0
0,-0.081635217,0,0.000101221,-883.6735605,11.16507672,54924.2101,0,0,-34.57489178,1808.102504,-36.47795839,0,-57.53297537,-162.8006945,0.187104079,0,0
0,-0.077521083,0,0.000101221,-883.6735605,11.16507672,54924.2101,0,0,-32.86252308,1689.557438,-35.1814283,0,-58.91430715,-2500.47808,0.18307065,0,0
0,-0.07186753,0,0.000101221,-883.6735605,11.16507672,54924.2101,0,0,-34.37128763,1689.287841,-34.83685088,0,-59.56289359,-1852.426463,0.187638659,0,0
0,-0.065515184,0,0.000101221,-883.6735605,11.16507672,54924.2101,0,0,-34.90466181,1634.879184,-33.34345963,0,-60.3722919,-698.656815,0.190124992,0,0
0,-0.059949691,0,0.000101221,-883.6735605,11.16507672,54924.2101,0,0,-34.61297347,1554.00713,-32.20906445,0,-59.81571854,-1136.906839,0.191069501,0,0
0,-0.055292733,0,0.000101221,-883.6735605,11.16507672,54924.2101,0,0,-41.03274175,1345.731277,-28.95722727,0,-57.07789372,-2091.379723,0.182367468,0,0
0,-0.050170406,0,0.000101221,-883.6735605,11.16507672,54924.2101,0,0,-36.72370281,1413.859717,-29.20126398,0,-59.00592002,989.5707949,0.194811187,0,0
0,-0.04461038,0,0.000101221,-883.6735605,11.16507672,54924.2101,0,0,-37.81957789,1223.25312,-25.56846709,0,-54.10637852,-635.6851556,0.189753216,0,0
0,-0.038516467,0,0.000101221,-883.6735605,11.16507672,54924.2101,0,0,-37.01656356,1116.040798,-22.96209365,0,-49.99052073,-1507.738138,0.193555779,0,0
0,-0.033532576,0,0.000101221,-883.6735605,11.16507672,54924.2101,0,0,-48.9652186,941.3731597,-20.5754196,0,-49.95163735,-1379.304518,0.189904337,0,0
0,-0.028205907,0,0.000101221,-883.6735605,11.16507672,54924.2101,0,0,-44.05679644,808.3054456,-18.02995848,0,-41.63014022,825.4228659,0.190100173,0,0
0,-0.022871693,0,0.000101221,-883.6735605,11.16507672,54924.2101,0,0,-41.62888655,617.0133582,-15.34272954,0,-32.25222978,-26.88295739,0.187286532,0,0
0,-0.017656061,0,0.000101221,-883.6735605,11.16507672,54924.2101,0,0,-50.24121787,467.0616986,-11.79689802,0,-29.63068373,290.9474405,0.186158146,0,0
0,-0.011839814,0,0.000101221,-883.6735605,11.16507672,54924.2101,0,0,-52.96759377,328.5385876,-9.117388763,0,-19.96105703,16.04546624,0.186944365,0,0
0,-0.00677035,0,0.000101221,-883.6735605,11.16507672,54924.2101,0,0,-52.24443073,169.811218,-6.716268376,0,-11.57507203,23.60450961,0.185472875,0,0
0,-0.001427647,0,0.000101221,-883.6735605,11.16507672,54924.2101,0,0,-54.14740844,25.20176183,-4.907646951,0,-3.381252223,410.8675174,0.184661268,0,0
0,0.00417323,0,0.000101221,-883.6735605,11.16507672,54924.2101,0,0,-44.50661778,-119.8616362,-2.005077436,0,6.794731088,763.1661302,0.185883099,0,0
0,0.00957486,0,0.000101221,-883.6735605,11.16507672,54924.2101,0,0,-52.10084205,-247.1956671,0.42835528,0,13.11340426,1116.826067,0.184683166,0,0
0,0.01505421,0,0.000101221,-883.6735605,11.16507672,54924.2101,0,0,-48.22581846,-391.9784484,2.22889675,0,19.85469108,1304.643503,0.18350012,0,0
0,0.020519585,0,0.000101221,-883.6735605,11.16507672,54924.2101,0,0,-36.64934826,-543.5282318,4.223024813,0,29.4054881,1672.705154,0.184251417,0,0
0,0.026179831,0,0.000101221,-883.6735605,11.16507672,54924.2101,0,0,-39.14577569,-672.2388452,7.227964156,0,34.49415388,415.8515057,0.182855302,0,0
0,0.031525541,0,0.000101221,-883.6735605,11.16507672,54924.2101,0,0,-37.54460497,-807.4528176,9.012251766,0,38.06079694,250.5334175,0.183045006,0,0
0,0.036465355,0,0.000101221,-883.6735605,11.16507672,54924.2101,0,0,-32.53483327,-944.1812468,11.57486575,0,43.96288926,762.079311,0.185708888,0,0
0,0.042096479,0,0.000101221,-883.6735605,11.16507672,54924.2101,0,0,-32.0023898,-1112.884373,13.65302667,0,48.62959774,1194.567666,0.187783624,0,0
0,0.0472389,0,0.000101221,-883.6735605,11.16507672,54924.2101,0,0,-20.32773493,-1305.873746,17.00893873,0,52.85054475,-493.4236908,0.194010746,0,0
0,0.052893731,0,0.000101221,-883.6735605,11.16507672,54924.2101,0,0,-33.7520816,-1356.706221,18.70601029,0,51.49395824,1595.178337,0.189048208,0,0
0,0.059049555,0,0.000101221,-883.6735605,11.16507672,54924.2101,0,0,-30.2095765,-1438.899285,19.97413483,0,56.37769552,214.4236003,0.185432578,0,0
0,0.063002523,0,0.000101221,-883.6735605,11.16507672,54924.2101,0,0,-18.29186416,-1585.713908,21.14153749,0,58.08384685,868.328573,0.191165992,0,0
0,0.069168849,0,0.000101221,-883.6735605,11.16507672,54924.2101,0,0,-23.76149152,-1631.79277,23.29614892,0,56.89357897,1318.048751,0.186671841,0,0
0,0.075768182,0,0.000101221,-883.6735605,11.16507672,54924.2101,0,0,-18.91015058,-1779.373382,24.87693229,0,56.0831158,1221.898273,0.189258354,0,0
0,0.079170115,0,0.000101221,-883.6735605,11.16507672,54924.2101,0,0,-27.20253475,-1686.812567,26.62773441,0,57.36728212,1320.860885,0.180423301,0,0
0,0.085191154,0,0.000101221,-883.6735605,11.16507672,54924.2101,0,0,-20.22639698,-1850.53141,27.72475129,0,55.76987645,1180.131271,0.185577056,0,0
0,0.091443402,0,0.000101221,-883.6735605,11.16507672,54924.2101,0,0,-12.51146622,-2004.566682,28.72468816,0,54.03163342,751.891367,0.190366639,0,0
0,0.095842467,0,0.000101221,-883.6735605,11.16507672,54924.2101,0,0,-19.68981707,-1918.06801,30.31797165,0,54.32590405,685.8981719,0.181841831,0,0
0,0.101530816,0,0.000101221,-883.6735605,11.16507672,54924.2101,0,0,-19.7857818,-1973.882145,30.91788704,0,52.25460609,585.0083777,0.181107012,0,0
0,0.107116173,0,0.000101221,-883.6735605,11.16507672,54924.2101,0,0,-13.3627466,-2162.057479,31.73905908,0,46.74035064,1582.927764,0.190659713,0,0
0,0.112055522,0,0.000101221,-883.6735605,11.16507672,54924.2101,0,0,-19.28652164,-2036.48936,32.77380854,0,47.16093267,1247.060484,0.179838037,0,0
0,0.117546754,0,0.000101221,-883.6735605,11.16507672,54924.2101,0,0,-17.7882864,-2077.290844,32.41789748,0,46.19087251,968.9146943,0.178261532,0,0
0,0.123994756,0,0.000101221,-883.6735605,11.16507672,54924.2101,0,0,-20.03626656,-2174.5869,33.17867519,0,40.20876098,1133.156744,0.182838191,0,0
0,0.129726217,0,0.000101221,-883.6735605,11.16507672,54924.2101,0,0,-17.01468143,-2196.79395,34.67826133,0,40.52494585,737.6526382,0.182049052,0,0
0,0.133647669,0,0.000101221,-883.6735605,11.16507672,54924.2101,0,0,-16.03400994,-2235.455869,33.35924777,0,37.30266068,988.3915485,0.18298546,0,0
0,0.139527956,0,0.000101221,-883.6735605,11.16507672,54924.2101,0,0,-17.138423,-2270.431556,34.44767307,0,33.27396862,873.7173194,0.18469433,0,0
0,0.145287851,0,0.000101221,-883.6735605,11.16507672,54924.2101,0,0,-17.91488537,-2266.536422,34.75936657,0,33.82792941,629.6680997,0.182326085,0,0
0,0.150273339,0,0.000101221,-883.6735605,11.16507672,54924.2101,0,0,-17.76719847,-2295.684755,34.10868144,0,30.8907069,940.261736,0.183064329,0,0
0,0.156553343,0,0.000101221,-883.6735605,11.16507672,54924.2101,0,0,-14.09401903,-2323.015231,34.50517983,0,26.49067717,1099.581232,0.185339849,0,0
0,0.160754208,0,0.000101221,-883.6735605,11.16507672,54924.2101,0,0,-20.40715154,-2316.861511,34.58229579,0,26.58472791,1144.907165,0.182953859,0,0
0,0.165395569,0,0.000101221,-883.6735605,11.16507672,54924.2101,0,0,-15.68478645,-2334.351348,34.9639614,0,25.30416872,1329.8739,0.184169535,0,0
0,0.172270508,0,0.000101221,-883.6735605,11.16507672,54924.2101,0,0,-18.61161833,-2332.887086,34.92585754,0,20.8821485,1142.877047,0.183862663,0,0
0,0.177626776,0,0.000101221,-883.6735605,11.16507672,54924.2101,0,0,-13.26750419,-2343.210881,34.97396176,0,22.05228766,987.9760012,0.184361661,0,0
0,0.181759502,0,0.000101221,-883.6735605,11.16507672,54924.2101,0,0,-12.90135482,-2343.514732,35.3698011,0,19.54375256,1387.554298,0.183990224,0,0
0,0.188264286,0,0.000101221,-883.6735605,11.16507672,54924.2101,0,0,-22.46336874,-2337.82742,34.95602134,0,14.31743872,914.154651,0.18350332,0,0
0,0.193368084,0,0.000101221,-883.6735605,11.16507672,54924.2101,0,0,-11.98203682,-2344.560788,35.34688826,0,18.40833124,1168.598455,0.184026252,0,0
0,0.199320403,0,0.000101221,-883.6735605,11.16507672,54924.2101,0,0,-11.24792568,-2310.983016,34.84238442,0,16.08453806,481.2548511,0.181992282,0,0
0,0.204181332,0,0.000101221,-883.6735605,11.16507672,54924.2101,0,0,-18.25695849,-2309.692248,33.76090606,0,11.92971136,1322.785346,0.181618318,0,0
0,0.209522509,0,0.000101221,-883.6735605,11.16507672,54924.2101,0,0,-46.56378873,-2314.640939,35.47880853,0,-1.431376862,1515.792071,0.18172375,0,0
0,0.213492184,0,0.000101221,-883.6735605,11.16507672,54924.2101,0,0,-38.83949767,-2304.81467,35.23027194,0,2.648099338,1096.906531,0.181772701,0,0
0,-0.211713764,0,0.000104482,-660.2050601,11.16551555,54343.49639,0,0,2.373998739,1736.924144,-27.8075584,0,5.761306668,88.38061343,0.189088449,0,0
0,-0.205853795,0,0.000104482,-660.2050601,11.16551555,54343.49639,0,0,14.22601361,1710.040257,-26.05210245,0,7.407127499,-2112.165131,0.187382433,0,0
0,-0.200977249,0,0.000104482,-660.2050601,11.16551555,54343.49639,0,0,-20.97816071,1743.250958,-28.59566288,0,-4.498206116,507.6747952,0.189986293,0,0
0,-0.194560669,0,0.000104482,-660.2050601,11.16551555,54343.49639,0,0,-23.75496623,1747.062914,-28.13162972,0,-8.209529197,939.4691009,0.190425439,0,0
0,-0.190275172,0,0.000104482,-660.2050601,11.16551555,54343.49639,0,0,-16.75744053,1761.336897,-27.68816023,0,-4.051465822,2199.814422,0.191208324,0,0
0,-0.185454268,0,0.000104482,-660.2050601,11.16551555,54343.49639,0,0,-15.66174065,1756.344925,-28.150768,0,-5.246990732,-166.7836787,0.1909247,0,0
0,-0.178318674,0,0.000104482,-660.2050601,11.16551555,54343.49639,0,0,-29.37317104,1759.942029,-28.32707621,0,-12.04498522,-494.1626415,0.19116771,0,0
0,-0.173201067,0,0.000104482,-660.2050601,11.16551555,54343.49639,0,0,-18.54693703,1765.722416,-27.60201588,0,-8.269598784,-436.8660603,0.191648404,0,0
0,-0.169682132,0,0.000104482,-660.2050601,11.16551555,54343.49639,0,0,-14.2524867,1759.969092,-28.3717902,0,-6.977263668,-1467.69627,0.191021626,0,0
0,-0.16244385,0,0.000104482,-660.2050601,11.16551555,54343.49639,0,0,-26.38338887,1760.014562,-28.09711376,0,-13.26432719,-1327.480728,0.191383332,0,0
0,-0.156607806,0,0.000104482,-660.2050601,11.16551555,54343.49639,0,0,-22.26651343,1751.047294,-27.99295318,0,-11.81575144,103.5310063,0.190545011,0,0
0,-0.152621924,0,0.000104482,-660.2050601,11.16551555,54343.49639,0,0,-14.64941539,1767.102389,-28.30449049,0,-11.2167362,-448.2342143,0.192624805,0,0
0,-0.146629932,0,0.000104482,-660.2050601,11.16551555,54343.49639,0,0,-24.16642093,1758.73253,-28.18033116,0,-14.72868255,-32.35673787,0.191779113,0,0
0,-0.140968393,0,0.000104482,-660.2050601,11.16551555,54343.49639,0,0,-27.28525176,1749.067653,-27.99146006,0,-17.24274967,-1193.645988,0.190830183,0,0
0,-0.136213555,0,0.000104482,-660.2050601,11.16551555,54343.49639,0,0,-15.97226873,1763.44828,-27.58090419,0,-14.21073963,-490.4917983,0.193713265,0,0
0,-0.130605126,0,0.000104482,-660.2050601,11.16551555,54343.49639,0,0,-20.56375997,1746.430807,-27.80656835,0,-16.64125957,204.8028277,0.192473744,0,0
0,-0.12549441,0,0.000104482,-660.2050601,11.16551555,54343.49639,0,0,-27.88001255,1712.030737,-27.78621448,0,-20.90437723,-1016.556936,0.189496846,0,0
0,-0.119816244,0,0.000104482,-660.2050601,11.16551555,54343.49639,0,0,-17.59849969,1715.221459,-27.5956089,0,-18.34654928,-221.6723614,0.191925138,0,0
0,-0.113583114,0,0.000104482,-660.2050601,11.16551555,54343.49639,0,0,-21.62448694,1718.108935,-27.19270427,0,-22.0918446,-981.6557934,0.194076529,0,0
0,-0.109840307,0,0.000104482,-660.2050601,11.16551555,54343.49639,0,0,-26.20280721,1661.214207,-27.86539811,0,-24.78326247,-660.3583882,0.188726717,0,0
0,-0.104298653,0,0.000104482,-660.2050601,11.16551555,54343.49639,0,0,-18.35592608,1655.245279,-26.83186455,0,-24.16326906,-1227.073049,0.190789757,0,0
0,-0.097633695,0,0.000104482,-660.2050601,11.16551555,54343.49639,0,0,-22.66422818,1638.322559,-26.37482019,0,-27.46292366,-1094.695498,0.192074209,0,0
0,-0.092753934,0,0.000104482,-660.2050601,11.16551555,54343.49639,0,0,-20.41527194,1593.253119,-25.88166807,0,-29.54618122,386.9786304,0.189838829,0,0
0,-0.088520818,0,0.000104482,-660.2050601,11.16551555,54343.49639,0,0,-19.26628438,1592.815177,-25.87702217,0,-30.16899578,-884.5086544,0.19218568,0,0
0,-0.081603343,0,0.000104482,-660.2050601,11.16551555,54343.49639,0,0,-22.16016198,1556.216614,-25.0360037,0,-33.45049922,-677.135141,0.192779995,0,0
0,-0.076129661,0,0.000104482,-660.2050601,11.16551555,54343.49639,0,0,-20.33255472,1512.166263,-24.86228865,0,-35.09203154,-1117.845112,0.192478485,0,0
0,-0.072235567,0,0.000104482,-660.2050601,11.16551555,54343.49639,0,0,-20.65227693,1486.951038,-24.19251593,0,-36.46370738,-548.7256769,0.193172472,0,0
0,-0.065630742,0,0.000104482,-660.2050601,11.16551555,54343.49639,0,0,-23.57273612,1425.4339,-23.51900342,0,-38.39482995,124.225108,0.193804002,0,0
0,-0.059525799,0,0.000104482,-660.2050601,11.16551555,54343.49639,0,0,-22.43718248,1401.871533,-22.13083846,0,-39.18609872,-617.4076327,0.198338304,0,0
0,-0.055775343,0,0.000104482,-660.2050601,11.16551555,54343.49639,0,0,-25.1703404,1267.031158,-21.27723318,0,-38.04251089,285.2385675,0.190804653,0,0
0,-0.049998282,0,0.000104482,-660.2050601,11.16551555,54343.49639,0,0,-27.49283702,1214.447553,-20.39024934,0,-39.27771584,-368.204338,0.194195441,0,0
0,-0.043742306,0,0.000104482,-660.2050601,11.16551555,54343.49639,0,0,-23.98183595,1133.556559,-18.9271748,0,-36.31975453,-636.58706,0.19680736,0,0
0,-0.038729508,0,0.000104482,-660.2050601,11.16551555,54343.49639,0,0,-25.66482337,1030.945292,-17.73317506,0,-35.28824997,366.2337962,0.19689348,0,0
0,-0.033449972,0,0.000104482,-660.2050601,11.16551555,54343.49639,0,0,-37.97607556,882.3769167,-16.82096382,0,-34.58088029,543.4616051,0.192204453,0,0
0,-0.027926324,0,0.000104482,-660.2050601,11.16551555,54343.49639,0,0,-30.36080755,784.117039,-13.97072423,0,-29.95782697,501.1441312,0.194811009,0,0
0,-0.022845951,0,0.000104482,-660.2050601,11.16551555,54343.49639,0,0,-23.89064638,627.0615502,-12.67856132,0,-22.90974062,-38.58683486,0.192505738,0,0
0,-0.017041681,0,0.000104482,-660.2050601,11.16551555,54343.49639,0,0,-41.35932939,474.7921946,-10.28170701,0,-22.25641901,925.4145414,0.191272177,0,0
0,-0.011467305,0,0.000104482,-660.2050601,11.16551555,54343.49639,0,0,-37.69395788,328.6357805,-8.299039119,0,-15.00371035,550.29072,0.19139251,0,0
0,-0.006457842,0,0.000104482,-660.2050601,11.16551555,54343.49639,0,0,-39.58206149,166.8498147,-6.604459658,0,-8.364441733,304.1109233,0.187085851,0,0
0,-0.001113351,0,0.000104482,-660.2050601,11.16551555,54343.49639,0,0,-36.78604523,22.30657601,-4.30885329,0,-1.799184769,1271.359999,0.189545054,0,0
0,0.004496297,0,0.000104482,-660.2050601,11.16551555,54343.49639,0,0,-36.54159116,-121.8913643,-2.263855815,0,6.040885672,1149.847391,0.189257635,0,0
0,0.010014406,0,0.000104482,-660.2050601,11.16551555,54343.49639,0,0,-36.72041828,-258.5424868,-0.724654091,0,9.735790538,147.9306009,0.187130761,0,0
0,0.015551892,0,0.000104482,-660.2050601,11.16551555,54343.49639,0,0,-32.38476911,-395.5039621,0.426711792,0,14.40072212,588.0770093,0.184781726,0,0
0,0.020269853,0,0.000104482,-660.2050601,11.16551555,54343.49639,0,0,-30.54864004,-518.1369332,2.101726538,0,21.5163941,1798.137505,0.186246002,0,0
0,0.025887795,0,0.000104482,-660.2050601,11.16551555,54343.49639,0,0,-23.97416985,-628.0327702,3.938350806,0,24.58936802,1371.116654,0.183354094,0,0
0,0.03135506,0,0.000104482,-660.2050601,11.16551555,54343.49639,0,0,-22.10261636,-765.5982181,5.239531751,0,25.62416237,183.9033666,0.185825074,0,0
0,0.037170699,0,0.000104482,-660.2050601,11.16551555,54343.49639,0,0,-21.65962773,-875.0555274,6.914420425,0,29.42997854,950.4192095,0.186167265,0,0
0,0.042988655,0,0.000104482,-660.2050601,11.16551555,54343.49639,0,0,-18.12334815,-1012.0606,8.132758854,0,32.83235753,1278.846485,0.1888455,0,0
0,0.04726519,0,0.000104482,-660.2050601,11.16551555,54343.49639,0,0,-14.76807639,-1113.492834,9.229975603,0,34.9959849,1125.919044,0.192556706,0,0
0,0.052585043,0,0.000104482,-660.2050601,11.16551555,54343.49639,0,0,-21.11660499,-1200.607744,10.68171897,0,32.58397468,1726.668804,0.193280844,0,0
0,0.058879341,0,0.000104482,-660.2050601,11.16551555,54343.49639,0,0,-13.75062845,-1298.793938,11.81053366,0,35.38599577,817.2240231,0.193210624,0,0
0,0.064387762,0,0.000104482,-660.2050601,11.16551555,54343.49639,0,0,-5.929648115,-1417.867598,12.21932021,0,36.34316812,947.4539693,0.197525527,0,0
0,0.068881141,0,0.000104482,-660.2050601,11.16551555,54343.49639,0,0,-17.42622322,-1375.183272,14.08544105,0,36.0700456,355.4907298,0.186967519,0,0
0,0.075116735,0,0.000104482,-660.2050601,11.16551555,54343.49639,0,0,-11.6122867,-1492.919068,14.42060674,0,34.24975959,1159.329307,0.192423623,0,0
0,0.080680543,0,0.000104482,-660.2050601,11.16551555,54343.49639,0,0,-7.869153267,-1589.173016,14.68105714,0,32.36326361,1358.623987,0.196542374,0,0
0,0.085630391,0,0.000104482,-660.2050601,11.16551555,54343.49639,0,0,-14.28654852,-1509.34908,16.52222264,0,33.48299352,1331.847504,0.183714757,0,0
0,0.090379939,0,0.000104482,-660.2050601,11.16551555,54343.49639,0,0,-6.044845609,-1654.701813,15.94662215,0,30.9772346,970.6953238,0.195182793,0,0
0,0.09600793,0,0.000104482,-660.2050601,11.16551555,54343.49639,0,0,-9.115511954,-1646.204349,16.44728969,0,28.70998687,1092.661658,0.190662769,0,0
0,0.101706363,0,0.000104482,-660.2050601,11.16551555,54343.49639,0,0,-11.21698003,-1597.364795,17.76544285,0,29.17150829,941.0761588,0.181570025,0,0
0,0.107241138,0,0.000104482,-660.2050601,11.16551555,54343.49639,0,0,-9.809612095,-1689.315525,17.62654306,0,25.01696094,1150.354397,0.188884814,0,0
0,0.113445845,0,0.000104482,-660.2050601,11.16551555,54343.49639,0,0,-5.430053767,-1755.959865,17.71387457,0,22.69593323,809.2735427,0.194268207,0,0
0,0.116962343,0,0.000104482,-660.2050601,11.16551555,54343.49639,0,0,-8.732902858,-1701.628518,18.74055074,0,25.05757226,769.7969732,0.185018576,0,0
0,0.122912016,0,0.000104482,-660.2050601,11.16551555,54343.49639,0,0,-10.95174931,-1748.494836,18.62716834,0,20.05476409,740.418286,0.189431305,0,0
0,0.129781021,0,0.000104482,-660.2050601,11.16551555,54343.49639,0,0,-7.941839151,-1763.417636,19.24655671,0,19.87889638,981.1300162,0.188957371,0,0
0,0.134872812,0,0.000104482,-660.2050601,11.16551555,54343.49639,0,0,-10.57254766,-1785.469558,18.54748156,0,18.59505725,791.3527799,0.188914657,0,0
0,0.138781923,0,0.000104482,-660.2050601,11.16551555,54343.49639,0,0,-7.683665692,-1790.339653,19.26928392,0,15.9210264,567.9891537,0.190832315,0,0
0,0.144792122,0,0.000104482,-660.2050601,11.16551555,54343.49639,0,0,-9.867854718,-1793.916366,19.24778012,0,15.70614692,1237.668366,0.189796825,0,0
0,0.149936841,0,0.000104482,-660.2050601,11.16551555,54343.49639,0,0,-7.802078985,-1805.87676,18.66571271,0,15.78657271,433.1901567,0.18978181,0,0
0,0.156241748,0,0.000104482,-660.2050601,11.16551555,54343.49639,0,0,-8.659214562,-1809.11228,19.38412061,0,12.56604098,1131.311411,0.191335921,0,0
0,0.16131222,0,0.000104482,-660.2050601,11.16551555,54343.49639,0,0,-9.446959276,-1809.468624,19.38685549,0,11.43688199,945.6285546,0.190188549,0,0
0,0.165651161,0,0.000104482,-660.2050601,11.16551555,54343.49639,0,0,-4.837224318,-1805.215761,18.99632942,0,14.03137944,1126.680132,0.190226384,0,0
0,0.171864305,0,0.000104482,-660.2050601,11.16551555,54343.49639,0,0,-13.33444664,-1809.928501,19.29662293,0,8.560077803,670.1171859,0.191177116,0,0
0,0.177994469,0,0.000104482,-660.2050601,11.16551555,54343.49639,0,0,-1.399766506,-1813.752365,18.95837028,0,14.30034465,1272.395253,0.192056126,0,0
0,0.181638039,0,0.000104482,-660.2050601,11.16551555,54343.49639,0,0,-2.843070266,-1787.316023,18.9272349,0,10.4162859,1475.912304,0.189159598,0,0
0,0.188714974,0,0.000104482,-660.2050601,11.16551555,54343.49639,0,0,-14.97913003,-1773.863719,19.16322039,0,5.900928747,1127.376695,0.189668564,0,0
0,0.192535829,0,0.000104482,-660.2050601,11.16551555,54343.49639,0,0,-13.39663894,-1753.721668,18.32159138,0,7.049752797,1511.581035,0.187790459,0,0
0,0.199505959,0,0.000104482,-660.2050601,11.16551555,54343.49639,0,0,-2.240086188,-1717.653023,18.50632244,0,12.07525973,1347.42203,0.186765304,0,0
0,0.204906312,0,0.000104482,-660.2050601,11.16551555,54343.49639,0,0,-17.90929472,-1715.160277,18.55894873,0,5.964346549,-116.783887,0.187285726,0,0
0,0.209448716,0,0.000104482,-660.2050601,11.16551555,54343.49639,0,0,-20.13025713,-1701.181323,17.45691022,0,3.341514112,1234.007406,0.184574119,0,0
0,0.214191594,0,0.000104482,-660.2050601,11.16551555,54343.49639,0,0,-29.67959794,-1709.249338,17.6680691,0,-0.567810923,421.7689145,0.188574142,0,0
0,-0.208647587,0,0.000107815,-214.637504,11.16564838,54395.54575,0,0,14.694889,588.2061771,-5.32906811,0,8.339394243,-383.7328494,0.198159337,0,0
0,-0.203347947,0,0.000107815,-214.637504,11.16564838,54395.54575,0,0,-3.725449778,592.5381272,-5.18758459,0,0.003583433,-0.062332019,0.201010138,0,0
0,-0.197997432,0,0.000107815,-214.637504,11.16564838,54395.54575,0,0,-7.051798845,604.0338754,-5.196752469,0,-0.164193792,-43.91707033,0.204159887,0,0
0,-0.192862498,0,0.000107815,-214.637504,11.16564838,54395.54575,0,0,10.68818503,610.1342846,-4.718443027,0,7.967544267,-295.7841503,0.205806199,0,0
0,-0.187828604,0,0.000107815,-214.637504,11.16564838,54395.54575,0,0,-5.160179095,601.8056785,-5.463672143,0,-1.034644892,-149.7764573,0.202443108,0,0
0,-0.182633508,0,0.000107815,-214.637504,11.16564838,54395.54575,0,0,-12.87507941,605.0253757,-4.676769052,0,-4.351377136,-583.7595665,0.202869194,0,0
0,-0.177356137,0,0.000107815,-214.637504,11.16564838,54395.54575,0,0,-9.256942534,614.1479527,-4.863276114,0,-1.786839552,79.62162553,0.205187054,0,0
0,-0.17164398,0,0.000107815,-214.637504,11.16564838,54395.54575,0,0,-6.175381115,606.3730523,-4.812176978,0,-1.728841206,-623.7087688,0.202751034,0,0
0,-0.165566074,0,0.000107815,-214.637504,11.16564838,54395.54575,0,0,-8.584367338,604.3563005,-5.224882161,0,-2.703242262,668.4166768,0.201786742,0,0
0,-0.161130904,0,0.000107815,-214.637504,11.16564838,54395.54575,0,0,-9.794064658,610.128348,-5.26079306,0,-2.976855653,-1270.626672,0.203786761,0,0
0,-0.155897371,0,0.000107815,-214.637504,11.16564838,54395.54575,0,0,-7.756768425,608.3868229,-4.984239527,0,-2.350911735,-38.38427392,0.202664329,0,0
0,-0.149885059,0,0.000107815,-214.637504,11.16564838,54395.54575,0,0,-7.956896842,608.6538546,-5.140062788,0,-2.581954669,1839.379564,0.202037245,0,0
0,-0.144867874,0,0.000107815,-214.637504,11.16564838,54395.54575,0,0,-6.802422234,612.0192816,-5.006990884,0,-2.365653048,-242.0748774,0.202653644,0,0
0,-0.140677377,0,0.000107815,-214.637504,11.16564838,54395.54575,0,0,-6.822851144,606.8823173,-5.190552781,0,-3.002060755,-502.0913946,0.200300458,0,0
0,-0.134096721,0,0.000107815,-214.637504,11.16564838,54395.54575,0,0,-9.96882748,611.6005218,-5.219865606,0,-4.562219979,-176.0963146,0.202230651,0,0
0,-0.128480335,0,0.000107815,-214.637504,11.16564838,54395.54575,0,0,-3.458687019,615.9393295,-4.941130632,0,-1.035138313,638.1186332,0.203225896,0,0
0,-0.123304433,0,0.000107815,-214.637504,11.16564838,54395.54575,0,0,-10.69230622,603.7865843,-5.581846371,0,-5.371812556,-1667.813227,0.198085985,0,0
0,-0.118134896,0,0.000107815,-214.637504,11.16564838,54395.54575,0,0,-9.226568907,608.1473972,-5.17220304,0,-4.668193395,-1103.078651,0.200303439,0,0
0,-0.112428233,0,0.000107815,-214.637504,11.16564838,54395.54575,0,0,-4.979629553,617.3526334,-5.137747301,0,-2.698502228,364.2940377,0.2036628,0,0
0,-0.10711873,0,0.000107815,-214.637504,11.16564838,54395.54575,0,0,-9.339956433,608.3531169,-5.203917052,0,-5.727905592,532.8962743,0.200275446,0,0
0,-0.10184138,0,0.000107815,-214.637504,11.16564838,54395.54575,0,0,-9.153031846,606.2129149,-5.204172394,0,-5.102238682,485.990917,0.199344885,0,0
0,-0.096707045,0,0.000107815,-214.637504,11.16564838,54395.54575,0,0,-6.566556282,610.9377753,-4.797112609,0,-4.396075158,244.1510964,0.20235961,0,0
0,-0.091268176,0,0.000107815,-214.637504,11.16564838,54395.54575,0,0,-9.343130152,602.780024,-5.02015288,0,-6.803596756,-1453.571326,0.19962214,0,0
0,-0.086486758,0,0.000107815,-214.637504,11.16564838,54395.54575,0,0,-9.135718714,599.4853463,-4.826443265,0,-6.730399171,717.4613189,0.200283471,0,0
0,-0.08118506,0,0.000107815,-214.637504,11.16564838,54395.54575,0,0,-7.787531477,597.1978638,-5.057180331,0,-4.967484575,-1195.660219,0.201589621,0,0
0,-0.075442868,0,0.000107815,-214.637504,11.16564838,54395.54575,0,0,-10.95315062,586.0187931,-5.014046848,0,-8.031897905,386.8933091,0.198683763,0,0
0,-0.069713436,0,0.000107815,-214.637504,11.16564838,54395.54575,0,0,-10.12654664,583.2109415,-4.909469514,0,-8.221725187,1156.52297,0.200407255,0,0
0,-0.06532541,0,0.000107815,-214.637504,11.16564838,54395.54575,0,0,-9.386898018,568.1505016,-4.922440188,0,-5.998609868,-1019.391561,0.202918464,0,0
0,-0.059019367,0,0.000107815,-214.637504,11.16564838,54395.54575,0,0,-9.877937595,549.1325478,-5.011167238,0,-8.004868439,-1880.321982,0.201314711,0,0
0,-0.053305254,0,0.000107815,-214.637504,11.16564838,54395.54575,0,0,-13.80083656,533.6215597,-4.356964474,0,-10.59245369,144.84049,0.198003375,0,0
0,-0.049580588,0,0.000107815,-214.637504,11.16564838,54395.54575,0,0,-10.85271534,505.9025404,-5.217802943,0,-5.762582106,-1323.452197,0.203709979,0,0
0,-0.043692636,0,0.000107815,-214.637504,11.16564838,54395.54575,0,0,-10.36321741,482.0247701,-4.689369761,0,-7.133641179,-751.4369703,0.201721154,0,0
0,-0.037250878,0,0.000107815,-214.637504,11.16564838,54395.54575,0,0,-16.59645125,451.1440912,-4.394946262,0,-11.41480625,-772.5075687,0.201164572,0,0
0,-0.033313306,0,0.000107815,-214.637504,11.16564838,54395.54575,0,0,-15.24624959,406.769423,-4.838102765,0,-6.705872238,208.0065901,0.203438828,0,0
0,-0.027340274,0,0.000107815,-214.637504,11.16564838,54395.54575,0,0,-9.377439193,374.9761715,-4.735620703,0,-4.807476016,314.3010366,0.203984975,0,0
0,-0.020925269,0,0.000107815,-214.637504,11.16564838,54395.54575,0,0,-17.56259778,333.7078013,-4.089972511,0,-8.332708121,-486.1193698,0.214202376,0,0
0,-0.017119985,0,0.000107815,-214.637504,11.16564838,54395.54575,0,0,-21.9077812,264.5608392,-4.625818899,0,-7.409895356,312.7267746,0.206233539,0,0
0,-0.011262674,0,0.000107815,-214.637504,11.16564838,54395.54575,0,0,-14.7555116,203.1410015,-3.728601474,0,-2.822251658,-77.92816299,0.21462567,0,0
0,-0.005548657,0,0.000107815,-214.637504,11.16564838,54395.54575,0,0,-21.67467377,103.2016142,-3.420632578,0,-4.025837618,-981.7686564,0.220703926,0,0
0,-0.000545581,0,0.000107815,-214.637504,11.16564838,54395.54575,0,0,-21.82340046,3.008119171,-4.126055499,0,-1.114525734,1194.317369,0.21019174,0,0
0,0.004835506,0,0.000107815,-214.637504,11.16564838,54395.54575,0,0,-10.1147683,-88.63032753,-3.688021821,0,4.230479007,1756.881499,0.208665992,0,0
0,0.010342748,0,0.000107815,-214.637504,11.16564838,54395.54575,0,0,-20.43231161,-165.4499033,-3.284075528,0,-0.252683835,1135.190913,0.200873876,0,0
0,0.014962763,0,0.000107815,-214.637504,11.16564838,54395.54575,0,0,-20.34730797,-230.4936434,-2.848234967,0,2.84482339,179.0428085,0.202743508,0,0
0,0.02144198,0,0.000107815,-214.637504,11.16564838,54395.54575,0,0,-6.783580269,-286.6385624,-2.602020251,0,7.015146226,-755.2500621,0.193609188,0,0
0,0.026498573,0,0.000107815,-214.637504,11.16564838,54395.54575,0,0,-10.14089091,-321.7960106,-2.353856351,0,5.778692975,-137.5458961,0.188292541,0,0
0,0.031195397,0,0.000107815,-214.637504,11.16564838,54395.54575,0,0,-13.54965019,-358.4316608,-2.297964001,0,3.82549843,3.944696045,0.189830018,0,0
0,0.038051359,0,0.000107815,-214.637504,11.16564838,54395.54575,0,0,-5.528441625,-405.1718921,-2.293246347,0,7.49315152,1343.868161,0.190260806,0,0
0,0.041680079,0,0.000107815,-214.637504,11.16564838,54395.54575,0,0,-2.892270285,-423.0175025,-2.493301152,0,7.674873265,296.904408,0.184690724,0,0
0,0.047387298,0,0.000107815,-214.637504,11.16564838,54395.54575,0,0,-9.92572166,-461.5581834,-2.483945845,0,5.312178747,1387.204783,0.190394867,0,0
0,0.053373099,0,0.000107815,-214.637504,11.16564838,54395.54575,0,0,-4.33122279,-502.2277878,-2.402706665,0,7.5712717,864.685245,0.195080438,0,0
0,0.057753215,0,0.000107815,-214.637504,11.16564838,54395.54575,0,0,-5.817929224,-521.1874019,-2.260355554,0,5.924352981,1008.467545,0.196318938,0,0
0,0.063548152,0,0.000107815,-214.637504,11.16564838,54395.54575,0,0,-2.669031745,-538.1980721,-2.354523665,0,7.323272094,402.8581714,0.194726096,0,0
0,0.069423028,0,0.000107815,-214.637504,11.16564838,54395.54575,0,0,-6.395436218,-565.8106665,-2.131173442,0,5.59974963,1602.14136,0.198250209,0,0
0,0.074479194,0,0.000107815,-214.637504,11.16564838,54395.54575,0,0,-4.265426781,-567.613408,-2.166490636,0,5.740854625,1083.021534,0.19520834,0,0
0,0.08005547,0,0.000107815,-214.637504,11.16564838,54395.54575,0,0,-0.859034469,-582.7403039,-2.4053258,0,6.422678095,1205.536498,0.196955254,0,0
0,0.085413722,0,0.000107815,-214.637504,11.16564838,54395.54575,0,0,-5.372421273,-592.8111663,-2.294225668,0,4.752376731,438.9252272,0.198024214,0,0
0,0.090353421,0,0.000107815,-214.637504,11.16564838,54395.54575,0,0,-2.188971419,-592.2421359,-2.313348008,0,5.449663526,1261.625342,0.194416097,0,0
0,0.095452374,0,0.000107815,-214.637504,11.16564838,54395.54575,0,0,-2.477544447,-602.6644255,-2.577175606,0,5.185016994,1212.550742,0.19784695,0,0
0,0.101448857,0,0.000107815,-214.637504,11.16564838,54395.54575,0,0,-1.976547843,-604.3660227,-1.997700536,0,4.222377738,739.5527371,0.196805505,0,0
0,0.106573399,0,0.000107815,-214.637504,11.16564838,54395.54575,0,0,-1.657332622,-612.6110297,-2.452648475,0,4.975076036,1080.719691,0.198679158,0,0
0,0.111926353,0,0.000107815,-214.637504,11.16564838,54395.54575,0,0,0.034938487,-602.8795558,-2.663439839,0,4.300917453,1361.670309,0.192569518,0,0
0,0.117499144,0,0.000107815,-214.637504,11.16564838,54395.54575,0,0,-3.33429235,-614.7773593,-2.38974507,0,3.096421602,-470.1913808,0.197717322,0,0
0,0.12290143,0,0.000107815,-214.637504,11.16564838,54395.54575,0,0,0.414085071,-619.3963628,-2.380460868,0,3.50631694,1661.203385,0.200071417,0,0
0,0.128134744,0,0.000107815,-214.637504,11.16564838,54395.54575,0,0,-1.162075295,-615.8792613,-2.800356349,0,3.511195462,-273.5797413,0.19608086,0,0
0,0.133616768,0,0.000107815,-214.637504,11.16564838,54395.54575,0,0,-2.212099571,-618.8487423,-2.677855076,0,2.919180593,43.40425363,0.197709835,0,0
0,0.138677252,0,0.000107815,-214.637504,11.16564838,54395.54575,0,0,-2.1735438,-621.1655959,-2.202269557,0,2.79193059,1223.398146,0.199519311,0,0
0,0.144326449,0,0.000107815,-214.637504,11.16564838,54395.54575,0,0,0.950916401,-618.2832927,-2.28255618,0,3.271580992,439.6774478,0.197475388,0,0
0,0.149554395,0,0.000107815,-214.637504,11.16564838,54395.54575,0,0,-1.416520321,-621.7207427,-2.415776991,0,1.986996748,1160.218752,0.198798327,0,0
0,0.15462101,0,0.000107815,-214.637504,11.16564838,54395.54575,0,0,-3.343589905,-623.2458102,-2.659361879,0,2.013897747,564.4650191,0.198616481,0,0
0,0.160579213,0,0.000107815,-214.637504,11.16564838,54395.54575,0,0,1.198659851,-624.0257783,-2.307875449,0,3.037903189,1712.363918,0.199514105,0,0
0,0.165574223,0,0.000107815,-214.637504,11.16564838,54395.54575,0,0,-2.153869323,-626.8209743,-2.027157414,0,1.64479035,770.1515201,0.202159393,0,0
0,0.170685688,0,0.000107815,-214.637504,11.16564838,54395.54575,0,0,-2.590805259,-618.7019082,-2.748707248,0,1.099781449,567.7467801,0.196702131,0,0
0,0.176036929,0,0.000107815,-214.637504,11.16564838,54395.54575,0,0,2.650846241,-622.592236,-2.452736645,0,3.018371541,253.9122597,0.200366701,0,0
0,0.18155318,0,0.000107815,-214.637504,11.16564838,54395.54575,0,0,-2.921927407,-618.472541,-2.939854067,0,1.470258933,1116.503423,0.198134186,0,0
0,0.187357113,0,0.000107815,-214.637504,11.16564838,54395.54575,0,0,-3.682359663,-615.826477,-2.887473338,0,0.186548423,560.5452879,0.196759064,0,0
0,0.192503931,0,0.000107815,-214.637504,11.16564838,54395.54575,0,0,5.615908609,-616.7144316,-2.607975539,0,3.665456328,963.582556,0.200729697,0,0
0,0.197234634,0,0.000107815,-214.637504,11.16564838,54395.54575,0,0,-0.826861719,-609.8125111,-2.778188331,0,1.33453722,1049.777532,0.194771081,0,0
0,0.202669309,0,0.000107815,-214.637504,11.16564838,54395.54575,0,0,-20.99277083,-607.5976876,-2.755620058,0,-7.403375316,502.5577668,0.195263346,0,0
0,0.207661308,0,0.000107815,-214.637504,11.16564838,54395.54575,0,0,-3.278488832,-608.8118656,-2.474058162,0,0.047732899,-233.7731355,0.196499497,0,0
0,0.2120064,0,0.000107815,-214.637504,11.16564838,54395.54575,0,0,-11.47209996,-602.0550563,-2.375649496,0,-2.933663049,1523.489173,0.191609864,0,0
0,-0.210745835,0,9.54E-05,-1106.217795,11.16462675,54101.61989,0,0,-45.81854275,2698.968674,-57.04606099,0,-27.88463527,-517.0936631,0.174887105,0,0
0,-0.207707542,0,9.54E-05,-1106.217795,11.16462675,54101.61989,0,0,-12.56298275,2712.847274,-55.96801123,0,-13.07982948,-1884.592735,0.175012221,0,0
0,-0.200302011,0,9.54E-05,-1106.217795,11.16462675,54101.61989,0,0,-49.55374524,2684.133188,-56.54980361,0,-32.14565139,-1868.187815,0.174261717,0,0
0,-0.195324394,0,9.54E-05,-1106.217795,11.16462675,54101.61989,0,0,-38.65683315,2740.178698,-57.31553082,0,-27.77850879,-792.7081018,0.177080466,0,0
0,-0.191333711,0,9.54E-05,-1106.217795,11.16462675,54101.61989,0,0,-50.10893251,2696.455949,-56.50566657,0,-37.25485893,-959.9306774,0.175090698,0,0
0,-0.184962923,0,9.54E-05,-1106.217795,11.16462675,54101.61989,0,0,-43.63070208,2705.909845,-57.03348074,0,-35.57635241,-1152.1131,0.176367271,0,0
0,-0.179418347,0,9.54E-05,-1106.217795,11.16462675,54101.61989,0,0,-62.68016195,2640.284272,-56.7986384,0,-48.31370429,-487.2999216,0.174086492,0,0
0,-0.173773854,0,9.54E-05,-1106.217795,11.16462675,54101.61989,0,0,-44.25557516,2685.348638,-56.73585181,0,-42.6093173,-1395.376777,0.177048186,0,0
0,-0.167830565,0,9.54E-05,-1106.217795,11.16462675,54101.61989,0,0,-52.77533334,2621.057269,-56.08578302,0,-50.27924335,-1980.729265,0.175444916,0,0
0,-0.162890196,0,9.54E-05,-1106.217795,11.16462675,54101.61989,0,0,-56.89036738,2470.232272,-55.63043932,0,-57.99324682,-1172.809528,0.169634619,0,0
0,-0.157876404,0,9.54E-05,-1106.217795,11.16462675,54101.61989,0,0,-48.95401946,2521.759544,-55.69038297,0,-55.01388514,-917.3742584,0.173794304,0,0
0,-0.151386853,0,9.54E-05,-1106.217795,11.16462675,54101.61989,0,0,-56.69904563,2463.129179,-55.35762502,0,-62.98986368,-914.3138329,0.173515444,0,0
0,-0.148078958,0,9.54E-05,-1106.217795,11.16462675,54101.61989,0,0,-53.72226045,2462.431123,-55.36856397,0,-63.00291815,99.58211424,0.174734904,0,0
0,-0.142006767,0,9.54E-05,-1106.217795,11.16462675,54101.61989,0,0,-51.91705917,2408.602933,-54.18239549,0,-65.81062623,-1276.914076,0.174538994,0,0
0,-0.135566482,0,9.54E-05,-1106.217795,11.16462675,54101.61989,0,0,-56.73495178,2299.448954,-53.62867157,0,-71.4340298,-865.297475,0.172777107,0,0
0,-0.130460883,0,9.54E-05,-1106.217795,11.16462675,54101.61989,0,0,-58.62458047,2216.682894,-52.23018454,0,-74.92072868,-294.4342472,0.171577205,0,0
0,-0.125549943,0,9.54E-05,-1106.217795,11.16462675,54101.61989,0,0,-50.53910116,2468.988399,-54.25151461,0,-69.2519423,-1213.643502,0.18477538,0,0
0,-0.119890314,0,9.54E-05,-1106.217795,11.16462675,54101.61989,0,0,-55.93693246,2135.46276,-50.68622737,0,-78.855604,-1181.264935,0.173597938,0,0
0,-0.114473176,0,9.54E-05,-1106.217795,11.16462675,54101.61989,0,0,-60.14422605,2037.157573,-48.49779567,0,-81.22806367,-207.972808,0.172166363,0,0
0,-0.109562281,0,9.54E-05,-1106.217795,11.16462675,54101.61989,0,0,-49.96840259,2358.383452,-52.43548751,0,-77.8156268,-1316.135681,0.188571725,0,0
0,-0.103660184,0,9.54E-05,-1106.217795,11.16462675,54101.61989,0,0,-56.43085387,2050.572949,-48.0171238,0,-83.54098049,-1187.793419,0.179143318,0,0
0,-0.09734453,0,9.54E-05,-1106.217795,11.16462675,54101.61989,0,0,-63.80564247,1846.55755,-44.11173559,0,-85.50246573,-1714.869583,0.173987932,0,0
0,-0.094136577,0,9.54E-05,-1106.217795,11.16462675,54101.61989,0,0,-50.84838555,2099.953947,-48.56521423,0,-83.87099321,-1102.532305,0.187511783,0,0
0,-0.087888672,0,9.54E-05,-1106.217795,11.16462675,54101.61989,0,0,-54.78959289,1895.263009,-44.97262091,0,-85.04624207,-1678.290556,0.182468886,0,0
0,-0.081645101,0,9.54E-05,-1106.217795,11.16462675,54101.61989,0,0,-51.33585102,1953.237899,-45.09507615,0,-85.4415601,-294.7713463,0.18968093,0,0
0,-0.077124089,0,9.54E-05,-1106.217795,11.16462675,54101.61989,0,0,-57.48168913,1632.015941,-40.154678,0,-83.73250343,-755.8997183,0.178203959,0,0
0,-0.071854033,0,9.54E-05,-1106.217795,11.16462675,54101.61989,0,0,-54.24754598,1681.16643,-40.8574272,0,-83.06973919,-828.1952963,0.184507314,0,0
0,-0.066363244,0,9.54E-05,-1106.217795,11.16462675,54101.61989,0,0,-50.09085605,1702.468851,-41.21261001,0,-82.88005525,1809.335855,0.190575719,0,0
0,-0.060634479,0,9.54E-05,-1106.217795,11.16462675,54101.61989,0,0,-52.35390289,1563.455175,-38.37355961,0,-79.96217864,885.0542585,0.18882476,0,0
0,-0.054384902,0,9.54E-05,-1106.217795,11.16462675,54101.61989,0,0,-54.57559287,1456.761895,-35.74603704,0,-77.63662831,-37.31333077,0.189650221,0,0
0,-0.049831708,0,9.54E-05,-1106.217795,11.16462675,54101.61989,0,0,-56.50094368,1306.096032,-33.61802922,0,-74.52056066,47.66050179,0.186833831,0,0
0,-0.044951294,0,9.54E-05,-1106.217795,11.16462675,54101.61989,0,0,-54.73648915,1264.182355,-31.22801055,0,-71.13617225,-502.3780675,0.190399436,0,0
0,-0.039444276,0,9.54E-05,-1106.217795,11.16462675,54101.61989,0,0,-48.31239159,1122.42244,-27.9303135,0,-64.89329809,-1239.151935,0.191156327,0,0
0,-0.033991493,0,9.54E-05,-1106.217795,11.16462675,54101.61989,0,0,-63.69893185,927.2434136,-23.94182354,0,-63.36363573,-489.7128412,0.187318964,0,0
0,-0.028193015,0,9.54E-05,-1106.217795,11.16462675,54101.61989,0,0,-55.69375253,751.3607491,-19.92060078,0,-50.22603153,-558.7231998,0.185205761,0,0
0,-0.022921501,0,9.54E-05,-1106.217795,11.16462675,54101.61989,0,0,-57.09824331,579.1276248,-16.58518673,0,-41.2729817,715.9266287,0.183704299,0,0
0,-0.017723389,0,9.54E-05,-1106.217795,11.16462675,54101.61989,0,0,-66.52326133,437.9041091,-13.73856631,0,-35.28563391,-60.53252372,0.181563366,0,0
0,-0.012033488,0,9.54E-05,-1106.217795,11.16462675,54101.61989,0,0,-63.98877171,312.4056672,-10.35969087,0,-24.7332818,-349.1182178,0.183199333,0,0
0,-0.006686453,0,9.54E-05,-1106.217795,11.16462675,54101.61989,0,0,-62.51599542,157.190125,-7.449123094,0,-14.39970886,-429.9771007,0.182739346,0,0
0,-0.001553927,0,9.54E-05,-1106.217795,11.16462675,54101.61989,0,0,-70.80884281,34.47555289,-3.971241238,0,-5.530757695,430.2341568,0.183026031,0,0
0,0.004187247,0,9.54E-05,-1106.217795,11.16462675,54101.61989,0,0,-57.70378927,-113.6691611,-1.362778933,0,7.506919262,276.3486129,0.182526115,0,0
0,0.009520162,0,9.54E-05,-1106.217795,11.16462675,54101.61989,0,0,-60.91518592,-241.9472019,1.30032756,0,14.87801597,-511.0326109,0.181473011,0,0
0,0.014548478,0,9.54E-05,-1106.217795,11.16462675,54101.61989,0,0,-63.30805818,-366.3880995,4.567540738,0,22.84623575,929.9061331,0.182480132,0,0
0,0.020280984,0,9.54E-05,-1106.217795,11.16462675,54101.61989,0,0,-51.89948105,-513.6775887,7.110949798,0,34.7171441,-147.0004278,0.181268983,0,0
0,0.025794836,0,9.54E-05,-1106.217795,11.16462675,54101.61989,0,0,-47.33174176,-656.5841891,9.537721209,0,41.76200595,500.6408748,0.18113005,0,0
0,0.030965653,0,9.54E-05,-1106.217795,11.16462675,54101.61989,0,0,-55.72735089,-778.3948305,12.80165171,0,47.89485954,1058.859778,0.181393841,0,0
0,0.03691203,0,9.54E-05,-1106.217795,11.16462675,54101.61989,0,0,-48.17430746,-940.7867221,15.18013845,0,56.42398607,885.9218974,0.182427513,0,0
0,0.041723193,0,9.54E-05,-1106.217795,11.16462675,54101.61989,0,0,-42.37687782,-1156.791057,18.11095686,0,62.41765946,1729.345677,0.188338813,0,0
0,0.047063182,0,9.54E-05,-1106.217795,11.16462675,54101.61989,0,0,-42.5138889,-1236.572272,22.03506886,0,67.92427692,776.180922,0.185441646,0,0
0,0.053326137,0,9.54E-05,-1106.217795,11.16462675,54101.61989,0,0,-44.18128486,-1439.332597,24.04965573,0,68.56702292,691.2066041,0.18834585,0,0
0,0.058296554,0,9.54E-05,-1106.217795,11.16462675,54101.61989,0,0,-42.46635714,-1527.39947,26.18434975,0,74.68461491,122.2070869,0.187217851,0,0
0,0.06364013,0,9.54E-05,-1106.217795,11.16462675,54101.61989,0,0,-47.660049,-1473.759152,28.33463467,0,77.46316075,655.5682009,0.178914512,0,0
0,0.068240689,0,9.54E-05,-1106.217795,11.16462675,54101.61989,0,0,-32.1618203,-1864.46725,31.62969856,0,77.83442185,437.2778913,0.192942253,0,0
0,0.074108486,0,9.54E-05,-1106.217795,11.16462675,54101.61989,0,0,-40.14475435,-1779.968932,32.28770259,0,79.47679962,1032.900438,0.18365007,0,0
0,0.080918716,0,9.54E-05,-1106.217795,11.16462675,54101.61989,0,0,-39.11544968,-1908.717183,34.34885783,0,80.31478506,574.346392,0.183494424,0,0
0,0.085439801,0,9.54E-05,-1106.217795,11.16462675,54101.61989,0,0,-36.98134181,-1953.769455,36.42162127,0,82.73822844,775.6493046,0.182903539,0,0
0,0.090061194,0,9.54E-05,-1106.217795,11.16462675,54101.61989,0,0,-39.42206807,-1969.641972,36.82970647,0,82.18618299,943.5919507,0.179489607,0,0
0,0.096825752,0,9.54E-05,-1106.217795,11.16462675,54101.61989,0,0,-33.51672104,-2167.819773,39.31412651,0,78.13739764,1057.278896,0.183417551,0,0
0,0.101483936,0,9.54E-05,-1106.217795,11.16462675,54101.61989,0,0,-35.22666734,-2137.235078,40.49143815,0,77.06008888,1152.107038,0.180201552,0,0
0,0.106550437,0,9.54E-05,-1106.217795,11.16462675,54101.61989,0,0,-37.44083517,-2084.957738,40.01789621,0,77.94655494,855.173273,0.17369309,0,0
0,0.112075505,0,9.54E-05,-1106.217795,11.16462675,54101.61989,0,0,-30.77055249,-2379.550984,43.33892639,0,70.04543903,928.6065704,0.183665162,0,0
0,0.11747807,0,9.54E-05,-1106.217795,11.16462675,54101.61989,0,0,-35.82426031,-2306.561387,43.49257824,0,69.99380666,489.6959209,0.178085442,0,0
0,0.1234377,0,9.54E-05,-1106.217795,11.16462675,54101.61989,0,0,-37.76497145,-2299.005663,43.77785865,0,68.51142737,924.4632643,0.174270936,0,0
0,0.129220417,0,9.54E-05,-1106.217795,11.16462675,54101.61989,0,0,-35.37462041,-2377.322313,43.55326705,0,65.37121854,898.7666404,0.174247649,0,0
0,0.133799223,0,9.54E-05,-1106.217795,11.16462675,54101.61989,0,0,-30.58964912,-2539.768326,47.52131847,0,59.47676737,1239.619707,0.180755173,0,0
0,0.138448433,0,9.54E-05,-1106.217795,11.16462675,54101.61989,0,0,-35.08692271,-2481.102789,45.81896725,0,60.34068472,833.5090022,0.175019312,0,0
0,0.144327071,0,9.54E-05,-1106.217795,11.16462675,54101.61989,0,0,-37.18162272,-2521.222127,45.53673264,0,57.26185444,1330.565161,0.173929142,0,0
0,0.150754981,0,9.54E-05,-1106.217795,11.16462675,54101.61989,0,0,-32.36445889,-2582.134509,47.24349651,0,54.11438201,746.1736026,0.175045631,0,0
0,0.155287359,0,9.54E-05,-1106.217795,11.16462675,54101.61989,0,0,-32.16417516,-2669.771547,46.52243939,0,49.32575883,1122.23313,0.177084111,0,0
0,0.159579347,0,9.54E-05,-1106.217795,11.16462675,54101.61989,0,0,-34.61125254,-2666.446218,48.38111276,0,45.23439627,1089.180206,0.176568218,0,0
0,0.16579519,0,9.54E-05,-1106.217795,11.16462675,54101.61989,0,0,-30.97107284,-2686.823856,48.51787494,0,44.70473606,346.1959619,0.175804194,0,0
0,0.170889554,0,9.54E-05,-1106.217795,11.16462675,54101.61989,0,0,-35.74398868,-2703.384131,47.67517764,0,40.91360056,605.1697188,0.174880039,0,0
0,0.176740351,0,9.54E-05,-1106.217795,11.16462675,54101.61989,0,0,-31.15957286,-2755.361764,49.00419488,0,36.409598,653.8254741,0.177155943,0,0
0,0.183166924,0,9.54E-05,-1106.217795,11.16462675,54101.61989,0,0,-28.90776267,-2770.085467,48.74811533,0,34.54491764,1243.882874,0.176804037,0,0
0,0.187308743,0,9.54E-05,-1106.217795,11.16462675,54101.61989,0,0,-35.83738614,-2774.480825,48.94769858,0,28.91455323,1255.123784,0.176468942,0,0
0,0.193197245,0,9.54E-05,-1106.217795,11.16462675,54101.61989,0,0,-31.45106654,-2786.264607,49.31353205,0,26.69499486,974.3101723,0.176698083,0,0
0,0.198434946,0,9.54E-05,-1106.217795,11.16462675,54101.61989,0,0,-25.83332449,-2789.738312,48.12741049,0,29.01177165,882.6574407,0.176311658,0,0
0,0.203740483,0,9.54E-05,-1106.217795,11.16462675,54101.61989,0,0,-51.07767547,-2802.932085,49.55444998,0,13.76646551,621.1731304,0.176029281,0,0
0,0.210976551,0,9.54E-05,-1106.217795,11.16462675,54101.61989,0,0,-39.32619504,-2787.218713,49.9541745,0,15.24381916,1091.237062,0.176639122,0,0
0,0.213679067,0,9.54E-05,-1106.217795,11.16462675,54101.61989,0,0,-37.27066238,-2782.245739,48.63493807,0,19.60439553,1402.047227,0.175003883,0,0
0,-0.210971196,0,9.92E-05,-437.0026404,11.16426841,54133.61958,0,0,19.98147931,1222.047653,-14.4780581,0,13.8040877,-1072.961138,0.194592451,0,0
0,-0.205315833,0,9.92E-05,-437.0026404,11.16426841,54133.61958,0,0,-0.077692362,1207.788761,-13.48582642,0,2.787186739,-508.3000199,0.19453529,0,0
0,-0.199967686,0,9.92E-05,-437.0026404,11.16426841,54133.61958,0,0,-17.40013558,1224.620129,-14.9022872,0,-2.221198466,-218.3837242,0.196048388,0,0
0,-0.194395064,0,9.92E-05,-437.0026404,11.16426841,54133.61958,0,0,-15.81831428,1215.917601,-14.84086367,0,-4.210747137,-251.5467984,0.195162023,0,0
0,-0.189367943,0,9.92E-05,-437.0026404,11.16426841,54133.61958,0,0,-13.80837599,1224.792357,-14.41272701,0,-1.725991133,568.0494383,0.195998077,0,0
0,-0.184742006,0,9.92E-05,-437.0026404,11.16426841,54133.61958,0,0,-8.168489638,1227.37075,-14.0844936,0,-1.485747806,-657.6301781,0.196824451,0,0
0,-0.178262429,0,9.92E-05,-437.0026404,11.16426841,54133.61958,0,0,-23.17048015,1219.05964,-14.2159033,0,-7.809905456,185.0674326,0.19514694,0,0
0,-0.172768834,0,9.92E-05,-437.0026404,11.16426841,54133.61958,0,0,-7.364094609,1221.625372,-14.04907338,0,-0.335152785,93.18638808,0.195738839,0,0
0,-0.168667209,0,9.92E-05,-437.0026404,11.16426841,54133.61958,0,0,-10.42088572,1227.226434,-13.89776439,0,-3.373988771,-2395.695717,0.197024504,0,0
0,-0.162296027,0,9.92E-05,-437.0026404,11.16426841,54133.61958,0,0,-19.49647521,1220.213835,-14.05870579,0,-6.710307761,-860.827554,0.195542753,0,0
0,-0.156316485,0,9.92E-05,-437.0026404,11.16426841,54133.61958,0,0,-13.49956731,1221.471047,-14.47907693,0,-4.545211795,-371.5296074,0.195691446,0,0
0,-0.151977836,0,9.92E-05,-437.0026404,11.16426841,54133.61958,0,0,-10.47859851,1227.136836,-13.98625223,0,-4.791697352,50.20192528,0.197354166,0,0
0,-0.146316356,0,9.92E-05,-437.0026404,11.16426841,54133.61958,0,0,-13.85731069,1223.872262,-14.22002935,0,-5.676762016,-1309.863252,0.196546424,0,0
0,-0.140068783,0,9.92E-05,-437.0026404,11.16426841,54133.61958,0,0,-18.17211762,1209.449295,-14.27690989,0,-8.325267259,569.4488023,0.194366822,0,0
0,-0.135627213,0,9.92E-05,-437.0026404,11.16426841,54133.61958,0,0,-11.54044983,1222.553482,-13.81273632,0,-6.185101976,449.2804055,0.196818593,0,0
0,-0.130361032,0,9.92E-05,-437.0026404,11.16426841,54133.61958,0,0,-12.47038974,1218.712865,-14.25773053,0,-6.710544681,-779.1348843,0.196559334,0,0
0,-0.12432249,0,9.92E-05,-437.0026404,11.16426841,54133.61958,0,0,-18.3823119,1199.327797,-14.0757771,0,-10.26494532,851.9500017,0.194145164,0,0
0,-0.119042862,0,9.92E-05,-437.0026404,11.16426841,54133.61958,0,0,-10.88603752,1195.460716,-13.72349163,0,-8.000222473,740.2246038,0.194879864,0,0
0,-0.114230498,0,9.92E-05,-437.0026404,11.16426841,54133.61958,0,0,-12.51461381,1215.271152,-13.47253111,0,-10.07194704,-648.3411013,0.197811532,0,0
0,-0.108525987,0,9.92E-05,-437.0026404,11.16426841,54133.61958,0,0,-17.05231763,1183.698434,-14.01535729,0,-12.49577256,-564.5999654,0.194476227,0,0
0,-0.102776054,0,9.92E-05,-437.0026404,11.16426841,54133.61958,0,0,-11.18659119,1176.857811,-13.97541057,0,-11.58963405,-1426.725812,0.195037405,0,0
0,-0.097688725,0,9.92E-05,-437.0026404,11.16426841,54133.61958,0,0,-11.58320187,1210.415674,-13.17728078,0,-13.80847326,-800.5826456,0.199845747,0,0
0,-0.092667232,0,9.92E-05,-437.0026404,11.16426841,54133.61958,0,0,-15.08225385,1160.763372,-14.00498889,0,-15.09989162,-983.7612801,0.194817216,0,0
0,-0.087254197,0,9.92E-05,-437.0026404,11.16426841,54133.61958,0,0,-12.24345182,1161.574046,-13.64049337,0,-15.54938027,43.64090445,0.196486067,0,0
0,-0.081748673,0,9.92E-05,-437.0026404,11.16426841,54133.61958,0,0,-11.10964646,1183.336385,-13.12133177,0,-18.42633913,-157.8296104,0.200413883,0,0
0,-0.076247648,0,9.92E-05,-437.0026404,11.16426841,54133.61958,0,0,-17.08677364,1135.98606,-13.52102391,0,-19.6927847,-776.2689428,0.197371342,0,0
0,-0.070610245,0,9.92E-05,-437.0026404,11.16426841,54133.61958,0,0,-15.92717788,1109.902918,-13.44797999,0,-19.72083644,452.2025839,0.197576955,0,0
0,-0.065333323,0,9.92E-05,-437.0026404,11.16426841,54133.61958,0,0,-13.71835114,1116.050632,-12.61993079,0,-22.7940689,587.3945323,0.201590023,0,0
0,-0.059844305,0,9.92E-05,-437.0026404,11.16426841,54133.61958,0,0,-14.49501921,1057.915908,-12.70900089,0,-21.7417558,100.3445868,0.199674615,0,0
0,-0.054311111,0,9.92E-05,-437.0026404,11.16426841,54133.61958,0,0,-19.42339341,976.0465021,-13.15454435,0,-20.98185844,1461.11029,0.196147607,0,0
0,-0.049219063,0,9.92E-05,-437.0026404,11.16426841,54133.61958,0,0,-20.1497486,958.8514731,-11.85134784,0,-23.70388926,-1435.846047,0.199930272,0,0
0,-0.043921837,0,9.92E-05,-437.0026404,11.16426841,54133.61958,0,0,-13.47702347,908.507992,-11.4778016,0,-20.97991914,-405.1520399,0.200690291,0,0
0,-0.038124981,0,9.92E-05,-437.0026404,11.16426841,54133.61958,0,0,-21.87520612,808.6903801,-11.16544681,0,-21.26802881,-1354.13307,0.198205583,0,0
0,-0.032656257,0,9.92E-05,-437.0026404,11.16426841,54133.61958,0,0,-28.41798583,704.5871538,-10.97269776,0,-20.9192713,-2175.270257,0.194734586,0,0
0,-0.028073339,0,9.92E-05,-437.0026404,11.16426841,54133.61958,0,0,-18.30401957,667.6339139,-9.75264788,0,-18.38453472,-340.8505791,0.199283144,0,0
0,-0.022230208,0,9.92E-05,-437.0026404,11.16426841,54133.61958,0,0,-21.36829199,539.4741393,-8.930897161,0,-14.57989009,-611.7798902,0.198127575,0,0
0,-0.016594353,0,9.92E-05,-437.0026404,11.16426841,54133.61958,0,0,-34.81982303,423.216375,-7.885738218,0,-14.6098901,-419.950254,0.199434461,0,0
0,-0.011499549,0,9.92E-05,-437.0026404,11.16426841,54133.61958,0,0,-30.14132186,314.6088802,-6.443039664,0,-11.43240197,1330.287792,0.200017165,0,0
0,-0.006075461,0,9.92E-05,-437.0026404,11.16426841,54133.61958,0,0,-31.79454399,157.2886667,-5.587494288,0,-5.879862752,1072.887021,0.197556994,0,0
0,-0.000834585,0,9.92E-05,-437.0026404,11.16426841,54133.61958,0,0,-28.5962179,16.00710175,-3.969379289,0,-2.251508023,290.8829849,0.199015705,0,0
0,0.004547709,0,9.92E-05,-437.0026404,11.16426841,54133.61958,0,0,-23.80322344,-116.3127597,-2.58351725,0,5.264262774,1131.004637,0.195824525,0,0
0,0.010270291,0,9.92E-05,-437.0026404,11.16426841,54133.61958,0,0,-28.47321647,-229.255349,-2.172948304,0,5.041718038,1490.21592,0.187536217,0,0
0,0.015158768,0,9.92E-05,-437.0026404,11.16426841,54133.61958,0,0,-30.36204008,-339.3687863,-1.144087559,0,8.334859538,-674.3905982,0.188237244,0,0
0,0.020764771,0,9.92E-05,-437.0026404,11.16426841,54133.61958,0,0,-16.98064755,-445.859014,-0.491147025,0,15.01244369,492.5866268,0.185554555,0,0
0,0.026844038,0,9.92E-05,-437.0026404,11.16426841,54133.61958,0,0,-13.77078789,-543.2806266,0.738111222,0,14.94176387,779.3973145,0.184194652,0,0
0,0.031235514,0,9.92E-05,-437.0026404,11.16426841,54133.61958,0,0,-25.95184695,-622.231793,1.167149143,0,14.10094537,1198.95572,0.188173357,0,0
0,0.036875367,0,9.92E-05,-437.0026404,11.16426841,54133.61958,0,0,-12.79325408,-702.1117239,2.044210477,0,18.43570643,1577.708359,0.188258898,0,0
0,0.042314693,0,9.92E-05,-437.0026404,11.16426841,54133.61958,0,0,-9.949339085,-799.1964312,2.140462886,0,18.00607364,518.6475129,0.19198379,0,0
0,0.047526124,0,9.92E-05,-437.0026404,11.16426841,54133.61958,0,0,-8.096297974,-866.8728209,2.636915358,0,21.08559467,434.508769,0.193170764,0,0
0,0.054119623,0,9.92E-05,-437.0026404,11.16426841,54133.61958,0,0,-15.94913509,-931.7425052,3.254108338,0,18.17076619,498.0686278,0.192813505,0,0
0,0.057922351,0,9.92E-05,-437.0026404,11.16426841,54133.61958,0,0,-13.10340006,-996.9723335,3.428805523,0,17.45842304,1041.737475,0.197620556,0,0
0,0.062910809,0,9.92E-05,-437.0026404,11.16426841,54133.61958,0,0,-3.103973938,-1031.511388,3.968050422,0,22.19596578,1043.05288,0.1961941,0,0
0,0.069998399,0,9.92E-05,-437.0026404,11.16426841,54133.61958,0,0,-8.407802499,-1082.657127,4.424994754,0,18.69146268,1659.142412,0.196016801,0,0
0,0.07560548,0,9.92E-05,-437.0026404,11.16426841,54133.61958,0,0,-3.471304305,-1138.207304,3.975255347,0,17.90435445,859.3540297,0.201514328,0,0
0,0.078876046,0,9.92E-05,-437.0026404,11.16426841,54133.61958,0,0,-8.933610338,-1125.303547,4.680013184,0,18.3121663,992.9281771,0.193240257,0,0
0,0.086002024,0,9.92E-05,-437.0026404,11.16426841,54133.61958,0,0,-5.393742276,-1158.148621,4.859513803,0,17.04844446,478.166719,0.194308892,0,0
0,0.09213231,0,9.92E-05,-437.0026404,11.16426841,54133.61958,0,0,-2.920153693,-1191.149031,4.918411346,0,15.47507303,1169.273416,0.197898496,0,0
0,0.095244509,0,9.92E-05,-437.0026404,11.16426841,54133.61958,0,0,-6.463528321,-1183.181372,5.051984881,0,15.40555758,986.6572596,0.193016045,0,0
0,0.102153512,0,9.92E-05,-437.0026404,11.16426841,54133.61958,0,0,-3.41482912,-1202.439035,5.085106336,0,14.38711103,621.1550611,0.194055306,0,0
0,0.108086206,0,9.92E-05,-437.0026404,11.16426841,54133.61958,0,0,-4.986066234,-1213.18532,5.960079187,0,12.18502393,673.9105074,0.194635293,0,0
0,0.111303654,0,9.92E-05,-437.0026404,11.16426841,54133.61958,0,0,-4.810467492,-1216.402862,4.990619018,0,11.78339663,973.1479363,0.193656326,0,0
0,0.117596545,0,9.92E-05,-437.0026404,11.16426841,54133.61958,0,0,-3.511820103,-1225.2336,5.735199973,0,11.33079436,653.4001196,0.194256271,0,0
0,0.123615817,0,9.92E-05,-437.0026404,11.16426841,54133.61958,0,0,-6.27306443,-1236.796226,5.89823486,0,9.169488509,751.2340299,0.19508816,0,0
0,0.128380859,0,9.92E-05,-437.0026404,11.16426841,54133.61958,0,0,-2.989241582,-1241.818979,5.338713702,0,9.898249048,1076.906797,0.194401962,0,0
0,0.13443846,0,9.92E-05,-437.0026404,11.16426841,54133.61958,0,0,-4.309569519,-1241.123026,5.772462868,0,8.736105088,803.5147671,0.194963901,0,0
0,0.139577957,0,9.92E-05,-437.0026404,11.16426841,54133.61958,0,0,-6.024409298,-1240.822823,5.479256381,0,6.842804418,1345.050362,0.193866741,0,0
0,0.144912854,0,9.92E-05,-437.0026404,11.16426841,54133.61958,0,0,-2.822869218,-1246.867156,5.549718452,0,8.554798043,950.8921249,0.195228905,0,0
0,0.150501988,0,9.92E-05,-437.0026404,11.16426841,54133.61958,0,0,-5.364077718,-1246.693682,5.666988786,0,6.566505698,1167.720138,0.196419923,0,0
0,0.155684203,0,9.92E-05,-437.0026404,11.16426841,54133.61958,0,0,-3.67921131,-1239.887726,5.466198502,0,6.961169888,-486.8437481,0.194782873,0,0
0,0.161271072,0,9.92E-05,-437.0026404,11.16426841,54133.61958,0,0,-5.195004581,-1226.806473,5.973421801,0,6.162458528,1065.345662,0.194453986,0,0
0,0.166630765,0,9.92E-05,-437.0026404,11.16426841,54133.61958,0,0,-3.974369129,-1213.416899,5.83197777,0,6.532928069,754.5473199,0.194874057,0,0
0,0.171522898,0,9.92E-05,-437.0026404,11.16426841,54133.61958,0,0,-2.761684151,-1204.072996,5.256962068,0,7.258886971,1289.944015,0.192222116,0,0
0,0.177421407,0,9.92E-05,-437.0026404,11.16426841,54133.61958,0,0,-5.430777757,-1206.641944,5.748794588,0,6.042488387,739.8232139,0.194482233,0,0
0,0.182597881,0,9.92E-05,-437.0026404,11.16426841,54133.61958,0,0,-5.021528637,-1193.403851,5.565610725,0,6.757340597,634.5416087,0.193730062,0,0
0,0.187958345,0,9.92E-05,-437.0026404,11.16426841,54133.61958,0,0,-1.217823751,-1189.685046,5.374470935,0,7.50788406,952.4222372,0.192057295,0,0
0,0.193073657,0,9.92E-05,-437.0026404,11.16426841,54133.61958,0,0,-10.17708655,-1186.011292,5.444441619,0,4.260027536,961.1388787,0.194303637,0,0
0,0.198685152,0,9.92E-05,-437.0026404,11.16426841,54133.61958,0,0,-0.06600424,-1175.455388,5.555053736,0,7.703885807,1432.57547,0.193200958,0,0
0,0.204319006,0,9.92E-05,-437.0026404,11.16426841,54133.61958,0,0,0.668842387,-1166.241674,4.901844263,0,8.075421195,-196.9478306,0.190794793,0,0
0,0.209735054,0,9.92E-05,-437.0026404,11.16426841,54133.61958,0,0,-32.77633502,-1156.840207,5.361314847,0,-7.362510554,1172.185421,0.193013338,0,0
0,0.213531178,0,9.92E-05,-437.0026404,11.16426841,54133.61958,0,0,-27.23721131,-1158.470034,5.111186682,0,-3.747413491,1881.248877,0.191789504,0,0
0,-0.212399888,0,0.034980208,-893.1007143,11.16340342,53985.69823,0,0,-18.98619987,2295.249037,-50.43333571,0,3.231618267,-141.0498514,0.181024184,0,0
0,-0.206278776,0,0.034980208,-893.1007143,11.16340342,53985.69823,0,0,16.0717733,2308.262062,-48.96050347,0,20.79873239,-2828.270054,0.181177694,0,0
0,-0.201132786,0,0.034980208,-893.1007143,11.16340342,53985.69823,0,0,-26.05817533,2292.527285,-50.76381802,0,-1.13561424,-617.7995096,0.181103966,0,0
0,-0.196989799,0,0.034980208,-893.1007143,11.16340342,53985.69823,0,0,-45.4729941,2280.184636,-50.9501892,0,-11.2398748,-2311.91516,0.180494327,0,0
0,-0.191221248,0,0.034980208,-893.1007143,11.16340342,53985.69823,0,0,-21.9019798,2286.639578,-50.52572897,0,-2.930117964,-1493.324784,0.181379336,0,0
0,-0.184529302,0,0.034980208,-893.1007143,11.16340342,53985.69823,0,0,-33.86423923,2306.873987,-50.64591619,0,-8.617255893,-630.4903776,0.183001069,0,0
0,-0.18086151,0,0.034980208,-893.1007143,11.16340342,53985.69823,0,0,-42.88513934,2280.269812,-51.26712296,0,-15.08674918,-110.5993416,0.181545231,0,0
0,-0.174841756,0,0.034980208,-893.1007143,11.16340342,53985.69823,0,0,-27.84473687,2287.731225,-50.66627075,0,-10.12258556,-2098.42852,0.182307524,0,0
0,-0.1684663,0,0.034980208,-893.1007143,11.16340342,53985.69823,0,0,-33.06509012,2290.358665,-50.80250055,0,-12.77708367,-1502.353903,0.182645471,0,0
0,-0.164161509,0,0.034980208,-893.1007143,11.16340342,53985.69823,0,0,-34.91935177,2296.479687,-50.81211535,0,-17.77520082,-252.5696157,0.184048992,0,0
0,-0.158695979,0,0.034980208,-893.1007143,11.16340342,53985.69823,0,0,-29.71734875,2254.647221,-50.52733692,0,-17.34156852,-971.8166471,0.182178863,0,0
0,-0.153255206,0,0.034980208,-893.1007143,11.16340342,53985.69823,0,0,-29.45307229,2226.130999,-50.58916495,0,-20.21723054,-928.7435552,0.180929507,0,0
0,-0.147639551,0,0.034980208,-893.1007143,11.16340342,53985.69823,0,0,-36.19936628,2249.951383,-50.59280522,0,-24.70908407,509.2550043,0.183635972,0,0
0,-0.141636443,0,0.034980208,-893.1007143,11.16340342,53985.69823,0,0,-27.94071635,2212.875293,-49.92483064,0,-23.89154963,-1300.63874,0.182816924,0,0
0,-0.136008847,0,0.034980208,-893.1007143,11.16340342,53985.69823,0,0,-35.57752081,2107.308272,-49.69948042,0,-32.39576566,-684.7001805,0.176943758,0,0
0,-0.131263774,0,0.034980208,-893.1007143,11.16340342,53985.69823,0,0,-29.9218706,2187.8096,-49.72323854,0,-29.26445463,598.8581188,0.184637614,0,0
0,-0.125721347,0,0.034980208,-893.1007143,11.16340342,53985.69823,0,0,-28.13432099,2128.468514,-49.4626083,0,-31.39312514,-1861.137266,0.183143528,0,0
0,-0.121056335,0,0.034980208,-893.1007143,11.16340342,53985.69823,0,0,-32.68473839,2003.187552,-48.91077138,0,-38.25623453,-962.0775462,0.176680065,0,0
0,-0.115137828,0,0.034980208,-893.1007143,11.16340342,53985.69823,0,0,-29.9978222,2038.637143,-48.80132579,0,-37.28182107,-2134.602803,0.182056017,0,0
0,-0.108674463,0,0.034980208,-893.1007143,11.16340342,53985.69823,0,0,-27.71593807,2031.139806,-47.91663145,0,-37.97364864,-1684.840279,0.184548756,0,0
0,-0.104623572,0,0.034980208,-893.1007143,11.16340342,53985.69823,0,0,-30.62467242,1890.940083,-47.49734543,0,-42.63396234,916.9769431,0.177856355,0,0
0,-0.099510214,0,0.034980208,-893.1007143,11.16340342,53985.69823,0,0,-30.04727108,1911.403818,-47.33930894,0,-42.59660142,-1501.169539,0.182303227,0,0
0,-0.093056074,0,0.034980208,-893.1007143,11.16340342,53985.69823,0,0,-29.39998671,1901.172527,-46.54773283,0,-43.41175789,-147.1758016,0.185192266,0,0
0,-0.087496734,0,0.034980208,-893.1007143,11.16340342,53985.69823,0,0,-25.96148149,1881.9445,-46.30836077,0,-45.56418891,-677.2761029,0.187697576,0,0
0,-0.082928079,0,0.034980208,-893.1007143,11.16340342,53985.69823,0,0,-33.79264774,1717.829319,-44.62333059,0,-47.17540562,-441.2153617,0.180036353,0,0
0,-0.07749151,0,0.034980208,-893.1007143,11.16340342,53985.69823,0,0,-28.05056246,1781.371859,-45.01313183,0,-46.6072575,-580.6184363,0.187942169,0,0
0,-0.07208952,0,0.034980208,-893.1007143,11.16340342,53985.69823,0,0,-29.03902467,1707.852128,-44.25677473,0,-47.20857128,299.4166147,0.18751052,0,0
0,-0.065955181,0,0.034980208,-893.1007143,11.16340342,53985.69823,0,0,-33.47391377,1618.293824,-42.78771436,0,-46.33697055,-1031.399386,0.186446163,0,0
0,-0.060998559,0,0.034980208,-893.1007143,11.16340342,53985.69823,0,0,-34.74036863,1535.896723,-41.00721075,0,-44.74436133,-1637.383181,0.185316195,0,0
0,-0.056452315,0,0.034980208,-893.1007143,11.16340342,53985.69823,0,0,-31.71372266,1492.829024,-41.33457707,0,-43.18243417,705.2296332,0.187003909,0,0
0,-0.050229431,0,0.034980208,-893.1007143,11.16340342,53985.69823,0,0,-35.6321997,1387.76257,-39.77346213,0,-40.56136462,-541.1478798,0.186049136,0,0
0,-0.044393555,0,0.034980208,-893.1007143,11.16340342,53985.69823,0,0,-32.9868478,1352.317233,-38.68436344,0,-37.54307585,-69.99332009,0.191085182,0,0
0,-0.039143383,0,0.034980208,-893.1007143,11.16340342,53985.69823,0,0,-40.24428703,1187.341437,-36.31852353,0,-33.07355505,-177.7609381,0.186442326,0,0
0,-0.033865462,0,0.034980208,-893.1007143,11.16340342,53985.69823,0,0,-46.07999173,1067.646143,-35.07333045,0,-30.3426764,-428.5937916,0.185718773,0,0
0,-0.028788358,0,0.034980208,-893.1007143,11.16340342,53985.69823,0,0,-41.46481136,969.0743712,-32.10866097,0,-24.54175564,623.5568332,0.187097689,0,0
0,-0.023122165,0,0.034980208,-893.1007143,11.16340342,53985.69823,0,0,-39.71939283,824.1551561,-29.86591619,0,-13.39700427,-48.15701715,0.187942045,0,0
0,-0.017367028,0,0.034980208,-893.1007143,11.16340342,53985.69823,0,0,-52.89919808,671.0518036,-27.48901639,0,-10.23083139,271.9073026,0.187925301,0,0
0,-0.012125525,0,0.034980208,-893.1007143,11.16340342,53985.69823,0,0,-54.73439588,533.2438712,-25.52593184,0,-2.035811542,-448.3314006,0.186711298,0,0
0,-0.006820323,0,0.034980208,-893.1007143,11.16340342,53985.69823,0,0,-54.40301964,371.4178614,-22.6460609,0,8.041787447,621.4162579,0.185616403,0,0
0,-0.001524244,0,0.034980208,-893.1007143,11.16340342,53985.69823,0,0,-49.82208457,216.2639209,-19.79548613,0,16.6621505,-472.7078996,0.184672689,0,0
0,0.00410326,0,0.034980208,-893.1007143,11.16340342,53985.69823,0,0,-49.19360466,77.85817962,-16.83927834,0,27.36983623,1174.313462,0.185983983,0,0
0,0.009442722,0,0.034980208,-893.1007143,11.16340342,53985.69823,0,0,-52.53758305,-61.61521634,-15.13232291,0,33.37502053,-160.5872613,0.184683187,0,0
0,0.01467021,0,0.034980208,-893.1007143,11.16340342,53985.69823,0,0,-51.78903632,-204.2307324,-12.31898116,0,40.0675384,358.6660023,0.184884846,0,0
0,0.019988766,0,0.034980208,-893.1007143,11.16340342,53985.69823,0,0,-45.92633076,-346.3872635,-9.741413033,0,49.40337971,1034.600919,0.185338201,0,0
0,0.025857975,0,0.034980208,-893.1007143,11.16340342,53985.69823,0,0,-43.01878146,-498.7285116,-7.697620774,0,55.19990475,361.8202856,0.184662441,0,0
0,0.03120017,0,0.034980208,-893.1007143,11.16340342,53985.69823,0,0,-42.86553598,-646.1995062,-5.076925648,0,58.82394039,1250.702592,0.18578314,0,0
0,0.036356329,0,0.034980208,-893.1007143,11.16340342,53985.69823,0,0,-43.97144099,-772.9886057,-2.137934088,0,63.96547711,1385.63484,0.186567218,0,0
0,0.041851581,0,0.034980208,-893.1007143,11.16340342,53985.69823,0,0,-37.40826373,-960.2250134,0.295575441,0,68.12992462,1087.947012,0.189122119,0,0
0,0.046750634,0,0.034980208,-893.1007143,11.16340342,53985.69823,0,0,-31.52489452,-1184.363007,3.460531645,0,71.49071679,1821.212457,0.198014745,0,0
0,0.052624029,0,0.034980208,-893.1007143,11.16340342,53985.69823,0,0,-41.25742335,-1247.876467,6.131622407,0,69.22685746,1053.299666,0.19242264,0,0
0,0.058437986,0,0.034980208,-893.1007143,11.16340342,53985.69823,0,0,-24.97587395,-1476.967718,7.876828687,0,73.328133,250.5917211,0.198783651,0,0
0,0.063656466,0,0.034980208,-893.1007143,11.16340342,53985.69823,0,0,-32.35412421,-1461.902415,10.10714227,0,72.70142067,879.5661895,0.189612403,0,0
0,0.069293904,0,0.034980208,-893.1007143,11.16340342,53985.69823,0,0,-39.28262386,-1456.63475,12.94192606,0,72.95963349,1373.738854,0.182166242,0,0
0,0.073976605,0,0.034980208,-893.1007143,11.16340342,53985.69823,0,0,-27.29118336,-1766.409983,13.64688386,0,70.27552321,952.86594,0.196592194,0,0
0,0.079781109,0,0.034980208,-893.1007143,11.16340342,53985.69823,0,0,-31.70634954,-1747.654598,15.69358666,0,69.28652822,665.8280101,0.189026371,0,0
0,0.086492012,0,0.034980208,-893.1007143,11.16340342,53985.69823,0,0,-32.17855183,-1789.69175,18.20559223,0,68.35662272,1489.360869,0.185187298,0,0
0,0.089818672,0,0.034980208,-893.1007143,11.16340342,53985.69823,0,0,-28.14933461,-1951.287634,17.93403009,0,66.44631713,993.6185467,0.191929522,0,0
0,0.095698853,0,0.034980208,-893.1007143,11.16340342,53985.69823,0,0,-29.86243431,-1927.114096,19.815939,0,64.17217779,885.3784781,0.18579214,0,0
0,0.102600856,0,0.034980208,-893.1007143,11.16340342,53985.69823,0,0,-29.69132103,-1959.310159,21.00366574,0,62.19899718,1226.666306,0.182646631,0,0
0,0.10604427,0,0.034980208,-893.1007143,11.16340342,53985.69823,0,0,-26.73317862,-2090.457483,21.70189745,0,59.22814804,954.8083751,0.188498981,0,0
0,0.111463109,0,0.034980208,-893.1007143,11.16340342,53985.69823,0,0,-29.13653628,-2081.30342,22.37665968,0,57.35711169,1228.583761,0.184951643,0,0
0,0.118233889,0,0.034980208,-893.1007143,11.16340342,53985.69823,0,0,-26.61649891,-2116.981532,23.62604819,0,55.79200679,1162.787149,0.183398168,0,0
0,0.123458852,0,0.034980208,-893.1007143,11.16340342,53985.69823,0,0,-31.56350211,-2117.058288,23.75324336,0,52.99211511,558.2613662,0.17965034,0,0
0,0.128937769,0,0.034980208,-893.1007143,11.16340342,53985.69823,0,0,-24.32105739,-2238.402034,24.70049886,0,50.19003596,1606.297402,0.186359226,0,0
0,0.133847283,0,0.034980208,-893.1007143,11.16340342,53985.69823,0,0,-23.7498674,-2240.642171,24.41347313,0,49.07471046,1091.31553,0.184625804,0,0
0,0.138396468,0,0.034980208,-893.1007143,11.16340342,53985.69823,0,0,-27.34293604,-2245.29849,25.06392585,0,45.76700472,1053.037013,0.183797461,0,0
0,0.14518552,0,0.034980208,-893.1007143,11.16340342,53985.69823,0,0,-23.24734802,-2277.279202,25.88325481,0,43.83538814,1211.382246,0.184659994,0,0
0,0.150691276,0,0.034980208,-893.1007143,11.16340342,53985.69823,0,0,-24.59776054,-2277.624758,25.46607326,0,43.75766575,798.6090828,0.182600187,0,0
0,0.155399801,0,0.034980208,-893.1007143,11.16340342,53985.69823,0,0,-20.72447652,-2319.284417,26.31654728,0,38.97183762,1264.071725,0.186292528,0,0
0,0.16059902,0,0.034980208,-893.1007143,11.16340342,53985.69823,0,0,-21.36900649,-2331.69766,26.16436427,0,37.67838203,1102.469574,0.185408921,0,0
0,0.165821468,0,0.034980208,-893.1007143,11.16340342,53985.69823,0,0,-20.37309862,-2300.902059,25.59309775,0,38.62714836,1166.284373,0.183314387,0,0
0,0.17143765,0,0.034980208,-893.1007143,11.16340342,53985.69823,0,0,-22.61812418,-2328.511286,26.65805667,0,32.84568871,955.2893104,0.185105836,0,0
0,0.177980351,0,0.034980208,-893.1007143,11.16340342,53985.69823,0,0,-14.58926765,-2344.743904,26.73894548,0,33.81909726,1198.816579,0.185813974,0,0
0,0.182840701,0,0.034980208,-893.1007143,11.16340342,53985.69823,0,0,-26.74118703,-2333.456578,26.52693857,0,28.99366315,273.1421689,0.185759003,0,0
0,0.187807433,0,0.034980208,-893.1007143,11.16340342,53985.69823,0,0,-21.07989752,-2327.279123,26.12824068,0,26.98641732,1340.309551,0.184040226,0,0
0,0.193321234,0,0.034980208,-893.1007143,11.16340342,53985.69823,0,0,-14.76952727,-2317.769939,25.95259228,0,31.83625087,1190.724777,0.184626685,0,0
0,0.198322477,0,0.034980208,-893.1007143,11.16340342,53985.69823,0,0,-9.696103965,-2298.381064,26.2830763,0,28.43375403,-121.9060617,0.182477807,0,0
0,0.204928421,0,0.034980208,-893.1007143,11.16340342,53985.69823,0,0,-25.42353021,-2256.956865,25.58690808,0,23.69331712,902.5131361,0.181263831,0,0
0,0.208824903,0,0.034980208,-893.1007143,11.16340342,53985.69823,0,0,-51.22924064,-2233.736231,26.18286813,0,9.228371644,-871.3861358,0.17893641,0,0
0,0.213943984,0,0.034980208,-893.1007143,11.16340342,53985.69823,0,0,-56.33258439,-2204.881638,24.00970848,0,9.429110717,502.6196891,0.179581216,0,0
0,-0.213033572,0,0.03484575,-667.720305,11.1665758,54483.5634,0,0,-4.705758205,1739.120567,-36.14502562,0,15.69465412,-426.7256892,0.1898951,0,0
0,-0.207514611,0,0.03484575,-667.720305,11.1665758,54483.5634,0,0,11.31714631,1733.745842,-35.58536758,0,24.37481098,293.3524503,0.188834583,0,0
0,-0.200822209,0,0.03484575,-667.720305,11.1665758,54483.5634,0,0,-26.51349983,1730.418272,-35.83692318,0,5.024643269,-872.3604956,0.188994601,0,0
0,-0.195658319,0,0.03484575,-667.720305,11.1665758,54483.5634,0,0,-22.82372455,1731.23577,-36.75725226,0,5.983240304,-824.0651663,0.189540734,0,0
0,-0.191262878,0,0.03484575,-667.720305,11.1665758,54483.5634,0,0,-11.66342729,1738.968805,-36.14563781,0,10.61694062,-552.0945233,0.189788727,0,0
0,-0.184320865,0,0.03484575,-667.720305,11.1665758,54483.5634,0,0,-28.67902482,1740.72435,-36.03848189,0,3.450388467,-108.0163167,0.189929175,0,0
0,-0.180795289,0,0.03484575,-667.720305,11.1665758,54483.5634,0,0,-24.58042786,1742.431158,-36.63338264,0,2.442215614,307.1521568,0.190606016,0,0
0,-0.175481202,0,0.03484575,-667.720305,11.1665758,54483.5634,0,0,-19.01985911,1737.974475,-35.91546569,0,5.714097049,-1064.022192,0.189917022,0,0
0,-0.168365225,0,0.03484575,-667.720305,11.1665758,54483.5634,0,0,-20.27072162,1741.077678,-35.6066908,0,4.723424241,-1465.706618,0.190486391,0,0
0,-0.163069734,0,0.03484575,-667.720305,11.1665758,54483.5634,0,0,-29.51615473,1737.810232,-35.66827071,0,-0.853037357,269.5411956,0.190101784,0,0
0,-0.158618245,0,0.03484575,-667.720305,11.1665758,54483.5634,0,0,-20.44429657,1748.227183,-36.24924009,0,1.724294205,-773.1927098,0.191397333,0,0
0,-0.152542656,0,0.03484575,-667.720305,11.1665758,54483.5634,0,0,-17.53612135,1741.095395,-35.63471559,0,3.377339585,-984.4879341,0.191023558,0,0
0,-0.146432217,0,0.03484575,-667.720305,11.1665758,54483.5634,0,0,-30.07740131,1726.61414,-35.93638162,0,-3.41081129,-855.1835779,0.189714539,0,0
0,-0.141952393,0,0.03484575,-667.720305,11.1665758,54483.5634,0,0,-18.29186792,1743.179102,-35.8784548,0,-0.716704,-121.4073439,0.192222646,0,0
0,-0.136350232,0,0.03484575,-667.720305,11.1665758,54483.5634,0,0,-17.03060657,1733.304555,-35.70000758,0,0.012899448,-287.4783046,0.191315038,0,0
0,-0.130736019,0,0.03484575,-667.720305,11.1665758,54483.5634,0,0,-27.06667164,1709.956435,-35.68976662,0,-5.483906329,-552.0493239,0.189469004,0,0
0,-0.125613313,0,0.03484575,-667.720305,11.1665758,54483.5634,0,0,-17.48192023,1715.204179,-35.57865626,0,-3.754395235,588.4373458,0.191475968,0,0
0,-0.119973806,0,0.03484575,-667.720305,11.1665758,54483.5634,0,0,-16.2739583,1713.626073,-35.83483197,0,-4.564948633,-1539.271264,0.192218383,0,0
0,-0.115563648,0,0.03484575,-667.720305,11.1665758,54483.5634,0,0,-25.51495702,1668.877096,-35.63238546,0,-9.384853382,-1302.649552,0.188089541,0,0
0,-0.109809186,0,0.03484575,-667.720305,11.1665758,54483.5634,0,0,-17.30825015,1661.408064,-35.3875587,0,-8.911747093,813.2955434,0.189378157,0,0
0,-0.103227859,0,0.03484575,-667.720305,11.1665758,54483.5634,0,0,-19.13018951,1656.527101,-35.06782033,0,-11.17700692,-347.9421685,0.190735832,0,0
0,-0.098778611,0,0.03484575,-667.720305,11.1665758,54483.5634,0,0,-21.86231379,1626.597366,-35.24011471,0,-14.28067803,518.6445164,0.188851331,0,0
0,-0.094146933,0,0.03484575,-667.720305,11.1665758,54483.5634,0,0,-16.04683705,1609.116217,-34.76989257,0,-14.15875161,179.4652132,0.189294904,0,0
0,-0.087614394,0,0.03484575,-667.720305,11.1665758,54483.5634,0,0,-15.86982385,1579.825103,-34.20612223,0,-16.40801355,-461.0540702,0.189729639,0,0
0,-0.082425486,0,0.03484575,-667.720305,11.1665758,54483.5634,0,0,-19.45640764,1561.126377,-34.08468628,0,-19.3813317,633.0445409,0.190488503,0,0
0,-0.078003973,0,0.03484575,-667.720305,11.1665758,54483.5634,0,0,-17.47296329,1518.099185,-33.5381037,0,-20.93064763,-1186.899757,0.189384576,0,0
0,-0.071344175,0,0.03484575,-667.720305,11.1665758,54483.5634,0,0,-16.35911373,1476.278204,-32.98704965,0,-21.84157065,232.1138908,0.190357249,0,0
0,-0.065477052,0,0.03484575,-667.720305,11.1665758,54483.5634,0,0,-18.37788567,1485.374747,-32.10742012,0,-23.95017396,621.3564397,0.195926796,0,0
0,-0.061351017,0,0.03484575,-667.720305,11.1665758,54483.5634,0,0,-21.58351169,1327.931228,-31.83311467,0,-22.38017349,-896.1414423,0.186162581,0,0
0,-0.05555461,0,0.03484575,-667.720305,11.1665758,54483.5634,0,0,-19.92204427,1330.474309,-31.37266468,0,-22.36149181,-125.9774122,0.192521337,0,0
0,-0.049745618,0,0.03484575,-667.720305,11.1665758,54483.5634,0,0,-21.43167557,1263.565022,-30.34603434,0,-22.80521079,-1101.025857,0.193802716,0,0
0,-0.04441393,0,0.03484575,-667.720305,11.1665758,54483.5634,0,0,-21.93711459,1159.768719,-29.42131613,0,-18.36070327,202.3824071,0.191787209,0,0
0,-0.039029436,0,0.03484575,-667.720305,11.1665758,54483.5634,0,0,-27.51207513,1027.424327,-28.55174353,0,-15.98956129,-977.3756158,0.187685043,0,0
0,-0.033554142,0,0.03484575,-667.720305,11.1665758,54483.5634,0,0,-29.21648971,978.6512698,-27.78868644,0,-17.07673157,154.3981054,0.192979561,0,0
0,-0.028245632,0,0.03484575,-667.720305,11.1665758,54483.5634,0,0,-27.36200824,867.5100201,-25.62538064,0,-10.122522,-571.4620771,0.192093447,0,0
0,-0.022833932,0,0.03484575,-667.720305,11.1665758,54483.5634,0,0,-28.29159016,726.535893,-24.55831405,0,-3.086539028,19.08157773,0.190496031,0,0
0,-0.017407988,0,0.03484575,-667.720305,11.1665758,54483.5634,0,0,-38.03994431,604.6250865,-23.30550919,0,-3.122691618,-101.449605,0.190758831,0,0
0,-0.01201682,0,0.03484575,-667.720305,11.1665758,54483.5634,0,0,-39.84950221,486.4736036,-21.09759263,0,2.820654365,-439.1100762,0.191267893,0,0
0,-0.006776413,0,0.03484575,-667.720305,11.1665758,54483.5634,0,0,-38.80561758,327.9628954,-19.04954172,0,11.16493829,75.26384123,0.189784744,0,0
0,-0.001516038,0,0.03484575,-667.720305,11.1665758,54483.5634,0,0,-40.35591146,173.5801553,-17.31843812,0,17.33576432,-1710.183884,0.188386672,0,0
0,0.004179764,0,0.03484575,-667.720305,11.1665758,54483.5634,0,0,-30.96398698,29.21826559,-15.13972091,0,25.34429414,-886.2944,0.187358866,0,0
0,0.009541338,0,0.03484575,-667.720305,11.1665758,54483.5634,0,0,-38.8270413,-103.8249734,-13.17425165,0,29.12186101,633.1173243,0.188299231,0,0
0,0.014949733,0,0.03484575,-667.720305,11.1665758,54483.5634,0,0,-39.90214049,-246.111744,-11.60570289,0,34.01753342,1036.485549,0.188227839,0,0
0,0.020572426,0,0.03484575,-667.720305,11.1665758,54483.5634,0,0,-28.43649626,-383.6783644,-10.28152984,0,40.71898899,697.0981344,0.186152646,0,0
0,0.025960129,0,0.03484575,-667.720305,11.1665758,54483.5634,0,0,-26.86857149,-518.1724189,-8.35905162,0,44.05260054,1329.554461,0.187450816,0,0
0,0.03141982,0,0.03484575,-667.720305,11.1665758,54483.5634,0,0,-35.30417219,-625.382778,-6.787575321,0,44.65281689,770.9957422,0.185760564,0,0
0,0.036651417,0,0.03484575,-667.720305,11.1665758,54483.5634,0,0,-23.04827394,-771.8669432,-5.667370616,0,48.1967762,138.5412059,0.189969668,0,0
0,0.041269404,0,0.03484575,-667.720305,11.1665758,54483.5634,0,0,-23.91512187,-897.5827186,-4.018843864,0,51.07667978,1114.275604,0.193192801,0,0
0,0.047357198,0,0.03484575,-667.720305,11.1665758,54483.5634,0,0,-21.80479462,-1022.719774,-2.441352234,0,51.98600501,1586.859164,0.194529264,0,0
0,0.052990042,0,0.03484575,-667.720305,11.1665758,54483.5634,0,0,-22.26142779,-1193.630964,-0.988707398,0,49.01499515,1214.680102,0.202510581,0,0
0,0.058290357,0,0.03484575,-667.720305,11.1665758,54483.5634,0,0,-17.08837896,-1225.006227,-0.099963102,0,53.2355092,406.6618939,0.196030099,0,0
0,0.063834692,0,0.03484575,-667.720305,11.1665758,54483.5634,0,0,-25.23329766,-1235.188178,2.236182119,0,52.30851696,870.2962493,0.187989945,0,0
0,0.068255084,0,0.03484575,-667.720305,11.1665758,54483.5634,0,0,-16.03019369,-1429.033587,1.797113401,0,50.00548894,1080.916638,0.201575838,0,0
0,0.074304166,0,0.03484575,-667.720305,11.1665758,54483.5634,0,0,-17.42375326,-1425.164875,3.305543042,0,49.48672468,1349.170507,0.193401653,0,0
0,0.080397408,0,0.03484575,-667.720305,11.1665758,54483.5634,0,0,-21.81089554,-1441.621211,5.081855891,0,47.86483948,1083.516011,0.188345902,0,0
0,0.084482821,0,0.03484575,-667.720305,11.1665758,54483.5634,0,0,-13.21983826,-1571.803812,4.675749105,0,46.0307191,1457.783369,0.197909519,0,0
0,0.090579045,0,0.03484575,-667.720305,11.1665758,54483.5634,0,0,-15.76979914,-1553.132528,6.059430404,0,44.28798195,1183.93655,0.190575829,0,0
0,0.097148873,0,0.03484575,-667.720305,11.1665758,54483.5634,0,0,-17.00409778,-1565.352052,6.855551176,0,43.02744056,768.6021772,0.186760644,0,0
0,0.101434214,0,0.03484575,-667.720305,11.1665758,54483.5634,0,0,-13.91670493,-1651.783404,6.786618744,0,41.03447002,1097.507594,0.192594514,0,0
0,0.106684393,0,0.03484575,-667.720305,11.1665758,54483.5634,0,0,-13.30685938,-1662.883465,7.605634874,0,38.56962716,1022.173352,0.191468453,0,0
0,0.111218913,0,0.03484575,-667.720305,11.1665758,54483.5634,0,0,-17.42671619,-1662.09719,8.237341003,0,39.09424651,496.4338091,0.18793695,0,0
0,0.117058686,0,0.03484575,-667.720305,11.1665758,54483.5634,0,0,-13.44696472,-1710.651461,8.292900284,0,36.08570947,914.1835527,0.192023226,0,0
0,0.123457041,0,0.03484575,-667.720305,11.1665758,54483.5634,0,0,-13.91002686,-1736.481038,8.296216624,0,34.39361854,1088.383224,0.19188794,0,0
0,0.128327586,0,0.03484575,-667.720305,11.1665758,54483.5634,0,0,-13.27817937,-1752.55396,9.104823425,0,34.70784034,1235.308067,0.192840138,0,0
0,0.134329465,0,0.03484575,-667.720305,11.1665758,54483.5634,0,0,-13.64090279,-1760.9658,8.924906758,0,30.98523728,941.555128,0.19379506,0,0
0,0.140139915,0,0.03484575,-667.720305,11.1665758,54483.5634,0,0,-10.05457164,-1779.700798,8.796779306,0,30.96255081,1167.315275,0.194674422,0,0
0,0.143750199,0,0.03484575,-667.720305,11.1665758,54483.5634,0,0,-9.080255226,-1739.359115,9.081804148,0,29.78782202,1126.288044,0.193556492,0,0
0,0.150960744,0,0.03484575,-667.720305,11.1665758,54483.5634,0,0,-14.63123064,-1718.235972,8.028898918,0,27.82650598,923.9210622,0.192095946,0,0
0,0.154969671,0,0.03484575,-667.720305,11.1665758,54483.5634,0,0,-11.03860234,-1694.838631,9.212641536,0,27.34617424,1174.016827,0.190620479,0,0
0,0.160816481,0,0.03484575,-667.720305,11.1665758,54483.5634,0,0,-9.393862889,-1681.785458,8.556928004,0,27.74145889,599.0114926,0.190103686,0,0
0,0.167373775,0,0.03484575,-667.720305,11.1665758,54483.5634,0,0,-14.91499136,-1659.668624,7.808972572,0,27.667696,592.5145977,0.190019118,0,0
0,0.171772812,0,0.03484575,-667.720305,11.1665758,54483.5634,0,0,-9.214253433,-1658.23093,8.37750889,0,25.74810271,905.3969705,0.189625516,0,0
0,0.176744014,0,0.03484575,-667.720305,11.1665758,54483.5634,0,0,-10.57235689,-1666.735256,8.576438294,0,25.28383585,404.6103838,0.189263543,0,0
0,0.183956488,0,0.03484575,-667.720305,11.1665758,54483.5634,0,0,-11.70609302,-1645.258435,7.593410535,0,26.8390623,766.9467878,0.189614954,0,0
0,0.187172301,0,0.03484575,-667.720305,11.1665758,54483.5634,0,0,-8.194249767,-1619.71146,8.556477389,0,23.74193113,1022.516557,0.187357428,0,0
0,0.19361652,0,0.03484575,-667.720305,11.1665758,54483.5634,0,0,-15.43567158,-1618.936085,7.95633051,0,23.55241322,921.3622915,0.188475183,0,0
0,0.199237227,0,0.03484575,-667.720305,11.1665758,54483.5634,0,0,-1.021190031,-1626.591813,7.492203856,0,29.10837476,1191.494639,0.188663799,0,0
0,0.203469894,0,0.03484575,-667.720305,11.1665758,54483.5634,0,0,-11.41180362,-1613.880835,7.682545849,0,22.28522823,1187.030068,0.187549349,0,0
0,0.209947551,0,0.03484575,-667.720305,11.1665758,54483.5634,0,0,-50.03400135,-1600.415231,7.49956886,0,5.195521289,1067.902888,0.187651679,0,0
0,0.214112971,0,0.03484575,-667.720305,11.1665758,54483.5634,0,0,-22.02196856,-1596.89295,6.931904012,0,18.9377206,1621.692037,0.189126018,0,0
0,-0.208847092,0,0.034846655,-221.3922972,11.16514556,54942.72289,0,0,-2.492536955,594.3391026,-11.63662095,0,13.80280231,-441.9096,0.196680042,0,0
0,-0.203601751,0,0.034846655,-221.3922972,11.16514556,54942.72289,0,0,7.875049766,597.9305085,-11.27564768,0,18.37998107,-42.09165625,0.200707799,0,0
0,-0.198051051,0,0.034846655,-221.3922972,11.16514556,54942.72289,0,0,-8.65901826,597.8433502,-12.00190315,0,9.952969756,-515.6924581,0.198909018,0,0
0,-0.193144948,0,0.034846655,-221.3922972,11.16514556,54942.72289,0,0,-12.6573564,598.4311867,-11.81794282,0,8.699595988,-915.815469,0.198211203,0,0
0,-0.187458501,0,0.034846655,-221.3922972,11.16514556,54942.72289,0,0,-4.573203509,600.6594387,-11.73240736,0,12.31299182,-271.9747403,0.199377958,0,0
0,-0.182425804,0,0.034846655,-221.3922972,11.16514556,54942.72289,0,0,-10.21785633,598.3770846,-11.55452215,0,9.031211288,258.0060593,0.198316782,0,0
0,-0.176208894,0,0.034846655,-221.3922972,11.16514556,54942.72289,0,0,-6.528320772,600.0840401,-11.51218821,0,10.63497339,-1621.735185,0.197930949,0,0
0,-0.171039015,0,0.034846655,-221.3922972,11.16514556,54942.72289,0,0,-8.112405185,604.2707234,-11.41648801,0,10.87576544,-981.8179235,0.200411148,0,0
0,-0.166522062,0,0.034846655,-221.3922972,11.16514556,54942.72289,0,0,-8.515913106,598.3702278,-11.31164187,0,9.461465227,1162.08822,0.196445193,0,0
0,-0.160234865,0,0.034846655,-221.3922972,11.16514556,54942.72289,0,0,-6.151069315,603.2814546,-11.5130074,0,10.36102381,722.5373318,0.198375072,0,0
0,-0.154848387,0,0.034846655,-221.3922972,11.16514556,54942.72289,0,0,-11.642585,605.8788124,-11.69772484,0,8.848001902,-1575.512798,0.199889948,0,0
0,-0.150244802,0,0.034846655,-221.3922972,11.16514556,54942.72289,0,0,-7.315507072,602.3504211,-11.81009452,0,10.1160039,-519.1141248,0.196025119,0,0
0,-0.145128135,0,0.034846655,-221.3922972,11.16514556,54942.72289,0,0,-7.766889683,604.801702,-11.70686825,0,9.346797623,1101.419623,0.197488276,0,0
0,-0.139715746,0,0.034846655,-221.3922972,11.16514556,54942.72289,0,0,-10.84570432,605.7718547,-11.36414202,0,7.725791111,280.5763819,0.19817009,0,0
0,-0.133868678,0,0.034846655,-221.3922972,11.16514556,54942.72289,0,0,-5.009597266,604.344821,-11.66447325,0,10.6719991,-1627.143868,0.195823706,0,0
0,-0.128418589,0,0.034846655,-221.3922972,11.16514556,54942.72289,0,0,-6.544573652,601.7367643,-11.58740077,0,8.119968285,907.8616645,0.194925281,0,0
0,-0.124051444,0,0.034846655,-221.3922972,11.16514556,54942.72289,0,0,-12.23534648,609.3500453,-11.57261193,0,7.566795359,-863.0338177,0.198643562,0,0
0,-0.118396174,0,0.034846655,-221.3922972,11.16514556,54942.72289,0,0,-5.165127658,602.4214785,-11.44868752,0,9.842817581,282.9647963,0.194768792,0,0
0,-0.112391688,0,0.034846655,-221.3922972,11.16514556,54942.72289,0,0,-8.424088158,598.4041381,-11.59128472,0,6.446802459,-1140.637058,0.193288367,0,0
0,-0.108106179,0,0.034846655,-221.3922972,11.16514556,54942.72289,0,0,-10.97456269,605.0542253,-11.51953766,0,6.799853749,-641.3519772,0.19718422,0,0
0,-0.102193068,0,0.034846655,-221.3922972,11.16514556,54942.72289,0,0,-5.309883828,597.1702594,-11.65871392,0,8.767297339,-432.4097771,0.194940352,0,0
0,-0.095795115,0,0.034846655,-221.3922972,11.16514556,54942.72289,0,0,-9.92781682,591.322226,-11.51014479,0,5.600328804,-861.2544669,0.191416239,0,0
0,-0.091583445,0,0.034846655,-221.3922972,11.16514556,54942.72289,0,0,-9.365431789,594.4502106,-11.67555171,0,5.990138343,271.4364371,0.194831227,0,0
0,-0.086315534,0,0.034846655,-221.3922972,11.16514556,54942.72289,0,0,-6.104321978,588.1525739,-11.47378342,0,7.616546594,806.8340042,0.19403099,0,0
0,-0.079770436,0,0.034846655,-221.3922972,11.16514556,54942.72289,0,0,-7.457618539,578.6427811,-11.06196719,0,5.039462188,96.03924861,0.191149455,0,0
0,-0.075284454,0,0.034846655,-221.3922972,11.16514556,54942.72289,0,0,-13.9580204,569.6169229,-11.71289877,0,4.022518339,469.9375586,0.194428813,0,0
0,-0.070005629,0,0.034846655,-221.3922972,11.16514556,54942.72289,0,0,-7.537826783,561.4194383,-11.4579894,0,6.049684265,557.1107037,0.193792866,0,0
0,-0.064197899,0,0.034846655,-221.3922972,11.16514556,54942.72289,0,0,-3.147777214,547.2856068,-11.09667725,0,6.106013826,273.4499857,0.1908636,0,0
0,-0.059753837,0,0.034846655,-221.3922972,11.16514556,54942.72289,0,0,-15.77901712,526.9140445,-11.77153916,0,4.196289095,-42.66193757,0.197217788,0,0
0,-0.05349469,0,0.034846655,-221.3922972,11.16514556,54942.72289,0,0,-12.13116564,508.2913538,-11.00344359,0,4.238706092,-18.6984684,0.195439789,0,0
0,-0.047971861,0,0.034846655,-221.3922972,11.16514556,54942.72289,0,0,-1.696732797,484.0643663,-10.8882576,0,8.126289947,810.7882069,0.194404272,0,0
0,-0.043840177,0,0.034846655,-221.3922972,11.16514556,54942.72289,0,0,-13.02350005,458.2456952,-11.6322646,0,6.183391458,-793.6758343,0.197881731,0,0
0,-0.0370833,0,0.034846655,-221.3922972,11.16514556,54942.72289,0,0,-16.36526741,425.6199009,-10.93965522,0,3.958343867,-77.77336278,0.200345033,0,0
0,-0.032470579,0,0.034846655,-221.3922972,11.16514556,54942.72289,0,0,-13.27089876,395.987809,-10.80353132,0,6.3877607,-517.5413875,0.20029468,0,0
0,-0.027593217,0,0.034846655,-221.3922972,11.16514556,54942.72289,0,0,-7.155430176,357.527082,-11.03427727,0,10.36611194,-405.0016043,0.201560735,0,0
0,-0.020999429,0,0.034846655,-221.3922972,11.16514556,54942.72289,0,0,-18.69349172,314.962471,-10.89176742,0,7.589629128,224.9290853,0.21190688,0,0
0,-0.016791209,0,0.034846655,-221.3922972,11.16514556,54942.72289,0,0,-23.39330679,256.0747869,-10.96273579,0,6.631266,409.1463918,0.207444355,0,0
0,-0.011288242,0,0.034846655,-221.3922972,11.16514556,54942.72289,0,0,-14.16195793,192.5224819,-10.53481407,0,12.8894049,-451.9984353,0.209688526,0,0
0,-0.005516843,0,0.034846655,-221.3922972,11.16514556,54942.72289,0,0,-19.94328853,102.0605686,-10.23515663,0,12.28902695,1563.76505,0.211162315,0,0
0,-0.00036416,0,0.034846655,-221.3922972,11.16514556,54942.72289,0,0,-23.48139424,17.32134409,-10.65269777,0,12.94393188,-163.5744229,0.205353005,0,0
0,0.004902531,0,0.034846655,-221.3922972,11.16514556,54942.72289,0,0,-7.742982227,-60.80988126,-10.16164199,0,17.74069718,1008.823162,0.202333827,0,0
0,0.010138511,0,0.034846655,-221.3922972,11.16514556,54942.72289,0,0,-21.47125154,-130.1149268,-9.799251885,0,14.61922558,285.6864708,0.200489306,0,0
0,0.015379008,0,0.034846655,-221.3922972,11.16514556,54942.72289,0,0,-18.94585725,-193.633682,-9.791706721,0,16.20608756,1150.257933,0.199980193,0,0
0,0.021472784,0,0.034846655,-221.3922972,11.16514556,54942.72289,0,0,-5.520306756,-248.3686786,-9.78808242,0,20.18038442,1409.488243,0.193118997,0,0
0,0.025949097,0,0.034846655,-221.3922972,11.16514556,54942.72289,0,0,-15.30262816,-293.4032318,-9.537197193,0,17.0932641,688.2737931,0.196809294,0,0
0,0.031159963,0,0.034846655,-221.3922972,11.16514556,54942.72289,0,0,-14.19628667,-331.8731885,-9.580125903,0,16.54550858,1127.498417,0.194986003,0,0
0,0.037583483,0,0.034846655,-221.3922972,11.16514556,54942.72289,0,0,-3.770669741,-375.1716876,-9.663108335,0,20.3366022,739.7527122,0.192945722,0,0
0,0.041752108,0,0.034846655,-221.3922972,11.16514556,54942.72289,0,0,-9.984337037,-412.5418356,-9.449710231,0,18.47427205,854.0223417,0.197255522,0,0
0,0.047152668,0,0.034846655,-221.3922972,11.16514556,54942.72289,0,0,-10.79791313,-444.1356302,-9.745189252,0,17.77839612,829.1980019,0.196632479,0,0
0,0.05343606,0,0.034846655,-221.3922972,11.16514556,54942.72289,0,0,-1.299029434,-481.5692367,-9.763305529,0,20.91251709,305.996175,0.198198329,0,0
0,0.058497148,0,0.034846655,-221.3922972,11.16514556,54942.72289,0,0,-11.1215205,-508.1482451,-9.543583076,0,15.8745169,1172.857244,0.200639487,0,0
0,0.063848055,0,0.034846655,-221.3922972,11.16514556,54942.72289,0,0,-4.536967877,-526.2776989,-9.298018963,0,19.53349684,-560.551854,0.199688356,0,0
0,0.069328532,0,0.034846655,-221.3922972,11.16514556,54942.72289,0,0,-3.067888418,-545.6564774,-9.7541878,0,19.18776702,728.9676493,0.200237807,0,0
0,0.073681779,0,0.034846655,-221.3922972,11.16514556,54942.72289,0,0,-7.638778101,-564.1087708,-9.834465762,0,15.87379063,12.48529157,0.204431862,0,0
0,0.079855171,0,0.034846655,-221.3922972,11.16514556,54942.72289,0,0,-1.673008667,-574.874225,-9.789025498,0,18.45778464,975.3503797,0.202290316,0,0
0,0.086131895,0,0.034846655,-221.3922972,11.16514556,54942.72289,0,0,-4.93933461,-589.2900336,-9.635364159,0,16.95815595,311.9929079,0.204787423,0,0
0,0.08962112,0,0.034846655,-221.3922972,11.16514556,54942.72289,0,0,-3.477811433,-590.7686259,-9.829996535,0,16.13248987,631.3471903,0.204324426,0,0
0,0.095530286,0,0.034846655,-221.3922972,11.16514556,54942.72289,0,0,-2.081544765,-591.9080759,-9.58269785,0,16.54674222,1180.426065,0.202535355,0,0
0,0.101404165,0,0.034846655,-221.3922972,11.16514556,54942.72289,0,0,-1.89134148,-608.5887274,-9.760304679,0,16.60736566,387.0156438,0.208114987,0,0
0,0.106765596,0,0.034846655,-221.3922972,11.16514556,54942.72289,0,0,-2.578193187,-611.0490238,-9.571801739,0,15.97071918,638.4433933,0.207776716,0,0
0,0.111747809,0,0.034846655,-221.3922972,11.16514556,54942.72289,0,0,-3.947788125,-605.0489787,-9.855506834,0,14.36161517,757.2851144,0.203697084,0,0
0,0.117228052,0,0.034846655,-221.3922972,11.16514556,54942.72289,0,0,-2.561870267,-610.5802713,-9.45859147,0,15.1512545,532.7050028,0.205072927,0,0
0,0.12218667,0,0.034846655,-221.3922972,11.16514556,54942.72289,0,0,-0.874123251,-621.6110062,-9.941390409,0,14.85363161,211.7147989,0.208856083,0,0
0,0.12779279,0,0.034846655,-221.3922972,11.16514556,54942.72289,0,0,-4.336401733,-613.5804971,-9.612488567,0,13.77114657,767.6571657,0.203361367,0,0
0,0.133160593,0,0.034846655,-221.3922972,11.16514556,54942.72289,0,0,-0.355243609,-613.5891889,-9.678905765,0,15.10439823,919.8294426,0.204627165,0,0
0,0.138548377,0,0.034846655,-221.3922972,11.16514556,54942.72289,0,0,-4.639348916,-621.3565054,-9.34878935,0,13.48610896,473.2861339,0.20634718,0,0
0,0.143754333,0,0.034846655,-221.3922972,11.16514556,54942.72289,0,0,-1.680520744,-613.6002421,-9.402995427,0,13.69462935,1069.297275,0.204602889,0,0
0,0.149435745,0,0.034846655,-221.3922972,11.16514556,54942.72289,0,0,-0.874274344,-613.1223808,-9.180170851,0,14.90165527,1213.455552,0.204285537,0,0
0,0.155012618,0,0.034846655,-221.3922972,11.16514556,54942.72289,0,0,-3.516913226,-605.2656272,-9.082505739,0,12.78705624,740.3676921,0.203618338,0,0
0,0.159959086,0,0.034846655,-221.3922972,11.16514556,54942.72289,0,0,-1.664633268,-605.3981088,-9.060102006,0,13.5909192,1470.341907,0.202412313,0,0
0,0.165289748,0,0.034846655,-221.3922972,11.16514556,54942.72289,0,0,0.920889209,-601.8615341,-9.299592539,0,14.80105423,1171.443199,0.202785953,0,0
0,0.170414383,0,0.034846655,-221.3922972,11.16514556,54942.72289,0,0,-3.474117091,-599.7870195,-8.974149375,0,12.76460456,-124.9824343,0.203240068,0,0
0,0.175493016,0,0.034846655,-221.3922972,11.16514556,54942.72289,0,0,-2.97676127,-602.8659819,-9.284158026,0,13.73310872,619.8274141,0.202414342,0,0
0,0.181250269,0,0.034846655,-221.3922972,11.16514556,54942.72289,0,0,-2.77070554,-597.3389797,-9.26527506,0,12.53571541,359.4053208,0.203702281,0,0
0,0.186679819,0,0.034846655,-221.3922972,11.16514556,54942.72289,0,0,-3.948934355,-591.9017798,-9.355489083,0,12.72615613,1246.855468,0.20153726,0,0
0,0.191471779,0,0.034846655,-221.3922972,11.16514556,54942.72289,0,0,1.211475036,-593.2746807,-9.743161696,0,14.33863475,1501.295708,0.201887508,0,0
0,0.197539742,0,0.034846655,-221.3922972,11.16514556,54942.72289,0,0,-1.776798772,-590.4687653,-8.988047867,0,11.54748531,1397.771155,0.201984576,0,0
0,0.20297174,0,0.034846655,-221.3922972,11.16514556,54942.72289,0,0,-14.50933816,-587.6065364,-9.479979449,0,7.081242271,523.1708752,0.202369318,0,0
0,0.20816803,0,0.034846655,-221.3922972,11.16514556,54942.72289,0,0,-16.7229295,-582.9190993,-9.682310996,0,6.807929424,1872.868001,0.198785189,0,0
0,0.212227694,0,0.034846655,-221.3922972,11.16514556,54942.72289,0,0,-16.23499573,-576.8127256,-10.30997056,0,4.649436076,1499.341217,0.19640421,0,0
0,-0.210857496,0,0.034768583,-1116.89504,11.16447797,54041.83788,0,0,-42.37290226,2685.78282,-64.74013195,0,-14.27789589,35.47133779,0.174133677,0,0
0,-0.207895486,0,0.034768583,-1116.89504,11.16447797,54041.83788,0,0,-10.66175228,2701.578227,-63.69480499,0,-2.226470408,-1897.114729,0.174191768,0,0
0,-0.200954096,0,0.034768583,-1116.89504,11.16447797,54041.83788,0,0,-47.24327301,2679.454984,-63.94674605,0,-18.96650014,-35.94709812,0.173906211,0,0
0,-0.196081389,0,0.034768583,-1116.89504,11.16447797,54041.83788,0,0,-53.18152148,2690.561056,-65.85111726,0,-24.34377127,-374.6045037,0.174692844,0,0
0,-0.190160285,0,0.034768583,-1116.89504,11.16447797,54041.83788,0,0,-43.82840465,2693.094452,-64.47953383,0,-23.37526928,-1507.488271,0.1753364,0,0
0,-0.184179224,0,0.034768583,-1116.89504,11.16447797,54041.83788,0,0,-59.26084613,2612.716539,-64.32865582,0,-35.80477266,149.4999818,0.172423869,0,0
0,-0.17967199,0,0.034768583,-1116.89504,11.16447797,54041.83788,0,0,-53.76784318,2619.218111,-64.3363079,0,-35.44098966,-1534.095302,0.173863347,0,0
0,-0.173593967,0,0.034768583,-1116.89504,11.16447797,54041.83788,0,0,-48.02917028,2587.854201,-64.07599699,0,-36.74764325,-488.0457312,0.173862836,0,0
0,-0.168388351,0,0.034768583,-1116.89504,11.16447797,54041.83788,0,0,-61.83526368,2426.383391,-63.83680122,0,-49.23056333,-499.2033493,0.16800765,0,0
0,-0.163426954,0,0.034768583,-1116.89504,11.16447797,54041.83788,0,0,-51.47831888,2530.37607,-64.01001335,0,-44.21354112,-663.8010293,0.174298252,0,0
0,-0.158129725,0,0.034768583,-1116.89504,11.16447797,54041.83788,0,0,-49.78349107,2519.912887,-63.42167943,0,-45.14395408,-1991.695327,0.175528471,0,0
0,-0.153382385,0,0.034768583,-1116.89504,11.16447797,54041.83788,0,0,-61.29759949,2220.200802,-61.74508375,0,-59.7368168,-396.2226957,0.164274996,0,0
0,-0.147660109,0,0.034768583,-1116.89504,11.16447797,54041.83788,0,0,-53.26338696,2384.801477,-62.73676272,0,-53.64995604,-1802.292991,0.173764686,0,0
0,-0.141047536,0,0.034768583,-1116.89504,11.16447797,54041.83788,0,0,-48.61036249,2431.823504,-62.60647705,0,-53.88078709,526.1592621,0.178342793,0,0
0,-0.137650428,0,0.034768583,-1116.89504,11.16447797,54041.83788,0,0,-58.92417516,2075.809167,-59.43069904,0,-65.30498124,-1341.379146,0.164812194,0,0
0,-0.131818229,0,0.034768583,-1116.89504,11.16447797,54041.83788,0,0,-53.92457526,2233.708401,-60.82743531,0,-61.95723798,-1129.228217,0.174027519,0,0
0,-0.124629328,0,0.034768583,-1116.89504,11.16447797,54041.83788,0,0,-51.26271083,2282.939419,-60.42249978,0,-63.01386788,-263.6375913,0.179050729,0,0
0,-0.121212643,0,0.034768583,-1116.89504,11.16447797,54041.83788,0,0,-57.74393489,1990.090012,-58.00373362,0,-68.89497343,-906.777131,0.168777802,0,0
0,-0.115348053,0,0.034768583,-1116.89504,11.16447797,54041.83788,0,0,-52.34491112,2149.499634,-58.764992,0,-67.60196761,-1036.980096,0.178187551,0,0
0,-0.109201481,0,0.034768583,-1116.89504,11.16447797,54041.83788,0,0,-45.18709883,2276.028062,-59.98447797,0,-67.92239141,-671.9779632,0.186773032,0,0
0,-0.104034846,0,0.034768583,-1116.89504,11.16447797,54041.83788,0,0,-53.72595601,1997.761515,-56.27898447,0,-71.16959995,-910.8310148,0.177779323,0,0
0,-0.098474819,0,0.034768583,-1116.89504,11.16447797,54041.83788,0,0,-61.2415887,1783.843774,-53.3627249,0,-71.82573808,-2987.84888,0.171515191,0,0
0,-0.094100658,0,0.034768583,-1116.89504,11.16447797,54041.83788,0,0,-47.44379351,2063.781143,-56.77670325,0,-70.49507285,-741.7305888,0.186534307,0,0
0,-0.08819259,0,0.034768583,-1116.89504,11.16447797,54041.83788,0,0,-53.61745939,1842.827981,-53.31107209,0,-71.09114376,-1098.427649,0.180307478,0,0
0,-0.081584637,0,0.034768583,-1116.89504,11.16447797,54041.83788,0,0,-54.28738577,1783.240134,-51.91175633,0,-70.25531401,407.3936294,0.181653795,0,0
0,-0.077078064,0,0.034768583,-1116.89504,11.16447797,54041.83788,0,0,-53.41105033,1691.126522,-50.46324112,0,-68.39203012,-359.5149428,0.180497766,0,0
0,-0.072251964,0,0.034768583,-1116.89504,11.16447797,54041.83788,0,0,-53.53637876,1627.04226,-50.10252878,0,-66.84859914,166.5025926,0.180688308,0,0
0,-0.066008521,0,0.034768583,-1116.89504,11.16447797,54041.83788,0,0,-52.46930254,1668.691024,-49.75668181,0,-65.58143804,-1170.802779,0.187252666,0,0
0,-0.060782755,0,0.034768583,-1116.89504,11.16447797,54041.83788,0,0,-48.97215971,1563.674156,-48.37634033,0,-62.86398151,410.1735099,0.186390089,0,0
0,-0.05515241,0,0.034768583,-1116.89504,11.16447797,54041.83788,0,0,-54.70358036,1434.191596,-45.39668896,0,-58.37947508,-330.9503666,0.184142374,0,0
0,-0.050261681,0,0.034768583,-1116.89504,11.16447797,54041.83788,0,0,-55.11211726,1378.463063,-44.51277193,0,-55.52388166,-364.6934898,0.185708754,0,0
0,-0.045152489,0,0.034768583,-1116.89504,11.16447797,54041.83788,0,0,-49.49684045,1322.535557,-43.40292376,0,-51.09850906,-893.1371875,0.187361124,0,0
0,-0.039019374,0,0.034768583,-1116.89504,11.16447797,54041.83788,0,0,-53.27320267,1192.600688,-40.67949804,0,-44.71539542,-477.80461,0.186576767,0,0
0,-0.033403287,0,0.034768583,-1116.89504,11.16447797,54041.83788,0,0,-58.01927801,1110.962525,-39.29034558,0,-42.77603493,-180.9079825,0.189255454,0,0
0,-0.028339546,0,0.034768583,-1116.89504,11.16447797,54041.83788,0,0,-56.88210668,937.9291779,-34.71478101,0,-30.71986826,385.4263166,0.184657204,0,0
0,-0.022931531,0,0.034768583,-1116.89504,11.16447797,54041.83788,0,0,-57.37247649,771.664165,-32.58055187,0,-19.61648785,-339.6398044,0.182490539,0,0
0,-0.017588998,0,0.034768583,-1116.89504,11.16447797,54041.83788,0,0,-64.52700939,654.9894838,-30.2269231,0,-16.14352856,-263.2471734,0.183872444,0,0
0,-0.012035295,0,0.034768583,-1116.89504,11.16447797,54041.83788,0,0,-66.10890932,522.8886233,-26.7553686,0,-4.84660397,-673.0050941,0.182865577,0,0
0,-0.006718698,0,0.034768583,-1116.89504,11.16447797,54041.83788,0,0,-67.3474887,375.6255375,-23.5100167,0,5.939563082,715.5687088,0.182659838,0,0
0,-0.001628492,0,0.034768583,-1116.89504,11.16447797,54041.83788,0,0,-69.44605797,233.1342732,-21.31011097,0,15.54418095,149.5042002,0.181550018,0,0
0,0.004003154,0,0.034768583,-1116.89504,11.16447797,54041.83788,0,0,-59.88461218,100.9873861,-17.97823662,0,27.90286494,841.4219174,0.182974685,0,0
0,0.009485694,0,0.034768583,-1116.89504,11.16447797,54041.83788,0,0,-63.51768641,-36.72001932,-14.92065696,0,36.07164043,-344.5129022,0.182682653,0,0
0,0.014992284,0,0.034768583,-1116.89504,11.16447797,54041.83788,0,0,-67.57727279,-183.9678488,-11.53054864,0,45.32293444,504.9553108,0.182362217,0,0
0,0.020514604,0,0.034768583,-1116.89504,11.16447797,54041.83788,0,0,-59.56919555,-330.1068627,-8.984037977,0,56.16247101,46.87800537,0.182262217,0,0
0,0.025744363,0,0.034768583,-1116.89504,11.16447797,54041.83788,0,0,-54.52886996,-473.6324107,-5.643895668,0,63.92226069,1268.92591,0.183640918,0,0
0,0.031393922,0,0.034768583,-1116.89504,11.16447797,54041.83788,0,0,-58.83357279,-604.9357492,-2.466934683,0,69.42598406,1304.720021,0.18245095,0,0
0,0.037097582,0,0.034768583,-1116.89504,11.16447797,54041.83788,0,0,-52.89452229,-775.5846282,0.270196555,0,76.82897547,623.0898589,0.183750617,0,0
0,0.041642992,0,0.034768583,-1116.89504,11.16447797,54041.83788,0,0,-51.88460148,-967.6302738,3.865273021,0,83.42258519,546.9390216,0.188928131,0,0
0,0.047056248,0,0.034768583,-1116.89504,11.16447797,54041.83788,0,0,-52.22588505,-1078.500338,7.808771894,0,87.36098691,1210.874149,0.186868859,0,0
0,0.052324354,0,0.034768583,-1116.89504,11.16447797,54041.83788,0,0,-51.48506713,-1327.379073,11.29136795,0,87.41142174,1279.477528,0.193292565,0,0
0,0.057722794,0,0.034768583,-1116.89504,11.16447797,54041.83788,0,0,-47.34839611,-1404.679794,14.14345873,0,92.6041748,506.8986701,0.18951093,0,0
0,0.064044537,0,0.034768583,-1116.89504,11.16447797,54041.83788,0,0,-48.60353804,-1549.396311,16.87377362,0,94.17138712,1112.855901,0.188320052,0,0
0,0.069552977,0,0.034768583,-1116.89504,11.16447797,54041.83788,0,0,-46.46617298,-1747.748363,19.59719391,0,94.72501828,858.436194,0.191480217,0,0
0,0.074282439,0,0.034768583,-1116.89504,11.16447797,54041.83788,0,0,-57.45436591,-1605.951567,21.8760631,0,96.19593414,1152.40701,0.180514628,0,0
0,0.07947202,0,0.034768583,-1116.89504,11.16447797,54041.83788,0,0,-43.90151845,-1962.760589,24.03232838,0,92.53986726,1229.116778,0.191311232,0,0
0,0.084904364,0,0.034768583,-1116.89504,11.16447797,54041.83788,0,0,-45.96133988,-1934.344047,25.5223673,0,93.40223555,892.1262712,0.185479967,0,0
0,0.091457464,0,0.034768583,-1116.89504,11.16447797,54041.83788,0,0,-48.43806516,-1930.76843,28.18398786,0,91.87795997,648.4452763,0.180186023,0,0
0,0.095527293,0,0.034768583,-1116.89504,11.16447797,54041.83788,0,0,-44.03637707,-2106.058756,28.84260776,0,88.84998227,1171.094644,0.183882646,0,0
0,0.100815972,0,0.034768583,-1116.89504,11.16447797,54041.83788,0,0,-45.66616295,-2152.465289,30.70236332,0,87.25481208,1103.531485,0.182728295,0,0
0,0.108008065,0,0.034768583,-1116.89504,11.16447797,54041.83788,0,0,-44.83271737,-2184.479235,31.75285353,0,84.05412567,677.414649,0.179225631,0,0
0,0.112663479,0,0.034768583,-1116.89504,11.16447797,54041.83788,0,0,-43.2115624,-2247.015574,33.00209645,0,81.69783319,1055.90464,0.17969538,0,0
0,0.116777385,0,0.034768583,-1116.89504,11.16447797,54041.83788,0,0,-44.80476326,-2271.348252,33.02901323,0,80.1554175,1170.465313,0.177553466,0,0
0,0.123553892,0,0.034768583,-1116.89504,11.16447797,54041.83788,0,0,-44.39791969,-2375.855388,34.95583731,0,76.56078689,951.8637734,0.178356696,0,0
0,0.129476613,0,0.034768583,-1116.89504,11.16447797,54041.83788,0,0,-49.50945202,-2298.991322,34.80685553,0,78.26610442,1007.027278,0.171089447,0,0
0,0.133013716,0,0.034768583,-1116.89504,11.16447797,54041.83788,0,0,-34.79574402,-2575.578117,37.32417895,0,69.68910794,757.2236209,0.183332926,0,0
0,0.139129035,0,0.034768583,-1116.89504,11.16447797,54041.83788,0,0,-40.79455013,-2526.191319,37.1058613,0,67.66724473,876.2710983,0.177847962,0,0
0,0.14499938,0,0.034768583,-1116.89504,11.16447797,54041.83788,0,0,-48.86133317,-2467.824029,37.01808086,0,65.75493331,820.8508958,0.172125201,0,0
0,0.15032648,0,0.034768583,-1116.89504,11.16447797,54041.83788,0,0,-37.00678208,-2584.374667,38.69253212,0,60.85725899,1215.955951,0.177022825,0,0
0,0.15662866,0,0.034768583,-1116.89504,11.16447797,54041.83788,0,0,-39.98508199,-2654.577449,39.22281548,0,55.14911055,666.8140746,0.178397135,0,0
0,0.161598465,0,0.034768583,-1116.89504,11.16447797,54041.83788,0,0,-39.01772581,-2655.937809,38.63888174,0,54.36660323,1024.3257,0.177284368,0,0
0,0.165498596,0,0.034768583,-1116.89504,11.16447797,54041.83788,0,0,-33.5697896,-2697.808499,39.62466315,0,51.0900707,168.7849554,0.178907883,0,0
0,0.171594877,0,0.034768583,-1116.89504,11.16447797,54041.83788,0,0,-36.06749298,-2696.000863,39.37239698,0,47.83729549,1516.058029,0.177390221,0,0
0,0.176548917,0,0.034768583,-1116.89504,11.16447797,54041.83788,0,0,-34.26716324,-2704.933742,39.86961333,0,45.89737067,853.2930849,0.177696092,0,0
0,0.183270094,0,0.034768583,-1116.89504,11.16447797,54041.83788,0,0,-29.62737067,-2725.302714,40.1114266,0,42.59125089,717.7253804,0.178008075,0,0
0,0.188121968,0,0.034768583,-1116.89504,11.16447797,54041.83788,0,0,-39.54373836,-2738.287222,39.58796053,0,37.23507027,827.5160752,0.17842483,0,0
0,0.192525881,0,0.034768583,-1116.89504,11.16447797,54041.83788,0,0,-32.54175086,-2726.491908,40.36592763,0,36.6067973,965.6896655,0.177492445,0,0
0,0.198749907,0,0.034768583,-1116.89504,11.16447797,54041.83788,0,0,-18.00810154,-2708.210668,39.11021276,0,42.83424923,854.2591551,0.176084278,0,0
0,0.203662648,0,0.034768583,-1116.89504,11.16447797,54041.83788,0,0,-45.47601905,-2711.950706,39.93866224,0,24.145711,815.7102926,0.176546555,0,0
0,0.208273625,0,0.034768583,-1116.89504,11.16447797,54041.83788,0,0,-64.63781994,-2699.169045,39.24263753,0,15.71955598,808.2254803,0.175814173,0,0
0,0.213755269,0,0.034768583,-1116.89504,11.16447797,54041.83788,0,0,-36.95566656,-2696.754037,39.19654677,0,26.75336234,939.292691,0.176354613,0,0
0,-0.21144659,0,0.034847936,-443.9591653,11.16508436,53797.9695,0,0,17.71591342,1199.671909,-21.26687632,0,25.82200708,196.6946656,0.192166329,0,0
0,-0.205074214,0,0.034847936,-443.9591653,11.16508436,53797.9695,0,0,-10.42232801,1189.997037,-21.89639608,0,11.22831638,1654.840577,0.190783259,0,0
0,-0.200376671,0,0.034847936,-443.9591653,11.16508436,53797.9695,0,0,-19.74016473,1199.81088,-21.77951554,0,7.525265914,143.180862,0.193364857,0,0
0,-0.194962959,0,0.034847936,-443.9591653,11.16508436,53797.9695,0,0,-10.1482102,1197.020913,-22.09429863,0,12.71549945,393.3586723,0.192203514,0,0
0,-0.190136741,0,0.034847936,-443.9591653,11.16508436,53797.9695,0,0,-11.04407606,1200.945347,-21.69788698,0,10.22962995,117.3135229,0.19358808,0,0
0,-0.184701027,0,0.034847936,-443.9591653,11.16508436,53797.9695,0,0,-17.29848072,1199.599923,-22.0213174,0,8.067320976,-1459.769387,0.192564417,0,0
0,-0.178276996,0,0.034847936,-443.9591653,11.16508436,53797.9695,0,0,-20.7214104,1199.140856,-22.03113308,0,6.773250463,-1513.612532,0.192460792,0,0
0,-0.173454557,0,0.034847936,-443.9591653,11.16508436,53797.9695,0,0,-9.503620654,1205.292988,-21.89361489,0,10.8296557,-468.8712124,0.193640724,0,0
0,-0.168359092,0,0.034847936,-443.9591653,11.16508436,53797.9695,0,0,-11.02293901,1207.243318,-21.77067778,0,9.781555089,967.8358016,0.193734207,0,0
0,-0.162517273,0,0.034847936,-443.9591653,11.16508436,53797.9695,0,0,-23.2625971,1201.769515,-21.74856949,0,4.400609856,-1144.385134,0.1919846,0,0
0,-0.157552558,0,0.034847936,-443.9591653,11.16508436,53797.9695,0,0,-11.0270843,1208.305146,-21.98873994,0,9.153899716,662.4612032,0.193669694,0,0
0,-0.152095793,0,0.034847936,-443.9591653,11.16508436,53797.9695,0,0,-11.2007641,1214.416076,-21.55088288,0,9.029080673,-663.3783337,0.194690524,0,0
0,-0.146359791,0,0.034847936,-443.9591653,11.16508436,53797.9695,0,0,-22.9159569,1201.943862,-22.04759048,0,3.81273598,160.5452462,0.192355522,0,0
0,-0.140877148,0,0.034847936,-443.9591653,11.16508436,53797.9695,0,0,-10.74121868,1202.323148,-21.60155879,0,7.813839041,-512.6694975,0.193049448,0,0
0,-0.135159107,0,0.034847936,-443.9591653,11.16508436,53797.9695,0,0,-10.84384339,1216.0146,-21.63323858,0,6.329260494,-470.4847228,0.195436648,0,0
0,-0.130502993,0,0.034847936,-443.9591653,11.16508436,53797.9695,0,0,-19.03272104,1193.564685,-21.57203445,0,3.235075344,-331.6655775,0.192015148,0,0
0,-0.12507662,0,0.034847936,-443.9591653,11.16508436,53797.9695,0,0,-12.81869462,1195.152359,-21.65281721,0,5.384095317,-906.0106385,0.192973544,0,0
0,-0.119593922,0,0.034847936,-443.9591653,11.16508436,53797.9695,0,0,-8.994908402,1202.079299,-21.74503764,0,4.248940862,806.1100938,0.194795599,0,0
0,-0.114668501,0,0.034847936,-443.9591653,11.16508436,53797.9695,0,0,-18.3190839,1184.069642,-21.69174739,0,1.646605363,-653.4092055,0.191817099,0,0
0,-0.109023919,0,0.034847936,-443.9591653,11.16508436,53797.9695,0,0,-14.39374573,1179.497241,-21.68534313,0,2.008840253,38.40152347,0.192603698,0,0
0,-0.103037355,0,0.034847936,-443.9591653,11.16508436,53797.9695,0,0,-10.55044866,1193.226089,-21.16720529,0,1.09014856,-396.4338656,0.194961896,0,0
0,-0.098120811,0,0.034847936,-443.9591653,11.16508436,53797.9695,0,0,-14.51248067,1160.23713,-21.47655407,0,-0.881652434,297.7988241,0.191539662,0,0
0,-0.093189118,0,0.034847936,-443.9591653,11.16508436,53797.9695,0,0,-14.20914099,1151.049697,-21.63168888,0,-1.151633143,162.1343926,0.192218858,0,0
0,-0.086646898,0,0.034847936,-443.9591653,11.16508436,53797.9695,0,0,-11.18493157,1152.643511,-21.26997348,0,-2.212601184,-275.8052747,0.193863987,0,0
0,-0.080944707,0,0.034847936,-443.9591653,11.16508436,53797.9695,0,0,-12.01337844,1157.722871,-21.22176032,0,-5.200318777,0.108003127,0.195219724,0,0
0,-0.076547229,0,0.034847936,-443.9591653,11.16508436,53797.9695,0,0,-14.91949288,1097.58921,-21.69919465,0,-5.324752253,841.7966982,0.191934617,0,0
0,-0.070798201,0,0.034847936,-443.9591653,11.16508436,53797.9695,0,0,-11.61393059,1122.370335,-20.53392601,0,-6.614947892,32.76009766,0.19661531,0,0
0,-0.065467966,0,0.034847936,-443.9591653,11.16508436,53797.9695,0,0,-13.29692047,1077.070956,-20.78878384,0,-7.063086788,-754.2208669,0.195080462,0,0
0,-0.060028435,0,0.034847936,-443.9591653,11.16508436,53797.9695,0,0,-17.44727849,1007.004885,-21.18989754,0,-6.353915243,132.9597785,0.193091365,0,0
0,-0.054904287,0,0.034847936,-443.9591653,11.16508436,53797.9695,0,0,-14.05589509,1008.340827,-20.04180222,0,-7.538250723,-144.6770978,0.196861062,0,0
0,-0.049381929,0,0.034847936,-443.9591653,11.16508436,53797.9695,0,0,-16.63503306,941.1754069,-19.99086627,0,-7.697219464,777.5452857,0.195047202,0,0
0,-0.043739408,0,0.034847936,-443.9591653,11.16508436,53797.9695,0,0,-16.29825376,871.7740397,-20.09351067,0,-3.829148232,-261.1324213,0.194955531,0,0
0,-0.038778176,0,0.034847936,-443.9591653,11.16508436,53797.9695,0,0,-20.03990957,806.2346164,-19.68971629,0,-4.947662804,-652.2446205,0.194086477,0,0
0,-0.033394011,0,0.034847936,-443.9591653,11.16508436,53797.9695,0,0,-24.76564917,743.7702909,-18.88806811,0,-6.073640306,-1141.696435,0.193998713,0,0
0,-0.027492406,0,0.034847936,-443.9591653,11.16508436,53797.9695,0,0,-17.61710622,664.7340043,-18.27331051,0,1.506777479,-761.4961102,0.195676438,0,0
0,-0.022287568,0,0.034847936,-443.9591653,11.16508436,53797.9695,0,0,-25.44263234,563.865246,-18.10254452,0,2.400646815,481.6277354,0.194919422,0,0
0,-0.017375775,0,0.034847936,-443.9591653,11.16508436,53797.9695,0,0,-27.81465433,475.8734745,-16.94984434,0,2.233056545,290.0553336,0.19464238,0,0
0,-0.01161703,0,0.034847936,-443.9591653,11.16508436,53797.9695,0,0,-32.99296159,379.2423748,-16.24199364,0,7.727440565,279.4778508,0.198465425,0,0
0,-0.006262506,0,0.034847936,-443.9591653,11.16508436,53797.9695,0,0,-33.34808398,238.4289875,-15.45124779,0,11.97548555,894.1528646,0.197634238,0,0
0,-0.000806086,0,0.034847936,-443.9591653,11.16508436,53797.9695,0,0,-32.02756828,99.10895928,-14.89694996,0,16.98636622,1666.970641,0.194588814,0,0
0,0.004802038,0,0.034847936,-443.9591653,11.16508436,53797.9695,0,0,-24.005334,-29.6606757,-13.15437035,0,22.66294622,-421.292918,0.195944205,0,0
0,0.009978061,0,0.034847936,-443.9591653,11.16508436,53797.9695,0,0,-34.87941769,-148.7707596,-12.24542453,0,23.33680158,333.4108265,0.195689454,0,0
0,0.015744621,0,0.034847936,-443.9591653,11.16508436,53797.9695,0,0,-26.43808456,-259.1226703,-11.26570741,0,26.75115228,998.3784165,0.188434158,0,0
0,0.020887357,0,0.034847936,-443.9591653,11.16508436,53797.9695,0,0,-18.46983343,-356.5826338,-10.32930719,0,31.94282002,-518.164122,0.186325492,0,0
0,0.025792369,0,0.034847936,-443.9591653,11.16508436,53797.9695,0,0,-22.18453208,-449.5528028,-9.539591252,0,31.90965978,1299.729902,0.188161741,0,0
0,0.031622137,0,0.034847936,-443.9591653,11.16508436,53797.9695,0,0,-19.73842974,-556.4259029,-8.99552933,0,31.71517859,-345.3689405,0.188878041,0,0
0,0.036944137,0,0.034847936,-443.9591653,11.16508436,53797.9695,0,0,-16.07063425,-657.7887412,-8.479008406,0,34.37807974,254.0233473,0.194114171,0,0
0,0.042578202,0,0.034847936,-443.9591653,11.16508436,53797.9695,0,0,-15.03619606,-750.6374361,-7.913943375,0,35.96846804,712.440472,0.195755605,0,0
0,0.048661588,0,0.034847936,-443.9591653,11.16508436,53797.9695,0,0,-10.39325485,-856.2580382,-7.761803888,0,35.7386316,808.2445625,0.200845923,0,0
0,0.053329699,0,0.034847936,-443.9591653,11.16508436,53797.9695,0,0,-19.01783321,-904.8059525,-6.876619801,0,33.45658697,1464.627693,0.201065005,0,0
0,0.058531568,0,0.034847936,-443.9591653,11.16508436,53797.9695,0,0,-15.83407357,-935.5252934,-5.869642253,0,35.73851528,1210.435087,0.196083964,0,0
0,0.063713965,0,0.034847936,-443.9591653,11.16508436,53797.9695,0,0,-6.265666047,-1041.234111,-6.394396609,0,35.2232392,78.08014599,0.207749092,0,0
0,0.069045445,0,0.034847936,-443.9591653,11.16508436,53797.9695,0,0,-8.509341928,-1040.66513,-5.679801563,0,34.53283244,530.4600602,0.198395822,0,0
0,0.074714327,0,0.034847936,-443.9591653,11.16508436,53797.9695,0,0,-17.12680545,-1053.787712,-5.03460761,0,33.08529364,818.2659323,0.192369704,0,0
0,0.080171656,0,0.034847936,-443.9591653,11.16508436,53797.9695,0,0,-8.875923556,-1119.011734,-4.822853086,0,31.01652206,400.7295992,0.200468303,0,0
0,0.085554894,0,0.034847936,-443.9591653,11.16508436,53797.9695,0,0,-6.477740727,-1148.181133,-4.980396763,0,31.1019483,1225.610399,0.20114033,0,0
0,0.090030415,0,0.034847936,-443.9591653,11.16508436,53797.9695,0,0,-11.99462576,-1125.6432,-4.156130598,0,29.51800833,431.7320963,0.193009607,0,0
0,0.095961314,0,0.034847936,-443.9591653,11.16508436,53797.9695,0,0,-7.980911316,-1173.655924,-4.104641124,0,28.24322393,852.5923558,0.199158166,0,0
0,0.102655601,0,0.034847936,-443.9591653,11.16508436,53797.9695,0,0,-6.155320163,-1198.077703,-4.073621238,0,27.12971378,1477.579071,0.200732677,0,0
0,0.107219661,0,0.034847936,-443.9591653,11.16508436,53797.9695,0,0,-9.769604514,-1195.672817,-4.129430463,0,25.99509243,1700.848086,0.197371377,0,0
0,0.112608474,0,0.034847936,-443.9591653,11.16508436,53797.9695,0,0,-5.750431822,-1201.984562,-3.763978367,0,24.81580667,589.1867887,0.199888717,0,0
0,0.117955421,0,0.034847936,-443.9591653,11.16508436,53797.9695,0,0,-8.596097704,-1222.907923,-3.924496732,0,24.99047314,721.5829552,0.200674313,0,0
0,0.122096171,0,0.034847936,-443.9591653,11.16508436,53797.9695,0,0,-7.308778123,-1216.521025,-3.884562012,0,22.82593692,1386.280254,0.200032941,0,0
0,0.129545704,0,0.034847936,-443.9591653,11.16508436,53797.9695,0,0,-3.129953515,-1197.134348,-3.919725814,0,23.98997564,1598.484446,0.199040709,0,0
0,0.13356848,0,0.034847936,-443.9591653,11.16508436,53797.9695,0,0,-8.028517017,-1191.246565,-3.771966975,0,23.81745812,585.8320595,0.199534279,0,0
0,0.139024877,0,0.034847936,-443.9591653,11.16508436,53797.9695,0,0,-8.114898483,-1168.869478,-3.496248963,0,20.95335548,945.0591403,0.197188892,0,0
0,0.14556801,0,0.034847936,-443.9591653,11.16508436,53797.9695,0,0,-4.936488969,-1156.052024,-3.373931448,0,22.75521394,-842.6137694,0.197748267,0,0
0,0.14887398,0,0.034847936,-443.9591653,11.16508436,53797.9695,0,0,-4.713142772,-1151.465012,-4.047063597,0,23.6870896,1215.273941,0.194966691,0,0
0,0.15601897,0,0.034847936,-443.9591653,11.16508436,53797.9695,0,0,-10.50061451,-1129.555832,-3.603568559,0,20.64521135,1496.139548,0.195276443,0,0
0,0.161488681,0,0.034847936,-443.9591653,11.16508436,53797.9695,0,0,-3.842816708,-1120.127374,-3.220908689,0,21.92396979,986.7238388,0.195791515,0,0
0,0.165895472,0,0.034847936,-443.9591653,11.16508436,53797.9695,0,0,-3.61342959,-1119.947875,-3.935482387,0,23.78230612,1226.341068,0.193646177,0,0
0,0.1715277,0,0.034847936,-443.9591653,11.16508436,53797.9695,0,0,-10.15080474,-1123.907168,-3.263523674,0,19.45791937,1489.702692,0.195549163,0,0
0,0.176941686,0,0.034847936,-443.9591653,11.16508436,53797.9695,0,0,-3.512264631,-1117.591386,-3.456608094,0,22.10560878,1527.76895,0.196278519,0,0
0,0.183069591,0,0.034847936,-443.9591653,11.16508436,53797.9695,0,0,-6.121580071,-1114.256209,-3.504433186,0,20.51659989,358.1045224,0.19516661,0,0
0,0.188416284,0,0.034847936,-443.9591653,11.16508436,53797.9695,0,0,-10.66906482,-1116.287926,-3.683030192,0,18.14292089,339.6872688,0.194060962,0,0
0,0.192939426,0,0.034847936,-443.9591653,11.16508436,53797.9695,0,0,-3.578576462,-1112.560525,-3.731885705,0,21.71099958,1013.890092,0.196675144,0,0
0,0.198723701,0,0.034847936,-443.9591653,11.16508436,53797.9695,0,0,-15.50363952,-1114.061116,-4.134408391,0,15.49574566,625.0704842,0.195387843,0,0
0,0.204416541,0,0.034847936,-443.9591653,11.16508436,53797.9695,0,0,-10.18910854,-1105.310556,-4.594943316,0,17.11006106,809.7625203,0.193482909,0,0
0,0.208998064,0,0.034847936,-443.9591653,11.16508436,53797.9695,0,0,-25.82290558,-1102.909088,-3.951496495,0,10.84014286,537.5008695,0.196168352,0,0
0,0.213618553,0,0.034847936,-443.9591653,11.16508436,53797.9695,0,0,-35.63445461,-1096.533901,-4.732524402,0,5.505051874,1367.084337,0.193174917,0,0
0,-0.21329564,0,0.069791668,-898.5353692,11.16538086,54121.38844,0,0,-27.04222867,2285.314698,-56.11610264,0,16.27259285,-1242.273992,0.180591868,0,0
0,-0.206543557,0,0.069791668,-898.5353692,11.16538086,54121.38844,0,0,5.025172045,2298.400275,-55.66232856,0,30.56753744,-1087.797984,0.180762602,0,0
0,-0.20111042,0,0.069791668,-898.5353692,11.16538086,54121.38844,0,0,-29.24202742,2297.380378,-56.73480014,0,14.91395706,-1742.298597,0.181386095,0,0
0,-0.19684971,0,0.069791668,-898.5353692,11.16538086,54121.38844,0,0,-41.18962385,2273.141938,-56.33168977,0,5.877791186,-1947.592418,0.180154508,0,0
0,-0.190932551,0,0.069791668,-898.5353692,11.16538086,54121.38844,0,0,-26.58026013,2290.780715,-56.5677843,0,10.85957736,131.830554,0.181997541,0,0
0,-0.184845856,0,0.069791668,-898.5353692,11.16538086,54121.38844,0,0,-43.19459642,2279.763045,-56.71951454,0,3.223440859,-1157.448001,0.181096148,0,0
0,-0.180048581,0,0.069791668,-898.5353692,11.16538086,54121.38844,0,0,-38.05163306,2276.431106,-56.40062542,0,1.599607143,-2414.738757,0.181710467,0,0
0,-0.174342232,0,0.069791668,-898.5353692,11.16538086,54121.38844,0,0,-25.35931743,2284.504221,-56.06236547,0,5.922592023,288.7566808,0.182825865,0,0
0,-0.170348336,0,0.069791668,-898.5353692,11.16538086,54121.38844,0,0,-32.92718661,2245.589991,-56.91141823,0,-0.512569,414.7246911,0.180745871,0,0
0,-0.16413965,0,0.069791668,-898.5353692,11.16538086,54121.38844,0,0,-35.88139631,2249.753495,-56.26879289,0,-4.358107472,-1406.393581,0.181819194,0,0
0,-0.158105239,0,0.069791668,-898.5353692,11.16538086,54121.38844,0,0,-27.79487737,2236.75263,-56.20472863,0,-2.726941852,-894.4525978,0.182443718,0,0
0,-0.152305063,0,0.069791668,-898.5353692,11.16538086,54121.38844,0,0,-38.63110915,2163.896606,-56.22699861,0,-13.08164194,-1152.152926,0.178254714,0,0
0,-0.147243187,0,0.069791668,-898.5353692,11.16538086,54121.38844,0,0,-28.63478696,2177.204616,-55.11508771,0,-10.26857059,-400.0215279,0.180599714,0,0
0,-0.142473744,0,0.069791668,-898.5353692,11.16538086,54121.38844,0,0,-29.63117486,2161.992524,-56.47961632,0,-11.79651048,-368.2011696,0.181363442,0,0
0,-0.137951609,0,0.069791668,-898.5353692,11.16538086,54121.38844,0,0,-32.87939762,2102.470562,-55.86064639,0,-17.52556556,-1694.962512,0.179039874,0,0
0,-0.131446707,0,0.069791668,-898.5353692,11.16538086,54121.38844,0,0,-28.33155587,2085.499194,-55.16103206,0,-17.47562828,-888.7642149,0.180280374,0,0
0,-0.125612043,0,0.069791668,-898.5353692,11.16538086,54121.38844,0,0,-32.75260866,1997.44265,-54.52710707,0,-21.51972363,620.5666618,0.176893149,0,0
0,-0.121483158,0,0.069791668,-898.5353692,11.16538086,54121.38844,0,0,-26.42403084,2081.446796,-55.30697212,0,-19.08346507,-410.404097,0.184922496,0,0
0,-0.115881671,0,0.069791668,-898.5353692,11.16538086,54121.38844,0,0,-28.74596277,1975.98864,-54.07164846,0,-23.1288691,-1135.308621,0.180612685,0,0
0,-0.109105718,0,0.069791668,-898.5353692,11.16538086,54121.38844,0,0,-28.41595868,1953.066688,-53.81341646,0,-24.23105978,-805.2216149,0.182285742,0,0
0,-0.103972927,0,0.069791668,-898.5353692,11.16538086,54121.38844,0,0,-30.3685937,1883.235802,-53.13390701,0,-27.72043114,1222.141586,0.180208709,0,0
0,-0.100039459,0,0.069791668,-898.5353692,11.16538086,54121.38844,0,0,-29.30086614,1876.483593,-52.99599,0,-28.03988921,-794.8070922,0.18234555,0,0
0,-0.093476839,0,0.069791668,-898.5353692,11.16538086,54121.38844,0,0,-29.59321279,1833.814367,-52.24446851,0,-28.62318714,204.3513192,0.183093211,0,0
0,-0.087170522,0,0.069791668,-898.5353692,11.16538086,54121.38844,0,0,-26.64708569,1871.388754,-52.38088551,0,-28.34656971,-2161.525985,0.189138703,0,0
0,-0.08336032,0,0.069791668,-898.5353692,11.16538086,54121.38844,0,0,-35.58927163,1651.379071,-50.75575387,0,-30.45271596,-953.3532504,0.177371174,0,0
0,-0.077506334,0,0.069791668,-898.5353692,11.16538086,54121.38844,0,0,-30.48317273,1702.61572,-50.97789177,0,-29.29312421,-374.0513563,0.184325993,0,0
0,-0.07173722,0,0.069791668,-898.5353692,11.16538086,54121.38844,0,0,-26.25868212,1707.903298,-50.68744671,0,-28.70331431,-762.4901092,0.189069555,0,0
0,-0.066346614,0,0.069791668,-898.5353692,11.16538086,54121.38844,0,0,-32.11304773,1594.395695,-49.9955934,0,-27.14994781,-1299.179912,0.185361847,0,0
0,-0.060795637,0,0.069791668,-898.5353692,11.16538086,54121.38844,0,0,-36.98084411,1486.208959,-48.23497399,0,-23.96101677,131.662002,0.1819401,0,0
0,-0.056394655,0,0.069791668,-898.5353692,11.16538086,54121.38844,0,0,-28.86122069,1524.890812,-49.14768406,0,-22.95918505,150.6873016,0.189119312,0,0
0,-0.050518534,0,0.069791668,-898.5353692,11.16538086,54121.38844,0,0,-36.57780845,1418.129965,-47.53570703,0,-19.78140112,-730.79429,0.186576783,0,0
0,-0.044770061,0,0.069791668,-898.5353692,11.16538086,54121.38844,0,0,-34.11962672,1354.222719,-46.45074534,0,-15.52610167,-1145.817382,0.188133993,0,0
0,-0.039511464,0,0.069791668,-898.5353692,11.16538086,54121.38844,0,0,-40.52000856,1225.290696,-45.32904199,0,-10.78998271,722.0429443,0.184329571,0,0
0,-0.033874428,0,0.069791668,-898.5353692,11.16538086,54121.38844,0,0,-47.40815358,1146.142288,-44.13400957,0,-7.644027059,-479.4513467,0.185219546,0,0
0,-0.028749745,0,0.069791668,-898.5353692,11.16538086,54121.38844,0,0,-40.83492811,1067.693912,-42.13997514,0,-1.289138384,-2174.928319,0.187424932,0,0
0,-0.02343559,0,0.069791668,-898.5353692,11.16538086,54121.38844,0,0,-40.34651655,930.6303068,-40.746959,0,8.717404103,-262.0442768,0.185434234,0,0
0,-0.017750465,0,0.069791668,-898.5353692,11.16538086,54121.38844,0,0,-55.80244653,815.2198261,-39.55031963,0,11.80969386,1073.006796,0.18674663,0,0
0,-0.012489427,0,0.069791668,-898.5353692,11.16538086,54121.38844,0,0,-54.82085844,681.8689325,-37.42627731,0,18.8789202,1483.84709,0.184037987,0,0
0,-0.007340179,0,0.069791668,-898.5353692,11.16538086,54121.38844,0,0,-56.9499549,546.7208621,-34.97260747,0,28.91603921,-322.4000765,0.184676144,0,0
0,-0.002096005,0,0.069791668,-898.5353692,11.16538086,54121.38844,0,0,-55.9269325,397.0416033,-32.40446125,0,37.51516296,-2267.329004,0.184600232,0,0
0,0.003887671,0,0.069791668,-898.5353692,11.16538086,54121.38844,0,0,-54.25362673,246.1786627,-29.97701033,0,47.36154795,798.3490173,0.184100154,0,0
0,0.009446776,0,0.069791668,-898.5353692,11.16538086,54121.38844,0,0,-55.24918233,101.9277498,-27.68065282,0,53.59818565,18.69823294,0.183373408,0,0
0,0.01472015,0,0.069791668,-898.5353692,11.16538086,54121.38844,0,0,-56.58487505,-38.97305624,-25.08886676,0,59.88215864,-101.9986025,0.183582866,0,0
0,0.01975712,0,0.069791668,-898.5353692,11.16538086,54121.38844,0,0,-53.79049645,-180.0716158,-22.55908027,0,68.46156689,347.1090207,0.184934155,0,0
0,0.025631842,0,0.069791668,-898.5353692,11.16538086,54121.38844,0,0,-48.86007997,-332.3292737,-20.48854223,0,74.22406175,598.6155477,0.184537253,0,0
0,0.030656804,0,0.069791668,-898.5353692,11.16538086,54121.38844,0,0,-53.33160107,-465.9831242,-18.3272482,0,76.87704262,1053.839218,0.186012835,0,0
0,0.035968596,0,0.069791668,-898.5353692,11.16538086,54121.38844,0,0,-51.79104412,-594.0698687,-15.17978965,0,81.78787944,-124.1815967,0.186323831,0,0
0,0.041729781,0,0.069791668,-898.5353692,11.16538086,54121.38844,0,0,-46.36279548,-791.5482564,-12.9003342,0,85.67548169,1074.559119,0.189820418,0,0
0,0.046558251,0,0.069791668,-898.5353692,11.16538086,54121.38844,0,0,-43.50266921,-969.1472444,-10.41067762,0,88.07962149,1095.080818,0.195293548,0,0
0,0.052307046,0,0.069791668,-898.5353692,11.16538086,54121.38844,0,0,-49.15251326,-1099.987308,-6.85282246,0,86.20919965,1160.535523,0.194728659,0,0
0,0.05785623,0,0.069791668,-898.5353692,11.16538086,54121.38844,0,0,-37.41675956,-1286.252048,-5.225551115,0,89.51308204,1704.120808,0.198678587,0,0
0,0.063268839,0,0.069791668,-898.5353692,11.16538086,54121.38844,0,0,-45.28675402,-1339.224181,-2.839119997,0,87.86184378,1513.877142,0.193351037,0,0
0,0.069669445,0,0.069791668,-898.5353692,11.16538086,54121.38844,0,0,-42.97291091,-1445.957272,-0.112847381,0,87.52768366,855.2894853,0.190954609,0,0
0,0.073464275,0,0.069791668,-898.5353692,11.16538086,54121.38844,0,0,-42.65910893,-1556.449244,1.704666641,0,85.39230605,1095.46452,0.194415079,0,0
0,0.078728727,0,0.069791668,-898.5353692,11.16538086,54121.38844,0,0,-43.78264357,-1618.195079,3.23021987,0,83.40304378,1552.390084,0.191665259,0,0
0,0.085521821,0,0.069791668,-898.5353692,11.16538086,54121.38844,0,0,-39.47078761,-1708.017816,5.150904772,0,81.49684947,592.0146112,0.1898194,0,0
0,0.090548578,0,0.069791668,-898.5353692,11.16538086,54121.38844,0,0,-40.75316726,-1804.017019,6.83359094,0,78.4095875,862.5657048,0.191530594,0,0
0,0.09525143,0,0.069791668,-898.5353692,11.16538086,54121.38844,0,0,-41.13081744,-1776.706274,8.441117551,0,78.04925132,982.4140469,0.18512229,0,0
0,0.101830834,0,0.069791668,-898.5353692,11.16538086,54121.38844,0,0,-38.03503218,-1908.048855,9.648039487,0,74.78302068,1055.001729,0.188087799,0,0
0,0.106894215,0,0.069791668,-898.5353692,11.16538086,54121.38844,0,0,-38.59723235,-1956.983342,9.586130079,0,72.56507693,954.8675977,0.186066723,0,0
0,0.110828645,0,0.069791668,-898.5353692,11.16538086,54121.38844,0,0,-40.00849469,-1969.356052,11.93476457,0,70.55158277,520.3285406,0.185560498,0,0
0,0.117207727,0,0.069791668,-898.5353692,11.16538086,54121.38844,0,0,-34.09309817,-2036.115314,12.71534812,0,68.36309295,867.8496231,0.185643007,0,0
0,0.122804339,0,0.069791668,-898.5353692,11.16538086,54121.38844,0,0,-39.72616888,-2073.930104,13.2196202,0,65.86032942,1141.339907,0.184250693,0,0
0,0.128078015,0,0.069791668,-898.5353692,11.16538086,54121.38844,0,0,-32.4892314,-2136.83759,14.41059354,0,62.9262294,1290.388897,0.188235917,0,0
0,0.133941828,0,0.069791668,-898.5353692,11.16538086,54121.38844,0,0,-30.15328057,-2155.758286,14.2539262,0,59.78086185,1547.133622,0.187232205,0,0
0,0.139400231,0,0.069791668,-898.5353692,11.16538086,54121.38844,0,0,-34.71079405,-2173.794362,14.45136979,0,57.65904916,808.5349034,0.188015049,0,0
0,0.144651378,0,0.069791668,-898.5353692,11.16538086,54121.38844,0,0,-25.55995379,-2197.000527,14.41342376,0,56.56712906,1311.614734,0.189046371,0,0
0,0.150470226,0,0.069791668,-898.5353692,11.16538086,54121.38844,0,0,-26.66089408,-2175.796422,14.71252299,0,52.37540361,1289.134702,0.188664309,0,0
0,0.154356113,0,0.069791668,-898.5353692,11.16538086,54121.38844,0,0,-27.90741378,-2168.104245,14.668241,0,50.47553732,1291.376756,0.189286598,0,0
0,0.161201375,0,0.069791668,-898.5353692,11.16538086,54121.38844,0,0,-23.16399479,-2147.612836,14.33676707,0,51.77553295,917.2446971,0.187208636,0,0
0,0.166456458,0,0.069791668,-898.5353692,11.16538086,54121.38844,0,0,-22.2006677,-2119.341447,15.02627864,0,48.89481763,132.4006107,0.186636101,0,0
0,0.171648259,0,0.069791668,-898.5353692,11.16538086,54121.38844,0,0,-29.04539796,-2097.386282,13.83583911,0,45.36694895,912.1303298,0.185718201,0,0
0,0.17812786,0,0.069791668,-898.5353692,11.16538086,54121.38844,0,0,-23.18182377,-2080.388797,13.37259852,0,49.300192,724.6961522,0.184438805,0,0
0,0.181151959,0,0.069791668,-898.5353692,11.16538086,54121.38844,0,0,-17.33247286,-2067.221932,14.4899218,0,48.01654471,1131.719916,0.184459215,0,0
0,0.188545903,0,0.069791668,-898.5353692,11.16538086,54121.38844,0,0,-27.12431003,-2039.511242,13.06727244,0,43.20370864,428.5743485,0.183380315,0,0
0,0.194004442,0,0.069791668,-898.5353692,11.16538086,54121.38844,0,0,-20.71047079,-2075.132373,13.45889783,0,46.56697469,1021.972496,0.184833533,0,0
0,0.198729985,0,0.069791668,-898.5353692,11.16538086,54121.38844,0,0,-25.07855911,-2059.473168,12.73317739,0,41.92595188,816.007302,0.185080425,0,0
0,0.204082121,0,0.069791668,-898.5353692,11.16538086,54121.38844,0,0,-25.24351516,-2028.748066,12.8291023,0,40.76175928,945.3303049,0.183331154,0,0
0,0.210208041,0,0.069791668,-898.5353692,11.16538086,54121.38844,0,0,-59.99652853,-2070.430787,13.56039309,0,23.47473449,1233.084953,0.185281586,0,0
0,0.213301788,0,0.069791668,-898.5353692,11.16538086,54121.38844,0,0,-15.99995499,-2044.090717,13.559223,0,44.03652662,818.8116956,0.184617,0,0
0,-0.21212986,0,0.069686266,-673.5200561,11.16433939,53954.52285,0,0,55.66334461,1729.792605,-41.21673307,0,57.6326724,211.6924085,0.18717673,0,0
0,-0.207158413,0,0.069686266,-673.5200561,11.16433939,53954.52285,0,0,-12.9209826,1730.397525,-41.91554147,0,28.22580326,-1583.624974,0.186390845,0,0
0,-0.202117955,0,0.069686266,-673.5200561,11.16433939,53954.52285,0,0,-30.68210596,1728.464718,-41.47797188,0,18.01819142,312.320238,0.186564249,0,0
0,-0.195821982,0,0.069686266,-673.5200561,11.16433939,53954.52285,0,0,-15.33946723,1729.06918,-41.52078351,0,24.9502431,-451.2169674,0.186905277,0,0
0,-0.191051139,0,0.069686266,-673.5200561,11.16433939,53954.52285,0,0,-21.78792898,1725.106046,-41.72587057,0,20.25725285,-415.2691682,0.186645185,0,0
0,-0.18572556,0,0.069686266,-673.5200561,11.16433939,53954.52285,0,0,-30.85868884,1735.419965,-41.60843368,0,16.35452163,-1483.803776,0.187272612,0,0
0,-0.179316363,0,0.069686266,-673.5200561,11.16433939,53954.52285,0,0,-25.61079098,1748.943433,-41.34791347,0,19.55680757,-1449.75676,0.188418886,0,0
0,-0.1753809,0,0.069686266,-673.5200561,11.16433939,53954.52285,0,0,-12.64701221,1742.458036,-41.78540449,0,22.04187593,-292.0325374,0.188073555,0,0
0,-0.169477699,0,0.069686266,-673.5200561,11.16433939,53954.52285,0,0,-25.48635925,1743.141591,-41.72875095,0,16.91420358,-956.381571,0.188437785,0,0
0,-0.163348846,0,0.069686266,-673.5200561,11.16433939,53954.52285,0,0,-30.15964895,1745.700182,-41.7948174,0,15.38765559,-654.9075186,0.18860432,0,0
0,-0.159103932,0,0.069686266,-673.5200561,11.16433939,53954.52285,0,0,-14.42591077,1749.961118,-41.59632429,0,18.16134014,-504.1639707,0.189490754,0,0
0,-0.153355281,0,0.069686266,-673.5200561,11.16433939,53954.52285,0,0,-21.22451696,1745.964032,-42.02411452,0,16.10659469,668.0417395,0.189534676,0,0
0,-0.147616008,0,0.069686266,-673.5200561,11.16433939,53954.52285,0,0,-28.79068644,1735.83792,-41.55561278,0,12.06786525,-1206.297169,0.188649269,0,0
0,-0.142838485,0,0.069686266,-673.5200561,11.16433939,53954.52285,0,0,-14.89876791,1738.385816,-41.24404459,0,15.15180489,-630.3603262,0.190040516,0,0
0,-0.137523424,0,0.069686266,-673.5200561,11.16433939,53954.52285,0,0,-19.25091508,1733.272997,-41.58175661,0,12.92734961,-1267.825135,0.189976335,0,0
0,-0.131684256,0,0.069686266,-673.5200561,11.16433939,53954.52285,0,0,-25.27649768,1708.20553,-41.60318574,0,9.212605455,199.6260713,0.18822516,0,0
0,-0.126156194,0,0.069686266,-673.5200561,11.16433939,53954.52285,0,0,-16.5675574,1697.011293,-41.42391276,0,10.75491092,-765.3050701,0.188160508,0,0
0,-0.120525313,0,0.069686266,-673.5200561,11.16433939,53954.52285,0,0,-18.76796509,1706.846615,-41.22167049,0,8.121145854,-1011.507809,0.19047717,0,0
0,-0.11578216,0,0.069686266,-673.5200561,11.16433939,53954.52285,0,0,-22.33757885,1678.214647,-41.31396965,0,5.302429433,-999.8656109,0.187955942,0,0
0,-0.11058288,0,0.069686266,-673.5200561,11.16433939,53954.52285,0,0,-15.84719132,1650.266161,-41.30894622,0,5.438732622,-1627.580269,0.187296874,0,0
0,-0.104160954,0,0.069686266,-673.5200561,11.16433939,53954.52285,0,0,-19.55333373,1641.529604,-41.16580542,0,2.213221245,-1453.083065,0.188360569,0,0
0,-0.09858177,0,0.069686266,-673.5200561,11.16433939,53954.52285,0,0,-17.7689761,1608.449181,-40.66712437,0,0.760831704,-644.3475312,0.18710875,0,0
0,-0.094505539,0,0.069686266,-673.5200561,11.16433939,53954.52285,0,0,-13.22513583,1606.026344,-41.45303828,0,0.979443822,-816.6240577,0.188958279,0,0
0,-0.088522983,0,0.069686266,-673.5200561,11.16433939,53954.52285,0,0,-15.24341273,1555.97659,-40.52371673,0,-2.655578508,-424.7575282,0.186936608,0,0
0,-0.081997862,0,0.069686266,-673.5200561,11.16433939,53954.52285,0,0,-15.20074199,1551.933317,-40.51362622,0,-3.969013224,507.2131425,0.189875607,0,0
0,-0.077828569,0,0.069686266,-673.5200561,11.16433939,53954.52285,0,0,-16.67959832,1470.747066,-40.04783905,0,-5.864779271,-1648.765082,0.185130716,0,0
0,-0.072627882,0,0.069686266,-673.5200561,11.16433939,53954.52285,0,0,-17.39761589,1469.596338,-39.63190055,0,-6.490659092,-1409.95589,0.188440137,0,0
0,-0.066256716,0,0.069686266,-673.5200561,11.16433939,53954.52285,0,0,-16.65821902,1433.415154,-39.38871345,0,-6.858590507,538.483316,0.190182574,0,0
0,-0.060850588,0,0.069686266,-673.5200561,11.16433939,53954.52285,0,0,-15.89031085,1384.163014,-39.09630064,0,-5.799234311,87.01619993,0.190862572,0,0
0,-0.055671524,0,0.069686266,-673.5200561,11.16433939,53954.52285,0,0,-23.52595918,1261.47974,-38.30314568,0,-4.420558042,-1583.343025,0.184557814,0,0
0,-0.050466774,0,0.069686266,-673.5200561,11.16433939,53954.52285,0,0,-23.95649973,1254.35173,-37.5446435,0,-4.879081382,399.5576753,0.190782607,0,0
0,-0.044996482,0,0.069686266,-673.5200561,11.16433939,53954.52285,0,0,-19.80226568,1167.939169,-37.22166708,0,0.335919867,-940.9603745,0.189757063,0,0
0,-0.039164722,0,0.069686266,-673.5200561,11.16433939,53954.52285,0,0,-28.80498428,1064.145717,-36.78300633,0,2.841837969,-283.7214535,0.187818685,0,0
0,-0.034300656,0,0.069686266,-673.5200561,11.16433939,53954.52285,0,0,-32.84928864,998.8236233,-35.33475571,0,2.350494532,-824.7421388,0.189731706,0,0
0,-0.028914112,0,0.069686266,-673.5200561,11.16433939,53954.52285,0,0,-27.28974799,902.1154354,-34.44365168,0,9.83626598,-37.9538454,0.18869213,0,0
0,-0.023244178,0,0.069686266,-673.5200561,11.16433939,53954.52285,0,0,-29.92946419,795.5985542,-33.40113247,0,16.63073403,163.6766775,0.189629373,0,0
0,-0.018023825,0,0.069686266,-673.5200561,11.16433939,53954.52285,0,0,-40.43857954,685.6143586,-32.25280602,0,17.55495805,-1175.440945,0.189509621,0,0
0,-0.012443052,0,0.069686266,-673.5200561,11.16433939,53954.52285,0,0,-42.24793177,573.8919011,-31.4580795,0,23.24030034,843.8555318,0.189389801,0,0
0,-0.007008146,0,0.069686266,-673.5200561,11.16433939,53954.52285,0,0,-42.8108022,430.1273718,-29.43963178,0,30.732253,1245.737486,0.189010733,0,0
0,-0.001792581,0,0.069686266,-673.5200561,11.16433939,53954.52285,0,0,-40.34195975,290.5739274,-27.53999751,0,37.97022773,-1665.352152,0.188687821,0,0
0,0.003714059,0,0.069686266,-673.5200561,11.16433939,53954.52285,0,0,-40.03512799,156.2164739,-26.07997863,0,44.39794288,322.7657891,0.187034478,0,0
0,0.009255922,0,0.069686266,-673.5200561,11.16433939,53954.52285,0,0,-43.10082986,22.22847439,-24.03132519,0,47.47351395,-632.5894836,0.188298941,0,0
0,0.014624613,0,0.069686266,-673.5200561,11.16433939,53954.52285,0,0,-39.9748977,-116.4794594,-21.88112495,0,52.36765806,-615.377756,0.187657573,0,0
0,0.020030211,0,0.069686266,-673.5200561,11.16433939,53954.52285,0,0,-36.57315146,-250.739415,-21.01214572,0,59.18350384,580.0251906,0.187939451,0,0
0,0.025448329,0,0.069686266,-673.5200561,11.16433939,53954.52285,0,0,-36.33090971,-370.8821043,-19.46732246,0,61.24064295,1018.092905,0.18782412,0,0
0,0.030402538,0,0.069686266,-673.5200561,11.16433939,53954.52285,0,0,-37.90616428,-488.1781565,-17.86391404,0,62.3469396,1356.967599,0.189740545,0,0
0,0.036602212,0,0.069686266,-673.5200561,11.16433939,53954.52285,0,0,-34.12692653,-617.2945762,-16.48809202,0,65.79184944,436.8294484,0.189165179,0,0
0,0.041952164,0,0.069686266,-673.5200561,11.16433939,53954.52285,0,0,-28.79403066,-775.604384,-15.08200259,0,68.2949292,898.0011619,0.193979173,0,0
0,0.047086285,0,0.069686266,-673.5200561,11.16433939,53954.52285,0,0,-30.89407385,-895.5218251,-13.42530564,0,68.50434074,393.2531731,0.19734015,0,0
0,0.053142574,0,0.069686266,-673.5200561,11.16433939,53954.52285,0,0,-33.50447316,-1012.023335,-11.56954742,0,66.41169054,1137.144075,0.198836937,0,0
0,0.05762797,0,0.069686266,-673.5200561,11.16433939,53954.52285,0,0,-26.6258033,-1092.426615,-11.09514854,0,70.32396841,906.4579552,0.198738402,0,0
0,0.062337976,0,0.069686266,-673.5200561,11.16433939,53954.52285,0,0,-29.99954357,-1136.645762,-9.303388708,0,67.27110625,886.6567384,0.195653856,0,0
0,0.068709646,0,0.069686266,-673.5200561,11.16433939,53954.52285,0,0,-26.5771244,-1249.912093,-8.223665177,0,65.74144287,428.688295,0.197340023,0,0
0,0.074429873,0,0.069686266,-673.5200561,11.16433939,53954.52285,0,0,-24.80502882,-1360.333442,-7.507523856,0,63.58081348,1270.352162,0.201358194,0,0
0,0.079611064,0,0.069686266,-673.5200561,11.16433939,53954.52285,0,0,-32.92272153,-1289.862635,-5.392852554,0,62.13437722,224.5810097,0.187292455,0,0
0,0.084803376,0,0.069686266,-673.5200561,11.16433939,53954.52285,0,0,-22.58098098,-1414.436348,-5.289935924,0,60.94194052,1454.062264,0.194717029,0,0
0,0.090322341,0,0.069686266,-673.5200561,11.16433939,53954.52285,0,0,-22.79697454,-1492.438966,-4.608633823,0,58.48803257,1409.479694,0.197305971,0,0
0,0.095401873,0,0.069686266,-673.5200561,11.16433939,53954.52285,0,0,-28.46442309,-1437.251488,-3.376740514,0,57.72178026,1454.802124,0.185517318,0,0
0,0.100787588,0,0.069686266,-673.5200561,11.16433939,53954.52285,0,0,-21.71598964,-1533.718897,-2.569151063,0,56.02262278,939.6843122,0.193217411,0,0
0,0.107299436,0,0.069686266,-673.5200561,11.16433939,53954.52285,0,0,-22.4399873,-1559.550782,-2.232819582,0,52.64017711,136.8146058,0.192100263,0,0
0,0.112040344,0,0.069686266,-673.5200561,11.16433939,53954.52285,0,0,-22.22732301,-1610.068597,-1.881564328,0,53.10281766,961.3259189,0.193909606,0,0
0,0.117933921,0,0.069686266,-673.5200561,11.16433939,53954.52285,0,0,-20.74259818,-1619.956443,-1.120842176,0,49.13387995,157.4755977,0.195574114,0,0
0,0.123357076,0,0.069686266,-673.5200561,11.16433939,53954.52285,0,0,-20.81921811,-1657.350316,-1.783540412,0,50.02571656,746.1815318,0.196249525,0,0
0,0.128040002,0,0.069686266,-673.5200561,11.16433939,53954.52285,0,0,-12.78568199,-1579.859688,-0.834734076,0,46.74854619,1361.069537,0.195246006,0,0
0,0.133500854,0,0.069686266,-673.5200561,11.16433939,53954.52285,0,0,-17.3856223,-1600.428632,-1.734386083,0,46.12016667,1322.418297,0.194888882,0,0
0,0.139141055,0,0.069686266,-673.5200561,11.16433939,53954.52285,0,0,-21.45545859,-1625.400304,-2.161825516,0,45.4173277,700.7972252,0.195632188,0,0
0,0.144431299,0,0.069686266,-673.5200561,11.16433939,53954.52285,0,0,-10.75293402,-1562.073029,-0.862141771,0,44.86440902,957.4909208,0.193141946,0,0
0,0.149229406,0,0.069686266,-673.5200561,11.16433939,53954.52285,0,0,-17.20893463,-1581.042202,-2.226786121,0,45.51692792,558.4447276,0.192791215,0,0
0,0.155246594,0,0.069686266,-673.5200561,11.16433939,53954.52285,0,0,-18.33581082,-1537.537131,-1.162383751,0,42.29384308,891.7477223,0.191954415,0,0
0,0.159610287,0,0.069686266,-673.5200561,11.16433939,53954.52285,0,0,-16.02553513,-1549.284758,-1.516799276,0,41.66668158,1086.616275,0.192190798,0,0
0,0.166250195,0,0.069686266,-673.5200561,11.16433939,53954.52285,0,0,-11.57798108,-1540.048203,-1.589925609,0,43.21146456,916.8616194,0.191919112,0,0
0,0.17186876,0,0.069686266,-673.5200561,11.16433939,53954.52285,0,0,-19.64367549,-1568.79701,-1.638488121,0,38.84425345,867.1101005,0.193571198,0,0
0,0.177544667,0,0.069686266,-673.5200561,11.16433939,53954.52285,0,0,-6.991573416,-1559.745391,-1.695528892,0,43.6187821,13.08516092,0.193299915,0,0
0,0.181830473,0,0.069686266,-673.5200561,11.16433939,53954.52285,0,0,-12.24287199,-1558.988531,-1.781601732,0,38.54924792,1549.87394,0.193330866,0,0
0,0.187205394,0,0.069686266,-673.5200561,11.16433939,53954.52285,0,0,-28.91974875,-1554.540705,-1.562601552,0,32.77190862,1300.602306,0.193121147,0,0
0,0.193189768,0,0.069686266,-673.5200561,11.16433939,53954.52285,0,0,-6.001078265,-1531.330755,-2.129408544,0,41.01218218,-11.69434083,0.192008114,0,0
0,0.198943225,0,0.069686266,-673.5200561,11.16433939,53954.52285,0,0,-11.47779144,-1526.063335,-1.285054117,0,37.27902434,885.683034,0.191484748,0,0
0,0.204297129,0,0.069686266,-673.5200561,11.16433939,53954.52285,0,0,-39.60456201,-1520.127043,-2.790044726,0,26.14673301,621.4969984,0.190498741,0,0
0,0.211310371,0,0.069686266,-673.5200561,11.16433939,53954.52285,0,0,-28.86787939,-1494.854976,-2.247008524,0,29.81439141,1187.302117,0.191244023,0,0
0,0.213416369,0,0.069686266,-673.5200561,11.16433939,53954.52285,0,0,-30.55122208,-1488.771231,-1.936772555,0,29.46584047,1168.676007,0.189504846,0,0
0,-0.209333538,0,0.069670389,-225.9438956,11.16562525,54477.55823,0,0,12.70445396,586.5469098,-15.21456422,0,33.46367018,-299.6270316,0.199161466,0,0
0,-0.203805067,0,0.069670389,-225.9438956,11.16562525,54477.55823,0,0,8.787868136,586.8351917,-15.69365787,0,31.01021597,-418.2161716,0.198794499,0,0
0,-0.197970442,0,0.069670389,-225.9438956,11.16562525,54477.55823,0,0,-19.76931439,587.7303213,-15.47020357,0,18.62112845,227.8410262,0.19920562,0,0
0,-0.192785682,0,0.069670389,-225.9438956,11.16562525,54477.55823,0,0,-4.71381688,587.5762274,-15.06295014,0,24.86925235,96.62900687,0.199063205,0,0
0,-0.187730913,0,0.069670389,-225.9438956,11.16562525,54477.55823,0,0,-10.36112549,588.1232032,-15.04173382,0,21.36850502,411.8048698,0.19796297,0,0
0,-0.182946803,0,0.069670389,-225.9438956,11.16562525,54477.55823,0,0,-8.650266653,590.7544657,-15.41898073,0,23.29420456,657.3381406,0.199054725,0,0
0,-0.176965378,0,0.069670389,-225.9438956,11.16562525,54477.55823,0,0,-13.5708077,590.4680149,-15.20752741,0,20.59602306,-210.2323557,0.198770273,0,0
0,-0.171505549,0,0.069670389,-225.9438956,11.16562525,54477.55823,0,0,-7.137381705,589.1487121,-15.35009701,0,22.99277287,-793.9056331,0.196566328,0,0
0,-0.166333562,0,0.069670389,-225.9438956,11.16562525,54477.55823,0,0,-5.260781881,592.9697854,-15.14702333,0,24.35005814,235.9013782,0.19785202,0,0
0,-0.160676513,0,0.069670389,-225.9438956,11.16562525,54477.55823,0,0,-13.8742311,594.0962548,-15.16807907,0,19.91601797,-652.6729467,0.198694449,0,0
0,-0.15578614,0,0.069670389,-225.9438956,11.16562525,54477.55823,0,0,-5.810109436,591.0459083,-14.68931377,0,23.09253858,45.77708926,0.195891343,0,0
0,-0.149665063,0,0.069670389,-225.9438956,11.16562525,54477.55823,0,0,-6.112829804,595.9036551,-15.21637867,0,23.23678182,-451.1297944,0.197558619,0,0
0,-0.144552878,0,0.069670389,-225.9438956,11.16562525,54477.55823,0,0,-14.64979608,598.9472233,-15.07648274,0,19.72557287,1186.440423,0.198966707,0,0
0,-0.138965217,0,0.069670389,-225.9438956,11.16562525,54477.55823,0,0,-5.964811604,596.0145305,-15.05551815,0,22.98575636,-506.2873866,0.196859557,0,0
0,-0.134147237,0,0.069670389,-225.9438956,11.16562525,54477.55823,0,0,-7.457876941,595.1577758,-14.80714017,0,21.62565715,-1163.734049,0.195559723,0,0
0,-0.129274692,0,0.069670389,-225.9438956,11.16562525,54477.55823,0,0,-13.54536973,596.8064432,-15.04588497,0,19.76354782,-870.0986921,0.197084448,0,0
0,-0.12300525,0,0.069670389,-225.9438956,11.16562525,54477.55823,0,0,-6.572927878,594.0784992,-15.00032738,0,21.61142813,-521.9477382,0.196527372,0,0
0,-0.117772203,0,0.069670389,-225.9438956,11.16562525,54477.55823,0,0,-6.70375557,594.5478226,-15.01578907,0,20.45326189,1038.39507,0.194226872,0,0
0,-0.112659087,0,0.069670389,-225.9438956,11.16562525,54477.55823,0,0,-11.82555836,591.2464769,-15.19910076,0,18.77168769,-1347.249413,0.194714855,0,0
0,-0.106891985,0,0.069670389,-225.9438956,11.16562525,54477.55823,0,0,-9.437720434,588.3789434,-15.15200755,0,20.10437522,-952.4969002,0.195751044,0,0
0,-0.10228221,0,0.069670389,-225.9438956,11.16562525,54477.55823,0,0,-3.113135004,589.3132039,-14.85567757,0,19.97158605,522.5738053,0.19218236,0,0
0,-0.096868421,0,0.069670389,-225.9438956,11.16562525,54477.55823,0,0,-11.10938187,579.0610101,-14.87277795,0,17.62187507,-1196.664197,0.192083353,0,0
0,-0.090928734,0,0.069670389,-225.9438956,11.16562525,54477.55823,0,0,-10.59282489,573.2440138,-15.14305209,0,18.39252292,172.0776952,0.193778104,0,0
0,-0.086407861,0,0.069670389,-225.9438956,11.16562525,54477.55823,0,0,-3.629537188,576.8413169,-14.91491195,0,18.85894133,-307.5184316,0.189265584,0,0
0,-0.080199609,0,0.069670389,-225.9438956,11.16562525,54477.55823,0,0,-9.113511121,564.9741171,-15.0434822,0,16.80037209,-149.1965532,0.19228058,0,0
0,-0.074637243,0,0.069670389,-225.9438956,11.16562525,54477.55823,0,0,-12.6739695,543.7938124,-15.10521293,0,16.07856272,-1371.43301,0.19336625,0,0
0,-0.070156397,0,0.069670389,-225.9438956,11.16562525,54477.55823,0,0,-4.08770284,554.0596133,-14.91232556,0,17.71156621,322.1458646,0.191398069,0,0
0,-0.064651659,0,0.069670389,-225.9438956,11.16562525,54477.55823,0,0,-9.600445882,527.8761751,-15.04640789,0,18.87134864,634.7968014,0.195515892,0,0
0,-0.060003866,0,0.069670389,-225.9438956,11.16562525,54477.55823,0,0,-10.49896638,519.9570057,-14.55033157,0,15.35111044,527.5217746,0.19292812,0,0
0,-0.054354887,0,0.069670389,-225.9438956,11.16562525,54477.55823,0,0,-12.10392477,496.67395,-14.83616842,0,16.31798918,-306.4868896,0.194981583,0,0
0,-0.048791192,0,0.069670389,-225.9438956,11.16562525,54477.55823,0,0,-9.084572121,467.4510455,-15.11595634,0,20.35035936,-1400.290762,0.198549887,0,0
0,-0.043535455,0,0.069670389,-225.9438956,11.16562525,54477.55823,0,0,-8.026080237,444.1418443,-14.43332026,0,18.31170956,813.8978444,0.19701862,0,0
0,-0.037844339,0,0.069670389,-225.9438956,11.16562525,54477.55823,0,0,-17.31520205,413.8077047,-14.73991177,0,16.6316156,305.6721462,0.199902231,0,0
0,-0.032755322,0,0.069670389,-225.9438956,11.16562525,54477.55823,0,0,-15.6095049,379.2005192,-14.66683348,0,19.45783104,-449.2359793,0.201033049,0,0
0,-0.02722887,0,0.069670389,-225.9438956,11.16562525,54477.55823,0,0,-3.392643457,345.3723169,-14.24851415,0,23.75652882,-122.7726593,0.203316839,0,0
0,-0.022021183,0,0.069670389,-225.9438956,11.16562525,54477.55823,0,0,-19.74729153,296.2952527,-14.7196114,0,21.31860868,-533.4669945,0.207888033,0,0
0,-0.016607196,0,0.069670389,-225.9438956,11.16562525,54477.55823,0,0,-22.71185093,247.8138572,-14.46217705,0,20.75663203,-259.8419095,0.208561374,0,0
0,-0.011059714,0,0.069670389,-225.9438956,11.16562525,54477.55823,0,0,-12.3916351,186.3934595,-13.97558831,0,27.40999323,845.2692774,0.21200043,0,0
0,-0.005906566,0,0.069670389,-225.9438956,11.16562525,54477.55823,0,0,-18.55166278,111.2370375,-13.97530514,0,25.99946003,-29.80125103,0.209484534,0,0
0,-0.000798799,0,0.069670389,-225.9438956,11.16562525,54477.55823,0,0,-26.60222715,41.2228512,-14.43600662,0,26.73806874,761.7027558,0.207941871,0,0
0,0.004743594,0,0.069670389,-225.9438956,11.16562525,54477.55823,0,0,-8.362451519,-32.49078754,-13.45868891,0,33.1505034,-185.2575245,0.205021054,0,0
0,0.010040553,0,0.069670389,-225.9438956,11.16562525,54477.55823,0,0,-23.3177693,-96.57849936,-13.62101599,0,30.11003182,-387.2335193,0.203071643,0,0
0,0.01554263,0,0.069670389,-225.9438956,11.16562525,54477.55823,0,0,-17.78891379,-153.2591763,-13.45190237,0,30.52190193,727.4663807,0.198377433,0,0
0,0.020949948,0,0.069670389,-225.9438956,11.16562525,54477.55823,0,0,-4.990430291,-201.9066508,-13.14529492,0,34.06334207,-805.8849505,0.194294684,0,0
0,0.025470656,0,0.069670389,-225.9438956,11.16562525,54477.55823,0,0,-16.34333381,-243.3615866,-12.8956427,0,33.0175091,723.1046853,0.196367935,0,0
0,0.031563872,0,0.069670389,-225.9438956,11.16562525,54477.55823,0,0,-14.60033185,-287.4823303,-12.65632668,0,31.022877,649.7125042,0.194190518,0,0
0,0.036828267,0,0.069670389,-225.9438956,11.16562525,54477.55823,0,0,0.013062313,-327.8354285,-12.81447821,0,35.33477096,1950.237771,0.194148355,0,0
0,0.04137534,0,0.069670389,-225.9438956,11.16562525,54477.55823,0,0,-12.43978289,-361.8728112,-12.64654433,0,33.18283014,1019.443326,0.19589276,0,0
0,0.047483407,0,0.069670389,-225.9438956,11.16562525,54477.55823,0,0,-10.84411496,-404.1564991,-12.96297991,0,32.43398883,1022.938088,0.196703548,0,0
0,0.052930656,0,0.069670389,-225.9438956,11.16562525,54477.55823,0,0,3.116258496,-438.355465,-12.72291303,0,36.59397853,1227.574351,0.198514862,0,0
0,0.058481923,0,0.069670389,-225.9438956,11.16562525,54477.55823,0,0,-13.45647521,-470.1031338,-12.72474436,0,31.34044319,276.2670369,0.199934182,0,0
0,0.063929092,0,0.069670389,-225.9438956,11.16562525,54477.55823,0,0,-6.398081575,-490.179594,-12.98324149,0,34.63090862,-333.2815722,0.198717507,0,0
0,0.068260526,0,0.069670389,-225.9438956,11.16562525,54477.55823,0,0,2.953435687,-514.2503124,-12.51142915,0,36.6430094,997.5267066,0.203121195,0,0
0,0.073553198,0,0.069670389,-225.9438956,11.16562525,54477.55823,0,0,-10.06403212,-532.0996485,-12.77200854,0,31.46420723,296.6419811,0.203388442,0,0
0,0.079981498,0,0.069670389,-225.9438956,11.16562525,54477.55823,0,0,-3.475451085,-546.0605986,-12.76659285,0,33.32245099,931.2524771,0.203803318,0,0
0,0.085786421,0,0.069670389,-225.9438956,11.16562525,54477.55823,0,0,-1.314843717,-566.5597423,-12.60702726,0,33.25172817,1011.121289,0.208413258,0,0
0,0.090495507,0,0.069670389,-225.9438956,11.16562525,54477.55823,0,0,-5.509514077,-568.5364721,-12.85263942,0,31.7093175,208.0739569,0.207149945,0,0
0,0.095673242,0,0.069670389,-225.9438956,11.16562525,54477.55823,0,0,-4.254017147,-564.3006984,-12.63197427,0,31.09318545,43.12151426,0.203231056,0,0
0,0.101128998,0,0.069670389,-225.9438956,11.16562525,54477.55823,0,0,-2.236151281,-585.3069145,-12.75901088,0,31.82911055,-283.7946855,0.209340922,0,0
0,0.10699093,0,0.069670389,-225.9438956,11.16562525,54477.55823,0,0,-2.571043507,-599.5160928,-12.64527033,0,31.38233297,1204.633786,0.213580713,0,0
0,0.111232179,0,0.069670389,-225.9438956,11.16562525,54477.55823,0,0,-5.668535004,-586.6441377,-12.95386288,0,29.43891511,1329.473436,0.204712586,0,0
0,0.116432444,0,0.069670389,-225.9438956,11.16562525,54477.55823,0,0,-1.050181002,-593.3103146,-12.5941858,0,30.66600304,387.3017323,0.209207853,0,0
0,0.122966694,0,0.069670389,-225.9438956,11.16562525,54477.55823,0,0,-3.831723482,-603.6081159,-12.5674713,0,29.78732017,832.4514657,0.209281834,0,0
0,0.126904594,0,0.069670389,-225.9438956,11.16562525,54477.55823,0,0,-1.83377641,-593.2073223,-12.47053386,0,30.09305014,658.7732262,0.207332047,0,0
0,0.132717647,0,0.069670389,-225.9438956,11.16562525,54477.55823,0,0,0.01937997,-592.4987634,-12.45826782,0,30.33877369,912.732613,0.207750695,0,0
0,0.138797881,0,0.069670389,-225.9438956,11.16562525,54477.55823,0,0,-6.191332572,-594.9218669,-12.83880366,0,28.34948031,-541.7067597,0.206842436,0,0
0,0.144139078,0,0.069670389,-225.9438956,11.16562525,54477.55823,0,0,0.879280856,-584.479265,-12.32935368,0,30.65580396,720.3327346,0.206424833,0,0
0,0.149220491,0,0.069670389,-225.9438956,11.16562525,54477.55823,0,0,-0.936149396,-583.5563217,-12.16966313,0,29.44550375,953.5323062,0.206945911,0,0
0,0.154207043,0,0.069670389,-225.9438956,11.16562525,54477.55823,0,0,-7.669429565,-577.8232785,-11.8912609,0,26.53703183,1290.129854,0.204513039,0,0
0,0.159924862,0,0.069670389,-225.9438956,11.16562525,54477.55823,0,0,2.407743049,-578.2383763,-11.48896864,0,30.1179337,-182.9327687,0.205804102,0,0
0,0.165744046,0,0.069670389,-225.9438956,11.16562525,54477.55823,0,0,-1.674832649,-575.4286609,-11.85834534,0,28.8718325,890.3441031,0.205695011,0,0
0,0.170846651,0,0.069670389,-225.9438956,11.16562525,54477.55823,0,0,-8.443731396,-574.6091794,-12.31780802,0,26.31212074,129.6507033,0.20539154,0,0
0,0.176090039,0,0.069670389,-225.9438956,11.16562525,54477.55823,0,0,4.509914595,-569.5393453,-11.45895851,0,30.29228691,684.9223061,0.204939633,0,0
0,0.181820029,0,0.069670389,-225.9438956,11.16562525,54477.55823,0,0,0.028623186,-567.123814,-12.35157455,0,28.60048488,135.4136092,0.204398176,0,0
0,0.186479101,0,0.069670389,-225.9438956,11.16562525,54477.55823,0,0,-10.22923729,-558.9745591,-12.14376898,0,24.81777957,487.845804,0.202813632,0,0
0,0.192014639,0,0.069670389,-225.9438956,11.16562525,54477.55823,0,0,6.464872656,-563.5772213,-12.40849916,0,31.34610314,1467.160737,0.204584019,0,0
0,0.197453435,0,0.069670389,-225.9438956,11.16562525,54477.55823,0,0,5.262051692,-557.8480089,-11.91510473,0,29.41185092,661.2706306,0.204166386,0,0
0,0.202563631,0,0.069670389,-225.9438956,11.16562525,54477.55823,0,0,-24.99920885,-558.70001,-12.75981636,0,16.92892069,938.524943,0.204142609,0,0
0,0.207921243,0,0.069670389,-225.9438956,11.16562525,54477.55823,0,0,-14.16166454,-554.2438437,-12.38690112,0,21.63396321,1452.753007,0.202208342,0,0
0,0.212131035,0,0.069670389,-225.9438956,11.16562525,54477.55823,0,0,-18.03494658,-545.9169659,-12.31837195,0,20.16451524,1468.058543,0.199769341,0,0
0,-0.209496717,0,0.069669141,-1124.152177,11.16600232,54651.30924,0,0,-28.69417424,2671.995114,-70.23245803,0,8.91968033,-1270.583579,0.174832103,0,0
0,-0.207336113,0,0.069669141,-1124.152177,11.16600232,54651.30924,0,0,-43.03786379,2697.939015,-71.52730168,0,0.010870093,-803.7925228,0.175562741,0,0
0,-0.200739642,0,0.069669141,-1124.152177,11.16600232,54651.30924,0,0,-55.12286311,2637.779968,-70.55849696,0,-8.445771438,-2313.156896,0.173355471,0,0
0,-0.196039558,0,0.069669141,-1124.152177,11.16600232,54651.30924,0,0,-57.98026834,2641.712389,-71.83485403,0,-12.39180061,-666.498751,0.173811189,0,0
0,-0.190629836,0,0.069669141,-1124.152177,11.16600232,54651.30924,0,0,-48.73423955,2619.492839,-71.15223674,0,-11.38132558,-1329.886326,0.17392394,0,0
0,-0.185199194,0,0.069669141,-1124.152177,11.16600232,54651.30924,0,0,-67.85122209,2508.874897,-70.31138637,0,-26.04383139,-373.702607,0.169699787,0,0
0,-0.180665208,0,0.069669141,-1124.152177,11.16600232,54651.30924,0,0,-54.44078704,2529.731762,-70.73997603,0,-22.53042524,-2201.618938,0.171922579,0,0
0,-0.173952144,0,0.069669141,-1124.152177,11.16600232,54651.30924,0,0,-55.27628691,2499.225141,-70.70915741,0,-26.96265631,-1660.896922,0.172119398,0,0
0,-0.168431023,0,0.069669141,-1124.152177,11.16600232,54651.30924,0,0,-65.15263098,2315.062866,-69.48353744,0,-38.48577442,-483.3759028,0.16558569,0,0
0,-0.163005083,0,0.069669141,-1124.152177,11.16600232,54651.30924,0,0,-53.22323666,2412.003779,-69.58546621,0,-32.43976415,-2953.136953,0.171962515,0,0
0,-0.156745378,0,0.069669141,-1124.152177,11.16600232,54651.30924,0,0,-52.389882,2449.940197,-69.71505367,0,-33.95343203,-255.7855603,0.175846052,0,0
0,-0.152976823,0,0.069669141,-1124.152177,11.16600232,54651.30924,0,0,-61.99138789,2206.537434,-67.87789705,0,-43.5949489,-31.38869928,0.16668177,0,0
0,-0.147270222,0,0.069669141,-1124.152177,11.16600232,54651.30924,0,0,-54.39477686,2299.412229,-68.40795089,0,-40.6116195,-609.6928741,0.172971937,0,0
0,-0.140386361,0,0.069669141,-1124.152177,11.16600232,54651.30924,0,0,-51.08821018,2338.522,-68.37295546,0,-41.07820832,574.0095777,0.177357359,0,0
0,-0.136005154,0,0.069669141,-1124.152177,11.16600232,54651.30924,0,0,-52.23936599,2224.722831,-67.6483495,0,-44.8778174,-359.7415933,0.17464881,0,0
0,-0.130918409,0,0.069669141,-1124.152177,11.16600232,54651.30924,0,0,-58.35669173,2087.710304,-65.57436414,0,-48.72476894,-622.0316299,0.170558906,0,0
0,-0.124781435,0,0.069669141,-1124.152177,11.16600232,54651.30924,0,0,-49.64762824,2208.089564,-67.13482612,0,-47.29657668,-1237.367333,0.178620197,0,0
0,-0.119358822,0,0.069669141,-1124.152177,11.16600232,54651.30924,0,0,-49.93048933,2146.913094,-65.81382739,0,-49.9527851,-1617.172866,0.178348163,0,0
0,-0.113939908,0,0.069669141,-1124.152177,11.16600232,54651.30924,0,0,-60.17443254,1836.952601,-62.55569915,0,-53.94610289,-29.88713874,0.167311339,0,0
0,-0.10974166,0,0.069669141,-1124.152177,11.16600232,54651.30924,0,0,-43.76276677,2188.491941,-66.23359682,0,-50.51753709,135.7417562,0.185172357,0,0
0,-0.104153196,0,0.069669141,-1124.152177,11.16600232,54651.30924,0,0,-53.24465685,1946.954142,-63.1473131,0,-53.86604,-420.9987548,0.177205061,0,0
0,-0.097072685,0,0.069669141,-1124.152177,11.16600232,54651.30924,0,0,-52.46309494,1899.975714,-62.0842279,0,-53.31034388,-1821.906106,0.178571784,0,0
0,-0.092414215,0,0.069669141,-1124.152177,11.16600232,54651.30924,0,0,-53.09775331,1835.492396,-60.89976986,0,-52.20363269,-1639.913271,0.178184558,0,0
0,-0.088072479,0,0.069669141,-1124.152177,11.16600232,54651.30924,0,0,-53.92317345,1777.116549,-60.96623002,0,-52.01779764,-358.4441322,0.177906422,0,0
0,-0.081422373,0,0.069669141,-1124.152177,11.16600232,54651.30924,0,0,-56.3960221,1751.898184,-59.53718287,0,-51.22320287,876.6485166,0.180387651,0,0
0,-0.076161563,0,0.069669141,-1124.152177,11.16600232,54651.30924,0,0,-50.44881835,1772.123995,-59.53974573,0,-49.56495236,-668.9501443,0.185162295,0,0
0,-0.071094398,0,0.069669141,-1124.152177,11.16600232,54651.30924,0,0,-61.78798021,1556.600089,-56.7331807,0,-46.16611551,-480.4084962,0.177286278,0,0
0,-0.066592076,0,0.069669141,-1124.152177,11.16600232,54651.30924,0,0,-52.01603338,1612.788873,-57.49874743,0,-44.46116756,-518.2034108,0.183525979,0,0
0,-0.060969104,0,0.069669141,-1124.152177,11.16600232,54651.30924,0,0,-55.29044187,1518.669188,-56.02362206,0,-41.35113095,-953.3846672,0.182368724,0,0
0,-0.054641389,0,0.069669141,-1124.152177,11.16600232,54651.30924,0,0,-56.24212562,1441.006278,-54.48085524,0,-36.59853601,138.8598448,0.182639556,0,0
0,-0.04937186,0,0.069669141,-1124.152177,11.16600232,54651.30924,0,0,-55.87507884,1385.704927,-53.0925713,0,-31.94908452,195.523745,0.183941973,0,0
0,-0.044765147,0,0.069669141,-1124.152177,11.16600232,54651.30924,0,0,-55.08581077,1299.100117,-52.55122741,0,-27.5245001,-729.8282513,0.182573501,0,0
0,-0.03897066,0,0.069669141,-1124.152177,11.16600232,54651.30924,0,0,-55.78720735,1253.903483,-51.41599973,0,-22.07456636,321.7999182,0.185369708,0,0
0,-0.033455442,0,0.069669141,-1124.152177,11.16600232,54651.30924,0,0,-57.17609587,1185.209459,-50.42861913,0,-17.61631341,-1426.242211,0.18707343,0,0
0,-0.027814475,0,0.069669141,-1124.152177,11.16600232,54651.30924,0,0,-61.47926924,1071.661215,-47.29243173,0,-8.097641079,-627.2606496,0.186105481,0,0
0,-0.022608573,0,0.069669141,-1124.152177,11.16600232,54651.30924,0,0,-59.82889134,938.6958223,-44.46580851,0,2.903530727,-163.4667546,0.184514046,0,0
0,-0.017582886,0,0.069669141,-1124.152177,11.16600232,54651.30924,0,0,-65.23670352,825.5476305,-43.49043837,0,6.666332551,578.8783999,0.184145319,0,0
0,-0.012018722,0,0.069669141,-1124.152177,11.16600232,54651.30924,0,0,-70.08420189,726.0465616,-40.99299113,0,17.1254891,-1641.246402,0.185312275,0,0
0,-0.006614513,0,0.069669141,-1124.152177,11.16600232,54651.30924,0,0,-70.33557338,561.821976,-37.96842065,0,28.32199326,-470.4010131,0.182666023,0,0
0,-0.001491711,0,0.069669141,-1124.152177,11.16600232,54651.30924,0,0,-74.53478748,425.6456602,-35.71645484,0,37.3340908,1517.415931,0.180699847,0,0
0,0.004127239,0,0.069669141,-1124.152177,11.16600232,54651.30924,0,0,-65.98153853,295.3086852,-32.65922533,0,49.28811261,400.5548255,0.182059181,0,0
0,0.009636838,0,0.069669141,-1124.152177,11.16600232,54651.30924,0,0,-66.40789026,157.0566942,-29.65347465,0,57.80812477,1006.507112,0.181485177,0,0
0,0.01510025,0,0.069669141,-1124.152177,11.16600232,54651.30924,0,0,-70.85422958,13.55635952,-26.75364247,0,66.69253047,462.5974077,0.181135443,0,0
0,0.020508786,0,0.069669141,-1124.152177,11.16600232,54651.30924,0,0,-67.3120609,-133.611344,-23.66932355,0,76.46055992,-645.4024807,0.181620373,0,0
0,0.025770252,0,0.069669141,-1124.152177,11.16600232,54651.30924,0,0,-61.61115068,-279.8711189,-20.35519036,0,84.89683102,-151.9165161,0.183433118,0,0
0,0.03124968,0,0.069669141,-1124.152177,11.16600232,54651.30924,0,0,-66.69896499,-419.2409568,-17.31629618,0,89.89914068,887.3261501,0.183011312,0,0
0,0.03708309,0,0.069669141,-1124.152177,11.16600232,54651.30924,0,0,-62.47308823,-584.3306039,-14.00702632,0,97.31525412,1434.332716,0.183859973,0,0
0,0.041942598,0,0.069669141,-1124.152177,11.16600232,54651.30924,0,0,-62.43841607,-765.2281154,-10.44340894,0,102.9030838,817.7741095,0.187609526,0,0
0,0.04721915,0,0.069669141,-1124.152177,11.16600232,54651.30924,0,0,-61.94535725,-908.2190417,-6.447448656,0,106.4140503,864.0385703,0.187772745,0,0
0,0.052807459,0,0.069669141,-1124.152177,11.16600232,54651.30924,0,0,-61.70815844,-1159.727805,-1.975213818,0,105.9142295,1179.035822,0.193681822,0,0
0,0.057686553,0,0.069669141,-1124.152177,11.16600232,54651.30924,0,0,-58.42929073,-1240.928323,0.917619551,0,110.4478263,1060.214626,0.190575125,0,0
0,0.063713174,0,0.069669141,-1124.152177,11.16600232,54651.30924,0,0,-59.08923133,-1408.072826,4.192823728,0,110.0443137,858.7368704,0.190446172,0,0
0,0.069484036,0,0.069669141,-1124.152177,11.16600232,54651.30924,0,0,-54.82987891,-1606.153302,7.001212041,0,109.2192563,960.571384,0.192855167,0,0
0,0.073926136,0,0.069669141,-1124.152177,11.16600232,54651.30924,0,0,-65.72194932,-1518.27937,10.27987902,0,109.7659544,1270.400367,0.183487004,0,0
0,0.07954367,0,0.069669141,-1124.152177,11.16600232,54651.30924,0,0,-59.83003845,-1757.977983,12.27240203,0,107.4627591,656.1249096,0.188765431,0,0
0,0.084856897,0,0.069669141,-1124.152177,11.16600232,54651.30924,0,0,-52.59094267,-1928.861032,14.3107623,0,106.4313557,938.5308467,0.191458539,0,0
0,0.09095893,0,0.069669141,-1124.152177,11.16600232,54651.30924,0,0,-57.82777624,-1932.065811,16.59690318,0,103.9182558,1554.177261,0.185504291,0,0
0,0.096356768,0,0.069669141,-1124.152177,11.16600232,54651.30924,0,0,-58.73028808,-1979.729991,18.46038227,0,101.4685068,1317.724163,0.182614895,0,0
0,0.100203972,0,0.069669141,-1124.152177,11.16600232,54651.30924,0,0,-57.3240697,-2068.712568,19.88353156,0,99.01547147,1077.202429,0.184455828,0,0
0,0.107220455,0,0.069669141,-1124.152177,11.16600232,54651.30924,0,0,-56.35169426,-2131.564568,21.70573591,0,95.23449223,678.5073697,0.181682914,0,0
0,0.113208155,0,0.069669141,-1124.152177,11.16600232,54651.30924,0,0,-56.45870085,-2163.887571,22.68463839,0,93.01805617,1157.602842,0.178691501,0,0
0,0.116203404,0,0.069669141,-1124.152177,11.16600232,54651.30924,0,0,-55.60265383,-2246.956003,23.85551825,0,90.42404391,1144.663283,0.181166208,0,0
0,0.123007657,0,0.069669141,-1124.152177,11.16600232,54651.30924,0,0,-53.41093963,-2313.689551,25.52260925,0,86.2733652,998.452392,0.18024129,0,0
0,0.12893565,0,0.069669141,-1124.152177,11.16600232,54651.30924,0,0,-58.96288536,-2258.101799,25.35572861,0,86.40176718,855.3677417,0.173384871,0,0
0,0.133894432,0,0.069669141,-1124.152177,11.16600232,54651.30924,0,0,-48.42082799,-2413.728237,27.48376094,0,80.33139908,582.1608881,0.179625618,0,0
0,0.139539263,0,0.069669141,-1124.152177,11.16600232,54651.30924,0,0,-43.27229928,-2528.555395,28.06538927,0,73.54724512,786.5087384,0.183551369,0,0
0,0.143870108,0,0.069669141,-1124.152177,11.16600232,54651.30924,0,0,-53.44946254,-2433.628245,27.69511971,0,74.65373707,41.29179428,0.176046606,0,0
0,0.14927478,0,0.069669141,-1124.152177,11.16600232,54651.30924,0,0,-42.77747822,-2530.433671,29.21719555,0,70.51594505,897.4103817,0.180173055,0,0
0,0.155517979,0,0.069669141,-1124.152177,11.16600232,54651.30924,0,0,-46.20889515,-2553.55269,29.14820482,0,65.60440213,915.3678656,0.179397465,0,0
0,0.160562716,0,0.069669141,-1124.152177,11.16600232,54651.30924,0,0,-42.71082861,-2559.351959,29.70549488,0,63.63911619,1200.876026,0.179805928,0,0
0,0.166491388,0,0.069669141,-1124.152177,11.16600232,54651.30924,0,0,-35.21188929,-2589.215878,29.92679384,0,60.01593224,1063.273291,0.180370573,0,0
0,0.172311097,0,0.069669141,-1124.152177,11.16600232,54651.30924,0,0,-41.61524732,-2601.333117,29.62905872,0,56.8251766,1072.814751,0.18075556,0,0
0,0.176560237,0,0.069669141,-1124.152177,11.16600232,54651.30924,0,0,-31.03924709,-2574.801935,29.72426362,0,54.98032246,892.4253577,0.180099016,0,0
0,0.181431142,0,0.069669141,-1124.152177,11.16600232,54651.30924,0,0,-33.48367607,-2581.123722,29.78231703,0,54.63365328,1155.550204,0.17957238,0,0
0,0.18781554,0,0.069669141,-1124.152177,11.16600232,54651.30924,0,0,-39.01943829,-2549.382617,29.23962382,0,48.36926513,985.0389677,0.178905021,0,0
0,0.194022915,0,0.069669141,-1124.152177,11.16600232,54651.30924,0,0,-25.06776546,-2548.547359,29.24271517,0,52.54007662,711.9722337,0.179217288,0,0
0,0.198641583,0,0.069669141,-1124.152177,11.16600232,54651.30924,0,0,-18.49546113,-2552.523565,29.26618648,0,51.23258244,-150.1752783,0.179535742,0,0
0,0.203941922,0,0.069669141,-1124.152177,11.16600232,54651.30924,0,0,-53.46988501,-2518.892547,29.01591384,0,34.4183461,650.1824296,0.17841304,0,0
0,0.210355345,0,0.069669141,-1124.152177,11.16600232,54651.30924,0,0,-43.24074437,-2528.574025,27.82125821,0,36.5594054,1155.274744,0.179901773,0,0
0,0.213238007,0,0.069669141,-1124.152177,11.16600232,54651.30924,0,0,-38.13414082,-2531.26408,29.4727768,0,42.5470797,1057.166709,0.178457775,0,0
0,-0.209281702,0,0.069665819,-448.641261,11.16604694,54421.63052,0,0,0.785707305,1158.979779,-27.23502385,0,34.06932458,-438.8467155,0.1910373,0,0
0,-0.205431682,0,0.069665819,-448.641261,11.16604694,54421.63052,0,0,-9.629588623,1155.729016,-26.83125051,0,26.87461522,12.29858281,0.192158419,0,0
0,-0.200463788,0,0.069665819,-448.641261,11.16604694,54421.63052,0,0,-28.95841322,1156.628253,-27.33749579,0,19.09342733,-807.2511771,0.191780284,0,0
0,-0.19475436,0,0.069665819,-448.641261,11.16604694,54421.63052,0,0,-6.874104686,1159.085163,-27.1536096,0,27.96384534,-1010.339895,0.192235436,0,0
0,-0.18848862,0,0.069665819,-448.641261,11.16604694,54421.63052,0,0,-15.28904987,1165.526554,-27.5155246,0,23.92674335,-65.8648596,0.193334112,0,0
0,-0.183694164,0,0.069665819,-448.641261,11.16604694,54421.63052,0,0,-25.59953127,1158.78689,-27.04613258,0,19.86665041,-246.6366796,0.191593763,0,0
0,-0.178368074,0,0.069665819,-448.641261,11.16604694,54421.63052,0,0,-13.32118403,1162.005044,-27.23791318,0,24.88162746,-769.3058829,0.192504181,0,0
0,-0.173064861,0,0.069665819,-448.641261,11.16604694,54421.63052,0,0,-11.11457139,1170.044718,-27.17371997,0,24.61943596,-162.3774734,0.193100055,0,0
0,-0.168149839,0,0.069665819,-448.641261,11.16604694,54421.63052,0,0,-19.268537,1161.848807,-26.8820704,0,22.0301189,-1397.233152,0.191883235,0,0
0,-0.162223034,0,0.069665819,-448.641261,11.16604694,54421.63052,0,0,-17.45618999,1170.251438,-27.0572993,0,22.24803667,-716.4976265,0.19268695,0,0
0,-0.155652231,0,0.069665819,-448.641261,11.16604694,54421.63052,0,0,-10.86182379,1177.320673,-27.01966592,0,23.67301623,-1358.420493,0.193929063,0,0
0,-0.152225051,0,0.069665819,-448.641261,11.16604694,54421.63052,0,0,-16.81184201,1168.96787,-27.2071423,0,23.20219526,-1962.596007,0.192294931,0,0
0,-0.146142644,0,0.069665819,-448.641261,11.16604694,54421.63052,0,0,-18.9007599,1169.448083,-27.35066816,0,19.77005592,-184.4358525,0.193010032,0,0
0,-0.140156971,0,0.069665819,-448.641261,11.16604694,54421.63052,0,0,-10.49632827,1175.104722,-26.88121736,0,22.35417127,185.6202987,0.194389079,0,0
0,-0.136208855,0,0.069665819,-448.641261,11.16604694,54421.63052,0,0,-15.15224082,1169.861175,-27.04019672,0,22.22991027,145.9079822,0.192163669,0,0
0,-0.12995679,0,0.069665819,-448.641261,11.16604694,54421.63052,0,0,-17.33629828,1169.019364,-27.08537788,0,19.17564842,-1303.668515,0.193369744,0,0
0,-0.123224016,0,0.069665819,-448.641261,11.16604694,54421.63052,0,0,-10.90021168,1161.86861,-27.05086566,0,20.88106858,-748.3800718,0.193326745,0,0
0,-0.119079435,0,0.069665819,-448.641261,11.16604694,54421.63052,0,0,-14.83699616,1163.649247,-27.24457662,0,19.37582872,-1812.289789,0.193306461,0,0
0,-0.114221306,0,0.069665819,-448.641261,11.16604694,54421.63052,0,0,-17.48857115,1149.373102,-26.6791093,0,16.61059194,-2.739242202,0.192125084,0,0
0,-0.10734162,0,0.069665819,-448.641261,11.16604694,54421.63052,0,0,-11.38632411,1143.191656,-26.81156041,0,18.00834624,-1236.501606,0.192270706,0,0
0,-0.102490261,0,0.069665819,-448.641261,11.16604694,54421.63052,0,0,-14.51536219,1150.432799,-27.19262824,0,16.2642797,-2057.085052,0.193663209,0,0
0,-0.098601677,0,0.069665819,-448.641261,11.16604694,54421.63052,0,0,-15.65029702,1133.465257,-26.97546228,0,14.38749984,-2132.966319,0.19198081,0,0
0,-0.091834016,0,0.069665819,-448.641261,11.16604694,54421.63052,0,0,-9.874828378,1118.487339,-26.78092252,0,15.40945657,-63.12007213,0.192463894,0,0
0,-0.086562717,0,0.069665819,-448.641261,11.16604694,54421.63052,0,0,-12.63159385,1118.90187,-26.95018535,0,13.01245159,-959.6938133,0.193807772,0,0
0,-0.082204211,0,0.069665819,-448.641261,11.16604694,54421.63052,0,0,-13.97136934,1094.673635,-26.94430928,0,11.08488577,-1255.033522,0.192182401,0,0
0,-0.07557516,0,0.069665819,-448.641261,11.16604694,54421.63052,0,0,-11.16996917,1081.21866,-26.77029061,0,11.78833992,-222.9347265,0.193817654,0,0
0,-0.07094647,0,0.069665819,-448.641261,11.16604694,54421.63052,0,0,-13.04820139,1066.143808,-26.78787303,0,9.858951879,-1275.680232,0.194329603,0,0
0,-0.06605742,0,0.069665819,-448.641261,11.16604694,54421.63052,0,0,-14.84996426,1032.080694,-26.42356908,0,8.660832611,-803.846924,0.193597133,0,0
0,-0.059253586,0,0.069665819,-448.641261,11.16604694,54421.63052,0,0,-11.59037484,997.3357799,-26.30136515,0,11.15254495,-2868.578797,0.195441577,0,0
0,-0.054108866,0,0.069665819,-448.641261,11.16604694,54421.63052,0,0,-16.49004175,962.8167832,-25.49897255,0,8.537320969,831.5449492,0.196140699,0,0
0,-0.049722708,0,0.069665819,-448.641261,11.16604694,54421.63052,0,0,-20.35756553,895.9133045,-25.99580779,0,9.675240614,-491.3530013,0.19307614,0,0
0,-0.043821171,0,0.069665819,-448.641261,11.16604694,54421.63052,0,0,-12.35402365,844.3791761,-25.53390153,0,14.03363004,433.1489564,0.19417909,0,0
0,-0.038336428,0,0.069665819,-448.641261,11.16604694,54421.63052,0,0,-19.34491498,781.1708469,-24.80923805,0,11.1714552,-391.0874556,0.193728497,0,0
0,-0.03306733,0,0.069665819,-448.641261,11.16604694,54421.63052,0,0,-28.69860424,709.9432455,-25.189266,0,13.23538041,-207.7927018,0.193309535,0,0
0,-0.027797827,0,0.069665819,-448.641261,11.16604694,54421.63052,0,0,-16.83596004,641.7785636,-24.35244905,0,19.84900063,-266.0677567,0.193785746,0,0
0,-0.022351909,0,0.069665819,-448.641261,11.16604694,54421.63052,0,0,-23.11644802,559.6477848,-23.50627501,0,19.28979593,-191.2224977,0.193846323,0,0
0,-0.017147131,0,0.069665819,-448.641261,11.16604694,54421.63052,0,0,-32.99995102,469.326201,-24.13177095,0,21.66299069,356.5171192,0.193655974,0,0
0,-0.01147996,0,0.069665819,-448.641261,11.16604694,54421.63052,0,0,-28.14645633,380.7801351,-22.78046494,0,26.67593641,-1036.750776,0.195757589,0,0
0,-0.006174191,0,0.069665819,-448.641261,11.16604694,54421.63052,0,0,-29.01693953,263.8443675,-21.81408823,0,28.43664824,-1239.366322,0.194071512,0,0
0,-0.001102761,0,0.069665819,-448.641261,11.16604694,54421.63052,0,0,-36.84419911,154.614293,-21.87983726,0,32.77931669,287.4788185,0.196040313,0,0
0,0.004662179,0,0.069665819,-448.641261,11.16604694,54421.63052,0,0,-27.62026292,35.13093831,-20.40100618,0,36.59626353,-773.3295051,0.196046781,0,0
0,0.010167819,0,0.069665819,-448.641261,11.16604694,54421.63052,0,0,-30.97070788,-74.51560844,-20.00625884,0,36.14099212,-898.8851194,0.193847922,0,0
0,0.015069397,0,0.069665819,-448.641261,11.16604694,54421.63052,0,0,-32.19931347,-171.5705271,-19.04784887,0,40.13956508,588.9066726,0.194872624,0,0
0,0.02070828,0,0.069665819,-448.641261,11.16604694,54421.63052,0,0,-21.59376652,-261.6868465,-18.77221922,0,44.13002093,879.4174417,0.190321497,0,0
0,0.026333952,0,0.069665819,-448.641261,11.16604694,54421.63052,0,0,-20.63771216,-354.6845077,-18.20557851,0,42.69956122,943.4145581,0.188620849,0,0
0,0.031108694,0,0.069665819,-448.641261,11.16604694,54421.63052,0,0,-29.94385775,-428.1112473,-16.91800551,0,42.87266977,717.3360046,0.189515897,0,0
0,0.036857271,0,0.069665819,-448.641261,11.16604694,54421.63052,0,0,-18.80727848,-518.2135932,-16.59979094,0,45.90528328,461.1552242,0.190834529,0,0
0,0.042115827,0,0.069665819,-448.641261,11.16604694,54421.63052,0,0,-19.08196834,-621.2194675,-15.99524418,0,45.3058157,894.3261039,0.195818244,0,0
0,0.047379738,0,0.069665819,-448.641261,11.16604694,54421.63052,0,0,-15.19173291,-690.3799924,-15.46804172,0,48.12742874,1095.655578,0.196497866,0,0
0,0.053402535,0,0.069665819,-448.641261,11.16604694,54421.63052,0,0,-21.30027805,-783.6736186,-15.30407704,0,43.8307412,761.0989893,0.200893381,0,0
0,0.058338702,0,0.069665819,-448.641261,11.16604694,54421.63052,0,0,-11.87375985,-857.4858274,-14.4034275,0,47.74054575,650.0691279,0.205545562,0,0
0,0.063693303,0,0.069665819,-448.641261,11.16604694,54421.63052,0,0,-18.29126649,-862.7318477,-13.53728441,0,45.48883851,896.2410061,0.19666902,0,0
0,0.068764065,0,0.069665819,-448.641261,11.16604694,54421.63052,0,0,-14.25108421,-941.1501172,-13.54580984,0,44.08069908,853.6536239,0.204035062,0,0
0,0.073912914,0,0.069665819,-448.641261,11.16604694,54421.63052,0,0,-14.36525253,-974.1413319,-13.34625678,0,43.46342693,1513.551087,0.203378455,0,0
0,0.080192198,0,0.069665819,-448.641261,11.16604694,54421.63052,0,0,-15.28739347,-994.9098422,-13.06606151,0,41.00986445,1296.105574,0.199213616,0,0
0,0.085681446,0,0.069665819,-448.641261,11.16604694,54421.63052,0,0,-14.14410824,-999.3529769,-12.26724667,0,41.92601449,1105.125068,0.194396121,0,0
0,0.090269722,0,0.069665819,-448.641261,11.16604694,54421.63052,0,0,-12.22893562,-1068.844007,-12.38503983,0,39.13937581,815.8595968,0.203797081,0,0
0,0.0959369,0,0.069665819,-448.641261,11.16604694,54421.63052,0,0,-9.983491547,-1074.723463,-11.86416689,0,38.38649718,1108.599564,0.202089737,0,0
0,0.100375424,0,0.069665819,-448.641261,11.16604694,54421.63052,0,0,-13.15331893,-1087.896494,-12.08086796,0,38.61746019,1761.660896,0.1989391,0,0
0,0.106152291,0,0.069665819,-448.641261,11.16604694,54421.63052,0,0,-12.07578512,-1106.059081,-11.63205357,0,36.40580197,1157.607138,0.202839514,0,0
0,0.111986666,0,0.069665819,-448.641261,11.16604694,54421.63052,0,0,-8.991032433,-1119.102854,-11.75186978,0,36.91596314,373.8519189,0.201422607,0,0
0,0.117667654,0,0.069665819,-448.641261,11.16604694,54421.63052,0,0,-14.14583836,-1113.912684,-11.16850743,0,34.59481854,1034.808263,0.202095918,0,0
0,0.1236557,0,0.069665819,-448.641261,11.16604694,54421.63052,0,0,-4.255917459,-1077.390996,-11.71180567,0,33.75270216,599.2663168,0.20075073,0,0
0,0.127498363,0,0.069665819,-448.641261,11.16604694,54421.63052,0,0,-11.24071619,-1090.310646,-11.34074147,0,35.97822589,1153.323363,0.199923511,0,0
0,0.133235122,0,0.069665819,-448.641261,11.16604694,54421.63052,0,0,-9.745463023,-1090.994336,-11.20053925,0,32.83027087,1514.704706,0.200984413,0,0
0,0.140121986,0,0.069665819,-448.641261,11.16604694,54421.63052,0,0,-11.37013844,-1083.809867,-11.52088906,0,33.98453447,240.1399258,0.200765737,0,0
0,0.143192938,0,0.069665819,-448.641261,11.16604694,54421.63052,0,0,-3.925400354,-1056.365332,-10.55880254,0,33.40798107,-673.7014841,0.198739747,0,0
0,0.149122666,0,0.069665819,-448.641261,11.16604694,54421.63052,0,0,-10.14442379,-1062.208252,-11.41675651,0,33.14287707,534.1326707,0.199583357,0,0
0,0.156065769,0,0.069665819,-448.641261,11.16604694,54421.63052,0,0,-10.55931421,-1056.618643,-11.55699923,0,31.66352406,820.4781515,0.199356531,0,0
0,0.160447794,0,0.069665819,-448.641261,11.16604694,54421.63052,0,0,-3.450069569,-1037.192854,-12.11043558,0,35.24859527,1130.857138,0.199183404,0,0
0,0.166052829,0,0.069665819,-448.641261,11.16604694,54421.63052,0,0,-8.25639839,-1028.143226,-11.61238654,0,32.84135877,1785.969952,0.197905142,0,0
0,0.172498418,0,0.069665819,-448.641261,11.16604694,54421.63052,0,0,-11.04297711,-1021.467885,-11.56618225,0,30.36435417,481.3924916,0.198085374,0,0
0,0.175647273,0,0.069665819,-448.641261,11.16604694,54421.63052,0,0,-8.013722161,-1018.715984,-11.77473157,0,32.59387363,919.0481295,0.197586329,0,0
0,0.18139899,0,0.069665819,-448.641261,11.16604694,54421.63052,0,0,-6.091287754,-1024.524318,-11.5289111,0,32.97842003,957.8221452,0.198007477,0,0
0,0.188673626,0,0.069665819,-448.641261,11.16604694,54421.63052,0,0,-12.03745237,-1013.578106,-11.49026347,0,29.72692337,847.2396932,0.197964799,0,0
0,0.192487842,0,0.069665819,-448.641261,11.16604694,54421.63052,0,0,-7.346191946,-1013.167386,-11.761224,0,32.01113499,1419.547445,0.197572895,0,0
0,0.197833289,0,0.069665819,-448.641261,11.16604694,54421.63052,0,0,-3.497760158,-1005.63926,-11.94204606,0,32.6971198,900.6719619,0.197492481,0,0
0,0.203655634,0,0.069665819,-448.641261,11.16604694,54421.63052,0,0,-35.33340579,-1006.595692,-11.87251578,0,16.81316802,702.1334284,0.19689109,0,0
0,0.208495307,0,0.069665819,-448.641261,11.16604694,54421.63052,0,0,-28.1723203,-1006.021893,-11.7985572,0,22.24015901,303.7794425,0.197935336,0,0
0,0.212881215,0,0.069665819,-448.641261,11.16604694,54421.63052,0,0,-16.42944886,-1002.987323,-12.04352272,0,26.03187293,665.3890028,0.195391494,0,0
