Time,FLrpm,FRrpm,RLrpm,RRrpm,FL,FR,RL,RR,Ax,Ay,Az,RollR,PitchR,YawR
0,0,0,0,0,1971,2083,2026,1853,0,0,0,0,0,0
0.01,0,0,0,0,1971,2083,2025,1853,-0.029999999,0.029999999,-0.01,0,0,0
0.02,0,0,0,0,1972,2082,2025,1853,0.07,-0.029999999,0.050000001,0,0,0
0.03,0,0,0,0,1971,2083,2026,1852,0,0.02,0.059999999,0,0,0
0.04,0,0,0,0,1971,2084,2025,1853,-0.01,0,-0.029999999,0,0,0
0.05,0,0,0,0,1972,2082,2026,1853,0,0.029999999,0.050000001,0,0,0
0.06,0,0,0,0,1971,2082,2026,1852,0.029999999,-0.059999999,0.01,0,0,0
0.07,0,0,0,0,1971,2083,2025,1853,-0.050000001,-0.050000001,-0.01,0,0,0
0.08,0,0,0,0,1971,2083,2025,1852,0,-0.02,-0.050000001,0,0,0
0.09,0,0,0,0,1971,2083,2026,1852,0,-0.039999999,0.02,0,0,0
0.1,0,0,0,0,1971,2083,2025,1852,-0.01,-0.039999999,-0.029999999,0,0,0
0.11,0,0,0,0,1972,2083,2026,1853,-0.050000001,0,-0.039999999,0,0,0
0.12,0,0,0,0,1972,2083,2026,1852,0.02,0,0.059999999,0,0,0
0.13,0,0,0,0,1971,2083,2025,1853,-0.050000001,-0.050000001,0,0,0,0
0.14,0,0,0,0,1971,2083,2026,1853,-0.039999999,0.02,-0.029999999,0,0,0
0.15,0,0,0,0,1971,2083,2026,1852,0,-0.02,0.02,0,0,0
0.16,0,0,0,0,1971,2083,2026,1852,0,0.01,0,0,0,0
0.17,0,0,0,0,1971,2082,2026,1853,0,-0.01,-0.02,0,0,0
0.18,0,0,0,0,1971,2083,2026,1852,0.07,0.059999999,0,0,0,0
0.19,0,0,0,0,1971,2083,2025,1853,0.07,0.01,0.01,0,0,0
0.2,0,0,0,0,1971,2083,2026,1853,0.02,0.01,-0.01,0,0,0
0.21,0,0,0,0,1972,2083,2026,1852,-0.029999999,0.07,0,0,0,0
0.22,0,0,0,0,1971,2083,2026,1853,0.050000001,-0.01,0.039999999,0,0,0
0.23,0,0,0,0,1972,2082,2026,1853,-0.059999999,0,0.01,0,0,0
0.24,0,0,0,0,1972,2083,2026,1852,-0.059999999,-0.01,-0.100000002,0,0,0
0.25,0,0,0,0,1971,2083,2026,1852,-0.07,0.01,0.039999999,0,0,0
0.26,0,0,0,0,1971,2083,2025,1853,-0.01,-0.059999999,0.059999999,0,0,0
0.27,0,0,0,0,1971,2083,2026,1852,-0.050000001,0.01,0.100000002,0,0,0
0.28,0,0,0,0,1971,2083,2025,1853,0.01,-0.039999999,0.039999999,0,0,0
0.29,0,0,0,0,1971,2083,2026,1852,0.090000004,-0.02,0.129999995,0,0,0
0.3,0,0,0,0,1971,2083,2025,1853,0.050000001,-0.050000001,-0.050000001,0,0,0
0.31,0,0,0,0,1972,2083,2026,1852,0.059999999,0.050000001,0.01,0,0,0
0.32,0,0,0,0,1971,2083,2026,1852,0.100000002,-0.090000004,-0.07,0,0,0
0.33,0,0,0,0,1971,2083,2026,1853,0.01,-0.039999999,-0.039999999,0,0,0
0.34,0,0,0,0,1971,2083,2025,1853,0.050000001,0.050000001,-0.100000002,0,0,0
0.35,0,0,0,0,1971,2083,2026,1852,0,0,-0.07,0,0,0
0.36,0,0,0,0,1971,2083,2025,1853,-0.050000001,-0.029999999,-0.039999999,0,0,0
0.37,0,0,0,0,1971,2083,2026,1852,-0.07,-0.059999999,-0.029999999,0,0,0
0.38,0,0,0,0,1971,2083,2026,1853,-0.01,-0.01,-0.01,0,0,0
0.39,0,0,0,0,1971,2083,2025,1853,-0.029999999,-0.050000001,0.039999999,0,0,0
0.4,0,0,0,0,1972,2083,2026,1853,-0.07,0,-0.090000004,0,0,0
0.41,0,0,0,0,1971,2083,2026,1853,-0.039999999,0,-0.050000001,0,0,0
0.42,0,0,0,0,1971,2084,2025,1853,-0.01,-0.029999999,0.079999998,0,0,0
0.43,0,0,0,0,1972,2083,2026,1852,0,-0.039999999,0.01,0,0,0
0.44,0,0,0,0,1971,2083,2026,1853,0,0.039999999,0.029999999,0,0,0
0.45,0,0,0,0,1971,2083,2025,1853,0.02,0.059999999,0.090000004,0,0,0
0.46,0,0,0,0,1971,2082,2026,1853,0.02,-0.039999999,-0.029999999,0,0,0
0.47,0,0,0,0,1970,2083,2026,1853,0,0.050000001,-0.090000004,0,0,0
0.48,0,0,0,0,1970,2083,2025,1853,0.059999999,-0.029999999,-0.01,0,0,0
0.49,0,0,0,0,1972,2082,2025,1852,0.050000001,0,0,0,0,0
0.5,0,0,0,0,1971,2083,2025,1852,0.029999999,-0.050000001,-0.090000004,0,0,0
0.51,0,0,0,0,1972,2083,2025,1853,0.039999999,0,-0.090000004,0,0,0
0.52,0,0,0,0,1972,2082,2026,1853,0.029999999,-0.090000004,-0.01,0,0,0
0.53,0,0,0,0,1971,2083,2026,1853,0.029999999,-0.079999998,0,0,0,0
0.54,0,0,0,0,1971,2083,2025,1853,0,-0.07,-0.050000001,0,0,0
0.55,0,0,0,0,1972,2082,2026,1852,0.039999999,-0.079999998,0.039999999,0,0,0
0.56,0,0,0,0,1971,2083,2026,1852,0,-0.07,0,0,0,0
0.57,0,0,0,0,1971,2083,2025,1853,-0.029999999,-0.090000004,-0.059999999,0,0,0
0.58,0,0,0,0,1971,2082,2026,1852,0.02,-0.02,0.050000001,0,0,0
0.59,0,0,0,0,1971,2083,2026,1852,0.01,-0.079999998,0,0,0,0
0.6,0,0,0,0,1971,2083,2025,1854,-0.050000001,0,-0.090000004,0,0,0
0.61,0,0,0,0,1972,2082,2027,1852,-0.039999999,0.02,-0.050000001,0,0,0
0.62,0,0,0,0,1971,2083,2026,1852,-0.01,0,0.029999999,0,0,0
0.63,0,0,0,0,1971,2083,2025,1853,-0.07,-0.02,-0.150000006,0,0,0
0.64,0,0,0,0,1972,2083,2026,1853,-0.01,0.059999999,0,0,0,0
0.65,0,0,0,0,1971,2084,2027,1852,0.01,0.039999999,0,0,0,0
0.66,0,0,0,0,1970,2084,2025,1852,-0.029999999,-0.050000001,-0.039999999,0,0,0
0.67,0,0,0,0,1972,2082,2026,1852,0,0.029999999,-0.029999999,0,0,0
0.68,0,0,0,0,1971,2083,2026,1852,0.029999999,-0.01,0.07,0,0,0
0.69,0,0,0,0,1971,2083,2025,1853,0.059999999,0,0,0,0,0
0.7,0,0,0,0,1972,2083,2025,1853,0.039999999,-0.02,-0.01,0,0,0
0.71,0,0,0,0,1971,2084,2027,1852,0.100000002,0.029999999,0.039999999,0,0,0
0.72,0,0,0,0,1971,2084,2025,1854,0.039999999,-0.100000002,-0.02,0,0,0
0.73,0,0,0,0,1972,2083,2026,1853,0.01,-0.07,-0.039999999,0,0,0
0.74,0,0,0,0,1971,2083,2026,1852,0,-0.039999999,0,0,0,0
0.75,0,0,0,0,1971,2084,2025,1853,0,-0.01,0.050000001,0,0,0
0.76,0,0,0,0,1971,2083,2025,1852,-0.059999999,-0.07,-0.100000002,0,0,0
0.77,0,0,0,0,1971,2084,2027,1852,-0.07,-0.039999999,-0.090000004,0,0,0
0.78,0,0,0,0,1970,2084,2025,1853,-0.01,-0.059999999,0.02,0,0,0
0.79,0,0,0,0,1971,2082,2026,1853,-0.02,-0.159999996,-0.039999999,0,0,0
0.8,0,0,0,0,1971,2083,2026,1852,-0.07,0,-0.050000001,0,0,0
0.81,0,0,0,0,1971,2084,2026,1854,0.029999999,-0.039999999,-0.079999998,0,0,0
0.82,0,0,0,0,1971,2083,2025,1854,0,-0.029999999,0.039999999,0,0,0
0.83,0,0,0,0,1971,2084,2026,1852,0,-0.07,-0.029999999,0,0,0
0.84,0,0,0,0,1971,2084,2025,1853,0.02,0.029999999,0.050000001,0,0,0
0.85,0,0,0,0,1971,2083,2026,1853,0.07,0.02,0.07,0,0,0
0.86,0,0,0,0,1971,2082,2026,1853,0,-0.039999999,-0.02,0,0,0
0.87,0,0,0,0,1970,2083,2025,1854,0,0.090000004,-0.109999999,0,0,0
0.88,0,0,0,0,1972,2083,2025,1854,0.079999998,0,0.109999999,0,0,0
0.89,0,0,0,0,1971,2084,2025,1852,0,0.050000001,0.029999999,0,0,0
0.9,0,0,0,0,1970,2084,2025,1853,-0.029999999,-0.01,-0.02,0,0,0
0.91,0,0,0,0,1972,2083,2026,1853,0,0.100000002,0.02,0,0,0
0.92,0,0,0,0,1971,2083,2026,1853,-0.029999999,-0.039999999,-0.01,0,0,0
0.93,0,0,0,0,1971,2083,2025,1854,-0.039999999,-0.090000004,-0.07,0,0,0
0.94,0,0,0,0,1972,2083,2025,1853,0,-0.07,0.029999999,0,0,0
0.95,0,0,0,0,1971,2083,2026,1852,0.039999999,-0.119999997,0.02,0,0,0
0.96,0,0,0,0,1971,2083,2026,1853,-0.029999999,-0.119999997,-0.079999998,0,0,0
0.97,0,0,0,0,1972,2083,2025,1853,0.01,-0.059999999,-0.109999999,0,0,0
0.98,0,0,0,0,1971,2083,2026,1852,0.039999999,-0.039999999,0.059999999,0,0,0
0.99,0,0,0,0,1971,2083,2025,1853,0.029999999,-0.100000002,-0.01,0,0,0
1,0,0,0,0,1972,2083,2025,1853,-0.039999999,0.07,0.01,0,0,0
1.01,0,0,0,0,1971,2083,2026,1852,0.050000001,-0.01,0.02,0,0,0
1.02,0,0,0,0,1971,2083,2025,1853,-0.029999999,-0.039999999,0.07,0,0,0
1.03,0,0,0,0,1972,2083,2025,1853,-0.029999999,-0.029999999,-0.109999999,0,0,0
1.04,0,0,0,0,1971,2083,2026,1853,0,0.059999999,0.059999999,0,0,0
1.05,0,0,0,0,1970,2083,2025,1853,0.02,0,0.029999999,0,0,0
1.06,0,0,0,0,1971,2083,2026,1853,-0.059999999,-0.059999999,-0.029999999,0,0,0
1.07,0,0,0,0,1971,2083,2026,1852,-0.01,0.039999999,-0.090000004,0,0,0
1.08,0,0,0,0,1971,2083,2025,1853,0,-0.050000001,0.109999999,0,0,0
1.09,0,0,0,0,1971,2083,2026,1852,0.02,-0.050000001,-0.02,0,0,0
1.1,0,0,0,0,1971,2083,2026,1852,-0.029999999,-0.029999999,-0.029999999,0,0,0
1.11,0,0,0,0,1971,2084,2026,1853,0.029999999,-0.01,0.02,0,0,0
1.12,0,0,0,0,1972,2083,2025,1853,0,-0.129999995,0.01,0,0,0
1.13,0,0,0,0,1971,2083,2026,1852,0.01,-0.090000004,-0.01,0,0,0
1.14,0,0,0,0,1971,2084,2026,1853,0.029999999,0,0.059999999,0,0,0
1.15,0,0,0,0,1971,2082,2025,1853,0.029999999,-0.050000001,0.090000004,0,0,0
1.16,0,0,0,0,1971,2083,2026,1853,-0.029999999,-0.01,0,0,0,0
1.17,0,0,0,0,1971,2083,2025,1853,-0.039999999,-0.01,-0.059999999,0,0,0
1.18,0,0,0,0,1971,2082,2025,1853,0,0.039999999,0.050000001,0,0,0
1.19,0,0,0,0,1970,2083,2026,1852,-0.02,-0.059999999,-0.039999999,0,0,0
1.2,0,0,0,0,1972,2083,2025,1853,-0.079999998,0.059999999,-0.029999999,0,0,0
1.21,0,0,0,0,1971,2083,2026,1853,-0.039999999,0.01,0.02,0,0,0
1.22,0,0,0,0,1971,2083,2026,1852,-0.01,-0.01,0.02,0,0,0
1.23,0,0,0,0,1971,2083,2025,1853,-0.029999999,-0.01,-0.029999999,0,0,0
1.24,0,0,0,0,1971,2083,2026,1853,0.01,0,0.07,0,0,0
1.25,0,0,0,0,1971,2083,2026,1852,0.029999999,-0.01,0.079999998,0,0,0
1.26,0,0,0,0,1971,2083,2026,1853,0.02,-0.02,0.01,0,0,0
1.27,0,0,0,0,1971,2083,2026,1853,-0.01,0.039999999,0.02,0,0,0
1.28,0,0,0,0,1971,2083,2025,1853,0.039999999,-0.059999999,0.090000004,0,0,0
1.29,0,0,0,0,1971,2083,2025,1853,-0.029999999,-0.07,0,0,0,0
1.3,0,0,0,0,1971,2083,2026,1853,0,-0.02,-0.039999999,0,0,0
1.31,0,0,0,0,1972,2083,2025,1853,0.01,-0.059999999,0.050000001,0,0,0
1.32,0,0,0,0,1971,2083,2026,1852,-0.02,-0.059999999,0,0,0,0
1.33,0,0,0,0,1971,2083,2026,1853,-0.07,-0.109999999,-0.029999999,0,0,0
1.34,0,0,0,0,1971,2083,2026,1853,-0.029999999,-0.02,0.059999999,0,0,0
1.35,0,0,0,0,1971,2083,2026,1853,-0.01,-0.07,0.039999999,0,0,0
1.36,0,0,0,0,1971,2083,2026,1852,-0.07,0.02,-0.119999997,0,0,0
1.37,0,0,0,0,1971,2083,2025,1853,-0.029999999,-0.050000001,-0.059999999,0,0,0
1.38,0,0,0,0,1971,2083,2026,1852,0.029999999,0.02,0.100000002,0,0,0
1.39,0,0,0,0,1971,2083,2026,1853,-0.02,-0.039999999,-0.039999999,0,0,0
1.4,0,0,0,0,1971,2083,2025,1853,-0.01,0.090000004,-0.01,0,0,0
1.41,0,0,0,0,1972,2083,2026,1853,0.050000001,0.050000001,0.159999996,0,0,0
1.42,0,0,0,0,1971,2083,2026,1853,0,0.01,0.029999999,0,0,0
1.43,0,0,0,0,1971,2083,2026,1853,-0.050000001,0.01,0,0,0,0
1.44,0,0,0,0,1971,2083,2026,1853,0.02,0.01,0.150000006,0,0,0
1.45,0,0,0,0,1971,2083,2025,1853,-0.01,0,0.050000001,0,0,0
1.46,0,0,0,0,1971,2083,2025,1853,-0.029999999,-0.050000001,-0.090000004,0,0,0
1.47,0,0,0,0,1971,2083,2026,1853,-0.050000001,0.02,-0.050000001,0,0,0
1.48,0,0,0,0,1971,2083,2026,1852,-0.01,-0.090000004,0.02,0,0,0
1.49,0,0,0,0,1971,2083,2025,1853,-0.07,-0.109999999,-0.02,0,0,0
1.5,0,0,0,0,1972,2083,2026,1852,-0.050000001,-0.01,-0.02,0,0,0
1.51,0,0,0,0,1971,2084,2026,1852,0.01,-0.02,0.140000001,0,0,0
1.52,0,0,0,0,1971,2084,2025,1853,0,-0.050000001,0.02,0,0,0
1.53,0,0,0,0,1972,2083,2026,1853,-0.01,-0.029999999,-0.059999999,0,0,0
1.54,0,0,0,0,1972,2083,2026,1852,0.01,0.02,0.129999995,0,0,0
1.55,0,0,0,0,1971,2083,2025,1853,0.01,-0.050000001,0.01,0,0,0
1.56,0,0,0,0,1972,2083,2025,1853,0,0.039999999,-0.039999999,0,0,0
1.57,0,0,0,0,1971,2083,2026,1852,0,0.029999999,0.02,0,0,0
1.58,0,0,0,0,1971,2083,2026,1853,0,0.02,0,0,0,0
1.59,0,0,0,0,1971,2082,2026,1852,-0.029999999,-0.079999998,-0.059999999,0,0,0
1.6,0,0,0,0,1971,2083,2026,1852,-0.029999999,0.050000001,0.07,0,0,0
1.61,0,0,0,0,1971,2083,2025,1853,0,0.01,0.140000001,0,0,0
1.62,0,0,0,0,1972,2082,2025,1853,-0.029999999,-0.079999998,-0.01,0,0,0
1.63,0,0,0,0,1971,2083,2026,1852,-0.059999999,0.02,-0.059999999,0,0,0
1.64,0,0,0,0,1971,2083,2026,1853,0.039999999,-0.02,0.059999999,0,0,0
1.65,0,0,0,0,1971,2083,2026,1852,0,-0.02,0,0,0,0
1.66,0,0,0,0,1971,2083,2026,1852,-0.02,0,-0.079999998,0,0,0
1.67,0,0,0,0,1970,2082,2025,1853,0,0.02,0,0,0,0
1.68,0,0,0,0,1972,2083,2025,1852,0.02,-0.059999999,-0.01,0,0,0
1.69,0,0,0,0,1971,2083,2025,1852,0,-0.039999999,-0.029999999,0,0,0
1.7,0,0,0,0,1971,2083,2025,1853,0,0,-0.01,0,0,0
1.71,0,0,0,0,1972,2083,2025,1852,0.059999999,0.01,0.109999999,0,0,0
1.72,0,0,0,0,1971,2084,2026,1852,0,-0.050000001,-0.059999999,0,0,0
1.73,0,0,0,0,1971,2083,2025,1854,0,-0.07,-0.090000004,0,0,0
1.74,0,0,0,0,1972,2083,2025,1853,0.050000001,-0.01,0.079999998,0,0,0
1.75,0,0,0,0,1971,2083,2026,1852,0.02,-0.039999999,0.01,0,0,0
1.76,0,0,0,0,1971,2083,2026,1853,0,0.029999999,-0.129999995,0,0,0
1.77,0,0,0,0,1972,2082,2025,1852,-0.039999999,0.02,-0.01,0,0,0
1.78,0,0,0,0,1971,2084,2026,1852,-0.01,-0.02,0,0,0,0
1.79,0,0,0,0,1970,2083,2025,1853,-0.050000001,-0.039999999,-0.039999999,0,0,0
1.8,0,0,0,0,1972,2083,2026,1853,-0.029999999,0.059999999,-0.01,0,0,0
1.81,0,0,0,0,1971,2083,2026,1852,0.01,0.039999999,0.159999996,0,0,0
1.82,0,0,0,0,1971,2083,2025,1853,-0.01,-0.029999999,-0.029999999,0,0,0
1.83,0,0,0,0,1972,2082,2025,1853,-0.01,0.039999999,-0.059999999,0,0,0
1.84,0,0,0,0,1971,2084,2027,1853,0.050000001,0,0.090000004,0,0,0
1.85,0,0,0,0,1970,2083,2025,1853,0.029999999,0.029999999,0.050000001,0,0,0
1.86,0,0,0,0,1971,2082,2026,1853,0.01,-0.039999999,-0.100000002,0,0,0
1.87,0,0,0,0,1971,2083,2026,1852,0,0.039999999,0.01,0,0,0
1.88,0,0,0,0,1970,2084,2025,1853,0.039999999,-0.090000004,0,0,0,0
1.89,0,0,0,0,1972,2082,2025,1852,-0.029999999,-0.140000001,-0.01,0,0,0
1.9,0,0,0,0,1971,2082,2025,1852,0.01,-0.059999999,-0.029999999,0,0,0
1.91,0,0,0,0,1971,2083,2025,1853,0.050000001,-0.029999999,0.07,0,0,0
1.92,0,0,0,0,1971,2083,2025,1853,0,-0.079999998,-0.129999995,0,0,0
1.93,0,0,0,0,1971,2083,2026,1852,-0.050000001,-0.050000001,-0.119999997,0,0,0
1.94,0,0,0,0,1971,2083,2025,1852,0.050000001,-0.02,0.100000002,0,0,0
1.95,0,0,0,0,1972,2082,2025,1852,0.01,-0.050000001,0.02,0,0,0
1.96,0,0,0,0,1971,2082,2026,1852,-0.02,0,-0.140000001,0,0,0
1.97,0,0,0,0,1971,2083,2025,1853,0.050000001,0.029999999,0.039999999,0,0,0
1.98,0,0,0,0,1972,2083,2025,1853,0.029999999,0.01,0,0,0,0
1.99,0,0,0,0,1971,2082,2026,1852,-0.02,-0.039999999,-0.079999998,0,0,0
2,0,0,0,0,1971,2084,2025,1854,0.02,0.059999999,0,0,0,0
2.01,0,0,0,0,1972,2082,2026,1853,0.029999999,0.07,0.109999999,0,0,0
2.02,0,0,0,0,1971,2082,2026,1852,-0.01,-0.039999999,-0.07,0,0,0
2.03,0,0,0,0,1971,2083,2025,1853,-0.02,0.039999999,-0.119999997,0,0,0
2.04,0,0,0,0,1971,2083,2025,1853,0.039999999,0,0.059999999,0,0,0
2.05,0,0,0,0,1971,2083,2026,1852,0.02,-0.02,0,0,0,0
2.06,0,0,0,0,1970,2084,2025,1852,0,-0.050000001,-0.109999999,0,0,0
2.07,0,0,0,0,1971,2082,2026,1853,0.050000001,0.01,0.050000001,0,0,0
2.08,0,0,0,0,1971,2083,2026,1852,0.01,-0.100000002,-0.02,0,0,0
2.09,0,0,0,0,1971,2083,2025,1853,-0.01,-0.059999999,-0.079999998,0,0,0
2.1,0,0,0,0,1972,2083,2026,1853,0.02,-0.029999999,0.02,0,0,0
2.11,0,0,0,0,1971,2084,2026,1852,0.029999999,-0.01,0.059999999,0,0,0
2.12,0,0,0,0,1971,2084,2025,1853,-0.039999999,-0.039999999,-0.109999999,0,0,0
2.13,0,0,0,0,1972,2083,2026,1853,-0.01,-0.01,-0.07,0,0,0
2.14,0,0,0,0,1971,2083,2026,1852,0.01,0,0.090000004,0,0,0
2.15,0,0,0,0,1971,2083,2025,1853,-0.01,-0.059999999,-0.029999999,0,0,0
2.16,0,0,0,0,1971,2083,2025,1853,-0.050000001,0.039999999,-0.109999999,0,0,0
2.17,0,0,0,0,1971,2083,2026,1852,0,0.039999999,0,0,0,0
2.18,0,0,0,0,1971,2083,2026,1852,0,-0.01,0.050000001,0,0,0
2.19,0,0,0,0,1971,2083,2026,1853,-0.02,-0.039999999,-0.090000004,0,0,0
2.2,0,0,0,0,1971,2083,2026,1852,0.01,0,-0.02,0,0,0
2.21,0,0,0,0,1971,2083,2026,1853,0.039999999,-0.039999999,0.119999997,0,0,0
2.22,0,0,0,0,1971,2083,2025,1853,0,-0.090000004,-0.079999998,0,0,0
2.23,0,0,0,0,1972,2083,2026,1852,0,0.02,-0.079999998,0,0,0
2.24,0,0,0,0,1971,2084,2025,1853,0.039999999,-0.059999999,0.050000001,0,0,0
2.25,0,0,0,0,1971,2083,2026,1853,0,-0.02,-0.02,0,0,0
2.26,0,0,0,0,1971,2083,2025,1852,0,-0.039999999,-0.100000002,0,0,0
2.27,0,0,0,0,1971,2083,2026,1852,0.01,-0.02,0.039999999,0,0,0
2.28,0,0,0,0,1971,2083,2026,1852,-0.01,-0.01,0,0,0,0
2.29,0,0,0,0,1971,2083,2026,1852,-0.039999999,-0.029999999,-0.079999998,0,0,0
2.3,0,0,0,0,1971,2083,2026,1853,0,0,0.02,0,0,0
2.31,0,0,0,0,1971,2083,2026,1853,0.039999999,-0.029999999,0.100000002,0,0,0
2.32,0,0,0,0,1971,2083,2025,1853,0,-0.01,-0.079999998,0,0,0
2.33,0,0,0,0,1971,2083,2026,1852,0,-0.01,-0.119999997,0,0,0
2.34,0,0,0,0,1971,2083,2026,1853,0.050000001,0,0.079999998,0,0,0
2.35,0,0,0,0,1971,2083,2026,1852,0.02,-0.07,-0.079999998,0,0,0
2.36,0,0,0,0,1971,2083,2026,1853,-0.039999999,0.01,-0.090000004,0,0,0
2.37,0,0,0,0,1971,2083,2026,1852,0.029999999,0,0.050000001,0,0,0
2.38,0,0,0,0,1971,2083,2025,1853,0,-0.029999999,-0.029999999,0,0,0
2.39,0,0,0,0,1971,2083,2026,1852,-0.050000001,-0.029999999,-0.180000007,0,0,0
2.4,0,0,0,0,1971,2083,2026,1852,0,-0.01,0.090000004,0,0,0
2.41,0,0,0,0,1971,2083,2025,1853,0,0.050000001,0.050000001,0,0,0
2.42,0,0,0,0,1972,2083,2025,1853,-0.050000001,0,-0.02,0,0,0
2.43,0,0,0,0,1971,2083,2026,1853,0,0.07,0,0,0,0
2.44,0,0,0,0,1971,2083,2025,1853,0.039999999,-0.050000001,0.090000004,0,0,0
2.45,0,0,0,0,1971,2083,2026,1852,0.02,-0.01,0.050000001,0,0,0
2.46,0,0,0,0,1971,2083,2026,1852,-0.01,-0.090000004,-0.129999995,0,0,0
2.47,0,0,0,0,1971,2083,2025,1853,0.029999999,-0.01,0.02,0,0,0
2.48,0,0,0,0,1971,2082,2026,1853,-0.01,-0.129999995,-0.079999998,0,0,0
2.49,0,0,0,0,1971,2083,2026,1852,-0.01,-0.129999995,-0.079999998,0,0,0
2.5,0,0,0,0,1971,2083,2025,1853,0.029999999,-0.02,0,0,0,0
2.51,0,0,0,0,1971,2083,2025,1853,0.059999999,-0.07,0,0,0,0
2.52,0,0,0,0,1971,2083,2026,1852,-0.039999999,-0.050000001,-0.079999998,0,0,0
2.53,0,0,0,0,1971,2083,2025,1853,0.02,-0.039999999,-0.01,0,0,0
2.54,0,0,0,0,1972,2083,2025,1853,0.01,0.01,0.059999999,0,0,0
2.55,0,0,0,0,1971,2083,2026,1852,0,-0.079999998,-0.119999997,0,0,0
2.56,0,0,0,0,1971,2083,2025,1853,-0.02,0.029999999,0.01,0,0,0
2.57,0,0,0,0,1972,2082,2026,1853,0.050000001,0.039999999,0.100000002,0,0,0
2.58,0,0,0,0,1971,2083,2026,1852,-0.02,0.01,-0.01,0,0,0
2.59,0,0,0,0,1971,2083,2025,1853,-0.029999999,0.050000001,-0.140000001,0,0,0
2.6,0,0,0,0,1972,2082,2025,1853,0.02,0.01,0.07,0,0,0
2.61,0,0,0,0,1971,2082,2027,1852,0.02,0.01,0.039999999,0,0,0
2.62,0,0,0,0,1970,2084,2026,1852,-0.029999999,-0.050000001,-0.100000002,0,0,0
2.63,0,0,0,0,1972,2083,2026,1852,0,0.050000001,-0.02,0,0,0
2.64,0,0,0,0,1971,2083,2026,1853,0.01,-0.079999998,0.079999998,0,0,0
2.65,0,0,0,0,1971,2083,2025,1852,0,-0.039999999,-0.029999999,0,0,0
2.66,0,0,0,0,1971,2083,2025,1853,-0.01,-0.029999999,-0.07,0,0,0
2.67,0,0,0,0,1971,2084,2026,1852,0.029999999,-0.029999999,0.079999998,0,0,0
2.68,0,0,0,0,1971,2083,2025,1852,-0.039999999,-0.090000004,-0.029999999,0,0,0
2.69,0,0,0,0,1972,2083,2026,1852,0.01,-0.02,-0.129999995,0,0,0
2.7,0,0,0,0,1971,2083,2026,1852,0.039999999,0,0.109999999,0,0,0
2.71,0,0,0,0,1971,2084,2026,1854,0.039999999,-0.090000004,0.050000001,0,0,0
2.72,0,0,0,0,1971,2082,2025,1854,-0.039999999,0,-0.059999999,0,0,0
2.73,0,0,0,0,1971,2084,2027,1852,-0.01,-0.050000001,-0.029999999,0,0,0
2.74,0,0,0,0,1971,2084,2026,1852,-0.02,-0.01,0.07,0,0,0
2.75,0,0,0,0,1971,2083,2026,1853,-0.02,-0.079999998,-0.039999999,0,0,0
2.76,0,0,0,0,1971,2083,2026,1852,-0.029999999,0.039999999,-0.02,0,0,0
2.77,0,0,0,0,1971,2084,2025,1853,0.02,-0.02,0.039999999,0,0,0
2.78,0,0,0,0,1971,2082,2025,1852,-0.039999999,-0.039999999,0.029999999,0,0,0
2.79,0,0,0,0,1971,2083,2026,1852,0,0,-0.07,0,0,0
2.8,0,0,0,0,1971,2083,2026,1853,0.029999999,-0.01,0.150000006,0,0,0
2.81,0,0,0,0,1972,2083,2026,1853,0.01,0,0.02,0,0,0
2.82,0,0,0,0,1972,2083,2026,1853,-0.01,0,-0.059999999,0,0,0
2.83,0,0,0,0,1971,2084,2025,1854,0,0.079999998,0.01,0,0,0
2.84,0,0,0,0,1971,2082,2025,1854,0,-0.050000001,0.059999999,0,0,0
2.85,0,0,0,0,1971,2083,2026,1852,-0.029999999,-0.059999999,-0.029999999,0,0,0
2.86,0,0,0,0,1971,2083,2026,1853,0,-0.01,-0.01,0,0,0
2.87,0,0,0,0,1972,2082,2025,1853,0.029999999,-0.050000001,0.109999999,0,0,0
2.88,0,0,0,0,1971,2083,2025,1852,-0.029999999,-0.039999999,-0.050000001,0,0,0
2.89,0,0,0,0,1971,2084,2025,1853,-0.039999999,-0.01,-0.140000001,0,0,0
2.9,0,0,0,0,1972,2083,2025,1853,0.029999999,-0.059999999,0.150000006,0,0,0
2.91,0,0,0,0,1971,2083,2026,1852,0,-0.140000001,0.07,0,0,0
2.92,0,0,0,0,1971,2083,2025,1853,-0.039999999,0.01,-0.090000004,0,0,0
2.93,0,0,0,0,1972,2083,2025,1853,0,-0.100000002,0.01,0,0,0
2.94,0,0,0,0,1971,2083,2026,1853,-0.029999999,0.01,0.07,0,0,0
2.95,0,0,0,0,1971,2084,2026,1853,-0.039999999,-0.079999998,-0.119999997,0,0,0
2.96,0,0,0,0,1972,2083,2025,1853,-0.01,0.039999999,0.039999999,0,0,0
2.97,0,0,0,0,1972,2083,2026,1852,0.02,0.039999999,0.129999995,0,0,0
2.98,0,0,0,0,1971,2083,2025,1853,-0.050000001,0,-0.029999999,0,0,0
2.99,0,0,0,0,1971,2083,2025,1853,-0.050000001,0.039999999,-0.059999999,0,0,0
3,0,0,0,0,1971,2083,2026,1853,0.02,0.01,0.109999999,0,0,0
3.01,0,0,0,0,1971,2083,2026,1853,0.01,0,0.039999999,0,0,0
3.02,0,0,0,0,1971,2083,2025,1853,0,0.029999999,-0.01,0,0,0
3.03,0,0,0,0,1971,2083,2026,1852,0.02,0.02,0.039999999,0,0,0
3.04,0,0,0,0,1971,2083,2026,1853,0.01,-0.050000001,0.07,0,0,0
3.05,0,0,0,0,1971,2083,2026,1853,0,-0.01,0.029999999,0,0,0
3.06,0,0,0,0,1971,2083,2026,1852,0.01,-0.039999999,0.050000001,0,0,0
3.07,0,0,0,0,1971,2083,2026,1853,0.050000001,-0.029999999,0.129999995,0,0,0
3.08,0,0,0,0,1971,2082,2025,1853,-0.029999999,-0.079999998,0,0,0,0
3.09,0,0,0,0,1971,2083,2025,1852,-0.029999999,-0.100000002,-0.050000001,0,0,0
3.1,0,0,0,0,1971,2083,2026,1853,0,-0.07,0.100000002,0,0,0
3.11,0,0,0,0,1971,2083,2026,1853,0,-0.100000002,0.029999999,0,0,0
3.12,0,0,0,0,1971,2083,2025,1852,-0.059999999,-0.01,-0.100000002,0,0,0
3.13,0,0,0,0,1971,2083,2026,1853,-0.01,-0.029999999,-0.01,0,0,0
3.14,0,0,0,0,1971,2083,2026,1853,-0.01,0,0.029999999,0,0,0
3.15,0,0,0,0,1971,2083,2025,1852,-0.039999999,-0.079999998,-0.029999999,0,0,0
3.16,0,0,0,0,1971,2083,2026,1852,-0.01,0,0.02,0,0,0
3.17,0,0,0,0,1971,2083,2026,1853,0.02,-0.050000001,0.100000002,0,0,0
3.18,0,0,0,0,1971,2083,2025,1852,-0.02,0,0,0,0,0
3.19,0,0,0,0,1971,2083,2026,1853,-0.02,-0.01,-0.07,0,0,0
3.2,0,0,0,0,1972,2083,2026,1852,0.050000001,-0.01,0.100000002,0,0,0
3.21,0,0,0,0,1972,2083,2025,1853,0,-0.02,0.01,0,0,0
3.22,0,0,0,0,1971,2083,2026,1853,-0.02,0.02,-0.02,0,0,0
3.23,0,0,0,0,1971,2083,2026,1853,0,0.050000001,0.029999999,0,0,0
3.24,0,0,0,0,1971,2083,2026,1853,-0.029999999,-0.02,0.039999999,0,0,0
3.25,0,0,0,0,1971,2083,2026,1853,-0.059999999,0,-0.039999999,0,0,0
3.26,0,0,0,0,1971,2083,2026,1852,-0.01,-0.029999999,0.050000001,0,0,0
3.27,0,0,0,0,1971,2083,2025,1853,0.01,0,0.119999997,0,0,0
3.28,0,0,0,0,1971,2082,2026,1852,-0.029999999,-0.059999999,-0.059999999,0,0,0
3.29,0,0,0,0,1971,2083,2025,1852,-0.029999999,-0.01,-0.02,0,0,0
3.3,0,0,0,0,1971,2083,2026,1852,0.02,-0.039999999,0.079999998,0,0,0
3.31,0,0,0,0,1971,2083,2026,1853,0,-0.109999999,0.01,0,0,0
3.32,0,0,0,0,1972,2083,2026,1852,-0.029999999,0,-0.07,0,0,0
3.33,0,0,0,0,1971,2083,2025,1853,0.01,-0.059999999,0.050000001,0,0,0
3.34,0,0,0,0,1971,2083,2025,1853,-0.01,-0.059999999,0.039999999,0,0,0
3.35,0,0,0,0,1971,2083,2026,1852,-0.029999999,-0.07,-0.029999999,0,0,0
3.36,0,0,0,0,1971,2083,2026,1853,0.029999999,0.01,0.090000004,0,0,0
3.37,0,0,0,0,1971,2083,2026,1853,0.01,-0.01,0.07,0,0,0
3.38,0,0,0,0,1971,2083,2026,1852,-0.039999999,0.029999999,-0.050000001,0,0,0
3.39,0,0,0,0,1971,2083,2025,1853,-0.029999999,0.02,-0.090000004,0,0,0
3.4,0,0,0,0,1971,2083,2025,1853,0,0.029999999,0.129999995,0,0,0
3.41,0,0,0,0,1972,2083,2026,1852,-0.01,-0.02,0,0,0,0
3.42,0,0,0,0,1971,2083,2025,1853,-0.01,0.07,-0.029999999,0,0,0
3.43,0,0,0,0,1972,2083,2026,1853,0.01,0.039999999,0.129999995,0,0,0
3.44,0,0,0,0,1971,2083,2026,1852,0,0,-0.02,0,0,0
3.45,0,0,0,0,1971,2084,2026,1853,-0.059999999,0.02,-0.07,0,0,0
3.46,0,0,0,0,1972,2083,2025,1853,0.059999999,0.01,0.059999999,0,0,0
3.47,0,0,0,0,1971,2082,2026,1852,0,-0.029999999,0.059999999,0,0,0
3.48,0,0,0,0,1971,2083,2026,1852,-0.029999999,-0.039999999,0,0,0,0
3.49,0,0,0,0,1972,2083,2025,1853,0,0,0.090000004,0,0,0
3.5,0,0,0,0,1971,2083,2026,1852,0.039999999,-0.079999998,0.090000004,0,0,0
3.51,0,0,0,0,1971,2084,2025,1853,-0.029999999,-0.059999999,0.02,0,0,0
3.52,0,0,0,0,1971,2083,2025,1853,0,-0.029999999,-0.02,0,0,0
3.53,0,0,0,0,1971,2083,2026,1852,0.02,-0.07,0.050000001,0,0,0
3.54,0,0,0,0,1971,2083,2026,1852,-0.01,-0.059999999,0.029999999,0,0,0
3.55,0,0,0,0,1972,2083,2025,1854,-0.039999999,-0.050000001,-0.039999999,0,0,0
3.56,0,0,0,0,1971,2082,2026,1852,0,0,0.050000001,0,0,0
3.57,0,0,0,0,1971,2083,2025,1853,0.01,-0.050000001,0.090000004,0,0,0
3.58,0,0,0,0,1971,2083,2025,1853,-0.029999999,0.059999999,-0.109999999,0,0,0
3.59,0,0,0,0,1971,2083,2026,1852,-0.02,-0.059999999,-0.050000001,0,0,0
3.6,0,0,0,0,1971,2083,2025,1852,0,-0.029999999,0.090000004,0,0,0
3.61,0,0,0,0,1972,2082,2025,1852,-0.01,-0.109999999,0.039999999,0,0,0
3.62,0,0,0,0,1971,2082,2027,1852,0,0.050000001,0.01,0,0,0
3.63,0,0,0,0,1971,2084,2026,1853,0,-0.07,0.050000001,0,0,0
3.64,0,0,0,0,1971,2083,2026,1853,-0.029999999,0.01,0.029999999,0,0,0
3.65,0,0,0,0,1972,2083,2026,1852,-0.07,0,-0.029999999,0,0,0
3.66,0,0,0,0,1970,2084,2026,1852,0.01,0,0.090000004,0,0,0
3.67,0,0,0,0,1972,2083,2025,1852,-0.02,-0.02,0.01,0,0,0
3.68,0,0,0,0,1971,2083,2026,1852,-0.029999999,0.029999999,-0.039999999,0,0,0
3.69,0,0,0,0,1971,2083,2025,1853,0,0.029999999,-0.029999999,0,0,0
3.7,0,0,0,0,1972,2083,2025,1853,0.01,-0.01,0.109999999,0,0,0
3.71,0,0,0,0,1971,2082,2027,1852,-0.02,-0.01,0.02,0,0,0
3.72,0,0,0,0,1971,2082,2026,1854,0,0.039999999,0.01,0,0,0
3.73,0,0,0,0,1972,2083,2025,1853,0,-0.029999999,0.109999999,0,0,0
3.74,0,0,0,0,1972,2083,2026,1852,-0.01,-0.059999999,0.01,0,0,0
3.75,0,0,0,0,1971,2083,2025,1853,-0.050000001,0,-0.07,0,0,0
3.76,0,0,0,0,1971,2083,2025,1853,0.02,-0.039999999,0.090000004,0,0,0
3.77,0,0,0,0,1971,2082,2026,1852,0.050000001,-0.050000001,0.050000001,0,0,0
3.78,0,0,0,0,1971,2082,2026,1852,0.01,-0.01,-0.059999999,0,0,0
3.79,0,0,0,0,1971,2082,2025,1853,0.039999999,-0.050000001,0.01,0,0,0
3.8,0,0,0,0,1971,2082,2026,1853,0.01,-0.01,0.050000001,0,0,0
3.81,0,0,0,0,1971,2084,2025,1853,0,-0.050000001,-0.029999999,0,0,0
3.82,0,0,0,0,1971,2084,2025,1853,-0.01,0,0.039999999,0,0,0
3.83,0,0,0,0,1971,2083,2026,1852,0.01,-0.059999999,0.029999999,0,0,0
3.84,0,0,0,0,1971,2083,2026,1852,-0.079999998,-0.01,-0.07,0,0,0
3.85,0,0,0,0,1971,2083,2025,1853,-0.090000004,0.02,-0.150000006,0,0,0
3.86,0,0,0,0,1971,2083,2026,1852,-0.050000001,0,0,0,0,0
3.87,0,0,0,0,1971,2083,2025,1852,-0.050000001,-0.029999999,0.079999998,0,0,0
3.88,0,0,0,0,1972,2083,2025,1853,-0.079999998,0.07,-0.050000001,0,0,0
3.89,0,0,0,0,1971,2083,2026,1852,0,0,0.039999999,0,0,0
3.9,0,0,0,0,1971,2083,2026,1853,0.01,0,0.119999997,0,0,0
3.91,0,0,0,0,1971,2083,2025,1853,0,-0.029999999,0.050000001,0,0,0
3.92,0,0,0,0,1972,2083,2026,1853,0.029999999,-0.02,0.059999999,0,0,0
3.93,0,0,0,0,1971,2083,2026,1853,0.050000001,-0.01,0.119999997,0,0,0
3.94,0,0,0,0,1971,2083,2026,1853,0.029999999,-0.100000002,-0.039999999,0,0,0
3.95,0,0,0,0,1971,2083,2026,1853,0.029999999,-0.02,-0.02,0,0,0
3.96,0,0,0,0,1971,2083,2026,1853,0.07,-0.029999999,0.050000001,0,0,0
3.97,0,0,0,0,1971,2083,2025,1853,0.01,-0.090000004,0.02,0,0,0
3.98,0,0,0,0,1971,2083,2026,1853,-0.039999999,0.01,-0.029999999,0,0,0
3.99,0,0,0,0,1971,2082,2026,1853,0,0,0.059999999,0,0,0
4,0,0,0,0,1971,2083,2026,1853,-0.029999999,-0.01,-0.02,0,0,0
4.01,0,0,0,0,1971,2083,2025,1853,-0.059999999,-0.02,-0.02,0,0,0
4.02,0,0,0,0,1971,2083,2026,1853,0,0.050000001,0.02,0,0,0
4.03,0,0,0,0,1971,2083,2026,1853,0.02,-0.079999998,0.029999999,0,0,0
4.04,0,0,0,0,1971,2083,2026,1853,-0.02,0.02,-0.01,0,0,0
4.05,0,0,0,0,1971,2083,2026,1853,0.01,-0.02,-0.07,0,0,0
4.06,0,0,0,0,1971,2083,2026,1852,0.029999999,0.01,0.129999995,0,0,0
4.07,0,0,0,0,1971,2083,2025,1852,-0.01,-0.079999998,0.01,0,0,0
4.08,0,0,0,0,1971,2083,2025,1852,-0.029999999,0.02,0.050000001,0,0,0
4.09,0,0,0,0,1971,2083,2026,1852,0,0.059999999,0.119999997,0,0,0
4.1,0,0,0,0,1971,2083,2026,1853,-0.029999999,0,0.029999999,0,0,0
4.11,0,0,0,0,1971,2083,2026,1853,-0.059999999,0.050000001,0.029999999,0,0,0
4.12,0,0,0,0,1971,2083,2026,1852,-0.029999999,0.029999999,0,0,0,0
4.13,0,0,0,0,1971,2083,2026,1853,0,-0.01,0.02,0,0,0
4.14,0,0,0,0,1971,2083,2025,1853,-0.059999999,-0.029999999,0.07,0,0,0
4.15,0,0,0,0,1971,2083,2026,1852,-0.079999998,0.01,-0.029999999,0,0,0
4.16,0,0,0,0,1971,2082,2025,1853,-0.01,-0.090000004,0.050000001,0,0,0
4.17,0,0,0,0,1971,2082,2026,1852,0.029999999,-0.100000002,0.050000001,0,0,0
4.18,0,0,0,0,1971,2082,2026,1852,-0.01,-0.01,-0.090000004,0,0,0
4.19,0,0,0,0,1971,2083,2026,1853,0.039999999,-0.109999999,0.039999999,0,0,0
4.2,0,0,0,0,1971,2082,2025,1853,0.029999999,-0.050000001,0.050000001,0,0,0
4.21,0,0,0,0,1971,2083,2026,1852,0.029999999,-0.079999998,0.039999999,0,0,0
4.22,0,0,0,0,1971,2083,2026,1853,0.02,-0.01,0.079999998,0,0,0
4.23,0,0,0,0,1972,2083,2026,1852,0.01,-0.029999999,0.059999999,0,0,0
4.24,0,0,0,0,1971,2083,2026,1852,-0.050000001,0.07,0.050000001,0,0,0
4.25,0,0,0,0,1971,2083,2026,1853,-0.07,0.029999999,-0.039999999,0,0,0
4.26,0,0,0,0,1971,2083,2025,1853,-0.039999999,0.029999999,0.039999999,0,0,0
4.27,0,0,0,0,1971,2083,2026,1852,-0.039999999,-0.02,-0.039999999,0,0,0
4.28,0,0,0,0,1971,2083,2026,1852,-0.050000001,0.059999999,-0.039999999,0,0,0
4.29,0,0,0,0,1972,2082,2025,1852,0.01,0,0,0,0,0
4.3,0,0,0,0,1971,2084,2026,1852,0,-0.050000001,-0.01,0,0,0
4.31,0,0,0,0,1971,2083,2025,1853,0.01,0,0.039999999,0,0,0
4.32,0,0,0,0,1972,2083,2025,1853,0.02,-0.029999999,0.059999999,0,0,0
4.33,0,0,0,0,1971,2083,2026,1852,0.029999999,-0.02,0.090000004,0,0,0
4.34,0,0,0,0,1971,2084,2025,1854,-0.01,-0.07,0,0,0,0
4.35,0,0,0,0,1972,2083,2025,1852,0,-0.01,0.029999999,0,0,0
4.36,0,0,0,0,1971,2082,2026,1852,0.01,-0.050000001,0,0,0,0
4.37,0,0,0,0,1971,2083,2025,1853,-0.02,-0.079999998,-0.029999999,0,0,0
4.38,0,0,0,0,1972,2083,2025,1853,-0.029999999,0.039999999,0,0,0,0
4.39,0,0,0,0,1971,2082,2027,1852,-0.02,-0.01,0.07,0,0,0
4.4,0,0,0,0,1971,2084,2025,1854,-0.029999999,-0.029999999,-0.01,0,0,0
4.41,0,0,0,0,1971,2083,2025,1852,-0.029999999,-0.050000001,-0.039999999,0,0,0
4.42,0,0,0,0,1971,2082,2026,1852,-0.029999999,0.050000001,0.039999999,0,0,0
4.43,0,0,0,0,1971,2083,2025,1853,0,-0.050000001,0,0,0,0
4.44,0,0,0,0,1972,2083,2025,1854,-0.029999999,0.029999999,-0.02,0,0,0
4.45,0,0,0,0,1971,2082,2026,1852,0,0.029999999,-0.01,0,0,0
4.46,0,0,0,0,1971,2084,2026,1852,0.01,0,0.02,0,0,0
4.47,0,0,0,0,1972,2082,2025,1852,-0.02,-0.039999999,-0.050000001,0,0,0
4.48,0,0,0,0,1971,2083,2026,1852,0.02,0,0.050000001,0,0,0
4.49,0,0,0,0,1971,2084,2025,1852,0.02,0.029999999,0.119999997,0,0,0
4.5,0,0,0,0,1972,2083,2025,1854,0,-0.090000004,-0.029999999,0,0,0
4.51,0,0,0,0,1971,2082,2027,1852,0,0.02,-0.029999999,0,0,0
4.52,0,0,0,0,1971,2084,2025,1852,0.02,0.01,0.050000001,0,0,0
4.53,0,0,0,0,1972,2082,2025,1853,0,-0.050000001,0.109999999,0,0,0
4.54,0,0,0,0,1972,2082,2026,1852,-0.07,-0.02,-0.050000001,0,0,0
4.55,0,0,0,0,1971,2084,2025,1852,-0.039999999,0,0.039999999,0,0,0
4.56,0,0,0,0,1971,2083,2025,1853,0,-0.090000004,0.01,0,0,0
4.57,0,0,0,0,1971,2082,2026,1852,-0.029999999,-0.119999997,0.01,0,0,0
4.58,0,0,0,0,1971,2083,2026,1853,0,0.039999999,-0.01,0,0,0
4.59,0,0,0,0,1971,2082,2025,1853,0.01,-0.039999999,0.039999999,0,0,0
4.6,0,0,0,0,1971,2084,2026,1852,-0.050000001,-0.039999999,-0.029999999,0,0,0
4.61,0,0,0,0,1971,2084,2025,1853,-0.029999999,0,0,0,0,0
4.62,0,0,0,0,1972,2083,2025,1853,0,0.100000002,0.109999999,0,0,0
4.63,0,0,0,0,1971,2082,2026,1852,-0.01,0,0.100000002,0,0,0
4.64,0,0,0,0,1971,2084,2026,1853,-0.01,0.100000002,-0.079999998,0,0,0
4.65,0,0,0,0,1971,2082,2026,1853,-0.039999999,0.100000002,0,0,0,0
4.66,0,0,0,0,1971,2083,2026,1852,0.01,0.02,0.100000002,0,0,0
4.67,0,0,0,0,1971,2083,2025,1852,-0.029999999,0.050000001,0,0,0,0
4.68,0,0,0,0,1972,2083,2025,1853,-0.02,0.059999999,0,0,0,0
4.69,0,0,0,0,1971,2083,2026,1852,-0.01,0.02,0.119999997,0,0,0
4.7,0,0,0,0,1971,2083,2026,1852,-0.029999999,-0.140000001,-0.029999999,0,0,0
4.71,0,0,0,0,1971,2083,2026,1853,-0.039999999,-0.02,0,0,0,0
4.72,0,0,0,0,1972,2083,2026,1852,0.01,-0.07,0.050000001,0,0,0
4.73,0,0,0,0,1971,2083,2025,1853,-0.01,-0.039999999,0.059999999,0,0,0
4.74,0,0,0,0,1971,2083,2025,1853,-0.029999999,-0.039999999,-0.07,0,0,0
4.75,0,0,0,0,1971,2083,2026,1852,-0.01,0,0.050000001,0,0,0
4.76,0,0,0,0,1970,2083,2026,1852,0.02,-0.029999999,0.01,0,0,0
4.77,0,0,0,0,1971,2082,2026,1853,0,-0.109999999,0.01,0,0,0
4.78,0,0,0,0,1971,2083,2026,1852,0,0.039999999,0.02,0,0,0
4.79,0,0,0,0,1971,2083,2025,1853,0.02,-0.050000001,0.050000001,0,0,0
4.8,0,0,0,0,1971,2083,2025,1853,-0.01,0,-0.090000004,0,0,0
4.81,0,0,0,0,1971,2083,2026,1852,-0.050000001,0,-0.090000004,0,0,0
4.82,0,0,0,0,1971,2083,2026,1853,0.01,0.059999999,0.119999997,0,0,0
4.83,0,0,0,0,1971,2083,2026,1853,0,0,0.01,0,0,0
4.84,0,0,0,0,1971,2083,2026,1852,-0.029999999,0.07,-0.039999999,0,0,0
4.85,0,0,0,0,1971,2083,2026,1852,-0.02,0.029999999,0.079999998,0,0,0
4.86,0,0,0,0,1971,2083,2025,1852,0.01,-0.039999999,0.059999999,0,0,0
4.87,0,0,0,0,1971,2083,2026,1852,-0.029999999,-0.02,-0.050000001,0,0,0
4.88,0,0,0,0,1971,2083,2026,1853,0.01,0.02,0.029999999,0,0,0
4.89,0,0,0,0,1971,2083,2026,1853,0.029999999,0.059999999,0.100000002,0,0,0
4.9,0,0,0,0,1971,2083,2026,1852,0,-0.059999999,-0.090000004,0,0,0
4.91,0,0,0,0,1971,2083,2026,1853,-0.02,0.01,-0.039999999,0,0,0
4.92,0,0,0,0,1971,2083,2026,1853,0.059999999,-0.02,0.050000001,0,0,0
4.93,0,0,0,0,1971,2083,2026,1852,0,-0.050000001,0.02,0,0,0
4.94,0,0,0,0,1971,2083,2025,1853,-0.01,-0.01,-0.050000001,0.01,0,0
4.95,0,0,0,0,1971,2083,2026,1853,0.01,-0.02,0.079999998,0,0,0
4.96,0,0,0,0,1971,2083,2025,1853,0,-0.059999999,-0.02,0,0,0
4.97,0,0,0,0,1971,2083,2026,1852,-0.050000001,-0.100000002,-0.029999999,0,0,0
4.98,0,0,0,0,1971,2083,2025,1853,-0.01,0.01,0.07,0,0,0
4.99,0,0,0,0,1971,2083,2026,1852,-0.01,0.01,0.07,0,0,0
5,0,0,0,0,1971,2083,2026,1853,-0.029999999,0,-0.050000001,0,0,0
5.01,0,0,0,0,1971,2083,2026,1853,-0.039999999,0,-0.079999998,0,0,0
5.02,0,0,0,0,1971,2083,2025,1853,0.059999999,-0.01,0.050000001,0,0,0
5.03,0,0,0,0,1971,2083,2026,1852,0.01,-0.07,-0.01,0,0,0
5.04,0,0,0,0,1971,2083,2025,1853,0.01,0.02,-0.109999999,0,0,0
5.05,0,0,0,0,1971,2083,2025,1852,0.02,0.050000001,0.029999999,0,0,0
5.06,0,0,0,0,1971,2082,2026,1853,0.029999999,-0.039999999,0.01,0,0,0
5.07,0,0,0,0,1971,2083,2026,1853,-0.029999999,-0.02,0.029999999,0,0,0
5.08,0,0,0,0,1971,2083,2025,1853,0.050000001,0.01,0.029999999,0,0,0
5.09,0,0,0,0,1971,2083,2025,1853,0.02,0.039999999,0.109999999,0,0,0
5.1,0,0,0,0,1971,2083,2026,1853,-0.01,-0.07,0.02,0,0,0
5.11,0,0,0,0,1971,2083,2025,1853,-0.029999999,0.090000004,0,0,0,0
5.12,0,0,0,0,1971,2083,2025,1853,0.050000001,-0.050000001,0.01,0,0,0
5.13,0,0,0,0,1971,2083,2026,1853,-0.02,0,0.059999999,0,0,0
5.14,0,0,0,0,1971,2083,2025,1853,-0.01,-0.039999999,-0.100000002,0,0,0
5.15,0,0,0,0,1971,2083,2026,1853,0.02,-0.039999999,0.01,0,0,0
5.16,0,0,0,0,1971,2083,2026,1852,0.01,-0.119999997,-0.029999999,0,0,0
5.17,0,0,0,0,1971,2083,2025,1853,0,-0.07,-0.059999999,0,0,0
5.18,0,0,0,0,1971,2082,2025,1853,0,0,-0.01,0,0,0
5.19,0,0,0,0,1971,2083,2026,1853,0.029999999,-0.039999999,0.100000002,0,0,0
5.2,0,0,0,0,1971,2083,2025,1854,0,-0.029999999,-0.119999997,0,0,0
5.21,0,0,0,0,1972,2082,2026,1853,-0.029999999,-0.050000001,-0.090000004,0,0,0
5.22,0,0,0,0,1971,2083,2026,1852,0.029999999,0,0.029999999,0,0,0
5.23,0,0,0,0,1971,2083,2025,1853,0.01,-0.079999998,0,0,0,0
5.24,0,0,0,0,1971,2082,2025,1853,-0.01,0.07,-0.100000002,0,0,0
5.25,0,0,0,0,1971,2084,2026,1852,0.02,0,0.050000001,0,0,0
5.26,0,0,0,0,1971,2082,2025,1853,0,-0.029999999,0.02,0,0,0
5.27,0,0,0,0,1972,2082,2026,1852,-0.01,0,-0.050000001,0,0,0
5.28,0,0,0,0,1970,2083,2026,1852,0.029999999,0.02,0.059999999,0,0,0
5.29,0,0,0,0,1971,2083,2025,1853,0.039999999,0.050000001,0.090000004,0,0,0
5.3,0,0,0,0,1972,2082,2025,1852,-0.01,-0.050000001,-0.140000001,0,0,0
5.31,0,0,0,0,1971,2084,2026,1852,-0.01,0.059999999,-0.050000001,0,0,0
5.32,0,0,0,0,1971,2083,2025,1852,0.050000001,-0.059999999,0.02,0,0,0
5.33,0,0,0,0,1972,2082,2026,1853,0.01,-0.02,-0.02,0,0,0
5.34,0,0,0,0,1971,2083,2026,1852,0,-0.01,-0.039999999,0,0,0
5.35,0,0,0,0,1971,2083,2025,1853,0,0.029999999,0.109999999,0,0,0
5.36,0,0,0,0,1972,2083,2025,1853,0,-0.109999999,0.02,0,0,0
5.37,0,0,0,0,1971,2083,2026,1852,-0.02,-0.02,-0.07,0,0,0
5.38,0,0,0,0,1970,2083,2025,1853,0.029999999,-0.02,0.050000001,0,0,0
5.39,0,0,0,0,1972,2082,2026,1853,0.039999999,-0.059999999,0.039999999,0,0,0
5.4,0,0,0,0,1971,2083,2027,1852,-0.02,-0.029999999,-0.079999998,0,0,0
5.41,0,0,0,0,1971,2083,2025,1854,0.02,-0.039999999,-0.059999999,0,0,0
5.42,0,0,0,0,1972,2082,2025,1853,0.02,-0.01,0.039999999,0,0,0
5.43,0,0,0,0,1971,2084,2027,1852,-0.01,-0.07,-0.059999999,0,0,0
5.44,0,0,0,0,1970,2083,2025,1853,0,0.029999999,-0.050000001,0,0,0
5.45,0,0,0,0,1971,2082,2026,1852,0.01,0.01,0.050000001,0,0,0
5.46,0,0,0,0,1971,2083,2026,1852,-0.02,-0.07,-0.01,0,0,0
5.47,0,0,0,0,1971,2084,2025,1854,0,-0.02,-0.079999998,0,0,0
5.48,0,0,0,0,1972,2083,2025,1852,0.01,0,0.029999999,0,0,0
5.49,0,0,0,0,1971,2084,2025,1852,0.039999999,0,0.029999999,0,0,0
5.5,0,0,0,0,1971,2084,2025,1853,-0.02,-0.059999999,-0.07,0,0,0
5.51,0,0,0,0,1972,2082,2026,1852,0,0.050000001,-0.059999999,0,0,0
5.52,0,0,0,0,1972,2083,2026,1852,0.029999999,-0.090000004,0.07,0,0,0
5.53,0,0,0,0,1971,2084,2025,1854,0.02,-0.059999999,-0.01,0,0,0
5.54,0,0,0,0,1972,2083,2025,1853,-0.02,0,-0.100000002,0,0,0
5.55,0,0,0,0,1971,2083,2026,1852,0.039999999,-0.029999999,0.059999999,0,0,0
5.56,0,0,0,0,1971,2083,2026,1853,-0.01,-0.119999997,-0.01,0,0,0
5.57,0,0,0,0,1972,2082,2026,1853,0,-0.079999998,-0.059999999,0,0,0
5.58,0,0,0,0,1971,2083,2026,1852,0,-0.01,0.059999999,0,0,0
5.59,0,0,0,0,1971,2083,2025,1853,0.02,-0.050000001,0.02,0,0,0
5.6,0,0,0,0,1972,2082,2025,1853,-0.02,-0.01,-0.059999999,0,0,0
5.61,0,0,0,0,1971,2084,2026,1852,-0.039999999,0,-0.100000002,0,0,0
5.62,0,0,0,0,1971,2083,2025,1853,0.01,0,0.109999999,0,0,0
5.63,0,0,0,0,1971,2083,2026,1852,0,-0.079999998,-0.029999999,0,0,0
5.64,0,0,0,0,1971,2082,2027,1852,-0.050000001,0.07,-0.02,0,0,0
5.65,0,0,0,0,1970,2083,2025,1854,0.02,0.02,0.109999999,0,0,0
5.66,0,0,0,0,1972,2083,2025,1854,-0.01,-0.050000001,-0.01,0,0,0
5.67,0,0,0,0,1971,2083,2025,1852,-0.07,-0.119999997,-0.219999999,0,0,0
5.68,0,0,0,0,1972,2083,2025,1853,0.029999999,-0.02,0.209999993,0,0,0
5.69,0,0,0,0,1972,2082,2026,1853,0.100000002,0.029999999,0.230000004,0,0,0
5.7,0,0,0,0,1972,2083,2026,1852,-0.029999999,-0.059999999,-0.039999999,0,0,0
5.71,0,0,0,0,1971,2083,2025,1854,-0.02,0.029999999,0.129999995,0,0,0
5.72,0,0,0,0,1972,2082,2026,1852,0.039999999,-0.079999998,-0.039999999,0,0,0
5.73,0,0,0,0,1971,2083,2025,1852,-0.02,-0.090000004,-0.059999999,0,0,0
5.74,0,0,0,0,1971,2083,2025,1853,-0.01,0,-0.039999999,0,0,0
5.75,0,0,0,0,1972,2082,2025,1852,0.039999999,-0.059999999,0.039999999,0,0,0
5.76,0,0,0,0,1971,2083,2026,1852,-0.029999999,-0.109999999,-0.01,0,0,0
5.77,0,0,0,0,1971,2083,2025,1853,-0.01,-0.07,-0.239999995,0,0,0
5.78,0,0,0,0,1972,2082,2025,1853,0.01,0.029999999,0.170000002,0,0,0
5.79,0,0,0,0,1971,2083,2026,1852,0,-0.100000002,0.07,0,0,0
5.8,0,0,0,0,1971,2083,2026,1853,-0.079999998,0,-0.079999998,0,0,0
5.81,0,0,0,0,1972,2083,2026,1853,-0.01,-0.01,-0.01,0,0,0
5.82,0,0,0,0,1971,2083,2026,1853,0,0,0.129999995,0,0,0
5.83,0,0,0,0,1971,2083,2025,1854,-0.01,-0.039999999,-0.100000002,0,0,0
5.84,0,0,0,0,1972,2083,2025,1853,0,0.059999999,0.029999999,0,0,0
5.85,0,0,0,0,1971,2083,2026,1852,0.02,0.039999999,0.109999999,0,0,0
5.86,0,0,0,0,1971,2083,2025,1853,-0.050000001,-0.059999999,0,0,0,0
5.87,0,0,0,0,1971,2083,2026,1852,-0.02,-0.02,-0.129999995,0,0,0
5.88,0,0,0,0,1971,2083,2026,1852,0,0,0.180000007,0,0,0
5.89,0,0,0,0,1971,2083,2025,1853,0.029999999,-0.02,0.109999999,0,0,0
5.9,0,0,0,0,1972,2083,2025,1853,-0.059999999,-0.029999999,-0.119999997,0,0,0
5.91,0,0,0,0,1971,2083,2026,1853,-0.02,0,-0.029999999,0,0,0
5.92,0,0,0,0,1971,2083,2025,1853,0,-0.090000004,0.050000001,0,0,0
5.93,0,0,0,0,1972,2083,2026,1852,-0.01,-0.090000004,-0.050000001,0,0,0
5.94,0,0,0,0,1971,2083,2026,1852,-0.02,0,-0.01,0,0,0
5.95,0,0,0,0,1971,2083,2025,1853,0.02,-0.02,0.150000006,0,0,0
5.96,0,0,0,0,1972,2082,2025,1853,-0.02,-0.02,0,0,0,0
5.97,0,0,0,0,1971,2083,2026,1852,-0.050000001,-0.079999998,-0.059999999,0,0,0
5.98,0,0,0,0,1971,2083,2025,1852,-0.01,0.02,0.109999999,0,0,0
5.99,0,0,0,0,1971,2083,2025,1852,0.02,-0.050000001,0.029999999,0,0,0
6,0,0,0,0,1971,2083,2025,1853,-0.050000001,0,-0.119999997,0,0,0
6.01,0,0,0,0,1971,2083,2025,1853,-0.01,0.039999999,0,0,0,0
6.02,0,0,0,0,1971,2083,2025,1853,0.01,0,0.119999997,0,0,0
6.03,0,0,0,0,1971,2083,2026,1853,-0.01,-0.02,-0.029999999,0,0,0
6.04,0,0,0,0,1971,2083,2025,1853,0,0.039999999,-0.01,0,0,0
6.05,0,0,0,0,1971,2083,2025,1853,0.02,0.039999999,0.180000007,0,0,0
6.06,0,0,0,0,1971,2083,2025,1853,0,-0.07,0.02,0,0,0
6.07,0,0,0,0,1971,2083,2025,1853,-0.059999999,0.02,-0.079999998,0,0,0
6.08,0,0,0,0,1971,2082,2025,1853,0.029999999,-0.050000001,0.109999999,0,0,0
6.09,0,0,0,0,1971,2083,2026,1853,-0.029999999,0,0.090000004,0,0,0
6.1,0,0,0,0,1971,2083,2025,1853,-0.050000001,-0.050000001,-0.109999999,0,0,0
6.11,0,0,0,0,1971,2083,2026,1853,-0.02,-0.01,0.029999999,0,0,0
6.12,0,0,0,0,1971,2083,2026,1853,0,-0.039999999,0.059999999,0,0,0
6.13,0,0,0,0,1971,2083,2025,1853,0,-0.090000004,-0.02,0,0,0
6.14,0,0,0,0,1971,2083,2026,1853,-0.01,0.02,-0.02,0,0,0
6.15,0,0,0,0,1971,2083,2025,1853,0.01,-0.059999999,0.109999999,0,0,0
6.16,0,0,0,0,1971,2083,2026,1852,0,-0.02,-0.050000001,0,0,0
6.17,0,0,0,0,1971,2083,2025,1853,-0.039999999,0,-0.119999997,0,0,0
6.18,0,0,0,0,1971,2083,2025,1852,0,0.059999999,0.109999999,0,0,0
6.19,0,0,0,0,1971,2083,2025,1852,-0.02,-0.02,0.090000004,0,0,0
6.2,0,0,0,0,1971,2083,2026,1852,-0.059999999,0.02,-0.07,0,0,0
6.21,0,0,0,0,1972,2083,2025,1853,-0.01,0.01,0.02,0,0,0
6.22,0,0,0,0,1971,2083,2026,1853,0,-0.029999999,0.039999999,0,0,0
6.23,0,0,0,0,1971,2083,2025,1853,-0.039999999,0,-0.029999999,0,0,0
6.24,0,0,0,0,1971,2083,2025,1853,0,0.01,0.050000001,0,0,0
6.25,0,0,0,0,1972,2082,2026,1852,0.01,0.059999999,0.200000003,0,0,0
6.26,0,0,0,0,1971,2083,2026,1852,-0.01,-0.100000002,-0.059999999,0,0,0
6.27,0,0,0,0,1971,2082,2025,1853,-0.029999999,-0.02,-0.059999999,0,0,0
6.28,0,0,0,0,1971,2082,2026,1852,0.02,-0.07,0.07,0,0,0
6.29,0,0,0,0,1971,2083,2026,1852,0.02,-0.090000004,0.090000004,0,0,0
6.3,0,0,0,0,1971,2083,2026,1853,-0.050000001,-0.039999999,-0.119999997,0,0,0
6.31,0,0,0,0,1972,2083,2026,1852,0,-0.050000001,-0.01,0,0,0
6.32,0,0,0,0,1971,2083,2026,1852,0,0.02,0.059999999,0,0,0
6.33,0,0,0,0,1971,2083,2025,1853,-0.01,-0.079999998,-0.07,0,0,0
6.34,0,0,0,0,1972,2083,2025,1853,-0.050000001,0.039999999,0.050000001,0,0,0
6.35,0,0,0,0,1971,2083,2026,1852,0.02,-0.059999999,0.100000002,0,0,0
6.36,0,0,0,0,1971,2083,2026,1853,-0.059999999,0.02,-0.029999999,0,0,0
6.37,0,0,0,0,1972,2083,2026,1852,-0.029999999,-0.02,-0.100000002,0,0,0
6.38,0,0,0,0,1971,2083,2026,1852,0,0.01,0.100000002,0,0,0
6.39,0,0,0,0,1971,2083,2025,1853,-0.039999999,-0.039999999,0.02,0,0,0
6.4,0,0,0,0,1972,2082,2026,1853,-0.02,0.039999999,-0.01,0,0,0
6.41,0,0,0,0,1971,2083,2026,1852,0,0.050000001,0.079999998,0,0,0
6.42,0,0,0,0,1971,2083,2025,1853,-0.01,0,0.109999999,0,0,0
6.43,0,0,0,0,1972,2082,2026,1853,-0.059999999,-0.02,0,0,0,0
6.44,0,0,0,0,1971,2084,2027,1852,0.029999999,-0.01,0.050000001,0,0,0
6.45,0,0,0,0,1970,2083,2025,1853,0.039999999,0.01,0.129999995,0,0,0
6.46,0,0,0,0,1971,2082,2026,1852,-0.029999999,-0.090000004,-0.039999999,0,0,0
6.47,0,0,0,0,1971,2083,2026,1852,-0.039999999,0.01,-0.07,0,0,0
6.48,0,0,0,0,1971,2083,2025,1852,0.02,-0.039999999,0.159999996,0,0,0
6.49,0,0,0,0,1972,2082,2025,1852,0,-0.059999999,0.059999999,0,0,0
6.5,0,0,0,0,1971,2083,2026,1852,-0.029999999,0,-0.119999997,0,0,0
6.51,0,0,0,0,1971,2083,2025,1853,0.029999999,-0.029999999,0.100000002,0,0,0
6.52,0,0,0,0,1972,2083,2025,1853,-0.01,-0.059999999,-0.01,0,0,0
6.53,0,0,0,0,1971,2083,2026,1852,-0.059999999,-0.039999999,-0.100000002,0,0,0
6.54,0,0,0,0,1971,2084,2026,1852,0.029999999,-0.01,0.07,0,0,0
6.55,0,0,0,0,1972,2082,2025,1852,0.029999999,-0.050000001,0.100000002,0,0,0
6.56,0,0,0,0,1971,2083,2026,1852,-0.039999999,0,-0.090000004,0,0,0
6.57,0,0,0,0,1971,2083,2025,1853,-0.039999999,-0.050000001,-0.059999999,0,0,0
6.58,0,0,0,0,1971,2083,2026,1853,0,0.039999999,0.090000004,0,0,0
6.59,0,0,0,0,1971,2082,2026,1852,-0.02,-0.050000001,0.01,0,0,0
6.6,0,0,0,0,1971,2083,2025,1852,-0.02,0.079999998,-0.02,0,0,0
6.61,0,0,0,0,1972,2082,2025,1853,0,0.029999999,0.079999998,0,0,0
6.62,0,0,0,0,1971,2082,2026,1852,0,-0.029999999,0.059999999,0,0,0
6.63,0,0,0,0,1971,2083,2025,1853,-0.059999999,0.029999999,-0.039999999,0,0,0
6.64,0,0,0,0,1971,2083,2025,1854,0.029999999,0.01,0.059999999,0,0,0
6.65,0,0,0,0,1971,2082,2026,1852,0,0.02,0.119999997,0,0,0
6.66,0,0,0,0,1971,2084,2025,1852,-0.02,-0.050000001,-0.109999999,0,0,0
6.67,0,0,0,0,1972,2082,2026,1852,-0.050000001,0.059999999,0.050000001,0,0,0
6.68,0,0,0,0,1971,2083,2026,1852,0.050000001,-0.059999999,0.029999999,0,0,0
6.69,0,0,0,0,1971,2084,2025,1852,0,-0.039999999,0.050000001,0,0,0
6.7,0,0,0,0,1971,2083,2025,1854,0.01,0,-0.079999998,0,0,0
6.71,0,0,0,0,1971,2084,2026,1852,0,0,0.119999997,0,0,0
6.72,0,0,0,0,1971,2083,2025,1853,-0.01,-0.079999998,-0.02,0,0,0
6.73,0,0,0,0,1971,2083,2025,1853,-0.050000001,-0.029999999,-0.100000002,0,0,0
6.74,0,0,0,0,1971,2083,2026,1852,0.02,0,0.050000001,0,0,0
6.75,0,0,0,0,1971,2084,2025,1852,0,-0.090000004,0.109999999,0,0,0
6.76,0,0,0,0,1972,2083,2025,1854,-0.01,0.029999999,-0.090000004,0,0,0
6.77,0,0,0,0,1971,2083,2026,1852,-0.02,-0.02,0.02,0,0,0
6.78,0,0,0,0,1971,2083,2026,1852,0.01,0.039999999,0.02,0,0,0
6.79,0,0,0,0,1971,2083,2025,1853,-0.02,-0.02,-0.050000001,0,0,0
6.8,0,0,0,0,1972,2082,2025,1852,0,0.079999998,0,0,0,0
6.81,0,0,0,0,1971,2084,2026,1853,-0.029999999,0.039999999,0.059999999,0,0,0
6.82,0,0,0,0,1971,2083,2025,1853,-0.01,-0.029999999,-0.039999999,0,0,0
6.83,0,0,0,0,1971,2083,2026,1852,-0.039999999,0.029999999,-0.079999998,0,0,0
6.84,0,0,0,0,1971,2083,2026,1852,0.059999999,0.01,0.07,0,0,0
6.85,0,0,0,0,1972,2082,2025,1853,0.01,0.029999999,0.140000001,0,0,0
6.86,0,0,0,0,1972,2082,2025,1852,-0.029999999,-0.050000001,-0.090000004,0,0,0
6.87,0,0,0,0,1970,2083,2026,1853,-0.050000001,0.02,-0.01,0,0,0
6.88,0,0,0,0,1971,2083,2025,1853,0.029999999,-0.079999998,0.07,0,0,0
6.89,0,0,0,0,1971,2083,2025,1852,0,0,0.02,0,0,0
6.9,0,0,0,0,1971,2084,2026,1852,0.02,-0.079999998,-0.119999997,0,0,0
6.91,0,0,0,0,1972,2083,2025,1853,0.029999999,-0.02,0.129999995,0,0,0
6.92,0,0,0,0,1972,2083,2026,1852,0.02,-0.07,-0.07,0,0,0
6.93,0,0,0,0,1971,2083,2026,1853,0.01,-0.079999998,-0.109999999,0,0,0
6.94,0,0,0,0,1971,2083,2025,1853,0.059999999,-0.01,0.059999999,0,0,0
6.95,0,0,0,0,1971,2083,2026,1852,0.039999999,-0.059999999,0.050000001,0,0,0
6.96,0,0,0,0,1971,2083,2026,1852,0,0.02,-0.170000002,0,0,0
6.97,0,0,0,0,1971,2083,2025,1853,-0.01,0,-0.059999999,0,0,0
6.98,0,0,0,0,1971,2082,2025,1853,0.01,0,0.07,0,0,0
6.99,0,0,0,0,1971,2083,2026,1853,-0.02,-0.050000001,0,0,0,0
7,0,0,0,0,1971,2083,2025,1853,0,0.01,-0.059999999,0,0,0
7.01,0,0,0,0,1971,2083,2026,1853,0,-0.01,0.090000004,0,0,0
7.02,0,0,0,0,1971,2083,2026,1853,-0.01,0,-0.02,0,0,0
7.03,0,0,0,0,1971,2083,2025,1853,-0.039999999,0.059999999,-0.050000001,0,0,0
7.04,0,0,0,0,1972,2082,2026,1853,0.029999999,-0.01,0.050000001,0,0,0
7.05,0,0,0,0,1971,2083,2026,1853,0,0.029999999,0.01,0,0,0
7.06,0,0,0,0,1971,2083,2026,1852,-0.01,-0.02,-0.119999997,0,0,0
7.07,0,0,0,0,1971,2083,2025,1853,0.02,0.01,0.029999999,0,0,0
7.08,0,0,0,0,1971,2083,2025,1852,0.050000001,-0.079999998,0.02,0,0,0
7.09,0,0,0,0,1971,2083,2025,1853,0,-0.01,-0.029999999,0,0,0
7.1,0,0,0,0,1971,2083,2026,1853,0.01,-0.039999999,-0.039999999,0,0,0
7.11,0,0,0,0,1971,2083,2025,1853,0.050000001,0,0.100000002,0,0,0
7.12,0,0,0,0,1971,2083,2026,1853,0,-0.079999998,-0.02,0,0,0
7.13,0,0,0,0,1971,2083,2025,1853,-0.02,0,-0.129999995,0,0,0
7.14,0,0,0,0,1971,2083,2025,1852,0.029999999,0,0.07,0,0,0
7.15,0,0,0,0,1971,2083,2025,1852,0.029999999,-0.090000004,0.059999999,0,0,0
7.16,0,0,0,0,1971,2083,2026,1852,-0.039999999,0,-0.180000007,0,0,0
7.17,0,0,0,0,1971,2082,2025,1853,0.029999999,0,-0.059999999,0,0,0
7.18,0,0,0,0,1971,2083,2025,1852,0,-0.02,0.050000001,0,0,0
7.19,0,0,0,0,1971,2083,2026,1853,-0.01,-0.050000001,-0.039999999,0,0,0
7.2,0,0,0,0,1971,2083,2026,1853,0,0.01,0.050000001,0,0,0
7.21,0,0,0,0,1971,2083,2026,1853,0.029999999,0,0.100000002,0,0,0
7.22,0,0,0,0,1971,2083,2026,1853,-0.01,0,-0.059999999,0,0,0
7.23,0,0,0,0,1971,2082,2026,1853,-0.01,0.059999999,-0.090000004,0,0,0
7.24,0,0,0,0,1971,2082,2026,1853,0.029999999,-0.029999999,0.109999999,0,0,0
7.25,0,0,0,0,1971,2083,2026,1853,0,0,0.059999999,0,0,0
7.26,0,0,0,0,1971,2083,2025,1853,0,-0.02,-0.07,0,0,0
7.27,0,0,0,0,1971,2082,2026,1852,0.01,0.01,0.029999999,0,0,0
7.28,0,0,0,0,1971,2083,2026,1852,0.01,-0.050000001,0,0,0,0
7.29,0,0,0,0,1971,2083,2025,1853,-0.01,0,-0.050000001,0,0,0
7.3,0,0,0,0,1971,2083,2025,1853,-0.01,-0.039999999,-0.050000001,0,0,0
7.31,0,0,0,0,1971,2083,2026,1852,0.039999999,-0.059999999,0.02,0,0,0
7.32,0,0,0,0,1971,2083,2025,1853,-0.01,-0.100000002,-0.050000001,0,0,0
7.33,0,0,0,0,1972,2083,2026,1852,0,-0.01,-0.109999999,0,0,0
7.34,0,0,0,0,1971,2083,2026,1853,0.039999999,-0.079999998,0.029999999,0,0,0
7.35,0,0,0,0,1971,2083,2025,1853,0,-0.079999998,0.029999999,0,0,0
7.36,0,0,0,0,1971,2082,2025,1853,-0.01,0,-0.100000002,0,0,0
7.37,0,0,0,0,1970,2083,2026,1853,0.029999999,-0.039999999,-0.02,0,0,0
7.38,0,0,0,0,1970,2083,2025,1853,0,-0.02,0.01,0,0,0
7.39,0,0,0,0,1971,2082,2025,1852,-0.02,-0.01,-0.100000002,0,0,0
7.4,0,0,0,0,1971,2082,2026,1852,0.029999999,0.029999999,0,0,0,0
7.41,0,0,0,0,1971,2083,2025,1853,0.029999999,-0.01,0.050000001,0,0,0
7.42,0,0,0,0,1971,2083,2026,1853,-0.029999999,0.039999999,-0.109999999,0,0,0
7.43,0,0,0,0,1971,2083,2026,1852,-0.039999999,0.029999999,-0.100000002,0,0,0
7.44,0,0,0,0,1971,2084,2025,1852,0.02,0,0.07,0,0,0
7.45,0,0,0,0,1972,2082,2025,1853,-0.029999999,-0.01,0.029999999,0,0,0
7.46,0,0,0,0,1971,2083,2026,1852,0,0.02,-0.119999997,0,0,0
7.47,0,0,0,0,1971,2083,2025,1853,0.02,0.02,0.090000004,0,0,0
7.48,0,0,0,0,1972,2082,2026,1852,0.02,0.02,0.090000004,0,0,0
7.49,0,0,0,0,1971,2084,2025,1852,-0.01,0.02,-0.090000004,0,0,0
7.5,0,0,0,0,1972,2083,2025,1853,0.029999999,-0.050000001,0.059999999,0,0,0
7.51,0,0,0,0,1971,2082,2026,1853,0.029999999,0.02,0.119999997,0,0,0
7.52,0,0,0,0,1971,2083,2026,1853,-0.01,-0.02,-0.079999998,0,0,0
7.53,0,0,0,0,1971,2083,2025,1853,0.01,0.02,-0.079999998,0,0,0
7.54,0,0,0,0,1972,2082,2026,1852,0.029999999,-0.079999998,0,0,0,0
7.55,0,0,0,0,1971,2083,2025,1852,0,-0.059999999,-0.02,0,0,0
7.56,0,0,0,0,1971,2083,2025,1853,0,0,-0.029999999,0,0,0
7.57,0,0,0,0,1971,2082,2025,1852,0.039999999,-0.059999999,0.090000004,0,0,0
7.58,0,0,0,0,1971,2083,2026,1852,-0.02,-0.090000004,-0.029999999,0,0,0
7.59,0,0,0,0,1970,2083,2025,1853,-0.02,-0.039999999,-0.109999999,0,0,0
7.6,0,0,0,0,1972,2082,2026,1853,0.01,-0.059999999,0.050000001,0,0,0
7.61,0,0,0,0,1971,2083,2025,1852,0.01,-0.079999998,-0.029999999,0,0,0
7.62,0,0,0,0,1971,2083,2025,1854,-0.029999999,0.029999999,-0.07,0,0,0
7.63,0,0,0,0,1972,2083,2025,1852,0.01,-0.029999999,-0.029999999,0,0,0
7.64,0,0,0,0,1971,2084,2027,1852,0.01,0,0.029999999,0,0,0
7.65,0,0,0,0,1971,2083,2025,1853,-0.01,-0.02,0,0,0,0
7.66,0,0,0,0,1971,2083,2026,1852,0,0.039999999,-0.02,0,0,0
7.67,0,0,0,0,1971,2083,2026,1852,0.059999999,0.039999999,0.100000002,0,0,0
7.68,0,0,0,0,1971,2083,2025,1853,-0.01,0,-0.07,0,0,0
7.69,0,0,0,0,1972,2082,2025,1853,-0.029999999,0.02,-0.119999997,0,0,0
7.7,0,0,0,0,1971,2084,2026,1852,0.029999999,0,0.07,0,0,0
7.71,0,0,0,0,1971,2083,2025,1853,0.029999999,-0.02,0.050000001,0,0,0
7.72,0,0,0,0,1972,2083,2026,1853,-0.01,-0.02,-0.100000002,0,0,0
7.73,0,0,0,0,1971,2083,2026,1852,0,0,-0.02,0,0,0
7.74,0,0,0,0,1971,2084,2025,1853,0,-0.079999998,0,0,0,0
7.75,0,0,0,0,1972,2083,2025,1852,-0.029999999,0,-0.029999999,0,0,0
7.76,0,0,0,0,1971,2083,2026,1852,0,-0.029999999,-0.01,0,0,0
7.77,0,0,0,0,1971,2083,2025,1853,0.029999999,-0.050000001,0.07,0,0,0
7.78,0,0,0,0,1972,2082,2025,1853,-0.039999999,-0.07,-0.02,0,0,0
7.79,0,0,0,0,1971,2083,2026,1852,-0.01,-0.050000001,-0.090000004,0,0,0
7.8,0,0,0,0,1971,2083,2026,1853,0,-0.079999998,0.039999999,0,0,0
7.81,0,0,0,0,1972,2083,2025,1853,0,-0.090000004,-0.02,0,0,0
7.82,0,0,0,0,1972,2083,2026,1852,-0.050000001,0,-0.079999998,0,0,0
7.83,0,0,0,0,1971,2083,2025,1853,0.01,-0.039999999,-0.01,0,0,0
7.84,0,0,0,0,1972,2083,2025,1853,0,-0.01,0.01,0,0,0
7.85,0,0,0,0,1971,2082,2026,1852,-0.01,-0.050000001,-0.029999999,0,0,0
7.86,0,0,0,0,1971,2083,2026,1853,-0.01,0.01,-0.039999999,0,0,0
7.87,0,0,0,0,1971,2082,2025,1853,0.059999999,0,0.01,0,0,0
7.88,0,0,0,0,1971,2083,2026,1852,-0.01,0.02,0,0,0,0
7.89,0,0,0,0,1971,2083,2025,1852,0,0.039999999,-0.150000006,0,0,0
7.9,0,0,0,0,1971,2083,2026,1853,0.050000001,-0.01,0.07,0,0,0
7.91,0,0,0,0,1971,2082,2026,1852,-0.01,0.029999999,-0.039999999,0,0,0
7.92,0,0,0,0,1971,2083,2026,1853,-0.02,0.02,-0.090000004,0,0,0
7.93,0,0,0,0,1971,2083,2026,1853,0,0.039999999,0.059999999,0,0,0
7.94,0,0,0,0,1971,2083,2026,1853,0.02,-0.079999998,0.02,0,0,0
7.95,0,0,0,0,1971,2083,2026,1852,-0.02,-0.01,-0.039999999,0,0,0
7.96,0,0,0,0,1971,2083,2025,1853,0.02,-0.109999999,0.039999999,0,0,0
7.97,0,0,0,0,1971,2083,2026,1852,0.059999999,0,0.039999999,0,0,0
7.98,0,0,0,0,1971,2083,2026,1853,0,-0.079999998,-0.129999995,0,0,0
7.99,0,0,0,0,1971,2083,2026,1852,0,0.02,-0.079999998,0,0,0
8,0,0,0,0,1971,2083,2025,1853,0.039999999,-0.039999999,0.01,0,0,0
8.01,0,0,0,0,1971,2083,2026,1853,0,-0.07,-0.059999999,0,0,0
8.02,0,0,0,0,1971,2083,2025,1853,0,-0.039999999,-0.050000001,0,0,0
8.03,0,0,0,0,1971,2083,2026,1852,0.039999999,-0.039999999,0.090000004,0,0,0
8.04,0,0,0,0,1971,2083,2026,1852,0.029999999,-0.109999999,-0.059999999,0,0,0
8.05,0,0,0,0,1971,2083,2026,1852,-0.01,-0.039999999,-0.07,0,0,0
8.06,0,0,0,0,1971,2083,2025,1853,0.02,0.02,0,0,0,0
8.07,0,0,0,0,1971,2083,2026,1853,0.039999999,-0.079999998,-0.029999999,0,0,0
8.08,0,0,0,0,1971,2083,2025,1853,0,0.029999999,-0.039999999,0,0,0
8.09,0,0,0,0,1971,2083,2026,1853,0,0.01,-0.059999999,0,0,0
8.1,0,0,0,0,1971,2082,2026,1853,0,-0.02,0.01,0,0,0
8.11,0,0,0,0,1971,2083,2026,1852,-0.029999999,-0.039999999,-0.07,0,0,0
8.12,0,0,0,0,1971,2083,2026,1853,-0.01,0.029999999,0,0,0,0
8.13,0,0,0,0,1971,2083,2026,1853,-0.01,0.039999999,0.029999999,0,0,0
8.14,0,0,0,0,1972,2083,2026,1852,-0.02,-0.029999999,0.01,0,0,0
8.15,0,0,0,0,1971,2083,2025,1853,-0.039999999,0.050000001,-0.079999998,0,0,0
8.16,0,0,0,0,1971,2083,2026,1853,0.01,-0.039999999,0.02,0,0,0
8.17,0,0,0,0,1971,2083,2026,1853,0.039999999,-0.01,0.059999999,0,0,0
8.18,0,0,0,0,1971,2083,2026,1853,0,-0.039999999,-0.100000002,0,0,0
8.19,0,0,0,0,1971,2083,2025,1853,0.050000001,0.050000001,-0.07,0,0,0
8.2,0,0,0,0,1971,2083,2026,1852,0.039999999,-0.100000002,0.039999999,0,0,0
8.21,0,0,0,0,1971,2083,2025,1853,0.01,-0.109999999,0,0,0,0
8.22,0,0,0,0,1971,2083,2025,1853,0.02,-0.07,-0.029999999,0,0,0
8.23,0,0,0,0,1972,2083,2026,1853,0.059999999,-0.050000001,0.050000001,0,0,0
8.24,0,0,0,0,1972,2083,2026,1853,-0.029999999,-0.050000001,-0.039999999,0,0,0
8.25,0,0,0,0,1971,2082,2025,1853,0,-0.029999999,-0.07,0,0,0
8.26,0,0,0,0,1971,2083,2026,1852,0,-0.02,0,0,0,0
8.27,0,0,0,0,1971,2083,2026,1852,0,-0.07,-0.039999999,0,0,0
8.28,0,0,0,0,1971,2083,2025,1853,-0.029999999,0.050000001,-0.01,0,0,0
8.29,0,0,0,0,1971,2083,2026,1852,-0.02,0.039999999,0,0,0,0
8.3,0,0,0,0,1971,2083,2026,1853,-0.01,-0.01,0.050000001,0,0,0
8.31,0,0,0,0,1971,2082,2025,1854,-0.039999999,0,-0.02,0,0,0
8.32,0,0,0,0,1971,2082,2026,1853,0,0.029999999,0.02,0,0,0
8.33,0,0,0,0,1971,2083,2026,1852,0.029999999,0.01,0.050000001,0,0,0
8.34,0,0,0,0,1971,2083,2025,1853,-0.01,-0.07,0.039999999,0,0,0
8.35,0,0,0,0,1971,2082,2026,1852,0.01,0.059999999,-0.01,0,0,0
8.36,0,0,0,0,1971,2082,2026,1852,0.050000001,-0.059999999,0.050000001,0,0,0
8.37,0,0,0,0,1970,2083,2025,1853,0,-0.039999999,-0.050000001,0,0,0
8.38,0,0,0,0,1972,2082,2026,1853,0.01,-0.059999999,-0.01,0,0,0
8.39,0,0,0,0,1971,2083,2026,1852,0.050000001,0.01,0.02,0,0,0
8.4,0,0,0,0,1971,2084,2026,1853,0,-0.140000001,-0.059999999,0,0,0
8.41,0,0,0,0,1972,2083,2025,1853,-0.01,-0.050000001,0,0,0,0
8.42,0,0,0,0,1971,2084,2026,1852,0.029999999,-0.029999999,-0.01,0,0,0
8.43,0,0,0,0,1971,2083,2025,1853,0.050000001,-0.07,0.029999999,0,0,0
8.44,0,0,0,0,1971,2082,2025,1853,-0.029999999,-0.050000001,-0.059999999,0,0,0
8.45,0,0,0,0,1971,2083,2026,1852,0.02,-0.029999999,-0.100000002,0,0,0
8.46,0,0,0,0,1971,2083,2025,1853,0,0,0.050000001,0,0,0
8.47,0,0,0,0,1972,2082,2025,1853,-0.01,-0.059999999,-0.109999999,0,0,0
8.48,0,0,0,0,1971,2083,2026,1852,-0.01,0.07,0,0,0,0
8.49,0,0,0,0,1971,2083,2026,1853,0,0.02,0.029999999,0,0,0
8.5,0,0,0,0,1971,2083,2025,1854,0,-0.01,0,0,0,0
8.51,0,0,0,0,1971,2082,2027,1853,0,0.02,-0.079999998,0,0,0
8.52,0,0,0,0,1971,2084,2025,1853,0.02,0.029999999,0.029999999,0,0,0
8.53,0,0,0,0,1972,2083,2025,1853,0.029999999,0.039999999,0.02,0,0,0
8.54,0,0,0,0,1971,2083,2026,1852,0,-0.02,-0.039999999,0,0,0
8.55,0,0,0,0,1971,2083,2025,1852,-0.01,0.129999995,-0.039999999,0,0,0
8.56,0,0,0,0,1971,2083,2025,1853,0.039999999,-0.07,0.07,0,0,0
8.57,0,0,0,0,1971,2082,2026,1852,-0.02,-0.039999999,-0.029999999,0,0,0
8.58,0,0,0,0,1970,2083,2025,1853,0.02,-0.100000002,-0.039999999,0,0,0
8.59,0,0,0,0,1971,2083,2025,1853,0.029999999,-0.02,0.050000001,0,0,0
8.6,0,0,0,0,1972,2083,2027,1853,0,-0.170000002,-0.050000001,0,0,0
8.61,0,0,0,0,1971,2084,2026,1852,-0.01,-0.01,-0.090000004,0,0,0
8.62,0,0,0,0,1972,2083,2025,1853,0.029999999,-0.059999999,0,0,0,0
8.63,0,0,0,0,1971,2082,2026,1852,0,-0.029999999,0.059999999,0,0,0
8.64,0,0,0,0,1971,2083,2026,1852,-0.02,-0.01,-0.100000002,0,0,0
8.65,0,0,0,0,1971,2082,2025,1853,0.01,-0.02,0,0,0,0
8.66,0,0,0,0,1972,2082,2026,1852,0,-0.02,0.01,0,0,0
8.67,0,0,0,0,1971,2083,2026,1852,0,-0.090000004,0,0,0,0
8.68,0,0,0,0,1971,2083,2025,1853,0,0.029999999,-0.050000001,0,0,0
8.69,0,0,0,0,1971,2082,2026,1852,0,0,0.02,0,0,0
8.7,0,0,0,0,1971,2084,2026,1852,0,-0.029999999,-0.079999998,0,0,0
8.71,0,0,0,0,1971,2083,2026,1854,-0.02,-0.01,-0.039999999,0,0,0
8.72,0,0,0,0,1972,2082,2026,1852,0,0.02,0.050000001,0,0,0
8.73,0,0,0,0,1971,2083,2026,1852,0,-0.01,0.050000001,0,0,0
8.74,0,0,0,0,1971,2083,2025,1853,-0.02,0.02,-0.109999999,0,0,0
8.75,0,0,0,0,1971,2083,2025,1852,-0.01,0.079999998,0,0,0,0
8.76,0,0,0,0,1971,2084,2026,1852,0.029999999,-0.02,0.01,0,0,0
8.77,0,0,0,0,1971,2083,2025,1853,0,0,0.02,0,0,0
8.78,0,0,0,0,1971,2082,2026,1853,0.02,0.02,0.029999999,0,0,0
8.79,0,0,0,0,1971,2083,2026,1852,0,0.01,0.100000002,0,0,0
8.8,0,0,0,0,1971,2083,2025,1853,-0.01,-0.059999999,-0.07,0,0,0
8.81,0,0,0,0,1972,2082,2025,1852,-0.029999999,0.029999999,-0.050000001,0,0,0
8.82,0,0,0,0,1971,2083,2026,1852,0.01,-0.059999999,0,0,0,0
8.83,0,0,0,0,1971,2083,2025,1853,0,-0.039999999,0.039999999,0,0,0
8.84,0,0,0,0,1971,2083,2025,1853,0.01,-0.029999999,-0.059999999,0,0,0
8.85,0,0,0,0,1971,2083,2026,1852,0.039999999,0,0.079999998,0,0,0
8.86,0,0,0,0,1971,2083,2025,1853,0.029999999,-0.050000001,-0.01,0,0,0
8.87,0,0,0,0,1971,2082,2025,1853,-0.029999999,-0.059999999,-0.029999999,0,0,0
8.88,0,0,0,0,1971,2083,2026,1852,0.039999999,0,-0.02,0,0,0
8.89,0,0,0,0,1971,2083,2025,1853,0.039999999,-0.01,0.079999998,0,0,0
8.9,0,0,0,0,1971,2083,2026,1853,-0.02,-0.02,-0.090000004,0,0,0
8.91,0,0,0,0,1971,2083,2026,1852,-0.039999999,-0.02,-0.059999999,0,0,0
8.92,0,0,0,0,1971,2083,2026,1853,0.039999999,0.02,0.100000002,0,0,0
8.93,0,0,0,0,1971,2083,2025,1853,-0.029999999,-0.02,0.01,0,0,0
8.94,0,0,0,0,1971,2083,2026,1853,-0.039999999,0.039999999,-0.050000001,0,0,0
8.95,0,0,0,0,1971,2083,2025,1853,0,0,0,0,0,0
8.96,0,0,0,0,1971,2083,2026,1853,-0.02,0,0.02,0,0,0
8.97,0,0,0,0,1971,2083,2026,1853,-0.059999999,-0.01,-0.02,0,0,0
8.98,0,0,0,0,1971,2083,2026,1853,0.01,0,0.02,0,0,0
8.99,0,0,0,0,1971,2082,2025,1853,0,0.039999999,0.029999999,0,0,0
9,0,0,0,0,1971,2083,2026,1852,0,-0.029999999,0,0,0,0
9.01,0,0,0,0,1971,2083,2026,1853,-0.02,0.039999999,0,0,0,0
9.02,0,0,0,0,1971,2083,2025,1853,0.079999998,0,0.029999999,0,0,0
9.03,0,0,0,0,1972,2083,2026,1852,0,0.01,0.050000001,0,0,0
9.04,0,0,0,0,1971,2083,2026,1852,-0.01,0,-0.07,0,0,0
9.05,0,0,0,0,1971,2082,2026,1853,0.02,0.039999999,0.129999995,0,0,0
9.06,0,0,0,0,1971,2083,2025,1853,0.01,-0.07,-0.039999999,0,0,0
9.07,0,0,0,0,1971,2083,2026,1853,-0.029999999,-0.050000001,-0.050000001,0,0,0
9.08,0,0,0,0,1971,2083,2025,1852,0.050000001,-0.039999999,0.07,0,0,0
9.09,0,0,0,0,1971,2083,2025,1852,0.029999999,-0.029999999,0.039999999,0,0,0
9.1,0,0,0,0,1971,2083,2026,1853,-0.039999999,-0.059999999,-0.07,0,0,0
9.11,0,0,0,0,1972,2083,2026,1852,-0.02,-0.01,0,0,0,0
9.12,0,0,0,0,1971,2083,2025,1853,0,-0.01,0.02,0,0,0
9.13,0,0,0,0,1971,2083,2026,1853,-0.039999999,-0.100000002,-0.039999999,0,0,0
9.14,0,0,0,0,1971,2083,2025,1853,0,0.029999999,-0.050000001,0,0,0
9.15,0,0,0,0,1971,2083,2026,1852,0.039999999,0,0.07,0,0,0
9.16,0,0,0,0,1971,2082,2026,1853,0,-0.02,-0.059999999,0,0,0
9.17,0,0,0,0,1971,2083,2026,1852,-0.029999999,-0.01,-0.079999998,0,0,0
9.18,0,0,0,0,1971,2083,2025,1853,0.059999999,0.029999999,0.100000002,0,0,0
9.19,0,0,0,0,1971,2083,2026,1853,0.050000001,-0.039999999,0.129999995,0,0,0
9.2,0,0,0,0,1972,2083,2026,1852,0,0,-0.090000004,0,0,0
9.21,0,0,0,0,1971,2083,2026,1853,0.01,0.050000001,0,0,0,0
9.22,0,0,0,0,1971,2083,2026,1853,0.02,0,0.090000004,0,0,0
9.23,0,0,0,0,1972,2083,2026,1853,-0.02,-0.059999999,-0.100000002,0,0,0
9.24,0,0,0,0,1971,2083,2026,1853,0,-0.01,-0.050000001,0,0,0
9.25,0,0,0,0,1971,2083,2025,1853,0,0.02,0.059999999,0,0,0
9.26,0,0,0,0,1971,2083,2026,1852,0,-0.079999998,-0.090000004,0,0,0
9.27,0,0,0,0,1971,2083,2026,1853,-0.059999999,0,-0.039999999,0,0,0
9.28,0,0,0,0,1971,2083,2025,1853,0.02,0,0.079999998,0,0,0
9.29,0,0,0,0,1971,2083,2026,1852,-0.02,-0.01,0.079999998,0,0,0
9.3,0,0,0,0,1971,2083,2026,1853,-0.039999999,-0.039999999,-0.129999995,0,0,0
9.31,0,0,0,0,1971,2083,2025,1853,0,0.039999999,0,0,0,0
9.32,0,0,0,0,1972,2083,2026,1852,0.039999999,-0.02,0.029999999,0,0,0
9.33,0,0,0,0,1971,2083,2025,1852,-0.029999999,-0.059999999,-0.029999999,0,0,0
9.34,0,0,0,0,1971,2083,2025,1853,0.02,0.01,-0.029999999,0,0,0
9.35,0,0,0,0,1971,2082,2026,1853,0,0.01,0.090000004,0,0,0
9.36,0,0,0,0,1971,2083,2026,1852,-0.01,-0.079999998,-0.079999998,0,0,0
9.37,0,0,0,0,1971,2082,2025,1853,-0.039999999,-0.039999999,-0.090000004,0,0,0
9.38,0,0,0,0,1971,2082,2025,1852,0.01,-0.02,0.100000002,0,0,0
9.39,0,0,0,0,1971,2083,2026,1852,-0.01,-0.07,0.079999998,0,0,0
9.4,0,0,0,0,1971,2083,2025,1853,-0.039999999,0.02,-0.100000002,0,0,0
9.41,0,0,0,0,1972,2082,2026,1853,-0.01,0.01,0.01,0,0,0
9.42,0,0,0,0,1971,2083,2026,1853,0.01,0.01,0,0,0,0
9.43,0,0,0,0,1971,2083,2025,1853,0,-0.039999999,0.029999999,0,0,0
9.44,0,0,0,0,1972,2082,2026,1853,0.039999999,0.039999999,0,0,0,0
9.45,0,0,0,0,1971,2083,2026,1852,0.02,0.02,0.129999995,0,0,0
9.46,0,0,0,0,1971,2083,2025,1853,0,-0.059999999,-0.02,0,0,0
9.47,0,0,0,0,1971,2082,2025,1852,-0.050000001,0.07,0.02,0,0,0
9.48,0,0,0,0,1971,2082,2026,1852,0.029999999,0,0.090000004,0,0,0
9.49,0,0,0,0,1970,2083,2025,1853,-0.050000001,0,-0.02,0,0,0
9.5,0,0,0,0,1972,2083,2026,1853,-0.050000001,0.01,-0.059999999,0,0,0
9.51,0,0,0,0,1972,2083,2026,1852,-0.039999999,0.039999999,0.01,0,0,0
9.52,0,0,0,0,1971,2083,2025,1852,0,-0.039999999,0,0,0,0
9.53,0,0,0,0,1972,2083,2025,1852,-0.02,-0.039999999,-0.01,0,0,0
9.54,0,0,0,0,1971,2083,2027,1852,0.039999999,-0.02,0.050000001,0,0,0
9.55,0,0,0,0,1971,2083,2026,1853,0.039999999,-0.059999999,0.100000002,0,0,0
9.56,0,0,0,0,1971,2082,2025,1853,0,-0.129999995,-0.079999998,0,0,0
9.57,0,0,0,0,1971,2082,2026,1852,-0.01,-0.039999999,-0.01,0,0,0
9.58,0,0,0,0,1970,2083,2025,1852,0.050000001,-0.059999999,0.059999999,0,0,0
9.59,0,0,0,0,1972,2082,2025,1853,0,-0.079999998,0.029999999,0,0,0
9.6,0,0,0,0,1971,2083,2026,1852,-0.01,0.059999999,-0.090000004,0,0,0
9.61,0,0,0,0,1971,2083,2025,1853,0,0.01,0.050000001,0,0,0
9.62,0,0,0,0,1971,2083,2025,1854,-0.02,0,-0.01,0,0,0
9.63,0,0,0,0,1971,2082,2026,1852,-0.029999999,-0.079999998,-0.07,0,0,0
9.64,0,0,0,0,1970,2083,2025,1853,0,0.01,0.01,0,0,0
9.65,0,0,0,0,1972,2083,2025,1853,0.01,-0.039999999,0.07,0,0,0
9.66,0,0,0,0,1971,2082,2026,1852,-0.050000001,0.01,-0.079999998,0,0,0
9.67,0,0,0,0,1971,2083,2025,1852,-0.029999999,0,-0.050000001,0,0,0
9.68,0,0,0,0,1972,2083,2025,1853,0.059999999,0.02,0.090000004,0,0,0
9.69,0,0,0,0,1971,2082,2026,1852,-0.01,-0.050000001,-0.01,0,0,0
9.7,0,0,0,0,1971,2084,2025,1853,0.01,0.039999999,0,0,0,0
9.71,0,0,0,0,1971,2083,2025,1853,0,0.02,0.129999995,0,0,0
9.72,0,0,0,0,1972,2083,2025,1852,0.01,-0.059999999,0,0,0,0
9.73,0,0,0,0,1971,2084,2025,1852,-0.02,0,-0.050000001,0,0,0
9.74,0,0,0,0,1972,2083,2025,1853,0.02,0.02,0.100000002,0,0,0
9.75,0,0,0,0,1971,2082,2026,1852,0,0,0.100000002,0,0,0
9.76,0,0,0,0,1971,2083,2026,1853,-0.050000001,-0.039999999,-0.100000002,0,0,0
9.77,0,0,0,0,1971,2082,2025,1853,-0.050000001,0.039999999,-0.050000001,0,0,0
9.78,0,0,0,0,1972,2082,2026,1852,0.01,-0.050000001,0.079999998,0,0,0
9.79,0,0,0,0,1971,2084,2025,1852,-0.039999999,-0.029999999,0,0,0,0
9.8,0,0,0,0,1972,2083,2025,1853,-0.029999999,0,-0.029999999,0,0,0
9.81,0,0,0,0,1971,2082,2026,1852,0.01,0,0.090000004,0,0,0
9.82,0,0,0,0,1971,2083,2026,1852,-0.01,-0.100000002,-0.050000001,0,0,0
9.83,0,0,0,0,1971,2082,2025,1853,0,-0.079999998,-0.059999999,0,0,0
9.84,0,0,0,0,1972,2082,2026,1852,0.07,-0.029999999,0.100000002,0,0,0
9.85,0,0,0,0,1970,2083,2025,1852,0.039999999,-0.07,0.039999999,0,0,0
9.86,0,0,0,0,1971,2083,2025,1853,0,-0.01,-0.159999996,0,0,0
9.87,0,0,0,0,1972,2083,2025,1853,-0.039999999,-0.01,0,0,0,0
9.88,0,0,0,0,1971,2084,2026,1852,0.02,0,0.129999995,0,0,0
9.89,0,0,0,0,1971,2083,2025,1854,-0.029999999,-0.050000001,0.059999999,0,0,0
9.9,0,0,0,0,1972,2083,2026,1853,-0.059999999,0.079999998,0.039999999,0,0,0
9.91,0,0,0,0,1971,2084,2026,1853,-0.029999999,0,0.109999999,0,0,0
9.92,0,0,0,0,1971,2084,2026,1853,-0.01,0.01,0.079999998,0,0,0
9.93,0,0,0,0,1972,2083,2025,1853,-0.039999999,0,-0.100000002,0,0,0
9.94,0,0,0,0,1971,2083,2026,1852,0,0.01,0,0,0,0
9.95,0,0,0,0,1971,2083,2025,1853,0.029999999,0.039999999,0,0,0,0
9.96,0,0,0,0,1971,2082,2026,1853,-0.02,0.02,-0.07,0,0,0
9.97,0,0,0,0,1971,2083,2026,1852,-0.039999999,0.02,-0.07,0,0,0
9.98,0,0,0,0,1971,2083,2025,1853,0.02,-0.01,0.100000002,0,0,0
9.99,0,0,0,0,1972,2082,2025,1853,-0.01,-0.039999999,0.050000001,0,0,0
10,0,0,0,0,1971,2083,2026,1852,0,-0.01,0.01,0,0,0
10.01,0,0,0,0,1971,2083,2025,1853,0.02,-0.01,0.170000002,0,0,0
10.02,0,0,0,0,1971,2083,2025,1853,0,-0.07,0.02,0,0,0
10.03,0,0,0,0,1971,2082,2026,1853,0,-0.029999999,-0.07,0,0,0
10.04,0,0,0,0,1971,2083,2026,1853,0.039999999,-0.07,0.100000002,0,0,0
10.05,0,0,0,0,1971,2083,2025,1853,0.02,-0.100000002,0.079999998,0,0,0
10.06,0,0,0,0,1971,2082,2026,1853,-0.039999999,-0.01,-0.059999999,0,0,0
10.07,0,0,0,0,1971,2083,2026,1853,-0.02,-0.039999999,0.02,0,0,0
10.08,0,0,0,0,1971,2083,2025,1853,-0.039999999,-0.029999999,0.059999999,0,0,0
10.09,0,0,0,0,1971,2082,2026,1853,-0.039999999,-0.119999997,-0.07,0,0,0
10.1,0,0,0,0,1971,2082,2026,1853,-0.029999999,0.079999998,0.02,0,0,0
10.11,0,0,0,0,1971,2083,2025,1853,-0.02,-0.079999998,0.090000004,0,0,0
10.12,0,0,0,0,1971,2083,2026,1853,-0.059999999,0.050000001,-0.050000001,0,0,0
10.13,0,0,0,0,1971,2083,2025,1853,-0.029999999,-0.039999999,-0.150000006,0,0,0
10.14,0,0,0,0,1971,2083,2026,1853,-0.01,0.039999999,0.119999997,0,0,0
10.15,0,0,0,0,1971,2083,2026,1853,0,-0.029999999,0.029999999,0,0,0
10.16,0,0,0,0,1971,2083,2026,1852,0.01,0.029999999,0,0,0,0
10.17,0,0,0,0,1971,2082,2026,1853,-0.02,0.029999999,0,0,0,0
10.18,0,0,0,0,1971,2082,2026,1853,0,0,0.119999997,0,0,0
10.19,0,0,0,0,1971,2083,2026,1853,-0.029999999,-0.01,-0.01,0,0,0
10.2,0,0,0,0,1971,2083,2025,1853,0,0.01,0.039999999,0,0,0
10.21,0,0,0,0,1971,2082,2026,1853,0.050000001,0.02,0.140000001,0,0,0
10.22,0,0,0,0,1971,2082,2026,1853,-0.01,-0.029999999,-0.02,0,0,0
10.23,0,0,0,0,1971,2083,2026,1853,-0.02,0,-0.109999999,0,0,0
10.24,0,0,0,0,1971,2083,2025,1853,0.029999999,-0.050000001,0.109999999,0,0,0
10.25,0,0,0,0,1971,2082,2025,1853,0,-0.029999999,0.02,0,0,0
10.26,0,0,0,0,1971,2083,2025,1853,-0.01,-0.039999999,-0.119999997,0,0,0
10.27,0,0,0,0,1971,2083,2026,1852,0.01,0,0,0,0,0
10.28,0,0,0,0,1971,2083,2025,1852,-0.039999999,-0.090000004,0.039999999,0,0,0
10.29,0,0,0,0,1971,2083,2026,1852,-0.01,-0.079999998,-0.050000001,0,0,0
10.3,0,0,0,0,1971,2083,2025,1853,-0.01,0,0.059999999,0,0,0
10.31,0,0,0,0,1971,2083,2026,1853,0.100000002,-0.059999999,0.140000001,0,0,0
10.32,0,0,0,0,1971,2083,2026,1853,-0.039999999,-0.059999999,-0.100000002,0,0,0
10.33,0,0,0,0,1971,2083,2026,1853,-0.01,-0.059999999,-0.170000002,0,0,0
10.34,0,0,0,0,1971,2082,2026,1853,0.02,-0.039999999,0.119999997,0,0,0
10.35,0,0,0,0,1971,2083,2026,1852,0,-0.109999999,-0.02,0,0,0
10.36,0,0,0,0,1971,2083,2026,1853,-0.039999999,0.02,-0.090000004,0,0,0
10.37,0,0,0,0,1971,2083,2025,1853,0.029999999,-0.050000001,0,0,0,0
10.38,0,0,0,0,1971,2082,2026,1853,-0.029999999,-0.01,-0.02,0,0,0
10.39,0,0,0,0,1971,2083,2026,1853,-0.059999999,-0.050000001,-0.109999999,0,0,0
10.4,0,0,0,0,1971,2082,2026,1853,0,0.02,0.109999999,0,0,0
10.41,0,0,0,0,1971,2083,2026,1853,0.029999999,0,0.07,0,0,0
10.42,0,0,0,0,1971,2083,2026,1853,-0.029999999,0,-0.090000004,0,0,0
10.43,0,0,0,0,1971,2083,2025,1853,-0.029999999,0,-0.059999999,0,0,0
10.44,0,0,0,0,1971,2083,2026,1852,0.029999999,0.01,0.109999999,0,0,0
10.45,0,0,0,0,1971,2083,2026,1852,-0.029999999,0,-0.01,0,0,0
10.46,0,0,0,0,1971,2083,2025,1853,-0.029999999,0.02,0.02,0,0,0
10.47,0,0,0,0,1972,2082,2025,1852,0,0.02,0.129999995,0,0,0
10.48,0,0,0,0,1971,2083,2026,1853,0,-0.059999999,0.039999999,0,0,0
10.49,0,0,0,0,1971,2083,2025,1853,-0.039999999,0,-0.100000002,0,0,0
10.5,0,0,0,0,1971,2083,2026,1853,0.01,-0.059999999,0.079999998,0,0,0
10.51,0,0,0,0,1971,2084,2025,1853,0.039999999,-0.029999999,0.029999999,0,0,0
10.52,0,0,0,0,1971,2083,2025,1853,-0.029999999,-0.07,-0.109999999,0,0,0
10.53,0,0,0,0,1972,2083,2025,1853,0,-0.01,-0.02,0,0,0
10.54,0,0,0,0,1971,2083,2026,1853,-0.02,-0.059999999,0.079999998,0,0,0
10.55,0,0,0,0,1971,2083,2025,1853,0,-0.129999995,-0.029999999,0,0,0
10.56,0,0,0,0,1971,2083,2025,1853,-0.02,-0.029999999,-0.029999999,0,0,0
10.57,0,0,0,0,1971,2083,2025,1852,0.07,-0.059999999,0.029999999,0,0,0
10.58,0,0,0,0,1971,2083,2025,1853,0,-0.050000001,-0.039999999,0,0,0
10.59,0,0,0,0,1972,2082,2025,1853,-0.01,-0.059999999,-0.150000006,0,0,0
10.6,0,0,0,0,1972,2082,2026,1853,0,0.059999999,0.159999996,0,0,0
10.61,0,0,0,0,1971,2084,2026,1852,0.02,-0.100000002,0.029999999,0,0,0
10.62,0,0,0,0,1972,2082,2026,1853,-0.079999998,0.029999999,-0.07,0,0,0
10.63,0,0,0,0,1971,2082,2026,1852,0.039999999,-0.01,-0.100000002,0,0,0
10.64,0,0,0,0,1971,2083,2025,1853,0,0,0.129999995,0,0,0
10.65,0,0,0,0,1972,2083,2025,1853,-0.059999999,-0.059999999,-0.07,0,0,0
10.66,0,0,0,0,1972,2082,2026,1853,0.01,0.02,-0.02,0,0,0
10.67,0,0,0,0,1971,2083,2025,1852,0.02,0.039999999,0.07,0,0,0
10.68,0,0,0,0,1971,2082,2025,1853,-0.050000001,-0.039999999,0.039999999,0,0,0
10.69,0,0,0,0,1971,2083,2026,1852,-0.029999999,0.029999999,-0.129999995,0,0,0
10.7,0,0,0,0,1971,2083,2026,1853,0.039999999,-0.02,0.180000007,0,0,0
10.71,0,0,0,0,1972,2083,2025,1853,0.01,0,0.100000002,0,0,0
10.72,0,0,0,0,1971,2083,2027,1852,-0.050000001,-0.07,-0.01,0,0,0
10.73,0,0,0,0,1971,2083,2026,1852,0.029999999,0.02,-0.039999999,0,0,0
10.74,0,0,0,0,1971,2082,2026,1853,0.01,-0.090000004,0.079999998,0,0,0
10.75,0,0,0,0,1971,2083,2026,1852,-0.01,-0.07,-0.07,0,0,0
10.76,0,0,0,0,1971,2083,2026,1852,0.02,-0.01,-0.050000001,0,0,0
10.77,0,0,0,0,1970,2082,2025,1853,0.059999999,-0.07,0.059999999,0,0,0
10.78,0,0,0,0,1971,2082,2026,1853,-0.029999999,-0.109999999,-0.050000001,0,0,0
10.79,0,0,0,0,1971,2083,2025,1853,0,-0.039999999,-0.140000001,0,0,0
10.8,0,0,0,0,1971,2083,2025,1853,0.02,-0.090000004,0.07,0,0,0
10.81,0,0,0,0,1971,2083,2026,1852,0.029999999,-0.079999998,0.07,0,0,0
10.82,0,0,0,0,1971,2083,2025,1853,-0.059999999,0,-0.100000002,0,0,0
10.83,0,0,0,0,1971,2083,2025,1853,0.02,-0.039999999,-0.050000001,0,0,0
10.84,0,0,0,0,1972,2083,2026,1852,-0.029999999,-0.01,0.090000004,0,0,0
10.85,0,0,0,0,1971,2083,2025,1853,-0.01,-0.039999999,-0.109999999,0,0,0
10.86,0,0,0,0,1971,2083,2025,1853,0,0.050000001,0.090000004,0,0,0
10.87,0,0,0,0,1971,2083,2026,1853,0.059999999,-0.02,0.109999999,0,0,0
10.88,0,0,0,0,1971,2083,2026,1853,-0.050000001,-0.01,0.01,0,0,0
10.89,0,0,0,0,1971,2083,2025,1853,-0.039999999,0.02,-0.140000001,0,0,0
10.9,0,0,0,0,1971,2083,2026,1853,0.01,0,0.129999995,0,0,0
10.91,0,0,0,0,1971,2083,2026,1853,0,-0.02,0.039999999,0,0,0
10.92,0,0,0,0,1971,2083,2026,1853,-0.029999999,0.01,-0.129999995,0,0,0
10.93,0,0,0,0,1971,2083,2026,1853,0,0.029999999,0.059999999,0,0,0
10.94,0,0,0,0,1971,2083,2026,1853,0,-0.050000001,0.02,0,0,0
10.95,0,0,0,0,1971,2083,2025,1853,-0.039999999,-0.02,-0.050000001,0,0,0
10.96,0,0,0,0,1971,2083,2025,1852,0.02,-0.050000001,0.079999998,0,0,0
10.97,0,0,0,0,1971,2083,2025,1853,0.039999999,-0.07,0.150000006,0,0,0
10.98,0,0,0,0,1971,2083,2026,1853,-0.039999999,-0.07,-0.079999998,0,0,0
10.99,0,0,0,0,1971,2082,2026,1852,-0.029999999,-0.02,-0.159999996,0,0,0
11,0,0,0,0,1971,2083,2026,1852,0.050000001,-0.050000001,0.140000001,0,0,0
11.01,0,0,0,0,1971,2083,2025,1853,0,-0.100000002,0.029999999,0,0,0
11.02,0,0,0,0,1971,2083,2025,1853,-0.050000001,0.02,-0.090000004,0,0,0
11.03,0,0,0,0,1971,2083,2026,1853,0.039999999,-0.01,0.02,0,0,0
11.04,0,0,0,0,1971,2083,2026,1852,-0.029999999,-0.029999999,0.029999999,0,0,0
11.05,0,0,0,0,1971,2083,2026,1853,-0.029999999,-0.029999999,-0.119999997,0,0,0
11.06,0,0,0,0,1971,2082,2025,1853,0.01,0,0.100000002,0,0,0
11.07,0,0,0,0,1971,2083,2026,1852,0.029999999,-0.01,0.100000002,0,0,0
11.08,0,0,0,0,1971,2083,2025,1853,-0.050000001,0,-0.039999999,0,0,0
11.09,0,0,0,0,1971,2083,2026,1853,-0.02,0,-0.059999999,0,0,0
11.1,0,0,0,0,1971,2083,2026,1853,0,0.01,0.119999997,0,0,0
11.11,0,0,0,0,1971,2083,2026,1853,0,0,0.02,0,0,0
11.12,0,0,0,0,1971,2083,2025,1853,-0.039999999,-0.039999999,-0.029999999,0,0,0
11.13,0,0,0,0,1971,2083,2026,1852,0.02,0.029999999,0.07,0,0,0
11.14,0,0,0,0,1971,2083,2025,1853,-0.029999999,-0.07,-0.029999999,0,0,0
11.15,0,0,0,0,1971,2083,2025,1853,-0.039999999,-0.02,-0.119999997,0,0,0
11.16,0,0,0,0,1971,2083,2026,1852,0,-0.029999999,0.07,0,0,0
11.17,0,0,0,0,1971,2083,2026,1852,0.029999999,-0.07,0.109999999,0,0,0
11.18,0,0,0,0,1971,2082,2026,1853,-0.029999999,-0.02,-0.029999999,0,0,0
11.19,0,0,0,0,1971,2083,2026,1852,0.02,0,-0.059999999,0,0,0
11.2,0,0,0,0,1971,2083,2026,1853,0.01,-0.059999999,0.090000004,0,0,0
11.21,0,0,0,0,1971,2083,2025,1853,0.02,-0.07,-0.039999999,0,0,0
11.22,0,0,0,0,1972,2083,2026,1853,-0.01,0.039999999,-0.050000001,0,0,0
11.23,0,0,0,0,1971,2083,2026,1853,0.050000001,-0.059999999,0,0,0,0
11.24,0,0,0,0,1971,2083,2026,1853,0,-0.02,0.029999999,0,0,0
11.25,0,0,0,0,1971,2083,2026,1852,-0.01,-0.02,-0.119999997,0,0,0
11.26,0,0,0,0,1971,2083,2026,1852,0.029999999,0.01,0.090000004,0,0,0
11.27,0,0,0,0,1971,2083,2025,1853,0.01,-0.050000001,0.100000002,0,0,0
11.28,0,0,0,0,1971,2083,2026,1852,-0.07,0.02,-0.159999996,0,0,0
11.29,0,0,0,0,1971,2083,2026,1852,0,0.059999999,-0.050000001,0,0,0
11.3,0,0,0,0,1971,2083,2025,1854,0.01,-0.01,0.039999999,0,0,0
11.31,0,0,0,0,1972,2083,2025,1853,-0.01,0.02,0.029999999,0,0,0
11.32,0,0,0,0,1971,2083,2026,1853,0,0.039999999,-0.039999999,0,0,0
11.33,0,0,0,0,1971,2083,2025,1853,0.039999999,0.029999999,0.079999998,0,0,0
11.34,0,0,0,0,1972,2082,2025,1853,0.01,-0.119999997,0.01,0,0,0
11.35,0,0,0,0,1971,2083,2026,1852,0,0.029999999,-0.090000004,0,0,0
11.36,0,0,0,0,1971,2083,2025,1853,0.039999999,-0.07,0.039999999,0,0,0
11.37,0,0,0,0,1971,2083,2025,1853,0.029999999,-0.059999999,0.039999999,0,0,0
11.38,0,0,0,0,1972,2083,2026,1853,0.01,-0.029999999,-0.140000001,0,0,0
11.39,0,0,0,0,1971,2083,2025,1853,0.01,-0.01,-0.02,0,0,0
11.4,0,0,0,0,1972,2082,2025,1853,0.02,-0.100000002,0.039999999,0,0,0
11.41,0,0,0,0,1971,2083,2026,1852,-0.01,-0.059999999,-0.039999999,0,0,0
11.42,0,0,0,0,1971,2083,2026,1853,-0.01,-0.029999999,-0.07,0,0,0
11.43,0,0,0,0,1972,2083,2025,1853,0.02,-0.029999999,0,0,0,0
11.44,0,0,0,0,1971,2083,2027,1852,0,0,-0.01,0,0,0
11.45,0,0,0,0,1971,2083,2025,1853,-0.029999999,0.02,-0.100000002,0,0,0
11.46,0,0,0,0,1972,2082,2026,1853,0.039999999,-0.02,0.050000001,0,0,0
11.47,0,0,0,0,1971,2083,2026,1852,0,-0.029999999,0.029999999,0,0,0
11.48,0,0,0,0,1971,2083,2025,1852,0,0.07,-0.109999999,0,0,0
11.49,0,0,0,0,1972,2082,2025,1853,0.01,0.029999999,0.02,0,0,0
11.5,0,0,0,0,1971,2082,2026,1852,0.039999999,-0.050000001,0.059999999,0,0,0
11.51,0,0,0,0,1971,2083,2026,1853,-0.029999999,-0.02,0,0,0,0
11.52,0,0,0,0,1971,2083,2025,1853,0,-0.02,0.039999999,0,0,0
11.53,0,0,0,0,1972,2082,2026,1853,0.039999999,0,0.129999995,0,0,0
11.54,0,0,0,0,1970,2084,2025,1852,0.01,-0.039999999,-0.059999999,0,0,0
11.55,0,0,0,0,1972,2083,2025,1852,-0.02,0.079999998,-0.050000001,0,0,0
11.56,0,0,0,0,1971,2083,2026,1852,0.039999999,-0.050000001,0.050000001,0,0,0
11.57,0,0,0,0,1971,2083,2026,1852,0,-0.01,0.029999999,0,0,0
11.58,0,0,0,0,1971,2083,2025,1854,0,-0.01,-0.090000004,0,0,0
11.59,0,0,0,0,1971,2082,2026,1852,-0.029999999,0.01,0.059999999,0,0,0
11.6,0,0,0,0,1971,2083,2026,1852,0,-0.07,-0.01,0,0,0
11.61,0,0,0,0,1972,2083,2025,1853,-0.050000001,-0.039999999,-0.029999999,0,0,0
11.62,0,0,0,0,1972,2083,2026,1852,0.029999999,-0.029999999,0.01,0,0,0
11.63,0,0,0,0,1971,2083,2026,1852,0.039999999,-0.039999999,0.059999999,0,0,0
11.64,0,0,0,0,1971,2083,2025,1853,-0.02,0.01,-0.109999999,0,0,0
11.65,0,0,0,0,1971,2082,2026,1852,0,-0.029999999,-0.07,0,0,0
11.66,0,0,0,0,1971,2083,2026,1853,0.02,-0.01,0.029999999,0,0,0
11.67,0,0,0,0,1971,2083,2025,1853,-0.02,-0.059999999,0,0,0,0
11.68,0,0,0,0,1972,2083,2025,1852,0,0.07,-0.07,0,0,0
11.69,0,0,0,0,1971,2083,2025,1852,0,0.050000001,0.039999999,0,0,0
11.7,0,0,0,0,1972,2083,2025,1853,0,-0.01,0.02,0,0,0
11.71,0,0,0,0,1971,2083,2026,1853,-0.050000001,0.01,0.02,0,0,0
11.72,0,0,0,0,1971,2083,2026,1853,0.029999999,0.050000001,0.079999998,0,0,0
11.73,0,0,0,0,1971,2083,2025,1853,0.02,0,0.050000001,0,0,0
11.74,0,0,0,0,1972,2082,2026,1852,-0.02,0,-0.029999999,0,0,0
11.75,0,0,0,0,1971,2083,2025,1852,0,0.07,-0.029999999,0,0,0
11.76,0,0,0,0,1971,2083,2025,1853,0.039999999,-0.02,0.100000002,0,0,0
11.77,0,0,0,0,1971,2082,2026,1852,-0.039999999,0.029999999,0.07,0,0,0
11.78,0,0,0,0,1971,2083,2026,1853,-0.02,0.029999999,-0.129999995,0,0,0
11.79,0,0,0,0,1971,2083,2025,1853,0.01,0.059999999,0.039999999,0,0,0
11.8,0,0,0,0,1971,2083,2026,1853,0.02,-0.039999999,0.01,0,0,0
11.81,0,0,0,0,1972,2083,2026,1853,-0.039999999,0.059999999,-0.029999999,0,0,0
11.82,0,0,0,0,1971,2083,2025,1853,0,-0.059999999,0.059999999,0,0,0
11.83,0,0,0,0,1971,2082,2026,1853,0,-0.02,0.140000001,0,0,0
11.84,0,0,0,0,1971,2083,2026,1853,-0.029999999,-0.039999999,-0.159999996,0,0,0
11.85,0,0,0,0,1971,2083,2026,1853,0,0.029999999,0,0,0,0
11.86,0,0,0,0,1971,2083,2026,1853,0.039999999,-0.050000001,0,0,0,0
11.87,0,0,0,0,1971,2083,2026,1852,0,-0.129999995,-0.01,0,0,0
11.88,0,0,0,0,1971,2083,2025,1853,0,0.01,-0.050000001,0,0,0
11.89,0,0,0,0,1971,2083,2026,1853,0.029999999,-0.07,0.07,0,0,0
11.9,0,0,0,0,1971,2083,2025,1853,-0.01,-0.050000001,-0.01,0,0,0
11.91,0,0,0,0,1971,2083,2025,1852,-0.050000001,-0.02,-0.079999998,0,0,0
11.92,0,0,0,0,1971,2083,2026,1853,0.029999999,0.02,0.050000001,0,0,0
11.93,0,0,0,0,1971,2083,2026,1852,-0.039999999,-0.039999999,0.039999999,0,0,0
11.94,0,0,0,0,1971,2083,2025,1852,-0.029999999,0.079999998,-0.079999998,0,0,0
11.95,0,0,0,0,1971,2083,2026,1853,-0.01,0,-0.029999999,0,0,0
11.96,0,0,0,0,1971,2083,2025,1853,0,0.02,-0.01,0,0,0
11.97,0,0,0,0,1971,2083,2025,1853,-0.050000001,-0.02,-0.02,0,0,0
11.98,0,0,0,0,1971,2083,2026,1853,0.02,0.059999999,0.039999999,0,0,0
11.99,0,0,0,0,1971,2083,2026,1853,-0.01,0.079999998,0.109999999,0,0,0
12,0,0,0,0,1971,2083,2026,1852,0,-0.029999999,0.01,0,0,0
12.01,0,0,0,0,1971,2083,2026,1853,-0.029999999,0.090000004,-0.050000001,0,0,0
12.02,0,0,0,0,1971,2083,2026,1853,0.059999999,-0.01,0.090000004,0,0,0
12.03,0,0,0,0,1971,2083,2026,1853,-0.02,0,0.079999998,0,0,0
12.04,0,0,0,0,1970,2083,2026,1853,-0.02,-0.029999999,-0.100000002,0,0,0
12.05,0,0,0,0,1971,2083,2025,1853,0,0.050000001,0.100000002,0,0,0
12.06,0,0,0,0,1971,2082,2026,1852,0.039999999,-0.07,-0.059999999,0,0,0
12.07,0,0,0,0,1971,2083,2026,1853,-0.029999999,-0.01,-0.02,0,0,0
12.08,0,0,0,0,1971,2083,2025,1853,0.01,-0.029999999,0.02,0,0,0
12.09,0,0,0,0,1971,2082,2026,1853,0.01,-0.029999999,0.100000002,0,0,0
12.1,0,0,0,0,1971,2083,2026,1852,-0.02,-0.039999999,-0.02,0,0,0
12.11,0,0,0,0,1971,2083,2025,1853,0.01,0,0.02,0,0,0
12.12,0,0,0,0,1972,2083,2025,1853,0.02,-0.01,0.029999999,0,0,0
12.13,0,0,0,0,1971,2083,2026,1852,-0.02,-0.090000004,-0.02,0,0,0
12.14,0,0,0,0,1971,2083,2025,1853,0,0.059999999,0.01,0,0,0
12.15,0,0,0,0,1971,2082,2026,1853,0,-0.050000001,0.059999999,0,0,0
12.16,0,0,0,0,1971,2083,2026,1852,-0.029999999,0.02,-0.01,0,0,0
12.17,0,0,0,0,1971,2083,2025,1853,-0.039999999,0,-0.079999998,0,0,0
12.18,0,0,0,0,1971,2082,2025,1853,0.02,0.07,0.100000002,0,0,0
12.19,0,0,0,0,1971,2083,2026,1852,0,-0.02,0.079999998,0,0,0
12.2,0,0,0,0,1971,2083,2025,1853,-0.059999999,0.039999999,-0.039999999,0,0,0
12.21,0,0,0,0,1971,2083,2026,1853,-0.02,0.07,-0.02,0,0,0
12.22,0,0,0,0,1971,2082,2026,1853,0.029999999,0,0.079999998,0,0,0
12.23,0,0,0,0,1971,2083,2026,1853,-0.01,0,0.050000001,0,0,0
12.24,0,0,0,0,1971,2082,2025,1853,0.01,0.07,0.07,0,0,0
12.25,0,0,0,0,1971,2083,2026,1852,0.02,0.050000001,0.090000004,0,0,0
12.26,0,0,0,0,1971,2083,2025,1853,-0.02,-0.090000004,0,0,0,0
12.27,0,0,0,0,1972,2083,2025,1853,-0.02,0.029999999,0,0,0,0
12.28,0,0,0,0,1971,2082,2026,1852,0.050000001,-0.02,0.050000001,0,0,0
12.29,0,0,0,0,1971,2083,2026,1853,0.029999999,-0.029999999,0.07,0,0,0
12.3,0,0,0,0,1971,2083,2025,1853,-0.01,-0.059999999,-0.050000001,0,0,0
12.31,0,0,0,0,1972,2083,2026,1853,-0.01,0,-0.01,0,0,0
12.32,0,0,0,0,1971,2084,2026,1852,0.02,-0.119999997,0,0,0,0
12.33,0,0,0,0,1972,2083,2025,1852,-0.02,-0.100000002,0.079999998,0,0,0
12.34,0,0,0,0,1972,2083,2026,1852,-0.01,0.02,-0.079999998,0,0,0
12.35,0,0,0,0,1971,2084,2026,1852,0.02,-0.140000001,0.079999998,0,0,0
12.36,0,0,0,0,1971,2083,2025,1854,-0.029999999,-0.01,-0.029999999,0,0,0
12.37,0,0,0,0,1972,2082,2026,1852,-0.039999999,-0.050000001,-0.079999998,0,0,0
12.38,0,0,0,0,1971,2083,2025,1852,0.01,0.039999999,0.090000004,0,0,0
12.39,0,0,0,0,1971,2083,2025,1853,0,-0.059999999,0.079999998,0,0,0
12.4,0,0,0,0,1971,2083,2026,1853,0,-0.059999999,0.079999998,0,0,0
12.41,0,0,0,0,1971,2082,2026,1853,-0.02,0,-0.01,0,0,0
12.42,0,0,0,0,1971,2084,2025,1854,-0.02,0.039999999,0.050000001,0,0,0
12.43,0,0,0,0,1972,2083,2025,1853,-0.029999999,0,-0.109999999,0,0,0
12.44,0,0,0,0,1971,2083,2026,1852,0.02,0.07,0.059999999,0,0,0
12.45,0,0,0,0,1971,2083,2025,1853,0.01,0,0.050000001,0,0,0
12.46,0,0,0,0,1971,2082,2025,1854,-0.050000001,-0.02,0.039999999,0,0,0
12.47,0,0,0,0,1971,2082,2026,1852,-0.07,0.100000002,-0.050000001,0,0,0
12.48,0,0,0,0,1971,2084,2025,1853,0.039999999,-0.029999999,0.109999999,0,0,0
12.49,0,0,0,0,1972,2082,2025,1853,0.01,0.01,0.090000004,0,0,0
12.5,0,0,0,0,1972,2082,2026,1852,-0.050000001,0,-0.059999999,0,0,0
12.51,0,0,0,0,1971,2084,2025,1852,0.01,-0.029999999,0.079999998,0,0,0
12.52,0,0,0,0,1972,2083,2025,1853,0,-0.090000004,0.050000001,0,0,0
12.53,0,0,0,0,1971,2082,2026,1853,-0.01,-0.07,-0.01,0,0,0
12.54,0,0,0,0,1971,2083,2026,1853,0.01,0.01,0.050000001,0,0,0
12.55,0,0,0,0,1971,2083,2025,1853,0.059999999,-0.079999998,0.07,0,0,0
12.56,0,0,0,0,1972,2082,2026,1852,-0.039999999,-0.039999999,-0.039999999,0,0,0
12.57,0,0,0,0,1971,2084,2025,1852,0,-0.029999999,-0.090000004,0,0,0
12.58,0,0,0,0,1971,2083,2025,1853,0,0.02,0.100000002,0,0,0
12.59,0,0,0,0,1971,2083,2026,1852,-0.02,-0.079999998,0.039999999,0,0,0
12.6,0,0,0,0,1971,2083,2026,1853,-0.059999999,0.059999999,-0.059999999,0,0,0
12.61,0,0,0,0,1971,2083,2025,1853,0,-0.01,0,0,0,0
12.62,0,0,0,0,1972,2083,2026,1853,-0.029999999,-0.01,0.07,0,0,0
12.63,0,0,0,0,1971,2083,2026,1852,-0.029999999,0,-0.050000001,0,0,0
12.64,0,0,0,0,1971,2083,2025,1853,0.01,0.079999998,0.100000002,0,0,0
12.65,0,0,0,0,1971,2083,2026,1852,0.029999999,-0.029999999,0.100000002,0,0,0
12.66,0,0,0,0,1971,2083,2026,1853,-0.029999999,0.029999999,-0.039999999,0,0,0
12.67,0,0,0,0,1971,2083,2025,1853,-0.02,0.050000001,-0.02,0,0,0
12.68,0,0,0,0,1972,2082,2026,1853,0.029999999,-0.02,0.109999999,0,0,0
12.69,0,0,0,0,1971,2083,2026,1852,0.02,-0.02,0,0,0,0
12.7,0,0,0,0,1971,2083,2025,1853,-0.029999999,0.02,-0.050000001,0,0,0
12.71,0,0,0,0,1972,2082,2026,1852,0.01,0.02,0.02,0,0,0
12.72,0,0,0,0,1971,2083,2026,1852,0,-0.090000004,-0.01,0,0,0
12.73,0,0,0,0,1971,2083,2025,1853,-0.02,-0.029999999,-0.090000004,0,0,0
12.74,0,0,0,0,1972,2083,2026,1853,0.01,-0.050000001,0.02,0,0,0
12.75,0,0,0,0,1971,2083,2026,1852,0.07,-0.050000001,0.090000004,0,0,0
12.76,0,0,0,0,1971,2083,2025,1853,-0.02,-0.029999999,-0.07,0,0,0
12.77,0,0,0,0,1971,2083,2025,1853,0.01,-0.039999999,-0.039999999,0,0,0
12.78,0,0,0,0,1971,2083,2026,1853,0.02,-0.039999999,0.039999999,0,0,0
12.79,0,0,0,0,1971,2083,2025,1853,-0.02,-0.100000002,-0.02,0,0,0
12.8,0,0,0,0,1971,2083,2026,1853,-0.059999999,0.059999999,0,0,0,0
12.81,0,0,0,0,1971,2083,2026,1852,0.01,0,0.100000002,0,0,0
12.82,0,0,0,0,1971,2083,2026,1853,-0.050000001,0.01,-0.039999999,0,0,0
12.83,0,0,0,0,1971,2083,2025,1853,-0.079999998,-0.029999999,-0.100000002,0,0,0
12.84,0,0,0,0,1971,2083,2026,1852,0,0.050000001,0.100000002,0,0,0
12.85,0,0,0,0,1971,2083,2025,1853,0,-0.01,0.059999999,0,0,0
12.86,0,0,0,0,1971,2083,2026,1852,-0.079999998,0.059999999,-0.079999998,0,0,0
12.87,0,0,0,0,1972,2083,2025,1853,-0.050000001,0.059999999,-0.029999999,0,0,0
12.88,0,0,0,0,1971,2083,2026,1853,0,-0.02,0.150000006,0,0,0
12.89,0,0,0,0,1971,2083,2026,1853,-0.01,-0.059999999,0,0,0,0
12.9,0,0,0,0,1971,2083,2026,1852,-0.039999999,0,0.039999999,0,0,0
12.91,0,0,0,0,1971,2083,2026,1853,0,0.01,0.129999995,0,0,0
12.92,0,0,0,0,1971,2083,2026,1852,-0.02,-0.079999998,0,0,0,0
12.93,0,0,0,0,1971,2083,2025,1853,0,0,-0.07,0,0,0
12.94,0,0,0,0,1971,2083,2026,1853,0.029999999,0,0.100000002,0,0,0
12.95,0,0,0,0,1971,2083,2025,1853,0.07,-0.02,0.039999999,0,0,0
12.96,0,0,0,0,1971,2083,2025,1852,0,0,-0.109999999,0,0,0
12.97,0,0,0,0,1971,2082,2026,1853,0.01,0.039999999,0.039999999,0,0,0
12.98,0,0,0,0,1971,2083,2026,1853,0.029999999,-0.07,0.029999999,0,0,0
12.99,0,0,0,0,1971,2083,2025,1852,0.01,-0.129999995,-0.059999999,0,0,0
13,0,0,0,0,1971,2083,2026,1853,-0.029999999,0,-0.01,0,0,0
13.01,0,0,0,0,1972,2083,2026,1852,0.029999999,-0.119999997,0.039999999,0,0,0
13.02,0,0,0,0,1971,2083,2025,1853,-0.039999999,-0.079999998,0,0,0,0
13.03,0,0,0,0,1971,2083,2026,1853,-0.079999998,-0.059999999,-0.140000001,0,0,0
13.04,0,0,0,0,1971,2083,2026,1853,-0.02,-0.01,0.129999995,0,0,0
13.05,0,0,0,0,1971,2083,2026,1853,0.01,-0.050000001,-0.02,0,0,0
13.06,0,0,0,0,1972,2083,2025,1853,-0.039999999,0.039999999,-0.059999999,0,0,0
13.07,0,0,0,0,1972,2083,2026,1852,-0.02,0.02,0.029999999,0,0,0
13.08,0,0,0,0,1971,2083,2025,1852,-0.02,-0.01,0.059999999,0,0,0
13.09,0,0,0,0,1971,2083,2025,1853,-0.029999999,-0.029999999,0,0,0,0
13.1,0,0,0,0,1971,2083,2026,1852,0,0,0.029999999,0,0,0
13.11,0,0,0,0,1971,2083,2026,1853,0.029999999,0.02,0.050000001,0,0,0
13.12,0,0,0,0,1971,2083,2025,1853,0,-0.02,-0.090000004,0,0,0
13.13,0,0,0,0,1972,2083,2026,1852,0,0.029999999,-0.119999997,0,0,0
13.14,0,0,0,0,1971,2083,2026,1853,0.059999999,-0.039999999,0.129999995,0,0,0
13.15,0,0,0,0,1971,2083,2025,1853,0.02,-0.050000001,0.039999999,0,0,0
13.16,0,0,0,0,1971,2082,2026,1852,0,-0.01,0,0,0,0
13.17,0,0,0,0,1971,2083,2026,1853,0.059999999,0.02,0.079999998,0,0,0
13.18,0,0,0,0,1971,2083,2025,1853,0.029999999,-0.079999998,-0.029999999,0,0,0
13.19,0,0,0,0,1972,2083,2026,1852,0.02,-0.059999999,-0.050000001,0,0,0
13.2,0,0,0,0,1971,2083,2026,1852,0.02,-0.01,0.01,0,0,0
13.21,0,0,0,0,1972,2083,2025,1853,0.050000001,-0.050000001,0.039999999,0,0,0
13.22,0,0,0,0,1972,2083,2026,1852,-0.050000001,-0.07,-0.07,0,0,0
13.23,0,0,0,0,1971,2084,2026,1852,-0.039999999,-0.02,-0.050000001,0,0,0
13.24,0,0,0,0,1971,2083,2025,1853,0.01,-0.029999999,0.07,0,0,0
13.25,0,0,0,0,1971,2083,2026,1852,-0.029999999,-0.059999999,-0.01,0,0,0
13.26,0,0,0,0,1971,2083,2026,1852,-0.050000001,0,-0.050000001,0,0,0
13.27,0,0,0,0,1971,2083,2025,1853,0,0.01,0.090000004,0,0,0
13.28,0,0,0,0,1972,2083,2025,1852,-0.039999999,-0.02,0,0,0,0
13.29,0,0,0,0,1971,2084,2025,1852,-0.02,-0.039999999,-0.100000002,0,0,0
13.3,0,0,0,0,1971,2083,2025,1854,0.029999999,0,-0.01,0,0,0
13.31,0,0,0,0,1971,2083,2026,1853,0.059999999,-0.029999999,0.029999999,0,0,0
13.32,0,0,0,0,1971,2083,2026,1853,-0.039999999,-0.039999999,-0.02,0,0,0
13.33,0,0,0,0,1971,2084,2025,1854,-0.02,0.059999999,-0.029999999,0,0,0
13.34,0,0,0,0,1972,2083,2025,1853,0.039999999,0,0.180000007,0,0,0
13.35,0,0,0,0,1971,2084,2025,1852,0,0,0.039999999,0,0,0
13.36,0,0,0,0,1971,2083,2025,1853,0,0,-0.029999999,0,0,0
13.37,0,0,0,0,1972,2082,2025,1853,0.07,0.090000004,0.02,0,0,0
13.38,0,0,0,0,1972,2082,2026,1852,0.01,-0.02,0,0,0,0
13.39,0,0,0,0,1970,2082,2025,1853,0,0.039999999,-0.140000001,0,0,0
13.4,0,0,0,0,1972,2082,2025,1852,0.07,-0.01,0.02,0,0,0
13.41,0,0,0,0,1971,2083,2025,1852,0.01,0.02,0,0,0,0
13.42,0,0,0,0,1971,2083,2025,1852,-0.01,-0.079999998,-0.159999996,0,0,0
13.43,0,0,0,0,1972,2083,2025,1852,0.01,0.01,-0.109999999,0,0,0
13.44,0,0,0,0,1972,2082,2027,1852,-0.01,-0.109999999,0.050000001,0,0,0
13.45,0,0,0,0,1970,2082,2025,1853,-0.02,-0.100000002,0.02,0,0,0
13.46,0,0,0,0,1971,2082,2026,1852,-0.01,-0.059999999,0,0,0,0
13.47,0,0,0,0,1971,2083,2026,1852,0.01,-0.039999999,0.090000004,0,0,0
13.48,0,0,0,0,1971,2083,2025,1852,0,-0.119999997,-0.01,0,0,0
13.49,0,0,0,0,1972,2082,2025,1852,0,-0.050000001,-0.140000001,0,0,0
13.5,0,0,0,0,1971,2083,2026,1852,0.050000001,-0.01,0,0,0,0
13.51,0,0,0,0,1971,2083,2026,1853,0.039999999,-0.090000004,-0.02,0,0,0
13.52,0,0,0,0,1971,2083,2026,1853,0,-0.02,-0.07,0,0,0
13.53,0,0,0,0,1971,2082,2027,1852,0,0,-0.02,0,0,0
13.54,0,0,0,0,1970,2084,2026,1852,0.029999999,-0.01,0.02,0,0,0
13.55,0,0,0,0,1972,2082,2025,1852,-0.029999999,-0.079999998,-0.039999999,0,0,0
13.56,0,0,0,0,1972,2082,2026,1852,0.01,0.039999999,0,0,0,0
13.57,0,0,0,0,1971,2083,2025,1852,0.050000001,0.050000001,0.079999998,0,0,0
13.58,0,0,0,0,1971,2083,2025,1853,-0.01,-0.02,-0.029999999,0,0,0
13.59,0,0,0,0,1971,2082,2026,1852,-0.01,0.059999999,-0.079999998,0,0,0
13.6,0,0,0,0,1971,2083,2026,1853,0.07,0.039999999,0.07,0,0,0
13.61,0,0,0,0,1971,2083,2025,1853,-0.029999999,0,0.039999999,0,0,0
13.62,0,0,0,0,1972,2083,2026,1852,-0.01,0,-0.07,0,0,0
13.63,0,0,0,0,1971,2083,2025,1852,0,0.029999999,0.039999999,0,0,0
13.64,0,0,0,0,1971,2083,2025,1853,0.01,-0.050000001,0.039999999,0,0,0
13.65,0,0,0,0,1971,2083,2026,1852,-0.01,-0.029999999,-0.02,0,0,0
13.66,0,0,0,0,1971,2083,2026,1853,0.01,-0.039999999,0,0,0,0
13.67,0,0,0,0,1971,2082,2025,1853,0.050000001,0.02,0.150000006,0,0,0
13.68,0,0,0,0,1971,2082,2025,1852,0.01,-0.109999999,-0.109999999,0,0,0
13.69,0,0,0,0,1971,2083,2025,1852,0.01,-0.050000001,-0.079999998,0,0,0
13.7,0,0,0,0,1971,2083,2026,1853,0.050000001,-0.059999999,0.079999998,0,0,0
13.71,0,0,0,0,1971,2083,2026,1852,0.039999999,-0.050000001,-0.02,0,0,0
13.72,0,0,0,0,1971,2083,2026,1853,-0.02,-0.059999999,-0.150000006,0,0,0
13.73,0,0,0,0,1971,2082,2025,1853,0.02,0,-0.02,0,0,0
13.74,0,0,0,0,1971,2082,2026,1852,0.01,-0.029999999,-0.02,0,0,0
13.75,0,0,0,0,1971,2083,2026,1852,-0.029999999,-0.039999999,-0.059999999,0,0,0
13.76,0,0,0,0,1971,2083,2025,1853,0,0.050000001,-0.02,0,0,0
13.77,0,0,0,0,1971,2082,2026,1852,0.050000001,-0.039999999,0.119999997,0,0,0
13.78,0,0,0,0,1971,2083,2026,1853,-0.07,0.029999999,-0.059999999,0,0,0
13.79,0,0,0,0,1971,2083,2025,1852,-0.01,-0.01,-0.100000002,0,0,0
13.8,0,0,0,0,1971,2083,2025,1853,0.039999999,0,0.189999998,0,0,0
13.81,0,0,0,0,1971,2083,2026,1853,0.029999999,-0.039999999,0.079999998,0,0,0
13.82,0,0,0,0,1971,2083,2025,1853,0,0,-0.079999998,0,0,0
13.83,0,0,0,0,1971,2083,2026,1852,0.01,0.039999999,-0.01,0,0,0
13.84,0,0,0,0,1971,2083,2025,1853,0.029999999,0,0.02,0,0,0
13.85,0,0,0,0,1971,2083,2025,1852,-0.02,0.02,-0.039999999,0,0,0
13.86,0,0,0,0,1971,2083,2025,1853,0.01,0.01,-0.050000001,0,0,0
13.87,0,0,0,0,1971,2083,2026,1852,0.029999999,0.029999999,-0.02,0,0,0
13.88,0,0,0,0,1971,2083,2025,1852,0,-0.029999999,-0.07,0,0,0
13.89,0,0,0,0,1971,2083,2026,1853,0.02,0.109999999,-0.07,0,0,0
13.9,0,0,0,0,1971,2083,2025,1853,0.07,-0.050000001,0.119999997,0,0,0
13.91,0,0,0,0,1971,2083,2026,1852,0.01,-0.01,0.07,0,0,0
13.92,0,0,0,0,1971,2083,2026,1853,-0.02,-0.07,-0.090000004,0,0,0
13.93,0,0,0,0,1971,2083,2026,1852,0.029999999,0,0.079999998,0,0,0
13.94,0,0,0,0,1971,2083,2026,1852,0.01,-0.140000001,-0.100000002,0,0,0
13.95,0,0,0,0,1971,2083,2026,1853,-0.02,-0.050000001,-0.109999999,0,0,0
13.96,0,0,0,0,1971,2083,2025,1853,0.029999999,-0.059999999,0.039999999,0,0,0
13.97,0,0,0,0,1971,2083,2025,1853,0.039999999,-0.07,0.079999998,0,0,0
13.98,0,0,0,0,1971,2083,2026,1852,0,-0.07,-0.119999997,0,0,0
13.99,0,0,0,0,1971,2083,2025,1853,-0.01,-0.01,-0.079999998,0,0,0
14,0,0,0,0,1972,2083,2026,1852,0.02,-0.01,0.07,0,0,0
14.01,0,0,0,0,1971,2083,2026,1853,-0.01,-0.100000002,0,0,0,0
14.02,0,0,0,0,1971,2083,2026,1853,0,0.01,-0.07,0,0,0
14.03,0,0,0,0,1972,2083,2026,1853,0.059999999,-0.079999998,0.039999999,0,0,0
14.04,0,0,0,0,1971,2083,2026,1852,0,0.02,-0.100000002,0,0,0
14.05,0,0,0,0,1971,2083,2025,1853,0,-0.039999999,-0.109999999,0,0,0
14.06,0,0,0,0,1971,2082,2026,1852,0.050000001,0.029999999,0.02,0,0,0
14.07,0,0,0,0,1971,2083,2026,1852,0.050000001,-0.01,-0.029999999,0,0,0
14.08,0,0,0,0,1971,2083,2025,1853,0,0.02,-0.090000004,0,0,0
14.09,0,0,0,0,1971,2082,2026,1853,-0.029999999,0.079999998,-0.050000001,0,0,0
14.1,0,0,0,0,1971,2083,2026,1852,0.039999999,0.02,0.140000001,0,0,0
14.11,0,0,0,0,1971,2083,2025,1853,0,0.01,-0.02,0,0,0
14.12,0,0,0,0,1972,2083,2025,1853,-0.01,0.01,-0.090000004,0,0,0
14.13,0,0,0,0,1971,2083,2026,1852,0,0,0.039999999,0,0,0
14.14,0,0,0,0,1971,2083,2025,1853,0.01,-0.109999999,-0.029999999,0,0,0
14.15,0,0,0,0,1972,2083,2025,1853,-0.02,0.01,-0.140000001,0,0,0
14.16,0,0,0,0,1972,2083,2026,1852,0.090000004,-0.059999999,0.100000002,0,0,0
14.17,0,0,0,0,1971,2083,2025,1853,0.050000001,-0.02,0.189999998,0,0,0
14.18,0,0,0,0,1972,2082,2025,1853,0.01,-0.07,-0.129999995,0,0,0
14.19,0,0,0,0,1971,2083,2026,1852,0.02,-0.01,-0.029999999,0,0,0
14.2,0,0,0,0,1971,2083,2025,1853,0.039999999,-0.07,-0.029999999,0,0,0
14.21,0,0,0,0,1972,2083,2025,1853,0,0,-0.050000001,0,0,0
14.22,0,0,0,0,1972,2083,2026,1852,0.01,-0.02,-0.150000006,0,0,0
14.23,0,0,0,0,1971,2083,2025,1853,0.01,0,0,0,0,0
14.24,0,0,0,0,1972,2083,2025,1853,-0.039999999,0,-0.07,0,0,0
14.25,0,0,0,0,1971,2083,2026,1852,-0.029999999,-0.01,-0.029999999,0,0,0
14.26,0,0,0,0,1971,2084,2025,1852,0,-0.01,0.079999998,0,0,0
14.27,0,0,0,0,1972,2083,2025,1853,0,-0.039999999,0.02,0,0,0
14.28,0,0,0,0,1972,2082,2026,1852,-0.029999999,0,-0.109999999,0,0,0
14.29,0,0,0,0,1971,2083,2025,1853,0,-0.079999998,-0.039999999,0,0,0
14.3,0,0,0,0,1971,2083,2025,1853,0.02,-0.059999999,0.090000004,0,0,0
14.31,0,0,0,0,1972,2082,2026,1852,0.02,-0.059999999,-0.029999999,0,0,0
14.32,0,0,0,0,1971,2083,2025,1852,0.050000001,0.029999999,-0.100000002,0,0,0
14.33,0,0,0,0,1972,2083,2025,1852,0.07,-0.01,0,0,0,0
14.34,0,0,0,0,1972,2082,2026,1852,0.02,0,-0.029999999,0,0,0
14.35,0,0,0,0,1971,2083,2026,1852,-0.029999999,0.090000004,-0.159999996,0,0,0
14.36,0,0,0,0,1971,2083,2025,1853,0.029999999,0.01,0.129999995,0,0,0
14.37,0,0,0,0,1971,2082,2026,1852,-0.01,0.07,0.100000002,0,0,0
14.38,0,0,0,0,1971,2083,2026,1852,-0.050000001,0.050000001,-0.119999997,0,0,0
14.39,0,0,0,0,1971,2083,2025,1853,0.01,0.059999999,0.01,0,0,0
14.4,0,0,0,0,1971,2083,2026,1852,0.01,-0.01,0.02,0,0,0
14.41,0,0,0,0,1971,2084,2026,1852,-0.01,0.050000001,-0.059999999,0,0,0
14.42,0,0,0,0,1971,2083,2025,1853,0.029999999,-0.100000002,0.050000001,0,0,0
14.43,0,0,0,0,1971,2083,2026,1853,0.079999998,-0.039999999,0.079999998,0,0,0
14.44,0,0,0,0,1971,2083,2026,1853,0,-0.119999997,-0.090000004,0,0,0
14.45,0,0,0,0,1971,2083,2025,1853,0,-0.050000001,-0.129999995,0,0,0
14.46,0,0,0,0,1972,2082,2025,1852,0.039999999,-0.109999999,0.059999999,0,0,0
14.47,0,0,0,0,1971,2083,2026,1852,0.07,-0.129999995,-0.029999999,0,0,0
14.48,0,0,0,0,1971,2083,2025,1853,-0.029999999,-0.02,-0.159999996,0,0,0
14.49,0,0,0,0,1971,2082,2026,1853,0.059999999,-0.090000004,-0.01,0,0,0
14.5,0,0,0,0,1971,2083,2026,1852,-0.02,-0.07,0.01,0,0,0
14.51,0,0,0,0,1971,2083,2025,1853,-0.02,-0.039999999,-0.180000007,0,0,0
14.52,0,0,0,0,1972,2083,2025,1853,-0.01,0.029999999,0.090000004,0,0,0
14.53,0,0,0,0,1971,2083,2026,1852,0.02,-0.029999999,0.079999998,0,0,0
14.54,0,0,0,0,1971,2083,2025,1853,-0.07,0.059999999,-0.050000001,0,0,0
14.55,0,0,0,0,1971,2083,2025,1853,-0.02,0,-0.079999998,0,0,0
14.56,0,0,0,0,1971,2083,2026,1852,0.02,0.01,0.109999999,0,0,0
14.57,0,0,0,0,1971,2083,2025,1853,0.02,-0.050000001,-0.02,0,0,0
14.58,0,0,0,0,1971,2083,2026,1853,0,0.050000001,-0.039999999,0,0,0
14.59,0,0,0,0,1972,2083,2026,1852,0.029999999,-0.01,0.029999999,0,0,0
14.6,0,0,0,0,1971,2083,2025,1853,0,-0.029999999,0.059999999,0,0,0
14.61,0,0,0,0,1971,2083,2026,1853,-0.02,0.01,-0.100000002,0,0,0
14.62,0,0,0,0,1972,2083,2026,1853,0.01,-0.059999999,0.109999999,0,0,0
14.63,0,0,0,0,1971,2083,2026,1853,0.02,0,0.109999999,0,0,0
14.64,0,0,0,0,1971,2083,2026,1853,-0.059999999,-0.059999999,-0.059999999,0,0,0
14.65,0,0,0,0,1971,2083,2026,1852,-0.029999999,0.02,-0.119999997,0,0,0
14.66,0,0,0,0,1971,2083,2025,1853,0.01,-0.079999998,0.119999997,0,0,0
14.67,0,0,0,0,1971,2083,2026,1853,0,-0.059999999,0,0,0,0
14.68,0,0,0,0,1971,2083,2025,1852,-0.02,-0.01,-0.02,0,0,0
14.69,0,0,0,0,1971,2083,2026,1853,0.029999999,-0.01,0.050000001,0,0,0
14.7,0,0,0,0,1971,2083,2026,1853,-0.01,-0.039999999,0.059999999,0,0,0
14.71,0,0,0,0,1971,2083,2025,1852,0,-0.01,-0.100000002,0,0,0
14.72,0,0,0,0,1972,2083,2026,1852,0.039999999,0.01,0.109999999,0,0,0
14.73,0,0,0,0,1971,2083,2026,1853,0.02,-0.029999999,0.07,0,0,0
14.74,0,0,0,0,1971,2083,2026,1852,-0.039999999,0.01,-0.159999996,0,0,0
14.75,0,0,0,0,1971,2083,2026,1853,0,-0.029999999,-0.119999997,0,0,0
14.76,0,0,0,0,1971,2083,2026,1852,-0.02,0,0.079999998,0,0,0
14.77,0,0,0,0,1971,2083,2025,1853,-0.01,-0.090000004,-0.01,0,0,0
14.78,0,0,0,0,1971,2083,2026,1852,-0.02,0.01,0,0,0,0
14.79,0,0,0,0,1971,2083,2026,1853,0.039999999,-0.039999999,0.090000004,0,0,0
14.8,0,0,0,0,1971,2083,2026,1853,0,0,0,0,0,0
14.81,0,0,0,0,1971,2083,2026,1853,-0.029999999,-0.050000001,-0.07,0,0,0
14.82,0,0,0,0,1971,2083,2026,1852,0.039999999,-0.039999999,0.119999997,0,0,0
14.83,0,0,0,0,1971,2083,2025,1853,0,-0.029999999,0.090000004,0,0,0
14.84,0,0,0,0,1972,2083,2025,1853,-0.01,0,-0.129999995,0,0,0
14.85,0,0,0,0,1971,2083,2026,1852,0,0.039999999,-0.02,0,0,0
14.86,0,0,0,0,1971,2083,2025,1853,0,0,0.039999999,0,0,0
14.87,0,0,0,0,1971,2083,2025,1853,-0.02,0,-0.02,0,0,0
14.88,0,0,0,0,1972,2083,2026,1852,0,0,-0.059999999,0,0,0
14.89,0,0,0,0,1971,2084,2026,1853,0,0,0.140000001,0,0,0
14.9,0,0,0,0,1971,2083,2025,1853,-0.01,-0.059999999,-0.029999999,0,0,0
14.91,0,0,0,0,1972,2083,2026,1852,-0.029999999,0.02,-0.059999999,0,0,0
14.92,0,0,0,0,1971,2084,2025,1852,0.050000001,-0.050000001,0.07,0,0,0
14.93,0,0,0,0,1972,2083,2025,1853,0,-0.07,0.059999999,0,0,0
14.94,0,0,0,0,1971,2083,2026,1852,-0.01,-0.02,-0.119999997,0,0,0
14.95,0,0,0,0,1971,2083,2025,1853,0.01,-0.029999999,0.109999999,0,0,0
14.96,0,0,0,0,1971,2083,2025,1853,0.029999999,-0.050000001,0.059999999,0,0,0
14.97,0,0,0,0,1972,2083,2025,1852,-0.039999999,-0.059999999,-0.029999999,0,0,0
14.98,0,0,0,0,1971,2083,2025,1852,0.029999999,-0.01,-0.02,0,0,0
14.99,0,0,0,0,1972,2083,2025,1853,0.02,-0.01,0.079999998,0,0,0
15,0,0,0,0,1971,2083,2026,1852,-0.029999999,0,-0.029999999,0,0,0
15.01,0,0,0,0,1971,2083,2026,1853,-0.02,0,-0.129999995,0,0,0
15.02,0,0,0,0,1971,2083,2025,1853,0.02,0.029999999,0.059999999,0,0,0
15.03,0,0,0,0,1972,2083,2026,1852,0,-0.01,0,0,0,0
15.04,0,0,0,0,1971,2083,2026,1852,0,0.059999999,-0.150000006,0,0,0
15.05,0,0,0,0,1971,2083,2025,1853,0.02,0.029999999,-0.01,0,0,0
15.06,0,0,0,0,1971,2082,2026,1852,0,0,0,0,0,0
15.07,0,0,0,0,1971,2084,2026,1852,-0.029999999,0.029999999,-0.01,0,0,0
15.08,0,0,0,0,1971,2083,2025,1853,0.059999999,-0.01,0.029999999,0,0,0
15.09,0,0,0,0,1972,2082,2026,1852,0.01,0.039999999,0.100000002,0,0,0
15.1,0,0,0,0,1971,2084,2025,1852,-0.029999999,-0.01,-0.02,0,0,0
15.11,0,0,0,0,1971,2083,2025,1853,0.01,0.07,0.01,0,0,0
15.12,0,0,0,0,1972,2083,2025,1852,0.059999999,-0.100000002,0.039999999,0,0,0
15.13,0,0,0,0,1971,2084,2026,1852,0,-0.039999999,0.02,0,0,0
15.14,0,0,0,0,1971,2084,2025,1853,-0.02,-0.050000001,-0.100000002,0,0,0
15.15,0,0,0,0,1971,2082,2026,1852,0.02,-0.050000001,-0.039999999,0,0,0
15.16,0,0,0,0,1971,2083,2026,1852,0,-0.090000004,-0.01,0,0,0
15.17,0,0,0,0,1971,2083,2025,1853,-0.029999999,0,-0.100000002,0,0,0
15.18,0,0,0,0,1971,2083,2025,1852,0,-0.01,-0.01,0,0,0
15.19,0,0,0,0,1971,2084,2026,1852,0,-0.029999999,0.029999999,0,0,0
15.2,0,0,0,0,1971,2083,2025,1853,-0.050000001,-0.01,-0.159999996,0,0,0
15.21,0,0,0,0,1972,2083,2026,1853,0.02,0,-0.079999998,0,0,0
15.22,0,0,0,0,1971,2083,2026,1852,0.01,0.01,0.109999999,0,0,0
15.23,0,0,0,0,1971,2084,2025,1853,0.039999999,-0.090000004,0,0,0,0
15.24,0,0,0,0,1971,2083,2025,1852,0,0,0.02,0,0,0
15.25,0,0,0,0,1971,2083,2026,1852,0.059999999,-0.039999999,0.07,0,0,0
15.26,0,0,0,0,1971,2083,2025,1852,0,-0.050000001,0.029999999,0,0,0
15.27,0,0,0,0,1971,2082,2026,1853,-0.02,-0.039999999,-0.07,0,0,0
15.28,0,0,0,0,1971,2083,2026,1852,0.01,0.02,0.02,0,0,0
15.29,0,0,0,0,1971,2083,2025,1853,-0.01,-0.029999999,-0.039999999,0,0,0
15.3,0,0,0,0,1972,2083,2025,1853,-0.059999999,0.01,-0.02,0,0,0
15.31,0,0,0,0,1972,2083,2026,1852,0,0.050000001,-0.129999995,0,0,0
15.32,0,0,0,0,1971,2083,2025,1853,0,0,0.140000001,0,0,0
15.33,0,0,0,0,1972,2083,2025,1853,-0.029999999,0.02,0.050000001,0,0,0
15.34,0,0,0,0,1971,2083,2026,1852,-0.029999999,0.029999999,0,0,0,0
15.35,0,0,0,0,1971,2083,2026,1853,0.029999999,0,0.119999997,0,0,0
15.36,0,0,0,0,1971,2082,2025,1853,-0.02,-0.050000001,0.029999999,0,0,0
15.37,0,0,0,0,1971,2083,2026,1852,0.01,-0.02,-0.050000001,0,0,0
15.38,0,0,0,0,1971,2083,2025,1853,0.039999999,-0.07,0.079999998,0,0,0
15.39,0,0,0,0,1971,2083,2025,1852,0.01,-0.079999998,0.059999999,0,0,0
15.4,0,0,0,0,1972,2083,2026,1852,-0.039999999,0,-0.100000002,0,0,0
15.41,0,0,0,0,1971,2083,2026,1853,-0.01,-0.01,0.02,0,0,0
15.42,0,0,0,0,1971,2083,2025,1853,-0.01,-0.029999999,0.079999998,0,0,0
15.43,0,0,0,0,1971,2083,2026,1852,-0.029999999,-0.059999999,-0.01,0,0,0
15.44,0,0,0,0,1971,2083,2026,1853,-0.01,0.02,-0.029999999,0,0,0
15.45,0,0,0,0,1971,2083,2025,1853,0.01,-0.050000001,0.050000001,0,0,0
15.46,0,0,0,0,1972,2083,2026,1852,-0.039999999,0.029999999,0,0,0,0
15.47,0,0,0,0,1971,2083,2026,1853,-0.039999999,0.02,-0.109999999,0,0,0
15.48,0,0,0,0,1972,2083,2026,1852,0.02,0.02,0.100000002,0,0,0
15.49,0,0,0,0,1971,2083,2025,1852,-0.01,-0.01,0.090000004,0,0,0
15.5,0,0,0,0,1972,2083,2026,1853,-0.01,0.07,-0.090000004,0,0,0
15.51,0,0,0,0,1971,2083,2025,1853,0,0.029999999,0.039999999,0,0,0
15.52,0,0,0,0,1972,2083,2026,1853,0,-0.029999999,0.01,0,0,0
15.53,0,0,0,0,1971,2083,2026,1853,-0.029999999,0.050000001,-0.029999999,0,0,0
15.54,0,0,0,0,1971,2083,2026,1852,0.039999999,-0.01,0.02,0,0,0
15.55,0,0,0,0,1971,2083,2025,1853,0.029999999,0.029999999,0.150000006,0,0,0
15.56,0,0,0,0,1971,2083,2026,1852,0,-0.029999999,-0.059999999,0,0,0
15.57,0,0,0,0,1971,2083,2025,1853,-0.02,0.02,-0.029999999,0,0,0
15.58,0,0,0,0,1971,2083,2026,1852,0.050000001,-0.079999998,0.039999999,0,0,0
15.59,0,0,0,0,1971,2083,2026,1853,0.02,-0.059999999,0.029999999,0,0,0
15.6,0,0,0,0,1971,2083,2026,1852,0.01,-0.039999999,-0.109999999,0,0,0
15.61,0,0,0,0,1971,2083,2025,1853,0.02,-0.029999999,0.02,0,0,0
15.62,0,0,0,0,1972,2083,2025,1853,-0.02,-0.100000002,-0.02,0,0,0
15.63,0,0,0,0,1972,2083,2026,1852,0,-0.029999999,-0.050000001,0,0,0
15.64,0,0,0,0,1971,2083,2026,1853,0.02,-0.01,0.029999999,0,0,0
15.65,0,0,0,0,1971,2083,2026,1853,0.059999999,-0.039999999,0.039999999,0,0,0
15.66,0,0,0,0,1971,2083,2026,1852,-0.02,0.039999999,-0.109999999,0,0,0
15.67,0,0,0,0,1971,2083,2026,1852,0,-0.02,-0.02,0,0,0
15.68,0,0,0,0,1971,2083,2025,1853,0.059999999,-0.02,0,0,0,0
15.69,0,0,0,0,1971,2083,2026,1852,-0.01,-0.079999998,-0.039999999,0,0,0
15.7,0,0,0,0,1971,2083,2026,1853,-0.02,0.079999998,-0.090000004,0,0,0
15.71,0,0,0,0,1971,2083,2026,1853,0.039999999,0.02,0.01,0,0,0
15.72,0,0,0,0,1971,2083,2026,1853,0,0,-0.100000002,0,0,0
15.73,0,0,0,0,1971,2083,2026,1853,-0.02,0,-0.109999999,0,0,0
15.74,0,0,0,0,1971,2083,2025,1853,0.079999998,0,0.079999998,0,0,0
15.75,0,0,0,0,1971,2083,2026,1852,0.029999999,-0.01,0.029999999,0,0,0
15.76,0,0,0,0,1971,2083,2025,1852,-0.01,0.01,-0.039999999,0,0,0
15.77,0,0,0,0,1971,2083,2025,1853,0,0.050000001,-0.039999999,0,0,0
15.78,0,0,0,0,1971,2083,2026,1853,0.029999999,-0.02,0.079999998,0,0,0
15.79,0,0,0,0,1971,2083,2026,1852,0,0.02,-0.02,0,0,0
15.8,0,0,0,0,1971,2083,2025,1853,0,-0.029999999,-0.059999999,0,0,0
15.81,0,0,0,0,1972,2083,2025,1852,0.07,0.02,0.01,0,0,0
15.82,0,0,0,0,1972,2083,2026,1852,0,-0.07,0.01,0,0,0
15.83,0,0,0,0,1971,2083,2025,1853,0,-0.01,-0.02,0,0,0
15.84,0,0,0,0,1972,2083,2026,1853,0.039999999,-0.07,0.059999999,0,0,0
15.85,0,0,0,0,1971,2083,2026,1852,0.029999999,-0.079999998,0.01,0,0,0
15.86,0,0,0,0,1971,2083,2025,1853,-0.039999999,-0.039999999,-0.029999999,0,0,0
15.87,0,0,0,0,1972,2082,2026,1853,0.02,-0.02,-0.029999999,0,0,0
15.88,0,0,0,0,1971,2083,2026,1852,0,-0.090000004,0.01,0,0,0
15.89,0,0,0,0,1971,2083,2025,1852,-0.02,-0.109999999,-0.02,0,0,0
15.9,0,0,0,0,1972,2083,2025,1852,-0.02,0.01,0,0,0,0
15.91,0,0,0,0,1971,2082,2027,1852,0.059999999,-0.059999999,0.02,0,0,0
15.92,0,0,0,0,1971,2083,2026,1853,-0.029999999,0.01,0.07,0,0,0
15.93,0,0,0,0,1971,2083,2026,1853,0.029999999,0.01,-0.059999999,0,0,0
15.94,0,0,0,0,1971,2083,2026,1852,0.029999999,0.02,0.150000006,0,0,0
15.95,0,0,0,0,1971,2083,2025,1852,0.01,-0.02,-0.02,0,0,0
15.96,0,0,0,0,1972,2083,2025,1852,0,0.029999999,-0.02,0,0,0
15.97,0,0,0,0,1971,2083,2026,1852,-0.02,0.02,0.02,0,0,0
15.98,0,0,0,0,1971,2083,2025,1852,-0.02,0.02,0,0,0,0
15.99,0,0,0,0,1971,2083,2025,1853,-0.059999999,-0.039999999,-0.079999998,0,0,0
16,0,0,0,0,1971,2083,2026,1852,-0.039999999,0.039999999,0.039999999,0,0,0
16.01,0,0,0,0,1971,2084,2025,1853,-0.039999999,0.02,0.140000001,0,0,0
16.02,0,0,0,0,1972,2083,2025,1852,-0.109999999,-0.07,-0.02,0,0,0
16.03,0,0,0,0,1972,2083,2026,1852,-0.050000001,0.07,0.01,0,0,0
16.04,0,0,0,0,1971,2084,2025,1852,0.059999999,-0.039999999,0.059999999,0,0,0
16.05,0,0,0,0,1971,2083,2025,1853,0.050000001,-0.059999999,0,0,0,0
16.06,0,0,0,0,1971,2082,2026,1852,0,-0.01,-0.050000001,0,0,0
16.07,0,0,0,0,1971,2083,2026,1853,0.059999999,0,0.050000001,0,0,0
16.08,0,0,0,0,1971,2083,2025,1853,0.050000001,-0.100000002,0.039999999,0,0,0
16.09,0,0,0,0,1972,2082,2025,1852,0,-0.02,0,0,0,0
16.1,0,0,0,0,1971,2084,2025,1852,0.059999999,-0.02,-0.029999999,0,0,0
16.11,0,0,0,0,1972,2083,2025,1854,0.02,-0.079999998,0.090000004,0,0,0
16.12,0,0,0,0,1972,2082,2026,1852,-0.02,-0.050000001,-0.129999995,0,0,0
16.13,0,0,0,0,1971,2083,2026,1853,-0.039999999,-0.039999999,-0.050000001,0,0,0
16.14,0,0,0,0,1971,2083,2025,1853,0.01,-0.01,0,0,0,0
16.15,0,0,0,0,1972,2082,2026,1852,-0.07,-0.079999998,0,0,0,0
16.16,0,0,0,0,1971,2084,2025,1852,-0.050000001,0.090000004,-0.029999999,0,0,0
16.17,0,0,0,0,1972,2083,2025,1853,0,0.02,0.050000001,0,0,0
16.18,0,0,0,0,1972,2082,2025,1852,0,0,0,0,0,0
16.19,0,0,0,0,1971,2083,2026,1852,-0.02,0.050000001,-0.039999999,0,0,0
16.2,0,0,0,0,1971,2083,2026,1853,0.059999999,0.090000004,-0.01,0,0,0
16.21,0,0,0,0,1972,2082,2026,1853,0.029999999,-0.029999999,0.119999997,0,0,0
16.22,0,0,0,0,1971,2084,2026,1852,0.039999999,0.01,-0.07,0,0,0
16.23,0,0,0,0,1971,2083,2025,1853,-0.02,0.119999997,0.02,0,0,0
16.24,0,0,0,0,1972,2083,2025,1852,0.029999999,-0.079999998,0.039999999,0,0,0
16.25,0,0,0,0,1971,2084,2026,1852,-0.02,0.01,0.050000001,0,0,0
16.26,0,0,0,0,1971,2084,2025,1852,0,0.01,-0.129999995,0,0,0
16.27,0,0,0,0,1971,2083,2026,1853,0,0.07,0.07,0,0,0
16.28,0,0,0,0,1971,2083,2026,1852,0.01,-0.109999999,-0.059999999,0,0,0
16.29,0,0,0,0,1971,2083,2025,1853,-0.01,0,-0.07,0,0,0
16.3,0,0,0,0,1971,2083,2026,1852,0.01,-0.050000001,-0.02,0,0,0
16.31,0,0,0,0,1971,2084,2026,1852,0.050000001,-0.02,0.029999999,0,0,0
16.32,0,0,0,0,1971,2083,2025,1853,0,-0.01,-0.02,0,0,0
16.33,0,0,0,0,1971,2083,2026,1853,0,0,-0.039999999,0,0,0
16.34,0,0,0,0,1971,2083,2026,1852,0.029999999,-0.090000004,0.07,0,0,0
16.35,0,0,0,0,1971,2084,2026,1853,0.01,-0.100000002,-0.050000001,0,0,0
16.36,0,0,0,0,1972,2083,2026,1853,0,-0.01,-0.02,0,0,0
16.37,0,0,0,0,1972,2083,2026,1853,0.029999999,-0.059999999,0.01,0,0,0
16.38,0,0,0,0,1971,2083,2026,1853,-0.039999999,-0.039999999,0.01,0,0,0
16.39,0,0,0,0,1972,2083,2026,1853,-0.039999999,-0.02,-0.100000002,0,0,0
16.4,0,0,0,0,1972,2084,2026,1853,0,0.02,0.119999997,0,0,0
16.41,0,0,0,0,1972,2083,2026,1853,0,-0.039999999,0.01,-0.01,0,0
16.42,0,0,0,0,1972,2083,2026,1854,-0.029999999,0.029999999,-0.079999998,0,0,0
16.43,0,0,0,0,1972,2084,2026,1853,0,0.07,-0.090000004,0,0,0
16.44,0,0,0,0,1971,2084,2026,1853,0,-0.02,0.059999999,0,0,0
16.45,0,0,0,0,1972,2083,2026,1853,0.01,-0.01,0,0,0,0
16.46,0,0,0,0,1972,2083,2026,1853,0.01,0.029999999,0,0,0,0
16.47,0,0,0,0,1971,2083,2026,1853,0.050000001,0,0.079999998,0,0,0
16.48,0,0,0,0,1972,2084,2026,1853,-0.039999999,-0.100000002,0,0,0,0
16.49,0,0,0,0,1972,2083,2026,1853,-0.01,0,-0.100000002,0,0,0
16.5,0,0,0,0,1971,2083,2026,1853,0.02,-0.050000001,0.059999999,0,0,0
16.51,0,0,0,0,1971,2084,2026,1853,0.01,-0.029999999,-0.02,0,0,0
16.52,0,0,0,0,1971,2083,2026,1853,-0.039999999,-0.039999999,-0.100000002,0,0,0
16.53,0,0,0,0,1972,2084,2026,1853,0.029999999,0,0.02,0,0,0
16.54,0,0,0,0,1972,2084,2026,1853,0,-0.07,0.050000001,0,0,0
16.55,0,0,0,0,1972,2084,2026,1853,0.01,-0.129999995,-0.090000004,0,0,0
16.56,0,0,0,0,1972,2083,2026,1853,0,0.02,0.090000004,0,0,0
16.57,0,0,0,0,1971,2084,2026,1853,0.050000001,-0.050000001,0.059999999,0,0,0
16.58,0,0,0,0,1972,2083,2026,1853,-0.039999999,-0.029999999,-0.039999999,0,0,0
16.59,0,0,0,0,1971,2084,2026,1853,-0.02,0,-0.090000004,0,0,0
16.6,0,0,0,0,1972,2084,2026,1853,0.01,0.01,0.07,0,0,0
16.61,0,0,0,0,1971,2084,2025,1853,-0.029999999,-0.039999999,-0.039999999,0,0,0
16.62,0,0,0,0,1972,2083,2026,1853,-0.02,0.059999999,-0.029999999,0,0,0
16.63,0,0,0,0,1972,2084,2026,1853,0.029999999,0.01,0.02,0,0,0
16.64,0,0,0,0,1972,2083,2026,1853,-0.02,-0.02,0.039999999,0,0,0
16.65,0,0,0,0,1972,2083,2026,1853,-0.039999999,-0.050000001,-0.039999999,0,0,0
16.66,0,0,0,0,1972,2084,2026,1852,0.02,0,0.100000002,0,0,0
16.67,0,0,0,0,1971,2084,2026,1853,0,0.02,0.119999997,0,0,0
16.68,0,0,0,0,1971,2083,2026,1853,-0.039999999,-0.059999999,-0.050000001,0,0,0
16.69,0,0,0,0,1972,2083,2026,1853,-0.02,0.090000004,0.02,0,0,0
16.7,0,0,0,0,1971,2084,2026,1853,0.02,-0.029999999,0.079999998,0,0,0
16.71,0,0,0,0,1972,2083,2026,1853,0,-0.039999999,-0.02,0,0,0
16.72,0,0,0,0,1972,2084,2027,1853,0,-0.02,-0.050000001,0,0,0
16.73,0,0,0,0,1972,2084,2026,1853,0.029999999,-0.01,0.059999999,0,0,0
16.74,0,0,0,0,1972,2083,2026,1853,0.01,-0.090000004,0,0,0,0
16.75,0,0,0,0,1972,2083,2026,1852,-0.029999999,-0.059999999,-0.039999999,0,0,0
16.76,0,0,0,0,1971,2084,2026,1853,-0.029999999,0.01,0.090000004,0,0,0
16.77,0,0,0,0,1972,2083,2026,1853,0.01,-0.07,0.109999999,0,0,0
16.78,0,0,0,0,1972,2083,2026,1853,-0.02,-0.01,-0.090000004,0,0,0
16.79,0,0,0,0,1971,2084,2026,1852,0,0.01,-0.039999999,0,0,0
16.8,0,0,0,0,1972,2083,2026,1853,0.029999999,-0.02,0.07,0,0,0
16.81,0,0,0,0,1972,2083,2027,1853,-0.02,-0.109999999,0.02,0,0,0
16.82,0,0,0,0,1971,2083,2026,1853,0,0.090000004,-0.050000001,0,0,0
16.83,0,0,0,0,1972,2083,2026,1854,-0.01,0.039999999,0.100000002,0,0,0
16.84,0,0,0,0,1971,2083,2027,1853,-0.029999999,0,0.050000001,0,0,0
16.85,0,0,0,0,1971,2084,2026,1853,-0.090000004,0.01,-0.059999999,0,0,0
16.86,0,0,0,0,1972,2083,2025,1853,0,0.039999999,0.100000002,0,0,0
16.87,0,0,0,0,1972,2083,2026,1852,0,0.01,0.109999999,-0.01,0,0
16.88,0,0,0,0,1971,2084,2026,1853,-0.01,-0.01,-0.059999999,0,0,0
16.89,0,0,0,0,1971,2083,2025,1854,0,0.059999999,0.050000001,0,0,0
16.9,0,0,0,0,1972,2083,2027,1853,0.079999998,-0.01,0.059999999,0,0,0
16.91,0,0,0,0,1971,2084,2026,1854,0,0,0.039999999,0,0,0
16.92,0,0,0,0,1972,2084,2026,1853,0,0.029999999,0,0,0,0
16.93,0,0,0,0,1973,2084,2026,1853,0.02,0,0.150000006,0,0,0
16.94,0,0,0,0,1972,2085,2026,1852,0.01,-0.090000004,0.02,0,0,0
16.95,0,0,0,0,1972,2083,2025,1854,-0.039999999,-0.02,-0.100000002,0,0,0
16.96,0,0,0,0,1972,2083,2027,1853,0.050000001,-0.02,0.039999999,0,0,0
16.97,0,0,0,0,1971,2084,2026,1853,-0.01,-0.029999999,0.059999999,0,0,0
16.98,0,0,0,0,1971,2084,2026,1853,-0.050000001,-0.029999999,-0.119999997,0,0,0
16.99,0,0,0,0,1972,2083,2026,1853,-0.02,0,-0.079999998,0,0,0
17,0,0,0,0,1972,2084,2026,1852,0,-0.050000001,0,0,0,0
17.01,0,0,0,0,1972,2083,2026,1854,0,-0.059999999,-0.02,0,0,0
17.02,0,0,0,0,1972,2083,2027,1853,-0.01,0.039999999,-0.109999999,0,0,0
17.03,0,0,0,0,1972,2083,2027,1853,0.039999999,0.02,0.050000001,0,0,0
17.04,0,0,0,0,1971,2083,2026,1854,0.01,0,0.029999999,0,0,0
17.05,0,0,0,0,1972,2083,2027,1852,0,0.01,-0.079999998,0,0,0
17.06,0,0,0,0,1971,2084,2027,1853,0.07,0,0.119999997,0,0,0
17.07,0,0,0,0,1972,2083,2026,1854,0.050000001,-0.01,0.119999997,0,0,0
17.08,0,0,0,0,1972,2083,2026,1852,-0.029999999,-0.02,-0.100000002,0,0,0
17.09,0,0,0,0,1971,2084,2027,1853,0,0.039999999,-0.02,0,0,0
17.1,0,0,0,0,1971,2083,2026,1854,0.02,-0.039999999,0.039999999,0,0,0
17.11,0,0,0,0,1973,2082,2027,1853,-0.029999999,-0.050000001,-0.090000004,0,0,0
17.12,0,0,0,0,1971,2084,2026,1852,-0.02,-0.01,-0.02,0,0,0
17.13,0,0,0,0,1972,2083,2026,1853,0,-0.02,0.059999999,0,0,0
17.14,0,0,0,0,1972,2083,2026,1853,-0.02,-0.079999998,-0.050000001,0,0,0
17.15,0,0,0,0,1971,2084,2027,1852,-0.029999999,-0.02,-0.150000006,0,0,0
17.16,0,0,0,0,1971,2083,2025,1854,0.029999999,0,0.07,0,0,0
17.17,0,0,0,0,1972,2083,2027,1853,0.059999999,-0.07,0.029999999,0,0,0
17.18,0,0,0,0,1971,2083,2026,1852,-0.01,-0.01,-0.039999999,0,0,0
17.19,0,0,0,0,1972,2083,2026,1853,0.029999999,-0.02,-0.050000001,0,0,0
17.2,0,0,0,0,1972,2083,2026,1853,0.01,0,0.109999999,0,0,0
17.21,0,0,0,0,1972,2084,2027,1852,-0.01,-0.079999998,-0.090000004,0,0,0
17.22,0,0,0,0,1971,2083,2025,1854,-0.02,0.050000001,-0.079999998,0,0,0
17.23,0,0,0,0,1971,2082,2027,1853,0,0.01,0,0,0,0
17.24,0,0,0,0,1972,2083,2026,1852,-0.02,0,-0.050000001,0,0,0
17.25,0,0,0,0,1971,2083,2026,1853,0,-0.01,-0.07,0,0,0
17.26,0,0,0,0,1972,2082,2026,1852,0.029999999,0.059999999,0.140000001,0,0,0
17.27,0,0,0,0,1971,2084,2027,1852,0,0.02,0,0,0,0
17.28,0,0,0,0,1971,2084,2026,1853,-0.039999999,0,-0.079999998,0,0,0
17.29,0,0,0,0,1972,2082,2026,1853,-0.01,0.07,-0.02,0,0,0
17.3,0,0,0,0,1971,2083,2026,1853,0,-0.039999999,0.059999999,0,0,0
17.31,0,0,0,0,1972,2083,2026,1854,-0.02,-0.039999999,0,0,0,0
17.32,0,0,0,0,1972,2083,2026,1853,0.02,-0.039999999,-0.02,0,0,0
17.33,0,0,0,0,1971,2084,2026,1853,0.07,0.01,0.140000001,0,0,0
17.34,0,0,0,0,1971,2084,2026,1853,-0.039999999,-0.109999999,0.029999999,0,0,0
17.35,0,0,0,0,1972,2083,2026,1853,-0.050000001,-0.050000001,-0.059999999,0,0,0
17.36,0,0,0,0,1971,2083,2026,1853,0.029999999,-0.029999999,0.140000001,0,0,0
17.37,0,0,0,0,1972,2083,2026,1853,0.02,-0.079999998,0.140000001,0,0,0
17.38,0,0,0,0,1972,2083,2026,1853,-0.01,-0.039999999,-0.140000001,0,0,0
17.39,0,0,0,0,1972,2084,2027,1853,0.02,0,0,0,0,0
17.4,0,0,0,0,1972,2083,2026,1854,0.039999999,0,0.100000002,0,0,0
17.41,0,0,0,0,1972,2083,2026,1854,-0.02,-0.039999999,0.039999999,0,0,0
17.42,0,0,0,0,1972,2084,2027,1853,0,0.079999998,0,0,0,0
17.43,0,0,0,0,1972,2083,2026,1854,0.039999999,0,0.129999995,0,0,0
17.44,0,0,0,0,1972,2083,2027,1853,-0.07,-0.02,-0.059999999,0,0,0
17.45,0,0,0,0,1972,2083,2026,1853,-0.079999998,0,-0.140000001,0,0,0
17.46,0,0,0,0,1972,2083,2026,1853,0.050000001,0.059999999,0.039999999,0,0,0
17.47,0,0,0,0,1972,2083,2026,1852,-0.02,-0.02,0.039999999,0,0,0
17.48,0,0,0,0,1971,2083,2026,1853,-0.059999999,0.029999999,-0.140000001,0,0,0
17.49,0,0,0,0,1971,2083,2026,1853,0.02,0.090000004,0.01,0,0,0
17.5,0,0,0,0,1972,2083,2027,1853,0.02,-0.01,0.079999998,0,0,0
17.51,0,0,0,0,1972,2083,2027,1853,-0.039999999,0.02,0.02,0,0,0
17.52,0,0,0,0,1972,2083,2026,1853,0.07,0.029999999,0,0,0,0
17.53,0,0,0,0,1972,2083,2026,1853,0.059999999,0.029999999,0.150000006,0,0,0
17.54,0,0,0,0,1972,2083,2026,1853,0,-0.079999998,-0.079999998,0,0,0
17.55,0,0,0,0,1972,2084,2026,1853,-0.01,0.029999999,-0.109999999,0,0,0
17.56,0,0,0,0,1972,2083,2026,1853,0.050000001,-0.050000001,0.109999999,0,0,0
17.57,0,0,0,0,1971,2083,2027,1853,0,-0.029999999,0.039999999,0,0,0
17.58,0,0,0,0,1972,2083,2026,1853,-0.059999999,-0.02,-0.100000002,0,0,0
17.59,0,0,0,0,1972,2083,2026,1853,-0.02,-0.039999999,-0.01,0,0,0
17.6,0,0,0,0,1972,2083,2026,1853,-0.02,-0.100000002,-0.029999999,0,0,0
17.61,0,0,0,0,1972,2084,2026,1853,-0.050000001,-0.079999998,-0.159999996,0,0,0
17.62,0,0,0,0,1972,2084,2026,1854,0,0.02,-0.01,0,0,0
17.63,0,0,0,0,1972,2084,2026,1853,0.079999998,-0.02,0.07,0,0,0
17.64,0,0,0,0,1971,2083,2026,1854,0,0.01,0.01,0,0,0
17.65,0,0,0,0,1971,2083,2026,1853,0,0,-0.100000002,0,0,0
17.66,0,0,0,0,1972,2083,2026,1854,0.07,0.029999999,0.239999995,0,0,0
17.67,0,0,0,0,1972,2083,2026,1854,0.039999999,0.02,0.090000004,0,0,0
17.68,0,0,0,0,1972,2084,2026,1854,0,0.07,-0.02,0,0,0
17.69,0,0,0,0,1972,2084,2026,1853,0.029999999,0.059999999,0.02,0,0,0
17.7,0,0,0,0,1972,2083,2026,1853,0,0.01,0.050000001,0,0,0
17.71,0,0,0,0,1971,2084,2027,1853,-0.059999999,0,-0.090000004,0,0,0
17.72,0,0,0,0,1972,2083,2026,1853,0,0,0.02,0,0,0
17.73,0,0,0,0,1972,2083,2026,1853,0.039999999,-0.039999999,0.02,0,0,0
17.74,0,0,0,0,1972,2083,2026,1853,-0.050000001,-0.129999995,-0.059999999,0,0,0
17.75,0,0,0,0,1972,2083,2026,1853,-0.050000001,-0.109999999,-0.100000002,0,0,0
17.76,0,0,0,0,1972,2082,2026,1852,0,-0.159999996,0.079999998,0,0,0
17.77,0,0,0,0,1971,2083,2026,1853,0.02,-0.170000002,0,0,0,0
17.78,0,0,0,0,1972,2083,2026,1853,-0.02,-0.059999999,-0.100000002,0,0,0
17.79,0,0,0,0,1972,2083,2026,1853,0.059999999,-0.090000004,0.039999999,0,0,0
17.8,0,0,0,0,1971,2083,2027,1853,-0.029999999,0.01,0.090000004,0,0,0
17.81,0,0,0,0,1972,2084,2026,1854,-0.01,-0.07,-0.079999998,0,0,0
17.82,0,0,0,0,1972,2083,2026,1853,0,0.07,0.079999998,0,0,0
17.83,0,0,0,0,1972,2083,2026,1853,0.039999999,0,0.150000006,0,0,0
17.84,0,0,0,0,1972,2084,2026,1854,-0.059999999,0.079999998,-0.059999999,0,0,0
17.85,0,0,0,0,1972,2083,2026,1853,-0.039999999,0.050000001,-0.07,0,0,0
17.86,0,0,0,0,1971,2084,2026,1853,0.029999999,0.079999998,0.129999995,0,0,0
17.87,0,0,0,0,1971,2083,2026,1853,-0.050000001,-0.02,0,0,0,0
17.88,0,0,0,0,1971,2083,2026,1853,-0.039999999,0.090000004,-0.079999998,0,0,0
17.89,0,0,0,0,1971,2084,2026,1853,0.01,0.07,0.180000007,0,0,0
17.9,0,0,0,0,1971,2084,2026,1854,-0.01,-0.039999999,0.01,0,0,0
17.91,0,0,0,0,1972,2083,2026,1853,-0.079999998,0.029999999,-0.059999999,0,0,0
17.92,0,0,0,0,1971,2083,2026,1853,0.100000002,0,0.109999999,0,0,0
17.93,0,0,0,0,1972,2083,2026,1854,0.029999999,0.02,0.189999998,0,0,0
17.94,0,0,0,0,1972,2083,2026,1853,0,-0.079999998,-0.140000001,0,0,0
17.95,0,0,0,0,1971,2084,2026,1852,0.02,0.029999999,-0.02,0,0,0
17.96,0,0,0,0,1972,2083,2026,1854,0.07,-0.039999999,0.07,0,0,0
17.97,0,0,0,0,1972,2083,2026,1853,-0.02,-0.079999998,0.01,0,0,0
17.98,0,0,0,0,1972,2083,2027,1853,-0.01,-0.050000001,-0.140000001,0,0,0
17.99,0,0,0,0,1971,2083,2026,1854,0.050000001,0,0.029999999,0,0,0
18,0,0,0,0,1971,2083,2026,1853,0,-0.100000002,-0.07,0,0,0
18.01,0,0,0,0,1972,2083,2027,1852,-0.029999999,-0.090000004,-0.119999997,0,0,0
18.02,0,0,0,0,1972,2083,2026,1853,0.059999999,0,0.050000001,0,0,0
18.03,0,0,0,0,1972,2083,2026,1853,0.029999999,-0.059999999,0.079999998,0,0,0
18.04,0,0,0,0,1971,2083,2027,1853,-0.039999999,-0.02,-0.180000007,0,0,0
18.05,0,0,0,0,1971,2084,2026,1854,0,0.01,-0.079999998,0,0,0
18.06,0,0,0,0,1972,2083,2027,1853,0.039999999,0.050000001,0.090000004,0,0,0
18.07,0,0,0,0,1972,2084,2026,1853,-0.02,0,0.01,0,0,0
18.08,0,0,0,0,1972,2084,2026,1853,0.01,0.100000002,-0.02,0,0,0
18.09,0,0,0,0,1972,2083,2026,1853,0.029999999,0.090000004,0.119999997,0,0,0
18.1,0,0,0,0,1972,2084,2027,1852,0.029999999,-0.039999999,0,0,0,0
18.11,0,0,0,0,1971,2083,2026,1854,-0.01,0.059999999,-0.100000002,0,0,0
18.12,0,0,0,0,1972,2083,2027,1853,0.039999999,0,0.039999999,0,0,0
18.13,0,0,0,0,1972,2084,2026,1853,0.01,-0.02,0.129999995,0,0,0
18.14,0,0,0,0,1972,2084,2026,1853,0,-0.079999998,-0.129999995,0,0,0
18.15,0,0,0,0,1972,2083,2026,1853,0,0,-0.109999999,0,0,0
18.16,0,0,0,0,1971,2084,2027,1852,0.029999999,-0.150000006,0.07,0,0,0
18.17,0,0,0,0,1971,2083,2025,1854,0.02,-0.100000002,-0.100000002,0,0,0
18.18,0,0,0,0,1971,2083,2027,1853,0,-0.039999999,-0.079999998,0,0,0
18.19,0,0,0,0,1971,2083,2027,1853,0.07,-0.07,0.02,0,0,0
18.2,0,0,0,0,1971,2084,2026,1853,-0.029999999,-0.029999999,-0.109999999,0,0,0
18.21,0,0,0,0,1971,2084,2026,1853,-0.029999999,-0.059999999,-0.129999995,0,0,0
18.22,0,0,0,0,1971,2084,2027,1853,0.029999999,0.050000001,0.129999995,0,0,0
18.23,0,0,0,0,1971,2083,2026,1854,0.029999999,-0.050000001,0.059999999,0,0,0
18.24,0,0,0,0,1972,2083,2027,1853,-0.039999999,0.079999998,-0.059999999,0,0,0
18.25,0,0,0,0,1971,2084,2027,1853,0,0.029999999,-0.109999999,0,0,0
18.26,0,0,0,0,1971,2084,2026,1854,0.029999999,0.01,0.150000006,0,0,0
18.27,0,0,0,0,1972,2082,2026,1853,0,0,-0.01,0,0,0
18.28,0,0,0,0,1971,2084,2027,1852,-0.050000001,0.029999999,-0.050000001,0,0,0
18.29,0,0,0,0,1971,2083,2026,1854,0.029999999,0,0.07,0,0,0
18.3,0,0,0,0,1972,2083,2026,1853,-0.050000001,-0.059999999,-0.029999999,0,0,0
18.31,0,0,0,0,1972,2083,2027,1853,-0.059999999,0,-0.07,0,0,0
18.32,0,0,0,0,1971,2084,2026,1854,0.039999999,-0.050000001,0.119999997,0,0,0
18.33,0,0,0,0,1973,2083,2026,1853,0,-0.01,0.090000004,0,0,0
18.34,0,0,0,0,1972,2083,2026,1853,-0.01,-0.039999999,-0.109999999,0,0,0
18.35,0,0,0,0,1971,2084,2026,1853,0,0,-0.039999999,0,0,0
18.36,0,0,0,0,1971,2084,2026,1853,0.039999999,-0.029999999,0.109999999,0,0,0
18.37,0,0,0,0,1971,2083,2027,1853,-0.02,-0.090000004,0.01,0,0,0
18.38,0,0,0,0,1971,2084,2026,1854,0,0.039999999,-0.029999999,0,0,0
18.39,0,0,0,0,1972,2083,2025,1853,0.100000002,-0.039999999,0.129999995,0,0,0
18.4,0,0,0,0,1972,2083,2026,1853,-0.039999999,0,-0.029999999,0,0,0
18.41,0,0,0,0,1972,2084,2026,1853,-0.059999999,-0.029999999,-0.090000004,0,0,0
18.42,0,0,0,0,1972,2084,2026,1853,0.029999999,0.01,0.07,0,0,0
18.43,0,0,0,0,1971,2083,2027,1853,0,-0.02,0.100000002,0,0,0
18.44,0,0,0,0,1972,2083,2026,1854,-0.050000001,0.050000001,-0.119999997,0,0,0
18.45,0,0,0,0,1972,2083,2026,1853,-0.01,0.01,0,0,0,0
18.46,0,0,0,0,1971,2083,2026,1853,0,0.039999999,0.079999998,0,0,0
18.47,0,0,0,0,1972,2083,2026,1853,-0.050000001,-0.029999999,0.01,0,0,0
18.48,0,0,0,0,1972,2083,2026,1853,0.029999999,0,0,0,0,0
18.49,0,0,0,0,1971,2083,2026,1853,0.01,0.100000002,0.090000004,0,0,0
18.5,0,0,0,0,1971,2084,2026,1853,0.02,-0.100000002,-0.050000001,0,0,0
18.51,0,0,0,0,1972,2084,2026,1853,0,0.079999998,-0.090000004,0,0,0
18.52,0,0,0,0,1972,2083,2027,1853,0.079999998,-0.039999999,0.079999998,0,0,0
18.53,0,0,0,0,1972,2084,2026,1853,-0.01,-0.050000001,0.07,0,0,0
18.54,0,0,0,0,1972,2083,2026,1853,0,-0.02,-0.129999995,0,0,0
18.55,0,0,0,0,1972,2083,2026,1853,0.02,0.02,0,0,0,0
18.56,0,0,0,0,1972,2083,2026,1853,0,-0.07,0.039999999,0,0,0
18.57,0,0,0,0,1972,2083,2026,1853,-0.02,-0.079999998,-0.07,0,0,0
18.58,0,0,0,0,1971,2084,2026,1853,0,-0.02,-0.039999999,0,0,0
18.59,0,0,0,0,1972,2083,2026,1853,0.02,-0.050000001,0.02,0,0,0
18.6,0,0,0,0,1971,2083,2026,1853,-0.029999999,-0.050000001,-0.109999999,0,0,0
18.61,0,0,0,0,1972,2083,2026,1853,0,-0.029999999,-0.209999993,0,0,0
18.62,0,0,0,0,1972,2084,2026,1853,0.039999999,0,0.100000002,0,0,0
18.63,0,0,0,0,1972,2083,2026,1854,0.050000001,-0.050000001,0.02,0,0,0
18.64,0,0,0,0,1972,2084,2026,1853,0,0.02,-0.029999999,0,0,0
18.65,0,0,0,0,1972,2083,2026,1853,0.029999999,0,0.050000001,0,0,0
18.66,0,0,0,0,1971,2083,2027,1853,0,-0.039999999,0.119999997,0,0,0
18.67,0,0,0,0,1972,2083,2026,1853,0,-0.02,-0.02,0,0,0
18.68,0,0,0,0,1971,2083,2026,1853,-0.01,0.02,0.02,0,0,0
18.69,0,0,0,0,1971,2083,2026,1853,0.029999999,-0.02,0.059999999,0,0,0
18.7,0,0,0,0,1972,2084,2026,1853,-0.050000001,-0.050000001,-0.02,0,0,0
18.71,0,0,0,0,1972,2083,2026,1853,-0.039999999,0.029999999,-0.140000001,0,0,0
18.72,0,0,0,0,1971,2084,2026,1853,0.039999999,-0.02,0.100000002,0,0,0
18.73,0,0,0,0,1972,2083,2026,1853,0.01,-0.02,0.090000004,0,0,0
18.74,0,0,0,0,1972,2084,2026,1853,0.01,0,-0.029999999,0,0,0
18.75,0,0,0,0,1972,2084,2026,1853,0.01,-0.02,0,0,0,0
18.76,0,0,0,0,1972,2084,2025,1854,-0.01,-0.050000001,0.100000002,0,0,0
18.77,0,0,0,0,1971,2084,2026,1853,-0.050000001,-0.090000004,-0.029999999,0,0,0
18.78,0,0,0,0,1972,2084,2026,1853,-0.01,-0.02,0,0,0,0
18.79,0,0,0,0,1972,2084,2026,1853,0.01,-0.059999999,0.029999999,0,0,0
18.8,0,0,0,0,1972,2083,2027,1853,-0.100000002,-0.01,-0.01,0,0,0
18.81,0,0,0,0,1972,2084,2026,1853,-0.079999998,-0.029999999,-0.119999997,0,0,0
18.82,0,0,0,0,1972,2084,2026,1853,-0.01,0,0.039999999,0,0,0
18.83,0,0,0,0,1972,2083,2026,1853,-0.02,-0.029999999,0,0,0,0
18.84,0,0,0,0,1972,2084,2027,1853,-0.039999999,0.050000001,-0.140000001,0,0,0
18.85,0,0,0,0,1971,2084,2026,1854,0,0.050000001,0.050000001,0,0,0
18.86,0,0,0,0,1972,2083,2026,1853,0.02,0,0.029999999,0,0,0
18.87,0,0,0,0,1971,2083,2026,1853,-0.050000001,0.029999999,0.01,0,0,0
18.88,0,0,0,0,1971,2083,2026,1853,0.050000001,-0.039999999,-0.01,0,0,0
18.89,0,0,0,0,1972,2083,2026,1853,0.039999999,0.029999999,0.159999996,0,0,0
18.9,0,0,0,0,1971,2084,2026,1853,0.039999999,-0.059999999,-0.119999997,0,0,0
18.91,0,0,0,0,1972,2083,2026,1854,0.02,0.029999999,-0.050000001,0,0,0
18.92,0,0,0,0,1972,2083,2027,1853,0.07,-0.050000001,0,0,0,0
18.93,0,0,0,0,1972,2083,2026,1853,0.01,-0.039999999,0.079999998,0,0,0
18.94,0,0,0,0,1971,2084,2026,1853,0.01,0,-0.109999999,0,0,0
18.95,0,0,0,0,1972,2083,2026,1852,0.02,0,0.029999999,0,0,0
18.96,0,0,0,0,1971,2084,2026,1852,0,-0.01,0.02,0,0,0
18.97,0,0,0,0,1972,2083,2026,1854,-0.039999999,-0.039999999,-0.050000001,0,0,0
18.98,0,0,0,0,1972,2082,2026,1853,0.02,0.029999999,-0.02,0,0,0
18.99,0,0,0,0,1971,2083,2026,1853,0.050000001,-0.050000001,0.07,0,0,0
19,0,0,0,0,1972,2083,2026,1854,-0.01,0.01,-0.100000002,0,0,0
19.01,0,0,0,0,1972,2082,2026,1853,0,0.01,-0.02,0,0,0
19.02,0,0,0,0,1972,2084,2026,1853,0,-0.029999999,0.039999999,0,0,0
19.03,0,0,0,0,1972,2083,2026,1854,-0.01,0,0.039999999,0,0,0
19.04,0,0,0,0,1972,2083,2026,1853,-0.01,0,-0.050000001,0,0,0
19.05,0,0,0,0,1971,2082,2027,1852,0.01,0.02,0.050000001,0,0,0
19.06,0,0,0,0,1971,2083,2026,1854,-0.01,-0.090000004,-0.059999999,0,0,0
19.07,0,0,0,0,1972,2082,2027,1853,-0.039999999,0.039999999,-0.119999997,0,0,0
19.08,0,0,0,0,1971,2083,2026,1852,0.02,-0.039999999,0.07,0,0,0
19.09,0,0,0,0,1972,2083,2026,1853,0.02,-0.02,0.119999997,0,0,0
19.1,0,0,0,0,1972,2083,2026,1853,-0.050000001,0,-0.039999999,0,0,0
19.11,0,0,0,0,1972,2084,2027,1853,-0.01,0.01,0.029999999,0,0,0
19.12,0,0,0,0,1972,2083,2026,1854,0.050000001,-0.059999999,0.100000002,0,0,0
19.13,0,0,0,0,1972,2082,2027,1853,0,-0.07,0.039999999,0,0,0
19.14,0,0,0,0,1971,2083,2026,1853,-0.02,0,-0.079999998,0,0,0
19.15,0,0,0,0,1971,2083,2026,1853,0.039999999,-0.059999999,-0.07,0,0,0
19.16,0,0,0,0,1972,2083,2026,1853,-0.01,-0.050000001,-0.029999999,0,0,0
19.17,0,0,0,0,1971,2083,2027,1852,0,-0.059999999,-0.119999997,0,0,0
19.18,0,0,0,0,1971,2082,2025,1854,0,0,-0.050000001,0,0,0
19.19,0,0,0,0,1972,2083,2026,1853,0.01,-0.059999999,0.02,0,0,0
19.2,0,0,0,0,1971,2083,2026,1852,-0.039999999,0.01,-0.050000001,0,0,0
19.21,0,0,0,0,1971,2084,2026,1854,-0.029999999,0.01,-0.150000006,0,0,0
19.22,0,0,0,0,1973,2083,2026,1853,0,-0.02,0.150000006,0,0,0
19.23,0,0,0,0,1972,2084,2027,1852,-0.01,0.01,0.090000004,0,0,0
19.24,0,0,0,0,1971,2083,2026,1854,-0.01,0.029999999,0,0,0,0
19.25,0,0,0,0,1972,2083,2026,1853,0.029999999,-0.01,0.090000004,0,0,0
19.26,0,0,0,0,1971,2083,2026,1853,0.01,-0.050000001,0.100000002,0,0,0
19.27,0,0,0,0,1971,2084,2026,1854,0,-0.029999999,-0.090000004,0,0,0
19.28,0,0,0,0,1972,2083,2026,1853,0.029999999,-0.02,0.02,0,0,0
19.29,0,0,0,0,1971,2084,2027,1852,0.039999999,-0.07,0.02,0,0,0
19.3,0,0,0,0,1971,2083,2026,1854,-0.07,-0.07,-0.150000006,0,0,0
19.31,0,0,0,0,1972,2083,2027,1853,-0.02,-0.039999999,-0.140000001,0,0,0
19.32,0,0,0,0,1971,2083,2027,1853,0,-0.029999999,0.140000001,0,0,0
19.33,0,0,0,0,1971,2084,2026,1854,0,-0.100000002,0.079999998,0,0,0
19.34,0,0,0,0,1973,2083,2026,1853,-0.029999999,0.050000001,-0.039999999,0,0,0
19.35,0,0,0,0,1971,2084,2026,1853,0.01,0.01,0.029999999,0,0,0
19.36,0,0,0,0,1971,2083,2026,1854,-0.01,0.059999999,0.079999998,0,0,0
19.37,0,0,0,0,1972,2083,2026,1854,-0.02,0.02,-0.059999999,0,0,0
19.38,0,0,0,0,1971,2084,2027,1853,0.01,0.039999999,0.109999999,0,0,0
19.39,0,0,0,0,1971,2084,2026,1854,0.01,0.039999999,0.079999998,0,0,0
19.4,0,0,0,0,1973,2083,2026,1853,-0.039999999,0.02,0,0,0,0
19.41,0,0,0,0,1972,2084,2026,1853,-0.050000001,0.029999999,-0.01,0,0,0
19.42,0,0,0,0,1972,2084,2026,1854,0,-0.02,0.100000002,0,0,0
19.43,0,0,0,0,1972,2083,2027,1854,0,0.01,0.050000001,0,0,0
19.44,0,0,0,0,1972,2084,2027,1853,0.01,-0.029999999,-0.02,0,0,0
19.45,0,0,0,0,1971,2083,2026,1854,0.039999999,0.059999999,0.100000002,0,0,0
19.46,0,0,0,0,1973,2083,2025,1853,0.01,-0.100000002,0.050000001,0,0,0
19.47,0,0,0,0,1972,2084,2026,1853,-0.01,-0.02,-0.02,0,0,0
19.48,0,0,0,0,1972,2083,2026,1854,0.059999999,0,0.039999999,0,0,0
19.49,0,0,0,0,1972,2083,2026,1853,0,-0.059999999,0.090000004,0,0,0
19.5,0,0,0,0,1972,2084,2026,1853,-0.039999999,-0.050000001,-0.109999999,0,0,0
19.51,0,0,0,0,1972,2083,2026,1853,-0.01,-0.050000001,-0.01,0,0,0
19.52,0,0,0,0,1973,2083,2027,1853,0,-0.029999999,0.100000002,0,0,0
19.53,0,0,0,0,1972,2084,2026,1852,-0.039999999,-0.090000004,0.01,0,0,0
19.54,0,0,0,0,1972,2084,2026,1853,-0.029999999,0.029999999,-0.02,0,0,0
19.55,0,0,0,0,1972,2083,2026,1852,0.01,0,0.050000001,0,0,0
19.56,0,0,0,0,1972,2083,2027,1853,-0.01,0,0,0,0,0
19.57,0,0,0,0,1972,2083,2026,1853,-0.07,0.050000001,-0.039999999,0,0,0
19.58,0,0,0,0,1972,2083,2026,1853,0,0.050000001,-0.02,0,0,0
19.59,0,0,0,0,1971,2084,2026,1852,-0.050000001,0.039999999,0.059999999,0,0,0
19.6,0,0,0,0,1972,2084,2026,1853,0,0,-0.039999999,0,0,0
19.61,0,0,0,0,1972,2083,2026,1853,-0.029999999,0.150000006,0.02,0,0,0
19.62,0,0,0,0,1972,2084,2027,1853,0.039999999,0,0.119999997,0,0,0
19.63,0,0,0,0,1971,2083,2026,1854,-0.039999999,0.050000001,0.079999998,0,0,0
19.64,0,0,0,0,1972,2083,2027,1853,0.02,0,-0.050000001,0,0,0
19.65,0,0,0,0,1971,2084,2026,1853,0.039999999,-0.01,0.059999999,0,0,0
19.66,0,0,0,0,1972,2084,2026,1853,0,-0.129999995,0.01,0,0,0
19.67,0,0,0,0,1972,2083,2026,1852,0.01,-0.07,-0.090000004,0,0,0
19.68,0,0,0,0,1971,2083,2026,1853,0.07,-0.079999998,0.059999999,0,0,0
19.69,0,0,0,0,1972,2084,2026,1853,0.029999999,-0.090000004,0.079999998,0,0,0
19.7,0,0,0,0,1972,2084,2026,1853,-0.01,-0.02,-0.119999997,0,0,0
19.71,0,0,0,0,1971,2084,2027,1853,0.01,-0.01,-0.07,0,0,0
19.72,0,0,0,0,1972,2084,2026,1853,0.029999999,0,0.050000001,0,0,0
19.73,0,0,0,0,1972,2083,2026,1853,-0.039999999,-0.07,-0.02,0,0,0
19.74,0,0,0,0,1972,2084,2026,1853,0,0.07,-0.119999997,0,0,0
19.75,0,0,0,0,1972,2084,2026,1853,0,0.02,0.029999999,0,0,0
19.76,0,0,0,0,1972,2083,2026,1852,-0.079999998,0.029999999,-0.109999999,0,0,0
19.77,0,0,0,0,1971,2083,2026,1853,-0.079999998,0.029999999,-0.109999999,0,0,0
19.78,0,0,0,0,1972,2084,2025,1853,0.050000001,0,0.100000002,0,0,0
19.79,0,0,0,0,1972,2084,2026,1853,-0.01,-0.02,0.090000004,0,0,0
19.8,0,-1,2,-4,1972,2083,2026,1853,0,-0.02,-0.140000001,0,0,0
19.81,6,-5,10,-23,1972,2084,2026,1853,-0.02,0,-0.01,0,0,0
19.82,19,-2,31,-10,1972,2083,2026,1853,0.01,-0.090000004,-0.029999999,0,0,0
19.83,11,-10,8,-5,1972,2084,2026,1853,0,-0.039999999,-0.059999999,0,0,0
19.84,5,-14,8,-8,1971,2083,2025,1853,0.239999995,-0.039999999,0.300000012,0,0,0
19.85,8,-13,14,-10,1971,2083,2025,1852,0.239999995,-0.039999999,0.300000012,0,0,0
19.86,7,-8,3,-6,1971,2082,2026,1853,0.289999992,-0.129999995,-0.109999999,0,0,0
19.87,1,-3,9,-21,1970,2082,2026,1853,0.25,0,-0.02,0,0,0
19.88,14,-7,20,-22,1971,2082,2025,1853,0.579999983,-0.050000001,0.150000006,0,0,0
19.89,26,-17,18,-14,1970,2082,2025,1853,0.109999999,-0.029999999,0.639999986,0,0.01,0
19.9,0,-10,10,-12,1970,2082,2026,1852,0.49000001,0.029999999,-0.25,0,0,0
19.91,10,-28,34,-37,1970,2082,2025,1853,0.49000001,0.029999999,-0.25,0,0,0
19.92,31,-17,16,-16,1970,2081,2025,1852,-0.150000006,0.029999999,-0.219999999,0,0,0
19.93,21,-23,37,-33,1971,2082,2026,1853,1.440000057,-0.189999998,-0.370000005,0,0,0
19.94,25,-35,36,-37,1971,2082,2026,1853,1.429999948,0,-0.850000024,0.01,0,0
19.95,29,-30,2,-24,1971,2083,2026,1853,0.639999986,-0.189999998,-0.5,0,0.01,0
19.96,35,-4,73,-34,1971,2081,2026,1853,1.230000019,-0.039999999,-0.479999989,0.01,0,0
19.97,38,-76,25,-55,1970,2081,2026,1854,-0.239999995,-0.259999991,-0.75,0.01,-0.01,0
19.98,41,-43,45,-37,1969,2081,2027,1854,0.419999987,0.389999986,0.419999987,0.01,0,0
19.99,44,-10,57,-22,1970,2081,2026,1855,1.210000038,-0.430000007,0.090000004,-0.01,0,0
20,56,-63,53,-76,1969,2080,2026,1854,-0.959999979,0.439999998,-0.319999993,-0.01,-0.01,0
20.01,55,0,122,-39,1969,2080,2026,1856,-0.959999979,0.439999998,-0.319999993,-0.01,-0.01,0
20.02,55,-109,46,-71,1969,2077,2027,1855,0.629999995,-0.939999998,0.259999991,-0.02,-0.02,0
20.03,83,-72,23,-66,1968,2079,2027,1855,0.039999999,0.939999998,0.109999999,0,-0.059999999,0
20.04,57,-76,158,-97,1967,2077,2027,1856,0.689999998,0.129999995,2.880000114,-0.01,0.029999999,0
20.05,92,-74,36,-97,1966,2076,2027,1854,-0.709999979,0.439999998,1.690000057,0.02,0.01,0
20.06,85,-115,192,-106,1964,2076,2027,1855,-2.150000095,-0.800000012,-1.379999995,0.02,-0.100000002,0
20.07,87,-102,35,-96,1963,2074,2028,1857,-2.150000095,-0.800000012,-1.379999995,0.02,-0.100000002,0
20.08,112,-104,81,-127,1963,2074,2029,1856,-0.800000012,0.629999995,3.779999971,0,-0.039999999,0.01
20.09,117,-119,163,-114,1958,2073,2029,1858,0.779999971,-0.509999991,1.440000057,-0.02,-0.07,0
20.1,88,-139,21,-108,1958,2071,2030,1860,-2.25999999,-0.289999992,4.489999771,0,0,0
20.11,161,-116,260,-163,1958,2071,2030,1861,1.769999981,0.01,1.389999986,-0.01,-0.01,-0.01
20.12,131,-124,45,-108,1957,2069,2030,1861,-2.670000076,-0.330000013,3.319999933,-0.02,-0.059999999,0
20.13,162,-177,214,-161,1957,2069,2030,1861,5.21999979,1.25,1.100000024,0.01,0.01,-0.01
20.14,130,-120,167,-151,1957,2069,2030,1863,0.870000005,-0.059999999,0.529999971,-0.050000001,-0.050000001,0
20.15,186,-137,45,-154,1956,2069,2030,1863,5.5,1.440000057,-0.340000004,0.039999999,0.059999999,0
20.16,173,-178,201,-166,1957,2068,2030,1864,0.409999996,0.090000004,-2.670000076,0.050000001,0.090000004,0
20.17,108,-190,61,-147,1957,2068,2029,1861,0.409999996,0.090000004,-2.670000076,0.050000001,0.090000004,0
20.18,238,-181,329,-209,1956,2069,2029,1863,-3.609999895,-1.190000057,-6.340000153,0,-0.039999999,0
20.19,160,-189,137,-212,1957,2068,2029,1862,-3.609999895,-1.190000057,-6.340000153,0,-0.039999999,0
20.2,204,-214,244,-130,1956,2068,2030,1863,2.210000038,-0.720000029,-0.239999995,-0.01,0,0
20.21,219,-200,256,-166,1957,2068,2030,1863,2.210000038,-0.720000029,-0.239999995,-0.01,0,0
20.22,137,-163,188,-323,1955,2066,2029,1863,-1.370000005,-0.899999976,2.859999895,0,0.059999999,0
20.23,275,-293,263,-176,1954,2066,2030,1865,-1.730000019,0.109999999,-1.50999999,-0.02,-0.029999999,-0.029999999
20.24,223,-237,219,-246,1952,2064,2029,1863,-0.790000022,-1.25999999,1.620000005,-0.059999999,-0.119999997,0
20.25,249,-223,269,-259,1953,2064,2030,1867,1.970000029,0.819999993,0.300000012,-0.02,-0.140000001,0
20.26,260,-291,226,-177,1953,2065,2031,1868,2.670000076,-0.170000002,7.010000229,-0.029999999,0.01,0
20.27,245,-180,210,-256,1953,2064,2031,1867,5,0.639999986,7.110000134,0.039999999,0,0
20.28,269,-286,265,-189,1951,2059,2028,1867,2.25999999,0.629999995,4.949999809,0.029999999,0.150000006,0
20.29,243,-204,179,-213,1950,2063,2028,1867,2.25999999,0.629999995,4.949999809,0.029999999,0.150000006,0
20.3,301,-289,362,-405,1950,2062,2032,1869,1.389999986,0.159999996,-8.640000343,0.02,-0.090000004,0
20.31,257,-306,237,-257,1948,2062,2030,1870,-6.130000114,-0.230000004,-7.019999981,0.029999999,-0.039999999,-0.01
20.32,307,-282,290,-352,1947,2061,2031,1864,0.639999986,0.479999989,-0.970000029,0,-0.079999998,0.039999999
20.33,313,-350,342,-342,1947,2061,2031,1866,-3.049999952,-0.49000001,-8.319999695,-0.02,-0.170000002,0
20.34,312,-351,296,-326,1946,2060,2029,1866,0.280000001,0.550000012,12.52000046,0.029999999,0.050000001,0.01
20.35,347,-339,360,-371,1942,2058,2031,1867,2.75999999,0.180000007,4.360000134,0.039999999,0.01,0.01
20.36,285,-392,335,-366,1941,2059,2032,1867,-0.430000007,-0.620000005,10.26000023,-0.039999999,-0.079999998,0.02
20.37,372,-370,379,-386,1938,2058,2031,1869,2.74000001,0.850000024,7.769999981,0,-0.07,0.01
20.38,413,-383,363,-403,1937,2056,2034,1870,0.430000007,-0.49000001,1.75999999,-0.02,-0.079999998,0.01
20.39,319,-423,333,-400,1934,2056,2035,1872,2.789999962,0.980000019,2.24000001,0,-0.07,0.02
20.4,412,-403,400,-414,1933,2054,2036,1875,0.460000008,-0.479999989,-0.100000002,0.039999999,0.039999999,0.02
20.41,438,-470,366,-349,1931,2051,2036,1873,0.460000008,-0.479999989,-0.100000002,0.039999999,0.039999999,0.02
20.42,358,-436,506,-374,1931,2054,2037,1873,1.649999976,1.350000024,0.660000026,0.050000001,0.039999999,0.02
20.43,418,-313,423,-552,1934,2053,2036,1875,-0.540000022,-1.399999976,-2.140000105,0.01,0.02,0.01
20.44,500,-581,411,-417,1933,2049,2035,1873,0.389999986,0.400000006,3.349999905,0.02,0,0.01
20.45,397,-337,509,-388,1932,2052,2034,1873,3.00999999,-0.600000024,3.329999924,-0.050000001,0.01,0
20.46,452,-507,416,-536,1938,2050,2034,1872,-3.220000029,0.639999986,-2.039999962,-0.029999999,-0.039999999,-0.01
20.47,533,-577,602,-438,1937,2054,2029,1872,-3.220000029,0.639999986,-2.039999962,-0.029999999,-0.039999999,-0.01
20.48,402,-484,381,-588,1937,2052,2030,1870,1.75999999,0.300000012,-5.309999943,0.050000001,-0.129999995,0.02
20.49,548,-569,445,-555,1939,2052,2031,1873,1.75999999,0.300000012,-5.309999943,0.050000001,-0.129999995,0.02
20.5,477,-555,567,-421,1939,2053,2033,1875,1.320000052,0.860000014,7.860000134,0,0.039999999,0.029999999
20.51,460,-463,387,-660,1934,2053,2037,1873,3.200000048,0.949999988,0.219999999,0.079999998,0.02,0.050000001
20.52,553,-663,633,-576,1930,2050,2037,1879,1.049999952,1.460000038,8.409999847,0,-0.029999999,0.029999999
20.53,515,-605,514,-486,1932,2050,2045,1882,0.889999986,-0.170000002,6.480000019,0.039999999,0.039999999,0.050000001
20.54,505,-562,593,-679,1928,2052,2046,1886,-3.119999886,0.289999992,-3.74000001,-0.050000001,-0.150000006,0.02
20.55,546,-785,671,-536,1929,2052,2046,1886,-3.119999886,0.289999992,-3.74000001,-0.050000001,-0.150000006,0.02
20.56,582,-556,502,-713,1926,2051,2046,1881,4.46999979,0.660000026,-3.380000114,-0.039999999,-0.119999997,0.059999999
20.57,591,-696,656,-521,1921,2050,2045,1883,4.46999979,0.660000026,-3.380000114,-0.039999999,-0.119999997,0.059999999
20.58,573,-616,554,-635,1922,2050,2046,1883,5.519999981,1.049999952,5,0.029999999,0.079999998,0.07
20.59,628,-605,596,-800,1916,2050,2044,1884,5.519999981,1.049999952,5,0.029999999,0.079999998,0.07
20.6,616,-863,711,-544,1911,2048,2044,1882,2.150000095,-0.039999999,7.949999809,0.02,0.159999996,0.059999999
20.61,591,-596,526,-743,1910,2048,2042,1882,2.150000095,-0.039999999,7.949999809,0.02,0.159999996,0.059999999
20.62,672,-519,550,-870,1912,2048,2042,1884,2.220000029,0.689999998,-7.429999828,0.01,-0.059999999,0.059999999
20.63,630,-918,713,-664,1912,2049,2039,1885,-3.940000057,0.119999997,-4.659999847,0.01,-0.079999998,0.050000001
20.64,627,-750,602,-770,1912,2052,2040,1884,-0.920000017,-0.479999989,-3.769999981,-0.059999999,-0.050000001,0.109999999
20.65,707,-743,677,-836,1912,2049,2040,1883,4.349999905,-0.379999995,-3.970000029,-0.079999998,-0.100000002,0.109999999
20.66,612,-883,704,-751,1918,2050,2043,1884,4.170000076,-0.059999999,6.619999886,-0.02,0.090000004,0.109999999
20.67,689,-793,653,-760,1912,2054,2045,1887,4.949999809,0.670000017,5.829999924,0.01,0.07,0.119999997
20.68,790,-872,730,-991,1913,2050,2045,1889,3.839999914,-1.299999952,1.019999981,0,0.01,0.140000001
20.69,623,-871,720,-833,1901,2050,2053,1898,-0.939999998,1.279999971,3.980000019,0.039999999,0,0.150000006
20.7,767,-905,727,-917,1901,2049,2053,1898,5.599999905,0.050000001,-1.74000001,-0.01,-0.079999998,0.180000007
20.71,811,-922,764,-870,1894,2050,2054,1908,-1.190000057,1.110000014,2.180000067,0.029999999,-0.119999997,0.159999996
20.72,732,-948,778,-900,1890,2050,2054,1908,3.029999971,1.039999962,4.539999962,0,0.109999999,0.170000002
20.73,821,-931,772,-959,1887,2048,2051,1909,1.610000014,1.129999995,4.039999962,0,0.02,0.150000006
20.74,812,-953,820,-927,1888,2049,2053,1908,0.649999976,0.670000017,1.480000019,0,0.059999999,0.159999996
20.75,798,-875,812,-1007,1885,2049,2052,1909,1.830000043,1.100000024,1.580000043,0,0,0.140000001
20.76,850,-813,889,-1107,1885,2047,2046,1909,0.649999976,0.629999995,-0.660000026,-0.029999999,-0.079999998,0.159999996
20.77,881,-1146,796,-927,1889,2042,2046,1909,-3.029999971,1.480000019,-1.419999957,-0.02,-0.100000002,0.140000001
20.78,841,-1037,897,-1007,1888,2042,2046,1908,0.289999992,0.280000001,2.799999952,-0.07,-0.050000001,0.180000007
20.79,882,-822,870,-1084,1892,2044,2048,1912,0.819999993,-0.270000011,-1.200000048,0,-0.109999999,0.170000002
20.8,900,-1292,782,-1016,1899,2039,2048,1909,2.039999962,-0.720000029,9.130000114,-0.050000001,0.029999999,0.189999998
20.81,886,-906,980,-931,1896,2045,2045,1907,1.480000019,0.270000011,6.079999924,-0.029999999,0,0.170000002
20.82,926,-1082,820,-1308,1896,2037,2045,1907,0.620000005,-2.5,4.320000172,-0.029999999,-0.050000001,0.200000003
20.83,888,-1268,872,-989,1896,2036,2042,1906,-3.839999914,2.380000114,4,-0.01,-0.129999995,0.180000007
20.84,905,-1119,988,-1160,1901,2042,2045,1911,0.170000002,-0.340000004,1.789999962,-0.059999999,-0.079999998,0.239999995
20.85,987,-1216,854,-1118,1900,2038,2045,1911,-2.150000095,0.140000001,-1.080000043,0.07,-0.189999998,0.239999995
20.86,922,-1208,1020,-1140,1900,2038,2045,1912,0.479999989,3.190000057,7.809999943,0.039999999,0,0.25
20.87,970,-1175,843,-1211,1891,2037,2044,1929,-0.419999987,-0.150000006,-2.390000105,0.109999999,-0.090000004,0.259999991
20.88,1000,-1375,939,-1195,1891,2037,2044,1929,0.230000004,1.269999981,8.859999657,0,-0.02,0.289999992
20.89,920,-1164,937,-1236,1891,2031,2047,1941,-1.870000005,0.949999988,3.019999981,0,-0.109999999,0.259999991
20.9,1019,-1318,923,-1255,1889,2031,2047,1942,-0.600000024,0.230000004,6.039999962,0,-0.119999997,0.289999992
20.91,1067,-1370,1018,-1198,1889,2024,2046,1943,-1.570000052,2.210000038,2.049999952,0.029999999,-0.200000003,0.25
20.92,965,-1209,1005,-1278,1884,2020,2045,1943,-2.369999886,1.620000005,5.650000095,-0.029999999,-0.01,0.270000011
20.93,1109,-1381,1002,-1262,1885,2017,2045,1945,0.829999983,1.600000024,-4.079999924,0.01,-0.090000004,0.259999991
20.94,996,-1283,1040,-1357,1884,2014,2040,1944,2.190000057,0.970000029,-6.210000038,0.059999999,-0.100000002,0.310000002
20.95,1070,-1493,1021,-1501,1881,2014,2040,1937,2.190000057,0.970000029,-6.210000038,0.059999999,-0.100000002,0.310000002
20.96,1132,-1369,1033,-1250,1878,2007,2034,1940,-0.879999995,2.720000029,10.82999992,-0.01,-0.029999999,0.300000012
20.97,1045,-1381,1050,-1429,1874,2006,2038,1938,10.77000046,0.529999971,2.390000105,0.059999999,0.079999998,0.340000004
20.98,1149,-1482,1051,-1355,1864,2009,2038,1939,5.170000076,-0.670000017,3.140000105,0.02,0.109999999,0.400000006
20.99,1093,-1368,1089,-1418,1855,2003,2036,1939,5.170000076,-0.670000017,3.140000105,0.02,0.109999999,0.400000006
21,1149,-1304,1081,-1442,1846,2003,2038,1938,5.659999847,-0.029999999,-5.150000095,-0.02,-0.02,0.370000005
21.01,1147,-1616,1106,-1370,1844,2010,2041,1941,3.089999914,0.280000001,1.700000048,-0.039999999,0,0.409999996
21.02,1149,-1423,1101,-1490,1835,2010,2042,1944,4.940000057,0.419999987,-0.370000005,-0.07,0.090000004,0.430000007
21.03,1175,-1282,1107,-1566,1835,2002,2042,1946,4.940000057,0.419999987,-0.370000005,-0.07,0.090000004,0.430000007
21.04,1189,-1704,1130,-1427,1837,1999,2045,1947,3.089999914,1.090000033,-5.980000019,0,0.07,0.400000006
21.05,1173,-1566,1134,-1357,1837,2001,2044,1949,2.920000076,0.980000019,0.930000007,-0.07,0.129999995,0.400000006
21.06,1211,-1509,1143,-1627,1839,1988,2045,1961,-3.059999943,1.860000014,-4.5,-0.039999999,-0.02,0.389999986
21.07,1204,-1738,1182,-1414,1836,1989,2044,1962,-3.059999943,1.860000014,-4.5,-0.039999999,-0.02,0.389999986
21.08,1217,-1630,1182,-1555,1836,1994,2044,1957,1.580000043,0.469999999,-1.899999976,0,-0.050000001,0.430000007
21.09,1265,-1632,1142,-1545,1838,1993,2044,1954,0.600000024,0.119999997,-4.039999962,0.01,-0.100000002,0.419999987
21.1,1214,-1841,1231,-1519,1838,1991,2041,1954,3.289999962,1.5,6.630000114,0.059999999,0.109999999,0.419999987
21.11,1243,-1518,1107,-1661,1835,1994,2037,1950,0.370000005,0.140000001,4.699999809,0.02,0.07,0.419999987
21.12,1300,-1638,1102,-1798,1833,1994,2034,1945,0.360000014,-0.209999993,1.330000043,0.050000001,0.01,0.439999998
21.13,1258,-1788,1301,-1514,1832,1998,2028,1946,-5.349999905,1.960000038,-0.639999986,0.059999999,-0.07,0.419999987
21.14,1284,-1685,1184,-1688,1832,1996,2025,1947,-0.759999991,1.120000005,2.25,-0.079999998,-0.090000004,0.5
21.15,1366,-1757,1191,-1682,1834,1996,2028,1950,-0.330000013,2.630000114,-0.970000029,0.07,-0.159999996,0.460000008
21.16,1282,-1745,1294,-1664,1825,2002,2027,1951,-0.059999999,3.619999886,9.869999886,-0.01,0,0.49000001
21.17,1369,-1780,1247,-1705,1822,2000,2034,1951,1.840000033,2.519999981,0.970000029,0.059999999,-0.039999999,0.49000001
21.18,1320,-1787,1292,-1691,1821,2000,2034,1952,0.769999981,1.789999962,6.820000172,-0.039999999,-0.029999999,0.509999991
21.19,1358,-1689,1233,-1749,1819,2001,2042,1952,2.420000076,1.639999986,1.580000043,0,-0.050000001,0.5
21.2,1413,-1610,1200,-1866,1819,2002,2043,1955,1.970000029,1.029999971,6.150000095,-0.079999998,-0.039999999,0.509999991
21.21,1384,-1902,1404,-1609,1814,2002,2044,1951,-0.790000022,3.980000019,4.039999962,-0.02,-0.050000001,0.479999989
21.22,1392,-1853,1316,-1701,1817,2002,2043,1951,0.529999971,0.870000005,3.190000057,-0.100000002,0,0.5
21.23,1438,-1800,1323,-1745,1818,1999,2038,1954,3.299999952,1.909999967,4.03000021,0,-0.02,0.479999989
21.24,1396,-1992,1454,-1698,1820,1999,2038,1951,2.299999952,0.680000007,4.860000134,-0.050000001,0.079999998,0.479999989
21.25,1410,-1792,1243,-1834,1829,2002,2033,1953,1.00999999,0.920000017,4.639999866,-0.050000001,0.119999997,0.469999999
21.26,1492,-1734,1247,-1946,1829,1994,2030,1956,-0.340000004,-0.029999999,-4.800000191,-0.02,-0.02,0.479999989
21.27,1407,-1953,1447,-1705,1845,1996,2032,1947,-4.03000021,1.75999999,-3.5,-0.100000002,-0.059999999,0.460000008
21.28,1463,-1857,1345,-1796,1847,1996,2032,1947,-0.319999993,-0.850000024,-2.079999924,-0.079999998,-0.100000002,0.509999991
21.29,1468,-1890,1442,-1796,1846,1983,2031,1950,-1.470000029,2.359999895,-4.949999809,0,-0.180000007,0.49000001
21.3,1466,-1875,1391,-1828,1845,1981,2031,1950,2.079999924,1.559999943,5.690000057,0.109999999,-0.02,0.519999981
21.31,1475,-1844,1330,-1863,1841,1983,2028,1954,2.079999924,1.559999943,5.690000057,0.109999999,-0.02,0.519999981
21.32,1501,-1969,1469,-1701,1841,1984,2028,1955,-0.540000022,0.560000002,7.559999943,0.050000001,-0.01,0.509999991
21.33,1451,-1942,1405,-1885,1840,1987,2026,1961,-0.540000022,0.560000002,7.559999943,0.050000001,-0.01,0.509999991
21.34,1502,-1887,1387,-1941,1845,1992,2025,1964,-1.909999967,3.019999981,2.130000114,0.01,-0.090000004,0.5
21.35,1496,-2025,1465,-1784,1840,1992,2025,1964,-1.909999967,3.019999981,2.130000114,0.01,-0.090000004,0.5
21.36,1497,-2011,1463,-1886,1835,1996,2028,1962,1.100000024,1.399999976,-1.139999986,-0.100000002,-0.01,0.550000012
21.37,1515,-1902,1396,-1856,1828,1991,2033,1960,-1.899999976,2.279999971,0.01,-0.050000001,-0.07,0.519999981
21.38,1525,-2022,1515,-1839,1828,1980,2033,1960,0.49000001,2.180000067,4.909999847,-0.059999999,0.01,0.519999981
21.39,1529,-1892,1387,-1955,1827,1976,2032,1958,-2.359999895,2.299999952,1.379999995,0.039999999,-0.02,0.5
21.4,1556,-2085,1491,-1864,1829,1980,2025,1959,-1.49000001,1.409999967,1.169999957,0.050000001,-0.029999999,0.5
21.41,1549,-1985,1466,-1934,1828,1985,2025,1959,-1.49000001,1.409999967,1.169999957,0.050000001,-0.029999999,0.5
21.42,1551,-1956,1435,-1975,1828,1987,2021,1962,-2.619999886,2.50999999,4.289999962,0.02,-0.07,0.519999981
21.43,1598,-2028,1511,-1828,1826,1988,2019,1960,0.109999999,1.5,-1.539999962,0.07,-0.119999997,0.529999971
21.44,1524,-2006,1465,-2016,1827,1994,2020,1957,1.120000005,1.74000001,0.180000007,0.02,0,0.560000002
21.45,1574,-2109,1479,-2043,1826,2005,2018,1952,1.120000005,1.74000001,0.180000007,0.02,0,0.560000002
21.46,1622,-2054,1498,-1907,1826,2005,2018,1952,-1.100000024,3.059999943,6.510000229,0.01,0.02,0.560000002
21.47,1568,-2076,1500,-2047,1832,2014,2022,1944,6.659999847,1.200000048,2.99000001,0.039999999,0.059999999,0.579999983
21.48,1645,-2115,1484,-2006,1832,2025,2022,1938,3.579999924,1.820000052,0.790000022,-0.050000001,0.050000001,0.569999993
21.49,1595,-2071,1554,-2036,1829,2025,2031,1941,3.119999886,0.529999971,2.25,0,0.07,0.600000024
21.5,1640,-2051,1555,-2033,1829,2025,2034,1941,3.74000001,1.039999962,-5.46999979,-0.02,-0.029999999,0.579999983
21.51,1622,-2137,1547,-2016,1828,2018,2035,1953,2.190000057,1,0.930000007,-0.029999999,-0.01,0.579999983
21.52,1643,-2130,1587,-2026,1826,2018,2041,1965,2.49000001,1.50999999,-5.349999905,-0.01,0.01,0.579999983
21.53,1633,-1974,1533,-2072,1826,2013,2042,1978,0.680000007,0.769999981,-0.239999995,-0.039999999,0.029999999,0.579999983
21.54,1663,-2199,1585,-1956,1824,2005,2040,1978,-0.699999988,0.879999995,-2,-0.039999999,0.01,0.569999993
21.55,1641,-2116,1599,-2072,1825,2005,2038,1972,-0.699999988,0.879999995,-2,-0.039999999,0.01,0.569999993
21.56,1649,-2094,1564,-2188,1826,2005,2034,1972,0.759999991,1.460000038,0.449999988,0.039999999,0.029999999,0.569999993
21.57,1669,-2191,1618,-2027,1822,2005,2020,1964,-1.50999999,2.329999924,-1.029999971,0,0,0.560000002
21.58,1668,-2163,1631,-2093,1822,2013,2020,1954,0.879999995,1.399999976,0.870000005,-0.01,0,0.589999974
21.59,1680,-2157,1553,-2123,1822,2022,2012,1946,-1.129999995,1.789999962,-1.519999981,0.039999999,-0.07,0.589999974
21.6,1702,-2245,1665,-2098,1822,2022,2012,1946,-1.090000033,1.450000048,4.559999943,0,-0.02,0.600000024
21.61,1680,-2156,1538,-2162,1823,2020,2012,1946,-1.090000033,1.450000048,4.559999943,0,-0.02,0.600000024
21.62,1699,-2247,1607,-2139,1825,2020,2014,1946,0.259999991,1.970000029,2.200000048,-0.02,0.01,0.600000024
21.63,1721,-2296,1601,-2147,1822,2021,2020,1945,-1.789999962,1.659999967,2.579999924,0.02,-0.050000001,0.589999974
21.64,1714,-2195,1588,-2174,1822,2019,2020,1945,-2.720000029,2.410000086,0.699999988,-0.039999999,-0.07,0.610000014
21.65,1728,-2279,1669,-2053,1828,2023,2026,1956,0.330000013,1.559999943,-2.329999924,0.01,-0.129999995,0.600000024
21.66,1700,-2237,1598,-2184,1823,2022,2027,1965,1.090000033,1.840000033,2.339999914,0.059999999,-0.050000001,0.620000005
21.67,1843,-2225,1637,-2246,1810,2021,2031,1966,1.090000033,1.840000033,2.339999914,0.059999999,-0.050000001,0.620000005
21.68,1832,-2359,1681,-2007,1798,2023,2033,1971,3.369999886,1.769999981,6.670000076,0.059999999,0.100000002,0.639999986
21.69,1777,-2232,1563,-2260,1772,2023,2030,1971,3.369999886,1.769999981,6.670000076,0.059999999,0.100000002,0.639999986
21.7,1697,-2128,1588,-2376,1772,2020,2030,1972,1.129999995,2.75999999,-0.600000024,0.02,0.039999999,0.629999995
21.71,1774,-2419,1671,-2101,1770,2019,2018,1949,-3.769999981,2.869999886,-1.389999986,0,0.059999999,0.639999986
21.72,1777,-2320,1623,-2228,1770,2024,2013,1949,-1.450000048,1.860000014,-3.089999914,-0.079999998,-0.07,0.689999998
21.73,1772,-2249,1639,-2264,1775,2029,2013,1929,-0.660000026,3.269999981,-6.429999828,-0.02,-0.100000002,0.660000026
21.74,1798,-2389,1705,-2180,1783,2035,2014,1904,2.74000001,1.690000057,7.610000134,-0.029999999,0.07,0.680000007
21.75,1783,-2243,1651,-2270,1774,2053,2013,1901,1.309999943,3.119999886,3.099999905,0.01,0,0.649999976
21.76,1841,-2197,1758,-2246,1774,2051,2013,1902,1.590000033,1.549999952,3.200000048,-0.02,0.02,0.649999976
21.77,1799,-2458,1676,-2245,1775,2039,2021,1915,1.129999995,1.559999943,4.070000172,0,-0.01,0.649999976
21.78,1812,-2333,1640,-2396,1774,2039,2021,1915,-0.280000001,2.859999895,-1.710000038,0,-0.059999999,0.639999986
21.79,1856,-2391,1819,-2153,1777,2040,2024,1952,-0.720000029,2.50999999,0.519999981,0,-0.090000004,0.610000014
21.8,1850,-2426,1751,-2222,1779,2040,2024,1962,0.620000005,0.589999974,0.059999999,-0.039999999,-0.02,0.639999986
21.81,1825,-2286,1710,-2311,1781,2043,2025,1968,0.409999996,2.450000048,0.439999998,-0.02,-0.050000001,0.620000005
21.82,1852,-2496,1818,-2137,1783,2039,2029,1981,0.300000012,2.170000076,6.139999866,0,0.039999999,0.639999986
21.83,1848,-2415,1731,-2179,1783,2040,2030,1981,0.300000012,2.170000076,6.139999866,0,0.039999999,0.639999986
21.84,1814,-2330,1728,-2371,1793,2041,2028,1978,-1.889999986,1.379999995,1.330000043,-0.039999999,0.02,0.639999986
21.85,1841,-2490,1809,-2211,1802,2042,2028,1977,-1.889999986,1.379999995,1.330000043,-0.039999999,0.02,0.639999986
21.86,1880,-2454,1733,-2311,1796,2039,2028,1966,-1.450000048,1.049999952,-2.220000029,-0.039999999,-0.050000001,0.649999976
21.87,1838,-2358,1817,-2312,1787,2037,2024,1947,-0.409999996,2.900000095,-3.650000095,-0.029999999,-0.109999999,0.649999976
21.88,1899,-2420,1836,-2301,1787,2033,2025,1947,3.630000114,1.360000014,3.769999981,-0.079999998,0.059999999,0.649999976
21.89,1849,-2408,1706,-2340,1785,2030,2022,1945,0.07,2.269999981,3.980000019,0.01,0.039999999,0.649999976
21.9,1893,-2418,1801,-2340,1780,2030,2019,1945,1.279999971,2.079999924,2.49000001,0.050000001,0.039999999,0.649999976
21.91,1931,-2445,1776,-2361,1781,2024,2000,1954,-0.790000022,1.570000052,3.029999971,0.059999999,-0.01,0.649999976
21.92,1889,-2452,1744,-2388,1779,2024,2000,1953,0.259999991,2.539999962,0.200000003,0.039999999,0.02,0.660000026
21.93,1910,-2460,1823,-2286,1775,2026,1990,1955,1.120000005,2.460000038,2.24000001,-0.01,-0.01,0.670000017
21.94,1919,-2466,1796,-2411,1775,2037,1995,1955,-0.730000019,2.680000067,-0.460000008,-0.029999999,0,0.680000007
21.95,1925,-2453,1790,-2441,1776,2045,1997,1949,-0.730000019,2.680000067,-0.460000008,-0.029999999,0,0.680000007
21.96,1913,-2479,1805,-2342,1781,2045,1997,1951,-0.050000001,3.049999952,0.810000002,0,-0.01,0.680000007
21.97,1925,-2429,1831,-2437,1792,2051,1999,1954,3.119999886,1.75999999,1.789999962,-0.029999999,0.01,0.670000017
21.98,1937,-2453,1818,-2354,1793,2056,2000,1956,1.299999952,1.549999952,-0.039999999,-0.039999999,0.039999999,0.680000007
21.99,1939,-2557,1868,-2396,1795,2052,2002,1961,1.299999952,1.549999952,-0.039999999,-0.039999999,0.039999999,0.680000007
22,1935,-2498,1857,-2427,1798,2053,2003,1961,1.74000001,1.570000052,-1.309999943,-0.01,-0.02,0.670000017
22.01,1957,-2489,1819,-2286,1803,2050,2006,1968,1.49000001,1.820000052,0.419999987,-0.02,0,0.670000017
22.02,1943,-2589,1892,-2287,1805,2050,2006,1967,2.930000067,1.960000038,-0.689999998,-0.01,0.029999999,0.680000007
22.03,1928,-2430,1861,-2526,1804,2050,2006,1965,0.759999991,0.839999974,1.389999986,-0.029999999,0.050000001,0.670000017
22.04,1965,-2506,1835,-2269,1802,2037,2005,1963,3.079999924,1.090000033,0.769999981,0,0.100000002,0.660000026
22.05,1942,-2533,1917,-2442,1799,2027,2004,1958,3.079999924,1.090000033,0.769999981,0,0.100000002,0.660000026
22.06,1934,-2424,1801,-2473,1798,2033,1998,1955,-1.730000019,2.869999886,-5.860000134,0.01,0.039999999,0.649999976
22.07,1977,-2560,1903,-2356,1797,2036,1990,1952,-1.730000019,2.869999886,-5.860000134,0.01,0.039999999,0.649999976
22.08,1954,-2533,1868,-2474,1794,2044,1985,1947,-1.940000057,2.690000057,-4.840000153,-0.01,-0.090000004,0.670000017
22.09,1988,-2448,1789,-2411,1796,2045,1983,1940,-1.940000057,2.690000057,-4.840000153,-0.01,-0.090000004,0.670000017
22.1,1956,-2588,1890,-2423,1796,2044,1984,1939,2.49000001,1.840000033,5.820000172,0,0.039999999,0.670000017
22.11,1975,-2580,1841,-2465,1785,2029,1984,1944,-0.219999999,2.480000019,3.059999943,0,-0.01,0.670000017
22.12,2014,-2554,1870,-2453,1772,2024,1987,1948,3.039999962,2.809999943,4.360000134,0.02,0.02,0.689999998
22.13,1984,-2586,1901,-2479,1752,2028,1998,1955,3.039999962,2.809999943,4.360000134,0.02,0.02,0.689999998
22.14,1964,-2558,1840,-2482,1714,2030,2003,1965,1.019999981,3.380000114,-2.700000048,0.02,-0.01,0.709999979
22.15,2017,-2595,1882,-2485,1715,2034,2007,1970,1.019999981,3.380000114,-2.700000048,0.02,-0.01,0.709999979
22.16,1983,-2584,1871,-2483,1728,2041,2006,1973,-0.349999994,3.460000038,-5.039999962,-0.02,0.02,0.720000029
22.17,2022,-2573,1869,-2510,1738,2059,2006,1974,-0.349999994,3.460000038,-5.039999962,-0.02,0.02,0.720000029
22.18,2011,-2605,1878,-2511,1745,2059,2005,1974,0.509999991,2.809999943,4.909999847,0,0.039999999,0.720000029
22.19,1985,-2559,1902,-2430,1748,2065,2004,1970,0.529999971,2.910000086,-0.119999997,-0.02,0.039999999,0.720000029
22.2,2035,-2513,1899,-2428,1751,2067,2004,1962,1.399999976,2.609999895,5.019999981,-0.02,0.029999999,0.720000029
22.21,2053,-2621,1896,-2570,1775,2067,2001,1945,1.00999999,2.589999914,2.359999895,0.01,0.02,0.720000029
22.22,2003,-2624,1923,-2507,1775,2067,1998,1945,1.00999999,2.589999914,2.359999895,0.01,0.02,0.720000029
22.23,2083,-2607,1945,-2525,1780,2060,1995,1945,3.569999933,1.909999967,0.769999981,0.01,0.059999999,0.689999998
22.24,2022,-2621,1874,-2542,1779,2049,1988,1953,0.99000001,1.25,-5.639999866,-0.02,-0.01,0.689999998
22.25,2049,-2642,1975,-2529,1778,2045,1985,1955,1.769999981,2.519999981,-3.059999943,-0.01,0.01,0.689999998
22.26,2076,-2582,1969,-2576,1777,2033,1982,1962,1.659999967,0.779999971,-2.5,-0.050000001,-0.029999999,0.689999998
22.27,2067,-2667,1872,-2541,1776,2024,1985,1960,-0.170000002,3.059999943,-1.980000019,-0.039999999,-0.01,0.699999988
22.28,2061,-2685,2000,-2543,1776,2022,1986,1961,2.099999905,1.590000033,-0.090000004,-0.02,-0.039999999,0.699999988
22.29,2068,-2552,1958,-2577,1776,2024,1989,1962,-0.660000026,2.880000114,0.119999997,0,-0.02,0.699999988
22.3,2086,-2703,1963,-2561,1774,2024,1988,1962,1.25999999,1.610000014,2.960000038,-0.01,0.02,0.709999979
22.31,2067,-2709,1997,-2566,1773,2024,1986,1965,-0.759999991,2.789999962,3.400000095,0.01,0,0.699999988
22.32,2099,-2656,1938,-2579,1773,2020,1986,1971,-1.299999952,2.809999943,-1.110000014,0.01,-0.01,0.689999998
22.33,2097,-2687,2027,-2579,1774,2002,1990,1983,0.730000019,2.160000086,-1.75,0.01,-0.059999999,0.709999979
22.34,2055,-2587,1975,-2527,1771,1981,1987,1990,0.810000002,2.5,2.529999971,0,0.02,0.720000029
22.35,2143,-2684,1915,-2619,1776,1962,1979,1992,2.190000057,2.420000076,1.389999986,-0.01,0.039999999,0.709999979
22.36,2106,-2694,2069,-2564,1782,1964,1963,1992,1.429999948,1.970000029,0.689999998,0,0.079999998,0.689999998
22.37,2069,-2713,1991,-2490,1789,1979,1946,1993,1.090000033,2.49000001,1.669999957,0,0.119999997,0.699999988
22.38,2149,-2590,1918,-2721,1804,1984,1929,1994,1.820000052,2.029999971,-2.289999962,-0.01,0,0.709999979
22.39,2101,-2703,2036,-2535,1823,1998,1928,1991,-2.130000114,2.529999971,0.360000014,-0.059999999,0.02,0.699999988
22.4,2119,-2769,2032,-2602,1858,2010,1921,1992,0.25,1.149999976,-2.119999886,-0.029999999,0.01,0.709999979
22.41,2133,-2548,1946,-2661,1869,2018,1912,1991,-1.450000048,2.900000095,-0.639999986,-0.050000001,-0.039999999,0.689999998
22.42,2138,-2794,2070,-2553,1876,2017,1903,1997,1.129999995,1.429999948,0.689999998,-0.01,0.029999999,0.699999988
22.43,2125,-2769,1996,-2640,1879,2020,1898,1996,-0.790000022,2.420000076,2.359999895,-0.01,-0.029999999,0.699999988
22.44,2156,-2728,2021,-2639,1877,2019,1897,2001,-0.259999991,2.190000057,2.569999933,0.02,0.02,0.699999988
22.45,2128,-2747,2072,-2618,1873,2018,1899,2010,0.330000013,1.570000052,3.029999971,-0.01,0,0.709999979
22.46,2103,-2747,1949,-2668,1867,2015,1901,2026,-1.519999981,2.640000105,-2.539999962,0.02,-0.109999999,0.720000029
22.47,2194,-2769,2076,-2645,1862,2015,1906,2058,-0.910000026,2.690000057,-2.640000105,-0.02,-0.100000002,0.720000029
22.48,2144,-2746,2072,-2659,1862,2012,1910,2063,-0.389999986,2.210000038,2.420000076,-0.02,-0.059999999,0.730000019
22.49,2160,-2757,1991,-2662,1860,2009,1914,2061,0.029999999,2.940000057,-0.239999995,-0.01,-0.059999999,0.74000001
22.5,2164,-2771,2058,-2680,1850,2011,1917,2057,1.059999943,3.599999905,4.550000191,0.029999999,0,0.730000019
22.51,2125,-2796,2015,-2687,1835,2013,1920,2061,-0.200000003,2.680000067,1.370000005,0.039999999,-0.01,0.74000001
22.52,2211,-2760,2070,-2690,1824,2011,1919,2048,0.720000029,3.710000038,4.739999771,0.02,0.01,0.730000019
22.53,2173,-2773,2073,-2688,1813,2009,1919,2039,0.460000008,1.5,1.220000029,0.029999999,0,0.75
22.54,2152,-2796,1996,-2700,1798,2008,1920,2033,-0.769999981,3.109999895,-2.589999914,0.039999999,-0.01,0.75
22.55,2224,-2826,2114,-2720,1788,2008,1917,2033,0.319999993,3.170000076,-2.420000076,0.02,-0.039999999,0.74000001
22.56,2154,-2804,2041,-2623,1786,2008,1919,2034,-0.829999983,2.559999943,0.189999998,-0.02,0,0.75
22.57,2224,-2802,2086,-2840,1789,2009,1919,2036,1.860000014,3.029999971,-0.379999995,0,0.01,0.75
22.58,2192,-2741,2106,-2710,1790,2010,1918,2032,0.629999995,2.730000019,2.880000114,-0.01,0.029999999,0.75
22.59,2183,-2845,2007,-2628,1794,2013,1912,2025,4.409999847,2.75999999,1.779999971,0.02,0.090000004,0.779999971
22.6,2252,-2833,2109,-2855,1797,2022,1903,2023,2.349999905,3.720000029,-1.779999971,0,0.02,0.75
22.61,2202,-2676,2085,-2697,1807,2026,1894,2023,-1.779999971,1.730000019,-1.639999986,-0.029999999,0.050000001,0.75
22.62,2237,-2899,2087,-2725,1821,2026,1901,2025,0.74000001,2.089999914,-6.909999847,-0.029999999,-0.079999998,0.769999981
22.63,2223,-2739,2117,-2778,1820,2028,1909,2024,-2.460000038,2.869999886,-4.03000021,-0.090000004,-0.119999997,0.74000001
22.64,2218,-2890,2082,-2689,1820,2029,1915,2034,-1.210000038,2.700000048,1.059999943,0,0.01,0.730000019
22.65,2226,-2912,2176,-2744,1820,2023,1920,2034,0.839999974,3.220000029,1.309999943,-0.029999999,0,0.730000019
22.66,2232,-2685,2103,-2765,1820,2019,1921,2042,-2.630000114,2.690000057,1.789999962,0,-0.02,0.720000029
22.67,2250,-2943,2119,-2739,1823,2005,1922,2056,0.280000001,2.069999933,-2.220000029,0.029999999,-0.01,0.720000029
22.68,2223,-2800,2170,-2766,1822,1994,1922,2056,-0.810000002,3.299999952,3.619999886,0,-0.129999995,0.74000001
22.69,2261,-2891,2113,-2774,1821,1995,1925,2032,1.120000005,2.329999924,-1.860000014,0.059999999,-0.059999999,0.74000001
22.7,2269,-2901,2173,-2717,1821,1998,1925,2013,2.400000095,2.309999943,5.260000229,0,0.050000001,0.74000001
22.71,2227,-2849,2164,-2832,1815,2006,1923,2000,1.24000001,2.130000114,0.879999995,0.079999998,0.029999999,0.74000001
22.72,2319,-2779,2051,-2786,1814,2011,1918,2000,3.130000114,1.629999995,1.940000057,0.059999999,0.039999999,0.75
22.73,2244,-2988,2190,-2658,1802,2021,1919,2008,2.930000067,2.450000048,6.28000021,0.050000001,0.039999999,0.769999981
22.74,2242,-2844,2201,-2929,1796,2039,1920,2014,1.5,2.089999914,-2.539999962,0,0.039999999,0.769999981
22.75,2320,-2846,2004,-2769,1793,2057,1922,2016,0.330000013,4.480000019,4.289999962,0,0.050000001,0.779999971
22.76,2259,-2993,2144,-2650,1795,2067,1922,2020,1.700000048,3.25,-6.46999979,-0.059999999,-0.01,0.790000022
22.77,2204,-2781,2271,-2957,1795,2068,1920,2020,-2.00999999,4.489999771,-1.25999999,-0.059999999,-0.039999999,0.779999971
22.78,2352,-2940,2115,-2736,1803,2067,1932,2019,0.579999983,4.139999866,-0.109999999,-0.100000002,0.059999999,0.769999981
22.79,2296,-2937,2226,-2662,1802,2070,1939,2016,5.210000038,2.670000076,4.730000019,-0.100000002,0.090000004,0.759999991
22.8,2227,-2720,2179,-2961,1806,2073,1940,2013,0.01,2.190000057,-2.819999933,-0.039999999,0.079999998,0.74000001
22.81,2344,-2967,2169,-2748,1803,2069,1937,2013,-0.230000004,2.99000001,0.649999976,-0.039999999,0.119999997,0.720000029
22.82,2322,-2938,2256,-2806,1802,2069,1938,2003,-1.429999948,2.75999999,-9.390000343,-0.039999999,-0.170000002,0.730000019
22.83,2333,-2862,2194,-2868,1795,2066,1939,1991,-0.689999998,2.119999886,-8.170000076,-0.01,-0.100000002,0.709999979
22.84,2321,-2940,2240,-2796,1796,2061,1943,1982,1.870000005,2.079999924,1.139999986,-0.02,-0.039999999,0.720000029
22.85,2299,-2812,2248,-2861,1793,2059,1944,1976,1.350000024,1.899999976,-2.670000076,-0.01,-0.01,0.709999979
22.86,2327,-2931,2236,-2830,1789,2050,1954,1990,1.049999952,1.879999995,3.160000086,-0.029999999,-0.029999999,0.709999979
22.87,2328,-2975,2275,-2742,1781,2027,1971,2002,0.310000002,1.75,3,-0.01,-0.01,0.699999988
22.88,2335,-2794,2247,-2995,1777,2029,1987,2009,0.289999992,2.069999933,2.559999943,0,-0.090000004,0.689999998
22.89,2367,-2914,2211,-2818,1763,2030,1993,2004,-1.919999957,2.970000029,1.5,0,-0.090000004,0.680000007
22.9,2363,-3000,2328,-2826,1749,2033,1997,2001,1.029999971,2.140000105,-0.25,-0.02,-0.02,0.709999979
22.91,2355,-2784,2228,-2881,1750,2038,1997,1997,-0.629999995,2.789999962,0.289999992,0,-0.050000001,0.680000007
22.92,2401,-2977,2309,-2826,1759,2041,1999,1976,0.620000005,2.460000038,4.760000229,-0.07,0.100000002,0.660000026
22.93,2390,-2942,2370,-2817,1765,2052,2003,1957,-0.610000014,2.130000114,2.420000076,-0.059999999,0.079999998,0.600000024
22.94,2430,-2850,2306,-2842,1769,2054,2015,1945,-3.069999933,1.139999986,1.399999976,-0.07,-0.02,0.589999974
22.95,2490,-2916,2422,-2829,1791,2055,2025,1943,1.350000024,1.529999971,-1.74000001,-0.029999999,-0.02,0.529999971
22.96,2384,-2882,2335,-2821,1821,2055,2031,1944,-2.730000019,1.970000029,0.509999991,-0.01,-0.109999999,0.529999971
22.97,2513,-2855,2460,-2840,1814,2055,2031,1947,3.190000057,1.379999995,-4.239999771,0.02,-0.079999998,0.479999989
22.98,2508,-2908,2477,-2831,1809,2057,2030,1954,0.319999993,1.379999995,2.170000076,0.050000001,-0.029999999,0.469999999
22.99,2428,-2893,2317,-2838,1808,2049,2034,1964,2.599999905,1.269999981,-3.369999886,0.02,0.029999999,0.449999988
23,2532,-2848,2530,-2853,1811,2049,2035,1975,2.119999886,1.559999943,4.389999866,0.02,0,0.430000007
23.01,2544,-2882,2492,-2885,1813,2046,2037,1976,-1.159999967,0.800000012,-2.369999886,0.01,0,0.419999987
23.02,2533,-2902,2439,-2832,1809,2045,2037,1966,0.579999983,2.220000029,5.590000153,0,-0.02,0.419999987
23.03,2539,-2887,2586,-2752,1810,2045,2037,1969,3.75999999,0.200000003,1.059999943,-0.02,-0.02,0.409999996
23.04,2549,-2905,2491,-2989,1811,2048,2032,1964,-0.460000008,1.860000014,-0.400000006,0.029999999,0.039999999,0.400000006
23.05,2605,-2892,2554,-2855,1807,2054,2029,1963,0.239999995,2.369999886,-3.190000057,0.02,-0.01,0.379999995
23.06,2574,-2908,2561,-2811,1805,2055,2032,1963,0.550000012,0.540000022,-2.299999952,-0.02,-0.02,0.389999986
23.07,2544,-2886,2502,-2984,1806,2054,2032,1964,0.769999981,2,-2.640000105,-0.039999999,-0.079999998,0.379999995
23.08,2666,-2871,2608,-2853,1807,2053,2033,1959,2.349999905,2.970000029,4.900000095,-0.059999999,0.039999999,0.360000014
23.09,2599,-2937,2615,-2757,1809,2048,2041,1960,3.609999895,0.790000022,5.150000095,-0.02,0.079999998,0.360000014
23.1,2567,-2859,2558,-3063,1812,2039,2052,1963,0.670000017,1.159999967,-2.559999943,0,0.029999999,0.340000004
23.11,2703,-2849,2650,-2868,1816,2029,2052,1966,-0.109999999,1.149999976,-0.460000008,0,0.059999999,0.310000002
23.12,2638,-2935,2661,-2852,1822,2029,2046,1965,-1.100000024,-0.560000002,-3.970000029,-0.059999999,-0.090000004,0.319999993
23.13,2677,-2850,2630,-2953,1824,2031,2047,1958,-0.920000017,1.49000001,-6.039999962,0.02,-0.109999999,0.280000001
23.14,2685,-2934,2698,-2862,1825,2049,2048,1963,1.720000029,0.790000022,2.910000086,0.01,0,0.270000011
23.15,2616,-2919,2613,-2824,1829,2057,2046,1964,1.710000038,0.660000026,1.720000029,0.01,-0.029999999,0.259999991
23.16,2672,-2766,2765,-3035,1828,2055,2043,1968,1.529999971,1.039999962,4.309999943,0,0.07,0.239999995
23.17,2686,-2975,2664,-2884,1829,2052,2043,1969,-3.410000086,0.280000001,2.329999924,-0.02,0.02,0.219999999
23.18,2747,-2965,2733,-2893,1843,2053,2044,1964,-0.850000024,0.879999995,1.980000019,-0.02,-0.059999999,0.239999995
23.19,2744,-2820,2746,-2975,1848,2053,2045,1964,-1.570000052,0.330000013,-1.049999952,-0.02,-0.129999995,0.209999993
23.2,2723,-2984,2693,-2914,1844,2043,2045,1962,0.49000001,-0.050000001,4.630000114,-0.029999999,0,0.230000004
23.21,2771,-2926,2779,-2874,1833,2043,2043,1962,1.669999957,1.179999948,3.910000086,0.01,-0.059999999,0.209999993
23.22,2760,-2806,2663,-3038,1833,2041,2044,1966,0,-0.970000029,2.660000086,-0.02,0.039999999,0.219999999
23.23,2773,-3069,2822,-2904,1832,2039,2044,1965,-0.870000005,1.519999981,4.289999962,-0.029999999,0.02,0.180000007
23.24,2768,-2960,2778,-2908,1833,2039,2044,1966,-1.090000033,-0.730000019,1.179999948,-0.07,-0.100000002,0.200000003
23.25,2827,-2881,2746,-2986,1836,2033,2045,1966,2.819999933,0.949999988,1.419999957,0,-0.050000001,0.189999998
23.26,2778,-3005,2809,-2902,1838,2023,2046,1965,3.170000076,0.200000003,5.260000229,-0.07,0.050000001,0.180000007
23.27,2792,-2963,2710,-2877,1837,2016,2050,1965,2.140000105,0.209999993,3.160000086,0.01,0.079999998,0.159999996
23.28,2844,-2809,2874,-3046,1837,1988,2044,1967,3.930000067,0.589999974,0.439999998,0.01,0.100000002,0.150000006
23.29,2817,-3013,2796,-2905,1838,1969,2034,1967,-1.659999967,-0.280000001,2.289999962,0.02,0.090000004,0.140000001
23.3,2848,-3003,2813,-2963,1853,1977,2029,1969,1.080000043,-0.230000004,-2.75999999,0.039999999,0.07,0.140000001
23.31,2849,-2781,2874,-2942,1864,2003,2027,1966,-1.679999948,-0.239999995,-0.439999998,0,-0.01,0.109999999
23.32,2878,-3104,2826,-2967,1864,2015,2026,1963,2.809999943,-0.949999988,0.25,0,0.07,0.129999995
23.33,2882,-2904,2867,-2954,1879,2027,2021,1965,-2.190000057,1.480000019,3.710000038,-0.07,-0.050000001,0.090000004
23.34,2868,-2997,2895,-3013,1886,2027,2009,1970,1.679999948,-0.509999991,1.610000014,-0.029999999,0.090000004,0.100000002
23.35,2938,-3083,2795,-2985,1896,2036,2014,1966,-1.230000019,1.590000033,5.980000019,-0.07,-0.01,0.090000004
23.36,2939,-2926,2994,-3007,1894,2049,2027,1968,-1.769999981,1.320000052,-0.550000012,-0.039999999,-0.029999999,0.090000004
23.37,2923,-3070,2913,-3032,1893,2045,2031,1968,-0.75,-0.129999995,0.620000005,0.029999999,-0.07,0.100000002
23.38,2976,-3011,2889,-3035,1884,2039,2033,1970,-1.600000024,2.279999971,1.200000048,-0.01,-0.100000002,0.109999999
23.39,2911,-3012,2984,-3084,1884,2031,2057,1982,-0.360000014,-1,-4.619999886,0,-0.129999995,0.109999999
23.4,2974,-3078,2932,-3045,1886,2029,2062,1988,1.059999943,0.529999971,7.320000172,0.02,0,0.119999997
23.41,2945,-3022,2889,-3075,1876,2028,2063,1989,2.00999999,0.159999996,2.880000114,0.059999999,-0.02,0.109999999
23.42,2913,-3068,3045,-3073,1877,2027,2062,1987,2.210000038,-0.150000006,6.769999981,0.01,0.039999999,0.100000002
23.43,3027,-3080,2911,-3065,1878,2028,2063,1988,0.289999992,-0.189999998,5.46999979,0.02,0.02,0.090000004
23.44,2987,-2922,2969,-3131,1878,2027,2063,1984,1.179999948,-0.050000001,2.220000029,0,0,0.100000002
23.45,2879,-3172,3045,-3070,1879,2034,2046,1976,-1.340000033,-0.409999996,1.889999986,0,-0.059999999,0.090000004
23.46,3094,-3136,2983,-3095,1875,2047,2045,1955,0.850000024,0.689999998,0.319999993,0.01,0.059999999,0.100000002
23.47,3000,-2890,3032,-3136,1887,2057,2045,1936,0.810000002,-0.730000019,1.470000029,-0.039999999,-0.02,0.090000004
23.48,2949,-3275,3028,-3126,1889,2057,2043,1938,3.039999962,-0.800000012,0.850000024,0,0.079999998,0.109999999
23.49,3138,-3126,3038,-3046,1883,2055,2042,1947,-0.129999995,1.320000052,5.53000021,0,0,0.07
23.5,3034,-3085,3057,-3264,1880,2046,2044,1957,0.810000002,0.419999987,1.289999962,-0.029999999,0.029999999,0.079999998
23.51,2980,-3219,2962,-3107,1878,2043,2049,1961,-2.150000095,2.24000001,3.170000076,-0.02,-0.02,0.07
23.52,3150,-3141,3153,-3163,1873,2043,2052,1964,0.439999998,1.169999957,-1.909999967,-0.07,-0.100000002,0.100000002
23.53,2962,-3154,2950,-3191,1873,2030,2055,1967,-3.099999905,-0.349999994,-1.100000024,0.01,-0.140000001,0.100000002
23.54,3160,-3210,3137,-3159,1871,2024,2058,1968,-0.050000001,1.99000001,5.610000134,0,0,0.109999999
23.55,3070,-3209,3118,-3216,1873,2030,2063,1967,-2.390000105,-1.139999986,0.050000001,0.029999999,-0.07,0.090000004
23.56,3079,-3174,3033,-3194,1876,2033,2074,1967,-2.369999886,-0.439999998,7.71999979,0.02,0.039999999,0.119999997
23.57,3137,-3243,3126,-3258,1877,2035,2069,1968,1.970000029,-0.02,1.600000024,0.050000001,-0.02,0.090000004
23.58,3024,-3089,3019,-3177,1882,2034,2064,1965,-2.930000067,-0.839999974,5.869999886,-0.02,-0.079999998,0.100000002
23.59,3223,-3337,3183,-3252,1879,2036,2062,1956,3.980000019,1.25999999,0.349999994,0.029999999,-0.039999999,0.090000004
23.6,3109,-3171,3158,-3214,1871,2051,2058,1951,-0.779999971,-0.280000001,3.430000067,-0.01,-0.079999998,0.090000004
23.61,3178,-3253,3142,-3282,1869,2054,2054,1938,6.210000038,1.230000019,-0.810000002,0.01,-0.01,0.100000002
23.62,3167,-3369,3145,-3246,1869,2062,2021,1919,6.400000095,0.569999993,0.829999983,0,0.02,0.090000004
23.63,3197,-3045,3178,-3292,1855,2058,2014,1906,4.090000153,0.610000014,0.02,0.02,0.02,0.129999995
23.64,3218,-3440,3231,-3310,1852,2053,2027,1902,8.68999958,0.689999998,-2.109999895,-0.02,0.090000004,0.100000002
23.65,3201,-3296,3126,-3279,1844,2054,2044,1921,-0.059999999,1.25,5.909999847,-0.02,0,0.109999999
23.66,3235,-3257,3281,-3395,1835,2050,2061,1921,4.699999809,1.860000014,-3.180000067,0,0.059999999,0.109999999
23.67,3233,-3372,3199,-3309,1839,2047,2093,1952,-1.419999957,-0.509999991,5.96999979,-0.050000001,-0.039999999,0.109999999
23.68,3216,-3321,3216,-3370,1837,2048,2105,1954,-0.349999994,1.549999952,-7.019999981,0.02,-0.01,0.119999997
23.69,3252,-3350,3278,-3372,1844,2046,2108,1959,-1.159999967,-1.090000033,-0.5,-0.050000001,-0.100000002,0.100000002
23.7,3235,-3347,3221,-3358,1848,2042,2106,1981,-0.600000024,0.02,-2.390000105,0.039999999,0,0.119999997
23.71,3256,-3345,3291,-3411,1849,2049,2109,1980,0.959999979,-0.560000002,0.029999999,-0.029999999,-0.059999999,0.100000002
23.72,3310,-3386,3203,-3371,1855,2056,2105,1976,1.440000057,-0.469999999,4.590000153,0.01,0.029999999,0.100000002
23.73,3232,-3383,3360,-3306,1857,2056,2096,1969,3.089999914,0.689999998,3.380000114,0.050000001,0.02,0.100000002
23.74,3262,-3393,3290,-3525,1880,2055,2088,1966,2.400000095,0,5.059999943,-0.029999999,0.039999999,0.100000002
23.75,3366,-3395,3209,-3378,1878,2057,2083,1964,1.830000043,2.170000076,4.480000019,0.07,0.090000004,0.090000004
23.76,3354,-3448,3425,-3319,1878,2056,2085,1967,1.25999999,0.560000002,-2.00999999,-0.079999998,-0.059999999,0.100000002
23.77,3260,-3295,3238,-3554,1870,2048,2084,1968,-0.970000029,0.819999993,-2.25999999,0.050000001,-0.039999999,0.100000002
23.78,3435,-3513,3364,-3415,1870,2048,2083,1975,0.439999998,2.319999933,0.860000014,-0.02,-0.029999999,0.090000004
23.79,3283,-3488,3354,-3305,1873,2039,2077,1980,-0.370000005,-0.090000004,-1.039999962,0,-0.039999999,0.100000002
23.8,3388,-3412,3309,-3611,1872,2038,2082,1980,-0.839999974,1.25999999,2.170000076,0.02,0.059999999,0.100000002
23.81,3360,-3464,3378,-3407,1877,2044,2090,1980,-2.529999971,-0.159999996,-3.089999914,-0.090000004,0.02,0.059999999
23.82,3360,-3487,3340,-3497,1880,2046,2090,1969,-3.980000019,-1.50999999,0.550000012,0,-0.129999995,0.109999999
23.83,3410,-3504,3371,-3472,1880,2042,2081,1969,-2.299999952,0.330000013,-7.289999962,0.01,-0.189999998,0.059999999
23.84,3373,-3497,3366,-3482,1878,2044,2071,1969,-0.800000012,0.01,8.199999809,0,-0.100000002,0.109999999
23.85,3422,-3535,3401,-3526,1876,2048,2071,1973,1.24000001,0.649999976,-3.380000114,0.079999998,-0.119999997,0.090000004
23.86,3428,-3518,3407,-3454,1877,2050,2071,1976,1.679999948,1.110000014,12.77000046,-0.02,0,0.100000002
23.87,3337,-3524,3431,-3546,1875,2052,2069,1967,2.75,0,2.450000048,0.059999999,-0.02,0.109999999
23.88,3545,-3491,3433,-3591,1874,2055,2066,1967,1.720000029,1.409999967,8.720000267,-0.029999999,0,0.100000002
23.89,3464,-3566,3450,-3476,1874,2054,2073,1966,1.950000048,1.129999995,5.670000076,0,0,0.100000002
23.9,3328,-3567,3378,-3587,1872,2056,2080,1966,-0.430000007,0.699999988,-0.039999999,-0.029999999,-0.039999999,0.109999999
23.91,3593,-3520,3526,-3643,1856,2057,2080,1963,0.310000002,1.620000005,-2.279999971,-0.039999999,-0.079999998,0.079999998
23.92,3438,-3609,3436,-3473,1860,2056,2086,1959,-1.289999962,-0.600000024,-2.170000076,-0.059999999,-0.079999998,0.100000002
23.93,3470,-3601,3494,-3700,1857,2057,2086,1961,5.150000095,1.24000001,-0.129999995,0,-0.050000001,0.119999997
23.94,3507,-3545,3514,-3618,1857,2057,2085,1968,2.920000076,1.669999957,2.190000057,0.02,0.059999999,0.090000004
23.95,3461,-3629,3389,-3492,1859,2056,2087,1970,5.010000229,-0.079999998,1.789999962,0,0.090000004,0.129999995
23.96,3470,-3590,3602,-3775,1854,2058,2087,1961,5.5,1.00999999,-2.069999933,0.050000001,0.059999999,0.100000002
23.97,3505,-3557,3510,-3589,1862,2054,2086,1960,-3.00999999,-1.230000019,-1.210000038,-0.050000001,0.029999999,0.109999999
23.98,3561,-3714,3520,-3660,1869,2055,2088,1954,3.589999914,-0.860000014,-5.800000191,0.02,-0.039999999,0.140000001
23.99,3540,-3492,3562,-3673,1872,2062,2088,1956,-2.349999905,0.779999971,-1.850000024,-0.02,-0.140000001,0.109999999
24,3539,-3768,3524,-3648,1862,2059,2087,1957,0.980000019,-0.189999998,2.930000067,0,0.07,0.109999999
24.01,3576,-3703,3571,-3651,1855,2059,2087,1958,0.439999998,1.559999943,3.799999952,-0.01,-0.029999999,0.090000004
24.02,3577,-3471,3566,-3707,1855,2054,2087,1962,-2.079999924,0.479999989,2.230000019,0,0,0.090000004
24.03,3592,-3849,3579,-3679,1850,2053,2088,1963,1.669999957,1.480000019,0.920000017,0.050000001,0.02,0.079999998
24.04,3587,-3591,3515,-3675,1839,2057,2089,1958,-2.799999952,1.779999971,0.879999995,-0.029999999,-0.150000006,0.100000002
24.05,3606,-3710,3637,-3739,1835,2048,2094,1957,2.819999933,0.620000005,-5.110000134,0.02,-0.059999999,0.100000002
24.06,3600,-3797,3596,-3651,1842,2054,2100,1957,3.049999952,0.469999999,5.730000019,-0.039999999,-0.02,0.100000002
24.07,3629,-3551,3483,-3630,1841,2063,2095,1941,3.75,0.850000024,-0.349999994,0.059999999,0.029999999,0.100000002
24.08,3618,-3838,3717,-3837,1851,2063,2090,1937,7.059999943,-0.270000011,3.799999952,0.01,0.119999997,0.100000002
24.09,3611,-3744,3516,-3677,1843,2067,2086,1933,-3.450000048,1.909999967,4.489999771,0.07,0.07,0.090000004
24.1,3689,-3691,3667,-3781,1839,2083,2087,1929,2.160000086,1.340000033,0.959999979,0.01,0.029999999,0.100000002
24.11,3609,-3785,3710,-3747,1848,2095,2085,1928,-3.380000114,0.230000004,1.620000005,-0.02,-0.07,0.079999998
24.12,3725,-3739,3601,-3789,1839,2096,2085,1928,-3.619999886,1.929999948,-1.570000052,-0.059999999,-0.07,0.109999999
24.13,3695,-3783,3753,-3822,1836,2085,2089,1927,0.620000005,0.340000004,-1.409999967,-0.119999997,-0.140000001,0.079999998
24.14,3602,-3791,3551,-3803,1832,2079,2095,1928,-3.75999999,0.540000022,0.529999971,-0.059999999,-0.100000002,0.100000002
24.15,3833,-3807,3834,-3841,1832,2078,2095,1929,2.430000067,1.470000029,-5.269999981,-0.02,-0.090000004,0.079999998
24.16,3757,-3815,3703,-3820,1840,2077,2117,1954,-0.469999999,-0.730000019,5.980000019,0.01,-0.079999998,0.090000004
24.17,3757,-3795,3697,-3872,1841,2074,2122,1982,5.550000191,1.840000033,-0.409999996,0.119999997,0.01,0.100000002
24.18,3723,-3838,3815,-3826,1840,2073,2122,2000,5.679999828,1.320000052,8.149999619,0.050000001,0.01,0.090000004
24.19,3739,-3811,3607,-3849,1848,2072,2117,2002,3.839999914,-0.039999999,4.420000076,0.109999999,0.100000002,0.100000002
24.2,3763,-3847,3865,-3892,1852,2077,2112,1998,5.739999771,1.629999995,2.789999962,0.039999999,0.100000002,0.090000004
24.21,3726,-3869,3779,-3840,1864,2079,2112,1994,-0.289999992,-0.980000019,3.029999971,0,0.090000004,0.100000002
24.22,3852,-3899,3744,-3893,1873,2081,2108,1990,2.029999971,1.600000024,-4.300000191,0.02,0.079999998,0.090000004
24.23,3755,-3751,3853,-3873,1876,2071,2100,1990,-1.24000001,0.370000005,-2.630000114,-0.059999999,0.01,0.079999998
24.24,3846,-3987,3761,-3879,1876,2063,2098,1983,-0.469999999,0.439999998,-5.900000095,-0.029999999,0,0.100000002
24.25,3803,-3944,3843,-3912,1849,2065,2099,1971,-1.049999952,1.200000048,-3.599999905,-0.059999999,-0.059999999,0.07
24.26,3821,-3856,3800,-3943,1834,2067,2104,1971,-0.759999991,-0.050000001,1.179999948,0,0.01,0.079999998
24.27,3882,-4003,3823,-3928,1834,2062,2106,1967,2.069999933,0.150000006,0.340000004,-0.050000001,-0.02,0.079999998
24.28,3871,-3925,3826,-3944,1845,2064,2107,1957,-0.430000007,0.519999981,4.429999828,-0.01,0,0.07
24.29,3856,-3957,3834,-3976,1863,2066,2109,1955,2.329999924,0.209999993,0.02,0.059999999,0.050000001,0.090000004
24.3,3886,-4004,3859,-3958,1874,2070,2104,1961,0.790000022,0.860000014,2.25999999,0.039999999,-0.029999999,0.090000004
24.31,3873,-3963,3868,-3886,1856,2083,2105,1959,1.25,0.400000006,-1.809999943,0.100000002,-0.01,0.090000004
24.32,3902,-3873,3891,-4118,1848,2096,2103,1954,2.369999886,1.019999981,4.449999809,0,0,0.090000004
24.33,3912,-4050,3790,-3983,1848,2092,2096,1955,-1.120000005,1.580000043,1.120000005,-0.02,-0.01,0.079999998
24.34,3952,-4041,4003,-4015,1849,2086,2095,1952,0.920000017,0.920000017,2.150000095,-0.109999999,-0.01,0.100000002
24.35,3883,-3826,3861,-4078,1843,2081,2104,1940,-1.940000057,0.689999998,-0.730000019,-0.039999999,-0.079999998,0.090000004
24.36,3942,-4167,3933,-4037,1834,2073,2106,1925,1.980000019,1.080000043,4.610000134,-0.07,-0.01,0.109999999
24.37,3898,-4049,4065,-4036,1836,2070,2107,1919,-2.130000114,-0.050000001,3.720000029,-0.029999999,-0.079999998,0.090000004
24.38,3971,-3961,3845,-4110,1843,2066,2109,1947,-2.170000076,0,3.25,0.01,0.029999999,0.090000004
24.39,3982,-4145,4046,-4053,1849,2087,2108,1950,1.659999967,0,3,0,-0.029999999,0.07
24.4,3837,-3894,3966,-3996,1850,2092,2112,1947,-3.769999981,-0.779999971,2.279999971,0.01,-0.07,0.079999998
24.41,4127,-4190,3980,-4225,1852,2091,2111,1948,4.440000057,0.560000002,-1.75,0.029999999,0,0.079999998
24.42,3955,-4081,4006,-4040,1862,2091,2110,1949,-2.089999914,1.549999952,3.549999952,0,-0.059999999,0.059999999
24.43,4015,-4075,3997,-4117,1862,2098,2114,1951,7.179999828,-0.439999998,-3.819999933,0.029999999,0.050000001,0.100000002
24.44,4033,-4175,4043,-4124,1859,2099,2115,1947,7.650000095,0.360000014,3.339999914,0.029999999,0.029999999,0.07
24.45,4031,-4070,4021,-4099,1851,2085,2118,1945,1.720000029,-0.879999995,0.029999999,0,0.050000001,0.119999997
24.46,4041,-4170,4047,-4147,1847,2089,2116,1946,7.880000114,-0.230000004,-0.819999993,0.029999999,0.090000004,0.090000004
24.47,4033,-4116,4021,-4140,1846,2089,2115,1952,0.610000014,-0.310000002,6.389999866,-0.050000001,0.01,0.090000004
24.48,4086,-4063,4068,-4152,1843,2087,2116,1951,4.5,0.769999981,-4.050000191,0.050000001,0.129999995,0.090000004
24.49,4065,-4258,4058,-4166,1843,2088,2119,1945,0.930000007,-0.569999993,5,-0.01,0.029999999,0.090000004
24.5,4008,-4193,3989,-4161,1847,2094,2117,1944,1.169999957,0.779999971,-7.21999979,0.029999999,0.140000001,0.090000004
24.51,4169,-3995,4143,-4176,1851,2095,2099,1943,2.230000019,-0.109999999,1.379999995,-0.029999999,0.02,0.079999998
24.52,4095,-4323,4080,-4211,1863,2097,2061,1942,3.289999962,0.140000001,-5.71999979,-0.039999999,0.029999999,0.079999998
24.53,4024,-4190,4013,-4179,1864,2102,2061,1933,1.029999971,2.319999933,3.150000095,-0.059999999,0.01,0.07
24.54,4240,-4000,4238,-4143,1865,2097,2072,1931,3.670000076,0.090000004,-5.170000076,-0.119999997,0,0.059999999
24.55,4141,-4333,4066,-4299,1863,2082,2075,1926,-0.959999979,-0.07,1.570000052,-0.029999999,-0.01,0.079999998
24.56,4100,-4198,4155,-4197,1853,2068,2079,1929,-1.769999981,3.50999999,-3.970000029,0.01,-0.059999999,0.059999999
24.57,4190,-4204,4221,-4229,1850,2048,2084,1941,3.019999981,-1.169999957,-3.299999952,0.02,-0.039999999,0.050000001
24.58,4179,-4227,4029,-4273,1860,2030,2082,1949,2.700000048,-0.75,-2.559999943,0.029999999,-0.01,0.059999999
24.59,4175,-4215,4294,-4232,1856,2034,2082,1959,2.970000029,-0.100000002,-0.100000002,-0.059999999,0.039999999,0.039999999
24.6,4166,-4234,4203,-4283,1861,2039,2082,1955,2.140000105,-3.529999971,-0.430000007,-0.029999999,-0.039999999,0.050000001
24.61,4244,-4271,4080,-4274,1858,2044,2084,1952,2.549999952,1.710000038,2.170000076,0.02,0,0.039999999
24.62,4197,-4148,4390,-4185,1860,2043,2085,1957,4.690000057,0.25,2.039999962,-0.050000001,0,0.039999999
24.63,4145,-4357,4148,-4342,1863,2040,2088,1965,0.029999999,-0.209999993,2.75999999,-0.02,0.050000001,0.039999999
24.64,4322,-4287,4240,-4256,1861,2038,2089,1969,1.610000014,1.049999952,0.219999999,0,0.07,0.029999999
24.65,4214,-4104,4307,-4170,1865,2034,2091,1966,1.169999957,-2.440000057,-0.230000004,-0.039999999,0.050000001,0.039999999
24.66,4198,-4408,4095,-4397,1866,2035,2091,1959,2.49000001,-1.690000057,-3.039999962,0.039999999,0.059999999,0.039999999
24.67,4320,-4287,4365,-4242,1865,2061,2090,1960,-1.909999967,0.370000005,1.799999952,-0.090000004,0.059999999,-0.01
24.68,4262,-4262,4251,-4290,1873,2056,2086,1958,-2.680000067,-2.690000057,-3.75999999,-0.050000001,-0.01,0
24.69,4291,-4362,4226,-4323,1885,2065,2086,1956,-2.680000067,-2.690000057,-3.75999999,-0.050000001,-0.01,0
24.7,4283,-4311,4317,-4299,1893,2086,2086,1948,0.259999991,0.07,2.690000057,0.01,-0.01,0
24.71,4335,-4196,4272,-4251,1897,2092,2083,1943,2.869999886,-0.219999999,-1.950000048,0.039999999,0,0
24.72,4323,-4433,4325,-4417,1899,2096,2082,1942,1.370000005,2.079999924,1.820000052,0.039999999,0.01,0
24.73,4234,-4354,4311,-4348,1894,2087,2083,1943,-1.620000005,1.120000005,-1.929999948,0.039999999,0.01,-0.029999999
24.74,4428,-4264,4343,-4402,1888,2054,2087,1948,-0.379999995,-0.050000001,2.190000057,-0.02,-0.100000002,-0.02
24.75,4454,-4408,4391,-4410,1882,2022,2093,1950,-0.889999986,0.07,-4.900000095,0.059999999,-0.119999997,-0.029999999
24.76,4317,-4346,4353,-4356,1871,2019,2093,1952,-2.529999971,1.99000001,6.380000114,0.02,-0.07,-0.02
24.77,4394,-4390,4399,-4472,1841,2024,2103,1963,5.099999905,1.029999971,-1.139999986,0.090000004,-0.029999999,-0.039999999
24.78,4402,-4376,4285,-4394,1825,2037,2109,1960,-1.149999976,0.259999991,4.400000095,-0.01,-0.02,-0.029999999
24.79,4364,-4364,4486,-4431,1828,2036,2114,1952,4.409999847,-0.449999988,-2.579999924,-0.059999999,0.050000001,-0.01
24.8,4391,-4406,4410,-4435,1834,2037,2120,1948,1.389999986,-1.919999957,1.870000005,-0.050000001,-0.07,-0.01
24.81,4427,-4396,4276,-4424,1845,2038,2118,1937,2.680000067,0.899999976,-1.950000048,0,0,0
24.82,4398,-4435,4578,-4443,1852,2038,2117,1932,4.510000229,0.01,1.970000029,-0.01,0.039999999,-0.01
24.83,4458,-4446,4421,-4422,1864,2039,2116,1933,1.25999999,-1.159999967,0.920000017,0,0.079999998,-0.01
24.84,4471,-4315,4345,-4464,1869,2045,2109,1934,0.949999988,0.509999991,-0.409999996,0.039999999,0.100000002,-0.02
24.85,4348,-4504,4556,-4452,1870,2047,2104,1933,-0.670000017,-1.25,-4.639999866,0.01,0.02,-0.02
24.86,4553,-4508,4425,-4434,1870,2047,2102,1930,0.529999971,-0.850000024,-1.419999957,0.01,0,-0.01
24.87,4496,-4308,4440,-4482,1874,2043,2103,1925,4.349999905,-0.310000002,1.090000033,-0.039999999,-0.01,-0.02
24.88,4361,-4567,4503,-4474,1878,2035,2109,1923,2.99000001,-0.879999995,-0.300000012,-0.050000001,0.079999998,-0.02
24.89,4608,-4531,4342,-4448,1884,2073,2112,1928,1.779999971,0.409999996,4.829999924,0.02,0.109999999,-0.039999999
24.9,4468,-4300,4557,-4543,1893,2082,2100,1934,-0.529999971,-0.140000001,-4.989999771,0.01,-0.02,-0.050000001
24.91,4487,-4614,4556,-4454,1898,2082,2108,1938,-1.179999948,-0.039999999,-3.380000114,0.01,-0.02,-0.029999999
24.92,4561,-4486,4425,-4527,1887,2089,2110,1938,-1.25,0.939999998,-2.339999914,0,-0.109999999,-0.029999999
24.93,4484,-4430,4588,-4567,1891,2084,2108,1946,-0.449999988,-0.02,-5.409999847,-0.100000002,-0.150000006,-0.039999999
24.94,4587,-4588,4544,-4515,1893,2075,2108,1947,2.49000001,0.25,2.839999914,0.02,-0.01,-0.039999999
24.95,4545,-4378,4453,-4460,1888,2068,2114,1944,1.639999986,-0.560000002,0.370000005,0.02,-0.059999999,-0.039999999
24.96,4520,-4509,4654,-4656,1882,2057,2118,1944,4.300000191,-0.01,8.539999962,0.02,0.119999997,-0.039999999
24.97,4599,-4583,4444,-4491,1887,2056,2114,1932,-3.619999886,0.209999993,7.239999771,0.07,0.079999998,-0.059999999
24.98,4578,-4529,4626,-4574,1890,2066,2114,1909,-0.939999998,0.649999976,0.300000012,0.039999999,-0.050000001,-0.050000001
24.99,4538,-4530,4648,-4561,1889,2081,2111,1911,-3.470000029,-2.480000019,-0.839999974,0.119999997,-0.129999995,-0.059999999
25,4633,-4570,4528,-4545,1889,2084,2096,1928,-1.399999976,0.239999995,5.340000153,0,-0.01,-0.050000001
25.01,4566,-4593,4666,-4573,1895,2064,2086,1944,-0.810000002,-1.659999967,-0.129999995,-0.059999999,-0.140000001,-0.059999999
25.02,4635,-4578,4591,-4565,1897,2057,2095,1942,-2.109999895,-1.039999962,4.769999981,-0.07,-0.01,-0.050000001
25.03,4654,-4596,4637,-4605,1896,2054,2099,1936,2.069999933,-0.629999995,0.930000007,-0.029999999,-0.07,-0.059999999
25.04,4529,-4579,4615,-4587,1895,2051,2107,1935,-1.090000033,-0.670000017,4.769999981,-0.059999999,-0.039999999,-0.050000001
25.05,4732,-4636,4621,-4609,1891,2045,2113,1937,2.900000095,-0.079999998,1.139999986,0.039999999,-0.029999999,-0.059999999
25.06,4719,-4616,4657,-4609,1891,2047,2121,1938,0.790000022,-0.280000001,3.930000067,0.029999999,-0.039999999,-0.059999999
25.07,4550,-4511,4632,-4614,1891,2056,2134,1940,3.859999895,-0.670000017,2.25,0.119999997,0.039999999,-0.050000001
25.08,4766,-4710,4622,-4637,1892,2065,2120,1940,2.210000038,-0.430000007,1.070000052,0.07,0.02,-0.059999999
25.09,4624,-4643,4639,-4625,1887,2081,2117,1937,-1.350000024,-0.280000001,-2.019999981,0.050000001,0.029999999,-0.059999999
25.1,4669,-4544,4665,-4662,1886,2092,2119,1933,0.439999998,0,-1.100000024,0.039999999,-0.01,-0.050000001
25.11,4725,-4694,4703,-4661,1887,2094,2115,1932,0.709999979,0.059999999,-3.049999952,-0.039999999,-0.02,-0.059999999
25.12,4728,-4626,4717,-4625,1889,2072,2114,1931,-2.650000095,1.230000019,0.409999996,-0.029999999,-0.02,-0.059999999
25.13,4687,-4664,4711,-4724,1889,2060,2118,1929,0.790000022,0.409999996,-7.130000114,0,-0.02,-0.07
25.14,4730,-4665,4630,-4703,1879,2050,2119,1926,-0.079999998,0.180000007,1.950000048,0.039999999,-0.100000002,-0.059999999
25.15,4725,-4634,4768,-4673,1875,2047,2119,1930,1,-0.699999988,-3.619999886,-0.01,-0.059999999,-0.07
25.16,4617,-4678,4746,-4721,1879,2052,2122,1931,2.670000076,-1.100000024,4.960000038,0.039999999,0,-0.07
25.17,4816,-4695,4653,-4706,1878,2061,2126,1932,3.569999933,-1.25,3.369999886,0.039999999,-0.01,-0.059999999
25.18,4734,-4681,4840,-4679,1882,2065,2126,1935,1.980000019,-1.039999962,4.440000057,0,0.119999997,-0.079999998
25.19,4639,-4724,4740,-4684,1889,2056,2128,1943,-0.349999994,-0.970000029,2.519999981,0,0.059999999,-0.059999999
25.2,4857,-4700,4741,-4695,1887,2055,2129,1946,2.099999905,-0.050000001,-2.450000048,-0.01,0,-0.059999999
25.21,4744,-4624,4775,-4716,1890,2057,2130,1946,-0.469999999,-1.600000024,1.549999952,-0.039999999,0.039999999,-0.059999999
25.22,4769,-4768,4736,-4704,1889,2058,2129,1938,-0.670000017,-1.159999967,-3.690000057,0,0,-0.050000001
25.23,4806,-4774,4754,-4712,1896,2067,2130,1938,-0.319999993,-0.579999983,-2.319999933,-0.050000001,-0.039999999,-0.07
25.24,4749,-4685,4774,-4747,1910,2070,2131,1939,-0.430000007,-1.639999986,1,0.029999999,0.07,-0.079999998
25.25,4832,-4803,4768,-4719,1923,2078,2122,1938,0.670000017,-0.219999999,-0.039999999,0.029999999,0.029999999,-0.079999998
25.26,4791,-4703,4802,-4643,1929,2094,2109,1936,-0.829999983,0.029999999,0.930000007,0.090000004,-0.039999999,-0.090000004
25.27,4817,-4745,4776,-4857,1927,2107,2108,1937,0.660000026,-0.600000024,-3.549999952,0.079999998,-0.050000001,-0.079999998
25.28,4821,-4754,4774,-4795,1920,2112,2107,1937,1.50999999,0.610000014,4.769999981,0.01,-0.01,-0.079999998
25.29,4868,-4753,4771,-4691,1918,2093,2106,1932,2.930000067,-0.769999981,2.109999895,-0.029999999,-0.050000001,-0.07
25.3,4841,-4771,4898,-4860,1915,2071,2112,1927,4.110000134,0.349999994,0.889999986,-0.02,0.029999999,-0.079999998
25.31,4762,-4776,4884,-4783,1911,2055,2118,1925,0.709999979,-0.209999993,3.019999981,0,0.01,-0.079999998
25.32,4921,-4782,4747,-4743,1910,2036,2119,1930,0.689999998,0.230000004,-2.769999981,-0.079999998,-0.02,-0.07
25.33,4826,-4659,4926,-4874,1911,2025,2119,1931,-0.629999995,-1.139999986,0.180000007,0.029999999,-0.02,-0.090000004
25.34,4813,-4809,4808,-4805,1911,2014,2120,1932,-0.090000004,-1.230000019,-2.029999971,0.029999999,-0.07,-0.07
25.35,4889,-4871,4835,-4783,1908,2023,2120,1933,4.090000153,-0.180000007,2.660000086,0.059999999,0.050000001,-0.079999998
25.36,4827,-4665,4882,-4851,1899,2027,2120,1933,0.980000019,-1.720000029,-1.419999957,0.01,0.07,-0.100000002
25.37,4836,-4918,4839,-4790,1884,2023,2108,1941,4.190000057,-0.509999991,-0.07,-0.029999999,0.150000006,-0.079999998
25.38,4914,-4825,4868,-4821,1893,2018,2109,1937,-1.570000052,0.059999999,-4.039999962,-0.119999997,-0.059999999,-0.100000002
25.39,4869,-4791,4841,-4848,1908,2019,2116,1934,-0.860000014,-0.25,-9.449999809,-0.02,0.02,-0.079999998
25.4,4905,-4863,4897,-4808,1927,2031,2118,1924,3.269999981,-0.649999976,0.189999998,-0.039999999,-0.050000001,-0.059999999
25.41,4913,-4860,4893,-4781,1945,2046,2117,1920,1.190000057,0.769999981,-3.839999914,0,0,-0.079999998
25.42,4887,-4732,4853,-4884,1975,2063,2117,1923,0.310000002,-1.169999957,1.289999962,0,0.090000004,-0.079999998
25.43,4918,-4924,4883,-4869,1987,2081,2110,1923,1.220000029,0.239999995,-0.300000012,0.079999998,0.02,-0.090000004
25.44,4914,-4869,4815,-4737,1979,2096,2111,1934,-0.189999998,-1.779999971,1.980000019,0.01,-0.029999999,-0.090000004
25.45,4921,-4782,4959,-4957,1977,2108,2113,1937,1.830000043,-0.529999971,2.410000086,-0.029999999,-0.01,-0.100000002
25.46,4936,-4881,4979,-4858,1978,2098,2109,1936,1.399999976,-1.279999971,-1.00999999,-0.029999999,-0.100000002,-0.090000004
25.47,4978,-4852,4828,-4775,1977,2093,2116,1933,3.99000001,-0.109999999,1.99000001,-0.100000002,-0.050000001,-0.07
25.48,4915,-4784,5020,-5000,1979,2090,2117,1936,4.489999771,-1.100000024,-0.620000005,-0.090000004,0.079999998,-0.079999998
25.49,4898,-4906,4898,-4881,1980,2086,2118,1936,-2.619999886,-0.589999974,3.559999943,-0.07,0.059999999,-0.079999998
25.5,4961,-4916,4911,-4884,1976,2085,2118,1940,0.090000004,-1.649999976,-4.949999809,0.039999999,-0.039999999,-0.07
25.51,4921,-4827,4971,-4926,1975,2083,2119,1940,-2.970000029,-1.809999943,-2.380000114,0.01,-0.109999999,-0.079999998
25.52,4947,-4921,4911,-4880,1975,2081,2117,1938,1.49000001,-1.620000005,3.200000048,0.02,0,-0.059999999
25.53,4958,-4892,4971,-4927,1973,2075,2112,1941,1.700000048,-1.25999999,4.039999962,-0.029999999,-0.029999999,-0.07
25.54,4971,-4851,4942,-4888,1975,2069,2112,1945,-0.579999983,-1.970000029,2.329999924,-0.01,0.079999998,-0.07
25.55,4976,-4950,4962,-4891,1972,2062,2112,1928,1.179999948,-1.370000005,2.220000029,0,0,-0.07
25.56,4941,-4963,4929,-4914,1966,2055,2110,1931,1.299999952,-0.899999976,-1.710000038,-0.02,-0.050000001,-0.059999999
25.57,5003,-4783,4952,-4914,1963,2049,2094,1934,1.830000043,-0.400000006,3.910000086,-0.01,0,-0.079999998
25.58,4973,-5001,4999,-4922,1964,2039,2087,1928,3.670000076,-0.620000005,-2.75999999,-0.059999999,-0.01,-0.07
25.59,4906,-4971,4888,-4914,1962,2041,2092,1922,1,0.140000001,1.389999986,0,0.02,-0.07
25.6,5044,-4804,4963,-4949,1979,2048,2093,1926,2.049999952,-0.409999996,-2.180000067,0,0.100000002,-0.079999998
25.61,4981,-4987,4977,-4923,1984,2054,2095,1934,-0.610000014,-1.460000038,0.670000017,0.01,0.050000001,-0.07
25.62,4977,-4973,4950,-4937,1972,2088,2098,1939,-1.210000038,0.409999996,-2.99000001,0.07,-0.039999999,-0.07
25.63,5036,-4864,5035,-4976,1968,2090,2098,1948,2.710000038,-1.090000033,0.170000002,-0.02,0.02,-0.079999998
25.64,4995,-4965,5001,-4945,1971,2078,2096,1942,-0.779999971,-0.600000024,-4.260000229,-0.029999999,-0.039999999,-0.079999998
25.65,5007,-4980,5015,-4974,1961,2076,2098,1932,0.540000022,0.629999995,-5.889999866,-0.01,-0.039999999,-0.079999998
25.66,5024,-4912,4995,-4997,1974,2072,2098,1930,1.480000019,-1.730000019,0.790000022,-0.050000001,-0.029999999,-0.059999999
25.67,4986,-4976,4941,-4968,1981,2075,2098,1936,0.5,0.829999983,-0.100000002,0.01,0.01,-0.059999999
25.68,5014,-4934,5063,-4926,1976,2081,2104,1936,1.710000038,-0.259999991,3.380000114,0.029999999,-0.029999999,-0.07
25.69,5013,-4988,5022,-5032,1972,2078,2099,1943,0.819999993,-2.200000048,3.720000029,0.079999998,0.02,-0.059999999
25.7,5012,-4980,4953,-4973,1975,2074,2099,1959,-0.839999974,-0.629999995,0.170000002,0.039999999,-0.02,-0.059999999
25.71,5012,-4980,4953,-4973,1975,2074,2099,1959,-0.839999974,-0.629999995,0.170000002,0.039999999,-0.02,-0.059999999
25.72,5041,-4962,4960,-5020,1969,2057,2095,1967,2.960000038,-1.610000014,0.980000019,-0.039999999,0.029999999,-0.059999999
25.73,5027,-5005,5018,-4973,1976,2050,2095,1962,1.340000033,0.370000005,-1.519999981,-0.039999999,0.059999999,-0.050000001
25.74,4983,-4928,5064,-4984,1976,2051,2096,1962,1.610000014,-0.949999988,-2.289999962,-0.050000001,-0.01,-0.050000001
25.75,5069,-5025,4915,-5001,1969,2053,2101,1959,2.049999952,0.059999999,0.970000029,0.01,0.07,-0.050000001
25.76,5014,-5053,5067,-4975,1974,2059,2094,1960,0.970000029,-0.280000001,-1.889999986,0.059999999,0.01,-0.059999999
25.77,4962,-4867,5013,-5025,1973,2066,2092,1959,0.02,-0.330000013,-2.039999962,0.059999999,0.029999999,-0.050000001
25.78,5115,-5048,4950,-5022,1971,2074,2084,1954,2.400000095,-1.320000052,-1.090000033,0.039999999,0.029999999,-0.050000001
25.79,5046,-5069,5029,-4919,1974,2095,2066,1951,-2.089999914,0.129999995,-1.559999943,-0.059999999,-0.01,-0.059999999
25.8,5051,-4946,5065,-5119,1975,2086,2057,1948,-0.519999981,-0.569999993,-1.019999981,0,0,-0.059999999
25.81,5093,-5019,5066,-5033,1970,2074,2072,1942,0.289999992,0.540000022,-1.220000029,-0.059999999,-0.039999999,-0.050000001
25.82,5030,-5053,5102,-4940,1974,2073,2078,1944,-2.74000001,0.349999994,-0.439999998,-0.039999999,-0.07,-0.050000001
25.83,5123,-4991,5080,-5165,1986,2068,2078,1958,-0.050000001,-0.439999998,-4.039999962,0.050000001,-0.090000004,-0.059999999
25.84,5029,-5032,5072,-5045,1992,2067,2077,1969,-0.07,0.569999993,4.130000114,0.059999999,-0.079999998,-0.050000001
25.85,5069,-5047,5065,-5075,1979,2071,2077,1972,2.599999905,-1.480000019,2.230000019,0.109999999,-0.039999999,-0.039999999
25.86,5079,-5012,5061,-5083,1969,2070,2077,1972,2.950000048,-0.889999986,4.300000191,0.100000002,0.029999999,-0.039999999
25.87,5035,-5101,5075,-5021,1970,2060,2080,1995,1.049999952,-1.899999976,3.460000038,0.01,0.050000001,-0.02
25.88,5044,-4998,5054,-5060,1951,2031,2085,2008,2.710000038,-0.509999991,0,0,0.01,-0.02
25.89,5092,-5036,5068,-5084,1928,1997,2086,1980,2.5,-1.340000033,3.339999914,-0.07,0.039999999,-0.02
25.9,5110,-5124,5043,-5041,1920,2005,2088,1961,0.800000012,-0.100000002,-3.089999914,-0.050000001,0.090000004,-0.029999999
25.91,5002,-4956,5058,-4992,1925,2019,2089,1940,2.339999914,-0.379999995,0.610000014,-0.029999999,0.129999995,-0.02
25.92,5083,-5105,5035,-5100,1937,2024,2086,1923,1.850000024,-0.509999991,-5.679999828,-0.01,0.059999999,-0.029999999
25.93,5093,-5132,5043,-5019,1949,2038,2082,1910,-1.25999999,0.540000022,-1.429999948,0.039999999,0.119999997,-0.050000001
25.94,5143,-4998,5105,-5080,1959,2062,2077,1910,-2.00999999,-0.699999988,-6.5,0.039999999,0,-0.039999999
25.95,5084,-5084,5087,-5080,1960,2090,2063,1913,-0.540000022,0.600000024,-5.920000076,0.01,0,-0.050000001
25.96,5111,-5083,5102,-5113,1946,2124,2045,1911,-2.150000095,0.079999998,-0.439999998,0.029999999,-0.059999999,-0.039999999
25.97,5156,-5088,5086,-5148,1940,2119,2051,1910,-2.220000029,0.050000001,-9.390000343,-0.07,-0.129999995,-0.050000001
25.98,5107,-5115,5089,-5115,1942,2107,2070,1907,1.289999962,0.079999998,6.159999847,-0.01,-0.059999999,-0.02
25.99,5119,-5106,5105,-5159,1959,2102,2092,1916,0.75,-0.560000002,0.699999988,0,-0.059999999,-0.01
26,5144,-5002,5120,-5123,1970,2102,2111,1938,0.419999987,0.090000004,6.769999981,0.039999999,0,-0.02
26.01,5151,-5178,5109,-5063,1978,2107,2120,1956,0.49000001,-0.400000006,3.75,0.109999999,-0.079999998,-0.01
26.02,5038,-5162,5168,-5176,1971,2118,2119,1977,1.399999976,-0.430000007,4.630000114,0.090000004,0,-0.02
26.03,5138,-4976,5137,-5130,1953,2116,2120,1996,0.289999992,-0.920000017,6.409999847,0.02,-0.029999999,-0.029999999
26.04,5181,-5225,5090,-5026,1945,2112,2127,2012,1.360000014,-1.870000005,0.860000014,-0.050000001,0.01,-0.01
26.05,5033,-5148,5161,-5203,1961,2108,2130,2005,-1.379999995,-0.230000004,3.700000048,-0.059999999,0,-0.01
26.06,5158,-5100,5078,-5110,1970,2111,2131,1992,0.180000007,-0.610000014,2.220000029,-0.079999998,0.07,-0.02
26.07,5156,-5139,5117,-5021,1970,2110,2123,1971,4.800000191,-0.479999989,6.440000057,-0.039999999,0.119999997,0
26.08,5026,-5177,5128,-5201,1968,2112,2110,1930,0.170000002,-0.109999999,-3.430000067,-0.02,0.079999998,-0.01
26.09,5157,-5031,5012,-5134,1970,2111,2052,1896,2.289999962,-0.449999988,-1.320000052,0.02,0.129999995,-0.01
26.1,5163,-5227,5141,-5073,1959,2111,2021,1887,-1.610000014,-1.210000038,-11.40999985,0.059999999,-0.090000004,-0.01
26.11,5115,-5177,5139,-5237,1943,2115,2012,1889,-4.010000229,0.689999998,-10.63000011,0,-0.079999998,-0.01
26.12,5192,-5072,5048,-5196,1924,2118,2011,1887,-1.470000029,1.809999943,-2.549999952,0,-0.090000004,0
26.13,5148,-5210,5209,-5183,1915,2098,2014,1885,0.870000005,-0.360000014,-8.779999733,-0.129999995,-0.119999997,0
26.14,5125,-5146,5114,-5131,1903,2084,2047,1878,-0.419999987,1.029999971,4.679999828,-0.039999999,-0.01,0
26.15,5210,-5174,5180,-5230,1903,2068,2072,1881,2.50999999,0.029999999,-1.669999957,-0.029999999,-0.02,0
26.16,5117,-5140,5206,-5186,1915,2060,2086,1892,0.170000002,-0.409999996,4.579999924,0.02,-0.07,0
26.17,5126,-5153,5037,-5121,1907,2062,2094,1931,3.089999914,0.660000026,4.659999847,0.050000001,0.01,0
26.18,5209,-5196,5268,-5264,1901,2070,2095,1943,3.589999914,-0.430000007,-2.75,0.059999999,-0.100000002,0
26.19,5153,-5134,5132,-5149,1903,2069,2096,1956,-2.150000095,-0.129999995,1.970000029,0,-0.039999999,0
26.2,5183,-5224,5146,-5161,1904,2069,2133,1973,1.539999962,-2.099999905,-0.810000002,-0.090000004,0.07,0
26.21,5161,-5135,5225,-5190,1909,2067,2163,1972,-2.539999962,-0.469999999,1.039999962,-0.100000002,0.029999999,0
26.22,5196,-5184,5102,-5151,1915,2069,2166,1969,-2.160000086,-0.389999986,1.580000043,-0.059999999,0.01,0
26.23,5146,-5187,5205,-5180,1933,2076,2158,1954,0.059999999,0.519999981,-0.870000005,-0.039999999,0.02,-0.02
26.24,5227,-5185,5119,-5177,1956,2109,2157,1943,-2.849999905,-0.790000022,2.910000086,-0.07,0.02,-0.01
26.25,5173,-5229,5151,-5197,1978,2141,2158,1935,0.560000002,-0.239999995,-2.190000057,0.029999999,0.02,-0.01
26.26,5111,-5095,5155,-5192,1980,2178,2157,1932,-1.360000014,-0.050000001,3.099999905,0.119999997,-0.02,-0.01
26.27,5259,-5227,5169,-5203,1952,2212,2148,1933,1.669999957,-0.550000012,-1.340000033,0.07,-0.02,-0.02
26.28,5232,-5238,5239,-5191,1946,2235,2138,1918,-0.109999999,1.570000052,4.059999943,0.029999999,0.02,-0.029999999
26.29,5223,-5135,5248,-5238,1943,2240,2137,1904,2.400000095,0.050000001,-0.150000006,-0.02,0.029999999,-0.02
26.3,5237,-5234,5239,-5220,1941,2193,2136,1890,1.75,-0.02,0.670000017,-0.109999999,-0.01,-0.01
26.31,5223,-5219,5226,-5180,1944,2171,2136,1883,-0.579999983,0.910000026,-1.159999967,-0.029999999,-0.02,-0.02
26.32,5239,-5190,5290,-5303,1945,2158,2140,1885,1.950000048,-0.419999987,0,-0.059999999,-0.039999999,-0.01
26.33,5235,-5172,5114,-5230,1937,2139,2144,1890,-2.359999895,1.269999981,2.019999981,-0.029999999,-0.059999999,-0.029999999
26.34,5211,-5216,5291,-5238,1924,2117,2144,1895,1.379999995,-1.379999995,-0.819999993,0.01,-0.02,-0.02
26.35,5230,-5234,5264,-5225,1889,2101,2149,1905,-3.339999914,-2.069999933,-0.730000019,0.029999999,-0.100000002,-0.02
26.36,5269,-5260,5158,-5214,1864,2107,2152,1919,0.400000006,-1.139999986,5.650000095,0.02,0.07,-0.02
26.37,5206,-5192,5269,-5240,1874,2104,2153,1916,-0.850000024,-1.75999999,5.079999924,-0.050000001,-0.02,-0.02
26.38,5265,-5273,5187,-5245,1928,2107,2149,1912,0.469999999,-0.699999988,5.380000114,-0.050000001,0.090000004,-0.01
26.39,5264,-5240,5231,-5226,1939,2121,2148,1906,-0.189999998,-0.460000008,5.010000229,-0.02,0,-0.02
26.4,5222,-5259,5218,-5262,1950,2138,2148,1898,2.079999924,-1.070000052,2.75,-0.029999999,0.079999998,-0.01
26.41,5289,-5286,5122,-5229,1963,2171,2146,1891,2.430000067,0.540000022,7.340000153,0.039999999,0.029999999,-0.02
26.42,5261,-5261,5328,-5252,1967,2194,2138,1892,0.550000012,0.300000012,-2.299999952,0.01,0.079999998,-0.029999999
26.43,5198,-5170,5285,-5250,1966,2222,2140,1893,0.170000002,0.239999995,1.330000043,0.059999999,0.07,-0.029999999
26.44,5352,-5279,5145,-5243,1950,2240,2139,1896,-2,0.189999998,-4.630000114,-0.039999999,-0.059999999,-0.029999999
26.45,5310,-5316,5391,-5314,1950,2245,2142,1899,-1.940000057,0.939999998,-5.769999981,-0.109999999,-0.039999999,-0.039999999
26.46,5260,-5190,5300,-5286,1952,2238,2146,1897,-3.329999924,-0.029999999,0.300000012,-0.090000004,-0.090000004,-0.029999999
26.47,5336,-5331,5228,-5298,1957,2202,2148,1901,1.529999971,1.850000024,-6.170000076,-0.090000004,-0.090000004,-0.029999999
26.48,5268,-5216,5386,-5292,1961,2197,2156,1901,1.350000024,0.509999991,4.309999943,0,-0.029999999,-0.039999999
26.49,5296,-5191,5182,-5287,1955,2197,2157,1902,1.389999986,-0.310000002,-0.159999996,0.039999999,-0.02,-0.029999999
26.5,5336,-5336,5344,-5285,1948,2199,2157,1899,3.410000086,0.029999999,4.550000191,0.059999999,-0.01,-0.050000001
26.51,5298,-5291,5331,-5265,1940,2184,2156,1910,-0.860000014,-2.069999933,3.819999933,0.029999999,-0.01,-0.039999999
26.52,5347,-5302,5253,-5281,1925,2125,2149,1901,0.400000006,-1.570000052,0.360000014,0.01,0.01,-0.039999999
26.53,5297,-5269,5382,-5267,1907,2115,2149,1875,0.280000001,-2.150000095,0.509999991,-0.090000004,-0.050000001,-0.039999999
26.54,5261,-5325,5223,-5306,1895,2110,2116,1853,-1.029999971,-2.049999952,-4.449999809,-0.039999999,-0.02,-0.039999999
26.55,5398,-5296,5371,-5291,1903,2104,2109,1843,3.049999952,-0.670000017,-1.5,-0.109999999,-0.01,-0.039999999
26.56,5291,-5317,5257,-5229,1906,2102,2132,1847,-2.329999924,-1.840000033,-4.400000095,-0.100000002,-0.01,-0.050000001
26.57,5333,-5329,5269,-5349,1904,2113,2150,1853,0.769999981,0.25,-5.090000153,0.01,0.01,-0.050000001
26.58,5354,-5276,5334,-5313,1901,2146,2153,1861,0.540000022,-0.360000014,0.930000007,0.090000004,-0.100000002,-0.059999999
26.59,5326,-5313,5259,-5168,1899,2158,2152,1868,1.779999971,-0.699999988,-1.460000038,0.02,0.01,-0.059999999
26.6,5378,-5264,5378,-5429,1893,2156,2153,1876,2.029999971,0.649999976,2.880000114,0.02,0,-0.07
26.61,5334,-5273,5400,-5321,1896,2142,2151,1882,-1.710000038,-0.829999983,-1.620000005,-0.029999999,0,-0.059999999
26.62,5374,-5347,5326,-5292,1903,2130,2151,1879,0.219999999,-0.589999974,3.710000038,0,0.039999999,-0.059999999
26.63,5348,-5219,5428,-5364,1907,2157,2153,1882,0.189999998,-0.409999996,0.140000001,-0.01,0.039999999,-0.079999998
26.64,5289,-5243,5357,-5310,1920,2169,2157,1886,-2.74000001,-0.07,-0.330000013,-0.01,0,-0.07
26.65,5443,-5404,5375,-5324,1934,2177,2155,1887,0.360000014,0.400000006,-2.539999962,-0.029999999,-0.02,-0.079999998
26.66,5345,-5240,5401,-5327,1963,2179,2157,1883,-0.660000026,-1.230000019,2.24000001,-0.039999999,-0.02,-0.07
26.67,5377,-5343,5344,-5305,1966,2173,2157,1887,2.160000086,-1.24000001,0.519999981,-0.029999999,0.02,-0.07
26.68,5401,-5402,5403,-5312,1955,2165,2157,1887,1.679999948,-1.179999948,1.889999986,0,0.02,-0.07
26.69,5340,-5183,5374,-5333,1944,2162,2159,1884,0.159999996,-2.039999962,0.649999976,-0.029999999,0.02,-0.07
26.7,5440,-5399,5351,-5310,1952,2165,2151,1873,3.190000057,-1.110000014,1.480000019,0,0.050000001,-0.079999998
26.71,5339,-5391,5398,-5307,1969,2158,2148,1855,-0.449999988,-1.110000014,1.769999981,-0.029999999,0,-0.079999998
26.72,5414,-5301,5365,-5370,1961,2126,2146,1845,0.660000026,-2.359999895,-0.230000004,-0.01,0.129999995,-0.07
26.73,5391,-5377,5368,-5342,1956,2109,2137,1845,1.169999957,-0.25,2.019999981,0.029999999,0.100000002,-0.079999998
26.74,5355,-5332,5390,-5269,1945,2121,2137,1839,-2.190000057,-1.169999957,-6.599999905,0.029999999,-0.059999999,-0.07
26.75,5481,-5331,5355,-5434,1937,2153,2132,1843,0.230000004,-0.400000006,-4.820000172,-0.02,-0.039999999,-0.090000004
26.76,5397,-5322,5366,-5396,1923,2147,2115,1849,-0.569999993,-0.569999993,-2.380000114,-0.02,-0.100000002,-0.090000004
26.77,5442,-5367,5436,-5371,1909,2132,2118,1847,0.419999987,-1.549999952,-3.069999933,-0.159999996,-0.07,-0.07
26.78,5411,-5370,5406,-5414,1923,2123,2127,1848,2.900000095,-0.430000007,0.610000014,-0.039999999,-0.01,-0.079999998
26.79,5431,-5325,5408,-5381,1923,2112,2136,1849,1.080000043,-0.810000002,0.469999999,-0.050000001,-0.050000001,-0.079999998
26.8,5453,-5350,5443,-5391,1924,2089,2142,1842,4.159999847,0.519999981,6.960000038,0,0.100000002,-0.079999998
26.81,5414,-5346,5465,-5404,1924,2091,2142,1858,2.059999943,-2.339999914,8.149999619,0.090000004,0.090000004,-0.079999998
26.82,5474,-5383,5389,-5377,1924,2092,2137,1889,0.270000011,-0.259999991,-3.109999895,0.140000001,0.07,-0.100000002
26.83,5440,-5329,5465,-5352,1926,2090,2136,1936,1.429999948,-1.919999957,2.029999971,0.07,0.02,-0.100000002
26.84,5381,-5387,5457,-5391,1926,2086,2136,1969,0.330000013,-1.620000005,-4.099999905,-0.039999999,0.050000001,-0.100000002
26.85,5501,-5415,5344,-5353,1942,2084,2139,1965,0.379999995,-0.5,-0.150000006,-0.109999999,0.109999999,-0.100000002
26.86,5449,-5301,5487,-5298,1957,2097,2142,1950,0.039999999,-1.330000043,-4.760000229,-0.090000004,0.01,-0.100000002
26.87,5425,-5418,5409,-5406,1988,2098,2133,1936,-2.079999924,-1.570000052,-4.480000019,-0.059999999,0.050000001,-0.090000004
26.88,5486,-5409,5370,-5343,2020,2100,2126,1929,0.079999998,0.370000005,0.629999995,0.059999999,0.050000001,-0.100000002
26.89,5441,-5359,5482,-5388,2040,2112,2130,1937,-0.550000012,-2.079999924,-2.670000076,0.029999999,-0.029999999,-0.109999999
26.9,5484,-5373,5420,-5385,2026,2134,2126,1908,4.190000057,-1.110000014,5.449999809,0.079999998,0.129999995,-0.090000004
26.91,5510,-5383,5547,-5332,2013,2159,2105,1878,3.769999981,-0.980000019,7.190000057,0,0.01,-0.100000002
26.92,5493,-5328,5512,-5503,2010,2151,2095,1870,1.970000029,-0.300000012,-1.399999976,-0.02,0.119999997,-0.109999999
26.93,5491,-5437,5385,-5421,2010,2145,2094,1874,2.200000048,1.179999948,6.360000134,0.01,0.07,-0.109999999
26.94,5484,-5471,5558,-5355,2028,2143,2098,1886,0.090000004,-0.560000002,-7.650000095,-0.129999995,-0.029999999,-0.109999999
26.95,5494,-5353,5525,-5530,2026,2145,2104,1890,-0.639999986,-0.050000001,-0.699999988,-0.01,0.039999999,-0.109999999
26.96,5486,-5433,5476,-5432,2025,2144,2111,1909,-1.75999999,-0.879999995,-7.110000134,-0.07,-0.170000002,-0.090000004
26.97,5480,-5428,5508,-5412,2026,2136,2119,1931,-0.159999996,-1.929999948,-6.590000153,-0.029999999,-0.119999997,-0.090000004
26.98,5521,-5408,5480,-5454,2025,2122,2121,1945,1.399999976,-2.180000067,4.039999962,0.029999999,-0.01,-0.090000004
26.99,5478,-5478,5480,-5347,2014,2109,2133,1945,-0.610000014,-1.580000043,0.74000001,-0.059999999,0,-0.079999998
27,5484,-5429,5455,-5520,1997,2109,2140,1938,-0.01,-2.609999895,2.910000086,0.039999999,-0.02,-0.07
27.01,5479,-5430,5497,-5446,1994,2125,2146,1925,-1.440000057,-1.169999957,2.089999914,0.01,-0.01,-0.090000004
27.02,5498,-5472,5477,-5402,1999,2133,2147,1909,-0.239999995,-0.959999979,3.200000048,0,-0.039999999,-0.079999998
27.03,5484,-5445,5459,-5465,2016,2120,2144,1900,-0.039999999,-0.889999986,0.449999988,0.059999999,-0.079999998,-0.07
27.04,5482,-5460,5502,-5437,2017,2125,2127,1902,0,-0.479999989,1.440000057,0.050000001,0.039999999,-0.07
27.05,5518,-5450,5499,-5476,1997,2138,2118,1902,1.809999943,0.560000002,2.079999924,0.100000002,0.029999999,-0.07
27.06,5495,-5424,5412,-5473,1969,2146,2118,1903,-1.049999952,-0.540000022,-1.629999995,0.039999999,-0.029999999,-0.07
27.07,5529,-5466,5543,-5488,1957,2145,2098,1897,-0.01,0.660000026,-3.069999933,-0.02,0,-0.07
27.08,5499,-5472,5501,-5483,1954,2137,2098,1891,-0.029999999,-0.209999993,-2.24000001,-0.059999999,-0.129999995,-0.059999999
27.09,5497,-5448,5453,-5491,1956,2121,2100,1893,1.639999986,0.5,-2.279999971,-0.059999999,-0.07,-0.039999999
27.1,5507,-5448,5518,-5493,1963,2106,2104,1896,1.370000005,0.639999986,1.5,-0.02,-0.02,-0.050000001
27.11,5519,-5479,5425,-5492,1973,2106,2104,1898,-1.110000014,-0.07,-1.389999986,0.01,-0.039999999,-0.039999999
27.12,5507,-5471,5559,-5485,1971,2111,2113,1911,1.360000014,-0.07,1.279999971,0.079999998,-0.02,-0.050000001
27.13,5487,-5480,5530,-5479,1968,2112,2118,1983,-0.519999981,-1.179999948,3.819999933,0.039999999,-0.029999999,-0.050000001
27.14,5544,-5504,5458,-5480,1968,2111,2122,1983,-0.430000007,-1.24000001,1.840000033,0.02,-0.01,-0.039999999
27.15,5477,-5451,5544,-5499,1974,2105,2136,2020,-0.379999995,-1.129999995,2.359999895,-0.029999999,-0.029999999,-0.039999999
27.16,5504,-5478,5454,-5433,1981,2109,2141,2003,1.419999957,-0.119999997,1.820000052,0,0.039999999,-0.039999999
27.17,5488,-5464,5492,-5430,1996,2109,2140,1995,1.419999957,-0.119999997,1.820000052,0,0.039999999,-0.039999999
27.18,5508,-5486,5433,-5529,2007,2107,2118,1995,0.319999993,-0.02,1.700000048,0.029999999,0.159999996,-0.059999999
27.19,5483,-5446,5437,-5421,2017,2116,2102,2005,0.319999993,-0.02,1.700000048,0.029999999,0.159999996,-0.059999999
27.2,5539,-5428,5581,-5441,2011,2131,2102,1995,-1.320000052,0.189999998,-4.659999847,-0.02,-0.01,-0.050000001
27.21,5500,-5489,5511,-5575,2005,2144,2086,1950,-1.320000052,0.189999998,-4.659999847,-0.02,-0.01,-0.050000001
27.22,5528,-5477,5419,-5497,1997,2149,2088,1950,-2.210000038,0.529999971,-0.970000029,-0.039999999,-0.039999999,-0.050000001
27.23,5509,-5457,5545,-5513,2001,2117,2079,1902,0.699999988,-0.540000022,-5.300000191,-0.090000004,-0.079999998,-0.039999999
27.24,5525,-5503,5474,-5521,2007,2117,2079,1896,1.210000038,-0.540000022,1.169999957,0.059999999,0.029999999,-0.039999999
27.25,5493,-5437,5476,-5463,2002,2099,2080,1896,1.210000038,-0.540000022,1.169999957,0.059999999,0.029999999,-0.039999999
27.26,5479,-5423,5579,-5496,2000,2104,2084,1912,0.360000014,-0.930000007,4.820000172,0.050000001,0.07,-0.039999999
27.27,5575,-5528,5466,-5500,1998,2106,2084,1917,0.360000014,-0.930000007,4.820000172,0.050000001,0.07,-0.039999999
27.28,5505,-5532,5457,-5445,1996,2101,2086,1929,1.850000024,-0.910000026,-0.109999999,-0.029999999,-0.02,-0.029999999
27.29,5495,-5461,5557,-5513,1990,2097,2117,1944,1.850000024,-0.910000026,-0.109999999,-0.029999999,-0.02,-0.029999999
27.3,5532,-5467,5462,-5489,1997,2092,2119,1949,-0.050000001,-0.699999988,-2.140000105,-0.090000004,0.07,-0.029999999
27.31,5481,-5524,5518,-5485,2008,2095,2121,1948,-0.050000001,-0.699999988,-2.140000105,-0.090000004,0.07,-0.029999999
27.32,5480,-5484,5519,-5454,2008,2104,2126,1946,-0.939999998,-1.730000019,-4.300000191,-0.01,-0.02,-0.029999999
27.33,5512,-5488,5426,-5465,2011,2109,2126,1945,-1.5,-1.320000052,-3.99000001,0,0,-0.029999999
27.34,5475,-5524,5506,-5483,2006,2115,2127,1939,0.479999989,-0.769999981,2.210000038,0.079999998,0.029999999,-0.029999999
27.35,5526,-5427,5468,-5470,2004,2151,2103,1937,0.479999989,-0.769999981,2.210000038,0.079999998,0.029999999,-0.029999999
27.36,5517,-5454,5421,-5454,1988,2162,2089,1931,1.629999995,-0.039999999,3.569999933,0.02,0.050000001,-0.029999999
27.37,5510,-5547,5608,-5490,1978,2168,2085,1901,1.629999995,-0.039999999,3.569999933,0.02,0.050000001,-0.029999999
27.38,5463,-5463,5495,-5543,1981,2160,2086,1888,0.150000006,0.400000006,0.100000002,-0.050000001,0.039999999,-0.029999999
27.39,5566,-5506,5480,-5481,1991,2148,2086,1889,0.150000006,0.400000006,0.100000002,-0.050000001,0.039999999,-0.029999999
27.4,5471,-5484,5537,-5490,1978,2145,2095,1890,-1.529999971,0.649999976,-5.909999847,-0.01,-0.129999995,-0.01
27.41,5512,-5495,5446,-5571,1950,2147,2098,1889,-1.529999971,0.649999976,-5.909999847,-0.01,-0.129999995,-0.01
27.42,5530,-5488,5524,-5524,1945,2152,2098,1889,2.49000001,0.699999988,3.039999962,0,0.039999999,-0.02
27.43,5487,-5518,5509,-5479,1965,2150,2100,1918,0.790000022,-1.600000024,2.75999999,0.02,0,-0.01
27.44,5512,-5557,5484,-5529,1962,2143,2105,1918,-2.25,-0.119999997,3.720000029,0,0.039999999,-0.029999999
27.45,5511,-5454,5500,-5513,1957,2140,2112,1934,-2.25,-0.119999997,3.720000029,0,0.039999999,-0.029999999
27.46,5522,-5528,5508,-5511,1962,2137,2126,1934,-1.429999948,-0.01,-0.589999974,0.01,-0.100000002,-0.01
27.47,5490,-5540,5454,-5472,1990,2141,2126,1933,-1.429999948,-0.01,-0.589999974,0.01,-0.100000002,-0.01
27.48,5484,-5491,5477,-5499,1990,2145,2126,1930,1.99000001,-0.109999999,3.569999933,0.039999999,0.039999999,-0.01
27.49,5521,-5509,5465,-5487,1988,2147,2126,1929,1.99000001,-0.109999999,3.569999933,0.039999999,0.039999999,-0.01
27.5,5509,-5532,5465,-5506,1982,2182,2122,1924,0.119999997,0.509999991,1.299999952,0.059999999,0.07,-0.01
27.51,5531,-5496,5474,-5510,1985,2200,2095,1922,0.119999997,0.509999991,1.299999952,0.059999999,0.07,-0.01
27.52,5501,-5486,5535,-5524,1987,2200,2095,1919,-1.830000043,0.819999993,-3.220000029,-0.039999999,-0.090000004,0
27.53,5513,-5544,5534,-5556,1974,2195,2092,1906,-1.039999962,0.74000001,-4.510000229,-0.059999999,-0.059999999,-0.01
27.54,5533,-5530,5488,-5535,1983,2181,2092,1882,0.079999998,0.660000026,-3.440000057,0,-0.07,0
27.55,5516,-5498,5539,-5570,1984,2160,2092,1884,0.079999998,0.660000026,-3.440000057,0,-0.07,0
27.56,5550,-5512,5523,-5525,1975,2150,2095,1886,0.639999986,-0.839999974,1.179999948,0.039999999,0,0
27.57,5526,-5548,5532,-5545,1975,2152,2099,1891,0.639999986,-0.839999974,1.179999948,0.039999999,0,0
27.58,5476,-5502,5546,-5588,1970,2149,2090,1912,-1.149999976,-0.159999996,4.880000114,0.01,0,-0.02
27.59,5609,-5503,5507,-5513,1967,2134,2082,1936,-1.149999976,-0.159999996,4.880000114,0.01,0,-0.02
27.6,5495,-5562,5523,-5540,1968,2109,2097,1951,-0.039999999,0.25,-0.349999994,-0.059999999,-0.07,-0.01
27.61,5539,-5540,5488,-5515,1972,2098,2121,1950,-0.039999999,0.25,-0.349999994,-0.059999999,-0.07,-0.01
27.62,5529,-5496,5501,-5500,1988,2098,2143,1950,-0.920000017,-0.409999996,-1.940000057,-0.050000001,0.059999999,-0.01
27.63,5527,-5563,5484,-5516,2005,2107,2148,1947,-0.920000017,-0.409999996,-1.940000057,-0.050000001,0.059999999,-0.01
27.64,5540,-5536,5477,-5499,2003,2120,2143,1945,-1.769999981,-1.070000052,-4.670000076,0.07,-0.059999999,-0.01
27.65,5527,-5503,5518,-5539,1999,2142,2136,1945,-1.769999981,-1.070000052,-4.670000076,0.07,-0.059999999,-0.01
27.66,5547,-5531,5507,-5569,1998,2164,2121,1945,-0.449999988,-0.370000005,2.190000057,0.02,-0.02,-0.01
27.67,5541,-5523,5501,-5551,1997,2180,2111,1936,-0.449999988,-0.370000005,2.190000057,0.02,-0.02,-0.01
27.68,5511,-5545,5585,-5529,1996,2172,2103,1927,1.649999976,0.170000002,4.5,-0.02,0.02,0.01
27.69,5554,-5558,5537,-5538,2000,2159,2109,1925,1.649999976,0.170000002,4.5,-0.02,0.02,0.01
27.7,5495,-5513,5504,-5611,2002,2147,2113,1926,-0.899999976,0.949999988,0.330000013,0.029999999,-0.02,0
27.71,5546,-5531,5584,-5565,2000,2145,2108,1928,-0.899999976,0.949999988,0.330000013,0.029999999,-0.02,0
27.72,5525,-5531,5563,-5547,2000,2138,2101,1928,-0.920000017,0.25,-3.190000057,-0.01,-0.100000002,0
27.73,5530,-5570,5515,-5564,1974,2129,2102,1932,-0.100000002,-0.689999998,-3.099999905,0.02,-0.100000002,0
27.74,5535,-5544,5522,-5511,1966,2107,2103,1957,-0.430000007,-0.119999997,0.25,-0.01,0,0.01
27.75,5505,-5477,5528,-5553,1960,2083,2103,1957,-0.430000007,-0.119999997,0.25,-0.01,0,0.01
27.76,5542,-5646,5495,-5571,1962,2074,2109,1956,-2.690000057,0.589999974,1.700000048,0,0.029999999,0.01
27.77,5487,-5528,5491,-5491,1967,2093,2111,1944,-2.690000057,0.589999974,1.700000048,0,0.029999999,0.01
27.78,5521,-5571,5499,-5571,1978,2110,2112,1937,-0.159999996,0.419999987,2.390000105,0.029999999,0,0.029999999
27.79,5521,-5606,5487,-5551,1991,2122,2111,1937,-0.159999996,0.419999987,2.390000105,0.029999999,0,0.029999999
27.8,5490,-5551,5514,-5576,1996,2140,2097,1939,0.810000002,0.790000022,1.450000048,0.059999999,0.02,0.039999999
27.81,5553,-5560,5510,-5619,1975,2164,2085,1941,0.810000002,0.790000022,1.450000048,0.059999999,0.02,0.039999999
27.82,5542,-5570,5453,-5594,1975,2181,2085,1942,-0.649999976,1.200000048,-3.410000086,0.039999999,-0.029999999,0.039999999
27.83,5502,-5606,5519,-5586,1976,2187,2079,1940,0.75,1.169999957,-2.029999971,-0.029999999,0,0.059999999
27.84,5554,-5598,5498,-5606,1987,2136,2081,1942,0.039999999,0.579999983,-3.670000076,0,-0.059999999,0.090000004
27.85,5463,-5541,5509,-5678,1979,2097,2083,1945,0.039999999,0.579999983,-3.670000076,0,-0.059999999,0.090000004
27.86,5477,-5617,5543,-5559,1944,2095,2086,1947,1.899999976,0.930000007,2.480000019,0.039999999,0.050000001,0.079999998
27.87,5527,-5553,5479,-5588,1919,2124,2087,1947,1.899999976,0.930000007,2.480000019,0.039999999,0.050000001,0.079999998
27.88,5505,-5537,5487,-5642,1919,2154,2086,1965,-1,0.310000002,0.939999998,-0.029999999,0.02,0.079999998
27.89,5526,-5717,5515,-5553,1946,2156,2087,1965,-1,0.310000002,0.939999998,-0.029999999,0.02,0.079999998
27.9,5478,-5560,5481,-5614,1940,2156,2090,1963,0.980000019,0.460000008,-1.289999962,-0.02,-0.02,0.100000002
27.91,5537,-5602,5493,-5613,1943,2155,2090,1945,0.980000019,0.460000008,-1.289999962,-0.02,-0.02,0.100000002
27.92,5511,-5620,5512,-5581,1953,2155,2089,1945,1.049999952,1.100000024,-0.689999998,-0.050000001,0.059999999,0.100000002
27.93,5498,-5620,5470,-5573,1972,2158,2092,1928,0.07,-0.090000004,-0.029999999,-0.029999999,0.100000002,0.100000002
27.94,5510,-5625,5498,-5688,1972,2163,2090,1917,-2.309999943,0.079999998,-3.619999886,0.100000002,-0.079999998,0.109999999
27.95,5490,-5595,5476,-5573,1959,2170,2088,1926,-2.309999943,0.079999998,-3.619999886,0.100000002,-0.079999998,0.109999999
27.96,5517,-5623,5453,-5663,1955,2178,2071,1947,0.189999998,1.110000014,1.070000052,-0.02,-0.090000004,0.109999999
27.97,5469,-5585,5518,-5645,1952,2180,2079,1945,0.189999998,1.110000014,1.070000052,-0.02,-0.090000004,0.109999999
27.98,5523,-5625,5477,-5653,1927,2176,2079,1941,1.159999967,1.769999981,2.569999933,-0.02,-0.01,0.119999997
27.99,5512,-5627,5471,-5663,1928,2168,2087,1942,1.159999967,1.769999981,2.569999933,-0.02,-0.01,0.119999997
28,5437,-5537,5491,-5653,1934,2160,2089,1944,2.660000086,2.029999971,4.190000057,0.050000001,0.07,0.129999995
28.01,5519,-5627,5480,-5649,1936,2168,2091,1945,2.660000086,2.029999971,4.190000057,0.050000001,0.07,0.129999995
28.02,5540,-5688,5509,-5637,1930,2168,2091,1939,-0.370000005,1.850000024,-4.619999886,0.01,-0.029999999,0.129999995
28.03,5470,-5642,5487,-5622,1911,2177,2091,1926,1.370000005,1.139999986,-1.409999967,0.059999999,0.01,0.150000006
28.04,5468,-5653,5446,-5674,1899,2171,2080,1921,0.5,1.360000014,-4.199999809,0,0.050000001,0.159999996
28.05,5499,-5649,5509,-5621,1899,2161,2017,1939,0.5,1.360000014,-4.199999809,0,0.050000001,0.159999996
28.06,5452,-5654,5425,-5643,1905,2155,2027,1938,-0.029999999,1.960000038,-1.370000005,-0.090000004,0.059999999,0.189999998
28.07,5454,-5637,5395,-5637,1908,2158,2052,1938,-0.029999999,1.960000038,-1.370000005,-0.090000004,0.059999999,0.189999998
28.08,5479,-5675,5522,-5620,1920,2155,2077,1941,-1.059999943,1.840000033,-1.519999981,0.01,-0.039999999,0.200000003
28.09,5439,-5630,5368,-5658,1934,2155,2077,1945,-1.059999943,1.840000033,-1.519999981,0.01,-0.039999999,0.200000003
28.1,5459,-5645,5412,-5640,1934,2169,2070,1948,0.270000011,1.799999952,3.460000038,0.050000001,0.079999998,0.200000003
28.11,5488,-5638,5453,-5674,1935,2199,2065,1952,0.270000011,1.799999952,3.460000038,0.050000001,0.079999998,0.200000003
28.12,5463,-5618,5435,-5673,1935,2226,2054,1952,-1.870000005,2.089999914,-2.279999971,0.059999999,-0.01,0.200000003
28.13,5480,-5656,5444,-5654,1933,2236,2045,1945,-0.75,2.710000038,-1.629999995,0,-0.01,0.200000003
28.14,5489,-5681,5480,-5685,1941,2237,2043,1943,-0.689999998,2.819999933,-1.929999948,-0.01,-0.050000001,0.209999993
28.15,5439,-5623,5482,-5672,1960,2238,2047,1949,-0.689999998,2.819999933,-1.929999948,-0.01,-0.050000001,0.209999993
28.16,5466,-5667,5483,-5676,1959,2239,2049,1947,-0.569999993,2.160000086,0.419999987,0,-0.01,0.209999993
28.17,5452,-5658,5486,-5666,1960,2223,2047,1947,-0.569999993,2.160000086,0.419999987,0,-0.01,0.209999993
28.18,5458,-5685,5513,-5649,1962,2205,2046,1982,-0.029999999,0.75,3.910000086,0.029999999,-0.029999999,0.219999999
28.19,5442,-5677,5448,-5652,1947,2195,2047,1999,-0.029999999,0.75,3.910000086,0.029999999,-0.029999999,0.219999999
28.2,5477,-5638,5447,-5675,1935,2189,2053,2007,-1.100000024,1.25999999,-2.220000029,-0.059999999,-0.02,0.230000004
28.21,5467,-5677,5417,-5634,1943,2185,2052,2003,-1.100000024,1.25999999,-2.220000029,-0.059999999,-0.02,0.230000004
28.22,5436,-5636,5433,-5634,1942,2175,2051,1996,-0.200000003,1.710000038,-5.210000038,0.01,-0.050000001,0.230000004
28.23,5438,-5674,5427,-5668,1942,2162,2050,1984,-0.200000003,1.710000038,-5.210000038,0.01,-0.050000001,0.230000004
28.24,5444,-5648,5433,-5610,1941,2182,2051,1976,0.140000001,2.549999952,0.939999998,0.059999999,0.079999998,0.219999999
28.25,5442,-5578,5434,-5632,1938,2193,2045,1968,0.140000001,2.549999952,0.939999998,0.059999999,0.079999998,0.219999999
28.26,5406,-5714,5401,-5666,1907,2196,2034,1967,-1.799999952,3.089999914,2.369999886,0.01,0,0.209999993
28.27,5518,-5652,5472,-5668,1890,2198,2034,1950,-1.799999952,3.089999914,2.369999886,0.01,0,0.209999993
28.28,5446,-5589,5445,-5686,1879,2183,2010,1923,-0.550000012,2.25,-2.940000057,-0.029999999,-0.100000002,0.239999995
28.29,5398,-5671,5445,-5662,1879,2117,2011,1940,-0.550000012,2.25,-2.940000057,-0.029999999,-0.100000002,0.239999995
28.3,5450,-5650,5458,-5662,1873,2136,2033,1947,0.230000004,1.710000038,2.380000114,0,0,0.219999999
28.31,5448,-5580,5442,-5681,1866,2170,2043,1946,0.230000004,1.710000038,2.380000114,0,0,0.219999999
28.32,5423,-5626,5420,-5659,1866,2181,2043,1959,0,3.470000029,0.379999995,0.01,0.07,0.219999999
28.33,5450,-5695,5468,-5616,1898,2181,2048,1959,-0.810000002,2.029999971,1.850000024,-0.02,0.07,0.219999999
28.34,5454,-5593,5418,-5651,1952,2181,2050,2012,-0.330000013,1.879999995,1.25999999,-0.01,-0.039999999,0.230000004
28.35,5445,-5657,5436,-5636,1949,2181,2050,2003,-0.330000013,1.879999995,1.25999999,-0.01,-0.039999999,0.230000004
28.36,5445,-5671,5429,-5604,1948,2204,2057,1996,0.819999993,1.860000014,5.96999979,-0.029999999,0.079999998,0.219999999
28.37,5458,-5632,5411,-5642,1962,2230,2054,1994,0.819999993,1.860000014,5.96999979,-0.029999999,0.079999998,0.219999999
28.38,5430,-5640,5434,-5600,1972,2247,2052,1996,-1.480000019,1.309999943,1.399999976,0.01,0.07,0.219999999
28.39,5399,-5689,5399,-5645,1976,2262,2053,1990,-1.480000019,1.309999943,1.399999976,0.01,0.07,0.219999999
28.4,5500,-5617,5414,-5618,1976,2295,2053,1979,-1.610000014,1.74000001,-2.039999962,-0.01,-0.07,0.230000004
28.41,5449,-5642,5394,-5675,1967,2304,2041,1977,-1.610000014,1.74000001,-2.039999962,-0.01,-0.07,0.230000004
28.42,5441,-5642,5382,-5643,1962,2293,2029,1980,0.610000014,2.519999981,1.870000005,-0.059999999,-0.029999999,0.230000004
28.43,5413,-5647,5463,-5634,1948,2267,2021,1975,0.610000014,2.519999981,1.870000005,-0.059999999,-0.029999999,0.230000004
28.44,5479,-5634,5433,-5657,1945,2239,2021,1974,-0.319999993,2.890000105,4.440000057,-0.050000001,0.029999999,0.219999999
28.45,5443,-5614,5414,-5724,1947,2216,2021,1972,-0.319999993,2.890000105,4.440000057,-0.050000001,0.029999999,0.219999999
28.46,5436,-5645,5502,-5618,1945,2170,2023,1950,-0.289999992,2.25,1.639999986,0.02,-0.039999999,0.209999993
28.47,5464,-5644,5438,-5643,1926,2155,2025,1932,-0.289999992,2.25,1.639999986,0.02,-0.039999999,0.209999993
28.48,5435,-5647,5415,-5665,1908,2140,2007,1951,0.150000006,1.970000029,-1.580000043,0.050000001,-0.029999999,0.209999993
28.49,5469,-5641,5465,-5626,1908,2116,1980,1983,0.150000006,1.970000029,-1.580000043,0.050000001,-0.029999999,0.209999993
28.5,5452,-5651,5441,-5628,1900,2084,1978,2011,-1.970000029,2.180000067,-4,-0.02,-0.02,0.219999999
28.51,5425,-5614,5442,-5647,1890,2072,2005,2003,-1.970000029,2.180000067,-4,-0.02,-0.02,0.219999999
28.52,5455,-5649,5419,-5624,1893,2072,2034,2003,0.959999979,2.339999914,4.739999771,-0.039999999,-0.02,0.219999999
28.53,5445,-5618,5423,-5571,1913,2079,2048,2007,-0.239999995,2.559999943,3.089999914,0.029999999,0.02,0.219999999
28.54,5428,-5609,5390,-5669,1953,2127,2048,2009,0.209999993,2.25999999,5,0.059999999,0.02,0.209999993
28.55,5418,-5618,5352,-5615,1954,2171,2046,2025,0.209999993,2.25999999,5,0.059999999,0.02,0.209999993
28.56,5439,-5599,5449,-5588,1952,2204,2045,2025,-0.870000005,2.099999905,2.390000105,0,0.059999999,0.209999993
28.57,5449,-5639,5438,-5691,1952,2242,2035,2015,-0.870000005,2.099999905,2.390000105,0,0.059999999,0.209999993
28.58,5452,-5637,5429,-5630,1952,2247,2023,2012,-0.730000019,2.75,-4.059999943,-0.109999999,-0.02,0.219999999
28.59,5430,-5600,5454,-5642,1954,2246,2023,2013,-0.730000019,2.75,-4.059999943,-0.109999999,-0.02,0.219999999
28.6,5468,-5641,5434,-5635,1970,2248,2028,2009,0.460000008,2.230000019,2.710000038,-0.059999999,0,0.219999999
28.61,5404,-5622,5446,-5620,2000,2249,2030,1989,0.460000008,2.230000019,2.710000038,-0.059999999,0,0.219999999
28.62,5439,-5630,5460,-5621,2000,2248,2036,1989,0.970000029,1.799999952,2.519999981,-0.029999999,0.090000004,0.209999993
28.63,5484,-5670,5434,-5620,1990,2244,2038,1993,0.140000001,1.659999967,3.74000001,0.01,0.01,0.209999993
28.64,5413,-5577,5451,-5652,1980,2210,2037,1994,1.289999962,0.600000024,0.469999999,0.02,-0.029999999,0.200000003
28.65,5457,-5694,5408,-5622,1931,2189,2037,1990,1.289999962,0.600000024,0.469999999,0.02,-0.029999999,0.200000003
28.66,5429,-5640,5395,-5609,1894,2184,2037,1987,-0.050000001,1.580000043,-4.75,0,0,0.200000003
28.67,5439,-5617,5480,-5633,1894,2182,2038,1964,-0.050000001,1.580000043,-4.75,0,0,0.200000003
28.68,5420,-5652,5414,-5623,1857,2178,2036,1953,-0.300000012,1.690000057,-2.980000019,-0.02,0,0.219999999
28.69,5432,-5590,5407,-5617,1858,2180,2039,1950,-0.300000012,1.690000057,-2.980000019,-0.02,0,0.219999999
28.7,5408,-5615,5428,-5636,1859,2185,2040,1949,0.209999993,2.099999905,2.269999981,0.059999999,0.01,0.219999999
28.71,5425,-5598,5369,-5604,1850,2192,2041,1950,0.209999993,2.099999905,2.269999981,0.059999999,0.01,0.219999999
28.72,5427,-5652,5375,-5609,1836,2195,2042,1955,-0.370000005,2.549999952,0.970000029,0.02,0,0.200000003
28.73,5456,-5630,5432,-5644,1836,2195,2038,1955,-0.370000005,2.549999952,0.970000029,0.02,0,0.200000003
28.74,5424,-5567,5398,-5609,1823,2193,2036,1958,-0.409999996,2.640000105,-3.180000067,-0.029999999,0,0.200000003
28.75,5411,-5639,5428,-5601,1836,2198,2037,1961,-0.409999996,2.640000105,-3.180000067,-0.029999999,0,0.200000003
28.76,5448,-5564,5405,-5601,1894,2200,2037,1970,-1.549999952,2.279999971,-0.980000019,-0.050000001,0.01,0.200000003
28.77,5417,-5598,5420,-5588,1894,2198,2037,1975,-1.549999952,2.279999971,-0.980000019,-0.050000001,0.01,0.200000003
28.78,5412,-5669,5450,-5596,1935,2197,2040,1975,-2.779999971,1.419999957,3.630000114,-0.01,0,0.180000007
28.79,5416,-5551,5422,-5609,1935,2200,2041,1987,-2.779999971,1.419999957,3.630000114,-0.01,0,0.180000007
28.8,5441,-5626,5466,-5601,1964,2192,2041,1990,-0.259999991,0.949999988,5.869999886,0.01,0.02,0.180000007
28.81,5429,-5635,5418,-5586,1964,2190,2041,1987,-0.259999991,0.949999988,5.869999886,0.01,0.02,0.180000007
28.82,5450,-5601,5392,-5599,1962,2198,2041,1979,1.179999948,1.350000024,2.089999914,0.02,0.079999998,0.180000007
28.83,5485,-5618,5411,-5585,1962,2216,2036,1977,1.179999948,1.350000024,2.089999914,0.02,0.079999998,0.180000007
28.84,5417,-5572,5395,-5599,1950,2235,2029,1976,-1.230000019,1.610000014,-5.119999886,-0.02,-0.039999999,0.180000007
28.85,5445,-5608,5384,-5625,1950,2245,2030,1975,-1.230000019,1.610000014,-5.119999886,-0.02,-0.039999999,0.180000007
28.86,5447,-5618,5417,-5588,1968,2240,2027,1970,-1.669999957,1.950000048,-3.25,-0.02,-0.079999998,0.189999998
28.87,5407,-5596,5432,-5583,1973,2232,2027,1962,-1.669999957,1.950000048,-3.25,-0.02,-0.079999998,0.189999998
28.88,5506,-5604,5438,-5679,1944,2220,2027,1960,-1.080000043,2.980000019,1.960000038,0.050000001,-0.02,0.180000007
28.89,5462,-5567,5482,-5580,1931,2216,2021,1966,-1.080000043,2.980000019,1.960000038,0.050000001,-0.02,0.180000007
28.9,5401,-5625,5457,-5612,1930,2211,2026,1966,1.649999976,1.320000052,4.409999847,0.02,-0.029999999,0.180000007
28.91,5453,-5582,5379,-5604,1935,2196,2028,1988,1.649999976,1.320000052,4.409999847,0.02,-0.029999999,0.180000007
28.92,5440,-5539,5439,-5581,1937,2196,2032,2003,-0.709999979,2.75999999,-0.730000019,-0.01,-0.050000001,0.159999996
28.93,5445,-5641,5475,-5609,1932,2173,2040,2003,1.99000001,1.700000048,0.709999979,0.01,-0.02,0.180000007
28.94,5438,-5577,5379,-5602,1937,2153,2050,2001,1.370000005,0.680000007,-3.769999981,-0.039999999,0.090000004,0.170000002
28.95,5428,-5586,5502,-5581,1938,2156,2049,2004,1.370000005,0.680000007,-3.769999981,-0.039999999,0.090000004,0.170000002
28.96,5462,-5629,5425,-5599,1932,2160,2049,1994,-1.429999948,0.980000019,-8.449999809,0,-0.039999999,0.170000002
28.97,5414,-5584,5417,-5596,1930,2159,2049,1997,-1.429999948,0.980000019,-8.449999809,0,-0.039999999,0.170000002
28.98,5442,-5593,5426,-5536,1934,2163,2048,1995,0.899999976,1.440000057,0.170000002,0,0,0.170000002
28.99,5446,-5568,5415,-5550,1943,2176,2047,1972,0.899999976,1.440000057,0.170000002,0,0,0.170000002
29,5426,-5567,5432,-5665,1949,2196,2048,1955,0.360000014,1.389999986,3.579999924,0.07,0.050000001,0.150000006
29.01,5451,-5563,5408,-5562,1953,2205,2043,1961,0.360000014,1.389999986,3.579999924,0.07,0.050000001,0.150000006
29.02,5441,-5606,5393,-5525,1949,2198,2035,1961,-0.819999993,1.429999948,-0.519999981,0.029999999,-0.01,0.150000006
29.03,5500,-5604,5438,-5625,1945,2186,2010,1963,0.150000006,1.24000001,0.560000002,0.059999999,0.02,0.140000001
29.04,5427,-5471,5437,-5590,1926,2163,1990,1972,-0.400000006,1.669999957,-8.510000229,-0.01,-0.109999999,0.140000001
29.05,5471,-5657,5412,-5586,1923,2169,1990,1980,-0.400000006,1.669999957,-8.510000229,-0.01,-0.109999999,0.140000001
29.06,5452,-5555,5457,-5570,1942,2181,2035,1981,-0.730000019,0.879999995,-0.079999998,-0.079999998,0,0.129999995
29.07,5372,-5522,5428,-5561,1948,2157,2047,1981,-0.730000019,0.879999995,-0.079999998,-0.079999998,0,0.129999995
29.08,5497,-5616,5435,-5561,1947,2142,2056,1998,-1.309999943,0.99000001,5.349999905,0,0.039999999,0.119999997
29.09,5462,-5533,5436,-5548,1947,2142,2059,1996,-1.309999943,0.99000001,5.349999905,0,0.039999999,0.119999997
29.1,5444,-5565,5462,-5541,1952,2147,2057,1990,-1,0,0.860000014,0,-0.039999999,0.109999999
29.11,5471,-5592,5431,-5543,1953,2152,2056,1987,-1,0,0.860000014,0,-0.039999999,0.109999999
29.12,5461,-5564,5430,-5533,1953,2151,2053,1987,-0.930000007,-0.01,-1.669999957,0,0.02,0.100000002
29.13,5470,-5552,5443,-5551,1956,2152,2053,1985,0.059999999,0.370000005,-1.460000038,0,0,0.090000004
29.14,5469,-5526,5425,-5536,1966,2174,2051,1980,0.159999996,0.100000002,-3.049999952,0.02,0.02,0.079999998
29.15,5467,-5517,5429,-5572,1988,2177,2052,1979,0.159999996,0.100000002,-3.049999952,0.02,0.02,0.079999998
29.16,5459,-5534,5430,-5555,2002,2173,2054,1976,-0.589999974,0.509999991,-0.039999999,0.079999998,-0.02,0.07
29.17,5468,-5542,5421,-5560,1983,2163,2054,1971,-0.589999974,0.509999991,-0.039999999,0.079999998,-0.02,0.07
29.18,5472,-5530,5469,-5580,1959,2146,2051,1976,0.25,1.25,2.289999962,0.090000004,-0.029999999,0.07
29.19,5496,-5528,5487,-5530,1934,2149,2047,1976,0.25,1.25,2.289999962,0.090000004,-0.029999999,0.07
29.2,5457,-5545,5444,-5548,1910,2153,2050,1974,0.449999988,0.660000026,1.720000029,-0.029999999,0.029999999,0.079999998
29.21,5424,-5518,5440,-5560,1896,2152,2050,1975,0.449999988,0.660000026,1.720000029,-0.029999999,0.029999999,0.079999998
29.22,5461,-5480,5493,-5543,1896,2146,2056,1975,-1.330000043,0.949999988,-2.170000076,-0.01,0,0.07
29.23,5505,-5593,5451,-5530,1911,2145,2057,1973,-0.140000001,0.140000001,-3.470000029,-0.01,0,0.090000004
29.24,5416,-5519,5480,-5530,1922,2154,2058,1980,-0.330000013,0.589999974,-1.149999976,-0.079999998,0.059999999,0.07
29.25,5521,-5557,5485,-5510,1921,2173,2063,1969,-0.330000013,0.589999974,-1.149999976,-0.079999998,0.059999999,0.07
29.26,5479,-5557,5462,-5510,1946,2183,2062,1956,-0.899999976,0.230000004,-3.50999999,-0.01,-0.050000001,0.059999999
29.27,5470,-5501,5468,-5504,2004,2177,2063,1948,-0.899999976,0.230000004,-3.50999999,-0.01,-0.050000001,0.059999999
29.28,5515,-5550,5447,-5521,2000,2175,2063,1945,0.829999983,1.330000043,4.929999828,0.01,0.02,0.029999999
29.29,5480,-5475,5511,-5492,1989,2183,2065,1944,0.829999983,1.330000043,4.929999828,0.01,0.02,0.029999999
29.3,5474,-5459,5451,-5513,1988,2202,2078,1944,0.540000022,-0.119999997,3.309999943,0.02,0.029999999,0.01
29.31,5475,-5568,5421,-5512,1994,2225,2091,1943,0.540000022,-0.119999997,3.309999943,0.02,0.029999999,0.01
29.32,5487,-5511,5523,-5482,1970,2215,2094,1944,0.029999999,-0.959999979,-0.800000012,0.02,-0.029999999,0.02
29.33,5483,-5472,5522,-5551,1970,2185,2094,1945,0.029999999,-0.959999979,-0.800000012,0.02,-0.029999999,0.02
29.34,5459,-5484,5463,-5482,1937,2163,2099,1945,0.589999974,-0.280000001,-2.609999895,0.01,0,0.02
29.35,5510,-5541,5524,-5490,1937,2167,2098,1942,0.589999974,-0.280000001,-2.609999895,0.01,0,0.02
29.36,5482,-5460,5435,-5555,1911,2183,2098,1938,-1,-0.300000012,1.549999952,0,0.029999999,0.01
29.37,5411,-5482,5420,-5471,1906,2174,2090,1940,-1,-0.300000012,1.549999952,0,0.029999999,0.01
29.38,5504,-5593,5554,-5495,1855,2165,2090,1937,-2.960000038,0.870000005,-0.569999993,-0.07,-0.029999999,0.02
29.39,5452,-5424,5447,-5501,1872,2158,2091,1933,-2.960000038,0.870000005,-0.569999993,-0.07,-0.029999999,0.02
29.4,5483,-5532,5449,-5475,1912,2155,2091,1933,2.109999895,0.02,3.460000038,-0.129999995,0,0.02
29.41,5508,-5536,5526,-5480,1943,2155,2093,1921,2.109999895,0.02,3.460000038,-0.129999995,0,0.02
29.42,5488,-5431,5457,-5467,1949,2143,2088,1913,0.589999974,-0.389999986,-0.400000006,0.01,0.07,0
29.43,5499,-5458,5461,-5496,1947,2143,2088,1920,0.589999974,-0.389999986,-0.400000006,0.01,0.07,0
29.44,5505,-5507,5490,-5475,1955,2167,2088,1926,-1.120000005,-0.400000006,-2.640000105,-0.029999999,0,-0.029999999
29.45,5505,-5423,5477,-5493,1973,2202,2123,1931,-1.120000005,-0.400000006,-2.640000105,-0.029999999,0,-0.029999999
29.46,5506,-5467,5486,-5492,1993,2229,2144,1922,-0.540000022,-0.970000029,1.129999995,-0.01,0.01,-0.050000001
29.47,5515,-5496,5444,-5475,2003,2238,2147,1923,-0.540000022,-0.970000029,1.129999995,-0.01,0.01,-0.050000001
29.48,5535,-5475,5501,-5491,2003,2238,2144,1927,0.389999986,-0.689999998,1.99000001,0.01,0.01,-0.059999999
29.49,5515,-5442,5439,-5493,1995,2235,2130,1927,0.389999986,-0.689999998,1.99000001,0.01,0.01,-0.059999999
29.5,5490,-5469,5484,-5493,1984,2229,2127,1923,0.230000004,-0.699999988,0.319999993,-0.01,-0.050000001,-0.07
29.51,5542,-5448,5536,-5458,1981,2200,2126,1907,0.230000004,-0.699999988,0.319999993,-0.01,-0.050000001,-0.07
29.52,5502,-5484,5495,-5449,1982,2107,2127,1907,1.230000019,-0.870000005,-1.50999999,-0.02,0,-0.039999999
29.53,5477,-5462,5498,-5462,1979,2074,2125,1895,1.230000019,-0.870000005,-1.50999999,-0.02,0,-0.039999999
29.54,5540,-5391,5549,-5472,1965,2027,2126,1901,-0.949999988,-1.649999976,-3.930000067,0.01,0.029999999,-0.059999999
29.55,5500,-5552,5450,-5441,1963,1996,2125,1908,-0.949999988,-1.649999976,-3.930000067,0.01,0.029999999,-0.059999999
29.56,5514,-5469,5524,-5449,1964,2006,2098,1905,-0.569999993,-1.570000052,-5.579999924,-0.029999999,-0.039999999,-0.079999998
29.57,5539,-5444,5544,-5468,1964,2035,2026,1901,-0.569999993,-1.570000052,-5.579999924,-0.029999999,-0.039999999,-0.079999998
29.58,5539,-5497,5498,-5421,1973,2064,2045,1900,0.910000026,0.49000001,2.309999943,-0.079999998,0.01,-0.090000004
29.59,5509,-5402,5507,-5421,1985,2083,2121,1895,0.910000026,0.49000001,2.309999943,-0.079999998,0.01,-0.090000004
29.6,5523,-5370,5510,-5516,1995,2078,2121,1892,-0.910000026,-0.270000011,0.360000014,0.02,-0.01,-0.109999999
29.61,5546,-5454,5479,-5434,1989,2076,2146,1891,-0.910000026,-0.270000011,0.360000014,0.02,-0.01,-0.109999999
29.62,5529,-5433,5535,-5401,1989,2076,2143,1890,-0.910000026,-0.270000011,0.360000014,0.02,-0.01,-0.109999999
29.63,5511,-5389,5476,-5449,1969,2068,2141,1894,0.180000007,-1.029999971,-2.869999886,0.090000004,-0.079999998,-0.129999995
29.64,5569,-5434,5512,-5478,1935,2055,2137,1915,0.270000011,-1.860000014,1.059999943,0.07,0,-0.129999995
29.65,5545,-5412,5535,-5386,1925,2055,2132,1945,-0.159999996,-1.090000033,1.330000043,-0.02,0.02,-0.140000001
29.66,5500,-5388,5503,-5463,1905,2061,2133,1932,1.049999952,-2.079999924,3.220000029,-0.050000001,0.050000001,-0.140000001
29.67,5517,-5405,5499,-5436,1891,2065,2139,1924,-1.440000057,0.07,1.419999957,-0.100000002,0.07,-0.140000001
29.68,5528,-5453,5556,-5359,1913,2057,2152,1928,0.839999974,-0.239999995,1.019999981,-0.109999999,0.050000001,-0.140000001
29.69,5501,-5403,5519,-5406,2031,2064,2148,1919,-1.00999999,-1.590000033,3.420000076,-0.029999999,0.079999998,-0.129999995
29.7,5539,-5404,5550,-5388,2077,2086,2141,1886,-1.620000005,-0.360000014,0.529999971,-0.039999999,0.109999999,-0.140000001
29.71,5524,-5460,5558,-5407,2086,2108,2127,1784,-0.959999979,-2.410000086,-2.349999905,0.059999999,0.079999998,-0.140000001
29.72,5548,-5452,5495,-5408,2069,2153,2116,1739,-2.190000057,-2.640000105,-3.119999886,0.07,0,-0.140000001
29.73,5550,-5435,5534,-5402,2057,2175,2110,1695,0.239999995,-3.359999895,-4.96999979,0,-0.07,-0.140000001
29.74,5524,-5433,5548,-5469,2059,2191,2112,1668,1.440000057,-3.00999999,2.569999933,0.02,0.029999999,-0.150000006
29.75,5562,-5396,5516,-5423,2061,2196,2124,1682,1.360000014,-1.309999943,2.220000029,0.02,-0.029999999,-0.150000006
29.76,5537,-5400,5532,-5374,2063,2196,2124,1733,0.400000006,-1.019999981,0.709999979,0.02,0.01,-0.159999996
29.77,5517,-5421,5525,-5486,2060,2191,2167,1836,0.430000007,-0.219999999,4.039999962,0.029999999,0.059999999,-0.170000002
29.78,5539,-5378,5487,-5429,2043,2170,2183,1846,-2.25,-0.730000019,-3.539999962,-0.02,-0.150000006,-0.159999996
29.79,5563,-5409,5502,-5420,2022,2144,2194,1840,-0.649999976,-2.049999952,-2.849999905,-0.01,-0.039999999,-0.159999996
29.8,5525,-5348,5549,-5419,1996,2127,2178,1838,0.670000017,-0.839999974,0.219999999,0.07,-0.079999998,-0.170000002
29.81,5530,-5378,5488,-5344,1968,2121,2164,1835,0.889999986,-1.679999948,-0.949999988,-0.01,-0.02,-0.159999996
29.82,5539,-5320,5522,-5404,1985,2088,2150,1804,1.370000005,-1.159999967,1.230000019,-0.01,0.100000002,-0.170000002
29.83,5543,-5430,5534,-5403,2006,2011,2130,1804,-0.569999993,-2.630000114,-0.159999996,-0.029999999,0.079999998,-0.180000007
29.84,5553,-5420,5525,-5362,2024,1951,2105,1807,-1.049999952,-2.269999981,-1.029999971,0.01,0,-0.180000007
29.85,5519,-5351,5570,-5416,2035,1978,2031,1804,1.519999981,-1.75999999,0.49000001,-0.01,0,-0.200000003
29.86,5575,-5396,5547,-5365,2036,1995,2019,1802,-0.090000004,-2.059999943,-1.75,-0.059999999,0.02,-0.209999993
29.87,5615,-5386,5568,-5348,2046,1991,2035,1788,1.080000043,-2.00999999,-1.159999967,-0.150000006,0.02,-0.219999999
29.88,5523,-5345,5595,-5379,2062,1972,2077,1802,-0.980000019,-2.450000048,-5.889999866,-0.140000001,-0.050000001,-0.230000004
29.89,5612,-5400,5551,-5300,2075,1977,2123,1813,0,-2.349999905,-2.609999895,-0.029999999,0,-0.25
29.9,5600,-5350,5551,-5358,2086,2004,2158,1818,-0.170000002,-1.860000014,0.49000001,0,-0.050000001,-0.25
29.91,5571,-5310,5558,-5354,2100,2033,2161,1838,-1.110000014,-2.089999914,0.519999981,0.01,0,-0.280000001
29.92,5584,-5341,5529,-5343,2110,2048,2165,1869,-0.569999993,-2.50999999,1.620000005,0.059999999,-0.02,-0.280000001
29.93,5576,-5339,5536,-5358,2100,2045,2167,1889,-0.699999988,-3.210000038,0.119999997,0.07,-0.029999999,-0.280000001
29.94,5598,-5339,5551,-5342,2093,2029,2165,1883,0.469999999,-3.039999962,5.059999943,0.039999999,0,-0.280000001
29.95,5559,-5286,5502,-5374,2087,2003,2159,1880,1.230000019,-2.170000076,2.25,0.039999999,0.01,-0.280000001
29.96,5566,-5353,5636,-5372,2085,2007,2153,1880,-0.090000004,-2.079999924,1.129999995,0.01,0.059999999,-0.289999992
29.97,5603,-5334,5574,-5357,2091,2015,2147,1867,-0.689999998,-3.089999914,0.289999992,-0.050000001,0.029999999,-0.280000001
29.98,5561,-5353,5502,-5341,2107,2017,2141,1848,-0.819999993,-3.430000067,-0.419999987,-0.039999999,0.01,-0.280000001
29.99,5596,-5359,5581,-5327,2107,2016,2139,1835,0.839999974,-3.109999895,-1.570000052,-0.02,0,-0.270000011
30,5581,-5256,5581,-5349,2105,1993,2139,1825,-0.569999993,-1.940000057,-1.480000019,-0.01,0.01,-0.280000001
30.01,5601,-5401,5579,-5308,2104,1990,2142,1777,1.519999981,-2.690000057,-1.5,-0.029999999,0.039999999,-0.289999992
30.02,5612,-5335,5577,-5303,2093,1999,2142,1715,-0.600000024,-3.00999999,-2.900000095,-0.01,-0.029999999,-0.300000012
30.03,5626,-5322,5582,-5328,2060,1995,2143,1695,0.379999995,-4.449999809,-3.400000095,0.039999999,0,-0.319999993
30.04,5608,-5359,5612,-5329,2056,1989,2141,1757,0.189999998,-3.589999914,-1.340000033,0.07,-0.059999999,-0.319999993
30.05,5558,-5310,5571,-5302,2057,1989,2147,1784,-1.029999971,-2.690000057,-0.479999989,-0.01,-0.059999999,-0.340000004
30.06,5641,-5290,5574,-5308,2068,2021,2162,1788,0.219999999,-2.720000029,-0.119999997,0.01,-0.01,-0.349999994
30.07,5598,-5306,5573,-5274,2072,2033,2196,1784,-1.080000043,-2.380000114,1.669999957,-0.01,0,-0.349999994
30.08,5596,-5293,5542,-5320,2071,2032,2215,1786,-0.379999995,-2.829999924,2.180000067,-0.059999999,0,-0.349999994
30.09,5637,-5295,5555,-5327,2069,2031,2224,1786,-1.269999981,-2.690000057,1.74000001,0,0,-0.360000014
30.1,5606,-5312,5623,-5296,2068,2033,2222,1783,-0.119999997,-2.230000019,3.450000048,-0.01,-0.02,-0.360000014
30.11,5599,-5265,5554,-5301,2069,2034,2221,1773,0.449999988,-3.569999933,2.789999962,-0.01,-0.029999999,-0.370000005
30.12,5630,-5292,5568,-5310,2082,2034,2217,1760,0.109999999,-3.029999971,2.079999924,-0.050000001,0.07,-0.370000005
30.13,5596,-5297,5653,-5274,2091,2034,2212,1737,0.600000024,-3.460000038,1.389999986,0,0.02,-0.370000005
30.14,5577,-5346,5626,-5306,2088,2035,2212,1721,-1.179999948,-4.170000076,-1.120000005,0,0.01,-0.360000014
30.15,5633,-5319,5604,-5291,2088,2035,2205,1722,-1.419999957,-3.440000057,-1.049999952,0.01,0,-0.379999995
30.16,5635,-5270,5625,-5278,2086,2031,2203,1742,-0.759999991,-3.410000086,-1.700000048,0,-0.059999999,-0.379999995
30.17,5636,-5325,5560,-5285,2080,2006,2201,1739,-0.419999987,-4.239999771,-1.110000014,-0.029999999,-0.039999999,-0.389999986
30.18,5634,-5299,5609,-5259,2072,1999,2202,1738,-0.959999979,-3.190000057,0.699999988,-0.039999999,0,-0.389999986
30.19,5659,-5264,5617,-5229,2066,1986,2214,1731,-0.660000026,-4.150000095,-1.799999952,-0.039999999,-0.039999999,-0.400000006
30.2,5624,-5286,5616,-5264,2067,1975,2217,1716,0.589999974,-3.059999943,4.340000153,-0.059999999,0,-0.409999996
30.21,5607,-5243,5602,-5262,2071,1974,2216,1692,-0.460000008,-3.450000048,2.109999895,-0.01,0.02,-0.449999988
30.22,5671,-5229,5574,-5220,2071,1986,2217,1681,-0.74000001,-3.619999886,-1.080000043,0.01,-0.01,-0.449999988
30.23,5642,-5219,5638,-5283,2065,2012,2217,1690,-0.270000011,-3.940000057,0.939999998,0.02,0,-0.479999989
30.24,5670,-5244,5576,-5260,2060,2012,2212,1682,-0.259999991,-4.269999981,-0.810000002,0,-0.02,-0.479999989
30.25,5690,-5246,5637,-5229,2052,2004,2208,1650,2.859999895,-3.519999981,2.420000076,-0.02,0,-0.49000001
30.26,5604,-5235,5641,-5230,2052,1999,2210,1631,-0.439999998,-2.819999933,-2.930000067,-0.029999999,0.029999999,-0.509999991
30.27,5696,-5175,5639,-5218,2063,1997,2213,1646,1.429999948,-4.820000172,-0.379999995,-0.02,0.100000002,-0.519999981
30.28,5664,-5223,5643,-5220,2058,1963,2217,1659,-1.139999986,-3.700000048,-3.349999905,-0.059999999,-0.059999999,-0.529999971
30.29,5685,-5210,5672,-5210,2051,1962,2226,1669,0.400000006,-4.550000191,-3.970000029,-0.02,0.01,-0.540000022
30.3,5663,-5196,5652,-5186,2061,1974,2240,1673,-0.430000007,-4.409999847,2.069999933,-0.029999999,0,-0.540000022
30.31,5703,-5270,5678,-5191,2095,1983,2241,1667,0.879999995,-5.239999771,0.469999999,-0.059999999,0.109999999,-0.560000002
30.32,5699,-5185,5642,-5189,2099,1987,2240,1662,-2.279999971,-5.190000057,-1.529999971,-0.02,-0.01,-0.560000002
30.33,5687,-5224,5653,-5183,2103,1984,2240,1658,-0.370000005,-4.420000076,-5.179999828,0.02,0.01,-0.569999993
30.34,5713,-5201,5643,-5173,2111,1998,2239,1656,0.379999995,-4.550000191,1.529999971,0.050000001,0.02,-0.569999993
30.35,5691,-5197,5651,-5176,2123,2007,2236,1651,-0.560000002,-5.449999809,-1.970000029,0.029999999,0.01,-0.589999974
30.36,5678,-5225,5620,-5159,2143,2015,2236,1648,0.629999995,-4.800000191,1.899999976,0.029999999,0.07,-0.589999974
30.37,5707,-5182,5618,-5176,2160,2031,2233,1647,0.039999999,-5.019999981,1.549999952,0.07,0.039999999,-0.600000024
30.38,5747,-5202,5621,-5184,2158,2047,2233,1642,0.649999976,-4.570000172,1.149999976,-0.02,0.01,-0.610000014
30.39,5695,-5192,5667,-5120,2152,2052,2228,1631,-0.959999979,-4.550000191,2.190000057,-0.029999999,0,-0.610000014
30.4,5730,-5182,5688,-5202,2138,2034,2226,1617,-0.449999988,-4.670000076,-2.809999943,-0.050000001,-0.090000004,-0.610000014
30.41,5742,-5197,5654,-5189,2138,2009,2232,1609,0.330000013,-4.690000057,-0.079999998,-0.079999998,-0.100000002,-0.620000005
30.42,5653,-5197,5632,-5120,2147,1979,2235,1616,-1.289999962,-4.949999809,-1.720000029,-0.050000001,0,-0.629999995
30.43,5712,-5136,5703,-5183,2138,1955,2239,1625,0.469999999,-5.880000114,-1.450000048,0,-0.029999999,-0.629999995
30.44,5738,-5138,5693,-5186,2126,1948,2237,1625,-1,-5.630000114,0.800000012,0.029999999,-0.029999999,-0.639999986
30.45,5705,-5202,5692,-5147,2123,1940,2237,1630,0.889999986,-5.96999979,-1.74000001,0.039999999,-0.01,-0.639999986
30.46,5721,-5175,5682,-5142,2118,1937,2230,1630,1.789999962,-5.650000095,2.460000038,0.02,0,-0.639999986
30.47,5731,-5134,5681,-5130,2110,1922,2204,1627,0.07,-4.849999905,1.889999986,0,0.02,-0.649999976
30.48,5693,-5168,5693,-5157,2106,1897,2217,1620,1.279999971,-5.840000153,-1.440000057,-0.100000002,0,-0.649999976
30.49,5703,-5160,5628,-5125,2115,1864,2225,1627,-0.920000017,-5.639999866,1.179999948,-0.07,0.02,-0.670000017
30.5,5741,-5115,5674,-5114,2132,1850,2228,1625,0.189999998,-5.119999886,-1.50999999,-0.050000001,0,-0.670000017
30.51,5716,-5139,5639,-5082,2139,1856,2233,1613,-0.589999974,-6.739999771,0.939999998,-0.059999999,-0.01,-0.699999988
30.52,5724,-5112,5660,-5066,2137,1860,2241,1599,-0.959999979,-6.389999866,-2.339999914,0.01,0.07,-0.720000029
30.53,5776,-5102,5682,-5037,2132,1868,2239,1596,-1.830000043,-6.610000134,-1.50999999,0,0.039999999,-0.75
30.54,5736,-5105,5665,-5047,2131,1876,2233,1597,-0.920000017,-6.840000153,-1.679999948,0.07,0,-0.75
30.55,5775,-5070,5688,-5077,2137,1895,2233,1586,-0.579999983,-5.940000057,-1.340000033,-0.01,0,-0.779999971
30.56,5760,-5063,5737,-5074,2147,1923,2234,1586,-0.759999991,-6.71999979,0.07,0,0.02,-0.779999971
30.57,5736,-5078,5686,-5047,2162,1906,2238,1566,0.140000001,-6.730000019,0.49000001,-0.039999999,0,-0.810000002
30.58,5780,-5080,5729,-5031,2172,1886,2242,1562,-0.819999993,-6.800000191,1.440000057,-0.050000001,0.029999999,-0.819999993
30.59,5788,-5020,5714,-5035,2183,1872,2244,1566,-1.600000024,-6.929999828,-0.050000001,-0.029999999,0.02,-0.850000024
30.6,5753,-5050,5730,-5022,2179,1872,2247,1570,-0.460000008,-7.119999886,0.430000007,0,-0.029999999,-0.850000024
30.61,5781,-5021,5684,-5011,2171,1879,2247,1563,-1.190000057,-7.320000172,0.509999991,0.01,-0.01,-0.860000014
30.62,5776,-5077,5684,-4994,2172,1883,2247,1568,-0.270000011,-7.46999979,0.899999976,0.039999999,0.02,-0.860000014
30.63,5754,-5068,5668,-4975,2173,1879,2244,1576,-0.600000024,-7.71999979,0.639999986,0.029999999,0,-0.850000024
30.64,5735,-5051,5701,-4984,2179,1878,2246,1575,0.219999999,-7.190000057,2.420000076,0.039999999,0.100000002,-0.860000014
30.65,5751,-5045,5642,-4980,2179,1870,2246,1572,0.949999988,-7.570000172,2.140000105,0,0.119999997,-0.860000014
30.66,5740,-5026,5656,-4972,2177,1866,2246,1570,-2.680000067,-7.769999981,-2.569999933,-0.039999999,0,-0.860000014
30.67,5753,-5024,5657,-4951,2178,1867,2243,1542,-1.669999957,-8.029999733,-2.849999905,-0.050000001,0.01,-0.879999995
30.68,5734,-4997,5691,-4954,2175,1856,2237,1520,-0.319999993,-8.329999924,-0.769999981,-0.01,-0.029999999,-0.879999995
30.69,5795,-5024,5711,-4946,2166,1855,2217,1494,-0.230000004,-7.519999981,-0.810000002,-0.02,-0.039999999,-0.899999976
30.7,5767,-4950,5666,-4927,2172,1864,2217,1474,0.579999983,-6.119999886,-1.460000038,0.02,0.090000004,-0.910000026
30.71,5714,-4934,5682,-4894,2194,1871,2219,1462,0.159999996,-6.630000114,-0.119999997,0,0.07,-0.930000007
30.72,5786,-4957,5723,-4917,2198,1871,2219,1457,0.230000004,-7.489999771,-1.889999986,-0.029999999,0.079999998,-0.939999998
30.73,5793,-4977,5672,-4942,2199,1844,2220,1439,-1.529999971,-6.829999924,-0.150000006,-0.029999999,0.119999997,-0.959999979
30.74,5748,-4937,5691,-4882,2198,1823,2225,1423,-3.619999886,-7.360000134,-3.539999962,-0.02,-0.109999999,-0.970000029
30.75,5771,-4939,5713,-4887,2191,1809,2230,1429,-0.899999976,-8.199999809,-4.71999979,0.01,-0.100000002,-0.99000001
30.76,5777,-4906,5671,-4885,2190,1807,2231,1449,-0.879999995,-8.430000305,1.200000048,0.039999999,0,-0.980000019
30.77,5708,-4925,5698,-4887,2185,1814,2231,1463,-0.170000002,-8.729999542,0.620000005,0,0,-0.99000001
30.78,5735,-4925,5587,-4886,2191,1814,2231,1458,-0.860000014,-8.449999809,-0.829999983,0.050000001,0.029999999,-0.980000019
30.79,5744,-4914,5661,-4866,2199,1812,2235,1461,1.49000001,-8.109999657,0.920000017,0.039999999,0.100000002,-0.970000029
30.8,5685,-4958,5637,-4837,2204,1810,2245,1469,-2.269999981,-8.630000114,-0.610000014,0,0.01,-0.970000029
30.81,5701,-4910,5597,-4835,2202,1811,2244,1483,-0.720000029,-8.109999657,-1.409999967,0.02,0.059999999,-0.970000029
30.82,5715,-4921,5612,-4876,2179,1820,2245,1490,-0.550000012,-8.649999619,0.230000004,0.01,-0.050000001,-0.959999979
30.83,5707,-4936,5550,-4856,2179,1829,2240,1468,-0.730000019,-8.119999886,-0.370000005,-0.02,0.01,-0.939999998
30.84,5659,-4897,5593,-4822,2192,1829,2233,1448,-1.470000029,-7.170000076,0.49000001,0.01,0.07,-0.949999988
30.85,5688,-4896,5631,-4802,2215,1834,2227,1431,-0.059999999,-7.809999943,-3.390000105,0,0.109999999,-0.949999988
30.86,5669,-4898,5581,-4791,2234,1845,2224,1416,-1.120000005,-8.390000343,0.670000017,-0.050000001,0.090000004,-0.949999988
30.87,5727,-4893,5629,-4790,2268,1868,2225,1399,-0.349999994,-7.159999847,-0.050000001,-0.029999999,0.109999999,-0.970000029
30.88,5686,-4865,5602,-4754,2276,1882,2225,1388,-2.049999952,-7.300000191,-3.279999971,0,-0.059999999,-0.970000029
30.89,5672,-4816,5621,-4740,2274,1874,2224,1410,-1.320000052,-7.179999828,-2.75999999,0.02,-0.059999999,-0.980000019
30.9,5715,-4820,5591,-4800,2270,1862,2221,1409,0.860000014,-8,-0.800000012,0.02,0,-0.970000029
30.91,5661,-4813,5535,-4811,2264,1878,2222,1407,-1.559999943,-7.480000019,0.170000002,0,-0.029999999,-0.980000019
30.92,5599,-4873,5547,-4768,2262,1878,2221,1422,0.689999998,-7.710000038,0.02,0.079999998,0.039999999,-0.980000019
30.93,5595,-4834,5548,-4757,2270,1873,2222,1448,-1.059999943,-8.220000267,3.25,0.039999999,0,-0.949999988
30.94,5607,-4853,5537,-4801,2266,1874,2228,1482,-1.730000019,-7.619999886,-1.149999976,0.01,-0.02,-0.949999988
30.95,5619,-4855,5490,-4811,2259,1876,2236,1480,-2.380000114,-7.300000191,1.320000052,0.01,-0.039999999,-0.930000007
30.96,5612,-4849,5470,-4785,2256,1874,2237,1485,-0.74000001,-8.329999924,-0.810000002,-0.02,-0.090000004,-0.910000026
30.97,5593,-4864,5469,-4786,2255,1838,2237,1506,-1,-7.900000095,1.620000005,0,-0.129999995,-0.879999995
30.98,5550,-4840,5468,-4797,2248,1823,2233,1534,0.680000007,-8.289999962,3.390000105,0.02,0.050000001,-0.870000005
30.99,5483,-4853,5434,-4754,2230,1807,2224,1555,0.660000026,-6.679999828,5.21999979,0.059999999,0.07,-0.839999974
31,5449,-4869,5400,-4768,2232,1796,2200,1567,-1.129999995,-7.889999866,-3.829999924,0.029999999,0.01,-0.819999993
31.01,5495,-4848,5444,-4793,2236,1801,2153,1568,-0.540000022,-5.670000076,0.409999996,0.029999999,0.039999999,-0.790000022
31.02,5443,-4867,5425,-4788,2238,1801,2106,1578,-0.939999998,-7.070000172,-2.289999962,0.050000001,-0.059999999,-0.779999971
31.03,5427,-4829,5336,-4797,2234,1798,2078,1606,-0.819999993,-5.909999847,-0.949999988,0.039999999,-0.039999999,-0.730000019
31.04,5453,-4838,5365,-4805,2231,1802,2081,1645,0.140000001,-5.710000038,-1.480000019,0.100000002,0.029999999,-0.720000029
31.05,5395,-4868,5338,-4828,2227,1817,2081,1677,-0.550000012,-5.199999809,-1.029999971,0.07,0.039999999,-0.670000017
31.06,5377,-4811,5282,-4819,2225,1850,2082,1692,-1.779999971,-4.449999809,-1.840000033,0.109999999,0.01,-0.660000026
31.07,5370,-4813,5301,-4853,2223,1874,2084,1685,-0.759999991,-4.260000229,-3.660000086,0.039999999,0.01,-0.610000014
31.08,5313,-4903,5271,-4833,2224,1879,2101,1682,-0.779999971,-4.070000172,0.090000004,0.02,-0.039999999,-0.600000024
31.09,5286,-4886,5240,-4838,2225,1903,2116,1700,-0.75,-3.660000086,-0.75,0.059999999,0,-0.560000002
31.1,5306,-4816,5231,-4861,2218,1933,2132,1742,-1.00999999,-3.839999914,-0.01,0.100000002,-0.02,-0.560000002
31.11,5273,-4893,5210,-4867,2214,1958,2152,1828,1.110000014,-3.660000086,1.639999986,0.029999999,0.029999999,-0.509999991
31.12,5244,-4843,5163,-4845,2210,1991,2166,1831,-3.420000076,-3.349999905,-0.029999999,0.02,0.02,-0.519999981
31.13,5255,-4877,5175,-4835,2207,2035,2170,1801,-1.269999981,-4.110000134,-3.170000076,-0.01,0,-0.460000008
31.14,5205,-4882,5158,-4861,2204,2035,2156,1786,-0.889999986,-2.910000086,0.529999971,0.039999999,-0.07,-0.449999988
31.15,5162,-4863,5185,-4821,2207,2034,2153,1796,-1.200000048,-2.670000076,-1.519999981,0.029999999,-0.01,-0.419999987
31.16,5180,-4882,5155,-4840,2207,2033,2152,1806,0.119999997,-2.690000057,1.710000038,0.050000001,0.039999999,-0.400000006
31.17,5162,-4891,5109,-4836,2209,2038,2147,1776,-0.050000001,-2.279999971,1.070000052,0.100000002,0.050000001,-0.370000005
31.18,5123,-4869,5113,-4831,2199,2049,2130,1753,-1.120000005,-2.390000105,0.870000005,0.050000001,0.050000001,-0.360000014
31.19,5147,-4853,5124,-4847,2174,2047,2109,1741,0,-2.380000114,0.509999991,0.079999998,0.059999999,-0.340000004
31.2,5155,-4865,5099,-4847,2145,2045,2083,1741,-2.25,-2.079999924,-3.579999924,0.029999999,-0.100000002,-0.340000004
31.21,5126,-4835,5103,-4806,2069,2051,2092,1732,-1.149999976,-1.809999943,-3.75,0.029999999,-0.090000004,-0.330000013
31.22,5105,-4808,5095,-4819,2033,2065,2098,1699,-0.910000026,-2.150000095,-1.00999999,0,-0.029999999,-0.330000013
31.23,5121,-4820,5102,-4829,2014,2069,2099,1701,-1.50999999,-1.600000024,-1.809999943,-0.02,-0.039999999,-0.319999993
31.24,5090,-4824,5057,-4830,2010,2072,2105,1700,-0.660000026,-2.74000001,-0.340000004,0.01,-0.02,-0.310000002
31.25,5026,-4809,5075,-4811,2008,2084,2133,1689,-0.75,-1.700000048,0.910000026,-0.01,-0.02,-0.310000002
31.26,5127,-4802,5027,-4820,2022,2091,2159,1689,-0.340000004,-1.429999948,1.100000024,0,-0.039999999,-0.310000002
31.27,5084,-4801,5001,-4821,2064,2099,2184,1708,-0.579999983,-2.319999933,2.74000001,0.039999999,-0.039999999,-0.300000012
31.28,5044,-4770,5029,-4754,2050,2116,2203,1728,-0.560000002,-1.899999976,2.400000095,-0.02,0.01,-0.310000002
31.29,5071,-4752,5012,-4784,2033,2128,2210,1735,-1.529999971,-1.99000001,2.769999981,-0.02,0.02,-0.330000013
31.3,5044,-4757,5020,-4759,2027,2112,2212,1735,-2.289999962,-3.00999999,-2.289999962,-0.07,-0.07,-0.310000002
31.31,5050,-4771,5044,-4702,2026,2088,2213,1732,-1.980000019,-2.470000029,0.289999992,-0.150000006,-0.02,-0.349999994
31.32,5039,-4684,5021,-4715,2049,2077,2223,1732,-0.759999991,-3.369999886,0.319999993,-0.119999997,-0.01,-0.360000014
31.33,5053,-4667,5028,-4660,2072,2066,2226,1730,-0.419999987,-3.319999933,2.190000057,-0.059999999,-0.02,-0.379999995
31.34,5035,-4701,5026,-4646,2087,2053,2226,1709,0.07,-3.099999905,3.890000105,-0.079999998,0.159999996,-0.400000006
31.35,5044,-4637,5019,-4620,2089,2034,2219,1690,-1.460000038,-2.940000057,2.470000029,-0.02,0.150000006,-0.439999998
31.36,5063,-4634,5055,-4632,2089,2026,2206,1669,-1.019999981,-3.519999981,-2.029999971,-0.02,0.029999999,-0.449999988
31.37,5033,-4638,5028,-4570,2087,2035,2195,1642,-2.269999981,-3.849999905,0.340000004,0.01,0.079999998,-0.479999989
31.38,5091,-4602,4982,-4576,2092,2054,2182,1608,-1.090000033,-4.199999809,-2.890000105,0,0.02,-0.479999989
31.39,5054,-4597,5042,-4581,2098,2066,2172,1534,-1.25,-3.480000019,-0.579999983,-0.07,0,-0.5
31.4,5020,-4612,5042,-4543,2099,2069,2171,1504,-0.899999976,-3.410000086,-0.870000005,-0.090000004,0.109999999,-0.519999981
31.41,5109,-4540,4961,-4547,2112,2066,2171,1481,-2.24000001,-3.769999981,-1.570000052,-0.079999998,0,-0.540000022
31.42,5026,-4568,5022,-4542,2131,2052,2179,1469,-1.059999943,-4.610000134,-1.74000001,-0.100000002,-0.02,-0.540000022
31.43,5046,-4570,4995,-4535,2135,2032,2188,1466,-2.339999914,-4.03000021,-0.829999983,-0.050000001,-0.059999999,-0.560000002
31.44,5046,-4536,4961,-4523,2101,1997,2202,1476,-1.590000033,-4.420000076,-2.00999999,0.01,-0.079999998,-0.560000002
31.45,5034,-4502,4996,-4519,2083,1945,2223,1539,-1.049999952,-5.380000114,0.959999979,0.029999999,-0.079999998,-0.560000002
31.46,4961,-4522,5022,-4497,2068,1910,2255,1600,-1.789999962,-4.809999943,-0.779999971,0.07,0,-0.569999993
31.47,4986,-4513,4864,-4503,2068,1925,2289,1654,-2.589999914,-6.199999809,0.730000019,0.100000002,0.01,-0.560000002
31.48,4972,-4501,4939,-4494,2081,1938,2261,1672,-0.720000029,-5.800000191,3.220000029,0.059999999,0.029999999,-0.550000012
31.49,4959,-4533,4945,-4490,2104,1937,2242,1672,-1.960000038,-5.480000019,0.379999995,-0.029999999,0,-0.550000012
31.5,4947,-4493,4880,-4439,2107,1931,2243,1670,-0.02,-5.190000057,4.840000153,-0.029999999,0.100000002,-0.550000012
31.51,4953,-4471,4910,-4440,2117,1916,2235,1659,0.310000002,-4.690000057,6.400000095,-0.050000001,0.100000002,-0.550000012
31.52,4990,-4498,4902,-4420,2143,1900,2211,1659,-0.280000001,-4.150000095,-2.049999952,-0.07,0.109999999,-0.560000002
31.53,4958,-4448,4913,-4401,2172,1916,2174,1609,-1.25999999,-3.799999952,0.529999971,-0.01,0.109999999,-0.579999983
31.54,4979,-4461,4890,-4407,2177,1924,2163,1588,-0.720000029,-3.119999886,-4.769999981,-0.01,0.059999999,-0.600000024
31.55,4972,-4452,4913,-4374,2171,1927,2161,1584,-1.120000005,-3.609999895,-2.029999971,0.01,0.039999999,-0.620000005
31.56,4983,-4419,4853,-4372,2178,1938,2160,1586,-0.930000007,-4.309999943,-3.460000038,0,0.079999998,-0.629999995
31.57,4953,-4418,4904,-4373,2184,1959,2151,1591,-0.119999997,-4.429999828,-1.710000038,0.029999999,0.050000001,-0.649999976
31.58,4942,-4384,4882,-4335,2204,1970,2144,1603,-1.279999971,-4.599999905,-2.170000076,0.059999999,0.01,-0.649999976
31.59,4949,-4362,4864,-4378,2209,1955,2159,1627,-0.639999986,-3.880000114,-1.450000048,0.02,0.02,-0.649999976
31.6,4919,-4378,4831,-4403,2196,1940,2180,1669,-0.699999988,-5.110000134,-2.079999924,-0.02,-0.079999998,-0.649999976
31.61,4943,-4358,4844,-4332,2197,1916,2186,1698,-0.660000026,-4.690000057,0.620000005,-0.02,-0.02,-0.629999995
31.62,4929,-4368,4849,-4338,2208,1881,2184,1679,-1.169999957,-4.949999809,0.119999997,-0.01,-0.050000001,-0.629999995
31.63,4897,-4383,4804,-4378,2209,1833,2179,1679,-1.399999976,-5.460000038,-2.930000067,0.079999998,-0.029999999,-0.620000005
31.64,4910,-4339,4805,-4320,2200,1837,2170,1696,-0.569999993,-4.909999847,0.910000026,0.090000004,0.01,-0.629999995
31.65,4841,-4340,4821,-4327,2200,1839,2152,1716,-1.190000057,-5.420000076,1.100000024,0.090000004,0.01,-0.629999995
31.66,4867,-4330,4799,-4341,2177,1839,2146,1729,-0.560000002,-4.860000134,0,0.109999999,0,-0.629999995
31.67,4850,-4329,4799,-4327,2157,1837,2145,1705,-0.709999979,-4.590000153,1.519999981,0.059999999,0.029999999,-0.620000005
31.68,4825,-4316,4774,-4301,2142,1827,2145,1699,-1.190000057,-4.340000153,-3.299999952,0.029999999,-0.01,-0.610000014
31.69,4829,-4305,4752,-4273,2140,1788,2145,1713,-1.50999999,-3.779999971,-2.00999999,0,-0.01,-0.600000024
31.7,4834,-4294,4778,-4276,2142,1764,2134,1726,0.129999995,-4.130000114,0.660000026,0.01,0.039999999,-0.610000014
31.71,4838,-4325,4719,-4266,2144,1762,2112,1727,-0.370000005,-4.369999886,2.619999886,-0.01,0.059999999,-0.610000014
31.72,4814,-4274,4762,-4253,2151,1776,2098,1721,-2.25999999,-4.190000057,-2.440000057,0.01,0.059999999,-0.610000014
31.73,4815,-4286,4787,-4219,2163,1795,2106,1696,-2.420000076,-4.059999943,-2.450000048,-0.039999999,0.050000001,-0.629999995
31.74,4831,-4265,4730,-4216,2177,1809,2121,1687,-1.289999962,-4.460000038,-1.200000048,-0.07,0,-0.620000005
31.75,4778,-4243,4734,-4194,2198,1812,2127,1683,-2.549999952,-4.179999828,0.569999993,0,0,-0.649999976
31.76,4816,-4224,4742,-4175,2216,1822,2123,1687,-0.680000007,-3.900000095,0.219999999,0.029999999,0.050000001,-0.660000026
31.77,4803,-4185,4722,-4154,2221,1839,2131,1692,-0.730000019,-5.25,2.00999999,0.029999999,0.039999999,-0.689999998
31.78,4818,-4184,4705,-4144,2219,1863,2158,1689,-2.369999886,-5.119999886,0.360000014,-0.02,0.059999999,-0.699999988
31.79,4785,-4163,4703,-4168,2220,1894,2205,1693,-2.369999886,-4.539999962,-0.259999991,0.02,0.029999999,-0.709999979
31.8,4787,-4185,4712,-4154,2219,1925,2244,1690,-1.629999995,-5.199999809,1.070000052,0,-0.039999999,-0.709999979
31.81,4781,-4153,4691,-4142,2210,1925,2246,1673,-0.370000005,-4.320000172,2.680000067,0,0,-0.720000029
31.82,4755,-4154,4706,-4087,2209,1925,2245,1655,-2.069999933,-4.909999847,0.629999995,-0.02,0.02,-0.720000029
31.83,4757,-4160,4719,-4105,2210,1925,2247,1649,-0.850000024,-6.269999981,-0.670000017,0.01,0.07,-0.730000019
31.84,4730,-4113,4711,-4057,2199,1929,2247,1597,-2.230000019,-6.150000095,0.99000001,0.029999999,0,-0.74000001
31.85,4775,-4108,4688,-4019,2194,1929,2241,1553,-1.330000043,-5.28000021,-0.800000012,0,0.039999999,-0.759999991
31.86,4740,-4071,4704,-4063,2193,1925,2225,1513,-2.329999924,-4.449999809,-2.690000057,0.050000001,0,-0.769999981
31.87,4744,-4133,4682,-4045,2190,1920,2191,1479,-2.779999971,-5.349999905,-5.210000038,0.02,-0.02,-0.790000022
31.88,4742,-4089,4737,-3998,2166,1909,2182,1463,-0.629999995,-5.010000229,0.730000019,0.029999999,0,-0.790000022
31.89,4742,-4031,4710,-3997,2162,1890,2183,1462,-1.809999943,-5.980000019,-0.439999998,-0.02,0,-0.819999993
31.9,4728,-4038,4660,-3984,2165,1869,2192,1468,-2.410000086,-5.400000095,-0.469999999,-0.01,0,-0.819999993
31.91,4707,-4035,4684,-3934,2166,1857,2198,1463,-2.700000048,-5.789999962,-0.230000004,-0.029999999,-0.050000001,-0.850000024
31.92,4698,-4001,4678,-3931,2166,1860,2200,1461,-1.649999976,-5.269999981,0.660000026,-0.01,-0.01,-0.860000014
31.93,4692,-3991,4596,-3907,2170,1861,2204,1448,-2.359999895,-5.480000019,1.169999957,0,-0.02,-0.889999986
31.94,4713,-3962,4649,-3875,2181,1859,2204,1437,-1.450000048,-6.71999979,-0.680000007,-0.02,0.039999999,-0.889999986
31.95,4656,-3935,4626,-3861,2183,1856,2208,1435,-1.25,-6.820000172,1.450000048,0,0.050000001,-0.930000007
31.96,4702,-3920,4604,-3826,2186,1858,2208,1432,-3.829999924,-6.800000191,-1.610000014,0.039999999,0,-0.939999998
31.97,4704,-3902,4621,-3810,2186,1887,2209,1431,-3.430000067,-6.420000076,-2.119999886,0,-0.039999999,-0.970000029
31.98,4683,-3880,4622,-3789,2188,1902,2208,1426,-2.119999886,-7.360000134,-0.970000029,0.029999999,-0.029999999,-0.980000019
31.99,4717,-3870,4613,-3772,2188,1913,2209,1408,-1.25999999,-7.380000114,0.959999979,-0.02,-0.029999999,-1.00999999
32,4686,-3842,4624,-3741,2206,1914,2218,1395,-2.869999886,-7.340000153,0.200000003,-0.02,0.050000001,-1.019999981
32.01,4720,-3885,4599,-3754,2227,1901,2222,1394,-2.630000114,-8.56000042,-0.860000014,-0.109999999,0.02,-1.049999952
32.02,4652,-3799,4640,-3705,2231,1889,2222,1387,-2.839999914,-6.360000134,-0.409999996,0.02,-0.050000001,-1.059999943
32.03,4721,-3805,4599,-3675,2234,1876,2221,1386,-2.230000019,-7.260000229,-0.059999999,-0.109999999,0,-1.080000043
32.04,4641,-3803,4564,-3708,2235,1874,2220,1406,-2.230000019,-7.260000229,-0.059999999,-0.109999999,0,-1.080000043
32.05,4650,-3817,4580,-3663,2243,1886,2222,1426,-2.569999933,-6.829999924,-2.079999924,0.090000004,0,-1.100000024
32.06,4652,-3766,4602,-3659,2234,1898,2224,1428,-1.429999948,-6.840000153,4.179999828,0.039999999,0.039999999,-1.120000005
32.07,4676,-3765,4538,-3658,2234,1892,2223,1432,-0.219999999,-6.670000076,2.710000038,0.050000001,0.07,-1.110000014
32.08,4573,-3743,4544,-3630,2227,1866,2226,1414,-3.130000114,-5.239999771,1.919999957,-0.029999999,0,-1.110000014
32.09,4587,-3765,4540,-3645,2228,1852,2227,1403,-1.190000057,-6.449999809,-1.929999948,0.029999999,0.039999999,-1.120000005
32.1,4555,-3698,4522,-3571,2227,1827,2225,1399,-2.180000067,-6.559999943,-0.370000005,-0.050000001,-0.02,-1.110000014
32.11,4562,-3710,4471,-3551,2245,1793,2220,1404,-1.5,-6.900000095,-1.960000038,0.039999999,0.039999999,-1.129999995
32.12,4598,-3690,4453,-3562,2244,1776,2215,1414,-0.419999987,-7.739999771,-2.150000095,0.129999995,0.090000004,-1.139999986
32.13,4510,-3699,4457,-3512,2242,1776,2211,1412,-0.419999987,-7.739999771,-2.150000095,0.129999995,0.090000004,-1.139999986
32.14,4557,-3638,4457,-3517,2231,1804,2206,1412,-2.700000048,-7.889999866,-3.400000095,0.059999999,0.119999997,-1.149999976
32.15,4571,-3709,4429,-3490,2245,1806,2198,1414,-2.700000048,-7.889999866,-3.400000095,0.059999999,0.119999997,-1.149999976
32.16,4571,-3653,4405,-3475,2251,1815,2188,1406,-1.789999962,-6.75,-2.390000105,0.039999999,0.07,-1.190000057
32.17,4545,-3640,4442,-3433,2264,1813,2189,1392,-1.789999962,-6.75,-2.390000105,0.039999999,0.07,-1.190000057
32.18,4544,-3594,4448,-3411,2273,1813,2193,1372,-3.450000048,-6.599999905,-2.99000001,-0.02,0.050000001,-1.230000019
32.19,4524,-3586,4429,-3400,2277,1814,2193,1365,-3.450000048,-6.599999905,-2.99000001,-0.02,0.050000001,-1.230000019
32.2,4525,-3566,4425,-3380,2277,1821,2194,1361,-1.580000043,-7.579999924,0.680000007,0.07,-0.039999999,-1.24000001
32.21,4517,-3563,4415,-3386,2283,1829,2195,1360,-1.580000043,-7.579999924,0.680000007,0.07,-0.039999999,-1.24000001
32.22,4484,-3552,4381,-3386,2271,1838,2195,1365,-2.339999914,-7.130000114,-0.109999999,0.050000001,0.029999999,-1.24000001
32.23,4494,-3561,4397,-3365,2267,1837,2194,1381,-1.799999952,-7.860000134,0.400000006,0.039999999,0,-1.24000001
32.24,4491,-3570,4358,-3391,2253,1837,2194,1393,-3.319999933,-7.860000134,-3.079999924,0.050000001,-0.109999999,-1.210000038
32.25,4422,-3553,4382,-3368,2234,1836,2195,1401,-3.319999933,-7.860000134,-3.079999924,0.050000001,-0.109999999,-1.210000038
32.26,4428,-3528,4339,-3360,2215,1828,2212,1402,-0.49000001,-7.090000153,3.549999952,0.050000001,0.050000001,-1.200000048
32.27,4408,-3497,4324,-3350,2210,1820,2220,1407,-0.49000001,-7.090000153,3.549999952,0.050000001,0.050000001,-1.200000048
32.28,4375,-3484,4275,-3335,2211,1822,2218,1410,-3.140000105,-6.690000057,-2.099999905,0.050000001,0.050000001,-1.200000048
32.29,4388,-3508,4304,-3318,2217,1822,2216,1408,-3.140000105,-6.690000057,-2.099999905,0.050000001,0.050000001,-1.200000048
32.3,4370,-3479,4243,-3320,2219,1819,2217,1409,-3.849999905,-7.320000172,-1.350000024,-0.01,-0.07,-1.179999948
32.31,4365,-3475,4223,-3307,2219,1822,2217,1415,-3.849999905,-7.320000172,-1.350000024,-0.01,-0.07,-1.179999948
32.32,4349,-3501,4254,-3304,2210,1824,2216,1412,-2.089999914,-6.150000095,1.690000057,0.079999998,0,-1.169999957
32.33,4356,-3471,4203,-3311,2204,1827,2216,1412,-2.089999914,-6.150000095,1.690000057,0.079999998,0,-1.169999957
32.34,4328,-3453,4172,-3255,2200,1829,2216,1411,-1.049999952,-6.949999809,1.830000043,0,0.150000006,-1.159999967
32.35,4316,-3471,4203,-3265,2203,1830,2198,1404,-1.049999952,-6.949999809,1.830000043,0,0.150000006,-1.159999967
32.36,4327,-3440,4163,-3222,2241,1835,2198,1402,-3.25,-7.139999866,-2.019999981,0,-0.02,-1.169999957
32.37,4313,-3419,4204,-3211,2258,1840,2207,1368,-3.25,-7.139999866,-2.019999981,0,-0.02,-1.169999957
32.38,4304,-3417,4179,-3171,2262,1845,2209,1342,-1.730000019,-6.28000021,0.680000007,0.07,0.029999999,-1.190000057
32.39,4288,-3402,4169,-3183,2256,1856,2205,1342,-1.730000019,-6.28000021,0.680000007,0.07,0.029999999,-1.190000057
32.4,4305,-3399,4199,-3184,2253,1874,2187,1312,-3.039999962,-7.28000021,-1.059999943,0.109999999,0.039999999,-1.200000048
32.41,4253,-3395,4140,-3188,2249,1874,2187,1309,-3.039999962,-7.28000021,-1.059999943,0.109999999,0.039999999,-1.200000048
32.42,4261,-3380,4130,-3183,2226,1903,2156,1309,-1.730000019,-5.849999905,-0.310000002,0.059999999,-0.079999998,-1.179999948
32.43,4283,-3380,4182,-3192,2226,1902,2129,1317,-1.730000019,-5.849999905,-0.310000002,0.059999999,-0.079999998,-1.179999948
32.44,4297,-3346,4177,-3203,2224,1889,2141,1350,-0.889999986,-5.349999905,1.289999962,-0.050000001,-0.050000001,-1.149999976
32.45,4236,-3326,4088,-3159,2210,1860,2172,1390,-0.889999986,-5.349999905,1.289999962,-0.050000001,-0.050000001,-1.149999976
32.46,4173,-3325,4073,-3168,2200,1839,2172,1439,-0.610000014,-5.130000114,2.019999981,-0.02,-0.02,-1.129999995
32.47,4166,-3317,4119,-3140,2171,1829,2233,1496,-0.610000014,-5.130000114,2.019999981,-0.02,-0.02,-1.129999995
32.48,4176,-3313,4064,-3145,2168,1833,2261,1495,-0.930000007,-5.449999809,-2.059999943,0.100000002,0,-1.120000005
32.49,4144,-3279,4067,-3190,2175,1844,2251,1495,-0.930000007,-5.449999809,-2.059999943,0.100000002,0,-1.120000005
32.5,4115,-3297,3989,-3153,2173,1826,2243,1545,-0.469999999,-5.099999905,-0.720000029,0.129999995,0.079999998,-1.100000024
32.51,4094,-3305,4008,-3127,2152,1832,2241,1555,-0.469999999,-5.099999905,-0.720000029,0.129999995,0.079999998,-1.100000024
32.52,4110,-3277,4020,-3126,2152,1832,2241,1555,-1.190000057,-5.079999924,1.629999995,0.059999999,0,-1.100000024
32.53,4151,-3298,3989,-3123,2133,1875,2241,1540,-0.959999979,-4.5,-0.479999989,0.090000004,0.079999998,-1.090000033
32.54,4143,-3252,3938,-3085,2162,1884,2242,1506,-0.540000022,-4.619999886,3.289999962,0,0.140000001,-1.100000024
32.55,4093,-3275,3960,-3069,2189,1882,2241,1479,-0.540000022,-4.619999886,3.289999962,0,0.140000001,-1.100000024
32.56,4104,-3263,3991,-3088,2218,1881,2233,1452,-3.099999905,-4.619999886,-1.769999981,-0.029999999,0.07,-1.120000005
32.57,4126,-3282,3996,-3057,2233,1887,2221,1436,-3.099999905,-4.619999886,-1.769999981,-0.029999999,0.07,-1.120000005
32.58,4114,-3239,3959,-3062,2239,1887,2215,1422,-1.379999995,-5.610000134,-1.679999948,0.07,-0.029999999,-1.129999995
32.59,4082,-3218,3944,-3086,2236,1882,2213,1421,-1.379999995,-5.610000134,-1.679999948,0.07,-0.029999999,-1.129999995
32.6,4060,-3231,3971,-3037,2227,1883,2211,1458,-1.450000048,-6.320000172,-1.460000038,0.119999997,0.029999999,-1.110000014
32.61,4070,-3242,3977,-3079,2218,1887,2211,1483,-1.450000048,-6.320000172,-1.460000038,0.119999997,0.029999999,-1.110000014
32.62,4050,-3225,3897,-3069,2201,1886,2208,1483,-1.929999948,-6.480000019,-0.109999999,0.050000001,-0.01,-1.070000052
32.63,4017,-3248,3919,-3057,2187,1886,2208,1521,-1.929999948,-6.480000019,-0.109999999,0.050000001,-0.01,-1.070000052
32.64,4011,-3199,3881,-3055,2184,1878,2207,1531,-0.209999993,-6.039999962,1.039999962,0.01,-0.050000001,-1.019999981
32.65,3991,-3202,3875,-3060,2188,1865,2209,1532,-0.209999993,-6.039999962,1.039999962,0.01,-0.050000001,-1.019999981
32.66,3972,-3240,3892,-3045,2187,1865,2216,1532,-0.980000019,-5.260000229,2.569999933,0,0.079999998,-1.00999999
32.67,3956,-3179,3877,-3049,2190,1886,2221,1528,-0.980000019,-5.260000229,2.569999933,0,0.079999998,-1.00999999
32.68,3927,-3155,3840,-3037,2182,1886,2221,1527,-2.170000076,-6.019999981,-1.850000024,0.050000001,-0.059999999,-1
32.69,3946,-3176,3809,-3007,2174,1894,2236,1522,-2.170000076,-6.019999981,-1.850000024,0.050000001,-0.059999999,-1
32.7,3926,-3141,3846,-3001,2139,1909,2236,1519,-1.049999952,-6.260000229,0.289999992,0.050000001,-0.01,-0.99000001
32.71,3913,-3098,3812,-3035,2122,1910,2224,1525,-1.049999952,-6.260000229,0.289999992,0.050000001,-0.01,-0.99000001
32.72,3901,-3151,3798,-3001,2096,1908,2225,1532,-1.019999981,-5.840000153,1.870000005,0,0.059999999,-0.980000019
32.73,3914,-3135,3754,-2978,2075,1898,2223,1535,-1.019999981,-5.840000153,1.870000005,0,0.059999999,-0.980000019
32.74,3895,-3134,3775,-2992,2054,1885,2223,1512,-2.400000095,-6.059999943,-1.950000048,-0.079999998,0.029999999,-0.970000029
32.75,3907,-3117,3785,-2962,2069,1871,2223,1491,-2.400000095,-6.059999943,-1.950000048,-0.079999998,0.029999999,-0.970000029
32.76,3880,-3098,3750,-2955,2089,1858,2223,1491,-1.75999999,-6.039999962,-1.200000048,-0.029999999,0,-1
32.77,3874,-3093,3750,-2951,2113,1854,2222,1448,-1.75999999,-6.039999962,-1.200000048,-0.029999999,0,-1
32.78,3894,-3075,3760,-2939,2131,1865,2201,1408,-1.610000014,-5.769999981,-0.829999983,0.07,0.039999999,-1.019999981
32.79,3900,-3078,3734,-2924,2148,1870,2184,1408,-1.610000014,-5.769999981,-0.829999983,0.07,0.039999999,-1.019999981
32.8,3859,-3063,3765,-2940,2155,1870,2171,1430,-1.25999999,-4.96999979,-2.25,0.100000002,0.050000001,-1.029999971
32.81,3846,-3083,3772,-2915,2151,1888,2170,1468,-0.629999995,-4.71999979,0.159999996,0.140000001,0.050000001,-1.019999981
32.82,3844,-3077,3713,-2908,2135,1901,2174,1500,-0.550000012,-3.869999886,-0.800000012,0.050000001,0,-1.00999999
32.83,3846,-3097,3733,-2940,2135,1906,2181,1508,-0.550000012,-3.869999886,-0.800000012,0.050000001,0,-1.00999999
32.84,3804,-3101,3735,-2939,2086,1907,2190,1501,-0.779999971,-4.289999962,-1.679999948,0.01,-0.02,-0.959999979
32.85,3772,-3077,3693,-2933,2042,1907,2199,1500,-0.779999971,-4.289999962,-1.679999948,0.01,-0.02,-0.959999979
32.86,3756,-3055,3670,-2941,1979,1907,2206,1496,0.280000001,-4.989999771,-0.569999993,-0.01,0.01,-0.920000017
32.87,3773,-3062,3657,-2940,1915,1900,2216,1492,0.280000001,-4.989999771,-0.569999993,-0.01,0.01,-0.920000017
32.88,3739,-3034,3686,-2890,1940,1898,2244,1499,0.159999996,-5.429999828,3.599999905,-0.01,0.140000001,-0.920000017
32.89,3705,-2991,3663,-2894,1940,1894,2245,1507,0.159999996,-5.429999828,3.599999905,-0.01,0.140000001,-0.920000017
32.9,3723,-3047,3641,-2878,1993,1896,2246,1516,-2.029999971,-3.680000067,-1.100000024,0,0.109999999,-0.930000007
32.91,3731,-3017,3612,-2859,1999,1902,2246,1512,-2.029999971,-3.680000067,-1.100000024,0,0.109999999,-0.930000007
32.92,3723,-2976,3637,-2845,1999,1907,2244,1507,-1.110000014,-4.400000095,-1.309999943,0.02,0.07,-0.949999988
32.93,3660,-2999,3559,-2820,2010,1914,2245,1506,-2.420000076,-4.480000019,-0.920000017,0.02,0.07,-0.949999988
32.94,3664,-2948,3564,-2825,2018,1920,2232,1499,-2.650000095,-4.460000038,-1.120000005,0.050000001,0.07,-0.949999988
32.95,3707,-2953,3616,-2832,2024,1909,2227,1499,-2.650000095,-4.460000038,-1.120000005,0.050000001,0.07,-0.949999988
32.96,3692,-2917,3570,-2814,2026,1897,2227,1483,-2.130000114,-4.519999981,0.150000006,0.090000004,0.090000004,-0.939999998
32.97,3712,-2936,3534,-2800,2034,1892,2215,1470,-2.130000114,-4.519999981,0.150000006,0.090000004,0.090000004,-0.939999998
32.98,3672,-2946,3573,-2781,2048,1903,2195,1445,-2.849999905,-5.239999771,1.700000048,0.059999999,0.02,-0.959999979
32.99,3683,-2910,3543,-2775,2066,1924,2149,1440,-2.849999905,-5.239999771,1.700000048,0.059999999,0.02,-0.959999979
33,3689,-2932,3555,-2777,2070,1945,2139,1440,-1.700000048,-4.53000021,2.569999933,0.02,0,-0.959999979
33.01,3657,-2944,3538,-2765,2071,1940,2134,1443,-1.700000048,-4.53000021,2.569999933,0.02,0,-0.959999979
33.02,3638,-2914,3525,-2779,2078,1935,2135,1468,-1.24000001,-3.839999914,0.579999983,0,0,-0.959999979
33.03,3644,-2930,3543,-2773,2065,1931,2146,1486,-1.24000001,-3.839999914,0.579999983,0,0,-0.959999979
33.04,3626,-2910,3529,-2756,2061,1927,2161,1515,-1.730000019,-3.529999971,-1.120000005,0.039999999,-0.039999999,-0.939999998
33.05,3608,-2873,3520,-2743,2049,1929,2182,1515,-1.730000019,-3.529999971,-1.120000005,0.039999999,-0.039999999,-0.939999998
33.06,3587,-2900,3486,-2767,2036,1942,2221,1589,-1.440000057,-3.549999952,1.850000024,0.039999999,0.02,-0.920000017
33.07,3542,-2862,3478,-2742,2026,1947,2236,1589,-1.440000057,-3.549999952,1.850000024,0.039999999,0.02,-0.920000017
33.08,3564,-2866,3453,-2761,2012,1949,2244,1598,-1.360000014,-3.700000048,0.970000029,0.07,0.02,-0.889999986
33.09,3505,-2851,3449,-2727,1989,1950,2245,1598,-1.360000014,-3.700000048,0.970000029,0.07,0.02,-0.889999986
33.1,3496,-2863,3456,-2735,1985,1951,2242,1596,-0.600000024,-3.369999886,1.639999986,-0.01,0.090000004,-0.879999995
33.11,3515,-2850,3431,-2706,1986,1952,2230,1582,-0.600000024,-3.369999886,1.639999986,-0.01,0.090000004,-0.879999995
33.12,3488,-2861,3404,-2700,1990,1956,2225,1559,-0.370000005,-3.380000114,-1.620000005,-0.039999999,0.07,-0.879999995
33.13,3518,-2821,3435,-2688,1997,1951,2220,1497,-0.370000005,-3.380000114,-1.620000005,-0.039999999,0.07,-0.879999995
33.14,3484,-2834,3407,-2677,2020,1948,2208,1473,-0.810000002,-3.319999933,-3.089999914,-0.02,0.039999999,-0.889999986
33.15,3512,-2828,3381,-2667,2027,1949,2180,1450,-0.810000002,-3.319999933,-3.089999914,-0.02,0.039999999,-0.889999986
33.16,3495,-2823,3411,-2679,2032,1947,2071,1417,-1.399999976,-3.99000001,-4.429999828,-0.02,0.01,-0.899999976
33.17,3514,-2780,3410,-2651,2032,1939,2038,1392,-1.399999976,-3.99000001,-4.429999828,-0.02,0.01,-0.899999976
33.18,3524,-2827,3363,-2673,2036,1936,2042,1391,-2.390000105,-4.340000153,-3.329999924,-0.029999999,-0.029999999,-0.920000017
33.19,3476,-2782,3387,-2644,2034,1926,2103,1450,-2.390000105,-4.340000153,-3.329999924,-0.029999999,-0.029999999,-0.920000017
33.2,3466,-2766,3359,-2629,2038,1914,2103,1495,-1.899999976,-4.809999943,-0.289999992,-0.02,-0.079999998,-0.910000026
33.21,3455,-2764,3334,-2614,2038,1896,2135,1532,-1.899999976,-4.809999943,-0.289999992,-0.02,-0.079999998,-0.910000026
33.22,3449,-2755,3315,-2609,2042,1889,2162,1561,-1.889999986,-5,2.230000019,0,-0.029999999,-0.910000026
33.23,3421,-2727,3306,-2604,2047,1897,2191,1590,-1.309999943,-5.449999809,1.840000033,0.039999999,-0.01,-0.910000026
33.24,3403,-2727,3301,-2601,2050,1916,2193,1623,-1.570000052,-4.590000153,2.190000057,0.039999999,0.029999999,-0.899999976
33.25,3382,-2706,3277,-2561,2060,1921,2189,1653,-1.570000052,-4.590000153,2.190000057,0.039999999,0.029999999,-0.899999976
33.26,3379,-2693,3272,-2588,2069,1929,2178,1667,-0.219999999,-3.450000048,0.280000001,0.02,0.039999999,-0.879999995
33.27,3383,-2695,3284,-2566,2069,1936,2171,1652,-0.219999999,-3.450000048,0.280000001,0.02,0.039999999,-0.879999995
33.28,3366,-2673,3258,-2535,2071,1940,2166,1635,-0.560000002,-3.420000076,-1.470000029,-0.01,0.059999999,-0.879999995
33.29,3393,-2665,3259,-2546,2067,1937,2158,1613,-0.560000002,-3.420000076,-1.470000029,-0.01,0.059999999,-0.879999995
33.3,3345,-2686,3272,-2518,2066,1934,2154,1584,-2.160000086,-3.349999905,-2.130000114,-0.02,0,-0.889999986
33.31,3355,-2656,3239,-2532,2062,1934,2151,1582,-2.160000086,-3.349999905,-2.130000114,-0.02,0,-0.889999986
33.32,3348,-2648,3241,-2509,2060,1930,2151,1580,-2.599999905,-4.590000153,-1.039999962,-0.01,-0.07,-0.889999986
33.33,3326,-2630,3236,-2497,2059,1920,2148,1580,-2.599999905,-4.590000153,-1.039999962,-0.01,-0.07,-0.889999986
33.34,3319,-2642,3235,-2483,2059,1913,2134,1583,-1.580000043,-4.880000114,1.840000033,0.02,-0.029999999,-0.889999986
33.35,3279,-2620,3201,-2485,2058,1913,2129,1583,-1.580000043,-4.880000114,1.840000033,0.02,-0.029999999,-0.889999986
33.36,3269,-2646,3231,-2484,2059,1915,2129,1583,-1.799999952,-4.340000153,2.089999914,0.01,0,-0.879999995
33.37,3257,-2602,3178,-2455,2046,1913,2130,1586,-1.799999952,-4.340000153,2.089999914,0.01,0,-0.879999995
33.38,3282,-2596,3197,-2476,2042,1908,2130,1578,-1.99000001,-3.319999933,-3.049999952,0.029999999,-0.079999998,-0.870000005
33.39,3232,-2600,3192,-2465,2038,1907,2139,1565,-1.99000001,-3.319999933,-3.049999952,0.029999999,-0.079999998,-0.870000005
33.4,3265,-2563,3137,-2456,2032,1906,2142,1561,0.029999999,-3.049999952,0.25,0.050000001,-0.01,-0.879999995
33.41,3215,-2605,3181,-2414,2032,1906,2146,1579,0.029999999,-3.049999952,0.25,0.050000001,-0.01,-0.879999995
33.42,3226,-2593,3119,-2459,2016,1912,2146,1607,0.119999997,-2.769999981,1.730000019,0.090000004,0.059999999,-0.870000005
33.43,3246,-2575,3108,-2432,2013,1917,2148,1633,0.119999997,-2.769999981,1.730000019,0.090000004,0.059999999,-0.870000005
33.44,3203,-2553,3111,-2382,2014,1915,2154,1654,-0.400000006,-3.25999999,0.680000007,0,0.050000001,-0.879999995
33.45,3222,-2552,3087,-2420,2025,1917,2156,1654,-0.400000006,-3.25999999,0.680000007,0,0.050000001,-0.879999995
33.46,3202,-2533,3063,-2366,2045,1917,2157,1648,-2.779999971,-3.420000076,-4.179999828,-0.039999999,0.02,-0.879999995
33.47,3179,-2540,3088,-2380,2059,1931,2159,1645,-2.779999971,-3.420000076,-4.179999828,-0.039999999,0.02,-0.879999995
33.48,3191,-2511,3054,-2352,2082,1937,2158,1639,-1.870000005,-3.609999895,0.509999991,0.039999999,0.039999999,-0.899999976
33.49,3175,-2525,3056,-2346,2082,1948,2158,1621,-1.870000005,-3.609999895,0.509999991,0.039999999,0.039999999,-0.899999976
33.5,3184,-2552,3050,-2355,2088,1958,2153,1612,-2.49000001,-3.019999981,1.529999971,0.050000001,0.07,-0.899999976
33.51,3135,-2475,3030,-2318,2097,1958,2143,1619,-2.49000001,-3.019999981,1.529999971,0.050000001,0.07,-0.899999976
33.52,3150,-2480,3031,-2336,2103,1954,2132,1626,-1.940000057,-2.970000029,0.449999988,0.02,-0.050000001,-0.889999986
33.53,3144,-2490,3026,-2327,2101,1949,2131,1637,-1.940000057,-2.970000029,0.449999988,0.02,-0.050000001,-0.889999986
33.54,3126,-2471,3019,-2305,2093,1943,2129,1647,0,-2.730000019,0.600000024,0.01,-0.02,-0.879999995
33.55,3102,-2467,3002,-2328,2080,1935,2128,1646,0,-2.730000019,0.600000024,0.01,-0.02,-0.879999995
33.56,3099,-2445,3005,-2319,2080,1927,2124,1644,-0.920000017,-3.529999971,-0.159999996,-0.039999999,0,-0.870000005
33.57,3072,-2431,2980,-2294,2064,1918,2118,1643,-0.349999994,-2.579999924,0.029999999,0,0.029999999,-0.850000024
33.58,3059,-2411,2959,-2333,2054,1902,2122,1645,-1.419999957,-2.829999924,-0.370000005,0.039999999,0,-0.829999983
33.59,3029,-2403,2960,-2281,2036,1903,2127,1643,-1.419999957,-2.829999924,-0.370000005,0.039999999,0,-0.829999983
33.6,3030,-2386,2949,-2281,2037,1904,2117,1642,-0.910000026,-2.769999981,-1.24000001,0.039999999,0.01,-0.819999993
33.61,3013,-2389,2916,-2296,2041,1902,2088,1643,-0.910000026,-2.769999981,-1.24000001,0.039999999,0.01,-0.819999993
33.62,3014,-2387,2924,-2255,2040,1899,2086,1643,-1.429999948,-2.920000076,-0.230000004,0.02,0.059999999,-0.819999993
33.63,2975,-2392,2947,-2242,2036,1899,2087,1640,-1.429999948,-2.920000076,-0.230000004,0.02,0.059999999,-0.819999993
33.64,2971,-2376,2878,-2259,2036,1899,2086,1641,-1.379999995,-2.99000001,-0.079999998,-0.01,0,-0.819999993
33.65,2996,-2377,2916,-2229,2051,1899,2086,1643,-1.379999995,-2.99000001,-0.079999998,-0.01,0,-0.819999993
33.66,2983,-2373,2895,-2221,2051,1899,2086,1643,-1.789999962,-3.269999981,0.430000007,-0.039999999,0.01,-0.819999993
33.67,2997,-2337,2870,-2196,2053,1897,2096,1643,-1.789999962,-3.269999981,0.430000007,-0.039999999,0.01,-0.819999993
33.68,2975,-2366,2874,-2198,2055,1904,2098,1644,-1.950000048,-3.150000095,-1.159999967,-0.01,0,-0.829999983
33.69,2968,-2310,2870,-2183,2061,1904,2102,1644,-1.950000048,-3.150000095,-1.159999967,-0.01,0,-0.829999983
33.7,2943,-2332,2821,-2148,2062,1919,2106,1642,-1.919999957,-3.890000105,-1,0,0,-0.829999983
33.71,2939,-2323,2849,-2163,2064,1928,2109,1642,-1.919999957,-3.890000105,-1,0,0,-0.829999983
33.72,2925,-2316,2843,-2165,2064,1933,2114,1642,-1.49000001,-3.470000029,1.470000029,0.039999999,0,-0.829999983
33.73,2929,-2266,2827,-2127,2076,1942,2119,1651,-2.420000076,-4.119999886,1.190000057,0.01,0.01,-0.829999983
33.74,2886,-2283,2791,-2173,2085,1942,2119,1650,-2.849999905,-3.019999981,-0.860000014,0.029999999,0,-0.819999993
33.75,2889,-2306,2771,-2134,2094,1981,2120,1644,-2.849999905,-3.019999981,-0.860000014,0.029999999,0,-0.819999993
33.76,2884,-2265,2785,-2132,2082,1974,2119,1642,-2.170000076,-3.869999886,0.100000002,0.059999999,-0.039999999,-0.810000002
33.77,2843,-2263,2755,-2127,2082,1955,2118,1642,-2.170000076,-3.869999886,0.100000002,0.059999999,-0.039999999,-0.810000002
33.78,2864,-2276,2757,-2088,2071,1946,2111,1644,-1.450000048,-2.799999952,2.650000095,0.029999999,0,-0.800000012
33.79,2813,-2257,2733,-2130,2061,1946,2106,1645,-1.450000048,-2.799999952,2.650000095,0.029999999,0,-0.800000012
33.8,2815,-2214,2718,-2117,2058,1941,2096,1648,-0.800000012,-2.279999971,0.219999999,0.01,-0.029999999,-0.779999971
33.81,2801,-2242,2701,-2061,2047,1937,2087,1644,-0.800000012,-2.279999971,0.219999999,0.01,-0.029999999,-0.779999971
33.82,2793,-2222,2702,-2116,2030,1938,2082,1644,-0.560000002,-1.350000024,-1.049999952,0.02,0,-0.769999981
33.83,2785,-2213,2694,-2084,2021,1936,2083,1643,-0.560000002,-1.350000024,-1.049999952,0.02,0,-0.769999981
33.84,2770,-2202,2669,-2066,2021,1935,2083,1649,-0.360000014,-1.950000048,-1.029999971,0,0.059999999,-0.769999981
33.85,2764,-2231,2699,-2080,2026,1934,2085,1649,-0.360000014,-1.950000048,-1.029999971,0,0.059999999,-0.769999981
33.86,2734,-2154,2645,-2029,2026,1934,2089,1644,-1.169999957,-2.279999971,-1.720000029,0.029999999,0.029999999,-0.759999991
33.87,2723,-2153,2662,-2043,2032,1943,2092,1643,-1.169999957,-2.279999971,-1.720000029,0.029999999,0.029999999,-0.759999991
33.88,2668,-2196,2632,-2028,2033,1954,2096,1643,-1.929999948,-2.809999943,1.169999957,0.02,0.01,-0.759999991
33.89,2682,-2118,2590,-2007,2041,1965,2095,1650,-1.929999948,-2.809999943,1.169999957,0.02,0.01,-0.759999991
33.9,2658,-2122,2605,-2006,2041,1975,2097,1649,-2.789999962,-3.309999943,0.660000026,0.029999999,0.050000001,-0.74000001
33.91,2599,-2125,2581,-1988,2040,1977,2097,1649,-2.789999962,-3.309999943,0.660000026,0.029999999,0.050000001,-0.74000001
33.92,2647,-2088,2556,-1969,2046,1977,2096,1647,-3.579999924,-3.170000076,-0.660000026,-0.029999999,0,-0.730000019
33.93,2580,-2071,2552,-1965,2049,1976,2096,1647,-3.579999924,-3.170000076,-0.660000026,-0.029999999,0,-0.730000019
33.94,2573,-2070,2526,-1956,2058,1977,2093,1645,-2.720000029,-1.830000043,-0.140000001,0.02,-0.01,-0.709999979
33.95,2559,-2047,2491,-1918,2069,1976,2090,1640,-2.720000029,-1.830000043,-0.140000001,0.02,-0.01,-0.709999979
33.96,2515,-2005,2503,-1912,2061,1974,2087,1635,-1.679999948,-2.440000057,0.039999999,0.050000001,0.02,-0.699999988
33.97,2515,-2014,2467,-1910,2055,1972,2085,1637,-1.679999948,-2.440000057,0.039999999,0.050000001,0.02,-0.699999988
33.98,2463,-1977,2447,-1872,2048,1968,2085,1636,-1.929999948,-2.220000029,-0.079999998,0.029999999,0,-0.699999988
33.99,2498,-1968,2443,-1872,2040,1968,2079,1637,-1.929999948,-2.220000029,-0.079999998,0.029999999,0,-0.699999988
34,2456,-1979,2401,-1864,2026,1968,2078,1637,-2.829999924,-2.359999895,-0.660000026,0.01,0,-0.680000007
34.01,2396,-1936,2376,-1850,2026,1966,2076,1632,-2.829999924,-2.359999895,-0.660000026,0.01,0,-0.680000007
34.02,2400,-1920,2344,-1826,2005,1962,2077,1632,-3.269999981,-2.470000029,-0.800000012,0.01,0.02,-0.660000026
34.03,2347,-1921,2336,-1794,2008,1963,2077,1627,-3.269999981,-2.470000029,-0.800000012,0.01,0.02,-0.660000026
34.04,2359,-1907,2318,-1790,2018,1964,2079,1626,-3.390000105,-2.299999952,-0.910000026,0.029999999,0.01,-0.649999976
34.05,2290,-1863,2279,-1774,2018,1964,2079,1628,-3.390000105,-2.299999952,-0.910000026,0.029999999,0.01,-0.649999976
34.06,2321,-1876,2279,-1751,2021,1968,2079,1630,-3.549999952,-1.470000029,-0.430000007,0.059999999,0.01,-0.639999986
34.07,2321,-1872,2228,-1737,2022,1989,2079,1632,-3.549999952,-1.470000029,-0.430000007,0.059999999,0.01,-0.639999986
34.08,2246,-1797,2216,-1725,2024,1997,2078,1632,-3.00999999,-1.840000033,0.039999999,0.01,0,-0.629999995
34.09,2206,-1823,2211,-1693,2031,1997,2078,1653,-3.00999999,-1.840000033,0.039999999,0.01,0,-0.629999995
34.1,2241,-1798,2155,-1653,2046,2008,2078,1648,-3.549999952,-1.840000033,0.519999981,-0.01,0,-0.620000005
34.11,2191,-1762,2150,-1676,2044,2007,2077,1625,-3.549999952,-1.840000033,0.519999981,-0.01,0,-0.620000005
34.12,2215,-1745,2155,-1660,2044,2006,2077,1607,-4,-1.360000014,-1.019999981,0,-0.01,-0.620000005
34.13,2135,-1732,2103,-1620,2047,2007,2073,1608,-4.010000229,-1.230000019,-1.570000052,0.029999999,-0.01,-0.610000014
34.14,2117,-1720,2103,-1619,2045,2007,2073,1615,-3.019999981,-1.230000019,-0.140000001,0.07,-0.02,-0.610000014
34.15,2136,-1700,2068,-1589,2041,2007,2056,1631,-3.019999981,-1.230000019,-0.140000001,0.07,-0.02,-0.610000014
34.16,2068,-1666,2021,-1591,2019,2005,2054,1634,-3.00999999,-0.720000029,0.910000026,0.039999999,-0.01,-0.579999983
34.17,2045,-1673,2050,-1585,2019,2005,2055,1637,-3.00999999,-0.720000029,0.910000026,0.039999999,-0.01,-0.579999983
34.18,2055,-1658,2008,-1566,2010,2005,2054,1639,-2.369999886,-1.309999943,1.74000001,-0.02,-0.039999999,-0.550000012
34.19,1996,-1616,1963,-1540,2004,1997,2054,1638,-2.369999886,-1.309999943,1.74000001,-0.02,-0.039999999,-0.550000012
34.2,1990,-1642,1974,-1530,2005,1996,2055,1639,-2.940000057,-1.460000038,0.910000026,-0.01,0.02,-0.529999971
34.21,1990,-1609,1940,-1524,2005,1996,2055,1637,-2.940000057,-1.460000038,0.910000026,-0.01,0.02,-0.529999971
34.22,1957,-1572,1916,-1504,2005,1994,2056,1638,-2.829999924,-1.059999943,-2.24000001,0.039999999,0,-0.519999981
34.23,1944,-1575,1905,-1475,2006,1995,2056,1643,-2.829999924,-1.059999943,-2.24000001,0.039999999,0,-0.519999981
34.24,1915,-1550,1875,-1484,2011,2005,2056,1644,-2.75,-1.330000043,-0.349999994,0.02,0.029999999,-0.5
34.25,1868,-1546,1845,-1468,2013,2008,2056,1648,-2.75,-1.330000043,-0.349999994,0.02,0.029999999,-0.5
34.26,1866,-1522,1820,-1439,2016,2012,2055,1650,-2.220000029,-0.930000007,0.620000005,0.039999999,0.029999999,-0.49000001
34.27,1881,-1525,1824,-1433,2017,2016,2056,1651,-2.220000029,-0.930000007,0.620000005,0.039999999,0.029999999,-0.49000001
34.28,1827,-1501,1778,-1415,2016,2019,2060,1652,-3.210000038,-0.800000012,-0.409999996,0.01,0,-0.469999999
34.29,1811,-1488,1765,-1406,2016,2026,2060,1652,-3.210000038,-0.800000012,-0.409999996,0.01,0,-0.469999999
34.3,1820,-1447,1758,-1389,2015,2030,2055,1650,-3.359999895,-1.169999957,-0.340000004,0,-0.01,-0.460000008
34.31,1779,-1437,1729,-1368,2014,2030,2054,1651,-3.359999895,-1.169999957,-0.340000004,0,-0.01,-0.460000008
34.32,1762,-1461,1730,-1366,2014,2026,2054,1651,-3.200000048,-0.430000007,1.779999971,0.029999999,0,-0.449999988
34.33,1762,-1404,1719,-1357,2014,2028,2054,1648,-3.200000048,-0.430000007,1.779999971,0.029999999,0,-0.449999988
34.34,1728,-1365,1674,-1341,2009,2025,2049,1652,-1.700000048,-0.119999997,0.99000001,0.01,-0.01,-0.430000007
34.35,1717,-1425,1655,-1323,2009,2018,2042,1652,-1.700000048,-0.119999997,0.99000001,0.01,-0.01,-0.430000007
34.36,1688,-1366,1658,-1338,1998,2018,2034,1650,-2.170000076,-0.379999995,-2.00999999,0.039999999,-0.01,-0.400000006
34.37,1652,-1347,1624,-1327,1989,2018,2033,1659,-2.170000076,-0.379999995,-2.00999999,0.039999999,-0.01,-0.400000006
34.38,1627,-1322,1590,-1323,1977,2019,2033,1674,-2.24000001,-0.050000001,-0.49000001,0.01,-0.02,-0.370000005
34.39,1611,-1336,1570,-1304,1977,2020,2033,1692,-2.24000001,-0.050000001,-0.49000001,0.01,-0.02,-0.370000005
34.4,1591,-1335,1561,-1281,1974,2020,2034,1704,-1.929999948,-0.170000002,0.589999974,0,0,-0.340000004
34.41,1566,-1311,1540,-1290,1974,2020,2043,1709,-1.929999948,-0.170000002,0.589999974,0,0,-0.340000004
34.42,1521,-1293,1513,-1278,1971,2023,2050,1714,-2.329999924,0.129999995,1.49000001,0.02,0,-0.289999992
34.43,1490,-1278,1464,-1276,1969,2023,2049,1739,-2.329999924,0.129999995,1.49000001,0.02,0,-0.289999992
34.44,1478,-1286,1457,-1267,1965,2029,2049,1745,-2.410000086,0.310000002,0.219999999,0.02,0,-0.239999995
34.45,1432,-1271,1427,-1245,1965,2040,2043,1743,-2.410000086,0.310000002,0.219999999,0.02,0,-0.239999995
34.46,1386,-1249,1385,-1263,1965,2069,2035,1742,-2.24000001,0.02,0.25,0.01,0.029999999,-0.189999998
34.47,1367,-1239,1358,-1245,1965,2084,2031,1741,-2.24000001,0.02,0.25,0.01,0.029999999,-0.189999998
34.48,1357,-1261,1356,-1227,1965,2093,2032,1735,-2.539999962,0.479999989,0.920000017,-0.01,0.02,-0.150000006
34.49,1327,-1213,1332,-1227,1968,2093,2031,1737,-2.539999962,0.479999989,0.920000017,-0.01,0.02,-0.150000006
34.5,1291,-1210,1293,-1224,1971,2091,2027,1737,-2.75,0.259999991,-1.49000001,-0.01,0,-0.119999997
34.51,1273,-1198,1274,-1197,1972,2090,2021,1740,-2.75,0.259999991,-1.49000001,-0.01,0,-0.119999997
34.52,1276,-1163,1277,-1190,1979,2088,2021,1743,-2.430000067,0.090000004,-0.349999994,0,0.02,-0.109999999
34.53,1239,-1154,1256,-1170,1981,2088,2015,1741,-2.430000067,0.090000004,-0.349999994,0,0.02,-0.109999999
34.54,1227,-1160,1230,-1143,1981,2087,2010,1735,-2.869999886,-0.02,-0.689999998,0.02,0.01,-0.109999999
34.55,1199,-1101,1217,-1143,1981,2084,2006,1738,-2.869999886,-0.02,-0.689999998,0.02,0.01,-0.109999999
34.56,1176,-1093,1188,-1121,1982,2083,2004,1738,-2.819999933,-0.389999986,0.340000004,0.01,-0.01,-0.100000002
34.57,1164,-1092,1177,-1096,1981,2083,1988,1736,-2.819999933,-0.389999986,0.340000004,0.01,-0.01,-0.100000002
34.58,1148,-1092,1161,-1100,1982,2084,1985,1736,-3.079999924,0.300000012,0.579999983,0.02,-0.01,-0.079999998
34.59,1120,-1052,1123,-1086,1981,2084,1984,1738,-3.079999924,0.300000012,0.579999983,0.02,-0.01,-0.079999998
34.6,1093,-1044,1091,-1073,1982,2084,1981,1738,-3.170000076,0.289999992,-0.170000002,0,0,-0.050000001
34.61,1074,-1050,1078,-1066,1982,2083,1976,1738,-3.170000076,0.289999992,-0.170000002,0,0,-0.050000001
34.62,1047,-1049,1046,-1035,1983,2082,1974,1738,-2.99000001,0.140000001,-0.629999995,0,-0.01,-0.039999999
34.63,1012,-1013,1021,-1021,1982,2082,1974,1738,-2.869999886,0.270000011,0.059999999,0.01,-0.01,-0.02
34.64,996,-1003,1004,-1014,1980,2089,1974,1738,-2.980000019,0.439999998,0.050000001,0.02,0,-0.01
34.65,966,-983,975,-989,1980,2089,1974,1737,-3.319999933,0.589999974,0.239999995,0,0,0
34.66,949,-966,946,-970,1980,2091,1975,1737,-3.579999924,0.349999994,0.860000014,-0.029999999,0,0
34.67,945,-935,929,-951,1986,2086,1974,1738,-3.25999999,0.01,0.059999999,-0.039999999,0,0
34.68,916,-927,915,-912,1991,2085,1980,1737,-3.5,0.239999995,0.930000007,-0.029999999,0,0
34.69,902,-872,893,-887,1999,2088,1982,1735,-2.970000029,0.550000012,0.300000012,-0.02,0,0
34.7,876,-864,879,-871,2003,2088,1984,1733,-3.720000029,0.569999993,-0.319999993,-0.02,0,0
34.71,848,-843,864,-835,2008,2088,1984,1731,-3.019999981,-0.079999998,-0.74000001,-0.01,0.01,-0.01
34.72,839,-807,834,-823,2008,2091,1986,1730,-3.809999943,-0.389999986,0.01,-0.01,0,-0.01
34.73,816,-805,818,-801,2009,2090,1985,1730,-3.559999943,-0.589999974,-0.699999988,0,0,-0.02
34.74,801,-771,798,-762,2009,2089,1986,1724,-3.819999933,-0.330000013,0.239999995,0.01,0,-0.029999999
34.75,777,-752,779,-749,2009,2090,1985,1719,-3.170000076,-0.430000007,-0.730000019,0,0,-0.029999999
34.76,743,-733,760,-734,2008,2089,1985,1717,-3.630000114,-0.310000002,0.839999974,0,0.01,-0.029999999
34.77,734,-714,731,-715,2009,2089,1983,1715,-3.799999952,-0.850000024,-0.930000007,0,0,-0.02
34.78,704,-690,709,-704,2008,2090,1980,1711,-3.180000067,-0.349999994,0.829999983,0.01,0,-0.02
34.79,676,-676,685,-667,2007,2089,1980,1707,-3.5,0,0.790000022,0,-0.01,-0.01
34.8,660,-650,663,-657,2007,2089,1981,1706,-3.329999924,0.079999998,-0.259999991,0,0.01,-0.01
34.81,631,-629,636,-636,2007,2090,1980,1707,-3.730000019,0.059999999,0.01,0,0,0
34.82,603,-618,611,-618,2007,2090,1980,1708,-3.569999933,-0.109999999,-0.569999993,-0.01,-0.01,0
34.83,594,-604,599,-603,2007,2090,1981,1708,-3.769999981,0.039999999,0.219999999,0,-0.02,0
34.84,568,-570,564,-572,2007,2091,1982,1709,-3.369999886,0.239999995,-0.01,0.01,0,0
34.85,546,-545,551,-538,2007,2090,1984,1710,-3.680000067,0.200000003,0.330000013,-0.01,0,0
34.86,528,-516,526,-523,2008,2090,1985,1710,-3.539999962,0.119999997,0.02,0,0.01,0
34.87,504,-498,509,-494,2009,2091,1985,1711,-3.940000057,-0.200000003,0.289999992,0,0,0
34.88,485,-472,488,-478,2011,2091,1984,1710,-3.109999895,-0.039999999,0.180000007,0,0,0
34.89,464,-448,461,-452,2011,2091,1984,1710,-3.299999952,-0.129999995,1.299999952,0,0,-0.01
34.9,434,-424,444,-427,2012,2092,1985,1710,-3.559999943,-0.07,-0.109999999,0,0.02,-0.01
34.91,408,-403,417,-415,2013,2091,1984,1711,-3.529999971,-0.509999991,0.01,0,0,-0.01
34.92,392,-388,396,-381,2012,2091,1985,1709,-3.410000086,-0.100000002,-0.430000007,0,0,-0.01
34.93,363,-364,372,-364,2012,2091,1984,1709,-3.390000105,-0.379999995,-0.389999986,0,0,0
34.94,342,-343,348,-347,2012,2091,1984,1709,-3.200000048,-0.370000005,-0.579999983,0.01,0,0
34.95,315,-319,324,-315,2012,2091,1984,1709,-3.299999952,0.059999999,-0.239999995,0.01,0,0
34.96,294,-301,299,-303,2011,2092,1983,1708,-3.470000029,-0.109999999,-0.209999993,0,0,0
34.97,269,-281,271,-276,2011,2091,1983,1709,-3.549999952,-0.02,-0.340000004,0,0,0
34.98,247,-250,249,-250,2010,2091,1984,1709,-3.779999971,0.200000003,-0.349999994,0,-0.01,0
34.99,227,-229,230,-227,2010,2091,1983,1710,-3.519999981,0.219999999,-0.370000005,0,0,0
35,200,-208,203,-203,2011,2091,1983,1710,-3.710000038,0.289999992,0.170000002,0,0,0
35.01,181,-178,182,-181,2011,2091,1984,1710,-3.640000105,0.159999996,0.02,0,0,0
35.02,151,-158,158,-155,2011,2091,1983,1710,-3.579999924,0.150000006,0.620000005,0,0,0
35.03,134,-130,133,-131,2012,2091,1983,1711,-3.690000057,-0.039999999,0.319999993,0,0.01,0
35.04,109,-109,114,-109,2013,2091,1984,1710,-3.630000114,-0.029999999,0.02,0,0,0
35.05,85,-86,91,-82,2013,2092,1983,1710,-3.769999981,0.079999998,0.029999999,0,0,0
35.06,61,-62,59,-62,2015,2091,1983,1710,-3.680000067,-0.01,-0.050000001,0,0,0
35.07,36,-39,38,-36,2014,2092,1983,1709,-3.730000019,-0.170000002,-0.310000002,0,0,0
35.08,9,-12,14,-7,2014,2092,1983,1710,-3.700000048,-0.239999995,-0.180000007,0.01,0,0
35.09,0,0,-1,0,2015,2092,1982,1710,-3.680000067,-0.170000002,0.180000007,0,0,0
35.1,-2,0,-2,2,2015,2091,1983,1710,-3.799999952,-0.07,0.02,0,0,0
35.11,0,1,0,1,2015,2092,1983,1711,-3.829999924,-0.039999999,-0.129999995,0,0,0
35.12,0,1,-8,21,2015,2092,1982,1711,-2.75,0.01,-0.159999996,0,0,0
35.13,0,0,-32,42,2015,2092,1985,1714,-0.5,0,-0.310000002,0,-0.01,0
35.14,0,2,-38,12,2012,2091,1990,1719,0.039999999,0,-0.49000001,0.01,-0.01,0
35.15,-10,4,-17,10,2006,2086,1998,1728,0.920000017,0.090000004,0.479999989,0.01,-0.01,0
35.16,-12,0,-9,19,2006,2086,2008,1753,0.319999993,0.230000004,-1.899999976,0,-0.039999999,0
35.17,0,1,-14,29,1988,2066,2018,1771,0.930000007,-0.150000006,-1.159999967,0,-0.039999999,0
35.18,0,0,1,-2,1982,2057,2048,1788,1.480000019,-0.189999998,-1,0,-0.07,0
35.19,0,0,1,1,1973,2051,2061,1805,1.110000014,0.129999995,-0.560000002,0,-0.059999999,0
35.2,0,0,0,0,1959,2046,2070,1822,1.960000038,0.140000001,1.230000019,0.01,-0.01,0
35.21,0,0,0,0,1953,2043,2075,1842,1.570000052,0.100000002,1.360000014,0.02,0,0
35.22,0,0,0,0,1948,2041,2078,1845,1.269999981,0.01,1.190000057,0,0.01,0
35.23,0,0,0,0,1946,2039,2076,1845,0.349999994,0.01,1.75,0,0.01,0
35.24,0,0,0,0,1946,2040,2075,1843,0.239999995,-0.090000004,0.109999999,0,-0.01,0
35.25,0,0,0,0,1947,2041,2070,1838,0.01,0.090000004,0.560000002,0,0,0
35.26,0,0,0,0,1950,2043,2064,1833,0.050000001,-0.119999997,-0.029999999,0,0.039999999,0
35.27,0,0,0,0,1954,2045,2058,1817,-0.039999999,-0.07,-0.689999998,0,0.039999999,0
35.28,0,0,0,0,1956,2049,2053,1809,-0.109999999,0.02,-0.689999998,0,0.029999999,0
35.29,0,0,0,-1,1957,2050,2048,1804,-0.180000007,0.100000002,-0.920000017,0,0.02,0
35.3,3,0,2,-1,1959,2050,2045,1803,-0.150000006,0.200000003,-0.699999988,0,0,0
35.31,4,0,2,-2,1959,2051,2045,1803,-0.159999996,0.129999995,-0.839999974,0,-0.01,0
35.32,4,0,6,-4,1959,2051,2046,1808,-0.059999999,0.109999999,-0.600000024,-0.01,-0.01,0
35.33,0,-1,8,-5,1959,2050,2050,1812,-0.079999998,-0.029999999,-0.150000006,-0.01,-0.01,0
35.34,0,0,3,-2,1959,2050,2054,1817,-0.129999995,-0.07,-0.639999986,0,-0.01,0
35.35,0,0,0,0,1959,2050,2058,1820,-0.300000012,-0.02,0.230000004,0,-0.01,0
35.36,0,0,0,0,1959,2049,2058,1822,-0.219999999,-0.039999999,0.620000005,0,0,0
35.37,0,0,-2,1,1958,2050,2060,1824,-0.419999987,-0.090000004,0.519999981,0,0,0
35.38,0,1,0,1,1959,2050,2059,1824,-0.289999992,-0.039999999,0.620000005,0,0,0
35.39,0,0,0,0,1959,2051,2059,1822,-0.059999999,0.129999995,0.449999988,0,0,0
35.4,0,0,0,0,1959,2052,2059,1821,-0.159999996,-0.029999999,0.129999995,0,0,0
35.41,0,0,0,0,1959,2052,2056,1820,-0.02,0.059999999,-0.310000002,0,0,0
35.42,0,0,0,0,1959,2052,2056,1819,-0.01,0.029999999,-0.280000001,0,0,0
35.43,0,0,0,0,1959,2052,2056,1818,0,0.029999999,-0.209999993,0,0,0
35.44,0,0,0,0,1959,2052,2056,1819,-0.119999997,0.059999999,-0.430000007,0,0,0
35.45,0,0,0,0,1958,2050,2056,1818,0,0.079999998,-0.349999994,0,0,0
35.46,0,0,0,0,1957,2050,2056,1819,-0.050000001,0.059999999,0.119999997,0,0,0
35.47,0,0,0,0,1957,2050,2056,1819,-0.079999998,-0.129999995,0.07,0,0,0
35.48,0,0,0,1,1957,2050,2056,1819,-0.029999999,0.059999999,0.119999997,0,-0.01,0
35.49,0,0,-1,0,1957,2049,2056,1819,0.01,-0.01,0.209999993,0,0,0
35.5,0,0,-1,0,1958,2050,2056,1820,-0.050000001,-0.050000001,0.090000004,0,0,0
35.51,0,0,0,0,1958,2050,2056,1819,0,-0.01,-0.119999997,0,0,0
35.52,0,0,0,0,1957,2050,2056,1819,0.100000002,0.01,0.180000007,0,0,0
35.53,0,0,0,0,1958,2050,2056,1819,0.100000002,0,0.02,0,0,0
35.54,0,0,0,0,1958,2050,2056,1819,0.090000004,0,-0.289999992,0,0,0
35.55,0,0,0,0,1958,2050,2056,1819,0.100000002,0.200000003,-0.119999997,0,0,0
35.56,0,0,0,0,1958,2050,2056,1820,0.140000001,-0.01,0.140000001,0,0,0
35.57,0,0,0,0,1958,2050,2057,1820,-0.01,-0.01,0.039999999,0,0,0
35.58,0,0,0,0,1958,2050,2057,1820,0.02,0.039999999,-0.090000004,0,0,0
35.59,0,0,0,0,1958,2051,2057,1820,0,0.07,0.25,0,0,0
35.6,0,0,0,0,1959,2051,2056,1820,-0.059999999,-0.039999999,0.02,0.01,0,0
35.61,0,0,0,0,1959,2051,2057,1820,-0.07,-0.02,-0.159999996,0.01,0,0
35.62,0,0,0,0,1959,2051,2056,1820,0.02,-0.039999999,0.159999996,0,0,0
35.63,0,0,0,0,1959,2051,2056,1820,0,-0.050000001,0.109999999,0,0,0
35.64,0,0,0,0,1959,2051,2056,1820,-0.189999998,-0.01,-0.219999999,0,0,0
35.65,0,0,0,0,1959,2051,2057,1819,-0.119999997,-0.02,-0.140000001,0,0,0
35.66,0,0,0,0,1959,2051,2056,1820,-0.140000001,-0.01,0.109999999,0,0,0
35.67,0,0,0,0,1959,2050,2057,1819,-0.189999998,-0.090000004,-0.050000001,0,0,0
35.68,0,0,0,0,1958,2051,2056,1820,-0.180000007,0.079999998,0.02,0,0,0
35.69,0,0,0,0,1958,2050,2056,1820,-0.150000006,0.090000004,0.129999995,0,0,0
35.7,0,0,0,0,1958,2050,2056,1819,-0.200000003,0.029999999,0.029999999,0,0,0
35.71,0,0,0,0,1957,2050,2057,1819,-0.129999995,0.109999999,-0.150000006,0,0,0
35.72,0,0,0,0,1958,2050,2056,1819,-0.02,0.059999999,0.129999995,0,0,0
35.73,0,0,0,0,1958,2050,2056,1819,0.090000004,0.029999999,0.100000002,0,0,0
35.74,0,0,0,0,1958,2050,2056,1819,0.109999999,0.050000001,-0.310000002,0,0,0
35.75,0,0,0,0,1958,2050,2056,1819,0.140000001,0.07,-0.059999999,0,0,0
35.76,0,0,0,0,1961,2051,2056,1819,0.119999997,-0.079999998,-0.059999999,0,0,0
35.77,0,0,0,0,1961,2052,2057,1820,-0.050000001,-0.119999997,-0.02,0,0,0
35.78,0,0,0,0,1963,2053,2056,1820,0,-0.039999999,-0.07,0,0,0
35.79,0,0,0,0,1964,2054,2056,1819,-0.059999999,-0.039999999,0.310000002,0,0,0
35.8,0,0,0,0,1964,2055,2057,1820,-0.150000006,-0.059999999,0.039999999,0.01,0,0
35.81,0,0,0,0,1964,2054,2056,1821,-0.119999997,-0.059999999,0,0.01,0,0
35.82,0,0,0,0,1963,2054,2057,1820,-0.079999998,0.02,0.25,0,0,0
35.83,0,0,0,0,1963,2054,2057,1820,-0.059999999,0.01,0.170000002,0,0,0
35.84,0,0,0,0,1962,2052,2056,1820,-0.090000004,0.090000004,-0.200000003,0,0,0
35.85,0,0,0,0,1962,2052,2056,1819,0.01,0.109999999,-0.209999993,0,0,0
35.86,0,0,0,0,1960,2052,2056,1819,-0.01,0.050000001,0,0,0,0
35.87,0,0,0,0,1960,2051,2056,1820,-0.01,0.02,-0.209999993,0,0,0
35.88,0,0,0,0,1959,2051,2057,1819,0.01,0.07,-0.109999999,0,0,0
35.89,0,0,0,0,1959,2051,2057,1819,0.050000001,0,0.039999999,0,0,0
35.9,0,0,0,0,1959,2051,2056,1820,-0.029999999,-0.039999999,-0.079999998,0,0,0
35.91,0,0,0,0,1960,2051,2057,1819,-0.029999999,-0.029999999,-0.140000001,0,0,0
35.92,0,0,0,0,1960,2052,2056,1819,0.01,-0.07,0.150000006,0,0,0
35.93,0,0,0,0,1961,2052,2056,1820,-0.050000001,-0.079999998,0.140000001,0,0,0
35.94,0,0,0,0,1961,2052,2057,1819,-0.079999998,-0.029999999,-0.050000001,0,0,0
35.95,0,0,0,0,1961,2052,2057,1820,-0.039999999,-0.02,0.039999999,0,0,0
35.96,0,0,0,0,1961,2053,2056,1820,-0.059999999,-0.039999999,0.180000007,0,0,0
35.97,0,0,0,0,1962,2053,2057,1820,-0.129999995,-0.039999999,0,0,0,0
35.98,0,0,0,0,1961,2054,2056,1819,-0.050000001,0.090000004,-0.029999999,0,0,0
35.99,0,0,0,0,1961,2053,2056,1820,-0.059999999,0.02,0.150000006,0,0,0
36,0,0,0,0,1961,2053,2057,1820,-0.079999998,0.039999999,-0.079999998,0.01,0,0
36.01,0,0,0,0,1961,2053,2057,1819,-0.07,0.059999999,-0.159999996,0.01,0,0
36.02,0,0,0,0,1960,2052,2056,1821,0,0.079999998,0.079999998,0,0,0
36.03,0,0,0,0,1961,2052,2057,1819,0,0.039999999,0,0,0,0
36.04,0,0,0,0,1960,2052,2057,1819,-0.02,0.079999998,-0.170000002,0,0,0
36.05,0,0,0,0,1961,2052,2056,1820,0.01,0.059999999,0,0,0,0
36.06,0,0,0,0,1961,2051,2057,1819,-0.02,-0.050000001,0.039999999,0,0,0
36.07,0,0,0,0,1960,2052,2057,1819,-0.02,-0.02,-0.150000006,0,0,0
36.08,0,0,0,0,1960,2052,2056,1820,0,0,-0.02,0,0,0
36.09,0,0,0,0,1961,2052,2057,1819,0.02,-0.01,0.170000002,0,0,0
36.1,0,0,0,0,1961,2053,2057,1819,-0.059999999,-0.079999998,0.02,0.01,0,0
36.11,0,0,0,0,1961,2052,2056,1820,-0.07,0.029999999,-0.07,0.01,0,0
36.12,0,0,0,0,1962,2052,2056,1820,0,0.01,0.170000002,0,0,0
36.13,0,0,0,0,1961,2053,2057,1820,-0.029999999,0,0.090000004,0,0,0
36.14,0,0,0,0,1961,2052,2056,1820,-0.079999998,0.050000001,-0.140000001,0,0,0
36.15,0,0,0,0,1961,2052,2057,1820,-0.01,0.039999999,-0.01,0,0,0
36.16,0,0,0,0,1961,2053,2057,1819,-0.090000004,0,0.07,0,0,0
36.17,0,0,0,0,1961,2053,2057,1820,-0.100000002,-0.01,-0.150000006,0,0,0
36.18,0,0,0,0,1961,2052,2057,1820,-0.01,0.109999999,0.039999999,-0.01,0,0
36.19,0,0,0,0,1961,2053,2056,1819,0,0,0.129999995,-0.01,0,0
36.2,0,0,0,0,1961,2052,2056,1820,-0.079999998,-0.01,-0.090000004,0.01,0,0
36.21,0,0,0,0,1961,2052,2057,1820,-0.059999999,-0.01,-0.090000004,0.01,0,0
36.22,0,0,0,0,1961,2052,2057,1820,0,-0.01,0.189999998,0,0,0
36.23,0,0,0,0,1961,2053,2056,1820,-0.050000001,-0.059999999,0.02,0,0,0
36.24,0,0,0,0,1961,2052,2057,1820,-0.01,0.02,-0.07,0,0,0
36.25,0,0,0,0,1961,2053,2056,1819,-0.01,0.109999999,0.090000004,0,0,0
36.26,0,0,0,0,1960,2053,2056,1820,-0.039999999,-0.059999999,0.059999999,0,0,0
36.27,0,0,0,0,1961,2052,2057,1820,-0.100000002,0,-0.059999999,0,0,0
36.28,0,0,0,0,1960,2052,2057,1820,-0.01,0.07,0.059999999,0,0,0
36.29,0,0,0,0,1961,2052,2056,1820,-0.01,0.02,0.230000004,0,0,0
36.3,0,0,0,0,1961,2052,2057,1820,-0.07,-0.029999999,-0.109999999,0.01,0,0
36.31,0,0,0,0,1961,2053,2057,1819,-0.07,0.039999999,-0.090000004,0.01,0,0
36.32,0,0,0,0,1961,2053,2057,1820,0,-0.039999999,0.090000004,0,0,0
36.33,0,0,0,0,1961,2052,2057,1820,-0.079999998,-0.059999999,0.07,0,0,0
36.34,0,0,0,0,1961,2053,2057,1820,-0.059999999,0.07,-0.170000002,0,0,0
36.35,0,0,0,0,1961,2052,2057,1820,0,0.039999999,0.079999998,0,0,0
36.36,0,0,0,0,1961,2052,2057,1820,-0.059999999,-0.039999999,-0.01,0,0,0
36.37,0,0,0,0,1961,2052,2057,1820,-0.079999998,-0.029999999,-0.119999997,0,0,0
36.38,0,0,0,0,1961,2053,2056,1820,0.02,0.079999998,0.100000002,-0.01,0,0
36.39,0,0,0,0,1961,2052,2057,1820,0.039999999,-0.01,0.109999999,-0.01,0,0
36.4,0,0,0,0,1961,2052,2057,1820,-0.07,-0.02,-0.150000006,0.01,0,0
36.41,0,0,0,0,1961,2052,2057,1820,-0.02,0.079999998,-0.090000004,0.01,0,0
36.42,0,0,0,0,1961,2052,2057,1820,0.02,-0.01,0.109999999,0,0,0
36.43,0,0,0,0,1961,2053,2057,1820,-0.029999999,0,-0.01,0,0,0
36.44,0,0,0,0,1961,2053,2056,1820,-0.02,0.050000001,-0.07,0,0,0
36.45,0,0,0,0,1961,2052,2057,1820,0.01,0.039999999,0.129999995,0,0,0
36.46,0,0,0,0,1961,2052,2057,1820,-0.059999999,-0.090000004,-0.02,0,0,0
36.47,0,0,0,0,1961,2053,2057,1820,-0.07,-0.01,-0.159999996,0,0,0
36.48,0,0,0,0,1961,2052,2057,1820,-0.039999999,0.039999999,0.039999999,-0.01,0,0
36.49,0,0,0,0,1961,2052,2057,1819,0,-0.059999999,0.090000004,-0.01,0,0
36.5,0,0,0,0,1961,2053,2057,1820,-0.119999997,-0.029999999,-0.209999993,0.01,0,0
36.51,0,0,0,0,1961,2052,2057,1820,-0.02,0,-0.090000004,0.01,0,0
36.52,0,0,0,0,1961,2052,2057,1820,-0.02,0.02,0.159999996,0,0,0
36.53,0,0,0,0,1961,2053,2057,1820,-0.039999999,-0.059999999,-0.090000004,0,0,0
36.54,0,0,0,0,1961,2052,2057,1820,-0.050000001,0.079999998,-0.059999999,0,0,0
36.55,0,0,0,0,1960,2052,2057,1820,0,0,0.039999999,0,0,0
36.56,0,0,0,0,1960,2052,2057,1820,-0.079999998,-0.050000001,-0.01,0.01,0,0
36.57,0,0,0,0,1960,2053,2057,1820,-0.039999999,0.02,-0.219999999,0.01,0,0
36.58,0,0,0,0,1961,2052,2057,1820,-0.02,0.100000002,0.170000002,-0.01,0,0
36.59,0,0,0,0,1961,2052,2057,1820,-0.029999999,-0.01,0.150000006,-0.01,0,0
36.6,0,0,0,0,1961,2052,2057,1820,-0.109999999,0,-0.109999999,0.01,0,0
36.61,0,0,0,0,1961,2053,2057,1820,-0.039999999,0.02,-0.029999999,0.01,0,0
36.62,0,0,0,0,1962,2052,2057,1819,0,-0.07,0.25,0,0,0
36.63,0,0,0,0,1961,2053,2057,1820,-0.07,-0.07,-0.059999999,0,0,0
36.64,0,0,0,0,1961,2053,2057,1820,-0.050000001,0.050000001,0.02,0,0,0
36.65,0,0,0,0,1961,2053,2057,1820,-0.050000001,0,0.189999998,0,0,0
36.66,0,0,0,0,1961,2053,2057,1820,-0.090000004,-0.029999999,-0.02,0.01,0,0
36.67,0,0,0,0,1961,2053,2056,1820,-0.100000002,-0.029999999,-0.090000004,0.01,0,0
36.68,0,0,0,0,1961,2052,2057,1819,-0.02,0.090000004,0.129999995,-0.01,0,0
36.69,0,0,0,0,1961,2052,2057,1820,0.01,0,0.150000006,-0.01,0,0
36.7,0,0,0,0,1961,2052,2056,1820,-0.039999999,0.079999998,-0.159999996,0,0,0
36.71,0,0,0,0,1961,2052,2057,1820,-0.029999999,0.079999998,-0.02,0,0,0
36.72,0,0,0,0,1960,2053,2057,1820,0.02,0.02,0.109999999,0,0,0
36.73,0,0,0,0,1961,2052,2057,1820,-0.039999999,0,-0.109999999,0,0,0
36.74,0,0,0,0,1961,2052,2057,1820,0,0.059999999,-0.01,0,0,0
36.75,0,0,0,0,1961,2052,2057,1820,0,0.059999999,0.119999997,0,0,0
36.76,0,0,0,0,1961,2052,2057,1820,-0.109999999,-0.039999999,-0.079999998,0,0,0
36.77,0,0,0,0,1961,2052,2057,1820,-0.129999995,0.039999999,-0.02,0.01,0,0
36.78,0,0,0,0,1961,2052,2057,1820,-0.02,-0.02,0.200000003,0,0,0
36.79,0,0,0,0,1961,2053,2056,1820,-0.059999999,-0.029999999,0.180000007,0,0,0
36.8,0,0,0,0,1962,2052,2056,1820,-0.07,-0.02,-0.129999995,0.01,0,0
36.81,0,0,0,0,1961,2053,2057,1820,-0.02,0.050000001,0.079999998,0,0,0
36.82,0,0,0,0,1961,2053,2057,1820,-0.01,-0.039999999,0,0,0,0
36.83,0,0,0,0,1961,2052,2057,1820,-0.039999999,-0.079999998,-0.059999999,0,0,0
36.84,0,0,0,0,1961,2052,2057,1819,0,0.079999998,-0.07,0,0,0
36.85,0,0,0,0,1960,2052,2056,1820,0,0,0.109999999,0,0,0
36.86,0,0,0,0,1961,2052,2056,1820,0,-0.029999999,-0.109999999,0,0,0
36.87,0,0,0,0,1961,2052,2057,1819,-0.050000001,0.050000001,-0.159999996,0,0,0
36.88,0,0,0,0,1961,2052,2056,1820,0.01,0.050000001,0.07,0,0,0
36.89,0,0,0,0,1961,2052,2056,1820,-0.02,-0.02,0,0,0,0
36.9,0,0,0,0,1961,2052,2057,1819,-0.02,0.029999999,-0.129999995,0,0,0
36.91,0,0,0,0,1961,2052,2057,1821,0.050000001,0.119999997,0,0,0,0
36.92,0,0,0,0,1962,2052,2057,1820,-0.01,-0.079999998,0.029999999,0,0,0
36.93,0,0,0,0,1961,2053,2057,1820,-0.090000004,-0.01,-0.180000007,0,0,0
36.94,0,0,0,0,1961,2053,2056,1820,0.01,0.02,0.050000001,0,0,0
36.95,0,0,0,0,1962,2052,2056,1820,0,0.02,0.180000007,0,0,0
36.96,0,0,0,0,1961,2052,2058,1820,-0.090000004,-0.119999997,-0.100000002,0,0,0
36.97,0,0,0,0,1961,2053,2057,1821,-0.109999999,0.050000001,-0.109999999,0,0,0
36.98,0,0,0,0,1962,2052,2057,1820,-0.039999999,-0.029999999,0.090000004,0,0,0
36.99,0,0,0,0,1961,2052,2057,1820,-0.059999999,-0.07,0,0,0,0
37,0,0,0,0,1961,2053,2057,1820,-0.109999999,0.02,-0.180000007,0,0,0
37.01,0,0,0,0,1962,2053,2056,1820,0.01,-0.01,0,0,0,0
37.02,0,0,0,0,1961,2053,2058,1819,-0.059999999,-0.02,-0.059999999,0,0,0
37.03,0,0,0,0,1961,2053,2057,1820,-0.039999999,-0.100000002,-0.209999993,0,0,0
37.04,0,0,0,0,1961,2052,2056,1820,-0.029999999,0.109999999,0.07,0,0,0
37.05,0,0,0,0,1961,2052,2058,1820,0.02,-0.01,-0.039999999,0,0,0
37.06,0,0,0,0,1960,2053,2057,1821,-0.100000002,0,-0.050000001,0.01,0,0
37.07,0,0,0,0,1961,2052,2056,1820,-0.01,0.050000001,-0.189999998,0.01,0,0
37.08,0,0,0,0,1961,2052,2057,1819,0.02,0.050000001,0.150000006,0,0,0
37.09,0,0,0,0,1960,2052,2057,1820,0,-0.090000004,-0.02,0,0,0
37.1,0,0,0,0,1961,2052,2056,1820,-0.01,0.02,0,0,0,0
37.11,0,0,0,0,1961,2052,2057,1820,0.029999999,0.100000002,0.07,0,0,0
37.12,0,0,0,0,1961,2053,2057,1821,0.029999999,0.100000002,0.07,0,0,0
37.13,0,0,0,0,1962,2052,2056,1820,-0.059999999,-0.07,-0.090000004,0,0,0
37.14,0,0,0,0,1961,2052,2057,1820,-0.050000001,0,0.180000007,0,0,0
37.15,0,0,0,0,1961,2053,2056,1820,-0.029999999,-0.079999998,0.180000007,-0.01,0,0
37.16,0,0,0,0,1962,2052,2056,1821,-0.159999996,-0.090000004,-0.059999999,0,0,0
37.17,0,0,0,0,1961,2052,2057,1820,-0.050000001,0.02,-0.109999999,0.01,0,0
37.18,0,0,0,0,1960,2053,2057,1820,-0.059999999,0.01,0.170000002,-0.01,0,0
37.19,0,0,0,0,1961,2052,2056,1820,-0.050000001,-0.090000004,-0.100000002,0,0,0
37.2,0,0,0,0,1961,2052,2058,1820,-0.090000004,0.100000002,-0.050000001,0.01,0,0
37.21,0,0,0,0,1961,2053,2057,1820,0.01,0.039999999,0,0,0,0
37.22,0,0,0,0,1962,2052,2056,1821,-0.039999999,0.02,0.02,0,0,0
37.23,0,0,0,0,1961,2052,2057,1820,-0.059999999,0,-0.119999997,0,0,0
37.24,0,0,0,0,1961,2053,2057,1820,0,0.129999995,0.219999999,0,0,0
37.25,0,0,0,0,1961,2052,2057,1820,-0.02,0,0.180000007,-0.01,0,0
37.26,0,0,0,0,1962,2052,2057,1820,-0.079999998,-0.01,-0.02,0,0,0
37.27,0,0,0,0,1961,2053,2057,1819,-0.039999999,0.090000004,0.07,0,0,0
37.28,0,0,0,0,1961,2052,2056,1821,0,-0.059999999,0.150000006,0,0,0
37.29,0,0,0,0,1961,2052,2057,1820,-0.090000004,0,-0.02,0,0,0
37.3,0,0,0,0,1961,2053,2057,1820,-0.050000001,0.029999999,-0.059999999,0.01,0,0
37.31,0,0,0,0,1961,2052,2057,1820,-0.050000001,0.100000002,0.219999999,0,0,0
37.32,0,0,0,0,1962,2052,2057,1820,-0.100000002,-0.01,-0.050000001,0,0,0
37.33,0,0,0,0,1961,2053,2057,1819,-0.100000002,-0.029999999,-0.100000002,0.01,0,0
37.34,0,0,0,0,1961,2052,2056,1820,-0.01,0.059999999,0.189999998,0,0,0
37.35,0,0,0,0,1961,2052,2057,1820,-0.029999999,-0.01,0.150000006,-0.01,0,0
37.36,0,0,0,0,1961,2053,2057,1820,-0.050000001,-0.02,-0.159999996,0,0,0
37.37,0,0,0,0,1961,2052,2057,1820,-0.039999999,0.07,-0.039999999,0,0,0
37.38,0,0,0,0,1961,2052,2057,1820,-0.01,0.01,0.140000001,-0.01,0,0
37.39,0,0,0,0,1961,2053,2057,1819,-0.050000001,-0.100000002,-0.050000001,0,0,0
37.4,0,0,0,0,1961,2053,2057,1820,-0.050000001,0.100000002,-0.01,0,0,0
37.41,0,0,0,0,1961,2052,2057,1820,-0.02,0.079999998,0.090000004,0,0,0
37.42,0,0,0,0,1961,2053,2057,1820,-0.039999999,-0.079999998,-0.039999999,0,0,0
37.43,0,0,0,0,1961,2053,2057,1820,-0.07,0.02,-0.129999995,0,0,0
37.44,0,0,0,0,1961,2052,2057,1820,0,0.039999999,0.119999997,0,0,0
37.45,0,0,0,0,1961,2052,2057,1820,-0.029999999,0.02,0.180000007,-0.01,0,0
37.46,0,0,0,0,1961,2053,2057,1820,-0.100000002,0,-0.159999996,0.01,0,0
37.47,0,0,0,0,1961,2052,2057,1820,-0.029999999,0.079999998,0.029999999,0,0,0
37.48,0,0,0,0,1961,2052,2057,1820,-0.02,-0.059999999,0.039999999,-0.01,0,0
37.49,0,0,0,0,1961,2053,2057,1820,-0.029999999,-0.07,-0.140000001,0,0,0
37.5,0,0,0,0,1961,2052,2057,1820,0.029999999,0.039999999,-0.01,0,0,0
37.51,0,0,0,0,1961,2053,2057,1820,0.050000001,0.039999999,0.140000001,0,0,0
37.52,0,0,0,0,1961,2052,2057,1820,-0.029999999,-0.059999999,-0.119999997,0,0,0
37.53,0,0,0,0,1961,2053,2057,1820,-0.039999999,-0.07,-0.170000002,0.01,0,0
37.54,0,0,0,0,1961,2052,2057,1820,-0.01,0.039999999,0.090000004,0,0,0
37.55,0,0,0,0,1961,2053,2056,1820,-0.029999999,-0.07,0.029999999,-0.01,0,0
37.56,0,0,0,0,1961,2052,2057,1820,-0.07,0.01,-0.119999997,0,0,0
37.57,0,0,0,0,1961,2053,2057,1820,-0.029999999,0.029999999,0.02,0.01,0,0
37.58,0,0,0,0,1961,2052,2057,1820,-0.050000001,-0.039999999,0.119999997,-0.01,0,0
37.59,0,0,0,0,1961,2052,2057,1820,-0.109999999,-0.039999999,-0.159999996,0,0,0
37.6,0,0,0,0,1961,2052,2057,1820,-0.050000001,0.059999999,0.029999999,0,0,0
37.61,0,0,0,0,1961,2053,2057,1820,0,0.100000002,0.129999995,0,0,0
37.62,0,0,0,0,1961,2052,2057,1820,-0.100000002,-0.059999999,-0.109999999,0,0,0
37.63,0,0,0,0,1961,2053,2057,1820,-0.039999999,0.039999999,-0.109999999,0.01,0,0
37.64,0,0,0,0,1961,2053,2057,1820,0.01,0.02,0.150000006,0,0,0
37.65,0,0,0,0,1961,2052,2057,1820,0.01,-0.050000001,0,-0.01,0,0
37.66,0,0,0,0,1961,2052,2057,1820,-0.050000001,-0.01,-0.150000006,0.01,0,0
37.67,0,0,0,0,1961,2052,2057,1820,0.02,0.029999999,0.01,0,0,0
37.68,0,0,0,0,1961,2052,2057,1820,-0.039999999,-0.050000001,0.01,-0.01,0,0
37.69,0,0,0,0,1961,2053,2056,1820,-0.039999999,-0.109999999,-0.180000007,0,0,0
37.7,0,0,0,0,1961,2052,2057,1820,-0.02,0.07,0.02,0,0,0
37.71,0,0,0,0,1961,2052,2057,1820,0,-0.039999999,0.150000006,0,0,0
37.72,0,0,0,0,1961,2053,2057,1820,-0.109999999,-0.02,-0.079999998,0,0,0
37.73,0,0,0,0,1962,2052,2057,1821,-0.100000002,0,-0.129999995,0.01,0,0
37.74,0,0,0,0,1961,2053,2057,1820,-0.01,0.050000001,0.239999995,0,0,0
37.75,0,0,0,0,1961,2052,2056,1820,-0.07,-0.01,0.02,-0.01,0,0
37.76,0,0,0,0,1961,2052,2057,1820,-0.090000004,0.02,-0.100000002,0.01,0,0
37.77,0,0,0,0,1961,2053,2057,1820,-0.02,0.109999999,0.050000001,0,0,0
37.78,0,0,0,0,1961,2053,2057,1820,-0.050000001,0,0.119999997,-0.01,0,0
37.79,0,0,0,0,1961,2052,2057,1820,-0.090000004,-0.029999999,-0.039999999,0,0,0
37.8,0,0,0,0,1961,2053,2057,1820,0,0.079999998,0.090000004,0,0,0
37.81,0,0,0,0,1961,2052,2057,1820,0.02,0.02,0.180000007,0,0,0
37.82,0,0,0,0,1961,2052,2057,1820,-0.07,-0.119999997,-0.140000001,0,0,0
37.83,0,0,0,0,1962,2053,2057,1820,-0.039999999,0.01,-0.050000001,0.01,0,0
37.84,0,0,0,0,1961,2053,2057,1820,0,0,0.170000002,0,0,0
37.85,0,0,0,0,1962,2052,2057,1820,-0.050000001,-0.07,0.02,0,0,0
37.86,0,0,0,0,1962,2052,2057,1820,-0.050000001,0.01,-0.100000002,0.01,0,0
37.87,0,0,0,0,1961,2052,2057,1820,-0.02,0.039999999,0.129999995,0,0,0
37.88,0,0,0,0,1961,2052,2057,1820,-0.050000001,-0.029999999,-0.029999999,0,0,0
37.89,0,0,0,0,1961,2052,2057,1820,-0.119999997,-0.079999998,-0.170000002,0,0,0
37.9,0,0,0,0,1961,2053,2057,1820,-0.01,0.07,0.119999997,0,0,0
37.91,0,0,0,0,1962,2052,2057,1820,-0.02,0.02,0.150000006,-0.01,0,0
37.92,0,0,0,0,1961,2053,2057,1820,-0.059999999,-0.029999999,-0.189999998,0,0,0
37.93,0,0,0,0,1961,2053,2057,1820,-0.059999999,0.090000004,-0.07,0.01,0,0
37.94,0,0,0,0,1961,2052,2057,1820,0.01,0.029999999,0.159999996,0,0,0
37.95,0,0,0,0,1961,2052,2057,1820,-0.029999999,-0.029999999,0,0,0,0
37.96,0,0,0,0,1961,2053,2057,1821,-0.01,0.029999999,-0.090000004,0.01,0,0
37.97,0,0,0,0,1962,2052,2056,1820,0,0.109999999,0.170000002,0,0,0
37.98,0,0,0,0,1961,2053,2057,1820,-0.059999999,-0.109999999,0,0,0,0
37.99,0,0,0,0,1961,2053,2057,1820,-0.050000001,-0.039999999,-0.100000002,0,0,0
38,0,0,0,0,1962,2052,2056,1821,0.01,0.02,0.100000002,0,0,0
38.01,0,0,0,0,1961,2052,2058,1820,0,-0.02,0.170000002,-0.01,0,0
38.02,0,0,0,0,1961,2053,2057,1821,-0.090000004,-0.07,-0.239999995,0,0,0
38.03,0,0,0,0,1962,2052,2057,1820,-0.02,0.029999999,-0.059999999,0.01,0,0
38.04,0,0,0,0,1961,2053,2057,1820,-0.02,0,0.119999997,-0.01,0,0
38.05,0,0,0,0,1961,2053,2057,1820,-0.07,-0.059999999,-0.109999999,0,0,0
38.06,0,0,0,0,1961,2053,2056,1821,-0.07,0.090000004,-0.050000001,0,0,0
38.07,0,0,0,0,1961,2052,2058,1819,0.01,0.059999999,0.109999999,0,0,0
38.08,0,0,0,0,1961,2053,2057,1820,-0.079999998,-0.029999999,-0.029999999,0,0,0
38.09,0,0,0,0,1961,2052,2057,1821,-0.059999999,-0.02,-0.189999998,0,0,0
38.1,0,0,0,0,1962,2052,2058,1820,-0.01,0.090000004,0.180000007,0,0,0
38.11,0,0,0,0,1961,2053,2057,1820,0,0,0.079999998,-0.01,0,0
38.12,0,0,0,0,1962,2052,2057,1821,-0.07,-0.02,-0.059999999,0,0,0
38.13,0,0,0,0,1961,2052,2058,1820,0,0.039999999,-0.029999999,0.01,0,0
38.14,0,0,0,0,1961,2053,2057,1820,0.01,-0.07,0.219999999,-0.01,0,0
38.15,0,0,0,0,1961,2052,2057,1821,-0.07,-0.039999999,-0.039999999,0,0,0
38.16,0,0,0,0,1962,2052,2058,1820,-0.039999999,0.039999999,0,0.01,0,0
38.17,0,0,0,0,1961,2053,2057,1819,-0.039999999,0,0.239999995,0,0,0
38.18,0,0,0,0,1962,2052,2056,1821,-0.119999997,-0.059999999,-0.029999999,0,0,0
38.19,0,0,0,0,1961,2052,2057,1820,-0.090000004,-0.029999999,-0.039999999,0.01,0,0
38.2,0,0,0,0,1961,2053,2057,1820,-0.029999999,0.02,0.189999998,0,0,0
38.21,0,0,0,0,1961,2052,2056,1821,-0.039999999,-0.039999999,0.059999999,-0.01,0,0
38.22,0,0,0,0,1962,2052,2058,1820,-0.059999999,0,-0.109999999,0,0,0
38.23,0,0,0,0,1961,2053,2058,1820,-0.02,0.02,-0.02,0,0,0
38.24,0,0,0,0,1962,2053,2057,1820,-0.02,0,0.059999999,-0.01,0,0
38.25,0,0,0,0,1961,2052,2057,1820,-0.050000001,-0.109999999,-0.090000004,0,0,0
38.26,0,0,0,0,1961,2053,2057,1820,0,0.079999998,0.01,0,0,0
38.27,0,0,0,0,1961,2052,2056,1821,0.01,0.050000001,0.159999996,0,0,0
38.28,0,0,0,0,1962,2052,2057,1820,-0.07,-0.029999999,-0.07,0,0,0
38.29,0,0,0,0,1961,2053,2057,1820,-0.100000002,0.059999999,-0.180000007,0.01,0,0
38.3,0,0,0,0,1961,2053,2057,1821,-0.01,0.059999999,0.189999998,0,0,0
38.31,0,0,0,0,1962,2052,2057,1820,-0.050000001,0.029999999,0.100000002,-0.01,0,0
38.32,0,0,0,0,1961,2053,2058,1820,-0.07,0,-0.140000001,0.01,0,0
38.33,0,0,0,0,1961,2053,2057,1821,-0.029999999,0.090000004,0.090000004,0,0,0
38.34,0,0,0,0,1961,2052,2057,1820,-0.039999999,-0.039999999,0.039999999,-0.01,0,0
38.35,0,0,0,0,1961,2053,2057,1820,-0.039999999,-0.090000004,-0.090000004,0,0,0
38.36,0,0,0,0,1961,2053,2057,1820,0.02,0,0,0,0,0
38.37,0,0,0,0,1962,2052,2057,1820,0.02,0,0.150000006,0,0,0
38.38,0,0,0,0,1962,2052,2057,1820,-0.07,-0.07,-0.119999997,0,0,0
38.39,0,0,0,0,1961,2053,2057,1820,-0.059999999,-0.02,-0.159999996,0.01,0,0
38.4,0,0,0,0,1961,2052,2057,1821,0.029999999,0.029999999,0.119999997,0,0,0
38.41,0,0,0,0,1961,2053,2057,1820,-0.039999999,-0.039999999,0.059999999,-0.01,0,0
38.42,0,0,0,0,1961,2053,2057,1820,-0.07,0.039999999,-0.180000007,0.01,0,0
38.43,0,0,0,0,1962,2052,2057,1820,0.01,0.090000004,0.029999999,0,0,0
38.44,0,0,0,0,1962,2053,2057,1820,-0.029999999,-0.029999999,0.02,-0.01,0,0
38.45,0,0,0,0,1961,2053,2056,1820,-0.079999998,-0.02,-0.159999996,0,0,0
38.46,0,0,0,0,1961,2052,2057,1820,0,0.090000004,0.039999999,0,0,0
38.47,0,0,0,0,1961,2052,2057,1820,0,0.039999999,0.170000002,0,0,0
38.48,0,0,0,0,1961,2052,2057,1820,-0.050000001,-0.050000001,-0.140000001,0,0,0
38.49,0,0,0,0,1961,2052,2057,1820,-0.050000001,0.059999999,-0.200000003,0.01,0,0
38.5,0,0,0,0,1962,2053,2057,1820,0,-0.01,0.209999993,0,0,0
38.51,0,0,0,0,1962,2053,2057,1821,-0.039999999,-0.039999999,0.02,0,0,0
38.52,0,0,0,0,1961,2052,2057,1820,-0.050000001,0,-0.140000001,0.01,0,0
38.53,0,0,0,0,1962,2053,2057,1821,0.02,0,0.050000001,0,0,0
38.54,0,0,0,0,1961,2053,2057,1820,-0.07,-0.100000002,-0.02,0,0,0
38.55,0,0,0,0,1961,2052,2057,1820,-0.079999998,-0.07,-0.180000007,0,0,0
38.56,0,0,0,0,1961,2052,2057,1820,0,0.109999999,0.079999998,0,0,0
38.57,0,0,0,0,1961,2052,2057,1820,0,0.01,0.129999995,0,0,0
38.58,0,0,0,0,1961,2052,2057,1820,-0.090000004,-0.039999999,-0.150000006,0,0,0
38.59,0,0,0,0,1962,2052,2057,1820,-0.01,0.01,-0.109999999,0,0,0
38.6,0,0,0,0,1961,2053,2057,1820,0,0.029999999,0.219999999,-0.01,0,0
38.61,0,0,0,0,1961,2052,2057,1820,-0.090000004,-0.01,-0.039999999,0,0,0
38.62,0,0,0,0,1961,2053,2057,1820,-0.02,0.029999999,-0.079999998,0.01,0,0
38.63,0,0,0,0,1962,2052,2057,1820,0,0.050000001,0.059999999,0,0,0
38.64,0,0,0,0,1961,2053,2057,1820,-0.090000004,-0.059999999,0.02,0,0,0
38.65,0,0,0,0,1961,2052,2056,1820,-0.090000004,-0.02,-0.170000002,0,0,0
38.66,0,0,0,0,1961,2052,2057,1820,-0.01,0.01,0.129999995,0,0,0
38.67,0,0,0,0,1961,2052,2057,1820,-0.01,0.01,0.150000006,0,0,0
38.68,0,0,0,0,1961,2053,2057,1820,-0.07,-0.029999999,-0.090000004,0,0,0
38.69,0,0,0,0,1961,2052,2057,1820,-0.029999999,0,-0.039999999,0.01,0,0
38.7,0,0,0,0,1961,2053,2057,1820,0,0,0.219999999,0,0,0
38.71,0,0,0,0,1961,2052,2057,1820,-0.07,-0.090000004,0,0,0,0
38.72,0,0,0,0,1961,2052,2057,1820,-0.02,0.039999999,-0.059999999,0,0,0
38.73,0,0,0,0,1961,2053,2057,1820,-0.01,0,0.109999999,0,0,0
38.74,0,0,0,0,1961,2053,2057,1820,-0.07,0,0,0,0,0
38.75,0,0,0,0,1961,2052,2057,1820,-0.119999997,-0.050000001,-0.180000007,0,0,0
38.76,0,0,0,0,1961,2053,2057,1820,-0.01,0.059999999,0.129999995,0,0,0
38.77,0,0,0,0,1961,2052,2057,1820,-0.029999999,0.01,0.100000002,0,0,0
38.78,0,0,0,0,1961,2052,2057,1820,-0.050000001,0.01,-0.090000004,0,0,0
38.79,0,0,0,0,1961,2052,2057,1819,-0.07,0.07,-0.109999999,0,0,0
38.8,0,0,0,0,1961,2053,2057,1821,0,-0.01,0.189999998,0,0,0
38.81,0,0,0,0,1962,2052,2057,1820,-0.079999998,0,0.01,0,0,0
38.82,0,0,0,0,1961,2053,2058,1820,-0.039999999,0.029999999,-0.01,0,0,0
38.83,0,0,0,0,1961,2052,2057,1820,-0.01,0.07,0.140000001,0,0,0
38.84,0,0,0,0,1961,2052,2057,1820,-0.02,-0.079999998,-0.029999999,0,0,0
38.85,0,0,0,0,1961,2052,2057,1820,-0.090000004,0,-0.150000006,0,0,0
38.86,0,0,0,0,1961,2053,2057,1821,0.039999999,0.01,0.109999999,0,0,0
38.87,0,0,0,0,1962,2052,2056,1820,0,-0.02,0.189999998,-0.01,0,0
38.88,0,0,0,0,1961,2053,2057,1820,-0.079999998,-0.02,-0.209999993,0,0,0
38.89,0,0,0,0,1961,2053,2057,1820,0,-0.01,-0.01,0,0,0
38.9,0,0,0,0,1962,2052,2057,1821,0,0.039999999,0.109999999,-0.01,0,0
38.91,0,0,0,0,1961,2052,2057,1820,-0.07,-0.039999999,-0.119999997,0,0,0
38.92,0,0,0,0,1961,2053,2057,1821,-0.029999999,0.090000004,-0.079999998,0,0,0
38.93,0,0,0,0,1962,2052,2057,1820,-0.029999999,0.050000001,0.119999997,0,0,0
38.94,0,0,0,0,1961,2053,2057,1820,-0.050000001,-0.029999999,-0.109999999,0,0,0
38.95,0,0,0,0,1961,2053,2057,1820,-0.07,0.050000001,-0.180000007,0,0,0
38.96,0,0,0,0,1961,2052,2056,1821,0,0.01,0.119999997,0,0,0
38.97,0,0,0,0,1961,2052,2058,1819,0,0.02,0.129999995,0,0,0
38.98,0,0,0,0,1961,2053,2057,1821,-0.050000001,-0.07,-0.170000002,0.01,0,0
38.99,0,0,0,0,1962,2052,2056,1820,0.029999999,0,-0.01,0,0,0
39,0,0,0,0,1961,2052,2058,1820,0,-0.090000004,0.059999999,-0.01,0,0
39.01,0,0,0,0,1961,2053,2057,1820,-0.050000001,-0.050000001,-0.159999996,0,0,0
39.02,0,0,0,0,1962,2052,2057,1821,-0.01,0.050000001,-0.029999999,0,0,0
39.03,0,0,0,0,1961,2052,2058,1820,0.050000001,0.02,0.159999996,0,0,0
39.04,0,0,0,0,1961,2052,2057,1821,-0.090000004,0,-0.159999996,0,0,0
39.05,0,0,0,0,1961,2052,2057,1820,-0.01,-0.01,-0.150000006,0,0,0
39.06,0,0,0,0,1961,2052,2057,1820,-0.039999999,0.079999998,0.129999995,0,0,0
39.07,0,0,0,0,1961,2053,2057,1820,-0.059999999,0,0.029999999,0,0,0
39.08,0,0,0,0,1962,2052,2056,1820,-0.090000004,0.07,-0.029999999,0,0,0
39.09,0,0,0,0,1961,2052,2058,1820,-0.029999999,0.07,0.01,0,0,0
39.1,0,0,0,0,1961,2053,2057,1820,-0.059999999,-0.01,0.129999995,0,0,0
39.11,0,0,0,0,1961,2052,2057,1821,-0.07,-0.039999999,-0.050000001,0,0,0
39.12,0,0,0,0,1962,2052,2058,1820,-0.029999999,0,0.029999999,0,0,0
39.13,0,0,0,0,1961,2053,2057,1820,0,0.01,0.209999993,0,0,0
39.14,0,0,0,0,1962,2052,2057,1820,-0.039999999,-0.129999995,-0.059999999,0,0,0
39.15,0,0,0,0,1961,2052,2057,1820,-0.07,-0.01,-0.079999998,0,0,0
39.16,0,0,0,0,1961,2053,2057,1820,0,-0.029999999,0.150000006,0,0,0
39.17,0,0,0,0,1961,2052,2057,1821,-0.050000001,-0.059999999,0.039999999,0,0,0
39.18,0,0,0,0,1961,2052,2057,1820,-0.07,0.02,-0.189999998,0.01,0,0
39.19,0,0,0,0,1961,2053,2057,1819,-0.02,0.01,0.02,0,0,0
39.2,0,0,0,0,1962,2052,2057,1820,-0.029999999,0.039999999,0.029999999,0,0,0
39.21,0,0,0,0,1962,2052,2057,1820,-0.109999999,-0.02,-0.100000002,0,0,0
39.22,0,0,0,0,1961,2053,2058,1820,0.02,0.129999995,0,0,0,0
39.23,0,0,0,0,1961,2052,2057,1821,0,0.039999999,0.119999997,0,0,0
39.24,0,0,0,0,1961,2052,2058,1820,-0.050000001,-0.039999999,-0.140000001,0,0,0
39.25,0,0,0,0,1961,2053,2057,1820,-0.059999999,0.079999998,-0.119999997,0.01,0,0
39.26,0,0,0,0,1961,2053,2056,1820,0.02,-0.01,0.100000002,0,0,0
39.27,0,0,0,0,1961,2052,2057,1820,-0.039999999,-0.02,0.059999999,0,0,0
39.28,0,0,0,0,1961,2053,2057,1820,-0.02,-0.039999999,-0.189999998,0,0,0
39.29,0,0,0,0,1961,2052,2057,1821,0.050000001,-0.01,0.100000002,0,0,0
39.3,0,0,0,0,1962,2052,2057,1820,-0.029999999,-0.079999998,-0.01,0,0,0
39.31,0,0,0,0,1961,2053,2057,1820,-0.02,-0.090000004,-0.200000003,0,0,0
39.32,0,0,0,0,1961,2052,2057,1821,-0.01,0.039999999,-0.039999999,0,0,0
39.33,0,0,0,0,1962,2052,2057,1820,0,-0.029999999,0.059999999,0,0,0
39.34,0,0,0,0,1961,2053,2057,1820,-0.050000001,0.01,-0.150000006,0,0,0
39.35,0,0,0,0,1961,2052,2057,1820,-0.02,0,-0.140000001,0,0,0
39.36,0,0,0,0,1962,2052,2057,1821,-0.039999999,0.07,0.159999996,0,0,0
39.37,0,0,0,0,1961,2052,2057,1820,-0.079999998,-0.01,0,0,0,0
39.38,0,0,0,0,1961,2052,2057,1820,-0.029999999,0.07,-0.050000001,0,0,0
39.39,0,0,0,0,1961,2052,2057,1820,0.02,0.119999997,0.039999999,0,0,0
39.4,0,0,0,0,1962,2052,2057,1820,-0.079999998,-0.07,-0.029999999,0,0,0
39.41,0,0,0,0,1961,2053,2057,1820,-0.079999998,-0.01,-0.180000007,0,0,0
39.42,0,0,0,0,1961,2052,2057,1820,0.01,0,0.109999999,0,0,0
39.43,0,0,0,0,1961,2053,2057,1820,-0.02,-0.02,0.159999996,0,0,0
39.44,0,0,0,0,1961,2052,2057,1820,-0.079999998,-0.07,-0.079999998,0,0,0
39.45,0,0,0,0,1961,2052,2057,1820,-0.029999999,0,-0.050000001,0.01,0,0
39.46,0,0,0,0,1961,2052,2057,1820,-0.02,-0.02,0.140000001,0,0,0
39.47,0,0,0,0,1961,2053,2057,1820,-0.090000004,-0.050000001,0,0,0,0
39.48,0,0,0,0,1961,2052,2057,1820,-0.01,0.050000001,-0.029999999,0,0,0
39.49,0,0,0,0,1961,2052,2057,1821,-0.01,0.07,0.090000004,0,0,0
39.5,0,0,0,0,1961,2053,2057,1820,-0.07,0.02,-0.01,0,0,0
39.51,0,0,0,0,1961,2052,2057,1821,-0.090000004,0,-0.129999995,0,0,0
39.52,0,0,0,0,1961,2053,2057,1820,0,0.07,0.100000002,0,0,0
39.53,0,0,0,0,1961,2053,2057,1820,-0.02,0.02,0.150000006,0,0,0
39.54,0,0,0,0,1961,2052,2057,1820,-0.050000001,-0.079999998,-0.119999997,0,0,0
39.55,0,0,0,0,1961,2052,2057,1820,-0.02,0.02,-0.02,0,0,0
39.56,0,0,0,0,1961,2052,2057,1820,0,-0.050000001,0.039999999,0,0,0
39.57,0,0,0,0,1961,2052,2057,1820,-0.050000001,-0.090000004,-0.029999999,0,0,0
39.58,0,0,0,0,1961,2053,2057,1820,-0.02,0.01,-0.100000002,0,0,0
39.59,0,0,0,0,1962,2052,2057,1820,0.050000001,-0.01,0.079999998,0,0,0
39.6,0,0,0,0,1962,2053,2057,1821,-0.059999999,-0.050000001,-0.07,0,0,0
39.61,0,0,0,0,1962,2052,2057,1820,-0.07,-0.02,-0.159999996,0,0,0
39.62,0,0,0,0,1962,2052,2057,1820,0,0.059999999,0.090000004,0,0,0
39.63,0,0,0,0,1961,2052,2057,1820,0,0,0.079999998,0,0,0
39.64,0,0,0,0,1961,2053,2057,1821,0,0,0.079999998,0,0,0
39.65,0,0,0,0,1961,2052,2057,1820,-0.039999999,0.07,-0.090000004,0,0,0
39.66,0,0,0,0,1961,2053,2057,1820,-0.01,-0.029999999,0.150000006,-0.01,0,0
39.67,0,0,0,0,1961,2052,2057,1820,-0.079999998,-0.029999999,-0.050000001,0,0,0
39.68,0,0,0,0,1961,2052,2057,1820,-0.039999999,0.01,0.01,0,0,0
39.69,0,0,0,0,1961,2053,2057,1820,-0.01,-0.01,0.180000007,0,0,0
39.7,0,0,0,0,1961,2053,2057,1821,-0.07,-0.059999999,-0.050000001,0,0,0
39.71,0,0,0,0,1961,2052,2057,1820,-0.039999999,-0.050000001,-0.180000007,0,0,0
39.72,0,0,0,0,1961,2053,2057,1820,0,0.01,0.109999999,0,0,0
39.73,0,0,0,0,1961,2052,2057,1820,-0.039999999,-0.02,0.109999999,0,0,0
39.74,0,0,0,0,1961,2052,2057,1820,-0.090000004,0.039999999,-0.150000006,0,0,0
39.75,0,0,0,0,1961,2053,2057,1820,-0.029999999,0.059999999,-0.02,0,0,0
39.76,0,0,0,0,1961,2052,2057,1820,0,0,0.090000004,0,0,0
39.77,0,0,0,0,1962,2052,2057,1820,-0.079999998,-0.029999999,-0.039999999,0,0,0
39.78,0,0,0,0,1961,2053,2057,1820,0.01,0.029999999,0,0,0,0
39.79,0,0,0,0,1961,2052,2057,1821,0.01,0,0.119999997,0,0,0
39.8,0,0,0,0,1962,2052,2057,1820,-0.02,-0.119999997,-0.079999998,0,0,0
39.81,0,0,0,0,1961,2053,2057,1820,-0.050000001,0,-0.119999997,0,0,0
39.82,0,0,0,0,1961,2053,2057,1821,-0.01,-0.01,0.079999998,0,0,0
39.83,0,0,0,0,1962,2052,2057,1820,-0.01,-0.129999995,0.079999998,0,0,0
39.84,0,0,0,0,1961,2053,2057,1820,-0.090000004,0.02,-0.230000004,0,0,0
39.85,0,0,0,0,1961,2052,2057,1821,0,0,-0.109999999,0,0,0
39.86,0,0,0,0,1961,2052,2057,1820,-0.029999999,0,0.029999999,0,0,0
39.87,0,0,0,0,1961,2052,2057,1820,-0.029999999,-0.01,-0.219999999,0,0,0
39.88,0,0,0,0,1961,2053,2057,1821,-0.01,0.100000002,0.039999999,0,0,0
39.89,0,0,0,0,1962,2052,2056,1820,0.01,0.039999999,0.109999999,0,0,0
39.9,0,0,0,0,1961,2053,2057,1820,-0.079999998,-0.02,0,0,0,0
39.91,0,0,0,0,1961,2052,2057,1821,-0.01,0.039999999,-0.189999998,0.01,0,0
39.92,0,0,0,0,1962,2052,2057,1821,-0.01,-0.029999999,0.119999997,0,0,0
39.93,0,0,0,0,1961,2052,2058,1820,-0.050000001,0,0.039999999,0,0,0
39.94,0,0,0,0,1961,2052,2058,1820,-0.090000004,-0.059999999,-0.140000001,0,0,0
39.95,0,0,0,0,1962,2052,2057,1820,-0.02,-0.01,-0.01,0,0,0
39.96,0,0,0,0,1962,2052,2057,1820,-0.039999999,-0.02,0.119999997,0,0,0
39.97,0,0,0,0,1961,2053,2057,1820,-0.100000002,-0.059999999,-0.119999997,0,0,0
39.98,0,0,0,0,1962,2052,2056,1820,-0.050000001,0.050000001,0.01,0,0,0
39.99,0,0,0,0,1961,2052,2058,1820,-0.01,0.02,0.090000004,0,0,0
40,0,0,0,0,1961,2052,2057,1821,-0.100000002,0,-0.039999999,0,0,0
40.01,0,0,0,0,1962,2052,2057,1820,-0.039999999,0.050000001,-0.079999998,0,0,0
40.02,0,0,0,0,1961,2053,2057,1820,-0.02,0.029999999,0.129999995,0,0,0
40.03,0,0,0,0,1961,2053,2057,1820,-0.039999999,-0.01,0.039999999,0,0,0
40.04,0,0,0,0,1962,2052,2057,1820,-0.039999999,0.01,-0.059999999,0,0,0
40.05,0,0,0,0,1961,2053,2058,1819,0,0.050000001,0.050000001,0,0,0
40.06,0,0,0,0,1961,2052,2057,1821,-0.059999999,-0.029999999,0.029999999,0,0,0
40.07,0,0,0,0,1962,2052,2057,1820,-0.079999998,-0.029999999,-0.01,0,0,0
40.08,0,0,0,0,1961,2052,2057,1820,-0.01,0.01,0.039999999,0,0,0
40.09,0,0,0,0,1961,2053,2057,1820,-0.01,-0.050000001,0.150000006,0,0,0
40.1,0,0,0,0,1962,2052,2057,1820,-0.059999999,-0.059999999,-0.129999995,0,0,0
40.11,0,0,0,0,1961,2053,2058,1820,-0.090000004,0,-0.119999997,0,0,0
40.12,0,0,0,0,1961,2053,2057,1821,0,-0.02,0.059999999,0,0,0
40.13,0,0,0,0,1961,2052,2057,1821,-0.059999999,0,-0.02,0,0,0
40.14,0,0,0,0,1961,2052,2057,1820,-0.02,0.090000004,-0.109999999,0.01,0,0
40.15,0,0,0,0,1961,2053,2057,1821,0,0.039999999,0.059999999,0,0,0
40.16,0,0,0,0,1962,2052,2056,1820,-0.059999999,0,0,0,0,0
40.17,0,0,0,0,1961,2053,2058,1820,-0.079999998,-0.01,-0.090000004,0,0,0
40.18,0,0,0,0,1961,2053,2057,1820,0,-0.01,0.050000001,0,0,0
40.19,0,0,0,0,1962,2052,2057,1820,-0.01,0.02,0.109999999,0,0,0
40.2,0,0,0,0,1961,2052,2057,1820,-0.050000001,-0.07,-0.119999997,0,0,0
40.21,0,0,0,0,1961,2053,2057,1821,-0.029999999,0.039999999,-0.07,0,0,0
40.22,0,0,0,0,1962,2052,2057,1820,-0.02,-0.039999999,0.100000002,0,0,0
40.23,0,0,0,0,1961,2052,2057,1820,-0.050000001,-0.100000002,0,0,0,0
40.24,0,0,0,0,1961,2053,2057,1820,-0.07,0.050000001,-0.059999999,0,0,0
40.25,0,0,0,0,1962,2052,2057,1820,0,0.01,0.029999999,0,0,0
40.26,0,0,0,0,1961,2052,2057,1820,-0.090000004,-0.02,0,0,0,0
40.27,0,0,0,0,1961,2053,2057,1820,-0.100000002,-0.039999999,-0.079999998,0,0,0
40.28,0,0,0,0,1962,2052,2056,1820,-0.01,0.059999999,0.129999995,0,0,0
40.29,0,0,0,0,1962,2052,2058,1820,-0.050000001,0.02,0.129999995,0,0,0
40.3,0,0,0,0,1961,2053,2057,1820,-0.090000004,0.01,-0.029999999,0,0,0
40.31,0,0,0,0,1962,2052,2057,1821,-0.029999999,0.090000004,-0.039999999,0,0,0
40.32,0,0,0,0,1962,2052,2057,1820,0,-0.029999999,0.119999997,0,0,0
40.33,0,0,0,0,1961,2053,2057,1820,-0.050000001,0,0,0,0,0
40.34,0,0,0,0,1961,2052,2057,1820,0,0,-0.059999999,0,0,0
40.35,0,0,0,0,1961,2052,2057,1820,-0.02,0.02,0.150000006,0,0,0
40.36,0,0,0,0,1961,2052,2057,1820,-0.01,-0.079999998,-0.07,0,0,0
40.37,0,0,0,0,1961,2053,2057,1821,-0.07,-0.02,-0.129999995,0,0,0
40.38,0,0,0,0,1961,2052,2057,1820,0.01,0,0.07,0,0,0
40.39,0,0,0,0,1961,2053,2057,1820,0,-0.050000001,0.109999999,0,0,0
40.4,0,0,0,0,1961,2052,2057,1820,-0.059999999,0.01,-0.140000001,0,0,0
40.41,0,0,0,0,1961,2053,2057,1820,-0.029999999,0.029999999,-0.01,0,0,0
40.42,0,0,0,0,1961,2052,2057,1820,0.01,0,0.02,-0.01,0,0
40.43,0,0,0,0,1961,2053,2057,1821,-0.079999998,-0.059999999,-0.079999998,0,0,0
40.44,0,0,0,0,1961,2052,2057,1820,0.01,0.059999999,-0.059999999,0,0,0
40.45,0,0,0,0,1961,2053,2057,1820,0.02,0.050000001,0.100000002,0,0,0
40.46,0,0,0,0,1961,2052,2057,1820,-0.059999999,-0.07,-0.100000002,0,0,0
40.47,0,0,0,0,1961,2052,2057,1820,-0.050000001,0.059999999,-0.100000002,0,0,0
40.48,0,0,0,0,1961,2052,2057,1820,0.029999999,0.02,0.109999999,0,0,0
40.49,0,0,0,0,1961,2053,2057,1821,-0.01,-0.050000001,0.050000001,-0.01,0,0
40.5,0,0,0,0,1962,2053,2057,1820,-0.07,0.02,-0.129999995,0,0,0
40.51,0,0,0,0,1961,2053,2057,1820,-0.01,0.01,-0.050000001,0.01,0,0
40.52,0,0,0,0,1962,2053,2057,1820,-0.01,-0.090000004,0.02,-0.01,0,0
40.53,0,0,0,0,1962,2053,2056,1820,-0.039999999,-0.109999999,-0.090000004,0,0,0
40.54,0,0,0,0,1961,2052,2057,1820,-0.059999999,0.029999999,-0.029999999,0,0,0
40.55,0,0,0,0,1961,2053,2057,1820,0,-0.02,0.050000001,0,0,0
40.56,0,0,0,0,1961,2053,2057,1820,-0.079999998,0,-0.090000004,0,0,0
40.57,0,0,0,0,1961,2052,2057,1821,-0.07,-0.029999999,-0.140000001,0,0,0
40.58,0,0,0,0,1961,2052,2057,1820,-0.029999999,0.059999999,0.150000006,0,0,0
40.59,0,0,0,0,1961,2052,2057,1820,-0.029999999,0,0.02,-0.01,0,0
40.6,0,0,0,0,1961,2052,2057,1820,-0.109999999,0.050000001,-0.07,0.01,0,0
40.61,0,0,0,0,1961,2052,2057,1820,-0.050000001,0.119999997,-0.029999999,0,0,0
40.62,0,0,0,0,1961,2053,2057,1820,-0.079999998,-0.039999999,0.109999999,0,0,0
40.63,0,0,0,0,1961,2052,2057,1821,-0.100000002,-0.07,-0.02,0,0,0
40.64,0,0,0,0,1961,2053,2057,1820,-0.02,0.029999999,0.100000002,0,0,0
40.65,0,0,0,0,1961,2053,2057,1820,-0.02,0,0.129999995,0,0,0
40.66,0,0,0,0,1961,2052,2057,1820,-0.059999999,-0.129999995,-0.050000001,0,0,0
40.67,0,0,0,0,1961,2053,2057,1820,-0.039999999,0,-0.059999999,0.01,0,0
40.68,0,0,0,0,1961,2052,2057,1820,0,0.01,0.059999999,0,0,0
40.69,0,0,0,0,1961,2052,2057,1820,-0.029999999,-0.090000004,0.050000001,0,0,0
40.7,0,0,0,0,1961,2052,2057,1820,-0.079999998,0.07,-0.079999998,0.01,0,0
40.71,0,0,0,0,1961,2053,2057,1820,-0.02,0.059999999,0.039999999,0,0,0
40.72,0,0,0,0,1962,2053,2057,1820,-0.050000001,0,0,0,0,0
40.73,0,0,0,0,1962,2053,2057,1820,-0.090000004,-0.01,-0.029999999,0,0,0
40.74,0,0,0,0,1961,2053,2057,1820,0,0.090000004,0.079999998,0,0,0
40.75,0,0,0,0,1962,2052,2057,1820,-0.039999999,0.090000004,0.180000007,0,0,0
40.76,0,0,0,0,1961,2052,2057,1820,-0.02,-0.039999999,-0.050000001,0,0,0
40.77,0,0,0,0,1961,2053,2057,1821,-0.059999999,0.079999998,-0.150000006,0,0,0
40.78,0,0,0,0,1962,2052,2056,1820,0.039999999,-0.029999999,0.100000002,-0.01,0,0
40.79,0,0,0,0,1961,2052,2057,1820,-0.02,-0.02,0.059999999,0,0,0
40.8,0,0,0,0,1961,2053,2057,1820,-0.02,-0.02,-0.170000002,0.01,0,0
40.81,0,0,0,0,1962,2052,2057,1821,0,0.02,0.07,0,0,0
40.82,0,0,0,0,1961,2052,2058,1820,-0.029999999,-0.119999997,-0.02,0,0,0
40.83,0,0,0,0,1961,2053,2057,1821,-0.059999999,-0.07,-0.150000006,0,0,0
40.84,0,0,0,0,1961,2052,2057,1821,0.01,0.050000001,0,0,0,0
40.85,0,0,0,0,1961,2052,2057,1820,0,-0.039999999,0.100000002,0,0,0
40.86,0,0,0,0,1961,2053,2057,1820,-0.100000002,-0.039999999,-0.200000003,0,0,0
40.87,0,0,0,0,1962,2052,2057,1821,0,0.02,-0.119999997,0,0,0
40.88,0,0,0,0,1961,2052,2057,1820,0.02,0,0.02,-0.01,0,0
40.89,0,0,0,0,1961,2053,2057,1820,-0.029999999,-0.039999999,-0.059999999,0,0,0
40.9,0,0,0,0,1961,2052,2057,1821,-0.039999999,0.090000004,-0.059999999,0,0,0
40.91,0,0,0,0,1962,2052,2058,1820,0.01,0.079999998,0.01,0,0,0
40.92,0,0,0,0,1961,2053,2057,1820,-0.07,-0.059999999,0.039999999,0,0,0
40.93,0,0,0,0,1962,2052,2057,1821,-0.029999999,-0.02,-0.170000002,0,0,0
40.94,0,0,0,0,1961,2052,2057,1820,-0.050000001,0,0.100000002,0,0,0
40.95,0,0,0,0,1961,2053,2057,1820,0.02,0,0.100000002,0,0,0
40.96,0,0,0,0,1961,2052,2057,1820,-0.090000004,-0.050000001,-0.039999999,0,0,0
40.97,0,0,0,0,1962,2052,2058,1820,-0.050000001,0.02,-0.050000001,0.01,0,0
40.98,0,0,0,0,1961,2053,2057,1819,-0.050000001,-0.029999999,0.129999995,0,0,0
40.99,0,0,0,0,1962,2052,2056,1820,-0.050000001,-0.100000002,-0.050000001,0,0,0
41,0,0,0,0,1961,2052,2057,1820,-0.07,0.029999999,-0.079999998,0,0,0
41.01,0,0,0,0,1961,2053,2057,1820,0,0.029999999,0.07,0,0,0
41.02,0,0,0,0,1961,2052,2057,1821,-0.090000004,0.02,0,0,0,0
41.03,0,0,0,0,1962,2052,2058,1820,-0.119999997,-0.07,-0.079999998,0,0,0
41.04,0,0,0,0,1961,2053,2057,1820,0,0.140000001,0.059999999,0,0,0
41.05,0,0,0,0,1961,2052,2057,1820,-0.050000001,-0.01,0.100000002,0,0,0
41.06,0,0,0,0,1961,2052,2057,1820,-0.079999998,-0.039999999,-0.02,0,0,0
41.07,0,0,0,0,1961,2053,2057,1820,-0.079999998,0.090000004,-0.050000001,0.01,0,0
41.08,0,0,0,0,1961,2052,2056,1821,0,0,0.170000002,0,0,0
41.09,0,0,0,0,1961,2052,2058,1820,-0.079999998,0,0.059999999,0,0,0
41.1,0,0,0,0,1961,2053,2057,1821,-0.059999999,0.07,-0.039999999,0.01,0,0
41.11,0,0,0,0,1962,2053,2057,1820,-0.02,0.029999999,0.200000003,0,0,0
41.12,0,0,0,0,1962,2052,2057,1820,-0.01,-0.090000004,-0.029999999,0,0,0
41.13,0,0,0,0,1961,2053,2057,1820,-0.050000001,-0.02,-0.029999999,0,0,0
41.14,0,0,0,0,1961,2052,2056,1821,0.02,0,0.02,0,0,0
41.15,0,0,0,0,1961,2052,2057,1820,0,-0.02,0.159999996,-0.01,0,0
41.16,0,0,0,0,1961,2053,2057,1820,-0.07,-0.039999999,-0.140000001,0,0,0
41.17,0,0,0,0,1961,2053,2057,1820,-0.029999999,0,-0.090000004,0.01,0,0
41.18,0,0,0,0,1962,2052,2057,1820,0,-0.01,0.119999997,-0.01,0,0
41.19,0,0,0,0,1961,2053,2057,1819,-0.059999999,-0.050000001,-0.059999999,0,0,0
41.2,0,0,0,0,1962,2052,2056,1821,-0.050000001,0.100000002,-0.029999999,0.01,0,0
41.21,0,0,0,0,1961,2052,2058,1820,0,0.079999998,0.050000001,0,0,0
41.22,0,0,0,0,1961,2053,2057,1820,-0.050000001,-0.07,-0.02,0,0,0
41.23,0,0,0,0,1961,2052,2057,1821,-0.079999998,0,-0.129999995,0,0,0
41.24,0,0,0,0,1962,2052,2057,1820,-0.01,0.079999998,0.090000004,0,0,0
41.25,0,0,0,0,1961,2053,2057,1820,0,0.01,0.07,-0.01,0,0
41.26,0,0,0,0,1961,2052,2057,1821,-0.090000004,-0.07,-0.100000002,0.01,0,0
41.27,0,0,0,0,1961,2052,2057,1820,0,0.029999999,0.01,0,0,0
41.28,0,0,0,0,1961,2052,2057,1820,-0.01,-0.079999998,0.059999999,-0.01,0,0
41.29,0,0,0,0,1961,2052,2057,1821,-0.02,-0.079999998,-0.090000004,0,0,0
41.3,0,0,0,0,1962,2052,2058,1820,-0.029999999,0.079999998,-0.01,0,0,0
41.31,0,0,0,0,1961,2052,2058,1820,0.02,0,0.129999995,0,0,0
41.32,0,0,0,0,1962,2053,2057,1821,-0.079999998,-0.02,-0.02,0,0,0
41.33,0,0,0,0,1962,2052,2057,1820,-0.050000001,-0.07,-0.170000002,0,0,0
41.34,0,0,0,0,1961,2053,2057,1820,0,0.059999999,0.140000001,0,0,0
41.35,0,0,0,0,1961,2052,2057,1821,-0.029999999,-0.050000001,0.090000004,-0.01,0,0
41.36,0,0,0,0,1962,2052,2057,1820,-0.07,0.02,-0.059999999,0,0,0
41.37,0,0,0,0,1961,2053,2057,1820,-0.039999999,0.090000004,0.02,0,0,0
41.38,0,0,0,0,1962,2053,2056,1820,-0.029999999,0.01,0.129999995,-0.01,0,0
41.39,0,0,0,0,1961,2052,2057,1820,-0.090000004,-0.039999999,-0.079999998,0,0,0
41.4,0,0,0,0,1961,2053,2057,1820,-0.02,0.029999999,0.02,0.01,0,0
41.41,0,0,0,0,1961,2052,2057,1821,-0.02,0.119999997,0.170000002,0,0,0
41.42,0,0,0,0,1962,2052,2057,1820,-0.039999999,-0.119999997,-0.059999999,0,0,0
41.43,0,0,0,0,1961,2053,2057,1820,-0.07,-0.01,-0.01,0.01,0,0
41.44,0,0,0,0,1961,2053,2057,1821,0.050000001,0.039999999,0.100000002,0,0,0
41.45,0,0,0,0,1961,2052,2057,1820,0,-0.090000004,0.079999998,-0.01,0,0
41.46,0,0,0,0,1961,2052,2057,1820,-0.07,-0.039999999,-0.140000001,0,0,0
41.47,0,0,0,0,1961,2053,2057,1820,-0.02,0,-0.02,0.01,0,0
41.48,0,0,0,0,1962,2052,2057,1820,0,-0.029999999,0.050000001,0,0,0
41.49,0,0,0,0,1961,2053,2057,1820,-0.059999999,-0.059999999,-0.029999999,0,0,0
41.5,0,0,0,0,1961,2053,2057,1820,-0.02,0.090000004,-0.059999999,0,0,0
41.51,0,0,0,0,1962,2053,2057,1820,0,0,0.090000004,0,0,0
41.52,0,0,0,0,1961,2052,2057,1820,-0.050000001,-0.029999999,-0.109999999,0,0,0
41.53,0,0,0,0,1961,2053,2057,1820,-0.050000001,0,-0.150000006,0,0,0
41.54,0,0,0,0,1961,2053,2057,1820,0,0.059999999,0.119999997,0,0,0
41.55,0,0,0,0,1961,2052,2057,1820,-0.039999999,0.02,0,-0.01,0,0
41.56,0,0,0,0,1962,2053,2057,1820,-0.079999998,0.01,-0.150000006,0,0,0
41.57,0,0,0,0,1961,2053,2057,1820,-0.029999999,0.079999998,-0.02,0,0,0
41.58,0,0,0,0,1961,2052,2057,1820,-0.01,-0.02,0.100000002,0,0,0
41.59,0,0,0,0,1961,2052,2057,1820,-0.039999999,-0.090000004,-0.100000002,0,0,0
41.6,0,0,0,0,1962,2052,2057,1821,0.01,0.029999999,0.039999999,0,0,0
41.61,0,0,0,0,1961,2053,2057,1820,0.02,0.01,0.109999999,0,0,0
41.62,0,0,0,0,1962,2052,2057,1820,-0.050000001,-0.100000002,-0.090000004,0,0,0
41.63,0,0,0,0,1961,2053,2057,1820,-0.039999999,-0.039999999,-0.109999999,0.01,0,0
41.64,0,0,0,0,1961,2052,2057,1821,0,0.029999999,0.090000004,0,0,0
41.65,0,0,0,0,1961,2053,2057,1820,-0.029999999,-0.100000002,0.02,-0.01,0,0
41.66,0,0,0,0,1961,2053,2057,1820,-0.079999998,0.029999999,-0.180000007,0,0,0
41.67,0,0,0,0,1961,2053,2057,1820,-0.029999999,0.039999999,-0.02,0,0,0
41.68,0,0,0,0,1962,2052,2057,1820,-0.050000001,-0.01,0.039999999,-0.01,0,0
41.69,0,0,0,0,1961,2053,2057,1820,-0.079999998,-0.039999999,-0.119999997,0,0,0
41.7,0,0,0,0,1962,2052,2057,1821,-0.039999999,0.090000004,0.07,0,0,0
41.71,0,0,0,0,1961,2053,2057,1820,-0.029999999,0.050000001,0.140000001,0,0,0
41.72,0,0,0,0,1961,2053,2057,1821,-0.059999999,-0.059999999,-0.039999999,0,0,0
41.73,0,0,0,0,1962,2053,2057,1821,-0.050000001,0.029999999,-0.100000002,0.01,0,0
41.74,0,0,0,0,1962,2052,2057,1820,0,0.01,0.219999999,0,0,0
41.75,0,0,0,0,1961,2053,2056,1820,-0.02,-0.02,0.100000002,0,0,0
41.76,0,0,0,0,1961,2053,2057,1820,-0.029999999,-0.02,-0.119999997,0.01,0,0
41.77,0,0,0,0,1961,2052,2057,1820,0,0.029999999,0.029999999,0,0,0
41.78,0,0,0,0,1961,2052,2057,1820,-0.039999999,-0.029999999,-0.01,-0.01,0,0
41.79,0,0,0,0,1962,2052,2056,1820,-0.100000002,-0.090000004,-0.109999999,0,0,0
41.8,0,0,0,0,1962,2053,2057,1820,-0.01,0.039999999,0,0,0,0
41.81,0,0,0,0,1962,2053,2057,1820,-0.02,0.02,0.090000004,0,0,0
41.82,0,0,0,0,1962,2053,2057,1821,-0.100000002,-0.039999999,-0.109999999,0,0,0
41.83,0,0,0,0,1962,2052,2058,1820,-0.109999999,0,-0.109999999,0,0,0
41.84,0,0,0,0,1962,2053,2057,1821,-0.02,0.059999999,0.150000006,0,0,0
41.85,0,0,0,0,1962,2053,2057,1821,-0.07,-0.039999999,0.059999999,0,0,0
41.86,0,0,0,0,1962,2053,2057,1820,-0.059999999,0.029999999,-0.109999999,0,0,0
41.87,0,0,0,0,1962,2053,2057,1820,-0.029999999,0.109999999,0.07,0,0,0
41.88,0,0,0,0,1963,2053,2057,1821,0,-0.050000001,0.01,0,0,0
41.89,0,0,0,0,1962,2052,2057,1820,-0.07,0.01,0,0,0,0
41.9,0,0,0,0,1962,2053,2057,1821,0.02,0.029999999,0,0,0,0
41.91,0,0,0,0,1962,2053,2057,1821,0.02,0,0.150000006,0,0,0
41.92,0,0,0,0,1963,2053,2058,1821,-0.01,-0.07,-0.090000004,0,0,0
41.93,0,0,0,0,1962,2054,2057,1820,-0.02,-0.029999999,-0.109999999,0,0,0
41.94,0,0,0,0,1963,2053,2056,1821,0.02,-0.059999999,0.079999998,0,0,0
41.95,0,0,0,0,1962,2052,2057,1820,-0.02,-0.079999998,0,0,0,0
41.96,0,0,0,0,1962,2053,2057,1821,-0.039999999,0,-0.150000006,0,0,0
41.97,0,0,0,0,1962,2052,2057,1821,0.01,-0.01,0.029999999,0,0,0
41.98,0,0,0,0,1963,2052,2058,1820,-0.059999999,-0.029999999,0,0,0,0
41.99,0,0,0,0,1961,2053,2057,1820,-0.090000004,-0.050000001,-0.200000003,0,0,0
42,0,0,0,0,1962,2053,2057,1820,0.01,0.079999998,0.079999998,0,0,0
42.01,0,0,0,0,1961,2052,2058,1820,0.02,0.039999999,0.129999995,0,0,0
42.02,0,0,0,0,1961,2053,2058,1820,-0.079999998,-0.050000001,-0.109999999,0,0,0
42.03,0,0,0,0,1961,2052,2057,1821,-0.059999999,0.090000004,-0.170000002,0,0,0
42.04,0,0,0,0,1961,2052,2058,1820,0,0.029999999,0.100000002,0,0,0
42.05,0,0,0,0,1960,2053,2057,1819,-0.050000001,-0.02,0,0,0,0
42.06,0,0,0,0,1961,2052,2057,1819,-0.079999998,0,-0.159999996,0,0,0
42.07,0,0,0,0,1961,2052,2057,1819,0.01,0.039999999,-0.01,0,0,0
42.08,0,0,0,0,1960,2052,2057,1820,-0.059999999,-0.079999998,0,0,0,0
42.09,0,0,0,0,1960,2052,2056,1821,-0.059999999,-0.07,-0.159999996,0,0,0
42.1,0,0,0,0,1960,2052,2057,1820,-0.029999999,0.01,0.079999998,0,0,0
42.11,0,0,0,0,1960,2053,2056,1820,-0.039999999,-0.02,0.100000002,0,0,0
42.12,0,0,0,0,1962,2052,2056,1820,-0.159999996,-0.01,-0.159999996,0,0,0
42.13,0,0,0,0,1961,2052,2057,1820,-0.079999998,-0.02,-0.140000001,0,0,0
42.14,0,0,0,0,1961,2053,2056,1820,-0.07,0.02,0.100000002,0,0,0
42.15,0,0,0,0,1961,2052,2056,1821,-0.07,-0.059999999,-0.02,0,0,0
42.16,0,0,0,0,1961,2051,2056,1821,-0.050000001,0.029999999,-0.02,0,0,0
42.17,0,0,0,0,1961,2052,2057,1821,0,0.039999999,0.159999996,0,0,0
42.18,0,0,0,0,1961,2052,2056,1821,-0.039999999,-0.059999999,0.150000006,0,0,0
42.19,0,0,0,0,1962,2052,2057,1821,-0.050000001,-0.02,-0.029999999,0,0,0
42.2,0,0,0,0,1961,2053,2057,1821,0.050000001,0.029999999,0.239999995,0,0,0
42.21,0,0,0,0,1962,2052,2056,1822,0.050000001,0.029999999,0.170000002,0,0,0
42.22,0,0,0,0,1961,2052,2057,1821,-0.029999999,-0.07,-0.07,0.01,0,0
42.23,0,0,0,0,1961,2052,2057,1821,0,0.059999999,-0.07,0.01,0,0
42.24,0,0,0,0,1961,2052,2057,1821,0.039999999,0,0.050000001,0,0,0
42.25,0,0,0,0,1961,2051,2058,1820,-0.07,-0.039999999,-0.059999999,0,0,0
42.26,0,0,0,0,1960,2052,2056,1820,-0.039999999,0.01,-0.150000006,0,0,0
42.27,0,0,0,0,1961,2051,2056,1821,-0.01,0.059999999,0.07,0,0,0
42.28,0,0,0,0,1961,2051,2057,1820,-0.050000001,-0.059999999,-0.140000001,0,0,0
42.29,0,0,0,0,1960,2052,2057,1821,-0.090000004,-0.02,-0.150000006,0,0,0
42.3,0,0,0,0,1961,2052,2057,1821,-0.039999999,0.079999998,-0.01,0,0,0
42.31,0,0,0,0,1962,2052,2057,1820,-0.01,-0.039999999,0.100000002,0,0,0
42.32,0,0,0,0,1961,2053,2057,1820,-0.07,-0.02,-0.059999999,0,0,0
42.33,0,0,0,0,1962,2052,2057,1821,-0.01,0,-0.02,0,0,0
42.34,0,0,0,0,1962,2052,2057,1820,0,-0.01,0.129999995,0,0,0
42.35,0,0,0,0,1961,2053,2057,1821,-0.039999999,0,-0.02,0,0,0
42.36,0,0,0,0,1961,2053,2057,1821,-0.029999999,-0.01,-0.039999999,0.01,0,0
42.37,0,0,0,0,1962,2052,2057,1820,0,0.059999999,0.059999999,0,0,0
42.38,0,0,0,0,1961,2053,2057,1820,-0.079999998,-0.07,0.039999999,0,0,0
42.39,0,0,0,0,1962,2052,2056,1821,-0.079999998,-0.059999999,-0.100000002,0,0,0
42.4,0,0,0,0,1962,2052,2057,1820,0,0.050000001,0.07,0,0,0
42.41,0,0,0,0,1961,2053,2057,1821,-0.01,0,0.100000002,0,0,0
42.42,0,0,0,0,1961,2052,2057,1821,-0.129999995,-0.039999999,-0.159999996,0,0,0
42.43,0,0,0,0,1962,2052,2057,1821,-0.059999999,-0.01,-0.119999997,0,0,0
42.44,0,0,0,0,1961,2053,2057,1821,-0.039999999,0.029999999,0.140000001,0,0,0
42.45,0,0,0,0,1961,2052,2057,1821,-0.109999999,-0.07,0.01,0,0,0
42.46,0,0,0,0,1962,2052,2057,1820,-0.029999999,0.029999999,0,0,0,0
42.47,0,0,0,0,1961,2052,2057,1821,-0.02,0.059999999,0.150000006,0,0,0
42.48,0,0,0,0,1961,2052,2057,1821,-0.07,-0.029999999,0,0,0,0
42.49,0,0,0,0,1961,2052,2057,1820,-0.07,0.029999999,-0.07,0,0,0
42.5,0,0,0,0,1961,2052,2057,1821,0.029999999,0,0.159999996,0,0,0
42.51,0,0,0,0,1961,2053,2057,1821,-0.039999999,0.039999999,0.200000003,0,0,0
42.52,0,0,0,0,1962,2052,2057,1820,-0.079999998,-0.039999999,-0.189999998,0.01,0,0
42.53,0,0,0,0,1961,2053,2057,1821,-0.07,0.029999999,0.01,0.01,0,0
42.54,0,0,0,0,1962,2052,2057,1821,0.01,-0.050000001,0.02,0,0,0
42.55,0,0,0,0,1961,2053,2057,1820,-0.029999999,-0.100000002,-0.02,0,0,0
42.56,0,0,0,0,1961,2052,2057,1820,0.029999999,0.01,-0.109999999,0,0,0
42.57,0,0,0,0,1961,2053,2057,1821,0.050000001,0.01,0.129999995,0,0,0
42.58,0,0,0,0,1962,2052,2057,1820,0,-0.029999999,-0.119999997,0,0,0
42.59,0,0,0,0,1961,2052,2057,1821,-0.059999999,0,-0.170000002,0,0,0
42.6,0,0,0,0,1962,2052,2057,1820,0.039999999,0.079999998,0.189999998,-0.01,0,0
42.61,0,0,0,0,1961,2052,2057,1821,0.01,0,0.079999998,-0.01,0,0
42.62,0,0,0,0,1961,2052,2057,1820,-0.100000002,-0.02,-0.180000007,0,0,0
42.63,0,0,0,0,1961,2051,2057,1820,-0.039999999,0.07,-0.100000002,0,0,0
42.64,0,0,0,0,1961,2052,2057,1820,-0.050000001,-0.039999999,0.050000001,0,0,0
42.65,0,0,0,0,1960,2051,2057,1820,-0.109999999,-0.059999999,-0.109999999,0,0,0
42.66,0,0,0,0,1960,2051,2057,1820,-0.079999998,0.02,-0.100000002,0,0,0
42.67,0,0,0,0,1960,2052,2056,1820,0.01,-0.02,0.01,0,0,0
42.68,0,0,0,0,1960,2051,2057,1820,-0.07,-0.02,-0.090000004,0,0,0
42.69,0,0,0,0,1960,2051,2057,1820,-0.039999999,0,-0.189999998,0,0,0
42.7,0,0,0,0,1960,2052,2057,1820,0.029999999,0.100000002,0.129999995,-0.01,0,0
42.71,0,0,0,0,1961,2051,2057,1821,0,-0.02,0.129999995,-0.01,0,0
42.72,0,0,0,0,1960,2051,2057,1820,-0.050000001,0.02,-0.07,0,0,0
42.73,0,0,0,0,1960,2052,2057,1820,-0.02,0,-0.100000002,0,0,0
42.74,0,0,0,0,1961,2051,2057,1821,0,-0.079999998,0.150000006,0,0,0
42.75,0,0,0,0,1961,2052,2057,1820,-0.07,-0.02,-0.109999999,0,0,0
42.76,0,0,0,0,1961,2052,2056,1821,0,-0.050000001,0,0,0,0
42.77,0,0,0,0,1961,2052,2057,1821,-0.02,0.039999999,0.209999993,0,0,0
42.78,0,0,0,0,1961,2052,2057,1821,-0.07,-0.100000002,-0.02,0,0,0
42.79,0,0,0,0,1961,2052,2056,1822,-0.109999999,0.01,-0.07,0,0,0
42.8,0,0,0,0,1962,2052,2057,1821,0,0.01,0.140000001,0,0,0
42.81,0,0,0,0,1962,2053,2057,1821,0,-0.02,0.180000007,0,0,0
42.82,0,0,0,0,1961,2053,2056,1822,-0.050000001,0.059999999,-0.140000001,0,0,0
42.83,0,0,0,0,1962,2053,2057,1822,-0.029999999,0.059999999,-0.07,0,0,0
42.84,0,0,0,0,1962,2053,2057,1821,0.029999999,0.109999999,0.059999999,0,0,0
42.85,0,0,0,0,1962,2053,2057,1822,-0.07,0,0,0,0,0
42.86,0,0,0,0,1963,2053,2056,1821,-0.01,0.109999999,-0.02,0,0,0
42.87,0,0,0,0,1962,2054,2057,1821,-0.01,0.039999999,0.150000006,0,0,0
42.88,0,0,0,0,1962,2053,2056,1821,-0.07,-0.059999999,-0.079999998,0,0,0
42.89,0,0,0,0,1963,2053,2057,1822,-0.07,-0.07,-0.189999998,0,0,0
42.9,0,0,0,0,1962,2053,2057,1821,-0.02,-0.050000001,0.109999999,0,0,0
42.91,0,0,0,0,1962,2053,2057,1822,-0.050000001,-0.059999999,-0.039999999,0,0,0
42.92,0,0,0,0,1963,2053,2056,1821,-0.129999995,-0.029999999,-0.25,0,0,0
42.93,0,0,0,0,1962,2053,2057,1821,-0.029999999,0.02,-0.150000006,0,0,0
42.94,0,0,0,0,1962,2053,2057,1822,-0.050000001,0.01,0.090000004,0,0,0
42.95,0,0,0,0,1963,2053,2057,1821,-0.029999999,-0.050000001,-0.07,0,0,0
42.96,0,0,0,0,1963,2053,2057,1821,-0.039999999,0.119999997,-0.02,0,0,0
42.97,0,0,0,0,1961,2053,2057,1822,0.050000001,0.050000001,0.170000002,0,0,0
42.98,0,0,0,0,1962,2052,2057,1821,-0.059999999,-0.01,0.059999999,0,0,0
42.99,0,0,0,0,1962,2053,2057,1821,-0.039999999,0.039999999,-0.129999995,0,0,0
43,0,0,0,0,1962,2053,2056,1822,0.050000001,0,0.310000002,0,0,0
43.01,0,0,0,0,1963,2052,2057,1821,0.029999999,-0.079999998,0.180000007,0,0,0
43.02,0,0,0,0,1963,2052,2058,1821,-0.02,-0.079999998,-0.109999999,0,0,0
43.03,0,0,0,0,1961,2052,2057,1821,-0.01,-0.02,-0.029999999,0,0,0
43.04,0,0,0,0,1963,2052,2056,1821,-0.02,-0.119999997,0.02,0,0,0
43.05,0,0,0,0,1961,2053,2057,1820,-0.079999998,-0.109999999,-0.189999998,0,0,0
43.06,0,0,0,0,1961,2052,2057,1821,-0.01,0.02,-0.01,0,0,0
43.07,0,0,0,0,1962,2052,2057,1820,0,0,0.170000002,0,0,0
43.08,0,0,0,0,1961,2053,2058,1820,-0.109999999,0.050000001,-0.150000006,0,0,0
43.09,0,0,0,0,1961,2052,2057,1821,-0.129999995,0.119999997,-0.219999999,0,0,0
43.1,0,0,0,0,1962,2052,2057,1820,-0.029999999,0.059999999,0.170000002,0,0,0
43.11,0,0,0,0,1961,2053,2057,1820,-0.100000002,0.090000004,0.209999993,-0.01,0,0
43.12,0,0,0,0,1962,2053,2057,1821,-0.079999998,0,-0.100000002,0,0,0
43.13,0,0,0,0,1962,2052,2057,1821,-0.039999999,0.150000006,0.07,0,0,0
43.14,0,0,0,0,1962,2053,2058,1820,-0.059999999,-0.079999998,0.109999999,0,0,0
43.15,0,0,0,0,1961,2052,2056,1821,-0.140000001,-0.079999998,-0.079999998,0,0,0
43.16,0,0,0,0,1962,2052,2057,1820,0.02,-0.039999999,0,0,0,0
43.17,0,0,0,0,1962,2053,2057,1820,0.050000001,-0.039999999,0.259999991,0,0,0
43.18,0,0,0,0,1962,2053,2057,1821,-0.02,-0.119999997,-0.209999993,0,0,0
43.19,0,0,0,0,1963,2052,2057,1821,0.02,-0.07,-0.07,0,0,0
43.2,0,0,0,0,1962,2053,2058,1821,0.07,-0.02,0.090000004,0,0,0
43.21,0,0,0,0,1962,2053,2056,1822,-0.029999999,-0.029999999,0.119999997,0,0,0
43.22,0,0,0,0,1962,2052,2057,1821,-0.01,0.039999999,-0.129999995,0,0,0
43.23,0,0,0,0,1961,2053,2057,1820,-0.039999999,0.07,-0.02,0,0,0
43.24,0,0,0,0,1961,2053,2057,1821,-0.059999999,-0.02,0.01,0,0,0
43.25,0,0,0,0,1962,2052,2057,1820,-0.150000006,0.059999999,-0.189999998,0,0,0
43.26,0,0,0,0,1961,2053,2057,1820,-0.039999999,0.07,-0.119999997,0,0,0
43.27,0,0,0,0,1961,2053,2056,1821,-0.02,0.050000001,0.050000001,0,0,0
43.28,0,0,0,0,1962,2052,2057,1821,-0.109999999,0,-0.170000002,0,0,0
43.29,0,0,0,0,1961,2053,2057,1821,-0.01,-0.059999999,-0.219999999,0,0,0
43.3,0,0,0,0,1962,2053,2057,1821,0.039999999,0.01,0.140000001,0,0,0
43.31,0,0,0,0,1962,2052,2057,1821,0.01,-0.090000004,0.129999995,0,0,0
43.32,0,0,0,0,1962,2052,2057,1821,-0.02,0.01,-0.07,0,0,0
43.33,0,0,0,0,1961,2053,2057,1821,0.02,-0.01,0.029999999,0,0,0
43.34,0,0,0,0,1962,2052,2057,1821,-0.029999999,-0.039999999,0.129999995,0,0,0
43.35,0,0,0,0,1961,2053,2057,1821,-0.059999999,-0.07,-0.100000002,0,0,0
43.36,0,0,0,0,1962,2052,2056,1821,0,0.029999999,-0.01,0,0,0
43.37,0,0,0,0,1962,2053,2057,1820,0,0,0,0,0,0
43.38,0,0,0,0,1962,2053,2057,1821,-0.079999998,-0.100000002,-0.039999999,0,0,0
43.39,0,0,0,0,1962,2053,2056,1820,-0.07,0.050000001,-0.090000004,0,0,0
43.4,0,0,0,0,1962,2052,2057,1821,-0.02,0.01,0.109999999,0,0,0
43.41,0,0,0,0,1961,2053,2057,1821,-0.090000004,-0.01,0.100000002,0,0,0
43.42,0,0,0,0,1962,2053,2057,1821,-0.059999999,0.02,-0.100000002,0,0,0
43.43,0,0,0,0,1961,2053,2057,1821,-0.01,0.01,0.07,0,0,0
43.44,0,0,0,0,1962,2052,2057,1821,-0.07,0,0.02,0,0,0
43.45,0,0,0,0,1961,2053,2057,1821,-0.07,-0.050000001,-0.079999998,0,0,0
43.46,0,0,0,0,1962,2052,2057,1820,0.02,0.079999998,0.02,0,0,0
43.47,0,0,0,0,1961,2053,2057,1821,0.01,0.059999999,0.090000004,0,0,0
43.48,0,0,0,0,1962,2052,2057,1821,-0.050000001,-0.050000001,-0.150000006,0,0,0
43.49,0,0,0,0,1961,2053,2057,1821,0,0.039999999,-0.150000006,0,0,0
43.5,0,0,0,0,1962,2052,2057,1821,0.029999999,0,0.119999997,0,0,0
43.51,0,0,0,0,1961,2053,2057,1821,-0.039999999,-0.039999999,0.059999999,0,0,0
43.52,0,0,0,0,1961,2053,2057,1821,-0.01,-0.029999999,-0.090000004,0,0,0
43.53,0,0,0,0,1962,2052,2057,1821,0.02,0.02,0.029999999,0,0,0
43.54,0,0,0,0,1962,2053,2057,1820,-0.07,-0.100000002,0.029999999,0,0,0
43.55,0,0,0,0,1961,2053,2056,1821,-0.059999999,-0.07,-0.100000002,0,0,0
43.56,0,0,0,0,1962,2052,2057,1821,-0.01,0.029999999,0.039999999,0,0,0
43.57,0,0,0,0,1961,2053,2057,1821,-0.01,-0.02,0.050000001,0,0,0
43.58,0,0,0,0,1961,2053,2057,1821,-0.090000004,0.02,-0.180000007,0,0,0
43.59,0,0,0,0,1962,2052,2057,1821,-0.029999999,0.050000001,-0.159999996,0,0,0
43.6,0,0,0,0,1962,2053,2057,1820,-0.02,0.029999999,0.100000002,0,0,0
43.61,0,0,0,0,1961,2053,2057,1821,-0.02,0,0,0,0,0
43.62,0,0,0,0,1962,2052,2057,1821,-0.050000001,0.039999999,-0.039999999,0,0,0
43.63,0,0,0,0,1962,2053,2057,1821,-0.029999999,0.090000004,0.01,0,0,0
43.64,0,0,0,0,1961,2053,2057,1821,-0.100000002,-0.029999999,0.079999998,0,0,0
43.65,0,0,0,0,1962,2052,2056,1821,-0.150000006,-0.050000001,-0.02,0,0,0
43.66,0,0,0,0,1962,2053,2057,1820,-0.079999998,0,0.050000001,0,0,0
43.67,22,-13,18,-18,1961,2053,2056,1821,-0.039999999,-0.050000001,0.090000004,0,0,0
43.68,93,-101,87,-108,1962,2052,2056,1821,-0.150000006,-0.119999997,-0.150000006,0,0,0
43.69,13,-19,28,-39,1961,2052,2057,1820,-0.119999997,-0.039999999,-0.079999998,0,0,0
43.7,101,-98,79,-94,1959,2049,2056,1822,-0.050000001,0,0.059999999,0,0,0
43.71,117,-130,102,-72,1959,2046,2065,1825,5.309999943,-0.230000004,0.379999995,0,0.02,0.01
43.72,136,-73,81,-125,1954,2039,2074,1831,0.670000017,0.189999998,-2.619999886,-0.01,-0.039999999,0
43.73,10,-211,152,-390,1943,2025,2074,1843,9.390000343,0.300000012,-5.260000229,0,-0.02,0.01
43.74,373,-381,297,-48,1903,2013,2100,1883,4.159999847,0.660000026,-3.809999943,0.02,-0.119999997,-0.01
43.75,245,-192,148,-374,1883,2000,2118,1905,14.01000023,-2.829999924,-2.319999933,0,0,0.039999999
43.76,330,-376,485,-509,1853,1956,2140,1935,10.77999973,-0.159999996,-9.609999657,0.059999999,-0.07,0
43.77,646,-821,507,-295,1822,1949,2193,1978,-1.730000019,0.170000002,-10.34000015,-0.07,-0.07,-0.039999999
43.78,841,-1100,508,-949,1776,1921,2217,2020,4.590000153,-4.059999943,-5.760000229,0.059999999,-0.360000014,0.039999999
43.79,1065,-1655,625,-1293,1741,1905,2254,2067,4.329999924,1.190000057,-11.52999973,0.100000002,-0.389999986,0
43.8,1479,-2083,619,-1353,1734,1889,2285,2159,11.23999977,3.549999952,10.90999985,-0.090000004,-0.25,-0.01
43.81,1919,-2482,695,-1404,1713,1844,2321,2191,8.270000458,0.519999981,-0.01,0.219999999,-0.289999992,0
43.82,2310,-3176,873,-1406,1692,1822,2348,2219,12.77000046,4.78000021,22.32999992,-0.059999999,-0.079999998,-0.059999999
43.83,2813,-3723,667,-1583,1670,1810,2396,2236,9.25,0.699999988,13.23999977,0.219999999,-0.150000006,-0.050000001
43.84,3267,-4277,829,-1835,1636,1804,2407,2242,9.319999695,1.710000038,10.64000034,-0.189999998,0.01,-0.050000001
43.85,3779,-5108,1248,-2097,1627,1797,2408,2225,12.42000008,2.329999924,13.35000038,-0.090000004,-0.02,-0.100000002
43.86,4386,-5732,1204,-2345,1621,1778,2406,2213,5.110000134,-4.269999981,-4.579999924,-0.389999986,-0.039999999,-0.039999999
43.87,5030,-6451,1037,-2701,1606,1716,2386,2201,16.62000084,1.99000001,8.420000076,-0.200000003,0,-0.039999999
43.88,5690,-7150,969,-3179,1590,1687,2374,2177,8.25,-0.469999999,-5.760000229,-0.150000006,0.029999999,-0.109999999
43.89,6301,-7829,1389,-3817,1568,1686,2351,2148,10.17000008,-0.209999993,1.75999999,-0.029999999,0.239999995,-0.07
43.9,6886,-8622,1783,-4513,1529,1695,2327,2124,5.070000172,0.219999999,-15.43999958,0.02,0.029999999,-0.100000002
43.91,7469,-9471,1958,-5248,1524,1693,2317,2084,7.159999847,2.920000076,-14.36999989,-0.01,0.129999995,-0.079999998
43.92,8067,-10184,2159,-6008,1541,1688,2305,2069,11.18000031,-1.480000019,-3.630000114,0.079999998,0.07,-0.079999998
43.93,8560,-10904,2272,-6768,1558,1687,2293,2061,8.449999809,1.690000057,-3.059999943,0.07,0.059999999,-0.07
43.94,9237,-11378,2339,-7488,1558,1687,2274,2067,9.680000305,0.119999997,-0.200000003,0.129999995,0.230000004,-0.129999995
43.95,9869,-11745,2290,-8206,1566,1681,2263,2080,8.579999924,0.379999995,3.559999943,0.059999999,0.200000003,-0.119999997
43.96,10252,-11978,2343,-8756,1566,1681,2266,2086,7.960000038,-0.550000012,-9.5,0.029999999,0.029999999,-0.129999995
43.97,10605,-12292,2801,-9198,1581,1757,2273,2089,9.149999619,-0.150000006,0.790000022,-0.029999999,0.059999999,-0.119999997
43.98,11011,-12790,3345,-9771,1627,1823,2283,2100,9.409999847,-0.430000007,-4.730000019,-0.039999999,0,-0.129999995
43.99,11350,-13251,3305,-10188,1657,1812,2326,2112,10.82999992,0.280000001,1.779999971,-0.079999998,-0.029999999,-0.119999997
44,11553,-13707,2989,-10490,1655,1792,2357,2117,6.320000172,1.679999948,-4.170000076,-0.109999999,0.090000004,-0.150000006
44.01,11821,-13937,2559,-10686,1652,1773,2385,2143,7.329999924,1.129999995,-3.99000001,-0.100000002,0.090000004,-0.159999996
44.02,12247,-14090,2454,-10862,1663,1774,2395,2220,10.01000023,-0.769999981,-5.960000038,0.129999995,-0.170000002,-0.140000001
44.03,12560,-14139,2469,-11096,1657,1809,2396,2261,10.68999958,-0.819999993,-0.829999983,0.07,-0.07,-0.150000006
44.04,12714,-14467,2444,-11286,1652,1883,2396,2261,9.329999924,0.129999995,4.050000191,0.090000004,0.029999999,-0.159999996
44.05,12963,-14965,2450,-11505,1666,1886,2416,2280,9.239999771,-0.100000002,0.090000004,-0.039999999,-0.01,-0.159999996
44.06,13171,-15401,2518,-11802,1679,1847,2420,2273,12.09000015,-0.270000011,2.25999999,0.01,-0.059999999,-0.150000006
44.07,13402,-15524,2731,-12058,1647,1796,2417,2264,12.44999981,-1.320000052,1.669999957,0.07,-0.059999999,-0.150000006
44.08,13693,-15618,3168,-12280,1632,1773,2412,2250,10.5,0.74000001,5.480000019,0.039999999,0.100000002,-0.170000002
44.09,14113,-15927,2972,-12626,1621,1847,2410,2253,12.05000019,-0.209999993,5.840000153,0.029999999,0.189999998,-0.159999996
44.1,14423,-16378,2630,-13028,1607,1859,2412,2252,5.260000229,-0.389999986,-7.769999981,0.029999999,-0.07,-0.159999996
44.11,14760,-16977,2783,-13528,1607,1818,2383,2242,2.369999886,0.870000005,-6.929999828,-0.079999998,-0.079999998,-0.140000001
44.12,15123,-17311,3348,-14088,1614,1743,2364,2221,11.22999954,-1.980000019,-1.429999948,-0.01,-0.150000006,-0.079999998
44.13,15246,-17365,3737,-14373,1614,1691,2364,2195,9.409999847,-0.699999988,-4.699999809,0,-0.100000002,-0.079999998
44.14,15704,-17626,3874,-14992,1580,1701,2344,2112,10.51000023,0.200000003,8.739999771,-0.02,0.200000003,-0.119999997
44.15,15979,-18019,3705,-15278,1568,1774,2340,2092,12.59000015,1.889999986,5.679999828,0,0.119999997,-0.109999999
44.16,16148,-18429,3402,-15623,1569,1738,2319,2112,7.420000076,-3.079999924,-0.180000007,-0.050000001,0.100000002,-0.100000002
44.17,16400,-18487,3481,-16051,1592,1671,2311,2147,9.199999809,1.889999986,4.449999809,-0.029999999,0.189999998,-0.090000004
44.18,16608,-18373,3960,-16439,1613,1639,2312,2165,6.079999924,-2.349999905,-11.72000027,-0.109999999,-0.219999999,-0.090000004
44.19,16829,-18634,4188,-16559,1587,1681,2330,2110,9.880000114,0.150000006,-6.25,0.029999999,-0.07,-0.059999999
44.2,17004,-19167,3601,-16530,1563,1740,2339,2110,9.819999695,0.720000029,-4.849999905,0.029999999,-0.02,-0.090000004
44.21,16977,-19410,2843,-16442,1558,1705,2341,2151,11.75,0.600000024,-3.769999981,-0.01,0,-0.079999998
44.22,17118,-19169,3228,-16498,1598,1673,2341,2215,4.46999979,-0.769999981,-6.070000172,-0.01,0.02,-0.100000002
44.23,17250,-18759,3158,-16597,1630,1706,2352,2247,5.71999979,-1.440000057,-8.760000229,-0.029999999,0.129999995,-0.090000004
44.24,17297,-18689,3179,-16530,1601,1767,2364,2224,3.50999999,-4.489999771,-2.190000057,0.129999995,-0.239999995,-0.029999999
44.25,17209,-18808,3277,-16462,1576,1790,2369,2189,9.829999924,0.720000029,-12.30000019,-0.050000001,-0.050000001,-0.050000001
44.26,17157,-18472,3322,-16510,1590,1704,2371,2230,8.319999695,-1.669999957,5.75,-0.01,-0.219999999,0
44.27,17184,-18029,3348,-16785,1643,1729,2371,2271,13.48999977,-1.320000052,-5.010000229,0.07,-0.059999999,0.01
44.28,17284,-18164,3399,-16974,1680,1803,2385,2272,13.06000042,0.01,11.80000019,-0.02,0.039999999,0
44.29,17629,-18508,3498,-16791,1634,1841,2393,2231,16.71999931,0.540000022,7.099999905,0.059999999,0.100000002,0.059999999
44.3,17858,-18619,3495,-16350,1610,1816,2393,2200,10.26000023,0.829999983,1.889999986,-0.07,0.059999999,0.01
44.31,17922,-18578,3616,-16054,1624,1766,2392,2242,12.07999992,-0.819999993,5.199999809,0.029999999,0.189999998,0.050000001
44.32,17625,-18218,3533,-16070,1658,1827,2392,2266,8.31000042,0.100000002,-10.48999977,0.039999999,-0.119999997,0.039999999
44.33,17233,-17811,3573,-16145,1652,1864,2383,2249,9.050000191,1.269999981,-1.409999967,0,0,0.07
44.34,16768,-17676,4172,-16348,1610,1850,2368,2207,8.729999542,-0.180000007,-7.489999771,-0.01,-0.07,0.100000002
44.35,16285,-17033,4232,-16603,1577,1795,2360,2177,-2,-0.340000004,-13.22000027,-0.109999999,-0.029999999,0.090000004
44.36,16453,-16381,4548,-16760,1617,1762,2338,2190,6.059999943,1.120000005,-2.150000095,0.109999999,-0.119999997,0.170000002
44.37,16812,-16378,4582,-16896,1660,1840,2329,2215,3.900000095,-1.019999981,-13.03999996,0,-0.170000002,0.079999998
44.38,17187,-16583,3958,-16724,1671,1843,2327,2213,11.26000023,1.929999948,10.22999954,0.01,-0.090000004,0.119999997
44.39,17613,-16847,4052,-16192,1652,1804,2348,2180,10.46000004,1.309999943,-2.359999895,0.050000001,-0.189999998,0.109999999
44.4,17420,-17005,4493,-15683,1625,1753,2364,2174,11.06000042,0.899999976,16.44000053,-0.119999997,0.029999999,0.079999998
44.41,17162,-16826,4252,-15263,1640,1736,2376,2195,6.519999981,2.75,10.35999966,0.109999999,0.07,0.079999998
44.42,16731,-16608,4140,-15224,1643,1779,2374,2295,7.150000095,0.980000019,3.589999914,0.07,-0.140000001,0.109999999
44.43,16477,-16339,4798,-15223,1614,1850,2379,2304,5.329999924,3.230000019,-1.029999971,-0.029999999,-0.239999995,0.050000001
44.44,16633,-16109,4673,-15359,1575,1823,2375,2289,9.020000458,-3.119999886,1.090000033,-0.109999999,-0.159999996,0.159999996
44.45,16761,-15791,4367,-15360,1545,1774,2379,2265,17.68000031,0.810000002,1.590000033,-0.039999999,-0.170000002,0.170000002
44.46,17210,-15616,4781,-15348,1594,1768,2390,2271,11.73999977,0.239999995,7.929999828,-0.140000001,0.140000001,0.119999997
44.47,17716,-15845,4619,-15428,1617,1800,2409,2313,6.75,0.029999999,8.340000153,-0.059999999,0.170000002,0.140000001
44.48,17853,-16438,4423,-15513,1599,1834,2421,2307,6.110000134,1.649999976,-8.180000305,0.209999993,-0.170000002,0.180000007
44.49,17351,-16939,5125,-15438,1563,1818,2433,2288,9.06000042,2.059999943,-10.64000034,0.050000001,-0.180000007,0.119999997
44.5,16238,-16554,4670,-14705,1531,1773,2420,2274,9.930000305,-2.079999924,3.450000048,-0.119999997,-0.02,0.180000007
44.51,15744,-15258,4727,-13590,1567,1772,2401,2259,18.95999908,3.960000038,-0.419999987,0.200000003,0.079999998,0.230000004
44.52,15439,-14687,5234,-13137,1567,1772,2401,2270,18.37000084,4.159999847,9.350000381,0.02,0.280000001,0.119999997
44.53,15629,-13968,5776,-13099,1579,1874,2379,2277,9.020000458,1.450000048,12.71000004,0.050000001,0.239999995,0.200000003
44.54,16152,-14213,5487,-13509,1563,1846,2362,2251,9.479999542,4.21999979,-4.909999847,0.100000002,0.07,0.180000007
44.55,16327,-14561,5010,-13966,1551,1801,2349,2239,6.449999809,-2.180000067,-2.50999999,-0.039999999,-0.02,0.180000007
44.56,16696,-14911,5517,-13668,1579,1783,2347,2227,10.27999973,-1.580000043,-11.89999962,-0.25,-0.090000004,0.230000004
44.57,16803,-14851,5364,-12688,1643,1801,2362,2235,7.420000076,-0.370000005,-7.340000153,-0.109999999,-0.189999998,0.180000007
44.58,16365,-14333,5226,-11830,1608,1839,2384,2278,6.570000172,0.829999983,1.269999981,-0.02,-0.029999999,0.200000003
44.59,15963,-13464,5901,-11953,1567,1861,2405,2306,11.28999996,4.349999905,4.199999809,-0.059999999,-0.090000004,0.129999995
44.6,15638,-13191,5756,-12173,1543,1785,2417,2310,4.460000038,-3.049999952,2.420000076,-0.140000001,-0.119999997,0.140000001
44.61,15868,-13360,5453,-12079,1563,1759,2431,2319,17.28000069,1.850000024,-1.600000024,0.050000001,-0.059999999,0.180000007
44.62,16016,-13400,5863,-11965,1594,1759,2431,2319,15.56000042,-1.379999995,5.420000076,-0.050000001,-0.029999999,0.159999996
44.63,16850,-14115,6249,-11344,1584,1800,2441,2326,8.899999619,0,8.25,0.039999999,0.02,0.180000007
44.64,17458,-14781,5622,-11077,1561,1862,2445,2354,6.760000229,3.869999886,-4.5,0.150000006,-0.119999997,0.170000002
44.65,17465,-14693,5602,-10895,1561,1889,2461,2354,10.11999989,0.370000005,-7.570000172,-0.150000006,-0.180000007,0.150000006
44.66,17121,-14336,6216,-10410,1548,1798,2479,2362,10.72999954,-2.380000114,1.980000019,-0.100000002,-0.090000004,0.209999993
44.67,16673,-13314,6197,-10326,1568,1727,2484,2343,5.670000076,-2.230000019,-3.220000029,-0.079999998,-0.140000001,0.230000004
44.68,16122,-12650,6027,-10558,1583,1703,2448,2310,13.60000038,4.010000229,10.73999977,0.090000004,0.159999996,0.209999993
44.69,15754,-13052,6352,-10924,1578,1733,2448,2296,15.01000023,0.680000007,2.75999999,0.039999999,0.109999999,0.140000001
44.7,15886,-13397,6855,-11137,1578,1793,2448,2296,9.010000229,4.570000172,-1.649999976,0.029999999,0.180000007,0.090000004
44.71,16204,-14442,6832,-10715,1587,1857,2410,2266,17.05999947,2.039999962,1.429999948,-0.029999999,0.059999999,0.119999997
44.72,16681,-14356,6242,-10006,1619,1813,2393,2269,8.5,0.349999994,-2.589999914,-0.119999997,0.050000001,0.079999998
44.73,16978,-13732,6790,-9680,1625,1742,2390,2279,10.36999989,1.860000014,1.460000038,0,0.039999999,0.090000004
44.74,16902,-12672,7051,-9620,1594,1690,2400,2279,8.800000191,0.699999988,-5.940000057,0.029999999,-0.170000002,0.100000002
44.75,16728,-12299,6924,-9488,1577,1694,2405,2316,19.60000038,1.480000019,0.819999993,0.109999999,0.01,0.109999999
44.76,16249,-12533,6565,-9196,1577,1747,2413,2317,16.21999931,2.150000095,-3.910000086,0,0.079999998,0.039999999
44.77,16213,-13758,7133,-8980,1597,1850,2439,2317,16.96999931,-1.129999995,7.010000229,-0.059999999,0.25,0.140000001
44.78,16329,-13784,7235,-8643,1594,1838,2439,2323,9.010000229,1.539999962,-10.59000015,0.01,0.029999999,0.07
44.79,16628,-13118,6848,-8052,1591,1793,2511,2338,20.44000053,2.470000029,0.460000008,0.079999998,0.140000001,0.140000001
44.8,17174,-12792,6821,-7580,1589,1733,2511,2338,14.07999992,1.75999999,-7.760000229,0,0,0.079999998
44.81,17571,-12305,7600,-7397,1596,1713,2512,2364,6.570000172,-0.400000006,4.940000057,-0.01,0.319999993,0.100000002
44.82,17618,-12438,7254,-7380,1603,1808,2492,2364,6.920000076,-1.820000052,-15.02000046,0.07,-0.170000002,0.150000006
44.83,17179,-13493,7109,-7430,1610,1841,2466,2366,19.25,3.630000114,-11.05000019,0.140000001,-0.029999999,0.150000006
44.84,16701,-13359,7697,-7541,1608,1853,2466,2366,13.93000031,0.25,5.849999905,-0.100000002,0.109999999,0.079999998
44.85,16461,-12443,7476,-7610,1607,1833,2483,2355,9.199999809,3.079999924,6.210000038,-0.079999998,0.170000002,0.119999997
44.86,16336,-12395,7462,-7708,1640,1793,2467,2323,15.31000042,2.690000057,-2.349999905,-0.01,0,0.079999998
44.87,16527,-12764,8015,-7925,1654,1758,2468,2301,6.489999771,0.699999988,-2.5,-0.059999999,-0.01,0
44.88,16843,-13126,7742,-7558,1645,1798,2473,2301,9.569999695,-1.169999957,1.710000038,-0.050000001,0.100000002,0.02
44.89,17261,-13151,7621,-7986,1621,1851,2479,2301,19.63999939,3.700000048,6.480000019,0.109999999,0.100000002,-0.029999999
44.9,17536,-12280,8120,-8270,1607,1871,2476,2300,8.529999733,-0.150000006,0.360000014,-0.079999998,0.079999998,-0.129999995
44.91,17537,-11761,8044,-7602,1652,1830,2453,2313,10.92000008,-2.809999943,6.130000114,-0.02,0.090000004,-0.01
44.92,17654,-11665,7928,-8253,1674,1783,2453,2317,21.36000061,-0.239999995,-8.899999619,-0.050000001,-0.129999995,-0.07
44.93,17543,-12622,8347,-8563,1660,1755,2476,2340,1,0.600000024,-0.07,-0.300000012,-0.140000001,-0.140000001
44.94,17390,-13033,8090,-8114,1660,1755,2486,2340,3.619999886,-2.75999999,5.019999981,-0.039999999,0.079999998,-0.100000002
44.95,17296,-13134,8013,-7997,1631,1795,2484,2314,12.10999966,2.430000067,-2.450000048,-0.100000002,0.059999999,-0.200000003
44.96,17506,-12811,8708,-8707,1728,1815,2518,2315,4.75,-2.970000029,-1.480000019,-0.050000001,-0.140000001,-0.090000004
44.97,17713,-12365,8156,-8481,1735,1804,2541,2303,0.629999995,-3.039999962,-8.409999847,-0.109999999,-0.239999995,-0.079999998
44.98,17845,-12368,8193,-8163,1719,1772,2541,2303,17.37999916,-1.830000043,6.369999886,0.170000002,-0.100000002,-0.059999999
44.99,18009,-13207,8790,-8856,1708,1758,2545,2307,4.039999962,-4.989999771,-6.170000076,0.039999999,-0.340000004,-0.090000004
45,17710,-13046,8399,-8577,1695,1758,2549,2277,3.710000038,-0.959999979,12.68999958,-0.01,0.180000007,-0.150000006
45.01,17498,-12748,8379,-8252,1718,1809,2521,2270,27.04999924,-1.799999952,10.03999996,0.07,0.170000002,-0.100000002
45.02,17367,-11802,9035,-9008,1718,1809,2521,2270,10.44999981,-2.069999933,1.00999999,-0.100000002,0.180000007,-0.219999999
45.03,17363,-12194,8772,-8764,1730,1849,2517,2282,3.769999981,-3.579999924,12.30000019,-0.059999999,0.259999991,-0.129999995
45.04,17372,-12698,8624,-8489,1730,1849,2514,2279,13.34000015,-1.950000048,-16.53000069,0.029999999,-0.239999995,-0.090000004
45.05,17231,-13524,9218,-9086,1756,1793,2533,2285,1.480000019,-2.880000114,-14.47000027,-0.219999999,-0.239999995,-0.150000006
45.06,17658,-13781,8891,-8938,1796,1758,2533,2281,6.210000038,-3.980000019,2.230000019,-0.050000001,-0.129999995,-0.090000004
45.07,18011,-12637,8761,-8662,1800,1739,2538,2283,22.35000038,0.870000005,-1.24000001,0.039999999,-0.119999997,-0.090000004
45.08,18013,-12219,9493,-9324,1735,1767,2538,2290,14.59000015,-1.25999999,10.64000034,-0.059999999,0.219999999,-0.209999993
45.09,17958,-12070,9249,-9584,1719,1817,2546,2286,5.5,0.289999992,17.32999992,0.119999997,0.189999998,-0.109999999
45.1,17629,-12722,8872,-9107,1735,1877,2543,2287,10.17000008,-5.190000057,-6.820000172,0.180000007,0.01,-0.059999999
45.11,17298,-13164,9451,-9050,1758,1868,2538,2311,5.510000229,-2.170000076,-9.199999809,0.01,-0.090000004,-0.090000004
45.12,17275,-13082,9684,-9843,1752,1868,2519,2332,8.81000042,-5.590000153,-6.489999771,0.01,-0.109999999,0
45.13,17341,-12389,9054,-9392,1686,1797,2523,2337,11.63000011,3.609999895,-5.949999809,0.090000004,-0.159999996,0.02
45.14,17120,-11257,9473,-9204,1713,1802,2523,2339,22.56999969,0.340000004,12.64000034,-0.090000004,0.170000002,-0.02
45.15,17162,-11680,10183,-9875,1713,1844,2542,2324,1.909999967,-2.619999886,5.610000134,-0.119999997,0.07,0
45.16,17339,-12040,8576,-9816,1842,1928,2553,2311,0.270000011,2.24000001,9.880000114,-0.209999993,-0.090000004,0
45.17,17323,-12983,9795,-9510,1847,1942,2560,2301,22.64999962,-8.43999958,13.48999977,-0.189999998,0.029999999,0.01
45.18,17432,-12743,9623,-9907,1804,1942,2560,2284,-0.959999979,-3.400000095,-6.730000019,-0.090000004,-0.07,-0.090000004
45.19,17341,-12230,9037,-10271,1784,1925,2556,2277,16.32999992,1.590000033,12.52000046,0,0.340000004,0.07
45.2,17482,-12170,9746,-10117,1857,1921,2556,2277,8.199999809,0.600000024,-13.46000004,-0.029999999,0,-0.01
45.21,17694,-12440,9604,-9634,1876,1929,2515,2295,1.149999976,-2.049999952,-9.420000076,0.100000002,0.230000004,0.090000004
45.22,17752,-13021,9477,-10290,1853,1970,2502,2297,9.869999886,-2.069999933,-13.01000023,0.180000007,-0.100000002,0.200000003
45.23,17460,-12924,9685,-10729,1830,2062,2500,2295,-1.00999999,0.25,-10.63000011,-0.07,-0.180000007,0.119999997
45.24,16917,-12601,9700,-10960,1862,2047,2493,2278,9.409999847,-3.150000095,7.599999905,-0.059999999,-0.07,0.200000003
45.25,16691,-12561,9762,-10273,1881,2006,2493,2284,9.31000042,2.119999886,0.889999986,0.01,-0.150000006,0.150000006
45.26,16580,-12671,9857,-10377,1881,2006,2496,2284,6.789999962,0.910000026,5,-0.090000004,-0.059999999,0.170000002
45.27,16640,-13040,9856,-10706,1816,2044,2563,2340,4.820000172,4.980000019,-1.600000024,0.180000007,-0.200000003,0.140000001
45.28,16923,-12897,9873,-10040,1774,2075,2558,2367,3.569999933,4.139999866,6.159999847,0.200000003,-0.050000001,0.140000001
45.29,17145,-11315,10027,-10360,1767,2097,2500,2414,12.55000019,1.710000038,5.079999924,0.079999998,0.039999999,0.140000001
45.3,17379,-11008,10019,-10971,1830,2105,2500,2459,3.970000029,1.649999976,-0.400000006,-0.059999999,-0.109999999,0.140000001
45.31,17298,-11531,10078,-9620,1830,2082,2496,2477,7.579999924,0.119999997,-0.660000026,-0.189999998,0.02,0.200000003
45.32,16818,-11843,10193,-10344,1799,2066,2504,2444,13.68999958,0.569999993,0.709999979,-0.119999997,-0.07,0.209999993
45.33,16372,-12388,10112,-10531,1779,2068,2497,2400,-9.970000267,8.029999733,1.129999995,-0.039999999,-0.189999998,0.059999999
45.34,16095,-12500,10205,-9915,1795,2068,2466,2383,1.169999957,9.350000381,2.390000105,-0.01,0,0.090000004
45.35,16236,-11798,10235,-10355,1840,2122,2433,2374,5.949999809,2.75999999,4.880000114,0.140000001,-0.079999998,-0.02
45.36,16454,-11304,10208,-10386,1858,2177,2406,2363,1.330000043,3.069999933,5.420000076,0.079999998,0.079999998,-0.07
45.37,16703,-10823,10363,-10199,1854,2207,2368,2336,10.90999985,0.649999976,3.99000001,-0.029999999,0.100000002,-0.090000004
45.38,16548,-11032,10402,-10324,1862,2205,2331,2309,3.829999924,0.899999976,-2.329999924,-0.079999998,0.100000002,-0.129999995
45.39,15677,-11721,10448,-10326,1916,2155,2313,2275,5.909999847,0.310000002,-3.269999981,-0.25,0.219999999,-0.140000001
45.4,14880,-11738,10552,-10322,1987,2131,2372,2241,1.799999952,-1.279999971,-8.779999733,-0.270000011,-0.059999999,-0.159999996
45.41,14291,-10924,10538,-10377,2048,2109,2409,2202,-0.039999999,-2.089999914,-10.81000042,-0.189999998,0,-0.209999993
45.42,13886,-11213,10580,-10430,2062,2108,2409,2202,6.5,-1.929999948,-1.940000057,0.090000004,-0.100000002,-0.170000002
45.43,13788,-11794,10618,-10431,2076,2140,2462,2126,2.119999886,-3.680000067,-6.739999771,-0.039999999,-0.119999997,-0.259999991
45.44,13253,-11754,10627,-10475,2076,2192,2471,2129,7.230000019,-4.21999979,6.489999771,0.059999999,0.150000006,-0.280000001
45.45,12387,-10806,10798,-10449,2157,2196,2472,2129,6.900000095,-3.309999943,4.420000076,0,0,-0.319999993
45.46,12036,-10608,10834,-10468,2226,2125,2474,2149,5.639999866,-2.99000001,7.769999981,-0.059999999,0.129999995,-0.349999994
45.47,11810,-11211,10804,-10460,2275,2098,2513,2133,2.230000019,-5.130000114,4.21999979,-0.029999999,0.079999998,-0.379999995
45.48,11430,-12124,10934,-10381,2259,2088,2540,2064,0.680000007,-3.470000029,0.889999986,-0.159999996,-0.109999999,-0.409999996
45.49,11039,-12377,10945,-10493,2272,2068,2573,2064,7.96999979,-5.190000057,2.319999933,-0.079999998,-0.029999999,-0.479999989
45.5,11228,-11916,10903,-10502,2269,2057,2603,1977,5.309999943,-4.349999905,-3.349999905,-0.170000002,0.01,-0.5
45.51,11394,-11182,10939,-10537,2277,2050,2634,1937,5.849999905,-7.760000229,0.050000001,-0.180000007,0.01,-0.5
45.52,11247,-11569,10976,-10565,2279,2025,2623,1916,2.690000057,-9.06000042,-5.239999771,-0.090000004,0.050000001,-0.519999981
45.53,11146,-12307,11073,-10562,2313,1996,2615,1920,6.789999962,-7.53000021,-0.99000001,-0.100000002,0.07,-0.519999981
45.54,11256,-12630,11063,-10634,2309,1967,2619,1959,4.099999905,-8.279999733,-5.980000019,-0.01,-0.050000001,-0.519999981
45.55,11280,-12488,11038,-10676,2300,1949,2631,1975,4.360000134,-8.489999771,-2.359999895,0,-0.01,-0.419999987
45.56,11258,-12052,11047,-10795,2296,1968,2631,1975,4.599999905,-8.159999847,-2.190000057,0.150000006,-0.029999999,-0.379999995
45.57,11367,-11163,11004,-10854,2283,1996,2609,2012,5.619999886,-8.279999733,-2.799999952,0.100000002,-0.039999999,-0.25
45.58,11303,-11443,10959,-10949,2215,2018,2594,2012,5.400000095,-6.400000095,0,0.170000002,-0.01,-0.209999993
45.59,11071,-12291,10997,-11001,2200,2038,2595,1990,2.099999905,-5.179999828,-3.609999895,0.07,-0.029999999,-0.109999999
45.6,11282,-12254,11027,-11058,2200,2038,2581,2035,4.71999979,-5.579999924,1.129999995,0.109999999,-0.02,-0.079999998
45.61,11503,-11191,11043,-11019,2189,1980,2549,2046,0.879999995,-4.230000019,-1.129999995,0.129999995,-0.029999999,0
45.62,11312,-11154,11063,-11116,2176,1980,2525,2046,2.869999886,-2.940000057,5.309999943,0.07,-0.050000001,0.029999999
45.63,11102,-12031,11077,-11062,2169,2020,2517,2066,0.980000019,0.519999981,-2.680000067,0.129999995,-0.039999999,0.01
45.64,11387,-12160,11087,-11120,2160,2103,2513,2066,-0.680000007,0.829999983,5.929999828,0.050000001,-0.02,0.029999999
45.65,11652,-12625,11068,-11243,2157,2156,2515,2068,6.929999828,-1.080000043,-0.569999993,0.100000002,-0.02,0.059999999
45.66,11420,-12350,11100,-11210,2137,2184,2511,2058,0.569999993,-0.050000001,2.650000095,0.07,0.01,0.039999999
45.67,11229,-11185,11159,-11295,2137,2163,2495,2058,9.010000229,0.670000017,-2.640000105,0.02,0.07,0.02
45.68,11581,-11619,11217,-11245,2137,2148,2416,2100,3.069999933,1.409999967,-5.300000191,0.029999999,-0.07,0
45.69,11738,-12174,11214,-11183,2108,2168,2416,2137,-0.180000007,2.200000048,-6.130000114,0,0.039999999,0
45.7,11624,-12303,11294,-11349,2134,2218,2416,2137,-1.919999957,2.400000095,-3.180000067,0.129999995,-0.090000004,0
45.71,11465,-11984,11305,-11316,2191,2255,2392,2202,8.229999542,1.559999943,-7.46999979,-0.01,0,0.02
45.72,11700,-11781,11341,-11500,2225,2386,2403,2208,-0.100000002,3.299999952,-3.029999971,0.150000006,-0.090000004,-0.01
45.73,11778,-12079,11315,-11496,2209,2425,2412,2215,2.339999914,0.02,-10.90999985,-0.050000001,-0.029999999,0.01
45.74,11494,-12236,11360,-11536,2170,2422,2437,2225,-1.870000005,0.699999988,-1.629999995,0.239999995,-0.239999995,0.050000001
45.75,11638,-12366,11468,-11568,2141,2373,2443,2252,2.390000105,0.509999991,-19.71999931,0,-0.200000003,0.02
45.76,11957,-11637,11459,-11535,2135,2326,2426,2338,4.730000019,1.99000001,11.22999954,0.170000002,-0.200000003,0.07
45.77,11998,-11949,11501,-11591,2125,2303,2432,2355,7.400000095,0,-6.78000021,0.140000001,-0.109999999,0.109999999
45.78,11809,-12281,11554,-11557,2109,2374,2436,2345,8.5,4.539999962,14.85999966,0.050000001,0.029999999,0.07
45.79,11721,-12558,11515,-11689,2081,2393,2437,2345,8.340000153,3.299999952,10.06000042,0.140000001,0.150000006,0.07
45.8,11841,-12395,11554,-11714,2057,2379,2525,2335,7.889999866,1.320000052,3.059999943,-0.079999998,0,0.090000004
45.81,12024,-11477,11513,-11793,2046,2342,2525,2352,3.710000038,1.360000014,9.739999771,0.140000001,0,0.119999997
45.82,12400,-11993,11561,-11773,2046,2309,2556,2403,8.409999847,1.110000014,0.949999988,0,0.07,0.140000001
45.83,12602,-12444,11638,-11623,2030,2332,2428,2430,-0.310000002,7.070000172,7.349999905,0.129999995,0.050000001,0.07
45.84,12189,-12525,11613,-11819,2027,2362,2364,2415,-1.019999981,2.829999924,-1.029999971,-0.07,0.219999999,0.059999999
45.85,11900,-12625,11681,-11783,2044,2362,2357,2383,9.510000229,3.269999981,1.570000052,-0.100000002,0.189999998,0.100000002
45.86,12241,-12831,11701,-11825,2045,2414,2358,2346,-1.570000052,1.399999976,-3.450000048,-0.109999999,0,0.059999999
45.87,12269,-13170,11695,-11884,2043,2363,2366,2308,3.200000048,1.320000052,-7.53000021,-0.159999996,0.100000002,0.090000004
45.88,11846,-13333,11758,-11919,2043,2309,2366,2253,-3.089999914,2.460000038,-10.46000004,0,-0.25,0.090000004
45.89,12123,-13160,11802,-11930,2073,2272,2368,2265,2.170000076,2.220000029,-22.90999985,-0.029999999,-0.180000007,0.029999999
45.9,12384,-12953,11839,-11945,2045,2287,2341,2298,3.920000076,1.570000052,2.329999924,0.209999993,-0.029999999,0.079999998
45.91,12249,-12107,11868,-11988,2040,2318,2341,2326,4.320000172,0.860000014,-11.27000046,0.119999997,-0.029999999,0.079999998
45.92,12026,-12396,11956,-11999,2081,2344,2362,2335,6.449999809,3.400000095,11.31000042,0.059999999,0.029999999,0.059999999
45.93,12180,-12736,11962,-12018,2093,2348,2393,2322,2.140000105,2.190000057,2.400000095,0,0.029999999,0.07
45.94,12405,-12515,11917,-12132,2103,2356,2426,2315,3.25999999,3.410000086,10.68000031,-0.039999999,-0.090000004,0.039999999
45.95,12441,-12070,11949,-12103,2115,2313,2455,2315,4.340000153,2.950000048,4.099999905,0.079999998,-0.029999999,0.079999998
45.96,12379,-12446,12010,-12123,2116,2307,2424,2314,2.950000048,4.730000019,-1.850000024,0.050000001,-0.039999999,0.050000001
45.97,12123,-12769,12063,-12036,2105,2338,2402,2324,-0.579999983,3.700000048,-4.559999943,0.150000006,-0.050000001,0
45.98,12352,-12761,12067,-12154,2110,2393,2393,2344,0.449999988,3.309999943,1.669999957,0.059999999,0.029999999,0
45.99,12608,-13081,12116,-12171,2126,2416,2406,2325,5,-0.439999998,-2.190000057,-0.119999997,-0.02,0.029999999
46,12368,-13148,12124,-12228,2126,2410,2406,2325,0.449999988,-0.379999995,1.460000038,-0.039999999,-0.059999999,0.039999999
46.01,12171,-12667,12167,-12275,2135,2324,2470,2297,6.980000019,1.470000029,-6,-0.119999997,-0.039999999,0.059999999
46.02,12467,-12263,12153,-12339,2137,2324,2526,2310,1.909999967,1.350000024,-1.25,0,-0.119999997,0.029999999
46.03,12736,-13021,12145,-12286,2119,2311,2542,2340,2.619999886,1.279999971,-4.429999828,0.050000001,0,0.039999999
46.04,12617,-12902,12249,-12220,2105,2359,2542,2340,-1.460000038,1.120000005,0.959999979,0.219999999,-0.129999995,0.050000001
46.05,12521,-13086,12252,-12375,2113,2409,2437,2381,6.78000021,0.550000012,-7.079999924,0.039999999,-0.039999999,0.029999999
46.06,12646,-13228,12279,-12348,2109,2393,2441,2355,8.350000381,0.680000007,2.400000095,0.029999999,0,0.059999999
46.07,12722,-13374,12290,-12452,2096,2344,2453,2355,3.930000067,1.519999981,-2.420000076,-0.109999999,-0.039999999,0.090000004
46.08,12709,-13093,12308,-12464,2109,2306,2480,2305,9.020000458,-1.070000052,4.110000134,-0.129999995,0.050000001,0.109999999
46.09,12627,-12498,12347,-12501,2122,2290,2480,2296,9.010000229,1.519999981,5.96999979,0.029999999,0.029999999,0.109999999
46.1,12642,-13118,12385,-12480,2095,2307,2456,2322,6.53000021,0.959999979,2.559999943,0.02,0.100000002,0.07
46.11,12746,-13073,12414,-12441,2085,2359,2416,2322,-0.050000001,3.75,9.109999657,0.07,0.140000001,0.029999999
46.12,12909,-13172,12440,-12572,2108,2418,2396,2352,-0.100000002,0.150000006,-6.369999886,0,-0.029999999,0.039999999
46.13,12890,-13384,12479,-12543,2142,2398,2404,2331,3.609999895,1.340000033,-1.149999976,-0.129999995,-0.07,0.07
46.14,12659,-13214,12505,-12645,2155,2380,2418,2306,2.289999962,0.219999999,-6.360000134,-0.090000004,-0.119999997,0.079999998
46.15,12687,-12780,12498,-12697,2131,2369,2438,2295,2.529999971,0.150000006,-9.670000076,-0.119999997,-0.119999997,0.059999999
46.16,13021,-12895,12497,-12717,2116,2370,2443,2316,2.660000086,1.669999957,-1.100000024,0.159999996,-0.07,0.100000002
46.17,13169,-13242,12581,-12643,2109,2421,2424,2343,-0.850000024,1.139999986,-8.039999962,0.079999998,-0.129999995,0.090000004
46.18,13276,-13247,12630,-12733,2112,2437,2407,2343,3.460000038,4.130000114,8.109999657,0.25,0.029999999,0.07
46.19,13067,-13473,12656,-12783,2116,2416,2402,2386,7.889999866,-0.370000005,1.539999962,0.01,0,0.090000004
46.2,12727,-13522,12683,-12837,2074,2379,2419,2375,3.920000076,2.589999914,4.670000076,0.029999999,-0.01,0.090000004
46.21,12935,-12973,12699,-12867,2079,2346,2501,2362,4.610000134,1.25,0.870000005,-0.029999999,0.01,0.119999997
46.22,13291,-12774,12613,-12935,2096,2334,2536,2362,1.850000024,3.25,-2.769999981,0.02,-0.109999999,0.109999999
46.23,13514,-13483,12692,-12855,2095,2390,2519,2411,3.670000076,4.539999962,2.029999971,0.109999999,0.029999999,0.119999997
46.24,13404,-13376,12770,-12785,2085,2390,2519,2411,-0.239999995,4.989999771,-1.25,0.059999999,-0.029999999,0.079999998
46.25,12943,-13551,12780,-12915,2088,2441,2400,2411,6.53000021,0.769999981,-5.690000057,-0.07,0.039999999,0.090000004
46.26,13108,-13700,12844,-12881,2077,2416,2400,2385,6.949999809,3.369999886,-1.919999957,0.02,0,0.090000004
46.27,13323,-13780,12791,-12995,2116,2369,2427,2320,3.970000029,-0.239999995,-4.329999924,-0.129999995,0,0.100000002
46.28,13449,-13349,12831,-12989,2135,2324,2427,2320,6.579999924,-1.159999967,0.01,-0.119999997,0.119999997,0.109999999
46.29,13394,-12903,12893,-13029,2122,2333,2441,2296,7.360000134,1.50999999,1.940000057,-0.07,0.039999999,0.079999998
46.3,13043,-13667,12933,-12958,2086,2363,2441,2296,5.170000076,1.470000029,-1.700000048,0.039999999,0.039999999,0.029999999
46.31,13230,-13701,12986,-12994,2073,2376,2415,2314,4.210000038,1.970000029,9.199999809,0.029999999,0.129999995,-0.01
46.32,13509,-13650,13002,-13011,2079,2349,2398,2338,1.299999952,-0.189999998,-6.050000191,-0.109999999,0,-0.02
46.33,13483,-13226,13036,-13032,2103,2298,2409,2324,7.349999905,-1.820000052,2.75999999,-0.159999996,0.159999996,0.029999999
46.34,13164,-13551,13031,-13123,2164,2277,2430,2302,2.680000067,-0.100000002,-10.88000011,-0.159999996,-0.100000002,-0.01
46.35,13218,-13540,13030,-13058,2187,2353,2460,2278,1.429999948,2.059999943,-7.789999962,-0.050000001,0,-0.059999999
46.36,13358,-13397,13103,-13070,2178,2353,2460,2283,-0.259999991,1.340000033,-7.940000057,0.100000002,0,-0.090000004
46.37,13575,-13653,13137,-13127,2200,2465,2409,2293,4.449999809,-2.640000105,-8.840000153,-0.02,0.050000001,-0.050000001
46.38,13688,-13757,13145,-13106,2212,2439,2409,2293,2.180000067,-1.470000029,1.029999971,0.039999999,-0.07,-0.050000001
46.39,13396,-13538,13251,-13172,2216,2385,2400,2282,7.820000172,-1.330000043,-7.579999924,-0.119999997,-0.029999999,-0.02
46.4,13236,-13387,13246,-13224,2229,2317,2430,2277,6.400000095,-1.159999967,0.560000002,-0.01,-0.059999999,-0.050000001
46.41,13548,-13806,13193,-13265,2227,2346,2469,2259,5.869999886,-0.180000007,1.659999967,0.039999999,0.050000001,-0.059999999
46.42,13704,-13854,13203,-13242,2201,2403,2558,2269,-0.5,-1.539999962,-5.539999962,0,-0.100000002,-0.07
46.43,13805,-13968,13327,-13317,2184,2440,2558,2334,6.900000095,-1.419999957,1.870000005,0.079999998,0.07,-0.050000001
46.44,14111,-14092,13344,-13296,2197,2424,2544,2419,6.190000057,-0.600000024,-2.599999905,0,-0.150000006,-0.059999999
46.45,13771,-14001,13341,-13316,2187,2313,2553,2410,4.5,-0.360000014,-0.769999981,-0.159999996,-0.039999999,-0.02
46.46,13220,-13522,13399,-13424,2186,2313,2573,2369,8.399999619,-2.410000086,1.110000014,-0.180000007,0,-0.01
46.47,13742,-13800,13342,-13442,2186,2292,2608,2337,4.619999886,-0.140000001,2.589999914,-0.029999999,0.029999999,-0.01
46.48,13881,-13904,13286,-13373,2181,2342,2602,2333,3.849999905,-0.49000001,1.110000014,0.02,0.100000002,-0.02
46.49,13736,-14048,13424,-13415,2191,2386,2561,2342,5.440000057,2.660000086,6.429999828,0.129999995,0.159999996,-0.02
46.5,13587,-13830,13434,-13446,2194,2382,2512,2347,8.5,-0.239999995,-2.819999933,-0.039999999,0.100000002,-0.02
46.51,13659,-13550,13490,-13452,2178,2288,2490,2320,3.299999952,-1.149999976,2.140000105,-0.029999999,0.050000001,0
46.52,13808,-14054,13472,-13464,2187,2250,2490,2320,8.81000042,-0.519999981,-1.340000033,-0.07,0.079999998,0.01
46.53,14017,-14080,13421,-13526,2201,2265,2507,2249,1.159999967,1.5,6.380000114,0,0.059999999,0
46.54,13798,-13912,13430,-13568,2184,2311,2509,2232,4.25,0.400000006,-4.039999962,-0.059999999,0.189999998,0
46.55,13645,-13883,13567,-13534,2174,2345,2509,2231,6.800000191,-0.400000006,6.849999905,0,0.100000002,0
46.56,13824,-14063,13569,-13558,2167,2331,2449,2278,3.730000019,-0.479999989,-7.860000134,0.029999999,0.01,-0.029999999
46.57,14003,-14164,13591,-13579,2160,2223,2428,2278,2.109999895,-2.650000095,0.759999991,-0.039999999,0,0
46.58,13842,-13957,13605,-13648,2185,2223,2470,2271,2.450000048,-1.889999986,-6.860000134,-0.059999999,0.059999999,0.01
46.59,13891,-13864,13597,-13718,2206,2275,2470,2257,7.019999981,0.519999981,-1.549999952,-0.02,0.100000002,0.02
46.6,13861,-14137,13583,-13683,2176,2343,2487,2257,4.630000114,0.170000002,-3.960000038,0.079999998,0.050000001,-0.01
46.61,13999,-14209,13653,-13660,2182,2395,2484,2272,3.109999895,1.120000005,-0.49000001,0.059999999,0.100000002,0
46.62,14191,-14086,13688,-13753,2207,2360,2484,2272,4.079999924,0.759999991,-2.069999933,0.02,-0.01,0
46.63,14037,-13982,13741,-13732,2207,2321,2452,2299,5.730000019,-0.449999988,0.180000007,-0.01,0.039999999,0.02
46.64,13781,-14329,13791,-13771,2205,2321,2448,2286,5.179999828,0.860000014,-3.339999914,-0.01,-0.039999999,0.01
46.65,14043,-14366,13754,-13811,2203,2351,2468,2272,1.399999976,1.100000024,-1.669999957,-0.01,0.01,-0.01
46.66,14160,-14076,13662,-13904,2199,2413,2468,2272,0,0.74000001,-4.139999866,0.01,-0.02,-0.01
46.67,14284,-14327,13784,-13849,2201,2447,2529,2312,5.519999981,0.360000014,1.700000048,0.050000001,0.029999999,0.01
46.68,14385,-14415,13887,-13871,2205,2390,2491,2379,3.670000076,0.079999998,-1.080000043,0.02,-0.090000004,0
46.69,14073,-14273,13900,-13897,2190,2332,2512,2382,3.710000038,-0.479999989,-3.779999971,-0.109999999,-0.039999999,0.01
46.7,13874,-14194,13921,-13919,2180,2332,2528,2362,5.360000134,-0.01,-0.75,-0.029999999,-0.029999999,0.01
46.71,14223,-14414,13872,-14007,2187,2332,2528,2340,1.350000024,0.949999988,-1.179999948,-0.01,-0.029999999,0
46.72,14363,-14443,13799,-13971,2180,2381,2537,2340,1.090000033,-0.209999993,2.720000029,0.039999999,0.050000001,0.01
46.73,14222,-14221,13956,-13963,2180,2438,2553,2328,7.570000172,1.320000052,2.670000076,0.079999998,0.119999997,0.02
46.74,14124,-14202,13989,-13996,2194,2407,2547,2345,5.920000076,-0.100000002,0.639999986,-0.01,0.029999999,0.01
46.75,14192,-14549,13977,-14023,2214,2371,2442,2343,4.369999886,0,3.220000029,-0.050000001,0.079999998,0.01
46.76,14340,-14518,13995,-14033,2225,2375,2442,2343,2.140000105,-0.839999974,-3.180000067,-0.100000002,-0.050000001,0.01
46.77,14525,-14334,13961,-14146,2215,2415,2442,2324,3.430000067,-0.370000005,0.289999992,-0.029999999,-0.029999999,0.050000001
46.78,14355,-14272,13982,-14123,2199,2450,2451,2298,6.510000229,0.029999999,-3.75999999,0,0.02,0.029999999
46.79,14170,-14640,14064,-14105,2184,2399,2466,2269,6.050000191,0.560000002,1.820000052,-0.039999999,0,0.029999999
46.8,14374,-14627,14086,-14158,2170,2334,2407,2324,3.980000019,-0.119999997,-3.630000114,-0.02,0.02,0.02
46.81,14473,-14457,14104,-14190,2142,2334,2407,2347,1.5,-1.75999999,0.670000017,-0.079999998,0.029999999,0.050000001
46.82,14561,-14456,14185,-14227,2153,2288,2507,2348,4.900000095,-0.150000006,-3.99000001,0,-0.059999999,0.079999998
46.83,14482,-14668,14085,-14277,2141,2334,2542,2338,1.549999952,0.649999976,3.650000095,0.039999999,-0.029999999,0.059999999
46.84,14318,-14771,14074,-14264,2141,2377,2542,2344,2.720000029,2.539999962,1.899999976,0.02,0.07,0.059999999
46.85,14471,-14611,14182,-14245,2092,2347,2516,2348,2.910000086,1.350000024,2.059999943,0.029999999,0.079999998,0.029999999
46.86,14675,-14468,14161,-14294,2090,2304,2431,2344,1.25999999,-0.270000011,1.179999948,0.02,0.01,0.059999999
46.87,14554,-14818,14239,-14270,2132,2285,2431,2330,1.210000038,-0.159999996,-2.410000086,-0.050000001,0.059999999,0.079999998
46.88,14521,-14807,14251,-14323,2132,2322,2419,2330,2.950000048,1.679999948,-1.529999971,0.01,-0.039999999,0.090000004
46.89,14509,-14567,14155,-14416,2151,2397,2423,2313,1.870000005,2.519999981,-2.390000105,0.059999999,-0.050000001,0.07
46.9,14576,-14574,14164,-14404,2151,2461,2445,2279,4.360000134,1.809999943,3.359999895,0.01,0.090000004,0.090000004
46.91,14799,-14890,14299,-14378,2152,2478,2447,2274,3.519999981,1.320000052,1.519999981,0.039999999,0.059999999,0.090000004
46.92,14762,-14834,14306,-14402,2151,2394,2386,2313,0.99000001,1.230000019,0.340000004,0.01,0.01,0.079999998
46.93,14455,-14699,14400,-14426,2189,2373,2352,2322,2.74000001,1.950000048,-3.309999943,0,-0.050000001,0.07
46.94,14568,-14652,14378,-14501,2218,2414,2353,2322,5.929999828,2.170000076,1.669999957,-0.01,-0.050000001,0.090000004
46.95,14662,-14918,14298,-14570,2208,2519,2427,2315,0.01,1.919999957,2.390000105,0.050000001,-0.079999998,0.059999999
46.96,14786,-14953,14323,-14524,2201,2585,2467,2336,1.620000005,2.230000019,4.489999771,-0.01,0.050000001,0.090000004
46.97,14937,-14786,14477,-14536,2212,2520,2473,2336,2.720000029,0.790000022,4.230000019,0.039999999,-0.02,0.07
46.98,14818,-14782,14492,-14515,2215,2520,2433,2398,4.190000057,1.639999986,4.769999981,-0.029999999,0,0.059999999
46.99,14577,-15041,14520,-14523,2218,2430,2436,2388,2.160000086,2.25999999,1.139999986,-0.01,-0.059999999,0.02
47,14786,-14955,14521,-14595,2212,2480,2436,2388,4.340000153,0.259999991,2.349999905,-0.07,0.01,0.039999999
47.01,14894,-14852,14441,-14712,2204,2550,2513,2349,1.669999957,-0.07,6,0.039999999,-0.07,0.02
47.02,14916,-15062,14524,-14608,2218,2524,2541,2401,5.909999847,-1.039999962,4.849999905,0.029999999,0.109999999,0.029999999
47.03,14906,-15052,14646,-14557,2216,2449,2517,2426,3.430000067,-0.259999991,9.210000038,0,-0.039999999,0
47.04,14772,-15004,14616,-14613,2203,2399,2473,2404,5.860000134,0.039999999,4.849999905,-0.059999999,0.129999995,-0.01
47.05,14892,-14795,14632,-14615,2216,2414,2459,2365,3.279999971,1.470000029,7.559999943,-0.01,0.079999998,-0.029999999
47.06,15028,-15073,14603,-14708,2216,2414,2477,2321,4.440000057,-0.119999997,-2.440000057,-0.090000004,0.140000001,-0.02
47.07,14997,-15122,14599,-14715,2235,2534,2477,2284,2.809999943,1.820000052,7.150000095,-0.039999999,0.129999995,-0.029999999
47.08,14936,-15034,14718,-14672,2236,2534,2500,2276,3.039999962,1.74000001,-6.840000153,-0.039999999,0,-0.039999999
47.09,14973,-14978,14770,-14686,2234,2422,2440,2317,2.279999971,-1.580000043,-1.379999995,-0.01,-0.029999999,-0.050000001
47.1,14997,-15221,14751,-14679,2254,2407,2440,2312,1.940000057,-0.529999971,-3.440000057,0.01,-0.029999999,-0.059999999
47.11,15192,-15126,14756,-14756,2252,2444,2436,2268,1.639999986,-0.550000012,-2.529999971,-0.01,0,-0.059999999
47.12,15106,-15072,14726,-14864,2263,2506,2471,2268,0.330000013,-2.170000076,-3.410000086,-0.02,0.02,-0.050000001
47.13,15027,-15259,14784,-14823,2279,2509,2524,2282,5.929999828,-0.349999994,-3.230000019,-0.07,0.039999999,-0.039999999
47.14,15153,-15309,14881,-14826,2279,2447,2524,2282,2.119999886,1.200000048,-0.01,0.029999999,-0.129999995,-0.079999998
47.15,15159,-15192,14873,-14815,2255,2395,2527,2323,2.210000038,-2.460000038,-3.140000105,0.01,-0.059999999,-0.059999999
47.16,15165,-15073,14940,-14838,2285,2384,2518,2354,0.870000005,-1.549999952,-1.75999999,0,-0.109999999,-0.050000001
47.17,15111,-15339,14863,-14952,2273,2430,2563,2311,1.379999995,-0.430000007,-4.769999981,-0.02,0.02,-0.059999999
47.18,15136,-15438,14858,-14895,2252,2458,2585,2311,-0.910000026,-2.230000019,0.219999999,0.07,-0.170000002,-0.039999999
47.19,15369,-15445,14949,-14923,2231,2403,2616,2334,2.210000038,-0.639999986,-8.659999847,-0.029999999,-0.050000001,-0.07
47.2,15350,-15505,14921,-14930,2227,2348,2579,2383,2.470000029,-1.960000038,6.25,-0.02,-0.02,-0.039999999
47.21,15318,-15543,14997,-14923,2282,2333,2548,2402,2.230000019,-2.079999924,-2.700000048,-0.02,-0.02,-0.039999999
47.22,15261,-15357,15005,-14946,2282,2333,2548,2402,6.260000229,-1.629999995,6.139999866,0.029999999,0.039999999,-0.039999999
47.23,15267,-15099,14921,-15055,2261,2403,2568,2280,1.460000038,-1.279999971,-0.360000014,0.059999999,-0.029999999,-0.039999999
47.24,15450,-15505,14929,-14944,2263,2416,2581,2258,5.96999979,-1.429999948,7.090000153,0.090000004,0.029999999,-0.02
47.25,15429,-15447,15035,-14980,2276,2378,2491,2272,3.460000038,-1.539999962,7.840000153,0.090000004,0.029999999,-0.02
47.26,15319,-15386,15068,-15016,2291,2357,2439,2291,1.549999952,-1.75999999,4.639999866,-0.039999999,0.189999998,-0.050000001
47.27,15307,-15402,15091,-15052,2322,2383,2428,2287,4.050000191,-1.99000001,2.24000001,-0.01,0.059999999,-0.050000001
47.28,15383,-15572,15070,-15141,2305,2442,2457,2220,3.119999886,-0.129999995,-3.99000001,0,-0.029999999,-0.029999999
47.29,15499,-15702,15029,-15154,2288,2472,2497,2188,2.75,-2.450000048,1.019999981,0,-0.029999999,-0.029999999
47.3,15642,-15573,15148,-15139,2289,2389,2525,2217,2.609999895,-1.080000043,-5.690000057,0.029999999,0.01,-0.02
47.31,15408,-15403,15164,-15127,2285,2323,2494,2292,4.670000076,-2.410000086,-0.02,0.029999999,0.02,-0.01
47.32,15320,-15613,15203,-15138,2317,2306,2491,2347,0.959999979,-0.670000017,-3.809999943,0,0.079999998,-0.029999999
47.33,15381,-15543,15181,-15218,2327,2378,2515,2350,3.289999962,-0.319999993,-3.609999895,0,0.079999998,-0.029999999
47.34,15522,-15510,15118,-15323,2330,2479,2551,2284,-0.090000004,-0.970000029,0.119999997,0.029999999,-0.02,-0.039999999
47.35,15656,-15759,15159,-15215,2327,2482,2578,2296,3.49000001,-0.769999981,-1.74000001,0,0.01,0
47.36,15588,-15684,15299,-15233,2329,2440,2575,2340,0.790000022,1.279999971,-3.24000001,0.050000001,-0.119999997,-0.02
47.37,15478,-15495,15290,-15272,2342,2450,2518,2363,3.589999914,0.430000007,-3.74000001,0.029999999,-0.01,-0.01
47.38,15467,-15431,15334,-15305,2379,2528,2506,2347,2.400000095,-1.070000052,-3.859999895,0.050000001,-0.07,-0.02
47.39,15548,-15771,15293,-15432,2364,2621,2554,2299,0.670000017,-0.879999995,-7.610000134,-0.029999999,-0.050000001,-0.01
47.4,15710,-15754,15185,-15406,2349,2657,2627,2336,-0.930000007,-0.340000004,2.069999933,0.02,-0.180000007,0.01
47.41,15717,-15702,15344,-15346,2314,2512,2667,2381,2.390000105,1.169999957,-1.840000033,0.039999999,-0.150000006,0
47.42,15562,-15868,15384,-15390,2300,2490,2595,2420,4.860000134,0.629999995,7.010000229,0.01,-0.039999999,0
47.43,15618,-15729,15412,-15437,2339,2545,2580,2448,2.329999924,0.529999971,-0.75,0.01,-0.039999999,0
47.44,15631,-15639,15411,-15539,2345,2613,2604,2457,5.230000019,-2.25,7.130000114,-0.029999999,0,0.02
47.45,15741,-15841,15310,-15538,2321,2631,2643,2438,2.74000001,0.680000007,6.150000095,-0.079999998,-0.079999998,0.050000001
47.46,15839,-15855,15348,-15422,2317,2541,2671,2439,3.99000001,0.389999986,4.840000153,-0.059999999,0.029999999,0.050000001
47.47,15740,-15747,15439,-15477,2325,2495,2648,2430,4.71999979,1.5,6.099999905,-0.01,0.01,0.039999999
47.48,15804,-15733,15504,-15513,2344,2501,2495,2416,3.75999999,0.319999993,1.539999962,0.01,0.109999999,0.029999999
47.49,15629,-15949,15490,-15545,2290,2550,2511,2413,1.629999995,1.019999981,-0.569999993,-0.039999999,0.079999998,0
47.5,15730,-15999,15449,-15615,2241,2562,2549,2396,2,-0.409999996,-4.480000019,0.02,0.029999999,0.02
47.51,15959,-15956,15396,-15569,2209,2523,2576,2336,2.900000095,0.180000007,-0.819999993,0.02,0.029999999,0.02
47.52,15964,-15879,15531,-15519,2205,2356,2565,2350,1.950000048,-0.460000008,-2,0.02,0.039999999,0.039999999
47.53,16063,-15982,15547,-15545,2217,2311,2466,2380,2.420000076,1.50999999,-0.270000011,0.07,0.100000002,0.01
47.54,15907,-15919,15535,-15542,2226,2338,2454,2385,2.769999981,1.700000048,0.829999983,0.039999999,0.090000004,0
47.55,15673,-15989,15557,-15633,2171,2387,2464,2353,3.650000095,-0.349999994,-0.349999994,0.039999999,0.090000004,0
47.56,15859,-16231,15483,-15649,2155,2398,2490,2246,4.659999847,0.899999976,-0.449999988,-0.02,0.059999999,0
47.57,16008,-16097,15541,-15582,2167,2358,2492,2233,1.49000001,2.140000105,-0.879999995,-0.02,0.059999999,0
47.58,15998,-15864,15636,-15597,2204,2315,2457,2242,4.619999886,-0.889999986,-2.930000067,-0.059999999,0.109999999,0
47.59,16068,-16032,15673,-15597,2264,2394,2389,2242,4.650000095,1.019999981,-0.579999983,-0.059999999,0.109999999,0
47.6,15925,-16130,15675,-15678,2280,2486,2389,2208,2.089999914,-0.629999995,-5.360000134,-0.029999999,0.090000004,-0.01
47.61,15905,-16136,15628,-15751,2277,2508,2426,2161,4.409999847,-0.330000013,-3.25999999,-0.090000004,0.01,-0.01
47.62,16117,-15967,15634,-15691,2274,2460,2466,2166,3.180000067,-1.25999999,-3.730000019,0.059999999,-0.02,-0.029999999
47.63,16057,-15999,15738,-15718,2309,2417,2485,2237,0.360000014,-2.289999962,-0.829999983,0.059999999,-0.02,-0.029999999
47.64,16049,-16072,15816,-15716,2394,2500,2476,2297,2.099999905,0.800000012,-1.059999943,-0.02,0,-0.100000002
47.65,16020,-16068,15832,-15819,2503,2625,2516,2326,1.549999952,0.540000022,2.440000057,-0.02,0,-0.100000002
47.66,16068,-16127,15813,-15892,2584,2724,2580,2322,2.900000095,-1.929999948,1.049999952,-0.029999999,-0.140000001,-0.07
47.67,16131,-16218,15750,-15809,2546,2738,2645,2317,0.839999974,0.769999981,1.129999995,-0.029999999,-0.140000001,-0.07
47.68,16145,-16114,15864,-15841,2525,2678,2680,2366,3.690000057,-1.429999948,2.519999981,0.100000002,-0.100000002,-0.050000001
47.69,16244,-15932,15903,-15851,2571,2659,2662,2413,4.539999962,-0.75,2.50999999,0.100000002,-0.100000002,-0.050000001
47.7,16072,-16264,15952,-15845,2606,2734,2695,2434,3.440000057,0.059999999,5.929999828,-0.029999999,0.079999998,-0.050000001
47.71,16017,-16211,15956,-16026,2594,2770,2803,2432,6.739999771,-1.480000019,7.630000114,-0.029999999,0.079999998,-0.050000001
47.72,16125,-16244,15867,-16061,2555,2735,2803,2432,1.299999952,-1.820000052,3.059999943,-0.119999997,-0.02,-0.059999999
47.73,16215,-16246,15885,-15809,2539,2656,2878,2536,2.940000057,-1.49000001,7.329999924,-0.079999998,0.050000001,-0.029999999
47.74,16316,-16238,15964,-15909,2572,2607,2797,2543,1.899999976,-2.349999905,-3.019999981,-0.129999995,0.02,-0.029999999
47.75,16208,-16185,15941,-15959,2573,2672,2707,2509,2.630000114,-0.509999991,0.839999974,-0.129999995,0.02,-0.029999999
47.76,16056,-16370,16004,-16018,2538,2672,2700,2452,2.75999999,-1.389999986,-6.369999886,-0.170000002,0.07,-0.02
47.77,16181,-16552,15844,-16014,2445,2616,2727,2400,2.269999981,-1.789999962,-5.130000114,-0.170000002,0.07,-0.02
47.78,16298,-16376,15914,-15944,2427,2513,2720,2361,-0.769999981,-1.620000005,-2.319999933,0.07,0,0
47.79,16364,-16402,16019,-15959,2437,2436,2673,2359,0.02,-0.939999998,-7.909999847,0.07,0,0
47.8,16420,-16416,15999,-15965,2442,2485,2607,2353,1.580000043,0.99000001,1.299999952,0.07,-0.079999998,-0.01
47.81,16433,-16327,16045,-16055,2441,2495,2572,2320,3.460000038,-0.829999983,-7.420000076,0.07,-0.079999998,-0.01
47.82,16314,-16343,16079,-16120,2441,2495,2567,2276,6.619999886,-0.569999993,5.71999979,0.029999999,0.050000001,0
47.83,16312,-16537,15962,-16044,2322,2432,2596,2257,4.25,-2.299999952,-0.379999995,0.090000004,0.01,0.01
47.84,16489,-16424,16094,-16075,2310,2390,2566,2302,2.700000048,0.230000004,3.140000105,-0.01,0.07,-0.029999999
47.85,16564,-16354,16148,-16097,2321,2390,2513,2308,3.940000057,0.579999983,8.279999733,-0.01,0.07,-0.029999999
47.86,16466,-16572,16169,-16129,2319,2450,2500,2283,1.809999943,-0.460000008,-6.320000172,-0.090000004,-0.039999999,-0.029999999
47.87,16378,-16710,16147,-16223,2302,2431,2634,2252,2.50999999,1.159999967,0.150000006,-0.180000007,-0.050000001,-0.029999999
47.88,16308,-16467,16019,-16179,2284,2379,2690,2254,3.180000067,-2.170000076,-8.659999847,0.140000001,-0.02,-0.02
47.89,16503,-16310,16178,-16126,2339,2361,2661,2313,2.869999886,-0.540000022,-0.720000029,0.140000001,-0.02,-0.02
47.9,16589,-16510,16199,-16127,2379,2410,2578,2369,2.230000019,0.439999998,2.140000105,0.050000001,0.090000004,-0.039999999
47.91,16485,-16466,16190,-16186,2370,2529,2539,2331,-0.779999971,-0.119999997,-4.190000057,-0.039999999,0.079999998,-0.050000001
47.92,16493,-16569,16261,-16254,2370,2529,2539,2331,3.339999914,-0.239999995,2.900000095,-0.100000002,0.050000001,-0.029999999
47.93,16589,-16704,16099,-16251,2367,2462,2632,2277,3.180000067,-2.069999933,-2.49000001,-0.039999999,0.01,-0.01
47.94,16564,-16471,16284,-16254,2435,2439,2620,2306,1.960000038,-1.99000001,4.900000095,0.079999998,0.029999999,-0.039999999
47.95,16524,-16382,16315,-16286,2451,2490,2581,2355,4.619999886,0.200000003,5.659999847,0.079999998,0.029999999,-0.039999999
47.96,16484,-16687,16301,-16312,2439,2584,2566,2369,1.24000001,-0.360000014,-2.75,0.039999999,0.050000001,-0.039999999
47.97,16645,-16679,16301,-16422,2433,2647,2577,2337,3.25,0.100000002,0.170000002,-0.090000004,0.039999999,-0.029999999
47.98,16580,-16623,16189,-16365,2446,2595,2650,2322,0.610000014,-2.170000076,-3.230000019,0.039999999,0.050000001,0.01
47.99,16642,-16655,16349,-16304,2465,2581,2647,2343,2.140000105,-1.019999981,-1.070000052,0.039999999,0.050000001,0.01
48,16671,-16677,16388,-16351,2600,2636,2607,2367,0.560000002,0.779999971,-2.730000019,-0.029999999,-0.129999995,-0.029999999
48.01,16589,-16607,16388,-16422,2605,2745,2593,2357,-0.449999988,0.180000007,-8.25,-0.029999999,-0.129999995,-0.029999999
48.02,16737,-16848,16424,-16513,2560,2816,2612,2362,3.619999886,-0.610000014,3.720000029,-0.039999999,-0.170000002,-0.01
48.03,16694,-16882,16307,-16453,2511,2686,2660,2364,0.310000002,-2.789999962,-1.870000005,-0.039999999,-0.170000002,-0.01
48.04,16759,-16647,16442,-16467,2490,2623,2715,2390,0.790000022,-0.270000011,7.630000114,0.129999995,-0.039999999,-0.01
48.05,16771,-16598,16525,-16457,2507,2637,2682,2430,3.059999943,-0.159999996,1.279999971,0.129999995,-0.039999999,-0.01
48.06,16655,-16804,16523,-16524,2487,2679,2697,2448,1.929999948,1.879999995,5.190000057,0.159999996,-0.02,-0.029999999
48.07,16699,-16864,16485,-16623,2450,2683,2726,2463,4.75,2.24000001,3.5,0.01,0.029999999,-0.050000001
48.08,16784,-16778,16376,-16497,2416,2547,2728,2446,1.529999971,-0.790000022,2.210000038,0.01,0.129999995,0
48.09,16789,-16798,16477,-16502,2408,2532,2712,2430,3.75,-0.02,2.190000057,0.01,0.129999995,0
48.1,16847,-16841,16519,-16489,2434,2588,2585,2427,-1.019999981,-0.519999981,-7.929999828,-0.029999999,-0.039999999,-0.029999999
48.11,16774,-16854,16548,-16523,2433,2625,2515,2405,0.699999988,0.270000011,-6.860000134,-0.029999999,-0.039999999,-0.029999999
48.12,16684,-16928,16556,-16551,2433,2599,2515,2405,2.789999962,-0.959999979,-1.830000043,-0.090000004,-0.079999998,0
48.13,16737,-17028,16409,-16578,2380,2528,2542,2256,-0.370000005,-2.039999962,-10.64000034,-0.159999996,-0.170000002,0.01
48.14,16886,-16921,16504,-16593,2396,2476,2566,2258,3.059999943,-1.690000057,1.25,0.200000003,-0.01,0.039999999
48.15,16932,-16775,16603,-16607,2480,2561,2478,2301,5.360000134,-1.50999999,-1.99000001,0.200000003,-0.01,0.039999999
48.16,16858,-16984,16609,-16628,2520,2645,2456,2324,3,0.74000001,7.610000134,-0.07,0.07,0.01
48.17,16839,-17154,16611,-16722,2380,2631,2481,2313,5.300000191,0.119999997,6.409999847,-0.07,0.07,0.01
48.18,16811,-17017,16506,-16739,2297,2532,2528,2285,0.389999986,2.400000095,-4.840000153,0.109999999,0.039999999,0.050000001
48.19,16986,-16894,16592,-16681,2296,2443,2566,2321,3.049999952,0.300000012,-4.849999905,0.109999999,0.039999999,0.050000001
48.2,17083,-17042,16733,-16690,2341,2516,2555,2371,0.49000001,1.799999952,-10.05000019,0.119999997,-0.150000006,0.050000001
48.21,16944,-17010,16703,-16792,2349,2570,2583,2404,-0.310000002,1.350000024,-7.849999905,-0.01,-0.059999999,0.02
48.22,17008,-17118,16670,-16832,2262,2545,2593,2442,3.210000038,-0.829999983,1.850000024,-0.109999999,-0.039999999,0.039999999
48.23,17038,-17126,16637,-16766,2262,2486,2593,2428,1.580000043,-0.730000019,-2.5,-0.109999999,-0.039999999,0.039999999
48.24,17074,-16918,16692,-16782,2305,2482,2566,2364,3.470000029,0.039999999,4.739999771,0.079999998,0.109999999,0.029999999
48.25,17072,-16966,16761,-16767,2356,2625,2530,2369,6.159999847,1.460000038,1.090000033,0.079999998,0.109999999,0.029999999
48.26,16939,-17108,16777,-16773,2365,2635,2482,2366,1.649999976,1.75999999,3.819999933,-0.109999999,0.150000006,-0.01
48.27,17017,-17111,16793,-16868,2351,2587,2497,2343,5.380000114,2.160000086,1.360000014,-0.109999999,0.150000006,-0.01
48.28,17075,-17134,16667,-16821,2375,2540,2531,2307,1.159999967,0.579999983,-8.619999886,0.079999998,0.059999999,0
48.29,17133,-17027,16796,-16829,2451,2547,2549,2333,1.25999999,0.949999988,-4.670000076,0.079999998,0.059999999,0
48.3,17115,-16993,16884,-16828,2518,2623,2533,2395,1.49000001,0.469999999,-5.809999943,-0.059999999,-0.07,-0.059999999
48.31,17060,-17210,16867,-16829,2526,2730,2515,2411,1.159999967,0.970000029,-4.739999771,-0.059999999,-0.07,-0.059999999
48.32,17118,-17221,16913,-16946,2496,2681,2559,2377,2.390000105,-1.720000029,1.129999995,-0.170000002,-0.150000006,-0.039999999
48.33,17145,-17177,16779,-16919,2461,2621,2629,2348,0.389999986,-2.799999952,-5.909999847,-0.170000002,-0.150000006,-0.039999999
48.34,17165,-17014,16890,-16872,2506,2615,2684,2359,1.730000019,-2.700000048,4.050000191,0.050000001,-0.01,-0.050000001
48.35,16986,-17045,16956,-16834,2522,2678,2685,2443,2.670000076,-0.620000005,4.579999924,0.050000001,-0.01,-0.050000001
48.36,16967,-17045,16841,-16869,2517,2724,2678,2455,2.25999999,-0.930000007,5.210000038,0.029999999,0.050000001,-0.059999999
48.37,17048,-17061,16853,-16905,2503,2666,2672,2437,2.059999943,0.270000011,5.570000172,0.029999999,0.050000001,-0.059999999
48.38,16918,-17048,16598,-16710,2496,2633,2675,2409,-2.5,-1.389999986,2.609999895,0.039999999,0.150000006,-0.02
48.39,16677,-16666,16501,-16596,2531,2681,2650,2400,-2.170000076,0.839999974,-1.480000019,0.039999999,0.150000006,-0.02
48.4,16116,-15766,16495,-16471,2534,2754,2578,2403,-2.890000105,-0.129999995,-1.419999957,-0.129999995,0.050000001,-0.02
48.41,15868,-15487,16519,-16275,2530,2763,2495,2313,-4.880000114,-0.430000007,-0.170000002,-0.129999995,0.050000001,-0.02
48.42,15901,-15305,16394,-16107,2530,2763,2495,2313,-10.26000023,0.159999996,2.319999933,-0.140000001,0.109999999,-0.029999999
48.43,15844,-15408,15621,-15305,2530,2583,2412,2128,-20.13999939,-3.700000048,0.649999976,-0.119999997,0.189999998,0.01
48.44,16034,-16187,14525,-14657,2574,2662,2321,2042,-14.72999954,-3.849999905,0.270000011,0.119999997,0.219999999,0.01
48.45,15928,-15820,13076,-13331,2716,2787,2177,1973,-21.25,2.25999999,1.539999962,0.119999997,0.219999999,0.01
48.46,15729,-15483,12269,-12683,2716,2787,2177,1973,-13.52999973,4.050000191,3.25999999,0.200000003,0.389999986,-0.01
48.47,15060,-15399,10284,-10151,2773,2915,1862,1770,-5.829999924,-2.950000048,0.99000001,-0.02,0.150000006,0.029999999
48.48,14540,-15075,8933,-8543,2721,2843,1777,1693,-15.39000034,3.329999924,-5.900000095,0.159999996,-0.090000004,0.059999999
48.49,13713,-14998,7409,-7075,2698,2824,1746,1616,-5.480000019,-0.039999999,-2.829999924,0.159999996,-0.090000004,0.059999999
48.5,12747,-14952,5758,-5760,2681,2845,1752,1562,-18.48999977,1.809999943,-11.34000015,-0.029999999,0.07,0.029999999
48.51,11816,-14560,4296,-4602,2634,2891,1748,1542,-12.81999969,5.550000191,2.5,-0.029999999,0.07,0.029999999
48.52,10678,-14246,2864,-3556,2597,2901,1748,1573,-14.64000034,1.389999986,-1.220000029,0.129999995,0.029999999,0.050000001
48.53,9177,-14238,1391,-2556,2578,2809,1741,1612,-16.59000015,0.899999976,-3.170000076,0.129999995,0.029999999,0.050000001
48.54,7772,-13973,-9,-1438,2567,2783,1721,1626,-17.79000092,0.469999999,-0.519999981,0.01,0.050000001,0.029999999
48.55,6315,-13991,-29,-258,2580,2804,1700,1611,-13.14000034,2.00999999,-2.170000076,0.01,0.050000001,0.029999999
48.56,5575,-13930,172,137,2580,2804,1679,1611,-18.44000053,3.900000095,2.099999905,0.029999999,0.079999998,0
48.57,3278,-13133,-78,-79,2595,2884,1660,1562,-10.03999996,2.160000086,1.850000024,-0.02,0.140000001,0
48.58,1752,-12916,19,-19,2601,2864,1660,1549,-21.82999992,1.649999976,-2.319999933,0,0.07,-0.07
48.59,22,-12682,-4,5,2601,2802,1661,1538,-15.72999954,0.090000004,-4.53000021,0,0.07,-0.07
48.6,-52,-12741,3,-3,2597,2784,1674,1530,-24.31999969,0.810000002,-8.109999657,0.129999995,0,-0.090000004
48.61,75,-13061,0,6,2606,2795,1686,1533,-19.61000061,1.129999995,-10.39000034,0.129999995,0,-0.090000004
48.62,-10,-13581,0,-8,2623,2830,1695,1543,-16.62999916,4.059999943,-6.96999979,-0.129999995,-0.059999999,0
48.63,6,-13710,2,1,2623,2864,1695,1561,-18.73999977,1.429999948,-9.729999542,0.180000007,0.090000004,-0.090000004
48.64,-4,-14114,2,-9,2605,2855,1732,1581,-9.93999958,1.49000001,8.989999771,0,-0.119999997,-0.150000006
48.65,-5,-14156,0,7,2625,2850,1758,1585,-16.79000092,0.519999981,-2.549999952,0,-0.119999997,-0.150000006
48.66,3,-13954,3,-5,2685,2826,1797,1610,-8.949999809,4.53000021,11.19999981,0.180000007,-0.090000004,-0.189999998
48.67,-3,-14020,-1,3,2697,2859,1818,1622,-12.78999996,0.300000012,3.230000019,0.180000007,-0.090000004,-0.189999998
48.68,0,-13694,-1,-3,2669,2896,1850,1623,-6.789999962,3.25999999,8.819999695,0.109999999,-0.079999998,-0.209999993
48.69,-5,-13549,0,0,2639,2907,1886,1626,-8.5,-0.560000002,8.729999542,0.109999999,-0.079999998,-0.209999993
48.7,4,-13625,45,1,2625,2797,1903,1632,-8.369999886,0.99000001,6.360000134,0.039999999,-0.07,-0.200000003
48.71,-6,-13492,175,-3,2615,2725,1912,1634,-8.420000076,-0.189999998,8.739999771,0.039999999,-0.07,-0.200000003
48.72,7,-13443,452,3,2598,2672,1941,1639,-10.43999958,0.839999974,-0.289999992,0.100000002,0.079999998,-0.189999998
48.73,-7,-13379,446,-42,2570,2665,1976,1641,-8.180000305,-0.460000008,9.199999809,0.100000002,0.079999998,-0.189999998
48.74,5,-13200,130,-193,2566,2697,1974,1679,-13.82999992,0.860000014,-4,0.129999995,0.140000001,-0.230000004
48.75,-2,-13019,-45,69,2566,2734,1952,1679,-10.64999962,0.25,5.699999809,0.129999995,0.140000001,-0.230000004
48.76,0,-13039,-2,18,2568,2709,1911,1652,-14.72000027,1.960000038,-7.699999809,0.090000004,0,-0.25
48.77,0,-12927,-2,-3,2562,2666,1840,1612,-10.94999981,1.090000033,-7.940000057,0.090000004,0,-0.25
48.78,3,-12881,2,0,2565,2638,1805,1574,-8.619999886,0.259999991,-3.329999924,-0.079999998,0.170000002,-0.219999999
48.79,-6,-12860,1,0,2579,2633,1772,1533,-8.68999958,-0.02,-1.059999943,-0.079999998,0.170000002,-0.219999999
48.8,8,-12710,-2,0,2579,2662,1745,1489,-11.28999996,0.519999981,-5.110000134,0.100000002,0.059999999,-0.209999993
48.81,-8,-12636,0,0,2577,2768,1723,1488,-9.239999771,-0.029999999,-1.289999962,0.100000002,0.059999999,-0.209999993
48.82,7,-12616,0,0,2572,2785,1711,1490,-11.89999962,0.280000001,-4.539999962,0.039999999,0,-0.200000003
48.83,-4,-12611,0,0,2571,2779,1702,1498,-11.06999969,0.330000013,-1.360000014,0.039999999,0,-0.200000003
48.84,-2,-12489,2,-1,2611,2769,1696,1509,-13.5,0.439999998,-7.670000076,-0.039999999,-0.090000004,-0.200000003
48.85,2,-12433,-2,1,2650,2754,1692,1518,-13.5,-0.589999974,-3.49000001,-0.039999999,-0.090000004,-0.200000003
48.86,0,-12436,2,0,2651,2766,1704,1522,-13.89000034,-1.059999943,-2.690000057,-0.090000004,-0.100000002,-0.239999995
48.87,-1,-11906,0,1,2622,2806,1732,1517,-16.67000008,-0.479999989,-4.900000095,-0.090000004,-0.100000002,-0.239999995
48.88,0,-11672,0,0,2608,2761,1813,1515,-9.859999657,-1.230000019,4.019999981,-0.170000002,-0.059999999,-0.280000001
48.89,-1,-11121,0,0,2614,2692,1847,1510,-13.97000027,-2.779999971,1,-0.170000002,-0.059999999,-0.280000001
48.9,1,-10930,1,0,2636,2616,1875,1510,-8.819999695,-2.779999971,8.890000343,0.029999999,0.050000001,-0.340000004
48.91,0,-10654,0,0,2627,2566,1895,1494,-12.14000034,-1.779999971,6.949999809,0.029999999,0.050000001,-0.340000004
48.92,0,-10504,0,0,2616,2540,1915,1493,-12.76000023,-1.210000038,1.600000024,0.230000004,0.119999997,-0.389999986
48.93,0,-10814,-4,-1,2608,2568,1936,1498,-13.86999989,-2.279999971,4.239999771,0.230000004,0.119999997,-0.389999986
48.94,0,-11280,4,-3,2603,2619,1873,1542,-16.22999954,0.02,-1.029999971,0.270000011,0.07,-0.479999989
48.95,0,-11633,-3,5,2598,2682,1808,1567,-19.5,3.130000114,-2.069999933,0.270000011,0.07,-0.479999989
48.96,0,-11492,2,-3,2578,2745,1744,1552,-14.47999954,2.410000086,0.899999976,0.039999999,0.02,-0.460000008
48.97,30,-11360,-1,0,2568,2779,1688,1500,-15.72000027,1.649999976,-7.880000114,0.039999999,0.02,-0.460000008
48.98,164,-11485,0,0,2556,2750,1655,1496,-4.989999771,0.550000012,6.460000038,-0.07,-0.02,-0.300000012
48.99,245,-11412,51,-81,2555,2713,1637,1510,-12.14000034,0.949999988,-1.809999943,-0.07,-0.02,-0.300000012
49,287,-11423,41,-268,2531,2694,1626,1529,-5.239999771,0.610000014,8.859999657,0.180000007,-0.01,-0.159999996
49.01,518,-11368,126,-659,2432,2694,1624,1548,-6.730000019,-0.109999999,7.010000229,0.180000007,-0.01,-0.159999996
49.02,655,-11365,150,-928,2432,2694,1624,1548,-8.029999733,1.409999967,1.669999957,0.039999999,-0.090000004,-0.170000002
49.03,1065,-11211,448,-1808,2383,2756,1644,1643,-8.56000042,0.5,6.260000229,0.029999999,-0.090000004,-0.059999999
49.04,1233,-11240,841,-2385,2372,2720,1660,1693,-10.06999969,0.360000014,-3.5,-0.039999999,-0.140000001,0.050000001
49.05,1467,-11143,1290,-2961,2355,2674,1700,1733,-8.81000042,-1.690000057,1.99000001,-0.039999999,-0.140000001,0.050000001
49.06,1710,-11124,1831,-3488,2349,2626,1728,1755,-10.51000023,-1.659999967,-4.289999962,-0.100000002,-0.100000002,0.140000001
49.07,1974,-11046,2381,-4044,2349,2580,1755,1770,-10.97999954,-3.309999943,-1.029999971,-0.100000002,-0.100000002,0.140000001
49.08,2186,-11055,2786,-4642,2345,2562,1777,1775,-12.11999989,-3.700000048,-2.789999962,-0.01,-0.07,0.209999993
49.09,2405,-10891,3223,-5241,2335,2624,1783,1767,-13.56999969,-2.690000057,-2.569999933,-0.01,-0.07,0.209999993
49.1,2712,-10723,3671,-5756,2333,2637,1783,1762,-9.829999924,-1.769999981,4.059999943,-0.029999999,-0.02,0.310000002
49.11,2929,-10733,4079,-6086,2332,2619,1784,1759,-11.31000042,-2.559999943,0.800000012,-0.029999999,-0.02,0.310000002
49.12,3036,-10767,4271,-6160,2332,2619,1784,1747,-8.920000076,-3.069999933,6.110000134,-0.039999999,0.109999999,0.349999994
49.13,3279,-10625,4487,-6200,2339,2553,1784,1722,-9.729999542,-2.619999886,5.079999924,-0.029999999,0.140000001,0.419999987
49.14,3433,-10492,4442,-6026,2357,2549,1773,1644,-11.18000031,-2.460000038,-1.450000048,0.029999999,0.059999999,0.469999999
49.15,3482,-10364,4399,-5591,2373,2549,1773,1606,-10.15999985,-2.559999943,-0.449999988,0.029999999,0.059999999,0.469999999
49.16,3537,-10276,3879,-5078,2404,2571,1766,1566,-11.47000027,-2.720000029,-1.25999999,-0.07,0.119999997,0.460000008
49.17,3481,-10100,3519,-4495,2444,2596,1759,1527,-9.159999847,-2.809999943,0.680000007,-0.07,0.119999997,0.460000008
49.18,3419,-9926,3127,-3802,2541,2601,1759,1503,-12.30000019,-1.889999986,-3.170000076,-0.159999996,0.090000004,0.379999995
49.19,3429,-9728,2752,-2966,2571,2592,1758,1448,-11.60999966,-2.50999999,-2.089999914,-0.159999996,0.090000004,0.379999995
49.2,3326,-9560,2289,-1989,2594,2570,1759,1409,-12.47999954,-3.190000057,-1.600000024,-0.170000002,0.100000002,0.330000013
49.21,2903,-9590,1727,-900,2622,2564,1759,1371,-14.18000031,-2.569999933,-1.059999943,-0.170000002,0.100000002,0.330000013
49.22,2787,-9661,1392,-318,2662,2564,1753,1331,-14.17000008,-3.359999895,-3.940000057,-0.109999999,0.039999999,0.310000002
49.23,1914,-9377,253,35,2694,2601,1727,1301,-15.85000038,-1.700000048,-4.360000134,-0.02,0,0.270000011
49.24,1070,-9561,-108,-85,2679,2601,1706,1280,-12.25,-2.630000114,3.089999914,0.140000001,0.01,0.219999999
49.25,24,-9481,29,3,2654,2620,1679,1281,-11.78999996,-1.639999986,0.629999995,0.140000001,0.01,0.219999999
49.26,-84,-9282,6,4,2642,2690,1651,1306,-15.22999954,0.980000019,1.090000033,0.150000006,-0.01,0.090000004
49.27,54,-9124,-4,0,2634,2704,1647,1327,-13.76000023,2.849999905,1.039999962,0.150000006,-0.01,0.090000004
49.28,6,-9023,3,0,2626,2683,1671,1332,-15.5,0.920000017,-6.260000229,-0.090000004,-0.119999997,0.059999999
49.29,-9,-8891,-1,1,2587,2637,1694,1322,-12.59000015,-0.200000003,-6.809999943,-0.090000004,-0.119999997,0.059999999
49.3,6,-8672,0,0,2571,2576,1715,1299,-11.02999973,1.039999962,3.599999905,-0.02,-0.07,-0.029999999
49.31,-5,-8140,1,-1,2569,2518,1738,1295,-12.06000042,-0.649999976,-2.039999962,-0.02,-0.07,-0.029999999
49.32,-16,-7924,-1,1,2569,2518,1763,1295,-10.27999973,-0.889999986,1.50999999,-0.119999997,-0.02,-0.039999999
49.33,12,-7562,0,0,2600,2400,1787,1313,-11.27000046,-1.970000029,0.769999981,0.02,0.039999999,-0.090000004
49.34,0,-7698,0,0,2587,2359,1802,1350,-11.09000015,-2.109999895,3.279999971,0.150000006,-0.02,-0.170000002
49.35,-3,-7586,0,0,2546,2398,1801,1344,-12.84000015,-0.340000004,1.50999999,0.150000006,-0.02,-0.170000002
49.36,-11,-7559,0,1,2546,2439,1801,1344,-10.72000027,-0.319999993,2.150000095,0.01,-0.100000002,-0.189999998
49.37,-2,-7542,0,0,2537,2445,1795,1349,-11.07999992,-0.360000014,3.309999943,0.039999999,-0.039999999,-0.259999991
49.38,2,-7636,0,0,2534,2427,1792,1355,-10.80000019,0,2.049999952,0.050000001,0,-0.360000014
49.39,-3,-7830,0,1,2533,2414,1790,1363,-11.52000046,0.109999999,1.059999943,0.050000001,0,-0.360000014
49.4,2,-8070,0,0,2533,2420,1781,1368,-11.55000019,1.309999943,-0.150000006,0.079999998,0,-0.430000007
49.41,-2,-8061,0,0,2530,2439,1767,1368,-12.17000008,0.25,0.170000002,0.079999998,0,-0.430000007
49.42,2,-7930,2,0,2522,2445,1759,1379,-10.39999962,1.24000001,0.119999997,0.100000002,0.029999999,-0.419999987
49.43,9,-7871,0,0,2522,2439,1754,1379,-10.81000042,-0.170000002,0.769999981,0.100000002,0.029999999,-0.419999987
49.44,3,-7901,0,0,2495,2463,1749,1419,-10.53999996,1.019999981,-1.370000005,0.219999999,-0.02,-0.370000005
49.45,-5,-7784,1,0,2473,2501,1728,1439,-11.52999973,1.580000043,0.519999981,0.219999999,-0.02,-0.370000005
49.46,6,-7679,-1,2,2410,2543,1702,1484,-8.210000038,3.25999999,2.339999914,0.180000007,0.039999999,-0.319999993
49.47,-7,-7607,2,1,2378,2578,1681,1594,-10.10999966,2.430000067,5.949999809,0.180000007,0.039999999,-0.319999993
49.48,7,-7522,0,-2,2366,2597,1669,1605,-10.52000046,3.299999952,-0.600000024,0.029999999,0.039999999,-0.270000011
49.49,-6,-7501,0,2,2365,2586,1666,1591,-9.979999542,2.25999999,1.470000029,0.029999999,0.039999999,-0.270000011
49.5,5,-7444,2,-1,2369,2579,1673,1572,-12.55000019,1.879999995,-2.359999895,-0.059999999,0,-0.25
49.51,-3,-7288,0,1,2375,2571,1680,1552,-12.89999962,0.579999983,-3.720000029,-0.059999999,0,-0.25
49.52,0,-7149,-1,0,2387,2551,1685,1530,-10.5,-0.970000029,0.870000005,-0.119999997,-0.01,-0.25
49.53,0,-7118,2,3,2387,2523,1686,1503,-11.75,-2.380000114,-0.319999993,-0.119999997,-0.01,-0.25
49.54,0,-7068,0,1,2394,2475,1685,1462,-10.63000011,-3.200000048,2.289999962,-0.050000001,0.01,-0.289999992
49.55,0,-7001,0,-1,2406,2475,1685,1437,-11.59000015,-2.450000048,1.570000052,-0.050000001,0.01,-0.289999992
49.56,0,-6904,0,2,2409,2483,1683,1414,-11.11999989,-2.799999952,-1.789999962,0.02,-0.029999999,-0.340000004
49.57,0,-6766,0,-2,2408,2489,1676,1400,-11.5,-2.059999943,-0.050000001,0.02,-0.029999999,-0.340000004
49.58,-1,-6713,-1,3,2408,2494,1676,1401,-10.5,-1.639999986,-1.269999981,0,-0.01,-0.370000005
49.59,2,-6623,0,-3,2408,2495,1676,1409,-10.93000031,-0.99000001,-0.270000011,0,-0.01,-0.370000005
49.6,-1,-6498,0,0,2408,2478,1675,1404,-9.890000343,-1.230000019,-0.189999998,0.02,0.029999999,-0.389999986
49.61,0,-6510,0,0,2403,2471,1676,1402,-10.14999962,-0.230000004,0.039999999,0.02,0.029999999,-0.389999986
49.62,0,-6526,0,1,2403,2471,1676,1402,-11.82999992,-0.340000004,-2.980000019,-0.029999999,-0.050000001,-0.389999986
49.63,0,-6508,9,1,2415,2477,1680,1413,-11.96000004,-0.670000017,-1.480000019,0.029999999,-0.01,-0.389999986
49.64,9,-6457,8,-2,2416,2480,1683,1421,-11.34000015,-0.660000026,-0.419999987,0.01,-0.050000001,-0.360000014
49.65,103,-6452,91,0,2415,2480,1684,1421,-11.07999992,-1.330000043,-0.879999995,0.01,-0.050000001,-0.360000014
49.66,175,-6339,275,-60,2416,2466,1684,1425,-9.779999733,-1.350000024,0.649999976,0.02,0,-0.349999994
49.67,175,-6278,365,-113,2414,2466,1690,1431,-10.31000042,-2.599999905,-0.660000026,0,-0.02,-0.330000013
49.68,218,-6222,807,-216,2411,2460,1705,1438,-8.760000229,-2.380000114,2.809999943,0.02,0,-0.330000013
49.69,276,-6128,1135,-267,2411,2450,1726,1440,-10.60999966,-3.309999943,1.899999976,-0.01,-0.02,-0.310000002
49.7,773,-6005,1526,-319,2426,2441,1749,1441,-9.569999695,-2.920000076,1.330000043,-0.02,-0.07,-0.300000012
49.71,900,-5910,1945,-319,2476,2442,1762,1450,-10.88000011,-3.75999999,3.359999895,-0.02,-0.02,-0.270000011
49.72,920,-5883,2276,-428,2508,2442,1765,1456,-12.47000027,-4.050000191,-1.850000024,-0.02,-0.059999999,-0.259999991
49.73,919,-5858,2589,-624,2493,2441,1760,1463,-11.27999973,-2.170000076,-1.100000024,0.039999999,-0.059999999,-0.219999999
49.74,1088,-5791,2797,-819,2424,2439,1752,1473,-10.89000034,-2.470000029,-0.730000019,0.07,-0.01,-0.200000003
49.75,1357,-5911,2969,-1028,2416,2447,1739,1483,-10.77000046,-2.599999905,-0.239999995,0.07,-0.01,-0.140000001
49.76,1662,-5852,3120,-1219,2416,2485,1724,1479,-10.17000008,-2.210000038,2.299999952,0.119999997,0.109999999,-0.119999997
49.77,2116,-5639,3264,-1369,2415,2523,1703,1477,-10.39000034,-1.940000057,1.49000001,0.029999999,0.050000001,-0.050000001
49.78,2612,-5662,3402,-1493,2409,2483,1651,1473,-8.479999542,-1.620000005,1.730000019,0.029999999,0.01,-0.02
49.79,3117,-5673,3586,-1545,2394,2438,1624,1468,-10.27999973,-2.109999895,3.269999981,-0.02,0.01,0.059999999
49.8,3745,-5633,3768,-1603,2366,2404,1609,1457,-9.779999733,-3.00999999,-3.529999971,-0.039999999,-0.079999998,0.090000004
49.81,4206,-5580,4009,-1618,2354,2391,1609,1434,-10.93000031,-3.150000095,-1.279999971,-0.059999999,-0.090000004,0.170000002
49.82,4805,-5588,4329,-1700,2339,2380,1617,1426,-8,-4.380000114,-2.599999905,-0.050000001,-0.07,0.200000003
49.83,5506,-5504,4649,-1861,2320,2356,1626,1426,-8.380000114,-4.480000019,1.539999962,-0.109999999,-0.07,0.25
49.84,5432,-5455,4878,-2067,2318,2319,1641,1418,-8.590000153,-5.989999771,-1.25,-0.100000002,-0.02,0.270000011
49.85,5041,-5457,4921,-2274,2334,2284,1660,1412,-4.730000019,-5.300000191,0.400000006,-0.170000002,-0.029999999,0.319999993
49.86,5182,-5342,4933,-2480,2349,2237,1693,1407,-5.050000191,-6.849999905,-3.609999895,-0.180000007,-0.090000004,0.319999993
49.87,5189,-5289,4940,-2677,2362,2183,1733,1393,-5.050000191,-8.510000229,0,-0.180000007,-0.150000006,0.370000005
49.88,4999,-5346,4872,-2907,2366,2069,1797,1385,-4.449999809,-10.23999977,0.509999991,-0.230000004,-0.109999999,0.400000006
49.89,4872,-5324,4804,-3178,2363,2029,1916,1385,-3.460000038,-10.07999992,3.039999962,-0.119999997,-0.100000002,0.479999989
49.9,4900,-5333,4746,-3457,2359,2004,1931,1390,-3.200000048,-11.13000011,1.75,-0.079999998,-0.029999999,0.519999981
49.91,4872,-5344,4658,-3828,2317,1998,1931,1388,-2.970000029,-8.109999657,3.160000086,0.029999999,0.01,0.610000014
49.92,4777,-5287,4601,-4600,2317,2006,1931,1388,-5.099999905,-8.210000038,-2.74000001,0.039999999,-0.029999999,0.639999986
49.93,4679,-5287,4669,-5267,2250,2014,1928,1448,-3.069999933,-2.880000114,0.409999996,0.140000001,0.07,0.699999988
49.94,4615,-5278,4500,-5275,2227,2007,1923,1448,-9.649999619,-5.139999866,-2.849999905,0.029999999,0.039999999,0.699999988
49.95,4647,-5272,4474,-5136,2220,2005,1916,1468,-3.170000076,-4.03000021,-6.380000114,0.029999999,0.129999995,0.779999971
49.96,4584,-5226,4509,-5105,2235,2007,1913,1441,-3.660000086,-6.659999847,-1.360000014,-0.109999999,-0.050000001,0.819999993
49.97,4493,-5196,4473,-5080,2234,2012,1909,1416,-5.210000038,-2.900000095,-7.329999924,-0.059999999,0.02,0.850000024
49.98,4562,-5175,4496,-5063,2226,2017,1909,1416,-3.380000114,-2.589999914,5.090000153,0,-0.01,0.850000024
49.99,4530,-5104,4516,-5022,2211,2046,1904,1385,-4.119999886,1.200000048,-1.179999948,0.059999999,-0.07,0.800000012
50,4503,-5078,4483,-4983,2188,2084,1900,1402,-3.049999952,2.829999924,0.49000001,0.059999999,0.029999999,0.779999971
50.01,4556,-5017,4487,-4986,2160,2121,1880,1430,-2.380000114,5.21999979,1.809999943,0.140000001,0.02,0.689999998
50.02,4540,-4925,4503,-4985,2074,2152,1866,1469,-4.769999981,4.820000172,-2.480000019,0.150000006,-0.02,0.649999976
50.03,4493,-4910,4479,-4906,2034,2172,1853,1598,-4,6.820000172,-2.160000086,0.209999993,-0.029999999,0.569999993
50.04,4513,-4916,4471,-4863,2001,2180,1842,1665,-4.420000076,6.449999809,-2,0.119999997,-0.100000002,0.550000012
50.05,4484,-4863,4480,-4873,1970,2193,1836,1724,-5.070000172,6.440000057,-1.659999967,0.090000004,-0.109999999,0.49000001
50.06,4457,-4838,4477,-4832,1940,2204,1829,1777,-3.920000076,6.130000114,1.879999995,0.150000006,-0.050000001,0.469999999
50.07,4452,-4797,4446,-4796,1913,2211,1838,1821,-4.46999979,5.650000095,1.639999986,0.050000001,-0.079999998,0.430000007
50.08,4447,-4754,4402,-4781,1895,2210,1848,1849,-2.619999886,4.940000057,2.960000038,0.050000001,-0.01,0.430000007
50.09,4431,-4672,4407,-4736,1900,2202,1863,1848,-2.430000067,3.319999933,4.869999886,-0.090000004,0,0.400000006
50.1,4440,-4679,4418,-4674,1903,2165,1880,1823,-3.930000067,2.519999981,1.429999948,-0.119999997,0,0.379999995
50.11,4417,-4622,4433,-4633,1904,2147,1899,1800,-3.940000057,0.829999983,1.929999948,-0.129999995,0,0.319999993
50.12,4407,-4534,4385,-4575,1908,2134,1942,1783,-3.799999952,0.5,-2.190000057,-0.140000001,-0.039999999,0.300000012
50.13,4449,-4498,4395,-4510,1947,2128,1958,1769,-3.519999981,-1.190000057,0.330000013,-0.150000006,0.01,0.209999993
50.14,4452,-4468,4423,-4467,1979,2127,1959,1752,-4.019999981,-1.779999971,-0.610000014,-0.079999998,0.07,0.180000007
50.15,4377,-4454,4394,-4430,1998,2130,1950,1703,-5.079999924,-1.549999952,-2.329999924,0,0.039999999,0.079999998
50.16,4424,-4397,4357,-4391,2010,2141,1931,1687,-2.630000114,-1.350000024,1.960000038,0.039999999,0.079999998,0.059999999
50.17,4431,-4382,4400,-4355,2012,2156,1888,1680,-3.589999914,-1.350000024,1.049999952,0.029999999,0.07,0
50.18,4376,-4322,4382,-4324,2011,2177,1881,1679,-3.730000019,-0.980000019,-1.129999995,0.039999999,0.050000001,-0.01
50.19,4386,-4313,4348,-4330,2019,2191,1878,1679,-3.430000067,-0.219999999,-0.349999994,0.029999999,0.01,-0.039999999
50.2,4350,-4284,4343,-4327,2039,2192,1874,1688,-3.420000076,0.180000007,-2.079999924,0,-0.01,-0.039999999
50.21,4378,-4268,4299,-4298,2074,2186,1874,1705,-3.950000048,0.560000002,-1.879999995,0,-0.029999999,-0.02
50.22,4311,-4272,4271,-4288,2097,2173,1876,1717,-4.039999962,-0.349999994,-1.090000033,-0.02,-0.029999999,-0.01
50.23,4239,-4243,4268,-4259,2094,2170,1887,1728,-3.880000114,0.270000011,-0.800000012,0.01,-0.050000001,0
50.24,4258,-4262,4274,-4239,2073,2174,1892,1736,-4.210000038,0.079999998,1.809999943,0.02,-0.07,0
50.25,4213,-4265,4228,-4212,2064,2193,1900,1740,-3.569999933,0.529999971,1.929999948,0,-0.059999999,0
50.26,4208,-4155,4202,-4221,2064,2201,1913,1735,-4.420000076,-0.170000002,3.079999924,-0.050000001,-0.02,0
50.27,4208,-4075,4195,-4169,2065,2138,1934,1727,-2.630000114,-0.170000002,1.74000001,-0.090000004,0,-0.01
50.28,4181,-4180,4190,-4152,2056,2099,1950,1711,-4.739999771,0.259999991,-0.25,-0.119999997,-0.090000004,-0.01
50.29,4179,-4111,4141,-4131,2046,2070,1960,1693,-3.200000048,0.059999999,-2,-0.039999999,-0.050000001,-0.029999999
50.3,4170,-4051,4126,-4116,2022,2058,1960,1673,-3.420000076,-0.200000003,1.669999957,-0.039999999,-0.029999999,-0.039999999
50.31,4146,-4083,4143,-4066,2011,2055,1960,1667,-1.879999995,-1.059999943,-0.699999988,0.01,0.01,-0.059999999
50.32,4111,-4056,4116,-4057,2005,2057,1960,1673,-2.5,-2.059999943,1.120000005,0.039999999,0.02,-0.07
50.33,4125,-4052,4067,-4062,2007,2072,1956,1674,-2.440000057,-1.289999962,0.860000014,0.079999998,0.029999999,-0.079999998
50.34,4109,-4019,4066,-4038,2014,2079,1933,1675,-2.220000029,-1.090000033,-0.479999989,0.050000001,0,-0.079999998
50.35,4080,-4050,4070,-4019,2019,2087,1921,1675,-1.399999976,-0.689999998,0.340000004,0.039999999,0.029999999,-0.079999998
50.36,4078,-4001,4048,-3996,2023,2091,1910,1678,-2.930000067,-1.529999971,-0.850000024,-0.050000001,0.02,-0.079999998
50.37,4080,-4003,4059,-3996,2025,2090,1910,1679,-2.309999943,-1.049999952,-2.309999943,-0.050000001,0,-0.079999998
50.38,4069,-3967,4049,-3976,2025,2095,1920,1679,-1.629999995,-0.569999993,-1.200000048,-0.01,-0.07,-0.079999998
50.39,4085,-3939,4046,-3978,2026,2106,1925,1680,-0.980000019,-0.02,0.379999995,-0.02,-0.059999999,-0.079999998
50.4,4041,-3926,4071,-3962,2026,2103,1937,1682,-1.309999943,-0.810000002,0.860000014,-0.050000001,0.029999999,-0.079999998
50.41,4045,-3912,4028,-3925,2021,2099,1957,1691,-1.700000048,-0.430000007,0.5,-0.050000001,0.039999999,-0.100000002
50.42,4047,-3885,4019,-3915,2024,2094,1973,1703,-3.200000048,-0.959999979,-2.069999933,-0.039999999,-0.100000002,-0.109999999
50.43,4028,-3887,4031,-3884,2025,2090,1984,1722,-2.680000067,-1.320000052,-0.449999988,-0.029999999,-0.079999998,-0.129999995
50.44,4007,-3855,4011,-3873,2025,2088,1990,1722,-2.359999895,-1,2.109999895,0.039999999,-0.02,-0.140000001
50.45,4005,-3849,4036,-3846,2023,2094,2003,1724,-1.820000052,-1.059999943,0.629999995,0.02,-0.01,-0.159999996
50.46,3986,-3839,3992,-3819,2024,2098,2042,1725,-2.089999914,-1.340000033,1.639999986,0.029999999,0.039999999,-0.170000002
50.47,3986,-3812,3953,-3837,2024,2102,2037,1723,-0.939999998,-1.470000029,1.74000001,0.029999999,0.07,-0.180000007
50.48,3989,-3799,3960,-3810,2022,2103,2019,1713,-1.559999943,-1.950000048,1.799999952,0.029999999,0.01,-0.180000007
50.49,3960,-3809,3953,-3823,2015,2101,2008,1711,-1.409999967,-1.429999948,0.819999993,-0.01,0.039999999,-0.189999998
50.5,3953,-3776,3923,-3811,2012,2088,2008,1715,-2.789999962,-1.139999986,-2.900000095,-0.01,-0.02,-0.189999998
50.51,3967,-3805,3906,-3760,2015,2078,2006,1717,-3.089999914,-0.529999971,-3.190000057,-0.039999999,-0.02,-0.200000003
50.52,3933,-3741,3901,-3773,2018,2068,2007,1707,-1.289999962,-1.019999981,1.360000014,-0.07,0.039999999,-0.189999998
50.53,3933,-3748,3894,-3757,2025,2069,2006,1694,-0.99000001,-0.610000014,-0.579999983,-0.050000001,0.029999999,-0.189999998
50.54,3933,-3747,3890,-3731,2037,2072,2005,1672,-1.649999976,-1.519999981,1.669999957,-0.02,0.090000004,-0.189999998
50.55,3874,-3728,3870,-3723,2043,2076,2003,1671,-2.329999924,-1.940000057,0.699999988,0,0.039999999,-0.200000003
50.56,3933,-3732,3874,-3729,2043,2079,2000,1671,-2.609999895,-1.379999995,-2.720000029,0.029999999,-0.059999999,-0.209999993
50.57,3886,-3719,3861,-3691,2041,2082,1990,1672,-3.089999914,-1.940000057,-1.200000048,0.01,-0.100000002,-0.219999999
50.58,3894,-3660,3900,-3677,2037,2079,1999,1675,-1.24000001,-1.590000033,-0.059999999,-0.01,0.029999999,-0.219999999
50.59,3878,-3669,3853,-3663,2034,2077,2010,1679,-0.449999988,-1.639999986,1.580000043,-0.029999999,0.039999999,-0.239999995
50.6,3901,-3653,3870,-3632,2038,2081,2015,1690,-2.650000095,-1.539999962,-1.190000057,-0.029999999,0,-0.25
50.61,3872,-3598,3858,-3630,2042,2081,2017,1690,-1.720000029,-2.019999981,-0.689999998,-0.01,0.02,-0.259999991
50.62,3864,-3614,3817,-3640,2040,2081,2017,1690,-2.809999943,-1.879999995,-0.699999988,-0.050000001,-0.100000002,-0.259999991
50.63,3837,-3564,3852,-3593,2039,2082,2027,1696,-1.929999948,-1.690000057,-1.169999957,0,-0.050000001,-0.259999991
50.64,3824,-3574,3811,-3580,2044,2081,2038,1702,-2.539999962,-1.610000014,2.089999914,0.01,0,-0.270000011
50.65,3835,-3577,3791,-3578,2043,2081,2038,1701,-2.019999981,-1.49000001,-0.310000002,0.039999999,0.01,-0.270000011
50.66,3798,-3556,3816,-3556,2044,2083,2024,1702,-2.849999905,-1.75,2.25999999,0.050000001,0,-0.280000001
50.67,3797,-3545,3788,-3532,2044,2086,2022,1702,-2.49000001,-2.059999943,0.569999993,0.02,0.02,-0.289999992
50.68,3797,-3512,3778,-3520,2044,2086,2022,1697,-2.519999981,-1.970000029,1.980000019,-0.01,-0.02,-0.289999992
50.69,3805,-3514,3773,-3497,2049,2078,2020,1692,-2.569999933,-1.840000033,0.259999991,-0.059999999,-0.039999999,-0.300000012
50.7,3789,-3494,3768,-3491,2047,2072,2022,1685,-1.789999962,-1.649999976,1.379999995,-0.02,0.01,-0.310000002
50.71,3801,-3463,3745,-3471,2045,2069,2027,1666,-2.769999981,-1.860000014,1.25999999,-0.01,-0.01,-0.340000004
50.72,3812,-3461,3787,-3450,2044,2058,2029,1652,-1.50999999,-1.730000019,-0.589999974,-0.029999999,0.01,-0.349999994
50.73,3853,-3497,3765,-3425,2043,2052,2030,1634,-2.559999943,-2.039999962,0.819999993,-0.01,0,-0.379999995
50.74,3831,-3482,3729,-3403,2042,2049,2037,1625,-1.919999957,-3.50999999,-0.100000002,-0.02,0.01,-0.389999986
50.75,3816,-3363,3751,-3377,2050,2044,2038,1624,-1.269999981,-3.089999914,2.00999999,0,0.02,-0.439999998
50.76,3807,-3407,3737,-3351,2059,2039,2035,1630,-2.920000076,-3.140000105,-1.879999995,0,-0.01,-0.449999988
50.77,3809,-3361,3760,-3331,2067,2036,2035,1628,-3.420000076,-3.380000114,-2.160000086,-0.01,-0.029999999,-0.5
50.78,3811,-3365,3739,-3328,2071,2041,2034,1623,-2.529999971,-3.390000105,-0.620000005,0,-0.01,-0.509999991
50.79,3841,-3356,3737,-3305,2075,2038,2027,1624,-2.829999924,-3.890000105,-1.700000048,-0.039999999,-0.029999999,-0.540000022
50.8,3800,-3333,3765,-3292,2080,2036,2031,1625,-1.330000043,-3.690000057,2.410000086,0,0.02,-0.550000012
50.81,3812,-3339,3731,-3277,2078,2036,2035,1625,-1.460000038,-4.210000038,1.25999999,-0.01,-0.01,-0.569999993
50.82,3832,-3308,3765,-3273,2082,2034,2036,1627,-1.029999971,-2.579999924,2.319999933,0.029999999,0,-0.579999983
50.83,3793,-3305,3745,-3247,2083,2034,2035,1639,-1.379999995,-3.460000038,1.809999943,0.039999999,0,-0.589999974
50.84,3817,-3271,3721,-3260,2092,2036,2038,1646,-1.809999943,-3.630000114,-2.539999962,0,-0.02,-0.579999983
50.85,3803,-3276,3708,-3230,2114,2031,2037,1652,-2.019999981,-3.839999914,-0.699999988,0,-0.02,-0.579999983
50.86,3757,-3276,3720,-3241,2167,2027,2038,1659,-2.309999943,-3.75999999,0.239999995,0,-0.039999999,-0.579999983
50.87,3779,-3221,3716,-3221,2157,2022,2039,1668,-0.600000024,-3.200000048,-0.219999999,0.039999999,-0.029999999,-0.589999974
50.88,3773,-3263,3725,-3208,2131,2007,2039,1670,-2.220000029,-4.380000114,2.349999905,0.01,-0.029999999,-0.589999974
50.89,3780,-3235,3672,-3194,2111,1968,2038,1664,-0.239999995,-3.25999999,0.75,0,0,-0.610000014
50.9,3755,-3228,3707,-3170,2101,1944,2037,1658,-1.940000057,-4.010000229,0.409999996,-0.029999999,-0.079999998,-0.610000014
50.91,3775,-3229,3700,-3161,2098,1926,2038,1654,0.389999986,-3.450000048,-0.07,-0.029999999,-0.01,-0.620000005
50.92,3763,-3201,3676,-3139,2086,1916,2037,1653,-1.580000043,-2.730000019,-0.479999989,-0.01,-0.01,-0.629999995
50.93,3783,-3183,3684,-3135,2072,1913,2038,1641,0.219999999,-3.25,-1.970000029,0,0.02,-0.649999976
50.94,3772,-3200,3639,-3127,2055,1911,2037,1629,-1.950000048,-3.119999886,-2.849999905,0.01,-0.01,-0.660000026
50.95,3762,-3194,3673,-3118,2050,1929,2037,1616,-1.549999952,-3.710000038,-5.769999981,0,0,-0.670000017
50.96,3755,-3208,3691,-3115,2048,1929,2037,1616,-0.479999989,-3.289999962,0.839999974,0.01,0,-0.670000017
50.97,3809,-3186,3629,-3128,2055,1962,2061,1605,0.090000004,-3.789999962,0.610000014,0,0,-0.680000007
50.98,3753,-3197,3670,-3105,2056,1961,2067,1601,0.460000008,-3.829999924,2.599999905,0,0.050000001,-0.680000007
50.99,3633,-3197,3653,-3090,2054,1950,2069,1571,0.610000014,-4.360000134,2.769999981,0,0.07,-0.689999998
51,3864,-3163,3636,-3106,2051,1943,2069,1567,-2.089999914,-4.53000021,-3.970000029,-0.02,-0.059999999,-0.699999988
51.01,3779,-3172,3639,-3080,2053,1942,2069,1573,-2.430000067,-4.599999905,-3.079999924,0.01,-0.039999999,-0.699999988
51.02,3736,-3167,3686,-3073,2052,1942,2072,1578,-2.059999943,-3.549999952,-1.25,0.02,-0.02,-0.699999988
51.03,3782,-3174,3651,-3078,2051,1943,2072,1581,-1.74000001,-2.970000029,-3.25,0,0,-0.720000029
51.04,3776,-3158,3659,-3079,2056,1942,2072,1582,-2.660000086,-4.269999981,2.24000001,-0.029999999,0.01,-0.720000029
51.05,3751,-3164,3659,-3078,2056,1945,2072,1582,-2.170000076,-3.650000095,-1.820000052,-0.01,0,-0.730000019
51.06,3771,-3179,3662,-3082,2056,1955,2073,1584,-1.269999981,-4.239999771,6.25,0,-0.050000001,-0.720000029
51.07,3750,-3136,3645,-3068,2064,1957,2073,1590,-2.039999962,-2.880000114,3.339999914,0,-0.059999999,-0.720000029
51.08,3763,-3183,3655,-3061,2077,1960,2075,1595,-0.270000011,-3.849999905,5.090000153,-0.02,0.01,-0.709999979
51.09,3737,-3161,3634,-3064,2086,1971,2074,1598,-0.180000007,-3.599999905,5.25,0,-0.01,-0.720000029
51.1,3728,-3096,3660,-3052,2086,1980,2074,1598,-1.549999952,-3.970000029,0.899999976,-0.01,0.01,-0.720000029
51.11,3755,-3165,3670,-3062,2084,1981,2080,1607,-0.379999995,-3.75,1.49000001,-0.02,-0.01,-0.720000029
51.12,3743,-3127,3632,-3047,2080,1982,2086,1608,-1.590000033,-3.74000001,-1.330000043,-0.01,-0.050000001,-0.709999979
51.13,3741,-3105,3687,-3067,2073,1979,2139,1610,-1.080000043,-3.269999981,-1.399999976,-0.02,-0.050000001,-0.720000029
51.14,3736,-3139,3636,-3038,2041,1976,2171,1610,-0.059999999,-3.730000019,0.01,0,-0.01,-0.720000029
51.15,3715,-3113,3597,-3054,2020,1973,2182,1610,-0.930000007,-3.5,0.589999974,0.02,-0.02,-0.720000029
51.16,3733,-3113,3635,-3047,2005,1969,2174,1606,1.610000014,-3.400000095,4.269999981,0.050000001,0.050000001,-0.720000029
51.17,3742,-3137,3598,-3033,1995,1956,2159,1600,-0.509999991,-3.779999971,3.529999971,0.039999999,0.02,-0.709999979
51.18,3712,-3113,3600,-3049,1985,1958,2154,1594,0.509999991,-3.269999981,-0.389999986,0.039999999,0.029999999,-0.699999988
51.19,3720,-3109,3592,-3054,1970,1958,2154,1591,0.159999996,-3.680000067,2.279999971,0.02,0.02,-0.689999998
51.2,3682,-3160,3590,-3028,1972,1956,2152,1589,-0.649999976,-3.339999914,-4.659999847,0,0.01,-0.689999998
51.21,3698,-3113,3615,-3045,1973,1955,2151,1584,-1.179999948,-2.690000057,-2.5,-0.01,-0.01,-0.689999998
51.22,3725,-3123,3563,-3046,1975,1952,2150,1583,-0.699999988,-3.480000019,-3.839999914,-0.039999999,0,-0.680000007
51.23,3691,-3133,3601,-3049,1977,1950,2151,1582,-1.320000052,-3.359999895,-3.410000086,-0.039999999,-0.029999999,-0.680000007
51.24,3710,-3133,3584,-3052,1974,1949,2149,1582,0.340000004,-3.349999905,1.789999962,0.01,0,-0.680000007
51.25,3678,-3145,3601,-3059,1973,1950,2151,1583,-0.140000001,-2.980000019,0.25,0.039999999,-0.01,-0.680000007
51.26,3703,-3148,3606,-3066,1974,1953,2157,1584,1.049999952,-2.539999962,1.289999962,0.02,0.029999999,-0.670000017
51.27,3682,-3112,3564,-3078,1974,1954,2157,1593,0.419999987,-3.519999981,3.390000105,0.050000001,0.029999999,-0.660000026
51.28,3660,-3162,3595,-3074,1974,1968,2157,1634,-0.07,-2.640000105,-2.430000067,0.029999999,-0.02,-0.649999976
51.29,3655,-3155,3566,-3092,1977,1985,2159,1659,-0.289999992,-2.970000029,0.050000001,0.02,-0.02,-0.629999995
51.3,3629,-3163,3549,-3132,1987,1997,2163,1692,-0.860000014,-3.089999914,-1.590000033,0.01,-0.01,-0.620000005
51.31,3633,-3155,3557,-3090,2014,2002,2166,1725,-0.449999988,-2.539999962,-0.819999993,-0.01,0,-0.589999974
51.32,3596,-3173,3522,-3095,2027,2004,2167,1754,-0.870000005,-2.75,1.639999986,0,0.02,-0.569999993
51.33,3598,-3157,3549,-3118,2034,2008,2166,1761,0.050000001,-2.569999933,0.540000022,0,0.02,-0.550000012
51.34,3610,-3169,3543,-3110,2035,2021,2161,1753,-0.340000004,-2.119999886,4.400000095,0.02,0.029999999,-0.550000012
51.35,3584,-3164,3524,-3093,2038,2028,2155,1753,-0.300000012,-1.99000001,1.24000001,0.050000001,0.039999999,-0.529999971
51.36,3607,-3146,3558,-3118,2037,2028,2151,1742,0.129999995,-2.049999952,1.409999967,-0.01,0.01,-0.529999971
51.37,3599,-3154,3506,-3092,2027,2024,2147,1743,-0.620000005,-2.220000029,1.25,-0.02,0,-0.519999981
51.38,3595,-3127,3531,-3101,2021,2014,2143,1738,0.129999995,-2.140000105,-0.239999995,-0.029999999,0,-0.519999981
51.39,3602,-3111,3524,-3104,2017,1999,2140,1727,0.01,-2.25,0.330000013,-0.059999999,-0.02,-0.519999981
51.4,3589,-3181,3499,-3115,2015,1965,2138,1721,-0.509999991,-2.230000019,-2.779999971,0,0,-0.519999981
51.41,3586,-3124,3531,-3102,2011,1965,2137,1723,-0.899999976,-1.75999999,-2.400000095,0,0,-0.519999981
51.42,3583,-3140,3486,-3125,2000,1949,2137,1724,-1.570000052,-2.170000076,-2.059999943,0.029999999,0,-0.509999991
51.43,3541,-3185,3490,-3112,1999,1949,2135,1726,-2.180000067,-2.160000086,-4.440000057,0.050000001,-0.039999999,-0.49000001
51.44,3547,-3133,3493,-3114,2000,1956,2132,1730,-0.720000029,-1.799999952,3.140000105,0.059999999,-0.01,-0.49000001
51.45,3535,-3166,3448,-3140,1999,1989,2128,1732,-0.629999995,-2.450000048,1.080000043,0.059999999,-0.02,-0.460000008
51.46,3548,-3164,3478,-3135,2001,1999,2122,1738,-0.059999999,-1.950000048,5.059999943,0.02,0.029999999,-0.449999988
51.47,3547,-3163,3459,-3122,2009,2004,2119,1733,0.200000003,-1.710000038,3.450000048,0,0.01,-0.430000007
51.48,3508,-3162,3464,-3140,2012,2017,2120,1729,-0.550000012,-2.160000086,0.400000006,-0.079999998,-0.029999999,-0.419999987
51.49,3560,-3237,3493,-3135,2015,2029,2126,1724,0.649999976,-1.230000019,2.049999952,-0.100000002,-0.050000001,-0.419999987
51.5,3525,-3148,3464,-3148,2020,2047,2134,1723,-0.49000001,-1.200000048,-2.859999895,-0.079999998,-0.039999999,-0.419999987
51.51,3538,-3140,3504,-3170,2018,2032,2139,1725,1.899999976,-1.129999995,-0.029999999,-0.039999999,-0.029999999,-0.409999996
51.52,3542,-3193,3490,-3127,2013,1999,2139,1724,0.150000006,-1.789999962,-3.24000001,-0.029999999,-0.02,-0.419999987
51.53,3500,-3164,3469,-3134,2010,1990,2140,1724,-0.129999995,-2.059999943,-3.99000001,0.02,0,-0.419999987
51.54,3534,-3168,3470,-3139,2007,2004,2140,1732,0.870000005,-2.339999914,-0.340000004,0.07,-0.02,-0.419999987
51.55,3501,-3161,3458,-3127,2001,2017,2140,1745,0,-2.690000057,-0.189999998,0.050000001,0.01,-0.419999987
51.56,3495,-3183,3455,-3141,1998,2015,2140,1744,-0.300000012,-2.460000038,1.539999962,0.050000001,0,-0.419999987
51.57,3508,-3147,3476,-3147,1998,2012,2139,1744,-0.129999995,-2.690000057,0.07,0,0.01,-0.409999996
51.58,3466,-3193,3441,-3146,1998,2012,2134,1741,-1.50999999,-1.929999948,-0.129999995,-0.01,-0.029999999,-0.409999996
51.59,3484,-3208,3428,-3157,2000,2018,2133,1735,-0.860000014,-1.519999981,-2.420000076,0,-0.02,-0.379999995
51.6,3462,-3173,3446,-3168,1993,2023,2132,1728,0.189999998,-1.289999962,1.179999948,0,-0.01,-0.370000005
51.61,3450,-3217,3397,-3164,1993,2022,2129,1732,1.029999971,-1.659999967,0.519999981,0.039999999,-0.01,-0.340000004
51.62,3447,-3177,3413,-3175,1972,2020,2122,1734,1.029999971,-1.269999981,1.200000048,0.029999999,0.050000001,-0.330000013
51.63,3441,-3117,3378,-3190,1964,2020,2118,1733,1.700000048,-1.559999943,1.769999981,0.039999999,0.050000001,-0.289999992
51.64,3410,-3309,3355,-3168,1959,2020,2118,1735,-0.189999998,-1.340000033,-3.089999914,0.029999999,-0.02,-0.280000001
51.65,3415,-3171,3385,-3168,1943,2018,2117,1734,-0.550000012,-0.550000012,-0.810000002,0,0,-0.259999991
51.66,3407,-3156,3365,-3212,1946,2010,2118,1738,-1.200000048,-0.579999983,-2.75,-0.01,-0.029999999,-0.25
51.67,3382,-3244,3361,-3184,1949,2005,2117,1738,-1.370000005,-0.600000024,-4.46999979,0.01,-0.01,-0.230000004
51.68,3397,-3163,3343,-3188,1949,2013,2117,1736,-2.190000057,0.25,0.75,0.029999999,0,-0.230000004
51.69,3375,-3240,3345,-3208,1949,2016,2112,1736,-0.860000014,-0.709999979,-3.339999914,0.059999999,0.02,-0.219999999
51.7,3379,-3224,3329,-3177,1944,2016,2111,1736,-1.629999995,0,4.010000229,0.039999999,-0.02,-0.209999993
51.71,3382,-3210,3351,-3213,1942,2046,2111,1739,-0.449999988,-0.819999993,-0.400000006,0.059999999,-0.02,-0.209999993
51.72,3360,-3213,3314,-3193,1940,2050,2110,1758,1.049999952,-0.469999999,5.940000057,0,0,-0.200000003
51.73,3372,-3225,3344,-3205,1944,2047,2110,1768,0.680000007,0.569999993,5.670000076,-0.029999999,0,-0.180000007
51.74,3364,-3208,3344,-3202,1962,2035,2118,1770,1.080000043,-0.280000001,0.699999988,-0.059999999,0.029999999,-0.170000002
51.75,3355,-3212,3319,-3208,1975,2027,2124,1776,-0.170000002,0.449999988,3.940000057,-0.01,0.029999999,-0.159999996
51.76,3361,-3213,3312,-3234,2007,2021,2123,1804,0.239999995,-0.779999971,-3.769999981,-0.029999999,-0.01,-0.140000001
51.77,3323,-3236,3322,-3186,2020,2019,2119,1877,-1.25,-0.709999979,0.109999999,0.02,-0.01,-0.129999995
51.78,3342,-3235,3308,-3224,2038,2024,2109,1901,0.560000002,-1.00999999,-0.540000022,0.079999998,0.079999998,-0.129999995
51.79,3357,-3140,3289,-3246,2072,2023,2094,1921,-1.129999995,-1.269999981,0.75,0.039999999,0.039999999,-0.129999995
51.8,3303,-3309,3305,-3193,2112,2020,2052,1944,-0.579999983,-1.620000005,0.370000005,0.059999999,0.090000004,-0.119999997
51.81,3343,-3227,3280,-3216,2147,2021,2026,1969,-1.860000014,-1.299999952,0.889999986,0.02,0.059999999,-0.129999995
51.82,3340,-3165,3327,-3234,2188,2013,2001,1987,-1.620000005,-0.340000004,1.059999943,0.050000001,0,-0.140000001
51.83,3328,-3257,3317,-3153,2180,2007,1981,1961,-0.589999974,-0.529999971,-0.01,0.039999999,-0.02,-0.129999995
51.84,3324,-3176,3295,-3218,2180,2003,1961,1943,-1.860000014,0.360000014,0.560000002,0.039999999,0.029999999,-0.140000001
51.85,3342,-3226,3309,-3232,2161,1969,1943,1944,-0.109999999,-0.280000001,-3.319999933,0.059999999,0.02,-0.140000001
51.86,3325,-3222,3301,-3193,2156,1950,1910,1951,-1.99000001,-0.25,0.090000004,0.039999999,-0.01,-0.140000001
51.87,3336,-3184,3292,-3211,2144,1931,1898,1954,-0.790000022,-0.349999994,-2.49000001,0.039999999,-0.029999999,-0.140000001
51.88,3352,-3237,3280,-3196,2128,1922,1894,1955,0.259999991,-0.589999974,3.049999952,0.01,-0.050000001,-0.140000001
51.89,3173,-3167,3293,-3180,2104,1918,1894,1953,-0.620000005,-0.059999999,1.779999971,0,-0.029999999,-0.129999995
51.9,3446,-3186,3250,-3207,2104,1918,1898,1954,-0.200000003,-0.99000001,1.360000014,-0.01,0,-0.129999995
51.91,3263,-3197,3246,-3190,2058,1891,1901,1956,-1.879999995,-0.629999995,2.279999971,-0.01,-0.029999999,-0.109999999
51.92,3242,-3176,3272,-3211,2042,1891,1903,1951,-1.720000029,-0.209999993,0.280000001,0,-0.01,-0.100000002
51.93,3346,-3185,3223,-3192,2029,1867,1904,1951,-1.480000019,-0.100000002,-0.409999996,-0.029999999,-0.01,-0.109999999
51.94,3201,-3211,3253,-3182,2029,1862,1902,1934,-3.410000086,-0.939999998,-1.220000029,-0.02,-0.01,-0.090000004
51.95,3302,-3200,3219,-3223,2018,1870,1903,1924,-1.370000005,0.370000005,-2.50999999,-0.02,0,-0.090000004
51.96,3258,-3214,3224,-3185,2017,1880,1898,1920,-1.590000033,-0.759999991,2.210000038,0,-0.01,-0.07
51.97,3223,-3221,3215,-3220,2018,1888,1878,1921,-0.109999999,0.200000003,-0.670000017,0,-0.02,-0.059999999
51.98,3281,-3219,3230,-3225,2023,1903,1868,1923,1.389999986,-0.090000004,4.710000038,0.029999999,0.059999999,-0.050000001
51.99,3255,-3236,3227,-3226,2063,1923,1868,1930,0.270000011,-0.589999974,3.75,0,0.039999999,-0.029999999
52,3112,-3207,3206,-3236,2083,1934,1873,1944,0.170000002,-0.07,-0.930000007,0.029999999,0.039999999,-0.02
52.01,3363,-3153,3208,-3249,2091,1947,1877,1959,-0.079999998,0.090000004,1.409999967,0.02,0.01,0
52.02,3217,-3357,3197,-3230,2102,1948,1880,1974,-0.980000019,0.129999995,-2.329999924,-0.01,0,0
52.03,3152,-3235,3203,-3255,2109,1964,1893,1981,-1.309999943,1.440000057,-0.970000029,-0.01,-0.01,0.01
52.04,3291,-3226,3180,-3252,2124,1971,1900,1985,1.419999957,1.309999943,0.259999991,0.02,0.029999999,0.01
52.05,3162,-3292,3197,-3226,2126,1974,1913,1983,-0.589999974,-0.379999995,-0.029999999,0.07,0.01,0.039999999
52.06,3189,-3177,3198,-3266,2126,1979,1934,1977,0.109999999,1.889999986,1.519999981,0.109999999,0.090000004,0.029999999
52.07,3232,-3253,3179,-3220,2129,2002,1958,1973,0.49000001,-0.860000014,0.469999999,0.140000001,0.090000004,0.039999999
52.08,3153,-3284,3175,-3237,2124,2020,1945,1971,-1.350000024,0.400000006,-0.090000004,0.109999999,0.029999999,0.039999999
52.09,3218,-3210,3178,-3247,2109,2035,1942,1970,0.209999993,0.289999992,-0.970000029,0.119999997,0.059999999,0.029999999
52.1,3183,-3241,3188,-3213,2100,2035,1956,1971,-2.220000029,-0.090000004,-1.24000001,0.02,-0.050000001,0.029999999
52.11,3177,-3233,3191,-3231,2060,2036,1974,1957,0.140000001,1.080000043,-2.230000019,0.029999999,0,0.039999999
52.12,3183,-3143,3146,-3231,2036,2035,1980,1939,-1.840000033,0.479999989,1.99000001,0,-0.029999999,0.039999999
52.13,3160,-3322,3168,-3194,2017,2043,1981,1926,-0.639999986,0.699999988,-3.430000067,0.029999999,0,0.050000001
52.14,3176,-3204,3135,-3193,2002,2043,1972,1918,-0.589999974,1.139999986,4.300000191,0.050000001,0.01,0.039999999
52.15,3154,-3144,3145,-3214,1988,2073,1968,1913,1.220000029,-0.270000011,1.24000001,0.02,0.039999999,0.050000001
52.16,3179,-3279,3126,-3175,1974,2080,1968,1902,2.140000105,-0.540000022,2.710000038,0.029999999,0.079999998,0.050000001
52.17,3117,-3175,3137,-3185,1974,2082,1969,1880,-0.379999995,0.200000003,3.200000048,0,0.07,0.059999999
52.18,3171,-3185,3132,-3229,1973,2080,1969,1856,0.49000001,0.400000006,-3.220000029,0,0.01,0.07
52.19,3140,-3213,3122,-3188,1971,2070,1972,1831,-1.879999995,0.370000005,-0.469999999,0,0,0.07
52.2,3129,-3165,3136,-3189,1965,2058,1972,1818,-1.419999957,0.920000017,-5.260000229,0.029999999,0.01,0.07
52.21,3175,-3204,3110,-3201,1964,2049,1965,1815,-2.150000095,-0.389999986,-4.599999905,0.02,-0.01,0.059999999
52.22,3140,-3218,3132,-3177,1961,2047,1958,1813,-1.419999957,0.100000002,-0.600000024,0.07,0.029999999,0.07
52.23,3135,-3172,3120,-3189,1958,2059,1930,1813,-1.179999948,-0.310000002,-2.170000076,0.01,-0.01,0.059999999
52.24,3178,-3196,3098,-3188,1963,2065,1930,1814,0.759999991,0.779999971,3.430000067,0.050000001,0.02,0.050000001
52.25,3143,-3181,3154,-3186,1973,2069,1891,1815,-0.790000022,0.860000014,2.599999905,-0.029999999,-0.01,0.050000001
52.26,3162,-3210,3133,-3197,1984,2067,1896,1818,0.349999994,0.709999979,0.349999994,-0.059999999,0,0.050000001
52.27,3184,-3190,3134,-3170,1987,2068,1908,1828,-0.660000026,0.75,3.190000057,-0.029999999,-0.029999999,0.050000001
52.28,3144,-3194,3165,-3183,1992,2068,1922,1828,-0.150000006,0.810000002,-3.119999886,-0.050000001,-0.079999998,0.050000001
52.29,3154,-3202,3124,-3198,1998,2066,1959,1848,-1.210000038,0.319999993,0.660000026,-0.02,-0.100000002,0.050000001
52.3,3135,-3185,3117,-3190,2003,2064,1959,1862,-0.270000011,0.170000002,-2.039999962,0,-0.039999999,0.050000001
52.31,3139,-3191,3130,-3181,2001,2057,1991,1887,-0.970000029,-0.839999974,0.330000013,0.01,-0.050000001,0.050000001
52.32,3124,-3187,3106,-3170,1997,2051,2004,1897,-0.230000004,-0.980000019,0.689999998,0.07,0,0.050000001
52.33,3127,-3152,3130,-3173,1997,2049,2016,1916,-0.310000002,-0.99000001,1.590000033,0.050000001,0,0.050000001
52.34,3111,-3168,3118,-3159,1998,2052,2019,1928,-0.230000004,-0.370000005,2.50999999,0.079999998,0.01,0.039999999
52.35,3129,-3155,3115,-3156,1997,2054,2012,1927,0.209999993,-0.569999993,1.850000024,0.02,0.02,0.039999999
52.36,3114,-3142,3092,-3152,2003,2054,2001,1919,-0.180000007,0.239999995,-0.129999995,-0.02,0.029999999,0.029999999
52.37,3131,-3173,3138,-3130,2003,2052,1998,1895,-0.01,0.560000002,-1.070000052,0.01,0.039999999,0.02
52.38,3145,-3127,3102,-3130,2004,2056,2000,1880,-0.349999994,0.850000024,-0.779999971,-0.029999999,0.02,0.02
52.39,3135,-3141,3116,-3123,2004,2055,2000,1867,0.560000002,1.539999962,-1.070000052,0.02,0.029999999,0
52.4,3144,-3123,3128,-3098,2004,2058,2000,1861,-0.119999997,0.550000012,-1.389999986,-0.01,0,0
52.41,3133,-3111,3098,-3118,1999,2067,1999,1860,0.400000006,0.330000013,-1.100000024,0.029999999,0.02,-0.01
52.42,3141,-3099,3118,-3097,1997,2067,1996,1860,-0.370000005,-0.180000007,0.150000006,-0.01,-0.01,-0.02
52.43,3158,-3102,3116,-3095,1998,2065,1998,1859,0,-0.370000005,-2.059999943,-0.029999999,0,-0.029999999
52.44,3140,-3071,3143,-3083,2007,2061,2003,1858,-0.819999993,-0.159999996,-0.259999991,-0.01,-0.02,-0.029999999
52.45,3154,-3078,3108,-3099,2016,2054,2006,1858,0.529999971,-0.5,-0.889999986,0,-0.02,-0.039999999
52.46,3133,-3076,3127,-3078,2014,2043,2006,1859,-0.709999979,-0.540000022,-0.01,-0.01,0,-0.050000001
52.47,3135,-3068,3119,-3071,1993,2038,2008,1859,0.409999996,-1.080000043,-0.810000002,0,0.02,-0.059999999
52.48,3175,-3067,3109,-3058,1992,2038,2008,1858,-1.070000052,-0.810000002,-0.400000006,0.01,-0.039999999,-0.07
52.49,3135,-3060,3119,-3056,1993,2035,2009,1857,-0.150000006,-0.800000012,-1.830000043,0.01,-0.01,-0.090000004
52.5,3152,-3046,3138,-3039,1993,2038,2009,1857,-0.340000004,-0.519999981,1.539999962,0,0.01,-0.090000004
52.51,3193,-3028,3112,-3029,1993,2037,2007,1846,0.620000005,-1.049999952,-0.959999979,-0.039999999,0.01,-0.109999999
52.52,3064,-3035,3147,-3014,2007,2036,2007,1826,-1.220000029,-1.039999962,-0.239999995,-0.039999999,0.01,-0.119999997
52.53,3226,-3000,3156,-3020,2005,2036,2009,1804,-0.310000002,-1.169999957,-1.519999981,0,0.01,-0.140000001
52.54,3208,-2995,3111,-3019,2005,2037,2009,1781,-1.75999999,-0.889999986,-1.529999971,0,-0.050000001,-0.150000006
52.55,3130,-3043,3160,-2995,2012,2039,2011,1791,-0.850000024,-0.560000002,-3.079999924,0.02,-0.050000001,-0.159999996
52.56,3213,-2984,3170,-3009,2013,2043,2014,1796,0.389999986,-0.920000017,3.440000057,0,0.02,-0.170000002
52.57,3175,-3000,3125,-2989,2015,2043,2023,1799,-0.660000026,-1.080000043,1.970000029,0,0,-0.189999998
52.58,3156,-2973,3161,-2971,2013,2042,2023,1794,0.289999992,-1.600000024,1.789999962,0.02,0.029999999,-0.200000003
52.59,3210,-2857,3153,-2981,2011,2041,2037,1796,-0.280000001,-1.389999986,1.820000052,0.029999999,0.039999999,-0.239999995
52.6,3183,-3025,3158,-2936,2013,2037,2043,1800,-1.049999952,-1.269999981,-2.099999905,0,0,-0.239999995
52.61,3190,-2958,3183,-2900,2011,2037,2043,1795,-1.539999962,-1.049999952,-0.259999991,-0.02,0.01,-0.280000001
52.62,3220,-2879,3172,-2940,2008,2035,2043,1789,-1.039999962,-2.119999886,-0.25,-0.039999999,0.02,-0.300000012
52.63,3189,-2918,3161,-2879,2015,2027,2040,1785,-1.340000033,-2.109999895,-2.180000067,-0.050000001,0.01,-0.310000002
52.64,3207,-2909,3200,-2895,2024,2027,2039,1773,-1.379999995,-1.620000005,0.709999979,0.01,0.039999999,-0.330000013
52.65,3263,-2912,3161,-2883,2024,2030,2040,1718,-1.909999967,-2.329999924,-1.620000005,0.01,0.029999999,-0.360000014
52.66,3211,-2861,3176,-2866,2024,2028,2039,1690,-1.730000019,-1.539999962,1.809999943,0,0.02,-0.370000005
52.67,3221,-2901,3202,-2842,2024,2027,2040,1676,-2.109999895,-3.180000067,-1.679999948,0,0.01,-0.409999996
52.68,3258,-2866,3171,-2818,2023,2027,2042,1673,-1.289999962,-3.119999886,2.900000095,-0.029999999,-0.01,-0.409999996
52.69,3267,-2815,3210,-2816,2026,2020,2047,1673,-1.330000043,-2.369999886,2.069999933,0,-0.02,-0.439999998
52.7,3254,-2861,3177,-2799,2038,2012,2047,1672,-0.129999995,-2.920000076,2.230000019,-0.029999999,0,-0.449999988
52.71,3244,-2789,3197,-2780,2044,2008,2066,1676,-1.25,-2.230000019,4.699999809,0,-0.01,-0.49000001
52.72,3278,-2786,3204,-2760,2041,2002,2070,1675,0.07,-3.349999905,-0.209999993,-0.02,0.02,-0.509999991
52.73,3251,-2835,3205,-2754,2037,2001,2073,1672,-2,-3.25,2.380000114,0.01,0.01,-0.540000022
52.74,3301,-2729,3188,-2721,2035,2001,2073,1669,-1.139999986,-3.180000067,-2.599999905,0.02,0.02,-0.550000012
52.75,3310,-2785,3206,-2714,2038,1996,2074,1671,-1.460000038,-3.230000019,-0.589999974,0,0,-0.589999974
52.76,3308,-2764,3225,-2696,2029,1994,2074,1660,-0.469999999,-3.150000095,-0.589999974,0.01,0.059999999,-0.600000024
52.77,3332,-2751,3188,-2682,2030,1998,2074,1649,-0.99000001,-3.539999962,-0.519999981,-0.02,0.029999999,-0.639999986
52.78,3317,-2733,3253,-2674,2035,1997,2071,1639,0.289999992,-3.089999914,-0.860000014,0,0.050000001,-0.649999976
52.79,3306,-2682,3229,-2648,2039,1994,2070,1629,-1.100000024,-3.619999886,1,-0.02,0.01,-0.680000007
52.8,3350,-2731,3218,-2644,2044,1994,2071,1622,-0.800000012,-3.640000105,-2.150000095,-0.02,0.029999999,-0.689999998
52.81,3333,-2735,3267,-2620,2079,2001,2074,1618,-2.50999999,-3.670000076,-0.300000012,-0.039999999,-0.01,-0.730000019
52.82,3395,-2685,3238,-2593,2079,2010,2081,1612,-1.860000014,-3.640000105,-0.939999998,-0.02,0,-0.74000001
52.83,3339,-2704,3224,-2587,2090,2012,2093,1611,-1.159999967,-4.46999979,-0.340000004,-0.029999999,-0.02,-0.769999981
52.84,3287,-2693,3255,-2586,2091,2014,2106,1611,-1.889999986,-4.079999924,-0.600000024,0,0,-0.769999981
52.85,3410,-2670,3227,-2569,2081,2008,2132,1608,-1.570000052,-5.380000114,0.230000004,-0.029999999,0,-0.810000002
52.86,3305,-2652,3228,-2552,2057,1995,2132,1606,-3.849999905,-4.760000229,-0.649999976,0,-0.059999999,-0.819999993
52.87,3365,-2694,3250,-2552,2057,1981,2131,1599,-1.190000057,-4.130000114,-2.630000114,-0.029999999,-0.039999999,-0.839999974
52.88,3396,-2605,3228,-2495,2057,1966,2132,1599,-2.460000038,-4.769999981,1.620000005,0,-0.02,-0.850000024
52.89,3340,-2643,3224,-2510,2056,1933,2128,1574,0.109999999,-4.360000134,-1.230000019,0.01,0.01,-0.870000005
52.9,3355,-2633,3252,-2488,2054,1929,2123,1569,-1.179999948,-3.039999962,1.99000001,0.02,0.039999999,-0.879999995
52.91,3417,-2609,3186,-2481,2047,1929,2123,1568,-0.790000022,-4.179999828,-0.920000017,0.01,0.090000004,-0.910000026
52.92,3387,-2650,3226,-2477,2042,1931,2123,1568,-2.230000019,-4.269999981,-0.74000001,-0.02,-0.02,-0.910000026
52.93,3383,-2601,3192,-2450,2003,1937,2124,1551,-2.859999895,-5.019999981,-1.620000005,-0.059999999,0,-0.920000017
52.94,3327,-2625,3194,-2467,2003,1940,2130,1534,-1.179999948,-4.329999924,0.180000007,-0.02,0,-0.920000017
52.95,3289,-2610,3212,-2437,1990,1943,2134,1519,-3.75,-4.239999771,-2.349999905,-0.090000004,-0.059999999,-0.920000017
52.96,3350,-2609,3163,-2439,2014,1944,2150,1498,0.100000002,-3.75,3.150000095,0.029999999,0.129999995,-0.930000007
52.97,3313,-2569,3175,-2422,2071,1950,2151,1489,-1.5,-5.710000038,3.160000086,0.029999999,0.039999999,-0.939999998
52.98,3348,-2614,3161,-2439,2071,1957,2151,1486,-0.5,-4.820000172,1.309999943,0.079999998,0.140000001,-0.930000007
52.99,3377,-2597,3156,-2409,2098,1973,2148,1499,-1.820000052,-5.090000153,4.829999924,0.07,0.090000004,-0.939999998
53,3348,-2559,3150,-2418,2098,1992,2143,1504,-2.200000048,-5.75,-3.410000086,0.039999999,-0.050000001,-0.930000007
53.01,3352,-2604,3156,-2421,2097,2010,2138,1506,-2.109999895,-4.090000153,0.200000003,-0.01,-0.090000004,-0.939999998
53.02,3270,-2568,3123,-2419,2094,2010,2136,1525,-2.140000105,-5.340000153,-3.410000086,0.02,-0.07,-0.920000017
53.03,3372,-2567,3143,-2420,2080,2003,2136,1539,-1.00999999,-4.130000114,-0.949999988,-0.079999998,-0.109999999,-0.920000017
53.04,3296,-2557,3162,-2412,2080,1992,2134,1554,-2.329999924,-5.900000095,-1.049999952,0,-0.039999999,-0.899999976
53.05,3316,-2570,3133,-2418,2049,1986,2134,1554,-1.110000014,-3.839999914,-1.179999948,-0.07,-0.059999999,-0.899999976
53.06,3270,-2558,3115,-2429,2027,1976,2133,1554,-1.289999962,-4.5,1.360000014,0.059999999,-0.079999998,-0.899999976
53.07,3293,-2546,3171,-2418,2007,1970,2133,1556,0.079999998,-3.430000067,2.089999914,0,-0.039999999,-0.899999976
53.08,3260,-2570,3091,-2395,1992,1970,2134,1564,-1.679999948,-3.529999971,1.25999999,0,-0.029999999,-0.889999986
53.09,3273,-2535,3126,-2408,1992,1959,2139,1563,1.679999948,-2.539999962,1.649999976,0.029999999,0.050000001,-0.879999995
53.1,3278,-2521,3130,-2375,1992,1959,2140,1559,-2.519999981,-4.019999981,-0.899999976,-0.039999999,-0.07,-0.899999976
53.11,3277,-2540,3075,-2381,1991,1957,2139,1559,0.980000019,-1.929999948,-2.420000076,0.079999998,0.02,-0.879999995
53.12,3267,-2481,3098,-2385,1989,1957,2138,1560,-1.230000019,-3.430000067,-0.379999995,-0.02,-0.059999999,-0.889999986
53.13,3273,-2559,3119,-2366,1987,1958,2132,1564,0.259999991,-3.329999924,-2.619999886,0.01,0.02,-0.879999995
53.14,3260,-2514,3089,-2368,1984,1958,2129,1566,-1,-3.619999886,-0.119999997,0,-0.01,-0.889999986
53.15,3245,-2519,3075,-2368,1985,1955,2128,1566,0.730000019,-3.160000086,-3.569999933,-0.02,0.02,-0.879999995
53.16,3251,-2536,3096,-2347,1985,1951,2131,1565,0.090000004,-3.99000001,1.419999957,-0.039999999,0.039999999,-0.879999995
53.17,3221,-2477,3074,-2340,1992,1948,2134,1565,-0.610000014,-3.930000067,-0.660000026,-0.050000001,0.039999999,-0.889999986
53.18,3259,-2542,3090,-2337,1996,1950,2139,1564,1.25999999,-3.450000048,-0.170000002,0,0.039999999,-0.889999986
53.19,3245,-2501,3083,-2327,2005,1956,2137,1565,-0.589999974,-3.50999999,2.630000114,0,0.050000001,-0.910000026
53.2,3244,-2512,3060,-2340,2015,1964,2137,1566,0.620000005,-3.680000067,-0.519999981,-0.02,0.109999999,-0.910000026
53.21,3255,-2519,3060,-2335,2062,1964,2131,1559,0.129999995,-2.819999933,1.980000019,0,0.119999997,-0.920000017
53.22,3248,-2413,3054,-2319,2062,1963,2119,1558,-1.769999981,-3.809999943,-4.320000172,-0.059999999,0,-0.920000017
53.23,3180,-2549,3055,-2337,2080,1956,2104,1556,0.050000001,-3.069999933,-2.920000076,0.029999999,0.02,-0.910000026
53.24,3282,-2515,3043,-2308,2083,1958,2087,1557,-1.320000052,-1.899999976,-3.410000086,0,-0.050000001,-0.920000017
53.25,3250,-2460,3023,-2344,2081,1952,2091,1570,0.050000001,-4.929999828,-4.170000076,0.01,-0.039999999,-0.899999976
53.26,3251,-2507,3070,-2331,2081,1950,2109,1584,0.75,-3.710000038,0.460000008,0.050000001,0.029999999,-0.899999976
53.27,3229,-2452,2994,-2329,2070,1954,2130,1631,-0.550000012,-4.489999771,0.039999999,0.050000001,0.029999999,-0.889999986
53.28,3248,-2520,3046,-2339,2070,1953,2151,1659,0.100000002,-3.799999952,0.74000001,0.059999999,-0.02,-0.879999995
53.29,3197,-2487,3017,-2324,2058,1951,2163,1687,-1.529999971,-4.150000095,1.809999943,0.050000001,-0.01,-0.879999995
53.3,3202,-2463,2980,-2335,2047,1951,2167,1707,-1.279999971,-3.950000048,1.860000014,0.07,0,-0.870000005
53.31,3214,-2489,3022,-2323,2035,1967,2167,1709,-1.350000024,-3.50999999,1.690000057,0.01,0.01,-0.870000005
53.32,3167,-2471,2993,-2343,2028,1978,2164,1696,-3.940000057,-4.269999981,-0.219999999,0,-0.02,-0.850000024
53.33,3215,-2446,2998,-2340,2023,1989,2163,1688,-1.730000019,-2.539999962,-2.5,-0.059999999,-0.02,-0.860000014
53.34,3111,-2481,2997,-2310,2028,1997,2159,1674,-2.730000019,-4.28000021,2.450000048,-0.029999999,-0.039999999,-0.850000024
53.35,3152,-2471,3040,-2321,2028,1997,2151,1655,-1.379999995,-2.470000029,-2.549999952,-0.07,-0.029999999,-0.850000024
53.36,3200,-2419,2996,-2320,2028,1997,2139,1630,-1.350000024,-3.329999924,5.210000038,-0.059999999,0,-0.850000024
53.37,3106,-2449,3002,-2318,2032,1985,2118,1611,-0.850000024,-3.730000019,-0.540000022,-0.02,-0.02,-0.860000014
53.38,3291,-2465,3027,-2283,2032,1977,2112,1589,0.639999986,-1.929999948,4.050000191,0.029999999,0.02,-0.860000014
53.39,3195,-2352,2986,-2311,2028,1943,2115,1573,-1.190000057,-5.25,1.360000014,0.02,-0.02,-0.879999995
53.4,3196,-2500,3056,-2290,2027,1943,2120,1572,1.059999943,-2.309999943,-0.790000022,0.059999999,0.039999999,-0.879999995
53.41,3231,-2447,3023,-2272,2016,1931,2128,1575,-2.569999933,-4.690000057,1.5,0.029999999,0,-0.899999976
53.42,3170,-2423,2994,-2308,2007,1931,2128,1580,-2.319999933,-4.340000153,-4.579999924,0.07,-0.01,-0.879999995
53.43,3225,-2470,3010,-2291,1999,1948,2129,1588,-2.559999943,-4.690000057,-1.409999967,-0.07,-0.079999998,-0.889999986
53.44,3153,-2455,2998,-2289,1999,1965,2131,1606,-2.349999905,-4.940000057,-0.200000003,0.039999999,-0.039999999,-0.870000005
53.45,3181,-2424,2982,-2318,1990,1961,2137,1607,0.720000029,-3.980000019,2.180000067,-0.090000004,-0.039999999,-0.860000014
53.46,3092,-2443,2981,-2278,1992,1961,2147,1606,-2.339999914,-3.819999933,1.429999948,-0.050000001,0.01,-0.860000014
53.47,3189,-2443,2994,-2287,2003,1948,2155,1604,0.589999974,-3.210000038,0.02,-0.01,0.07,-0.860000014
53.48,3163,-2392,2945,-2283,2013,1950,2155,1605,-3.119999886,-3.99000001,1.679999948,-0.059999999,-0.050000001,-0.860000014
53.49,3198,-2458,2973,-2259,2032,1955,2157,1602,-0.209999993,-3.470000029,-1.389999986,0.029999999,0.029999999,-0.860000014
53.5,3153,-2432,2971,-2256,2045,1959,2155,1603,-1.879999995,-3.50999999,2.579999924,0,-0.079999998,-0.870000005
53.51,3111,-2433,2942,-2289,2047,1967,2147,1604,0.270000011,-2.809999943,-2.289999962,0.109999999,-0.02,-0.860000014
53.52,3218,-2419,2980,-2259,2023,1967,2144,1602,0.460000008,-2.160000086,2.859999895,0.090000004,0.02,-0.870000005
53.53,3168,-2447,2937,-2275,2004,1966,2140,1609,-0.920000017,-3.970000029,-1.210000038,0.07,0.01,-0.860000014
53.54,3202,-2466,2973,-2263,2004,1966,2141,1606,2.430000067,-1.970000029,2.680000067,0.090000004,0.07,-0.860000014
53.55,3168,-2355,2960,-2268,2012,1968,2142,1603,0.180000007,-4.25,3.019999981,0.01,0.039999999,-0.860000014
53.56,2973,-2475,2967,-2273,2012,1963,2145,1603,-0.270000011,-3.49000001,-2.119999886,-0.01,0.029999999,-0.860000014
53.57,3225,-2452,2959,-2271,2010,1942,2147,1597,-0.810000002,-2.730000019,0.800000012,0,0.01,-0.879999995
53.58,3209,-2384,2902,-2277,2013,1935,2146,1602,-3.779999971,-3.589999914,-4.699999809,-0.01,-0.07,-0.870000005
53.59,3278,-2452,3008,-2253,2022,1936,2145,1604,-1.779999971,-3.5,-4.369999886,0,-0.059999999,-0.860000014
53.6,3077,-2420,2963,-2289,2022,1945,2144,1631,-1.370000005,-3.619999886,-0.49000001,0.029999999,-0.059999999,-0.870000005
53.61,3057,-2410,2944,-2284,2030,1939,2141,1648,2.039999962,-3.049999952,-1.970000029,0.059999999,-0.039999999,-0.850000024
53.62,3338,-2451,2966,-2247,2029,1935,2139,1655,1.789999962,-2.75,4.119999886,0.090000004,0.07,-0.870000005
53.63,2867,-2330,2925,-2289,2027,1928,2131,1659,-0.180000007,-4.570000172,1.429999948,0.100000002,0.050000001,-0.850000024
53.64,3224,-2516,3015,-2264,2041,1928,2131,1659,2.140000105,-1.399999976,0.479999989,0.100000002,0.039999999,-0.850000024
53.65,3163,-2413,2930,-2235,2024,1935,2130,1657,-5.800000191,-4.860000134,-0.360000014,0.07,0.039999999,-0.870000005
53.66,3088,-2387,2933,-2288,2029,1932,2129,1653,-3.180000067,-3.170000076,0.699999988,-0.01,-0.050000001,-0.829999983
53.67,3178,-2442,2979,-2268,2033,1949,2133,1651,-3.170000076,-2.910000086,-1.340000033,-0.059999999,-0.109999999,-0.889999986
53.68,3142,-2387,2926,-2247,2035,1949,2140,1651,-3.470000029,-4.300000191,5.480000019,-0.100000002,-0.039999999,-0.860000014
53.69,3225,-2420,2993,-2270,2035,1941,2151,1652,-1.129999995,-2.369999886,2.200000048,-0.039999999,-0.029999999,-0.889999986
53.7,3164,-2370,2963,-2240,2035,1941,2153,1651,-3.49000001,-3.75,4.210000038,-0.07,-0.059999999,-0.889999986
53.71,3208,-2401,2968,-2227,2033,1936,2154,1653,0.829999983,-3.339999914,0.419999987,0.059999999,-0.039999999,-0.889999986
53.72,3169,-2375,2975,-2249,2033,1940,2153,1657,0.819999993,-2.930000067,7.019999981,0,0,-0.899999976
53.73,3127,-2411,2945,-2257,2036,1941,2152,1663,1.299999952,-3.49000001,4.71999979,0.100000002,0.050000001,-0.879999995
53.74,3239,-2391,2959,-2222,2034,1942,2142,1668,1.710000038,-2.75999999,1.840000033,0.02,0.059999999,-0.889999986
53.75,3213,-2381,2928,-2253,2028,1938,2138,1670,1.480000019,-3.470000029,1.860000014,0.059999999,0.07,-0.870000005
53.76,2913,-2430,2945,-2273,2014,1933,2138,1669,1.389999986,-2.640000105,-2.369999886,-0.01,0.039999999,-0.870000005
53.77,3222,-2372,2936,-2253,1999,1926,2137,1669,1.379999995,-2.99000001,0.280000001,-0.039999999,0.079999998,-0.850000024
53.78,3102,-2371,2883,-2261,1999,1909,2136,1669,-0.99000001,-3.930000067,-6.389999866,-0.029999999,0.029999999,-0.850000024
53.79,3121,-2403,2956,-2232,2057,1890,2136,1659,-0.569999993,-3.859999895,-4.340000153,-0.039999999,0.02,-0.839999974
53.8,3174,-2407,2911,-2241,2079,1890,2136,1656,0.839999974,-3.769999981,-2.25999999,0.029999999,0.050000001,-0.870000005
53.81,3130,-2406,2934,-2240,2093,1923,2135,1653,1.25,-3.299999952,-2.089999914,0.07,0.059999999,-0.860000014
53.82,2980,-2397,2950,-2223,2079,1947,2138,1638,1.139999986,-1.769999981,0.140000001,0.079999998,0.109999999,-0.879999995
53.83,3195,-2348,2919,-2239,2072,1956,2137,1619,0.769999981,-4.590000153,-2.130000114,0.090000004,0.07,-0.870000005
53.84,3231,-2420,2923,-2251,2070,1955,2137,1629,0.670000017,-2.180000067,-2.74000001,0.119999997,0,-0.879999995
53.85,2918,-2393,2911,-2228,2068,1950,2137,1646,0.629999995,-3.319999933,-0.970000029,0.100000002,0,-0.850000024
53.86,3054,-2339,2928,-2249,2066,1950,2135,1664,1.980000019,-1.860000014,-2.380000114,0.079999998,0.02,-0.870000005
53.87,3122,-2435,2884,-2239,2057,1948,2132,1681,-1.190000057,-3.880000114,-0.930000007,0.02,0.039999999,-0.850000024
53.88,3107,-2416,2902,-2227,2057,1931,2132,1698,-3.329999924,-2.319999933,-3.430000067,0.039999999,-0.039999999,-0.829999983
53.89,3162,-2363,2947,-2208,2052,1920,2136,1695,-0.870000005,-3.720000029,-3.819999933,-0.059999999,-0.01,-0.839999974
53.9,3038,-2379,2889,-2228,2048,1904,2139,1689,-2.079999924,-4.71999979,-0.200000003,0,-0.090000004,-0.839999974
53.91,3094,-2388,2922,-2230,2043,1893,2139,1685,-1.320000052,-2.390000105,-3.079999924,-0.02,-0.059999999,-0.860000014
53.92,3188,-2355,2942,-2205,2043,1893,2136,1684,-0.660000026,-4.179999828,4.539999962,-0.029999999,-0.02,-0.860000014
53.93,3156,-2392,2890,-2213,2038,1887,2132,1686,-0.300000012,-4.010000229,1.429999948,0.01,-0.02,-0.870000005
53.94,3060,-2409,2916,-2243,2038,1888,2123,1680,0.720000029,-3.049999952,3.480000019,0.079999998,0.01,-0.870000005
53.95,3113,-2379,2926,-2223,2026,1890,2121,1675,0.180000007,-3.549999952,2.390000105,0.029999999,0,-0.870000005
53.96,3098,-2406,2894,-2246,2021,1891,2117,1673,-0.939999998,-3.450000048,-3,0.02,-0.039999999,-0.860000014
53.97,3053,-2404,2938,-2276,2019,1892,2116,1680,-0.519999981,-4.090000153,-2.200000048,0,-0.079999998,-0.829999983
53.98,3059,-2433,2903,-2282,2016,1892,2116,1691,1.019999981,-3.059999943,-0.219999999,0.07,-0.01,-0.819999993
53.99,3036,-2376,2864,-2315,2014,1895,2113,1708,0.610000014,-3.130000114,-0.379999995,0,-0.07,-0.769999981
54,2997,-2482,2923,-2342,2014,1900,2117,1757,2.420000076,-2.599999905,0.75,0.059999999,0.050000001,-0.75
54.01,2989,-2482,2877,-2337,2016,1919,2122,1776,1.350000024,-2.940000057,2.789999962,0.050000001,0.01,-0.689999998
54.02,2965,-2326,2872,-2388,2012,1919,2124,1776,1.590000033,-1.440000057,-1.179999948,0.109999999,-0.01,-0.680000007
54.03,2943,-2531,2861,-2417,2006,1938,2121,1804,1.029999971,-1.399999976,-0.270000011,0.119999997,-0.02,-0.610000014
54.04,2949,-2523,2818,-2409,1992,1946,2112,1821,0.610000014,-0.340000004,-1.639999986,0.07,-0.029999999,-0.589999974
54.05,2942,-2363,2819,-2470,1954,1960,2110,1849,1.929999948,-0.879999995,-1.00999999,0.029999999,-0.039999999,-0.519999981
54.06,2861,-2596,2816,-2484,1936,1960,2109,1853,4.28000021,-1.529999971,0.850000024,0.02,0,-0.5
54.07,2931,-2552,2817,-2479,1926,1963,2110,1857,0.610000014,0.090000004,3.289999962,-0.02,-0.01,-0.449999988
54.08,2952,-2322,2781,-2526,1922,1963,2118,1863,1.74000001,-0.670000017,-0.349999994,0,0.02,-0.430000007
54.09,2576,-2678,2796,-2506,1921,1961,2117,1867,0.850000024,0.720000029,2.140000105,0.039999999,0.01,-0.370000005
54.1,2986,-2551,2802,-2490,1901,1974,2118,1867,-0.449999988,1.539999962,-2.819999933,0.050000001,-0.01,-0.370000005
54.11,2855,-2487,2740,-2568,1843,1986,2107,1872,1.169999957,-1.789999962,-1.450000048,0.029999999,0.029999999,-0.319999993
54.12,2604,-2658,2708,-2554,1843,1973,2064,1869,0.529999971,-0.850000024,0.560000002,-0.01,0.059999999,-0.289999992
54.13,2956,-2558,2774,-2519,1872,1984,2018,1866,1.450000048,-0.74000001,-1.960000038,-0.07,0.079999998,-0.300000012
54.14,2790,-2409,2767,-2596,1879,1984,2051,1858,-1.029999971,-2.369999886,-0.479999989,-0.07,0,-0.280000001
54.15,2736,-2729,2749,-2568,1847,1991,2104,1849,1.480000019,1.309999943,-0.039999999,0,0.029999999,-0.239999995
54.16,2824,-2499,2745,-2553,1847,2006,2124,1847,0.400000006,0.460000008,1.230000019,-0.029999999,-0.029999999,-0.25
54.17,2787,-2551,2754,-2640,1899,2019,2107,1858,1.600000024,-1.679999948,-1.210000038,0.090000004,0,-0.209999993
54.18,2780,-2812,2747,-2582,1915,2032,2076,1858,3.640000105,-0.050000001,2.099999905,0.119999997,0.090000004,-0.200000003
54.19,2783,-2443,2730,-2621,1907,2107,2037,1840,2.50999999,-2.440000057,3.400000095,0.07,0.059999999,-0.170000002
54.2,2805,-2703,2765,-2687,1908,2107,2022,1831,4.590000153,-2.069999933,-2.150000095,0.090000004,0.109999999,-0.170000002
54.21,2789,-2785,2758,-2605,1910,2111,2006,1809,-0.439999998,-0.310000002,2.029999971,0,0.029999999,-0.129999995
54.22,2786,-2698,2745,-2655,1910,2099,2006,1798,-0.289999992,0.449999988,-8.670000076,0.02,-0.039999999,-0.140000001
54.23,2817,-2701,2771,-2676,1892,2069,2018,1843,0.07,-2.00999999,-4.650000095,0.029999999,-0.079999998,-0.119999997
54.24,2820,-2639,2762,-2648,1883,1970,2037,1903,0.769999981,1.570000052,-4.5,0.07,-0.02,-0.129999995
54.25,2628,-2723,2761,-2687,1885,1922,2056,1957,1.080000043,-0.629999995,-2.839999914,0,0.01,-0.119999997
54.26,2979,-2710,2768,-2669,1896,1922,2060,1984,0.660000026,-0.49000001,2.359999895,0.050000001,0.029999999,-0.129999995
54.27,2817,-2497,2771,-2674,1916,1989,2071,1981,-0.699999988,-0.25,0.699999988,0.050000001,0.050000001,-0.140000001
54.28,2794,-2816,2820,-2687,1916,2034,2080,1948,0.319999993,-0.01,6.170000076,-0.029999999,0,-0.129999995
54.29,2866,-2826,2789,-2638,1958,2072,2082,1942,-2.480000019,1,3.069999933,-0.039999999,0,-0.189999998
54.3,2836,-2563,2807,-2711,1987,2068,2082,1943,-3.170000076,-0.680000007,3.170000076,-0.079999998,-0.029999999,-0.170000002
54.31,2874,-2821,2837,-2685,2005,2071,2080,1943,0.159999996,0.219999999,-0.680000007,-0.01,-0.07,-0.189999998
54.32,2847,-2700,2792,-2683,2003,2079,2079,1929,-3.49000001,0.209999993,2.170000076,-0.029999999,-0.07,-0.170000002
54.33,2891,-2742,2860,-2741,1994,2079,2080,1920,1.929999948,-0.870000005,-3.880000114,-0.02,-0.050000001,-0.170000002
54.34,2892,-2741,2840,-2717,1994,2076,2083,1918,0.649999976,-0.550000012,3.400000095,-0.039999999,-0.050000001,-0.159999996
54.35,2829,-2759,2820,-2753,1980,2067,2089,1919,1.669999957,-1.230000019,0.180000007,-0.01,-0.039999999,-0.140000001
54.36,2938,-2774,2857,-2764,1974,2067,2110,1917,3.890000105,-1.659999967,6.400000095,-0.050000001,-0.02,-0.140000001
54.37,3006,-2750,2825,-2760,1975,2050,2117,1918,0.409999996,-1.159999967,5.599999905,-0.01,-0.029999999,-0.119999997
54.38,2675,-2577,2848,-2794,1957,2043,2119,1917,3.039999962,-1.320000052,2.470000029,0,0,-0.109999999
54.39,3019,-2935,2875,-2764,1925,2038,2117,1917,1.620000005,-0.319999993,6.320000172,-0.029999999,-0.01,-0.119999997
54.4,2960,-2812,2814,-2719,1925,2031,2114,1913,0.569999993,-0.540000022,-4.710000038,-0.029999999,0.01,-0.119999997
54.41,2613,-2469,2870,-2818,1878,2029,2113,1907,3.900000095,-1.120000005,1.139999986,-0.029999999,0,-0.079999998
54.42,3149,-3072,2877,-2777,1879,2035,2103,1892,7.949999809,-0.270000011,-4.869999886,0,0.109999999,-0.100000002
54.43,2861,-2780,2776,-2686,1902,2031,2084,1874,-3.74000001,-1.019999981,3.00999999,-0.039999999,0.02,-0.100000002
54.44,2902,-2699,2909,-2820,1905,2025,2070,1856,3.369999886,-0.449999988,-2.220000029,0.01,0.140000001,-0.090000004
54.45,2953,-2913,2890,-2802,1916,2022,2052,1834,-0.419999987,-0.529999971,4.650000095,-0.050000001,0.059999999,-0.140000001
54.46,2913,-2773,2851,-2762,1916,2019,2045,1835,-6.210000038,-0.540000022,-5.21999979,-0.02,-0.059999999,-0.129999995
54.47,2983,-2830,2919,-2834,1931,2015,2045,1835,1.419999957,0.129999995,-4.650000095,0.01,-0.050000001,-0.170000002
54.48,2917,-2850,2937,-2801,1933,2015,2045,1834,-3.369999886,-0.230000004,-3.539999962,-0.039999999,-0.180000007,-0.140000001
54.49,2998,-2866,2960,-2833,1939,2022,2060,1838,2.299999952,-1.049999952,-9.43999958,-0.01,-0.050000001,-0.140000001
54.5,3047,-2843,2913,-2828,1939,2013,2050,1874,0.769999981,-1.399999976,0.469999999,0.029999999,-0.050000001,-0.140000001
54.51,2849,-2882,2946,-2834,1944,1992,2031,1905,1.529999971,-0.389999986,-8.399999619,0,0,-0.140000001
54.52,3088,-2881,2989,-2826,1940,1972,2035,1921,2.950000048,-1.330000043,3.74000001,-0.01,0,-0.140000001
54.53,3011,-2867,2936,-2874,1935,1965,2113,1924,1.299999952,-1.850000024,1.970000029,0,0.07,-0.129999995
54.54,2780,-2868,2974,-2843,1932,1969,2146,1934,-0.519999981,-0.400000006,3.039999962,0,-0.029999999,-0.129999995
54.55,3175,-2905,2972,-2844,1927,1984,2159,1950,2.180000067,-0.129999995,2.140000105,0,0.029999999,-0.150000006
54.56,2802,-2654,2910,-2869,1927,2001,2160,1960,-2.079999924,-1.639999986,0.349999994,-0.059999999,-0.029999999,-0.140000001
54.57,3080,-3030,2999,-2850,1943,2039,2159,1945,2.450000048,-0.230000004,-1.659999967,-0.029999999,0,-0.119999997
54.58,3022,-2948,2949,-2800,1955,2039,2153,1923,1.870000005,0.02,1.99000001,-0.02,0.090000004,-0.129999995
54.59,2753,-2574,2940,-2925,1979,2090,2129,1895,5.320000172,-1.50999999,0.560000002,0.02,0.090000004,-0.090000004
54.6,3242,-3160,3012,-2886,1996,2108,2112,1852,8.369999886,-0.479999989,-1.269999981,0.050000001,0.200000003,-0.129999995
54.61,2987,-2899,2919,-2765,1996,2125,2096,1709,-2.329999924,-3,4.139999866,0.02,0.079999998,-0.109999999
54.62,3026,-2848,3035,-2944,1996,2147,2095,1670,3.230000019,-1.399999976,-4.389999866,0.119999997,0.059999999,-0.129999995
54.63,3108,-2989,3024,-2925,1992,2173,2097,1699,-0.540000022,-1.25999999,5.699999809,0.02,-0.02,-0.170000002
54.64,3026,-2895,2977,-2851,1978,2173,2116,1761,-5.800000191,-0.920000017,-4.760000229,0,-0.129999995,-0.159999996
54.65,3096,-3009,3032,-2945,1971,2134,2137,1841,1.830000043,-0.259999991,-0.779999971,0,-0.129999995,-0.159999996
54.66,3064,-2869,3022,-2915,1961,2123,2161,1843,-3.269999981,-1.200000048,-3.25,-0.07,-0.100000002,-0.150000006
54.67,3113,-2944,3038,-2956,1948,2111,2189,1845,3.440000057,-0.930000007,-7.119999886,-0.07,-0.100000002,-0.150000006
54.68,3092,-2947,3037,-2916,1944,2094,2186,1850,0.930000007,-0.409999996,2.579999924,0.059999999,0.059999999,-0.150000006
54.69,3067,-2875,3047,-2903,1944,2083,2184,1857,1.679999948,-0.49000001,-5.559999943,0.059999999,0.059999999,-0.150000006
54.7,3111,-3004,3048,-2932,1942,2074,2178,1852,2.769999981,-0.800000012,6.480000019,0.090000004,0.090000004,-0.159999996
54.71,3045,-2927,3048,-2910,1938,2075,2167,1847,0.680000007,-0.680000007,1,0.090000004,0.090000004,-0.159999996
54.72,2947,-2758,3056,-2923,1936,2075,2155,1847,0.74000001,-0.439999998,3.789999962,0,0.01,-0.170000002
54.73,3216,-3077,3049,-2907,1938,2062,2111,1831,2.640000105,-1.139999986,1,0,0.029999999,-0.170000002
54.74,3029,-2903,3059,-2896,1939,2052,2093,1809,0.270000011,-0.889999986,-0.579999983,-0.100000002,0.039999999,-0.170000002
54.75,3091,-2770,3128,-2948,1947,2039,2082,1777,5.420000076,-1.25999999,-0.550000012,-0.100000002,0.039999999,-0.170000002
54.76,3246,-3159,3070,-2889,1956,2040,2076,1771,5.28000021,-1.409999967,-6.590000153,-0.02,0.050000001,-0.189999998
54.77,3106,-2878,3099,-2897,1959,2042,2072,1766,-0.349999994,-1.679999948,0.74000001,-0.02,0.050000001,-0.189999998
54.78,3186,-2925,3173,-2952,1956,2040,2088,1761,1.029999971,-0.980000019,-6.150000095,-0.059999999,0.050000001,-0.25
54.79,3176,-3062,3076,-2868,1958,2042,2092,1760,-0.850000024,-1.399999976,-0.579999983,-0.059999999,0.050000001,-0.25
54.8,3207,-2854,3164,-2908,1963,2041,2098,1760,-5.590000153,-1.320000052,-8.539999962,-0.059999999,-0.090000004,-0.300000012
54.81,3179,-3005,3165,-2921,1966,2031,2108,1771,-0.430000007,-2.059999943,-8.510000229,-0.059999999,-0.090000004,-0.300000012
54.82,3213,-2915,3144,-2896,1965,2043,2115,1775,-2.869999886,-2.630000114,-1.49000001,0,-0.050000001,-0.289999992
54.83,3235,-2963,3167,-2914,1966,2043,2127,1775,0.920000017,-2.029999971,-8.43999958,0,-0.050000001,-0.289999992
54.84,3182,-2980,3162,-2924,1979,2049,2133,1806,0.25,-2.230000019,5.960000038,0.079999998,0.029999999,-0.300000012
54.85,3169,-2929,3191,-2901,1991,2047,2129,1807,0.379999995,-1.429999948,-3.359999895,0.079999998,0.029999999,-0.300000012
54.86,3291,-2997,3180,-2944,1986,2047,2127,1791,2.690000057,-1.850000024,9.81000042,0.100000002,0.050000001,-0.300000012
54.87,3212,-2970,3159,-2924,1986,2047,2126,1790,-0.469999999,-1.350000024,3.920000076,0.100000002,0.050000001,-0.300000012
54.88,3232,-2953,3188,-2943,1985,2046,2125,1795,-0.74000001,-0.99000001,2.400000095,0,-0.029999999,-0.319999993
54.89,3245,-2991,3164,-2959,1989,2039,2114,1811,0.07,-0.560000002,2.779999971,0,-0.029999999,-0.319999993
54.9,3241,-2982,3179,-2944,1987,2037,2118,1825,-2.839999914,-2.50999999,-2.869999886,-0.090000004,-0.140000001,-0.319999993
54.91,3251,-2965,3203,-2962,1991,2045,2132,1841,-1.590000033,-0.860000014,-2.230000019,-0.090000004,-0.140000001,-0.319999993
54.92,3230,-2972,3187,-2941,1993,2051,2144,1854,-1.090000033,-2.680000067,1.200000048,-0.059999999,-0.140000001,-0.310000002
54.93,3275,-2975,3193,-2966,1990,2048,2152,1852,-1.129999995,-0.920000017,-0.340000004,-0.059999999,-0.140000001,-0.310000002
54.94,3251,-2921,3207,-2945,1991,2047,2158,1852,1.059999943,-1.389999986,8.68999958,0,0,-0.319999993
54.95,3169,-2981,3195,-2970,1990,2037,2165,1849,-0.01,-1.639999986,5.409999847,0,0,-0.319999993
54.96,3354,-2924,3176,-2938,1973,2035,2164,1845,2.25,-2.50999999,6.949999809,0,0.029999999,-0.319999993
54.97,3244,-2868,3185,-2938,1978,2034,2158,1831,-0.790000022,-2.49000001,8.510000229,0,0.029999999,-0.319999993
54.98,3222,-3073,3219,-2933,1983,2033,2149,1813,0.389999986,-2.789999962,0.01,-0.039999999,0.01,-0.360000014
54.99,3329,-2976,3168,-2895,1990,2043,2137,1801,-2.430000067,-0.349999994,4.659999847,-0.039999999,0.01,-0.360000014
55,3273,-2895,3252,-2952,1994,2025,2118,1787,-2.319999933,-2.779999971,-4.190000057,-0.059999999,-0.050000001,-0.370000005
55.01,3302,-2983,3254,-2911,1999,2026,2117,1775,-1.519999981,-1.49000001,-2.589999914,-0.059999999,-0.050000001,-0.370000005
55.02,3344,-2956,3233,-2922,2002,2028,2117,1758,-1.879999995,-2.589999914,-1,-0.02,-0.050000001,-0.400000006
55.03,3308,-2951,3283,-2940,1999,2026,2117,1747,-0.970000029,-2.599999905,-2.059999943,-0.02,-0.050000001,-0.400000006
55.04,3382,-2961,3292,-2895,1993,2024,2117,1748,0.150000006,-1.710000038,3.019999981,0,-0.039999999,-0.439999998
55.05,3300,-2976,3278,-2925,1989,2019,2119,1748,1.169999957,-2.680000067,2.349999905,0,-0.039999999,-0.439999998
55.06,3318,-2944,3291,-2908,1989,2006,2121,1749,1.529999971,-2.670000076,2.559999943,-0.02,0.02,-0.469999999
55.07,3480,-2940,3303,-2898,1988,1989,2127,1752,2.019999981,-2.480000019,4.269999981,-0.02,0.02,-0.469999999
55.08,3336,-2974,3291,-2900,1990,1966,2132,1758,-0.579999983,-2.640000105,-3.789999962,-0.039999999,-0.02,-0.49000001
55.09,3378,-2934,3340,-2878,1991,1944,2133,1765,1.74000001,-1.690000057,0.340000004,-0.039999999,-0.02,-0.49000001
55.1,3417,-2904,3289,-2884,2005,1926,2135,1765,1.74000001,-1.639999986,-5.090000153,0.029999999,0.039999999,-0.519999981
55.11,3300,-2973,3325,-2878,2008,1923,2133,1787,1.25,-2.470000029,-2.75,0.029999999,0.039999999,-0.519999981
55.12,3219,-2950,3347,-2869,2008,1923,2133,1796,0.159999996,-2.00999999,-3.329999924,0.029999999,0.059999999,-0.540000022
55.13,3532,-2836,3304,-2875,2008,1920,2134,1799,-0.119999997,-2.849999905,-4.320000172,0.039999999,0.100000002,-0.550000012
55.14,3315,-3047,3300,-2873,2011,1919,2132,1792,-0.800000012,-2.720000029,-0.07,0.039999999,0,-0.560000002
55.15,3444,-2948,3344,-2821,1999,1926,2133,1778,-0.899999976,-2.029999971,-3.049999952,0.039999999,0,-0.560000002
55.16,3407,-2863,3267,-2893,2003,1934,2134,1771,1.889999986,-1.110000014,3.630000114,0.07,0.050000001,-0.550000012
55.17,3290,-3020,3319,-2855,2006,1940,2130,1766,1.080000043,-2.859999895,0.709999979,0.07,0.050000001,-0.550000012
55.18,3543,-2860,3308,-2859,1990,1951,2132,1764,0.159999996,-0.910000026,0.860000014,0.039999999,0.059999999,-0.560000002
55.19,3406,-2876,3283,-2891,1982,1958,2134,1757,-1.570000052,-3.420000076,-0.920000017,0.039999999,0.059999999,-0.560000002
55.2,3372,-3060,3341,-2868,1965,1964,2141,1726,-0.509999991,-2.140000105,-1.059999943,-0.050000001,-0.01,-0.569999993
55.21,3464,-2892,3281,-2864,1938,1982,2154,1705,-1.600000024,-1.519999981,0.419999987,-0.050000001,-0.01,-0.569999993
55.22,3422,-2842,3298,-2904,1938,1982,2169,1705,-2.299999952,-3.74000001,1,-0.100000002,-0.01,-0.560000002
55.23,3417,-2987,3328,-2887,1868,1983,2183,1658,-1.879999995,-1.50999999,-1.269999981,-0.039999999,-0.039999999,-0.560000002
55.24,3434,-2910,3304,-2897,1836,1989,2194,1634,-1.950000048,-1.440000057,3.529999971,-0.039999999,-0.02,-0.550000012
55.25,3376,-2950,3371,-2892,1839,1993,2199,1620,0.779999971,-2.480000019,0.330000013,-0.039999999,-0.02,-0.550000012
55.26,3457,-2948,3333,-2869,1864,2008,2201,1614,-0.370000005,-1.769999981,5.849999905,0,0.079999998,-0.550000012
55.27,3358,-2954,3316,-2884,1904,2040,2200,1613,1.470000029,-3.150000095,3.450000048,0,0.079999998,-0.550000012
55.28,3388,-2981,3372,-2889,1928,2060,2193,1618,-0.349999994,-2.660000086,0.879999995,0.029999999,0.01,-0.560000002
55.29,3531,-2910,3328,-2885,1940,2080,2193,1621,-0.200000003,-2.430000067,0.25,0.029999999,0.01,-0.560000002
55.3,3391,-2976,3341,-2876,1980,2087,2196,1622,-0.419999987,-3.079999924,0.600000024,0,0,-0.540000022
55.31,3453,-2953,3390,-2896,1986,2090,2196,1622,2.119999886,-3.00999999,0.550000012,0,0,-0.540000022
55.32,3455,-2843,3312,-2903,1987,2092,2197,1633,1.399999976,-2.809999943,-1.179999948,0.100000002,0.059999999,-0.560000002
55.33,3429,-3111,3384,-2894,1984,2088,2196,1643,2.49000001,-3.059999943,-0.090000004,0.100000002,0.059999999,-0.560000002
55.34,3444,-2914,3360,-2878,1983,2088,2197,1652,0.469999999,-1.440000057,-3.190000057,0.090000004,0.07,-0.569999993
55.35,3463,-2830,3368,-2912,1964,2073,2198,1658,1.99000001,-3.289999962,-1.850000024,0.090000004,0.07,-0.569999993
55.36,3416,-3165,3390,-2873,1941,2053,2194,1660,2.400000095,-3.309999943,-3.779999971,0.039999999,-0.02,-0.579999983
55.37,3486,-2872,3367,-2884,1916,2036,2195,1662,-1.820000052,-1.659999967,-3.410000086,0.039999999,-0.02,-0.579999983
55.38,3407,-2932,3365,-2932,1903,2001,2196,1664,1.429999948,-3.079999924,-0.670000017,0.01,0.01,-0.579999983
55.39,3376,-3035,3366,-2855,1886,1996,2196,1658,0.389999986,-1.539999962,0.709999979,0.01,0.01,-0.579999983
55.4,3590,-2868,3369,-2887,1868,1978,2195,1656,-1.269999981,-1.340000033,0.189999998,0.02,0.059999999,-0.579999983
55.41,3392,-2942,3325,-2888,1882,1951,2195,1650,0.360000014,-3.599999905,-1.450000048,0.02,0.059999999,-0.579999983
55.42,3269,-2946,3406,-2855,1882,1931,2195,1640,-2.359999895,-2.24000001,0.629999995,-0.039999999,0,-0.579999983
55.43,3596,-2923,3365,-2842,1880,1928,2191,1625,-0.589999974,-3.599999905,-3.059999943,-0.01,0.059999999,-0.639999986
55.44,3471,-2914,3360,-2833,1911,1925,2187,1573,-3.150000095,-4.550000191,0.680000007,0,-0.01,-0.670000017
55.45,3499,-2919,3418,-2826,1929,1924,2177,1547,-1.620000005,-2.589999914,-4.440000057,0,-0.01,-0.670000017
55.46,3559,-2917,3364,-2797,1940,1923,2170,1535,0.720000029,-3.640000105,4.429999828,0.01,0.01,-0.74000001
55.47,3474,-2887,3435,-2793,1977,1928,2163,1534,-1.210000038,-4.53000021,1.710000038,0.01,0.01,-0.74000001
55.48,3686,-2909,3401,-2786,1998,1936,2159,1533,1.600000024,-4.550000191,3.579999924,-0.01,0.039999999,-0.779999971
55.49,3543,-2913,3399,-2784,2027,1902,2154,1540,-1.389999986,-4.46999979,5.489999771,-0.01,0.039999999,-0.779999971
55.5,3595,-2826,3497,-2785,2043,1850,2153,1546,-0.25,-4.179999828,-1.450000048,-0.029999999,0,-0.829999983
55.51,3665,-2865,3417,-2796,2052,1792,2135,1556,-0.340000004,-3.920000076,2.089999914,-0.029999999,0,-0.829999983
55.52,3597,-2931,3449,-2787,2070,1781,2119,1569,-1.840000033,-5.380000114,-4.739999771,-0.039999999,-0.050000001,-0.860000014
55.53,3633,-2930,3486,-2794,2070,1811,2119,1591,-1.769999981,-3.910000086,-2.640000105,-0.039999999,-0.050000001,-0.860000014
55.54,3646,-2936,3456,-2801,2112,1837,2115,1655,-1.090000033,-5.039999962,-1.950000048,-0.119999997,-0.090000004,-0.850000024
55.55,3622,-2945,3452,-2794,2134,1822,2115,1685,-0.949999988,-4.150000095,-0.200000003,-0.119999997,-0.090000004,-0.850000024
55.56,3638,-2938,3509,-2805,2150,1806,2128,1710,0.569999993,-4.929999828,3.089999914,-0.100000002,-0.050000001,-0.839999974
55.57,3625,-2909,3451,-2797,2158,1805,2128,1736,-0.180000007,-4.730000019,2.619999886,-0.100000002,-0.050000001,-0.839999974
55.58,3617,-2952,3501,-2817,2200,1813,2132,1759,-0.270000011,-4.260000229,1.909999967,-0.090000004,-0.059999999,-0.839999974
55.59,3612,-2930,3518,-2796,2205,1819,2155,1792,-0.140000001,-3.690000057,2.349999905,-0.090000004,-0.059999999,-0.839999974
55.6,3631,-2886,3472,-2805,2192,1814,2191,1803,-0.980000019,-5.03000021,-0.509999991,-0.01,-0.059999999,-0.829999983
55.61,3648,-2923,3534,-2799,2173,1798,2241,1823,0.769999981,-4.739999771,2.269999981,-0.01,-0.059999999,-0.829999983
55.62,3631,-2913,3509,-2788,2173,1798,2301,1823,-1.330000043,-4.300000191,-0.170000002,0.07,-0.050000001,-0.839999974
55.63,3735,-2920,3453,-2810,2102,1815,2337,1868,0.519999981,-4.170000076,0.379999995,0.119999997,0,-0.839999974
55.64,3519,-2906,3459,-2794,2069,1828,2305,1875,1.149999976,-4.119999886,4.71999979,0.129999995,0.109999999,-0.819999993
55.65,3518,-2942,3431,-2816,2038,1838,2268,1837,1.029999971,-2.549999952,1.669999957,0.129999995,0.109999999,-0.819999993
55.66,3738,-2896,3444,-2806,2029,1868,2236,1810,2.5,-3.269999981,3.150000095,0,0.109999999,-0.790000022
55.67,3552,-2894,3415,-2791,2054,1870,2211,1775,-1.279999971,-4.199999809,2.789999962,0,0.109999999,-0.790000022
55.68,3591,-2992,3467,-2779,2083,1874,2179,1735,0.870000005,-3.809999943,1.149999976,-0.079999998,0.100000002,-0.819999993
55.69,3716,-2914,3433,-2784,2115,1872,2174,1690,0.189999998,-2.640000105,2.670000076,-0.079999998,0.100000002,-0.819999993
55.7,3646,-2831,3483,-2794,2125,1863,2164,1607,-3.440000057,-3.900000095,-5.150000095,-0.050000001,0.01,-0.850000024
55.71,3636,-3053,3480,-2786,2133,1858,2155,1585,-1.129999995,-2.359999895,-5.590000153,-0.050000001,0.01,-0.850000024
55.72,3668,-2987,3486,-2770,2136,1853,2144,1585,-1.779999971,-3.450000048,-3.769999981,-0.07,-0.07,-0.850000024
55.73,3694,-2877,3514,-2786,2134,1843,2132,1574,-0.949999988,-4.539999962,-4.400000095,-0.039999999,-0.079999998,-0.889999986
55.74,3717,-2979,3530,-2776,2127,1825,2117,1565,1.75999999,-5.119999886,1.779999971,0.050000001,-0.07,-0.910000026
55.75,3709,-2833,3508,-2807,2109,1823,2121,1570,-0.75,-4.460000038,1.159999967,0.050000001,-0.07,-0.910000026
55.76,3725,-3022,3510,-2795,2100,1825,2133,1604,1.970000029,-5.440000057,2.200000048,0,0,-0.899999976
55.77,3695,-2901,3531,-2791,2092,1819,2146,1627,-0.389999986,-3.819999933,5.639999866,0,0,-0.899999976
55.78,3663,-2896,3525,-2822,2090,1804,2161,1654,-1.50999999,-4.789999962,-1.909999967,-0.02,-0.100000002,-0.889999986
55.79,3681,-2949,3505,-2792,2089,1802,2204,1674,-0.779999971,-4.380000114,0.129999995,-0.02,-0.100000002,-0.889999986
55.8,3672,-2882,3493,-2806,2095,1802,2221,1684,-1.129999995,-4.579999924,-0.879999995,-0.029999999,-0.039999999,-0.860000014
55.81,3666,-2944,3490,-2813,2096,1803,2226,1686,0.579999983,-5.550000191,-0.759999991,-0.029999999,-0.039999999,-0.860000014
55.82,3641,-2924,3521,-2818,2094,1803,2226,1678,-0.759999991,-4.699999809,1.460000038,0.07,0.059999999,-0.860000014
55.83,3661,-2925,3510,-2830,2094,1805,2224,1678,0.389999986,-4.170000076,-1.049999952,0.07,0.059999999,-0.860000014
55.84,3683,-2945,3462,-2763,2079,1835,2211,1625,-0.25,-4.840000153,2.460000038,0.050000001,0.050000001,-0.860000014
55.85,3717,-2932,3533,-2812,2078,1849,2208,1594,1.370000005,-3.880000114,1.129999995,0.050000001,0.050000001,-0.860000014
55.86,3704,-2904,3494,-2807,2083,1860,2208,1581,-0.479999989,-3.75999999,-1.649999976,0.07,-0.059999999,-0.860000014
55.87,3661,-2985,3536,-2796,2088,1868,2208,1610,0.01,-4.019999981,-2.00999999,0.07,-0.059999999,-0.860000014
55.88,3761,-2930,3505,-2821,2084,1881,2212,1622,1.669999957,-3.329999924,-0.829999983,0.02,-0.039999999,-0.860000014
55.89,3743,-2872,3496,-2816,2082,1892,2214,1624,-1.139999986,-4.150000095,-0.379999995,0.02,-0.039999999,-0.860000014
55.9,3610,-3075,3569,-2837,2086,1895,2221,1624,1.610000014,-4.039999962,0.340000004,0.050000001,0,-0.860000014
55.91,3697,-2945,3497,-2808,2084,1897,2221,1624,-0.509999991,-3.25999999,1.840000033,0.050000001,0,-0.860000014
55.92,3717,-2944,3477,-2842,2078,1893,2213,1628,-0.589999974,-3.220000029,1.210000038,0,-0.01,-0.850000024
55.93,3641,-3033,3546,-2827,2076,1884,2218,1631,-0.759999991,-3.890000105,-0.039999999,0,-0.01,-0.850000024
55.94,3675,-2941,3486,-2844,2075,1881,2232,1631,-2.420000076,-2.559999943,-2.75,0.050000001,-0.100000002,-0.839999974
55.95,3663,-3000,3518,-2840,2076,1883,2238,1632,0.889999986,-3.970000029,-2.980000019,0.050000001,-0.100000002,-0.839999974
55.96,3661,-2966,3527,-2850,2075,1882,2238,1639,0.469999999,-3.329999924,4.150000095,0.059999999,0.029999999,-0.839999974
55.97,3691,-2985,3485,-2851,2058,1881,2236,1645,0.090000004,-3.720000029,0.310000002,0.059999999,0.029999999,-0.839999974
55.98,3584,-2981,3559,-2845,2052,1886,2236,1648,0.689999998,-3.710000038,2.630000114,0.079999998,0,-0.819999993
55.99,3617,-2940,3503,-2882,2045,1889,2236,1652,-0.340000004,-3.589999914,2.579999924,0.079999998,0,-0.819999993
56,3718,-3086,3490,-2905,2043,1892,2232,1669,0.980000019,-3.140000105,1.820000052,0.029999999,0,-0.790000022
56.01,3492,-2975,3502,-2895,2046,1896,2228,1669,-2.640000105,-2.940000057,3.940000057,0.029999999,0,-0.790000022
56.02,3743,-2996,3510,-2900,2045,1900,2226,1687,-2.299999952,-2.930000067,-0.699999988,0,-0.039999999,-0.769999981
56.03,3674,-3062,3469,-2930,2048,1907,2226,1684,-2.890000105,-3.029999971,-2.910000086,0,-0.039999999,-0.769999981
56.04,3573,-2957,3504,-2928,2060,1914,2221,1703,-5.420000076,-3.460000038,1.320000052,-0.02,-0.039999999,-0.74000001
56.05,3645,-3056,3478,-2936,2058,1921,2221,1722,-0.230000004,-2.99000001,-4.369999886,-0.02,-0.039999999,-0.74000001
56.06,3606,-2997,3504,-2930,2054,1920,2220,1731,-3.349999905,-3.859999895,6.900000095,-0.039999999,-0.02,-0.709999979
56.07,3609,-2979,3522,-2948,2047,1905,2217,1733,0.259999991,-1.690000057,-3.730000019,-0.039999999,-0.02,-0.709999979
56.08,3606,-3031,3493,-2951,2039,1894,2216,1728,0.219999999,-3.75999999,8.840000153,-0.059999999,0,-0.689999998
56.09,3603,-2997,3520,-2945,2040,1887,2215,1720,-0.050000001,-2.180000067,-0.75,-0.059999999,0,-0.689999998
56.1,3616,-3035,3477,-2973,2044,1879,2209,1711,0.460000008,-3.289999962,6.789999962,0,-0.050000001,-0.680000007
56.11,3581,-2997,3499,-2954,2040,1862,2199,1711,0.209999993,-3.069999933,1.769999981,0,-0.050000001,-0.680000007
56.12,3495,-3005,3480,-2986,2038,1862,2197,1711,1.360000014,-3.00999999,2.420000076,0.01,0,-0.670000017
56.13,3650,-3088,3459,-2971,2036,1871,2202,1713,1.570000052,-3.599999905,4.190000057,0.01,0,-0.660000026
56.14,3556,-2989,3471,-2988,2037,1875,2203,1716,-0.170000002,-3.599999905,-2.319999933,0.01,0.059999999,-0.620000005
56.15,3573,-3072,3485,-2990,2040,1877,2203,1725,2.190000057,-4.019999981,-0.150000006,0.01,0.059999999,-0.620000005
56.16,3589,-3039,3443,-2978,2046,1883,2203,1732,1.549999952,-3.950000048,-3.670000076,0.01,0.029999999,-0.600000024
56.17,3545,-2973,3482,-3014,2046,1897,2203,1733,1.149999976,-3.569999933,-1.879999995,0.01,0.029999999,-0.600000024
56.18,3559,-3203,3458,-2967,2045,1902,2196,1725,2.599999905,-3,-1.940000057,0.01,0.079999998,-0.589999974
56.19,3577,-3024,3457,-3005,2049,1908,2194,1719,0.289999992,-2.450000048,-1.720000029,0.01,0.079999998,-0.589999974
56.2,3568,-2960,3483,-3035,2063,1902,2193,1721,0.280000001,-1.679999948,-2.440000057,0.029999999,0.059999999,-0.600000024
56.21,3524,-3275,3462,-2970,2060,1899,2192,1722,-0.419999987,-2.099999905,-3.49000001,0.029999999,0.059999999,-0.600000024
56.22,3661,-2968,3481,-3020,2056,1903,2191,1723,-1.970000029,-1.059999943,-1.539999962,0.02,-0.029999999,-0.589999974
56.23,3549,-3093,3485,-3028,2067,1898,2193,1727,-0.050000001,-3.519999981,-3.809999943,0.02,-0.029999999,-0.589999974
56.24,3560,-3112,3490,-2980,2069,1910,2192,1728,0.860000014,-3.200000048,2.160000086,0.01,0,-0.589999974
56.25,3622,-2974,3482,-3044,2070,1912,2190,1730,-0.129999995,-1.820000052,0.810000002,0.01,0,-0.589999974
56.26,3555,-3141,3484,-3049,2070,1910,2190,1737,1.029999971,-4.46999979,2.609999895,-0.029999999,0,-0.579999983
56.27,3572,-3081,3470,-3020,2077,1908,2192,1754,-2.349999905,-0.920000017,3.960000038,-0.02,-0.039999999,-0.579999983
56.28,3492,-3084,3487,-3068,2077,1910,2200,1761,0.259999991,-3.190000057,1.419999957,0,-0.059999999,-0.550000012
56.29,3505,-3179,3474,-3035,2075,1914,2201,1761,-1.379999995,-2.029999971,3.289999962,0,-0.059999999,-0.550000012
56.3,3682,-3067,3465,-3061,2067,1916,2200,1756,-1.299999952,-1.870000005,0.620000005,0.029999999,-0.039999999,-0.509999991
56.31,3453,-3140,3469,-3085,2058,1915,2200,1755,-0.699999988,-3.410000086,0.300000012,0.029999999,-0.039999999,-0.509999991
56.32,3576,-3120,3507,-3072,2040,1926,2199,1748,-0.689999998,-2.880000114,1.940000057,-0.039999999,0,-0.5
56.33,3596,-3130,3468,-3095,2040,1940,2199,1748,-0.02,-2.369999886,0.870000005,-0.039999999,0,-0.5
56.34,3514,-3152,3477,-3090,2037,1939,2198,1754,-2.029999971,-4.570000172,0.589999974,-0.050000001,-0.090000004,-0.479999989
56.35,3587,-3096,3471,-3108,2030,1936,2197,1755,-0.529999971,-1.320000052,0.050000001,-0.050000001,-0.090000004,-0.479999989
56.36,3539,-3171,3425,-3112,2031,1931,2197,1754,-0.610000014,-2.910000086,2.710000038,-0.029999999,-0.059999999,-0.449999988
56.37,3495,-3148,3482,-3115,2009,1928,2197,1754,-0.219999999,-0.970000029,0.620000005,-0.029999999,-0.059999999,-0.449999988
56.38,3520,-3073,3472,-3142,1953,1910,2198,1754,0.730000019,-2.069999933,2.440000057,0.01,0,-0.439999998
56.39,3488,-3173,3441,-3118,1913,1839,2197,1754,1.070000052,-2.309999943,2.660000086,0.01,0,-0.439999998
56.4,3487,-3151,3454,-3111,1912,1847,2195,1754,0.930000007,-1.860000014,1.549999952,0.01,0.07,-0.430000007
56.41,3602,-3046,3428,-3125,1941,1887,2183,1755,0.819999993,-2.049999952,1.679999948,0.01,0.07,-0.430000007
56.42,3508,-3227,3426,-3126,1972,1887,2183,1756,1.070000052,-3.089999914,-1.070000052,0.01,0.059999999,-0.430000007
56.43,3462,-3132,3470,-3093,1989,1937,2172,1751,-0.620000005,-1.330000043,0.899999976,-0.01,0.029999999,-0.430000007
56.44,3656,-3102,3434,-3149,2005,1946,2166,1750,1.019999981,-1.350000024,-1.860000014,0.02,0.050000001,-0.409999996
56.45,3390,-3286,3449,-3102,2024,1958,2157,1742,-1.139999986,-2.069999933,-1.629999995,0.02,0.050000001,-0.409999996
56.46,3688,-3134,3488,-3135,2030,1969,2157,1737,-2.019999981,-0.479999989,-1.75,0.029999999,0.050000001,-0.430000007
56.47,3508,-3198,3404,-3151,2049,1968,2157,1746,-1.330000043,-2.279999971,-5.570000172,0.029999999,0.050000001,-0.430000007
56.48,3505,-3222,3522,-3129,2056,1970,2162,1750,-3.839999914,-2.859999895,0.949999988,0.029999999,-0.059999999,-0.439999998
56.49,3595,-3148,3483,-3165,2062,1976,2167,1767,-0.370000005,-1.50999999,-4.730000019,0.029999999,-0.059999999,-0.439999998
56.5,3504,-3236,3468,-3148,2065,1974,2166,1783,-2.039999962,-4.019999981,6.199999809,0.039999999,-0.050000001,-0.419999987
56.51,3555,-3198,3505,-3168,2063,1977,2165,1809,1.279999971,-0.100000002,2.00999999,0.039999999,-0.050000001,-0.419999987
56.52,3538,-3224,3463,-3167,2059,1976,2176,1835,-0.910000026,-2.519999981,5.139999866,0,-0.059999999,-0.400000006
56.53,3555,-3198,3480,-3159,2048,1976,2177,1857,0.330000013,-1.289999962,3.180000067,0,-0.059999999,-0.400000006
56.54,3539,-3171,3520,-3190,2037,1970,2176,1863,1.080000043,-2.410000086,5.420000076,-0.029999999,-0.059999999,-0.379999995
56.55,3540,-3323,3464,-3188,2025,1959,2175,1854,0.360000014,-1.519999981,3.700000048,-0.029999999,-0.059999999,-0.379999995
56.56,3560,-3180,3486,-3195,2015,1949,2175,1852,0.779999971,-1.169999957,1.419999957,0,0.02,-0.370000005
56.57,3516,-3117,3491,-3208,2015,1943,2175,1848,1.970000029,-1.879999995,1.809999943,0,0.02,-0.370000005
56.58,3558,-3399,3491,-3184,2015,1951,2166,1835,2.359999895,-1.960000038,-1.440000057,0,0.039999999,-0.370000005
56.59,3562,-3177,3482,-3213,2012,1961,2170,1818,-1.139999986,-1.149999976,0,0,0.039999999,-0.370000005
56.6,3542,-3188,3476,-3243,2017,1957,2170,1815,-1.179999948,-2.279999971,-3.230000019,0.01,-0.029999999,-0.349999994
56.61,3543,-3301,3481,-3198,2015,1952,2168,1820,-0.680000007,-1.470000029,-3.430000067,0.01,-0.029999999,-0.349999994
56.62,3524,-3198,3466,-3216,2019,1954,2169,1820,-2.519999981,-1.149999976,0.430000007,0.029999999,-0.039999999,-0.360000014
56.63,3564,-3257,3511,-3245,2021,1954,2170,1820,0.150000006,-2.039999962,-4.570000172,0.02,-0.029999999,-0.349999994
56.64,3538,-3227,3495,-3229,2017,1952,2170,1818,-0.25,-1.120000005,4.829999924,0.07,0,-0.349999994
56.65,3576,-3278,3506,-3261,2016,1954,2170,1818,1.610000014,-2.539999962,-0.5,0.07,0,-0.349999994
56.66,3551,-3271,3514,-3250,2014,1953,2165,1818,2.140000105,-1.74000001,5.639999866,0.029999999,0.029999999,-0.349999994
56.67,3608,-3230,3447,-3235,2016,1943,2131,1818,2.049999952,-1.399999976,5.389999866,0.029999999,0.029999999,-0.349999994
56.68,3507,-3315,3530,-3250,2016,1935,2080,1817,2.619999886,-1.340000033,-0.430000007,-0.050000001,0,-0.360000014
56.69,3571,-3264,3541,-3248,2018,1930,2061,1817,-0.469999999,-0.860000014,2.029999971,-0.050000001,0,-0.360000014
56.7,3687,-3272,3520,-3230,2021,1934,2086,1807,0.209999993,-1.24000001,-6.199999809,-0.050000001,-0.07,-0.340000004
56.71,3433,-3316,3521,-3237,2019,1935,2105,1774,-2.220000029,-1.909999967,-2.220000029,-0.050000001,-0.07,-0.340000004
56.72,3694,-3288,3572,-3280,2019,1935,2105,1743,-1.350000024,-2.319999933,-3.109999895,0.029999999,-0.01,-0.330000013
56.73,3550,-3314,3474,-3251,2028,1939,2106,1804,-3.299999952,-2.450000048,-4.199999809,0,-0.050000001,-0.360000014
56.74,3551,-3325,3584,-3265,2032,1951,2118,1845,-4.420000076,-4.239999771,2.519999981,0.02,-0.090000004,-0.379999995
56.75,3652,-3276,3518,-3283,2027,1959,2129,1866,-1.610000014,-2.200000048,-2.440000057,0.02,-0.090000004,-0.379999995
56.76,3548,-3336,3540,-3270,2030,1962,2143,1865,-3.160000086,-4.420000076,7.920000076,0,-0.050000001,-0.340000004
56.77,3629,-3293,3546,-3274,2030,1967,2149,1870,0.5,-0.400000006,-0.100000002,0,-0.050000001,-0.340000004
56.78,3573,-3232,3567,-3293,2029,1968,2149,1871,-0.610000014,-1.909999967,9.180000305,-0.01,-0.02,-0.330000013
56.79,3608,-3474,3549,-3259,2030,1973,2151,1870,0.870000005,-0.779999971,1.450000048,-0.01,-0.02,-0.330000013
56.8,3612,-3265,3548,-3275,2030,1982,2151,1873,0.519999981,-0.800000012,8.56000042,-0.01,0,-0.319999993
56.81,3603,-3185,3580,-3340,2033,1981,2148,1869,2.839999914,-2.670000076,5.400000095,-0.01,0,-0.319999993
56.82,3617,-3570,3511,-3275,2033,1983,2142,1855,3.980000019,-1.929999948,3.190000057,-0.02,0.050000001,-0.319999993
56.83,3580,-3253,3560,-3312,2034,1998,2139,1823,-0.850000024,-1.159999967,5.050000191,-0.02,0.050000001,-0.319999993
56.84,3632,-3304,3565,-3360,2041,2006,2141,1814,0.569999993,-1.409999967,-5.599999905,0,-0.029999999,-0.310000002
56.85,3602,-3435,3529,-3289,2031,2011,2133,1808,-0.800000012,-1.710000038,-2.160000086,0,-0.029999999,-0.310000002
56.86,3640,-3250,3594,-3343,2021,2001,2139,1808,-2.410000086,-1.779999971,-4.679999828,-0.01,-0.039999999,-0.300000012
56.87,3603,-3398,3537,-3356,2013,1985,2144,1811,1.169999957,-2.230000019,-6.130000114,-0.01,-0.039999999,-0.300000012
56.88,3600,-3359,3563,-3315,1997,1975,2146,1807,-1.00999999,-2.019999981,1.230000019,0,0,-0.300000012
56.89,3657,-3310,3587,-3364,1982,1968,2147,1812,1.50999999,-2.099999905,-3.329999924,0,0,-0.300000012
56.9,3583,-3412,3554,-3343,1962,1961,2149,1814,0.5,-2.5,3.700000048,0.029999999,-0.02,-0.300000012
56.91,3573,-3322,3582,-3345,1945,1960,2147,1813,0.819999993,-0.889999986,1.75999999,0.029999999,-0.02,-0.300000012
56.92,3767,-3269,3540,-3361,1936,1962,2145,1813,1.649999976,-1.850000024,3.829999924,0.02,0.029999999,-0.289999992
56.93,3581,-3498,3564,-3314,1945,1960,2143,1812,-0.119999997,-1.220000029,3.039999962,0.02,0.029999999,-0.289999992
56.94,3620,-3325,3611,-3324,1938,1966,2142,1812,-1.669999957,-0.790000022,-0.519999981,-0.039999999,0.039999999,-0.310000002
56.95,3683,-3349,3559,-3365,1946,1971,2140,1811,2.230000019,-1.299999952,-0.639999986,-0.039999999,0.039999999,-0.310000002
56.96,3532,-3455,3596,-3314,1960,1985,2134,1806,0.439999998,-3.369999886,-2.210000038,-0.059999999,0,-0.300000012
56.97,3639,-3316,3609,-3367,1977,1990,2133,1803,0.529999971,-0.569999993,-0.759999991,-0.059999999,0,-0.300000012
56.98,3659,-3330,3546,-3382,2011,1985,2130,1802,1.149999976,-2.730000019,-1.179999948,-0.01,0,-0.280000001
56.99,3539,-3555,3591,-3319,2015,1982,2131,1806,-1.320000052,-1.179999948,-1,-0.01,0,-0.280000001
57,3789,-3345,3607,-3366,2010,1990,2133,1808,-0.330000013,-0.99000001,0.259999991,0,-0.01,-0.280000001
57.01,3568,-3379,3541,-3386,2019,2001,2136,1820,0.079999998,-2.829999924,0.319999993,0,-0.01,-0.280000001
57.02,3585,-3478,3633,-3351,2017,2001,2137,1820,0.730000019,-4.099999905,1.120000005,0,0.01,-0.25
57.03,3709,-3400,3592,-3357,2019,2018,2141,1831,0.280000001,-0.930000007,3.309999943,-0.079999998,0,-0.280000001
57.04,3613,-3381,3635,-3386,2020,2023,2146,1836,-0.920000017,-4.360000134,-1.149999976,-0.079999998,-0.059999999,-0.270000011
57.05,3710,-3548,3619,-3360,2014,2025,2152,1844,0.419999987,0.379999995,2.299999952,-0.079999998,-0.059999999,-0.270000011
57.06,3583,-3306,3535,-3423,1993,2024,2155,1844,-2.329999924,-1.919999957,-0.74000001,-0.050000001,-0.039999999,-0.25
57.07,3663,-3510,3598,-3421,1973,2028,2157,1841,2.849999905,-0.939999998,-1.74000001,-0.050000001,-0.039999999,-0.25
57.08,3613,-3466,3585,-3349,1966,2045,2162,1828,2.599999905,-2.069999933,1.919999957,-0.07,0.029999999,-0.230000004
57.09,3656,-3187,3603,-3455,1974,2045,2162,1819,2.039999962,-2.430000067,2.549999952,-0.07,0.029999999,-0.230000004
57.1,3621,-3718,3585,-3405,1986,2055,2166,1815,6.539999962,-3.170000076,1.220000029,-0.050000001,0.029999999,-0.230000004
57.11,3613,-3364,3581,-3376,1978,2062,2166,1816,-1.389999986,-1.25,7.5,-0.050000001,0.029999999,-0.230000004
57.12,3646,-3356,3595,-3472,1978,2064,2169,1816,-1.389999986,-1.25,7.5,0.050000001,0.059999999,-0.230000004
57.13,3652,-3451,3591,-3434,1978,2038,2162,1817,-0.509999991,-2.25,2.819999933,0,0,-0.219999999
57.14,3624,-3424,3574,-3406,1978,2013,2158,1810,-3.220000029,-0.680000007,-7.559999943,0.07,0,-0.230000004
57.15,3692,-3489,3622,-3435,1965,1988,2150,1812,0.460000008,-2.789999962,-7.869999886,0.02,0,-0.230000004
57.16,3475,-3468,3570,-3437,1964,1993,2143,1808,-2.420000076,-0.550000012,-2.710000038,0.07,0.01,-0.230000004
57.17,3793,-3436,3624,-3435,1963,2022,2132,1808,0.540000022,-1.74000001,-7.730000019,0,0.039999999,-0.239999995
57.18,3666,-3478,3597,-3428,1963,2021,2132,1808,0.75,-1.730000019,4.210000038,0.029999999,-0.01,-0.230000004
57.19,3435,-3449,3616,-3438,1971,2015,2130,1809,1.090000033,-0.02,-0.509999991,0.029999999,0,-0.209999993
57.2,3885,-3498,3661,-3458,1971,2019,2131,1817,4.679999828,0.610000014,6.360000134,0,0.029999999,-0.219999999
57.21,3591,-3472,3587,-3424,2000,2021,2133,1817,-1.25999999,-1.080000043,5.949999809,0.07,0.02,-0.200000003
57.22,3643,-3510,3642,-3464,2001,2021,2134,1820,2.029999971,0.5,0.730000019,0.029999999,0.039999999,-0.200000003
57.23,3732,-3499,3630,-3472,1995,2021,2136,1830,-0.01,-1.059999943,4.360000134,0.01,0.029999999,-0.230000004
57.24,3596,-3463,3617,-3436,1995,2007,2135,1845,-2.75,-2.24000001,-5.210000038,-0.029999999,0,-0.209999993
57.25,3745,-3526,3693,-3486,1991,2006,2137,1845,0.629999995,0.200000003,-2.619999886,-0.050000001,-0.02,-0.219999999
57.26,3655,-3479,3620,-3467,1991,2008,2137,1845,-3.059999943,-1.899999976,-3.450000048,-0.050000001,-0.079999998,-0.219999999
57.27,3677,-3524,3651,-3467,2005,2008,2137,1854,0.660000026,-0.349999994,-4.670000076,-0.039999999,-0.059999999,-0.209999993
57.28,3701,-3509,3656,-3469,2005,2009,2141,1854,0.720000029,-1.00999999,3.680000067,-0.029999999,-0.02,-0.209999993
57.29,3675,-3530,3625,-3478,2007,2011,2142,1854,0.639999986,-1.649999976,-0.720000029,0.02,0,-0.200000003
57.3,3692,-3359,3651,-3499,2025,2015,2144,1857,2.519999981,-1.059999943,6.699999809,0.029999999,0.059999999,-0.200000003
57.31,3676,-3634,3622,-3493,2035,2020,2142,1852,2.400000095,-1.799999952,5.820000172,0.039999999,0.079999998,-0.189999998
57.32,3678,-3605,3633,-3463,2035,2034,2140,1849,-0.469999999,-0.370000005,-0.389999986,0.01,0,-0.200000003
57.33,3698,-3404,3677,-3527,2036,2073,2140,1844,2.74000001,-2.450000048,1.75,0.01,0.039999999,-0.189999998
57.34,3696,-3608,3648,-3520,2038,2071,2130,1839,2.230000019,-2.170000076,-5.340000153,-0.01,-0.059999999,-0.189999998
57.35,3653,-3490,3618,-3511,2028,2061,2104,1838,-0.150000006,-0.689999998,-3.089999914,-0.029999999,-0.07,-0.189999998
57.36,3776,-3532,3691,-3551,2026,2047,2084,1840,3.809999943,-1.870000005,-3.609999895,-0.02,0.029999999,-0.189999998
57.37,3549,-3552,3657,-3499,2017,2028,2084,1839,-0.75,-0.610000014,-0.090000004,-0.079999998,-0.02,-0.189999998
57.38,3856,-3492,3655,-3545,1999,2019,2098,1839,0.75,-0.899999976,-1.340000033,-0.02,0.029999999,-0.189999998
57.39,3747,-3609,3660,-3525,1998,2029,2112,1843,-2.00999999,-1,0.819999993,-0.01,0.02,-0.200000003
57.4,3644,-3499,3698,-3536,2005,2025,2119,1842,-3.700000048,-0.629999995,-1.149999976,-0.02,-0.090000004,-0.189999998
57.41,3818,-3544,3691,-3567,1994,2017,2128,1844,0.159999996,-0.720000029,-2.700000048,-0.02,-0.079999998,-0.219999999
57.42,3495,-3577,3680,-3496,1999,1998,2128,1836,-2.940000057,-2.369999886,1.980000019,-0.050000001,-0.090000004,-0.200000003
57.43,3886,-3511,3728,-3469,1995,1996,2126,1810,1,-1.360000014,-3.730000019,0,-0.059999999,-0.219999999
57.44,3722,-3551,3656,-3576,1994,2000,2121,1801,0.389999986,-3.460000038,4.53000021,0,-0.029999999,-0.209999993
57.45,3516,-3591,3697,-3508,1995,2007,2117,1817,1.340000033,-0.930000007,1.929999948,0.039999999,0.01,-0.200000003
57.46,3938,-3409,3703,-3530,1995,2016,2118,1829,2.859999895,-0.270000011,4.170000076,0.050000001,0.01,-0.219999999
57.47,3658,-3655,3655,-3541,1999,2002,2111,1834,-0.639999986,-2,2.940000057,0.07,0.029999999,-0.189999998
57.48,3744,-3635,3748,-3496,1995,1996,2108,1826,0.389999986,0.230000004,-0.07,0.01,0.050000001,-0.189999998
57.49,3779,-3332,3696,-3571,2011,2013,2110,1835,2.730000019,-1.600000024,0.99000001,0.02,0.079999998,-0.200000003
57.5,3711,-3742,3685,-3536,2029,2018,2111,1835,0.699999988,-1.99000001,-3.069999933,-0.01,0.029999999,-0.180000007
57.51,3781,-3610,3724,-3484,2028,2041,2109,1833,-1.399999976,0.980000019,-0.649999976,-0.059999999,0.02,-0.219999999
57.52,3721,-3508,3678,-3582,2029,2041,2112,1837,-1.320000052,-2.420000076,-4.360000134,-0.029999999,-0.059999999,-0.219999999
57.53,3786,-3654,3732,-3532,2044,2048,2117,1842,-1.429999948,0.560000002,-3.269999981,-0.01,-0.079999998,-0.209999993
57.54,3733,-3553,3679,-3572,2044,2054,2122,1846,-2.950000048,-0.730000019,0.600000024,0.01,-0.029999999,-0.209999993
57.55,3774,-3597,3719,-3594,2057,2066,2124,1845,0,-1.220000029,-6.440000057,0.050000001,-0.059999999,-0.200000003
57.56,3755,-3604,3726,-3565,2054,2089,2143,1838,0,-0.360000014,8.829999924,0,-0.029999999,-0.200000003
57.57,3772,-3557,3707,-3584,2049,2100,2155,1835,1.419999957,-2.400000095,1.590000033,0.01,0,-0.200000003
57.58,3801,-3585,3745,-3587,2042,2098,2161,1827,1.49000001,-1.480000019,6.900000095,0,-0.059999999,-0.200000003
57.59,3660,-3576,3721,-3570,2023,2096,2167,1826,0.730000019,-0.730000019,4.269999981,0.050000001,-0.050000001,-0.209999993
57.6,3902,-3597,3747,-3594,2007,2096,2175,1828,1.25,-0.319999993,1.539999962,-0.029999999,-0.02,-0.209999993
57.61,3781,-3570,3709,-3581,1992,2086,2176,1828,-1,-0.479999989,3.579999924,-0.029999999,-0.01,-0.219999999
57.62,3767,-3617,3786,-3569,1984,2072,2176,1824,-1.110000014,-1.370000005,-2.279999971,-0.079999998,-0.039999999,-0.209999993
57.63,3843,-3580,3769,-3589,1963,2069,2176,1808,-1.809999943,-0.579999983,-2.849999905,-0.079999998,-0.059999999,-0.230000004
57.64,3760,-3566,3716,-3591,1963,2069,2169,1799,-1.039999962,-2.289999962,-0.100000002,-0.01,-0.039999999,-0.219999999
57.65,3833,-3632,3786,-3568,1964,2073,2169,1790,-1.169999957,0.079999998,-1.600000024,-0.039999999,-0.07,-0.230000004
57.66,3777,-3590,3772,-3579,1962,2076,2167,1790,0.100000002,-1.690000057,3.660000086,-0.029999999,0,-0.219999999
57.67,3811,-3617,3745,-3607,1959,2074,2168,1800,1.019999981,-1.370000005,3.119999886,-0.02,-0.039999999,-0.219999999
57.68,3831,-3647,3795,-3593,1955,2074,2169,1814,1.220000029,-1.220000029,4.210000038,-0.02,0.01,-0.219999999
57.69,3591,-3440,3761,-3577,1950,2067,2168,1811,1.549999952,-1.690000057,5.349999905,-0.029999999,0.01,-0.209999993
57.7,3993,-3781,3777,-3623,1947,2059,2168,1755,1.590000033,-0.939999998,-2.059999943,-0.059999999,0,-0.200000003
57.71,3765,-3653,3742,-3567,1950,2056,2167,1737,-4.170000076,-1.059999943,0.200000003,-0.01,0,-0.209999993
57.72,3787,-3568,3809,-3605,1948,2065,2168,1733,-1.470000029,-1.440000057,-2.920000076,0,0.01,-0.189999998
57.73,3869,-3738,3791,-3607,1950,2084,2169,1736,-0.860000014,-1.059999943,-2.579999924,-0.01,-0.01,-0.209999993
57.74,3752,-3585,3719,-3623,1958,2084,2168,1747,-5.820000172,-2.089999914,0.980000019,0,-0.01,-0.200000003
57.75,3837,-3725,3782,-3630,1963,2109,2172,1753,1.360000014,-0.340000004,-4.650000095,0.01,0.01,-0.209999993
57.76,3792,-3668,3768,-3609,1963,2119,2172,1752,-2.720000029,-1.700000048,2.779999971,-0.029999999,-0.140000001,-0.189999998
57.77,3833,-3663,3795,-3611,1962,2132,2178,1752,1.149999976,-0.759999991,-6.730000019,0.01,-0.059999999,-0.180000007
57.78,3815,-3709,3789,-3641,1962,2138,2182,1752,2.230000019,-0.949999988,7.960000038,-0.050000001,-0.07,-0.180000007
57.79,3828,-3628,3753,-3652,1959,2138,2192,1758,1.389999986,-0.680000007,2.380000114,0.02,0,-0.180000007
57.8,3828,-3697,3795,-3678,1949,2140,2201,1761,3.329999924,-1.549999952,6.199999809,-0.01,0.01,-0.180000007
57.81,3825,-3660,3776,-3640,1937,2140,2213,1770,1.389999986,-0.460000008,7.269999981,0.01,0.029999999,-0.170000002
57.82,3847,-3521,3784,-3662,1924,2142,2221,1775,0.100000002,-0.579999983,-1.159999967,-0.02,0,-0.180000007
57.83,3715,-3777,3784,-3664,1917,2128,2217,1778,-0.589999974,-0.079999998,1.120000005,-0.02,0.01,-0.180000007
57.84,3912,-3691,3791,-3632,1917,2128,2210,1779,-1.889999986,0.050000001,-5,-0.07,-0.050000001,-0.170000002
57.85,3816,-3622,3775,-3710,1917,2114,2211,1786,-0.289999992,-1.440000057,-4.28000021,-0.059999999,-0.029999999,-0.170000002
57.86,3801,-3769,3793,-3634,1931,2107,2204,1785,2.609999895,-2.440000057,3.319999933,-0.02,0.100000002,-0.150000006
57.87,3861,-3577,3821,-3664,1936,2115,2197,1784,2.150000095,-0.870000005,2.569999933,-0.059999999,0.079999998,-0.159999996
57.88,3785,-3697,3775,-3694,1945,2110,2187,1787,1.429999948,-2.920000076,-0.810000002,-0.01,0.079999998,-0.150000006
57.89,3850,-3741,3791,-3634,1946,2100,2175,1785,1.179999948,0.029999999,3.789999962,-0.02,0.079999998,-0.159999996
57.9,3824,-3517,3800,-3697,1948,2100,2163,1788,-1.320000052,-1.850000024,-5.369999886,-0.07,-0.07,-0.159999996
57.91,3830,-3872,3793,-3670,1948,2087,2153,1784,-1.019999981,0.02,-4.130000114,-0.039999999,-0.029999999,-0.150000006
57.92,3856,-3761,3818,-3646,1949,2087,2143,1779,-0.850000024,-0.140000001,-2.279999971,-0.029999999,-0.029999999,-0.150000006
57.93,3855,-3653,3803,-3720,1955,2079,2142,1804,-0.349999994,-1.649999976,-5.21999979,-0.01,-0.039999999,-0.140000001
57.94,3862,-3767,3808,-3704,1955,2057,2136,1808,5.699999809,-1.440000057,5.699999809,0.039999999,0.100000002,-0.129999995
57.95,3796,-3704,3811,-3678,1922,2046,2137,1805,0.720000029,-0.259999991,4.21999979,0,0.039999999,-0.119999997
57.96,3868,-3615,3806,-3729,1910,2046,2142,1806,4.630000114,-2.359999895,4.989999771,-0.01,0.150000006,-0.109999999
57.97,3816,-3817,3782,-3692,1964,2065,2144,1806,0.5,0.02,12.18000031,-0.07,0.07,-0.119999997
57.98,3812,-3849,3779,-3679,1964,2069,2144,1812,-0.889999986,-1.090000033,-4.900000095,-0.059999999,0.01,-0.109999999
57.99,3859,-3634,3818,-3739,2013,2077,2145,1823,0.400000006,-1.029999971,2.930000067,-0.050000001,-0.01,-0.119999997
58,3749,-3853,3797,-3723,2022,2097,2149,1828,1.519999981,-2.079999924,-8.739999771,-0.01,0.039999999,-0.109999999
58.01,3902,-3735,3789,-3695,2018,2123,2152,1826,-1.360000014,-0.140000001,-0.660000026,-0.039999999,-0.02,-0.119999997
58.02,3847,-3690,3797,-3756,2016,2123,2153,1824,3.019999981,-3.299999952,0.209999993,0,0.119999997,-0.109999999
58.03,3669,-3790,3783,-3734,2012,2140,2150,1822,-0.02,-0.930000007,3.210000038,-0.059999999,0.050000001,-0.100000002
58.04,4010,-3721,3810,-3744,2008,2136,2148,1822,1.039999962,-0.610000014,-2.25,0.029999999,0,-0.109999999
58.05,3767,-3719,3766,-3758,2013,2058,2139,1823,-0.389999986,-1.879999995,1.480000019,0.029999999,-0.01,-0.090000004
58.06,3851,-3744,3839,-3715,2009,2015,2129,1822,-0.150000006,0.200000003,-3.079999924,0.039999999,0.02,-0.090000004
58.07,3897,-3748,3826,-3741,1991,2007,2121,1823,-0.629999995,-0.439999998,-2.769999981,0.029999999,0.039999999,-0.119999997
58.08,3789,-3753,3770,-3753,1998,2017,2110,1829,-2.569999933,-2.140000105,-3.079999924,0.02,-0.02,-0.100000002
58.09,3898,-3738,3842,-3749,1999,2042,2110,1831,-0.189999998,1.110000014,-2.779999971,0,0,-0.129999995
58.1,3818,-3759,3800,-3763,2002,2051,2088,1853,-0.800000012,-3.069999933,3.589999914,-0.050000001,-0.090000004,-0.109999999
58.11,3877,-3750,3834,-3708,2001,2039,2085,1859,0.509999991,0.680000007,1.129999995,-0.07,-0.039999999,-0.109999999
58.12,3827,-3751,3828,-3745,2001,2043,2092,1859,0.469999999,-1.039999962,4.21999979,-0.059999999,-0.029999999,-0.109999999
58.13,3713,-3770,3803,-3758,2001,2040,2092,1859,0.660000026,0.050000001,3.180000067,-0.029999999,0,-0.100000002
58.14,4006,-3766,3847,-3743,2002,2034,2089,1859,0.360000014,-0.310000002,0.819999993,-0.050000001,-0.01,-0.100000002
58.15,3843,-3737,3801,-3769,2025,2029,2088,1860,-1.169999957,-1.070000052,0.819999993,0.01,0.02,-0.090000004
58.16,3813,-3844,3841,-3750,2025,2027,2087,1860,-0.899999976,-0.419999987,-1,0.02,0,-0.07
58.17,3897,-3788,3835,-3739,2019,2036,2087,1858,-0.270000011,-0.300000012,-1.50999999,0.02,0,-0.090000004
58.18,3786,-3789,3776,-3775,2011,2039,2089,1860,-2.329999924,-1.480000019,1.059999943,-0.02,0,-0.079999998
58.19,3875,-3823,3812,-3751,1982,2052,2091,1859,0.49000001,0.029999999,-0.829999983,-0.050000001,0.029999999,-0.090000004
58.2,3829,-3803,3815,-3767,1993,2066,2092,1858,-2.24000001,-1.220000029,1.059999943,-0.039999999,-0.090000004,-0.079999998
58.21,3857,-3811,3822,-3768,2016,2070,2086,1848,-0.449999988,0.620000005,-3.059999943,-0.050000001,-0.050000001,-0.079999998
58.22,3873,-3822,3788,-3754,2045,2072,2071,1848,-0.910000026,0.319999993,2.210000038,-0.059999999,-0.029999999,-0.07
58.23,3876,-3797,3833,-3820,2073,2082,2064,1853,-2.180000067,0.49000001,-4.769999981,0,-0.079999998,-0.07
58.24,3889,-3814,3835,-3775,2091,2082,2090,1854,1.600000024,-0.340000004,8.609999657,-0.050000001,0,-0.059999999
58.25,3882,-3775,3815,-3813,2077,2089,2104,1847,2.019999981,-0.670000017,6.989999771,0.039999999,-0.02,-0.059999999
58.26,3886,-3785,3850,-3816,2073,2086,2110,1871,0,-0.99000001,3.460000038,0.02,-0.02,-0.079999998
58.27,3901,-3819,3832,-3790,2073,2077,2110,1895,0.860000014,-0.189999998,6.550000191,0.07,0,-0.079999998
58.28,3896,-3771,3852,-3806,2071,2063,2108,1915,-1.440000057,-0.180000007,-3.140000105,-0.01,-0.129999995,-0.090000004
58.29,3877,-3819,3866,-3790,2070,2064,2110,1933,-1.75999999,-0.589999974,-2.529999971,-0.02,-0.100000002,-0.090000004
58.3,3900,-3825,3842,-3784,2078,2064,2109,1938,0.079999998,-1.320000052,0.370000005,0,-0.029999999,-0.079999998
58.31,3860,-3751,3865,-3823,2071,2055,2103,1932,-0.140000001,-0.949999988,-1.220000029,0,-0.059999999,-0.090000004
58.32,3911,-3759,3843,-3756,2066,2042,2094,1887,1.389999986,-1.210000038,3.359999895,0.059999999,0.059999999,-0.090000004
58.33,3905,-3782,3845,-3778,2064,2017,2078,1859,-0.07,-0.639999986,1.080000043,0.050000001,0.029999999,-0.090000004
58.34,3871,-3800,3876,-3811,2054,2008,2062,1854,-0.370000005,-1.49000001,-2.319999933,0.079999998,-0.07,-0.079999998
58.35,3919,-3842,3843,-3778,2039,2002,2040,1879,-0.400000006,-0.930000007,0.050000001,0.059999999,-0.090000004,-0.079999998
58.36,3886,-3816,3853,-3805,2018,1999,2041,1903,0.349999994,-0.839999974,0.150000006,0.039999999,-0.050000001,-0.079999998
58.37,3911,-3844,3872,-3830,2016,1988,2043,1916,0.370000005,-0.180000007,0.889999986,0.01,-0.050000001,-0.07
58.38,3898,-3836,3868,-3783,2022,1980,2044,1919,0.079999998,0.170000002,-1.269999981,0.02,0,-0.07
58.39,3868,-3816,3827,-3809,2036,1974,2044,1927,0.569999993,-0.039999999,-1.870000005,0.029999999,0,-0.07
58.4,3898,-3856,3861,-3791,2043,1977,2054,1935,1.289999962,0.389999986,1.710000038,0,0,-0.07
58.41,3861,-3852,3853,-3798,2053,1978,2060,1943,0.800000012,-0.959999979,1.960000038,0.050000001,0.050000001,-0.07
58.42,3914,-3849,3848,-3822,2052,1983,2059,1954,-0.509999991,0.49000001,-1.039999962,0.090000004,-0.029999999,-0.079999998
58.43,3873,-3834,3862,-3788,2054,1984,2052,1976,-1.370000005,-0.02,-2.079999924,0.079999998,-0.039999999,-0.090000004
58.44,3902,-3820,3858,-3808,2057,1989,2033,1977,0.829999983,0,0.370000005,0.01,0.01,-0.079999998
58.45,3909,-3799,3817,-3824,2063,2013,2009,1973,-1.389999986,-0.039999999,-1,-0.059999999,-0.039999999,-0.090000004
58.46,3915,-3835,3853,-3810,2069,2020,1998,1969,1.620000005,-0.970000029,4.329999924,-0.059999999,0.050000001,-0.079999998
58.47,3912,-3823,3874,-3830,2074,2015,2014,1959,1.049999952,-0.360000014,6.71999979,-0.109999999,0.029999999,-0.090000004
58.48,3917,-3638,3841,-3822,2074,2006,2027,1954,-1.139999986,-0.370000005,-1.960000038,-0.059999999,-0.039999999,-0.090000004
58.49,3901,-3960,3880,-3828,2077,1998,2038,1965,0.289999992,-0.01,0.850000024,0.029999999,-0.039999999,-0.090000004
58.5,3903,-3833,3873,-3782,2068,1992,2056,1968,-1.679999948,-0.100000002,-2.569999933,0,-0.050000001,-0.090000004
58.51,3899,-3766,3858,-3834,2064,1994,2073,1971,0.579999983,-2.269999981,-2.529999971,0,-0.050000001,-0.079999998
58.52,3869,-3879,3889,-3824,2062,1995,2079,1969,4.880000114,-2.829999924,3.319999933,0.059999999,0.079999998,-0.07
58.53,3882,-3722,3841,-3816,2053,2005,2076,1963,1.139999986,-1.940000057,6.010000229,0.029999999,0.079999998,-0.059999999
58.54,3906,-3706,3852,-3827,2060,2009,2070,1954,3.900000095,-2.380000114,0.730000019,0.039999999,0.140000001,-0.059999999
58.55,3851,-3932,3857,-3800,2055,2011,2069,1947,0.310000002,-0.5,6.119999886,-0.01,0.109999999,-0.050000001
58.56,3899,-3872,3858,-3778,2040,2012,2071,1937,0.439999998,-1,-5.360000134,0,0.039999999,-0.059999999
58.57,3883,-3727,3875,-3844,2032,2012,2058,1921,1.580000043,-1.480000019,1.960000038,-0.029999999,0.039999999,-0.039999999
58.58,3745,-4015,3839,-3788,2033,2012,2043,1908,0.839999974,-0.330000013,-9.510000229,0.029999999,0.050000001,-0.039999999
58.59,3998,-3832,3846,-3785,2014,2003,2032,1889,-0.959999979,0.07,-4.159999847,0,0.039999999,-0.059999999
58.6,3873,-3771,3866,-3833,2014,2003,2031,1867,-0.389999986,-0.790000022,-6.269999981,0.07,0.079999998,-0.059999999
58.61,3849,-3917,3843,-3792,2009,2042,2030,1856,0.689999998,0.050000001,-5.269999981,0.050000001,0.079999998,-0.039999999
58.62,3877,-3837,3833,-3807,2004,2079,2029,1852,-0.389999986,1.279999971,-1.110000014,0.109999999,0.039999999,-0.059999999
58.63,3871,-3915,3841,-3819,2014,2094,2030,1856,0.819999993,-0.970000029,-4.369999886,0.109999999,0.029999999,-0.050000001
58.64,3910,-3901,3856,-3812,2018,2097,2037,1859,0.270000011,2.269999981,0.829999983,0.07,0,-0.050000001
58.65,3861,-3698,3862,-3859,2015,2099,2056,1861,-0.189999998,0.569999993,-2.5,0.079999998,0.02,-0.059999999
58.66,3924,-3925,3858,-3798,2018,2099,2075,1869,1.200000048,-0.319999993,2.930000067,-0.059999999,0,-0.050000001
58.67,3864,-3763,3842,-3783,2012,2113,2093,1862,-2.400000095,1.399999976,2.890000105,0,-0.01,-0.07
58.68,3903,-3742,3833,-3841,1996,2113,2107,1862,-0.379999995,0.189999998,3.369999886,-0.039999999,-0.039999999,-0.07
58.69,3920,-3871,3855,-3825,1987,2118,2106,1859,-0.370000005,0.5,4.5,0,-0.01,-0.07
58.7,3873,-3798,3835,-3816,1986,2127,2105,1859,-4.260000229,0.230000004,-2.680000067,-0.02,-0.079999998,-0.07
58.71,3915,-3830,3882,-3846,1984,2132,2106,1864,-0.330000013,-0.280000001,-4.71999979,-0.01,-0.100000002,-0.07
58.72,3866,-3811,3880,-3813,1978,2131,2110,1866,-1.899999976,-0.389999986,2.569999933,-0.029999999,-0.039999999,-0.07
58.73,3882,-3820,3852,-3816,1980,2117,2113,1866,0.300000012,-1.029999971,-3.019999981,-0.029999999,-0.039999999,-0.059999999
58.74,3883,-3799,3870,-3824,1979,2108,2114,1863,1.360000014,-0.270000011,7.099999905,-0.01,0.01,-0.059999999
58.75,3888,-3847,3866,-3828,1971,2106,2113,1862,1.909999967,-0.449999988,4.590000153,0.039999999,0.059999999,-0.059999999
58.76,3921,-3855,3863,-3797,1953,2109,2113,1863,0.469999999,-0.219999999,1.299999952,0.01,0.02,-0.07
58.77,3723,-3747,3851,-3816,1910,2110,2112,1855,1.49000001,-0.349999994,2.980000019,0,0.050000001,-0.059999999
58.78,3985,-3939,3850,-3805,1848,2107,2104,1847,-0.419999987,-0.300000012,-5.53000021,-0.02,-0.029999999,-0.059999999
58.79,3889,-3880,3852,-3770,1818,2104,2095,1835,-3.299999952,-0.280000001,-4.260000229,-0.100000002,-0.029999999,-0.059999999
58.8,3817,-3818,3881,-3813,1833,2094,2107,1821,-2.380000114,0.239999995,-2.299999952,-0.050000001,0.050000001,-0.039999999
58.81,3947,-3887,3859,-3822,1915,2097,2109,1819,-0.699999988,0.370000005,-5.480000019,-0.01,0.02,-0.059999999
58.82,3819,-3789,3818,-3765,1938,2100,2103,1823,-4.480000019,-0.370000005,3.130000114,0.02,0.039999999,-0.050000001
58.83,3899,-3872,3875,-3833,1938,2106,2098,1819,1.929999948,-0.560000002,-4.96999979,0.079999998,0.059999999,-0.059999999
58.84,3876,-3846,3850,-3808,1938,2126,2097,1827,-2.279999971,-0.059999999,3.339999914,0.02,-0.079999998,-0.07
58.85,3873,-3857,3835,-3784,1951,2133,2095,1829,1.25999999,-0.970000029,-3.299999952,0.079999998,0,-0.050000001
58.86,3891,-3838,3860,-3806,1972,2143,2095,1822,1.610000014,-0.370000005,5.420000076,0.039999999,-0.039999999,-0.059999999
58.87,3899,-3824,3847,-3820,1975,2145,2099,1829,0.370000005,-0.02,-1.190000057,0.050000001,0,-0.07
58.88,3900,-3862,3860,-3833,1975,2142,2106,1873,1.440000057,-0.289999992,2.980000019,0,0.02,-0.07
58.89,3759,-3788,3869,-3810,1957,2138,2113,1883,1.320000052,-0.519999981,3.230000019,0,0.039999999,-0.07
58.9,3984,-3779,3854,-3815,1942,2096,2124,1882,-0.360000014,-0.310000002,-1.340000033,-0.02,-0.039999999,-0.07
58.91,3871,-3807,3803,-3800,1936,2081,2128,1880,-1.950000048,-0.560000002,-0.970000029,0.01,-0.01,-0.07
58.92,3834,-3792,3825,-3805,1938,2082,2116,1884,-1.649999976,0.289999992,-1.659999967,0.039999999,-0.02,-0.059999999
58.93,3935,-3793,3876,-3816,1946,2090,2112,1883,-0.819999993,0.370000005,-2.019999981,-0.02,0,-0.090000004
58.94,3835,-3811,3817,-3778,1946,2090,2112,1880,-2.900000095,-1.929999948,1.580000043,-0.050000001,0.029999999,-0.07
58.95,3882,-3815,3870,-3786,1954,2085,2108,1876,-0.150000006,-1.090000033,-2.299999952,-0.039999999,0.02,-0.079999998
58.96,3871,-3794,3856,-3804,1954,2087,2104,1874,-1.179999948,-1.200000048,4.480000019,0,-0.039999999,-0.079999998
58.97,3894,-3803,3826,-3798,1956,2090,2099,1873,1.50999999,0.400000006,1.99000001,0.02,0,-0.090000004
58.98,3851,-3824,3870,-3779,1956,2088,2098,1874,-0.579999983,-0.259999991,2.539999962,-0.059999999,0.039999999,-0.090000004
58.99,3913,-3792,3867,-3780,1957,2089,2096,1869,0.600000024,-0.930000007,0.389999986,-0.039999999,0.07,-0.100000002
59,3893,-3810,3846,-3773,1965,2087,2093,1866,-1.830000043,-0.709999979,-2.829999924,-0.059999999,-0.059999999,-0.100000002
59.01,3886,-3806,3882,-3746,1976,2080,2092,1864,-1.74000001,-0.649999976,-4.900000095,0,-0.07,-0.100000002
59.02,3927,-3813,3890,-3795,1984,2078,2086,1863,0.330000013,-0.239999995,1.879999995,0,-0.01,-0.100000002
59.03,3787,-3804,3857,-3783,1991,2075,2065,1872,-0.600000024,0.07,0.119999997,0.02,-0.02,-0.119999997
59.04,3977,-3796,3847,-3777,2002,2073,2022,1877,0.370000005,-0.850000024,3.809999943,-0.01,0.050000001,-0.119999997
59.05,3894,-3721,3860,-3782,2016,2072,1986,1877,-1.279999971,-1.330000043,1.860000014,-0.039999999,0.01,-0.129999995
59.06,3890,-3861,3868,-3760,2033,2071,1997,1876,-1.820000052,-2,-0.810000002,-0.029999999,-0.079999998,-0.109999999
59.07,3929,-3785,3859,-3728,2043,2074,2034,1876,-2.400000095,0.280000001,2.069999933,-0.059999999,-0.090000004,-0.159999996
59.08,3874,-3700,3897,-3762,2051,2069,2089,1883,-2.710000038,-1.120000005,0.509999991,-0.059999999,-0.079999998,-0.150000006
59.09,3947,-3825,3847,-3735,2042,2067,2093,1886,-0.430000007,-0.159999996,0.039999999,-0.02,-0.079999998,-0.170000002
59.1,3892,-3731,3861,-3742,2033,2072,2096,1887,-2.859999895,-1.870000005,3.180000067,-0.039999999,-0.01,-0.170000002
59.11,3922,-3723,3898,-3754,2021,2078,2110,1872,-0.610000014,-1.75999999,-0.720000029,-0.02,0,-0.189999998
59.12,3941,-3738,3860,-3720,2014,2078,2123,1860,-0.620000005,-1.909999967,5.059999943,-0.01,-0.050000001,-0.189999998
59.13,3894,-3752,3871,-3737,2014,2077,2115,1845,-0.270000011,-1.460000038,1.840000033,0,-0.039999999,-0.200000003
59.14,3947,-3727,3909,-3713,2017,2077,2111,1837,1.860000014,-0.759999991,4.730000019,-0.02,0.029999999,-0.209999993
59.15,3933,-3706,3884,-3720,2024,2076,2108,1831,1.74000001,-1.070000052,5.880000114,0,0.050000001,-0.219999999
59.16,3939,-3634,3905,-3701,2025,2076,2102,1800,-0.370000005,-1.769999981,-2.539999962,-0.029999999,0.039999999,-0.230000004
59.17,3933,-3848,3920,-3701,2026,2073,2095,1765,-0.039999999,-1.929999948,-1.129999995,-0.01,0.01,-0.239999995
59.18,3941,-3672,3903,-3712,2020,2071,2093,1736,-1.440000057,-1.669999957,-7.260000229,0,-0.100000002,-0.239999995
59.19,3964,-3663,3905,-3726,2014,2061,2097,1739,1.149999976,-2.869999886,-3.529999971,-0.02,-0.100000002,-0.239999995
59.2,3814,-3794,3908,-3698,2008,2049,2101,1771,2.369999886,-2.75,-2.579999924,0.059999999,0,-0.25
59.21,4043,-3624,3919,-3680,2003,2045,2102,1792,1.110000014,-1.649999976,0.319999993,0,0,-0.259999991
59.22,3946,-3568,3908,-3706,2008,2043,2103,1799,0.800000012,-3.700000048,-1.129999995,0,0.029999999,-0.259999991
59.23,3810,-3838,3892,-3678,2011,2035,2107,1800,0.409999996,-1.179999948,-0.449999988,0.01,0.050000001,-0.25
59.24,4043,-3752,3909,-3638,2011,2036,2111,1805,0.439999998,-0.430000007,-0.150000006,-0.01,-0.039999999,-0.270000011
59.25,3924,-3485,3899,-3692,2018,2025,2114,1812,0.660000026,-3.079999924,0.910000026,0,0.02,-0.270000011
59.26,3802,-3800,3896,-3656,2034,2018,2114,1820,0.930000007,-1.340000033,-2.539999962,0.039999999,0.01,-0.270000011
59.27,4013,-3613,3892,-3609,2036,2025,2113,1815,-1.129999995,-1.5,-1.090000033,0.07,0.059999999,-0.310000002
59.28,3957,-3627,3844,-3662,2037,2038,2114,1814,-1.429999948,-2.549999952,-1.25999999,0.039999999,0.050000001,-0.310000002
59.29,3898,-3714,3893,-3630,2036,2041,2111,1815,-0.100000002,-0.5,-2.349999905,0.01,0.07,-0.310000002
59.3,3973,-3605,3908,-3597,2033,2049,2110,1812,-1.350000024,-1.629999995,1.340000033,0,-0.01,-0.330000013
59.31,3923,-3693,3858,-3639,2038,2048,2108,1811,0.039999999,-3.079999924,-2.24000001,0,0,-0.319999993
59.32,3966,-3693,3882,-3610,2024,2047,2109,1808,-0.360000014,-1.120000005,1.529999971,0.01,-0.01,-0.330000013
59.33,3956,-3663,3898,-3631,2023,2051,2108,1792,-0.810000002,-2.150000095,-1.210000038,0,-0.01,-0.340000004
59.34,3942,-3629,3873,-3661,2027,2056,2107,1783,0.140000001,-1.700000048,2.049999952,-0.02,0.029999999,-0.340000004
59.35,3970,-3632,3896,-3635,2023,2053,2104,1766,-0.340000004,-0.340000004,0.200000003,-0.029999999,0,-0.340000004
59.36,3934,-3620,3926,-3636,2021,2050,2114,1755,0.270000011,-2.359999895,2.329999924,-0.109999999,-0.01,-0.340000004
59.37,3964,-3636,3884,-3634,2022,2048,2115,1755,0.550000012,-2.25999999,3.680000067,0.01,0,-0.340000004
59.38,3939,-3648,3911,-3637,2022,2040,2115,1762,0.400000006,-1.75,-0.720000029,0,-0.050000001,-0.340000004
59.39,3939,-3649,3914,-3615,2009,2034,2114,1765,0.930000007,-2.319999933,1.720000029,0.02,-0.02,-0.340000004
59.4,3956,-3657,3895,-3627,1995,2034,2114,1764,0.180000007,-2.450000048,-2.279999971,0,0.039999999,-0.349999994
59.41,3828,-3622,3900,-3636,1978,2035,2127,1768,0.25,-2.529999971,-1.980000019,-0.02,0.050000001,-0.349999994
59.42,4045,-3651,3896,-3629,1974,2035,2138,1772,0,-2.569999933,-2.900000095,0,0.01,-0.349999994
59.43,3923,-3644,3877,-3592,1980,2033,2140,1773,-2.099999905,-2.650000095,-2.220000029,-0.02,0.02,-0.340000004
59.44,3921,-3628,3921,-3610,1978,2033,2140,1759,0.050000001,-2.289999962,2.059999943,0.02,0.039999999,-0.330000013
59.45,3963,-3649,3882,-3602,1986,2040,2137,1760,-0.670000017,-2.279999971,0.079999998,0,0.029999999,-0.340000004
59.46,3896,-3670,3883,-3579,2002,2046,2138,1758,-2,-2.359999895,1.789999962,0.01,0.07,-0.349999994
59.47,3949,-3686,3905,-3607,2007,2047,2131,1751,-0.639999986,-1.889999986,-0.109999999,0.050000001,0.039999999,-0.360000014
59.48,3932,-3647,3868,-3594,2016,2051,2125,1750,-1.620000005,-3.039999962,-0.800000012,0.02,-0.029999999,-0.349999994
59.49,3937,-3622,3879,-3594,2024,2057,2119,1753,0.200000003,-1.50999999,0.5,0.02,-0.039999999,-0.360000014
59.5,3944,-3582,3908,-3600,2025,2061,2116,1754,0.649999976,-2.799999952,2.819999933,0.01,0.01,-0.360000014
59.51,3954,-3738,3890,-3599,2025,2062,2115,1758,1.450000048,-3.279999971,2.819999933,0,0,-0.360000014
59.52,3827,-3718,3869,-3581,2021,2062,2118,1762,-1.269999981,-1.610000014,-2.779999971,0.050000001,0.01,-0.370000005
59.53,4039,-3585,3897,-3589,2012,2061,2123,1763,1.080000043,-2.349999905,-0.910000026,0,0.029999999,-0.379999995
59.54,3901,-3640,3856,-3582,2014,2054,2121,1763,-0.100000002,-2.019999981,-3.569999933,-0.01,-0.029999999,-0.370000005
59.55,3949,-3582,3872,-3583,2011,2047,2120,1766,0.150000006,-0.949999988,-3.950000048,-0.029999999,-0.01,-0.370000005
59.56,4000,-3528,3877,-3597,2014,2045,2119,1768,2.319999933,-1.99000001,1.100000024,-0.02,0.02,-0.379999995
59.57,3780,-3708,3894,-3599,2018,2021,2114,1764,1.370000005,-3.029999971,0.360000014,-0.01,0.029999999,-0.360000014
59.58,4040,-3547,3902,-3553,2017,2015,2112,1764,0.529999971,-0.769999981,-2.309999943,0.059999999,0.02,-0.379999995
59.59,3945,-3439,3841,-3599,2012,1999,2110,1768,0.479999989,-3.329999924,-0.689999998,0.100000002,0.029999999,-0.379999995
59.6,3790,-3822,3925,-3584,2010,1970,2107,1773,1.909999967,-2.180000067,-3.599999905,0.039999999,0.02,-0.370000005
59.61,4047,-3529,3889,-3544,1997,1961,2107,1793,-1.25,-1.850000024,-0.239999995,-0.01,0.059999999,-0.409999996
59.62,3908,-3474,3834,-3607,2000,1961,2112,1799,-2.809999943,-3.710000038,-3.619999886,0,0,-0.409999996
59.63,3920,-3711,3900,-3562,2011,1935,2109,1801,-0.529999971,-1.919999957,-5.639999866,-0.029999999,0,-0.389999986
59.64,3944,-3503,3879,-3542,2018,1920,2107,1800,-2.420000076,-1.049999952,0.730000019,0,-0.039999999,-0.400000006
59.65,3954,-3543,3886,-3600,2053,1904,2108,1804,1.659999967,-3.619999886,-4.619999886,0.039999999,0.01,-0.400000006
59.66,3834,-3633,3872,-3549,2076,1913,2101,1804,-0.479999989,-1.120000005,3.940000057,0.039999999,0.07,-0.400000006
59.67,3995,-3541,3895,-3542,2107,1940,2097,1813,0.620000005,-2.900000095,-1.159999967,0.07,0.109999999,-0.400000006
59.68,3904,-3639,3859,-3560,2107,1963,2093,1826,0.01,-2.450000048,2.49000001,0.029999999,-0.01,-0.409999996
59.69,3941,-3576,3870,-3534,2184,2015,2091,1831,0.209999993,-0.970000029,1.529999971,0.07,0.01,-0.389999986
59.7,3983,-3509,3865,-3557,2200,2038,2098,1831,1.809999943,-1.370000005,4.170000076,-0.07,0.01,-0.409999996
59.71,3764,-3729,3867,-3573,2209,2041,2106,1828,1.799999952,-1.629999995,4.449999809,-0.01,0.02,-0.400000006
59.72,4057,-3649,3894,-3516,2200,2040,2116,1827,-0.119999997,-0.140000001,-2.75999999,-0.01,0.01,-0.419999987
59.73,3916,-3535,3822,-3552,2193,2032,2118,1821,0,-3.470000029,-0.289999992,0.07,0.02,-0.409999996
59.74,3914,-3659,3866,-3553,2179,2012,2120,1815,1.039999962,-2.390000105,-5.329999924,0.039999999,-0.039999999,-0.400000006
59.75,3955,-3531,3872,-3503,2150,2010,2120,1813,-1.870000005,-2.160000086,-3.480000019,0.029999999,-0.02,-0.419999987
59.76,3904,-3552,3852,-3535,2128,1992,2115,1817,0.170000002,-4.070000172,0.769999981,0.029999999,0.01,-0.419999987
59.77,3935,-3591,3839,-3530,2076,1990,2106,1812,-1.470000029,-2.369999886,0.349999994,0,0,-0.419999987
59.78,3923,-3548,3839,-3519,2063,1989,2096,1800,-0.49000001,-3.430000067,0.959999979,0,-0.050000001,-0.409999996
59.79,3913,-3577,3893,-3536,2062,1992,2095,1795,0.02,-2.829999924,2.269999981,-0.050000001,-0.050000001,-0.409999996
59.8,3906,-3560,3846,-3534,2061,1990,2097,1784,-1.159999967,-1.149999976,-0.779999971,0,-0.029999999,-0.409999996
59.81,3924,-3565,3889,-3551,2061,1991,2098,1767,0.370000005,-1.720000029,-0.589999974,-0.039999999,-0.059999999,-0.409999996
59.82,3928,-3541,3873,-3542,2053,1991,2102,1744,0.029999999,-2.089999914,-1.850000024,-0.039999999,0,-0.409999996
59.83,3904,-3559,3854,-3548,2037,1984,2102,1732,1.429999948,-2.400000095,-0.680000007,0,0,-0.400000006
59.84,3942,-3536,3866,-3541,2029,1974,2105,1729,-0.090000004,-1.950000048,-1.710000038,0.039999999,-0.02,-0.409999996
59.85,3900,-3554,3861,-3545,2019,1956,2110,1731,0.079999998,-2.589999914,-2.150000095,0.07,0.02,-0.409999996
59.86,3931,-3583,3888,-3535,2010,1963,2107,1731,0.209999993,-2.440000057,-0.720000029,0.050000001,-0.039999999,-0.400000006
59.87,3919,-3546,3868,-3548,2007,1977,2105,1730,-0.349999994,-3.390000105,-1.230000019,0,-0.02,-0.409999996
59.88,3899,-3572,3849,-3541,2013,1988,2105,1726,0.629999995,-3.279999971,1.370000005,0.029999999,0.029999999,-0.400000006
59.89,3910,-3572,3886,-3562,2012,1991,2107,1716,-0.419999987,-2.170000076,-0.310000002,0.01,-0.01,-0.400000006
59.9,3888,-3566,3861,-3539,2012,1999,2114,1716,0.02,-3.099999905,-0.460000008,0.01,0,-0.400000006
59.91,3919,-3615,3840,-3537,2015,2031,2128,1715,1.549999952,-2,2.359999895,0,0.01,-0.389999986
59.92,3876,-3575,3850,-3548,2015,2031,2176,1719,-0.239999995,-2.859999895,-2.25999999,0.01,-0.02,-0.389999986
59.93,3913,-3588,3860,-3546,2044,2089,2201,1750,0.660000026,-2.900000095,0.860000014,0,0.01,-0.389999986
59.94,3902,-3580,3851,-3535,2075,2105,2223,1790,-1.389999986,-2.769999981,-1.320000052,0.050000001,-0.029999999,-0.389999986
59.95,3895,-3575,3835,-3540,2105,2112,2240,1839,-1.25999999,-2.089999914,-2.980000019,0.039999999,-0.029999999,-0.379999995
59.96,3947,-3585,3840,-3550,2129,2109,2242,1855,0.689999998,-1.960000038,3.430000067,0.039999999,0.02,-0.379999995
59.97,3746,-3545,3815,-3505,2139,2108,2232,1859,-0.07,-2.089999914,1.75,0.029999999,0.029999999,-0.379999995
59.98,4019,-3603,3847,-3532,2135,2108,2211,1857,1.220000029,-1.99000001,5.559999943,0.02,0.059999999,-0.389999986
59.99,3894,-3562,3792,-3514,2139,2107,2188,1854,-1.820000052,-2.119999886,5.119999886,0.01,0.059999999,-0.389999986
60,3867,-3551,3844,-3528,2147,2094,2156,1840,-1.75999999,-1.850000024,-1.110000014,0,-0.050000001,-0.379999995
60.01,3946,-3599,3882,-3535,2150,2071,2126,1837,-1.419999957,-1.350000024,-0.879999995,-0.02,-0.07,-0.400000006
60.02,3860,-3581,3798,-3499,2132,2047,2097,1826,-3.619999886,-2.559999943,-2.160000086,-0.02,-0.059999999,-0.389999986
60.03,3933,-3569,3866,-3553,2111,2045,2049,1817,-0.920000017,-1.429999948,-3.930000067,-0.050000001,-0.119999997,-0.400000006
60.04,3877,-3539,3858,-3559,2089,2033,2039,1810,-0.349999994,-2.960000038,1.129999995,-0.01,-0.07,-0.389999986
60.05,3916,-3570,3827,-3546,2044,2012,2039,1803,1,-1.970000029,0.289999992,-0.029999999,-0.090000004,-0.379999995
60.06,3897,-3625,3854,-3559,2024,1992,2045,1801,1.5,-1.830000043,3.079999924,-0.01,-0.02,-0.379999995
60.07,3751,-3512,3822,-3568,2007,1982,2053,1809,0.409999996,-1.450000048,3.25,0.01,-0.029999999,-0.360000014
60.08,3972,-3445,3849,-3542,1988,1971,2057,1809,1.529999971,-1.610000014,0.209999993,-0.07,-0.059999999,-0.349999994
60.09,3854,-3706,3819,-3576,1981,1963,2060,1811,-0.709999979,-2.569999933,3.269999981,-0.050000001,-0.02,-0.330000013
60.1,3828,-3540,3821,-3527,1986,1975,2067,1819,-1.850000024,-1.529999971,-4.059999943,-0.02,-0.039999999,-0.319999993
60.11,3866,-3547,3819,-3585,1997,2009,2079,1820,1.830000043,-1.909999967,-0.800000012,-0.059999999,-0.029999999,-0.330000013
60.12,3809,-3614,3797,-3576,2006,2015,2083,1818,0.610000014,-3.5,-1.470000029,-0.090000004,0.02,-0.310000002
60.13,3722,-3516,3798,-3502,2001,2002,2085,1806,0.25,-2.180000067,-0.620000005,-0.140000001,0.029999999,-0.310000002
60.14,3930,-3504,3788,-3558,2001,2002,2084,1791,0.079999998,-3.180000067,-3.130000114,-0.01,-0.029999999,-0.310000002
60.15,3834,-3717,3780,-3533,2001,2004,2083,1783,-2.089999914,-1.860000014,-2.559999943,0,-0.02,-0.300000012
60.16,3795,-3582,3785,-3521,1997,2007,2083,1782,-2.680000067,-1.440000057,-0.910000026,0.029999999,-0.029999999,-0.300000012
60.17,3847,-3534,3758,-3550,1980,2012,2085,1775,-0.670000017,-1.980000019,-4.150000095,0.039999999,-0.050000001,-0.310000002
60.18,3834,-3635,3787,-3547,1958,2008,2093,1789,1.25999999,-3.039999962,3.950000048,0.02,0,-0.300000012
60.19,3816,-3551,3739,-3545,1952,2018,2120,1808,-0.200000003,-1.49000001,5.940000057,0,0.01,-0.289999992
60.2,3817,-3625,3773,-3569,1953,2033,2192,1823,2.190000057,-2.74000001,5.369999886,-0.02,0.039999999,-0.280000001
60.21,3689,-3596,3723,-3551,2007,2054,2196,1831,-0.090000004,-1.570000052,9.350000381,-0.029999999,0.039999999,-0.270000011
60.22,3861,-3608,3777,-3554,2033,2075,2195,1831,-0.550000012,-1.669999957,-1.870000005,0,0.029999999,-0.259999991
60.23,3815,-3618,3755,-3542,2049,2091,2191,1823,-2.470000029,-2.109999895,0.460000008,0,0,-0.239999995
60.24,3739,-3594,3733,-3538,2052,2131,2185,1811,-2.210000038,-1.450000048,-3.75,0.050000001,0.050000001,-0.230000004
60.25,3853,-3607,3765,-3563,2037,2158,2173,1795,-0.589999974,-0.860000014,-4.300000191,0,0,-0.239999995
60.26,3719,-3551,3723,-3563,2017,2171,2166,1776,-2.789999962,-2.230000019,0.319999993,0.02,0.029999999,-0.230000004
60.27,3830,-3576,3782,-3577,1958,2174,2165,1760,-0.109999999,0.25,-3.400000095,-0.01,0.02,-0.239999995
60.28,3811,-3599,3752,-3568,1958,2170,2165,1735,-1.049999952,-0.860000014,3.819999933,-0.039999999,-0.079999998,-0.230000004
60.29,3769,-3581,3742,-3579,1961,2170,2164,1705,0.889999986,0.319999993,-0.039999999,0.01,-0.039999999,-0.219999999
60.3,3801,-3625,3793,-3603,1946,2167,2164,1672,1.320000052,-0.5,4.5,-0.050000001,-0.029999999,-0.219999999
60.31,3806,-3587,3739,-3590,1941,2156,2162,1667,-0.140000001,-1.480000019,2.349999905,0,0,-0.219999999
60.32,3760,-3608,3756,-3588,1966,2147,2163,1692,-0.860000014,-0.769999981,-1.950000048,0.029999999,-0.050000001,-0.209999993
60.33,3795,-3604,3775,-3569,2008,2138,2159,1717,-1.799999952,-1.059999943,-1.279999971,0.07,-0.079999998,-0.219999999
60.34,3782,-3533,3708,-3631,2008,2130,2157,1781,-0.980000019,-1.549999952,-0.340000004,0.029999999,-0.059999999,-0.200000003
60.35,3781,-3651,3752,-3601,2003,2112,2160,1801,0.219999999,-1.039999962,0.349999994,0.029999999,-0.059999999,-0.209999993
60.36,3754,-3604,3767,-3562,1994,2101,2161,1835,-0.100000002,-1.460000038,4.150000095,0.039999999,0,-0.209999993
60.37,3782,-3568,3702,-3565,1981,2079,2162,1872,2.200000048,-1.669999957,3.460000038,0.02,0.039999999,-0.209999993
60.38,3773,-3619,3723,-3609,1940,2049,2163,1910,-0.360000014,-1.029999971,-0.01,-0.029999999,-0.039999999,-0.209999993
60.39,3735,-3549,3712,-3526,1926,2021,2163,1943,-0.720000029,-0.660000026,0.829999983,-0.059999999,0.02,-0.219999999
60.4,3796,-3604,3711,-3556,1935,2000,2157,1925,1.289999962,-0.029999999,0.600000024,-0.059999999,0.029999999,-0.219999999
60.41,3735,-3569,3712,-3564,1962,1990,2146,1889,-1.600000024,-0.189999998,-2.869999886,-0.059999999,0.02,-0.209999993
60.42,3772,-3572,3705,-3544,1989,2000,2102,1863,1.110000014,-0.870000005,1.210000038,-0.02,0.180000007,-0.209999993
60.43,3773,-3617,3720,-3567,2011,2011,2062,1849,0.01,-1.159999967,1.580000043,0.02,0.140000001,-0.219999999
60.44,3764,-3572,3686,-3567,2051,2021,2016,1845,-1.419999957,-1.389999986,-1.720000029,0.02,0.039999999,-0.209999993
60.45,3773,-3641,3729,-3561,2052,2031,1984,1835,-0.189999998,-1.730000019,-1.320000052,0.02,0.01,-0.219999999
60.46,3766,-3606,3741,-3567,2053,2038,1970,1830,-1.350000024,-1.789999962,-2.799999952,0,-0.039999999,-0.209999993
60.47,3803,-3598,3729,-3565,2049,2040,1976,1829,-0.319999993,-0.970000029,-2.980000019,-0.029999999,-0.07,-0.209999993
60.48,3755,-3624,3763,-3586,2049,2040,2035,1836,0.109999999,-2.480000019,-0.49000001,-0.050000001,-0.029999999,-0.200000003
60.49,3793,-3579,3737,-3570,2043,2045,2073,1854,0.270000011,-0.939999998,1.779999971,-0.02,-0.029999999,-0.200000003
60.5,3764,-3606,3723,-3594,2041,2043,2101,1870,0.910000026,-1.620000005,3.650000095,-0.029999999,-0.029999999,-0.200000003
60.51,3675,-3585,3758,-3613,2032,2042,2104,1876,0.370000005,-1.210000038,3.920000076,0.02,0,-0.189999998
60.52,3832,-3572,3761,-3602,2028,2034,2098,1878,0.379999995,-1.120000005,0.119999997,0.01,-0.059999999,-0.180000007
60.53,3715,-3622,3686,-3607,2030,2031,2084,1890,-0.129999995,-0.829999983,1.129999995,0.02,-0.01,-0.170000002
60.54,3730,-3556,3753,-3585,2030,2029,2085,1905,-0.550000012,-0.870000005,-1.00999999,0,0,-0.159999996
60.55,3742,-3618,3760,-3601,2030,2030,2085,1906,-1.370000005,-0.910000026,-1.230000019,-0.029999999,0,-0.159999996
60.56,3729,-3609,3644,-3598,2030,2029,2073,1903,-0.899999976,-2.160000086,0.25,0,-0.01,-0.150000006
60.57,3743,-3545,3710,-3591,2034,2029,2069,1903,-0.910000026,-0.509999991,-0.699999988,-0.059999999,-0.02,-0.159999996
60.58,3716,-3622,3728,-3582,2037,2035,2080,1897,-0.879999995,-1.639999986,0.49000001,0,-0.01,-0.159999996
60.59,3728,-3531,3674,-3588,2031,2039,2105,1893,-1.370000005,0.07,0.939999998,0,-0.039999999,-0.170000002
60.6,3730,-3615,3725,-3572,2026,2040,2106,1889,0.409999996,-2.039999962,3.710000038,-0.01,0.02,-0.159999996
60.61,3614,-3623,3690,-3575,2002,2040,2105,1883,-1.070000052,-1.690000057,4.610000134,-0.01,0.01,-0.159999996
60.62,3813,-3581,3679,-3553,1979,2046,2106,1863,-0.709999979,-1.00999999,1.909999967,0.029999999,0.02,-0.159999996
60.63,3721,-3614,3670,-3554,1974,2055,2100,1848,-0.829999983,-2.210000038,4.190000057,0,0.02,-0.150000006
60.64,3671,-3580,3668,-3570,1975,2057,2088,1830,-1.970000029,-1.220000029,-2.5,0.029999999,0.02,-0.150000006
60.65,3780,-3606,3688,-3579,1981,2057,2025,1811,-0.050000001,-0.219999999,-2.309999943,-0.01,0.01,-0.159999996
60.66,3684,-3615,3646,-3560,2017,2057,1981,1788,-2.609999895,-2.089999914,-2.059999943,-0.050000001,0,-0.140000001
60.67,3745,-3577,3713,-3573,2015,2060,1964,1769,-0.589999974,0.600000024,-5.289999962,-0.02,-0.02,-0.150000006
60.68,3708,-3658,3682,-3567,2015,2057,1975,1762,-0.769999981,-1.519999981,1.389999986,-0.02,-0.079999998,-0.150000006
60.69,3737,-3568,3694,-3586,1995,2058,1993,1773,0.860000014,0.5,0.300000012,0.02,-0.039999999,-0.150000006
60.7,3707,-3554,3720,-3593,1983,2054,2008,1794,-1.059999943,-0.370000005,1.889999986,0.02,-0.07,-0.150000006
60.71,3722,-3707,3679,-3577,1968,2051,2024,1817,1.059999943,-0.370000005,-0.519999981,0.029999999,-0.050000001,-0.129999995
60.72,3722,-3537,3685,-3542,1955,2055,2047,1837,-0.170000002,0.449999988,2.359999895,0,-0.039999999,-0.140000001
60.73,3686,-3560,3684,-3604,1955,2052,2073,1855,2.180000067,-1.139999986,2.329999924,-0.02,0.01,-0.129999995
60.74,3714,-3616,3668,-3572,1957,2046,2090,1850,1.210000038,-0.759999991,-1.25,-0.039999999,-0.02,-0.129999995
60.75,3696,-3514,3699,-3575,1966,2052,2091,1841,0.200000003,-0.759999991,-0.159999996,-0.02,0.029999999,-0.129999995
60.76,3691,-3525,3672,-3602,1980,2053,2091,1835,0.569999993,-1.279999971,-2.410000086,0,0,-0.119999997
60.77,3709,-3673,3659,-3567,1985,2055,2091,1835,-0.569999993,-0.189999998,-2.109999895,0.02,0,-0.119999997
60.78,3648,-3558,3679,-3554,1985,2058,2088,1837,-0.289999992,-0.810000002,1.039999962,0.01,0.039999999,-0.129999995
60.79,3703,-3546,3661,-3594,1985,2065,2085,1835,2.569999933,-1.389999986,0.079999998,0.01,0.07,-0.119999997
60.8,3671,-3613,3657,-3560,1986,2071,2083,1835,0.620000005,-1.210000038,-1.019999981,0.01,0.01,-0.119999997
60.81,3683,-3542,3622,-3592,1984,2069,2081,1830,1.379999995,-1,0.509999991,0,0.050000001,-0.119999997
60.82,3684,-3509,3642,-3581,1985,2068,2080,1828,0.949999988,-0.589999974,-3.869999886,0,-0.029999999,-0.119999997
60.83,3632,-3653,3653,-3551,1985,2066,2081,1828,0.310000002,-0.949999988,-2.859999895,0.01,0,-0.109999999
60.84,3702,-3536,3647,-3562,1980,2066,2082,1830,0.49000001,-0.439999998,-1.820000052,0.039999999,0.029999999,-0.109999999
60.85,3694,-3504,3597,-3554,1981,2065,2082,1844,0.810000002,-1.110000014,-1.629999995,0.02,0.050000001,-0.109999999
60.86,3538,-3736,3621,-3572,1980,2057,2081,1847,0.680000007,-1.350000024,0.090000004,0.029999999,0.050000001,-0.100000002
60.87,3753,-3514,3641,-3528,1979,2061,2072,1845,-1.129999995,-0.280000001,-0.050000001,0,0.090000004,-0.119999997
60.88,3641,-3541,3592,-3580,1980,2061,2061,1845,-2.579999924,-0.889999986,-1.889999986,-0.02,-0.059999999,-0.109999999
60.89,3632,-3657,3634,-3545,2007,2056,2048,1846,-0.889999986,0.219999999,-3.980000019,0,-0.039999999,-0.090000004
60.9,3661,-3541,3640,-3552,2009,2065,2047,1838,-1.49000001,1.350000024,1,0,-0.01,-0.100000002
60.91,3638,-3605,3619,-3581,2014,2066,2048,1838,-0.439999998,0,-3.519999981,0.029999999,-0.01,-0.090000004
60.92,3680,-3653,3641,-3544,2014,2068,2047,1838,1.230000019,1.299999952,4.739999771,0.029999999,0.050000001,-0.090000004
60.93,3619,-3497,3608,-3542,2011,2067,2053,1840,0.319999993,-0.74000001,1.889999986,0.050000001,0.029999999,-0.090000004
60.94,3664,-3696,3611,-3559,2000,2067,2056,1839,0.899999976,0.270000011,1.99000001,0.02,0,-0.090000004
60.95,3648,-3560,3613,-3542,1997,2071,2058,1841,-1.370000005,0.759999991,4,0.039999999,0.02,-0.090000004
60.96,3623,-3512,3607,-3594,1995,2079,2063,1842,-2.809999943,0.529999971,-2.730000019,-0.039999999,-0.07,-0.090000004
60.97,3664,-3640,3598,-3582,1993,2082,2062,1839,-1.470000029,0.639999986,-2.589999914,-0.02,-0.079999998,-0.079999998
60.98,3588,-3525,3637,-3541,1986,2083,2063,1832,-3.200000048,0.189999998,0.280000001,-0.079999998,-0.059999999,-0.059999999
60.99,3617,-3589,3593,-3602,1986,2082,2063,1825,-0.079999998,-0.540000022,-4.610000134,-0.02,-0.059999999,-0.050000001
61,3620,-3599,3599,-3578,1979,2084,2063,1821,0.170000002,-0.140000001,4.880000114,0.01,-0.02,-0.039999999
61.01,3470,-3468,3595,-3581,1965,2087,2064,1820,0.579999983,-0.400000006,1.659999967,0.029999999,-0.01,-0.029999999
61.02,3701,-3620,3560,-3593,1947,2085,2064,1822,1.539999962,-0.059999999,4.199999809,0.029999999,0,-0.029999999
61.03,3547,-3600,3546,-3546,1929,2082,2064,1824,-2.24000001,0.100000002,5.329999924,0.039999999,0.01,-0.02
61.04,3544,-3544,3569,-3587,1916,2077,2070,1828,-1.799999952,-0.119999997,-1.019999981,0,-0.029999999,0
61.05,3629,-3619,3555,-3591,1912,2077,2070,1828,-1.169999957,0.569999993,0.219999999,0,-0.029999999,0
61.06,3534,-3557,3537,-3565,1915,2075,2065,1829,-2.809999943,-0.370000005,-0.469999999,-0.029999999,0,0
61.07,3599,-3603,3554,-3569,1920,2079,2065,1824,0.670000017,0.910000026,-1.440000057,-0.01,0.02,0
61.08,3566,-3605,3530,-3550,1928,2091,2064,1825,-1.620000005,-0.519999981,1.700000048,-0.059999999,0,0.01
61.09,3540,-3597,3545,-3565,1934,2092,2063,1825,0.360000014,0.400000006,-0.289999992,-0.01,0.029999999,0.01
61.1,3597,-3623,3536,-3558,1935,2095,2061,1820,-0.670000017,0.100000002,1.99000001,-0.01,-0.039999999,0.01
61.11,3537,-3573,3543,-3572,1934,2102,2054,1814,-0.5,0.629999995,-0.74000001,0,-0.02,0.02
61.12,3576,-3607,3517,-3569,1937,2107,2051,1812,0.02,0.529999971,1.25,-0.01,0.01,0.02
61.13,3559,-3611,3556,-3565,1935,2107,2051,1815,0.610000014,0.209999993,1.299999952,-0.01,0,0.02
61.14,3536,-3581,3550,-3582,1929,2108,2055,1819,-1.149999976,0.280000001,-1.590000033,0.02,0,0.02
61.15,3576,-3671,3555,-3567,1920,2109,2060,1825,1.100000024,0.449999988,0.079999998,0,0.02,0.02
61.16,3524,-3562,3538,-3571,1911,2110,2062,1834,-1.75,0.349999994,-1.460000038,0,-0.059999999,0.029999999
61.17,3559,-3616,3522,-3589,1895,2109,2065,1840,-0.079999998,1.110000014,-2.710000038,-0.039999999,-0.01,0.039999999
61.18,3528,-3595,3517,-3560,1895,2115,2070,1843,0.639999986,0.340000004,1.139999986,-0.059999999,-0.039999999,0.050000001
61.19,3426,-3495,3533,-3573,1912,2132,2085,1843,-0.360000014,0.270000011,0.07,-0.079999998,0,0.059999999
61.2,3623,-3702,3518,-3608,1928,2135,2094,1842,1.940000057,0.330000013,5.519999981,-0.050000001,0.059999999,0.059999999
61.21,3541,-3524,3485,-3556,1950,2134,2087,1837,-1.789999962,0.200000003,5.329999924,0,0.050000001,0.07
61.22,3477,-3528,3516,-3624,1972,2127,2080,1833,-0.01,0.050000001,-0.99000001,0.050000001,0.050000001,0.079999998
61.23,3550,-3649,3506,-3572,1971,2129,2070,1834,0.289999992,0.129999995,2.609999895,0.079999998,0.039999999,0.07
61.24,3369,-3510,3493,-3562,1967,2132,2059,1837,-4.21999979,0.360000014,-5.800000191,0.07,0,0.07
61.25,3583,-3656,3493,-3624,1968,2130,2044,1845,0.170000002,0.25,-7,0.07,0,0.079999998
61.26,3530,-3540,3469,-3555,1966,2128,2032,1847,-2.160000086,0.589999974,-1.029999971,0,-0.059999999,0.079999998
61.27,3454,-3554,3505,-3605,1967,2121,2032,1849,0.720000029,0.709999979,-5.460000038,-0.029999999,-0.02,0.100000002
61.28,3548,-3641,3506,-3593,1973,2112,2034,1850,3.890000105,0.720000029,6.380000114,-0.029999999,0.039999999,0.090000004
61.29,3501,-3560,3448,-3558,1974,2107,2032,1857,-0.75,0.389999986,4.340000153,0,0.029999999,0.100000002
61.3,3512,-3649,3509,-3587,1975,2106,2030,1865,3.309999943,0.839999974,2.829999924,0.050000001,0.059999999,0.090000004
61.31,3517,-3582,3465,-3561,1975,2106,2030,1864,-0.07,-0.07,7.309999943,0,0.029999999,0.090000004
61.32,3504,-3585,3448,-3560,1973,2104,2021,1865,-1.669999957,0.769999981,-5.420000076,0.029999999,0.01,0.090000004
61.33,3491,-3623,3453,-3573,1973,2097,2013,1864,-0.349999994,0.209999993,-0.879999995,0,-0.01,0.090000004
61.34,3505,-3564,3466,-3545,1969,2097,2007,1859,-2.720000029,0.980000019,-7.199999809,0.01,0,0.090000004
61.35,3483,-3623,3468,-3600,1977,2097,2005,1865,-0.660000026,0.310000002,-7.429999828,0,-0.02,0.100000002
61.36,3495,-3600,3459,-3567,1982,2096,2006,1870,-1.480000019,0.75,0.469999999,0.01,0.01,0.100000002
61.37,3478,-3580,3454,-3575,1982,2098,2009,1870,-1.299999952,0.360000014,-3.089999914,0.02,0,0.109999999
61.38,3487,-3655,3473,-3574,1981,2097,2011,1877,-0.170000002,0.449999988,5.760000229,0.02,-0.029999999,0.109999999
61.39,3505,-3572,3458,-3565,1979,2100,2005,1894,-1.360000014,1.019999981,3,0.02,-0.029999999,0.109999999
61.4,3437,-3613,3472,-3589,1971,2097,2001,1908,-0.090000004,1.120000005,4.840000153,-0.02,-0.029999999,0.109999999
61.41,3533,-3587,3469,-3564,1970,2095,1999,1906,-0.550000012,1.690000057,4.039999962,-0.029999999,-0.039999999,0.109999999
61.42,3470,-3605,3456,-3561,1972,2105,2000,1901,-0.280000001,1.419999957,-0.02,-0.059999999,0,0.119999997
61.43,3482,-3607,3462,-3582,1971,2103,2001,1899,0.49000001,1.5,2.170000076,-0.02,-0.02,0.119999997
61.44,3485,-3561,3448,-3594,1969,2101,1993,1899,0.109999999,1.210000038,-1.830000043,-0.029999999,0.01,0.119999997
61.45,3484,-3588,3493,-3584,1974,2097,1986,1899,0.219999999,0.959999979,-1.039999962,-0.02,0,0.129999995
61.46,3430,-3601,3489,-3599,1971,2095,1985,1901,0.74000001,0.730000019,-3.569999933,0.029999999,-0.02,0.129999995
61.47,3487,-3544,3438,-3587,1966,2094,1986,1906,0.670000017,0.560000002,-1.299999952,0.01,-0.01,0.140000001
61.48,3468,-3584,3452,-3601,1971,2091,1993,1914,0.129999995,0.689999998,-1.100000024,0.02,0.01,0.140000001
61.49,3326,-3664,3461,-3593,1973,2093,2019,1917,-0.439999998,0.899999976,-1.610000014,0.059999999,0.02,0.159999996
61.5,3537,-3556,3417,-3566,1966,2102,2039,1915,-0.589999974,1.580000043,0.600000024,0.02,-0.02,0.150000006
61.51,3441,-3590,3418,-3618,1960,2105,2052,1912,0.059999999,-0.02,-0.689999998,0.050000001,0.02,0.170000002
61.52,3402,-3638,3404,-3577,1955,2104,2051,1910,-0.259999991,0.029999999,1.840000033,0,0,0.180000007
61.53,3478,-3601,3405,-3569,1952,2112,2050,1911,-0.059999999,0.74000001,0.379999995,0,0.01,0.180000007
61.54,3378,-3630,3399,-3583,1948,2114,2050,1909,-0.129999995,-0.850000024,0.479999989,-0.02,-0.02,0.189999998
61.55,3448,-3619,3406,-3555,1939,2120,2046,1899,-0.289999992,1.389999986,2.119999886,-0.059999999,-0.01,0.189999998
61.56,3437,-3599,3382,-3583,1939,2121,2044,1896,0.100000002,0.439999998,-0.800000012,0.02,0,0.200000003
61.57,3326,-3595,3399,-3586,1940,2120,2041,1902,-0.239999995,2.049999952,0.389999986,0.01,0,0.200000003
61.58,3502,-3602,3407,-3565,1940,2120,2040,1901,0.49000001,1.850000024,0.07,0.029999999,0.07,0.200000003
61.59,3421,-3615,3378,-3562,1941,2124,2040,1898,-0.389999986,0.709999979,0.059999999,0.02,0.059999999,0.200000003
61.6,3401,-3595,3388,-3570,1944,2124,2024,1898,-0.519999981,1.850000024,-0.790000022,0.039999999,0.029999999,0.200000003
61.61,3438,-3618,3398,-3563,1941,2123,2022,1897,0.769999981,1.669999957,-0.029999999,0,0.039999999,0.189999998
61.62,3411,-3613,3386,-3572,1940,2120,2021,1900,-1.820000052,0.610000014,-2.039999962,-0.050000001,-0.029999999,0.189999998
61.63,3438,-3617,3407,-3559,1939,2120,2021,1900,0.759999991,1.950000048,-2.00999999,-0.02,0,0.180000007
61.64,3412,-3585,3417,-3551,1938,2121,2022,1899,-1.320000052,0.779999971,-0.039999999,-0.039999999,-0.050000001,0.180000007
61.65,3418,-3588,3397,-3568,1933,2129,2023,1903,0.039999999,1.610000014,-2.390000105,-0.059999999,0,0.189999998
61.66,3435,-3585,3408,-3573,1933,2134,2033,1899,-0.980000019,1.440000057,0.839999974,-0.029999999,-0.02,0.189999998
61.67,3412,-3564,3398,-3598,1933,2135,2040,1894,-1.190000057,0.930000007,-2.700000048,-0.029999999,-0.01,0.200000003
61.68,3412,-3594,3385,-3559,1933,2133,2043,1892,-0.600000024,1.25999999,3.200000048,-0.02,-0.01,0.200000003
61.69,3432,-3582,3411,-3577,1935,2135,2044,1868,-1.970000029,0.230000004,-0.639999986,0,-0.050000001,0.209999993
61.7,3381,-3567,3396,-3598,1933,2135,2042,1868,1.070000052,1.039999962,5.690000057,0.01,0,0.209999993
61.71,3405,-3622,3387,-3583,1927,2133,2042,1879,0.699999988,0.720000029,6.679999828,0.029999999,-0.02,0.209999993
61.72,3420,-3565,3402,-3580,1927,2133,2042,1882,1.100000024,0.180000007,1.379999995,0.01,0.059999999,0.219999999
61.73,3354,-3453,3373,-3577,1926,2135,2040,1882,1.070000052,0.469999999,5.260000229,0,0.029999999,0.219999999
61.74,3423,-3748,3373,-3567,1926,2132,2040,1879,-0.400000006,1.139999986,-5.510000229,0,-0.01,0.219999999
61.75,3359,-3521,3384,-3554,1922,2128,2039,1878,-2.900000095,1.860000014,-1.019999981,0,0,0.200000003
61.76,3409,-3539,3383,-3588,1921,2123,2041,1881,-2.099999905,1.370000005,-4.159999847,-0.039999999,-0.01,0.209999993
61.77,3408,-3678,3379,-3548,1923,2119,2037,1880,-2.039999962,1.149999976,-4.579999924,-0.02,-0.01,0.209999993
61.78,3357,-3511,3367,-3522,1916,2120,2038,1879,-3.019999981,1.730000019,3.269999981,0,0,0.209999993
61.79,3416,-3624,3350,-3576,1906,2112,2040,1888,-0.939999998,0.340000004,-2.25999999,0.01,0,0.209999993
61.8,3380,-3606,3348,-3525,1906,2106,2036,1884,-0.219999999,1.690000057,7.099999905,0.029999999,0,0.219999999
61.81,3367,-3561,3374,-3567,1910,2120,2035,1882,0.670000017,0.150000006,2.549999952,0.01,0.01,0.219999999
61.82,3405,-3619,3337,-3544,1911,2137,2034,1878,0.620000005,0.649999976,3.420000076,0.01,0.07,0.219999999
61.83,3371,-3535,3349,-3547,1914,2148,2026,1873,0.140000001,1.330000043,3.690000057,-0.01,0.02,0.219999999
61.84,3317,-3541,3362,-3561,1943,2155,2026,1868,0.239999995,1.470000029,-2.410000086,-0.029999999,0.01,0.209999993
61.85,3453,-3707,3356,-3531,1953,2155,2025,1867,0.029999999,1.700000048,0.970000029,-0.039999999,0.01,0.219999999
61.86,3365,-3536,3352,-3520,1952,2156,2030,1869,-2.289999962,1.940000057,-4.840000153,-0.01,0,0.209999993
61.87,3384,-3569,3389,-3572,1951,2158,2040,1872,2.00999999,1.129999995,-3.369999886,0.029999999,0,0.219999999
61.88,3423,-3598,3362,-3521,1949,2158,2038,1878,1.769999981,1.360000014,-2.170000076,0.02,-0.02,0.209999993
61.89,3330,-3533,3363,-3548,1942,2150,2036,1884,1.330000043,0.479999989,-1.679999948,0,0,0.219999999
61.9,3437,-3560,3368,-3579,1922,2139,2037,1884,3.269999981,0.75,0.170000002,0.039999999,0.01,0.209999993
61.91,3348,-3563,3338,-3540,1918,2128,2036,1880,0.280000001,0.02,1.289999962,0.029999999,0.02,0.219999999
61.92,3307,-3527,3381,-3572,1910,2118,2038,1881,1.840000033,1.450000048,-3.470000029,0.059999999,0.02,0.219999999
61.93,3428,-3583,3330,-3545,1902,2099,2037,1884,0.159999996,0.980000019,0.289999992,0.07,0.039999999,0.219999999
61.94,3395,-3565,3339,-3537,1905,2093,2027,1893,-1.340000033,1.440000057,-3.769999981,0.029999999,0.029999999,0.219999999
61.95,3329,-3597,3357,-3561,1912,2087,2018,1907,-0.039999999,0.810000002,-3.24000001,0.050000001,0.07,0.219999999
61.96,3355,-3496,3334,-3528,1913,2051,2007,1923,-1.25999999,1.419999957,-3.00999999,0.029999999,-0.039999999,0.219999999
61.97,3373,-3523,3361,-3563,1927,2007,1997,1937,-0.639999986,0.529999971,-4.949999809,0.01,-0.01,0.219999999
61.98,3338,-3573,3344,-3526,1927,1969,1984,1937,1.24000001,0.509999991,3.049999952,0.029999999,0.039999999,0.219999999
61.99,3376,-3483,3340,-3521,1952,1962,1971,1950,0.25,0.829999983,1.549999952,0.02,0.039999999,0.209999993
62,3336,-3477,3308,-3536,1962,1973,1943,1961,2.299999952,0.409999996,2.230000019,0.07,0.109999999,0.209999993
62.01,3362,-3657,3312,-3514,1992,1979,1929,1967,1.129999995,1.149999976,5.659999847,0.039999999,0.100000002,0.200000003
62.02,3393,-3511,3327,-3492,1992,1988,1922,1974,-0.579999983,1.429999948,-2.440000057,0,0.090000004,0.200000003
62.03,3345,-3525,3345,-3531,2026,2004,1922,1986,2.269999981,1.350000024,0.819999993,0.029999999,0.119999997,0.209999993
62.04,3396,-3582,3326,-3499,2035,2067,1926,1978,2.269999981,1.350000024,0.819999993,-0.050000001,0.050000001,0.209999993
62.05,3370,-3479,3328,-3515,2043,2089,1927,1974,0.680000007,1.25,-2.480000019,-0.059999999,0.090000004,0.200000003
62.06,3357,-3507,3331,-3533,2065,2090,1927,1975,-0.02,0.409999996,-5.710000038,-0.029999999,0.01,0.200000003
62.07,3395,-3638,3320,-3497,2085,2090,1927,1974,-0.310000002,1.50999999,-4.96999979,-0.039999999,0,0.200000003
62.08,3371,-3499,3349,-3472,2105,2090,1927,1975,-1.110000014,0.74000001,-0.409999996,0,0,0.180000007
62.09,3405,-3509,3348,-3529,2128,2089,1927,1982,0.899999976,0.389999986,-2.609999895,0,0.01,0.170000002
62.1,3403,-3571,3337,-3509,2142,2070,1928,1987,0.270000011,0.670000017,-0.400000006,0.029999999,-0.050000001,0.170000002
62.11,3290,-3465,3373,-3454,2129,2067,1934,1993,-0.180000007,-0.07,-1.25,0,-0.039999999,0.150000006
62.12,3465,-3514,3366,-3507,2068,2057,1935,2008,1.080000043,-0.109999999,1.639999986,0,-0.07,0.140000001
62.13,3374,-3476,3340,-3459,2032,2041,1936,2014,-1.279999971,0.439999998,1.820000052,-0.050000001,-0.059999999,0.140000001
62.14,3311,-3470,3405,-3530,1987,2012,1945,2010,0.330000013,0.469999999,1.75999999,-0.079999998,-0.02,0.140000001
62.15,3442,-3476,3319,-3489,1950,1950,1958,2005,-0.49000001,2.400000095,2.130000114,-0.090000004,0.01,0.129999995
62.16,3323,-3454,3324,-3492,1939,1927,1965,1993,-2.069999933,1.059999943,-0.07,-0.109999999,-0.02,0.129999995
62.17,3378,-3491,3358,-3484,1938,1927,1965,1977,-0.479999989,1.669999957,-1.519999981,-0.029999999,0,0.129999995
62.18,3374,-3523,3315,-3463,1944,1940,1958,1959,-1.539999962,0.25,0.109999999,-0.01,-0.01,0.140000001
62.19,3342,-3512,3370,-3487,1955,1955,1949,1934,-0.370000005,0.25,-1.419999957,0.029999999,0,0.140000001
62.2,3370,-3460,3351,-3479,1950,1968,1935,1933,-0.07,0.379999995,1.539999962,0.07,0.050000001,0.140000001
62.21,3343,-3523,3331,-3495,1950,1982,1930,1927,1.279999971,0,0.039999999,0.029999999,0.039999999,0.150000006
62.22,3308,-3520,3350,-3488,1948,1991,1933,1919,1.039999962,-0.230000004,1.450000048,0,0.07,0.159999996
62.23,3381,-3500,3322,-3506,1944,2001,1938,1914,1.379999995,-0.119999997,1.799999952,0,0.079999998,0.159999996
62.24,3336,-3555,3333,-3450,1951,2006,1945,1915,-0.059999999,0.479999989,-3.670000076,0,0,0.159999996
62.25,3375,-3484,3340,-3468,1949,2020,1957,1870,1.149999976,1.549999952,-1.629999995,0.029999999,0.029999999,0.170000002
62.26,3410,-3460,3309,-3489,1955,2055,1965,1840,-1.340000033,1.149999976,-5.559999943,0.01,0,0.159999996
62.27,3319,-3620,3381,-3482,1959,2070,1971,1827,0.02,1.019999981,-6.789999962,0.119999997,0.01,0.180000007
62.28,3341,-3492,3358,-3455,1948,2070,1996,1828,-1.429999948,1.179999948,-1.059999943,0.119999997,-0.02,0.170000002
62.29,3369,-3500,3273,-3514,1921,2128,2007,1839,1.049999952,-0.330000013,-4.429999828,0.140000001,0,0.170000002
62.3,3278,-3576,3345,-3478,1921,2161,2014,1853,1.75,-0.079999998,4.400000095,0.119999997,0,0.180000007
62.31,3362,-3458,3297,-3455,1926,2197,2020,1890,0.379999995,0.25,3.470000029,0.01,0.029999999,0.180000007
62.32,3399,-3463,3266,-3501,1942,2227,2034,1928,0.029999999,0.280000001,1.230000019,0.02,0,0.170000002
62.33,3299,-3621,3324,-3477,1974,2228,2061,1971,-1.450000048,2.880000114,2.450000048,0,-0.02,0.180000007
62.34,3352,-3453,3296,-3430,2005,2235,2061,1989,-0.959999979,2.789999962,0.75,-0.01,0,0.180000007
62.35,3359,-3452,3327,-3483,2041,2242,2061,1992,0.519999981,1.580000043,0.01,-0.01,0,0.170000002
62.36,3230,-3533,3332,-3464,2026,2243,2060,1984,1.179999948,1.580000043,1.25999999,0,0.039999999,0.180000007
62.37,3414,-3392,3307,-3456,2001,2245,2058,1978,0.819999993,1.559999943,3.039999962,0.01,0.050000001,0.159999996
62.38,3365,-3415,3319,-3494,1992,2240,2053,1967,2.119999886,0.319999993,0.720000029,-0.039999999,0,0.159999996
62.39,3177,-3575,3340,-3450,1979,2206,2060,1944,0.74000001,1.480000019,2.769999981,-0.01,0.029999999,0.170000002
62.4,3440,-3508,3315,-3439,1913,2206,2060,1919,1.129999995,1.340000033,-2.589999914,-0.01,0.02,0.159999996
62.41,3333,-3368,3296,-3488,1886,2199,2048,1898,1.5,-0.280000001,0.389999986,0.02,0.059999999,0.170000002
62.42,3194,-3593,3312,-3455,1861,2175,2035,1871,1.159999967,0.200000003,-5.820000172,0.01,0.050000001,0.180000007
62.43,3406,-3412,3266,-3413,1848,2158,2015,1854,0.07,0.330000013,-2.650000095,-0.050000001,0.079999998,0.150000006
62.44,3308,-3406,3268,-3480,1860,2146,1979,1838,-2,-1.039999962,-5.889999866,-0.01,0.02,0.159999996
62.45,3298,-3580,3331,-3445,1877,2137,1887,1814,0.819999993,2.50999999,-7.340000153,0,0.059999999,0.180000007
62.46,3332,-3375,3315,-3446,1877,2128,1866,1798,-3.589999914,1.610000014,-4.679999828,-0.050000001,-0.090000004,0.170000002
62.47,3289,-3511,3318,-3513,1882,2118,1874,1819,-0.889999986,0.319999993,-11.22000027,0.02,-0.02,0.180000007
62.48,3323,-3514,3312,-3424,1881,2116,1891,1841,-0.219999999,2.019999981,1.299999952,0.02,-0.109999999,0.180000007
62.49,3314,-3422,3284,-3449,1881,2118,1908,1865,-0.699999988,0.389999986,-3.299999952,0.029999999,-0.07,0.170000002
62.5,3316,-3547,3298,-3469,1883,2117,1926,1890,2.25999999,0.340000004,7,0.02,0.01,0.180000007
62.51,3316,-3422,3311,-3419,1885,2119,1930,1905,-0.389999986,1.940000057,5.320000172,0.029999999,0.02,0.170000002
62.52,3337,-3469,3267,-3455,1883,2121,1934,1909,0.529999971,1.149999976,3.289999962,-0.01,-0.01,0.159999996
62.53,3299,-3481,3312,-3455,1889,2123,1940,1914,-0.439999998,1.600000024,4.389999866,-0.01,0,0.159999996
62.54,3322,-3439,3304,-3409,1902,2130,1948,1917,-1.769999981,1.559999943,-2.74000001,-0.059999999,-0.039999999,0.159999996
62.55,3325,-3497,3244,-3441,1923,2132,1953,1919,-1.029999971,1.419999957,-1.090000033,-0.050000001,-0.039999999,0.159999996
62.56,3282,-3449,3315,-3424,1935,2135,1972,1919,-0.349999994,1.340000033,-0.409999996,-0.050000001,0,0.159999996
62.57,3348,-3457,3282,-3422,1942,2137,1984,1917,-0.579999983,1.570000052,-0.100000002,-0.02,0,0.150000006
62.58,3285,-3461,3239,-3429,1942,2145,1985,1914,0.209999993,0.589999974,3.079999924,0,0.07,0.159999996
62.59,3305,-3440,3288,-3410,1951,2161,1983,1911,-0.059999999,0.689999998,2.279999971,0.02,0.059999999,0.150000006
62.6,3320,-3466,3286,-3433,1950,2186,1973,1911,0.300000012,0.509999991,0.540000022,0.02,-0.029999999,0.150000006
62.61,3276,-3438,3310,-3443,1944,2187,1986,1905,0.509999991,1.309999943,2.25999999,0,-0.029999999,0.159999996
62.62,3344,-3436,3299,-3467,1933,2186,1993,1898,1.100000024,0.589999974,0.330000013,-0.100000002,0.02,0.159999996
62.63,3290,-3452,3299,-3438,1929,2183,2000,1890,0.400000006,1.179999948,1.50999999,-0.050000001,0.02,0.170000002
62.64,3226,-3445,3318,-3448,1916,2182,2018,1876,-0.109999999,0.879999995,-3.519999981,-0.050000001,-0.029999999,0.170000002
62.65,3380,-3440,3290,-3444,1903,2181,2043,1874,-0.400000006,1.049999952,-1.690000057,-0.01,-0.01,0.159999996
62.66,3294,-3468,3268,-3439,1896,2177,2056,1874,-0.75,0.029999999,-0.409999996,0.01,-0.02,0.170000002
62.67,3285,-3431,3298,-3437,1891,2170,2043,1875,0.239999995,1.039999962,-0.759999991,0.039999999,0.01,0.170000002
62.68,3343,-3325,3298,-3438,1884,2170,2030,1875,0.090000004,0.620000005,1.350000024,0.050000001,0.02,0.159999996
62.69,3274,-3545,3263,-3441,1901,2160,2017,1876,-0.409999996,-0.079999998,-0.829999983,0.02,0.029999999,0.170000002
62.7,3287,-3408,3302,-3394,1899,2150,1996,1869,-0.239999995,1.220000029,1.210000038,0.050000001,0.02,0.170000002
62.71,3309,-3407,3274,-3444,1905,2149,1973,1871,0.779999971,-0.600000024,-0.720000029,0.01,0.01,0.150000006
62.72,3198,-3513,3282,-3412,1911,2149,1955,1868,1.370000005,0.300000012,-2.109999895,0.02,0.039999999,0.159999996
62.73,3378,-3394,3282,-3409,1911,2152,1949,1868,-0.540000022,1.070000052,-0.25,-0.029999999,0,0.150000006
62.74,3301,-3465,3252,-3420,1915,2142,1962,1869,0.639999986,0.180000007,-2.730000019,-0.029999999,0,0.150000006
62.75,3187,-3450,3286,-3404,1910,2134,1975,1874,0.360000014,1.679999948,0.430000007,0,0,0.159999996
62.76,3385,-3413,3270,-3401,1912,2138,1983,1881,0.75,1.75999999,-2.200000048,0.01,0,0.150000006
62.77,3296,-3442,3258,-3439,1914,2141,1985,1888,-0.569999993,0.430000007,-0.829999983,0.07,0.02,0.150000006
62.78,3276,-3427,3283,-3393,1912,2144,2005,1903,-0.910000026,1.50999999,-0.839999974,0.029999999,0,0.150000006
62.79,3333,-3431,3280,-3399,1906,2151,2019,1906,0.370000005,0.610000014,-1.799999952,0.01,0.029999999,0.140000001
62.8,3193,-3437,3243,-3404,1914,2155,2025,1906,-0.939999998,-0.409999996,1.919999957,-0.029999999,-0.01,0.140000001
62.81,3338,-3409,3272,-3369,1912,2162,2027,1905,0.800000012,1.200000048,0.389999986,-0.029999999,0.039999999,0.129999995
62.82,3315,-3418,3243,-3398,1916,2165,2026,1901,-1.169999957,0.449999988,1.470000029,-0.059999999,-0.02,0.129999995
62.83,3258,-3423,3296,-3369,1929,2176,2024,1896,0.370000005,1.639999986,-0.850000024,-0.02,0,0.129999995
62.84,3318,-3376,3300,-3392,1941,2190,2019,1889,0.569999993,1.389999986,1.210000038,-0.039999999,0.01,0.129999995
62.85,3284,-3330,3250,-3370,1951,2191,2013,1884,-1.049999952,0.810000002,-0.200000003,-0.01,0,0.129999995
62.86,3292,-3506,3294,-3407,1948,2185,2013,1877,0.810000002,1.090000033,1.080000043,0,0.029999999,0.119999997
62.87,3308,-3355,3290,-3377,1943,2183,2012,1856,-2.24000001,1.00999999,0.600000024,0.029999999,0.01,0.109999999
62.88,3304,-3369,3256,-3421,1943,2183,2013,1849,-2,1.389999986,-0.629999995,0,-0.01,0.109999999
62.89,3291,-3465,3312,-3401,1935,2167,2010,1847,-1.980000019,1.5,-2.549999952,0.02,-0.07,0.109999999
62.9,3314,-3363,3295,-3374,1921,2156,2008,1855,-2.319999933,1.480000019,0.560000002,0,-0.079999998,0.109999999
62.91,3318,-3428,3283,-3433,1918,2136,2008,1869,0.660000026,0.879999995,-0.219999999,0,-0.079999998,0.119999997
62.92,3249,-3363,3283,-3383,1914,2116,2009,1890,-0.389999986,0.519999981,3.920000076,-0.050000001,-0.029999999,0.119999997
62.93,3323,-3369,3271,-3400,1914,2106,2011,1892,0.620000005,0.300000012,2.349999905,-0.059999999,-0.01,0.119999997
62.94,3279,-3413,3270,-3395,1916,2092,2011,1891,0.810000002,-0.02,1.169999957,-0.039999999,-0.039999999,0.119999997
62.95,3279,-3341,3296,-3364,1920,2090,2011,1890,0.720000029,0.209999993,3.289999962,-0.02,-0.029999999,0.119999997
62.96,3285,-3342,3256,-3404,1922,2090,2013,1891,1.25,0.270000011,-1.039999962,0,0.050000001,0.119999997
62.97,3234,-3491,3270,-3338,1926,2091,2014,1890,0.560000002,0.460000008,1.139999986,0.01,0.050000001,0.119999997
62.98,3284,-3364,3270,-3337,1929,2096,2014,1886,-0.289999992,0.670000017,-3.940000057,0.039999999,0.050000001,0.119999997
62.99,3254,-3365,3260,-3377,1930,2106,2014,1881,0.889999986,-0.209999993,-2.089999914,0.050000001,0.059999999,0.109999999
63,3220,-3411,3253,-3350,1932,2118,2013,1880,1.950000048,0,-2.200000048,0.029999999,0.039999999,0.119999997
63.01,3281,-3363,3255,-3351,1930,2118,2014,1881,0.899999976,0.479999989,-0.270000011,0.039999999,0.07,0.119999997
63.02,3285,-3370,3229,-3376,1931,2141,2013,1889,0.649999976,-0.02,-2.230000019,0,0.039999999,0.109999999
63.03,3197,-3385,3243,-3343,1930,2140,2012,1889,0.230000004,1.049999952,-0.670000017,-0.01,0.039999999,0.119999997
63.04,3288,-3367,3262,-3359,1930,2140,2014,1881,0.439999998,1.049999952,-3.380000114,-0.01,0,0.119999997
63.05,3301,-3375,3202,-3332,1929,2141,2014,1881,-0.050000001,0.920000017,-2.74000001,-0.01,0.02,0.119999997
63.06,3229,-3390,3238,-3345,1930,2141,2013,1882,-0.870000005,0.970000029,-1.450000048,0.01,0.039999999,0.119999997
63.07,3269,-3323,3225,-3340,1927,2150,2014,1879,0.159999996,0.620000005,-3.200000048,0,0.029999999,0.109999999
63.08,3277,-3316,3213,-3320,1939,2166,2015,1881,-1.440000057,0.910000026,0.899999976,0,-0.01,0.109999999
63.09,3235,-3404,3241,-3349,1949,2175,2015,1881,-0.25,1.059999943,-1.370000005,0.01,0.01,0.109999999
63.1,3264,-3325,3215,-3318,1951,2175,2013,1881,-1.75,0.720000029,1.889999986,-0.02,-0.050000001,0.100000002
63.11,3260,-3293,3250,-3357,1953,2169,2010,1882,0.600000024,-0.079999998,-0.889999986,-0.039999999,-0.039999999,0.100000002
63.12,3240,-3373,3259,-3326,1946,2167,2013,1877,0.709999979,-0.270000011,1.519999981,-0.039999999,-0.029999999,0.100000002
63.13,3272,-3317,3219,-3334,1934,2161,2012,1872,-0.589999974,-0.829999983,1.309999943,-0.059999999,-0.039999999,0.100000002
63.14,3215,-3303,3232,-3351,1925,2145,2012,1870,0.389999986,-0.07,-0.779999971,0.01,-0.01,0.090000004
63.15,3254,-3369,3239,-3325,1918,2124,2015,1874,-0.170000002,0.340000004,0.759999991,0,-0.01,0.100000002
63.16,3255,-3324,3236,-3318,1918,2120,2017,1874,-0.74000001,0.270000011,-1.019999981,-0.01,0.01,0.090000004
63.17,3238,-3256,3233,-3325,1918,2123,2019,1877,-0.709999979,-0.079999998,-0.930000007,0,0.01,0.090000004
63.18,3241,-3365,3225,-3313,1914,2121,2024,1879,-0.079999998,0.779999971,0.759999991,0,-0.01,0.090000004
63.19,3234,-3292,3221,-3305,1916,2123,2024,1878,-1.120000005,0.029999999,-0.039999999,0.01,0,0.090000004
63.2,3220,-3290,3209,-3318,1923,2129,2024,1874,-0.670000017,0.360000014,1.649999976,0,0.039999999,0.090000004
63.21,3215,-3354,3251,-3294,1928,2141,2025,1870,0.509999991,0.239999995,0.860000014,0.029999999,0.039999999,0.090000004
63.22,3173,-3333,3195,-3276,1931,2149,2023,1867,-0.970000029,0.660000026,0.930000007,0.02,0.039999999,0.090000004
63.23,3231,-3347,3220,-3295,1932,2150,2020,1868,0.100000002,0.239999995,-1.00999999,0.050000001,0.039999999,0.090000004
63.24,3255,-3309,3196,-3274,1935,2151,2014,1867,-0.529999971,0.25,-1.129999995,0.02,0,0.090000004
63.25,3182,-3283,3207,-3283,1933,2152,2010,1867,0.270000011,0.939999998,-1.070000052,0.050000001,0,0.090000004
63.26,3242,-3321,3222,-3300,1934,2152,2009,1865,0.779999971,0.930000007,-0.189999998,-0.029999999,0.01,0.090000004
63.27,3224,-3299,3198,-3271,1933,2147,2010,1864,-1.059999943,1.360000014,-0.629999995,0.01,0.01,0.079999998
63.28,3230,-3303,3196,-3276,1932,2144,2009,1864,0.629999995,0.610000014,0.680000007,-0.029999999,-0.02,0.079999998
63.29,3211,-3304,3221,-3282,1926,2135,2016,1867,-0.939999998,1.070000052,0.610000014,-0.029999999,-0.02,0.07
63.3,3225,-3287,3196,-3236,1916,2128,2020,1870,0.25,0.379999995,0.07,0,0,0.07
63.31,3237,-3280,3208,-3280,1919,2120,2020,1876,0.509999991,0.389999986,2.869999886,-0.01,0,0.059999999
63.32,3128,-3268,3211,-3257,1922,2119,2020,1886,-0.939999998,0.259999991,-2.849999905,0.02,0.02,0.059999999
63.33,3256,-3287,3167,-3225,1921,2133,2019,1882,-0.170000002,0.029999999,-1.590000033,-0.01,0.02,0.059999999
63.34,3242,-3233,3170,-3263,1929,2137,2016,1879,-0.430000007,-0.150000006,-2.140000105,0.01,0,0.059999999
63.35,3166,-3266,3199,-3243,1954,2136,2011,1879,-0.300000012,0.079999998,-2.210000038,0,0,0.07
63.36,3249,-3227,3185,-3266,1970,2137,2000,1874,1.210000038,0.579999983,2.089999914,0,0.059999999,0.059999999
63.37,3127,-3181,3206,-3258,1970,2137,1992,1863,-1.440000057,0.150000006,-0.899999976,0.02,0.029999999,0.059999999
63.38,3253,-3349,3206,-3261,1966,2134,1993,1859,0.300000012,0.620000005,-1.100000024,0.02,-0.029999999,0.059999999
63.39,3257,-3227,3178,-3223,1966,2133,1993,1860,-3.480000019,-0.159999996,0.699999988,0.02,-0.07,0.050000001
63.4,3148,-3220,3204,-3262,1966,2120,2003,1868,-1.24000001,0.550000012,1.110000014,0.02,0,0.050000001
63.41,3262,-3271,3186,-3256,1952,2116,2006,1876,-0.610000014,0.689999998,2.269999981,0.01,-0.02,0.039999999
63.42,3171,-3213,3166,-3235,1948,2119,2008,1884,-3.559999943,0.159999996,-0.889999986,0,-0.039999999,0.039999999
63.43,3200,-3237,3200,-3260,1942,2119,2009,1900,-0.439999998,0.509999991,-1.00999999,-0.02,-0.050000001,0.039999999
63.44,3203,-3216,3193,-3217,1935,2100,2009,1900,-0.829999983,0.259999991,3.460000038,-0.029999999,-0.07,0.039999999
63.45,3195,-3211,3158,-3239,1937,2096,2011,1898,-0.170000002,-0.159999996,1.210000038,-0.01,-0.029999999,0.050000001
63.46,3176,-3240,3178,-3237,1947,2096,2010,1897,1,0.289999992,3.529999971,-0.01,0.059999999,0.050000001
63.47,3169,-3234,3175,-3186,1958,2097,2004,1897,-0.02,-0.119999997,3.049999952,0,0.059999999,0.050000001
63.48,3187,-3221,3142,-3224,1958,2096,1996,1896,0.389999986,0.090000004,0.400000006,0.029999999,0.050000001,0.050000001
63.49,3135,-3237,3186,-3210,1960,2096,1989,1899,-0.219999999,-0.029999999,0.560000002,0.050000001,0.029999999,0.039999999
63.5,3210,-3222,3168,-3188,1969,2100,1985,1900,0.349999994,0.239999995,-2.420000076,0.01,0.039999999,0.039999999
63.51,3167,-3186,3145,-3204,1980,2099,1978,1897,0.129999995,0.730000019,-0.759999991,0.02,0.039999999,0.050000001
63.52,3150,-3231,3156,-3216,1989,2099,1976,1899,0.409999996,0.200000003,-1.960000038,-0.039999999,0.039999999,0.050000001
63.53,3166,-3214,3144,-3192,1990,2100,1976,1900,-1.059999943,0.649999976,-0.839999974,-0.02,0.039999999,0.039999999
63.54,3189,-3185,3127,-3198,1990,2101,1978,1898,-0.629999995,0.419999987,-1.279999971,-0.029999999,-0.029999999,0.039999999
63.55,3184,-3257,3149,-3198,1989,2098,1981,1900,-1.230000019,0.079999998,-1.74000001,-0.02,-0.050000001,0.039999999
63.56,3171,-3197,3135,-3156,1984,2101,1985,1900,-0.209999993,0.5,0.07,0.02,0.02,0.039999999
63.57,3180,-3193,3144,-3208,1972,2097,1989,1901,0.639999986,0.460000008,1.419999957,0,0,0.029999999
63.58,3140,-3199,3148,-3182,1966,2097,1988,1898,0.779999971,0.25,1.25,0,0.07,0.029999999
63.59,3162,-3193,3132,-3156,1963,2104,1989,1896,0.759999991,-0.419999987,2.039999962,-0.029999999,0.079999998,0.029999999
63.6,3185,-3169,3108,-3206,1976,2114,1990,1882,0,0.059999999,-2.99000001,-0.01,0,0.029999999
63.61,3134,-3188,3142,-3152,1991,2111,1989,1879,-1.059999943,0.540000022,-1.970000029,0,-0.02,0.029999999
63.62,3182,-3162,3143,-3172,1995,2110,1984,1872,1.100000024,0.509999991,-2.339999914,0,0,0.029999999
63.63,3162,-3164,3114,-3207,1992,2110,1978,1855,0.150000006,0.540000022,-1.200000048,0.050000001,0.01,0.029999999
63.64,3090,-3199,3162,-3188,1977,2113,1980,1846,-0.660000026,0.059999999,-2.039999962,0.01,0.01,0.029999999
63.65,3186,-3180,3117,-3178,1964,2113,1982,1854,-0.439999998,-0.289999992,-1.419999957,0.039999999,0.01,0.02
63.66,3169,-3163,3136,-3180,1951,2110,1986,1862,-1.570000052,-0.129999995,-0.479999989,0.02,-0.100000002,0.02
63.67,3135,-3178,3150,-3181,1940,2105,1994,1872,-0.910000026,0.519999981,-2.079999924,0.02,-0.090000004,0.029999999
63.68,3156,-3157,3131,-3176,1936,2106,2015,1883,0.319999993,0.02,2.829999924,0,-0.02,0.029999999
63.69,3054,-3143,3117,-3164,1937,2107,2021,1894,-0.939999998,-0.090000004,2,-0.039999999,-0.01,0.029999999
63.7,3165,-3169,3135,-3177,1927,2107,2025,1896,0.800000012,0.189999998,2.799999952,0.01,0.029999999,0.029999999
63.71,3097,-3141,3061,-3150,1932,2111,2027,1889,-2.230000019,-0.270000011,3.079999924,0,0.01,0.039999999
63.72,3097,-3157,3122,-3160,1939,2123,2027,1884,-0.889999986,0.409999996,0.639999986,0.039999999,0.050000001,0.039999999
63.73,3156,-3195,3086,-3135,1942,2127,2026,1883,-2.579999924,0.439999998,1.440000057,0,0,0.039999999
63.74,3054,-3143,3076,-3132,1944,2127,2004,1882,-2.00999999,-0.629999995,-0.200000003,0.02,0.029999999,0.059999999
63.75,3108,-3174,3100,-3150,1945,2128,1995,1878,-0.860000014,0.340000004,0.310000002,-0.02,-0.01,0.050000001
63.76,3078,-3161,3093,-3132,1949,2129,1985,1879,-1.029999971,-0.670000017,0,0,0.01,0.059999999
63.77,3105,-3136,3083,-3135,1950,2131,1981,1861,0.090000004,0.980000019,1.269999981,0,0,0.050000001
63.78,3106,-3176,3091,-3148,1951,2135,1983,1856,-0.270000011,0.230000004,-0.370000005,-0.029999999,0,0.059999999
63.79,3086,-3161,3082,-3121,1952,2135,1989,1859,-0.49000001,0.939999998,0.759999991,-0.02,0,0.050000001
63.8,3115,-3134,3072,-3142,1956,2131,1994,1861,0,0.330000013,-0.200000003,-0.02,-0.029999999,0.050000001
63.81,3076,-3160,3065,-3132,1947,2121,1994,1861,0.100000002,0.150000006,1.080000043,0.01,-0.02,0.050000001
63.82,3078,-3135,3087,-3119,1945,2117,1999,1872,-0.839999974,0.370000005,-1.840000033,0.01,-0.01,0.050000001
63.83,3105,-3124,3061,-3119,1943,2116,2006,1885,-0.910000026,0,-1.049999952,0.02,0.01,0.050000001
63.84,3082,-3134,3051,-3117,1942,2122,2012,1888,-1.850000024,0.159999996,-0.850000024,0.029999999,-0.039999999,0.050000001
63.85,3042,-3097,3057,-3099,1942,2133,2012,1889,-1.450000048,0.379999995,-1.929999948,0,-0.029999999,0.050000001
63.86,3078,-3115,3054,-3093,1943,2142,2012,1885,-0.319999993,0.090000004,3.809999943,0,0.01,0.039999999
63.87,3054,-3091,3028,-3098,1947,2146,2012,1884,-1.179999948,0.649999976,1.830000043,-0.029999999,0.029999999,0.050000001
63.88,3035,-3096,3044,-3105,1948,2146,2011,1872,-0.939999998,0.140000001,3.079999924,-0.029999999,0,0.050000001
63.89,3071,-3083,3032,-3094,1950,2144,2003,1855,-1.690000057,0.730000019,1.49000001,-0.01,0,0.039999999
63.9,3048,-3105,3027,-3100,1950,2141,1984,1855,-1.480000019,0.680000007,-0.509999991,-0.029999999,-0.050000001,0.050000001
63.91,3061,-3103,3032,-3108,1950,2139,1965,1822,-1.769999981,0.610000014,-1.24000001,0,-0.079999998,0.050000001
63.92,3055,-3081,3033,-3100,1947,2132,1969,1820,-1.149999976,0.340000004,0.100000002,0,0.01,0.050000001
63.93,3042,-3091,3050,-3103,1942,2122,1980,1837,-0.449999988,0.180000007,0.899999976,0.01,-0.02,0.050000001
63.94,3027,-3086,3031,-3088,1937,2114,1990,1842,-0.899999976,-0.100000002,1.210000038,0.01,0,0.050000001
63.95,3066,-3050,3036,-3085,1934,2113,1993,1849,0.050000001,-0.119999997,2.25999999,0.01,0,0.050000001
63.96,3016,-3101,3044,-3077,1933,2112,2005,1858,-0.759999991,-0.029999999,-0.409999996,-0.01,-0.050000001,0.050000001
63.97,3011,-3054,2997,-3068,1928,2112,2009,1867,0.029999999,0.519999981,0.059999999,0,-0.02,0.050000001
63.98,3020,-3061,2993,-3088,1929,2115,2012,1869,-0.02,-0.050000001,0.109999999,-0.01,0.01,0.050000001
63.99,2989,-3078,3005,-3064,1936,2118,2010,1866,-0.07,0.509999991,-0.079999998,0,0.039999999,0.059999999
64,3005,-3054,3009,-3037,1936,2120,2009,1865,-1.120000005,0.569999993,-0.790000022,0,0.029999999,0.059999999
64.01,3006,-3073,3001,-3058,1953,2119,2005,1866,0.349999994,-0.119999997,-2.339999914,0.039999999,0.07,0.059999999
64.02,2942,-3071,2977,-3030,1958,2120,1987,1870,-2.25999999,0.479999989,0.600000024,0.01,0,0.050000001
64.03,2993,-3040,3010,-3032,1964,2118,1981,1872,-0.109999999,0.270000011,-3.25999999,0.029999999,0.039999999,0.050000001
64.04,3036,-3045,2988,-3035,1966,2118,1979,1869,-1.610000014,0.430000007,0.439999998,0.01,-0.029999999,0.050000001
64.05,2948,-3046,2983,-3038,1969,2119,1977,1869,-0.07,0.910000026,-2.99000001,0.029999999,0,0.059999999
64.06,3007,-3038,3007,-3026,1969,2113,1976,1871,-0.49000001,0.899999976,3.069999933,-0.02,0.02,0.050000001
64.07,2979,-3025,2949,-3016,1973,2114,1976,1869,-1.200000048,0.059999999,0.01,0.01,0.01,0.050000001
64.08,2997,-3052,2968,-3026,1973,2115,1976,1869,-0.949999988,0.970000029,1.24000001,0,-0.02,0.039999999
64.09,2975,-3022,2960,-3004,1970,2115,1977,1869,-1.519999981,0.170000002,1.120000005,0,-0.02,0.039999999
64.1,2981,-3007,2963,-3006,1966,2114,1983,1876,-2.170000076,0.449999988,0.319999993,-0.01,-0.029999999,0.039999999
64.11,2977,-3015,2938,-3005,1967,2114,1991,1882,-2.220000029,0.579999983,-0.150000006,-0.029999999,-0.039999999,0.029999999
64.12,2947,-2986,2944,-2995,1968,2122,1995,1881,-1.879999995,0.310000002,1.769999981,-0.029999999,0,0.039999999
64.13,2960,-2990,2946,-2981,1967,2125,2003,1875,-1.49000001,0.610000014,1.570000052,-0.039999999,-0.02,0.029999999
64.14,2956,-2976,2935,-2974,1970,2127,2004,1868,-1.519999981,0.289999992,2.630000114,-0.029999999,0,0.039999999
64.15,2926,-2976,2934,-2986,1970,2128,2005,1862,-1.940000057,-0.209999993,0.600000024,0,-0.01,0.039999999
64.16,2945,-2951,2931,-2994,1964,2128,2005,1853,-0.49000001,-0.259999991,2.119999886,0,-0.029999999,0.039999999
64.17,2921,-2973,2892,-2984,1959,2127,2003,1847,-1.610000014,-0.300000012,2.569999933,0.029999999,-0.050000001,0.039999999
64.18,2930,-2971,2926,-2973,1957,2128,1999,1845,-0.039999999,-0.140000001,0.949999988,0.029999999,0.02,0.039999999
64.19,2926,-2940,2935,-2984,1952,2126,1998,1848,-1.169999957,0.129999995,3.569999933,0,0.01,0.039999999
64.2,2926,-2968,2913,-2948,1939,2118,1998,1852,-1.649999976,-0.720000029,-1.309999943,0.01,-0.01,0.039999999
64.21,2905,-2942,2913,-2966,1927,2114,1998,1855,-1.279999971,0.519999981,-0.050000001,-0.02,-0.02,0.039999999
64.22,2892,-2913,2912,-2958,1921,2113,1998,1857,-0.74000001,0.589999974,-1.529999971,-0.02,-0.029999999,0.039999999
64.23,2939,-2923,2895,-2931,1923,2107,1997,1856,-0.439999998,0.519999981,0.569999993,-0.079999998,-0.01,0.039999999
64.24,2853,-2909,2882,-2940,1930,2106,1998,1854,-0.259999991,0.509999991,0.150000006,-0.02,0.039999999,0.039999999
64.25,2910,-2906,2885,-2926,1933,2107,1997,1854,-0.310000002,0.25,-0.109999999,0.01,0.050000001,0.029999999
64.26,2900,-2927,2867,-2919,1941,2112,1998,1853,-0.810000002,0.039999999,-0.170000002,0.02,0.02,0.029999999
64.27,2854,-2913,2871,-2907,1947,2112,1998,1854,-0.779999971,-0.039999999,-0.479999989,0.050000001,0.02,0.029999999
64.28,2864,-2921,2861,-2895,1954,2118,1996,1854,0.029999999,0.270000011,-0.230000004,0.029999999,0.02,0.029999999
64.29,2863,-2891,2866,-2907,1958,2120,1995,1854,0.300000012,-0.449999988,-0.090000004,0.029999999,0.050000001,0.039999999
64.3,2797,-2908,2846,-2873,1960,2120,1989,1855,-0.930000007,-0.469999999,-1.399999976,0.01,0.039999999,0.039999999
64.31,2867,-2876,2842,-2876,1976,2115,1983,1856,0.5,-0.409999996,-1.74000001,0,0.050000001,0.039999999
64.32,2863,-2836,2837,-2864,1985,2116,1982,1856,-1.549999952,0.360000014,-2.400000095,0,-0.01,0.029999999
64.33,2819,-2920,2817,-2879,1985,2115,1981,1858,-0.509999991,0.200000003,-3.349999905,0.01,0.02,0.039999999
64.34,2815,-2835,2810,-2855,1982,2115,1980,1860,-1.580000043,0.870000005,-3.039999962,0.029999999,-0.029999999,0.029999999
64.35,2829,-2826,2802,-2841,1981,2111,1982,1861,-0.699999988,0.029999999,-4.320000172,0.02,-0.01,0.029999999
64.36,2794,-2877,2792,-2856,1979,2110,1981,1860,0.310000002,0.219999999,2.170000076,0.02,0.01,0.029999999
64.37,2824,-2803,2787,-2798,1968,2111,1981,1859,-0.449999988,0.029999999,0.519999981,0,0.02,0.02
64.38,2796,-2838,2781,-2819,1966,2112,1981,1859,0.389999986,0,0.779999971,0.029999999,0.02,0.02
64.39,2788,-2808,2788,-2812,1965,2112,1986,1858,-0.230000004,0.209999993,2.319999933,0,0.039999999,0.02
64.4,2797,-2795,2747,-2784,1966,2122,1991,1855,-1.669999957,0.25,-3.549999952,-0.01,-0.01,0.02
64.41,2755,-2797,2755,-2797,1966,2131,1993,1852,-0.860000014,0.180000007,-2.529999971,0,-0.01,0.02
64.42,2756,-2779,2753,-2781,1963,2139,1997,1847,-1.309999943,1.049999952,-2.049999952,0,0.01,0.02
64.43,2758,-2773,2724,-2772,1967,2143,2000,1850,-1.059999943,-0.079999998,-3.069999933,-0.02,0.01,0.02
64.44,2734,-2772,2722,-2763,1966,2143,2000,1846,-1.179999948,-0.079999998,2.019999981,0,0.02,0.02
64.45,2739,-2738,2739,-2789,1966,2144,2000,1844,-0.529999971,-0.039999999,-1.5,0.01,0.02,0.029999999
64.46,2708,-2733,2692,-2765,1965,2143,2000,1840,-1.799999952,-0.280000001,0.730000019,-0.01,-0.039999999,0.029999999
64.47,2722,-2751,2712,-2766,1962,2145,1999,1835,-0.540000022,0.090000004,-0.079999998,0,-0.039999999,0.029999999
64.48,2706,-2723,2705,-2748,1946,2140,1999,1829,-1.169999957,0.389999986,-0.689999998,0,-0.029999999,0.029999999
64.49,2685,-2736,2693,-2732,1942,2129,1999,1838,-0.579999983,-0.079999998,-0.109999999,-0.01,-0.029999999,0.029999999
64.5,2700,-2710,2694,-2729,1928,2131,1998,1838,0.029999999,0.02,-0.479999989,0,0.039999999,0.029999999
64.51,2660,-2705,2683,-2708,1925,2131,1999,1838,-0.779999971,-0.209999993,0.389999986,0,0.039999999,0.029999999
64.52,2695,-2679,2682,-2708,1925,2131,1999,1836,-0.519999981,0.709999979,-1.25999999,0,0.02,0.02
64.53,2644,-2682,2657,-2695,1926,2129,1998,1836,-0.860000014,0.49000001,0.059999999,-0.02,0.039999999,0.029999999
64.54,2651,-2695,2650,-2696,1926,2135,1998,1831,-1.279999971,0.230000004,-1.730000019,0.01,0,0.029999999
64.55,2659,-2654,2636,-2680,1927,2140,1999,1828,-1.080000043,0.839999974,-1.470000029,0.01,0,0.029999999
64.56,2622,-2684,2623,-2685,1938,2141,1999,1828,-1.24000001,0.370000005,0.090000004,0,0.029999999,0.039999999
64.57,2646,-2683,2630,-2661,1946,2140,1996,1829,-1.289999962,0.180000007,-0.709999979,0,0.029999999,0.039999999
64.58,2607,-2689,2626,-2659,1946,2140,1994,1829,-1.210000038,0.02,0.550000012,0.01,0.01,0.050000001
64.59,2612,-2677,2634,-2661,1947,2139,1993,1832,-1.049999952,-0.479999989,-0.509999991,0.01,0.01,0.050000001
64.6,2606,-2662,2594,-2647,1949,2138,1994,1837,-1.289999962,-0.349999994,0.050000001,0.01,-0.02,0.050000001
64.61,2577,-2647,2598,-2654,1951,2134,1995,1843,-0.889999986,-0.370000005,-0.109999999,0,-0.02,0.050000001
64.62,2589,-2635,2600,-2618,1951,2133,1995,1845,-0.5,-0.029999999,0.400000006,0.029999999,0.02,0.050000001
64.63,2586,-2644,2586,-2637,1951,2134,1995,1850,-1.230000019,-0.360000014,-0.029999999,0.02,0,0.050000001
64.64,2585,-2631,2569,-2625,1950,2134,1995,1858,-0.699999988,0.430000007,-0.829999983,0.029999999,0.02,0.039999999
64.65,2565,-2619,2567,-2600,1946,2131,1995,1858,-1.480000019,0.660000026,0.379999995,0.029999999,0.02,0.039999999
64.66,2546,-2612,2568,-2620,1944,2132,1995,1857,-0.939999998,0.779999971,-0.419999987,0,0.01,0.039999999
64.67,2560,-2621,2530,-2590,1940,2132,1995,1854,-1.620000005,0.74000001,0.170000002,0,0.01,0.039999999
64.68,2547,-2605,2533,-2581,1940,2131,1995,1854,-1.320000052,0.49000001,0.180000007,0,0,0.050000001
64.69,2529,-2581,2525,-2598,1940,2129,1996,1852,-0.779999971,0.560000002,1.039999962,0,0,0.050000001
64.7,2550,-2590,2535,-2560,1941,2129,1995,1853,-1.049999952,-0.090000004,0.779999971,0,0.02,0.050000001
64.71,2539,-2581,2510,-2570,1944,2134,1995,1852,-0.959999979,-0.180000007,0.270000011,0,0.02,0.050000001
64.72,2517,-2562,2513,-2567,1947,2141,1995,1849,-0.910000026,-0.370000005,-0.579999983,0.01,0.01,0.050000001
64.73,2495,-2553,2515,-2552,1948,2148,1994,1847,-1.24000001,-0.109999999,0.119999997,0.01,0.01,0.050000001
64.74,2530,-2564,2489,-2549,1956,2153,1995,1846,-0.689999998,-0.449999988,-0.790000022,-0.01,0.01,0.050000001
64.75,2497,-2521,2493,-2550,1961,2154,1995,1846,-1.220000029,0.090000004,-0.629999995,-0.01,0.01,0.050000001
64.76,2488,-2548,2483,-2563,1965,2151,1995,1846,-1.690000057,0.159999996,-0.209999993,0.029999999,-0.029999999,0.050000001
64.77,2497,-2515,2478,-2539,1965,2150,1994,1847,-1.850000024,0.379999995,-1.269999981,0.029999999,-0.029999999,0.050000001
64.78,2488,-2515,2483,-2554,1959,2150,1996,1846,-1.289999962,1.279999971,1.309999943,0.029999999,-0.02,0.050000001
64.79,2475,-2539,2469,-2530,1957,2147,1992,1850,-1.909999967,0.779999971,-0.129999995,0.029999999,-0.02,0.050000001
64.8,2471,-2508,2472,-2520,1949,2145,1994,1860,-2.390000105,0.949999988,0.649999976,0,-0.050000001,0.039999999
64.81,2469,-2517,2458,-2517,1941,2135,1996,1866,-1.090000033,0.479999989,0.939999998,0,-0.050000001,0.039999999
64.82,2431,-2484,2443,-2510,1937,2122,1995,1871,-1.600000024,0.730000019,2.109999895,-0.029999999,-0.02,0.050000001
64.83,2439,-2471,2454,-2499,1935,2109,1996,1870,-0.579999983,0.800000012,1.419999957,-0.029999999,-0.02,0.050000001
64.84,2435,-2487,2421,-2488,1940,2107,1996,1868,-0.529999971,0.620000005,0.980000019,-0.039999999,0.029999999,0.059999999
64.85,2435,-2478,2434,-2482,1943,2107,1993,1868,-0.939999998,-0.109999999,0.75,-0.039999999,0.029999999,0.059999999
64.86,2424,-2472,2420,-2477,1941,2109,1993,1855,-0.839999974,0.100000002,-0.560000002,0,0.01,0.07
64.87,2396,-2464,2396,-2479,1942,2112,1988,1851,-1.120000005,-0.109999999,-0.829999983,0,0.01,0.07
64.88,2426,-2460,2404,-2482,1945,2112,1981,1849,-0.75,0.280000001,-0.889999986,0,0.029999999,0.07
64.89,2387,-2448,2393,-2460,1949,2114,1982,1848,-1.080000043,-0.289999992,-0.970000029,0,0.029999999,0.07
64.9,2389,-2460,2385,-2454,1962,2120,1980,1849,-1.159999967,-0.469999999,-0.829999983,-0.01,0,0.07
64.91,2383,-2459,2377,-2447,1964,2118,1979,1854,-1.25999999,-0.439999998,-0.059999999,-0.01,0,0.07
64.92,2369,-2466,2391,-2427,1965,2117,1980,1859,-1.330000043,-0.07,-1.330000043,0,-0.029999999,0.07
64.93,2401,-2426,2373,-2437,1968,2116,1980,1865,-0.460000008,0.289999992,0.100000002,0,-0.029999999,0.07
64.94,2344,-2442,2356,-2431,1974,2112,1980,1873,-0.870000005,0.140000001,0.209999993,0.01,0.01,0.07
64.95,2360,-2441,2383,-2409,1983,2115,1982,1879,-1.00999999,0.400000006,-0.699999988,0.01,0.01,0.07
64.96,2345,-2382,2336,-2423,1981,2112,1983,1885,-1.279999971,0.779999971,0.349999994,0.01,-0.02,0.059999999
64.97,2302,-2387,2334,-2403,1979,2099,1983,1893,-1.25999999,0.709999979,0.140000001,0.039999999,-0.01,0.07
64.98,2349,-2424,2334,-2378,1975,2074,1982,1893,-0.899999976,0.970000029,0.529999971,0.029999999,-0.02,0.059999999
64.99,2292,-2382,2292,-2384,1966,2064,1977,1893,-2.769999981,0.5,-0.100000002,0.029999999,-0.02,0.059999999
65,2317,-2373,2315,-2386,1965,2065,1968,1892,-1.149999976,-0.140000001,0.910000026,0,0,0.079999998
65.01,2302,-2393,2280,-2355,1964,2067,1957,1891,-1.75,0.170000002,0.759999991,0,0,0.079999998
65.02,2283,-2341,2270,-2366,1964,2066,1957,1890,-1.820000052,-0.170000002,1.450000048,-0.01,0.02,0.079999998
65.03,2276,-2359,2280,-2363,1966,2066,1948,1885,-0.759999991,0.699999988,1.559999943,-0.01,0.02,0.079999998
65.04,2276,-2357,2255,-2317,1969,2088,1949,1881,-1.700000048,0.600000024,-0.970000029,-0.01,0.01,0.090000004
65.05,2261,-2331,2256,-2345,1971,2110,1955,1879,-1.25,0.75,0.140000001,-0.01,0.01,0.090000004
65.06,2256,-2321,2249,-2329,1977,2128,1956,1872,-0.949999988,0.649999976,0.02,-0.02,0,0.090000004
65.07,2264,-2339,2230,-2311,1984,2134,1954,1868,-1.5,1.049999952,-0.649999976,-0.02,0,0.090000004
65.08,2225,-2299,2248,-2323,1985,2131,1954,1868,-0.680000007,0.540000022,0.029999999,-0.01,0,0.079999998
65.09,2215,-2271,2220,-2310,1987,2133,1956,1867,-1.409999967,0,1,-0.01,0,0.079999998
65.1,2208,-2272,2221,-2325,1987,2132,1960,1867,-1.480000019,0.280000001,-1.370000005,0.029999999,-0.039999999,0.079999998
65.11,2205,-2277,2221,-2284,1987,2128,1961,1854,-1.809999943,0.209999993,-1.24000001,0.029999999,-0.039999999,0.079999998
65.12,2202,-2274,2197,-2284,1981,2129,1960,1846,-1.950000048,0.039999999,-0.330000013,0.039999999,-0.050000001,0.079999998
65.13,2192,-2258,2194,-2281,1972,2129,1962,1844,-2.130000114,0,-0.759999991,0.039999999,-0.050000001,0.079999998
65.14,2182,-2243,2182,-2259,1969,2117,1961,1858,-1.799999952,0.01,1.289999962,0.02,-0.050000001,0.07
65.15,2152,-2180,2156,-2255,1963,2102,1963,1863,-1.850000024,-0.07,0.49000001,0.02,-0.050000001,0.07
65.16,2149,-2130,2177,-2240,1959,2105,1964,1867,-1.49000001,-0.360000014,2.309999943,0,-0.01,0.07
65.17,2160,-2226,2136,-2218,1957,2105,1966,1866,-2.220000029,0.07,3.119999886,0,-0.01,0.07
65.18,2118,-2200,2138,-2226,1952,2107,1966,1865,-2.039999962,0.790000022,0.360000014,-0.02,-0.01,0.079999998
65.19,2130,-2184,2132,-2191,1947,2111,1968,1855,-2.279999971,1.179999948,0.970000029,-0.02,-0.01,0.079999998
65.2,2099,-2184,2093,-2183,1947,2110,1967,1846,-1.279999971,0.800000012,0.779999971,-0.02,0.02,0.090000004
65.21,2086,-2171,2100,-2189,1949,2111,1964,1837,-2.099999905,0.720000029,0.479999989,-0.02,0.02,0.090000004
65.22,2097,-2176,2100,-2181,1953,2111,1959,1839,-1.470000029,0.620000005,0.079999998,0.01,0.02,0.100000002
65.23,2061,-2153,2054,-2171,1953,2111,1959,1840,-2.24000001,0.800000012,0.340000004,0.01,0.02,0.100000002
65.24,2055,-2148,2050,-2157,1952,2113,1956,1840,-1.289999962,0.340000004,-0.810000002,-0.01,0,0.109999999
65.25,2066,-2147,2065,-2156,1954,2112,1949,1834,-1.5,0,0.810000002,-0.01,0,0.109999999
65.26,2022,-2119,2023,-2131,1954,2109,1948,1831,-1.159999967,-0.340000004,-0.870000005,0,0.02,0.119999997
65.27,2022,-2124,2012,-2130,1961,2112,1947,1833,-1.570000052,-0.01,-0.209999993,0,0.02,0.119999997
65.28,2018,-2132,2024,-2116,1965,2107,1947,1835,-1.330000043,0.059999999,-2.650000095,0.01,-0.02,0.119999997
65.29,1964,-2082,1993,-2094,1964,2100,1947,1842,-2.099999905,0.140000001,-0.920000017,0.01,-0.02,0.119999997
65.3,1961,-2086,1989,-2091,1963,2090,1947,1850,-1.220000029,0.02,-0.439999998,0.039999999,0.02,0.129999995
65.31,1972,-2094,1969,-2071,1966,2089,1944,1854,-1.620000005,0.07,0.219999999,0.039999999,0.02,0.129999995
65.32,1914,-2041,1931,-2054,1965,2094,1940,1860,-2.059999943,0.540000022,-0.439999998,0.039999999,0.02,0.129999995
65.33,1921,-2050,1956,-2048,1966,2095,1939,1877,-2,1.070000052,-0.379999995,0.039999999,0.02,0.129999995
65.34,1912,-2004,1931,-2029,1969,2093,1937,1889,-2.319999933,1.25,0.660000026,0,0,0.129999995
65.35,1884,-2015,1883,-2028,1970,2095,1937,1887,-2.589999914,0.899999976,0.189999998,0,0,0.129999995
65.36,1883,-1995,1898,-2005,1972,2095,1936,1885,-1.710000038,0.99000001,1.580000043,-0.02,0.029999999,0.129999995
65.37,1865,-1958,1880,-1970,1975,2093,1931,1882,-2.269999981,0.680000007,1.399999976,-0.02,0.029999999,0.129999995
65.38,1844,-1982,1829,-1955,1978,2095,1927,1869,-2.130000114,0.889999986,-0.300000012,0,0.02,0.129999995
65.39,1853,-1954,1840,-1961,1979,2098,1921,1859,-2.25,0.589999974,0.200000003,0,0.02,0.129999995
65.4,1823,-1928,1828,-1931,1983,2097,1919,1860,-3.180000067,0.629999995,-1.620000005,-0.01,0.01,0.129999995
65.41,1802,-1923,1798,-1922,1982,2097,1919,1863,-2.549999952,0.159999996,-1.549999952,0.02,0,0.129999995
65.42,1795,-1907,1781,-1901,1981,2099,1919,1857,-2.369999886,0.180000007,0.579999983,0,0.01,0.119999997
65.43,1774,-1861,1785,-1861,1980,2100,1920,1856,-2.809999943,0.540000022,-0.180000007,0,0.01,0.119999997
65.44,1762,-1849,1765,-1883,1980,2101,1923,1856,-2.400000095,0.050000001,0.819999993,0,0.01,0.119999997
65.45,1731,-1835,1718,-1862,1979,2103,1924,1851,-3.049999952,0.230000004,1.100000024,0,0.01,0.119999997
65.46,1722,-1806,1731,-1814,1978,2104,1926,1844,-2.99000001,0.370000005,0.829999983,0,0,0.119999997
65.47,1720,-1785,1720,-1821,1976,2105,1926,1822,-2.690000057,0.01,0.639999986,0,0,0.119999997
65.48,1680,-1778,1653,-1783,1974,2103,1925,1809,-2.920000076,0.629999995,-0.829999983,0.01,0,0.119999997
65.49,1643,-1757,1674,-1775,1972,2105,1926,1799,-2.359999895,-0.079999998,-1.360000014,0.01,0,0.119999997
65.5,1631,-1726,1656,-1768,1969,2104,1921,1798,-2.190000057,0.330000013,-0.720000029,0.029999999,0.029999999,0.109999999
65.51,1634,-1725,1616,-1726,1969,2107,1921,1798,-2.730000019,0.090000004,-0.720000029,0.029999999,0.029999999,0.109999999
65.52,1602,-1681,1602,-1721,1973,2110,1921,1794,-2.650000095,0.25,-1.220000029,0.01,0.01,0.109999999
65.53,1591,-1656,1590,-1684,1978,2113,1920,1774,-2.799999952,0.600000024,-0.709999979,0.01,0.01,0.109999999
65.54,1573,-1659,1590,-1676,1980,2128,1921,1765,-2.75,0.159999996,-0.579999983,0.02,-0.01,0.109999999
65.55,1552,-1618,1543,-1654,1980,2129,1921,1766,-3.119999886,0.189999998,-0.379999995,0.02,-0.01,0.109999999
65.56,1527,-1621,1524,-1625,1980,2127,1921,1774,-3.349999905,-0.02,-1.120000005,0.01,-0.01,0.100000002
65.57,1502,-1595,1520,-1607,1980,2128,1923,1779,-3.289999962,-0.050000001,-0.379999995,0.01,-0.01,0.100000002
65.58,1503,-1557,1489,-1587,1980,2127,1925,1781,-3.299999952,0.180000007,0.460000008,0,-0.01,0.100000002
65.59,1461,-1537,1452,-1549,1982,2127,1929,1789,-3.210000038,0.119999997,-0.100000002,0,-0.01,0.100000002
65.6,1431,-1528,1451,-1537,1981,2127,1933,1794,-3.059999943,0.569999993,1.639999986,0,0.01,0.090000004
65.61,1407,-1489,1436,-1516,1981,2128,1937,1794,-3.49000001,0.360000014,1.590000033,0,0.01,0.090000004
65.62,1414,-1477,1389,-1490,1982,2129,1937,1793,-3.690000057,0.639999986,0.460000008,0,0,0.090000004
65.63,1379,-1472,1387,-1452,1980,2129,1937,1791,-3.269999981,0.449999988,0.759999991,0,0,0.090000004
65.64,1345,-1405,1364,-1436,1978,2129,1936,1788,-3.849999905,0.200000003,0.629999995,-0.01,0,0.090000004
65.65,1345,-1409,1333,-1421,1978,2128,1933,1781,-3.5,0.49000001,-0.560000002,-0.01,0,0.090000004
65.66,1304,-1393,1320,-1390,1975,2129,1931,1772,-3.569999933,-0.01,0.370000005,-0.029999999,0,0.079999998
65.67,1308,-1353,1312,-1360,1976,2129,1931,1762,-3.589999914,0.029999999,-0.550000012,-0.029999999,0,0.079999998
65.68,1289,-1361,1288,-1354,1977,2129,1931,1750,-3.180000067,-0.25,0.720000029,-0.01,0,0.079999998
65.69,1238,-1316,1257,-1335,1977,2129,1931,1741,-4.070000172,-0.02,0.189999998,-0.01,0,0.079999998
65.7,1233,-1297,1237,-1298,1977,2129,1931,1745,-3.450000048,0.01,-0.509999991,0,-0.01,0.07
65.71,1234,-1270,1221,-1286,1977,2128,1931,1746,-3.599999905,-0.07,1.039999962,0,-0.01,0.07
65.72,1198,-1244,1201,-1258,1977,2126,1931,1747,-3.529999971,-0.050000001,0.029999999,0,0,0.07
65.73,1168,-1242,1185,-1231,1976,2125,1930,1748,-3.450000048,0.059999999,0.449999988,0,0,0.07
65.74,1137,-1188,1146,-1214,1974,2124,1930,1749,-3.50999999,0.170000002,-0.479999989,-0.01,-0.01,0.059999999
65.75,1116,-1162,1138,-1177,1975,2127,1932,1751,-3.279999971,0.209999993,0.209999993,-0.01,-0.01,0.059999999
65.76,1123,-1164,1112,-1156,1974,2127,1935,1751,-3.25,0.209999993,-0.140000001,-0.039999999,0.01,0.050000001
65.77,1094,-1126,1097,-1142,1975,2125,1935,1750,-3.440000057,-0.039999999,0.560000002,-0.039999999,0.01,0.050000001
65.78,1054,-1112,1080,-1113,1978,2125,1935,1750,-3.430000067,0.259999991,-0.01,0,0.01,0.050000001
65.79,1051,-1097,1038,-1095,1982,2125,1934,1750,-3.180000067,-0.02,-0.319999993,0,0.01,0.050000001
65.8,1040,-1076,1032,-1079,1983,2125,1931,1750,-3.200000048,0.119999997,0.129999995,0.01,0.01,0.050000001
65.81,1001,-1050,1022,-1056,1983,2124,1925,1751,-3.109999895,-0.189999998,-0.569999993,0.01,0.01,0.050000001
65.82,1004,-1046,991,-1042,1983,2123,1922,1751,-2.980000019,-0.5,-0.5,0.01,0,0.050000001
65.83,980,-1027,991,-1018,1984,2123,1921,1752,-2.730000019,-0.170000002,-0.419999987,0.01,0,0.050000001
65.84,961,-1000,970,-1012,1984,2122,1922,1752,-3.019999981,-0.449999988,-0.899999976,0,-0.02,0.050000001
65.85,941,-989,943,-991,1982,2120,1922,1752,-2.680000067,-0.189999998,-0.460000008,0,-0.02,0.050000001
65.86,917,-971,939,-964,1982,2120,1922,1753,-2.670000076,0.02,-0.360000014,0,-0.01,0.039999999
65.87,919,-943,931,-958,1983,2121,1924,1756,-2.410000086,-0.180000007,-0.01,0,-0.01,0.039999999
65.88,899,-941,903,-936,1983,2118,1926,1756,-2.549999952,0.029999999,0.219999999,0.029999999,0,0.039999999
65.89,878,-911,889,-907,1982,2118,1930,1765,-2.529999971,0.259999991,-0.01,0.029999999,0,0.039999999
65.9,864,-899,873,-898,1980,2117,1931,1767,-2.49000001,0.529999971,-0.150000006,0.01,-0.01,0.029999999
65.91,841,-866,846,-881,1979,2118,1931,1768,-2.690000057,0.059999999,0.07,0.01,-0.01,0.029999999
65.92,831,-859,833,-863,1979,2118,1931,1768,-2.589999914,0.109999999,0.479999989,0,0,0.029999999
65.93,797,-843,821,-848,1979,2117,1931,1768,-2.789999962,-0.159999996,-0.100000002,0,0,0.029999999
65.94,797,-828,807,-819,1978,2117,1931,1766,-2.730000019,-0.209999993,0.660000026,0,0,0.02
65.95,796,-809,787,-805,1978,2118,1931,1767,-2.670000076,-0.029999999,0.07,0,0,0.02
65.96,755,-789,771,-794,1978,2117,1931,1766,-2.809999943,0.07,0.050000001,0,0,0.029999999
65.97,739,-769,753,-769,1978,2118,1931,1765,-2.450000048,0,0.039999999,0,0,0.029999999
65.98,734,-750,732,-762,1978,2119,1931,1765,-2.549999952,-0.189999998,-0.389999986,0.02,0,0.02
65.99,704,-742,716,-742,1978,2120,1931,1765,-2.680000067,0,-0.519999981,0.02,0,0.02
66,696,-725,705,-720,1978,2121,1932,1765,-2.859999895,0.059999999,-0.059999999,0,0,0.02
66.01,682,-706,688,-707,1977,2121,1931,1766,-2.900000095,-0.090000004,-0.170000002,0,0,0.02
66.02,659,-690,670,-689,1977,2121,1932,1766,-2.849999905,0.079999998,0.400000006,0,0,0.02
66.03,643,-667,659,-664,1976,2120,1932,1765,-2.609999895,0.050000001,0.330000013,0,0,0.02
66.04,627,-649,627,-650,1976,2120,1931,1765,-2.849999905,-0.029999999,0.709999979,0,0,0.02
66.05,606,-629,610,-627,1976,2119,1932,1765,-2.789999962,0.02,0.629999995,0,0,0.02
66.06,585,-605,598,-614,1976,2119,1932,1765,-2.859999895,0.170000002,-0.259999991,0,0,0.02
66.07,575,-587,573,-581,1975,2120,1932,1764,-2.880000114,-0.039999999,0.02,0,0,0.02
66.08,554,-573,552,-575,1976,2120,1932,1764,-2.859999895,-0.330000013,-0.209999993,0,0,0.02
66.09,537,-557,535,-556,1975,2120,1933,1763,-2.789999962,-0.100000002,-0.439999998,0,0,0.02
66.1,519,-537,517,-528,1976,2120,1932,1763,-2.650000095,-0.159999996,0.430000007,0,0.02,0.01
66.11,496,-510,504,-513,1976,2120,1933,1761,-2.50999999,-0.039999999,0.319999993,0,0.02,0.01
66.12,480,-500,485,-499,1975,2120,1933,1761,-3.190000057,-0.180000007,-1.24000001,0,-0.01,0.01
66.13,461,-473,468,-482,1976,2121,1933,1761,-3.170000076,-0.259999991,-1.49000001,0,-0.01,0.01
66.14,445,-458,448,-457,1977,2122,1933,1761,-2.680000067,-0.079999998,0.660000026,0.01,0,0.01
66.15,423,-434,425,-435,1976,2123,1933,1761,-2.819999933,-0.059999999,0.270000011,0.01,0,0.01
66.16,401,-415,411,-416,1976,2126,1932,1762,-3.039999962,0.090000004,0.079999998,0,0,0.01
66.17,381,-398,386,-395,1976,2126,1933,1762,-3.109999895,-0.239999995,0.059999999,0,0,0.01
66.18,365,-374,369,-379,1976,2126,1934,1762,-3.079999924,-0.239999995,0.349999994,0,-0.01,0.01
66.19,345,-354,347,-353,1975,2125,1935,1761,-3.099999905,-0.07,0.389999986,0,-0.01,0.01
66.2,322,-331,326,-333,1974,2126,1935,1760,-2.930000067,0.219999999,-0.170000002,0,0.01,0
66.21,298,-311,304,-311,1974,2125,1935,1760,-2.789999962,0.189999998,-0.02,0,0.01,0
66.22,286,-289,287,-292,1973,2125,1935,1759,-3.319999933,0.109999999,-0.850000024,0.01,0,0
66.23,250,-267,258,-270,1973,2125,1935,1758,-3.150000095,-0.039999999,-1.019999981,0.01,0,0
66.24,236,-239,241,-248,1973,2126,1935,1758,-3.400000095,0.01,0.270000011,0,0,0
66.25,212,-218,221,-226,1973,2126,1934,1756,-3.299999952,-0.02,-0.529999971,0,0,0
66.26,188,-202,193,-202,1972,2126,1934,1753,-3.609999895,-0.059999999,0.540000022,0,0,0
66.27,170,-180,177,-175,1972,2127,1934,1752,-3.400000095,-0.059999999,0.200000003,0,0,0
66.28,141,-153,149,-153,1972,2128,1934,1752,-3.619999886,-0.310000002,0.430000007,0,0,0
66.29,123,-129,121,-133,1972,2128,1934,1749,-3.75,-0.159999996,0.300000012,0,0,0
66.3,100,-101,105,-102,1972,2129,1934,1748,-3.799999952,-0.039999999,0.07,0,0,0
66.31,72,-71,81,-78,1972,2129,1933,1748,-3.910000086,-0.07,0,0,0,0
66.32,48,-57,53,-54,1972,2131,1934,1747,-3.74000001,-0.100000002,0.180000007,0,0.01,0
66.33,20,-28,29,-24,1972,2132,1933,1747,-3.730000019,-0.200000003,0.270000011,0,0.01,0
66.34,0,-5,0,-4,1972,2133,1933,1747,-3.99000001,-0.07,-0.419999987,0,0,0
66.35,0,0,0,0,1972,2133,1933,1746,-3.900000095,-0.129999995,-0.349999994,0,0,0
66.36,0,0,-1,1,1974,2134,1934,1746,-4.070000172,0.159999996,-0.400000006,0,0,0
66.37,-1,0,-1,5,1974,2134,1934,1747,-2.839999914,-0.090000004,-0.759999991,0,0,0
66.38,0,0,-35,51,1974,2135,1935,1750,-1.879999995,-0.119999997,0.079999998,0.01,-0.02,0
66.39,0,0,-47,20,1974,2134,1937,1756,-1.600000024,-0.259999991,-0.449999988,0.01,-0.02,0
66.4,0,0,-26,36,1973,2133,1954,1762,-0.340000004,0.039999999,-0.479999989,0,-0.059999999,0
66.41,-9,4,-18,45,1961,2127,1967,1772,0.49000001,-0.180000007,-0.090000004,0,-0.059999999,0
66.42,-10,10,-24,12,1953,2119,1983,1787,1.659999967,-0.129999995,0.360000014,0,-0.039999999,0
66.43,-2,14,-26,26,1941,2110,1999,1819,0.129999995,0.140000001,1.309999943,0,-0.039999999,0
66.44,-3,2,-14,25,1934,2090,2013,1832,1.75,0.01,-0.819999993,0,-0.039999999,0
66.45,0,0,-8,6,1928,2085,2024,1841,1.159999967,0.029999999,2.589999914,0,-0.039999999,0
66.46,0,0,-2,7,1923,2083,2034,1847,1.720000029,0.039999999,-0.610000014,0.01,-0.01,0
66.47,0,0,0,0,1915,2080,2034,1850,1.299999952,0,1.149999976,0.01,-0.01,0
66.48,0,0,0,0,1914,2078,2034,1852,1.870000005,0.029999999,-0.330000013,0,0.01,0
66.49,0,0,0,0,1913,2077,2034,1849,0.959999979,-0.280000001,0.330000013,0,0.01,0
66.5,0,0,0,0,1913,2077,2033,1846,1.49000001,-0.119999997,-0.340000004,0,0.02,0
66.51,0,0,0,0,1912,2078,2025,1840,0.419999987,-0.170000002,0.170000002,0,0.02,0
66.52,0,0,0,0,1913,2080,2021,1835,0.330000013,-0.059999999,-0.230000004,0,0.029999999,0
66.53,0,0,0,0,1917,2082,2019,1830,-0.100000002,-0.079999998,-0.74000001,0,0.029999999,0
66.54,0,0,0,0,1920,2084,2016,1819,-0.180000007,0.059999999,-0.639999986,0,0.02,0
66.55,0,-1,0,-1,1922,2087,2014,1817,-0.140000001,0.01,-0.980000019,0,0.02,0
66.56,0,0,0,-4,1923,2088,2014,1817,-0.140000001,0.079999998,-0.759999991,0,0,0
66.57,0,-1,2,-10,1923,2088,2014,1817,-0.059999999,0.230000004,-0.800000012,0,0,0
66.58,4,-4,3,-11,1923,2088,2014,1819,-0.129999995,0,-0.129999995,0,-0.01,0
66.59,4,-7,11,-7,1923,2088,2019,1822,-0.050000001,0.039999999,-0.100000002,0,-0.01,0
66.6,6,0,13,-3,1923,2088,2021,1827,-0.180000007,-0.029999999,-0.209999993,0,-0.01,0
66.61,0,0,7,-1,1923,2088,2022,1828,-0.119999997,-0.029999999,0.439999998,0,-0.01,0
66.62,0,0,2,0,1923,2088,2023,1829,-0.310000002,0,0.400000006,0,0,0
66.63,0,0,0,0,1923,2088,2023,1829,-0.569999993,-0.189999998,0.439999998,0,0,0
66.64,0,0,-1,0,1923,2088,2023,1828,-0.519999981,-0.140000001,0.759999991,0,0.01,0
66.65,0,0,0,0,1925,2089,2023,1825,-0.370000005,-0.259999991,0.449999988,0,0.01,0
66.66,-1,0,0,0,1925,2089,2021,1824,-0.310000002,-0.119999997,0.079999998,0,0,0
66.67,0,0,0,0,1925,2089,2019,1823,-0.109999999,-0.07,-0.469999999,0,0,0
66.68,0,0,0,0,1925,2090,2018,1822,0,-0.02,-0.170000002,0,0,0
66.69,0,0,0,0,1925,2089,2018,1823,-0.090000004,-0.059999999,-0.379999995,0,0,0
66.7,0,0,0,0,1924,2089,2018,1823,0,0.109999999,-0.560000002,0,-0.01,0
66.71,0,0,0,0,1923,2088,2018,1824,-0.059999999,0.180000007,-0.01,0,-0.01,0
66.72,0,0,0,0,1923,2088,2019,1825,0.01,0.119999997,-0.090000004,0,0,0
66.73,0,0,0,0,1923,2088,2020,1825,-0.100000002,0.129999995,0.219999999,0,0,0
66.74,0,1,0,0,1923,2087,2020,1826,0.090000004,0.050000001,0.02,0,0,0
66.75,0,-1,0,0,1923,2088,2020,1826,0.01,-0.050000001,0.430000007,0,0,0
66.76,0,0,-1,0,1923,2088,2020,1826,0.02,-0.059999999,0.039999999,0,0,0
66.77,0,0,0,0,1924,2088,2020,1825,0.07,-0.050000001,-0.090000004,0,0,0
66.78,0,0,0,0,1924,2089,2020,1825,0.079999998,-0.119999997,0.270000011,0,0,0
66.79,0,0,0,0,1924,2089,2020,1825,0.079999998,-0.270000011,0.02,0,0,0
66.8,0,0,0,0,1924,2088,2020,1825,0.180000007,-0.100000002,-0.189999998,0,0,0
66.81,0,0,0,0,1924,2089,2020,1824,0.189999998,-0.079999998,-0.129999995,0,0,0
66.82,0,0,0,0,1924,2089,2020,1825,0.090000004,-0.01,-0.189999998,0,0,0
66.83,0,0,0,0,1924,2089,2020,1825,0.02,-0.02,-0.230000004,0,0,0
66.84,0,0,0,0,1925,2089,2020,1825,0.050000001,0.059999999,-0.07,0,0,0
66.85,0,0,0,0,1924,2089,2020,1826,-0.029999999,0.090000004,0.100000002,0,0,0
66.86,0,0,0,0,1924,2088,2020,1826,0.050000001,-0.039999999,0.330000013,0.01,0,0
66.87,0,0,0,0,1924,2089,2020,1825,-0.180000007,0.209999993,-0.150000006,0.01,0,0
66.88,0,0,0,0,1924,2089,2020,1826,-0.059999999,0.050000001,0.509999991,0,0,0
66.89,0,0,0,0,1924,2089,2020,1825,-0.059999999,0,0.360000014,0,0,0
66.9,0,0,0,0,1924,2089,2020,1825,-0.100000002,0.01,-0.039999999,0,0,0
66.91,0,0,0,0,1924,2089,2020,1825,-0.029999999,0.01,0.150000006,0,0,0
66.92,0,0,0,0,1924,2089,2020,1825,-0.100000002,-0.090000004,-0.090000004,0,0,0
66.93,0,0,0,0,1924,2089,2020,1825,-0.129999995,-0.170000002,-0.07,0,0,0
66.94,0,0,0,0,1924,2089,2020,1825,-0.129999995,-0.170000002,-0.07,0,0,0
66.95,0,0,0,0,1924,2088,2020,1825,-0.039999999,-0.079999998,0.029999999,0,0,0
66.96,0,0,0,0,1924,2089,2020,1825,-0.129999995,-0.039999999,-0.109999999,0,0,0
66.97,0,0,0,0,1924,2089,2020,1826,-0.100000002,0.07,-0.239999995,0,0,0
66.98,0,0,0,0,1924,2088,2020,1826,-0.059999999,0.02,0.239999995,0,0,0
66.99,0,0,-1,0,1924,2088,2020,1826,-0.090000004,-0.01,0.239999995,0,0,0
67,-1,0,-1,0,1924,2089,2020,1826,-0.090000004,0.079999998,-0.029999999,0,0,0
67.01,0,0,-1,0,1924,2088,2020,1826,-0.039999999,0.170000002,0,0,0,0
67.02,0,0,-1,0,1923,2088,2020,1826,-0.02,-0.02,0.079999998,0,0,0
67.03,0,0,0,0,1924,2088,2020,1826,0,-0.02,-0.01,0,0,0
67.04,0,0,0,0,1924,2088,2020,1825,0.100000002,0,-0.079999998,0,0,0
67.05,0,0,0,0,1924,2088,2020,1825,0.140000001,-0.100000002,0.090000004,0,0,0
67.06,0,0,0,0,1924,2088,2020,1825,0.140000001,-0.119999997,-0.039999999,0,0,0
67.07,0,0,0,0,1924,2088,2020,1825,0.119999997,-0.100000002,-0.150000006,0,0,0
67.08,0,0,0,0,1924,2088,2020,1826,0.170000002,-0.059999999,0.039999999,0,0,0
67.09,0,0,0,0,1924,2088,2020,1826,0.039999999,-0.150000006,0.109999999,0,0,0
67.1,0,0,0,0,1924,2089,2020,1825,-0.029999999,0.02,-0.170000002,0,0,0
67.11,0,0,0,0,1924,2089,2020,1826,0,0.119999997,-0.02,0,0,0
67.12,0,0,0,0,1924,2089,2020,1826,0,0,0.219999999,0,0,0
67.13,0,0,0,0,1924,2089,2020,1825,-0.079999998,0.059999999,0,0,0,0
67.14,0,0,0,0,1924,2089,2020,1826,-0.039999999,0.07,-0.109999999,0,0,0
67.15,0,0,0,0,1924,2089,2020,1825,-0.059999999,0.119999997,0.059999999,0,0,0
67.16,0,0,0,0,1924,2089,2020,1825,-0.100000002,-0.029999999,0.07,0,0,0
67.17,0,0,0,0,1924,2089,2020,1825,-0.119999997,0.01,-0.150000006,0,0,0
67.18,0,0,0,0,1924,2089,2020,1826,-0.059999999,-0.07,0.079999998,0,0,0
67.19,0,0,0,0,1924,2089,2020,1826,-0.059999999,-0.150000006,0.239999995,0,0,0
67.2,0,0,0,0,1924,2089,2020,1826,-0.109999999,-0.100000002,-0.170000002,0,0,0
67.21,0,0,0,0,1924,2089,2020,1826,-0.039999999,-0.050000001,-0.100000002,0,0,0
67.22,0,0,0,0,1924,2089,2020,1825,0,-0.090000004,0.119999997,0,0,0
67.23,0,0,0,0,1924,2089,2020,1826,-0.050000001,-0.079999998,0.050000001,0,0,0
67.24,0,0,0,0,1924,2089,2020,1826,0,0.100000002,-0.200000003,0,0,0
67.25,0,0,0,0,1924,2089,2020,1826,0.050000001,0.039999999,-0.02,0,0,0
67.26,0,0,0,0,1924,2088,2020,1826,0,0.050000001,-0.07,0,0,0
67.27,0,0,0,0,1924,2089,2020,1825,0,0.109999999,-0.239999995,0,0,0
67.28,0,0,0,0,1924,2089,2020,1826,0.07,0.02,0,0,0,0
67.29,0,0,0,0,1924,2089,2020,1825,0.029999999,0.02,0.059999999,0,0,0
67.3,0,0,0,0,1924,2089,2020,1826,-0.029999999,-0.050000001,-0.02,0,0,0
67.31,0,0,0,0,1924,2089,2020,1826,0.01,0,-0.170000002,0,0,0
67.32,0,0,0,0,1924,2089,2020,1826,-0.01,-0.100000002,0.310000002,0,0,0
67.33,0,0,0,0,1924,2089,2020,1825,-0.07,-0.180000007,0.059999999,0,0,0
67.34,0,0,0,0,1924,2089,2020,1826,-0.109999999,-0.01,-0.119999997,0,0,0
67.35,0,0,0,0,1924,2089,2020,1826,-0.079999998,-0.100000002,-0.029999999,0,0,0
67.36,0,0,0,0,1924,2089,2020,1826,-0.140000001,-0.01,0.109999999,0,0,0
67.37,0,0,0,0,1924,2089,2020,1826,-0.119999997,-0.050000001,-0.01,0,0,0
67.38,0,0,0,0,1924,2089,2020,1826,0.02,0.119999997,0.050000001,0,0,0
67.39,0,0,0,0,1924,2089,2020,1826,-0.01,0.050000001,0.270000011,0,0,0
67.4,0,0,0,0,1924,2089,2020,1826,-0.079999998,0.01,-0.07,0,0,0
67.41,0,0,0,0,1924,2089,2020,1826,0,0.159999996,-0.039999999,0,0,0
67.42,0,0,0,0,1924,2089,2020,1826,0.059999999,-0.02,0.219999999,0,0,0
67.43,0,0,0,0,1924,2089,2020,1826,-0.01,0,0.180000007,-0.01,0,0
67.44,0,0,0,0,1924,2089,2020,1826,0.07,-0.050000001,-0.140000001,0,0,0
67.45,0,0,0,0,1924,2089,2020,1826,0.02,0,-0.02,0,0,0
67.46,0,0,0,0,1924,2089,2020,1826,-0.029999999,-0.159999996,0.059999999,0,0,0
67.47,0,0,0,0,1924,2089,2020,1825,-0.129999995,-0.090000004,-0.150000006,0,0,0
67.48,0,0,0,0,1924,2089,2020,1826,-0.039999999,-0.01,-0.090000004,0,0,0
67.49,0,0,0,0,1924,2088,2020,1826,-0.029999999,-0.07,0.140000001,0,0,0
67.5,0,0,0,0,1924,2089,2020,1826,-0.109999999,-0.029999999,-0.180000007,0,0,0
67.51,0,0,0,0,1924,2089,2020,1826,-0.02,0.01,-0.189999998,0,0,0
67.52,0,0,0,0,1924,2089,2020,1826,-0.01,0.079999998,0.170000002,0,0,0
67.53,0,0,0,0,1924,2088,2020,1825,0,0,0.119999997,0,0,0
67.54,0,0,0,0,1924,2088,2020,1826,0,0.07,-0.07,0,0,0
67.55,0,0,0,0,1924,2088,2020,1826,0.039999999,0.079999998,-0.07,0,0,0
67.56,0,0,0,0,1924,2088,2020,1825,0.02,-0.079999998,0.209999993,0,0,0
67.57,0,0,0,0,1924,2088,2020,1825,-0.029999999,-0.050000001,-0.109999999,0,0,0
67.58,0,0,0,0,1924,2088,2020,1825,0,-0.050000001,-0.090000004,0,0,0
67.59,0,0,0,0,1924,2088,2020,1825,0.02,-0.079999998,0.059999999,0,0,0
67.6,0,0,0,0,1924,2088,2020,1826,-0.100000002,-0.119999997,-0.079999998,0,0,0
67.61,0,0,0,0,1924,2088,2020,1826,-0.079999998,-0.050000001,-0.289999992,0,0,0
67.62,0,0,0,0,1924,2088,2020,1825,-0.029999999,0,0.180000007,0,0,0
67.63,0,0,0,0,1924,2088,2020,1826,-0.050000001,-0.079999998,0.119999997,0,0,0
67.64,0,0,0,0,1924,2088,2020,1826,-0.07,0.079999998,-0.140000001,0,0,0
67.65,0,0,0,0,1924,2089,2020,1826,0,0.109999999,-0.119999997,0,0,0
67.66,0,0,0,0,1924,2089,2020,1826,-0.07,0.039999999,0.140000001,-0.01,0,0
67.67,0,0,0,0,1924,2088,2020,1826,-0.059999999,-0.01,-0.059999999,0,0,0
67.68,0,0,0,0,1924,2089,2020,1826,0,0.079999998,-0.039999999,0,0,0
67.69,0,0,0,0,1924,2089,2020,1826,0.02,0.029999999,0.159999996,0,0,0
67.7,0,0,0,0,1925,2088,2020,1826,-0.01,-0.140000001,0.079999998,0,0,0
67.71,0,0,0,0,1924,2089,2021,1826,-0.01,0,-0.059999999,0,0,0
67.72,0,0,0,0,1925,2088,2020,1826,0.059999999,-0.140000001,0.25,0,0,0
67.73,0,0,0,0,1924,2088,2020,1826,-0.039999999,-0.129999995,0.280000001,0,0,0
67.74,0,0,0,0,1924,2088,2020,1826,-0.039999999,-0.07,-0.180000007,0,0,0
67.75,0,0,0,0,1924,2089,2020,1826,-0.02,-0.050000001,-0.140000001,0,0,0
67.76,0,0,0,0,1925,2088,2020,1826,-0.039999999,-0.029999999,0.119999997,0,0,0
67.77,0,0,0,0,1924,2089,2021,1826,-0.100000002,-0.01,0,0,0,0
67.78,0,0,0,0,1924,2088,2020,1826,-0.02,0.150000006,-0.150000006,0,0,0
67.79,0,0,0,0,1924,2089,2020,1826,0,0.140000001,0.090000004,0,0,0
67.8,0,0,0,0,1925,2088,2021,1826,-0.090000004,0.029999999,-0.029999999,0,0,0
67.81,0,0,0,0,1924,2089,2020,1826,-0.100000002,0.140000001,-0.150000006,0,0,0
67.82,0,0,0,0,1924,2088,2020,1826,0.029999999,0,0.050000001,0,0,0
67.83,0,0,0,0,1924,2089,2021,1826,0,-0.029999999,0.079999998,-0.01,0,0
67.84,0,0,0,0,1924,2089,2020,1826,-0.050000001,-0.189999998,-0.209999993,0,0,0
67.85,0,0,0,0,1924,2089,2020,1825,0.050000001,-0.02,-0.150000006,0,0,0
67.86,0,0,0,0,1924,2089,2020,1826,0.029999999,-0.159999996,0.140000001,0,0,0
67.87,0,0,0,0,1924,2088,2020,1825,0.02,-0.200000003,-0.029999999,-0.01,0,0
67.88,0,0,0,0,1924,2089,2020,1826,0.02,0.02,-0.150000006,0,0,0
67.89,0,0,0,0,1924,2089,2020,1826,0.050000001,-0.07,0.029999999,0,0,0
67.9,0,0,0,0,1925,2089,2020,1826,-0.059999999,-0.039999999,0.039999999,0,0,0
67.91,0,0,0,0,1924,2089,2021,1826,-0.07,0,-0.140000001,0,0,0
67.92,0,0,0,0,1925,2089,2020,1826,0,0.150000006,0.029999999,0,0,0
67.93,0,0,0,0,1925,2089,2020,1826,-0.01,0.02,0.170000002,-0.01,0,0
67.94,0,0,0,0,1924,2089,2021,1826,-0.100000002,0,-0.07,0,0,0
67.95,0,0,0,0,1925,2089,2021,1826,-0.039999999,0.150000006,-0.119999997,0.01,0,0
67.96,0,0,0,0,1925,2089,2020,1826,0,-0.07,0.259999991,0,0,0
67.97,0,0,0,0,1925,2089,2020,1826,-0.039999999,-0.039999999,0.119999997,0,0,0
67.98,0,0,0,0,1924,2089,2020,1826,-0.01,-0.01,-0.079999998,0,0,0
67.99,0,0,0,0,1925,2089,2020,1825,0.039999999,-0.02,0,0,0,0
68,0,0,0,0,1924,2089,2020,1826,-0.039999999,-0.059999999,0.109999999,-0.01,0,0
68.01,0,0,0,0,1925,2088,2021,1826,-0.059999999,-0.159999996,-0.02,0,0,0
68.02,0,0,0,0,1924,2088,2021,1825,-0.01,0.059999999,-0.07,0,0,0
68.03,0,0,0,0,1925,2088,2020,1825,-0.100000002,-0.029999999,0.039999999,0,0,0
68.04,0,0,0,0,1924,2088,2021,1825,-0.200000003,-0.029999999,-0.180000007,0,0,0
68.05,0,0,0,0,1924,2088,2020,1825,-0.100000002,0.079999998,-0.280000001,0,0,0
68.06,0,0,0,0,1924,2088,2020,1826,-0.029999999,0.01,0.029999999,0,0,0
68.07,0,0,0,0,1925,2088,2021,1826,-0.050000001,-0.02,0.150000006,0,0,0
68.08,0,0,0,0,1924,2088,2021,1826,-0.059999999,0,-0.159999996,0.01,0,0
68.09,0,0,0,0,1924,2088,2020,1826,0.090000004,0.050000001,0.029999999,0,0,0
68.1,0,0,0,0,1924,2088,2020,1826,0.039999999,-0.129999995,0.280000001,0,0,0
68.11,0,0,0,0,1924,2088,2020,1826,0.050000001,-0.090000004,0.01,0,0,0
68.12,0,0,0,0,1924,2088,2020,1826,0.079999998,-0.01,0.059999999,0,0,0
68.13,0,0,0,0,1924,2088,2020,1826,0.039999999,-0.07,0.079999998,0,0,0
68.14,0,0,0,0,1924,2088,2021,1826,-0.039999999,-0.039999999,-0.079999998,0,0,0
68.15,0,0,0,0,1924,2088,2020,1826,-0.039999999,0.029999999,-0.239999995,0,0,0
68.16,0,0,0,0,1924,2088,2020,1825,0.02,0.07,0.029999999,0,0,0
68.17,0,0,0,0,1924,2088,2020,1826,-0.050000001,-0.02,0.119999997,-0.01,0,0
68.18,0,0,0,0,1924,2088,2020,1826,-0.100000002,0.109999999,-0.289999992,0,0,0
68.19,0,0,0,0,1924,2088,2020,1825,-0.07,0.140000001,0,0,0,0
68.2,0,0,0,0,1925,2088,2020,1826,-0.079999998,-0.039999999,0.119999997,-0.01,0,0
68.21,0,0,0,0,1924,2089,2021,1826,-0.100000002,0,0.100000002,0,0,0
68.22,0,0,0,0,1925,2089,2020,1826,-0.01,0,0.01,0,0,0
68.23,0,0,0,0,1924,2089,2020,1826,0,-0.02,0.230000004,0,0,0
68.24,0,0,0,0,1925,2089,2021,1826,-0.050000001,-0.119999997,-0.01,0,0,0
68.25,0,0,0,0,1924,2089,2020,1825,-0.02,-0.059999999,-0.119999997,0,0,0
68.26,0,0,0,0,1924,2089,2020,1826,0,-0.029999999,0.100000002,0,0,0
68.27,0,0,0,0,1924,2089,2021,1826,-0.01,-0.109999999,0.059999999,0,0,0
68.28,0,0,0,0,1924,2089,2020,1826,-0.059999999,0,-0.270000011,0,0,0
68.29,0,0,0,0,1924,2089,2020,1825,0,0.059999999,-0.200000003,0,0,0
68.3,0,0,0,0,1925,2089,2020,1826,0,0.02,0.109999999,0,0,0
68.31,0,0,0,0,1924,2089,2021,1826,-0.039999999,0.050000001,-0.039999999,0,0,0
68.32,0,0,0,0,1924,2089,2020,1826,0,0.119999997,-0.059999999,0,0,0
68.33,0,0,0,0,1925,2089,2021,1826,0.01,0.090000004,0.090000004,0,0,0
68.34,0,0,0,0,1924,2089,2020,1826,-0.059999999,-0.039999999,0.150000006,0,0,0
68.35,0,0,0,0,1924,2089,2021,1826,-0.050000001,-0.02,-0.140000001,0,0,0
68.36,0,0,0,0,1924,2089,2020,1826,0.029999999,-0.039999999,0.059999999,0,0,0
68.37,0,0,0,0,1924,2088,2020,1826,-0.01,-0.090000004,0.209999993,0,0,0
68.38,0,0,0,0,1924,2088,2020,1826,-0.029999999,-0.090000004,-0.129999995,0,0,0
68.39,0,0,0,0,1925,2089,2020,1826,0,0,-0.090000004,0,0,0
68.4,0,0,0,0,1924,2089,2020,1826,0.01,-0.02,0.119999997,0,0,0
68.41,0,0,0,0,1925,2088,2021,1826,-0.029999999,-0.059999999,0.100000002,0,0,0
68.42,0,0,0,0,1924,2089,2021,1826,-0.01,0.109999999,-0.170000002,0,0,0
68.43,0,0,0,0,1925,2089,2021,1826,0.02,0.059999999,0.150000006,0,0,0
68.44,0,0,0,0,1924,2089,2021,1826,-0.050000001,-0.02,0.100000002,0,0,0
68.45,0,0,0,0,1925,2089,2021,1826,-0.109999999,0.079999998,-0.150000006,0,0,0
68.46,0,0,0,0,1925,2089,2020,1826,-0.02,0.01,0.039999999,0,0,0
68.47,0,0,0,0,1925,2089,2021,1827,0,0.039999999,0.140000001,0,0,0
68.48,0,0,0,0,1924,2089,2021,1826,-0.090000004,-0.090000004,-0.189999998,0,0,0
68.49,0,0,0,0,1925,2089,2020,1826,0,0.01,-0.189999998,0,0,0
68.5,0,0,0,0,1925,2089,2021,1826,0.01,-0.029999999,0.140000001,-0.01,0,0
68.51,0,0,0,0,1925,2089,2021,1826,-0.02,-0.189999998,0.079999998,0,0,0
68.52,0,0,0,0,1925,2089,2021,1826,-0.029999999,0.01,-0.150000006,0,0,0
68.53,0,0,0,0,1925,2089,2020,1826,0.02,-0.039999999,0.050000001,0,0,0
68.54,0,0,0,0,1925,2089,2021,1826,-0.090000004,-0.079999998,0.129999995,0,0,0
68.55,0,0,0,0,1925,2089,2020,1826,-0.059999999,-0.050000001,-0.170000002,0,0,0
68.56,0,0,0,0,1925,2089,2021,1826,0.01,0.079999998,0.050000001,0,0,0
68.57,0,0,0,0,1925,2089,2020,1826,0.039999999,0.039999999,0.100000002,0,0,0
68.58,0,0,0,0,1925,2089,2021,1826,-0.059999999,-0.02,-0.039999999,0,0,0
68.59,0,0,0,0,1925,2089,2020,1826,-0.02,0.100000002,-0.140000001,0,0,0
68.6,0,0,0,0,1925,2089,2021,1826,0,-0.050000001,0.129999995,0,0,0
68.61,0,0,0,0,1925,2089,2021,1827,-0.050000001,-0.029999999,0.119999997,0,0,0
68.62,0,0,0,0,1925,2089,2021,1826,-0.029999999,0.02,-0.180000007,0,0,0
68.63,0,0,0,0,1925,2089,2020,1826,-0.059999999,0.050000001,0,0,0,0
68.64,0,0,0,0,1925,2089,2021,1827,-0.090000004,-0.059999999,0.129999995,0,0,0
68.65,0,0,0,0,1924,2089,2021,1826,-0.119999997,-0.07,0.02,0,0,0
68.66,0,0,0,0,1925,2089,2020,1826,-0.039999999,0.090000004,-0.039999999,0,0,0
68.67,0,0,0,0,1924,2089,2021,1826,-0.02,-0.050000001,0.200000003,0,0,0
68.68,0,0,0,0,1925,2088,2021,1826,-0.07,-0.050000001,-0.079999998,0,0,0
68.69,0,0,0,0,1924,2089,2020,1826,-0.07,0.050000001,-0.170000002,0,0,0
68.7,0,0,0,0,1925,2088,2021,1826,0.039999999,-0.029999999,0.100000002,0,0,0
68.71,0,0,0,0,1925,2088,2021,1826,-0.029999999,-0.02,0.180000007,0,0,0
68.72,0,0,0,0,1925,2087,2021,1826,-0.07,-0.039999999,-0.189999998,0,0,0
68.73,0,0,0,0,1924,2088,2021,1826,-0.02,0.029999999,-0.100000002,0,0,0
68.74,0,0,0,0,1924,2087,2021,1826,-0.050000001,-0.07,0.109999999,0,0,0
68.75,0,0,0,0,1924,2087,2021,1826,-0.02,-0.100000002,0,0,0,0
68.76,0,0,0,0,1924,2087,2020,1826,0.02,0.039999999,-0.090000004,0,0,0
68.77,0,0,0,0,1924,2087,2021,1826,0.109999999,-0.039999999,0.050000001,0,0,0
68.78,0,0,0,0,1924,2087,2020,1826,0.029999999,-0.050000001,-0.02,0,0,0
68.79,0,0,0,0,1924,2088,2020,1825,0.090000004,0,-0.189999998,0,0,0
68.8,0,0,0,0,1925,2088,2020,1826,0.150000006,0.050000001,0.050000001,0,0,0
68.81,0,0,0,0,1924,2088,2021,1826,0.100000002,-0.02,0.079999998,0,0,0
68.82,0,0,0,0,1925,2089,2020,1826,0.029999999,0.059999999,-0.090000004,0,0,0
68.83,0,0,0,0,1925,2090,2021,1826,0,0.090000004,-0.01,0,0,0
68.84,0,0,0,0,1925,2090,2021,1826,-0.01,-0.050000001,0.150000006,0,0,0
68.85,0,0,0,0,1925,2090,2021,1826,-0.100000002,0,0.07,0,0,0
68.86,0,0,0,0,1925,2090,2020,1826,-0.039999999,0.02,0.01,0,0,0
68.87,0,0,0,0,1925,2090,2020,1826,-0.02,0.029999999,0.159999996,0,0,0
68.88,0,0,0,0,1925,2090,2021,1826,-0.059999999,-0.109999999,0.129999995,0,0,0
68.89,0,0,0,0,1926,2089,2020,1826,-0.079999998,-0.039999999,-0.02,0,0,0
68.9,0,0,0,0,1925,2089,2020,1826,0.029999999,0,0,0,0,0
68.91,0,0,0,0,1925,2089,2021,1826,0.01,-0.100000002,0.159999996,0,0,0
68.92,0,0,0,0,1925,2089,2020,1826,-0.029999999,-0.01,-0.159999996,0,0,0
68.93,0,0,0,0,1926,2088,2021,1826,-0.07,0.039999999,-0.119999997,0,0,0
68.94,0,0,0,0,1926,2089,2021,1826,0,-0.029999999,0.01,0,0,0
68.95,0,0,0,0,1925,2089,2020,1826,-0.100000002,-0.079999998,0.02,0,0,0
68.96,0,0,0,0,1925,2089,2020,1825,-0.079999998,0.100000002,-0.209999993,0,0,0
68.97,0,0,0,0,1925,2089,2020,1826,-0.109999999,0.079999998,-0.01,0,0,0
68.98,0,0,0,0,1925,2089,2020,1826,-0.189999998,-0.039999999,0.059999999,0,0,0
68.99,0,0,0,0,1926,2089,2020,1826,-0.189999998,0,-0.039999999,0,0,0
69,0,0,0,0,1925,2090,2021,1826,-0.059999999,-0.01,0.050000001,0,0,0
69.01,0,0,0,0,1925,2089,2021,1826,-0.029999999,-0.029999999,0.150000006,0,0,0
69.02,0,0,0,0,1925,2089,2021,1826,-0.090000004,-0.150000006,0,0,0,0
69.03,0,0,0,0,1924,2088,2020,1826,-0.050000001,0.039999999,-0.180000007,0,0,0
69.04,0,0,0,0,1924,2087,2021,1826,0,-0.050000001,0.07,0,0,0
69.05,0,0,0,0,1923,2087,2020,1826,-0.02,-0.129999995,0.050000001,0,0,0
69.06,0,0,0,0,1924,2087,2020,1826,0.050000001,0.039999999,-0.129999995,0,0,0
69.07,0,0,0,0,1923,2087,2020,1826,0.129999995,-0.01,-0.07,0,0,0
69.08,0,0,0,0,1924,2087,2020,1825,0.039999999,0,0,0,0,0
69.09,0,0,0,0,1924,2088,2020,1826,0.02,-0.100000002,-0.100000002,0,0,0
69.1,0,0,0,0,1925,2088,2021,1825,0.07,0.100000002,-0.079999998,0,0,0
69.11,0,0,0,0,1925,2089,2021,1826,0.07,0,0.07,0,0,0
69.12,0,0,0,0,1925,2089,2020,1826,0.02,-0.050000001,0,0,0,0
69.13,0,0,0,0,1926,2089,2020,1826,-0.01,0.100000002,-0.029999999,0,0,0
69.14,0,0,0,0,1925,2089,2021,1826,0.029999999,-0.039999999,0.259999991,0,0,0
69.15,0,0,0,0,1925,2089,2020,1827,-0.029999999,-0.02,0.280000001,0,0,0
69.16,0,0,0,0,1926,2089,2020,1826,-0.029999999,0.01,0.029999999,0,0,0
69.17,0,0,0,0,1925,2089,2021,1826,-0.01,0.079999998,0.01,0,0,0
69.18,0,0,0,0,1925,2089,2020,1826,-0.050000001,-0.090000004,0.200000003,0,0,0
69.19,0,0,0,0,1925,2089,2021,1826,-0.129999995,-0.050000001,-0.029999999,0,0,0
69.2,0,0,0,0,1925,2089,2020,1826,0,0.079999998,-0.079999998,0,0,0
69.21,0,0,0,0,1925,2089,2021,1826,-0.01,0,0.029999999,0,0,0
69.22,0,0,0,0,1925,2088,2020,1826,-0.050000001,0,-0.090000004,0,0,0
69.23,0,0,0,0,1925,2088,2020,1826,-0.039999999,0,-0.140000001,0,0,0
69.24,0,0,0,0,1925,2088,2020,1826,-0.02,-0.01,-0.059999999,0,0,0
69.25,0,0,0,0,1924,2088,2021,1826,-0.02,-0.100000002,0.100000002,0,0,0
69.26,0,0,0,0,1925,2088,2020,1826,0,-0.059999999,-0.140000001,0,0,0
69.27,0,0,0,0,1925,2088,2021,1826,0.02,0.050000001,-0.07,0,0,0
69.28,0,0,0,0,1925,2088,2020,1826,0.029999999,-0.159999996,0.180000007,0,0,0
69.29,0,0,0,0,1925,2089,2020,1826,0,-0.02,0.01,0,0,0
69.3,0,0,0,0,1925,2089,2021,1826,0.02,0.029999999,-0.07,0,0,0
69.31,0,0,0,0,1925,2089,2021,1826,0.059999999,0.02,0.07,0,0,0
69.32,0,0,0,0,1925,2089,2020,1826,-0.02,-0.02,0.02,0,0,0
69.33,0,0,0,0,1925,2089,2021,1826,-0.01,0,-0.140000001,0,0,0
69.34,0,0,0,0,1925,2089,2021,1826,-0.01,0.090000004,0.090000004,0,0,0
69.35,0,0,0,0,1925,2089,2021,1826,0.02,-0.039999999,0.150000006,0,0,0
69.36,0,0,0,0,1925,2089,2021,1826,-0.039999999,0.01,-0.090000004,0,0,0
69.37,0,0,0,0,1925,2089,2021,1826,-0.01,0.050000001,-0.230000004,0,0,0
69.38,0,0,0,0,1925,2089,2020,1826,0,-0.02,0.109999999,0,0,0
69.39,0,0,0,0,1925,2089,2021,1825,-0.07,-0.050000001,-0.029999999,0,0,0
69.4,0,0,0,0,1925,2089,2021,1826,-0.059999999,0.039999999,-0.219999999,0,0,0
69.41,0,0,0,0,1925,2089,2021,1826,0.01,0.029999999,-0.039999999,0,0,0
69.42,0,0,0,0,1925,2089,2021,1826,-0.090000004,-0.039999999,-0.07,0,0,0
69.43,0,0,0,0,1925,2089,2021,1826,0.02,-0.039999999,0.150000006,0,0,0
69.44,0,0,0,0,1925,2089,2020,1826,0,-0.059999999,0.180000007,0,0,0
69.45,0,0,0,0,1925,2089,2021,1826,-0.109999999,-0.050000001,0.02,0,0,0
69.46,0,0,0,0,1925,2089,2020,1826,-0.039999999,0.050000001,0,0,0,0
69.47,0,0,0,0,1925,2089,2020,1825,0,0.059999999,0.150000006,0,0,0
69.48,0,0,0,0,1925,2089,2021,1826,-0.059999999,-0.07,0.109999999,0,0,0
69.49,0,0,0,0,1925,2089,2021,1826,-0.01,0.180000007,-0.090000004,0,0,0
69.5,0,0,0,0,1925,2089,2021,1825,-0.02,0.059999999,0,0,0,0
69.51,0,0,0,0,1925,2089,2020,1826,-0.090000004,-0.01,-0.050000001,0,0,0
69.52,0,0,0,0,1925,2089,2021,1826,-0.079999998,0.059999999,-0.150000006,0,0,0
69.53,0,0,0,0,1926,2089,2021,1826,0.039999999,-0.01,-0.01,0,0,0
69.54,0,0,0,0,1925,2089,2020,1826,0.02,0.029999999,0.140000001,0,0,0
69.55,0,0,0,0,1926,2089,2021,1826,-0.029999999,-0.159999996,-0.140000001,0,0,0
69.56,0,0,0,0,1925,2089,2021,1826,0.01,0.02,-0.059999999,0,0,0
69.57,0,0,0,0,1925,2089,2020,1826,0.029999999,-0.140000001,0.140000001,0,0,0
69.58,0,0,0,0,1925,2089,2021,1826,-0.039999999,-0.200000003,0.090000004,0,0,0
69.59,0,0,0,0,1926,2089,2021,1826,0,0.02,-0.100000002,0,0,0
69.6,0,0,0,0,1925,2089,2021,1826,0.029999999,-0.02,-0.01,0,0,0
69.61,0,0,0,0,1926,2089,2021,1826,-0.059999999,-0.01,0.039999999,0,0,0
69.62,0,0,0,0,1925,2089,2021,1826,-0.059999999,-0.07,-0.159999996,0,0,0
69.63,0,0,0,0,1926,2089,2020,1826,-0.02,0.170000002,-0.029999999,0,0,0
69.64,0,0,0,0,1926,2089,2021,1826,0.02,0.029999999,0.090000004,0,0,0
69.65,0,0,0,0,1925,2089,2021,1826,-0.090000004,0.02,-0.079999998,0,0,0
69.66,0,0,0,0,1925,2089,2021,1826,-0.100000002,0.129999995,-0.150000006,0,0,0
69.67,0,0,0,0,1925,2089,2021,1826,0.01,0.02,0.189999998,0,0,0
69.68,0,0,0,0,1925,2089,2021,1826,-0.07,-0.039999999,0.109999999,0,0,0
69.69,0,0,0,0,1925,2089,2021,1826,-0.050000001,-0.029999999,-0.050000001,0,0,0
69.7,0,0,0,0,1926,2089,2021,1826,-0.02,0.039999999,-0.029999999,0,0,0
69.71,0,0,0,0,1925,2089,2021,1826,-0.01,-0.150000006,0.100000002,0,0,0
69.72,0,0,0,0,1926,2089,2021,1826,-0.02,-0.109999999,0.01,0,0,0
69.73,0,0,0,0,1925,2089,2021,1826,0.029999999,0.059999999,-0.090000004,0,0,0
69.74,0,0,0,0,1926,2089,2020,1826,0.039999999,-0.07,0.119999997,0,0,0
69.75,0,0,0,0,1925,2089,2021,1825,-0.02,0,-0.07,0,0,0
69.76,0,0,0,0,1926,2089,2020,1825,-0.039999999,0.02,-0.100000002,0,0,0
69.77,0,0,0,0,1925,2089,2020,1826,0.02,0.01,0.079999998,0,0,0
69.78,0,0,0,0,1926,2089,2021,1826,-0.039999999,-0.01,0.119999997,0,0,0
69.79,0,0,0,0,1925,2089,2021,1826,-0.02,0.050000001,-0.059999999,0,0,0
69.8,0,0,0,0,1926,2089,2020,1826,-0.050000001,0.119999997,-0.02,0,0,0
69.81,0,0,0,0,1926,2089,2021,1826,-0.01,-0.140000001,0.109999999,0,0,0
69.82,0,0,0,0,1926,2089,2021,1826,-0.07,-0.039999999,0,0,0,0
69.83,0,0,0,0,1926,2089,2021,1826,-0.029999999,0,-0.079999998,0,0,0
69.84,0,0,0,0,1926,2089,2021,1826,0.029999999,-0.039999999,0,0,0,0
69.85,0,0,0,0,1925,2089,2021,1826,-0.050000001,-0.079999998,-0.109999999,0,0,0
69.86,0,0,0,0,1925,2089,2021,1826,0,-0.059999999,-0.129999995,0,0,0
69.87,0,0,0,0,1926,2089,2021,1826,0.029999999,0.039999999,0.029999999,0,0,0
69.88,0,0,0,0,1925,2089,2020,1826,-0.01,-0.150000006,0.059999999,0,0,0
69.89,0,0,0,0,1925,2089,2021,1826,-0.029999999,0.039999999,-0.059999999,0,0,0
69.9,0,0,0,0,1925,2089,2021,1826,0,0.129999995,-0.02,0,0,0
69.91,0,0,0,0,1926,2089,2021,1826,-0.01,0.01,0.079999998,0,0,0
69.92,0,0,0,0,1925,2089,2021,1826,-0.079999998,0,-0.129999995,0,0,0
69.93,0,0,0,0,1926,2089,2021,1826,-0.02,0.119999997,0,0,0,0
69.94,0,0,0,0,1925,2089,2020,1826,0,0.039999999,-0.01,0,0,0
69.95,0,0,0,0,1925,2088,2021,1826,-0.07,-0.109999999,0,0,0,0
69.96,0,0,0,0,1925,2089,2021,1826,-0.039999999,0,-0.039999999,0,0,0
69.97,0,0,0,0,1926,2089,2021,1826,-0.039999999,0,-0.039999999,0,0,0
69.98,0,0,0,0,1925,2089,2021,1826,0,-0.170000002,0.140000001,0,0,0
69.99,0,0,0,0,1926,2089,2021,1826,-0.02,-0.050000001,-0.050000001,0,0,0
70,0,0,0,0,1925,2089,2021,1826,-0.029999999,0,-0.079999998,0,0,0
70.01,0,0,0,0,1926,2089,2021,1826,0,-0.02,0.200000003,0,0,0
70.02,0,0,0,0,1925,2089,2021,1826,-0.059999999,-0.109999999,0.039999999,0,0,0
70.03,0,0,0,0,1926,2089,2020,1826,-0.07,0.129999995,-0.109999999,0,0,0
70.04,0,0,0,0,1926,2089,2021,1826,0,0.079999998,0.01,0,0,0
70.05,0,0,0,0,1925,2089,2021,1826,-0.07,0.02,0.02,0,0,0
70.06,0,0,0,0,1926,2089,2021,1826,-0.050000001,0.050000001,-0.01,0,0,0
70.07,0,0,0,0,1926,2089,2021,1826,0.01,0.059999999,-0.039999999,0,0,0
70.08,0,0,0,0,1925,2089,2021,1826,0,0.039999999,0.200000003,0,0,0
70.09,0,0,0,0,1926,2089,2020,1827,-0.050000001,-0.039999999,-0.039999999,0,0,0
70.1,0,0,0,0,1926,2089,2021,1826,-0.029999999,0.119999997,-0.129999995,0,0,0
70.11,0,0,0,0,1925,2090,2020,1826,0.01,-0.079999998,0.150000006,0,0,0
70.12,0,0,0,0,1926,2089,2021,1826,-0.059999999,-0.090000004,0.07,0,0,0
70.13,0,0,0,0,1926,2089,2021,1826,-0.02,-0.029999999,-0.119999997,0,0,0
70.14,0,0,0,0,1925,2089,2021,1826,0.01,-0.01,-0.02,0,0,0
70.15,0,0,0,0,1925,2089,2020,1826,-0.029999999,-0.090000004,0.02,0,0,0
70.16,0,0,0,0,1926,2089,2021,1826,-0.029999999,-0.090000004,-0.059999999,0,0,0
70.17,0,0,0,0,1925,2089,2020,1826,0.02,0.050000001,-0.059999999,0,0,0
70.18,0,0,0,0,1926,2089,2021,1827,0.029999999,-0.050000001,0.050000001,0,0,0
70.19,0,0,0,0,1925,2089,2021,1826,-0.059999999,0,-0.090000004,0,0,0
70.2,0,0,0,0,1926,2089,2021,1826,-0.01,0.07,-0.200000003,0,0,0
70.21,0,0,0,0,1925,2089,2021,1826,-0.01,0.07,-0.200000003,0,0,0
70.22,0,0,0,0,1926,2089,2021,1826,-0.02,-0.02,0.02,0,0,0
70.23,0,0,0,0,1925,2089,2021,1826,-0.029999999,0.07,-0.129999995,0,0,0
70.24,0,0,0,0,1925,2089,2021,1827,-0.01,0.100000002,-0.059999999,0,0,0
70.25,0,0,0,0,1926,2089,2021,1826,-0.01,0.100000002,-0.059999999,0,0,0
70.26,0,0,0,0,1926,2089,2021,1826,-0.059999999,-0.090000004,-0.029999999,0,0,0
70.27,0,0,0,0,1925,2089,2021,1826,0,0,0.02,0,0,0
70.28,0,0,0,0,1925,2089,2021,1826,0.029999999,-0.079999998,0.119999997,0,0,0
70.29,0,0,0,0,1925,2089,2021,1826,-0.039999999,-0.059999999,-0.090000004,0,0,0
70.3,0,0,0,0,1926,2089,2021,1826,-0.050000001,-0.039999999,-0.150000006,0,0,0
70.31,0,0,0,0,1925,2089,2021,1827,-0.029999999,0.039999999,0.090000004,0,0,0
70.32,0,0,0,0,1926,2089,2021,1826,-0.059999999,-0.059999999,0.039999999,0,0,0
70.33,0,0,0,0,1926,2089,2021,1826,-0.07,0.039999999,-0.059999999,0,0,0
70.34,0,0,0,0,1925,2089,2021,1826,-0.050000001,0.07,-0.01,0,0,0
70.35,0,0,0,0,1926,2089,2021,1826,-0.07,-0.02,0.170000002,0,0,0
70.36,0,0,0,0,1926,2089,2021,1826,-0.100000002,0,0,0,0,0
70.37,0,0,0,0,1925,2089,2021,1826,0,0.07,-0.029999999,0,0,0
70.38,0,0,0,0,1926,2089,2021,1826,0.01,0.01,0.100000002,0,0,0
70.39,0,0,0,0,1926,2089,2021,1826,-0.02,-0.109999999,0.01,0,0,0
70.4,0,0,0,0,1925,2089,2020,1826,-0.029999999,0,-0.07,0,0,0
70.41,0,0,0,0,1926,2089,2021,1826,0.059999999,-0.050000001,0.129999995,0,0,0
70.42,0,0,0,0,1926,2089,2021,1826,0.039999999,-0.090000004,0.140000001,0,0,0
70.43,0,0,0,0,1926,2089,2021,1826,0.039999999,-0.090000004,0.140000001,0,0,0
70.44,0,0,0,0,1926,2089,2021,1826,-0.02,0.01,-0.129999995,0,0,0
70.45,0,0,0,0,1925,2089,2021,1826,-0.029999999,-0.02,0.109999999,0,0,0
70.46,0,0,0,0,1925,2089,2021,1826,-0.079999998,-0.07,0,0,0,0
70.47,0,0,0,0,1926,2088,2021,1826,-0.079999998,-0.07,0,0,0,0
70.48,0,0,0,0,1925,2089,2021,1826,-0.02,0.050000001,0.090000004,0,0,0
70.49,0,0,0,0,1926,2089,2021,1826,-0.02,0.050000001,0.090000004,0,0,0
70.5,0,0,0,0,1925,2089,2021,1826,-0.07,0.039999999,-0.059999999,0,0,0
70.51,0,0,0,0,1925,2089,2021,1826,0.029999999,-0.02,0.01,0,0,0
70.52,0,0,0,0,1926,2089,2021,1827,0,0,0.140000001,0,0,0
70.53,0,0,0,0,1926,2089,2021,1826,-0.059999999,-0.100000002,-0.129999995,0,0,0
70.54,0,0,0,0,1925,2089,2021,1826,0,0.090000004,-0.129999995,0,0,0
70.55,0,0,0,0,1925,2089,2021,1826,0.02,-0.079999998,0.119999997,0,0,0
70.56,0,0,0,0,1925,2089,2021,1826,-0.02,-0.140000001,0.039999999,0,0,0
70.57,0,0,0,0,1925,2089,2021,1826,-0.01,0.02,-0.129999995,0,0,0
70.58,0,0,0,0,1926,2089,2021,1827,0.02,-0.02,0.029999999,0,0,0
70.59,0,0,0,0,1926,2089,2021,1826,-0.090000004,-0.059999999,-0.029999999,0,0,0
70.6,0,0,0,0,1925,2089,2021,1826,-0.029999999,-0.050000001,-0.140000001,0,0,0
70.61,0,0,0,0,1926,2089,2021,1826,0.02,0.079999998,0.029999999,0,0,0
70.62,0,0,0,0,1925,2089,2021,1826,0,-0.07,0.109999999,0,0,0
70.63,0,0,0,0,1925,2089,2021,1826,0,-0.07,0.109999999,0,0,0
70.64,0,0,0,0,1926,2089,2021,1826,-0.01,0.109999999,-0.100000002,0,0,0
70.65,0,0,0,0,1926,2089,2021,1826,0,-0.039999999,0.109999999,0,0,0
70.66,0,0,0,0,1925,2089,2021,1826,0,-0.039999999,0.109999999,0,0,0
70.67,0,0,0,0,1926,2089,2021,1826,0,0.039999999,-0.090000004,0,0,0
70.68,0,0,0,0,1925,2089,2021,1826,0.02,0.059999999,-0.090000004,0,0,0
70.69,0,0,0,0,1926,2089,2021,1827,-0.029999999,-0.109999999,0.109999999,0,0,0
70.7,0,0,0,0,1926,2089,2021,1826,-0.02,-0.079999998,-0.140000001,0,0,0
70.71,0,0,0,0,1926,2089,2021,1826,-0.02,-0.079999998,-0.140000001,0,0,0
70.72,0,0,0,0,1925,2090,2021,1826,0.02,-0.100000002,0.209999993,0,0,0
70.73,0,0,0,0,1926,2090,2021,1826,0.02,-0.100000002,0.209999993,0,0,0
70.74,0,0,0,0,1926,2089,2021,1826,-0.059999999,-0.079999998,-0.029999999,0,0,0
70.75,0,0,0,0,1926,2090,2020,1826,0.01,0,0.150000006,0.01,0,0
70.76,0,0,0,0,1926,2089,2021,1826,-0.079999998,-0.129999995,0.059999999,0,0,0
70.77,0,0,0,0,1925,2089,2021,1826,-0.079999998,-0.129999995,0.059999999,0,0,0
70.78,0,0,0,0,1925,2089,2021,1826,-0.039999999,0.059999999,-0.079999998,0,0,0
70.79,0,0,0,0,1926,2089,2021,1826,-0.039999999,0.059999999,-0.079999998,0,0,0
70.8,0,0,0,0,1925,2089,2021,1826,-0.039999999,0,-0.059999999,0,0,0
70.81,0,0,0,0,1926,2090,2021,1827,0,0.079999998,0,0,0,0
70.82,0,0,0,0,1926,2089,2021,1826,0.01,0.02,0.170000002,0,0,0
70.83,0,0,0,0,1925,2089,2021,1826,-0.039999999,-0.079999998,0,0,0,0
70.84,0,0,0,0,1926,2089,2021,1826,-0.029999999,0.109999999,-0.059999999,0,0,0
70.85,0,0,0,0,1925,2089,2021,1826,0.029999999,-0.059999999,0.140000001,0,0,0
70.86,0,0,0,0,1925,2089,2021,1827,-0.050000001,-0.119999997,0.100000002,0,0,0
70.87,0,0,0,0,1926,2089,2020,1826,-0.02,0.01,-0.119999997,0,0,0
70.88,0,0,0,0,1926,2089,2021,1826,0,0.029999999,-0.02,0,0,0
70.89,0,0,0,0,1925,2090,2021,1826,-0.079999998,-0.07,0.039999999,0,0,0
70.9,0,0,0,0,1926,2089,2021,1827,-0.07,-0.050000001,-0.050000001,0,0,0
70.91,0,0,0,0,1925,2089,2021,1826,-0.02,0.07,-0.07,0,0,0
70.92,0,0,0,0,1926,2090,2021,1827,-0.02,-0.01,0.180000007,0,0,0
70.93,0,0,0,0,1926,2089,2021,1827,-0.02,-0.01,0.180000007,0,0,0
70.94,0,0,0,0,1926,2089,2021,1826,-0.059999999,0.039999999,-0.119999997,0,0,0
70.95,0,0,0,0,1925,2089,2020,1826,0,0.029999999,0.039999999,0,0,0
70.96,0,0,0,0,1926,2089,2020,1827,0,0.029999999,0.039999999,0,0,0
70.97,0,0,0,0,1925,2089,2021,1826,-0.050000001,0,-0.090000004,0,0,0
70.98,0,0,0,0,1925,2089,2020,1826,0,0.079999998,-0.119999997,0,0,0
70.99,0,0,0,0,1926,2089,2021,1826,-0.01,-0.100000002,0.07,0,0,0
71,0,0,0,0,1925,2090,2021,1827,-0.02,-0.050000001,-0.029999999,0,0,0
71.01,0,0,0,0,1926,2089,2021,1827,-0.01,-0.02,-0.150000006,0,0,0
71.02,0,0,0,0,1926,2089,2021,1827,0.07,-0.039999999,0.079999998,0,0,0
71.03,0,0,0,0,1925,2089,2021,1827,-0.01,-0.050000001,0.090000004,0,0,0
71.04,0,0,0,0,1926,2089,2021,1827,0.01,-0.050000001,-0.090000004,0,0,0
71.05,0,0,0,0,1926,2089,2021,1827,0.01,-0.050000001,-0.090000004,0,0,0
71.06,0,0,0,0,1925,2090,2021,1827,-0.050000001,-0.129999995,0.07,0,0,0
71.07,0,0,0,0,1925,2090,2021,1827,-0.050000001,-0.129999995,0.07,0,0,0
71.08,0,0,0,0,1926,2089,2021,1826,-0.079999998,0.059999999,-0.109999999,0,0,0
71.09,0,0,0,0,1925,2090,2021,1827,-0.07,0.01,0.100000002,0,0,0
71.1,0,0,0,0,1926,2090,2021,1827,-0.07,0.01,0.100000002,0,0,0
71.11,0,0,0,0,1926,2089,2021,1827,-0.079999998,-0.029999999,-0.029999999,0,0,0
71.12,0,0,0,0,1925,2090,2021,1827,0,0.079999998,0.02,0,0,0
71.13,0,0,0,0,1926,2089,2021,1827,0,0.079999998,0.02,0,0,0
71.14,0,0,0,0,1925,2089,2021,1826,-0.059999999,0.02,-0.059999999,0,0,0
71.15,0,0,0,0,1925,2090,2021,1827,0.029999999,-0.029999999,0.200000003,0,0,0
71.16,0,0,0,0,1926,2089,2020,1827,0.029999999,-0.029999999,0.200000003,0,0,0
71.17,0,0,0,0,1926,2089,2021,1826,-0.07,-0.050000001,-0.050000001,0,0,0
71.18,0,0,0,0,1926,2090,2020,1826,-0.02,-0.029999999,-0.129999995,0,0,0
71.19,0,0,0,0,1926,2089,2020,1827,-0.039999999,-0.029999999,0.090000004,0,0,0
71.2,0,0,0,0,1925,2090,2021,1826,-0.029999999,-0.150000006,-0.02,0,0,0
71.21,0,0,0,0,1926,2089,2021,1827,-0.07,0.129999995,-0.129999995,0,0,0
71.22,0,0,0,0,1926,2089,2021,1826,0.01,-0.01,0.090000004,0,0,0
71.23,0,0,0,0,1926,2090,2021,1826,-0.07,0.01,0.090000004,0,0,0
71.24,0,0,0,0,1926,2090,2020,1827,-0.100000002,0.02,-0.039999999,0,0,0
71.25,0,0,0,0,1926,2089,2021,1826,0.02,0.100000002,0.109999999,0,0,0
71.26,0,0,0,0,1925,2089,2021,1826,-0.02,0.059999999,0.230000004,0,0,0
71.27,0,0,0,0,1925,2089,2021,1827,-0.090000004,-0.02,-0.079999998,0,0,0
71.28,0,0,0,0,1926,2089,2021,1826,-0.029999999,0.090000004,-0.150000006,0,0,0
71.29,0,0,0,0,1926,2090,2021,1826,0,-0.079999998,0.129999995,0,0,0
71.3,0,0,0,0,1925,2090,2021,1827,0,-0.079999998,0.129999995,0,0,0
71.31,0,0,0,0,1926,2089,2021,1826,0.039999999,-0.02,-0.090000004,0,0,0
71.32,0,0,0,0,1925,2090,2021,1826,0.039999999,-0.029999999,0.050000001,0,0,0
71.33,0,0,0,0,1926,2090,2021,1826,0.039999999,-0.029999999,0.050000001,0,0,0
71.34,0,0,0,0,1926,2089,2021,1826,-0.050000001,-0.059999999,-0.100000002,0,0,0
71.35,0,0,0,0,1925,2089,2021,1826,-0.050000001,-0.059999999,-0.100000002,0,0,0
71.36,0,0,0,0,1926,2089,2021,1826,0,-0.100000002,0.189999998,-0.01,0,0
71.37,0,0,0,0,1926,2089,2021,1826,0,-0.100000002,0.189999998,0,0,0
71.38,0,0,0,0,1926,2089,2021,1826,-0.059999999,0.01,-0.050000001,0,0,0
71.39,0,0,0,0,1926,2090,2021,1826,-0.039999999,0.029999999,-0.079999998,0,0,0
71.4,0,0,0,0,1926,2089,2021,1826,-0.039999999,0,0.109999999,0,0,0
71.41,0,0,0,0,1926,2089,2021,1826,-0.050000001,0.109999999,-0.159999996,0,0,0
71.42,0,0,0,0,1926,2089,2021,1827,-0.01,0.07,-0.039999999,0,0,0
71.43,0,0,0,0,1926,2089,2021,1826,-0.02,-0.07,0.07,0,0,0
71.44,0,0,0,0,1925,2089,2021,1826,-0.07,-0.050000001,-0.059999999,0,0,0
71.45,0,0,0,0,1926,2089,2021,1826,-0.07,-0.050000001,-0.059999999,0,0,0
71.46,0,0,0,0,1925,2089,2021,1825,0.01,-0.02,0.109999999,0,0,0
71.47,0,0,0,0,1925,2089,2021,1826,-0.059999999,-0.129999995,-0.059999999,0,0,0
71.48,0,0,0,0,1926,2089,2021,1826,0,-0.039999999,-0.200000003,0,0,0
71.49,0,0,0,0,1926,2090,2021,1826,0,-0.039999999,0.159999996,0,0,0
71.5,0,0,0,0,1926,2089,2021,1826,-0.02,-0.150000006,0.109999999,0,0,0
71.51,0,0,0,0,1926,2089,2021,1826,-0.050000001,0.059999999,-0.129999995,0,0,0
71.52,0,0,0,0,1925,2089,2021,1826,-0.029999999,0.02,-0.050000001,0,0,0
71.53,0,0,0,0,1925,2089,2021,1826,-0.029999999,0.02,-0.050000001,0,0,0
71.54,0,0,0,0,1926,2089,2021,1826,-0.100000002,0,0,0,0,0
71.55,0,0,0,0,1925,2089,2021,1826,-0.039999999,0.150000006,-0.029999999,0,0,0
71.56,0,0,0,0,1926,2089,2021,1826,-0.029999999,0.109999999,0.209999993,0,0,0
71.57,0,0,0,0,1926,2089,2021,1826,-0.07,-0.059999999,-0.029999999,0,0,0
71.58,0,0,0,0,1925,2089,2021,1826,-0.100000002,0.129999995,-0.270000011,0,0,0
71.59,0,0,0,0,1926,2089,2020,1827,-0.01,-0.02,0.079999998,0,0,0
71.6,0,0,0,0,1926,2089,2021,1826,-0.079999998,-0.050000001,0.259999991,-0.01,0,0
71.61,0,0,0,0,1925,2090,2021,1827,0,0,-0.07,-0.01,0,0
71.62,0,0,0,0,1926,2089,2021,1827,0.02,-0.01,0.079999998,0,0,0
71.63,0,0,0,0,1926,2089,2021,1827,0.050000001,-0.140000001,0.150000006,0,0,0
71.64,0,0,0,0,1926,2089,2021,1827,0.050000001,-0.140000001,0.150000006,-0.01,0,0
71.65,0,0,0,0,1925,2089,2021,1827,0.090000004,0.079999998,-0.050000001,0,0,0
71.66,0,0,0,0,1925,2089,2021,1827,0.090000004,0.079999998,-0.050000001,0,0,0
71.67,0,0,0,0,1925,2089,2021,1826,0.07,-0.07,0.140000001,0,0,0
71.68,0,0,0,0,1926,2089,2021,1826,-0.050000001,0.02,-0.219999999,0,0,0
71.69,0,0,0,0,1925,2089,2021,1826,0,0.07,0.02,0,0,0
71.7,0,0,0,0,1925,2089,2021,1826,0,0.07,0.02,0,0,0
71.71,0,0,0,0,1926,2089,2021,1826,-0.059999999,-0.02,-0.310000002,0,0,0
71.72,0,0,0,0,1926,2089,2021,1826,-0.029999999,0.119999997,-0.170000002,0,0,0
71.73,0,0,0,0,1925,2090,2020,1827,-0.02,-0.150000006,0.170000002,0,0,0
71.74,0,0,0,0,1926,2089,2021,1827,-0.059999999,-0.050000001,-0.01,0,0,0
71.75,0,0,0,0,1926,2089,2021,1826,-0.059999999,-0.050000001,-0.01,0,0,0
71.76,0,0,0,0,1925,2090,2021,1826,-0.039999999,0,-0.050000001,0.01,0,0
71.77,0,0,0,0,1926,2089,2021,1826,-0.059999999,-0.079999998,0.029999999,0,0,0
71.78,0,0,0,0,1926,2090,2021,1826,0,-0.119999997,-0.150000006,0,0,0
71.79,0,0,0,0,1925,2090,2020,1827,0,-0.029999999,0.119999997,0,0,0
71.8,0,0,0,0,1926,2089,2021,1827,-0.02,-0.159999996,0.07,0,0,0
71.81,0,0,0,0,1925,2090,2021,1826,-0.050000001,0.050000001,-0.07,0,0,0
71.82,0,0,0,0,1926,2090,2021,1827,0,0.07,-0.170000002,0,0,0
71.83,0,0,0,0,1926,2089,2021,1826,0,0.07,-0.170000002,0,0,0
71.84,0,0,0,0,1925,2090,2021,1826,-0.100000002,0.01,-0.01,0,0,0
71.85,0,0,0,0,1925,2090,2021,1827,-0.01,0.109999999,-0.119999997,0,0,0
71.86,0,0,0,0,1926,2089,2021,1826,0.02,0.059999999,0,0,0,0
71.87,0,0,0,0,1925,2090,2021,1826,-0.07,-0.109999999,0.050000001,0,0,0
71.88,0,0,0,0,1926,2090,2021,1827,0,0,-0.050000001,0,0,0
71.89,0,0,0,0,1926,2089,2021,1827,0,0,-0.050000001,0,0,0
71.9,0,0,0,0,1925,2090,2021,1827,0.039999999,-0.050000001,0.109999999,0,0,0
71.91,0,0,0,0,1926,2089,2021,1827,-0.02,-0.050000001,-0.029999999,0,0,0
71.92,0,0,0,0,1926,2089,2022,1827,-0.02,0,-0.059999999,0,0,0
71.93,0,0,0,0,1925,2090,2021,1827,0.01,-0.059999999,0.180000007,0,0,0
71.94,0,0,0,0,1925,2089,2021,1827,-0.079999998,-0.090000004,0.119999997,0,0,0
71.95,0,0,0,0,1926,2090,2021,1826,-0.07,0.129999995,-0.119999997,0,0,0
71.96,0,0,0,0,1925,2090,2021,1826,-0.039999999,0.059999999,0.050000001,0,0,0
71.97,0,0,0,0,1926,2089,2021,1827,-0.090000004,-0.02,0,0,0,0
71.98,0,0,0,0,1925,2089,2021,1826,-0.090000004,0.01,-0.090000004,0,0,0
71.99,0,0,0,0,1926,2090,2021,1827,0.01,-0.01,-0.050000001,0,0,0
72,0,0,0,0,1926,2089,2021,1827,0.039999999,-0.01,0.059999999,0,0,0
72.01,0,0,0,0,1926,2090,2022,1826,0.039999999,-0.01,0.059999999,0,0,0
72.02,0,0,0,0,1925,2090,2021,1826,0.01,0.01,-0.100000002,0,0,0
72.03,0,0,0,0,1926,2089,2021,1827,0.01,0.01,-0.100000002,0,0,0
72.04,0,0,0,0,1925,2089,2021,1827,-0.029999999,-0.170000002,0.02,0,0,0
72.05,0,0,0,0,1925,2089,2021,1826,0.039999999,0.02,-0.129999995,0,0,0
72.06,0,0,0,0,1926,2089,2021,1826,0.029999999,-0.029999999,-0.039999999,0,0,0
72.07,0,0,0,0,1926,2090,2021,1826,-0.059999999,-0.029999999,0.02,0,0,0
72.08,0,0,0,0,1926,2090,2020,1827,-0.039999999,-0.01,-0.100000002,0,0,0
72.09,0,0,0,0,1926,2089,2021,1827,0,0.109999999,0.01,0,0,0
72.1,0,0,0,0,1925,2090,2021,1826,0.01,0.01,0.129999995,0,0,0
72.11,0,0,0,0,1926,2089,2021,1827,-0.059999999,0,0,0,0,0
72.12,0,0,0,0,1926,2090,2021,1826,-0.07,0.059999999,-0.150000006,0,0,0
72.13,0,0,0,0,1925,2090,2021,1826,0,-0.050000001,0.129999995,0,0,0
72.14,0,0,0,0,1926,2090,2021,1827,-0.059999999,-0.039999999,0.059999999,0,0,0
72.15,0,0,0,0,1926,2089,2021,1826,-0.029999999,0.01,-0.050000001,0,0,0
72.16,0,0,0,0,1925,2090,2021,1826,0,0,-0.039999999,0,0,0
72.17,0,0,0,0,1926,2089,2021,1827,0,0,-0.039999999,0,0,0
72.18,0,0,0,0,1926,2089,2021,1826,-0.059999999,-0.140000001,0,0,0,0
72.19,0,0,0,0,1926,2090,2021,1826,-0.02,0.059999999,0,0,0,0
72.2,0,0,0,0,1926,2089,2021,1827,0.01,-0.090000004,0.129999995,0,0,0
72.21,0,0,0,0,1926,2090,2021,1826,-0.059999999,0,-0.07,0,0,0
72.22,0,0,0,0,1925,2090,2021,1827,-0.050000001,0,-0.140000001,0,0,0
72.23,0,0,0,0,1926,2089,2021,1827,-0.050000001,0,-0.140000001,0,0,0
72.24,0,0,0,0,1926,2090,2021,1826,-0.059999999,-0.01,0.140000001,0,0,0
72.25,0,0,0,0,1926,2090,2020,1827,-0.029999999,0.039999999,-0.029999999,0,0,0
72.26,0,0,0,0,1926,2089,2021,1826,-0.039999999,0.159999996,0.02,0,0,0
72.27,0,0,0,0,1925,2090,2021,1827,-0.039999999,0.159999996,0.02,0,0,0
72.28,0,0,0,0,1926,2089,2021,1827,-0.150000006,0,-0.01,0,0,0
72.29,0,0,0,0,1926,2089,2021,1827,-0.029999999,0.02,-0.090000004,0,0,0
72.3,0,0,0,0,1926,2089,2021,1826,-0.029999999,0.01,0.07,0,0,0
72.31,0,0,0,0,1926,2089,2020,1827,-0.029999999,0.01,0.07,0,0,0
72.32,0,0,0,0,1926,2088,2021,1826,-0.050000001,-0.07,-0.170000002,0,0,0
72.33,0,0,0,0,1925,2089,2021,1827,0,-0.01,0.01,0,0,0
72.34,0,0,0,0,1925,2088,2021,1827,0.029999999,-0.150000006,0.109999999,0,0,0
72.35,0,0,0,0,1926,2088,2021,1826,-0.01,0.039999999,-0.209999993,0,0,0
72.36,0,0,0,0,1925,2089,2021,1826,0.090000004,-0.059999999,-0.129999995,0,0,0
72.37,0,0,0,0,1926,2089,2021,1826,0.090000004,-0.059999999,-0.129999995,0,0,0
72.38,0,0,0,0,1926,2088,2021,1826,0.07,-0.100000002,-0.02,0,0,0
72.39,0,0,0,0,1925,2089,2021,1826,0.07,0,-0.050000001,0,0,0
72.4,0,0,0,0,1926,2089,2021,1827,0.119999997,0.039999999,0.050000001,0,0,0
72.41,0,0,0,0,1926,2089,2021,1826,0.039999999,-0.100000002,0.039999999,0,0,0
72.42,0,0,0,0,1926,2090,2020,1826,-0.039999999,0,-0.029999999,0,0,0
72.43,0,0,0,0,1926,2090,2021,1826,-0.039999999,0,-0.029999999,0,0,0
72.44,0,0,0,0,1926,2089,2021,1826,0,0,0.239999995,0,0,0
72.45,0,0,0,0,1925,2090,2021,1826,-0.07,0.050000001,-0.050000001,0,0,0
72.46,0,0,0,0,1926,2090,2021,1826,0,0.07,-0.090000004,0,0,0
72.47,0,0,0,0,1925,2090,2021,1825,-0.01,0.050000001,0.029999999,0,0,0
72.48,0,0,0,0,1925,2090,2020,1826,-0.029999999,-0.059999999,-0.07,0,0,0
72.49,0,0,0,0,1926,2089,2021,1826,-0.029999999,-0.059999999,-0.07,0,0,0
72.5,0,0,0,0,1925,2090,2021,1826,0.02,0.02,-0.090000004,0,0,0
72.51,0,0,0,0,1925,2089,2020,1826,-0.029999999,-0.029999999,0,0,0,0
72.52,0,0,0,0,1925,2089,2021,1826,-0.029999999,0,-0.129999995,0,0,0
72.53,0,0,0,0,1925,2089,2021,1826,0.039999999,-0.029999999,0.029999999,0,0,0
72.54,0,0,0,0,1925,2090,2020,1826,-0.050000001,-0.039999999,0.200000003,0,0,0
72.55,0,0,0,0,1926,2089,2021,1826,-0.07,-0.129999995,-0.050000001,0,0,0
72.56,0,0,0,0,1925,2089,2021,1826,-0.129999995,0.059999999,-0.01,0,0,0
72.57,0,0,0,0,1925,2089,2020,1826,-0.090000004,-0.029999999,0.050000001,0,0,0
72.58,0,0,0,0,1925,2089,2021,1826,-0.119999997,-0.050000001,0.090000004,0,0,0
72.59,0,0,0,0,1925,2090,2021,1825,-0.159999996,0.100000002,-0.239999995,0,0,0
72.6,0,0,0,0,1925,2089,2020,1826,-0.100000002,-0.01,-0.090000004,0,0,0
72.61,0,0,0,0,1926,2089,2021,1825,-0.100000002,-0.01,-0.090000004,0,0,0
72.62,0,0,0,0,1925,2089,2021,1825,-0.109999999,-0.050000001,-0.200000003,0,0,0
72.63,0,0,0,0,1925,2088,2021,1826,-0.039999999,0,0,0,0,0
72.64,0,0,0,0,1925,2089,2021,1825,-0.01,-0.02,0.079999998,0,0,0
72.65,0,0,0,0,1925,2089,2020,1825,-0.109999999,-0.109999999,-0.090000004,0,0,0
72.66,0,0,0,0,1925,2088,2020,1826,-0.090000004,0.01,-0.119999997,0,0,0
72.67,0,0,0,0,1925,2088,2021,1825,-0.039999999,-0.07,0.140000001,0,0,0
72.68,0,0,0,0,1924,2088,2020,1826,-0.090000004,-0.090000004,0.079999998,0,0,0
72.69,0,0,0,0,1925,2088,2020,1826,-0.090000004,0,-0.090000004,0,0,0
72.7,0,0,0,0,1925,2088,2021,1826,-0.01,0.029999999,-0.02,0,0,0
72.71,0,0,0,0,1925,2088,2020,1826,-0.01,0.029999999,-0.02,0,0,0
72.72,0,0,0,0,1925,2088,2021,1826,-0.039999999,-0.039999999,0,0,0,0
72.73,0,0,0,0,1925,2089,2021,1826,0.02,0.100000002,-0.01,0,0,0
72.74,0,0,0,0,1925,2089,2020,1826,0.039999999,0.02,0.059999999,0,0,0
72.75,0,0,0,0,1925,2088,2021,1826,0.01,0.01,0.01,0,0,0
72.76,0,0,0,0,1925,2089,2021,1826,0.050000001,0.100000002,-0.140000001,0,0,0
72.77,0,0,0,0,1926,2089,2020,1826,0.050000001,0.100000002,-0.140000001,0,0,0
72.78,0,0,0,0,1926,2089,2020,1826,0.100000002,-0.01,0.07,-0.01,0,0
72.79,0,0,0,0,1926,2089,2021,1826,0.100000002,-0.01,0.07,-0.01,0,0
72.8,0,0,0,0,1927,2089,2021,1826,0.100000002,0,0.159999996,0,0,0
72.81,0,0,0,0,1927,2089,2021,1826,0.100000002,0,0.159999996,0,0,0
72.82,0,0,0,0,1927,2090,2021,1826,0,-0.119999997,0.119999997,0,0,0
72.83,0,0,0,0,1928,2090,2020,1826,0,-0.119999997,0.119999997,0,0,0
72.84,0,0,0,0,1927,2090,2021,1826,0.02,-0.090000004,0.090000004,0,0,0
72.85,0,0,0,0,1927,2090,2020,1825,0.02,-0.090000004,0.090000004,0,0,0
72.86,0,0,0,0,1927,2089,2020,1825,-0.079999998,0.02,-0.370000005,0,0,0
72.87,0,0,0,0,1927,2089,2021,1825,-0.079999998,0.02,-0.370000005,0,0,0
72.88,0,0,0,0,1927,2090,2020,1825,-0.050000001,0.07,-0.07,0,0,0
72.89,0,0,0,0,1927,2089,2020,1826,-0.109999999,0.07,-0.200000003,0,0,0
72.9,0,0,0,0,1927,2089,2021,1825,-0.100000002,0.170000002,-0.01,0,0,0
72.91,0,0,0,0,1927,2090,2020,1826,-0.079999998,-0.059999999,0.300000012,0,0,0
72.92,0,0,0,0,1927,2089,2021,1826,-0.150000006,-0.059999999,0.200000003,0,0,0
72.93,0,0,0,0,1927,2089,2021,1826,-0.150000006,-0.059999999,0.200000003,0,0,0
72.94,0,0,0,0,1927,2090,2020,1826,-0.039999999,-0.170000002,0.209999993,0,0,0
72.95,0,0,0,0,1927,2089,2020,1825,-0.100000002,-0.200000003,0.01,0,0,0
72.96,0,0,0,0,1927,2089,2021,1825,-0.050000001,-0.189999998,-0.100000002,0,0,0
72.97,0,0,0,0,1926,2089,2020,1826,-0.02,-0.01,-0.029999999,0,0,0
72.98,0,0,0,0,1927,2088,2021,1825,0,-0.059999999,0.02,0,0,0
72.99,0,0,0,0,1926,2089,2021,1825,0,-0.059999999,0.02,0,0,0
73,0,0,0,0,1926,2088,2020,1825,-0.029999999,0.170000002,-0.119999997,0,0,0
73.01,0,0,0,0,1926,2087,2021,1825,-0.029999999,0.170000002,-0.119999997,0,0,0
73.02,0,0,0,0,1925,2088,2020,1825,-0.07,0.119999997,0.039999999,0,0,0
73.03,0,0,0,0,1925,2088,2020,1826,-0.07,0.119999997,0.039999999,0,0,0
73.04,0,0,0,0,1925,2087,2021,1825,-0.029999999,0.100000002,0,0,0,0
73.05,0,0,0,0,1925,2088,2021,1825,-0.029999999,0.100000002,0,0,0,0
73.06,0,0,0,0,1925,2087,2020,1825,-0.119999997,-0.039999999,-0.150000006,0,0,0
73.07,0,0,0,0,1926,2087,2021,1825,-0.119999997,-0.039999999,-0.150000006,0,0,0
73.08,0,0,0,0,1925,2088,2020,1825,-0.01,-0.140000001,0.100000002,0,0,0
73.09,0,0,0,0,1927,2088,2021,1826,-0.01,-0.140000001,0.100000002,0,0,0
73.1,0,0,0,0,1927,2088,2021,1826,0.02,-0.100000002,-0.02,0,0,0
73.11,0,0,0,0,1927,2089,2021,1827,0.02,-0.100000002,-0.02,0,0,0
73.12,0,0,0,0,1927,2090,2021,1827,0.039999999,-0.129999995,-0.039999999,0,0,0
73.13,0,0,0,0,1928,2091,2021,1827,0.039999999,-0.129999995,-0.039999999,0,0,0
73.14,0,0,0,0,1927,2092,2021,1827,0.079999998,0.039999999,0.259999991,0,0,0
73.15,0,0,0,0,1928,2092,2021,1827,0.079999998,0.039999999,0.259999991,0,0,0
73.16,0,0,0,0,1928,2092,2021,1826,-0.029999999,0.109999999,0.119999997,0,0,0
73.17,0,0,0,0,1928,2092,2021,1826,-0.029999999,0.109999999,0.119999997,0,0,0
73.18,0,0,0,0,1928,2091,2021,1825,-0.01,0.07,0.029999999,0,0,0
73.19,0,0,0,0,1928,2092,2021,1825,-0.01,0.07,0.029999999,0,0,0
73.2,0,0,0,0,1928,2092,2020,1826,-0.039999999,-0.01,-0.319999993,0.01,0,0
73.21,0,0,0,0,1928,2091,2020,1826,-0.039999999,-0.01,-0.319999993,0.01,0,0
73.22,0,0,0,0,1927,2091,2021,1825,-0.059999999,-0.109999999,-0.02,0,0,0
73.23,0,0,0,0,1927,2091,2020,1826,-0.059999999,-0.109999999,-0.02,0,0,0
73.24,0,0,0,0,1928,2091,2021,1825,-0.07,-0.029999999,-0.01,0,0,0
73.25,0,0,0,0,1927,2091,2021,1825,-0.07,-0.029999999,-0.01,0,0,0
73.26,0,0,0,0,1928,2091,2020,1826,-0.079999998,-0.100000002,0.050000001,0,0,0
73.27,0,0,0,0,1928,2091,2021,1826,-0.079999998,-0.100000002,0.050000001,0,0,0
73.28,0,0,0,0,1927,2091,2021,1827,0.029999999,0.01,0.170000002,0,0,0
73.29,0,0,0,0,1928,2091,2020,1827,0.029999999,0.01,0.170000002,0,0,0
73.3,0,0,0,0,1928,2091,2021,1826,-0.029999999,0.090000004,-0.189999998,0,0,0
73.31,0,0,0,0,1928,2091,2021,1826,-0.029999999,0.090000004,-0.189999998,0,0,0
73.32,0,0,0,0,1928,2091,2021,1827,-0.029999999,0.07,0.079999998,0,0,0
73.33,0,0,0,0,1927,2091,2021,1826,-0.029999999,0.07,0.079999998,0,0,0
73.34,0,0,0,0,1927,2091,2020,1826,-0.039999999,0.039999999,0.039999999,0,0,0
73.35,0,0,0,0,1928,2090,2020,1826,-0.039999999,0.039999999,0.039999999,0,0,0
73.36,0,0,0,0,1928,2091,2021,1826,-0.059999999,-0.180000007,0.050000001,0,0,0
73.37,0,0,0,0,1928,2091,2020,1826,-0.059999999,-0.180000007,0.050000001,0,0,0
73.38,0,0,0,0,1928,2090,2020,1826,0,-0.079999998,0.119999997,0,0,0
73.39,0,0,0,0,1927,2091,2021,1826,0,-0.079999998,0.119999997,0,0,0
73.4,0,0,0,0,1927,2091,2021,1827,-0.02,0.01,-0.159999996,0,0,0
73.41,0,0,0,0,1928,2091,2021,1826,-0.02,0.01,-0.159999996,0,0,0
73.42,0,0,0,0,1928,2091,2021,1826,-0.02,0.029999999,0.079999998,0,0,0
73.43,0,0,0,0,1928,2091,2020,1826,-0.02,0.029999999,0.079999998,0,0,0
73.44,0,0,0,0,1928,2090,2021,1826,-0.01,0.150000006,-0.079999998,0,0,0
73.45,0,0,0,0,1927,2091,2021,1826,-0.01,0.150000006,-0.079999998,0,0,0
73.46,0,0,0,0,1928,2090,2020,1826,0.029999999,0,-0.039999999,0,0,0
73.47,0,0,0,0,1928,2090,2021,1826,0.029999999,0,-0.039999999,0,0,0
73.48,0,0,0,0,1927,2091,2020,1826,0.029999999,0,0.100000002,0,0,0
73.49,0,0,0,0,1928,2091,2020,1827,0.029999999,0,0.100000002,0,0,0
73.5,0,0,0,0,1928,2090,2021,1826,-0.01,-0.050000001,-0.109999999,0,0,0
73.51,0,0,0,0,1927,2091,2021,1826,-0.01,-0.050000001,-0.109999999,0,0,0
73.52,0,0,0,0,1928,2090,2020,1826,-0.039999999,-0.150000006,0.039999999,0,0,0
73.53,0,0,0,0,1928,2091,2021,1825,-0.039999999,-0.150000006,0.039999999,0,0,0
73.54,0,0,0,0,1927,2091,2020,1826,-0.079999998,0,-0.109999999,0,0,0
73.55,0,0,0,0,1928,2091,2020,1825,-0.079999998,0,-0.109999999,0,0,0
73.56,0,0,0,0,1927,2091,2021,1825,-0.129999995,-0.029999999,0.050000001,0,0,0
73.57,0,0,0,0,1927,2091,2021,1826,-0.129999995,-0.029999999,0.050000001,0,0,0
73.58,0,0,0,0,1928,2090,2021,1826,0,0.059999999,0.029999999,0,0,0
73.59,0,0,0,0,1928,2091,2021,1826,0,0.059999999,0.029999999,0,0,0
73.6,0,0,0,0,1928,2091,2020,1826,-0.039999999,0,0,0,0,0
73.61,0,0,0,0,1928,2091,2021,1826,-0.039999999,0,0,0,0,0
73.62,0,0,0,0,1928,2091,2021,1826,0.029999999,-0.039999999,0.200000003,0,0,0
73.63,0,0,0,0,1928,2091,2021,1827,0.029999999,-0.039999999,0.200000003,0,0,0
73.64,0,0,0,0,1928,2091,2021,1826,0,0.039999999,-0.129999995,0,0,0
73.65,0,0,0,0,1927,2091,2021,1826,0,0.039999999,-0.129999995,0,0,0
73.66,0,0,0,0,1928,2091,2020,1826,0,-0.090000004,0.039999999,0,0,0
73.67,0,0,0,0,1928,2091,2021,1826,0,-0.090000004,0.039999999,0,0,0
73.68,0,0,0,0,1927,2091,2021,1826,-0.029999999,0.01,0.01,0,0,0
73.69,0,0,0,0,1928,2091,2021,1827,-0.029999999,0.01,0.01,0,0,0
73.7,0,0,0,0,1928,2091,2021,1826,-0.189999998,-0.029999999,-0.059999999,0,0,0
73.71,0,0,0,0,1927,2091,2021,1826,-0.189999998,-0.029999999,-0.059999999,0,0,0
73.72,0,0,0,0,1928,2091,2021,1827,-0.109999999,0,0.100000002,0,0,0
73.73,0,0,0,0,1928,2090,2021,1826,-0.109999999,0,0.100000002,0,0,0
73.74,0,0,0,0,1927,2090,2021,1826,-0.029999999,0.039999999,-0.079999998,0,0,0
73.75,0,0,0,0,1927,2090,2021,1827,-0.029999999,0.039999999,-0.079999998,0,0,0
73.76,0,0,0,0,1927,2090,2021,1826,0.140000001,-0.109999999,0.159999996,0,0,0
73.77,0,0,0,0,1927,2090,2020,1826,0.140000001,-0.109999999,0.159999996,0,0,0
73.78,0,0,0,0,1927,2090,2020,1825,0.209999993,0,-0.039999999,0,0,0
73.79,0,0,0,0,1926,2090,2021,1825,0.209999993,0,-0.039999999,0,0,0
73.8,0,0,0,0,1926,2090,2020,1825,0.039999999,-0.050000001,-0.150000006,0,0,0
73.81,0,0,0,0,1927,2090,2021,1825,0.039999999,-0.050000001,-0.150000006,0,0,0
73.82,0,0,0,0,1927,2090,2021,1825,0.050000001,-0.02,-0.02,0,0,0
73.83,0,0,0,0,1928,2091,2020,1825,0.050000001,-0.02,-0.02,0,0,0
