Time,FLrpm,FRrpm,RLrpm,RRrpm,FL,FR,RL,RR,Ax,Ay,Az,RollR,PitchR,YawR,PitchPos,RollPos
0,0,0,0,0,465,2226,0,0,0,0,0,0,0,0,179.6699982,-0.930000007
0.01,0,0,0,0,465,2226,1888,1916,0.039999999,-0.079999998,0.270000011,0,0,0,179.6699982,-0.930000007
0.02,0,0,0,0,465,2235,1888,1916,0.039999999,-0.079999998,0.270000011,0,0,0,179.6699982,-0.930000007
0.03,0,0,0,0,465,2238,1888,1927,-0.059999999,0.07,0.200000003,0,0,0,179.6699982,-0.930000007
0.04,0,0,0,0,465,2222,1888,1922,-0.039999999,0.039999999,-0.310000002,0,0,0,179.6699982,-0.930000007
0.05,0,0,0,0,465,2223,1887,1913,0.039999999,-0.109999999,-0.230000004,0,0,0,179.6699982,-0.930000007
0.06,0,0,0,0,465,2234,1888,1921,0.01,-0.079999998,0.289999992,0,0,0,179.6699982,-0.930000007
0.07,0,0,0,0,466,2223,1888,1912,-0.07,0.07,0.189999998,0,0,0,179.6699982,-0.930000007
0.08,0,0,0,0,466,2237,1887,1919,-0.01,0.07,-0.280000001,0,0,0,179.6699982,-0.930000007
0.09,0,0,0,0,466,2237,1887,1917,0.050000001,-0.100000002,-0.150000006,0,0,0,179.6699982,-0.930000007
0.1,0,0,0,0,466,2229,1888,1918,0.039999999,-0.050000001,0.349999994,0,0,0,179.6699982,-0.930000007
0.11,0,0,0,0,466,2238,1888,1924,-0.029999999,0.079999998,0.209999993,0,0,0,179.6699982,-0.930000007
0.12,0,0,0,0,466,2238,1888,1919,0.01,0.079999998,-0.300000012,0,0,0,179.6699982,-0.930000007
0.13,0,0,0,0,466,2238,1888,1923,0.090000004,-0.079999998,-0.180000007,0,0,0,179.6699982,-0.930000007
0.14,0,0,0,0,466,2226,1888,1917,0.029999999,-0.079999998,0.300000012,0,0,0,179.6699982,-0.930000007
0.15,0,0,0,0,466,2227,1887,1917,-0.050000001,0.029999999,0.219999999,0,0,0,179.6699982,-0.930000007
0.16,0,0,0,0,466,2233,1888,1917,-0.029999999,0.029999999,-0.360000014,0,0,0,179.6699982,-0.930000007
0.17,0,0,0,0,466,2225,1887,1913,0.039999999,-0.119999997,-0.170000002,0,0,0,179.6699982,-0.930000007
0.18,0,0,0,0,466,2237,1888,1915,0.02,-0.07,0.330000013,0,0,0,179.6699982,-0.930000007
0.19,0,0,0,0,466,2237,1888,1916,-0.059999999,0.079999998,0.219999999,0,0,0,179.6699982,-0.930000007
0.2,0,0,0,0,466,2238,1888,1919,-0.01,0.050000001,-0.300000012,0,0,0,179.6699982,-0.930000007
0.21,0,0,0,0,467,2238,1888,1919,0.07,-0.079999998,-0.100000002,0,0,0,179.6699982,-0.930000007
0.22,0,0,0,0,467,2232,1888,1920,0.059999999,-0.039999999,0.370000005,0,0,0,179.6699982,-0.930000007
0.23,0,0,0,0,467,2237,1888,1918,-0.02,0.100000002,0.189999998,0,0,0,179.6699982,-0.930000007
0.24,0,0,0,0,467,2227,1888,1909,0,0.039999999,-0.349999994,0,0,0,179.6699982,-0.930000007
0.25,0,0,0,0,467,2227,1888,1913,0.059999999,-0.090000004,-0.159999996,0,0,0,179.6699982,-0.930000007
0.26,0,0,0,0,467,2230,1888,1906,0.059999999,-0.079999998,0.319999993,0,0,0,179.6699982,-0.930000007
0.27,0,0,0,0,467,2227,1888,1913,-0.059999999,0.090000004,0.200000003,0,0,0,179.6699982,-0.930000007
0.28,0,0,0,0,467,2233,1888,1908,-0.029999999,0.029999999,-0.370000005,0,0,0,179.6699982,-0.930000007
0.29,0,0,0,0,467,2233,1888,1920,0.050000001,-0.100000002,-0.129999995,0,0,0,179.6699982,-0.930000007
0.3,0,0,0,0,467,2232,1888,1920,-0.02,-0.07,0.319999993,0,0,0,179.6699982,-0.930000007
0.31,0,0,0,0,467,2233,1888,1913,-0.07,0.090000004,0.150000006,0,0,0,179.6699982,-0.930000007
0.32,0,0,0,0,467,2233,1888,1918,-0.029999999,0.050000001,-0.409999996,0,0,0,179.6699982,-0.930000007
0.33,0,0,0,0,467,2232,1888,1911,0.039999999,-0.129999995,-0.150000006,0,0,0,179.6699982,-0.930000007
0.34,0,0,0,0,467,2226,1888,1911,0.01,-0.07,0.319999993,0,0,0,179.6699982,-0.930000007
0.35,0,0,0,0,467,2226,1888,1914,-0.02,0.109999999,0.170000002,0,0,0,179.6699982,-0.930000007
0.36,0,0,0,0,467,2226,1888,1909,0,0.039999999,-0.330000013,0,0,0,179.6699982,-0.930000007
0.37,0,0,0,0,467,2227,1888,1909,0.100000002,-0.090000004,-0.100000002,0,0,0,179.6699982,-0.930000007
0.38,0,0,0,0,467,2229,1888,1908,0.07,-0.119999997,0.360000014,0,0,0,179.6699982,-0.930000007
0.39,0,0,0,0,467,2229,1888,1923,0,0.059999999,0.170000002,0,0,0,179.6699982,-0.930000007
0.4,0,0,0,0,468,2231,1888,1920,0.01,0.01,-0.319999993,0,0,0,179.6699982,-0.930000007
0.41,0,0,0,0,468,2227,1888,1912,0.07,-0.140000001,-0.090000004,0,0,0,179.6699982,-0.930000007
0.42,0,0,0,0,468,2232,1888,1924,0,-0.059999999,0.379999995,0,0,0,179.6699982,-0.930000007
0.43,0,0,0,0,468,2220,1888,1913,-0.090000004,0.129999995,0.119999997,0,0,0,179.6699982,-0.930000007
0.44,0,0,0,0,468,2226,1888,1921,-0.039999999,0.100000002,-0.349999994,0,0,0,179.6699982,-0.930000007
0.45,0,0,0,0,468,2222,1888,1920,0,-0.059999999,-0.129999995,0,0,0,179.6699982,-0.930000007
0.46,0,0,0,0,468,2223,1888,1908,-0.01,0,0.259999991,0,0,0,179.6699982,-0.930000007
0.47,0,0,0,0,468,2223,1888,1908,-0.100000002,0.129999995,0.090000004,0,0,0,179.6699982,-0.930000007
0.48,0,0,0,0,468,2226,1888,1909,-0.02,0.02,-0.340000004,0,0,0,179.6699982,-0.930000007
0.49,0,0,0,0,468,2226,1888,1925,0.07,-0.129999995,-0.100000002,0,0,0,179.6699982,-0.930000007
0.5,0,0,0,0,468,2226,1888,1926,0.039999999,-0.039999999,0.389999986,0,0,0,179.6699982,-0.930000007
0.51,0,0,0,0,468,2226,1888,1926,-0.029999999,0.050000001,0.109999999,0,0,0,179.6699982,-0.930000007
0.52,0,0,0,0,468,2234,1888,1927,0,0,-0.300000012,0,0,0,179.6699982,-0.930000007
0.53,0,0,0,0,468,2234,1888,1917,0.079999998,-0.180000007,-0.059999999,0,0,0,179.6699982,-0.930000007
0.54,0,0,0,0,468,2234,1887,1921,0.029999999,-0.090000004,0.349999994,0,0,0,179.6699982,-0.930000007
0.55,0,0,0,0,468,2234,1888,1920,-0.039999999,0.059999999,0.079999998,0,0,0,179.6699982,-0.930000007
0.56,0,0,0,0,468,2233,1887,1910,0.039999999,0.01,-0.340000004,0,0,0,179.6699982,-0.930000007
0.57,0,0,0,0,468,2232,1888,1910,0.059999999,-0.109999999,-0.059999999,0,0,0,179.6699982,-0.930000007
0.58,0,0,0,0,468,2232,1888,1910,0.01,-0.039999999,0.379999995,0,0,0,179.6699982,-0.930000007
0.59,0,0,0,0,469,2237,1888,1925,-0.029999999,0.150000006,0.109999999,0,0,0,179.6699982,-0.930000007
0.6,0,0,0,0,469,2227,1888,1926,-0.02,0.090000004,-0.360000014,0,0,0,179.6699982,-0.930000007
0.61,0,0,0,0,469,2229,1887,1918,0.059999999,-0.059999999,-0.039999999,0,0,0,179.6699982,-0.930000007
0.62,0,0,0,0,469,2229,1888,1925,0.029999999,-0.07,0.370000005,0,0,0,179.6699982,-0.930000007
0.63,0,0,0,0,469,2240,1888,1918,-0.029999999,0.079999998,0.07,0,0,0,179.6699982,-0.930000007
0.64,0,0,0,0,469,2233,1887,1917,0.029999999,-0.02,-0.360000014,0,0,0,179.6699982,-0.930000007
0.65,0,0,0,0,469,2233,1887,1917,0.050000001,-0.150000006,-0.07,0,0,0,179.6699982,-0.930000007
0.66,0,0,0,0,469,2232,1887,1912,0.039999999,-0.090000004,0.330000013,0,0,0,179.6699982,-0.930000007
0.67,0,0,0,0,469,2232,1888,1915,-0.039999999,0.119999997,0.059999999,0,0,0,179.6699982,-0.930000007
0.68,0,0,0,0,469,2232,1888,1914,0,0.02,-0.400000006,0,0,0,179.6699982,-0.930000007
0.69,0,0,0,0,469,2230,1888,1918,0.039999999,-0.050000001,-0.050000001,0,0,0,179.6699982,-0.930000007
0.7,0,0,0,0,469,2231,1888,1920,0,0,0.389999986,0,0,0,179.6699982,-0.930000007
0.71,0,0,0,0,469,2231,1888,1918,-0.050000001,0.159999996,0.079999998,0,0,0,179.6699982,-0.930000007
0.72,0,0,0,0,469,2232,1888,1919,0,0.059999999,-0.360000014,0,0,0,179.6699982,-0.930000007
0.73,0,0,0,0,469,2236,1888,1919,0.050000001,-0.090000004,-0.029999999,0,0,0,179.6699982,-0.930000007
0.74,0,0,0,0,469,2231,1887,1909,0,-0.050000001,0.409999996,0,0,0,179.6699982,-0.930000007
0.75,0,0,0,0,469,2225,1888,1912,-0.059999999,0.090000004,0.039999999,0,0,0,179.6699982,-0.930000007
0.76,0,0,0,0,469,2230,1887,1912,-0.01,0,-0.400000006,0,0,0,179.6699982,-0.930000007
0.77,0,0,0,0,469,2229,1888,1912,0.039999999,-0.129999995,-0.059999999,0,0,0,179.6699982,-0.930000007
0.78,0,0,0,0,469,2229,1888,1913,-0.01,-0.07,0.400000006,0,0,0,179.6699982,-0.930000007
0.79,0,0,0,0,470,2232,1888,1914,-0.059999999,0.090000004,0.050000001,0,0,0,179.6699982,-0.930000007
0.8,0,0,0,0,470,2232,1888,1920,-0.01,0.01,-0.389999986,0,0,0,179.6699982,-0.930000007
0.81,0,0,0,0,470,2232,1888,1919,0.07,-0.109999999,0,0,0,0,179.6699982,-0.930000007
0.82,0,0,0,0,470,2232,1888,1910,0.02,-0.059999999,0.419999987,0,0,0,179.6699982,-0.930000007
0.83,0,0,0,0,470,2232,1888,1910,-0.029999999,0.079999998,0.02,0,0,0,179.6699982,-0.930000007
0.84,0,0,0,0,470,2224,1888,1907,0.02,-0.01,-0.370000005,0,0,0,179.6699982,-0.930000007
0.85,0,0,0,0,470,2227,1888,1916,0.02,-0.01,-0.370000005,0,0,0,179.6699982,-0.930000007
0.86,0,0,0,0,470,2222,1888,1919,0.01,-0.050000001,0.430000007,0,0,0,179.6699982,-0.930000007
0.87,0,0,0,0,470,2222,1888,1907,-0.050000001,0.150000006,0.01,0,0,0,179.6699982,-0.930000007
0.88,0,0,0,0,470,2225,1888,1915,0.01,0.039999999,-0.370000005,0,0,0,179.6699982,-0.930000007
0.89,0,0,0,0,470,2232,1888,1912,0.050000001,-0.090000004,0.01,0,0,0,179.6699982,-0.930000007
0.9,0,0,0,0,470,2232,1888,1920,0.02,-0.01,0.400000006,0,0,0,179.6699982,-0.930000007
0.91,0,0,0,0,470,2227,1888,1912,-0.059999999,0.140000001,0.02,0,0,0,179.6699982,-0.930000007
0.92,0,0,0,0,470,2231,1888,1915,0,0,-0.360000014,0,0,0,179.6699982,-0.930000007
0.93,0,0,0,0,470,2226,1888,1915,0.029999999,-0.159999996,-0.02,0,0,0,179.6699982,-0.930000007
0.94,0,0,0,0,470,2226,1888,1909,-0.01,-0.07,0.389999986,0,0,0,179.6699982,-0.930000007
0.95,0,0,0,0,470,2223,1888,1920,-0.059999999,0.079999998,-0.029999999,0,0,0,179.6699982,-0.930000007
0.96,0,0,0,0,470,2223,1888,1919,-0.01,0,-0.330000013,0,0,0,179.6699982,-0.930000007
0.97,0,0,0,0,470,2220,1888,1919,0.039999999,-0.119999997,0.01,0,0,0,179.6699982,-0.930000007
0.98,0,0,0,0,470,2233,1888,1920,-0.01,-0.02,0.370000005,0,0,0,179.6699982,-0.930000007
0.99,0,0,0,0,470,2233,1888,1915,-0.02,0.119999997,0,0,0,0,179.6699982,-0.930000007
1,0,0,0,0,470,2231,1888,1928,0.029999999,0,-0.340000004,0,0,0,179.6699982,-0.930000007
1.01,0,0,0,0,470,2231,1888,1915,0.119999997,-0.109999999,0.01,0,0,0,179.6699982,-0.930000007
1.02,0,0,0,0,470,2235,1888,1915,0.02,-0.029999999,0.400000006,0,0,0,179.6699982,-0.930000007
1.03,0,0,0,0,471,2227,1888,1915,0,0.150000006,0,0,0,0,179.6699982,-0.930000007
1.04,0,0,0,0,471,2233,1888,1910,0.029999999,0,-0.340000004,0,0,0,179.6699982,-0.930000007
1.05,0,0,0,0,471,2221,1888,1920,0.059999999,-0.100000002,0.07,0,0,0,179.6699982,-0.930000007
1.06,0,0,0,0,470,2221,1888,1910,-0.050000001,-0.029999999,0.379999995,0,0,0,179.6699982,-0.930000007
1.07,0,0,0,0,471,2228,1888,1911,-0.109999999,0.119999997,-0.02,0,0,0,179.6699982,-0.930000007
1.08,0,0,0,0,471,2221,1887,1920,-0.01,-0.050000001,-0.360000014,0,0,0,179.6699982,-0.930000007
1.09,0,0,0,0,471,2237,1888,1920,0.01,-0.109999999,0.029999999,0,0,0,179.6699982,-0.930000007
1.1,0,0,0,0,471,2228,1888,1927,-0.02,-0.050000001,0.330000013,0,0,0,179.6699982,-0.930000007
1.11,0,0,0,0,471,2228,1888,1917,-0.07,0.109999999,-0.050000001,0,0,0,179.6699982,-0.930000007
1.12,0,0,0,0,471,2238,1887,1916,0.029999999,-0.050000001,-0.349999994,0,0,0,179.6699982,-0.930000007
1.13,0,0,0,0,471,2227,1888,1916,0.07,-0.079999998,0.100000002,0,0,0,179.6699982,-0.930000007
1.14,0,0,0,0,471,2221,1888,1910,0.02,-0.02,0.409999996,0,0,0,179.6699982,-0.930000007
1.15,0,0,0,0,471,2221,1888,1920,0.02,-0.02,0.409999996,0,0,0,179.6699982,-0.930000007
1.16,0,0,0,0,471,2222,1888,1911,0.029999999,-0.01,-0.340000004,0,0,0,179.6699982,-0.930000007
1.17,0,0,0,0,471,2222,1887,1912,0.059999999,-0.059999999,0.07,0,0,0,179.6699982,-0.930000007
1.18,0,0,0,0,471,2223,1888,1920,-0.039999999,0,0.319999993,0,0,0,179.6699982,-0.930000007
1.19,0,0,0,0,471,2240,1888,1918,-0.059999999,0.109999999,-0.119999997,0,0,0,179.6699982,-0.930000007
1.2,0,0,0,0,471,2228,1888,1925,0,-0.090000004,-0.330000013,0,0,0,179.6699982,-0.930000007
1.21,0,0,0,0,471,2238,1888,1918,0.01,-0.119999997,0.090000004,0,0,0,179.6699982,-0.930000007
1.22,0,0,0,0,471,2238,1887,1918,-0.029999999,0,0.310000002,0,0,0,179.6699982,-0.930000007
1.23,0,0,0,0,471,2238,1888,1918,-0.050000001,0.090000004,-0.090000004,0,0,0,179.6699982,-0.930000007
1.24,0,0,0,0,471,2223,1887,1913,0.029999999,-0.029999999,-0.310000002,0,0,0,179.6699982,-0.930000007
1.25,0,0,0,0,471,2223,1888,1917,0.029999999,-0.029999999,-0.310000002,0,0,0,179.6699982,-0.930000007
1.26,0,0,0,0,471,2225,1888,1914,-0.02,0.029999999,0.310000002,0,0,0,179.6699982,-0.930000007
1.27,0,0,0,0,471,2234,1888,1918,-0.07,0.119999997,-0.109999999,0,0,0,179.6699982,-0.930000007
1.28,0,0,0,0,471,2225,1888,1920,0.01,-0.039999999,-0.319999993,0,0,0,179.6699982,-0.930000007
1.29,0,0,0,0,472,2239,1888,1920,0.029999999,-0.090000004,0.129999995,0,0,0,179.6699982,-0.930000007
1.3,0,0,0,0,471,2229,1888,1924,-0.029999999,0.050000001,0.310000002,0,0,0,179.6699982,-0.930000007
1.31,0,0,0,0,472,2228,1888,1918,-0.07,0.109999999,-0.180000007,0,0,0,179.6699982,-0.930000007
1.32,0,0,0,0,472,2238,1888,1918,0.029999999,-0.090000004,0.159999996,0,0,0,179.6699982,-0.930000007
1.33,0,0,0,0,472,2238,1888,1924,0.029999999,-0.090000004,0.159999996,0,0,0,179.6699982,-0.930000007
1.34,0,0,0,0,472,2225,1888,1917,-0.050000001,0.119999997,-0.180000007,0,0,0,179.6699982,-0.930000007
1.35,0,0,0,0,472,2225,1888,1917,-0.050000001,0.119999997,-0.180000007,0,0,0,179.6699982,-0.930000007
1.36,0,0,0,0,471,2225,1888,1913,0.029999999,-0.07,-0.259999991,0,0,0,179.6699982,-0.930000007
1.37,0,0,0,0,472,2225,1888,1915,0.039999999,-0.100000002,0.170000002,0,0,0,179.6699982,-0.930000007
1.38,0,0,0,0,472,2225,1888,1917,0,0.039999999,0.300000012,0,0,0,179.6699982,-0.930000007
1.39,0,0,0,0,472,2237,1888,1917,-0.039999999,0.109999999,-0.200000003,0,0,0,179.6699982,-0.930000007
1.4,0,0,0,0,472,2230,1888,1921,0.029999999,-0.079999998,-0.330000013,0,0,0,179.6699982,-0.930000007
1.41,0,0,0,0,472,2238,1888,1921,0.050000001,-0.100000002,0.170000002,0,0,0,179.6699982,-0.930000007
1.42,0,0,0,0,472,2238,1888,1922,-0.050000001,0.039999999,0.310000002,0,0,0,179.6699982,-0.930000007
1.43,0,0,0,0,472,2232,1888,1919,-0.07,0.100000002,-0.209999993,0,0,0,179.6699982,-0.930000007
1.44,0,0,0,0,472,2224,1888,1912,0.01,-0.090000004,-0.270000011,0,0,0,179.6699982,-0.930000007
1.45,0,0,0,0,472,2224,1888,1912,0.029999999,-0.079999998,0.239999995,0,0,0,179.6699982,-0.930000007
1.46,0,0,0,0,472,2232,1888,1913,-0.059999999,0.059999999,0.300000012,0,0,0,179.6699982,-0.930000007
1.47,0,0,0,0,473,2225,1888,1913,-0.059999999,0.129999995,-0.239999995,0,0,0,179.6699982,-0.939999998
1.48,0,0,0,0,473,2226,1888,1916,0.039999999,-0.050000001,-0.289999992,0,0,0,179.6699982,-0.930000007
1.49,0,0,0,0,473,2226,1888,1918,0.050000001,-0.119999997,0.219999999,0,0,0,179.6699982,-0.930000007
1.5,0,0,0,0,473,2236,1887,1917,-0.029999999,0.039999999,0.289999992,0,0,0,179.6699982,-0.930000007
1.51,0,0,0,0,473,2236,1888,1920,-0.02,0.109999999,-0.25,0,0,0,179.6699982,-0.930000007
1.52,0,0,0,0,473,2237,1888,1914,0.039999999,-0.100000002,-0.300000012,0,0,0,179.6699982,-0.930000007
1.53,0,0,0,0,473,2237,1888,1917,0.029999999,-0.109999999,0.239999995,0,0,0,179.6699982,-0.930000007
1.54,0,0,0,0,473,2231,1888,1913,-0.029999999,0.050000001,0.330000013,0,0,0,179.6699982,-0.930000007
1.55,0,0,0,0,473,2226,1888,1912,-0.029999999,0.050000001,0.330000013,0,0,0,179.6699982,-0.939999998
1.56,0,0,0,0,473,2231,1888,1913,0.039999999,-0.090000004,-0.230000004,0,0,0,179.6699982,-0.939999998
1.57,0,0,0,0,474,2230,1888,1908,0.02,-0.079999998,0.289999992,0,0,0,179.6699982,-0.930000007
1.58,0,0,0,0,473,2225,1888,1911,-0.02,0.059999999,0.289999992,0,0,0,179.6699982,-0.939999998
1.59,0,0,0,0,474,2225,1888,1917,-0.02,0.059999999,-0.25,0,0,0,179.6699982,-0.939999998
1.6,0,0,0,0,473,2232,1888,1913,0.07,-0.100000002,-0.280000001,0,0,0,179.6699982,-0.939999998
1.61,0,0,0,0,473,2234,1888,1917,0.039999999,-0.109999999,0.300000012,0,0,0,179.6699982,-0.939999998
1.62,0,0,0,0,474,2232,1888,1915,-0.01,0.050000001,0.289999992,0,0,0,179.6699982,-0.939999998
1.63,0,0,0,0,473,2231,1888,1919,-0.039999999,0.079999998,-0.300000012,0,0,0,179.6699982,-0.939999998
1.64,0,0,0,0,474,2229,1887,1912,0,-0.109999999,-0.25,0,0,0,179.6699982,-0.939999998
1.65,0,0,0,0,473,2226,1888,1903,0.01,-0.07,0.319999993,0,0,0,179.6699982,-0.939999998
1.66,0,0,0,0,474,2228,1888,1911,-0.07,0.07,0.230000004,0,0,0,179.6699982,-0.939999998
1.67,0,0,0,0,474,2226,1888,1906,-0.02,0.07,-0.289999992,0,0,0,179.6699982,-0.939999998
1.68,0,0,0,0,474,2227,1888,1913,0.039999999,-0.100000002,-0.150000006,0,0,0,179.6699982,-0.939999998
1.69,0,0,0,0,474,2231,1888,1919,0.039999999,-0.079999998,0.300000012,0,0,0,179.6699982,-0.939999998
1.7,0,0,0,0,474,2232,1888,1912,-0.02,0.079999998,0.200000003,0,0,0,179.6699982,-0.939999998
1.71,0,0,0,0,474,2232,1888,1916,0,0.059999999,-0.300000012,0,0,0,179.6699982,-0.939999998
1.72,0,0,0,0,474,2231,1888,1910,0.079999998,-0.119999997,-0.200000003,0,0,0,179.6699982,-0.939999998
1.73,0,0,0,0,474,2231,1888,1917,0.02,-0.090000004,0.289999992,0,0,0,179.6699982,-0.939999998
1.74,0,0,0,0,474,2224,1887,1913,-0.050000001,0.050000001,0.219999999,0,0,0,179.6699982,-0.939999998
1.75,0,0,0,0,474,2226,1888,1908,-0.029999999,0.050000001,-0.330000013,0,0,0,179.6699982,-0.939999998
1.76,0,0,0,0,474,2223,1888,1918,0.039999999,-0.100000002,-0.150000006,0,0,0,179.6699982,-0.939999998
1.77,0,0,0,0,474,2226,1888,1906,0,-0.059999999,0.319999993,0,0,0,179.6699982,-0.939999998
1.78,0,0,0,0,474,2229,1888,1914,-0.050000001,0.119999997,0.219999999,0,0,0,179.6699982,-0.939999998
1.79,0,0,0,0,474,2229,1888,1910,-0.02,0.039999999,-0.310000002,0,0,0,179.6699982,-0.939999998
1.8,0,0,0,0,474,2226,1888,1911,0.059999999,-0.059999999,-0.140000001,0,0,0,179.6699982,-0.939999998
1.81,0,0,0,0,474,2226,1888,1922,0.029999999,-0.090000004,0.340000004,0,0,0,179.6699982,-0.939999998
1.82,0,0,0,0,474,2231,1888,1912,-0.039999999,0.100000002,0.159999996,0,0,0,179.6699982,-0.939999998
1.83,0,0,0,0,474,2231,1888,1926,-0.01,0.02,-0.360000014,0,0,0,179.6699982,-0.939999998
1.84,0,0,0,0,474,2222,1888,1919,0.059999999,-0.129999995,-0.180000007,0,0,0,179.6699982,-0.939999998
1.85,0,0,0,0,474,2227,1888,1919,0.029999999,-0.079999998,0.340000004,0,0,0,179.6699982,-0.930000007
1.86,0,0,0,0,474,2223,1888,1916,-0.050000001,0.090000004,0.119999997,0,0,0,179.6699982,-0.939999998
1.87,0,0,0,0,474,2227,1888,1908,-0.029999999,0.02,-0.389999986,0,0,0,179.6699982,-0.939999998
1.88,0,0,0,0,474,2230,1888,1917,0.039999999,-0.109999999,-0.100000002,0,0,0,179.6699982,-0.930000007
1.89,0,0,0,0,474,2225,1888,1913,0,-0.050000001,0.370000005,0,0,0,179.6699982,-0.930000007
1.9,0,0,0,0,474,2230,1888,1914,-0.059999999,0.119999997,0.140000001,0,0,0,179.6699982,-0.939999998
1.91,0,0,0,0,474,2226,1888,1914,-0.01,0.050000001,-0.349999994,0,0,0,179.6699982,-0.939999998
1.92,0,0,0,0,475,2230,1888,1914,0.090000004,-0.109999999,-0.079999998,0,0,0,179.6699982,-0.930000007
1.93,0,0,0,0,474,2233,1888,1924,0.029999999,-0.079999998,0.379999995,0,0,0,179.6699982,-0.930000007
1.94,0,0,0,0,475,2222,1888,1919,-0.07,0.090000004,0.109999999,0,0,0,179.6699982,-0.930000007
1.95,0,0,0,0,474,2227,1888,1907,-0.07,0.090000004,0.109999999,0,0,0,179.6699982,-0.930000007
1.96,0,0,0,0,474,2220,1888,1920,0.059999999,-0.140000001,-0.039999999,0,0,0,179.6699982,-0.930000007
1.97,0,0,0,0,474,2226,1888,1908,0.02,-0.050000001,0.379999995,0,0,0,179.6699982,-0.930000007
1.98,0,0,0,0,475,2230,1888,1921,-0.039999999,0.100000002,0.109999999,0,0,0,179.6699982,-0.930000007
1.99,0,0,0,0,475,2226,1888,1926,0,0.01,-0.340000004,0,0,0,179.6699982,-0.939999998
2,0,0,0,0,474,2235,1888,1915,0.059999999,-0.129999995,-0.039999999,0,0,0,179.6699982,-0.930000007
2.01,0,0,0,0,474,2227,1888,1926,0,-0.029999999,0.370000005,0,0,0,179.6699982,-0.930000007
2.02,0,0,0,0,475,2235,1888,1914,-0.07,0.100000002,0.059999999,0,0,0,179.6699982,-0.939999998
2.03,0,0,0,0,474,2230,1888,1926,0.02,0.01,-0.379999995,0,0,0,179.6699982,-0.939999998
2.04,0,0,0,0,475,2221,1888,1919,0.01,-0.02,0.389999986,0,0,0,179.6699982,-0.939999998
2.05,0,0,0,0,475,2226,1888,1919,0.01,-0.02,0.389999986,0,0,0,179.6699982,-0.930000007
2.06,0,0,0,0,475,2221,1887,1919,-0.059999999,0.079999998,0.01,0,0,0,179.6699982,-0.939999998
2.07,0,0,0,0,475,2229,1888,1911,0,-0.01,-0.349999994,0,0,0,179.6699982,-0.939999998
2.08,0,0,0,0,475,2233,1887,1921,0.050000001,-0.119999997,-0.029999999,0,0,0,179.6699982,-0.930000007
2.09,0,0,0,0,475,2226,1887,1915,0,-0.01,0.340000004,0,0,0,179.6699982,-0.930000007
2.1,0,0,0,0,475,2233,1888,1914,-0.079999998,0.100000002,-0.029999999,0,0,0,179.6699982,-0.939999998
2.11,0,0,0,0,474,2226,1888,1926,0,-0.01,-0.389999986,0,0,0,179.6699982,-0.939999998
2.12,0,0,0,0,475,2234,1888,1914,0.01,-0.109999999,0.02,0,0,0,179.6699982,-0.930000007
2.13,0,0,0,0,475,2233,1887,1926,0,0,0.419999987,0,0,0,179.6699982,-0.930000007
2.14,0,0,0,0,475,2219,1888,1909,-0.029999999,0.129999995,0.01,0,0,0,179.6699982,-0.939999998
2.15,0,0,0,0,475,2230,1887,1920,0.029999999,-0.01,-0.370000005,0,0,0,179.6699982,-0.939999998
2.16,0,0,0,0,475,2221,1887,1921,0.07,-0.100000002,0.039999999,0,0,0,179.6699982,-0.930000007
2.17,0,0,0,0,475,2232,1887,1910,0,-0.029999999,0.389999986,0,0,0,179.6699982,-0.930000007
2.18,0,0,0,0,475,2222,1887,1919,-0.029999999,0.119999997,-0.079999998,0,0,0,179.6699982,-0.939999998
2.19,0,0,0,0,475,2227,1888,1916,0,-0.01,-0.370000005,0,0,0,179.6699982,-0.939999998
2.2,0,0,0,0,475,2238,1887,1915,0.039999999,-0.090000004,0.050000001,0,0,0,179.6699982,-0.930000007
2.21,0,0,0,0,475,2227,1888,1924,0,-0.01,0.379999995,0,0,0,179.6699982,-0.930000007
2.22,0,0,0,0,475,2237,1888,1917,-0.050000001,0.119999997,-0.059999999,0,0,0,179.6699982,-0.939999998
2.23,0,0,0,0,475,2227,1888,1925,0.01,-0.02,-0.360000014,0,0,0,179.6699982,-0.939999998
2.24,0,0,0,0,475,2223,1888,1913,0.039999999,-0.109999999,0.079999998,0,0,0,179.6699982,-0.939999998
2.25,0,0,0,0,475,2233,1887,1919,-0.029999999,0,0.419999987,0,0,0,179.6600037,-0.939999998
2.26,0,0,0,0,475,2224,1888,1919,-0.050000001,0.140000001,-0.050000001,0,0,0,179.6600037,-0.939999998
2.27,0,0,0,0,475,2234,1887,1919,0.02,-0.02,-0.389999986,0,0,0,179.6699982,-0.939999998
2.28,0,0,0,0,475,2222,1888,1917,0.02,-0.07,0.039999999,0,0,0,179.6600037,-0.939999998
2.29,0,0,0,0,475,2227,1888,1917,-0.050000001,-0.01,0.370000005,0,0,0,179.6600037,-0.939999998
2.3,0,0,0,0,475,2238,1887,1918,-0.07,0.109999999,-0.109999999,0,0,0,179.6699982,-0.939999998
2.31,0,0,0,0,475,2229,1888,1918,0.01,-0.039999999,-0.389999986,0,0,0,179.6699982,-0.939999998
2.32,0,0,0,0,475,2239,1888,1918,0.01,-0.129999995,0.090000004,0,0,0,179.6699982,-0.939999998
2.33,0,0,0,0,475,2230,1888,1922,-0.029999999,0,0.360000014,0,0,0,179.6699982,-0.939999998
2.34,0,0,0,0,475,2224,1888,1913,-0.050000001,0.129999995,-0.119999997,0,0,0,179.6699982,-0.939999998
2.35,0,0,0,0,475,2232,1888,1912,-0.050000001,0.129999995,-0.119999997,0,0,0,179.6699982,-0.939999998
2.36,0,0,0,0,476,2225,1888,1913,0.090000004,-0.100000002,0.109999999,0,0,0,179.6600037,-0.939999998
2.37,0,0,0,0,475,2232,1888,1914,0,0.01,0.389999986,0,0,0,179.6600037,-0.939999998
2.38,0,0,0,0,475,2225,1888,1915,-0.079999998,0.100000002,-0.100000002,0,0,0,179.6600037,-0.939999998
2.39,0,0,0,0,476,2232,1888,1919,0.029999999,-0.029999999,-0.360000014,0,0,0,179.6600037,-0.939999998
2.4,0,0,0,0,475,2237,1888,1918,0.029999999,-0.119999997,0.100000002,0,0,0,179.6600037,-0.939999998
2.41,0,0,0,0,475,2231,1888,1918,-0.029999999,0.02,0.349999994,0,0,0,179.6600037,-0.939999998
2.42,0,0,0,0,475,2237,1888,1917,-0.100000002,0.109999999,-0.119999997,0,0,0,179.6699982,-0.939999998
2.43,0,0,0,0,476,2230,1888,1914,-0.01,-0.050000001,-0.349999994,0,0,0,179.6699982,-0.939999998
2.44,0,0,0,0,475,2225,1888,1912,0.029999999,-0.100000002,0.109999999,0,0,0,179.6699982,-0.939999998
2.45,0,0,0,0,476,2228,1888,1911,0.029999999,-0.100000002,0.109999999,0,0,0,179.6600037,-0.939999998
2.46,0,0,0,0,475,2227,1888,1907,-0.07,0.100000002,-0.129999995,0,0,0,179.6699982,-0.939999998
2.47,0,0,0,0,475,2230,1888,1913,0.01,-0.039999999,-0.319999993,0,0,0,179.6699982,-0.939999998
2.48,0,0,0,0,475,2227,1888,1905,0.059999999,-0.109999999,0.129999995,0,0,0,179.6600037,-0.939999998
2.49,0,0,0,0,476,2231,1888,1918,-0.029999999,0.029999999,0.349999994,0,0,0,179.6600037,-0.939999998
2.5,0,0,0,0,475,2230,1888,1911,-0.059999999,0.119999997,-0.200000003,0,0,0,179.6699982,-0.939999998
2.51,0,0,0,0,476,2232,1888,1919,0.050000001,-0.050000001,-0.360000014,0,0,0,179.6699982,-0.939999998
2.52,0,0,0,0,476,2228,1888,1922,0.029999999,-0.079999998,0.109999999,0,0,0,179.6600037,-0.939999998
2.53,0,0,0,0,476,2231,1888,1922,-0.029999999,-0.02,0.400000006,0,0,0,179.6600037,-0.939999998
2.54,0,0,0,0,476,2227,1888,1916,-0.090000004,0.100000002,-0.150000006,0,0,0,179.6600037,-0.939999998
2.55,0,0,0,0,476,2225,1888,1906,-0.090000004,0.100000002,-0.150000006,0,0,0,179.6699982,-0.939999998
2.56,0,0,0,0,475,2228,1888,1906,0.02,-0.079999998,0.140000001,0,0,0,179.6600037,-0.939999998
2.57,0,0,0,0,476,2228,1888,1906,-0.039999999,0.01,0.370000005,0,0,0,179.6600037,-0.939999998
2.58,0,0,0,0,476,2226,1888,1907,-0.059999999,0.129999995,-0.170000002,0,0,0,179.6600037,-0.939999998
2.59,0,0,0,0,476,2224,1888,1925,0.039999999,-0.050000001,-0.310000002,0,0,0,179.6600037,-0.939999998
2.6,0,0,0,0,476,2226,1888,1913,0.050000001,-0.079999998,0.129999995,0,0,0,179.6600037,-0.939999998
2.61,0,0,0,0,476,2230,1888,1924,-0.029999999,0,0.360000014,0,0,0,179.6600037,-0.939999998
2.62,0,0,0,0,476,2227,1888,1924,-0.059999999,0.100000002,-0.189999998,0,0,0,179.6600037,-0.939999998
2.63,0,0,0,0,476,2232,1888,1924,0.01,-0.07,-0.330000013,0,0,0,179.6600037,-0.939999998
2.64,0,0,0,0,476,2222,1888,1919,0.029999999,-0.100000002,0.180000007,0,0,0,179.6600037,-0.930000007
2.65,0,0,0,0,476,2220,1888,1907,0.029999999,-0.100000002,0.180000007,0,0,0,179.6600037,-0.930000007
2.66,0,0,0,0,476,2226,1888,1907,-0.07,0.109999999,-0.189999998,0,0,0,179.6600037,-0.939999998
2.67,0,0,0,0,476,2226,1888,1907,0.01,-0.039999999,-0.330000013,0,0,0,179.6699982,-0.930000007
2.68,0,0,0,0,476,2229,1888,1909,0.039999999,-0.059999999,0.170000002,0,0,0,179.6600037,-0.930000007
2.69,0,0,0,0,476,2226,1888,1927,-0.02,0.050000001,0.330000013,0,0,0,179.6600037,-0.930000007
2.7,0,0,0,0,476,2226,1888,1916,-0.029999999,0.129999995,-0.159999996,0,0,0,179.6600037,-0.939999998
2.71,0,0,0,0,476,2237,1888,1926,0.059999999,-0.07,-0.330000013,0,0,0,179.6600037,-0.930000007
2.72,0,0,0,0,476,2226,1888,1925,0.059999999,-0.109999999,0.150000006,0,0,0,179.6600037,-0.930000007
2.73,0,0,0,0,476,2236,1888,1925,-0.039999999,0.01,0.319999993,0,0,0,179.6600037,-0.930000007
2.74,0,0,0,0,476,2222,1887,1919,-0.079999998,0.090000004,-0.189999998,0,0,0,179.6699982,-0.930000007
2.75,0,0,0,0,476,2222,1888,1910,-0.079999998,0.090000004,-0.189999998,0,0,0,179.6699982,-0.930000007
2.76,0,0,0,0,476,2232,1887,1911,0.039999999,-0.07,0.200000003,0,0,0,179.6699982,-0.930000007
2.77,0,0,0,0,476,2233,1887,1919,-0.059999999,0.109999999,-0.200000003,0,0,0,179.6699982,-0.939999998
2.78,0,0,0,0,476,2228,1887,1913,-0.059999999,0.109999999,-0.200000003,0,0,0,179.6699982,-0.939999998
2.79,0,0,0,0,476,2238,1888,1917,0.029999999,-0.07,-0.280000001,0,0,0,179.6699982,-0.930000007
2.8,0,0,0,0,476,2229,1888,1924,0.059999999,-0.100000002,0.200000003,0,0,0,179.6600037,-0.930000007
2.81,0,0,0,0,476,2239,1888,1916,-0.050000001,0.059999999,0.319999993,0,0,0,179.6600037,-0.930000007
2.82,0,0,0,0,476,2238,1888,1923,-0.050000001,0.07,-0.25,0,0,0,179.6600037,-0.930000007
2.83,0,0,0,0,476,2223,1888,1917,0.039999999,-0.079999998,-0.310000002,0,0,0,179.6699982,-0.930000007
2.84,0,0,0,0,476,2232,1887,1912,0.029999999,-0.090000004,0.180000007,0,0,0,179.6600037,-0.930000007
2.85,0,0,0,0,476,2223,1888,1917,0.029999999,-0.090000004,0.180000007,0,0,0,179.6600037,-0.930000007
2.86,0,0,0,0,476,2233,1888,1913,-0.02,0.090000004,-0.230000004,0,0,0,179.6600037,-0.930000007
2.87,0,0,0,0,476,2234,1888,1916,0,-0.079999998,-0.280000001,0,0,0,179.6699982,-0.930000007
2.88,0,0,0,0,476,2231,1888,1913,0.02,-0.109999999,0.209999993,0,0,0,179.6600037,-0.930000007
2.89,0,0,0,0,476,2237,1888,1913,-0.02,0.050000001,0.300000012,0,0,0,179.6600037,-0.930000007
2.9,0,0,0,0,476,2230,1888,1914,-0.059999999,0.119999997,-0.25,0,0,0,179.6600037,-0.930000007
2.91,0,0,0,0,476,2236,1888,1918,0.01,-0.07,-0.270000011,0,0,0,179.6699982,-0.930000007
2.92,0,0,0,0,476,2231,1888,1916,0.02,-0.079999998,0.219999999,0,0,0,179.6600037,-0.930000007
2.93,0,0,0,0,476,2226,1888,1919,-0.029999999,0.059999999,0.330000013,0,0,0,179.6600037,-0.930000007
2.94,0,0,0,0,476,2229,1887,1911,-0.01,0.100000002,-0.270000011,0,0,0,179.6699982,-0.939999998
2.95,0,0,0,0,476,2227,1887,1915,-0.01,0.100000002,-0.270000011,0,0,0,179.6699982,-0.930000007
2.96,0,0,0,0,476,2230,1888,1909,0.059999999,-0.129999995,0.239999995,0,0,0,179.6600037,-0.930000007
2.97,0,0,0,0,476,2227,1888,1906,-0.02,0.050000001,0.319999993,0,0,0,179.6699982,-0.930000007
2.98,0,0,0,0,476,2231,1888,1911,-0.029999999,0.07,-0.270000011,0,0,0,179.6699982,-0.930000007
2.99,0,0,0,0,476,2232,1888,1918,0.01,-0.059999999,-0.289999992,0,0,0,179.6699982,-0.930000007
3,0,0,0,0,475,2230,1888,1914,0.029999999,-0.079999998,0.189999998,0,0,0,179.6600037,-0.930000007
3.01,0,0,0,0,476,2228,1888,1923,-0.029999999,0.050000001,0.300000012,0,0,0,179.6699982,-0.930000007
3.02,0,0,0,0,475,2231,1888,1914,-0.039999999,0.109999999,-0.270000011,0,0,0,179.6699982,-0.939999998
3.03,0,0,0,0,475,2227,1888,1921,0.029999999,-0.079999998,-0.25,0,0,0,179.6699982,-0.930000007
3.04,0,0,0,0,476,2226,1888,1913,0.029999999,-0.059999999,0.219999999,0,0,0,179.6699982,-0.930000007
3.05,0,0,0,0,476,2226,1888,1905,-0.029999999,0.039999999,0.319999993,0,0,0,179.6699982,-0.930000007
3.06,0,0,0,0,475,2222,1888,1916,-0.02,0.100000002,-0.289999992,0,0,0,179.6699982,-0.939999998
3.07,0,0,0,0,475,2226,1888,1907,0.050000001,-0.100000002,-0.270000011,0,0,0,179.6699982,-0.939999998
3.08,0,0,0,0,475,2231,1888,1920,0.02,-0.090000004,0.270000011,0,0,0,179.6699982,-0.930000007
3.09,0,0,0,0,475,2226,1888,1926,-0.039999999,0.029999999,0.280000001,0,0,0,179.6699982,-0.930000007
3.1,0,0,0,0,475,2231,1888,1913,-0.039999999,0.100000002,-0.280000001,0,0,0,179.6699982,-0.939999998
3.11,0,0,0,0,476,2226,1888,1924,0.02,-0.090000004,-0.270000011,0,0,0,179.6699982,-0.930000007
3.12,0,0,0,0,476,2235,1888,1914,0.039999999,-0.07,0.239999995,0,0,0,179.6699982,-0.930000007
3.13,0,0,0,0,475,2227,1888,1924,-0.039999999,0.079999998,0.25,0,0,0,179.6699982,-0.930000007
3.14,0,0,0,0,475,2219,1888,1919,-0.050000001,0.079999998,-0.259999991,0,0,0,179.6699982,-0.930000007
3.15,0,0,0,0,475,2226,1887,1909,0.039999999,-0.059999999,-0.280000001,0,0,0,179.6699982,-0.930000007
3.16,0,0,0,0,476,2221,1888,1920,0.039999999,-0.100000002,0.280000001,0,0,0,179.6600037,-0.930000007
3.17,0,0,0,0,475,2230,1888,1910,-0.050000001,0.029999999,0.259999991,0,0,0,179.6699982,-0.930000007
3.18,0,0,0,0,476,2238,1887,1924,-0.039999999,0.07,-0.289999992,0,0,0,179.6699982,-0.930000007
3.19,0,0,0,0,475,2227,1888,1926,0.050000001,-0.079999998,-0.25,0,0,0,179.6699982,-0.930000007
3.2,0,0,0,0,476,2238,1888,1926,0,-0.100000002,0.270000011,0,0,0,179.6699982,-0.930000007
3.21,0,0,0,0,476,2228,1888,1925,-0.01,0.07,0.219999999,0,0,0,179.6699982,-0.930000007
3.22,0,0,0,0,476,2237,1888,1925,0,0.07,-0.209999993,0,0,0,179.6699982,-0.939999998
3.23,0,0,0,0,476,2233,1887,1924,0.050000001,-0.090000004,-0.200000003,0,0,0,179.6699982,-0.939999998
3.24,0,0,0,0,476,2233,1887,1911,0.050000001,-0.109999999,0.270000011,0,0,0,179.6600037,-0.930000007
3.25,0,0,0,0,475,2232,1887,1912,-0.01,0.07,0.280000001,0,0,0,179.6600037,-0.930000007
3.26,0,0,0,0,476,2223,1888,1916,-0.039999999,0.059999999,-0.25,0,0,0,179.6699982,-0.939999998
3.27,0,0,0,0,476,2233,1888,1913,0.02,-0.079999998,-0.230000004,0,0,0,179.6699982,-0.930000007
3.28,0,0,0,0,476,2224,1887,1921,0.02,-0.100000002,0.219999999,0,0,0,179.6600037,-0.930000007
3.29,0,0,0,0,476,2239,1888,1918,-0.050000001,0.090000004,0.310000002,0,0,0,179.6699982,-0.930000007
3.3,0,0,0,0,476,2237,1888,1920,-0.059999999,0.07,-0.289999992,0,0,0,179.6699982,-0.939999998
3.31,0,0,0,0,476,2230,1888,1917,0.029999999,-0.090000004,-0.230000004,0,0,0,179.6699982,-0.930000007
3.32,0,0,0,0,476,2236,1888,1918,0.029999999,-0.07,0.259999991,0,0,0,179.6600037,-0.930000007
3.33,0,0,0,0,476,2231,1887,1914,-0.039999999,0.079999998,0.300000012,0,0,0,179.6600037,-0.930000007
3.34,0,0,0,0,476,2225,1888,1914,-0.02,0.079999998,-0.319999993,0,0,0,179.6600037,-0.930000007
3.35,0,0,0,0,476,2230,1888,1915,-0.02,0.079999998,-0.319999993,0,0,0,179.6699982,-0.930000007
3.36,0,0,0,0,476,2227,1888,1915,0.059999999,-0.090000004,0.259999991,0,0,0,179.6600037,-0.930000007
3.37,0,0,0,0,476,2228,1888,1914,-0.029999999,0.039999999,0.259999991,0,0,0,179.6600037,-0.930000007
3.38,0,0,0,0,476,2228,1888,1912,-0.050000001,0.090000004,-0.280000001,0,0,0,179.6600037,-0.930000007
3.39,0,0,0,0,476,2232,1888,1917,0.039999999,-0.109999999,-0.219999999,0,0,0,179.6699982,-0.930000007
3.4,0,0,0,0,476,2233,1888,1917,0.02,-0.079999998,0.25,0,0,0,179.6600037,-0.930000007
3.41,0,0,0,0,476,2231,1888,1912,-0.050000001,0.059999999,0.259999991,0,0,0,179.6600037,-0.930000007
3.42,0,0,0,0,476,2230,1888,1912,-0.050000001,0.079999998,-0.300000012,0,0,0,179.6699982,-0.930000007
3.43,0,0,0,0,476,2231,1888,1912,0.050000001,-0.07,-0.239999995,0,0,0,179.6699982,-0.930000007
3.44,0,0,0,0,476,2227,1888,1918,0.039999999,-0.079999998,0.270000011,0,0,0,179.6600037,-0.930000007
3.45,0,0,0,0,476,2224,1888,1917,0.039999999,-0.079999998,0.270000011,0,0,0,179.6600037,-0.930000007
3.46,0,0,0,0,476,2226,1888,1906,0,0.090000004,-0.280000001,0,0,0,179.6600037,-0.930000007
3.47,0,0,0,0,476,2223,1888,1916,0.079999998,-0.140000001,-0.200000003,0,0,0,179.6600037,-0.930000007
3.48,0,0,0,0,476,2227,1888,1912,0.029999999,-0.079999998,0.270000011,0,0,0,179.6600037,-0.930000007
3.49,0,0,0,0,476,2227,1888,1924,-0.039999999,0.039999999,0.209999993,0,0,0,179.6600037,-0.930000007
3.5,0,0,0,0,476,2224,1888,1927,-0.01,0.109999999,-0.319999993,0,0,0,179.6600037,-0.930000007
3.51,0,0,0,0,476,2231,1888,1915,0.029999999,-0.100000002,-0.280000001,0,0,0,179.6699982,-0.930000007
3.52,0,0,0,0,476,2226,1888,1927,0.02,-0.059999999,0.300000012,0,0,0,179.6600037,-0.930000007
3.53,0,0,0,0,476,2233,1888,1909,-0.039999999,0.07,0.289999992,0,0,0,179.6600037,-0.930000007
3.54,0,0,0,0,476,2233,1888,1918,-0.039999999,0.109999999,-0.280000001,0,0,0,179.6600037,-0.930000007
3.55,0,0,0,0,476,2221,1887,1909,0.039999999,-0.090000004,-0.230000004,0,0,0,179.6600037,-0.930000007
3.56,0,0,0,0,476,2229,1888,1909,0.01,-0.109999999,0.280000001,0,0,0,179.6600037,-0.930000007
3.57,0,0,0,0,476,2220,1888,1920,-0.02,0.059999999,0.259999991,0,0,0,179.6600037,-0.930000007
3.58,0,0,0,0,476,2228,1888,1915,-0.029999999,0.07,-0.300000012,0,0,0,179.6600037,-0.930000007
3.59,0,0,0,0,476,2237,1888,1926,0.059999999,-0.109999999,-0.219999999,0,0,0,179.6600037,-0.930000007
3.6,0,0,0,0,476,2227,1888,1918,0.039999999,-0.100000002,0.259999991,0,0,0,179.6600037,-0.930000007
3.61,0,0,0,0,476,2239,1887,1926,-0.050000001,0.07,0.25,0,0,0,179.6600037,-0.930000007
3.62,0,0,0,0,476,2228,1888,1925,-0.029999999,0.059999999,-0.280000001,0,0,0,179.6600037,-0.930000007
3.63,0,0,0,0,476,2237,1888,1910,0.01,-0.100000002,-0.180000007,0,0,0,179.6600037,-0.930000007
3.64,0,0,0,0,476,2232,1887,1919,0.039999999,-0.079999998,0.310000002,0,0,0,179.6600037,-0.930000007
3.65,0,0,0,0,476,2222,1888,1910,-0.050000001,0.079999998,0.25,0,0,0,179.6600037,-0.930000007
3.66,0,0,0,0,476,2232,1887,1912,-0.029999999,0.059999999,-0.280000001,0,0,0,179.6600037,-0.930000007
3.67,0,0,0,0,476,2222,1888,1919,0.059999999,-0.079999998,-0.219999999,0,0,0,179.6600037,-0.930000007
3.68,0,0,0,0,476,2237,1888,1917,0.029999999,-0.079999998,0.270000011,0,0,0,179.6600037,-0.930000007
3.69,0,0,0,0,476,2228,1887,1923,-0.050000001,0.100000002,0.209999993,0,0,0,179.6600037,-0.930000007
3.7,0,0,0,0,476,2230,1887,1918,-0.02,0.059999999,-0.319999993,0,0,0,179.6600037,-0.930000007
3.71,0,0,0,0,476,2238,1888,1919,0.039999999,-0.109999999,-0.189999998,0,0,0,179.6600037,-0.930000007
3.72,0,0,0,0,476,2229,1888,1921,0.02,-0.100000002,0.310000002,0,0,0,179.6600037,-0.930000007
3.73,0,0,0,0,476,2237,1888,1912,-0.039999999,0.109999999,0.239999995,0,0,0,179.6600037,-0.930000007
3.74,0,0,0,0,476,2225,1888,1912,-0.02,0.059999999,-0.330000013,0,0,0,179.6600037,-0.930000007
3.75,0,0,0,0,476,2225,1888,1913,-0.02,0.059999999,-0.330000013,0,0,0,179.6600037,-0.930000007
3.76,0,0,0,0,476,2231,1887,1914,0.029999999,-0.07,0.310000002,0,0,0,179.6600037,-0.930000007
3.77,0,0,0,0,476,2226,1888,1911,-0.050000001,0.100000002,0.239999995,0,0,0,179.6600037,-0.930000007
3.78,0,0,0,0,476,2236,1888,1911,-0.039999999,0.059999999,-0.319999993,0,0,0,179.6600037,-0.930000007
3.79,0,0,0,0,476,2232,1888,1916,0.029999999,-0.090000004,-0.170000002,0,0,0,179.6600037,-0.930000007
3.8,0,0,0,0,476,2232,1888,1918,0.02,-0.07,0.300000012,0,0,0,179.6600037,-0.930000007
3.81,0,0,0,0,476,2234,1888,1917,-0.02,0.050000001,0.239999995,0,0,0,179.6600037,-0.930000007
3.82,0,0,0,0,477,2231,1888,1911,-0.01,0.050000001,-0.310000002,0,0,0,179.6600037,-0.930000007
3.83,0,0,0,0,476,2234,1888,1912,0.059999999,-0.109999999,-0.189999998,0,0,0,179.6600037,-0.930000007
3.84,0,0,0,0,476,2226,1888,1907,0.039999999,-0.039999999,0.300000012,0,0,0,179.6600037,-0.930000007
3.85,0,0,0,0,476,2227,1888,1912,-0.039999999,0.07,0.230000004,0,0,0,179.6600037,-0.930000007
3.86,0,0,0,0,476,2224,1888,1918,0,0.050000001,-0.289999992,0,0,0,179.6600037,-0.930000007
3.87,0,0,0,0,476,2228,1888,1907,0.039999999,-0.119999997,-0.140000001,0,0,0,179.6600037,-0.930000007
3.88,0,0,0,0,477,2230,1888,1921,0.029999999,-0.100000002,0.300000012,0,0,0,179.6600037,-0.930000007
3.89,0,0,0,0,476,2232,1888,1911,-0.039999999,0.079999998,0.180000007,0,0,0,179.6600037,-0.930000007
3.9,0,0,0,0,476,2233,1888,1921,-0.01,0.059999999,-0.310000002,0,0,0,179.6600037,-0.930000007
3.91,0,0,0,0,476,2227,1888,1922,0.039999999,-0.100000002,-0.150000006,0,0,0,179.6600037,-0.930000007
3.92,0,0,0,0,476,2232,1888,1922,0.02,-0.059999999,0.330000013,0,0,0,179.6600037,-0.930000007
3.93,0,0,0,0,476,2223,1888,1913,-0.059999999,0.100000002,0.200000003,0,0,0,179.6600037,-0.930000007
3.94,0,0,0,0,477,2226,1888,1921,-0.029999999,0.090000004,-0.340000004,0,0,0,179.6600037,-0.930000007
3.95,0,0,0,0,476,2227,1888,1921,-0.029999999,0.090000004,-0.340000004,0,0,0,179.6600037,-0.930000007
3.96,0,0,0,0,477,2223,1887,1909,0.02,-0.090000004,0.310000002,0,0,0,179.6600037,-0.930000007
3.97,0,0,0,0,477,2232,1888,1910,-0.07,0.059999999,0.189999998,0,0,0,179.6600037,-0.930000007
3.98,0,0,0,0,477,2225,1888,1910,-0.02,0.07,-0.349999994,0,0,0,179.6600037,-0.930000007
3.99,0,0,0,0,477,2234,1888,1915,0.050000001,-0.100000002,-0.170000002,0,0,0,179.6600037,-0.930000007
4,0,0,0,0,477,2232,1888,1926,0.039999999,-0.039999999,0.349999994,0,0,0,179.6600037,-0.930000007
4.01,0,0,0,0,476,2227,1888,1916,-0.059999999,0.100000002,0.209999993,0,0,0,179.6600037,-0.930000007
4.02,0,0,0,0,477,2235,1888,1918,-0.01,0.039999999,-0.360000014,0,0,0,179.6600037,-0.930000007
4.03,0,0,0,0,477,2223,1888,1921,0.07,-0.129999995,-0.209999993,0,0,0,179.6600037,-0.930000007
4.04,0,0,0,0,477,2234,1888,1912,0.059999999,-0.07,0.319999993,0,0,0,179.6600037,-0.930000007
4.05,0,0,0,0,477,2224,1887,1919,-0.039999999,0.079999998,0.170000002,0,0,0,179.6600037,-0.930000007
4.06,0,0,0,0,477,2223,1888,1912,0,0.039999999,-0.330000013,0,0,0,179.6600037,-0.930000007
4.07,0,0,0,0,477,2233,1888,1911,0.039999999,-0.109999999,-0.150000006,0,0,0,179.6600037,-0.930000007
4.08,0,0,0,0,477,2227,1888,1924,0.050000001,-0.050000001,0.349999994,0,0,0,179.6600037,-0.930000007
4.09,0,0,0,0,477,2238,1888,1924,-0.02,0.109999999,0.200000003,0,0,0,179.6600037,-0.930000007
4.1,0,0,0,0,477,2228,1888,1925,-0.01,0.050000001,-0.330000013,0,0,0,179.6600037,-0.930000007
4.11,0,0,0,0,477,2229,1888,1919,0.059999999,-0.129999995,-0.159999996,0,0,0,179.6600037,-0.930000007
4.12,0,0,0,0,477,2239,1888,1919,0.02,-0.07,0.360000014,0,0,0,179.6600037,-0.930000007
4.13,0,0,0,0,477,2226,1888,1915,-0.079999998,0.109999999,0.209999993,0,0,0,179.6600037,-0.930000007
4.14,0,0,0,0,477,2234,1887,1915,-0.029999999,0.029999999,-0.360000014,0,0,0,179.6600037,-0.930000007
4.15,0,0,0,0,477,2225,1888,1913,0.02,-0.100000002,-0.159999996,0,0,0,179.6600037,-0.930000007
4.16,0,0,0,0,477,2226,1888,1913,0.02,-0.07,0.349999994,0,0,0,179.6600037,-0.930000007
4.17,0,0,0,0,477,2230,1887,1913,-0.050000001,0.100000002,0.180000007,0,0,0,179.6600037,-0.930000007
4.18,0,0,0,0,477,2230,1888,1914,0,0.039999999,-0.349999994,0,0,0,179.6600037,-0.930000007
4.19,0,0,0,0,477,2236,1888,1920,0.07,-0.090000004,-0.159999996,0,0,0,179.6600037,-0.930000007
4.2,0,0,0,0,477,2232,1888,1915,0.039999999,-0.090000004,0.310000002,0,0,0,179.6600037,-0.930000007
4.21,0,0,0,0,477,2233,1888,1919,-0.050000001,0.07,0.200000003,0,0,0,179.6600037,-0.930000007
4.22,0,0,0,0,477,2233,1888,1915,-0.01,0.02,-0.349999994,0,0,0,179.6600037,-0.930000007
4.23,0,0,0,0,477,2227,1888,1907,0.07,-0.119999997,-0.150000006,0,0,0,179.6600037,-0.930000007
4.24,0,0,0,0,477,2228,1888,1912,0.02,-0.07,0.319999993,0,0,0,179.6600037,-0.930000007
4.25,0,0,0,0,477,2226,1888,1912,-0.059999999,0.090000004,0.180000007,0,0,0,179.6600037,-0.930000007
4.26,0,0,0,0,477,2226,1888,1912,-0.01,0.029999999,-0.349999994,0,0,0,179.6600037,-0.930000007
4.27,0,0,0,0,477,2224,1888,1917,0.059999999,-0.090000004,-0.129999995,0,0,0,179.6600037,-0.930000007
4.28,0,0,0,0,477,2231,1888,1914,0.029999999,-0.059999999,0.360000014,0,0,0,179.6600037,-0.930000007
4.29,0,0,0,0,477,2226,1888,1925,-0.039999999,0.090000004,0.200000003,0,0,0,179.6600037,-0.930000007
4.3,0,0,0,0,477,2231,1888,1912,0,0.079999998,-0.330000013,0,0,0,179.6600037,-0.930000007
4.31,0,0,0,0,477,2231,1888,1924,0.050000001,-0.109999999,-0.140000001,0,0,0,179.6600037,-0.930000007
4.32,0,0,0,0,477,2227,1888,1912,0.039999999,-0.079999998,0.349999994,0,0,0,179.6600037,-0.920000017
4.33,0,0,0,0,477,2229,1888,1912,-0.059999999,0.090000004,0.180000007,0,0,0,179.6600037,-0.930000007
4.34,0,0,0,0,477,2220,1888,1922,0.01,0.059999999,-0.360000014,0,0,0,179.6600037,-0.930000007
4.35,0,0,0,0,477,2227,1888,1910,0.07,-0.119999997,-0.180000007,0,0,0,179.6600037,-0.930000007
4.36,0,0,0,0,477,2229,1888,1923,0.039999999,-0.059999999,0.340000004,0,0,0,179.6600037,-0.930000007
4.37,0,0,0,0,477,2223,1888,1911,-0.029999999,0.100000002,0.180000007,0,0,0,179.6600037,-0.930000007
4.38,0,0,0,0,477,2237,1888,1917,-0.029999999,0.059999999,-0.319999993,0,0,0,179.6600037,-0.930000007
4.39,0,0,0,0,477,2228,1888,1926,0.050000001,-0.109999999,-0.119999997,0,0,0,179.6600037,-0.930000007
4.4,0,0,0,0,477,2239,1888,1926,0.029999999,-0.07,0.340000004,0,0,0,179.6600037,-0.920000017
4.41,0,0,0,0,477,2228,1888,1925,-0.039999999,0.079999998,0.159999996,0,0,0,179.6600037,-0.930000007
4.42,0,0,0,0,477,2228,1888,1918,-0.029999999,0.059999999,-0.330000013,0,0,0,179.6600037,-0.930000007
4.43,0,0,0,0,477,2232,1888,1914,0.059999999,-0.129999995,-0.129999995,0,0,0,179.6600037,-0.930000007
4.44,0,0,0,0,477,2224,1888,1920,0.02,-0.07,0.340000004,0,0,0,179.6600037,-0.920000017
4.45,0,0,0,0,477,2234,1888,1913,-0.039999999,0.079999998,0.189999998,0,0,0,179.6600037,-0.930000007
4.46,0,0,0,0,477,2226,1888,1919,-0.029999999,0.07,-0.360000014,0,0,0,179.6600037,-0.930000007
4.47,0,0,0,0,477,2225,1888,1913,0.07,-0.100000002,-0.170000002,0,0,0,179.6600037,-0.930000007
4.48,0,0,0,0,477,2239,1888,1918,0.050000001,-0.07,0.360000014,0,0,0,179.6600037,-0.930000007
4.49,0,0,0,0,477,2230,1888,1921,-0.029999999,0.100000002,0.209999993,0,0,0,179.6600037,-0.930000007
4.5,0,0,0,0,477,2238,1888,1919,0,0.039999999,-0.319999993,0,0,0,179.6600037,-0.930000007
4.51,0,0,0,0,477,2229,1888,1921,0.079999998,-0.109999999,-0.140000001,0,0,0,179.6600037,-0.930000007
4.52,0,0,0,0,477,2231,1888,1920,0.050000001,-0.109999999,0.370000005,0,0,0,179.6600037,-0.930000007
4.53,0,0,0,0,477,2233,1887,1913,-0.050000001,0.07,0.209999993,0,0,0,179.6600037,-0.930000007
4.54,0,0,0,0,477,2227,1888,1907,-0.039999999,0.01,-0.379999995,0,0,0,179.6600037,-0.930000007
4.55,0,0,0,0,477,2232,1887,1912,-0.039999999,0.01,-0.379999995,0,0,0,179.6600037,-0.930000007
4.56,0,0,0,0,477,2227,1888,1908,0.02,-0.059999999,0.349999994,0,0,0,179.6600037,-0.930000007
4.57,0,0,0,0,477,2227,1888,1913,-0.050000001,0.109999999,0.180000007,0,0,0,179.6600037,-0.930000007
4.58,0,0,0,0,478,2230,1888,1908,0,0.059999999,-0.349999994,0,0,0,179.6600037,-0.930000007
4.59,0,0,0,0,478,2231,1888,1912,0.039999999,-0.059999999,-0.180000007,0,0,0,179.6600037,-0.930000007
4.6,0,0,0,0,478,2231,1888,1919,0.050000001,-0.07,0.310000002,0,0,0,179.6600037,-0.930000007
4.61,0,0,0,0,478,2232,1888,1912,-0.079999998,0.109999999,0.209999993,0,0,0,179.6600037,-0.930000007
4.62,0,0,0,0,479,2233,1888,1919,-0.01,0.029999999,-0.330000013,0,0,0,179.6600037,-0.930000007
4.63,0,0,0,0,478,2223,1888,1916,0.039999999,-0.100000002,-0.129999995,0,0,0,179.6600037,-0.930000007
4.64,0,0,0,0,478,2227,1888,1907,0.050000001,-0.059999999,0.340000004,0,0,0,179.6600037,-0.930000007
4.65,0,0,0,0,478,2220,1888,1919,-0.059999999,0.079999998,0.189999998,0,0,0,179.6600037,-0.930000007
4.66,0,0,0,0,478,2226,1888,1907,-0.029999999,0.039999999,-0.389999986,0,0,0,179.6600037,-0.930000007
4.67,0,0,0,0,478,2225,1888,1919,0.050000001,-0.109999999,-0.140000001,0,0,0,179.6600037,-0.930000007
4.68,0,0,0,0,479,2226,1888,1908,0,-0.090000004,0.319999993,0,0,0,179.6600037,-0.930000007
4.69,0,0,0,0,478,2233,1888,1916,-0.029999999,0.079999998,0.189999998,0,0,0,179.6600037,-0.930000007
4.7,0,0,0,0,479,2227,1888,1916,-0.02,0.039999999,-0.340000004,0,0,0,179.6600037,-0.930000007
4.71,0,0,0,0,478,2233,1888,1916,0.059999999,-0.100000002,-0.150000006,0,0,0,179.6600037,-0.930000007
4.72,0,0,0,0,478,2233,1888,1927,0.029999999,-0.059999999,0.330000013,0,0,0,179.6600037,-0.920000017
4.73,0,0,0,0,478,2222,1888,1915,-0.029999999,0.100000002,0.200000003,0,0,0,179.6600037,-0.930000007
4.74,0,0,0,0,478,2231,1887,1909,-0.02,0.059999999,-0.330000013,0,0,0,179.6600037,-0.930000007
4.75,0,0,0,0,478,2221,1887,1920,-0.02,0.059999999,-0.330000013,0,0,0,179.6600037,-0.930000007
4.76,0,0,0,0,479,2234,1888,1910,0.02,-0.059999999,0.319999993,0,0,0,179.6600037,-0.930000007
4.77,0,0,0,0,479,2221,1888,1910,-0.050000001,0.07,0.159999996,0,0,0,179.6600037,-0.930000007
4.78,0,0,0,0,478,2228,1888,1912,-0.029999999,0.059999999,-0.340000004,0,0,0,179.6600037,-0.930000007
4.79,0,0,0,0,479,2239,1888,1919,0.039999999,-0.109999999,-0.159999996,0,0,0,179.6600037,-0.930000007
4.8,0,0,0,0,479,2229,1888,1919,0.02,-0.07,0.340000004,0,0,0,179.6600037,-0.930000007
4.81,0,0,0,0,479,2239,1888,1918,-0.02,0.079999998,0.200000003,0,0,0,179.6600037,-0.930000007
4.82,0,0,0,0,479,2230,1888,1922,-0.01,0.100000002,-0.349999994,0,0,0,179.6600037,-0.930000007
4.83,0,0,0,0,479,2225,1888,1919,0.059999999,-0.100000002,-0.170000002,0,0,0,179.6600037,-0.930000007
4.84,0,0,0,0,479,2232,1887,1913,0.029999999,-0.059999999,0.349999994,0,0,0,179.6600037,-0.920000017
4.85,0,0,0,0,478,2225,1888,1914,0.029999999,-0.059999999,0.349999994,0,0,0,179.6600037,-0.920000017
4.86,0,0,0,0,479,2232,1888,1914,-0.01,0.059999999,-0.349999994,0,0,0,179.6600037,-0.930000007
4.87,0,0,0,0,479,2226,1888,1913,0.039999999,-0.119999997,-0.170000002,0,0,0,179.6600037,-0.920000017
4.88,0,0,0,0,479,2233,1888,1914,0.02,-0.090000004,0.319999993,0,0,0,179.6600037,-0.920000017
4.89,0,0,0,0,479,2237,1888,1919,-0.07,0.109999999,0.170000002,0,0,0,179.6600037,-0.920000017
4.9,0,0,0,0,479,2232,1888,1913,-0.039999999,0.079999998,-0.340000004,0,0,0,179.6600037,-0.930000007
4.91,0,0,0,0,479,2235,1888,1913,0.07,-0.090000004,-0.159999996,0,0,0,179.6600037,-0.920000017
4.92,0,0,0,0,479,2232,1888,1913,0.039999999,-0.059999999,0.360000014,0,0,0,179.6600037,-0.920000017
4.93,0,0,0,0,479,2226,1888,1919,-0.02,0.119999997,0.189999998,0,0,0,179.6600037,-0.930000007
4.94,0,0,0,0,479,2223,1888,1908,-0.02,0.059999999,-0.349999994,0,0,0,179.6600037,-0.930000007
4.95,0,0,0,0,479,2226,1888,1918,0.059999999,-0.100000002,-0.150000006,0,0,0,179.6600037,-0.920000017
4.96,0,0,0,0,478,2225,1888,1908,0.039999999,-0.090000004,0.330000013,0,0,0,179.6600037,-0.920000017
4.97,0,0,0,0,479,2227,1888,1916,-0.039999999,0.050000001,0.209999993,0,0,0,179.6600037,-0.930000007
4.98,0,0,0,0,479,2233,1888,1920,-0.029999999,0.050000001,-0.330000013,0,0,0,179.6600037,-0.930000007
4.99,0,0,0,0,479,2228,1888,1913,0.050000001,-0.109999999,-0.140000001,0,0,0,179.6600037,-0.920000017
5,0,0,0,0,479,2232,1888,1924,0.01,-0.109999999,0.330000013,0,0,0,179.6600037,-0.920000017
5.01,0,0,0,0,479,2224,1888,1913,-0.059999999,0.100000002,0.200000003,0,0,0,179.6600037,-0.920000017
5.02,0,0,0,0,479,2231,1888,1915,-0.02,0.050000001,-0.349999994,0,0,0,179.6600037,-0.920000017
5.03,0,0,0,0,479,2227,1888,1927,0.050000001,-0.090000004,-0.180000007,0,0,0,179.6600037,-0.920000017
5.04,0,0,0,0,479,2222,1887,1909,0.07,-0.090000004,0.349999994,0,0,0,179.6600037,-0.920000017
5.05,0,0,0,0,479,2222,1887,1909,-0.039999999,0.119999997,0.219999999,0,0,0,179.6600037,-0.920000017
5.06,0,0,0,0,479,2222,1888,1910,-0.01,0.079999998,-0.340000004,0,0,0,179.6600037,-0.930000007
5.07,0,0,0,0,479,2232,1888,1911,0.050000001,-0.090000004,-0.180000007,0,0,0,179.6600037,-0.920000017
5.08,0,0,0,0,479,2235,1888,1924,0.029999999,-0.059999999,0.300000012,0,0,0,179.6600037,-0.920000017
5.09,0,0,0,0,479,2228,1888,1916,-0.079999998,0.090000004,0.209999993,0,0,0,179.6600037,-0.920000017
5.1,0,0,0,0,479,2237,1888,1918,-0.02,0.050000001,-0.360000014,0,0,0,179.6600037,-0.920000017
5.11,0,0,0,0,479,2228,1888,1925,0.02,-0.079999998,-0.159999996,0,0,0,179.6600037,-0.920000017
5.12,0,0,0,0,479,2238,1888,1919,0.029999999,-0.059999999,0.300000012,0,0,0,179.6600037,-0.920000017
5.13,0,0,0,0,479,2229,1887,1923,-0.039999999,0.079999998,0.219999999,0,0,0,179.6600037,-0.920000017
5.14,0,0,0,0,479,2225,1887,1914,-0.01,0.050000001,-0.280000001,0,0,0,179.6600037,-0.930000007
5.15,0,0,0,0,479,2233,1888,1912,0.07,-0.109999999,-0.170000002,0,0,0,179.6600037,-0.930000007
5.16,0,0,0,0,479,2225,1888,1916,0.02,-0.07,0.289999992,0,0,0,179.6600037,-0.920000017
5.17,0,0,0,0,479,2233,1888,1912,-0.02,0.050000001,0.259999991,0,0,0,179.6600037,-0.930000007
5.18,0,0,0,0,479,2225,1888,1917,-0.02,0.059999999,-0.340000004,0,0,0,179.6600037,-0.930000007
5.19,0,0,0,0,479,2230,1888,1919,0.07,-0.090000004,-0.180000007,0,0,0,179.6600037,-0.930000007
5.2,0,0,0,0,479,2236,1888,1919,0.029999999,-0.050000001,0.319999993,0,0,0,179.6600037,-0.920000017
5.21,0,0,0,0,479,2231,1888,1915,-0.050000001,0.050000001,0.25,0,0,0,179.6600037,-0.930000007
5.22,0,0,0,0,474,2236,1888,1919,-0.029999999,0.059999999,-0.340000004,0,0,0,179.6600037,-0.930000007
5.23,0,0,0,0,474,2232,1888,1914,0.029999999,-0.109999999,-0.150000006,0,0,0,179.6600037,-0.930000007
5.24,0,0,0,0,474,2226,1888,1914,0.029999999,-0.050000001,0.319999993,0,0,0,179.6600037,-0.930000007
5.25,0,0,0,0,474,2226,1888,1913,-0.039999999,0.079999998,0.230000004,0,0,0,179.6600037,-0.930000007
5.26,0,0,0,0,474,2226,1888,1913,-0.02,0.07,-0.360000014,0,0,0,179.6600037,-0.930000007
5.27,0,0,0,0,474,2224,1887,1912,0.029999999,-0.090000004,-0.180000007,0,0,0,179.6600037,-0.930000007
5.28,0,0,0,0,474,2227,1888,1912,0.02,-0.059999999,0.340000004,0,0,0,179.6600037,-0.930000007
5.29,0,0,0,0,474,2232,1888,1912,-0.059999999,0.039999999,0.209999993,0,0,0,179.6600037,-0.930000007
5.3,0,0,0,0,474,2225,1888,1914,-0.02,0.07,-0.300000012,0,0,0,179.6600037,-0.930000007
5.31,0,0,0,0,474,2232,1888,1914,0.050000001,-0.119999997,-0.230000004,0,0,0,179.6600037,-0.930000007
5.32,0,0,0,0,474,2226,1888,1914,0.029999999,-0.059999999,0.270000011,0,0,0,179.6600037,-0.930000007
5.33,0,0,0,0,474,2233,1888,1912,-0.039999999,0.059999999,0.200000003,0,0,0,179.6600037,-0.930000007
5.34,0,0,0,0,474,2231,1888,1919,-0.01,0.07,-0.330000013,0,0,0,179.6600037,-0.930000007
5.35,0,0,0,0,474,2221,1888,1910,0.02,-0.090000004,-0.189999998,0,0,0,179.6600037,-0.930000007
5.36,0,0,0,0,474,2230,1887,1912,0.039999999,-0.07,0.340000004,0,0,0,179.6600037,-0.930000007
5.37,0,0,0,0,474,2221,1888,1921,-0.029999999,0.059999999,0.259999991,0,0,0,179.6600037,-0.930000007
5.38,0,0,0,0,474,2231,1888,1917,-0.01,0.090000004,-0.319999993,0,0,0,179.6600037,-0.930000007
5.39,0,0,0,0,474,2239,1888,1926,0.050000001,-0.090000004,-0.209999993,0,0,0,179.6600037,-0.930000007
5.4,0,0,0,0,474,2229,1888,1917,0.050000001,-0.090000004,0.289999992,0,0,0,179.6600037,-0.930000007
5.41,0,0,0,0,474,2239,1888,1916,-0.02,0.100000002,0.259999991,0,0,0,179.6600037,-0.930000007
5.42,0,0,0,0,474,2228,1888,1923,-0.050000001,0.059999999,-0.330000013,0,0,0,179.6600037,-0.930000007
5.43,0,0,0,0,474,2238,1888,1923,0.059999999,-0.109999999,-0.230000004,0,0,0,179.6600037,-0.930000007
5.44,0,0,0,0,474,2233,1888,1917,0.029999999,-0.100000002,0.270000011,0,0,0,179.6600037,-0.930000007
5.45,0,0,0,0,474,2224,1888,1913,0.029999999,-0.100000002,0.270000011,0,0,0,179.6600037,-0.930000007
5.46,0,0,0,0,474,2234,1888,1914,-0.07,0.079999998,-0.360000014,0,0,0,179.6600037,-0.930000007
5.47,0,0,0,0,474,2225,1888,1913,0.02,-0.07,-0.200000003,0,0,0,179.6600037,-0.930000007
5.48,0,0,0,0,474,2237,1887,1913,0,-0.109999999,0.289999992,0,0,0,179.6600037,-0.930000007
5.49,0,0,0,0,474,2231,1888,1918,-0.07,0.090000004,0.239999995,0,0,0,179.6600037,-0.930000007
5.5,0,0,0,0,474,2236,1888,1919,-0.050000001,0.090000004,-0.340000004,0,0,0,179.6600037,-0.930000007
5.51,0,0,0,0,474,2235,1888,1919,0.050000001,-0.07,-0.239999995,0,0,0,179.6600037,-0.930000007
5.52,0,0,0,0,474,2231,1888,1919,0.039999999,-0.090000004,0.259999991,0,0,0,179.6600037,-0.930000007
5.53,0,0,0,0,474,2231,1888,1916,-0.02,0.059999999,0.270000011,0,0,0,179.6600037,-0.930000007
5.54,0,0,0,0,474,2226,1888,1907,-0.02,0.079999998,-0.319999993,0,0,0,179.6600037,-0.930000007
5.55,0,0,0,0,474,2228,1888,1914,-0.02,0.079999998,-0.319999993,0,0,0,179.6600037,-0.930000007
5.56,0,0,0,0,474,2228,1888,1911,-0.039999999,0.059999999,0.289999992,0,0,0,179.6600037,-0.930000007
5.57,0,0,0,0,474,2227,1888,1906,-0.039999999,0.059999999,0.289999992,0,0,0,179.6600037,-0.930000007
5.58,0,0,0,0,474,2227,1888,1920,-0.059999999,0.100000002,-0.319999993,0,0,0,179.6600037,-0.930000007
5.59,0,0,0,0,474,2231,1888,1912,0.02,-0.079999998,-0.25,0,0,0,179.6600037,-0.930000007
5.6,0,0,0,0,474,2230,1888,1925,0,-0.07,0.289999992,0,0,0,179.6600037,-0.930000007
5.61,0,0,0,0,474,2226,1888,1925,-0.059999999,0.079999998,0.270000011,0,0,0,179.6600037,-0.930000007
5.62,0,0,0,0,474,2231,1888,1913,-0.039999999,0.07,-0.310000002,0,0,0,179.6600037,-0.930000007
5.63,0,0,0,0,474,2228,1888,1918,0.07,-0.090000004,-0.209999993,0,0,0,179.6600037,-0.930000007
5.64,0,0,0,0,474,2229,1888,1908,0.039999999,-0.100000002,0.289999992,0,0,0,179.6600037,-0.930000007
5.65,0,0,0,0,474,2228,1887,1920,-0.029999999,0.039999999,0.270000011,0,0,0,179.6600037,-0.930000007
5.66,0,0,0,0,474,2219,1888,1920,0,0.079999998,-0.280000001,0,0,0,179.6600037,-0.930000007
5.67,0,0,0,0,474,2228,1887,1909,0.039999999,-0.100000002,-0.25,0,0,0,179.6600037,-0.930000007
5.68,0,0,0,0,475,2225,1888,1909,0.02,-0.039999999,0.170000002,0,0,0,179.6600037,-0.930000007
5.69,0,0,0,0,474,2237,1888,1917,-0.150000006,0.140000001,0.270000011,0,0,0,179.6600037,-0.930000007
5.7,0,0,0,0,474,2240,1888,1927,-0.079999998,0.159999996,-0.330000013,0,0,0,179.6600037,-0.930000007
5.71,0,0,0,0,474,2228,1888,1924,0,-0.039999999,-0.310000002,0,0,0,179.6600037,-0.930000007
5.72,0,0,0,0,475,2239,1888,1918,0.01,-0.050000001,0.319999993,0,0,0,179.6600037,-0.930000007
5.73,0,0,0,0,474,2227,1888,1917,-0.059999999,0.100000002,0.219999999,0,0,0,179.6600037,-0.930000007
5.74,0,0,0,0,475,2232,1888,1911,-0.050000001,0.140000001,-0.270000011,0,0,0,179.6600037,-0.930000007
5.75,0,0,0,0,475,2232,1887,1917,0.039999999,-0.029999999,-0.230000004,0,0,0,179.6600037,-0.930000007
5.76,0,0,0,0,475,2224,1888,1914,0.059999999,-0.079999998,0.270000011,0,0,0,179.6600037,-0.930000007
5.77,0,0,0,0,475,2232,1888,1914,-0.029999999,0.039999999,0.259999991,0,0,0,179.6600037,-0.930000007
5.78,0,0,0,0,475,2230,1888,1915,0,0.079999998,-0.280000001,0,0,0,179.6600037,-0.930000007
5.79,0,0,0,0,475,2237,1888,1919,0.079999998,-0.170000002,-0.300000012,0,0,0,179.6600037,-0.930000007
5.8,0,0,0,0,475,2237,1888,1915,0.07,-0.180000007,0.25,0,0,0,179.6600037,-0.930000007
5.81,0,0,0,0,474,2232,1888,1918,-0.059999999,-0.07,0.239999995,0,0,0,179.6600037,-0.930000007
5.82,0,0,0,0,474,2233,1888,1917,-0.079999998,0,-0.330000013,0,0,0,179.6600037,-0.930000007
5.83,0,0,0,0,475,2227,1888,1907,0,-0.109999999,-0.270000011,0,0,0,179.6600037,-0.930000007
5.84,0,0,0,0,475,2229,1888,1912,0.02,-0.07,0.189999998,0,0,0,179.6600037,-0.930000007
5.85,0,0,0,0,475,2225,1887,1906,0.02,-0.07,0.189999998,0,0,0,179.6600037,-0.930000007
5.86,0,0,0,0,474,2227,1888,1913,-0.039999999,0.189999998,-0.209999993,0,0,0,179.6600037,-0.930000007
5.87,0,0,0,0,475,2226,1888,1915,0.050000001,0.02,-0.170000002,0,0,0,179.6600037,-0.930000007
5.88,0,0,0,0,475,2232,1888,1913,0.039999999,-0.01,0.310000002,0,0,0,179.6600037,-0.930000007
5.89,0,0,0,0,475,2228,1888,1923,-0.029999999,0.100000002,0.310000002,0,0,0,179.6600037,-0.930000007
5.9,0,0,0,0,475,2232,1888,1912,-0.01,0.050000001,-0.280000001,0,0,0,179.6600037,-0.930000007
5.91,0,0,0,0,475,2232,1888,1922,0.050000001,-0.140000001,-0.239999995,0,0,0,179.6600037,-0.930000007
5.92,0,0,0,0,474,2227,1888,1922,0.050000001,-0.170000002,0.230000004,0,0,0,179.6600037,-0.930000007
5.93,0,0,0,0,475,2228,1888,1907,-0.050000001,0,0.25,0,0,0,179.6600037,-0.930000007
5.94,0,0,0,0,475,2220,1888,1921,-0.050000001,0.050000001,-0.280000001,0,0,0,179.6600037,-0.930000007
5.95,0,0,0,0,475,2227,1888,1908,0.01,-0.07,-0.270000011,0,0,0,179.6600037,-0.930000007
5.96,0,0,0,0,475,2227,1888,1922,0.01,-0.039999999,0.25,0,0,0,179.6600037,-0.930000007
5.97,0,0,0,0,475,2221,1888,1920,-0.050000001,0.100000002,0.219999999,0,0,0,179.6600037,-0.930000007
5.98,0,0,0,0,475,2233,1888,1914,-0.050000001,0.140000001,-0.300000012,0,0,0,179.6600037,-0.930000007
5.99,0,0,0,0,475,2226,1888,1924,0.059999999,-0.07,-0.219999999,0,0,0,179.6600037,-0.930000007
6,0,0,0,0,475,2236,1888,1915,0.039999999,-0.07,0.280000001,0,0,0,179.6600037,-0.930000007
6.01,0,0,0,0,475,2233,1888,1926,-0.01,0.02,0.330000013,0,0,0,179.6600037,-0.930000007
6.02,0,0,0,0,475,2226,1888,1926,-0.01,0.059999999,-0.239999995,0,0,0,179.6600037,-0.930000007
6.03,0,0,0,0,475,2229,1888,1911,0.039999999,-0.090000004,-0.180000007,0,0,0,179.6600037,-0.930000007
6.04,0,0,0,0,475,2222,1888,1920,0.079999998,-0.07,0.259999991,0,0,0,179.6600037,-0.930000007
6.05,0,0,0,0,475,2232,1887,1910,-0.02,0.050000001,0.289999992,0,0,0,179.6600037,-0.930000007
6.06,0,0,0,0,475,2234,1887,1920,-0.01,0.109999999,-0.259999991,0,0,0,179.6600037,-0.930000007
6.07,0,0,0,0,475,2222,1888,1919,0.02,-0.079999998,-0.239999995,0,0,0,179.6600037,-0.930000007
6.08,0,0,0,0,475,2237,1887,1916,0.01,-0.079999998,0.219999999,0,0,0,179.6600037,-0.930000007
6.09,0,0,0,0,475,2226,1888,1925,-0.090000004,0.050000001,0.230000004,0,0,0,179.6600037,-0.930000007
6.1,0,0,0,0,475,2236,1888,1917,-0.050000001,0.059999999,-0.25,0,0,0,179.6600037,-0.930000007
6.11,0,0,0,0,475,2238,1887,1926,0.01,-0.129999995,-0.259999991,0,0,0,179.6600037,-0.930000007
6.12,0,0,0,0,475,2228,1888,1917,0.029999999,-0.109999999,0.25,0,0,0,179.6600037,-0.930000007
6.13,0,0,0,0,475,2235,1887,1912,-0.01,0.079999998,0.270000011,0,0,0,179.6600037,-0.930000007
6.14,0,0,0,0,475,2222,1888,1917,0,0.079999998,-0.230000004,0,0,0,179.6600037,-0.930000007
6.15,0,0,0,0,475,2222,1888,1911,0,0.079999998,-0.230000004,0,0,0,179.6600037,-0.930000007
6.16,0,0,0,0,475,2233,1888,1917,0.059999999,-0.07,0.289999992,0,0,0,179.6600037,-0.930000007
6.17,0,0,0,0,475,2223,1888,1912,-0.039999999,0.090000004,0.310000002,0,0,0,179.6600037,-0.930000007
6.18,0,0,0,0,475,2237,1887,1919,-0.01,0.109999999,-0.219999999,0,0,0,179.6600037,-0.930000007
6.19,0,0,0,0,475,2228,1888,1919,0.029999999,-0.039999999,-0.219999999,0,0,0,179.6600037,-0.930000007
6.2,0,0,0,0,475,2238,1888,1919,0.01,-0.059999999,0.280000001,0,0,0,179.6600037,-0.930000007
6.21,0,0,0,0,475,2229,1888,1922,-0.07,0.079999998,0.219999999,0,0,0,179.6600037,-0.930000007
6.22,0,0,0,0,475,2229,1888,1917,-0.050000001,0.050000001,-0.319999993,0,0,0,179.6600037,-0.930000007
6.23,0,0,0,0,475,2233,1887,1911,0.039999999,-0.129999995,-0.230000004,0,0,0,179.6600037,-0.930000007
6.24,0,0,0,0,475,2223,1888,1918,0.029999999,-0.119999997,0.289999992,0,0,0,179.6600037,-0.930000007
6.25,0,0,0,0,474,2233,1888,1911,-0.059999999,0.050000001,0.209999993,0,0,0,179.6600037,-0.930000007
6.26,0,0,0,0,474,2222,1887,1918,0,0.029999999,-0.25,0,0,0,179.6600037,-0.930000007
6.27,0,0,0,0,474,2222,1888,1912,0.050000001,-0.100000002,-0.189999998,0,0,0,179.6600037,-0.930000007
6.28,0,0,0,0,474,2238,1887,1918,0.01,-0.07,0.310000002,0,0,0,179.6600037,-0.930000007
6.29,0,0,0,0,474,2227,1888,1918,-0.039999999,0.119999997,0.200000003,0,0,0,179.6600037,-0.930000007
6.3,0,0,0,0,474,2237,1887,1916,0,0.029999999,-0.349999994,0,0,0,179.6600037,-0.930000007
6.31,0,0,0,0,474,2227,1888,1924,0.059999999,-0.119999997,-0.129999995,0,0,0,179.6600037,-0.930000007
6.32,0,0,0,0,474,2227,1888,1916,0.01,-0.090000004,0.310000002,0,0,0,179.6600037,-0.930000007
6.33,0,0,0,0,474,2234,1887,1909,-0.079999998,0.100000002,0.100000002,0,0,0,179.6600037,-0.930000007
6.34,0,0,0,0,474,2221,1888,1920,-0.01,0.02,-0.349999994,0,0,0,179.6600037,-0.930000007
6.35,0,0,0,0,474,2227,1887,1909,0.050000001,-0.100000002,-0.090000004,0,0,0,179.6600037,-0.930000007
6.36,0,0,0,0,474,2219,1888,1921,0.01,-0.039999999,0.349999994,0,0,0,179.6600037,-0.930000007
6.37,0,0,0,0,474,2222,1887,1910,-0.07,0.140000001,0.119999997,0,0,0,179.6600037,-0.930000007
6.38,0,0,0,0,474,2222,1888,1913,-0.01,0,-0.319999993,0,0,0,179.6600037,-0.930000007
6.39,0,0,0,0,474,2228,1888,1913,0.050000001,-0.090000004,-0.050000001,0,0,0,179.6600037,-0.930000007
6.4,0,0,0,0,474,2231,1888,1923,-0.01,-0.039999999,0.360000014,0,0,0,179.6600037,-0.930000007
6.41,0,0,0,0,474,2229,1888,1919,-0.079999998,0.100000002,-0.01,0,0,0,179.6600037,-0.930000007
6.42,0,0,0,0,474,2230,1888,1912,0.01,-0.01,-0.330000013,0,0,0,179.6600037,-0.930000007
6.43,0,0,0,0,474,2226,1888,1906,0.039999999,-0.100000002,0.02,0,0,0,179.6600037,-0.930000007
6.44,0,0,0,0,474,2229,1888,1914,-0.029999999,-0.02,0.340000004,0,0,0,179.6600037,-0.930000007
6.45,0,0,0,0,474,2226,1888,1908,-0.059999999,0.090000004,-0.059999999,0,0,0,179.6600037,-0.930000007
6.46,0,0,0,0,474,2232,1888,1914,0.029999999,-0.090000004,-0.300000012,0,0,0,179.6600037,-0.930000007
6.47,0,0,0,0,474,2233,1888,1915,0.059999999,-0.119999997,0.090000004,0,0,0,179.6600037,-0.930000007
6.48,0,0,0,0,474,2229,1888,1912,-0.01,0,0.300000012,0,0,0,179.6600037,-0.930000007
6.49,0,0,0,0,474,2238,1888,1925,-0.050000001,0.090000004,-0.100000002,0,0,0,179.6600037,-0.930000007
6.5,0,0,0,0,474,2227,1888,1926,0.02,-0.050000001,-0.239999995,0,0,0,179.6600037,-0.930000007
6.51,0,0,0,0,474,2237,1887,1926,0,-0.079999998,0.140000001,0,0,0,179.6499939,-0.930000007
6.52,0,0,0,0,474,2233,1888,1928,-0.039999999,0.109999999,0.239999995,0,0,0,179.6600037,-0.930000007
6.53,0,0,0,0,474,2220,1888,1915,-0.029999999,0.090000004,-0.200000003,0,0,0,179.6600037,-0.930000007
6.54,0,0,0,0,474,2227,1888,1907,0.059999999,-0.07,-0.209999993,0,0,0,179.6600037,-0.930000007
6.55,0,0,0,0,475,2225,1888,1907,0.029999999,-0.050000001,0.270000011,0,0,0,179.6600037,-0.930000007
6.56,0,0,0,0,475,2228,1888,1905,-0.039999999,0.129999995,0.189999998,0,0,0,179.6600037,-0.930000007
6.57,0,0,0,0,476,2231,1888,1911,0,0.029999999,-0.180000007,0,0,0,179.6600037,-0.930000007
6.58,0,0,0,0,475,2238,1888,1910,0.050000001,-0.180000007,-0.090000004,0,0,0,179.6600037,-0.930000007
6.59,0,0,0,0,476,2228,1888,1918,0.01,-0.050000001,0.270000011,0,0,0,179.6600037,-0.930000007
6.6,0,0,0,0,475,2239,1888,1925,-0.050000001,0.100000002,0.039999999,0,0,0,179.6600037,-0.930000007
6.61,0,0,0,0,475,2226,1887,1927,0,-0.050000001,-0.349999994,0,0,0,179.6600037,-0.930000007
6.62,0,0,0,0,475,2239,1888,1916,0.01,-0.109999999,-0.07,0,0,0,179.6600037,-0.930000007
6.63,0,0,0,0,476,2228,1888,1927,-0.07,0.01,0.239999995,0,0,0,179.6600037,-0.930000007
6.64,0,0,0,0,475,2221,1888,1919,-0.050000001,0.140000001,-0.02,0,0,0,179.6600037,-0.930000007
6.65,0,0,0,0,476,2226,1888,1906,0.039999999,-0.039999999,-0.259999991,0,0,0,179.6600037,-0.930000007
6.66,0,0,0,0,475,2228,1888,1910,0.039999999,-0.090000004,0.050000001,0,0,0,179.6600037,-0.930000007
6.67,0,0,0,0,476,2225,1887,1907,-0.01,0.079999998,0.280000001,0,0,0,179.6600037,-0.930000007
6.68,0,0,0,0,475,2228,1888,1912,0,0.07,-0.050000001,0,0,0,179.6600037,-0.930000007
6.69,0,0,0,0,475,2228,1887,1918,0.090000004,-0.140000001,-0.119999997,0,0,0,179.6600037,-0.930000007
6.7,0,0,0,0,476,2226,1888,1928,0.029999999,-0.079999998,0.200000003,0,0,0,179.6600037,-0.930000007
6.71,0,0,0,0,476,2235,1887,1914,-0.050000001,0.090000004,0.159999996,0,0,0,179.6600037,-0.930000007
6.72,0,0,0,0,475,2226,1888,1925,0,0.01,-0.189999998,0,0,0,179.6600037,-0.930000007
6.73,0,0,0,0,476,2224,1888,1912,0.029999999,-0.109999999,-0.140000001,0,0,0,179.6600037,-0.930000007
6.74,0,0,0,0,476,2225,1888,1913,-0.02,-0.039999999,0.189999998,0,0,0,179.6600037,-0.930000007
6.75,0,0,0,0,476,2231,1888,1908,-0.090000004,0.140000001,0,0,0,0,179.6600037,-0.930000007
6.76,0,0,0,0,475,2223,1888,1911,0,-0.029999999,-0.270000011,0,0,0,179.6600037,-0.930000007
6.77,0,0,0,0,476,2234,1888,1915,0.02,-0.100000002,-0.029999999,0,0,0,179.6600037,-0.930000007
6.78,0,0,0,0,476,2236,1888,1925,-0.029999999,0.039999999,0.230000004,0,0,0,179.6600037,-0.930000007
6.79,0,0,0,0,476,2224,1888,1928,-0.029999999,0.119999997,-0.029999999,0,0,0,179.6600037,-0.930000007
6.8,0,0,0,0,476,2231,1888,1913,0.02,-0.07,-0.180000007,0,0,0,179.6600037,-0.930000007
6.81,0,0,0,0,476,2230,1888,1918,0.02,-0.079999998,0.140000001,0,0,0,179.6600037,-0.930000007
6.82,0,0,0,0,476,2231,1888,1912,-0.079999998,0.059999999,0.25,0,0,0,179.6600037,-0.930000007
6.83,0,0,0,0,476,2223,1888,1917,0.02,0.039999999,-0.129999995,0,0,0,179.6600037,-0.930000007
6.84,0,0,0,0,476,2233,1887,1911,0.039999999,-0.119999997,-0.129999995,0,0,0,179.6600037,-0.930000007
6.85,0,0,0,0,476,2220,1888,1922,0.01,-0.059999999,0.180000007,0,0,0,179.6600037,-0.930000007
6.86,0,0,0,0,476,2229,1887,1909,-0.050000001,0.150000006,0.059999999,0,0,0,179.6600037,-0.930000007
6.87,0,0,0,0,476,2221,1888,1920,0,-0.01,-0.270000011,0,0,0,179.6600037,-0.930000007
6.88,0,0,0,0,476,2234,1888,1912,0.039999999,-0.119999997,-0.07,0,0,0,179.6600037,-0.930000007
6.89,0,0,0,0,476,2232,1888,1918,-0.02,0.029999999,0.200000003,0,0,0,179.6499939,-0.930000007
6.9,0,0,0,0,476,2238,1888,1917,-0.039999999,0.150000006,0,0,0,0,179.6600037,-0.930000007
6.91,0,0,0,0,476,2229,1888,1925,0.029999999,-0.090000004,-0.140000001,0,0,0,179.6600037,-0.930000007
6.92,0,0,0,0,476,2240,1888,1925,0.029999999,-0.119999997,0.079999998,0,0,0,179.6600037,-0.930000007
6.93,0,0,0,0,476,2225,1888,1926,-0.039999999,0.07,0.230000004,0,0,0,179.6600037,-0.930000007
6.94,0,0,0,0,476,2220,1888,1908,0.01,0.050000001,-0.100000002,0,0,0,179.6600037,-0.930000007
6.95,0,0,0,0,476,2226,1888,1907,0.050000001,-0.119999997,-0.109999999,0,0,0,179.6600037,-0.930000007
6.96,0,0,0,0,476,2231,1887,1914,0.01,-0.07,0.209999993,0,0,0,179.6499939,-0.930000007
6.97,0,0,0,0,476,2226,1888,1912,-0.050000001,0.079999998,0.129999995,0,0,0,179.6499939,-0.930000007
6.98,0,0,0,0,476,2235,1888,1916,-0.01,-0.029999999,-0.239999995,0,0,0,179.6499939,-0.930000007
6.99,0,0,0,0,476,2233,1888,1927,0.039999999,-0.129999995,-0.059999999,0,0,0,179.6499939,-0.930000007
7,0,0,0,0,476,2225,1888,1926,-0.050000001,0,0.200000003,0,0,0,179.6499939,-0.930000007
7.01,0,0,0,0,476,2231,1888,1910,-0.029999999,0.140000001,-0.050000001,0,0,0,179.6600037,-0.930000007
7.02,0,0,0,0,476,2233,1888,1917,0.039999999,-0.059999999,-0.25,0,0,0,179.6600037,-0.930000007
7.03,0,0,0,0,476,2231,1887,1915,0.02,-0.100000002,0.059999999,0,0,0,179.6600037,-0.930000007
7.04,0,0,0,0,476,2224,1888,1914,-0.07,0.079999998,0.239999995,0,0,0,179.6600037,-0.930000007
7.05,0,0,0,0,476,2233,1887,1910,-0.039999999,0.079999998,-0.100000002,0,0,0,179.6600037,-0.930000007
7.06,0,0,0,0,476,2222,1888,1920,0.029999999,-0.100000002,-0.140000001,0,0,0,179.6600037,-0.930000007
7.07,0,0,0,0,476,2228,1888,1905,0,-0.07,0.209999993,0,0,0,179.6600037,-0.930000007
7.08,0,0,0,0,476,2224,1888,1917,-0.02,0.100000002,0.129999995,0,0,0,179.6600037,-0.930000007
7.09,0,0,0,0,476,2237,1888,1914,0.029999999,0,-0.180000007,0,0,0,179.6600037,-0.930000007
7.1,0,0,0,0,476,2229,1888,1924,0.050000001,-0.109999999,-0.050000001,0,0,0,179.6600037,-0.930000007
7.11,0,0,0,0,476,2238,1888,1918,-0.02,0.01,0.209999993,0,0,0,179.6600037,-0.930000007
7.12,0,0,0,0,476,2226,1888,1927,-0.050000001,0.090000004,0,0,0,0,179.6600037,-0.930000007
7.13,0,0,0,0,476,2232,1888,1910,0.039999999,-0.079999998,-0.259999991,0,0,0,179.6600037,-0.930000007
7.14,0,0,0,0,476,2226,1888,1918,0.01,-0.129999995,0.07,0,0,0,179.6600037,-0.930000007
7.15,0,0,0,0,476,2232,1888,1913,0.01,-0.129999995,0.07,0,0,0,179.6600037,-0.930000007
7.16,0,0,0,0,476,2224,1888,1914,-0.02,0.039999999,-0.129999995,0,0,0,179.6600037,-0.930000007
7.17,0,0,0,0,476,2233,1888,1911,0.050000001,-0.109999999,-0.119999997,0,0,0,179.6600037,-0.930000007
7.18,0,0,0,0,476,2224,1888,1926,0,-0.050000001,0.270000011,0,0,0,179.6600037,-0.930000007
7.19,0,0,0,0,476,2226,1888,1913,-0.029999999,0.150000006,0.129999995,0,0,0,179.6600037,-0.930000007
7.2,0,0,0,0,476,2231,1888,1912,0,0,-0.189999998,0,0,0,179.6600037,-0.930000007
7.21,0,0,0,0,476,2236,1887,1918,0.039999999,-0.090000004,-0.059999999,0,0,0,179.6600037,-0.930000007
7.22,0,0,0,0,476,2230,1888,1919,-0.039999999,0,0.209999993,0,0,0,179.6600037,-0.930000007
7.23,0,0,0,0,476,2240,1888,1912,-0.050000001,0.100000002,-0.059999999,0,0,0,179.6600037,-0.930000007
7.24,0,0,0,0,476,2230,1887,1919,0,-0.07,-0.230000004,0,0,0,179.6600037,-0.930000007
7.25,0,0,0,0,476,2221,1888,1909,0,-0.090000004,0.02,0,0,0,179.6600037,-0.920000017
7.26,0,0,0,0,476,2225,1888,1906,-0.07,0.129999995,0.140000001,0,0,0,179.6600037,-0.930000007
7.27,0,0,0,0,476,2227,1888,1911,0,0.079999998,-0.150000006,0,0,0,179.6600037,-0.930000007
7.28,0,0,0,0,476,2229,1888,1918,0.07,-0.119999997,-0.090000004,0,0,0,179.6600037,-0.920000017
7.29,0,0,0,0,476,2238,1888,1918,0.029999999,-0.039999999,0.219999999,0,0,0,179.6600037,-0.920000017
7.3,0,0,0,0,476,2240,1888,1927,0,0.119999997,0.100000002,0,0,0,179.6600037,-0.920000017
7.31,0,0,0,0,476,2226,1888,1928,0.029999999,-0.01,-0.209999993,0,0,0,179.6600037,-0.920000017
7.32,0,0,0,0,476,2233,1888,1928,0.039999999,-0.119999997,0.01,0,0,0,179.6600037,-0.920000017
7.33,0,0,0,0,476,2226,1888,1918,-0.039999999,-0.02,0.239999995,0,0,0,179.6600037,-0.920000017
7.34,0,0,0,0,476,2226,1888,1907,-0.059999999,0.079999998,-0.059999999,0,0,0,179.6600037,-0.920000017
7.35,0,0,0,0,476,2224,1888,1911,0.029999999,-0.090000004,-0.189999998,0,0,0,179.6600037,-0.920000017
7.36,0,0,0,0,476,2234,1887,1912,0.029999999,-0.100000002,0.07,0,0,0,179.6600037,-0.920000017
7.37,0,0,0,0,476,2221,1888,1920,-0.050000001,0.059999999,0.180000007,0,0,0,179.6600037,-0.920000017
7.38,0,0,0,0,476,2234,1888,1915,0,0.059999999,-0.170000002,0,0,0,179.6600037,-0.930000007
7.39,0,0,0,0,476,2234,1888,1927,0.059999999,-0.109999999,-0.109999999,0,0,0,179.6600037,-0.930000007
7.4,0,0,0,0,476,2230,1888,1912,0.029999999,-0.039999999,0.230000004,0,0,0,179.6600037,-0.920000017
7.41,0,0,0,0,476,2233,1888,1912,-0.029999999,0.159999996,0.129999995,0,0,0,179.6600037,-0.920000017
7.42,0,0,0,0,476,2236,1888,1918,0.039999999,0.02,-0.189999998,0,0,0,179.6600037,-0.930000007
7.43,0,0,0,0,477,2230,1888,1914,0.039999999,-0.119999997,0,0,0,0,179.6600037,-0.920000017
7.44,0,0,0,0,476,2234,1888,1911,-0.02,0,0.25,0,0,0,179.6600037,-0.920000017
7.45,0,0,0,0,476,2235,1887,1919,-0.07,0.119999997,-0.01,0,0,0,179.6600037,-0.930000007
7.46,0,0,0,0,476,2220,1887,1910,0.029999999,-0.079999998,-0.239999995,0,0,0,179.6600037,-0.920000017
7.47,0,0,0,0,477,2227,1887,1909,0,-0.170000002,0.01,0,0,0,179.6600037,-0.920000017
7.48,0,0,0,0,476,2224,1888,1928,-0.050000001,0.029999999,0.170000002,0,0,0,179.6600037,-0.920000017
7.49,0,0,0,0,477,2232,1888,1913,-0.029999999,0.059999999,-0.129999995,0,0,0,179.6600037,-0.930000007
7.5,0,0,0,0,476,2233,1888,1919,0.029999999,-0.090000004,-0.180000007,0,0,0,179.6600037,-0.930000007
7.51,0,0,0,0,477,2237,1888,1917,0,-0.07,0.150000006,0,0,0,179.6600037,-0.920000017
7.52,0,0,0,0,477,2230,1888,1917,-0.050000001,0.140000001,0.170000002,0,0,0,179.6600037,-0.930000007
7.53,0,0,0,0,477,2236,1888,1912,0.01,0.050000001,-0.180000007,0,0,0,179.6600037,-0.930000007
7.54,0,0,0,0,477,2223,1888,1919,0.079999998,-0.079999998,-0.119999997,0,0,0,179.6600037,-0.930000007
7.55,0,0,0,0,477,2221,1888,1911,0,-0.039999999,0.219999999,0,0,0,179.6600037,-0.930000007
7.56,0,0,0,0,476,2233,1887,1910,-0.050000001,0.119999997,0.07,0,0,0,179.6600037,-0.930000007
7.57,0,0,0,0,477,2221,1887,1922,0.02,0,-0.280000001,0,0,0,179.6600037,-0.930000007
7.58,0,0,0,0,477,2232,1888,1913,0.02,-0.140000001,-0.059999999,0,0,0,179.6600037,-0.920000017
7.59,0,0,0,0,477,2226,1888,1925,-0.039999999,-0.050000001,0.239999995,0,0,0,179.6600037,-0.920000017
7.6,0,0,0,0,476,2231,1888,1912,-0.050000001,0.109999999,0.029999999,0,0,0,179.6600037,-0.930000007
7.61,0,0,0,0,477,2231,1888,1917,0.050000001,-0.07,-0.200000003,0,0,0,179.6600037,-0.930000007
7.62,0,0,0,0,477,2236,1888,1917,0.050000001,-0.090000004,0.100000002,0,0,0,179.6600037,-0.930000007
7.63,0,0,0,0,477,2225,1888,1910,-0.02,0.059999999,0.349999994,0,0,0,179.6600037,-0.930000007
7.64,0,0,0,0,477,2232,1887,1910,-0.02,0.119999997,-0.090000004,0,0,0,179.6600037,-0.930000007
7.65,0,0,0,0,477,2233,1887,1918,-0.02,0.119999997,-0.090000004,0,0,0,179.6600037,-0.930000007
7.66,0,0,0,0,477,2223,1887,1912,0.02,-0.090000004,0.109999999,0,0,0,179.6600037,-0.930000007
7.67,0,0,0,0,477,2235,1887,1911,-0.059999999,0.059999999,0.209999993,0,0,0,179.6600037,-0.930000007
7.68,0,0,0,0,477,2226,1888,1911,-0.050000001,0.01,-0.209999993,0,0,0,179.6600037,-0.930000007
7.69,0,0,0,0,477,2235,1888,1926,0.02,-0.119999997,-0.189999998,0,0,0,179.6600037,-0.930000007
7.7,0,0,0,0,477,2225,1888,1926,-0.01,-0.079999998,0.189999998,0,0,0,179.6600037,-0.930000007
7.71,0,0,0,0,477,2227,1888,1913,-0.090000004,0.119999997,0.119999997,0,0,0,179.6600037,-0.930000007
7.72,0,0,0,0,477,2230,1888,1912,0,0.02,-0.25,0,0,0,179.6600037,-0.930000007
7.73,0,0,0,0,477,2225,1888,1912,0.079999998,-0.07,-0.100000002,0,0,0,179.6600037,-0.930000007
7.74,0,0,0,0,477,2225,1888,1907,0.029999999,0,0.259999991,0,0,0,179.6600037,-0.930000007
7.75,0,0,0,0,477,2228,1888,1912,0,0.150000006,0.119999997,0,0,0,179.6600037,-0.930000007
7.76,0,0,0,0,477,2231,1887,1909,0.059999999,0,-0.219999999,0,0,0,179.6600037,-0.930000007
7.77,0,0,0,0,477,2225,1888,1910,0.050000001,-0.109999999,0,0,0,0,179.6600037,-0.930000007
7.78,0,0,0,0,477,2237,1888,1918,-0.039999999,-0.029999999,0.270000011,0,0,0,179.6600037,-0.930000007
7.79,0,0,0,0,477,2229,1888,1918,-0.109999999,0.059999999,-0.01,0,0,0,179.6600037,-0.930000007
7.8,0,0,0,0,477,2238,1888,1917,-0.039999999,-0.090000004,-0.330000013,0,0,0,179.6600037,-0.930000007
7.81,0,0,0,0,477,2237,1888,1923,-0.01,-0.129999995,-0.039999999,0,0,0,179.6600037,-0.930000007
7.82,0,0,0,0,477,2227,1888,1926,-0.079999998,0.01,0.200000003,0,0,0,179.6600037,-0.930000007
7.83,0,0,0,0,478,2232,1888,1912,-0.050000001,0.119999997,-0.140000001,0,0,0,179.6600037,-0.930000007
7.84,0,0,0,0,478,2223,1887,1920,0.029999999,-0.039999999,-0.209999993,0,0,0,179.6600037,-0.930000007
7.85,0,0,0,0,478,2232,1888,1909,0.050000001,-0.039999999,0.170000002,0,0,0,179.6600037,-0.930000007
7.86,0,0,0,0,478,2227,1888,1921,0.01,0.100000002,0.340000004,0,0,0,179.6600037,-0.930000007
7.87,0,0,0,0,478,2219,1888,1921,0.059999999,0.109999999,-0.07,0,0,0,179.6600037,-0.930000007
7.88,0,0,0,0,478,2230,1888,1912,0.109999999,-0.079999998,-0.119999997,0,0,0,179.6600037,-0.930000007
7.89,0,0,0,0,478,2226,1888,1923,0.07,-0.129999995,0.189999998,0,0,0,179.6600037,-0.920000017
7.9,0,0,0,0,478,2231,1888,1912,-0.039999999,0.02,0.209999993,0,0,0,179.6600037,-0.930000007
7.91,0,0,0,0,478,2232,1888,1919,-0.029999999,-0.02,-0.230000004,0,0,0,179.6600037,-0.930000007
7.92,0,0,0,0,478,2232,1888,1912,0,-0.129999995,-0.25,0,0,0,179.6600037,-0.920000017
7.93,0,0,0,0,478,2228,1888,1909,-0.050000001,-0.090000004,0.140000001,0,0,0,179.6600037,-0.920000017
7.94,0,0,0,0,478,2227,1888,1913,-0.090000004,0.100000002,0.079999998,0,0,0,179.6600037,-0.920000017
7.95,0,0,0,0,478,2226,1888,1907,-0.01,0.02,-0.270000011,0,0,0,179.6600037,-0.930000007
7.96,0,0,0,0,478,2225,1888,1911,0.059999999,-0.059999999,-0.100000002,0,0,0,179.6600037,-0.930000007
7.97,0,0,0,0,478,2233,1887,1907,0.029999999,-0.02,0.310000002,0,0,0,179.6600037,-0.920000017
7.98,0,0,0,0,478,2229,1888,1918,-0.02,0.140000001,0.159999996,0,0,0,179.6600037,-0.930000007
7.99,0,0,0,0,478,2238,1887,1919,0.029999999,0.01,-0.230000004,0,0,0,179.6600037,-0.930000007
8,0,0,0,0,478,2230,1888,1922,0.059999999,-0.119999997,-0.079999998,0,0,0,179.6600037,-0.920000017
8.01,0,0,0,0,478,2230,1888,1918,-0.01,-0.050000001,0.300000012,0,0,0,179.6600037,-0.920000017
8.02,0,0,0,0,478,2240,1888,1922,-0.050000001,0.090000004,0.029999999,0,0,0,179.6600037,-0.930000007
8.03,0,0,0,0,478,2224,1888,1918,0.01,-0.039999999,-0.330000013,0,0,0,179.6600037,-0.930000007
8.04,0,0,0,0,478,2233,1888,1912,0.01,-0.109999999,-0.050000001,0,0,0,179.6600037,-0.920000017
8.05,0,0,0,0,478,2223,1888,1917,-0.029999999,-0.01,0.319999993,0,0,0,179.6600037,-0.920000017
8.06,0,0,0,0,478,2232,1888,1912,-0.050000001,0.150000006,-0.02,0,0,0,179.6600037,-0.930000007
8.07,0,0,0,0,478,2232,1887,1920,0.029999999,-0.029999999,-0.280000001,0,0,0,179.6600037,-0.930000007
8.08,0,0,0,0,478,2228,1888,1926,0.050000001,-0.090000004,0.029999999,0,0,0,179.6600037,-0.920000017
8.09,0,0,0,0,478,2238,1888,1917,0,0.02,0.340000004,0,0,0,179.6600037,-0.920000017
8.1,0,0,0,0,478,2228,1888,1926,-0.02,0.100000002,-0.050000001,0,0,0,179.6600037,-0.920000017
8.11,0,0,0,0,478,2237,1888,1915,0.029999999,-0.079999998,-0.259999991,0,0,0,179.6600037,-0.920000017
8.12,0,0,0,0,478,2234,1888,1926,0.029999999,-0.129999995,0.119999997,0,0,0,179.6600037,-0.920000017
8.13,0,0,0,0,478,2220,1888,1919,-0.050000001,0.029999999,0.310000002,0,0,0,179.6600037,-0.920000017
8.14,0,0,0,0,478,2228,1888,1908,-0.050000001,0.07,-0.109999999,0,0,0,179.6600037,-0.920000017
8.15,0,0,0,0,478,2220,1888,1920,0.059999999,-0.079999998,-0.310000002,0,0,0,179.6600037,-0.920000017
8.16,0,0,0,0,478,2231,1888,1909,0.02,-0.079999998,0.129999995,0,0,0,179.6600037,-0.920000017
8.17,0,0,0,0,479,2229,1887,1922,-0.029999999,0.090000004,0.270000011,0,0,0,179.6600037,-0.920000017
8.18,0,0,0,0,478,2225,1887,1910,-0.02,0.07,-0.189999998,0,0,0,179.6600037,-0.920000017
8.19,0,0,0,0,478,2232,1888,1927,0.050000001,-0.050000001,-0.239999995,0,0,0,179.6600037,-0.920000017
8.2,0,0,0,0,478,2225,1888,1925,0.050000001,-0.079999998,0.129999995,0,0,0,179.6600037,-0.920000017
8.21,0,0,0,0,479,2231,1888,1913,-0.039999999,0.07,0.270000011,0,0,0,179.6600037,-0.920000017
8.22,0,0,0,0,478,2234,1888,1923,-0.029999999,0.079999998,-0.239999995,0,0,0,179.6600037,-0.920000017
8.23,0,0,0,0,478,2221,1888,1913,0.02,-0.090000004,-0.230000004,0,0,0,179.6600037,-0.920000017
8.24,0,0,0,0,478,2225,1888,1909,0,-0.100000002,0.25,0,0,0,179.6600037,-0.920000017
8.25,0,0,0,0,479,2219,1888,1921,-0.050000001,0.090000004,0.230000004,0,0,0,179.6600037,-0.920000017
8.26,0,0,0,0,478,2225,1888,1908,0,0.050000001,-0.230000004,0,0,0,179.6600037,-0.930000007
8.27,0,0,0,0,478,2226,1888,1919,0.050000001,-0.079999998,-0.159999996,0,0,0,179.6600037,-0.930000007
8.28,0,0,0,0,478,2229,1888,1922,0.039999999,-0.100000002,0.289999992,0,0,0,179.6600037,-0.920000017
8.29,0,0,0,0,478,2232,1888,1912,0,0.07,0.219999999,0,0,0,179.6600037,-0.920000017
8.3,0,0,0,0,478,2226,1888,1922,0.02,0.039999999,-0.289999992,0,0,0,179.6600037,-0.930000007
8.31,0,0,0,0,479,2231,1888,1912,0.039999999,-0.150000006,-0.170000002,0,0,0,179.6600037,-0.930000007
8.32,0,0,0,0,478,2231,1888,1926,-0.090000004,0.079999998,0.170000002,0,0,0,179.6600037,-0.930000007
8.33,0,0,0,0,479,2221,1888,1913,-0.090000004,0.079999998,0.170000002,0,0,0,179.6600037,-0.930000007
8.34,0,0,0,0,478,2227,1888,1919,-0.01,0.02,-0.289999992,0,0,0,179.6600037,-0.930000007
8.35,0,0,0,0,479,2224,1887,1906,0.02,-0.119999997,-0.109999999,0,0,0,179.6600037,-0.930000007
8.36,0,0,0,0,479,2228,1888,1915,0,-0.02,0.330000013,0,0,0,179.6600037,-0.930000007
8.37,0,0,0,0,479,2227,1888,1907,-0.050000001,0.140000001,0.129999995,0,0,0,179.6600037,-0.930000007
8.38,0,0,0,0,478,2227,1888,1907,-0.01,0.059999999,-0.310000002,0,0,0,179.6600037,-0.930000007
8.39,0,0,0,0,478,2227,1888,1923,0.079999998,-0.109999999,-0.100000002,0,0,0,179.6600037,-0.930000007
8.4,0,0,0,0,479,2231,1888,1912,0,-0.039999999,0.340000004,0,0,0,179.6499939,-0.930000007
8.41,0,0,0,0,478,2228,1888,1921,-0.029999999,0.07,0.090000004,0,0,0,179.6600037,-0.930000007
8.42,0,0,0,0,478,2230,1888,1919,0,-0.059999999,-0.310000002,0,0,0,179.6600037,-0.930000007
8.43,0,0,0,0,479,2225,1888,1914,0.059999999,-0.159999996,-0.050000001,0,0,0,179.6600037,-0.930000007
8.44,0,0,0,0,478,2227,1888,1915,0.01,-0.050000001,0.370000005,0,0,0,179.6499939,-0.920000017
8.45,0,0,0,0,479,2223,1888,1907,-0.059999999,0.129999995,0.059999999,0,0,0,179.6600037,-0.930000007
8.46,0,0,0,0,479,2227,1888,1918,0.01,0.039999999,-0.319999993,0,0,0,179.6600037,-0.930000007
8.47,0,0,0,0,479,2223,1888,1916,0.050000001,-0.079999998,0,0,0,0,179.6600037,-0.930000007
8.48,0,0,0,0,479,2230,1888,1905,-0.02,-0.02,0.370000005,0,0,0,179.6499939,-0.920000017
8.49,0,0,0,0,479,2230,1888,1919,-0.050000001,0.150000006,0,0,0,0,179.6600037,-0.930000007
8.5,0,0,0,0,479,2228,1888,1913,0,-0.02,-0.330000013,0,0,0,179.6600037,-0.930000007
8.51,0,0,0,0,479,2231,1888,1922,0.039999999,-0.119999997,-0.059999999,0,0,0,179.6600037,-0.920000017
8.52,0,0,0,0,479,2226,1888,1926,0,-0.039999999,0.360000014,0,0,0,179.6600037,-0.920000017
8.53,0,0,0,0,479,2233,1888,1912,-0.039999999,0.079999998,-0.01,0,0,0,179.6600037,-0.930000007
8.54,0,0,0,0,479,2227,1887,1915,0.039999999,-0.050000001,-0.319999993,0,0,0,179.6600037,-0.930000007
8.55,0,0,0,0,479,2227,1888,1906,0.07,-0.090000004,0.059999999,0,0,0,179.6600037,-0.920000017
8.56,0,0,0,0,479,2226,1888,1911,0,0.02,0.409999996,0,0,0,179.6600037,-0.920000017
8.57,0,0,0,0,479,2222,1888,1906,-0.050000001,0.159999996,0,0,0,0,179.6600037,-0.930000007
8.58,0,0,0,0,479,2225,1888,1912,0.01,-0.029999999,-0.319999993,0,0,0,179.6600037,-0.930000007
8.59,0,0,0,0,479,2231,1888,1925,0.01,-0.079999998,0,0,0,0,179.6600037,-0.930000007
8.6,0,0,0,0,479,2231,1888,1914,-0.039999999,-0.02,0.300000012,0,0,0,179.6600037,-0.920000017
8.61,0,0,0,0,479,2232,1888,1922,-0.090000004,0.100000002,-0.100000002,0,0,0,179.6600037,-0.930000007
8.62,0,0,0,0,479,2229,1888,1921,-0.02,-0.100000002,-0.349999994,0,0,0,179.6600037,-0.930000007
8.63,0,0,0,0,479,2222,1888,1911,0.02,-0.119999997,0,0,0,0,179.6600037,-0.930000007
8.64,0,0,0,0,479,2222,1888,1915,-0.050000001,-0.01,0.319999993,0,0,0,179.6600037,-0.930000007
8.65,0,0,0,0,479,2219,1887,1906,-0.029999999,0.109999999,-0.079999998,0,0,0,179.6600037,-0.930000007
8.66,0,0,0,0,479,2225,1888,1920,0.079999998,-0.029999999,-0.300000012,0,0,0,179.6600037,-0.930000007
8.67,0,0,0,0,479,2221,1888,1906,0.07,-0.079999998,0.129999995,0,0,0,179.6600037,-0.930000007
8.68,0,0,0,0,479,2226,1888,1912,0,0.050000001,0.349999994,0,0,0,179.6600037,-0.930000007
8.69,0,0,0,0,479,2228,1888,1912,0,0.109999999,-0.100000002,0,0,0,179.6600037,-0.930000007
8.7,0,0,0,0,479,2234,1888,1913,0.029999999,-0.050000001,-0.330000013,0,0,0,179.6600037,-0.930000007
8.71,0,0,0,0,479,2231,1888,1923,0.02,-0.109999999,0.079999998,0,0,0,179.6600037,-0.930000007
8.72,0,0,0,0,479,2225,1888,1913,-0.050000001,0,0.280000001,0,0,0,179.6600037,-0.930000007
8.73,0,0,0,0,479,2221,1888,1912,-0.079999998,0.07,-0.180000007,0,0,0,179.6600037,-0.930000007
8.74,0,0,0,0,479,2225,1888,1918,0.02,-0.07,-0.349999994,0,0,0,179.6600037,-0.930000007
8.75,0,0,0,0,479,2221,1888,1907,0.050000001,-0.090000004,0.140000001,0,0,0,179.6600037,-0.920000017
8.76,0,0,0,0,479,2227,1888,1919,-0.029999999,0.07,0.319999993,0,0,0,179.6600037,-0.920000017
8.77,0,0,0,0,479,2221,1888,1909,-0.039999999,0.109999999,-0.100000002,0,0,0,179.6600037,-0.930000007
8.78,0,0,0,0,479,2227,1888,1913,0.039999999,-0.050000001,-0.200000003,0,0,0,179.6600037,-0.930000007
8.79,0,0,0,0,479,2231,1888,1927,0.050000001,-0.07,0.140000001,0,0,0,179.6600037,-0.920000017
8.8,0,0,0,0,479,2231,1888,1913,-0.02,0.059999999,0.310000002,0,0,0,179.6600037,-0.920000017
8.81,0,0,0,0,479,2226,1888,1925,-0.02,0.090000004,-0.230000004,0,0,0,179.6600037,-0.930000007
8.82,0,0,0,0,479,2226,1888,1913,0.02,-0.050000001,-0.310000002,0,0,0,179.6600037,-0.930000007
8.83,0,0,0,0,479,2236,1888,1914,0.029999999,-0.090000004,0.180000007,0,0,0,179.6600037,-0.920000017
8.84,0,0,0,0,479,2220,1888,1921,-0.07,0.059999999,0.289999992,0,0,0,179.6600037,-0.930000007
8.85,0,0,0,0,479,2228,1888,1910,-0.07,0.090000004,-0.239999995,0,0,0,179.6600037,-0.930000007
8.86,0,0,0,0,479,2220,1888,1922,0.01,-0.059999999,-0.239999995,0,0,0,179.6600037,-0.930000007
8.87,0,0,0,0,479,2221,1888,1909,0.01,-0.050000001,0.189999998,0,0,0,179.6600037,-0.920000017
8.88,0,0,0,0,479,2230,1887,1914,-0.039999999,0.059999999,0.270000011,0,0,0,179.6600037,-0.930000007
8.89,0,0,0,0,479,2230,1888,1924,-0.01,0.079999998,-0.25,0,0,0,179.6600037,-0.930000007
8.9,0,0,0,0,479,2226,1888,1915,0.079999998,-0.100000002,-0.25,0,0,0,179.6600037,-0.930000007
8.91,0,0,0,0,479,2234,1888,1926,0.07,-0.109999999,0.239999995,0,0,0,179.6600037,-0.930000007
8.92,0,0,0,0,479,2225,1888,1916,-0.050000001,0.029999999,0.300000012,0,0,0,179.6600037,-0.930000007
8.93,0,0,0,0,479,2232,1888,1913,-0.029999999,0.07,-0.209999993,0,0,0,179.6600037,-0.930000007
8.94,0,0,0,0,479,2231,1888,1921,0.029999999,-0.090000004,-0.189999998,0,0,0,179.6600037,-0.930000007
8.95,0,0,0,0,479,2231,1887,1910,0.01,-0.07,0.219999999,0,0,0,179.6600037,-0.930000007
8.96,0,0,0,0,479,2223,1887,1920,-0.07,0.090000004,0.259999991,0,0,0,179.6600037,-0.930000007
8.97,0,0,0,0,479,2221,1888,1910,-0.039999999,0.090000004,-0.300000012,0,0,0,179.6600037,-0.930000007
8.98,0,0,0,0,479,2233,1888,1915,0.01,-0.079999998,-0.230000004,0,0,0,179.6600037,-0.930000007
8.99,0,0,0,0,479,2225,1888,1926,0.039999999,-0.07,0.270000011,0,0,0,179.6600037,-0.920000017
9,0,0,0,0,479,2234,1888,1916,-0.029999999,0.059999999,0.289999992,0,0,0,179.6600037,-0.930000007
9.01,0,0,0,0,479,2226,1888,1927,0.02,0.050000001,-0.259999991,0,0,0,179.6600037,-0.930000007
9.02,0,0,0,0,479,2227,1888,1917,0.059999999,-0.140000001,-0.159999996,0,0,0,179.6600037,-0.920000017
9.03,0,0,0,0,479,2239,1887,1911,0.050000001,-0.109999999,0.239999995,0,0,0,179.6499939,-0.920000017
9.04,0,0,0,0,479,2233,1888,1919,-0.039999999,0.039999999,0.239999995,0,0,0,179.6499939,-0.920000017
9.05,0,0,0,0,479,2221,1887,1911,-0.029999999,0.050000001,-0.310000002,0,0,0,179.6600037,-0.930000007
9.06,0,0,0,0,479,2230,1887,1919,0.02,-0.129999995,-0.209999993,0,0,0,179.6600037,-0.930000007
9.07,0,0,0,0,479,2230,1888,1911,0,-0.029999999,0.25,0,0,0,179.6600037,-0.920000017
9.08,0,0,0,0,479,2234,1887,1919,-0.109999999,0.140000001,0.230000004,0,0,0,179.6600037,-0.930000007
9.09,0,0,0,0,479,2227,1888,1925,-0.039999999,0.100000002,-0.319999993,0,0,0,179.6600037,-0.930000007
9.1,0,0,0,0,479,2227,1887,1918,0.050000001,-0.07,-0.189999998,0,0,0,179.6600037,-0.930000007
9.11,0,0,0,0,479,2237,1888,1926,0.029999999,-0.039999999,0.340000004,0,0,0,179.6600037,-0.920000017
9.12,0,0,0,0,479,2228,1888,1917,-0.02,0.109999999,0.180000007,0,0,0,179.6600037,-0.930000007
9.13,0,0,0,0,479,2236,1888,1925,0.029999999,0,-0.310000002,0,0,0,179.6600037,-0.930000007
9.14,0,0,0,0,479,2222,1888,1919,0.059999999,-0.129999995,-0.159999996,0,0,0,179.6600037,-0.920000017
9.15,0,0,0,0,480,2222,1887,1909,0.079999998,-0.07,0.319999993,0,0,0,179.6600037,-0.920000017
9.16,0,0,0,0,479,2222,1887,1919,-0.029999999,0.039999999,0.180000007,0,0,0,179.6600037,-0.920000017
9.17,0,0,0,0,479,2221,1888,1911,-0.01,0,-0.270000011,0,0,0,179.6600037,-0.920000017
9.18,0,0,0,0,479,2237,1887,1920,0.029999999,-0.100000002,-0.119999997,0,0,0,179.6600037,-0.920000017
9.19,0,0,0,0,479,2237,1888,1926,-0.02,-0.059999999,0.330000013,0,0,0,179.6600037,-0.920000017
9.2,0,0,0,0,479,2237,1888,1917,-0.07,0.119999997,0.150000006,0,0,0,179.6600037,-0.920000017
9.21,0,0,0,0,479,2228,1888,1925,-0.01,0.07,-0.300000012,0,0,0,179.6600037,-0.920000017
9.22,0,0,0,0,480,2239,1888,1917,0.039999999,-0.07,-0.150000006,0,0,0,179.6600037,-0.920000017
9.23,0,0,0,0,480,2238,1887,1923,0,-0.039999999,0.319999993,0,0,0,179.6600037,-0.920000017
9.24,0,0,0,0,479,2223,1887,1917,-0.059999999,0.109999999,0.100000002,0,0,0,179.6600037,-0.920000017
9.25,0,0,0,0,479,2222,1887,1911,0.01,-0.02,-0.300000012,0,0,0,179.6600037,-0.920000017
9.26,0,0,0,0,480,2222,1888,1919,0.050000001,-0.119999997,-0.079999998,0,0,0,179.6600037,-0.920000017
9.27,0,0,0,0,480,2232,1888,1913,0.029999999,-0.059999999,0.310000002,0,0,0,179.6499939,-0.920000017
9.28,0,0,0,0,479,2238,1887,1920,-0.029999999,0.129999995,0.100000002,0,0,0,179.6600037,-0.920000017
9.29,0,0,0,0,479,2229,1888,1924,0,-0.02,-0.300000012,0,0,0,179.6600037,-0.920000017
9.3,0,0,0,0,480,2239,1888,1916,0.039999999,-0.090000004,-0.039999999,0,0,0,179.6600037,-0.920000017
9.31,0,0,0,0,479,2228,1888,1923,0,-0.029999999,0.319999993,0,0,0,179.6600037,-0.920000017
9.32,0,0,0,0,479,2238,1888,1916,-0.07,0.119999997,0.050000001,0,0,0,179.6600037,-0.920000017
9.33,0,0,0,0,479,2226,1888,1924,0,-0.029999999,-0.360000014,0,0,0,179.6600037,-0.920000017
9.34,0,0,0,0,480,2223,1887,1919,0.029999999,-0.079999998,-0.039999999,0,0,0,179.6600037,-0.920000017
9.35,0,0,0,0,480,2233,1887,1912,-0.039999999,-0.01,0.319999993,0,0,0,179.6600037,-0.920000017
9.36,0,0,0,0,480,2224,1888,1919,-0.039999999,0.109999999,0.059999999,0,0,0,179.6600037,-0.920000017
9.37,0,0,0,0,480,2235,1887,1913,0.01,-0.029999999,-0.310000002,0,0,0,179.6600037,-0.920000017
9.38,0,0,0,0,479,2239,1887,1917,0.059999999,-0.109999999,-0.01,0,0,0,179.6600037,-0.920000017
9.39,0,0,0,0,478,2230,1888,1923,0,-0.029999999,0.379999995,0,0,0,179.6600037,-0.920000017
9.4,0,0,0,0,478,2239,1888,1919,-0.07,0.090000004,-0.01,0,0,0,179.6600037,-0.920000017
9.41,0,0,0,0,479,2230,1888,1924,0.02,-0.029999999,-0.370000005,0,0,0,179.6600037,-0.920000017
9.42,0,0,0,0,478,2238,1888,1920,0.029999999,-0.100000002,-0.02,0,0,0,179.6600037,-0.920000017
9.43,0,0,0,0,478,2235,1888,1924,-0.01,-0.029999999,0.370000005,0,0,0,179.6600037,-0.920000017
9.44,0,0,0,0,479,2225,1888,1915,-0.050000001,0.129999995,-0.090000004,0,0,0,179.6600037,-0.920000017
9.45,0,0,0,0,479,2226,1888,1913,0.02,-0.039999999,-0.330000013,0,0,0,179.6600037,-0.920000017
9.46,0,0,0,0,479,2234,1888,1917,0.090000004,-0.079999998,0,0,0,0,179.6499939,-0.920000017
9.47,0,0,0,0,478,2225,1888,1913,0.01,-0.01,0.370000005,0,0,0,179.6499939,-0.920000017
9.48,0,0,0,0,479,2238,1887,1917,-0.050000001,0.119999997,-0.02,0,0,0,179.6499939,-0.920000017
9.49,0,0,0,0,479,2238,1888,1918,0,-0.01,-0.340000004,0,0,0,179.6499939,-0.920000017
9.5,0,0,0,0,479,2239,1888,1919,0.01,-0.090000004,0.050000001,0,0,0,179.6499939,-0.920000017
9.51,0,0,0,0,479,2239,1888,1919,-0.039999999,0.02,0.389999986,0,0,0,179.6600037,-0.920000017
9.52,0,0,0,0,479,2239,1888,1920,-0.119999997,0.129999995,-0.090000004,0,0,0,179.6600037,-0.920000017
9.53,0,0,0,0,478,2234,1888,1922,0,-0.029999999,-0.310000002,0,0,0,179.6600037,-0.920000017
9.54,0,0,0,0,478,2226,1888,1914,0,-0.100000002,0.039999999,0,0,0,179.6600037,-0.920000017
9.55,0,0,0,0,479,2226,1887,1914,-0.050000001,-0.02,0.349999994,0,0,0,179.6600037,-0.920000017
9.56,0,0,0,0,479,2226,1888,1912,-0.050000001,0.079999998,-0.079999998,0,0,0,179.6600037,-0.920000017
9.57,0,0,0,0,479,2225,1888,1914,0.050000001,-0.07,-0.370000005,0,0,0,179.6600037,-0.920000017
9.58,0,0,0,0,479,2236,1888,1909,0.079999998,-0.109999999,0.090000004,0,0,0,179.6499939,-0.920000017
9.59,0,0,0,0,479,2236,1888,1918,0.01,-0.029999999,0.370000005,0,0,0,179.6499939,-0.920000017
9.6,0,0,0,0,479,2237,1888,1920,-0.029999999,0.140000001,-0.100000002,0,0,0,179.6499939,-0.920000017
9.61,0,0,0,0,479,2237,1888,1919,0.029999999,-0.07,-0.330000013,0,0,0,179.6499939,-0.920000017
9.62,0,0,0,0,479,2232,1888,1920,0.050000001,-0.090000004,0.109999999,0,0,0,179.6499939,-0.920000017
9.63,0,0,0,0,479,2232,1888,1917,-0.050000001,0.039999999,0.310000002,0,0,0,179.6600037,-0.920000017
9.64,0,0,0,0,479,2227,1888,1913,-0.07,0.150000006,-0.140000001,0,0,0,179.6600037,-0.920000017
9.65,0,0,0,0,479,2231,1887,1911,-0.02,-0.050000001,-0.300000012,0,0,0,179.6600037,-0.920000017
9.66,0,0,0,0,479,2226,1888,1909,0,-0.039999999,0.090000004,0,0,0,179.6600037,-0.920000017
9.67,0,0,0,0,479,2226,1888,1912,-0.079999998,0.029999999,0.340000004,0,0,0,179.6600037,-0.920000017
9.68,0,0,0,0,479,2226,1888,1911,-0.07,0.109999999,-0.109999999,0,0,0,179.6600037,-0.920000017
9.69,0,0,0,0,479,2232,1888,1920,0.01,-0.100000002,-0.289999992,0,0,0,179.6600037,-0.920000017
9.7,0,0,0,0,479,2235,1888,1919,0.050000001,-0.109999999,0.129999995,0,0,0,179.6600037,-0.920000017
9.71,0,0,0,0,479,2236,1888,1912,-0.01,0.01,0.330000013,0,0,0,179.6600037,-0.920000017
9.72,0,0,0,0,479,2236,1888,1918,-0.029999999,0.119999997,-0.170000002,0,0,0,179.6600037,-0.920000017
9.73,0,0,0,0,479,2227,1888,1912,0.039999999,-0.07,-0.300000012,0,0,0,179.6600037,-0.920000017
9.74,0,0,0,0,479,2226,1888,1913,0.050000001,-0.07,0.159999996,0,0,0,179.6499939,-0.920000017
9.75,0,0,0,0,479,2224,1888,1916,-0.059999999,0.059999999,0.300000012,0,0,0,179.6600037,-0.920000017
9.76,0,0,0,0,479,2227,1888,1907,-0.07,0.140000001,-0.180000007,0,0,0,179.6600037,-0.920000017
9.77,0,0,0,0,479,2227,1888,1907,0.02,-0.039999999,-0.289999992,0,0,0,179.6600037,-0.920000017
9.78,0,0,0,0,479,2227,1888,1907,0.039999999,-0.079999998,0.140000001,0,0,0,179.6600037,-0.920000017
9.79,0,0,0,0,479,2233,1888,1920,-0.039999999,0.029999999,0.300000012,0,0,0,179.6600037,-0.920000017
9.8,0,0,0,0,479,2230,1888,1912,-0.029999999,0.079999998,-0.209999993,0,0,0,179.6600037,-0.920000017
9.81,0,0,0,0,479,2233,1888,1913,0.039999999,-0.050000001,-0.300000012,0,0,0,179.6600037,-0.920000017
9.82,0,0,0,0,479,2231,1888,1924,0.050000001,-0.090000004,0.180000007,0,0,0,179.6600037,-0.920000017
9.83,0,0,0,0,479,2222,1888,1913,-0.039999999,0.02,0.360000014,0,0,0,179.6600037,-0.920000017
9.84,0,0,0,0,479,2225,1888,1918,-0.029999999,0.079999998,-0.189999998,0,0,0,179.6600037,-0.920000017
9.85,0,0,0,0,479,2223,1888,1907,0.01,-0.079999998,-0.289999992,0,0,0,179.6600037,-0.920000017
9.86,0,0,0,0,479,2228,1888,1910,0.029999999,-0.109999999,0.150000006,0,0,0,179.6600037,-0.920000017
9.87,0,0,0,0,479,2228,1888,1910,-0.039999999,0.039999999,0.280000001,0,0,0,179.6600037,-0.920000017
9.88,0,0,0,0,479,2227,1888,1908,-0.029999999,0.100000002,-0.230000004,0,0,0,179.6600037,-0.920000017
9.89,0,0,0,0,479,2227,1888,1927,0.02,-0.039999999,-0.280000001,0,0,0,179.6600037,-0.920000017
9.9,0,0,0,0,479,2226,1888,1913,0.059999999,-0.079999998,0.200000003,0,0,0,179.6600037,-0.920000017
9.91,0,0,0,0,479,2226,1888,1913,-0.039999999,0.090000004,0.310000002,0,0,0,179.6600037,-0.920000017
9.92,0,0,0,0,479,2226,1888,1926,-0.029999999,0.100000002,-0.189999998,0,0,0,179.6600037,-0.920000017
9.93,0,0,0,0,479,2220,1888,1915,0,0,-0.239999995,0,0,0,179.6600037,-0.920000017
9.94,0,0,0,0,479,2228,1888,1922,0.02,-0.050000001,0.209999993,0,0,0,179.6600037,-0.920000017
9.95,0,0,0,0,479,2228,1887,1910,-0.07,0.059999999,0.300000012,0,0,0,179.6600037,-0.920000017
9.96,0,0,0,0,479,2228,1888,1910,-0.059999999,0.050000001,-0.280000001,0,0,0,179.6600037,-0.920000017
9.97,0,0,0,0,479,2232,1888,1910,0.039999999,-0.129999995,-0.300000012,0,0,0,179.6600037,-0.920000017
9.98,0,0,0,0,479,2232,1888,1910,0.07,-0.140000001,0.150000006,0,0,0,179.6600037,-0.920000017
9.99,0,0,0,0,479,2227,1887,1925,-0.01,0.01,0.280000001,0,0,0,179.6600037,-0.920000017
10,0,0,0,0,479,2227,1888,1916,-0.01,0.079999998,-0.239999995,0,0,0,179.6600037,-0.920000017
10.01,0,0,0,0,479,2236,1888,1917,0.059999999,-0.119999997,-0.209999993,0,0,0,179.6600037,-0.920000017
10.02,0,0,0,0,479,2235,1888,1927,0.07,-0.079999998,0.300000012,0,0,0,179.6499939,-0.920000017
10.03,0,0,0,0,479,2235,1888,1918,-0.039999999,0.100000002,0.349999994,0,0,0,179.6600037,-0.920000017
10.04,0,0,0,0,479,2233,1887,1921,-0.050000001,0.129999995,-0.209999993,0,0,0,179.6600037,-0.930000007
10.05,0,0,0,0,479,2233,1887,1912,0,-0.01,-0.209999993,0,0,0,179.6600037,-0.920000017
10.06,0,0,0,0,479,2234,1887,1911,0.02,-0.029999999,0.219999999,0,0,0,179.6600037,-0.920000017
10.07,0,0,0,0,479,2223,1888,1911,-0.07,0.140000001,0.259999991,0,0,0,179.6600037,-0.920000017
10.08,0,0,0,0,479,2227,1887,1910,-0.039999999,0.100000002,-0.270000011,0,0,0,179.6600037,-0.920000017
10.09,0,0,0,0,479,2227,1887,1925,0.02,-0.079999998,-0.209999993,0,0,0,179.6600037,-0.920000017
10.1,0,0,0,0,479,2227,1888,1918,0.050000001,-0.119999997,0.280000001,0,0,0,179.6600037,-0.920000017
10.11,0,0,0,0,479,2238,1888,1918,-0.07,-0.01,0.230000004,0,0,0,179.6600037,-0.920000017
10.12,0,0,0,0,479,2228,1888,1926,0,0,-0.259999991,0,0,0,179.6600037,-0.920000017
10.13,0,0,0,0,479,2224,1887,1918,0.059999999,-0.129999995,-0.219999999,0,0,0,179.6600037,-0.920000017
10.14,0,0,0,0,479,2234,1887,1918,0.039999999,-0.100000002,0.300000012,0,0,0,179.6499939,-0.920000017
10.15,0,0,0,0,479,2223,1888,1912,-0.029999999,0.100000002,0.219999999,0,0,0,179.6499939,-0.920000017
10.16,0,0,0,0,479,2232,1887,1918,0,0.07,-0.280000001,0,0,0,179.6499939,-0.920000017
10.17,0,0,0,0,479,2232,1888,1912,0.059999999,-0.07,-0.159999996,0,0,0,179.6499939,-0.920000017
10.18,0,0,0,0,479,2232,1887,1913,0.039999999,-0.01,0.289999992,0,0,0,179.6499939,-0.920000017
10.19,0,0,0,0,479,2229,1887,1920,-0.07,0.100000002,0.200000003,0,0,0,179.6499939,-0.920000017
10.2,0,0,0,0,479,2230,1888,1920,-0.059999999,0.07,-0.310000002,0,0,0,179.6600037,-0.920000017
10.21,0,0,0,0,479,2239,1888,1922,0.029999999,-0.100000002,-0.209999993,0,0,0,179.6600037,-0.920000017
10.22,0,0,0,0,479,2230,1888,1923,0.02,-0.059999999,0.289999992,0,0,0,179.6600037,-0.920000017
10.23,0,0,0,0,479,2238,1888,1917,-0.059999999,0.07,0.189999998,0,0,0,179.6600037,-0.920000017
10.24,0,0,0,0,479,2224,1887,1917,0,0.02,-0.310000002,0,0,0,179.6600037,-0.920000017
10.25,0,0,0,0,478,2223,1888,1912,0.029999999,-0.109999999,-0.159999996,0,0,0,179.6600037,-0.920000017
10.26,0,0,0,0,478,2233,1887,1917,0.029999999,-0.07,0.330000013,0,0,0,179.6600037,-0.920000017
10.27,0,0,0,0,479,2224,1888,1916,-0.02,0.090000004,0.189999998,0,0,0,179.6600037,-0.920000017
10.28,0,0,0,0,479,2234,1888,1914,0.01,0.01,-0.280000001,0,0,0,179.6600037,-0.920000017
10.29,0,0,0,0,479,2230,1888,1921,0.059999999,-0.090000004,-0.119999997,0,0,0,179.6600037,-0.920000017
10.3,0,0,0,0,479,2240,1888,1919,0.029999999,-0.079999998,0.319999993,0,0,0,179.6600037,-0.920000017
10.31,0,0,0,0,479,2238,1888,1921,-0.050000001,0.090000004,0.159999996,0,0,0,179.6600037,-0.920000017
10.32,0,0,0,0,479,2230,1888,1920,0,0.01,-0.310000002,0,0,0,179.6600037,-0.920000017
10.33,0,0,0,0,479,2237,1888,1919,0.02,-0.109999999,-0.109999999,0,0,0,179.6600037,-0.920000017
10.34,0,0,0,0,479,2232,1888,1913,0.02,-0.090000004,0.280000001,0,0,0,179.6499939,-0.920000017
10.35,0,0,0,0,479,2232,1888,1914,-0.039999999,0.129999995,0.109999999,0,0,0,179.6600037,-0.920000017
10.36,0,0,0,0,479,2233,1887,1915,0,0,-0.370000005,0,0,0,179.6600037,-0.930000007
10.37,0,0,0,0,479,2226,1888,1916,0.029999999,-0.059999999,-0.090000004,0,0,0,179.6600037,-0.920000017
10.38,0,0,0,0,479,2233,1887,1918,0,-0.050000001,0.349999994,0,0,0,179.6499939,-0.920000017
10.39,0,0,0,0,479,2238,1888,1921,-0.059999999,0.150000006,0.159999996,0,0,0,179.6600037,-0.930000007
10.4,0,0,0,0,479,2229,1888,1918,0,0.01,-0.340000004,0,0,0,179.6600037,-0.930000007
10.41,0,0,0,0,479,2229,1887,1917,0.079999998,-0.07,-0.059999999,0,0,0,179.6600037,-0.920000017
10.42,0,0,0,0,479,2229,1888,1918,0.02,-0.059999999,0.370000005,0,0,0,179.6499939,-0.920000017
10.43,0,0,0,0,479,2225,1888,1918,-0.029999999,0.109999999,0.090000004,0,0,0,179.6499939,-0.920000017
10.44,0,0,0,0,479,2225,1888,1914,0.02,-0.02,-0.340000004,0,0,0,179.6600037,-0.920000017
10.45,0,0,0,0,479,2231,1888,1914,0.059999999,-0.119999997,-0.079999998,0,0,0,179.6499939,-0.920000017
10.46,0,0,0,0,479,2233,1888,1912,-0.02,-0.07,0.349999994,0,0,0,179.6499939,-0.920000017
10.47,0,0,0,0,479,2226,1888,1913,-0.090000004,0.090000004,0.059999999,0,0,0,179.6600037,-0.920000017
10.48,0,0,0,0,479,2232,1887,1918,-0.029999999,-0.02,-0.340000004,0,0,0,179.6600037,-0.920000017
10.49,0,0,0,0,479,2237,1888,1915,0,-0.129999995,-0.050000001,0,0,0,179.6600037,-0.920000017
10.5,0,0,0,0,479,2231,1888,1918,-0.01,-0.050000001,0.400000006,0,0,0,179.6600037,-0.920000017
10.51,0,0,0,0,479,2234,1888,1917,-0.079999998,0.090000004,0.039999999,0,0,0,179.6600037,-0.920000017
10.52,0,0,0,0,479,2231,1888,1915,-0.01,0.01,-0.330000013,0,0,0,179.6600037,-0.930000007
10.53,0,0,0,0,479,2226,1888,1919,0.079999998,-0.07,0,0,0,0,179.6600037,-0.920000017
10.54,0,0,0,0,479,2231,1888,1907,0,-0.029999999,0.419999987,0,0,0,179.6499939,-0.920000017
10.55,0,0,0,0,479,2231,1888,1913,-0.039999999,0.119999997,0.050000001,0,0,0,179.6499939,-0.920000017
10.56,0,0,0,0,479,2231,1888,1908,0.02,0,-0.330000013,0,0,0,179.6600037,-0.920000017
10.57,0,0,0,0,479,2226,1888,1912,0.050000001,-0.119999997,-0.01,0,0,0,179.6600037,-0.920000017
10.58,0,0,0,0,479,2231,1888,1916,-0.02,-0.050000001,0.389999986,0,0,0,179.6499939,-0.920000017
10.59,0,0,0,0,479,2233,1888,1911,-0.07,0.079999998,-0.039999999,0,0,0,179.6600037,-0.920000017
10.6,0,0,0,0,479,2230,1888,1918,-0.029999999,-0.01,-0.409999996,0,0,0,179.6600037,-0.920000017
10.61,0,0,0,0,479,2233,1888,1912,0.01,-0.079999998,-0.059999999,0,0,0,179.6600037,-0.920000017
10.62,0,0,0,0,479,2231,1888,1918,-0.050000001,0,0.349999994,0,0,0,179.6499939,-0.920000017
10.63,0,0,0,0,479,2232,1887,1918,-0.079999998,0.150000006,0.029999999,0,0,0,179.6499939,-0.920000017
10.64,0,0,0,0,479,2226,1888,1907,0,0,-0.330000013,0,0,0,179.6600037,-0.920000017
10.65,0,0,0,0,479,2226,1888,1915,0,-0.090000004,0.02,0,0,0,179.6600037,-0.920000017
10.66,0,0,0,0,479,2226,1888,1906,0,0,0.360000014,0,0,0,179.6600037,-0.920000017
10.67,0,0,0,0,479,2226,1888,1914,-0.07,0.109999999,-0.059999999,0,0,0,179.6600037,-0.920000017
10.68,0,0,0,0,479,2225,1888,1917,0.01,-0.039999999,-0.340000004,0,0,0,179.6600037,-0.920000017
10.69,0,0,0,0,479,2225,1888,1912,0.059999999,-0.100000002,0.039999999,0,0,0,179.6600037,-0.920000017
10.7,0,0,0,0,479,2228,1888,1922,-0.01,-0.02,0.370000005,0,0,0,179.6600037,-0.920000017
10.71,0,0,0,0,479,2225,1888,1914,-0.07,0.140000001,-0.100000002,0,0,0,179.6600037,-0.920000017
10.72,0,0,0,0,479,2232,1888,1926,0,-0.029999999,-0.340000004,0,0,0,179.6600037,-0.920000017
10.73,0,0,0,0,479,2228,1888,1916,0.059999999,-0.059999999,0.039999999,0,0,0,179.6600037,-0.920000017
10.74,0,0,0,0,479,2226,1888,1906,-0.02,-0.02,0.400000006,0,0,0,179.6600037,-0.920000017
10.75,0,0,0,0,479,2225,1888,1914,-0.059999999,0.109999999,-0.050000001,0,0,0,179.6600037,-0.920000017
10.76,0,0,0,0,479,2220,1888,1907,0,-0.059999999,-0.340000004,0,0,0,179.6600037,-0.920000017
10.77,0,0,0,0,479,2225,1888,1919,0.029999999,-0.109999999,0.050000001,0,0,0,179.6600037,-0.920000017
10.78,0,0,0,0,479,2221,1888,1925,-0.050000001,-0.02,0.349999994,0,0,0,179.6600037,-0.920000017
10.79,0,0,0,0,479,2221,1888,1915,-0.079999998,0.119999997,-0.090000004,0,0,0,179.6600037,-0.920000017
10.8,0,0,0,0,479,2226,1888,1926,0,-0.07,-0.310000002,0,0,0,179.6600037,-0.920000017
10.81,0,0,0,0,479,2227,1888,1913,0.059999999,-0.07,0.059999999,0,0,0,179.6600037,-0.920000017
10.82,0,0,0,0,479,2234,1888,1925,-0.039999999,0.01,0.349999994,0,0,0,179.6600037,-0.920000017
10.83,0,0,0,0,479,2225,1888,1913,-0.029999999,0.159999996,-0.079999998,0,0,0,179.6600037,-0.920000017
10.84,0,0,0,0,479,2219,1888,1908,0.050000001,-0.059999999,-0.289999992,0,0,0,179.6600037,-0.920000017
10.85,0,0,0,0,479,2226,1888,1921,0.039999999,-0.090000004,0.100000002,0,0,0,179.6600037,-0.920000017
10.86,0,0,0,0,479,2226,1888,1909,-0.029999999,0.02,0.319999993,0,0,0,179.6600037,-0.920000017
10.87,0,0,0,0,479,2229,1888,1922,-0.059999999,0.129999995,-0.119999997,0,0,0,179.6600037,-0.920000017
10.88,0,0,0,0,479,2226,1888,1926,-0.01,-0.059999999,-0.330000013,0,0,0,179.6600037,-0.920000017
10.89,0,0,0,0,479,2238,1887,1915,0,-0.07,0.07,0,0,0,179.6600037,-0.920000017
10.9,0,0,0,0,479,2227,1888,1926,-0.039999999,0.02,0.340000004,0,0,0,179.6600037,-0.920000017
10.91,0,0,0,0,479,2236,1888,1916,-0.07,0.150000006,-0.140000001,0,0,0,179.6600037,-0.920000017
10.92,0,0,0,0,479,2234,1888,1925,0.039999999,-0.039999999,-0.310000002,0,0,0,179.6600037,-0.920000017
10.93,0,0,0,0,479,2226,1888,1915,0.050000001,-0.090000004,0.170000002,0,0,0,179.6600037,-0.920000017
10.94,0,0,0,0,479,2222,1887,1911,-0.02,0.039999999,0.340000004,0,0,0,179.6600037,-0.920000017
10.95,0,0,0,0,480,2233,1888,1920,-0.039999999,0.090000004,-0.109999999,0,0,0,179.6600037,-0.920000017
10.96,0,0,0,0,480,2233,1888,1912,0.039999999,-0.07,-0.270000011,0,0,0,179.6600037,-0.920000017
10.97,0,0,0,0,480,2233,1888,1921,0.029999999,-0.129999995,0.150000006,0,0,0,179.6600037,-0.920000017
10.98,0,0,0,0,480,2226,1888,1911,-0.050000001,0.01,0.330000013,0,0,0,179.6600037,-0.920000017
10.99,0,0,0,0,481,2235,1888,1915,-0.050000001,0.090000004,-0.170000002,0,0,0,179.6600037,-0.920000017
11,0,0,0,0,480,2237,1888,1925,0.029999999,-0.050000001,-0.300000012,0,0,0,179.6600037,-0.920000017
11.01,0,0,0,0,481,2227,1888,1916,0.029999999,-0.079999998,0.150000006,0,0,0,179.6600037,-0.920000017
11.02,0,0,0,0,481,2227,1888,1925,-0.029999999,0.07,0.280000001,0,0,0,179.6600037,-0.920000017
11.03,0,0,0,0,481,2226,1888,1917,-0.029999999,0.140000001,-0.209999993,0,0,0,179.6600037,-0.920000017
11.04,0,0,0,0,481,2232,1887,1912,0.029999999,-0.01,-0.310000002,0,0,0,179.6600037,-0.920000017
11.05,0,0,0,0,481,2233,1888,1920,0.039999999,-0.079999998,0.200000003,0,0,0,179.6600037,-0.920000017
11.06,0,0,0,0,480,2223,1888,1911,-0.050000001,0.039999999,0.310000002,0,0,0,179.6600037,-0.920000017
11.07,0,0,0,0,480,2233,1887,1919,-0.059999999,0.079999998,-0.200000003,0,0,0,179.6600037,-0.920000017
11.08,0,0,0,0,480,2233,1887,1912,0.01,-0.07,0.189999998,0,0,0,179.6600037,-0.920000017
11.09,0,0,0,0,481,2237,1888,1916,0.01,-0.07,0.189999998,0,0,0,179.6600037,-0.920000017
11.1,0,0,0,0,481,2237,1888,1922,-0.050000001,0.039999999,0.319999993,0,0,0,179.6600037,-0.920000017
11.11,0,0,0,0,481,2228,1888,1924,-0.01,0.109999999,-0.219999999,0,0,0,179.6600037,-0.920000017
11.12,0,0,0,0,481,2237,1888,1919,0.07,-0.07,-0.239999995,0,0,0,179.6600037,-0.920000017
11.13,0,0,0,0,481,2226,1888,1918,0.07,-0.079999998,0.209999993,0,0,0,179.6600037,-0.920000017
11.14,0,0,0,0,481,2233,1888,1912,-0.01,0.059999999,0.289999992,0,0,0,179.6600037,-0.920000017
11.15,0,0,0,0,481,2234,1887,1917,0,0.050000001,-0.209999993,0,0,0,179.6600037,-0.920000017
11.16,0,0,0,0,481,2224,1888,1916,0.02,-0.109999999,-0.25,0,0,0,179.6600037,-0.920000017
11.17,0,0,0,0,481,2233,1887,1911,0.050000001,-0.100000002,0.219999999,0,0,0,179.6600037,-0.920000017
11.18,0,0,0,0,481,2228,1888,1921,-0.02,0.029999999,0.259999991,0,0,0,179.6600037,-0.920000017
11.19,0,0,0,0,481,2238,1888,1918,-0.050000001,0.059999999,-0.270000011,0,0,0,179.6600037,-0.920000017
11.2,0,0,0,0,481,2237,1887,1923,0.02,-0.090000004,-0.209999993,0,0,0,179.6600037,-0.920000017
11.21,0,0,0,0,481,2230,1888,1921,0.039999999,-0.050000001,0.259999991,0,0,0,179.6600037,-0.920000017
11.22,0,0,0,0,481,2238,1887,1919,-0.059999999,0.059999999,0.239999995,0,0,0,179.6600037,-0.920000017
11.23,0,0,0,0,481,2226,1888,1912,-0.02,0.079999998,-0.239999995,0,0,0,179.6600037,-0.920000017
11.24,0,0,0,0,481,2232,1888,1913,0.029999999,-0.07,-0.180000007,0,0,0,179.6600037,-0.920000017
11.25,0,0,0,0,481,2231,1888,1911,0.039999999,-0.039999999,0.25,0,0,0,179.6600037,-0.920000017
11.26,0,0,0,0,481,2225,1888,1912,-0.050000001,0.119999997,0.219999999,0,0,0,179.6600037,-0.920000017
11.27,0,0,0,0,481,2230,1888,1913,-0.039999999,0.100000002,-0.310000002,0,0,0,179.6600037,-0.920000017
11.28,0,0,0,0,481,2230,1888,1918,0.039999999,-0.109999999,-0.219999999,0,0,0,179.6600037,-0.920000017
11.29,0,0,0,0,481,2236,1888,1919,0.059999999,-0.129999995,0.150000006,0,0,0,179.6600037,-0.920000017
11.3,0,0,0,0,481,2237,1887,1913,-0.01,0.039999999,0.180000007,0,0,0,179.6600037,-0.920000017
11.31,0,0,0,0,481,2232,1888,1917,0.02,0.029999999,-0.300000012,0,0,0,179.6600037,-0.920000017
11.32,0,0,0,0,481,2236,1888,1918,0.07,-0.100000002,-0.180000007,0,0,0,179.6600037,-0.920000017
11.33,0,0,0,0,481,2226,1888,1910,0.02,-0.100000002,0.319999993,0,0,0,179.6600037,-0.920000017
11.34,0,0,0,0,481,2229,1888,1911,-0.059999999,0.100000002,0.280000001,0,0,0,179.6600037,-0.920000017
11.35,0,0,0,0,481,2225,1888,1908,-0.01,0.07,-0.159999996,0,0,0,179.6600037,-0.920000017
11.36,0,0,0,0,481,2226,1888,1912,0.029999999,-0.059999999,-0.170000002,0,0,0,179.6600037,-0.920000017
11.37,0,0,0,0,481,2230,1888,1913,0,-0.059999999,0.270000011,0,0,0,179.6600037,-0.920000017
11.38,0,0,0,0,481,2231,1888,1914,-0.090000004,0.100000002,0.159999996,0,0,0,179.6600037,-0.920000017
11.39,0,0,0,0,481,2234,1888,1918,-0.02,0.039999999,-0.349999994,0,0,0,179.6600037,-0.920000017
11.4,0,0,0,0,481,2232,1888,1914,0.039999999,-0.07,-0.259999991,0,0,0,179.6600037,-0.920000017
11.41,0,0,0,0,481,2232,1888,1920,0.039999999,-0.079999998,0.230000004,0,0,0,179.6600037,-0.920000017
11.42,0,0,0,0,481,2231,1888,1918,-0.029999999,0.090000004,0.200000003,0,0,0,179.6600037,-0.920000017
11.43,0,0,0,0,481,2227,1888,1904,0.01,0.029999999,-0.230000004,0,0,0,179.6600037,-0.920000017
11.44,0,0,0,0,481,2227,1888,1911,0.100000002,-0.109999999,-0.129999995,0,0,0,179.6600037,-0.920000017
11.45,0,0,0,0,481,2226,1888,1907,0.090000004,-0.039999999,0.349999994,0,0,0,179.6600037,-0.920000017
11.46,0,0,0,0,481,2227,1888,1914,-0.02,0.090000004,0.200000003,0,0,0,179.6600037,-0.920000017
11.47,0,0,0,0,481,2225,1887,1916,-0.029999999,0.039999999,-0.259999991,0,0,0,179.6600037,-0.920000017
11.48,0,0,0,0,481,2232,1888,1913,0.02,-0.079999998,-0.129999995,0,0,0,179.6600037,-0.920000017
11.49,0,0,0,0,481,2232,1888,1918,-0.039999999,-0.079999998,0.289999992,0,0,0,179.6600037,-0.920000017
11.5,0,0,0,0,481,2232,1888,1910,-0.109999999,0.100000002,0.079999998,0,0,0,179.6600037,-0.920000017
11.51,0,0,0,0,481,2231,1888,1916,-0.050000001,-0.01,-0.409999996,0,0,0,179.6600037,-0.920000017
11.52,0,0,0,0,481,2231,1888,1919,0,-0.129999995,-0.170000002,0,0,0,179.6600037,-0.920000017
11.53,0,0,0,0,481,2225,1888,1908,0.029999999,-0.079999998,0.270000011,0,0,0,179.6600037,-0.920000017
11.54,0,0,0,0,481,2223,1888,1916,-0.01,0.090000004,0.129999995,0,0,0,179.6600037,-0.920000017
11.55,0,0,0,0,481,2226,1887,1907,0.029999999,0,-0.259999991,0,0,0,179.6600037,-0.920000017
11.56,0,0,0,0,481,2227,1888,1913,0.129999995,-0.079999998,-0.059999999,0,0,0,179.6600037,-0.920000017
11.57,0,0,0,0,481,2226,1888,1912,0.07,-0.059999999,0.409999996,0,0,0,179.6600037,-0.920000017
11.58,0,0,0,0,481,2231,1888,1912,-0.02,0.129999995,0.170000002,0,0,0,179.6600037,-0.920000017
11.59,0,0,0,0,481,2229,1888,1922,0,0.01,-0.319999993,0,0,0,179.6600037,-0.920000017
11.6,0,0,0,0,481,2233,1888,1913,0.029999999,-0.079999998,-0.109999999,0,0,0,179.6600037,-0.920000017
11.61,0,0,0,0,481,2230,1888,1919,-0.01,-0.039999999,0.270000011,0,0,0,179.6600037,-0.920000017
11.62,0,0,0,0,481,2229,1888,1912,-0.100000002,0.109999999,0.01,0,0,0,179.6600037,-0.920000017
11.63,0,0,0,0,481,2227,1888,1904,-0.039999999,0,-0.370000005,0,0,0,179.6600037,-0.920000017
11.64,0,0,0,0,481,2226,1888,1912,-0.01,-0.129999995,-0.090000004,0,0,0,179.6600037,-0.920000017
11.65,0,0,0,0,481,2226,1888,1906,0,-0.07,0.360000014,0,0,0,179.6600037,-0.920000017
11.66,0,0,0,0,481,2228,1888,1915,-0.039999999,0.079999998,0.109999999,0,0,0,179.6600037,-0.920000017
11.67,0,0,0,0,481,2224,1888,1907,0.039999999,-0.01,-0.300000012,0,0,0,179.6600037,-0.920000017
11.68,0,0,0,0,481,2230,1888,1914,0.100000002,-0.079999998,-0.050000001,0,0,0,179.6600037,-0.920000017
11.69,0,0,0,0,481,2232,1888,1920,0,0,0.330000013,0,0,0,179.6600037,-0.920000017
11.7,0,0,0,0,481,2232,1888,1910,0,0.150000006,0,0,0,0,179.6600037,-0.920000017
11.71,0,0,0,0,481,2231,1888,1918,0,-0.02,-0.300000012,0,0,0,179.6600037,-0.920000017
11.72,0,0,0,0,481,2231,1888,1913,-0.01,-0.090000004,0.02,0,0,0,179.6600037,-0.920000017
11.73,0,0,0,0,481,2226,1888,1907,-0.100000002,0,0.289999992,0,0,0,179.6600037,-0.920000017
11.74,0,0,0,0,481,2224,1888,1916,-0.119999997,0.140000001,-0.050000001,0,0,0,179.6600037,-0.920000017
11.75,0,0,0,0,481,2227,1888,1906,-0.02,0.01,-0.330000013,0,0,0,179.6600037,-0.920000017
11.76,0,0,0,0,481,2226,1888,1912,0.039999999,-0.100000002,0.050000001,0,0,0,179.6600037,-0.920000017
11.77,0,0,0,0,481,2227,1888,1906,0.039999999,-0.039999999,0.349999994,0,0,0,179.6600037,-0.920000017
11.78,0,0,0,0,481,2233,1888,1912,0,0.07,0.02,0,0,0,179.6600037,-0.920000017
11.79,0,0,0,0,481,2231,1888,1917,0.050000001,-0.07,-0.270000011,0,0,0,179.6600037,-0.920000017
11.8,0,0,0,0,481,2231,1888,1913,0.100000002,-0.170000002,0.02,0,0,0,179.6600037,-0.910000026
11.81,0,0,0,0,481,2229,1888,1921,0.02,-0.07,0.340000004,0,0,0,179.6600037,-0.910000026
11.82,0,0,0,0,481,2232,1888,1913,-0.039999999,0.090000004,-0.07,0,0,0,179.6600037,-0.920000017
11.83,0,0,0,0,481,2227,1888,1904,-0.01,-0.050000001,-0.370000005,0,0,0,179.6600037,-0.920000017
11.84,0,0,0,0,482,2226,1888,1913,-0.02,-0.029999999,-0.02,0,0,0,179.6600037,-0.920000017
11.85,0,0,0,0,481,2227,1888,1907,-0.140000001,0.050000001,0.280000001,0,0,0,179.6600037,-0.920000017
11.86,0,0,0,0,481,2226,1888,1915,-0.109999999,0.180000007,-0.159999996,0,0,0,179.6600037,-0.920000017
11.87,0,0,0,0,481,2225,1888,1908,-0.02,-0.01,-0.270000011,0,0,0,179.6600037,-0.920000017
11.88,0,0,0,0,481,2232,1888,1913,0.079999998,-0.050000001,0.090000004,0,0,0,179.6600037,-0.920000017
11.89,0,0,0,0,481,2230,1888,1920,0,0.079999998,0.449999988,0,0,0,179.6600037,-0.920000017
11.9,0,0,0,0,482,2231,1888,1912,0.02,0.100000002,-0.01,0,0,0,179.6600037,-0.920000017
11.91,0,0,0,0,481,2232,1888,1918,0.039999999,-0.050000001,-0.200000003,0,0,0,179.6600037,-0.920000017
11.92,0,0,0,0,481,2230,1888,1914,0.029999999,-0.140000001,0.119999997,0,0,0,179.6600037,-0.910000026
11.93,0,0,0,0,482,2227,1888,1908,-0.050000001,0.029999999,0.319999993,0,0,0,179.6600037,-0.920000017
11.94,0,0,0,0,481,2224,1888,1918,-0.059999999,0.100000002,-0.189999998,0,0,0,179.6600037,-0.920000017
11.95,0,0,0,0,481,2227,1888,1906,0.01,-0.039999999,-0.340000004,0,0,0,179.6600037,-0.920000017
11.96,0,0,0,0,481,2224,1888,1916,0.039999999,-0.07,0.079999998,0,0,0,179.6600037,-0.920000017
11.97,0,0,0,0,482,2225,1888,1905,-0.050000001,0.059999999,0.270000011,0,0,0,179.6600037,-0.920000017
11.98,0,0,0,0,481,2232,1888,1913,-0.079999998,0.119999997,-0.180000007,0,0,0,179.6600037,-0.920000017
11.99,0,0,0,0,482,2228,1888,1923,0,-0.07,-0.280000001,0,0,0,179.6600037,-0.920000017
12,0,0,0,0,482,2232,1888,1914,0.029999999,-0.119999997,0.119999997,0,0,0,179.6600037,-0.910000026
12.01,0,0,0,0,482,2226,1888,1926,-0.059999999,0.039999999,0.330000013,0,0,0,179.6600037,-0.910000026
12.02,0,0,0,0,481,2229,1888,1913,-0.029999999,0.07,-0.129999995,0,0,0,179.6600037,-0.920000017
12.03,0,0,0,0,482,2228,1888,1922,0.090000004,-0.109999999,-0.200000003,0,0,0,179.6600037,-0.920000017
12.04,0,0,0,0,482,2225,1888,1913,0.079999998,-0.090000004,0.140000001,0,0,0,179.6600037,-0.910000026
12.05,0,0,0,0,482,2227,1888,1907,-0.01,0.079999998,0.230000004,0,0,0,179.6600037,-0.920000017
12.06,0,0,0,0,481,2222,1888,1917,-0.079999998,0.100000002,-0.259999991,0,0,0,179.6600037,-0.920000017
12.07,0,0,0,0,482,2226,1888,1908,-0.02,-0.109999999,-0.259999991,0,0,0,179.6600037,-0.920000017
12.08,0,0,0,0,482,2231,1888,1920,-0.01,-0.109999999,0.25,0,0,0,179.6600037,-0.920000017
12.09,0,0,0,0,482,2228,1888,1922,-0.050000001,0.02,0.289999992,0,0,0,179.6600037,-0.920000017
12.1,0,0,0,0,481,2231,1888,1913,-0.01,0.059999999,-0.230000004,0,0,0,179.6600037,-0.920000017
12.11,0,0,0,0,482,2230,1888,1920,0.079999998,-0.079999998,-0.219999999,0,0,0,179.6600037,-0.920000017
12.12,0,0,0,0,482,2232,1888,1913,0.090000004,-0.039999999,0.189999998,0,0,0,179.6600037,-0.920000017
12.13,0,0,0,0,482,2226,1888,1923,-0.01,0.109999999,0.219999999,0,0,0,179.6600037,-0.920000017
12.14,0,0,0,0,482,2219,1888,1920,0.01,0.100000002,-0.270000011,0,0,0,179.6600037,-0.920000017
12.15,0,0,0,0,482,2226,1888,1907,0.07,-0.079999998,-0.209999993,0,0,0,179.6600037,-0.920000017
12.16,0,0,0,0,481,2221,1888,1918,0.02,-0.07,0.319999993,0,0,0,179.6600037,-0.920000017
12.17,0,0,0,0,482,2226,1888,1908,-0.090000004,0.050000001,0.280000001,0,0,0,179.6600037,-0.920000017
12.18,0,0,0,0,482,2233,1888,1923,-0.039999999,0.050000001,-0.219999999,0,0,0,179.6600037,-0.920000017
12.19,0,0,0,0,482,2226,1888,1926,0.02,-0.100000002,-0.209999993,0,0,0,179.6600037,-0.920000017
12.2,0,0,0,0,482,2232,1888,1914,0.01,-0.039999999,0.25,0,0,0,179.6600037,-0.920000017
12.21,0,0,0,0,482,2225,1888,1925,-0.059999999,0.109999999,0.170000002,0,0,0,179.6600037,-0.920000017
12.22,0,0,0,0,482,2232,1888,1914,-0.01,0.050000001,-0.319999993,0,0,0,179.6600037,-0.920000017
12.23,0,0,0,0,482,2225,1888,1923,0.07,-0.100000002,-0.209999993,0,0,0,179.6600037,-0.920000017
12.24,0,0,0,0,482,2222,1888,1918,0.029999999,-0.090000004,0.310000002,0,0,0,179.6600037,-0.910000026
12.25,0,0,0,0,482,2226,1887,1909,-0.039999999,0.050000001,0.189999998,0,0,0,179.6600037,-0.920000017
12.26,0,0,0,0,482,2221,1888,1919,0,0.01,-0.219999999,0,0,0,179.6600037,-0.920000017
12.27,0,0,0,0,482,2227,1888,1910,0.07,-0.140000001,-0.170000002,0,0,0,179.6600037,-0.910000026
12.28,0,0,0,0,482,2231,1888,1927,0.07,-0.109999999,0.280000001,0,0,0,179.6600037,-0.910000026
12.29,0,0,0,0,482,2227,1888,1927,-0.01,0.07,0.170000002,0,0,0,179.6600037,-0.920000017
12.3,0,0,0,0,482,2231,1888,1913,0.029999999,0.02,-0.300000012,0,0,0,179.6600037,-0.920000017
12.31,0,0,0,0,482,2227,1888,1923,0.050000001,-0.079999998,-0.170000002,0,0,0,179.6600037,-0.920000017
12.32,0,0,0,0,482,2234,1888,1913,0,-0.039999999,0.360000014,0,0,0,179.6600037,-0.910000026
12.33,0,0,0,0,482,2227,1888,1926,-0.140000001,0.150000006,0.140000001,0,0,0,179.6600037,-0.920000017
12.34,0,0,0,0,482,2220,1888,1922,-0.059999999,0.01,-0.280000001,0,0,0,179.6600037,-0.920000017
12.35,0,0,0,0,482,2226,1888,1909,0,-0.090000004,-0.119999997,0,0,0,179.6600037,-0.920000017
12.36,0,0,0,0,482,2222,1888,1920,0,-0.050000001,0.360000014,0,0,0,179.6600037,-0.920000017
12.37,0,0,0,0,481,2227,1888,1908,-0.050000001,0.090000004,0.159999996,0,0,0,179.6600037,-0.920000017
12.38,0,0,0,0,481,2233,1888,1922,0.02,0.02,-0.319999993,0,0,0,179.6600037,-0.920000017
12.39,0,0,0,0,481,2227,1888,1914,0.079999998,-0.100000002,-0.100000002,0,0,0,179.6600037,-0.920000017
12.4,0,0,0,0,481,2231,1888,1914,0.01,-0.029999999,0.300000012,0,0,0,179.6499939,-0.910000026
12.41,0,0,0,0,481,2225,1888,1926,-0.039999999,0.109999999,0.090000004,0,0,0,179.6499939,-0.920000017
12.42,0,0,0,0,481,2230,1888,1915,0.02,-0.01,-0.310000002,0,0,0,179.6499939,-0.920000017
12.43,0,0,0,0,481,2226,1888,1924,0.07,-0.119999997,-0.07,0,0,0,179.6600037,-0.910000026
12.44,0,0,0,0,481,2224,1888,1908,0.01,-0.059999999,0.310000002,0,0,0,179.6600037,-0.910000026
12.45,0,0,0,0,481,2228,1888,1908,-0.059999999,0.140000001,0.059999999,0,0,0,179.6600037,-0.920000017
12.46,0,0,0,0,481,2221,1888,1920,-0.02,0,-0.319999993,0,0,0,179.6600037,-0.920000017
12.47,0,0,0,0,481,2227,1888,1907,0.029999999,-0.100000002,-0.090000004,0,0,0,179.6600037,-0.920000017
12.48,0,0,0,0,481,2219,1888,1926,-0.029999999,0,0.370000005,0,0,0,179.6600037,-0.920000017
12.49,0,0,0,0,481,2226,1888,1914,-0.079999998,0.119999997,0.039999999,0,0,0,179.6600037,-0.920000017
12.5,0,0,0,0,481,2231,1888,1914,0.02,-0.039999999,-0.280000001,0,0,0,179.6600037,-0.920000017
12.51,0,0,0,0,481,2227,1888,1924,0.039999999,-0.100000002,0,0,0,0,179.6600037,-0.920000017
12.52,0,0,0,0,481,2233,1888,1913,-0.01,-0.02,0.370000005,0,0,0,179.6600037,-0.910000026
12.53,0,0,0,0,481,2227,1888,1919,-0.079999998,0.109999999,-0.02,0,0,0,179.6600037,-0.920000017
12.54,0,0,0,0,481,2220,1888,1908,0.02,-0.029999999,-0.360000014,0,0,0,179.6600037,-0.920000017
12.55,0,0,0,0,481,2226,1888,1907,0.039999999,-0.109999999,0,0,0,0,179.6600037,-0.910000026
12.56,0,0,0,0,481,2222,1888,1918,0,0.02,0.360000014,0,0,0,179.6600037,-0.910000026
12.57,0,0,0,0,481,2226,1888,1907,-0.07,0.119999997,-0.02,0,0,0,179.6600037,-0.920000017
12.58,0,0,0,0,481,2227,1888,1921,0.01,-0.050000001,-0.340000004,0,0,0,179.6600037,-0.920000017
12.59,0,0,0,0,481,2227,1888,1914,0.039999999,-0.109999999,0.039999999,0,0,0,179.6600037,-0.910000026
12.6,0,0,0,0,481,2232,1888,1915,-0.039999999,0.029999999,0.360000014,0,0,0,179.6600037,-0.910000026
12.61,0,0,0,0,481,2226,1888,1926,-0.059999999,0.140000001,-0.059999999,0,0,0,179.6600037,-0.910000026
12.62,0,0,0,0,481,2232,1888,1911,0.02,-0.039999999,-0.310000002,0,0,0,179.6600037,-0.910000026
12.63,0,0,0,0,481,2228,1888,1918,0.029999999,-0.090000004,0.050000001,0,0,0,179.6600037,-0.910000026
12.64,0,0,0,0,481,2223,1888,1904,-0.02,0.029999999,0.349999994,0,0,0,179.6600037,-0.910000026
12.65,0,0,0,0,481,2226,1888,1905,-0.07,0.090000004,-0.170000002,0,0,0,179.6600037,-0.920000017
12.66,0,0,0,0,481,2221,1888,1917,0.01,-0.039999999,-0.349999994,0,0,0,179.6600037,-0.920000017
12.67,0,0,0,0,481,2226,1888,1907,0.059999999,-0.109999999,0.090000004,0,0,0,179.6600037,-0.910000026
12.68,0,0,0,0,481,2225,1888,1925,-0.039999999,0.01,0.370000005,0,0,0,179.6600037,-0.910000026
12.69,0,0,0,0,481,2228,1888,1912,-0.029999999,0.100000002,-0.140000001,0,0,0,179.6600037,-0.920000017
12.7,0,0,0,0,481,2233,1888,1912,0.01,-0.07,-0.280000001,0,0,0,179.6600037,-0.910000026
12.71,0,0,0,0,481,2230,1888,1918,0.02,-0.079999998,0.150000006,0,0,0,179.6600037,-0.910000026
12.72,0,0,0,0,481,2232,1888,1912,-0.059999999,0.050000001,0.300000012,0,0,0,179.6600037,-0.910000026
12.73,0,0,0,0,481,2229,1888,1913,-0.039999999,0.100000002,-0.189999998,0,0,0,179.6600037,-0.920000017
12.74,0,0,0,0,481,2223,1888,1906,0.059999999,-0.059999999,-0.239999995,0,0,0,179.6600037,-0.910000026
12.75,0,0,0,0,481,2225,1888,1915,0.039999999,-0.079999998,0.170000002,0,0,0,179.6600037,-0.910000026
12.76,0,0,0,0,481,2225,1888,1914,-0.029999999,0.07,0.259999991,0,0,0,179.6600037,-0.910000026
12.77,0,0,0,0,481,2226,1888,1906,-0.02,0.059999999,-0.230000004,0,0,0,179.6600037,-0.920000017
12.78,0,0,0,0,481,2232,1888,1917,0.059999999,-0.07,-0.25,0,0,0,179.6600037,-0.920000017
12.79,0,0,0,0,481,2233,1888,1912,0.050000001,-0.079999998,0.209999993,0,0,0,179.6600037,-0.920000017
12.8,0,0,0,0,481,2231,1888,1919,-0.01,0.07,0.259999991,0,0,0,179.6600037,-0.920000017
12.81,0,0,0,0,481,2229,1888,1921,-0.01,0.07,-0.219999999,0,0,0,179.6600037,-0.920000017
12.82,0,0,0,0,481,2231,1888,1911,0.02,-0.109999999,-0.170000002,0,0,0,179.6600037,-0.920000017
12.83,0,0,0,0,481,2231,1888,1913,0.02,-0.100000002,0.230000004,0,0,0,179.6600037,-0.920000017
12.84,0,0,0,0,481,2226,1888,1906,-0.07,0.059999999,0.209999993,0,0,0,179.6600037,-0.920000017
12.85,0,0,0,0,481,2227,1888,1914,-0.02,0.050000001,-0.270000011,0,0,0,179.6600037,-0.920000017
12.86,0,0,0,0,481,2230,1888,1914,0.07,-0.100000002,-0.200000003,0,0,0,179.6600037,-0.920000017
12.87,0,0,0,0,481,2227,1888,1910,0.050000001,-0.029999999,0.259999991,0,0,0,179.6600037,-0.920000017
12.88,0,0,0,0,481,2235,1888,1918,-0.029999999,0.129999995,0.180000007,0,0,0,179.6600037,-0.920000017
12.89,0,0,0,0,481,2232,1888,1914,0,0.07,-0.310000002,0,0,0,179.6600037,-0.920000017
12.9,0,0,0,0,481,2230,1888,1917,0.050000001,-0.090000004,-0.129999995,0,0,0,179.6600037,-0.920000017
12.91,0,0,0,0,481,2237,1888,1918,0.01,-0.059999999,0.370000005,0,0,0,179.6600037,-0.920000017
12.92,0,0,0,0,481,2237,1888,1917,-0.050000001,0.079999998,0.159999996,0,0,0,179.6600037,-0.920000017
12.93,0,0,0,0,481,2232,1888,1913,0,0,-0.259999991,0,0,0,179.6600037,-0.920000017
12.94,0,0,0,0,481,2225,1888,1914,0.059999999,-0.140000001,-0.119999997,0,0,0,179.6600037,-0.920000017
12.95,0,0,0,0,481,2226,1888,1913,0,-0.059999999,0.330000013,0,0,0,179.6600037,-0.920000017
12.96,0,0,0,0,481,2234,1887,1913,-0.07,0.109999999,0.029999999,0,0,0,179.6600037,-0.920000017
12.97,0,0,0,0,481,2225,1888,1912,-0.01,-0.02,-0.280000001,0,0,0,179.6600037,-0.920000017
12.98,0,0,0,0,481,2238,1888,1919,0.029999999,-0.100000002,-0.050000001,0,0,0,179.6600037,-0.920000017
12.99,0,0,0,0,481,2229,1887,1920,0,-0.039999999,0.349999994,0,0,0,179.6600037,-0.920000017
13,0,0,0,0,481,2229,1888,1918,-0.07,0.140000001,0.029999999,0,0,0,179.6600037,-0.920000017
13.01,0,0,0,0,482,2237,1888,1919,0.01,-0.02,-0.340000004,0,0,0,179.6600037,-0.920000017
13.02,0,0,0,0,481,2229,1888,1925,0.059999999,-0.100000002,-0.029999999,0,0,0,179.6600037,-0.920000017
13.03,0,0,0,0,481,2234,1888,1914,0,-0.01,0.330000013,0,0,0,179.6600037,-0.920000017
13.04,0,0,0,0,482,2224,1888,1918,-0.039999999,0.150000006,0,0,0,0,179.6600037,-0.920000017
13.05,0,0,0,0,482,2224,1888,1911,0,-0.029999999,-0.330000013,0,0,0,179.6600037,-0.920000017
13.06,0,0,0,0,481,2233,1887,1911,0.029999999,-0.079999998,0.02,0,0,0,179.6600037,-0.920000017
13.07,0,0,0,0,482,2222,1888,1919,-0.01,-0.01,0.340000004,0,0,0,179.6600037,-0.920000017
13.08,0,0,0,0,482,2237,1888,1915,-0.07,0.100000002,-0.059999999,0,0,0,179.6600037,-0.920000017
13.09,0,0,0,0,482,2225,1888,1925,0.01,-0.039999999,-0.319999993,0,0,0,179.6600037,-0.920000017
13.1,0,0,0,0,482,2226,1888,1916,0.02,-0.100000002,0.059999999,0,0,0,179.6600037,-0.920000017
13.11,0,0,0,0,482,2236,1888,1927,-0.059999999,0.029999999,0.270000011,0,0,0,179.6600037,-0.920000017
13.12,0,0,0,0,481,2225,1888,1927,-0.059999999,0.109999999,-0.119999997,0,0,0,179.6600037,-0.920000017
13.13,0,0,0,0,482,2228,1888,1909,0,-0.050000001,-0.310000002,0,0,0,179.6600037,-0.920000017
13.14,0,0,0,0,482,2221,1888,1920,0.050000001,-0.059999999,0.100000002,0,0,0,179.6600037,-0.920000017
13.15,0,0,0,0,482,2222,1888,1908,-0.039999999,0.059999999,0.289999992,0,0,0,179.6600037,-0.920000017
13.16,0,0,0,0,481,2227,1888,1917,-0.01,0.100000002,-0.129999995,0,0,0,179.6600037,-0.920000017
13.17,0,0,0,0,482,2221,1888,1918,0.059999999,-0.090000004,-0.230000004,0,0,0,179.6600037,-0.920000017
13.18,0,0,0,0,482,2229,1888,1913,0.079999998,-0.119999997,0.180000007,0,0,0,179.6600037,-0.920000017
13.19,0,0,0,0,482,2224,1888,1926,-0.01,0.059999999,0.319999993,0,0,0,179.6600037,-0.920000017
13.2,0,0,0,0,482,2231,1888,1913,-0.02,0.059999999,-0.209999993,0,0,0,179.6600037,-0.920000017
13.21,0,0,0,0,482,2232,1888,1922,0.029999999,-0.100000002,-0.239999995,0,0,0,179.6600037,-0.920000017
13.22,0,0,0,0,482,2233,1888,1917,0.029999999,-0.100000002,0.200000003,0,0,0,179.6600037,-0.920000017
13.23,0,0,0,0,482,2227,1888,1905,-0.059999999,0.090000004,0.239999995,0,0,0,179.6600037,-0.920000017
13.24,0,0,0,0,482,2226,1888,1912,-0.039999999,0.050000001,-0.270000011,0,0,0,179.6600037,-0.920000017
13.25,0,0,0,0,482,2226,1887,1906,0.029999999,-0.090000004,-0.219999999,0,0,0,179.6600037,-0.920000017
13.26,0,0,0,0,482,2226,1888,1912,0.01,-0.059999999,0.25,0,0,0,179.6600037,-0.920000017
13.27,0,0,0,0,482,2230,1887,1914,-0.029999999,0.129999995,0.189999998,0,0,0,179.6600037,-0.920000017
13.28,0,0,0,0,482,2230,1888,1913,-0.01,0,-0.280000001,0,0,0,179.6600037,-0.920000017
13.29,0,0,0,0,482,2237,1888,1919,0.039999999,-0.079999998,-0.109999999,0,0,0,179.6600037,-0.920000017
13.3,0,0,0,0,482,2231,1888,1918,-0.01,-0.059999999,0.300000012,0,0,0,179.6600037,-0.920000017
13.31,0,0,0,0,482,2231,1888,1917,-0.07,0.119999997,0.119999997,0,0,0,179.6600037,-0.920000017
13.32,0,0,0,0,482,2238,1888,1917,0.01,0.01,-0.289999992,0,0,0,179.6600037,-0.920000017
13.33,0,0,0,0,482,2224,1888,1917,0.059999999,-0.090000004,-0.090000004,0,0,0,179.6600037,-0.920000017
13.34,0,0,0,0,482,2233,1887,1912,0,-0.039999999,0.270000011,0,0,0,179.6600037,-0.910000026
13.35,0,0,0,0,482,2223,1887,1917,-0.050000001,0.129999995,0.029999999,0,0,0,179.6600037,-0.920000017
13.36,0,0,0,0,482,2222,1888,1912,0.050000001,-0.02,-0.349999994,0,0,0,179.6600037,-0.920000017
13.37,0,0,0,0,482,2232,1888,1912,0.050000001,-0.119999997,-0.059999999,0,0,0,179.6600037,-0.910000026
13.38,0,0,0,0,482,2227,1888,1926,0,-0.090000004,0.360000014,0,0,0,179.6600037,-0.910000026
13.39,0,0,0,0,482,2239,1888,1917,-0.059999999,0.079999998,0.01,0,0,0,179.6600037,-0.920000017
13.4,0,0,0,0,482,2227,1888,1925,0,-0.090000004,-0.349999994,0,0,0,179.6600037,-0.920000017
13.41,0,0,0,0,482,2226,1888,1915,0.01,-0.109999999,0.02,0,0,0,179.6600037,-0.920000017
13.42,0,0,0,0,482,2234,1888,1915,-0.039999999,0.01,0.330000013,0,0,0,179.6600037,-0.920000017
13.43,0,0,0,0,482,2220,1888,1921,-0.07,0.159999996,-0.02,0,0,0,179.6600037,-0.920000017
13.44,0,0,0,0,482,2226,1888,1910,0.02,-0.01,-0.319999993,0,0,0,179.6600037,-0.920000017
13.45,0,0,0,0,482,2220,1888,1921,0.029999999,-0.050000001,0.079999998,0,0,0,179.6600037,-0.920000017
13.46,0,0,0,0,482,2223,1888,1909,-0.050000001,0.090000004,0.319999993,0,0,0,179.6600037,-0.920000017
13.47,0,0,0,0,482,2229,1888,1918,-0.059999999,0.119999997,-0.150000006,0,0,0,179.6600037,-0.920000017
13.48,0,0,0,0,482,2227,1888,1924,0.039999999,-0.07,-0.280000001,0,0,0,179.6600037,-0.920000017
13.49,0,0,0,0,482,2231,1888,1912,0.07,-0.109999999,0.119999997,0,0,0,179.6600037,-0.920000017
13.5,0,0,0,0,482,2225,1888,1926,0,0.029999999,0.270000011,0,0,0,179.6600037,-0.920000017
13.51,0,0,0,0,482,2228,1888,1911,0,0.039999999,-0.209999993,0,0,0,179.6600037,-0.920000017
13.52,0,0,0,0,482,2231,1888,1920,0.059999999,-0.100000002,-0.25,0,0,0,179.6600037,-0.920000017
13.53,0,0,0,0,482,2226,1888,1913,0.029999999,-0.100000002,0.200000003,0,0,0,179.6600037,-0.920000017
13.54,0,0,0,0,482,2227,1888,1907,-0.02,0.07,0.259999991,0,0,0,179.6600037,-0.920000017
13.55,0,0,0,0,482,2228,1888,1911,-0.029999999,0.079999998,-0.25,0,0,0,179.6600037,-0.920000017
13.56,0,0,0,0,482,2227,1888,1908,0.039999999,-0.059999999,-0.219999999,0,0,0,179.6600037,-0.920000017
13.57,0,0,0,0,482,2226,1888,1913,0,-0.029999999,0.270000011,0,0,0,179.6600037,-0.920000017
13.58,0,0,0,0,482,2235,1888,1918,-0.07,0.140000001,0.200000003,0,0,0,179.6600037,-0.920000017
13.59,0,0,0,0,482,2229,1888,1913,-0.02,0.050000001,-0.280000001,0,0,0,179.6600037,-0.920000017
13.6,0,0,0,0,482,2237,1888,1917,0.059999999,-0.079999998,-0.150000006,0,0,0,179.6600037,-0.920000017
13.61,0,0,0,0,482,2229,1888,1919,0.050000001,-0.059999999,0.319999993,0,0,0,179.6600037,-0.920000017
13.62,0,0,0,0,482,2230,1888,1919,-0.02,0.079999998,0.189999998,0,0,0,179.6600037,-0.920000017
13.63,0,0,0,0,482,2234,1887,1912,0.01,0,-0.25,0,0,0,179.6600037,-0.920000017
13.64,0,0,0,0,482,2224,1888,1915,0.07,-0.140000001,-0.129999995,0,0,0,179.6600037,-0.920000017
13.65,0,0,0,0,482,2233,1887,1911,0.039999999,-0.059999999,0.310000002,0,0,0,179.6600037,-0.920000017
13.66,0,0,0,0,482,2224,1887,1915,-0.050000001,0.100000002,0.109999999,0,0,0,179.6600037,-0.920000017
13.67,0,0,0,0,482,2223,1888,1911,-0.01,0,-0.300000012,0,0,0,179.6600037,-0.920000017
13.68,0,0,0,0,482,2237,1888,1919,0.039999999,-0.129999995,-0.109999999,0,0,0,179.6600037,-0.920000017
13.69,0,0,0,0,482,2227,1888,1926,-0.02,-0.029999999,0.289999992,0,0,0,179.6600037,-0.920000017
13.7,0,0,0,0,482,2239,1887,1917,-0.079999998,0.129999995,0.029999999,0,0,0,179.6600037,-0.920000017
13.71,0,0,0,0,482,2228,1888,1925,0,0,-0.349999994,0,0,0,179.6600037,-0.920000017
13.72,0,0,0,0,482,2226,1888,1915,0.039999999,-0.119999997,-0.029999999,0,0,0,179.6600037,-0.920000017
13.73,0,0,0,0,482,2230,1888,1908,0,0.029999999,0.360000014,0,0,0,179.6600037,-0.920000017
13.74,0,0,0,0,482,2219,1888,1920,-0.059999999,0.140000001,0.01,0,0,0,179.6600037,-0.920000017
13.75,0,0,0,0,482,2226,1888,1909,0.029999999,-0.02,-0.289999992,0,0,0,179.6600037,-0.920000017
13.76,0,0,0,0,482,2219,1888,1921,0.029999999,-0.109999999,0.029999999,0,0,0,179.6600037,-0.920000017
13.77,0,0,0,0,482,2222,1888,1908,-0.01,0.01,0.349999994,0,0,0,179.6600037,-0.920000017
13.78,0,0,0,0,482,2233,1888,1914,-0.079999998,0.100000002,-0.100000002,0,0,0,179.6600037,-0.920000017
13.79,0,0,0,0,482,2227,1888,1924,0,-0.059999999,-0.340000004,0,0,0,179.6600037,-0.920000017
13.8,0,0,0,0,482,2225,1888,1924,-0.050000001,0.039999999,0.310000002,0,0,0,179.6600037,-0.920000017
13.81,0,0,0,0,482,2225,1888,1924,-0.059999999,0.109999999,-0.189999998,0,0,0,179.6600037,-0.920000017
13.82,0,0,0,0,482,2229,1888,1912,0.029999999,-0.079999998,-0.280000001,0,0,0,179.6600037,-0.920000017
13.83,0,0,0,0,482,2225,1888,1920,0.039999999,-0.090000004,0.159999996,0,0,0,179.6600037,-0.920000017
13.84,0,0,0,0,481,2225,1888,1913,-0.02,0.050000001,0.310000002,0,0,0,179.6600037,-0.920000017
13.85,0,0,0,0,482,2226,1888,1907,-0.01,0.109999999,-0.140000001,0,0,0,179.6600037,-0.920000017
13.86,0,0,0,0,482,2227,1888,1912,-0.01,0.109999999,-0.140000001,0,0,0,179.6600037,-0.920000017
13.87,0,0,0,0,481,2228,1888,1908,0.039999999,-0.059999999,0.189999998,0,0,0,179.6600037,-0.920000017
13.88,0,0,0,0,482,2232,1888,1915,-0.07,0.050000001,0.280000001,0,0,0,179.6600037,-0.920000017
13.89,0,0,0,0,482,2234,1888,1919,-0.02,0.079999998,-0.239999995,0,0,0,179.6600037,-0.920000017
13.9,0,0,0,0,482,2231,1888,1912,0.050000001,-0.100000002,-0.25,0,0,0,179.6600037,-0.920000017
13.91,0,0,0,0,481,2235,1888,1918,0,-0.079999998,0.209999993,0,0,0,179.6600037,-0.920000017
13.92,0,0,0,0,482,2231,1888,1915,-0.090000004,0.100000002,0.170000002,0,0,0,179.6600037,-0.920000017
13.93,0,0,0,0,482,2225,1888,1919,-0.029999999,0.07,-0.259999991,0,0,0,179.6600037,-0.920000017
13.94,0,0,0,0,482,2231,1888,1914,0.039999999,-0.100000002,-0.140000001,0,0,0,179.6600037,-0.920000017
13.95,0,0,0,0,483,2226,1888,1913,0.01,-0.029999999,0.349999994,0,0,0,179.6600037,-0.920000017
13.96,0,0,0,0,483,2233,1888,1912,0.01,-0.029999999,0.349999994,0,0,0,179.6600037,-0.920000017
13.97,0,0,0,0,483,2226,1888,1914,0.01,0.029999999,-0.270000011,0,0,0,179.6600037,-0.920000017
13.98,0,0,0,0,483,2229,1888,1917,0.090000004,-0.109999999,-0.129999995,0,0,0,179.6600037,-0.920000017
13.99,0,0,0,0,483,2238,1888,1918,0.029999999,-0.079999998,0.300000012,0,0,0,179.6600037,-0.920000017
14,0,0,0,0,483,2227,1888,1924,-0.039999999,0.090000004,0.079999998,0,0,0,179.6600037,-0.920000017
14.01,0,0,0,0,483,2238,1888,1918,0,-0.02,-0.340000004,0,0,0,179.6600037,-0.920000017
14.02,0,0,0,0,483,2228,1887,1926,0.029999999,-0.140000001,-0.119999997,0,0,0,179.6600037,-0.920000017
14.03,0,0,0,0,483,2223,1888,1917,-0.01,-0.029999999,0.349999994,0,0,0,179.6600037,-0.920000017
14.04,0,0,0,0,483,2235,1888,1911,-0.090000004,0.119999997,0.059999999,0,0,0,179.6600037,-0.920000017
14.05,0,0,0,0,483,2222,1888,1919,0,-0.01,-0.310000002,0,0,0,179.6600037,-0.920000017
14.06,0,0,0,0,483,2232,1888,1911,0,-0.01,-0.310000002,0,0,0,179.6600037,-0.920000017
14.07,0,0,0,0,483,2222,1888,1919,0,0,0.379999995,0,0,0,179.6600037,-0.920000017
14.08,0,0,0,0,483,2227,1888,1915,-0.059999999,0.140000001,-0.01,0,0,0,179.6600037,-0.920000017
14.09,0,0,0,0,483,2236,1888,1916,0.039999999,-0.050000001,-0.319999993,0,0,0,179.6600037,-0.920000017
14.1,0,0,0,0,483,2225,1888,1927,0.050000001,-0.100000002,-0.02,0,0,0,179.6600037,-0.920000017
14.11,0,0,0,0,483,2234,1888,1917,-0.029999999,0,0.330000013,0,0,0,179.6600037,-0.920000017
14.12,0,0,0,0,483,2226,1888,1926,-0.029999999,0.109999999,-0.07,0,0,0,179.6600037,-0.920000017
14.13,0,0,0,0,483,2221,1888,1913,0.050000001,-0.07,-0.340000004,0,0,0,179.6600037,-0.920000017
14.14,0,0,0,0,483,2227,1888,1905,0.050000001,-0.07,-0.340000004,0,0,0,179.6600037,-0.920000017
14.15,0,0,0,0,483,2222,1888,1916,-0.02,0.029999999,0.289999992,0,0,0,179.6600037,-0.920000017
14.16,0,0,0,0,483,2226,1888,1905,-0.02,0.029999999,0.289999992,0,0,0,179.6600037,-0.920000017
14.17,0,0,0,0,483,2222,1888,1916,0.039999999,-0.090000004,-0.330000013,0,0,0,179.6600037,-0.920000017
14.18,0,0,0,0,483,2229,1888,1911,0.02,-0.119999997,0.100000002,0,0,0,179.6600037,-0.920000017
14.19,0,0,0,0,483,2232,1888,1921,-0.02,0.059999999,0.280000001,0,0,0,179.6600037,-0.920000017
14.2,0,0,0,0,483,2234,1888,1918,0,0.100000002,-0.159999996,0,0,0,179.6600037,-0.920000017
14.21,0,0,0,0,483,2232,1888,1911,0.029999999,-0.100000002,-0.209999993,0,0,0,179.6600037,-0.920000017
14.22,0,0,0,0,483,2237,1888,1917,0.02,-0.07,0.230000004,0,0,0,179.6600037,-0.920000017
14.23,0,0,0,0,483,2233,1888,1914,-0.07,0.119999997,0.310000002,0,0,0,179.6600037,-0.920000017
14.24,0,0,0,0,483,2224,1888,1911,-0.02,0.07,-0.189999998,0,0,0,179.6600037,-0.920000017
14.25,0,0,0,0,483,2233,1887,1912,0.01,-0.100000002,-0.170000002,0,0,0,179.6600037,-0.920000017
14.26,0,0,0,0,483,2221,1888,1920,0.01,-0.100000002,-0.170000002,0,0,0,179.6600037,-0.920000017
14.27,0,0,0,0,483,2233,1888,1911,-0.050000001,0.100000002,0.189999998,0,0,0,179.6600037,-0.920000017
14.28,0,0,0,0,483,2221,1888,1927,-0.050000001,0.100000002,0.189999998,0,0,0,179.6600037,-0.920000017
14.29,0,0,0,0,483,2226,1888,1916,0.050000001,-0.119999997,-0.180000007,0,0,0,179.6600037,-0.920000017
14.3,0,0,0,0,483,2231,1888,1914,0.01,-0.090000004,0.209999993,0,0,0,179.6600037,-0.920000017
14.31,0,0,0,0,483,2225,1888,1923,-0.050000001,0.100000002,0.07,0,0,0,179.6600037,-0.920000017
14.32,0,0,0,0,483,2231,1888,1910,-0.050000001,0.100000002,0.07,0,0,0,179.6600037,-0.920000017
14.33,0,0,0,0,483,2232,1888,1912,0.07,-0.090000004,0,0,0,0,179.6499939,-0.920000017
14.34,0,0,0,0,483,2230,1888,1906,0,0.01,0.340000004,0,0,0,179.6499939,-0.920000017
14.35,0,0,0,0,483,2225,1888,1916,-0.029999999,0.119999997,0.029999999,0,0,0,179.6499939,-0.920000017
14.36,0,0,0,0,483,2233,1887,1914,-0.029999999,0.119999997,0.029999999,0,0,0,179.6499939,-0.920000017
14.37,0,0,0,0,483,2225,1888,1920,0.029999999,-0.059999999,0.109999999,0,0,0,179.6499939,-0.920000017
14.38,0,0,0,0,483,2240,1888,1918,0.029999999,-0.059999999,0.109999999,0,0,0,179.6499939,-0.920000017
14.39,0,0,0,0,483,2238,1888,1926,-0.059999999,0.109999999,-0.119999997,0,0,0,179.6600037,-0.920000017
14.4,0,0,0,0,483,2226,1888,1927,0,-0.079999998,-0.259999991,0,0,0,179.6600037,-0.920000017
14.41,0,0,0,0,483,2230,1888,1914,-0.029999999,-0.07,0.079999998,0,0,0,179.6600037,-0.920000017
14.42,0,0,0,0,483,2228,1888,1923,-0.07,0.090000004,0.159999996,0,0,0,179.6600037,-0.920000017
14.43,0,0,0,0,483,2231,1888,1906,-0.02,0.029999999,-0.209999993,0,0,0,179.6600037,-0.920000017
14.44,0,0,0,0,483,2226,1888,1913,0.079999998,-0.109999999,-0.170000002,0,0,0,179.6600037,-0.920000017
14.45,0,0,0,0,483,2234,1887,1914,0.02,-0.039999999,0.219999999,0,0,0,179.6499939,-0.920000017
14.46,0,0,0,0,483,2225,1888,1920,0.02,-0.039999999,0.219999999,0,0,0,179.6499939,-0.920000017
14.47,0,0,0,0,483,2236,1887,1912,0.07,-0.029999999,-0.180000007,0,0,0,179.6499939,-0.920000017
14.48,0,0,0,0,483,2228,1888,1926,0.090000004,-0.140000001,-0.029999999,0,0,0,179.6499939,-0.920000017
14.49,0,0,0,0,483,2226,1888,1916,-0.01,-0.059999999,0.289999992,0,0,0,179.6499939,-0.920000017
14.5,0,0,0,0,483,2231,1888,1914,-0.079999998,0.109999999,0.02,0,0,0,179.6499939,-0.920000017
14.51,0,0,0,0,483,2227,1888,1922,0.01,-0.050000001,-0.259999991,0,0,0,179.6600037,-0.920000017
14.52,0,0,0,0,483,2231,1888,1912,0.01,-0.090000004,0,0,0,0,179.6600037,-0.920000017
14.53,0,0,0,0,483,2235,1888,1913,-0.07,0.07,0.239999995,0,0,0,179.6600037,-0.920000017
14.54,0,0,0,0,483,2234,1888,1912,-0.039999999,0.100000002,-0.140000001,0,0,0,179.6600037,-0.920000017
14.55,0,0,0,0,483,2223,1888,1921,0.029999999,-0.090000004,-0.180000007,0,0,0,179.6600037,-0.920000017
14.56,0,0,0,0,483,2232,1888,1911,0.029999999,-0.090000004,-0.180000007,0,0,0,179.6600037,-0.920000017
14.57,0,0,0,0,483,2222,1888,1921,-0.059999999,0.079999998,0.189999998,0,0,0,179.6499939,-0.920000017
14.58,0,0,0,0,483,2232,1888,1912,0.01,0,-0.170000002,0,0,0,179.6600037,-0.920000017
14.59,0,0,0,0,483,2232,1888,1917,0.07,-0.140000001,-0.109999999,0,0,0,179.6600037,-0.920000017
14.6,0,0,0,0,484,2235,1888,1912,0,-0.01,0.25,0,0,0,179.6600037,-0.920000017
14.61,0,0,0,0,483,2229,1888,1920,-0.039999999,0.059999999,0.050000001,0,0,0,179.6600037,-0.920000017
14.62,0,0,0,0,484,2239,1888,1918,0.02,-0.059999999,-0.200000003,0,0,0,179.6600037,-0.920000017
14.63,0,0,0,0,483,2226,1887,1921,0.01,-0.129999995,-0.02,0,0,0,179.6600037,-0.920000017
14.64,0,0,0,0,484,2221,1888,1911,-0.079999998,0.039999999,0.209999993,0,0,0,179.6600037,-0.920000017
14.65,0,0,0,0,484,2228,1888,1922,-0.090000004,0.07,-0.07,0,0,0,179.6600037,-0.920000017
14.66,0,0,0,0,483,2224,1888,1915,-0.090000004,0.07,-0.07,0,0,0,179.6600037,-0.920000017
14.67,0,0,0,0,483,2227,1888,1908,0.02,-0.079999998,0.050000001,0,0,0,179.6600037,-0.920000017
14.68,0,0,0,0,484,2236,1888,1917,-0.050000001,0.079999998,0.150000006,0,0,0,179.6600037,-0.920000017
14.69,0,0,0,0,483,2230,1888,1919,0,0.039999999,-0.239999995,0,0,0,179.6600037,-0.920000017
14.7,0,0,0,0,484,2226,1888,1917,0.039999999,-0.109999999,-0.180000007,0,0,0,179.6600037,-0.920000017
14.71,0,0,0,0,484,2232,1888,1915,0,-0.039999999,0.200000003,0,0,0,179.6600037,-0.920000017
14.72,0,0,0,0,484,2225,1888,1927,-0.029999999,0.109999999,0.140000001,0,0,0,179.6600037,-0.920000017
14.73,0,0,0,0,483,2228,1887,1906,0.059999999,-0.029999999,-0.150000006,0,0,0,179.6600037,-0.920000017
14.74,0,0,0,0,484,2228,1888,1913,0.039999999,-0.119999997,0.02,0,0,0,179.6600037,-0.920000017
14.75,0,0,0,0,483,2234,1887,1910,-0.029999999,0.02,0.270000011,0,0,0,179.6499939,-0.920000017
14.76,0,0,0,0,484,2224,1888,1920,-0.029999999,0.02,0.270000011,0,0,0,179.6499939,-0.920000017
14.77,0,0,0,0,484,2233,1888,1910,0.059999999,-0.039999999,-0.150000006,0,0,0,179.6499939,-0.920000017
14.78,0,0,0,0,484,2226,1888,1926,0.029999999,-0.090000004,0.100000002,0,0,0,179.6499939,-0.920000017
14.79,0,0,0,0,484,2234,1888,1913,-0.039999999,0.079999998,0.200000003,0,0,0,179.6499939,-0.920000017
14.8,0,0,0,0,484,2231,1888,1919,-0.02,0.029999999,-0.170000002,0,0,0,179.6499939,-0.920000017
14.81,0,0,0,0,484,2237,1888,1921,0.029999999,-0.109999999,-0.150000006,0,0,0,179.6600037,-0.920000017
14.82,0,0,0,0,483,2230,1888,1924,-0.02,-0.029999999,0.159999996,0,0,0,179.6600037,-0.920000017
14.83,0,0,0,0,484,2236,1887,1912,-0.07,0.140000001,0.090000004,0,0,0,179.6499939,-0.920000017
14.84,0,0,0,0,484,2222,1888,1921,0,-0.02,-0.209999993,0,0,0,179.6499939,-0.920000017
14.85,0,0,0,0,484,2221,1888,1908,0.050000001,-0.090000004,0,0,0,0,179.6600037,-0.920000017
14.86,0,0,0,0,484,2227,1888,1906,0.050000001,-0.090000004,0,0,0,0,179.6600037,-0.920000017
14.87,0,0,0,0,484,2230,1887,1913,-0.01,0.140000001,-0.039999999,0,0,0,179.6600037,-0.920000017
14.88,0,0,0,0,484,2230,1888,1919,0.059999999,-0.109999999,-0.209999993,0,0,0,179.6600037,-0.920000017
14.89,0,0,0,0,484,2238,1888,1918,0.01,-0.07,0.119999997,0,0,0,179.6499939,-0.920000017
14.9,0,0,0,0,484,2231,1888,1928,-0.039999999,0.109999999,0.180000007,0,0,0,179.6499939,-0.920000017
14.91,0,0,0,0,484,2227,1888,1924,0.01,0.02,-0.170000002,0,0,0,179.6600037,-0.920000017
14.92,0,0,0,0,484,2232,1888,1911,0.039999999,-0.079999998,-0.119999997,0,0,0,179.6600037,-0.920000017
14.93,0,0,0,0,484,2233,1887,1913,0,-0.01,0.209999993,0,0,0,179.6600037,-0.920000017
14.94,0,0,0,0,484,2226,1888,1914,0,0.129999995,0.07,0,0,0,179.6600037,-0.920000017
14.95,0,0,0,0,484,2222,1888,1912,0.029999999,-0.039999999,-0.239999995,0,0,0,179.6600037,-0.920000017
14.96,0,0,0,0,484,2228,1888,1921,0.029999999,-0.039999999,-0.239999995,0,0,0,179.6600037,-0.920000017
14.97,0,0,0,0,484,2222,1888,1916,-0.059999999,0.02,0.259999991,0,0,0,179.6499939,-0.920000017
14.98,0,0,0,0,484,2230,1888,1913,-0.029999999,0.079999998,-0.039999999,0,0,0,179.6499939,-0.920000017
14.99,0,0,0,0,484,2236,1888,1919,0.02,-0.109999999,-0.170000002,0,0,0,179.6600037,-0.920000017
15,0,0,0,0,484,2240,1888,1924,0.029999999,-0.07,0.100000002,0,0,0,179.6600037,-0.920000017
15.01,0,0,0,0,484,2228,1888,1918,-0.02,0.100000002,0.170000002,0,0,0,179.6600037,-0.920000017
15.02,0,0,0,0,484,2238,1888,1915,0.01,0.01,-0.180000007,0,0,0,179.6600037,-0.920000017
15.03,0,0,0,0,484,2222,1888,1916,0.059999999,-0.119999997,-0.090000004,0,0,0,179.6499939,-0.920000017
15.04,0,0,0,0,484,2227,1888,1907,-0.02,0,0.200000003,0,0,0,179.6499939,-0.920000017
15.05,0,0,0,0,484,2231,1888,1912,-0.059999999,0.119999997,0.039999999,0,0,0,179.6499939,-0.920000017
15.06,0,0,0,0,484,2235,1888,1916,-0.059999999,0.119999997,0.039999999,0,0,0,179.6499939,-0.920000017
15.07,0,0,0,0,484,2221,1888,1923,0,-0.119999997,0,0,0,0,179.6499939,-0.920000017
15.08,0,0,0,0,484,2232,1888,1915,-0.07,0.039999999,0.159999996,0,0,0,179.6499939,-0.920000017
15.09,0,0,0,0,484,2225,1888,1926,-0.01,0.07,-0.150000006,0,0,0,179.6600037,-0.920000017
15.1,0,0,0,0,484,2232,1888,1913,0.050000001,-0.079999998,-0.129999995,0,0,0,179.6600037,-0.920000017
15.11,0,0,0,0,484,2231,1888,1918,0.02,-0.059999999,0.140000001,0,0,0,179.6600037,-0.920000017
15.12,0,0,0,0,484,2240,1888,1916,-0.02,0.129999995,0.090000004,0,0,0,179.6600037,-0.920000017
15.13,0,0,0,0,484,2220,1888,1923,0.01,0,-0.150000006,0,0,0,179.6499939,-0.920000017
15.14,0,0,0,0,484,2226,1888,1907,0.039999999,-0.079999998,0,0,0,0,179.6499939,-0.920000017
15.15,0,0,0,0,484,2223,1888,1913,-0.02,0.02,0.200000003,0,0,0,179.6499939,-0.920000017
15.16,0,0,0,0,484,2233,1887,1906,-0.02,0.02,0.200000003,0,0,0,179.6499939,-0.920000017
15.17,0,0,0,0,484,2224,1888,1920,0.02,-0.050000001,-0.25,0,0,0,179.6499939,-0.920000017
15.18,0,0,0,0,484,2237,1887,1917,0.01,-0.079999998,0.07,0,0,0,179.6499939,-0.920000017
15.19,0,0,0,0,484,2226,1888,1928,-0.059999999,0.039999999,0.140000001,0,0,0,179.6600037,-0.920000017
15.2,0,0,0,0,484,2232,1888,1911,-0.01,-0.029999999,-0.200000003,0,0,0,179.6600037,-0.920000017
15.21,0,0,0,0,484,2231,1888,1917,0.02,-0.159999996,-0.150000006,0,0,0,179.6600037,-0.920000017
15.22,0,0,0,0,484,2238,1887,1918,0,-0.059999999,0.189999998,0,0,0,179.6600037,-0.920000017
15.23,0,0,0,0,484,2223,1888,1920,-0.029999999,0.119999997,0.109999999,0,0,0,179.6600037,-0.920000017
15.24,0,0,0,0,484,2227,1888,1909,0.039999999,-0.02,-0.170000002,0,0,0,179.6600037,-0.920000017
15.25,0,0,0,0,484,2221,1888,1916,0.07,-0.090000004,0.029999999,0,0,0,179.6499939,-0.910000026
15.26,0,0,0,0,484,2232,1888,1907,0.07,-0.090000004,0.029999999,0,0,0,179.6499939,-0.910000026
15.27,0,0,0,0,484,2225,1888,1919,0.029999999,0.119999997,-0.02,0,0,0,179.6499939,-0.920000017
15.28,0,0,0,0,484,2241,1887,1917,0.079999998,-0.07,-0.170000002,0,0,0,179.6499939,-0.920000017
15.29,0,0,0,0,484,2227,1888,1926,0.01,-0.07,0.150000006,0,0,0,179.6499939,-0.920000017
15.3,0,0,0,0,484,2235,1888,1913,-0.079999998,0.079999998,0.100000002,0,0,0,179.6499939,-0.920000017
15.31,0,0,0,0,484,2231,1888,1918,-0.029999999,0.01,-0.239999995,0,0,0,179.6600037,-0.920000017
15.32,0,0,0,0,484,2239,1888,1915,-0.01,-0.109999999,-0.119999997,0,0,0,179.6600037,-0.920000017
15.33,0,0,0,0,484,2222,1888,1921,-0.07,0,0.140000001,0,0,0,179.6600037,-0.920000017
15.34,0,0,0,0,484,2233,1887,1910,-0.039999999,0.079999998,-0.029999999,0,0,0,179.6600037,-0.920000017
15.35,0,0,0,0,484,2220,1888,1921,0.039999999,-0.059999999,-0.189999998,0,0,0,179.6600037,-0.920000017
15.36,0,0,0,0,484,2228,1888,1908,0.039999999,-0.059999999,-0.189999998,0,0,0,179.6600037,-0.920000017
15.37,0,0,0,0,483,2227,1888,1914,-0.01,0.090000004,0.200000003,0,0,0,179.6600037,-0.920000017
15.38,0,0,0,0,483,2241,1887,1918,0,0.079999998,-0.140000001,0,0,0,179.6600037,-0.920000017
15.39,0,0,0,0,483,2226,1888,1928,0.039999999,-0.079999998,-0.119999997,0,0,0,179.6600037,-0.920000017
15.4,0,0,0,0,483,2232,1888,1911,-0.02,-0.029999999,0.209999993,0,0,0,179.6600037,-0.920000017
15.41,0,0,0,0,483,2226,1888,1921,-0.07,0.129999995,0.029999999,0,0,0,179.6499939,-0.920000017
15.42,0,0,0,0,483,2237,1888,1915,0,-0.050000001,-0.239999995,0,0,0,179.6499939,-0.920000017
15.43,0,0,0,0,483,2223,1887,1920,0.039999999,-0.170000002,0,0,0,0,179.6499939,-0.910000026
15.44,0,0,0,0,483,2231,1887,1911,-0.050000001,0.01,0.189999998,0,0,0,179.6499939,-0.910000026
15.45,0,0,0,0,483,2220,1888,1921,0.029999999,0.059999999,-0.090000004,0,0,0,179.6499939,-0.920000017
15.46,0,0,0,0,483,2227,1888,1906,0.029999999,0.059999999,-0.090000004,0,0,0,179.6499939,-0.920000017
15.47,0,0,0,0,483,2225,1888,1912,0.039999999,-0.090000004,0.180000007,0,0,0,179.6499939,-0.910000026
15.48,0,0,0,0,483,2240,1888,1917,-0.050000001,0.119999997,0.159999996,0,0,0,179.6499939,-0.910000026
15.49,0,0,0,0,483,2226,1888,1927,0.02,0.02,-0.170000002,0,0,0,179.6499939,-0.920000017
15.5,0,0,0,0,483,2229,1888,1913,0.02,-0.07,-0.039999999,0,0,0,179.6499939,-0.920000017
15.51,0,0,0,0,483,2229,1888,1918,-0.059999999,0.01,0.200000003,0,0,0,179.6499939,-0.910000026
15.52,0,0,0,0,483,2239,1888,1913,-0.07,0.119999997,-0.02,0,0,0,179.6499939,-0.910000026
15.53,0,0,0,0,483,2224,1888,1920,0.039999999,-0.07,-0.200000003,0,0,0,179.6600037,-0.910000026
15.54,0,0,0,0,483,2230,1887,1910,0.01,-0.079999998,0.07,0,0,0,179.6600037,-0.910000026
15.55,0,0,0,0,483,2221,1888,1919,-0.079999998,0.090000004,0.200000003,0,0,0,179.6499939,-0.910000026
15.56,0,0,0,0,483,2227,1888,1905,-0.079999998,0.090000004,0.200000003,0,0,0,179.6499939,-0.910000026
15.57,0,0,0,0,483,2225,1888,1911,0.039999999,-0.129999995,-0.140000001,0,0,0,179.6499939,-0.910000026
15.58,0,0,0,0,483,2239,1888,1917,-0.02,-0.02,0.180000007,0,0,0,179.6499939,-0.910000026
15.59,0,0,0,0,483,2226,1888,1927,-0.039999999,0.090000004,0.02,0,0,0,179.6499939,-0.910000026
15.6,0,0,0,0,483,2233,1888,1913,0.039999999,-0.039999999,-0.200000003,0,0,0,179.6499939,-0.910000026
15.61,0,0,0,0,483,2227,1888,1920,0.02,-0.129999995,0,0,0,0,179.6600037,-0.910000026
15.62,0,0,0,0,483,2237,1887,1913,-0.039999999,0.050000001,0.270000011,0,0,0,179.6600037,-0.910000026
15.63,0,0,0,0,483,2225,1888,1917,-0.01,0.109999999,-0.090000004,0,0,0,179.6600037,-0.910000026
15.64,0,0,0,0,483,2233,1887,1910,0.02,-0.059999999,-0.159999996,0,0,0,179.6600037,-0.910000026
15.65,0,0,0,0,483,2221,1888,1921,0,-0.079999998,0.119999997,0,0,0,179.6600037,-0.910000026
15.66,0,0,0,0,483,2228,1888,1905,0,-0.079999998,0.119999997,0,0,0,179.6600037,-0.910000026
15.67,0,0,0,0,483,2226,1888,1914,0,0.01,-0.209999993,0,0,0,179.6600037,-0.910000026
15.68,0,0,0,0,484,2237,1888,1912,0.039999999,-0.140000001,-0.050000001,0,0,0,179.6600037,-0.910000026
15.69,0,0,0,0,483,2228,1888,1925,-0.02,-0.02,0.200000003,0,0,0,179.6600037,-0.910000026
15.7,0,0,0,0,484,2239,1888,1918,-0.02,0.100000002,-0.029999999,0,0,0,179.6600037,-0.910000026
15.71,0,0,0,0,483,2226,1888,1926,0.050000001,-0.039999999,-0.209999993,0,0,0,179.6600037,-0.910000026
15.72,0,0,0,0,484,2228,1888,1913,0.029999999,-0.07,0.07,0,0,0,179.6600037,-0.910000026
15.73,0,0,0,0,483,2226,1888,1922,-0.039999999,0.090000004,0.200000003,0,0,0,179.6600037,-0.910000026
15.74,0,0,0,0,483,2232,1887,1913,0,0.07,-0.119999997,0,0,0,179.6600037,-0.910000026
15.75,0,0,0,0,483,2223,1888,1918,0.039999999,-0.090000004,-0.159999996,0,0,0,179.6600037,-0.910000026
15.76,0,0,0,0,484,2232,1888,1910,0.039999999,-0.090000004,-0.159999996,0,0,0,179.6600037,-0.910000026
15.77,0,0,0,0,483,2220,1888,1922,-0.039999999,0.109999999,0.07,0,0,0,179.6600037,-0.910000026
15.78,0,0,0,0,484,2230,1888,1913,0.02,0,-0.25,0,0,0,179.6600037,-0.910000026
15.79,0,0,0,0,484,2231,1888,1914,0.039999999,-0.090000004,-0.029999999,0,0,0,179.6600037,-0.910000026
15.8,0,0,0,0,484,2239,1888,1918,-0.039999999,0.039999999,0.219999999,0,0,0,179.6600037,-0.910000026
15.81,0,0,0,0,483,2229,1888,1923,-0.039999999,0.170000002,-0.059999999,0,0,0,179.6600037,-0.910000026
15.82,0,0,0,0,484,2238,1888,1917,0.01,-0.059999999,-0.230000004,0,0,0,179.6600037,-0.910000026
15.83,0,0,0,0,483,2225,1888,1926,-0.01,-0.100000002,0.059999999,0,0,0,179.6600037,-0.910000026
15.84,0,0,0,0,484,2225,1888,1912,-0.079999998,0.079999998,0.180000007,0,0,0,179.6600037,-0.910000026
15.85,0,0,0,0,484,2225,1888,1907,-0.01,0.050000001,-0.180000007,0,0,0,179.6600037,-0.910000026
15.86,0,0,0,0,484,2232,1888,1912,-0.01,0.050000001,-0.180000007,0,0,0,179.6600037,-0.910000026
15.87,0,0,0,0,484,2224,1887,1919,0,-0.029999999,0.230000004,0,0,0,179.6600037,-0.910000026
15.88,0,0,0,0,484,2228,1888,1917,-0.029999999,0.140000001,0.100000002,0,0,0,179.6600037,-0.910000026
15.89,0,0,0,0,484,2239,1888,1915,0.050000001,0,-0.200000003,0,0,0,179.6600037,-0.910000026
15.9,0,0,0,0,484,2227,1888,1924,0.07,-0.129999995,-0.050000001,0,0,0,179.6600037,-0.910000026
15.91,0,0,0,0,484,2232,1888,1913,-0.01,0,0.219999999,0,0,0,179.6600037,-0.910000026
15.92,0,0,0,0,484,2231,1888,1918,-0.02,0.090000004,-0.039999999,0,0,0,179.6600037,-0.910000026
15.93,0,0,0,0,484,2233,1887,1916,0.02,-0.059999999,-0.180000007,0,0,0,179.6600037,-0.910000026
15.94,0,0,0,0,484,2222,1888,1918,0.01,-0.090000004,0.090000004,0,0,0,179.6600037,-0.910000026
15.95,0,0,0,0,484,2233,1887,1910,-0.079999998,0.07,0.189999998,0,0,0,179.6600037,-0.910000026
15.96,0,0,0,0,484,2219,1887,1923,-0.079999998,0.07,0.189999998,0,0,0,179.6600037,-0.910000026
15.97,0,0,0,0,484,2225,1888,1908,0.050000001,-0.100000002,-0.109999999,0,0,0,179.6600037,-0.910000026
15.98,0,0,0,0,484,2233,1888,1921,0.02,-0.02,0.209999993,0,0,0,179.6600037,-0.910000026
15.99,0,0,0,0,484,2236,1888,1918,-0.029999999,0.100000002,0.109999999,0,0,0,179.6600037,-0.910000026
16,0,0,0,0,484,2232,1888,1917,0.050000001,0.01,-0.209999993,0,0,0,179.6600037,-0.910000026
16.01,0,0,0,0,484,2238,1888,1916,0.029999999,-0.100000002,-0.059999999,0,0,0,179.6600037,-0.910000026
16.02,0,0,0,0,484,2228,1888,1924,-0.029999999,0,0.200000003,0,0,0,179.6600037,-0.910000026
16.03,0,0,0,0,484,2220,1888,1912,-0.050000001,0.119999997,-0.02,0,0,0,179.6600037,-0.910000026
16.04,0,0,0,0,484,2231,1887,1921,0,-0.039999999,-0.209999993,0,0,0,179.6600037,-0.910000026
16.05,0,0,0,0,484,2219,1888,1921,0.029999999,-0.119999997,-0.01,0,0,0,179.6600037,-0.910000026
16.06,0,0,0,0,484,2226,1888,1908,0.029999999,-0.119999997,-0.01,0,0,0,179.6600037,-0.910000026
16.07,0,0,0,0,484,2224,1888,1916,-0.01,0.050000001,-0.119999997,0,0,0,179.6600037,-0.910000026
16.08,0,0,0,0,484,2237,1888,1912,0.039999999,-0.109999999,-0.140000001,0,0,0,179.6600037,-0.910000026
16.09,0,0,0,0,484,2230,1888,1917,0,-0.079999998,0.200000003,0,0,0,179.6499939,-0.910000026
16.1,0,0,0,0,484,2239,1888,1917,-0.059999999,0.119999997,0.239999995,0,0,0,179.6499939,-0.910000026
16.11,0,0,0,0,484,2227,1888,1924,-0.01,0.059999999,-0.189999998,0,0,0,179.6600037,-0.910000026
16.12,0,0,0,0,484,2236,1888,1915,0.029999999,-0.090000004,-0.100000002,0,0,0,179.6600037,-0.910000026
16.13,0,0,0,0,484,2224,1887,1922,0,-0.039999999,0.230000004,0,0,0,179.6600037,-0.910000026
16.14,0,0,0,0,484,2221,1888,1908,-0.01,0.119999997,0.07,0,0,0,179.6600037,-0.910000026
16.15,0,0,0,0,484,2226,1888,1907,0.059999999,-0.01,-0.280000001,0,0,0,179.6600037,-0.910000026
16.16,0,0,0,0,484,2223,1888,1914,0.059999999,-0.01,-0.280000001,0,0,0,179.6600037,-0.910000026
16.17,0,0,0,0,484,2228,1888,1914,0,0,0.270000011,0,0,0,179.6499939,-0.910000026
16.18,0,0,0,0,484,2233,1888,1918,-0.039999999,0.109999999,0,0,0,0,179.6499939,-0.910000026
16.19,0,0,0,0,484,2238,1888,1917,0.029999999,-0.07,-0.209999993,0,0,0,179.6600037,-0.910000026
16.2,0,0,0,0,484,2229,1888,1921,0.029999999,-0.109999999,0.07,0,0,0,179.6600037,-0.910000026
16.21,0,0,0,0,484,2238,1888,1916,-0.029999999,0.07,0.259999991,0,0,0,179.6600037,-0.910000026
16.22,0,0,0,0,484,2227,1888,1926,-0.02,0.050000001,-0.140000001,0,0,0,179.6600037,-0.910000026
16.23,0,0,0,0,484,2235,1888,1911,0.02,-0.090000004,-0.189999998,0,0,0,179.6600037,-0.910000026
16.24,0,0,0,0,484,2230,1888,1922,0,-0.100000002,0.140000001,0,0,0,179.6600037,-0.910000026
16.25,0,0,0,0,484,2222,1888,1919,-0.059999999,0.109999999,0.150000006,0,0,0,179.6600037,-0.910000026
16.26,0,0,0,0,484,2228,1888,1907,-0.059999999,0.109999999,0.150000006,0,0,0,179.6600037,-0.910000026
16.27,0,0,0,0,484,2223,1888,1913,0.050000001,-0.07,-0.100000002,0,0,0,179.6600037,-0.910000026
16.28,0,0,0,0,484,2230,1888,1913,0,-0.029999999,0.230000004,0,0,0,179.6600037,-0.910000026
16.29,0,0,0,0,484,2230,1888,1917,-0.059999999,0.140000001,0.119999997,0,0,0,179.6600037,-0.910000026
16.3,0,0,0,0,484,2236,1888,1918,0.050000001,0.029999999,-0.300000012,0,0,0,179.6600037,-0.910000026
16.31,0,0,0,0,484,2230,1888,1917,0.059999999,-0.119999997,-0.090000004,0,0,0,179.6600037,-0.910000026
16.32,0,0,0,0,484,2238,1888,1918,-0.01,-0.02,0.219999999,0,0,0,179.6600037,-0.910000026
16.33,0,0,0,0,484,2229,1887,1919,-0.050000001,0.129999995,0.029999999,0,0,0,179.6600037,-0.910000026
16.34,0,0,0,0,484,2223,1888,1911,0.01,-0.039999999,-0.280000001,0,0,0,179.6600037,-0.910000026
16.35,0,0,0,0,484,2234,1888,1911,0.029999999,-0.100000002,0,0,0,0,179.6600037,-0.910000026
16.36,0,0,0,0,484,2222,1888,1920,0.029999999,-0.100000002,0,0,0,0,179.6600037,-0.910000026
16.37,0,0,0,0,484,2231,1888,1909,-0.050000001,0.119999997,-0.050000001,0,0,0,179.6600037,-0.910000026
16.38,0,0,0,0,484,2225,1888,1925,0.02,-0.079999998,-0.219999999,0,0,0,179.6600037,-0.910000026
16.39,0,0,0,0,484,2225,1888,1913,0.029999999,-0.079999998,0.100000002,0,0,0,179.6600037,-0.910000026
16.4,0,0,0,0,484,2230,1888,1926,-0.039999999,0.059999999,0.310000002,0,0,0,179.6600037,-0.910000026
16.41,0,0,0,0,484,2230,1888,1920,-0.02,0.109999999,-0.180000007,0,0,0,179.6600037,-0.910000026
16.42,0,0,0,0,484,2231,1888,1913,0.059999999,-0.07,-0.25,0,0,0,179.6600037,-0.910000026
16.43,0,0,0,0,484,2234,1888,1912,0.050000001,-0.050000001,0.180000007,0,0,0,179.6600037,-0.910000026
16.44,0,0,0,0,484,2233,1888,1908,-0.039999999,0.090000004,0.239999995,0,0,0,179.6600037,-0.910000026
16.45,0,0,0,0,484,2226,1888,1913,-0.01,0.029999999,-0.239999995,0,0,0,179.6600037,-0.910000026
16.46,0,0,0,0,484,2232,1887,1913,-0.01,0.029999999,-0.239999995,0,0,0,179.6600037,-0.910000026
16.47,0,0,0,0,484,2224,1888,1917,-0.01,-0.07,0.25,0,0,0,179.6600037,-0.910000026
16.48,0,0,0,0,484,2238,1888,1917,-0.059999999,0.140000001,0.189999998,0,0,0,179.6600037,-0.910000026
16.49,0,0,0,0,484,2228,1888,1925,0,0.01,-0.25,0,0,0,179.6600037,-0.910000026
16.5,0,0,0,0,484,2226,1888,1918,0.050000001,-0.129999995,-0.119999997,0,0,0,179.6600037,-0.910000026
16.51,0,0,0,0,484,2234,1888,1917,0,-0.029999999,0.289999992,0,0,0,179.6600037,-0.910000026
16.52,0,0,0,0,484,2234,1888,1917,0,-0.029999999,0.289999992,0,0,0,179.6600037,-0.910000026
16.53,0,0,0,0,484,2228,1888,1927,0,-0.02,-0.310000002,0,0,0,179.6600037,-0.910000026
16.54,0,0,0,0,484,2222,1888,1919,0,-0.02,-0.310000002,0,0,0,179.6600037,-0.910000026
16.55,0,0,0,0,484,2227,1888,1906,0.029999999,-0.090000004,-0.050000001,0,0,0,179.6600037,-0.910000026
16.56,0,0,0,0,485,2223,1888,1916,-0.039999999,0,0.319999993,0,0,0,179.6600037,-0.910000026
16.57,0,0,0,0,484,2227,1888,1907,-0.07,0.170000002,-0.02,0,0,0,179.6600037,-0.910000026
16.58,0,0,0,0,484,2231,1888,1914,0.050000001,-0.02,-0.310000002,0,0,0,179.6600037,-0.910000026
16.59,0,0,0,0,484,2231,1888,1919,0.029999999,-0.079999998,0.050000001,0,0,0,179.6600037,-0.910000026
16.6,0,0,0,0,484,2231,1888,1915,-0.02,0.050000001,0.289999992,0,0,0,179.6600037,-0.910000026
16.61,0,0,0,0,484,2238,1888,1918,-0.039999999,0.119999997,-0.109999999,0,0,0,179.6600037,-0.910000026
16.62,0,0,0,0,484,2231,1888,1920,0.050000001,-0.100000002,-0.25,0,0,0,179.6600037,-0.910000026
16.63,0,0,0,0,484,2224,1888,1917,0.050000001,-0.100000002,0.109999999,0,0,0,179.6600037,-0.910000026
16.64,0,0,0,0,484,2233,1887,1910,-0.050000001,0.050000001,0.25,0,0,0,179.6600037,-0.910000026
16.65,0,0,0,0,484,2222,1888,1919,0.01,0.050000001,-0.159999996,0,0,0,179.6600037,-0.910000026
16.66,0,0,0,0,485,2234,1887,1909,0.059999999,-0.140000001,-0.200000003,0,0,0,179.6600037,-0.910000026
16.67,0,0,0,0,485,2219,1888,1921,0.029999999,-0.090000004,0.219999999,0,0,0,179.6600037,-0.910000026
16.68,0,0,0,0,484,2223,1888,1909,-0.039999999,0.119999997,0.219999999,0,0,0,179.6600037,-0.910000026
16.69,0,0,0,0,484,2223,1888,1912,0.01,0.029999999,-0.219999999,0,0,0,179.6600037,-0.910000026
16.7,0,0,0,0,484,2228,1888,1922,0.029999999,-0.090000004,-0.150000006,0,0,0,179.6600037,-0.910000026
16.71,0,0,0,0,484,2235,1888,1910,-0.02,-0.02,0.25,0,0,0,179.6600037,-0.910000026
16.72,0,0,0,0,484,2235,1888,1917,-0.050000001,0.129999995,0.129999995,0,0,0,179.6600037,-0.910000026
16.73,0,0,0,0,485,2232,1888,1915,0,0.01,-0.280000001,0,0,0,179.6600037,-0.910000026
16.74,0,0,0,0,484,2224,1888,1914,0.029999999,-0.079999998,-0.090000004,0,0,0,179.6600037,-0.910000026
16.75,0,0,0,0,485,2233,1887,1911,0,0,0.270000011,0,0,0,179.6600037,-0.910000026
16.76,0,0,0,0,484,2222,1888,1919,-0.039999999,0.140000001,0,0,0,0,179.6600037,-0.910000026
16.77,0,0,0,0,485,2221,1888,1911,0.050000001,-0.059999999,-0.310000002,0,0,0,179.6600037,-0.910000026
16.78,0,0,0,0,485,2233,1888,1922,0.02,-0.100000002,0.039999999,0,0,0,179.6600037,-0.910000026
16.79,0,0,0,0,485,2225,1888,1915,-0.039999999,0.039999999,0.280000001,0,0,0,179.6600037,-0.910000026
16.8,0,0,0,0,484,2232,1888,1912,-0.039999999,0.119999997,-0.100000002,0,0,0,179.6600037,-0.910000026
16.81,0,0,0,0,485,2232,1888,1920,0.02,-0.090000004,-0.25,0,0,0,179.6600037,-0.910000026
16.82,0,0,0,0,485,2232,1888,1910,0.029999999,-0.07,0.150000006,0,0,0,179.6600037,-0.910000026
16.83,0,0,0,0,485,2225,1888,1917,-0.07,0.079999998,0.230000004,0,0,0,179.6600037,-0.910000026
16.84,0,0,0,0,484,2233,1887,1912,0,0.059999999,-0.159999996,0,0,0,179.6600037,-0.910000026
16.85,0,0,0,0,485,2223,1888,1920,0.059999999,-0.100000002,-0.170000002,0,0,0,179.6600037,-0.910000026
16.86,0,0,0,0,484,2234,1887,1912,0.01,-0.050000001,0.189999998,0,0,0,179.6600037,-0.910000026
16.87,0,0,0,0,485,2222,1887,1922,-0.039999999,0.119999997,0.129999995,0,0,0,179.6600037,-0.910000026
16.88,0,0,0,0,485,2233,1888,1909,0.02,-0.02,-0.239999995,0,0,0,179.6600037,-0.910000026
16.89,0,0,0,0,485,2232,1888,1927,0.039999999,-0.140000001,-0.119999997,0,0,0,179.6600037,-0.910000026
16.9,0,0,0,0,485,2229,1888,1920,-0.029999999,-0.01,0.289999992,0,0,0,179.6600037,-0.910000026
16.91,0,0,0,0,485,2231,1888,1912,-0.050000001,0.140000001,0.07,0,0,0,179.6600037,-0.910000026
16.92,0,0,0,0,485,2237,1888,1918,0.039999999,-0.050000001,-0.239999995,0,0,0,179.6600037,-0.910000026
16.93,0,0,0,0,485,2229,1887,1919,0.029999999,-0.090000004,0.039999999,0,0,0,179.6600037,-0.910000026
16.94,0,0,0,0,485,2222,1888,1912,-0.029999999,0.039999999,0.280000001,0,0,0,179.6600037,-0.910000026
16.95,0,0,0,0,485,2222,1888,1910,-0.02,0.119999997,-0.109999999,0,0,0,179.6600037,-0.910000026
16.96,0,0,0,0,486,2220,1888,1922,0.039999999,-0.109999999,-0.230000004,0,0,0,179.6600037,-0.910000026
16.97,0,0,0,0,486,2225,1888,1906,0.01,-0.059999999,0.129999995,0,0,0,179.6600037,-0.910000026
16.98,0,0,0,0,486,2225,1888,1912,-0.07,0.109999999,0.200000003,0,0,0,179.6600037,-0.910000026
16.99,0,0,0,0,486,2236,1888,1913,0,0.050000001,-0.189999998,0,0,0,179.6600037,-0.910000026
17,0,0,0,0,486,2229,1888,1921,0.02,-0.109999999,-0.119999997,0,0,0,179.6600037,-0.899999976
17.01,0,0,0,0,486,2239,1887,1917,-0.02,0.01,0.230000004,0,0,0,179.6600037,-0.899999976
17.02,0,0,0,0,486,2227,1888,1926,-0.07,0.159999996,0.039999999,0,0,0,179.6600037,-0.910000026
17.03,0,0,0,0,486,2220,1888,1916,0.039999999,-0.02,-0.189999998,0,0,0,179.6600037,-0.910000026
17.04,0,0,0,0,486,2226,1888,1922,0.039999999,-0.129999995,-0.029999999,0,0,0,179.6600037,-0.899999976
17.05,0,0,0,0,486,2223,1888,1915,-0.050000001,0.039999999,0.230000004,0,0,0,179.6600037,-0.899999976
17.06,0,0,0,0,486,2227,1888,1909,-0.029999999,0.109999999,-0.109999999,0,0,0,179.6600037,-0.899999976
17.07,0,0,0,0,486,2233,1888,1912,0.050000001,-0.100000002,-0.219999999,0,0,0,179.6600037,-0.899999976
17.08,0,0,0,0,486,2224,1888,1916,0.02,-0.150000006,0.090000004,0,0,0,179.6600037,-0.899999976
17.09,0,0,0,0,486,2225,1888,1916,-0.050000001,0.050000001,0.230000004,0,0,0,179.6600037,-0.899999976
17.1,0,0,0,0,486,2231,1888,1913,0,0.039999999,-0.170000002,0,0,0,179.6600037,-0.899999976
17.11,0,0,0,0,486,2225,1888,1923,0.07,-0.119999997,-0.109999999,0,0,0,179.6600037,-0.899999976
17.12,0,0,0,0,486,2231,1888,1912,0,-0.029999999,0.219999999,0,0,0,179.6600037,-0.899999976
17.13,0,0,0,0,486,2235,1888,1912,-0.059999999,0.119999997,0.129999995,0,0,0,179.6600037,-0.899999976
17.14,0,0,0,0,486,2234,1887,1913,0.039999999,0,-0.189999998,0,0,0,179.6600037,-0.899999976
17.15,0,0,0,0,486,2223,1888,1912,0.02,-0.100000002,-0.029999999,0,0,0,179.6600037,-0.899999976
17.16,0,0,0,0,486,2230,1888,1908,-0.029999999,0.029999999,0.200000003,0,0,0,179.6600037,-0.899999976
17.17,0,0,0,0,486,2222,1888,1917,-0.029999999,0.090000004,-0.079999998,0,0,0,179.6600037,-0.899999976
17.18,0,0,0,0,486,2226,1888,1904,0.02,-0.100000002,-0.200000003,0,0,0,179.6600037,-0.899999976
17.19,0,0,0,0,486,2230,1888,1918,0,-0.07,0.100000002,0,0,0,179.6600037,-0.899999976
17.2,0,0,0,0,486,2237,1888,1918,-0.050000001,0.100000002,0.189999998,0,0,0,179.6600037,-0.899999976
17.21,0,0,0,0,486,2228,1888,1926,0,0.050000001,-0.140000001,0,0,0,179.6600037,-0.899999976
17.22,0,0,0,0,486,2238,1887,1917,0.029999999,-0.100000002,-0.109999999,0,0,0,179.6600037,-0.899999976
17.23,0,0,0,0,486,2226,1888,1926,-0.029999999,-0.039999999,0.230000004,0,0,0,179.6600037,-0.899999976
17.24,0,0,0,0,486,2226,1888,1907,-0.059999999,0.129999995,0.07,0,0,0,179.6600037,-0.899999976
17.25,0,0,0,0,486,2225,1888,1913,0.02,0,-0.209999993,0,0,0,179.6600037,-0.899999976
17.26,0,0,0,0,486,2233,1887,1912,0.029999999,-0.100000002,-0.050000001,0,0,0,179.6600037,-0.899999976
17.27,0,0,0,0,486,2223,1888,1918,-0.039999999,0.02,0.209999993,0,0,0,179.6600037,-0.899999976
17.28,0,0,0,0,486,2232,1888,1909,-0.01,0.090000004,-0.050000001,0,0,0,179.6600037,-0.899999976
17.29,0,0,0,0,486,2225,1888,1927,0.050000001,-0.109999999,-0.189999998,0,0,0,179.6600037,-0.899999976
17.3,0,0,0,0,486,2232,1888,1912,0.01,-0.079999998,0.159999996,0,0,0,179.6600037,-0.899999976
17.31,0,0,0,0,486,2230,1888,1916,-0.050000001,0.090000004,0.170000002,0,0,0,179.6600037,-0.899999976
17.32,0,0,0,0,486,2239,1888,1918,0,0.050000001,-0.170000002,0,0,0,179.6600037,-0.899999976
17.33,0,0,0,0,486,2228,1888,1926,0.039999999,-0.129999995,-0.100000002,0,0,0,179.6600037,-0.899999976
17.34,0,0,0,0,486,2230,1888,1909,0,-0.02,0.189999998,0,0,0,179.6600037,-0.899999976
17.35,0,0,0,0,486,2227,1888,1919,-0.050000001,0.140000001,0.050000001,0,0,0,179.6600037,-0.899999976
17.36,0,0,0,0,486,2230,1888,1911,0.039999999,-0.029999999,-0.200000003,0,0,0,179.6600037,-0.899999976
17.37,0,0,0,0,486,2230,1888,1913,0.02,-0.109999999,0.079999998,0,0,0,179.6600037,-0.899999976
17.38,0,0,0,0,486,2234,1887,1911,-0.02,0.07,0.209999993,0,0,0,179.6600037,-0.899999976
17.39,0,0,0,0,486,2226,1888,1927,-0.02,0.079999998,-0.109999999,0,0,0,179.6600037,-0.899999976
17.4,0,0,0,0,486,2227,1888,1915,0.039999999,-0.129999995,-0.159999996,0,0,0,179.6600037,-0.899999976
17.41,0,0,0,0,486,2232,1888,1912,0,-0.07,0.170000002,0,0,0,179.6600037,-0.899999976
17.42,0,0,0,0,486,2237,1887,1918,-0.039999999,0.109999999,0.119999997,0,0,0,179.6600037,-0.899999976
17.43,0,0,0,0,487,2231,1888,1922,0.02,0,-0.209999993,0,0,0,179.6600037,-0.899999976
17.44,0,0,0,0,486,2235,1888,1910,0.059999999,-0.129999995,-0.119999997,0,0,0,179.6600037,-0.899999976
17.45,0,0,0,0,486,2229,1887,1921,-0.029999999,0.02,0.219999999,0,0,0,179.6600037,-0.899999976
17.46,0,0,0,0,486,2222,1888,1914,-0.029999999,0.109999999,0,0,0,0,179.6600037,-0.899999976
17.47,0,0,0,0,486,2222,1888,1909,0.050000001,-0.059999999,-0.189999998,0,0,0,179.6600037,-0.899999976
17.48,0,0,0,0,486,2231,1888,1914,0.029999999,-0.090000004,0.100000002,0,0,0,179.6600037,-0.899999976
17.49,0,0,0,0,486,2229,1887,1925,-0.07,0.090000004,0.189999998,0,0,0,179.6600037,-0.899999976
17.5,0,0,0,0,487,2226,1888,1918,-0.01,0.02,-0.170000002,0,0,0,179.6600037,-0.899999976
17.51,0,0,0,0,486,2231,1888,1928,0.029999999,-0.140000001,-0.129999995,0,0,0,179.6600037,-0.899999976
17.52,0,0,0,0,486,2229,1888,1922,-0.029999999,-0.029999999,0.200000003,0,0,0,179.6600037,-0.899999976
17.53,0,0,0,0,487,2231,1888,1915,-0.039999999,0.129999995,0.02,0,0,0,179.6600037,-0.899999976
17.54,0,0,0,0,486,2233,1888,1912,0.029999999,-0.01,-0.219999999,0,0,0,179.6600037,-0.899999976
17.55,0,0,0,0,486,2223,1888,1918,0.050000001,-0.079999998,0,0,0,0,179.6600037,-0.899999976
17.56,0,0,0,0,486,2220,1888,1909,-0.050000001,0.059999999,0.209999993,0,0,0,179.6600037,-0.899999976
17.57,0,0,0,0,486,2225,1888,1907,0,0.129999995,-0.090000004,0,0,0,179.6600037,-0.899999976
17.58,0,0,0,0,486,2226,1888,1917,0.079999998,-0.050000001,-0.159999996,0,0,0,179.6600037,-0.899999976
17.59,0,0,0,0,486,2230,1888,1916,0.02,-0.079999998,0.159999996,0,0,0,179.6600037,-0.899999976
17.6,0,0,0,0,486,2239,1888,1918,-0.039999999,0.079999998,0.189999998,0,0,0,179.6600037,-0.899999976
17.61,0,0,0,0,486,2234,1888,1926,0.029999999,-0.01,-0.180000007,0,0,0,179.6600037,-0.899999976
17.62,0,0,0,0,487,2226,1888,1923,0.07,-0.159999996,-0.079999998,0,0,0,179.6600037,-0.899999976
17.63,0,0,0,0,486,2231,1888,1910,-0.029999999,-0.050000001,0.209999993,0,0,0,179.6600037,-0.899999976
17.64,0,0,0,0,486,2230,1888,1910,-0.07,0.119999997,-0.01,0,0,0,179.6600037,-0.899999976
17.65,0,0,0,0,487,2224,1887,1913,0,-0.039999999,-0.230000004,0,0,0,179.6600037,-0.899999976
17.66,0,0,0,0,486,2221,1888,1912,0.02,-0.129999995,0.029999999,0,0,0,179.6600037,-0.899999976
17.67,0,0,0,0,487,2229,1887,1908,-0.059999999,0.050000001,0.180000007,0,0,0,179.6600037,-0.899999976
17.68,0,0,0,0,486,2222,1888,1921,-0.01,0.07,-0.100000002,0,0,0,179.6600037,-0.899999976
17.69,0,0,0,0,487,2233,1888,1912,0.050000001,-0.090000004,-0.119999997,0,0,0,179.6600037,-0.899999976
17.7,0,0,0,0,486,2237,1888,1918,0.029999999,-0.039999999,0.209999993,0,0,0,179.6600037,-0.899999976
17.71,0,0,0,0,486,2239,1888,1923,-0.050000001,0.119999997,0.140000001,0,0,0,179.6600037,-0.899999976
17.72,0,0,0,0,487,2226,1888,1926,0.029999999,0.029999999,-0.180000007,0,0,0,179.6600037,-0.899999976
17.73,0,0,0,0,487,2234,1888,1911,0.059999999,-0.109999999,-0.039999999,0,0,0,179.6600037,-0.899999976
17.74,0,0,0,0,487,2221,1888,1915,-0.039999999,0.02,0.189999998,0,0,0,179.6600037,-0.899999976
17.75,0,0,0,0,487,2226,1888,1909,-0.039999999,0.090000004,-0.059999999,0,0,0,179.6600037,-0.899999976
17.76,0,0,0,0,487,2224,1888,1914,0.029999999,-0.090000004,-0.239999995,0,0,0,179.6600037,-0.899999976
17.77,0,0,0,0,487,2235,1887,1910,0,-0.109999999,0.039999999,0,0,0,179.6600037,-0.899999976
17.78,0,0,0,0,487,2221,1888,1926,-0.079999998,0.07,0.140000001,0,0,0,179.6600037,-0.899999976
17.79,0,0,0,0,487,2232,1888,1912,-0.01,0.039999999,-0.200000003,0,0,0,179.6600037,-0.899999976
17.8,0,0,0,0,486,2231,1888,1920,0.02,-0.109999999,-0.109999999,0,0,0,179.6600037,-0.899999976
17.81,0,0,0,0,486,2238,1888,1917,-0.029999999,-0.029999999,0.25,0,0,0,179.6600037,-0.899999976
17.82,0,0,0,0,487,2227,1888,1926,-0.050000001,0.129999995,0.059999999,0,0,0,179.6600037,-0.899999976
17.83,0,0,0,0,487,2232,1888,1914,0.029999999,0.02,-0.209999993,0,0,0,179.6600037,-0.899999976
17.84,0,0,0,0,487,2219,1888,1921,0.029999999,-0.119999997,0.029999999,0,0,0,179.6600037,-0.899999976
17.85,0,0,0,0,487,2226,1888,1908,-0.039999999,0.029999999,0.189999998,0,0,0,179.6600037,-0.899999976
17.86,0,0,0,0,487,2225,1888,1913,-0.01,0.079999998,-0.119999997,0,0,0,179.6600037,-0.899999976
17.87,0,0,0,0,487,2236,1887,1916,0.059999999,-0.109999999,-0.209999993,0,0,0,179.6600037,-0.899999976
17.88,0,0,0,0,487,2220,1888,1926,0,-0.090000004,0.109999999,0,0,0,179.6600037,-0.899999976
17.89,0,0,0,0,487,2230,1888,1913,-0.07,0.090000004,0.109999999,0,0,0,179.6600037,-0.899999976
17.9,0,0,0,0,487,2229,1888,1919,0.01,0,-0.239999995,0,0,0,179.6600037,-0.899999976
17.91,0,0,0,0,487,2238,1888,1913,0.01,-0.119999997,-0.079999998,0,0,0,179.6600037,-0.899999976
17.92,0,0,0,0,487,2227,1888,1918,-0.039999999,0,0.200000003,0,0,0,179.6600037,-0.899999976
17.93,0,0,0,0,487,2235,1888,1911,-0.059999999,0.140000001,-0.01,0,0,0,179.6600037,-0.899999976
17.94,0,0,0,0,487,2221,1888,1920,0.050000001,-0.059999999,-0.180000007,0,0,0,179.6600037,-0.899999976
17.95,0,0,0,0,487,2227,1888,1905,0.02,-0.100000002,0.090000004,0,0,0,179.6600037,-0.899999976
17.96,0,0,0,0,487,2231,1888,1911,-0.01,0.07,0.200000003,0,0,0,179.6600037,-0.899999976
17.97,0,0,0,0,487,2234,1887,1915,0.039999999,0.039999999,-0.189999998,0,0,0,179.6600037,-0.899999976
17.98,0,0,0,0,487,2223,1888,1927,0.079999998,-0.119999997,-0.129999995,0,0,0,179.6600037,-0.899999976
17.99,0,0,0,0,487,2231,1888,1912,0,-0.02,0.209999993,0,0,0,179.6600037,-0.899999976
18,0,0,0,0,487,2229,1888,1919,-0.039999999,0.119999997,0.07,0,0,0,179.6600037,-0.899999976
18.01,0,0,0,0,487,2231,1888,1914,0,-0.029999999,-0.189999998,0,0,0,179.6600037,-0.899999976
18.02,0,0,0,0,487,2229,1888,1920,0.02,-0.100000002,0,0,0,0,179.6600037,-0.899999976
18.03,0,0,0,0,487,2237,1888,1910,-0.029999999,0.050000001,0.219999999,0,0,0,179.6600037,-0.899999976
18.04,0,0,0,0,487,2222,1888,1918,0,0.07,-0.119999997,0,0,0,179.6600037,-0.899999976
18.05,0,0,0,0,487,2227,1888,1905,0.039999999,-0.079999998,-0.180000007,0,0,0,179.6600037,-0.899999976
18.06,0,0,0,0,487,2230,1888,1912,0,-0.100000002,0.119999997,0,0,0,179.6600037,-0.899999976
18.07,0,0,0,0,487,2234,1887,1915,-0.059999999,0.109999999,0.170000002,0,0,0,179.6600037,-0.899999976
18.08,0,0,0,0,487,2226,1888,1926,0.029999999,0,-0.180000007,0,0,0,179.6600037,-0.899999976
18.09,0,0,0,0,487,2232,1888,1914,0.029999999,-0.109999999,-0.039999999,0,0,0,179.6600037,-0.899999976
18.1,0,0,0,0,487,2228,1888,1919,-0.039999999,0.02,0.200000003,0,0,0,179.6600037,-0.899999976
18.11,0,0,0,0,487,2231,1887,1917,-0.01,0.090000004,0.01,0,0,0,179.6600037,-0.899999976
18.12,0,0,0,0,487,2228,1888,1919,0.059999999,-0.050000001,-0.180000007,0,0,0,179.6600037,-0.899999976
18.13,0,0,0,0,487,2228,1888,1909,0.039999999,-0.07,0.090000004,0,0,0,179.6600037,-0.899999976
18.14,0,0,0,0,487,2220,1888,1918,-0.029999999,0.079999998,0.150000006,0,0,0,179.6600037,-0.899999976
18.15,0,0,0,0,487,2226,1888,1907,0.01,0.039999999,-0.159999996,0,0,0,179.6600037,-0.910000026
18.16,0,0,0,0,487,2227,1888,1912,0.02,-0.109999999,-0.100000002,0,0,0,179.6600037,-0.899999976
18.17,0,0,0,0,487,2234,1887,1915,-0.050000001,0,0.180000007,0,0,0,179.6600037,-0.899999976
18.18,0,0,0,0,487,2224,1887,1927,-0.090000004,0.119999997,0.050000001,0,0,0,179.6600037,-0.910000026
18.19,0,0,0,0,487,2232,1888,1914,0.029999999,-0.039999999,-0.219999999,0,0,0,179.6600037,-0.910000026
18.2,0,0,0,0,487,2225,1888,1926,0.039999999,-0.100000002,0.050000001,0,0,0,179.6600037,-0.899999976
18.21,0,0,0,0,487,2232,1888,1913,-0.050000001,0.059999999,0.230000004,0,0,0,179.6600037,-0.899999976
18.22,0,0,0,0,487,2229,1888,1918,0.01,0.119999997,-0.079999998,0,0,0,179.6600037,-0.899999976
18.23,0,0,0,0,487,2238,1888,1923,0.079999998,-0.079999998,-0.140000001,0,0,0,179.6600037,-0.899999976
18.24,0,0,0,0,487,2218,1888,1921,0.02,-0.02,0.159999996,0,0,0,179.6600037,-0.899999976
18.25,0,0,0,0,487,2226,1888,1905,-0.079999998,0.07,0.109999999,0,0,0,179.6600037,-0.899999976
18.26,0,0,0,0,487,2226,1888,1912,0,0,-0.209999993,0,0,0,179.6600037,-0.899999976
18.27,0,0,0,0,487,2233,1888,1909,0.039999999,-0.129999995,-0.050000001,0,0,0,179.6600037,-0.899999976
18.28,0,0,0,0,487,2227,1888,1914,-0.050000001,0,0.230000004,0,0,0,179.6600037,-0.899999976
18.29,0,0,0,0,487,2232,1888,1915,-0.059999999,0.090000004,-0.029999999,0,0,0,179.6600037,-0.899999976
18.3,0,0,0,0,487,2227,1888,1925,0.039999999,-0.079999998,-0.180000007,0,0,0,179.6600037,-0.899999976
18.31,0,0,0,0,487,2232,1888,1909,0,-0.079999998,0.100000002,0,0,0,179.6600037,-0.899999976
18.32,0,0,0,0,487,2236,1888,1918,-0.039999999,0.100000002,0.219999999,0,0,0,179.6600037,-0.899999976
18.33,0,0,0,0,487,2238,1888,1918,0.039999999,0.079999998,-0.109999999,0,0,0,179.6600037,-0.899999976
18.34,0,0,0,0,487,2222,1888,1920,0.050000001,-0.07,-0.07,0,0,0,179.6600037,-0.899999976
18.35,0,0,0,0,487,2228,1888,1909,-0.02,-0.039999999,0.200000003,0,0,0,179.6600037,-0.899999976
18.36,0,0,0,0,487,2223,1888,1915,-0.050000001,0.140000001,0.059999999,0,0,0,179.6600037,-0.899999976
18.37,0,0,0,0,487,2226,1887,1908,0.02,-0.02,-0.239999995,0,0,0,179.6600037,-0.899999976
18.38,0,0,0,0,487,2230,1888,1913,0.02,-0.109999999,-0.059999999,0,0,0,179.6600037,-0.899999976
18.39,0,0,0,0,487,2240,1888,1917,-0.050000001,0.039999999,0.189999998,0,0,0,179.6600037,-0.899999976
18.4,0,0,0,0,487,2227,1888,1926,-0.01,0.100000002,-0.109999999,0,0,0,179.6600037,-0.899999976
18.41,0,0,0,0,487,2236,1887,1914,0.029999999,-0.059999999,-0.150000006,0,0,0,179.6600037,-0.899999976
18.42,0,0,0,0,487,2226,1888,1923,0,-0.079999998,0.109999999,0,0,0,179.6600037,-0.899999976
18.43,0,0,0,0,487,2231,1888,1913,-0.059999999,0.140000001,0.170000002,0,0,0,179.6600037,-0.899999976
18.44,0,0,0,0,487,2224,1888,1913,0,0.029999999,-0.119999997,0,0,0,179.6600037,-0.899999976
18.45,0,0,0,0,487,2233,1887,1912,0.029999999,-0.100000002,-0.109999999,0,0,0,179.6600037,-0.899999976
18.46,0,0,0,0,487,2223,1887,1920,-0.01,-0.01,0.189999998,0,0,0,179.6600037,-0.899999976
18.47,0,0,0,0,487,2234,1888,1910,-0.050000001,0.129999995,0,0,0,0,179.6600037,-0.899999976
18.48,0,0,0,0,487,2231,1888,1922,0.02,-0.02,-0.219999999,0,0,0,179.6600037,-0.899999976
18.49,0,0,0,0,487,2229,1888,1918,0.039999999,-0.100000002,0.01,0,0,0,179.6600037,-0.899999976
18.5,0,0,0,0,488,2231,1888,1911,-0.050000001,0.07,0.239999995,0,0,0,179.6600037,-0.899999976
18.51,0,0,0,0,487,2238,1888,1917,0,0.07,-0.050000001,0,0,0,179.6600037,-0.899999976
18.52,0,0,0,0,487,2229,1888,1923,0.059999999,-0.090000004,-0.129999995,0,0,0,179.6600037,-0.899999976
18.53,0,0,0,0,487,2222,1888,1918,0.029999999,-0.100000002,0.159999996,0,0,0,179.6600037,-0.899999976
18.54,0,0,0,0,487,2230,1888,1909,-0.039999999,0.090000004,0.189999998,0,0,0,179.6600037,-0.899999976
18.55,0,0,0,0,486,2221,1888,1919,0.029999999,0.029999999,-0.159999996,0,0,0,179.6600037,-0.899999976
18.56,0,0,0,0,487,2227,1888,1907,0.039999999,-0.100000002,-0.129999995,0,0,0,179.6600037,-0.899999976
18.57,0,0,0,0,486,2226,1888,1912,-0.01,-0.029999999,0.200000003,0,0,0,179.6600037,-0.899999976
18.58,0,0,0,0,486,2235,1888,1909,-0.059999999,0.129999995,0.029999999,0,0,0,179.6600037,-0.899999976
18.59,0,0,0,0,486,2235,1888,1920,0.039999999,0,-0.200000003,0,0,0,179.6600037,-0.899999976
18.6,0,0,0,0,486,2239,1887,1917,0.050000001,-0.07,0,0,0,0,179.6600037,-0.899999976
18.61,0,0,0,0,486,2226,1888,1926,-0.039999999,0.029999999,0.239999995,0,0,0,179.6600037,-0.899999976
18.62,0,0,0,0,486,2236,1888,1916,-0.02,0.159999996,-0.050000001,0,0,0,179.6600037,-0.899999976
18.63,0,0,0,0,486,2226,1888,1928,0.029999999,-0.059999999,-0.209999993,0,0,0,179.6600037,-0.899999976
18.64,0,0,0,0,487,2222,1888,1907,0,-0.059999999,0.109999999,0,0,0,179.6600037,-0.899999976
18.65,0,0,0,0,486,2227,1888,1905,-0.050000001,0.059999999,0.200000003,0,0,0,179.6600037,-0.899999976
18.66,0,0,0,0,486,2229,1888,1911,-0.039999999,0.059999999,-0.150000006,0,0,0,179.6600037,-0.899999976
18.67,0,0,0,0,486,2225,1887,1909,0.01,-0.119999997,-0.189999998,0,0,0,179.6600037,-0.899999976
18.68,0,0,0,0,486,2233,1888,1912,0,-0.090000004,0.150000006,0,0,0,179.6600037,-0.899999976
18.69,0,0,0,0,486,2238,1888,1924,-0.050000001,0.129999995,0.100000002,0,0,0,179.6600037,-0.899999976
18.7,0,0,0,0,487,2226,1888,1927,0.01,0.059999999,-0.219999999,0,0,0,179.6600037,-0.899999976
18.71,0,0,0,0,486,2239,1887,1916,0.02,-0.059999999,-0.039999999,0,0,0,179.6600037,-0.899999976
18.72,0,0,0,0,486,2225,1888,1927,0.01,0.02,0.319999993,0,0,0,179.6600037,-0.899999976
18.73,0,0,0,0,487,2232,1888,1914,-0.039999999,0.150000006,0.109999999,0,0,0,179.6600037,-0.899999976
18.74,0,0,0,0,486,2226,1888,1919,0.050000001,-0.050000001,-0.230000004,0,0,0,179.6600037,-0.899999976
18.75,0,0,0,0,486,2227,1888,1911,0.07,-0.150000006,0,0,0,0,179.6600037,-0.899999976
18.76,0,0,0,0,486,2225,1888,1906,-0.029999999,0,0.270000011,0,0,0,179.6600037,-0.899999976
18.77,0,0,0,0,486,2232,1888,1912,-0.01,0.079999998,-0.029999999,0,0,0,179.6600037,-0.899999976
18.78,0,0,0,0,487,2223,1888,1916,0.059999999,-0.090000004,-0.239999995,0,0,0,179.6600037,-0.899999976
18.79,0,0,0,0,486,2228,1888,1919,0.01,-0.090000004,0.059999999,0,0,0,179.6600037,-0.899999976
18.8,0,0,0,0,487,2239,1888,1916,-0.02,0.039999999,0.230000004,0,0,0,179.6600037,-0.899999976
18.81,0,0,0,0,487,2226,1888,1925,-0.01,0.059999999,-0.150000006,0,0,0,179.6600037,-0.899999976
18.82,0,0,0,0,486,2237,1888,1915,0.02,-0.079999998,-0.180000007,0,0,0,179.6600037,-0.899999976
18.83,0,0,0,0,487,2225,1888,1926,0,-0.02,0.129999995,0,0,0,179.6600037,-0.899999976
18.84,0,0,0,0,486,2221,1888,1908,-0.079999998,0.119999997,0.159999996,0,0,0,179.6600037,-0.899999976
18.85,0,0,0,0,486,2225,1888,1906,-0.039999999,0,-0.25,0,0,0,179.6600037,-0.899999976
18.86,0,0,0,0,486,2227,1888,1913,0,-0.109999999,-0.150000006,0,0,0,179.6600037,-0.899999976
18.87,0,0,0,0,487,2226,1888,1907,-0.050000001,-0.01,0.209999993,0,0,0,179.6600037,-0.899999976
18.88,0,0,0,0,486,2232,1888,1914,-0.07,0.109999999,0.079999998,0,0,0,179.6600037,-0.899999976
18.89,0,0,0,0,487,2239,1888,1921,0.01,-0.029999999,-0.209999993,0,0,0,179.6600037,-0.899999976
18.9,0,0,0,0,487,2229,1888,1923,0.050000001,-0.090000004,0,0,0,0,179.6600037,-0.899999976
18.91,0,0,0,0,486,2239,1887,1918,0,0.039999999,0.280000001,0,0,0,179.6600037,-0.899999976
18.92,0,0,0,0,486,2228,1888,1925,-0.029999999,0.119999997,-0.029999999,0,0,0,179.6600037,-0.899999976
18.93,0,0,0,0,487,2238,1888,1916,0.059999999,-0.02,-0.219999999,0,0,0,179.6600037,-0.899999976
18.94,0,0,0,0,486,2226,1888,1921,0.050000001,-0.07,0.039999999,0,0,0,179.6600037,-0.899999976
18.95,0,0,0,0,487,2219,1887,1921,-0.02,0.02,0.25,0,0,0,179.6600037,-0.899999976
18.96,0,0,0,0,487,2225,1888,1909,-0.01,0.07,-0.129999995,0,0,0,179.6600037,-0.899999976
18.97,0,0,0,0,487,2222,1888,1918,0.02,-0.140000001,-0.25,0,0,0,179.6600037,-0.899999976
18.98,0,0,0,0,487,2227,1888,1907,0,-0.109999999,0.079999998,0,0,0,179.6600037,-0.899999976
18.99,0,0,0,0,486,2232,1888,1918,-0.07,0.050000001,0.230000004,0,0,0,179.6600037,-0.899999976
19,0,0,0,0,487,2235,1888,1912,0,0.079999998,-0.209999993,0,0,0,179.6600037,-0.899999976
19.01,0,0,0,0,487,2231,1888,1916,0.029999999,-0.059999999,-0.189999998,0,0,0,179.6600037,-0.899999976
19.02,0,0,0,0,487,2236,1888,1919,0.02,0,0.230000004,0,0,0,179.6600037,-0.899999976
19.03,0,0,0,0,487,2230,1887,1919,-0.02,0.180000007,0.200000003,0,0,0,179.6600037,-0.899999976
19.04,0,0,0,0,487,2223,1888,1913,0.01,0.039999999,-0.219999999,0,0,0,179.6600037,-0.899999976
19.05,0,0,0,0,487,2234,1888,1916,0.059999999,-0.100000002,-0.119999997,0,0,0,179.6600037,-0.899999976
19.06,0,0,0,0,487,2223,1888,1920,0,-0.029999999,0.219999999,0,0,0,179.6600037,-0.899999976
19.07,0,0,0,0,487,2233,1888,1911,-0.059999999,0.090000004,0.119999997,0,0,0,179.6600037,-0.899999976
19.08,0,0,0,0,487,2223,1887,1920,0,-0.02,-0.300000012,0,0,0,179.6600037,-0.899999976
19.09,0,0,0,0,487,2236,1888,1915,0.029999999,-0.140000001,-0.059999999,0,0,0,179.6600037,-0.899999976
19.1,0,0,0,0,487,2235,1888,1926,0,0,0.289999992,0,0,0,179.6600037,-0.899999976
19.11,0,0,0,0,487,2235,1888,1924,-0.059999999,0.129999995,0,0,0,0,179.6600037,-0.899999976
19.12,0,0,0,0,487,2231,1888,1913,0.01,-0.059999999,-0.310000002,0,0,0,179.6600037,-0.899999976
19.13,0,0,0,0,487,2224,1888,1926,0.02,-0.090000004,0.039999999,0,0,0,179.6600037,-0.899999976
19.14,0,0,0,0,487,2226,1888,1906,-0.01,0.029999999,0.330000013,0,0,0,179.6600037,-0.899999976
19.15,0,0,0,0,487,2227,1888,1917,-0.029999999,0.119999997,-0.07,0,0,0,179.6600037,-0.899999976
19.16,0,0,0,0,487,2228,1888,1911,0.059999999,-0.079999998,-0.289999992,0,0,0,179.6600037,-0.899999976
19.17,0,0,0,0,487,2228,1888,1906,0.039999999,-0.129999995,0.059999999,0,0,0,179.6600037,-0.899999976
19.18,0,0,0,0,487,2230,1888,1911,-0.039999999,0.039999999,0.289999992,0,0,0,179.6600037,-0.899999976
19.19,0,0,0,0,487,2231,1888,1916,-0.039999999,0.100000002,-0.170000002,0,0,0,179.6600037,-0.899999976
19.2,0,0,0,0,487,2229,1888,1918,0.039999999,-0.090000004,-0.25,0,0,0,179.6600037,-0.899999976
19.21,0,0,0,0,487,2237,1888,1918,0.01,-0.090000004,0.219999999,0,0,0,179.6600037,-0.899999976
19.22,0,0,0,0,487,2229,1888,1920,-0.050000001,0.079999998,0.300000012,0,0,0,179.6600037,-0.899999976
19.23,0,0,0,0,487,2238,1888,1918,0,0.079999998,-0.219999999,0,0,0,179.6600037,-0.899999976
19.24,0,0,0,0,487,2224,1887,1919,0.039999999,-0.100000002,-0.189999998,0,0,0,179.6600037,-0.899999976
19.25,0,0,0,0,487,2223,1888,1912,0.029999999,-0.059999999,0.239999995,0,0,0,179.6600037,-0.899999976
19.26,0,0,0,0,487,2223,1888,1910,0,0.01,-0.270000011,0,0,0,179.6600037,-0.899999976
19.27,0,0,0,0,487,2233,1887,1919,0,0.01,-0.270000011,0,0,0,179.6600037,-0.899999976
19.28,0,0,0,0,487,2226,1888,1926,0.059999999,-0.119999997,-0.140000001,0,0,0,179.6600037,-0.899999976
19.29,0,0,0,0,487,2233,1888,1915,0,-0.050000001,0.270000011,0,0,0,179.6600037,-0.899999976
19.3,0,0,0,0,487,2224,1888,1928,-0.02,0.100000002,0.129999995,0,0,0,179.6600037,-0.899999976
19.31,0,0,0,0,487,2229,1888,1914,0.029999999,0.01,-0.310000002,0,0,0,179.6600037,-0.899999976
19.32,0,0,0,0,487,2232,1888,1926,0.039999999,-0.100000002,-0.100000002,0,0,0,179.6600037,-0.899999976
19.33,0,0,0,0,487,2224,1888,1913,0,-0.01,0.330000013,0,0,0,179.6600037,-0.899999976
19.34,0,0,0,0,487,2227,1888,1906,-0.059999999,0.129999995,0.039999999,0,0,0,179.6600037,-0.899999976
19.35,0,0,0,0,487,2222,1888,1917,0.029999999,-0.029999999,-0.340000004,0,0,0,179.6600037,-0.899999976
19.36,0,0,0,0,487,2227,1888,1907,0.02,-0.140000001,-0.029999999,0,0,0,179.6600037,-0.899999976
19.37,0,0,0,0,487,2227,1888,1917,-0.039999999,-0.01,0.300000012,0,0,0,179.6600037,-0.899999976
19.38,0,0,0,0,487,2233,1888,1910,-0.059999999,0.090000004,-0.050000001,0,0,0,179.6600037,-0.899999976
19.39,0,0,0,0,487,2232,1888,1913,0.02,-0.050000001,-0.330000013,0,0,0,179.6600037,-0.899999976
19.4,0,0,0,0,487,2236,1888,1920,0.02,-0.079999998,0.090000004,0,0,0,179.6600037,-0.899999976
19.41,0,0,0,0,487,2233,1888,1915,-0.01,0.039999999,0.389999986,0,0,0,179.6600037,-0.899999976
19.42,0,0,0,0,487,2239,1888,1920,-0.02,0.129999995,-0.07,0,0,0,179.6600037,-0.899999976
19.43,0,0,0,0,487,2240,1888,1920,0.07,-0.059999999,-0.25,0,0,0,179.6600037,-0.899999976
19.44,0,0,0,0,487,2239,1888,1931,0.07,-0.059999999,0.100000002,0,0,0,179.6600037,-0.899999976
19.45,0,0,0,0,487,2250,1888,1931,-0.039999999,0.050000001,0.289999992,0,0,0,179.6600037,-0.899999976
19.46,0,0,0,0,487,2241,1888,1931,-0.02,0.100000002,-0.170000002,0,0,0,179.6600037,-0.899999976
19.47,0,0,0,0,487,2250,1888,1932,0.039999999,-0.100000002,-0.270000011,0,0,0,179.6600037,-0.899999976
19.48,0,0,0,0,487,2256,1888,1943,0.02,-0.07,0.140000001,0,0,0,179.6600037,-0.899999976
19.49,0,0,0,0,487,2246,1888,1945,-0.059999999,0.07,0.259999991,0,0,0,179.6600037,-0.899999976
19.5,0,0,0,0,487,2257,1888,1937,-0.039999999,0.090000004,-0.170000002,0,0,0,179.6600037,-0.899999976
19.51,0,0,0,0,487,2246,1888,1944,0,-0.079999998,-0.239999995,0,0,0,179.6600037,-0.899999976
19.52,0,0,0,0,487,2257,1888,1936,0.02,-0.039999999,0.200000003,0,0,0,179.6600037,-0.899999976
19.53,0,0,0,0,487,2249,1888,1943,-0.039999999,0.090000004,0.259999991,0,0,0,179.6600037,-0.899999976
19.54,0,0,0,0,487,2238,1888,1939,-0.01,0.07,-0.239999995,0,0,0,179.6600037,-0.899999976
19.55,0,0,0,0,487,2244,1888,1930,0.059999999,-0.129999995,-0.150000006,0,0,0,179.6600037,-0.899999976
19.56,0,0,0,0,487,2238,1888,1940,0.039999999,-0.039999999,0.25,0,0,0,179.6600037,-0.899999976
19.57,0,0,0,0,488,2246,1888,1930,-0.059999999,0.119999997,0.140000001,0,0,0,179.6600037,-0.899999976
19.58,0,0,0,0,487,2255,1888,1944,-0.01,-0.01,-0.300000012,0,0,0,179.6600037,-0.899999976
19.59,0,0,0,0,487,2245,1888,1945,0.029999999,-0.140000001,-0.150000006,0,0,0,179.6600037,-0.899999976
19.6,0,0,0,0,487,2250,1888,1933,-0.02,-0.039999999,0.310000002,0,0,0,179.6600037,-0.899999976
19.61,0,0,0,0,487,2242,1888,1946,-0.079999998,0.100000002,0.039999999,0,0,0,179.6600037,-0.899999976
19.62,0,0,0,0,487,2247,1888,1930,0.02,-0.02,-0.319999993,0,0,0,179.6600037,-0.899999976
19.63,0,0,0,0,488,2243,1888,1942,0.07,-0.100000002,-0.059999999,0,0,0,179.6600037,-0.899999976
19.64,0,0,0,0,488,2238,1888,1935,0,0,0.360000014,0,0,0,179.6600037,-0.899999976
19.65,0,0,0,0,488,2243,1888,1927,-0.039999999,0.109999999,0.039999999,0,0,0,179.6600037,-0.899999976
19.66,0,0,0,0,487,2237,1888,1939,0.01,-0.01,-0.289999992,0,0,0,179.6600037,-0.899999976
19.67,0,0,0,0,487,2244,1888,1926,0.050000001,-0.100000002,-0.059999999,0,0,0,179.6600037,-0.899999976
19.68,0,0,0,0,487,2250,1888,1943,-0.02,-0.039999999,0.360000014,0,0,0,179.6600037,-0.899999976
19.69,0,0,0,0,488,2246,1888,1940,-0.07,0.090000004,0,0,0,0,179.6600037,-0.899999976
19.7,0,0,0,0,487,2249,1888,1931,-0.02,-0.079999998,-0.349999994,0,0,0,179.6600037,-0.899999976
19.71,0,0,0,0,487,2249,1888,1935,0.039999999,-0.079999998,0,0,0,0,179.6600037,-0.899999976
19.72,0,0,0,0,488,2248,1888,1930,-0.029999999,0,0.319999993,0,0,0,179.6600037,-0.899999976
19.73,0,0,0,0,488,2242,1888,1933,-0.07,0.140000001,-0.02,0,0,0,179.6600037,-0.899999976
19.74,0,0,0,0,487,2241,1888,1927,0.01,-0.059999999,-0.330000013,0,0,0,179.6600037,-0.899999976
19.75,0,0,0,0,488,2243,1888,1927,0.050000001,-0.07,0.02,0,0,0,179.6600037,-0.899999976
19.76,0,0,0,0,488,2243,1888,1933,-0.01,0.02,0.379999995,0,0,0,179.6600037,-0.899999976
19.77,0,0,0,0,487,2244,1888,1924,-0.039999999,0.129999995,-0.090000004,0,0,0,179.6600037,-0.899999976
19.78,0,0,0,0,488,2250,1888,1936,0.039999999,-0.059999999,-0.319999993,0,0,0,179.6600037,-0.899999976
19.79,0,0,0,0,487,2251,1888,1931,0.059999999,-0.059999999,0.100000002,0,0,0,179.6600037,-0.899999976
19.8,0,0,0,0,487,2249,1888,1933,-0.029999999,0.050000001,0.300000012,0,0,0,179.6600037,-0.899999976
19.81,0,0,0,0,487,2248,1888,1938,-0.039999999,0.140000001,-0.140000001,0,0,0,179.6600037,-0.899999976
19.82,0,0,0,0,487,2249,1888,1932,0,-0.059999999,-0.280000001,0,0,0,179.6600037,-0.899999976
19.83,0,0,0,0,487,2251,1888,1934,0.02,-0.090000004,0.150000006,0,0,0,179.6600037,-0.899999976
19.84,0,0,0,0,488,2249,1888,1927,-0.07,0.02,0.310000002,0,0,0,179.6600037,-0.899999976
19.85,0,0,0,0,487,2244,1888,1929,-0.029999999,0.100000002,-0.230000004,0,0,0,179.6600037,-0.899999976
19.86,0,0,0,0,487,2250,1888,1932,0.039999999,-0.100000002,-0.319999993,0,0,0,179.6600037,-0.899999976
19.87,0,0,0,0,487,2244,1888,1931,0.059999999,-0.07,0.209999993,0,0,0,179.6600037,-0.899999976
19.88,0,0,0,0,487,2252,1888,1937,-0.050000001,0.059999999,0.340000004,0,0,0,179.6600037,-0.899999976
19.89,0,0,0,0,487,2255,1888,1935,-0.02,0.090000004,-0.180000007,0,0,0,179.6600037,-0.899999976
19.9,0,0,0,0,488,2247,1888,1935,0.050000001,-0.07,-0.189999998,0,0,0,179.6600037,-0.899999976
19.91,0,0,0,0,488,2254,1888,1938,0.050000001,-0.100000002,0.25,0,0,0,179.6600037,-0.899999976
19.92,0,0,0,0,488,2247,1888,1937,-0.029999999,0.07,0.280000001,0,0,0,179.6600037,-0.899999976
19.93,0,0,0,0,488,2254,1888,1933,-0.01,0.039999999,-0.289999992,0,0,0,179.6600037,-0.899999976
19.94,0,0,0,0,488,2251,1888,1935,0.07,-0.109999999,-0.219999999,0,0,0,179.6600037,-0.899999976
19.95,0,0,0,0,487,2243,1888,1932,0.039999999,-0.090000004,0.200000003,0,0,0,179.6600037,-0.899999976
19.96,0,0,0,0,488,2251,1888,1932,-0.07,0.090000004,0.200000003,0,0,0,179.6600037,-0.899999976
19.97,0,0,0,0,488,2242,1888,1932,-0.059999999,0.029999999,-0.280000001,0,0,0,179.6600037,-0.899999976
19.98,0,0,0,0,488,2254,1888,1936,0,-0.079999998,-0.090000004,0,0,0,179.6600037,-0.899999976
19.99,0,0,0,0,488,2255,1888,1939,-0.01,-0.02,0.310000002,0,0,0,179.6600037,-0.899999976
20,0,0,0,0,487,2246,1888,1942,-0.039999999,0.109999999,0.140000001,0,0,0,179.6600037,-0.899999976
20.01,0,0,0,0,488,2254,1888,1942,0,0.02,-0.270000011,0,0,0,179.6600037,-0.899999976
20.02,0,0,0,0,488,2245,1888,1944,0.100000002,-0.039999999,-0.050000001,0,0,0,179.6600037,-0.899999976
20.03,0,0,0,0,488,2255,1888,1932,0.059999999,0,0.289999992,0,0,0,179.6600037,-0.899999976
20.04,0,0,0,0,488,2251,1888,1936,-0.02,0.100000002,0.059999999,0,0,0,179.6600037,-0.899999976
20.05,0,0,0,0,488,2240,1888,1938,0.01,-0.039999999,-0.319999993,0,0,0,179.6600037,-0.899999976
20.06,0,0,0,0,488,2250,1888,1930,0.050000001,-0.119999997,-0.029999999,0,0,0,179.6600037,-0.899999976
20.07,0,0,0,0,488,2239,1888,1938,0,-0.109999999,0.259999991,0,0,0,179.6600037,-0.899999976
20.08,0,0,0,0,488,2254,1888,1935,-0.079999998,0.07,0.050000001,0,0,0,179.6600037,-0.899999976
20.09,0,0,0,0,488,2255,1888,1944,-0.02,-0.02,-0.259999991,0,0,0,179.6600037,-0.899999976
20.1,0,0,0,0,488,2243,1888,1937,0.029999999,-0.079999998,0,0,0,0,179.6600037,-0.899999976
20.11,0,0,0,0,488,2254,1888,1936,0,0.01,0.280000001,0,0,0,179.6600037,-0.899999976
20.12,0,0,0,0,488,2243,1888,1944,0.159999996,0.170000002,-0.02,0,0,0,179.6600037,-0.899999976
20.13,0,0,0,0,488,2252,1888,1929,0.100000002,0,-0.280000001,0,0,0,179.6600037,-0.899999976
20.14,0,0,0,0,488,2250,1888,1938,-0.029999999,-0.059999999,-0.02,0,0,0,179.6699982,-0.899999976
20.15,0,0,0,0,488,2241,1888,1928,-0.180000007,-0.029999999,0.230000004,0,0,0,179.6699982,-0.899999976
20.16,0,0,0,0,488,2252,1888,1929,-0.239999995,0,0,0,0,0,179.6699982,-0.899999976
20.17,0,0,0,0,488,2252,1888,1929,-0.119999997,-0.119999997,-0.109999999,0,0,0,179.6699982,-0.899999976
20.18,0,0,0,0,488,2252,1888,1935,-0.02,-0.129999995,0.150000006,0,0,0,179.6699982,-0.899999976
20.19,0,0,0,0,488,2242,1888,1946,-0.090000004,0.079999998,0.370000005,0,0,0,179.6699982,-0.899999976
20.2,0,0,0,0,489,2244,1888,1935,-0.01,0.200000003,-0.039999999,0,0,0,179.6600037,-0.899999976
20.21,0,0,0,0,489,2248,1888,1933,0.129999995,0.029999999,-0.25,0,0,0,179.6600037,-0.899999976
20.22,0,0,0,0,487,2243,1888,1944,0.209999993,0,0,0,0,0,179.6600037,-0.899999976
20.23,0,0,0,0,487,2247,1888,1944,0.119999997,0.01,0.079999998,0,0,0,179.6600037,-0.899999976
20.24,0,0,0,0,487,2236,1888,1938,0,0,-0.239999995,0,0,0,179.6600037,-0.899999976
20.25,0,0,0,0,487,2235,1888,1926,0.059999999,-0.159999996,-0.180000007,0,0,0,179.6600037,-0.899999976
20.26,0,0,0,0,486,2242,1888,1926,-0.029999999,-0.180000007,0.050000001,0,0,0,179.6600037,-0.899999976
20.27,0,0,0,0,487,2237,1888,1939,-0.140000001,-0.01,0.270000011,0,0,0,179.6600037,-0.899999976
20.28,0,0,0,0,487,2249,1888,1932,-0.119999997,0.119999997,-0.100000002,0,0,0,179.6600037,-0.899999976
20.29,0,0,0,0,487,2245,1888,1942,-0.02,-0.029999999,-0.230000004,0,0,0,179.6600037,-0.899999976
20.3,0,0,0,0,487,2245,1888,1932,0,0.029999999,0.200000003,0,0,0,179.6600037,-0.899999976
20.31,0,0,0,0,487,2249,1888,1932,-0.029999999,0.109999999,0.189999998,0,0,0,179.6600037,-0.899999976
20.32,0,0,0,0,487,2243,1888,1944,-0.029999999,0.140000001,-0.180000007,0,0,0,179.6600037,-0.910000026
20.33,0,0,0,0,487,2243,1888,1926,0.050000001,-0.07,-0.180000007,0,0,0,179.6600037,-0.910000026
20.34,0,0,0,0,486,2239,1888,1937,0.039999999,-0.090000004,0.209999993,0,0,0,179.6600037,-0.899999976
20.35,0,0,0,0,487,2242,1888,1926,-0.079999998,0.07,0.310000002,0,0,0,179.6600037,-0.899999976
20.36,0,0,0,0,486,2244,1888,1925,0,0.079999998,-0.209999993,0,0,0,179.6600037,-0.899999976
20.37,0,0,0,0,487,2239,1888,1935,0.059999999,-0.100000002,-0.200000003,0,0,0,179.6600037,-0.899999976
20.38,0,0,0,0,487,2248,1888,1935,0.059999999,-0.059999999,0.150000006,0,0,0,179.6600037,-0.899999976
20.39,0,0,0,0,487,2243,1888,1944,-0.01,0,0.159999996,0,0,0,179.6600037,-0.899999976
20.4,0,0,0,0,486,2247,1888,1931,-0.01,0.039999999,-0.270000011,0,0,0,179.6600037,-0.899999976
20.41,0,0,0,0,487,2248,1888,1938,0.059999999,-0.109999999,-0.219999999,0,0,0,179.6600037,-0.899999976
20.42,0,0,0,0,487,2250,1888,1935,0.039999999,-0.02,0.280000001,0,0,0,179.6600037,-0.899999976
20.43,0,0,0,0,487,2242,1888,1926,-0.039999999,0.119999997,0.25,0,0,0,179.6600037,-0.899999976
20.44,0,0,0,0,487,2245,1888,1931,0.01,0.039999999,-0.219999999,0,0,0,179.6600037,-0.899999976
20.45,0,0,0,0,487,2244,1888,1925,0.059999999,-0.059999999,-0.109999999,0,0,0,179.6600037,-0.899999976
20.46,0,0,0,0,487,2243,1888,1931,0.02,-0.01,0.259999991,0,0,0,179.6600037,-0.899999976
20.47,0,0,0,0,487,2245,1888,1932,-0.059999999,0.100000002,0.170000002,0,0,0,179.6600037,-0.899999976
20.48,0,0,0,0,487,2248,1888,1932,-0.039999999,0.01,-0.280000001,0,0,0,179.6600037,-0.910000026
20.49,0,0,0,0,488,2253,1888,1937,0.050000001,-0.119999997,-0.100000002,0,0,0,179.6600037,-0.899999976
20.5,0,0,0,0,488,2253,1888,1933,0,-0.07,0.340000004,0,0,0,179.6600037,-0.899999976
20.51,0,0,0,0,487,2247,1888,1936,-0.039999999,0.079999998,0.109999999,0,0,0,179.6600037,-0.910000026
20.52,0,0,0,0,488,2253,1888,1937,0.02,-0.01,-0.349999994,0,0,0,179.6600037,-0.899999976
20.53,0,0,0,0,488,2241,1888,1930,0.109999999,-0.079999998,-0.079999998,0,0,0,179.6600037,-0.899999976
20.54,0,0,0,0,488,2249,1888,1930,0.029999999,-0.02,0.25,0,0,0,179.6600037,-0.899999976
20.55,0,0,0,0,488,2242,1888,1929,-0.039999999,0.119999997,0.07,0,0,0,179.6600037,-0.899999976
20.56,0,0,0,0,488,2242,1888,1931,0.01,-0.01,-0.319999993,0,0,0,179.6600037,-0.899999976
20.57,0,0,0,0,488,2250,1888,1931,0.029999999,-0.100000002,-0.01,0,0,0,179.6600037,-0.899999976
20.58,0,0,0,0,487,2246,1888,1940,-0.01,-0.01,0.349999994,0,0,0,179.6600037,-0.899999976
20.59,0,0,0,0,488,2254,1888,1936,-0.07,0.109999999,0.039999999,0,0,0,179.6600037,-0.899999976
20.6,0,0,0,0,487,2246,1888,1941,0.01,-0.050000001,-0.310000002,0,0,0,179.6600037,-0.899999976
20.61,0,0,0,0,488,2244,1888,1936,0.039999999,-0.109999999,0.01,0,0,0,179.6600037,-0.899999976
20.62,0,0,0,0,488,2255,1888,1937,-0.02,0,0.319999993,0,0,0,179.6600037,-0.899999976
20.63,0,0,0,0,488,2238,1888,1938,-0.079999998,0.119999997,-0.07,0,0,0,179.6600037,-0.899999976
20.64,0,0,0,0,487,2248,1888,1929,0.02,-0.01,-0.319999993,0,0,0,179.6600037,-0.899999976
20.65,0,0,0,0,488,2239,1888,1938,0.050000001,-0.059999999,0.059999999,0,0,0,179.6600037,-0.899999976
20.66,0,0,0,0,488,2238,1888,1927,-0.029999999,0.029999999,0.310000002,0,0,0,179.6600037,-0.899999976
20.67,0,0,0,0,488,2248,1888,1926,-0.029999999,0.109999999,-0.129999995,0,0,0,179.6600037,-0.899999976
20.68,0,0,0,0,487,2240,1888,1945,0.029999999,-0.029999999,-0.310000002,0,0,0,179.6600037,-0.899999976
20.69,0,0,0,0,488,2248,1888,1932,0.039999999,-0.059999999,0.090000004,0,0,0,179.6600037,-0.899999976
20.7,0,0,0,0,488,2240,1888,1945,-0.039999999,0.029999999,0.289999992,0,0,0,179.6600037,-0.899999976
20.71,0,0,0,0,488,2244,1888,1931,-0.050000001,0.059999999,-0.170000002,0,0,0,179.6600037,-0.899999976
20.72,0,0,0,0,488,2248,1888,1941,0.050000001,-0.100000002,-0.259999991,0,0,0,179.6600037,-0.899999976
20.73,0,0,0,0,487,2248,1888,1930,0,-0.100000002,0.170000002,0,0,0,179.6600037,-0.899999976
20.74,0,0,0,0,487,2244,1888,1925,-0.02,0.050000001,0.25,0,0,0,179.6600037,-0.899999976
20.75,0,0,0,0,488,2246,1888,1929,-0.029999999,0.07,-0.239999995,0,0,0,179.6600037,-0.899999976
20.76,0,0,0,0,488,2248,1888,1928,0.050000001,-0.090000004,-0.150000006,0,0,0,179.6600037,-0.899999976
20.77,0,0,0,0,488,2241,1888,1931,0,-0.050000001,0.259999991,0,0,0,179.6600037,-0.899999976
20.78,0,0,0,0,488,2255,1888,1936,-0.050000001,0.090000004,0.239999995,0,0,0,179.6600037,-0.899999976
20.79,0,0,0,0,488,2245,1888,1941,0,0.02,-0.280000001,0,0,0,179.6600037,-0.899999976
20.8,0,0,0,0,488,2255,1888,1935,0.059999999,-0.109999999,-0.129999995,0,0,0,179.6600037,-0.899999976
20.81,0,0,0,0,488,2253,1888,1945,0,-0.050000001,0.25,0,0,0,179.6600037,-0.899999976
20.82,0,0,0,0,488,2243,1888,1935,-0.059999999,0.140000001,0.059999999,0,0,0,179.6600037,-0.899999976
20.83,0,0,0,0,488,2245,1888,1926,0,-0.01,-0.289999992,0,0,0,179.6600037,-0.899999976
20.84,0,0,0,0,488,2238,1888,1936,0.090000004,-0.109999999,-0.039999999,0,0,0,179.6600037,-0.899999976
20.85,0,0,0,0,488,2244,1888,1925,-0.02,0,0.319999993,0,0,0,179.6600037,-0.899999976
20.86,0,0,0,0,488,2243,1888,1931,-0.029999999,0.119999997,0.039999999,0,0,0,179.6600037,-0.910000026
20.87,0,0,0,0,488,2245,1888,1925,0.02,-0.029999999,-0.209999993,0,0,0,179.6600037,-0.910000026
20.88,0,0,0,0,488,2245,1888,1935,0.059999999,-0.119999997,0.050000001,0,0,0,179.6600037,-0.899999976
20.89,0,0,0,0,488,2254,1888,1938,-0.039999999,0.050000001,0.289999992,0,0,0,179.6600037,-0.910000026
20.9,0,0,0,0,488,2246,1888,1941,-0.050000001,0.090000004,-0.119999997,0,0,0,179.6600037,-0.910000026
20.91,0,0,0,0,488,2256,1888,1936,0.02,-0.059999999,-0.25,0,0,0,179.6600037,-0.910000026
20.92,0,0,0,0,488,2252,1888,1945,0.039999999,-0.090000004,0.119999997,0,0,0,179.6600037,-0.910000026
20.93,0,0,0,0,488,2238,1888,1933,-0.039999999,0.119999997,0.230000004,0,0,0,179.6600037,-0.910000026
20.94,0,0,0,0,488,2243,1888,1926,-0.029999999,0.050000001,-0.200000003,0,0,0,179.6600037,-0.910000026
20.95,0,0,0,0,488,2241,1888,1929,0.029999999,-0.079999998,-0.159999996,0,0,0,179.6600037,-0.910000026
20.96,0,0,0,0,488,2243,1888,1924,0,-0.07,0.239999995,0,0,0,179.6600037,-0.910000026
20.97,0,0,0,0,488,2242,1888,1930,-0.029999999,0.129999995,0.119999997,0,0,0,179.6600037,-0.910000026
20.98,0,0,0,0,488,2255,1888,1933,0,0.02,-0.259999991,0,0,0,179.6600037,-0.910000026
20.99,0,0,0,0,488,2245,1888,1945,0.039999999,-0.090000004,-0.07,0,0,0,179.6600037,-0.910000026
21,0,0,0,0,488,2257,1888,1936,-0.02,-0.01,0.230000004,0,0,0,179.6600037,-0.910000026
21.01,0,0,0,0,488,2244,1888,1944,-0.029999999,0.129999995,0.02,0,0,0,179.6600037,-0.910000026
21.02,0,0,0,0,488,2241,1888,1934,0.039999999,-0.01,-0.289999992,0,0,0,179.6600037,-0.910000026
21.03,0,0,0,0,488,2242,1888,1924,0.050000001,-0.079999998,0.02,0,0,0,179.6600037,-0.910000026
21.04,0,0,0,0,488,2241,1888,1931,-0.050000001,0.039999999,0.270000011,0,0,0,179.6600037,-0.910000026
21.05,0,0,0,0,488,2242,1888,1924,-0.029999999,0.090000004,-0.100000002,0,0,0,179.6600037,-0.910000026
21.06,0,0,0,0,488,2248,1888,1930,0.029999999,-0.079999998,-0.200000003,0,0,0,179.6600037,-0.910000026
21.07,0,0,0,0,488,2250,1888,1934,0,-0.100000002,0.150000006,0,0,0,179.6600037,-0.910000026
21.08,0,0,0,0,488,2244,1888,1945,-0.050000001,0.059999999,0.219999999,0,0,0,179.6600037,-0.910000026
21.09,0,0,0,0,488,2254,1888,1945,0.01,0,-0.170000002,0,0,0,179.6600037,-0.910000026
21.1,0,0,0,0,488,2243,1888,1934,0.050000001,-0.109999999,-0.140000001,0,0,0,179.6600037,-0.910000026
21.11,0,0,0,0,488,2251,1888,1930,0.01,-0.059999999,0.170000002,0,0,0,179.6600037,-0.910000026
21.12,0,0,0,0,488,2248,1888,1937,-0.050000001,0.129999995,0.090000004,0,0,0,179.6600037,-0.910000026
21.13,0,0,0,0,488,2246,1888,1930,0.01,-0.029999999,-0.219999999,0,0,0,179.6600037,-0.910000026
21.14,0,0,0,0,488,2240,1888,1933,0.01,-0.090000004,0,0,0,0,179.6600037,-0.910000026
21.15,0,0,0,0,488,2249,1888,1930,-0.029999999,0.039999999,0.270000011,0,0,0,179.6600037,-0.910000026
21.16,0,0,0,0,488,2239,1888,1939,-0.029999999,0.129999995,-0.059999999,0,0,0,179.6600037,-0.910000026
21.17,0,0,0,0,488,2236,1888,1929,0.050000001,-0.050000001,-0.230000004,0,0,0,179.6600037,-0.910000026
21.18,0,0,0,0,488,2249,1888,1945,0.02,-0.050000001,0.090000004,0,0,0,179.6600037,-0.910000026
21.19,0,0,0,0,488,2245,1888,1931,-0.109999999,0.090000004,0.239999995,0,0,0,179.6600037,-0.910000026
21.2,0,0,0,0,488,2248,1888,1929,-0.050000001,0.090000004,-0.159999996,0,0,0,179.6600037,-0.910000026
21.21,0,0,0,0,488,2254,1888,1935,0.039999999,-0.100000002,-0.170000002,0,0,0,179.6600037,-0.910000026
21.22,0,0,0,0,488,2255,1888,1940,-0.01,-0.050000001,0.180000007,0,0,0,179.6600037,-0.910000026
21.23,0,0,0,0,488,2237,1888,1934,-0.079999998,0.090000004,0.119999997,0,0,0,179.6600037,-0.910000026
21.24,0,0,0,0,488,2245,1888,1927,0.02,0,-0.209999993,0,0,0,179.6600037,-0.910000026
21.25,0,0,0,0,488,2237,1888,1936,0.050000001,-0.119999997,-0.02,0,0,0,179.6600037,-0.910000026
21.26,0,0,0,0,488,2244,1888,1924,0,0,0.239999995,0,0,0,179.6600037,-0.910000026
21.27,0,0,0,0,488,2245,1888,1930,0,0.119999997,0.02,0,0,0,179.6600037,-0.910000026
21.28,0,0,0,0,488,2256,1888,1936,0.059999999,-0.050000001,-0.180000007,0,0,0,179.6600037,-0.910000026
21.29,0,0,0,0,488,2244,1888,1944,0.07,-0.090000004,0.050000001,0,0,0,179.6600037,-0.910000026
21.3,0,0,0,0,488,2256,1888,1944,-0.039999999,0.090000004,0.209999993,0,0,0,179.6600037,-0.910000026
21.31,0,0,0,0,488,2241,1888,1944,-0.01,0.090000004,-0.109999999,0,0,0,179.6600037,-0.910000026
21.32,0,0,0,0,488,2247,1888,1931,0.02,-0.100000002,-0.150000006,0,0,0,179.6600037,-0.910000026
21.33,0,0,0,0,488,2244,1888,1938,-0.029999999,-0.039999999,0.180000007,0,0,0,179.6600037,-0.910000026
21.34,0,0,0,0,488,2250,1888,1927,-0.07,0.109999999,0.109999999,0,0,0,179.6600037,-0.910000026
21.35,0,0,0,0,488,2241,1888,1937,-0.02,0.01,-0.170000002,0,0,0,179.6600037,-0.910000026
21.36,0,0,0,0,488,2250,1888,1929,0.039999999,-0.140000001,-0.029999999,0,0,0,179.6600037,-0.910000026
21.37,0,0,0,0,488,2237,1888,1940,0,-0.029999999,0.25,0,0,0,179.6600037,-0.910000026
21.38,0,0,0,0,488,2245,1888,1929,-0.01,0.050000001,0,0,0,0,179.6600037,-0.910000026
21.39,0,0,0,0,488,2249,1888,1930,0.050000001,-0.059999999,-0.209999993,0,0,0,179.6600037,-0.910000026
21.4,0,0,0,0,488,2254,1888,1937,0.059999999,-0.07,0.050000001,0,0,0,179.6600037,-0.910000026
21.41,0,0,0,0,488,2245,1888,1942,-0.050000001,0.090000004,0.159999996,0,0,0,179.6600037,-0.910000026
21.42,0,0,0,0,488,2254,1888,1936,-0.02,0.079999998,-0.180000007,0,0,0,179.6600037,-0.910000026
21.43,0,0,0,0,488,2243,1888,1941,0.029999999,-0.059999999,-0.100000002,0,0,0,179.6600037,-0.910000026
21.44,0,0,0,0,488,2243,1888,1930,0.01,-0.029999999,0.159999996,0,0,0,179.6600037,-0.910000026
21.45,0,0,0,0,488,2244,1888,1925,-0.07,0.129999995,0.129999995,0,0,0,179.6600037,-0.910000026
21.46,0,0,0,0,489,2250,1888,1931,0.02,0,-0.180000007,0,0,0,179.6600037,-0.910000026
21.47,0,0,0,0,488,2241,1888,1936,0.059999999,-0.07,-0.039999999,0,0,0,179.6600037,-0.910000026
21.48,0,0,0,0,488,2244,1888,1935,-0.07,0.01,0.219999999,0,0,0,179.6600037,-0.910000026
21.49,0,0,0,0,488,2251,1888,1933,-0.050000001,0.119999997,0.039999999,0,0,0,179.6600037,-0.910000026
21.5,0,0,0,0,488,2246,1888,1938,0.050000001,-0.079999998,-0.140000001,0,0,0,179.6600037,-0.910000026
21.51,0,0,0,0,488,2248,1888,1934,0,-0.119999997,0.119999997,0,0,0,179.6600037,-0.910000026
21.52,0,0,0,0,488,2255,1888,1937,-0.039999999,0.039999999,0.159999996,0,0,0,179.6600037,-0.910000026
21.53,0,0,0,0,488,2251,1888,1936,-0.01,0.01,-0.180000007,0,0,0,179.6600037,-0.910000026
21.54,0,0,0,0,488,2237,1888,1928,0.039999999,-0.119999997,-0.159999996,0,0,0,179.6600037,-0.910000026
21.55,0,0,0,0,488,2242,1888,1940,-0.029999999,-0.039999999,0.159999996,0,0,0,179.6600037,-0.910000026
21.56,0,0,0,0,488,2239,1888,1928,-0.050000001,0.140000001,0.059999999,0,0,0,179.6600037,-0.910000026
21.57,0,0,0,0,488,2243,1888,1935,0.01,-0.02,-0.209999993,0,0,0,179.6600037,-0.910000026
21.58,0,0,0,0,488,2246,1888,1936,0.029999999,-0.079999998,-0.01,0,0,0,179.6600037,-0.910000026
21.59,0,0,0,0,488,2255,1888,1940,-0.02,0.029999999,0.259999991,0,0,0,179.6600037,-0.910000026
21.6,0,0,0,0,488,2241,1888,1947,0,0.090000004,-0.029999999,0,0,0,179.6600037,-0.910000026
21.61,0,0,0,0,488,2246,1888,1933,0.07,-0.07,-0.150000006,0,0,0,179.6600037,-0.910000026
21.62,0,0,0,0,488,2246,1888,1938,0.039999999,-0.07,0.07,0,0,0,179.6600037,-0.910000026
21.63,0,0,0,0,489,2248,1888,1924,-0.050000001,0.07,0.119999997,0,0,0,179.6600037,-0.910000026
21.64,0,0,0,0,488,2240,1888,1930,0,0.029999999,-0.170000002,0,0,0,179.6600037,-0.910000026
21.65,0,0,0,0,488,2248,1888,1935,0.029999999,-0.129999995,-0.059999999,0,0,0,179.6600037,-0.910000026
21.66,0,0,0,0,488,2237,1888,1940,-0.039999999,-0.029999999,0.209999993,0,0,0,179.6600037,-0.910000026
21.67,0,0,0,0,488,2242,1888,1940,-0.059999999,0.129999995,0.02,0,0,0,179.6600037,-0.910000026
21.68,0,0,0,-1,488,2247,1888,1936,0.029999999,-0.029999999,-0.219999999,0,0,0,179.6600037,-0.910000026
21.69,0,0,0,-3,488,2257,1888,1933,0.01,-0.090000004,0,0,0,0,179.6499939,-0.910000026
21.7,0,-1,0,0,488,2247,1888,1943,-0.02,0.059999999,0.209999993,0,0,0,179.6499939,-0.910000026
21.71,0,-2,0,-1,488,2255,1888,1943,0.029999999,0.07,-0.109999999,0,0,0,179.6499939,-0.910000026
21.72,0,-2,0,-3,488,2243,1888,1944,0.100000002,-0.07,-0.189999998,0,0,0,179.6499939,-0.910000026
21.73,0,-7,0,-4,489,2249,1888,1926,0.050000001,-0.059999999,0.150000006,0,0,0,179.6499939,-0.910000026
21.74,0,-6,0,-2,489,2242,1888,1929,-0.050000001,0.079999998,0.170000002,0,0,0,179.6499939,-0.910000026
21.75,0,-6,0,-2,489,2242,1888,1929,0.059999999,-0.100000002,-0.109999999,0,0,0,179.6499939,-0.910000026
21.76,0,-11,0,-7,489,2248,1888,1932,0.059999999,-0.100000002,-0.109999999,0,0,0,179.6499939,-0.910000026
21.77,0,-9,0,-5,488,2241,1888,1937,-0.01,0,0.189999998,0,0,0,179.6499939,-0.910000026
21.78,0,-14,1,-11,489,2244,1888,1945,0.02,0.100000002,0.02,0,0,0,179.6499939,-0.910000026
21.79,1,-12,2,-45,489,2252,1888,1934,0.029999999,-0.02,-0.180000007,0,0,0,179.6499939,-0.910000026
21.8,2,-8,3,-127,489,2248,1888,1931,-0.079999998,0.119999997,0.209999993,0,0,0,179.6499939,-0.910000026
21.81,3,-12,2,-35,489,2248,1888,1931,-0.079999998,0.119999997,0.209999993,0,0,0,179.6499939,-0.910000026
21.82,5,-15,8,0,489,2242,1889,1934,-0.090000004,0.050000001,-0.079999998,0,0,0,179.6499939,-0.910000026
21.83,6,-10,6,-7,488,2252,1888,1929,1.129999995,-0.150000006,-0.01,0.01,0.01,0,179.6499939,-0.910000026
21.84,9,-11,8,-19,489,2240,1889,1941,0.509999991,0.02,0.140000001,-0.01,-0.01,0,179.6399994,-0.910000026
21.85,8,-14,11,-5,488,2249,1888,1930,-0.180000007,0.180000007,-0.379999995,0,-0.02,0,179.6399994,-0.910000026
21.86,10,-17,10,-20,489,2236,1889,1938,0.629999995,0.02,0.029999999,0,0,0,179.6399994,-0.910000026
21.87,13,-16,13,-12,489,2242,1889,1924,-0.370000005,0.25,0.560000002,0.01,0,0,179.6399994,-0.920000017
21.88,14,-17,14,-14,489,2248,1889,1932,0.639999986,-0.230000004,-0.790000022,0,0,0,179.6399994,-0.910000026
21.89,14,-18,15,-17,489,2253,1889,1935,-0.029999999,0.07,0.07,0,0,0,179.6399994,-0.910000026
21.9,15,-19,15,-17,488,2246,1889,1940,0.129999995,-0.01,0.200000003,0,0,0,179.6399994,-0.910000026
21.91,16,-21,16,-20,488,2256,1889,1937,0.360000014,-0.170000002,-0.340000004,0,0,0,179.6399994,-0.910000026
21.92,17,-31,16,-26,488,2256,1889,1946,0.02,0,0.079999998,0,0,0,179.6399994,-0.910000026
21.93,20,-26,18,-23,488,2239,1889,1935,0.170000002,0.039999999,-0.189999998,0,0,0,179.6399994,-0.910000026
21.94,22,-36,21,-31,488,2244,1889,1926,0.449999988,-0.109999999,0.109999999,0,0,0,179.6399994,-0.910000026
21.95,23,-39,21,-29,488,2239,1889,1936,0.150000006,-0.050000001,0.180000007,0,0,0,179.6300049,-0.910000026
21.96,24,-42,23,-39,488,2244,1889,1925,0.550000012,0.07,-0.079999998,0,0,0,179.6300049,-0.910000026
21.97,28,-39,25,-34,488,2248,1890,1931,0.170000002,0.140000001,-0.159999996,0,0,0,179.6300049,-0.910000026
21.98,33,-45,29,-44,488,2256,1890,1929,0.680000007,-0.090000004,-0.02,0,0,0.01,179.6300049,-0.910000026
21.99,36,-46,32,-44,488,2244,1890,1943,0.310000002,0.119999997,0.259999991,0,0,0.01,179.6300049,-0.910000026
22,36,-58,35,-49,488,2254,1890,1934,0.589999974,0.150000006,-0.109999999,0,0,0.01,179.6199951,-0.920000017
22.01,44,-52,40,-47,488,2242,1891,1946,0.389999986,0.129999995,-0.059999999,0,0,0.01,179.6199951,-0.920000017
22.02,41,-51,42,-48,488,2248,1891,1932,0.839999974,-0.07,0.090000004,0,0,0.01,179.6199951,-0.910000026
22.03,49,-62,45,-60,488,2245,1891,1939,0.370000005,0.100000002,0.239999995,0,0,0.01,179.6199951,-0.910000026
22.04,49,-61,53,-55,488,2246,1891,1931,0.479999989,0.170000002,-0.02,0,0,0.01,179.6199951,-0.910000026
22.05,56,-65,49,-60,488,2243,1891,1930,0.680000007,0.01,-0.02,0,0,0.01,179.6199951,-0.910000026
22.06,56,-68,53,-67,488,2249,1892,1929,0.49000001,-0.029999999,0.150000006,0,0,0.01,179.6199951,-0.910000026
22.07,63,-76,56,-70,488,2241,1891,1938,0.529999971,0.140000001,0.239999995,0,0,0.01,179.6199951,-0.910000026
22.08,59,-71,62,-70,488,2241,1891,1930,0.370000005,0.039999999,-0.119999997,0,0,0.01,179.6199951,-0.910000026
22.09,62,-87,61,-80,488,2247,1892,1930,0.699999988,-0.07,-0.059999999,0,0,0.01,179.6199951,-0.910000026
22.1,69,-81,61,-82,488,2241,1892,1948,0.300000012,0,0.170000002,-0.01,0,0.01,179.6100006,-0.899999976
22.11,73,-100,67,-87,488,2244,1892,1935,0.209999993,-0.129999995,-0.349999994,0,0,0.02,179.6199951,-0.899999976
22.12,72,-91,65,-90,488,2244,1892,1935,0.209999993,-0.129999995,-0.349999994,0,0,0.02,179.6199951,-0.899999976
22.13,80,-84,70,-80,488,2249,1891,1928,0.310000002,0.059999999,0.349999994,0,0,0.02,179.6100006,-0.899999976
22.14,77,-107,79,-96,488,2240,1892,1928,0.699999988,-0.02,0.189999998,0,0,0.02,179.6100006,-0.889999986
22.15,76,-83,78,-91,488,2249,1891,1928,-0.159999996,0.289999992,-0.25,0,0,0.01,179.6100006,-0.889999986
22.16,78,-111,76,-99,488,2238,1892,1936,1.139999986,-0.039999999,0.189999998,0,0,0.02,179.6100006,-0.889999986
22.17,80,-88,85,-100,488,2248,1891,1928,-0.219999999,0.100000002,0.180000007,0,0,0.02,179.6100006,-0.889999986
22.18,87,-121,85,-99,488,2248,1892,1941,0.75,-0.07,0.200000003,-0.01,0,0.02,179.6100006,-0.879999995
22.19,84,-84,94,-104,488,2239,1892,1942,-0.129999995,0.25,-0.189999998,0,0,0.02,179.6199951,-0.879999995
22.2,90,-127,91,-105,488,2244,1892,1932,0.699999988,-0.180000007,-0.109999999,0,0,0.02,179.6199951,-0.870000005
22.21,89,-96,85,-112,488,2242,1892,1927,-0.129999995,0.029999999,0.379999995,-0.01,0,0.02,179.6199951,-0.870000005
22.22,90,-123,91,-113,488,2239,1891,1925,0.839999974,0,-0.090000004,0,0,0.02,179.6199951,-0.870000005
22.23,95,-109,89,-111,488,2248,1891,1939,-0.560000002,0.230000004,-0.170000002,0,0.01,0.02,179.6199951,-0.860000014
22.24,96,-105,87,-118,488,2266,1891,1944,-0.800000012,0.219999999,0.469999999,0,0,0.02,179.6199951,-0.860000014
22.25,100,-127,93,-105,488,2242,1891,1945,-0.800000012,0.219999999,0.469999999,0,0,0.02,179.6199951,-0.850000024
22.26,95,-106,102,-129,488,2260,1890,1947,1.570000052,-0.07,-0.389999986,-0.01,0,0.02,179.6199951,-0.839999974
22.27,104,-148,93,-114,488,2248,1890,1960,-1.289999962,0.379999995,0.090000004,0,0,0.029999999,179.6300049,-0.839999974
22.28,99,-111,99,-127,488,2259,1889,1948,2.059999943,-0.360000014,0.119999997,-0.01,0,0.02,179.6300049,-0.829999983
22.29,106,-133,99,-132,488,2255,1890,1963,-0.939999998,0.349999994,0.270000011,-0.01,-0.01,0.029999999,179.6199951,-0.829999983
22.3,107,-139,103,-116,488,2262,1889,1959,0.920000017,-0.090000004,-0.759999991,-0.02,0,0.02,179.6300049,-0.819999993
22.31,108,-122,99,-139,488,2262,1889,1956,0.600000024,0.209999993,0.769999981,0,0.01,0.029999999,179.6300049,-0.819999993
22.32,109,-142,114,-128,488,2263,1889,1958,-0.469999999,-0.319999993,-0.360000014,-0.01,-0.02,0.029999999,179.6300049,-0.810000002
22.33,113,-141,102,-130,488,2258,1889,1960,1.340000033,0,-0.219999999,-0.01,0.01,0.029999999,179.6300049,-0.810000002
22.34,114,-139,112,-142,488,2245,1889,1952,-0.540000022,0.170000002,0.720000029,0,-0.01,0.029999999,179.6300049,-0.800000012
22.35,117,-132,115,-134,488,2256,1888,1952,0.709999979,-0.150000006,-1.120000005,0,0.01,0.029999999,179.6399994,-0.790000022
22.36,122,-158,111,-140,488,2240,1888,1965,0.629999995,0,0.920000017,-0.01,0,0.029999999,179.6300049,-0.790000022
22.37,120,-154,119,-139,488,2245,1888,1951,-0.129999995,0.07,-0.200000003,-0.01,-0.01,0.029999999,179.6300049,-0.779999971
22.38,123,-137,122,-150,488,2238,1888,1964,0.600000024,0.039999999,-0.560000002,0,0.01,0.029999999,179.6399994,-0.769999981
22.39,126,-152,129,-149,488,2244,1888,1951,0.050000001,0.170000002,0.469999999,0,0,0.029999999,179.6399994,-0.769999981
22.4,127,-172,123,-144,488,2245,1888,1954,0.99000001,-0.170000002,0.189999998,-0.01,0,0.029999999,179.6300049,-0.759999991
22.41,135,-164,125,-164,488,2245,1888,1959,-0.090000004,0.170000002,-0.280000001,-0.01,-0.01,0.029999999,179.6300049,-0.759999991
22.42,129,-149,125,-155,488,2241,1887,1959,-0.02,0.059999999,-0.219999999,0,0.01,0.029999999,179.6399994,-0.75
22.43,138,-159,126,-166,488,2245,1888,1960,0.959999979,0.029999999,0.629999995,0,0.01,0.029999999,179.6300049,-0.74000001
22.44,137,-167,130,-152,488,2240,1887,1958,0.379999995,-0.039999999,-0.200000003,0,-0.01,0.039999999,179.6300049,-0.74000001
22.45,133,-182,131,-168,488,2226,1887,1963,0.180000007,-0.200000003,-0.600000024,-0.02,-0.01,0.039999999,179.6300049,-0.730000019
22.46,140,-174,134,-161,488,2239,1887,1955,0.01,0.200000003,0.509999991,0,0.01,0.029999999,179.6300049,-0.730000019
22.47,143,-182,133,-176,488,2223,1887,1964,0.349999994,-0.029999999,-0.050000001,0,0.01,0.029999999,179.6300049,-0.720000029
22.48,144,-171,142,-174,488,2230,1887,1952,0.469999999,0,-0.360000014,-0.01,0,0.039999999,179.6300049,-0.720000029
22.49,144,-177,140,-184,488,2230,1887,1972,1.090000033,-0.059999999,0.5,-0.01,0,0.039999999,179.6300049,-0.709999979
22.5,149,-173,139,-179,489,2228,1887,1963,0.02,0.140000001,0.239999995,0,-0.02,0.039999999,179.6300049,-0.709999979
22.51,157,-180,152,-179,489,2228,1887,1957,0.330000013,-0.100000002,-0.479999989,-0.01,0,0.039999999,179.6300049,-0.699999988
22.52,147,-179,141,-169,488,2221,1887,1957,-0.219999999,-0.02,-0.129999995,0,0,0.039999999,179.6300049,-0.699999988
22.53,160,-189,147,-176,488,2226,1886,1961,0.289999992,0.119999997,-0.02,0,0.01,0.039999999,179.6300049,-0.699999988
22.54,153,-192,147,-178,488,2213,1887,1959,0.039999999,0,0.07,0,0.02,0.039999999,179.6300049,-0.689999998
22.55,162,-192,158,-183,488,2223,1886,1948,0.970000029,-0.209999993,0.800000012,-0.01,0,0.039999999,179.6300049,-0.689999998
22.56,163,-205,156,-189,488,2213,1886,1963,0.600000024,0.129999995,0.400000006,-0.01,-0.01,0.039999999,179.6300049,-0.680000007
22.57,158,-199,156,-198,489,2221,1885,1959,1.059999943,0.219999999,-0.479999989,0,-0.01,0.039999999,179.6199951,-0.680000007
22.58,165,-208,158,-207,488,2203,1885,1966,0.219999999,0.119999997,0.01,-0.02,-0.01,0.039999999,179.6199951,-0.670000017
22.59,165,-205,160,-205,488,2206,1884,1957,0.670000017,-0.029999999,0.140000001,-0.01,-0.01,0.039999999,179.6199951,-0.660000026
22.6,172,-210,168,-214,489,2211,1884,1963,0.370000005,0.319999993,-0.140000001,0,0,0.039999999,179.6199951,-0.660000026
22.61,171,-215,163,-214,488,2203,1884,1974,0.389999986,0.189999998,-1.059999943,0,0,0.039999999,179.6199951,-0.660000026
22.62,176,-204,169,-215,489,2201,1884,1962,0.460000008,0.140000001,-0.479999989,0,0,0.039999999,179.6199951,-0.649999976
22.63,168,-220,163,-215,488,2198,1884,1963,-0.310000002,-0.02,-0.029999999,0,0,0.039999999,179.6199951,-0.649999976
22.64,169,-215,169,-221,488,2194,1883,1954,0.49000001,0.189999998,0.119999997,0,0.01,0.039999999,179.6199951,-0.639999986
22.65,180,-217,172,-214,488,2191,1883,1964,0.180000007,0.01,-0.409999996,0,0.01,0.050000001,179.6100006,-0.629999995
22.66,178,-224,178,-215,489,2195,1883,1963,1.25,0,0.119999997,-0.01,0,0.050000001,179.6100006,-0.620000005
22.67,185,-239,181,-213,489,2184,1883,1961,0.439999998,0.079999998,-0.310000002,0,-0.01,0.050000001,179.6100006,-0.620000005
22.68,188,-243,179,-221,488,2189,1882,1964,0.289999992,-0.039999999,-0.079999998,-0.01,0,0.050000001,179.6000061,-0.610000014
22.69,195,-222,186,-231,489,2186,1882,1979,0.389999986,-0.090000004,-0.039999999,0,0,0.050000001,179.6000061,-0.610000014
22.7,197,-248,182,-236,489,2168,1881,1973,0.610000014,-0.349999994,0.509999991,-0.01,0,0.050000001,179.6000061,-0.600000024
22.71,198,-237,187,-245,488,2177,1881,1974,0.319999993,0.119999997,-0.039999999,-0.01,-0.01,0.050000001,179.5899963,-0.600000024
22.72,204,-248,186,-244,488,2163,1881,1987,0.479999989,0.109999999,-0.01,0,0,0.050000001,179.5899963,-0.600000024
22.73,204,-261,195,-239,489,2167,1881,1972,0.779999971,0.230000004,-0.039999999,0,0,0.050000001,179.5800018,-0.589999974
22.74,213,-254,195,-243,489,2148,1880,1979,0.850000024,-0.039999999,0.230000004,-0.01,-0.01,0.050000001,179.5800018,-0.579999983
22.75,209,-264,197,-261,489,2142,1880,1966,0.819999993,-0.029999999,-0.310000002,-0.01,-0.01,0.050000001,179.5700073,-0.579999983
22.76,207,-261,205,-258,489,2143,1879,1968,0.759999991,-0.140000001,-0.039999999,0,0,0.059999999,179.5700073,-0.579999983
22.77,225,-269,204,-258,489,2143,1878,1977,0.860000014,-0.029999999,-0.050000001,0,-0.01,0.059999999,179.5599976,-0.579999983
22.78,217,-274,215,-272,489,2134,1877,1976,0.870000005,-0.059999999,0.039999999,0,-0.01,0.059999999,179.5599976,-0.569999993
22.79,229,-288,220,-268,488,2145,1876,1988,0.379999995,-0.039999999,-0.090000004,0,-0.01,0.059999999,179.5500031,-0.569999993
22.8,234,-280,219,-271,489,2140,1876,1996,0.920000017,0.119999997,-0.01,0,0,0.059999999,179.5500031,-0.569999993
22.81,230,-293,229,-287,488,2125,1875,2005,0.639999986,0,-0.039999999,0,0,0.059999999,179.5399933,-0.560000002
22.82,237,-292,230,-281,489,2131,1874,1992,0.550000012,-0.090000004,0.109999999,-0.01,0,0.059999999,179.5399933,-0.560000002
22.83,245,-299,231,-296,488,2122,1873,2007,0.759999991,0.310000002,0.200000003,0,0,0.059999999,179.5399933,-0.560000002
22.84,246,-302,237,-289,488,2119,1870,1987,0.119999997,0.119999997,0.090000004,0,0,0.059999999,179.5399933,-0.550000012
22.85,245,-309,241,-296,488,2115,1868,1999,1.210000038,-0.090000004,-0.400000006,0,0,0.059999999,179.5299988,-0.550000012
22.86,260,-315,249,-301,489,2114,1866,1999,0.270000011,0.150000006,0.150000006,0,0,0.059999999,179.5299988,-0.550000012
22.87,262,-313,253,-309,488,2114,1864,2001,1,0.180000007,-0.469999999,0,0,0.07,179.5200043,-0.550000012
22.88,262,-327,255,-315,489,2115,1862,2010,0.879999995,-0.129999995,0.280000001,0,0,0.07,179.5200043,-0.550000012
22.89,267,-327,263,-326,488,2106,1861,2020,1.059999943,-0.059999999,0.349999994,-0.01,-0.02,0.07,179.5,-0.540000022
22.9,279,-343,267,-333,489,2094,1860,2014,0.819999993,0.360000014,-0.340000004,0,-0.02,0.07,179.5,-0.540000022
22.91,273,-338,270,-338,489,2097,1860,2013,0.540000022,0.319999993,-0.319999993,0,-0.01,0.07,179.4900055,-0.540000022
22.92,293,-347,265,-344,489,2081,1860,2027,1.070000052,0.039999999,0.01,0,0,0.079999998,179.4799957,-0.529999971
22.93,287,-354,285,-350,489,2082,1859,2010,0.730000019,-0.029999999,0.159999996,0,-0.01,0.079999998,179.4700012,-0.529999971
22.94,298,-365,287,-342,488,2084,1858,2014,0.879999995,0.300000012,-0.330000013,0,-0.01,0.079999998,179.4700012,-0.529999971
22.95,304,-367,290,-359,489,2082,1857,2010,0.670000017,0.200000003,-0.389999986,0.01,0,0.079999998,179.4600067,-0.529999971
22.96,306,-376,297,-363,489,2069,1857,2025,0.810000002,0.029999999,-0.079999998,0,0,0.079999998,179.4499969,-0.529999971
22.97,315,-376,296,-372,489,2077,1856,2013,0.74000001,-0.07,0.25,0,0,0.079999998,179.4400024,-0.529999971
22.98,317,-389,301,-377,489,2063,1856,2032,1.120000005,0.119999997,0.230000004,0,-0.01,0.079999998,179.4299927,-0.529999971
22.99,320,-396,310,-393,489,2076,1856,2022,1.519999981,-0.07,-0.129999995,0,-0.01,0.090000004,179.4199982,-0.529999971
23,333,-395,312,-392,489,2067,1856,2030,1.149999976,0,0.319999993,-0.01,-0.02,0.079999998,179.4100037,-0.519999981
23.01,337,-407,322,-404,489,2071,1855,2018,1.399999976,0.039999999,-0.180000007,-0.01,-0.02,0.090000004,179.3999939,-0.519999981
23.02,339,-410,326,-403,489,2061,1856,2026,0.930000007,0.239999995,-0.270000011,0,-0.01,0.090000004,179.3999939,-0.519999981
23.03,352,-426,335,-407,489,2069,1855,2030,0.99000001,0.159999996,-0.189999998,0,0,0.090000004,179.3899994,-0.519999981
23.04,352,-432,342,-424,489,2047,1853,2029,1.100000024,0.330000013,0.150000006,0,0,0.090000004,179.3899994,-0.509999991
23.05,367,-445,349,-425,489,2046,1852,2016,0.74000001,0.289999992,-0.119999997,0,0,0.090000004,179.3800049,-0.509999991
23.06,365,-451,349,-441,489,2051,1851,2032,1.159999967,0.079999998,-0.079999998,0,0,0.100000002,179.3699951,-0.509999991
23.07,377,-452,352,-440,489,2052,1850,2026,1.129999995,0.159999996,-0.050000001,0,0,0.100000002,179.3699951,-0.509999991
23.08,382,-477,364,-452,489,2050,1849,2023,0.980000019,0.150000006,0.039999999,-0.01,-0.01,0.100000002,179.3600006,-0.5
23.09,375,-476,369,-458,489,2065,1847,2026,1.330000043,0.230000004,-0.319999993,0,0,0.100000002,179.3500061,-0.5
23.1,398,-492,385,-467,489,2050,1847,2031,1.200000048,0.07,-0.07,-0.01,-0.01,0.109999999,179.3399963,-0.49000001
23.11,395,-500,384,-479,489,2046,1847,2034,1.370000005,0.119999997,-0.239999995,-0.01,-0.02,0.109999999,179.3200073,-0.479999989
23.12,407,-500,397,-482,489,2051,1847,2017,1.370000005,0.119999997,-0.239999995,-0.01,-0.02,0.109999999,179.3200073,-0.479999989
23.13,418,-516,405,-499,491,2053,1848,2022,1,0.119999997,0.050000001,0,-0.01,0.109999999,179.3099976,-0.479999989
23.14,424,-519,403,-506,491,2050,1850,2020,1.389999986,0.079999998,-0.140000001,0,-0.01,0.109999999,179.3000031,-0.479999989
23.15,430,-527,418,-514,491,2054,1852,2020,1.460000038,0.02,0.680000007,-0.01,0,0.109999999,179.2899933,-0.469999999
23.16,445,-539,419,-518,491,2050,1853,2026,0.930000007,0.150000006,-0.439999998,-0.01,-0.01,0.119999997,179.2899933,-0.460000008
23.17,451,-547,430,-534,491,2040,1855,2024,1.710000038,0.209999993,0.479999989,0,0,0.119999997,179.2799988,-0.449999988
23.18,454,-549,439,-529,490,2048,1857,2012,1.179999948,0.119999997,0.140000001,-0.01,-0.01,0.119999997,179.2799988,-0.439999998
23.19,471,-579,449,-549,489,2051,1858,2019,1.600000024,0.109999999,0.219999999,0,-0.01,0.119999997,179.2700043,-0.439999998
23.2,468,-571,458,-561,489,2056,1861,2023,1.019999981,0.340000004,-0.170000002,0,0,0.109999999,179.2700043,-0.430000007
23.21,486,-582,466,-571,489,2051,1862,2019,1.960000038,0.159999996,0.25,-0.01,0,0.109999999,179.2599945,-0.430000007
23.22,484,-598,472,-572,489,2066,1864,2014,1.50999999,-0.100000002,-0.209999993,-0.01,0,0.119999997,179.2599945,-0.419999987
23.23,503,-608,485,-585,489,2054,1865,2023,1.350000024,0.280000001,0.239999995,-0.02,-0.01,0.119999997,179.25,-0.409999996
23.24,507,-620,495,-598,489,2055,1865,2005,1.419999957,0.039999999,-0.270000011,-0.01,0,0.119999997,179.25,-0.389999986
23.25,502,-634,506,-616,489,2054,1869,2005,1.820000052,-0.01,0.090000004,0,0,0.119999997,179.2400055,-0.389999986
23.26,528,-641,517,-622,489,2074,1871,2000,1.350000024,-0.119999997,-0.509999991,0,-0.01,0.129999995,179.2400055,-0.379999995
23.27,519,-657,524,-634,489,2074,1872,2009,1.710000038,-0.090000004,0.079999998,0,-0.01,0.129999995,179.2299957,-0.379999995
23.28,529,-667,533,-631,489,2083,1874,2002,0.980000019,0.180000007,-0.479999989,0.01,-0.01,0.129999995,179.2200012,-0.389999986
23.29,539,-682,546,-645,489,2080,1878,2015,1.570000052,-0.180000007,0.029999999,0,0,0.129999995,179.2100067,-0.389999986
23.3,542,-681,558,-658,489,2097,1889,1999,1.429999948,0.170000002,0.209999993,0,0,0.129999995,179.1999969,-0.389999986
23.31,555,-684,561,-672,489,2100,1893,2011,1.389999986,0.200000003,0.159999996,0,-0.01,0.140000001,179.1900024,-0.389999986
23.32,565,-706,577,-681,489,2116,1896,2003,1.879999995,0.050000001,0.360000014,0,0,0.140000001,179.1900024,-0.389999986
23.33,580,-707,590,-689,489,2112,1899,2014,1.289999962,-0.02,0.660000026,0,-0.02,0.129999995,179.1799927,-0.389999986
23.34,589,-707,598,-699,489,2113,1903,1998,1.350000024,0.029999999,-0.300000012,0,-0.02,0.119999997,179.1699982,-0.400000006
23.35,608,-717,608,-700,489,2118,1910,1998,1.320000052,-0.129999995,0.079999998,0.02,0,0.119999997,179.1600037,-0.409999996
23.36,623,-720,618,-706,489,2144,1910,1987,0.949999988,-0.379999995,0.239999995,0.02,-0.01,0.109999999,179.1499939,-0.419999987
23.37,630,-718,630,-710,489,2133,1912,2007,1.389999986,-0.379999995,0.379999995,0.029999999,-0.01,0.100000002,179.1399994,-0.439999998
23.38,648,-732,654,-709,489,2146,1914,2002,1.320000052,-0.219999999,0.330000013,0.029999999,-0.01,0.090000004,179.1300049,-0.460000008
23.39,665,-735,660,-713,489,2137,1915,2013,1.029999971,-0.180000007,0.709999979,0.029999999,0,0.079999998,179.1199951,-0.469999999
23.4,674,-737,672,-726,489,2145,1915,2000,1.309999943,-0.200000003,0.340000004,0.029999999,-0.01,0.07,179.1100006,-0.49000001
23.41,690,-739,690,-722,489,2141,1915,2004,0.730000019,-0.029999999,0.579999983,0.029999999,-0.01,0.059999999,179.1000061,-0.509999991
23.42,692,-738,698,-733,489,2152,1914,2002,1.49000001,-0.300000012,-0.349999994,0.029999999,-0.01,0.059999999,179.0899963,-0.529999971
23.43,692,-755,705,-735,489,2139,1915,2008,1.389999986,-0.150000006,0.189999998,0.039999999,-0.02,0.050000001,179.0800018,-0.550000012
23.44,718,-760,713,-745,489,2144,1914,1995,1.529999971,-0.349999994,0.460000008,0.01,-0.029999999,0.050000001,179.0599976,-0.560000002
23.45,722,-750,721,-747,489,2134,1915,2000,1.340000033,0.079999998,0.600000024,0.01,-0.029999999,0.039999999,179.0500031,-0.569999993
23.46,724,-759,741,-743,489,2136,1914,1991,1.779999971,-0.129999995,-0.699999988,0.01,-0.02,0.029999999,179.0299988,-0.579999983
23.47,759,-770,740,-752,489,2133,1914,1993,1.25,-0.100000002,-0.25,0.01,-0.01,0.02,179.0299988,-0.589999974
23.48,760,-775,757,-767,489,2150,1912,1989,1.450000048,-0.219999999,-0.330000013,0.02,-0.02,0.01,179.0099945,-0.610000014
23.49,776,-764,771,-770,489,2135,1912,2000,1.159999967,-0.259999991,-0.460000008,0.02,-0.01,0,179.0099945,-0.629999995
23.5,768,-771,789,-776,490,2143,1914,1986,2.279999971,-0.239999995,-0.550000012,0.02,-0.01,0,179,-0.639999986
23.51,784,-779,801,-776,490,2144,1914,1994,0.600000024,-0.310000002,0.230000004,0,-0.02,-0.01,178.9900055,-0.649999976
23.52,815,-778,805,-779,490,2153,1915,1993,1.629999995,-0.349999994,-0.039999999,0,0,-0.02,178.9799957,-0.649999976
23.53,820,-778,816,-775,490,2140,1919,1994,1.049999952,-0.469999999,0.330000013,0.01,0,-0.029999999,178.9799957,-0.649999976
23.54,809,-789,842,-780,490,2146,1927,1981,1.190000057,-0.449999988,-0.129999995,0.01,0,-0.039999999,178.9700012,-0.660000026
23.55,849,-785,848,-780,490,2143,1950,1994,1.190000057,-0.560000002,0.439999998,0.01,0,-0.059999999,178.9700012,-0.670000017
23.56,852,-794,862,-790,490,2153,1954,1985,0.949999988,-0.699999988,0.579999983,0.029999999,0,-0.07,178.9700012,-0.689999998
23.57,846,-798,884,-791,490,2168,1954,1988,1.419999957,-0.589999974,0.540000022,0.029999999,0,-0.07,178.9700012,-0.709999979
23.58,876,-788,883,-797,490,2193,1955,1987,0.930000007,-0.699999988,0.400000006,0.01,0,-0.079999998,178.9799957,-0.730000019
23.59,889,-810,908,-797,490,2188,1956,1994,0.939999998,-0.360000014,0,0.029999999,0,-0.090000004,178.9799957,-0.75
23.6,909,-824,903,-809,490,2207,1956,1964,1.070000052,-0.579999983,-0.239999995,0.02,0,-0.100000002,178.9799957,-0.769999981
23.61,930,-828,906,-815,490,2207,1957,1964,1.070000052,-0.579999983,-0.239999995,0.02,0,-0.100000002,178.9799957,-0.779999971
23.62,935,-827,933,-820,490,2230,1957,1968,1.450000048,-0.400000006,0.340000004,0.02,-0.01,-0.109999999,178.9799957,-0.800000012
23.63,950,-841,935,-827,490,2220,1958,1952,0.980000019,-0.469999999,-0.389999986,0.039999999,-0.01,-0.109999999,178.9799957,-0.819999993
23.64,970,-847,938,-821,490,2225,1957,1934,1.049999952,-0.430000007,-0.090000004,0.02,-0.01,-0.119999997,178.9700012,-0.839999974
23.65,961,-849,955,-833,490,2224,1960,1941,1.399999976,-0.5,-0.560000002,0.029999999,-0.02,-0.129999995,178.9600067,-0.860000014
23.66,975,-853,974,-827,490,2226,1966,1929,0.620000005,0.050000001,0.330000013,0.02,-0.01,-0.140000001,178.9499969,-0.879999995
23.67,1010,-860,982,-832,490,2229,1969,1931,1.389999986,-0.349999994,-0.200000003,0.02,-0.01,-0.150000006,178.9400024,-0.899999976
23.68,998,-862,993,-821,490,2237,1971,1935,0.75,-0.389999986,0.550000012,0.039999999,-0.01,-0.159999996,178.9400024,-0.920000017
23.69,1017,-852,1007,-857,490,2231,1972,1955,1.129999995,-0.340000004,0.689999998,0,-0.01,-0.170000002,178.9299927,-0.930000007
23.7,1038,-868,1018,-855,490,2237,1976,1941,0.910000026,-0.100000002,0.75,0.01,0,-0.189999998,178.9299927,-0.939999998
23.71,1021,-881,1025,-854,490,2249,1982,1951,1.600000024,-0.629999995,0.790000022,0,0,-0.200000003,178.9199982,-0.939999998
23.72,1075,-874,1033,-852,490,2237,1982,1958,1.409999967,-0.310000002,0.99000001,0,0,-0.209999993,178.9299927,-0.949999988
23.73,1053,-883,1042,-856,490,2231,1979,1968,1.029999971,-0.259999991,0.810000002,-0.01,0,-0.209999993,178.9400024,-0.949999988
23.74,1095,-890,1044,-868,490,2246,1978,1967,0.829999983,-0.059999999,0.550000012,-0.029999999,0.029999999,-0.230000004,178.9700012,-0.930000007
23.75,1078,-902,1053,-877,490,2246,1978,1973,0.829999983,-0.059999999,0.550000012,-0.029999999,0.029999999,-0.230000004,178.9700012,-0.930000007
23.76,1061,-914,1071,-887,490,2230,1968,1969,1.309999943,-0.140000001,0.449999988,-0.039999999,0.029999999,-0.230000004,178.9900055,-0.910000026
23.77,1081,-908,1058,-899,490,2236,1966,1961,0.709999979,-0.550000012,0.600000024,-0.050000001,0.029999999,-0.230000004,179.0099945,-0.879999995
23.78,1054,-929,1084,-903,490,2222,1962,1993,1.409999967,-0.620000005,0.039999999,-0.01,0.039999999,-0.219999999,179.0399933,-0.870000005
23.79,1099,-936,1093,-900,490,2197,1957,1945,1.49000001,-0.709999979,0.209999993,-0.01,0.02,-0.219999999,179.0599976,-0.860000014
23.8,1116,-927,1098,-919,490,2176,1943,1935,1.019999981,-0.920000017,-0.829999983,0,0.02,-0.209999993,179.0800018,-0.860000014
23.81,1104,-958,1113,-933,490,2176,1924,1942,1.720000029,-0.819999993,-0.430000007,0,0.01,-0.209999993,179.0899963,-0.860000014
23.82,1158,-967,1109,-941,490,2149,1924,1944,0.600000024,-1.149999976,-0.800000012,0,0,-0.209999993,179.0899963,-0.860000014
23.83,1133,-973,1130,-951,490,2130,1922,1945,1.620000005,-0.970000029,-0.270000011,0.02,0,-0.219999999,179.0899963,-0.879999995
23.84,1175,-978,1128,-958,490,2115,1919,1930,1.049999952,-0.839999974,-1.49000001,0.01,-0.01,-0.219999999,179.0800018,-0.889999986
23.85,1158,-995,1155,-962,490,2112,1918,1946,1.149999976,-0.469999999,-0.349999994,0.029999999,-0.01,-0.230000004,179.0700073,-0.910000026
23.86,1175,-997,1166,-974,490,2096,1918,1954,1.679999948,-0.25,-0.419999987,0.01,-0.029999999,-0.230000004,179.0599976,-0.920000017
23.87,1152,-995,1167,-979,490,2089,1918,1951,0.560000002,-0.039999999,-0.370000005,0.01,-0.02,-0.230000004,179.0399933,-0.930000007
23.88,1172,-1013,1179,-983,490,2093,1920,1989,2.319999933,0.509999991,-0.360000014,0.01,-0.02,-0.230000004,179.0299988,-0.939999998
23.89,1193,-1006,1177,-1005,490,2125,1921,2057,0.829999983,-0.029999999,0.409999996,0.01,0,-0.219999999,179.0200043,-0.949999988
23.9,1172,-1028,1188,-1011,490,2123,1920,2056,1.980000019,0.150000006,0.660000026,0.01,-0.02,-0.209999993,179.0200043,-0.970000029
23.91,1213,-1019,1181,-1034,490,2110,1923,2050,1.320000052,-0.029999999,0.389999986,0.029999999,0,-0.209999993,179.0200043,-0.99000001
23.92,1170,-1046,1180,-1042,490,2100,1922,2053,1.070000052,-0.07,0.839999974,0.02,0,-0.189999998,179.0200043,-1
23.93,1191,-1073,1184,-1052,490,2110,1922,2062,1.919999957,0.029999999,0.230000004,0.01,0.01,-0.180000007,179.0299988,-1.019999981
23.94,1172,-1062,1175,-1075,490,2121,1920,2046,1.210000038,0.129999995,0.720000029,0,0.01,-0.159999996,179.0399933,-1.019999981
23.95,1187,-1103,1194,-1095,490,2130,1915,2040,1.860000014,0.280000001,-0.400000006,-0.01,0,-0.140000001,179.0399933,-1.019999981
23.96,1186,-1092,1183,-1114,490,2122,1913,2050,0.709999979,0.090000004,0.02,-0.01,0.01,-0.119999997,179.0500031,-1.00999999
23.97,1204,-1130,1196,-1131,490,2154,1903,2055,2.25,0.349999994,0.400000006,-0.01,-0.01,-0.100000002,179.0399933,-1
23.98,1199,-1134,1189,-1130,490,2155,1898,2065,0.49000001,0.540000022,-0.649999976,-0.02,-0.01,-0.079999998,179.0399933,-0.99000001
23.99,1203,-1145,1198,-1144,490,2151,1893,2064,2.210000038,0.810000002,-0.170000002,0,-0.01,-0.07,179.0299988,-0.99000001
24,1221,-1157,1191,-1169,491,2146,1889,2101,0.670000017,0.319999993,0.150000006,-0.02,-0.01,-0.059999999,179.0200043,-0.980000019
24.01,1184,-1169,1208,-1181,491,2183,1879,2093,1.549999952,0.310000002,0.07,-0.01,-0.02,-0.050000001,179,-0.970000029
24.02,1203,-1185,1215,-1189,490,2114,1862,2056,1.210000038,0.550000012,0,-0.029999999,-0.02,-0.050000001,178.9900055,-0.949999988
24.03,1194,-1190,1216,-1204,491,2098,1855,2077,1.25999999,0.360000014,-0.699999988,-0.02,-0.02,-0.029999999,178.9700012,-0.930000007
24.04,1200,-1225,1215,-1209,491,2068,1835,2058,1.070000052,0.419999987,-0.620000005,-0.01,-0.02,-0.01,178.9400024,-0.910000026
24.05,1210,-1218,1220,-1233,491,2076,1835,2069,1.070000052,0.419999987,-0.620000005,-0.01,-0.02,-0.01,178.9400024,-0.910000026
24.06,1203,-1252,1214,-1249,490,2055,1826,2086,1.570000052,0.649999976,0.059999999,0,-0.02,0,178.9299927,-0.910000026
24.07,1190,-1259,1208,-1243,490,2049,1820,2081,1.110000014,0.25,-0.810000002,0,-0.01,0.02,178.9199982,-0.910000026
24.08,1194,-1256,1189,-1285,491,2055,1819,2099,1.659999967,0.270000011,0.649999976,-0.01,0,0.039999999,178.9100037,-0.910000026
24.09,1205,-1295,1195,-1277,490,2065,1818,2115,0.860000014,0.170000002,-0.720000029,0.01,-0.01,0.059999999,178.8999939,-0.910000026
24.1,1199,-1296,1217,-1297,491,2055,1819,2129,1.399999976,0.360000014,0.439999998,0.01,0,0.079999998,178.8999939,-0.910000026
24.11,1205,-1312,1206,-1311,491,2065,1821,2129,0.920000017,0.379999995,0.029999999,0.01,0,0.100000002,178.8999939,-0.920000017
24.12,1185,-1346,1203,-1320,490,2063,1827,2140,1.25999999,0.689999998,0.560000002,0.01,0,0.140000001,178.8999939,-0.939999998
24.13,1208,-1358,1209,-1334,490,2076,1830,2140,1.25999999,0.689999998,0.560000002,0.01,0,0.140000001,178.8999939,-0.939999998
24.14,1224,-1364,1199,-1332,490,2077,1831,2137,0.870000005,0.629999995,0.889999986,0.029999999,0.01,0.150000006,178.9100037,-0.959999979
24.15,1232,-1363,1208,-1352,490,2079,1831,2126,0.870000005,0.629999995,0.889999986,0.01,0.01,0.159999996,178.9199982,-0.959999979
24.16,1220,-1372,1200,-1365,490,2092,1831,2131,0.610000014,1.129999995,0.850000024,0.01,0.01,0.170000002,178.9299927,-0.970000029
24.17,1202,-1396,1213,-1379,490,2092,1829,2138,1.190000057,1.029999971,0.180000007,0.01,0.02,0.180000007,178.9400024,-0.980000019
24.18,1223,-1410,1215,-1399,490,2115,1826,2130,1.029999971,1.220000029,0.189999998,0,0,0.200000003,178.9400024,-0.980000019
24.19,1218,-1432,1211,-1416,490,2122,1819,2146,1.360000014,1.24000001,-0.289999992,-0.02,0,0.209999993,178.9400024,-0.959999979
24.2,1235,-1448,1227,-1434,491,2120,1813,2132,0.889999986,1.49000001,-0.790000022,-0.02,0,0.219999999,178.9299927,-0.949999988
24.21,1226,-1447,1221,-1452,490,2118,1809,2136,1.179999948,1.379999995,-0.699999988,-0.02,0,0.239999995,178.9299927,-0.930000007
24.22,1236,-1491,1217,-1464,490,2095,1790,2137,1.669999957,1.139999986,-0.939999998,-0.029999999,-0.02,0.280000001,178.8999939,-0.879999995
24.23,1244,-1495,1217,-1479,490,2094,1790,2109,0.689999998,1.549999952,-0.119999997,-0.039999999,-0.02,0.289999992,178.8899994,-0.860000014
24.24,1249,-1505,1217,-1483,490,2074,1777,2112,0.689999998,1.549999952,-0.119999997,-0.039999999,-0.02,0.289999992,178.8899994,-0.860000014
24.25,1250,-1544,1220,-1509,491,2069,1774,2114,1.039999962,1.539999962,-0.090000004,-0.02,-0.01,0.319999993,178.8600006,-0.800000012
24.26,1278,-1549,1220,-1522,491,2070,1775,2114,1.039999962,1.539999962,-0.090000004,-0.02,-0.01,0.319999993,178.8600006,-0.800000012
24.27,1256,-1564,1214,-1527,491,2078,1777,2113,1.549999952,1.679999948,0.090000004,-0.029999999,-0.02,0.360000014,178.8200073,-0.74000001
24.28,1269,-1555,1225,-1534,491,2085,1783,2127,1.549999952,1.679999948,0.090000004,-0.029999999,-0.02,0.360000014,178.8200073,-0.74000001
24.29,1285,-1588,1224,-1551,491,2087,1813,2134,1.289999962,0.829999983,0.720000029,-0.01,-0.01,0.389999986,178.7899933,-0.699999988
24.3,1294,-1606,1221,-1539,491,2104,1838,2131,0.620000005,1,1.370000005,0,-0.01,0.400000006,178.7899933,-0.699999988
24.31,1275,-1595,1218,-1575,491,2108,1862,2140,1.559999943,0.699999988,1.340000033,0.01,0,0.409999996,178.7700043,-0.689999998
24.32,1304,-1626,1217,-1575,491,2114,1874,2131,1.559999943,0.699999988,1.340000033,0.01,0,0.409999996,178.7700043,-0.689999998
24.33,1269,-1631,1211,-1591,491,2110,1875,2126,0.519999981,1.019999981,0.579999983,0.01,0.01,0.430000007,178.7799988,-0.699999988
24.34,1301,-1626,1241,-1581,491,2122,1873,2119,0.519999981,1.019999981,0.579999983,0.01,0.01,0.430000007,178.7799988,-0.699999988
24.35,1286,-1628,1254,-1610,491,2109,1872,2123,0.779999971,1.129999995,0.509999991,0.02,0.029999999,0.430000007,178.8000031,-0.699999988
24.36,1303,-1630,1260,-1608,491,2116,1868,2099,0.779999971,1.129999995,0.509999991,0.02,0.029999999,0.430000007,178.8000031,-0.699999988
24.37,1326,-1651,1264,-1628,491,2114,1864,2086,1.059999943,1,-0.519999981,0,0.029999999,0.439999998,178.8300018,-0.689999998
24.38,1330,-1682,1259,-1634,491,2128,1861,2072,1.059999943,1,-0.519999981,0,0.029999999,0.439999998,178.8300018,-0.689999998
24.39,1346,-1690,1274,-1644,490,2111,1860,2068,1.230000019,1.49000001,-1.210000038,-0.01,0.01,0.439999998,178.8500061,-0.670000017
24.4,1357,-1700,1273,-1642,491,2123,1858,2044,1.230000019,1.49000001,-1.210000038,-0.01,0.01,0.439999998,178.8500061,-0.670000017
24.41,1343,-1704,1273,-1641,490,2120,1859,2040,1.75,1.50999999,-0.649999976,-0.029999999,0,0.449999988,178.8500061,-0.620000005
24.42,1346,-1734,1284,-1700,490,2128,1860,2019,1.75,1.50999999,-0.649999976,-0.029999999,0,0.449999988,178.8500061,-0.620000005
24.43,1326,-1731,1280,-1689,490,2110,1863,2016,1.470000029,1.24000001,-1.440000057,-0.029999999,0,0.460000008,178.8500061,-0.589999974
24.44,1367,-1761,1286,-1706,490,2117,1865,1998,1.470000029,1.24000001,-1.440000057,-0.029999999,0,0.460000008,178.8500061,-0.560000002
24.45,1403,-1760,1297,-1692,490,2116,1869,2003,1.120000005,0.730000019,-0.610000014,0.01,0,0.469999999,178.8500061,-0.540000022
24.46,1397,-1746,1311,-1695,490,2129,1870,2004,1.120000005,0.730000019,-0.610000014,0.01,0,0.469999999,178.8500061,-0.540000022
24.47,1410,-1759,1332,-1696,490,2116,1877,2037,1.389999986,0.540000022,0.050000001,0.01,-0.029999999,0.449999988,178.8300018,-0.550000012
24.48,1417,-1759,1350,-1705,490,2126,1886,2032,1.389999986,0.540000022,0.050000001,0.01,-0.029999999,0.449999988,178.8300018,-0.550000012
24.49,1410,-1768,1379,-1698,490,2112,1894,2045,1.74000001,0.479999989,0.389999986,0,0,0.419999987,178.8099976,-0.540000022
24.5,1425,-1768,1380,-1729,490,2095,1898,2051,1.74000001,0.479999989,0.389999986,0,0,0.419999987,178.8099976,-0.540000022
24.51,1447,-1744,1395,-1697,490,2017,1896,2054,2.25,0.109999999,0.379999995,0,0.029999999,0.379999995,178.8300018,-0.529999971
24.52,1469,-1710,1416,-1685,490,1978,1894,2066,2.25,0.109999999,0.379999995,0,0.029999999,0.379999995,178.8300018,-0.529999971
24.53,1486,-1726,1430,-1722,490,1931,1884,2050,3.00999999,0,-0.340000004,0.050000001,0.079999998,0.340000004,178.9100037,-0.560000002
24.54,1491,-1703,1452,-1692,490,1914,1873,2044,3.00999999,0,-0.340000004,0.050000001,0.079999998,0.340000004,178.9100037,-0.560000002
24.55,1521,-1710,1463,-1708,491,1928,1861,2044,2.220000029,0.5,-1.080000043,0.01,0.079999998,0.280000001,179,-0.589999974
24.56,1517,-1734,1496,-1700,492,1996,1869,2050,2.220000029,0.5,-1.080000043,0.01,0.079999998,0.280000001,179,-0.589999974
24.57,1529,-1721,1506,-1701,491,2039,1878,2031,1.669999957,0.819999993,0.180000007,-0.050000001,0.07,0.230000004,179.0500031,-0.560000002
24.58,1544,-1726,1530,-1683,491,2097,1889,2030,1.669999957,0.819999993,0.180000007,-0.050000001,0.07,0.230000004,179.0800018,-0.529999971
24.59,1548,-1737,1555,-1696,491,2150,1903,2026,1.289999962,0.529999971,0.059999999,-0.07,0.039999999,0.189999998,179.1399994,-0.439999998
24.6,1600,-1730,1565,-1691,491,2176,1938,2033,1.289999962,0.529999971,0.059999999,-0.07,0.039999999,0.189999998,179.1399994,-0.439999998
24.61,1549,-1755,1579,-1705,489,2208,1951,2016,0.550000012,0.029999999,-0.059999999,-0.059999999,0.02,0.159999996,179.1600037,-0.400000006
24.62,1610,-1751,1585,-1706,489,2216,1961,2020,0.550000012,0.029999999,-0.059999999,-0.059999999,0.02,0.159999996,179.1799927,-0.360000014
24.63,1592,-1737,1604,-1725,489,2209,1965,2003,0.610000014,-1.139999986,0.379999995,-0.050000001,0.039999999,0.150000006,179.2200012,-0.280000001
24.64,1624,-1719,1615,-1712,491,2194,1970,2008,0.610000014,-1.139999986,0.379999995,-0.050000001,0.039999999,0.150000006,179.2200012,-0.280000001
24.65,1642,-1737,1633,-1729,491,2191,1978,1978,1.25999999,-1.470000029,-0.270000011,-0.01,0.039999999,0.129999995,179.2700043,-0.239999995
24.66,1637,-1727,1650,-1716,491,2189,1977,1970,1.25999999,-1.470000029,-0.270000011,-0.01,0.039999999,0.129999995,179.2700043,-0.239999995
24.67,1684,-1736,1658,-1732,491,2200,1977,1958,2.099999905,-1.230000019,-0.109999999,0,0.029999999,0.079999998,179.3099976,-0.239999995
24.68,1672,-1731,1652,-1711,491,2185,1977,1954,2.099999905,-1.230000019,-0.109999999,0,0.029999999,0.079999998,179.3099976,-0.239999995
24.69,1693,-1689,1729,-1729,491,2198,1976,1946,2.170000076,-0.779999971,-0.680000007,0.01,0.02,0.02,179.3399963,-0.239999995
24.7,1739,-1713,1733,-1700,491,2184,1975,1954,2.170000076,-0.779999971,-0.680000007,0.01,0.02,0.02,179.3399963,-0.239999995
24.71,1751,-1708,1756,-1700,492,2180,1976,1948,1.200000048,-0.509999991,-0.600000024,0.01,0.02,-0.039999999,179.3699951,-0.259999991
24.72,1754,-1695,1791,-1696,492,2172,1978,1943,1.200000048,-0.509999991,-0.600000024,0.01,0.02,-0.039999999,179.3699951,-0.259999991
24.73,1784,-1696,1777,-1700,491,2174,1980,1926,0.479999989,-0.629999995,0.189999998,0.039999999,0.029999999,-0.090000004,179.3999939,-0.300000012
24.74,1787,-1692,1796,-1703,490,2169,1984,1935,0.479999989,-0.629999995,0.189999998,0.039999999,0.029999999,-0.090000004,179.3999939,-0.300000012
24.75,1792,-1667,1818,-1687,492,2171,1986,1932,0.449999988,-0.899999976,1.059999943,0,0.039999999,-0.140000001,179.4499969,-0.319999993
24.76,1843,-1691,1824,-1682,492,2181,1991,1933,0.449999988,-0.899999976,1.059999943,0,0.039999999,-0.140000001,179.4499969,-0.319999993
24.77,1855,-1669,1842,-1678,491,2174,1995,1943,0.07,-1.029999971,0.409999996,-0.039999999,0.079999998,-0.180000007,179.5299988,-0.289999992
24.78,1849,-1683,1854,-1677,490,2177,2001,1926,0.07,-1.029999971,0.409999996,-0.039999999,0.079999998,-0.180000007,179.5299988,-0.289999992
24.79,1866,-1689,1863,-1672,490,2177,2002,1911,-0.140000001,-0.899999976,-0.109999999,-0.02,0.07,-0.230000004,179.6199951,-0.25
24.8,1878,-1687,1896,-1664,490,2185,1995,1891,-0.140000001,-0.899999976,-0.109999999,-0.02,0.07,-0.230000004,179.6199951,-0.25
24.81,1924,-1658,1917,-1663,492,2169,1992,1890,0.699999988,-1.679999948,-0.49000001,0,0.07,-0.289999992,179.6999969,-0.219999999
24.82,1959,-1703,1949,-1654,491,2159,1988,1871,0.699999988,-1.679999948,-0.49000001,0,0.07,-0.289999992,179.6999969,-0.219999999
24.83,1974,-1680,1961,-1682,491,2153,1984,1874,1.25999999,-1.399999976,-0.949999988,0,0.059999999,-0.340000004,179.7700043,-0.219999999
24.84,1979,-1695,1954,-1682,491,2140,1982,1870,1.25999999,-1.399999976,-0.949999988,0,0.059999999,-0.340000004,179.7700043,-0.219999999
24.85,1983,-1717,1985,-1683,491,2106,1983,1864,1.230000019,-1.409999967,-0.829999983,0,0.029999999,-0.370000005,179.8200073,-0.200000003
24.86,2018,-1713,2008,-1681,490,2106,1974,1859,1.230000019,-1.409999967,-0.829999983,0,0.029999999,-0.370000005,179.8200073,-0.200000003
24.87,2056,-1704,1996,-1675,492,2072,1966,1875,1.789999962,-1.309999943,0,-0.02,0.029999999,-0.389999986,179.8500061,-0.180000007
24.88,2022,-1746,2011,-1697,492,2063,1959,1888,1.789999962,-1.309999943,0,-0.02,0.029999999,-0.389999986,179.8500061,-0.180000007
24.89,2031,-1743,2008,-1716,492,2032,1954,1917,1.049999952,-0.829999983,-0.49000001,-0.02,0.02,-0.409999996,179.8699951,-0.129999995
24.9,2034,-1755,2008,-1720,489,2027,1954,1914,1.049999952,-0.829999983,-0.49000001,-0.02,0.02,-0.409999996,179.8699951,-0.129999995
24.91,2069,-1763,2050,-1719,491,2012,1965,1930,0.200000003,-1.860000014,0.170000002,0.02,0.029999999,-0.400000006,179.8999939,-0.129999995
24.92,2076,-1755,2049,-1716,491,2028,1976,1938,0.200000003,-1.860000014,0.170000002,0.02,0.029999999,-0.400000006,179.8999939,-0.129999995
24.93,2085,-1764,2048,-1703,491,2025,1983,1947,0.540000022,-1.570000052,1.659999967,0.079999998,0.050000001,-0.400000006,179.9499969,-0.200000003
24.94,2069,-1784,2045,-1727,491,2038,1987,1956,0.540000022,-1.570000052,1.659999967,0.079999998,0.050000001,-0.400000006,179.9499969,-0.200000003
24.95,2066,-1786,2064,-1750,492,2043,1987,1964,1.639999986,-1.370000005,1.289999962,0.039999999,0.090000004,-0.400000006,-179.9499969,-0.259999991
24.96,2123,-1783,2065,-1752,491,2058,1962,1960,1.639999986,-1.370000005,1.289999962,0.039999999,0.090000004,-0.400000006,-179.9499969,-0.259999991
24.97,2105,-1812,2091,-1767,493,2068,1937,1961,1.25999999,0,-0.610000014,0,0.079999998,-0.400000006,-179.8600006,-0.270000011
24.98,2104,-1796,2073,-1775,491,2063,1904,1968,1.25999999,0,-0.610000014,0,0.079999998,-0.400000006,-179.8600006,-0.270000011
24.99,2113,-1820,2053,-1782,491,2063,1890,1970,1.74000001,-0.5,-1.429999948,0,0.02,-0.389999986,-179.8099976,-0.25
25,2108,-1845,2152,-1800,491,2054,1911,1977,1.74000001,-0.5,-1.429999948,0,0.02,-0.389999986,-179.8099976,-0.25
25.01,2154,-1842,2113,-1816,491,2071,1989,1984,2.24000001,-0.910000026,1.730000019,0.140000001,0.039999999,-0.360000014,-179.7700043,-0.349999994
25.02,2108,-1857,2099,-1845,491,2059,1991,1991,2.24000001,-0.910000026,1.730000019,0.140000001,0.039999999,-0.360000014,-179.7700043,-0.349999994
25.03,2093,-1885,2110,-1837,491,2058,1968,1984,1.730000019,-1.210000038,1.519999981,0.109999999,0.090000004,-0.319999993,-179.6699982,-0.509999991
25.04,2089,-1881,2065,-1837,490,2067,1945,1972,1.730000019,-1.210000038,1.519999981,0.109999999,0.090000004,-0.319999993,-179.6699982,-0.509999991
25.05,2066,-1915,2090,-1922,491,2082,1925,1958,2.220000029,-0.119999997,-1.75999999,0.01,0.090000004,-0.239999995,-179.5700073,-0.540000022
25.06,2077,-1929,2086,-1920,490,2089,1907,1935,2.220000029,-0.119999997,-1.75999999,0.01,0.090000004,-0.239999995,-179.5700073,-0.540000022
25.07,2070,-1963,2069,-1940,490,2118,1857,1880,2.75999999,0.449999988,-2.809999943,0.029999999,0.039999999,-0.170000002,-179.4900055,-0.569999993
25.08,2062,-1999,2076,-1964,489,2153,1826,1842,2.75999999,0.449999988,-2.809999943,0.029999999,0.039999999,-0.170000002,-179.4900055,-0.569999993
25.09,2066,-2002,2084,-1985,490,2172,1791,1790,2.180000067,0.5,-4.050000191,0.079999998,-0.02,-0.100000002,-179.4799957,-0.660000026
25.1,2098,-2039,2086,-2012,492,2177,1762,1809,2.180000067,0.5,-4.050000191,0.079999998,-0.02,-0.100000002,-179.4799957,-0.660000026
25.11,2096,-2044,2082,-2030,492,2193,1755,1843,1.190000057,1.429999948,-1.299999952,0,-0.079999998,-0.050000001,-179.5599976,-0.699999988
25.12,2052,-2066,2073,-2057,492,2207,1811,1945,1.190000057,1.429999948,-1.299999952,0,-0.079999998,-0.050000001,-179.5599976,-0.699999988
25.13,2021,-2047,2023,-2075,492,2221,1855,2027,0.699999988,2.430000067,2.730000019,-0.07,-0.059999999,-0.01,-179.6399994,-0.639999986
25.14,2022,-2044,2051,-2082,492,2241,1897,2241,0.699999988,2.430000067,2.730000019,-0.07,-0.059999999,-0.01,-179.6399994,-0.639999986
25.15,2007,-2076,2034,-2098,492,2238,1934,2262,0.239999995,1.629999995,4.429999828,-0.02,0.039999999,0.029999999,-179.6300049,-0.579999983
25.16,2012,-2090,2002,-2069,493,2233,1961,2289,0.239999995,1.629999995,4.429999828,-0.02,0.039999999,0.029999999,-179.6300049,-0.579999983
25.17,1964,-2097,2013,-2143,493,2225,1951,2269,1.379999995,1.210000038,2.730000019,0.059999999,0.119999997,0.109999999,-179.5200043,-0.610000014
25.18,1964,-2136,1984,-2134,491,2304,1926,2264,1.379999995,1.210000038,2.730000019,0.059999999,0.119999997,0.109999999,-179.5200043,-0.610000014
25.19,1967,-2153,1948,-2144,493,2340,1893,2217,1.830000043,0.409999996,0.569999993,0.02,0.140000001,0.200000003,-179.3800049,-0.660000026
25.2,1966,-2190,1976,-2192,493,2350,1860,2200,1.830000043,0.409999996,0.569999993,0.02,0.140000001,0.200000003,-179.3800049,-0.660000026
25.21,1962,-2228,1947,-2208,493,2356,1823,2173,1.50999999,1.320000052,-1.720000029,-0.039999999,0.079999998,0.280000001,-179.2700043,-0.639999986
25.22,1997,-2231,1949,-2251,493,2360,1748,2150,1.50999999,1.320000052,-1.720000029,-0.039999999,0.079999998,0.280000001,-179.2700043,-0.639999986
25.23,1934,-2236,1930,-2259,493,2339,1720,2135,1.529999971,2.109999895,-1.590000033,0,0.029999999,0.349999994,-179.2100067,-0.620000005
25.24,1955,-2267,1951,-2282,493,2320,1700,2101,1.529999971,2.109999895,-1.590000033,0,0.029999999,0.349999994,-179.2100067,-0.620000005
25.25,2000,-2294,1941,-2289,492,2309,1687,2095,0.370000005,2.619999886,-1.940000057,0,0,0.400000006,-179.1999969,-0.629999995
25.26,1974,-2350,1941,-2309,493,2277,1674,2080,0.370000005,2.619999886,-1.940000057,0,0,0.400000006,-179.1999969,-0.629999995
25.27,1983,-2321,1950,-2319,490,2245,1665,2086,0.259999991,2.779999971,-1.840000033,0,-0.01,0.439999998,-179.2200012,-0.629999995
25.28,1991,-2378,1909,-2315,490,2209,1667,2079,0.259999991,2.779999971,-1.840000033,0,-0.01,0.439999998,-179.2200012,-0.629999995
25.29,1968,-2402,1907,-2360,489,2210,1670,2086,1.470000029,2.900000095,-0.270000011,-0.029999999,-0.01,0.49000001,-179.25,-0.600000024
25.3,1979,-2433,1914,-2376,490,2204,1677,2109,1.470000029,2.900000095,-0.270000011,-0.029999999,-0.01,0.49000001,-179.25,-0.600000024
25.31,2018,-2400,1891,-2375,490,2192,1685,2117,1.210000038,2.569999933,-1.25999999,0,0.01,0.550000012,-179.2599945,-0.579999983
25.32,1957,-2443,1878,-2355,491,2207,1701,2105,1.210000038,2.569999933,-1.25999999,0,0.01,0.550000012,-179.2599945,-0.579999983
25.33,1968,-2458,1889,-2406,491,2208,1714,2111,-0.239999995,2.599999905,-0.209999993,-0.029999999,0,0.600000024,-179.2599945,-0.560000002
25.34,1987,-2493,1860,-2408,491,2211,1726,2112,-0.239999995,2.599999905,-0.209999993,-0.029999999,0,0.600000024,-179.2599945,-0.560000002
25.35,1969,-2469,1872,-2437,491,2200,1734,2108,-0.779999971,3.049999952,0.280000001,-0.029999999,0.039999999,0.649999976,-179.2299957,-0.519999981
25.36,1994,-2513,1870,-2392,491,2212,1737,2092,-0.779999971,3.049999952,0.280000001,-0.029999999,0.039999999,0.649999976,-179.2299957,-0.519999981
25.37,2034,-2506,1887,-2448,491,2231,1742,2096,-0.319999993,2.619999886,0.330000013,-0.029999999,0.039999999,0.670000017,-179.1900024,-0.469999999
25.38,1997,-2529,1888,-2462,491,2236,1749,2090,-0.319999993,2.619999886,0.330000013,-0.029999999,0.039999999,0.670000017,-179.1900024,-0.469999999
25.39,2017,-2525,1892,-2438,489,2277,1761,2082,0.439999998,2.619999886,-0.540000022,0,0.01,0.660000026,-179.1799927,-0.460000008
25.4,2040,-2537,1909,-2428,489,2292,1772,2083,0.680000007,2.619999886,-0.319999993,0,0,0.660000026,-179.1799927,-0.460000008
25.41,2011,-2539,1909,-2452,489,2292,1782,2092,0.949999988,2.210000038,0.899999976,-0.01,-0.02,0.649999976,-179.1999969,-0.460000008
25.42,2033,-2553,1926,-2447,489,2286,1792,2104,0.949999988,2.210000038,0.899999976,-0.01,-0.02,0.649999976,-179.1999969,-0.460000008
25.43,2028,-2532,1935,-2454,489,2279,1821,2088,0.699999988,2.170000076,0.99000001,-0.050000001,0,0.639999986,-179.2299957,-0.439999998
25.44,2005,-2554,1924,-2437,489,2247,1836,2090,0.699999988,2.170000076,0.99000001,-0.050000001,0,0.639999986,-179.2299957,-0.439999998
25.45,2036,-2541,1968,-2499,490,2240,1843,2072,1.110000014,1.470000029,0.980000019,-0.079999998,0,0.639999986,-179.2400055,-0.360000014
25.46,2041,-2564,1967,-2493,490,2220,1848,2059,1.110000014,1.470000029,0.980000019,-0.079999998,0,0.639999986,-179.2400055,-0.360000014
25.47,2029,-2523,1969,-2491,490,2215,1854,2017,1.710000038,1.850000024,-0.74000001,-0.079999998,0.039999999,0.629999995,-179.2100067,-0.280000001
25.48,2039,-2572,1968,-2500,491,2218,1870,1995,1.710000038,1.850000024,-0.74000001,-0.079999998,0.039999999,0.629999995,-179.2100067,-0.280000001
25.49,2020,-2544,1968,-2485,491,2224,1880,1971,0.680000007,1.779999971,-0.310000002,-0.119999997,0.02,0.610000014,-179.1699982,-0.180000007
25.5,2033,-2574,2011,-2506,491,2212,1889,1914,0.680000007,1.779999971,-0.310000002,-0.119999997,0.02,0.610000014,-179.1699982,-0.180000007
25.51,2058,-2519,2054,-2505,491,2217,1896,1863,0.01,1.600000024,-0.769999981,-0.109999999,0.059999999,0.550000012,-179.1000061,-0.039999999
25.52,2115,-2511,2067,-2471,491,2219,1905,1834,0.01,1.600000024,-0.769999981,-0.109999999,0.059999999,0.550000012,-179.1000061,-0.039999999
25.53,2120,-2462,2114,-2472,491,2209,1935,1808,0.270000011,0.050000001,-0.949999988,-0.119999997,0.02,0.449999988,-179.0500031,0.079999998
25.54,2147,-2445,2161,-2416,491,2207,1951,1792,0.270000011,0.050000001,-0.949999988,-0.119999997,0.02,0.449999988,-179.0500031,0.079999998
25.55,2248,-2416,2218,-2422,491,2217,1965,1791,-0.360000014,-0.949999988,-1.00999999,-0.029999999,0,0.289999992,-179.0399933,0.150000006
25.56,2249,-2369,2251,-2364,491,2227,1982,1806,-0.360000014,-0.949999988,-1.00999999,-0.029999999,0,0.289999992,-179.0399933,0.150000006
25.57,2317,-2338,2281,-2361,491,2226,2001,1817,0.589999974,-1.49000001,0.259999991,-0.029999999,-0.050000001,0.119999997,-179.0899963,0.180000007
25.58,2270,-2359,2329,-2344,491,2239,2044,1827,0.589999974,-1.49000001,0.259999991,-0.029999999,-0.050000001,0.119999997,-179.0899963,0.180000007
25.59,2384,-2322,2353,-2305,493,2242,2059,1852,0.939999998,-1.139999986,0.709999979,-0.059999999,-0.079999998,-0.02,-179.1699982,0.25
25.6,2400,-2312,2395,-2312,489,2237,2074,1843,0.310000002,-1.529999971,1.25,-0.07,-0.059999999,-0.050000001,-179.1900024,0.270000011
25.61,2378,-2283,2428,-2292,489,2201,2084,1855,1.620000005,-1.100000024,1.700000048,-0.079999998,-0.059999999,-0.119999997,-179.2599945,0.330000013
25.62,2402,-2317,2414,-2313,492,2171,2090,1863,1.620000005,-1.100000024,1.700000048,-0.079999998,-0.059999999,-0.119999997,-179.2599945,0.330000013
25.63,2466,-2275,2466,-2281,489,2136,2106,1850,0.239999995,-2.460000038,0,-0.050000001,-0.039999999,-0.189999998,-179.3399963,0.419999987
25.64,2463,-2261,2461,-2270,490,2077,2115,1821,0.239999995,-2.460000038,0,-0.050000001,-0.039999999,-0.189999998,-179.3399963,0.419999987
25.65,2477,-2282,2483,-2225,492,2047,2114,1801,0.159999996,-3.480000019,1.559999943,0.01,-0.039999999,-0.25,-179.3899994,0.430000007
25.66,2464,-2261,2489,-2241,492,2022,2103,1779,0.159999996,-3.480000019,1.559999943,0.01,-0.039999999,-0.25,-179.3899994,0.430000007
25.67,2540,-2247,2498,-2217,493,1994,2088,1776,0.140000001,-3.220000029,-0.540000022,0,-0.059999999,-0.330000013,-179.4499969,0.409999996
25.68,2577,-2249,2551,-2223,490,1978,2065,1767,0.140000001,-3.220000029,-0.540000022,0,-0.059999999,-0.330000013,-179.4499969,0.409999996
25.69,2587,-2247,2557,-2184,490,1955,2054,1769,1.700000048,-2.789999962,-0.330000013,0.01,-0.059999999,-0.419999987,-179.4900055,0.409999996
25.7,2598,-2258,2588,-2183,490,1894,2052,1775,1.700000048,-2.789999962,-0.330000013,0.01,-0.059999999,-0.419999987,-179.5399933,0.400000006
25.71,2645,-2268,2583,-2188,490,1877,2058,1785,1.659999967,-2.059999943,-0.340000004,0.01,-0.050000001,-0.5,-179.6199951,0.409999996
25.72,2699,-2243,2628,-2152,490,1869,2063,1769,1.659999967,-2.059999943,-0.340000004,0.01,-0.050000001,-0.5,-179.6199951,0.409999996
25.73,2644,-2234,2655,-2142,490,1857,2063,1772,1.470000029,-2.690000057,-0.239999995,0.090000004,-0.029999999,-0.569999993,-179.6799927,0.360000014
25.74,2715,-2263,2628,-2118,490,1851,2061,1786,1.470000029,-2.690000057,-0.239999995,0.090000004,-0.029999999,-0.569999993,-179.6799927,0.360000014
25.75,2737,-2251,2679,-2130,490,1856,2050,1775,0.289999992,-3.039999962,0.759999991,0.059999999,0,-0.620000005,-179.6999969,0.280000001
25.76,2753,-2251,2692,-2158,490,1865,2029,1779,0.289999992,-3.039999962,0.759999991,0.059999999,0,-0.620000005,-179.6999969,0.280000001
25.77,2771,-2245,2689,-2129,490,1869,1996,1782,-0.639999986,-3.210000038,-2,-0.029999999,0,-0.670000017,-179.7100067,0.289999992
25.78,2772,-2272,2667,-2135,490,1861,1933,1805,-0.639999986,-3.210000038,-2,-0.029999999,0,-0.670000017,-179.7100067,0.289999992
25.79,2789,-2272,2717,-2152,490,1866,1942,1811,-0.239999995,-3.039999962,-1.190000057,-0.039999999,-0.059999999,-0.680000007,-179.7599945,0.370000005
25.8,2769,-2250,2708,-2154,492,1863,1976,1832,-0.239999995,-3.039999962,-1.190000057,-0.039999999,-0.059999999,-0.680000007,-179.7599945,0.370000005
25.81,2764,-2254,2727,-2165,490,1872,2012,1886,0.200000003,-3.940000057,1.049999952,0.090000004,-0.01,-0.680000007,-179.8000031,0.330000013
25.82,2809,-2268,2723,-2175,490,1860,2030,1926,1.620000005,-3.25,2.200000048,0.150000006,0,-0.680000007,-179.8099976,0.239999995
25.83,2805,-2287,2752,-2180,490,1868,2026,1935,0.589999974,-3.579999924,1.320000052,0.109999999,0.029999999,-0.670000017,-179.8000031,0.170000002
25.84,2750,-2281,2734,-2204,490,1884,1997,1953,0.589999974,-3.579999924,1.320000052,0.109999999,0.029999999,-0.670000017,-179.8000031,0.170000002
25.85,2781,-2309,2716,-2215,490,1940,1971,1956,0.569999993,-2.200000048,-0.300000012,0.02,0.02,-0.629999995,-179.7700043,0.100000002
25.86,2765,-2303,2729,-2276,490,1948,1932,1965,0.569999993,-2.200000048,-0.300000012,0.02,0.02,-0.629999995,-179.7700043,0.100000002
25.87,2740,-2346,2744,-2289,490,1963,1881,1952,0.259999991,-0.959999979,-1.919999957,-0.01,-0.029999999,-0.579999983,-179.7700043,0.090000004
25.88,2734,-2364,2725,-2319,490,1968,1836,1965,0.259999991,-0.959999979,-1.919999957,-0.01,-0.029999999,-0.579999983,-179.7700043,0.090000004
25.89,2747,-2385,2725,-2351,490,1966,1809,1980,2.50999999,-0.720000029,0.200000003,0.039999999,-0.050000001,-0.5,-179.8300018,0.039999999
25.9,2748,-2395,2717,-2377,490,1970,1819,2005,2.50999999,-0.720000029,0.200000003,0.039999999,-0.050000001,-0.5,-179.8300018,0.039999999
25.91,2711,-2392,2723,-2425,490,1981,1829,2091,2.410000086,-0.959999979,0.620000005,0.079999998,-0.079999998,-0.400000006,-179.9199982,-0.050000001
25.92,2654,-2465,2710,-2467,490,1997,1844,2144,2.410000086,-0.959999979,0.620000005,0.079999998,-0.079999998,-0.400000006,-179.9199982,-0.050000001
25.93,2688,-2486,2657,-2507,490,2001,1869,2180,2.190000057,-0.340000004,2.180000067,0.140000001,-0.029999999,-0.289999992,-179.9799957,-0.209999993
25.94,2674,-2490,2679,-2504,490,2031,1904,2184,2.190000057,-0.340000004,2.180000067,0.140000001,-0.029999999,-0.289999992,-179.9799957,-0.209999993
25.95,2612,-2546,2658,-2538,490,2077,1906,2190,2.640000105,0.119999997,2.809999943,0.150000006,0.02,-0.170000002,-179.9799957,-0.379999995
25.96,2608,-2578,2625,-2534,490,2112,1895,2181,1.409999967,1.190000057,1.179999948,0.140000001,0.039999999,-0.119999997,-179.9799957,-0.379999995
25.97,2648,-2586,2621,-2599,490,2127,1880,2193,1.710000038,1.100000024,1.370000005,0.109999999,0.07,-0.07,-179.9100037,-0.529999971
25.98,2598,-2589,2613,-2618,490,2167,1858,2195,1.710000038,1.100000024,1.370000005,0.109999999,0.07,-0.07,-179.9100037,-0.529999971
25.99,2581,-2629,2607,-2639,490,2189,1782,2196,0.430000007,2.109999895,0.610000014,0.07,0.059999999,0.01,-179.8300018,-0.620000005
26,2575,-2665,2558,-2671,490,2257,1749,2205,0.430000007,2.109999895,0.610000014,0.07,0.059999999,0.01,-179.8300018,-0.620000005
26.01,2592,-2690,2595,-2685,489,2262,1741,2205,1.139999986,2.869999886,0.850000024,0,0.02,0.079999998,-179.7899933,-0.649999976
26.02,2570,-2705,2590,-2738,490,2278,1746,2213,1.139999986,2.869999886,0.850000024,0,0.02,0.079999998,-179.7899933,-0.649999976
26.03,2572,-2736,2588,-2718,489,2275,1752,2215,1.080000043,2.980000019,2.369999886,-0.059999999,0.039999999,0.159999996,-179.75,-0.600000024
26.04,2553,-2789,2537,-2759,491,2271,1757,2210,1.080000043,2.980000019,2.369999886,-0.059999999,0.039999999,0.159999996,-179.75,-0.600000024
26.05,2579,-2755,2548,-2793,490,2278,1763,2193,1.460000038,1.74000001,-0.119999997,-0.01,0.050000001,0.239999995,-179.6999969,-0.560000002
26.06,2509,-2825,2540,-2803,490,2283,1766,2179,1.460000038,1.74000001,-0.119999997,-0.01,0.050000001,0.239999995,-179.6999969,-0.560000002
26.07,2526,-2860,2521,-2799,491,2290,1758,2100,0.980000019,2.00999999,-0.5,0.039999999,0.050000001,0.319999993,-179.6399994,-0.610000014
26.08,2538,-2882,2499,-2831,491,2278,1742,2064,0.980000019,2.00999999,-0.5,0.039999999,0.050000001,0.319999993,-179.6399994,-0.610000014
26.09,2530,-2883,2526,-2857,490,2281,1706,2011,0.349999994,2.119999886,-1.779999971,0.029999999,0.01,0.400000006,-179.6100006,-0.649999976
26.1,2540,-2915,2522,-2874,490,2274,1694,1990,0.349999994,2.119999886,-1.779999971,0.029999999,0.01,0.400000006,-179.6100006,-0.649999976
26.11,2522,-2968,2494,-2915,490,2267,1681,1982,0.02,3.339999914,-2.059999943,0.02,0,0.469999999,-179.6100006,-0.670000017
26.12,2538,-2928,2456,-2964,490,2255,1671,1968,0.02,3.339999914,-2.059999943,0.02,0,0.469999999,-179.6100006,-0.670000017
26.13,2541,-3014,2528,-2960,492,2249,1668,1953,0.839999974,4.050000191,-1.100000024,0,-0.039999999,0.529999971,-179.6100006,-0.670000017
26.14,2512,-3012,2493,-2929,491,2245,1696,1977,0.839999974,4.050000191,-1.100000024,0,-0.039999999,0.529999971,-179.6499939,-0.660000026
26.15,2516,-3006,2475,-3011,492,2238,1721,2045,0.910000026,4.849999905,1.580000043,0,0,0.579999983,-179.6799927,-0.670000017
26.16,2516,-3040,2442,-3015,492,2238,1746,2120,0.910000026,4.849999905,1.580000043,0,0,0.579999983,-179.6799927,-0.670000017
26.17,2514,-3055,2464,-3001,492,2238,1762,2207,1.309999943,4.789999962,2.920000076,-0.090000004,0.07,0.649999976,-179.6399994,-0.589999974
26.18,2505,-3075,2449,-3050,491,2251,1765,2190,1.309999943,4.789999962,2.920000076,-0.090000004,0.07,0.649999976,-179.6399994,-0.589999974
26.19,2500,-3101,2386,-3053,491,2246,1758,2161,1.330000043,3.390000105,-1.450000048,-0.02,0.119999997,0.720000029,-179.5299988,-0.529999971
26.2,2541,-3144,2430,-3082,491,2263,1723,2128,1.330000043,3.390000105,-1.450000048,-0.02,0.119999997,0.720000029,-179.5299988,-0.529999971
26.21,2520,-3210,2399,-3101,491,2287,1705,2127,1.179999948,4.03000021,-0.129999995,0.02,0.07,0.790000022,-179.4299927,-0.569999993
26.22,2542,-3187,2411,-3142,491,2305,1690,2126,1.179999948,4.03000021,-0.129999995,0.02,0.07,0.790000022,-179.4299927,-0.569999993
26.23,2513,-3286,2443,-3142,491,2299,1687,2131,1.220000029,4.179999828,-0.569999993,-0.039999999,0.029999999,0.839999974,-179.3899994,-0.540000022
26.24,2567,-3277,2406,-3179,491,2290,1698,2115,1.220000029,4.179999828,-0.569999993,-0.039999999,0.029999999,0.839999974,-179.3899994,-0.540000022
26.25,2604,-3206,2474,-3209,491,2284,1726,2123,1.590000033,3.190000057,-0.810000002,-0.029999999,0.02,0.839999974,-179.3800049,-0.479999989
26.26,2554,-3286,2475,-3170,491,2254,1733,2132,1.590000033,3.190000057,-0.810000002,-0.029999999,0.02,0.839999974,-179.3800049,-0.479999989
26.27,2583,-3299,2463,-3175,491,2248,1737,2149,0.899999976,4.099999905,-0.509999991,0.029999999,0,0.839999974,-179.3800049,-0.5
26.28,2600,-3306,2471,-3209,491,2242,1737,2161,0.899999976,4.099999905,-0.509999991,0.029999999,0,0.839999974,-179.3800049,-0.5
26.29,2598,-3321,2469,-3191,492,2223,1739,2174,1.210000038,3.970000029,1.870000005,0,0.02,0.829999983,-179.3899994,-0.519999981
26.3,2576,-3306,2496,-3186,492,2163,1751,2182,1.210000038,3.970000029,1.870000005,0,0.02,0.829999983,-179.3800049,-0.550000012
26.31,2602,-3253,2514,-3233,491,2073,1749,2168,-0.810000002,4.360000134,0.839999974,-0.01,0.109999999,0.839999974,-179.2899933,-0.519999981
26.32,2646,-3316,2503,-3207,491,2082,1747,2173,-0.810000002,4.360000134,0.839999974,-0.029999999,0.100000002,0.839999974,-179.2899933,-0.519999981
26.33,2622,-3366,2482,-3223,491,2149,1740,2156,-1.830000043,5.46999979,0.550000012,-0.029999999,0.119999997,0.860000014,-179.1499939,-0.5
26.34,2621,-3349,2485,-3234,492,2221,1736,2160,-1.830000043,5.46999979,0.550000012,-0.029999999,0.119999997,0.860000014,-179.1499939,-0.5
26.35,2607,-3423,2522,-3260,491,2299,1746,2151,-0.730000019,5.360000134,1.480000019,-0.079999998,0.100000002,0.899999976,-179.0299988,-0.409999996
26.36,2678,-3410,2491,-3252,491,2371,1761,2152,-0.730000019,5.360000134,1.480000019,-0.079999998,0.100000002,0.899999976,-179.0299988,-0.409999996
26.37,2653,-3364,2525,-3298,491,2378,1773,2155,2.609999895,3.869999886,0.140000001,-0.059999999,0.090000004,0.910000026,-178.9400024,-0.310000002
26.38,2632,-3411,2560,-3314,492,2387,1784,2138,2.609999895,3.869999886,0.140000001,-0.059999999,0.090000004,0.910000026,-178.9400024,-0.310000002
26.39,2660,-3397,2550,-3286,492,2399,1793,2107,1.789999962,4.849999905,-2.119999886,-0.050000001,0.090000004,0.910000026,-178.9100037,-0.310000002
26.4,2666,-3404,2537,-3332,492,2425,1778,2056,1.789999962,4.849999905,-2.119999886,-0.050000001,0.090000004,0.910000026,-178.8600006,-0.270000011
26.41,2667,-3477,2544,-3389,491,2454,1769,2009,1.019999981,4.840000153,-1.820000052,-0.129999995,0.029999999,0.939999998,-178.7899933,-0.159999996
26.42,2727,-3493,2573,-3375,491,2472,1759,1968,1.019999981,4.840000153,-1.820000052,-0.129999995,0.029999999,0.939999998,-178.7899933,-0.159999996
26.43,2833,-3470,2556,-3390,491,2465,1744,1960,1.110000014,2.5,-1.980000019,0.050000001,-0.01,0.970000029,-178.7899933,-0.140000001
26.44,2791,-3500,2552,-3410,491,2468,1721,1964,1.110000014,2.5,-1.980000019,0.050000001,-0.01,0.970000029,-178.7899933,-0.140000001
26.45,2743,-3546,2652,-3413,491,2455,1698,1985,-0.419999987,4.320000172,-2.369999886,0.109999999,-0.180000007,0.949999988,-178.9499969,-0.319999993
26.46,2752,-3637,2667,-3449,491,2447,1707,2018,-0.419999987,4.320000172,-2.369999886,0.109999999,-0.180000007,0.949999988,-178.9499969,-0.319999993
26.47,2790,-3583,2652,-3426,491,2366,1738,2054,0.610000014,4.760000229,1.629999995,-0.07,-0.230000004,0.930000007,-179.1999969,-0.370000005
26.48,2748,-3585,2665,-3451,492,2304,1773,2106,0.610000014,4.760000229,1.629999995,-0.07,-0.230000004,0.930000007,-179.1999969,-0.370000005
26.49,2757,-3618,2714,-3433,492,2228,1804,2115,0.370000005,5.070000172,3.099999905,-0.079999998,-0.119999997,0.889999986,-179.3899994,-0.289999992
26.5,2802,-3555,2690,-3430,493,2149,1835,2120,0.370000005,5.070000172,3.099999905,-0.079999998,-0.119999997,0.889999986,-179.3899994,-0.289999992
26.51,2851,-3529,2705,-3449,492,2072,1825,2123,-1.179999948,5.389999866,1.100000024,0.050000001,-0.029999999,0.860000014,-179.4700012,-0.300000012
26.52,2797,-3510,2728,-3458,493,1947,1796,2136,-1.179999948,5.389999866,1.100000024,0.050000001,-0.029999999,0.860000014,-179.4700012,-0.300000012
26.53,2816,-3587,2728,-3428,493,1921,1756,2128,3.109999895,4.690000057,0.370000005,0.050000001,0.059999999,0.870000005,-179.4499969,-0.360000014
26.54,2849,-3530,2738,-3471,492,1901,1710,2119,3.109999895,4.690000057,0.370000005,0.050000001,0.059999999,0.870000005,-179.4499969,-0.360000014
26.55,2819,-3552,2691,-3476,492,1918,1666,2091,3.579999924,5.320000172,-1.889999986,0.029999999,0.140000001,0.889999986,-179.3500061,-0.389999986
26.56,2818,-3634,2739,-3473,492,1951,1631,2083,3.579999924,5.320000172,-1.889999986,0.029999999,0.140000001,0.889999986,-179.3500061,-0.389999986
26.57,2858,-3625,2713,-3525,492,2069,1636,2079,2.400000095,4.53000021,-2.700000048,-0.079999998,0.050000001,0.920000017,-179.2899933,-0.330000013
26.58,2904,-3675,2736,-3523,492,2126,1647,2037,2.400000095,4.53000021,-2.700000048,-0.079999998,0.050000001,0.920000017,-179.2899933,-0.330000013
26.59,2848,-3617,2722,-3492,492,2189,1662,1986,1.830000043,4.21999979,-3.25,-0.029999999,0.029999999,0.949999988,-179.2799988,-0.319999993
26.6,2879,-3668,2744,-3547,493,2243,1683,1967,1.830000043,4.21999979,-3.25,-0.029999999,0.029999999,0.949999988,-179.25,-0.270000011
26.61,2915,-3659,2758,-3568,492,2270,1730,1983,0.709999979,4.789999962,-0.970000029,0.02,-0.01,0.959999979,-179.2599945,-0.259999991
26.62,2919,-3620,2762,-3570,493,2341,1750,2016,0.709999979,4.789999962,-0.970000029,0.02,-0.01,0.959999979,-179.25,-0.270000011
26.63,2922,-3684,2774,-3586,493,2386,1769,2070,-0.360000014,6.21999979,0.759999991,0,0,0.939999998,-179.25,-0.280000001
26.64,2961,-3691,2777,-3603,492,2440,1789,2058,-0.360000014,6.21999979,0.759999991,0,0,0.939999998,-179.25,-0.280000001
26.65,2963,-3645,2837,-3570,493,2459,1807,2067,0.200000003,4.909999847,0.209999993,0.050000001,0,0.939999998,-179.25,-0.280000001
26.66,2946,-3673,2816,-3586,494,2469,1829,2088,0.200000003,4.909999847,0.209999993,0.050000001,0,0.939999998,-179.2799988,-0.289999992
26.67,2942,-3691,2813,-3601,493,2462,1829,2164,0.360000014,6.059999943,3.140000105,-0.01,-0.02,0.920000017,-179.2899933,-0.300000012
26.68,2965,-3705,2835,-3605,493,2468,1826,2273,0.360000014,6.059999943,3.140000105,-0.01,-0.02,0.920000017,-179.3200073,-0.340000004
26.69,2964,-3730,2838,-3618,493,2440,1821,2270,-0.079999998,5.599999905,2.029999971,-0.140000001,0,0.889999986,-179.3300018,-0.25
26.7,2980,-3734,2829,-3600,493,2415,1813,2270,-0.079999998,5.599999905,2.029999971,-0.140000001,0,0.889999986,-179.3300018,-0.25
26.71,3014,-3673,2897,-3630,493,2389,1785,2228,0.589999974,2.970000029,-0.689999998,-0.109999999,0,0.879999995,-179.3300018,-0.100000002
26.72,3017,-3748,2883,-3658,493,2300,1755,2222,0.589999974,2.970000029,-0.689999998,-0.109999999,0,0.879999995,-179.3300018,-0.100000002
26.73,2966,-3767,2871,-3605,493,2244,1718,2197,1.779999971,3.339999914,-0.409999996,-0.039999999,-0.029999999,0.879999995,-179.3300018,-0.079999998
26.74,3039,-3731,2949,-3652,493,2180,1679,2192,1.779999971,3.339999914,-0.409999996,-0.039999999,-0.029999999,0.879999995,-179.3399963,-0.039999999
26.75,3010,-3774,2912,-3685,492,2138,1642,2184,3,3.230000019,-2.049999952,-0.02,-0.029999999,0.889999986,-179.3399963,-0.039999999
26.76,3012,-3802,2886,-3652,493,2090,1643,2182,2.00999999,3.940000057,-1.470000029,-0.02,-0.029999999,0.889999986,-179.3800049,-0.02
26.77,3031,-3813,2942,-3729,493,2070,1676,2166,2.039999962,3.630000114,-2.5,0.059999999,-0.01,0.920000017,-179.3999939,-0.02
26.78,3050,-3830,2929,-3662,492,2067,1701,2154,2.519999981,3.180000067,-1.460000038,0.059999999,-0.01,0.920000017,-179.4299927,-0.050000001
26.79,3000,-3848,2918,-3723,492,2078,1704,2135,0.439999998,4.210000038,-1.559999943,0.140000001,0,0.939999998,-179.4499969,-0.129999995
26.8,3017,-3832,2928,-3701,493,2080,1696,2143,0.439999998,4.210000038,-1.559999943,0.140000001,0,0.939999998,-179.4400024,-0.200000003
26.81,3063,-3784,2933,-3716,492,2073,1679,2149,0.360000014,5.289999962,-0.389999986,0.02,-0.01,0.949999988,-179.4400024,-0.270000011
26.82,3071,-3844,2939,-3742,493,2077,1678,2144,0.360000014,5.289999962,-0.389999986,0.02,-0.01,0.949999988,-179.4400024,-0.289999992
26.83,3026,-3840,2935,-3761,492,2101,1684,2147,2.019999981,5.71999979,-2.329999924,0,0.029999999,0.959999979,-179.4100037,-0.319999993
26.84,3114,-3808,2946,-3757,493,2142,1688,2148,0.400000006,5.78000021,-0.319999993,0,0.029999999,0.959999979,-179.3899994,-0.319999993
26.85,3083,-3863,2965,-3784,492,2161,1689,2159,0.889999986,5.78000021,-0.289999992,0,0.059999999,0.970000029,-179.3899994,-0.319999993
26.86,3069,-3853,2942,-3781,493,2181,1687,2154,0.340000004,6.650000095,1.470000029,0,0.059999999,0.970000029,-179.3300018,-0.360000014
26.87,3134,-3836,2967,-3781,493,2186,1681,2172,-0.189999998,5.949999809,0.039999999,-0.01,0.050000001,0.959999979,-179.3099976,-0.360000014
26.88,3164,-3865,2964,-3800,493,2190,1674,2199,-0.189999998,5.949999809,0.039999999,-0.01,0.050000001,0.959999979,-179.2799988,-0.360000014
26.89,3104,-3849,2984,-3789,492,2200,1665,2216,-0.879999995,6.099999905,0.980000019,-0.07,0.050000001,0.949999988,-179.25,-0.360000014
26.9,3140,-3917,3004,-3814,493,2233,1659,2200,-0.879999995,6.099999905,0.980000019,-0.07,0.050000001,0.949999988,-179.2200012,-0.330000013
26.91,3155,-3941,2995,-3837,492,2261,1650,2188,-1.169999957,6.099999905,-0.270000011,-0.129999995,0,0.939999998,-179.1900024,-0.280000001
26.92,3143,-3923,3040,-3833,492,2258,1629,2182,-1.169999957,6.099999905,-0.270000011,-0.129999995,0,0.939999998,-179.1799927,-0.209999993
26.93,3193,-3919,3036,-3890,492,2240,1620,2159,-0.170000002,5.71999979,-1.470000029,-0.059999999,0,0.939999998,-179.1699982,-0.119999997
26.94,3201,-3963,3023,-3823,492,2234,1629,2157,-0.170000002,5.71999979,-1.470000029,-0.059999999,0,0.939999998,-179.1900024,-0.07
26.95,3199,-3951,3071,-3866,492,2230,1650,2162,0.109999999,4.550000191,-2.539999962,0,-0.07,0.949999988,-179.2200012,-0.050000001
26.96,3164,-3966,3062,-3910,493,2224,1672,2180,0.109999999,4.550000191,-2.539999962,0,-0.07,0.949999988,-179.25,-0.050000001
26.97,3212,-3993,3055,-3890,493,2236,1688,2190,1.460000038,5.309999943,1.700000048,0,-0.01,0.959999979,-179.2700043,-0.07
26.98,3182,-4021,3084,-3915,493,2236,1692,2189,1.460000038,5.309999943,1.700000048,0,-0.01,0.959999979,-179.3000031,-0.07
26.99,3189,-3988,3044,-3906,493,2237,1706,2179,3.079999924,5.289999962,0.800000012,-0.029999999,0,0.980000019,-179.3200073,-0.050000001
27,3217,-4034,3047,-3917,493,2233,1724,2176,3.079999924,5.289999962,0.800000012,-0.029999999,0,0.980000019,-179.3399963,-0.029999999
27.01,3193,-4028,3127,-3885,493,2224,1734,2182,0.140000001,4.070000172,0.75,0.07,0.039999999,0.99000001,-179.3500061,-0.039999999
27.02,3135,-3963,3092,-3912,493,2231,1728,2174,1.269999981,5.300000191,-1.409999967,0.07,0.039999999,0.99000001,-179.3300018,-0.090000004
27.03,3240,-4033,3081,-3947,493,2247,1724,2177,2.559999943,5.650000095,2.75999999,0.01,0,0.99000001,-179.3300018,-0.129999995
27.04,3209,-3989,3106,-3922,493,2284,1720,2178,0.07,6.409999847,0.449999988,0.01,0,0.99000001,-179.3099976,-0.140000001
27.05,3212,-4081,3095,-3969,493,2289,1720,2175,0.509999991,6.800000191,0.709999979,-0.090000004,0.029999999,0.99000001,-179.2899933,-0.109999999
27.06,3264,-4021,3111,-4001,493,2286,1723,2161,0.509999991,6.800000191,0.709999979,-0.090000004,0.029999999,0.99000001,-179.2700043,-0.07
27.07,3272,-4003,3144,-3957,493,2260,1708,2130,1.169999957,4.300000191,-1.120000005,0.02,0.079999998,0.99000001,-179.25,-0.01
27.08,3197,-4102,3170,-3951,493,2222,1703,2109,1.559999943,6.579999924,-1.840000033,0.02,0.079999998,0.99000001,-179.2200012,-0.01
27.09,3295,-4058,3152,-3985,493,2222,1703,2077,2.369999886,4.920000076,-0.409999996,0.090000004,0.029999999,0.980000019,-179.2100067,-0.029999999
27.1,3327,-4114,3163,-3992,493,2211,1693,2104,0.370000005,5.960000038,-2.450000048,0.090000004,0.029999999,0.980000019,-179.1799927,-0.079999998
27.11,3269,-4071,3188,-4012,493,2218,1691,2106,2.410000086,5.400000095,0.439999998,0.02,0.050000001,0.980000019,-179.1499939,-0.119999997
27.12,3314,-4082,3141,-3987,493,2240,1690,2112,-0.829999983,6.699999809,-0.150000006,0.02,0.050000001,0.980000019,-179.1199951,-0.140000001
27.13,3322,-4128,3166,-4034,493,2290,1694,2113,2.839999914,5.909999847,0.469999999,-0.039999999,0.07,1,-179.0899963,-0.129999995
27.14,3282,-4182,3183,-4051,493,2316,1697,2094,-1.070000052,7.260000229,0.300000012,-0.039999999,0.07,1,-179.0599976,-0.100000002
27.15,3356,-4129,3190,-4061,493,2327,1697,2061,2.529999971,5.369999886,-0.49000001,-0.039999999,0.01,1.00999999,-179.0299988,-0.07
27.16,3388,-4150,3189,-4100,493,2333,1693,2037,-0.699999988,4.230000019,-1.970000029,-0.039999999,0.01,1.00999999,-179.0200043,-0.050000001
27.17,3312,-4207,3205,-4053,493,2330,1693,2050,1.289999962,5.349999905,-1.49000001,0.079999998,-0.02,1.029999971,-179.0099945,-0.090000004
27.18,3365,-4192,3242,-4106,493,2332,1694,2098,1.690000057,4.690000057,-1.700000048,0.079999998,-0.02,1.029999971,-179.0299988,-0.140000001
27.19,3342,-4194,3215,-4055,493,2327,1700,2151,0.079999998,6.559999943,0.839999974,-0.02,0,1.029999971,-179.0399933,-0.200000003
27.2,3325,-4213,3241,-4049,493,2327,1703,2237,2.24000001,7.099999905,3.460000038,-0.02,0,1.029999971,-179.0599976,-0.200000003
27.21,3406,-4164,3258,-4095,493,2323,1702,2260,-0.180000007,6.820000172,2.150000095,-0.170000002,0.02,1.00999999,-179.0800018,-0.159999996
27.22,3380,-4191,3226,-4058,493,2288,1682,2272,0.759999991,6.570000172,1.00999999,-0.170000002,0.02,1.00999999,-179.0599976,-0.079999998
27.23,3360,-4169,3269,-4149,493,2276,1667,2237,0.689999998,7.25,3.140000105,-0.119999997,0.029999999,0.99000001,-179.0500031,0
27.24,3388,-4196,3260,-4088,493,2259,1663,2220,2.029999971,6.260000229,-2.200000048,-0.119999997,0.029999999,0.99000001,-179.0299988,0.079999998
27.25,3391,-4225,3276,-4108,493,2261,1677,2206,0.189999998,6.309999943,-2.029999971,0,0.02,0.980000019,-179.0200043,0.109999999
27.26,3348,-4173,3340,-4148,493,2264,1690,2211,2.519999981,5.960000038,0.569999993,0,0.02,0.980000019,-179.0099945,0.109999999
27.27,3434,-4235,3296,-4148,493,2250,1693,2206,0.140000001,6.139999866,1.029999971,0.01,0.039999999,0.99000001,-179,0.079999998
27.28,3420,-4228,3281,-4174,493,2253,1685,2175,2.720000029,5.239999771,-0.02,0.01,0.039999999,0.99000001,-178.9700012,0.059999999
27.29,3373,-4250,3324,-4178,493,2253,1674,2144,-0.100000002,5.639999866,0.330000013,-0.01,0.050000001,1.00999999,-178.9299927,0.029999999
27.3,3486,-4269,3294,-4176,493,2267,1653,2086,2.480000019,4.889999866,-0.889999986,-0.01,0.050000001,1.00999999,-178.8899994,0.02
27.31,3455,-4347,3329,-4223,493,2273,1632,2070,0.879999995,4.489999771,-2.420000076,-0.02,0,1.039999962,-178.8600006,0.01
27.32,3460,-4301,3351,-4242,493,2260,1623,2056,0.879999995,4.489999771,-2.420000076,0,0.01,1.039999962,-178.8500061,0
27.33,3516,-4310,3349,-4236,493,2247,1637,2034,0.509999991,6.21999979,-2.210000038,0.02,0,1.039999962,-178.8399963,-0.01
27.34,3486,-4339,3342,-4247,493,2284,1654,2033,2.039999962,4.710000038,-1.710000038,0.02,0,1.039999962,-178.8500061,-0.02
27.35,3474,-4347,3380,-4253,493,2369,1677,2095,0.879999995,5.769999981,-2.450000048,0.02,-0.029999999,1.039999962,-178.8500061,-0.02
27.36,3549,-4363,3373,-4240,493,2405,1700,2138,0.01,6.769999981,2.880000114,0.02,-0.029999999,1.039999962,-178.8699951,-0.119999997
27.37,3523,-4345,3362,-4281,493,2418,1719,2179,2.200000048,7.860000134,1.620000005,-0.050000001,-0.050000001,1.039999962,-178.8899994,-0.150000006
27.38,3504,-4333,3378,-4237,493,2423,1734,2230,-0.209999993,7.760000229,2.910000086,-0.050000001,-0.050000001,1.039999962,-178.9100037,-0.140000001
27.39,3562,-4326,3410,-4233,493,2394,1727,2241,1.720000029,7.329999924,1.120000005,-0.140000001,0.039999999,1.00999999,-178.8999939,-0.090000004
27.4,3494,-4344,3404,-4232,493,2391,1712,2191,0.109999999,7.480000019,2.789999962,-0.140000001,0.039999999,1.00999999,-178.8899994,-0.02
27.41,3564,-4337,3454,-4267,493,2383,1704,2181,2.559999943,6.960000038,-1.149999976,-0.159999996,0.029999999,0.980000019,-178.8699951,0.050000001
27.42,3627,-4293,3479,-4302,493,2385,1705,2160,-0.709999979,7.010000229,-1,-0.159999996,0.029999999,0.980000019,-178.8500061,0.140000001
27.43,3576,-4361,3458,-4265,493,2379,1734,2150,3.00999999,5.650000095,1.129999995,-0.07,-0.02,0.949999988,-178.8500061,0.219999999
27.44,3635,-4333,3525,-4286,493,2372,1752,2140,1.289999962,6.179999828,-0.119999997,-0.07,-0.02,0.949999988,-178.8500061,0.259999991
27.45,3617,-4281,3533,-4288,493,2361,1764,2119,1.529999971,5.019999981,-1.529999971,0.07,0,0.889999986,-178.8500061,0.270000011
27.46,3598,-4361,3551,-4235,493,2353,1768,2107,1.549999952,4.460000038,-0.660000026,0.07,0,0.889999986,-178.8500061,0.230000004
27.47,3687,-4336,3611,-4298,493,2349,1768,2109,0.479999989,4.230000019,1.600000024,0.039999999,-0.01,0.839999974,-178.8600006,0.189999998
27.48,3629,-4346,3542,-4314,493,2318,1776,2125,2.690000057,3.930000067,-0.689999998,0.039999999,-0.01,0.839999974,-178.8699951,0.159999996
27.49,3645,-4292,3657,-4293,493,2293,1782,2114,-0.360000014,5.179999828,1.889999986,-0.100000002,0.02,0.779999971,-178.8699951,0.170000002
27.5,3703,-4308,3676,-4261,493,2260,1788,2105,4.190000057,4,1.070000052,-0.100000002,0.02,0.779999971,-178.8699951,0.209999993
27.51,3669,-4312,3632,-4289,492,2240,1799,2034,0.259999991,4.739999771,-0.180000007,-0.140000001,0,0.720000029,-178.8699951,0.259999991
27.52,3773,-4318,3742,-4224,494,2219,1808,1994,2.430000067,3.599999905,-1.230000019,-0.140000001,0,0.720000029,-178.8500061,0.319999993
27.53,3781,-4297,3708,-4258,492,2185,1808,1954,0.259999991,3.25,-0.540000022,-0.090000004,0.039999999,0.629999995,-178.8300018,0.379999995
27.54,3768,-4270,3779,-4240,491,2170,1802,1924,2.380000114,3.900000095,-0.509999991,-0.090000004,0.039999999,0.629999995,-178.8099976,0.419999987
27.55,3890,-4295,3870,-4239,491,2139,1796,1914,0.159999996,2.549999952,-3.480000019,-0.109999999,0.01,0.5,-178.8099976,0.419999987
27.56,3886,-4240,3842,-4232,493,2125,1792,1905,0.230000004,2.099999905,-0.870000005,-0.119999997,-0.01,0.430000007,-178.7899933,0.540000022
27.57,3953,-4241,3909,-4185,491,2086,1795,1920,1.669999957,2.960000038,-0.200000003,-0.150000006,-0.059999999,0.360000014,-178.8099976,0.600000024
27.58,4004,-4149,3977,-4147,493,2070,1903,1935,1.980000019,1.360000014,-2.309999943,-0.150000006,-0.059999999,0.360000014,-178.8399963,0.680000007
27.59,3942,-4166,3948,-4128,493,2059,1970,1946,1.019999981,0.479999989,0.560000002,-0.07,-0.07,0.219999999,-178.8800049,0.759999991
27.6,4057,-4137,4058,-4121,495,2053,2006,1955,1.74000001,1.639999986,1.570000052,-0.07,-0.07,0.219999999,-178.8999939,0.800000012
27.61,4044,-4098,4036,-4153,494,2058,2014,1945,0.01,-0.02,0.439999998,-0.059999999,0.02,0.100000002,-178.8999939,0.829999983
27.62,4090,-4127,4071,-4099,493,2045,2017,1951,0.409999996,-0.280000001,1.370000005,-0.059999999,0.02,0.100000002,-178.9100037,0.860000014
27.63,4090,-4058,4133,-4116,493,2041,2020,1938,2.430000067,-0.5,1.940000057,-0.090000004,0.01,0,-178.8999939,0.910000026
27.64,4114,-4086,4111,-4089,493,2020,2021,1929,0.230000004,-1.269999981,0.839999974,-0.090000004,0.01,0,-178.8899994,0.970000029
27.65,4209,-4077,4214,-4042,493,1978,2006,1912,2.559999943,-0.699999988,0.109999999,-0.090000004,0.029999999,-0.090000004,-178.8699951,1.029999971
27.66,4152,-4055,4145,-4063,493,1924,1984,1867,-0.660000026,-2.220000029,-1.220000029,-0.090000004,0.029999999,-0.090000004,-178.8500061,1.100000024
27.67,4240,-4068,4247,-4050,493,1920,1977,1867,0.479999989,-1.789999962,-1.480000019,-0.129999995,0.029999999,-0.209999993,-178.8300018,1.149999976
27.68,4198,-4033,4231,-4030,493,1908,1997,1880,0.550000012,-3,-0.660000026,-0.129999995,0.029999999,-0.209999993,-178.8200073,1.220000029
27.69,4241,-4073,4317,-4027,492,1880,2068,1884,0.870000005,-3.059999943,0.090000004,0,0,-0.310000002,-178.8399963,1.25999999
27.7,4331,-4010,4315,-4016,492,1787,2074,1865,1.629999995,-4.059999943,1.080000043,0,0,-0.310000002,-178.8399963,1.269999981
27.71,4252,-3901,4301,-4010,492,1744,2070,1865,-0.400000006,-5.03000021,-0.159999996,0.079999998,0.059999999,-0.370000005,-178.8399963,1.230000019
27.72,4349,-3989,4365,-3944,492,1775,2067,1840,0.49000001,-4.909999847,1.24000001,0.079999998,0.059999999,-0.370000005,-178.8000031,1.169999957
27.73,4332,-4027,4333,-3957,490,1833,2066,1817,0.079999998,-4.199999809,2.089999914,-0.079999998,0.029999999,-0.49000001,-178.7700043,1.129999995
27.74,4490,-4038,4421,-3879,490,1892,2033,1785,-0.560000002,-3.660000086,1.960000038,-0.079999998,0.029999999,-0.49000001,-178.75,1.169999957
27.75,4473,-4007,4390,-3946,490,1890,2024,1730,1.320000052,-4.230000019,-0.949999988,-0.319999993,-0.050000001,-0.639999986,-178.7400055,1.309999943
27.76,4483,-3956,4479,-3905,490,1861,2062,1687,-0.519999981,-3.24000001,-0.340000004,-0.319999993,-0.050000001,-0.639999986,-178.7599945,1.49000001
27.77,4534,-3930,4516,-3881,491,1867,2136,1691,-0.569999993,-5.71999979,-3.779999971,0.07,0,-0.74000001,-178.7899933,1.649999976
27.78,4576,-3894,4515,-3842,491,1828,2209,1697,-0.439999998,-6.800000191,0.330000013,0.07,0,-0.74000001,-178.8200073,1.659999967
27.79,4581,-3923,4576,-3836,491,1839,2230,1695,1.539999962,-6.050000191,2.049999952,0.340000004,-0.01,-0.810000002,-178.8500061,1.539999962
27.8,4579,-3873,4495,-3844,490,1857,2132,1717,-0.469999999,-6.710000038,-1.700000048,0.340000004,-0.01,-0.810000002,-178.8699951,1.370000005
27.81,4620,-3939,4621,-3891,489,1884,2095,1736,1.340000033,-5.28000021,0.600000024,0.02,-0.02,-0.839999974,-178.8800049,1.220000029
27.82,4623,-3972,4543,-3859,489,1892,2082,1739,0.330000013,-5.599999905,2.109999895,0.02,-0.02,-0.839999974,-178.9100037,1.169999957
27.83,4621,-3951,4588,-3905,489,1858,2086,1728,2.369999886,-4.570000172,-0.5,-0.170000002,-0.029999999,-0.839999974,-178.9400024,1.200000048
27.84,4551,-3924,4568,-3936,489,1834,2083,1711,1.460000038,-5.699999809,-0.620000005,-0.170000002,-0.029999999,-0.839999974,-178.9700012,1.299999952
27.85,4626,-3943,4613,-3904,490,1736,2080,1700,1.289999962,-5.139999866,-1.340000033,0,-0.050000001,-0.829999983,-178.9700012,1.299999952
27.86,4575,-3979,4582,-3920,490,1718,2079,1700,0.980000019,-6.699999809,-2.569999933,0,-0.050000001,-0.829999983,-179.0500031,1.379999995
27.87,4620,-4009,4644,-3928,490,1702,2075,1747,2.190000057,-6.380000114,-2.710000038,0.129999995,0,-0.819999993,-179.0800018,1.330000043
27.88,4541,-4028,4574,-4008,490,1754,2060,1783,1.970000029,-4.75,-0.660000026,0.219999999,-0.029999999,-0.810000002,-179.1000061,1.210000038
27.89,4590,-4053,4597,-4000,490,1833,2021,1830,2.089999914,-5.369999886,-2.230000019,0.170000002,0,-0.709999979,-179.1100006,1.100000024
27.9,4542,-4068,4542,-4088,490,1859,2011,1857,2.309999943,-4.050000191,1.74000001,0.170000002,0,-0.709999979,-179.1300049,1
27.91,4480,-4141,4520,-4139,490,1945,2011,1910,2.819999933,-4.480000019,0.059999999,0.090000004,-0.01,-0.550000012,-179.1600037,0.939999998
27.92,4479,-4193,4515,-4134,490,1978,2016,1966,2,-3.059999943,-0.090000004,0.090000004,-0.01,-0.550000012,-179.1799927,0.889999986
27.93,4416,-4206,4455,-4237,490,2018,2016,1973,2.579999924,-3.730000019,1.179999948,0.150000006,0,-0.349999994,-179.1900024,0.839999974
27.94,4482,-4271,4447,-4217,490,2038,2014,1981,2.650000095,-2.400000095,0.99000001,0.150000006,0,-0.349999994,-179.1999969,0.759999991
27.95,4342,-4312,4355,-4337,490,2098,2004,1978,2.119999886,-1.929999948,-0.180000007,0.150000006,0.02,-0.159999996,-179.1999969,0.759999991
27.96,4387,-4343,4384,-4340,490,2207,1999,2020,2.519999981,-1.00999999,0.219999999,0.150000006,0.02,-0.159999996,-179.1799927,0.600000024
27.97,4307,-4351,4341,-4390,490,2257,1998,2123,1.669999957,1.129999995,2.200000048,0.079999998,0.029999999,-0.01,-179.1600037,0.519999981
27.98,4345,-4384,4317,-4407,490,2311,1997,2162,1.149999976,0.540000022,1.919999957,0.079999998,0.029999999,-0.01,-179.1499939,0.479999989
27.99,4277,-4419,4330,-4425,490,2352,1998,2172,2.589999914,2.650000095,4.050000191,0.050000001,0.029999999,0.109999999,-179.1199951,0.439999998
28,4263,-4456,4271,-4508,490,2410,1990,2165,1.389999986,2.609999895,0.939999998,0.050000001,0.029999999,0.109999999,-179.1000061,0.419999987
28.01,4272,-4467,4303,-4504,490,2468,1969,2159,3.099999905,3.839999914,0.460000008,0.059999999,0.050000001,0.209999993,-179.0599976,0.370000005
28.02,4243,-4469,4272,-4543,489,2500,1921,2157,0.689999998,3.549999952,-0.050000001,0.059999999,0.050000001,0.209999993,-179.0200043,0.330000013
28.03,4269,-4573,4278,-4565,489,2504,1855,2154,2.720000029,3.779999971,0.689999998,0.090000004,0.050000001,0.270000011,-178.9900055,0.270000011
28.04,4168,-4549,4176,-4565,488,2523,1784,2146,-0.300000012,3.980000019,-1.75999999,0.100000002,0.02,0.330000013,-178.9600067,0.219999999
28.05,4249,-4657,4265,-4691,490,2531,1655,2158,2.230000019,3.049999952,-1.980000019,0.109999999,-0.02,0.439999998,-178.9600067,0.219999999
28.06,4237,-4601,4225,-4653,491,2524,1609,2177,-0.100000002,2.960000038,1.269999981,0.109999999,-0.02,0.439999998,-178.9600067,0.050000001
28.07,4175,-4697,4174,-4692,489,2517,1586,2173,0.189999998,5.119999886,-0.819999993,0.02,0.01,0.540000022,-178.9700012,-0.029999999
28.08,4194,-4692,4162,-4711,488,2497,1580,2177,1.840000033,5.170000076,-0.07,0.02,0.01,0.540000022,-178.9799957,-0.050000001
28.09,4113,-4779,4138,-4753,488,2470,1580,2167,-0.439999998,5.639999866,1.059999943,-0.079999998,-0.029999999,0.629999995,-179,-0.050000001
28.1,4229,-4762,4152,-4744,489,2442,1572,2170,1.980000019,4.389999866,-0.07,-0.079999998,-0.029999999,0.629999995,-179.0099945,-0.02
28.11,4126,-4830,4073,-4800,490,2413,1540,2169,-0.059999999,6.900000095,-0.980000019,0,0,0.680000007,-179.0099945,-0.029999999
28.12,4133,-4843,4113,-4804,490,2396,1538,2182,-0.059999999,6.900000095,-0.980000019,0,0,0.680000007,-179.0099945,-0.029999999
28.13,4098,-4861,4052,-4823,489,2396,1546,2166,1.340000033,6.510000229,-0.170000002,-0.059999999,0.029999999,0.800000012,-179,0.01
28.14,4081,-4860,4030,-4818,488,2399,1551,2165,1.190000057,6.690000057,-0.930000007,-0.059999999,0.029999999,0.800000012,-178.9900055,0.02
28.15,4127,-4912,4050,-4815,490,2393,1545,2155,2.670000076,5.860000134,-2.99000001,-0.02,0.07,0.870000005,-178.9900055,0.02
28.16,4071,-4933,4018,-4893,490,2406,1522,2142,-0.620000005,8.06000042,-2.059999943,-0.02,0.07,0.870000005,-178.9299927,0.119999997
28.17,4062,-5002,3969,-4910,489,2424,1503,2142,0.819999993,6.590000153,-5.590000153,0.079999998,0.02,0.99000001,-178.8899994,0.150000006
28.18,4064,-4919,4013,-4921,490,2431,1490,2147,-3.75,9.590000153,-1.549999952,0.079999998,0.02,0.99000001,-178.8899994,0.119999997
28.19,4079,-5022,3969,-4991,490,2436,1486,2162,-0.029999999,7.360000134,-4.699999809,0.090000004,0.01,1.090000033,-178.8600006,0.090000004
28.2,4079,-5014,3948,-4968,490,2438,1487,2179,-3.680000067,9.350000381,0.430000007,0.090000004,0.01,1.090000033,-178.8600006,0.059999999
28.21,4028,-5106,3927,-5020,491,2462,1487,2187,-1.110000014,7.949999809,0.200000003,-0.01,0,1.139999986,-178.8399963,0.039999999
28.22,4032,-5049,3912,-4988,490,2468,1477,2181,-3.450000048,9.960000038,0.01,0.050000001,0.02,1.169999957,-178.8300018,0.02
28.23,4026,-5125,3911,-5031,489,2458,1477,2199,-2.289999962,9.600000381,2.019999981,-0.02,0.029999999,1.230000019,-178.8200073,0.01
28.24,4046,-5101,3905,-4999,490,2459,1476,2204,-1.970000029,10.27000046,0.330000013,-0.02,0.029999999,1.230000019,-178.8099976,0.01
28.25,4077,-5165,3948,-5053,490,2464,1475,2213,-3.529999971,10.72999954,1.320000052,-0.079999998,0.090000004,1.269999981,-178.8099976,0.01
28.26,4003,-5105,3881,-5037,490,2436,1473,2192,-0.180000007,9.609999657,2.619999886,-0.079999998,0.090000004,1.269999981,-178.7700043,0.050000001
28.27,4076,-5213,3940,-5094,491,2425,1478,2197,-5.28000021,11.94999981,1.350000024,-0.050000001,0.039999999,1.299999952,-178.75,0.039999999
28.28,4113,-5119,3909,-5082,491,2429,1473,2201,-0.340000004,9.630000114,1.210000038,-0.050000001,0.039999999,1.299999952,-178.7299957,0.050000001
28.29,4054,-5257,3906,-5086,490,2437,1468,2200,-4.809999943,11.31999969,1.139999986,-0.01,0.07,1.350000024,-178.6900024,0.02
28.3,4122,-5116,3951,-5082,490,2451,1452,2210,2.140000105,10.60000038,1.909999967,-0.01,0.07,1.350000024,-178.6699982,0.02
28.31,4076,-5230,3919,-5099,490,2457,1448,2206,-2.119999886,10.69999981,2.809999943,-0.050000001,0.109999999,1.360000014,-178.6499939,0.02
28.32,4144,-5157,3959,-5130,490,2467,1460,2199,2.940000057,8.909999847,0.090000004,-0.050000001,0.109999999,1.360000014,-178.6199951,0.02
28.33,4183,-5207,4009,-5177,490,2448,1474,2191,-0.939999998,10.13000011,1.269999981,-0.100000002,0.01,1.350000024,-178.6300049,0.079999998
28.34,4152,-5150,3981,-5117,490,2430,1487,2190,4.650000095,8.970000267,-3.309999943,-0.100000002,0.01,1.350000024,-178.6300049,0.100000002
28.35,4170,-5189,4035,-5169,490,2400,1509,2189,1.139999986,9.579999924,-1.00999999,-0.039999999,0,1.279999971,-178.6600037,0.150000006
28.36,4180,-5135,4042,-5109,490,2360,1510,2187,6.300000191,8.989999771,-1.980000019,-0.039999999,0,1.279999971,-178.6600037,0.159999996
28.37,4262,-5182,4082,-5095,490,2290,1516,2172,2.74000001,8.680000305,0.589999974,-0.039999999,-0.02,1.220000029,-178.6999969,0.209999993
28.38,4236,-5080,4191,-5116,490,2276,1539,2173,1,7.260000229,-1.679999948,-0.140000001,-0.140000001,1.169999957,-178.7400055,0.25
28.39,4255,-5109,4193,-5080,490,2257,1575,2171,1.350000024,9.819999695,-0.649999976,-0.090000004,-0.050000001,1.029999971,-178.7400055,0.25
28.4,4307,-5073,4224,-5050,491,2253,1623,2182,1.590000033,9.130000114,2.069999933,-0.090000004,-0.050000001,1.029999971,-178.7799988,0.300000012
28.41,4320,-5062,4273,-5043,492,2226,1686,2177,1.49000001,8.140000343,0.779999971,-0.150000006,-0.050000001,0.879999995,-178.8000031,0.349999994
28.42,4395,-5015,4334,-4975,491,2188,1686,2177,1.710000038,7.570000172,2.970000029,-0.150000006,-0.050000001,0.879999995,-178.8200073,0.409999996
28.43,4264,-5038,4334,-4971,491,2114,1688,2167,2.470000029,6.429999828,-1.00999999,-0.100000002,-0.039999999,0.730000019,-178.8200073,0.449999988
28.44,4496,-4945,4429,-4959,492,2101,1698,2166,-0.109999999,6.159999847,-0.400000006,-0.100000002,-0.039999999,0.730000019,-178.8200073,0.49000001
28.45,4618,-4971,4464,-4937,491,2098,1708,2167,2.599999905,5.150000095,0.100000002,0.02,-0.050000001,0.579999983,-178.8200073,0.49000001
28.46,4486,-4852,4521,-4900,491,2092,1710,2173,-2.059999943,2.210000038,0.670000017,0.02,-0.050000001,0.579999983,-178.8300018,0.540000022
28.47,4571,-5025,4559,-4851,493,2226,1711,2169,3.49000001,3.75,-0.949999988,0.119999997,-0.029999999,0.409999996,-178.8300018,0.49000001
28.48,4612,-4908,4551,-4875,493,2364,1740,2166,-2.079999924,2.940000057,1.580000043,0.119999997,-0.029999999,0.409999996,-178.8800049,0.430000007
28.49,4638,-4848,4671,-4927,490,2415,1776,2175,3.029999971,4.159999847,4.329999924,-0.449999988,-0.189999998,0.310000002,-178.9499969,0.469999999
28.5,4680,-4899,4621,-4852,491,2342,1815,2155,1.149999976,2.119999886,-0.310000002,-0.449999988,-0.189999998,0.310000002,-179.0500031,0.699999988
28.51,4602,-4952,4678,-4945,493,2233,1937,2141,1.970000029,3.970000029,1.5,-0.25,-0.140000001,0.289999992,-179.1399994,0.870000005
28.52,4694,-4876,4629,-4876,493,1997,1984,2104,1.700000048,-0.5,-1.960000038,-0.25,-0.140000001,0.289999992,-179.2100067,1.029999971
28.53,4665,-4953,4675,-4912,493,1912,1991,2029,2.549999952,0.730000019,2.059999943,0.07,-0.01,0.25,-179.2299957,0.99000001
28.54,4697,-4820,4692,-4886,492,1865,1967,2026,1.5,-1.789999962,2.200000048,0.07,-0.01,0.25,-179.2299957,0.930000007
28.55,4663,-4914,4684,-4868,490,1863,1944,2022,3.809999943,-0.439999998,0.349999994,-0.090000004,0.039999999,0.200000003,-179.2299957,0.930000007
28.56,4738,-4846,4728,-4911,492,1860,1931,1993,0.680000007,-0.200000003,3.130000114,-0.159999996,0.150000006,0.170000002,-179.1399994,0.839999974
28.57,4728,-4904,4737,-4884,492,1828,1946,1919,2.720000029,0.289999992,-2.829999924,-0.230000004,0.119999997,0.129999995,-179.0599976,0.930000007
28.58,4765,-4881,4765,-4836,492,1836,1956,1850,-0.469999999,0.109999999,2.880000114,-0.230000004,0.119999997,0.129999995,-178.9900055,1.049999952
28.59,4785,-4906,4798,-4841,492,1836,1942,1808,2.430000067,-0.579999983,-3.109999895,0.039999999,0.100000002,0.050000001,-178.8999939,1.139999986
28.6,4765,-4810,4814,-4827,492,1799,1906,1818,-0.289999992,-0.889999986,-1.519999981,0.039999999,0.100000002,0.050000001,-178.8200073,1.139999986
28.61,4913,-4793,4919,-4802,491,1854,1883,1811,1.389999986,-2.089999914,-4.639999866,0.059999999,0.039999999,-0.090000004,-178.7599945,1.049999952
28.62,4808,-4802,4919,-4762,489,1952,1893,1816,-1.399999976,0.170000002,0.730000019,0.059999999,0.039999999,-0.090000004,-178.7200012,0.980000019
28.63,4974,-4803,4920,-4756,490,2011,1922,1796,1.299999952,-1.730000019,-1.789999962,-0.150000006,0,-0.180000007,-178.7100067,1.029999971
28.64,4911,-4752,4871,-4741,489,1991,1957,1781,2.190000057,0.689999998,0.330000013,-0.150000006,0,-0.180000007,-178.7200012,1.110000014
28.65,5030,-4741,5082,-4791,491,1978,2032,1828,0.01,-2.150000095,-2.039999962,0.100000002,0,-0.230000004,-178.7200012,1.110000014
28.66,4867,-4723,4963,-4684,492,1999,2322,1853,-0.100000002,-4.920000076,-1.120000005,0.100000002,0,-0.230000004,-178.7299957,1.220000029
28.67,5048,-4732,5014,-4877,491,2098,2404,1891,0.330000013,-5.170000076,7.150000095,0.300000012,0.090000004,-0.330000013,-178.7200012,1.059999943
28.68,5030,-4694,5045,-4674,492,2314,2409,2130,1.25,-2.369999886,6.820000172,0.300000012,0.090000004,-0.330000013,-178.6699982,0.870000005
28.69,5084,-4774,4983,-4640,492,2152,2347,2175,-1.940000057,-1.870000005,11.30000019,-0.330000013,0.189999998,-0.409999996,-178.6000061,0.879999995
28.7,5019,-4704,5085,-4704,492,2090,2266,2066,7.039999962,-1.909999967,6.800000191,-0.330000013,0.189999998,-0.409999996,-178.4900055,1.049999952
28.71,5133,-4684,5069,-4793,492,2059,2102,1943,-4.980000019,-3.059999943,-4.349999905,-0.039999999,0.209999993,-0.479999989,-178.3800049,1.24000001
28.72,5126,-4684,5165,-4740,492,2002,2019,1813,6.099999905,-3.400000095,-5.210000038,-0.039999999,0.209999993,-0.479999989,-178.2700043,1.299999952
28.73,5156,-4750,5152,-4757,494,1941,1942,1714,6.099999905,-3.400000095,-5.210000038,0.039999999,0.109999999,-0.569999993,-178.2700043,1.299999952
28.74,5216,-4768,5196,-4705,493,1944,1874,1551,5.440000057,-3.269999981,-7.809999943,0.039999999,0.109999999,-0.569999993,-178.1600037,1.279999971
28.75,5178,-4760,5258,-4747,493,1905,1819,1536,-2.640000105,-3.880000114,-5.840000153,-0.159999996,-0.029999999,-0.629999995,-178.1699982,1.289999962
28.76,5237,-4823,5217,-4827,493,1838,1799,1517,5.880000114,-2.75999999,-7.96999979,-0.159999996,-0.029999999,-0.629999995,-178.1799927,1.399999976
28.77,5290,-4753,5291,-4849,493,1758,1820,1498,-1.909999967,-2.380000114,-1.49000001,-0.050000001,-0.079999998,-0.699999988,-178.2100067,1.470000029
28.78,5317,-4726,5305,-4720,494,1766,1820,1525,0.959999979,-5.699999809,-6.380000114,-0.050000001,-0.079999998,-0.699999988,-178.2799988,1.639999986
28.79,5363,-4703,5378,-4724,494,1682,1918,1653,-3.519999981,-7.960000038,1,0.319999993,-0.090000004,-0.74000001,-178.3200073,1.659999967
28.8,5400,-4694,5342,-4611,494,1721,2069,1592,-0.090000004,-9.029999733,2.430000067,0.319999993,-0.090000004,-0.74000001,-178.4299927,1.480000019
28.81,5389,-4670,5391,-4700,494,1773,2047,1729,-1.75,-6.349999905,2.059999943,0.150000006,0.029999999,-0.779999971,-178.4400024,1.370000005
28.82,5458,-4690,5372,-4655,494,1802,2034,1844,-0.239999995,-4.659999847,-0.209999993,0.150000006,0.029999999,-0.779999971,-178.4799957,1.179999948
28.83,5370,-4713,5376,-4632,494,1758,2122,1828,-5.96999979,-2.900000095,0.5,-0.449999988,-0.050000001,-0.889999986,-178.5200043,1.200000048
28.84,5466,-4741,5393,-4700,494,1739,2248,1744,0.829999983,-7,1.559999943,-0.449999988,-0.050000001,-0.889999986,-178.5399933,1.549999952
28.85,5431,-4666,5454,-4666,495,1771,2341,1733,-4.630000114,-8.06000042,5.099999905,-0.01,0.039999999,-0.980000019,-178.5399933,1.549999952
28.86,5606,-4649,5410,-4548,495,1846,2350,1733,-0.449999988,-9.119999886,2.789999962,-0.01,0.039999999,-0.980000019,-178.5099945,1.769999981
28.87,5517,-4574,5476,-4614,495,1800,2276,1753,-3.74000001,-10.14000034,-1.940000057,0.310000002,0.029999999,-1,-178.5,1.730000019
28.88,5558,-4663,5469,-4583,494,1848,2266,1838,-3.200000048,-9.619999886,0.389999986,0.310000002,0.029999999,-1,-178.4600067,1.429999948
28.89,5529,-4723,5505,-4565,494,1838,2266,1898,-1.980000019,-8.170000076,2.569999933,-0.109999999,0.02,-1.070000052,-178.4600067,1.360000014
28.9,5456,-4753,5528,-4695,493,1834,2226,1713,-5.630000114,-6.889999866,2.599999905,-0.109999999,0.02,-1.070000052,-178.3999939,1.379999995
28.91,5654,-4705,5525,-4640,492,1853,2182,1639,1.379999995,-5.130000114,5.5,-0.259999991,-0.050000001,-1.169999957,-178.3899994,1.450000048
28.92,5563,-4703,5633,-4618,492,1794,2061,1537,-5.559999943,-8.5,0.01,-0.259999991,-0.050000001,-1.169999957,-178.3699951,1.710000038
28.93,5697,-4693,5569,-4623,493,1694,1998,1510,2.559999943,-7.059999943,-2.309999943,-0.100000002,-0.109999999,-1.24000001,-178.3600006,1.75999999
28.94,5610,-4671,5645,-4632,492,1671,1984,1518,0.569999993,-8.090000153,1.909999967,-0.100000002,-0.109999999,-1.24000001,-178.4499969,1.850000024
28.95,5723,-4688,5670,-4628,493,1667,2048,1630,6.03000021,-7.570000172,-6.340000153,0.050000001,-0.01,-1.25,-178.4400024,1.850000024
28.96,5607,-4705,5673,-4635,493,1653,2122,1614,4.869999886,-11.63000011,3.980000019,0.050000001,-0.01,-1.25,-178.5599976,1.850000024
28.97,5709,-4706,5656,-4640,493,1676,2136,1632,4.960000038,-10.63000011,-6.239999771,0.200000003,-0.01,-1.220000029,-178.5700073,1.830000043
28.98,5722,-4657,5674,-4632,493,1699,2115,1633,7.519999981,-10.42000008,-2.329999924,0.200000003,-0.01,-1.220000029,-178.6499939,1.690000057
28.99,5636,-4725,5683,-4719,493,1711,2105,1642,1.159999967,-7.800000191,-4.119999886,0.209999993,-0.029999999,-1.169999957,-178.6699982,1.620000005
29,5685,-4746,5644,-4709,493,1680,2107,1692,7.5,-9.930000305,-4.369999886,0.209999993,-0.029999999,-1.169999957,-178.7200012,1.429999948
29.01,5646,-4763,5716,-4743,492,1680,2093,1692,-0.810000002,-6.960000038,1.129999995,0.109999999,-0.039999999,-1.120000005,-178.75,1.389999986
29.02,5659,-4775,5585,-4791,491,1706,2109,1716,3.960000038,-7.070000172,-2.75,0.109999999,-0.039999999,-1.120000005,-178.8000031,1.299999952
29.03,5548,-4855,5633,-4817,491,1692,2113,1752,1.039999962,-10.36999989,2.650000095,0.059999999,0,-1.00999999,-178.8300018,1.289999962
29.04,5570,-4828,5641,-4838,493,1700,2098,1808,0.75,-11.98999977,3.829999924,0.059999999,0,-1.00999999,-178.8600006,1.210000038
29.05,5554,-4938,5555,-4891,493,1725,2087,1891,0.949999988,-12.43999958,0.720000029,0.129999995,-0.02,-0.980000019,-178.8600006,1.210000038
29.06,5457,-4893,5585,-4887,491,1729,2076,1923,0.119999997,-10.63000011,0.769999981,0.140000001,-0.02,-0.870000005,-178.8899994,1.070000052
29.07,5534,-5034,5529,-4998,493,1759,2036,1918,3.190000057,-8.149999619,0.680000007,0.180000007,-0.050000001,-0.699999988,-178.8999939,1.019999981
29.08,5425,-5021,5501,-4982,491,1783,2036,1921,3.039999962,-7.929999828,-0.839999974,0.180000007,-0.050000001,-0.699999988,-178.9299927,0.899999976
29.09,5484,-5081,5468,-5089,491,1832,2013,1954,6.210000038,-6.929999828,1.889999986,0.150000006,0.050000001,-0.519999981,-178.9100037,0.850000024
29.1,5314,-5112,5429,-5096,492,1843,1990,2024,5.53000021,-7.199999809,2.980000019,0.150000006,0.050000001,-0.519999981,-178.9199982,0.730000019
29.11,5494,-5177,5424,-5155,490,1848,1962,2066,4.099999905,-5.300000191,-2.309999943,-0.050000001,0.039999999,-0.349999994,-178.9100037,0.689999998
29.12,5300,-5146,5348,-5143,490,1847,1931,2026,7.579999924,-4.039999962,-1.200000048,-0.050000001,0.039999999,-0.349999994,-178.9100037,0.709999979
29.13,5368,-5216,5339,-5210,489,1876,1908,2014,2.049999952,-3.029999971,-1.450000048,0.119999997,0.029999999,-0.189999998,-178.8999939,0.720000029
29.14,5314,-5224,5350,-5229,489,1931,1912,2015,7.559999943,-3.150000095,-4.429999828,0.119999997,0.029999999,-0.189999998,-178.8800049,0.680000007
29.15,5369,-5275,5372,-5320,489,1962,1898,2025,-0.839999974,-2.099999905,-2.74000001,0.289999992,0.029999999,-0.090000004,-178.8800049,0.620000005
29.16,5287,-5238,5361,-5283,489,1962,1871,2025,5.860000134,0,-3.039999962,0.289999992,0.029999999,-0.090000004,-178.8699951,0.379999995
29.17,5319,-5369,5344,-5355,489,2021,1844,2099,3.890000105,1.070000052,-0.759999991,0.129999995,-0.01,-0.059999999,-178.8699951,0.189999998
29.18,5296,-5343,5358,-5313,489,2098,1838,2111,3.890000105,1.070000052,-0.759999991,0.129999995,-0.01,-0.059999999,-178.8699951,0.189999998
29.19,5230,-5361,5336,-5365,490,2271,1842,2103,-4.099999905,3.130000114,4.409999847,-0.02,-0.029999999,-0.01,-178.8699951,0.170000002
29.2,5312,-5358,5312,-5393,490,2360,1858,2072,2.549999952,2.579999924,-1.149999976,-0.02,-0.029999999,-0.01,-178.8600006,0.200000003
29.21,5269,-5341,5356,-5377,490,2397,1874,2081,-3.549999952,3.480000019,1.850000024,0.059999999,-0.050000001,0.079999998,-178.8600006,0.209999993
29.22,5311,-5462,5289,-5451,490,2374,1893,2091,0.079999998,0.5,-0.449999988,0.059999999,-0.050000001,0.079999998,-178.8800049,0.180000007
29.23,5208,-5384,5306,-5416,490,2332,1897,2092,-4.059999943,2.24000001,1.220000029,0.209999993,-0.02,0.129999995,-178.8899994,0.140000001
29.24,5323,-5536,5286,-5469,489,2313,1865,2104,-2.019999981,0.5,-0.059999999,0.209999993,-0.02,0.129999995,-178.8899994,0
29.25,5217,-5393,5298,-5441,493,2315,1849,2120,-3.190000057,0.980000019,3.900000095,0,0,0.200000003,-178.8899994,0
29.26,5256,-5497,5260,-5530,491,2289,1828,2110,-1.679999948,2.049999952,4.590000153,0,0,0.200000003,-178.8600006,-0.119999997
29.27,5198,-5463,5211,-5479,490,2263,1791,2099,0.349999994,1.210000038,4.21999979,-0.029999999,0.090000004,0.230000004,-178.8300018,-0.119999997
29.28,5251,-5532,5203,-5535,491,2259,1662,2114,-2.529999971,3.960000038,1.50999999,0.039999999,0.090000004,0.300000012,-178.7700043,-0.150000006
29.29,5212,-5525,5172,-5574,491,2253,1594,2091,2.670000076,2.50999999,-1.559999943,0.100000002,0.050000001,0.409999996,-178.7400055,-0.170000002
29.3,5175,-5579,5185,-5616,490,2272,1564,2109,0.25,5.510000229,0.949999988,0.100000002,0.050000001,0.409999996,-178.6799927,-0.289999992
29.31,5186,-5581,5177,-5600,490,2287,1557,2101,3.50999999,4.039999962,-1.600000024,0.02,0.07,0.5,-178.6499939,-0.310000002
29.32,5168,-5602,5170,-5647,490,2279,1556,2100,1.549999952,5.329999924,1.019999981,0.02,0.07,0.5,-178.6199951,-0.379999995
29.33,5103,-5698,5124,-5667,491,2283,1555,2087,5.239999771,4.679999828,-4.78000021,0.090000004,0.079999998,0.600000024,-178.6000061,-0.400000006
29.34,5146,-5672,5131,-5764,491,2346,1563,2108,1.379999995,5.510000229,-2.75999999,0.090000004,0.079999998,0.600000024,-178.5700073,-0.469999999
29.35,5117,-5743,5099,-5775,491,2372,1569,2163,4.329999924,4.639999866,-2.940000057,0.02,0.059999999,0.680000007,-178.5599976,-0.509999991
29.36,5102,-5675,5107,-5793,491,2368,1564,2307,2.00999999,6.5,2.210000038,0.02,0.059999999,0.680000007,-178.5399933,-0.600000024
29.37,5025,-5811,5035,-5777,492,2342,1566,2385,1.649999976,5.5,-0.25,-0.219999999,0.07,0.75,-178.5500031,-0.610000014
29.38,5123,-5778,5070,-5772,492,2339,1595,2409,4.199999809,6.579999924,0.289999992,-0.219999999,0.07,0.75,-178.5099945,-0.479999989
29.39,5094,-5767,5077,-5773,492,2349,1595,2390,-1.210000038,7.679999828,0.959999979,-0.07,0.100000002,0.829999983,-178.4900055,-0.430000007
29.4,5089,-5853,5062,-5795,492,2376,1584,2343,2.099999905,6.670000076,-2.549999952,-0.07,0.100000002,0.829999983,-178.4100037,-0.319999993
29.41,5091,-5802,5034,-5823,491,2375,1553,2321,-2.869999886,7.869999886,-1.289999962,0.140000001,0.02,0.889999986,-178.3999939,-0.330000013
29.42,5150,-5817,5057,-5822,491,2357,1515,2301,-0.479999989,6.590000153,-2.549999952,0.140000001,0.02,0.889999986,-178.3200073,-0.469999999
29.43,5096,-5899,5034,-5871,493,2367,1397,2251,-1.75999999,8.119999886,3.029999971,0.109999999,-0.01,0.949999988,-178.3099976,-0.509999991
29.44,5079,-5882,5072,-5876,491,2429,1351,2198,-1.590000033,6.860000134,-3.319999933,0.109999999,-0.01,0.949999988,-178.2700043,-0.600000024
29.45,5100,-5917,5028,-5922,490,2531,1339,2158,-0.209999993,8.590000153,2.589999914,-0.050000001,-0.100000002,1.019999981,-178.2700043,-0.600000024
29.46,5104,-5898,5072,-5926,489,2536,1358,2136,-0.180000007,9.420000076,1.120000005,-0.050000001,-0.100000002,1.019999981,-178.3099976,-0.610000014
29.47,5089,-5986,5020,-5929,489,2504,1397,2122,1.659999967,9.859999657,-0.680000007,-0.050000001,-0.079999998,1.029999971,-178.3099976,-0.600000024
29.48,5099,-5912,5051,-5968,490,2490,1439,2131,1.269999981,9.479999542,0.170000002,-0.050000001,-0.079999998,1.029999971,-178.4199982,-0.560000002
29.49,5127,-5940,5074,-5927,490,2499,1493,2145,2.910000086,8.079999924,-4.119999886,0.01,-0.029999999,1,-178.4400024,-0.560000002
29.5,5055,-5987,5052,-5950,490,2569,1503,2170,0.02,9.979999542,0.540000022,0.01,-0.029999999,1,-178.5399933,-0.629999995
29.51,5096,-5929,5070,-5936,490,2577,1520,2220,0.159999996,9.420000076,-2.309999943,0.039999999,-0.140000001,1,-178.5899963,-0.649999976
29.52,5092,-5990,5122,-5908,490,2570,1553,2215,-0.769999981,10.48999977,0.540000022,-0.140000001,-0.119999997,0.980000019,-178.6799927,-0.620000005
29.53,5144,-5941,5110,-5941,490,2555,1595,2211,0.800000012,10.43000031,3.00999999,-0.100000002,-0.079999998,0.980000019,-178.6999969,-0.589999974
29.54,5124,-5873,5108,-5889,490,2530,1676,2198,-0.129999995,10.11999989,1.120000005,-0.109999999,-0.07,0.939999998,-178.7700043,-0.479999989
29.55,5195,-5922,5109,-5838,490,2520,1690,2195,1.470000029,10.31999969,1.620000005,-0.079999998,-0.01,0.889999986,-178.7799988,-0.449999988
29.56,5246,-5858,5159,-5851,490,2542,1690,2166,1.179999948,8.840000153,0.829999983,-0.079999998,-0.01,0.889999986,-178.7899933,-0.379999995
29.57,5256,-5892,5167,-5914,490,2563,1691,2144,2.74000001,9.539999962,0.800000012,-0.050000001,0.01,0.829999983,-178.7799988,-0.349999994
29.58,5205,-5837,5207,-5828,492,2586,1706,2108,2.839999914,7.96999979,-0.779999971,-0.050000001,0.01,0.829999983,-178.7799988,-0.270000011
29.59,5355,-5889,5197,-5889,491,2597,1755,2053,2.099999905,7.619999886,0.400000006,-0.100000002,-0.01,0.74000001,-178.7799988,-0.25
29.6,5303,-5821,5273,-5824,491,2523,1757,1999,3.519999981,5.360000134,-0.970000029,-0.100000002,-0.01,0.74000001,-178.8200073,-0.170000002
29.61,5303,-5767,5307,-5845,491,2417,1754,2006,0.159999996,6.110000134,-2.380000114,-0.050000001,-0.039999999,0.610000014,-178.8399963,-0.150000006
29.62,5324,-5800,5345,-5780,491,2317,1769,2027,3.630000114,4.570000172,-4.829999924,-0.050000001,-0.039999999,0.610000014,-178.9100037,-0.090000004
29.63,5400,-5686,5380,-5760,494,2229,1789,2011,-1.629999995,6.21999979,-1.25,0,-0.090000004,0.569999993,-178.9299927,-0.090000004
29.64,5360,-5755,5401,-5726,494,2153,1829,1992,2.369999886,4.590000153,-2.269999981,-0.07,0,0.449999988,-178.9400024,-0.02
29.65,5361,-5725,5438,-5642,493,1967,1831,1988,-1.350000024,3.960000038,3.079999924,-0.029999999,0.079999998,0.319999993,-178.9400024,-0.02
29.66,5483,-5677,5440,-5651,493,1891,1826,2020,1.75,2.5,-0.01,-0.029999999,0.079999998,0.319999993,-178.8699951,0.050000001
29.67,5435,-5621,5519,-5646,493,1821,1810,2112,0.219999999,3.25999999,2.190000057,-0.140000001,0.230000004,0.170000002,-178.8200073,0.059999999
29.68,5507,-5569,5505,-5572,493,1788,1797,2112,0.140000001,1.879999995,4.289999962,-0.140000001,0.230000004,0.170000002,-178.6600037,0.129999995
29.69,5530,-5583,5551,-5519,494,1816,1801,2109,-1.159999967,1.169999957,0.439999998,-0.270000011,0.209999993,0.029999999,-178.6000061,0.180000007
29.7,5696,-5515,5615,-5546,493,1975,1818,1984,-2.25,0.449999988,0.140000001,-0.270000011,0.209999993,0.029999999,-178.3999939,0.340000004
29.71,5572,-5548,5609,-5564,493,2014,1810,1901,-2.089999914,-1.5,-1.080000043,-0.170000002,0.050000001,-0.079999998,-178.3600006,0.419999987
29.72,5693,-5486,5667,-5513,493,2000,1800,1836,-3.349999905,-1.940000057,-2.569999933,-0.170000002,0.050000001,-0.079999998,-178.2299957,0.560000002
29.73,5725,-5530,5696,-5576,493,1988,1801,1856,0.349999994,-2.130000114,-1.220000029,-0.059999999,0.01,-0.170000002,-178.1999969,0.589999974
29.74,5655,-5547,5725,-5516,494,1999,1839,1870,-2.109999895,-2.910000086,0.589999974,-0.059999999,0.01,-0.170000002,-178.1600037,0.660000026
29.75,5746,-5552,5691,-5536,494,2016,1862,1900,0.879999995,-2.980000019,-1.929999948,-0.079999998,-0.02,-0.219999999,-178.1399994,0.660000026
29.76,5709,-5530,5760,-5587,494,1979,1905,1951,-0.280000001,-2.859999895,3.039999962,-0.079999998,-0.02,-0.219999999,-178.1600037,0.689999998
29.77,5729,-5487,5747,-5489,494,1969,1975,1984,1.470000029,-1.950000048,-1.289999962,-0.109999999,-0.01,-0.259999991,-178.1600037,0.709999979
29.78,5691,-5590,5689,-5539,494,1974,2035,1936,0.150000006,-3.559999943,0.759999991,-0.109999999,-0.01,-0.259999991,-178.1699982,0.819999993
29.79,5743,-5521,5780,-5503,494,1952,1999,1867,2.630000114,-4.139999866,3.299999952,-0.07,0,-0.259999991,-178.1699982,0.839999974
29.8,5734,-5521,5755,-5508,494,1948,1960,1817,1.049999952,-4.829999924,0.479999989,0.100000002,0,-0.289999992,-178.1699982,0.819999993
29.81,5759,-5522,5785,-5509,494,1901,1920,1767,0.509999991,-4.159999847,-1.769999981,0,-0.059999999,-0.360000014,-178.1699982,0.800000012
29.82,5876,-5532,5868,-5478,494,1847,1921,1694,0.99000001,-2.849999905,-1.820000052,0,-0.059999999,-0.360000014,-178.2400055,0.769999981
29.83,5777,-5456,5864,-5504,495,1818,1972,1630,-1.399999976,-3.349999905,-3.460000038,0.050000001,-0.100000002,-0.449999988,-178.2799988,0.800000012
29.84,5905,-5442,5898,-5486,495,1816,2018,1630,-0.029999999,-3.809999943,-3.630000114,0.050000001,-0.100000002,-0.449999988,-178.3699951,0.810000002
29.85,5892,-5451,5872,-5435,495,1836,2029,1513,-1.690000057,-4.840000153,-0.239999995,0.090000004,-0.109999999,-0.550000012,-178.4199982,0.810000002
29.86,5941,-5412,5943,-5431,494,1835,2044,1530,-1.940000057,-4.510000229,-1.350000024,0.090000004,-0.109999999,-0.550000012,-178.5200043,0.709999979
29.87,5935,-5400,5910,-5397,495,1813,2096,1688,-2.539999962,-4.340000153,-2.289999962,-0.07,-0.150000006,-0.629999995,-178.5700073,0.689999998
29.88,5949,-5389,5977,-5371,492,1783,2135,1688,-2.930000067,-6.630000114,1.74000001,-0.07,-0.150000006,-0.629999995,-178.6799927,0.720000029
29.89,5956,-5402,5947,-5352,494,1763,2145,1749,1.25,-7.590000153,5.730000019,0.039999999,-0.02,-0.680000007,-178.6999969,0.730000019
29.9,5960,-5313,5958,-5368,494,1875,2154,1835,-2.210000038,-7.099999905,3.569999933,0.039999999,-0.02,-0.680000007,-178.7299957,0.709999979
29.91,5971,-5354,5998,-5299,494,1937,2173,1827,2.910000086,-6.190000057,0.730000019,0,0.07,-0.779999971,-178.7200012,0.680000007
29.92,5998,-5348,6029,-5265,494,1880,2177,1769,-0.649999976,-5.960000038,4.820000172,0,0.07,-0.779999971,-178.6999969,0.670000017
29.93,5910,-5327,5952,-5290,494,1874,2158,1716,1.720000029,-6.710000038,1.549999952,-0.119999997,0.039999999,-0.810000002,-178.6900024,0.709999979
29.94,6079,-5291,6087,-5231,494,1862,2159,1716,1.320000052,-5.889999866,0.800000012,-0.180000007,0.109999999,-0.879999995,-178.6399994,0.870000005
29.95,5988,-5264,6050,-5209,494,1945,2177,1756,-1.570000052,-6.599999905,-3.099999905,-0.01,0.059999999,-0.970000029,-178.6399994,0.870000005
29.96,6002,-5216,6041,-5207,494,2003,2219,1603,-1.929999948,-7.739999771,-0.949999988,-0.01,0.059999999,-0.970000029,-178.5899963,1
29.97,6095,-5196,6103,-5156,494,1959,2221,1640,-2.799999952,-8.760000229,2.519999981,-0.029999999,0.02,-1.080000043,-178.5899963,1
29.98,6072,-5205,6105,-5134,494,2035,2194,1640,-3.819999933,-9.279999733,1.029999971,-0.029999999,0.02,-1.080000043,-178.5299988,1.019999981
29.99,6199,-5177,6115,-5082,494,1962,2185,1587,-1.919999957,-7.980000019,2.960000038,-0.039999999,0,-1.190000057,-178.5099945,1.029999971
30,6171,-5158,6182,-5145,494,2009,2172,1477,-0.550000012,-7.880000114,0.560000002,-0.039999999,0,-1.190000057,-178.5099945,1.149999976
30.01,6185,-5151,6160,-5099,493,1948,2143,1438,0.610000014,-6.300000191,0.140000001,0.090000004,0.02,-1.269999981,-178.5,1.169999957
30.02,6179,-5136,6138,-5060,493,1943,2124,1338,0.980000019,-5.909999847,-1.110000014,0.090000004,0.02,-1.269999981,-178.5399933,1.220000029
30.03,6201,-5123,6207,-5079,492,1888,2140,1385,1.909999967,-6.900000095,-3.619999886,0.079999998,-0.01,-1.309999943,-178.5700073,1.25999999
30.04,6166,-5133,6201,-5066,494,1822,2166,1392,3.369999886,-8.770000458,-2.609999895,0.079999998,-0.01,-1.309999943,-178.6600037,1.279999971
30.05,6207,-5096,6188,-5040,494,1792,2147,1450,-2.099999905,-10.81000042,-1.299999952,0.219999999,-0.039999999,-1.289999962,-178.6999969,1.289999962
30.06,6194,-5121,6207,-5089,494,1761,2134,1472,2.460000038,-8.020000458,-4.409999847,0.219999999,-0.039999999,-1.289999962,-178.7700043,1.129999995
30.07,6179,-5114,6260,-5067,494,1732,2124,1502,-2.519999981,-12.39000034,1.340000033,0.129999995,-0.050000001,-1.269999981,-178.8099976,1.090000033
30.08,6243,-5134,6188,-5123,494,1702,2121,1484,-0.230000004,-9.18999958,-0.239999995,0.129999995,-0.050000001,-1.269999981,-178.8600006,0.910000026
30.09,6128,-5133,6199,-5077,495,1679,2119,1568,-0.649999976,-7.739999771,0.519999981,0.180000007,0,-1.269999981,-178.8600006,0.870000005
30.1,6162,-5121,6198,-5098,494,1652,2120,1578,-1.519999981,-8.43999958,0.280000001,0.01,0.02,-1.279999971,-178.8899994,0.870000005
30.11,6088,-5083,6136,-5069,493,1651,2129,1645,1.559999943,-8.109999657,2.920000076,-0.159999996,0.079999998,-1.299999952,-178.8899994,0.910000026
30.12,6243,-5118,6160,-5092,493,1641,2149,1600,-1.899999976,-8.930000305,1.99000001,-0.159999996,0.079999998,-1.299999952,-178.8600006,1.110000014
30.13,6149,-5096,6178,-5051,495,1658,2175,1575,-0.140000001,-10.64000034,0.509999991,-0.180000007,0.059999999,-1.309999943,-178.8500061,1.169999957
30.14,6142,-5042,6174,-5063,495,1658,2181,1551,-4.230000019,-9.56000042,-0.949999988,0.039999999,0.039999999,-1.299999952,-178.8200073,1.24000001
30.15,6175,-5021,6214,-5042,493,1654,2152,1563,2.670000076,-13.40999985,2.980000019,0.170000002,0.050000001,-1.289999962,-178.8200073,1.24000001
30.16,6139,-5079,6189,-5047,494,1660,2132,1627,-4.309999943,-10.64999962,1.190000057,0.170000002,0.050000001,-1.289999962,-178.75,1.129999995
30.17,6146,-5090,6194,-5025,494,1600,2090,1615,4.849999905,-11.30000019,-0.119999997,0.109999999,0.100000002,-1.289999962,-178.7100067,1.070000052
30.18,6140,-5016,6242,-5069,493,1570,2039,1677,0.209999993,-12.31999969,4.159999847,0.109999999,0.100000002,-1.289999962,-178.6600037,0.939999998
30.19,6097,-4939,6159,-5055,494,1570,2008,1687,5.570000172,-9.069999695,-6.389999866,0.039999999,0.170000002,-1.320000052,-178.6100006,0.870000005
30.2,6144,-5010,6245,-5022,493,1702,2007,1721,0.769999981,-12.59000015,-0.02,0.039999999,0.170000002,-1.320000052,-178.5500031,0.790000022
30.21,6182,-5090,6238,-5063,493,1712,2051,1644,0.870000005,-8.609999657,-5.929999828,-0.209999993,0.01,-1.409999967,-178.5299988,0.779999971
30.22,6099,-5117,6211,-5035,494,1756,2060,1628,1,-12.40999985,-2.559999943,-0.209999993,0.01,-1.409999967,-178.4900055,0.910000026
30.23,6258,-5050,6265,-4973,494,1724,2053,1521,0.639999986,-10.06999969,-1.100000024,-0.129999995,0,-1.440000057,-178.4900055,0.959999979
30.24,6173,-5033,6266,-5028,494,1733,2048,1522,0.639999986,-13.02999973,-2.180000067,-0.129999995,0,-1.440000057,-178.4799957,1.120000005
30.25,6202,-4998,6225,-4979,494,1639,2047,1510,0.610000014,-10.27999973,-2.200000048,0.090000004,-0.02,-1.470000029,-178.4799957,1.120000005
30.26,6187,-5004,6249,-4983,494,1630,2056,1490,3.839999914,-11.44999981,0.029999999,0.090000004,-0.02,-1.470000029,-178.5,1.129999995
30.27,6262,-4957,6244,-4980,493,1669,2061,1503,0.419999987,-9.409999847,-1.309999943,0.200000003,0.01,-1.49000001,-178.4799957,1.110000014
30.28,6244,-4978,6286,-4973,494,1697,2070,1515,4.130000114,-8.050000191,0.340000004,0.200000003,0.01,-1.49000001,-178.5,0.959999979
30.29,6262,-4915,6293,-4944,494,1697,2072,1523,0.259999991,-10.14999962,0.330000013,0.07,0.01,-1.5,-178.5099945,0.959999979
30.3,6220,-4935,6232,-4911,494,1755,2082,1539,5.199999809,-6.070000172,0.99000001,0.07,0.100000002,-1.50999999,-178.4900055,0.860000014
30.31,6037,-4919,6253,-4924,494,1779,2131,1519,-2.539999962,-13.23999977,0.159999996,-0.219999999,0.029999999,-1.50999999,-178.5200043,0.910000026
30.32,6121,-4947,6271,-4968,495,1809,2172,1473,2.25999999,-9.420000076,1.269999981,-0.219999999,0.029999999,-1.50999999,-178.5,0.970000029
30.33,6104,-4938,6252,-4938,495,1828,2172,1417,-2.069999933,-12.67000008,3.180000067,-0.259999991,0.050000001,-1.580000043,-178.5,1.049999952
30.34,6252,-4901,6225,-5020,496,1839,2194,1347,-3.720000029,-16.17000008,-0.720000029,-0.259999991,0.050000001,-1.580000043,-178.4600067,1.309999943
30.35,6065,-4845,6312,-4978,496,1820,2190,1278,-3.980000019,-13.89000034,-1.549999952,0.159999996,-0.059999999,-1.590000033,-178.4600067,1.309999943
30.36,6265,-4848,6341,-5046,495,1825,2160,1252,-4.289999962,-13.28999996,-3.839999914,0.159999996,-0.059999999,-1.590000033,-178.4799957,1.25999999
30.37,6187,-4813,6387,-5055,494,1852,2140,1213,-2.130000114,-8.859999657,0,0.300000012,-0.059999999,-1.669999957,-178.4900055,1.179999948
30.38,6299,-4852,6424,-4972,495,1894,2111,1201,-5.409999847,-6.96999979,-0.349999994,0.300000012,-0.059999999,-1.669999957,-178.5200043,0.930000007
30.39,6290,-4827,6445,-4909,495,1930,2096,1290,-1.75999999,-7.179999828,-0.469999999,0.109999999,-0.200000003,-1.75999999,-178.5599976,0.870000005
30.4,6316,-4838,6422,-4865,496,1911,2097,1386,-4.320000172,-9.510000229,1.25,0.109999999,-0.200000003,-1.75999999,-178.6600037,0.680000007
30.41,6302,-4805,6382,-4821,494,1887,2113,1441,2.940000057,-8.199999809,2.049999952,-0.270000011,-0.170000002,-1.809999943,-178.6999969,0.649999976
30.42,6215,-4805,6347,-4834,495,1824,2134,1469,-0.189999998,-11.34000015,4.46999979,-0.270000011,-0.170000002,-1.809999943,-178.8399963,0.810000002
30.43,6166,-4723,6360,-4843,495,1787,2164,1465,4.929999828,-10.01000023,-1.789999962,-0.189999998,-0.100000002,-1.799999952,-178.8600006,0.870000005
30.44,6117,-4720,6333,-4835,495,1763,2192,1457,0.49000001,-14.88000011,2.74000001,-0.189999998,-0.100000002,-1.799999952,-178.9799957,1.059999943
30.45,6211,-4677,6398,-4805,495,1741,2210,1466,5,-11.97000027,-4.909999847,0.109999999,-0.059999999,-1.75999999,-179,1.080000043
30.46,6071,-4686,6405,-4760,496,1732,2164,1454,3.069999933,-10.22000027,-0.790000022,0.109999999,-0.059999999,-1.75999999,-179.0700073,1.059999943
30.47,6236,-4585,6375,-4763,494,1747,2113,1456,4.179999828,-9.199999809,2.019999981,0.02,0.02,-1.789999962,-179.0700073,1.029999971
30.48,6067,-4627,6244,-4786,495,1753,2136,1459,1.610000014,-6.150000095,0.610000014,0.02,0.02,-1.789999962,-179.1000061,1
30.49,6129,-4647,6285,-4739,495,1776,2217,1454,2.309999943,-5.900000095,-0.720000029,-0.129999995,0.02,-1.809999943,-179.1000061,1.039999962
30.5,6122,-4601,6276,-4741,495,1784,2305,1457,3.769999981,-16.18000031,0.910000026,-0.129999995,0.02,-1.809999943,-179.1300049,1.230000019
30.51,6045,-4548,6270,-4742,494,1793,2347,1455,0.800000012,-10.48999977,1.049999952,0.07,0.079999998,-1.789999962,-179.1100006,1.230000019
30.52,6096,-4552,6262,-4732,494,1811,2317,1452,5.789999962,-12.76000023,0.790000022,0.07,0.079999998,-1.789999962,-179.0800018,1.25999999
30.53,6052,-4548,6350,-4705,495,1805,2317,1461,-2.349999905,-9.289999962,-0.330000013,0.02,0.100000002,-1.799999952,-179.0599976,1.230000019
30.54,6030,-4532,6296,-4762,494,1821,2275,1453,4.090000153,-12.27999973,-1.950000048,0.02,0.100000002,-1.799999952,-179,1.169999957
30.55,6046,-4508,6327,-4674,494,1832,2254,1446,-4.539999962,-9.670000076,-3.200000048,-0.090000004,0.02,-1.870000005,-178.9799957,1.129999995
30.56,6050,-4510,6347,-4722,495,1851,2215,1415,-0.460000008,-12.52999973,-2.289999962,-0.090000004,0.02,-1.870000005,-178.9400024,1.139999986
30.57,5945,-4500,6354,-4672,494,1863,2204,1399,-3.75999999,-7.389999866,-0.779999971,0.029999999,-0.07,-1.950000048,-178.9299927,1.120000005
30.58,6039,-4454,6361,-4735,495,1841,2204,1387,-1.059999943,-10.31000042,-0.860000014,0.029999999,-0.07,-1.950000048,-178.9400024,1.159999967
30.59,5995,-4421,6380,-4688,494,1846,2204,1360,-0.5,-6.110000134,2.720000029,0.100000002,-0.090000004,-2.019999981,-178.9400024,1.159999967
30.6,6060,-4392,6380,-4697,495,1829,2204,1370,2.380000114,-8.050000191,3.00999999,0.100000002,-0.090000004,-2.019999981,-179,1.139999986
30.61,5980,-4367,6476,-4669,494,1823,2200,1370,0.029999999,-6.320000172,-0.800000012,0.07,-0.029999999,-2.109999895,-178.9900055,1.120000005
30.62,6120,-4328,6460,-4694,495,1819,2172,1402,2.230000019,-6.739999771,-0.720000029,0.07,-0.029999999,-2.109999895,-179.0700073,1.059999943
30.63,6058,-4312,6427,-4601,494,1807,2172,1429,-2.319999933,-7.210000038,-4.409999847,0.01,-0.140000001,-2.200000048,-179.1100006,1.059999943
30.64,6037,-4290,6405,-4616,494,1807,2185,1447,-1.120000005,-7.25,-4.239999771,0.01,-0.140000001,-2.200000048,-179.2200012,1.039999962
30.65,6082,-4252,6319,-4643,495,1781,2191,1468,0.920000017,-8.029999733,3.019999981,0.029999999,-0.170000002,-2.25999999,-179.2700043,1.049999952
30.66,5980,-4255,6308,-4624,495,1762,2196,1462,0.129999995,-8.380000114,0.930000007,0.029999999,-0.170000002,-2.25999999,-179.4100037,1.070000052
30.67,6000,-4197,6296,-4667,495,1727,2226,1490,4.039999962,-9.619999886,3.450000048,0.029999999,-0.039999999,-2.25999999,-179.4299927,1.070000052
30.68,5932,-4173,6226,-4637,495,1659,2243,1527,3.549999952,-11.21000004,4.21999979,0.07,-0.079999998,-2.25,-179.5599976,1.039999962
30.69,5802,-4201,6210,-4685,495,1637,2243,1531,4.119999886,-12.06999969,-3.019999981,0.100000002,0,-2.210000038,-179.5800018,1.00999999
30.7,5847,-4218,6236,-4679,494,1625,2230,1576,2.950000048,-10.48999977,-1.830000043,0.100000002,0,-2.210000038,-179.6499939,0.910000026
30.71,5708,-4206,6121,-4759,495,1637,2216,1611,2.839999914,-10.14000034,-2.519999981,0.180000007,0,-2.130000114,-179.6600037,0.850000024
30.72,5715,-4199,6109,-4775,494,1644,2180,1661,0.479999989,-9.180000305,-1.889999986,0.180000007,0,-2.130000114,-179.6699982,0.699999988
30.73,5604,-4288,6060,-4928,495,1734,2140,1694,5.230000019,-10.43999958,3.130000114,0.170000002,0.039999999,-1.960000038,-179.6699982,0.649999976
30.74,5674,-4275,5979,-4918,495,1760,2076,1748,1.389999986,-8.350000381,4.170000076,0.170000002,0.039999999,-1.960000038,-179.6300049,0.460000008
30.75,5535,-4360,5953,-4997,494,1800,2014,1748,4.920000076,-7.96999979,-1.389999986,0.150000006,0.090000004,-1.720000029,-179.6100006,0.379999995
30.76,5511,-4434,5794,-5009,494,1849,1965,1782,3.349999905,-7.320000172,0.899999976,0.150000006,0.090000004,-1.720000029,-179.5599976,0.200000003
30.77,5510,-4483,5672,-5146,494,1882,1963,1817,3.430000067,-7.840000153,-3.50999999,-0.039999999,0.050000001,-1.450000048,-179.5399933,0.150000006
30.78,5461,-4578,5556,-5207,495,1985,1963,1838,2.109999895,-9.590000153,-0.289999992,-0.039999999,0.050000001,-1.450000048,-179.4700012,0.100000002
30.79,5350,-4579,5504,-5280,495,2011,1971,1836,4.239999771,-9.81000042,0.059999999,-0.02,0.109999999,-1.179999948,-179.4499969,0.100000002
30.8,5401,-4646,5381,-5307,495,2038,1973,1842,1.690000057,-9.829999924,1.460000038,-0.02,0.109999999,-1.179999948,-179.3399963,0.100000002
30.81,5347,-4684,5270,-5372,495,2062,1975,1830,2.950000048,-10.10000038,-0.449999988,0,0.07,-0.930000007,-179.3200073,0.109999999
30.82,5243,-4756,5208,-5394,494,2075,1983,1839,0.959999979,-10.88000011,0.99000001,0,0.07,-0.930000007,-179.2200012,0.100000002
30.83,5271,-4745,5102,-5486,495,2097,1986,1806,3.089999914,-9.960000038,1.419999957,0,0.109999999,-0.879999995,-179.1900024,0.100000002
30.84,5287,-4811,5099,-5455,494,2110,1983,1807,1.639999986,-12.07999992,-0.180000007,-0.029999999,0.059999999,-0.720000029,-179.1000061,0.129999995
30.85,5141,-4832,5041,-5458,494,2110,1981,1827,2.559999943,-11.14000034,-1.5,0.02,0.059999999,-0.519999981,-179.1000061,0.129999995
30.86,5069,-4930,4989,-5461,495,2111,1979,1847,0.680000007,-11.07999992,-0.509999991,0.02,0.059999999,-0.519999981,-178.9900055,0.090000004
30.87,5094,-4877,4913,-5450,495,2082,1976,1849,2.380000114,-9.880000114,-0.649999976,-0.100000002,0.029999999,-0.360000014,-178.9700012,0.079999998
30.88,5134,-4995,4907,-5455,495,2050,1972,1822,0.800000012,-9.399999619,0.379999995,-0.100000002,0.029999999,-0.360000014,-178.9199982,0.129999995
30.89,5146,-4957,4871,-5413,495,1928,1969,1812,1.820000052,-9.170000076,-0.150000006,-0.07,0.059999999,-0.219999999,-178.9100037,0.159999996
30.9,5117,-5002,4837,-5467,493,1870,1966,1764,0.310000002,-8.409999847,-1.330000043,-0.07,0.059999999,-0.219999999,-178.8500061,0.259999991
30.91,5060,-4993,4842,-5378,495,1870,1967,1752,1.399999976,-7.78000021,-0.970000029,-0.059999999,0.050000001,-0.100000002,-178.8300018,0.289999992
30.92,5049,-5101,4803,-5427,494,1830,1975,1754,0.050000001,-8.170000076,-1.100000024,-0.059999999,0.050000001,-0.100000002,-178.7799988,0.360000014
30.93,5042,-5089,4757,-5418,496,1856,1975,1739,1.769999981,-8.920000076,0.330000013,-0.079999998,0.100000002,-0.07,-178.75,0.389999986
30.94,5038,-5132,4739,-5418,494,1908,1975,1733,1.830000043,-7.400000095,1.480000019,-0.02,0.029999999,0.01,-178.6999969,0.430000007
30.95,5027,-5153,4731,-5422,493,1918,1980,1710,2.720000029,-9.930000305,0,-0.02,0.029999999,0.150000006,-178.6999969,0.430000007
30.96,5003,-5191,4732,-5465,493,1888,1982,1721,2.890000105,-8.100000381,0.460000008,-0.02,0.029999999,0.150000006,-178.6799927,0.449999988
30.97,4933,-5192,4693,-5450,494,1870,1981,1718,2.50999999,-9.670000076,-3.089999914,0.01,0.039999999,0.300000012,-178.6699982,0.449999988
30.98,4917,-5245,4664,-5474,494,1875,1980,1721,2.630000114,-8.81000042,-2.470000029,0.01,0.039999999,0.300000012,-178.6799927,0.439999998
30.99,4923,-5262,4653,-5439,495,1887,1968,1716,0.629999995,-9.260000229,-1.139999986,-0.01,-0.050000001,0.449999988,-178.6999969,0.439999998
31,4895,-5328,4616,-5426,495,1897,1967,1721,2.079999924,-7.96999979,-1.480000019,-0.01,-0.050000001,0.449999988,-178.7200012,0.430000007
31.01,4785,-5311,4639,-5424,495,1882,1968,1751,0.300000012,-9.369999886,-0.090000004,-0.029999999,-0.07,0.49000001,-178.7400055,0.439999998
31.02,4785,-5436,4567,-5380,494,1868,1973,1751,0.720000029,-9.029999733,0.720000029,-0.029999999,-0.090000004,0.629999995,-178.8099976,0.449999988
31.03,4803,-5508,4574,-5460,494,1843,1980,1756,1.970000029,-9.909999847,0.639999986,-0.090000004,-0.059999999,0.839999974,-178.8399963,0.469999999
31.04,4759,-5491,4528,-5417,494,1772,1984,1765,0.610000014,-12.10000038,1.330000043,-0.090000004,-0.059999999,0.839999974,-178.9100037,0.519999981
31.05,4668,-5569,4502,-5504,495,1760,1984,1752,2.339999914,-12.63000011,-0.389999986,-0.01,-0.07,1.080000043,-178.9100037,0.519999981
31.06,4655,-5585,4422,-5477,495,1743,1981,1783,1.629999995,-11.14999962,0.090000004,-0.01,-0.07,1.080000043,-178.9700012,0.529999971
31.07,4627,-5717,4424,-5551,494,1752,1981,1779,3.460000038,-11.5,1.149999976,0.01,0.029999999,1.320000052,-178.9799957,0.529999971
31.08,4530,-5706,4452,-5534,495,1765,1939,1771,3.839999914,-12.47000027,1.350000024,0.01,0.029999999,1.320000052,-178.9700012,0.49000001
31.09,4570,-5817,4284,-5573,495,1765,1939,1773,2.369999886,-7.980000019,-2.730000019,0.170000002,0.029999999,1.519999981,-178.9700012,0.460000008
31.1,4587,-5795,4335,-5647,495,1819,1907,1765,4.760000229,-3.450000048,-5.050000191,0.170000002,0.029999999,1.519999981,-178.9400024,0.370000005
31.11,4487,-5744,4373,-5676,495,1972,1916,1773,1.299999952,-1.889999986,-0.949999988,0.119999997,-0.02,1.559999943,-178.9499969,0.319999993
31.12,4464,-5815,4292,-5677,495,2092,1905,1812,3.619999886,3.980000019,-0.07,0.360000014,0,1.629999995,-178.9299927,0.039999999
31.13,4532,-5761,4344,-5678,496,2202,1905,1893,0.920000017,5.429999828,0.310000002,0.310000002,0.039999999,1.610000014,-178.9199982,-0.07
31.14,4559,-5764,4304,-5667,496,2399,1794,2073,-0.050000001,13.40999985,2.970000029,0.310000002,0.039999999,1.610000014,-178.8899994,-0.449999988
31.15,4460,-5734,4325,-5674,495,2464,1645,2104,-1.889999986,13.35999966,2,0.100000002,0.029999999,1.580000043,-178.8999939,-0.540000022
31.16,4469,-5760,4341,-5656,495,2511,1589,2096,-0.870000005,14.44999981,-0.899999976,0.100000002,0.029999999,1.580000043,-178.8600006,-0.689999998
31.17,4537,-5753,4350,-5648,495,2555,1555,2104,-0.259999991,13.89999962,2.769999981,-0.01,0,1.529999971,-178.8699951,-0.699999988
31.18,4532,-5677,4346,-5630,496,2598,1541,2134,-0.620000005,11.56000042,0.949999988,-0.01,0,1.529999971,-178.8500061,-0.720000029
31.19,4464,-5792,4401,-5650,496,2714,1541,2180,1.139999986,12.68000031,1.029999971,0.100000002,0.01,1.50999999,-178.8300018,-0.74000001
31.2,4527,-5726,4373,-5662,497,2741,1521,2212,0.460000008,9.739999771,1.75,0.100000002,0.01,1.50999999,-178.8500061,-0.790000022
31.21,4521,-5779,4391,-5675,497,2747,1502,2232,1.779999971,8.760000229,0.330000013,0.039999999,0.01,1.50999999,-178.8500061,-0.829999983
31.22,4534,-5705,4377,-5670,499,2750,1457,2223,3.670000076,6.510000229,1.860000014,0.039999999,0.01,1.50999999,-178.8899994,-0.930000007
31.23,4418,-5825,4364,-5653,499,2803,1372,2222,2.119999886,9,-1.99000001,-0.01,0.029999999,1.559999943,-178.8999939,-0.970000029
31.24,4511,-5773,4358,-5753,499,2850,1372,2222,4.670000076,7.590000153,-0.769999981,-0.01,0.029999999,1.559999943,-178.9299927,-1.029999971
31.25,4483,-5754,4385,-5742,499,2902,1358,2222,-0.790000022,12.65999985,-4.489999771,-0.109999999,-0.100000002,1.600000024,-178.9700012,-1.049999952
31.26,4538,-5830,4360,-5822,500,2914,1371,2212,2.450000048,9.93999958,-5.119999886,-0.109999999,-0.100000002,1.600000024,-179.0500031,-1
31.27,4419,-5728,4325,-5795,500,2910,1371,2191,-3.140000105,11.35000038,0.100000002,-0.039999999,-0.180000007,1.639999986,-179.1000061,-0.99000001
31.28,4440,-5834,4367,-5792,499,2891,1363,2158,1.169999957,9.840000153,-4.590000153,-0.039999999,-0.180000007,1.639999986,-179.2200012,-0.930000007
31.29,4570,-5794,4366,-5864,500,2859,1363,2158,-2.539999962,11.92000008,1.629999995,-0.029999999,-0.239999995,1.679999948,-179.2799988,-0.910000026
31.3,4484,-5843,4330,-5866,500,2801,1347,2182,0.150000006,12.52999973,0.980000019,-0.029999999,-0.239999995,1.679999948,-179.4400024,-0.860000014
31.31,4437,-5964,4376,-5884,500,2750,1354,2198,0.360000014,11.69999981,3.369999886,-0.109999999,-0.189999998,1.700000048,-179.5,-0.829999983
31.32,4438,-5833,4355,-5819,499,2674,1361,2192,3.819999933,10.72000027,6.559999943,-0.109999999,-0.189999998,1.700000048,-179.6799927,-0.800000012
31.33,4505,-5894,4381,-5859,499,2616,1377,2192,2.640000105,8.069999695,-1.830000043,0,-0.100000002,1.679999948,-179.7299957,-0.759999991
31.34,4437,-5936,4346,-5813,499,2564,1395,2240,3.970000029,11.43999958,2.75,0,-0.100000002,1.679999948,-179.8999939,-0.779999971
31.35,4456,-5864,4376,-5803,498,2453,1395,2294,-0.310000002,10.68999958,-1.629999995,0.159999996,-0.059999999,1.649999976,-179.9700012,-0.790000022
31.36,4397,-5823,4360,-5759,498,2419,1388,2354,7.260000229,10.61999989,-0.949999988,0.159999996,-0.059999999,1.649999976,179.8999939,-0.870000005
31.37,4439,-5827,4441,-5775,497,2390,1347,2396,-2.650000095,13.94999981,3.470000029,-0.01,-0.029999999,1.610000014,179.8600006,-0.920000017
31.38,4394,-5894,4360,-5794,497,2363,1316,2385,4.96999979,11.81000042,0.879999995,-0.01,-0.029999999,1.610000014,179.8000031,-0.949999988
31.39,4384,-5836,4415,-5750,497,2329,1316,2385,-3.829999924,11.86999989,2.680000067,-0.159999996,-0.02,1.559999943,179.7599945,-0.920000017
31.4,4457,-5761,4407,-5861,497,2296,1336,2376,2.690000057,10.86999989,-2.849999905,-0.159999996,-0.02,1.559999943,179.7599945,-0.769999981
31.41,4426,-5847,4430,-5749,497,2296,1354,2356,-2.170000076,14.81999969,3.25,-0.159999996,0.029999999,1.539999962,179.75,-0.730000019
31.42,4487,-5785,4433,-5746,498,2260,1353,2356,-0.340000004,9.109999657,1.450000048,-0.159999996,0.029999999,1.539999962,179.8000031,-0.560000002
31.43,4410,-5819,4437,-5799,497,2253,1325,2328,1.139999986,12.44999981,0.75,-0.050000001,0.039999999,1.539999962,179.8099976,-0.519999981
31.44,4475,-5750,4465,-5747,498,2250,1288,2330,0.409999996,10.68000031,1.169999957,-0.050000001,0.039999999,1.539999962,179.8899994,-0.449999988
31.45,4469,-5822,4427,-5802,498,2271,1254,2334,1.820000052,10.94999981,-0.699999988,0.01,0.119999997,1.549999952,179.9299927,-0.430000007
31.46,4525,-5767,4430,-5754,498,2299,1269,2344,1.350000024,11.64999962,0.769999981,0.01,0.119999997,1.549999952,-179.9799957,-0.439999998
31.47,4438,-5763,4450,-5801,498,2328,1269,2344,0.270000011,12.67000008,-2.329999924,0.029999999,0.140000001,1.559999943,-179.9400024,-0.439999998
31.48,4473,-5798,4460,-5859,498,2345,1266,2371,2.099999905,12.64000034,1.75,0.029999999,0.140000001,1.559999943,-179.8600006,-0.469999999
31.49,4503,-5736,4490,-5826,498,2368,1254,2364,-4.809999943,11.68000031,1.5,-0.07,0.079999998,1.600000024,-179.8300018,-0.469999999
31.5,4477,-5888,4433,-5819,498,2442,1285,2350,-0.620000005,10.68000031,-2.630000114,-0.07,0.079999998,1.600000024,-179.7400055,-0.419999987
31.51,4488,-5726,4457,-5887,497,2484,1327,2349,-5.159999847,11.93000031,-1.460000038,0,0.01,1.600000024,-179.7299957,-0.419999987
31.52,4465,-5807,4464,-5881,498,2508,1380,2336,-2.210000038,10.36999989,-1.440000057,0,0.01,1.600000024,-179.6600037,-0.430000007
31.53,4513,-5741,4496,-5885,498,2507,1423,2320,-0.899999976,11.89999962,4.25,-0.07,0,1.549999952,-179.6399994,-0.430000007
31.54,4464,-5632,4513,-5885,497,2494,1452,2301,-0.170000002,9.170000076,4.940000057,-0.07,0,1.549999952,-179.6100006,-0.379999995
31.55,4589,-5670,4577,-5891,498,2446,1551,2220,2.700000048,10.56999969,1.309999943,-0.100000002,0.07,1.519999981,-179.5899963,-0.360000014
31.56,4527,-5514,4617,-5725,498,2426,1655,2174,1.710000038,9.590000153,2.24000001,-0.159999996,0.01,1.399999976,-179.6000061,-0.219999999
31.57,4710,-5544,4735,-5727,500,2402,1764,2104,3.49000001,11.51000023,-4.360000134,-0.109999999,0.059999999,1.120000005,-179.5800018,-0.180000007
31.58,4689,-5417,4774,-5646,498,2380,1837,2064,4.050000191,11,3.730000019,-0.109999999,0.059999999,1.120000005,-179.5700073,-0.090000004
31.59,4819,-5451,4871,-5562,498,2343,1847,2014,-1.279999971,7.909999847,0.219999999,-0.189999998,0.029999999,1.049999952,-179.5599976,-0.029999999
31.6,4871,-5321,4941,-5509,496,2312,1843,1959,2.589999914,6.909999847,1.850000024,-0.25,0.07,0.790000022,-179.5099945,0.090000004
31.61,5032,-5308,5046,-5414,496,2254,1843,1909,-2.319999933,5.489999771,-1.370000005,-0.189999998,0.039999999,0.449999988,-179.5,0.159999996
31.62,5038,-5289,5062,-5330,500,2232,1875,1868,-0.889999986,6.800000191,-1.799999952,-0.189999998,0.039999999,0.449999988,-179.4499969,0.310000002
31.63,5171,-5079,5211,-5191,498,2177,1872,1848,-0.519999981,6.320000172,1.100000024,-0.209999993,0,0.379999995,-179.4100037,0.449999988
31.64,5156,-5106,5236,-5091,498,2177,1870,1820,-0.600000024,4.869999886,-0.99000001,-0.090000004,0,0.029999999,-179.4100037,0.449999988
31.65,5349,-5069,5320,-5024,498,2155,1880,1781,-2.109999895,9.68999958,-1.659999967,-0.050000001,-0.02,-0.189999998,-179.4199982,0.519999981
31.66,5281,-5020,5322,-4983,498,2176,1898,1754,-2.109999895,9.68999958,-1.659999967,-0.050000001,-0.02,-0.189999998,-179.4199982,0.519999981
31.67,5472,-4862,5435,-4924,498,2180,1919,1761,0.340000004,9.449999809,-1.00999999,-0.01,0.050000001,-0.529999971,-179.4299927,0.639999986
31.68,5413,-4847,5502,-4822,499,2189,1958,1770,0.340000004,9.449999809,-1.00999999,-0.159999996,-0.050000001,-0.620000005,-179.4299927,0.639999986
31.69,5562,-4794,5511,-4781,500,2184,1995,1768,0.550000012,4.389999866,-0.360000014,-0.150000006,0,-0.860000014,-179.4900055,0.860000014
31.7,5508,-4799,5615,-4699,498,2189,2064,1747,0.550000012,4.389999866,-0.360000014,-0.150000006,0,-0.860000014,-179.4900055,0.860000014
31.71,5681,-4718,5599,-4730,498,2132,2099,1770,-0.01,-4.210000038,-2.460000038,-0.200000003,-0.01,-1.059999943,-179.5599976,1.149999976
31.72,5619,-4720,5619,-4718,498,2090,2146,1675,-0.01,-4.210000038,-2.460000038,-0.200000003,-0.01,-1.059999943,-179.5599976,1.149999976
31.73,5589,-4687,5663,-4674,498,2033,2179,1631,1.860000014,-8.479999542,-1.149999976,-0.07,-0.029999999,-1.129999995,-179.6600037,1.379999995
31.74,5699,-4710,5674,-4708,498,1968,2189,1587,1.860000014,-8.479999542,-1.149999976,-0.07,-0.029999999,-1.129999995,-179.6600037,1.379999995
31.75,5660,-4646,5648,-4659,498,1915,2148,1545,1.799999952,-8.460000038,-0.720000029,0,-0.01,-1.159999967,-179.7200012,1.429999948
31.76,5752,-4679,5653,-4656,498,1826,2145,1520,1.799999952,-8.460000038,-0.720000029,0,-0.01,-1.159999967,-179.7200012,1.429999948
31.77,5728,-4692,5685,-4655,498,1795,2155,1528,-0.219999999,-10.02000046,-0.389999986,-0.07,-0.01,-1.200000048,-179.7799988,1.460000038
31.78,5800,-4701,5711,-4646,499,1771,2155,1549,-0.219999999,-10.02000046,-0.389999986,-0.07,-0.01,-1.200000048,-179.7799988,1.460000038
31.79,5756,-4679,5728,-4668,498,1750,2156,1546,-2.660000086,-9.350000381,-2.140000105,-0.050000001,-0.029999999,-1.210000038,-179.8399963,1.49000001
31.8,5788,-4667,5690,-4655,498,1722,2150,1531,-2.660000086,-9.350000381,-2.140000105,-0.050000001,-0.029999999,-1.210000038,-179.8399963,1.49000001
31.81,5829,-4665,5724,-4611,498,1673,2143,1507,-2.890000105,-10.17000008,0.569999993,0,-0.02,-1.230000019,-179.8600006,1.49000001
31.82,5739,-4683,5745,-4621,500,1667,2134,1485,-2.890000105,-10.17000008,0.569999993,0,-0.02,-1.230000019,-179.8600006,1.49000001
31.83,5804,-4668,5742,-4614,499,1672,2123,1483,-1.970000029,-9.619999886,0.119999997,0.01,-0.029999999,-1.269999981,-179.8800049,1.450000048
31.84,5798,-4681,5772,-4611,500,1675,2120,1481,-1.970000029,-9.619999886,0.119999997,0.01,-0.029999999,-1.269999981,-179.8800049,1.450000048
31.85,5794,-4672,5730,-4619,500,1677,2121,1491,0.74000001,-9.239999771,1.679999948,0,0.02,-1.299999952,-179.8999939,1.460000038
31.86,5798,-4640,5763,-4626,500,1660,2140,1491,0.74000001,-9.239999771,1.679999948,0,0.02,-1.299999952,-179.8999939,1.460000038
31.87,5741,-4628,5735,-4605,499,1645,2142,1495,4.21999979,-8.329999924,0.949999988,0.039999999,0.059999999,-1.309999943,-179.9100037,1.49000001
31.88,5939,-4653,5714,-4603,499,1640,2142,1523,4.21999979,-8.329999924,0.949999988,0.039999999,0.059999999,-1.309999943,-179.9100037,1.49000001
31.89,5741,-4701,5760,-4623,498,1667,2147,1538,1.850000024,-9.069999695,1.799999952,0.02,0.129999995,-1.320000052,-179.8699951,1.470000029
31.9,5831,-4711,5815,-4615,498,1698,2170,1538,1.850000024,-9.069999695,1.799999952,0.02,0.129999995,-1.320000052,-179.8699951,1.470000029
31.91,5787,-4706,5741,-4630,498,1691,2187,1540,3.609999895,-11.47000027,1.659999967,0.01,0.159999996,-1.330000043,-179.8200073,1.519999981
31.92,5836,-4678,5761,-4623,498,1650,2178,1543,3.609999895,-11.47000027,1.659999967,0.01,0.159999996,-1.330000043,-179.8200073,1.519999981
31.93,5989,-4664,5762,-4622,499,1595,2159,1542,2.069999933,-10.77999973,-3.75999999,0.200000003,0.129999995,-1.25999999,-179.7299957,1.419999957
31.94,5576,-4661,5776,-4674,499,1540,2138,1530,2.069999933,-10.77999973,-3.75999999,0.200000003,0.129999995,-1.25999999,-179.7299957,1.419999957
31.95,5740,-4712,5799,-4646,499,1515,2107,1516,3.720000029,-10.07999992,1.100000024,0.140000001,0.230000004,-1.269999981,-179.5599976,1.200000048
31.96,5824,-4748,5817,-4651,498,1528,2059,1518,3.720000029,-10.07999992,1.100000024,0.140000001,0.230000004,-1.269999981,-179.5599976,1.200000048
31.97,5795,-4768,5811,-4632,498,1611,2009,1536,3.849999905,-6.940000057,-2.609999895,0.109999999,0.140000001,-1.340000033,-179.3899994,1.059999943
31.98,5818,-4734,5844,-4640,498,1621,1976,1500,3.849999905,-6.940000057,-2.609999895,0.109999999,0.140000001,-1.340000033,-179.3899994,1.059999943
31.99,5770,-4723,5863,-4620,497,1612,1957,1495,4.590000153,-7.320000172,-3.180000067,0.050000001,0.109999999,-1.389999986,-179.3000031,1.049999952
32,5924,-4659,5858,-4629,497,1560,1951,1499,4.590000153,-7.320000172,-3.180000067,0.050000001,0.109999999,-1.389999986,-179.3000031,1.049999952
32.01,5733,-4623,5900,-4594,498,1512,1956,1517,5.210000038,-8.539999962,-1.49000001,0.119999997,0.129999995,-1.399999976,-179.2400055,1.00999999
32.02,5989,-4692,5869,-4627,497,1571,1965,1529,5.210000038,-8.539999962,-1.49000001,0.119999997,0.129999995,-1.399999976,-179.2400055,1.00999999
32.03,5875,-4676,5838,-4626,498,1642,1992,1535,1.090000033,-9.220000267,-3.390000105,-0.100000002,0.079999998,-1.460000038,-179.1999969,1.039999962
32.04,5821,-4714,5869,-4626,497,1676,2031,1525,1.090000033,-9.220000267,-3.390000105,-0.100000002,0.079999998,-1.460000038,-179.1999969,1.039999962
32.05,5862,-4664,5882,-4614,499,1680,2084,1521,-1.75,-14.71000004,-0.519999981,-0.140000001,0.01,-1.460000038,-179.2299957,1.090000033
32.06,5847,-4623,5836,-4666,500,1659,2164,1528,-1.75,-14.71000004,-0.519999981,-0.140000001,0.01,-1.460000038,-179.1999969,1.25
32.07,5883,-4648,5836,-4656,500,1628,2178,1525,-0.790000022,-16.39999962,3.730000019,0.07,0.029999999,-1.440000057,-179.1600037,1.289999962
32.08,5872,-4694,5915,-4620,498,1633,2173,1490,-0.790000022,-16.39999962,3.730000019,0.07,0.029999999,-1.440000057,-179.1600037,1.289999962
32.09,5841,-4712,5998,-4663,499,1663,2156,1542,1.24000001,-15.30000019,-0.879999995,0.239999995,0.109999999,-1.419999957,-179.0800018,1.070000052
32.1,5869,-4724,5856,-4627,499,1691,2124,1606,1.24000001,-15.30000019,-0.879999995,0.239999995,0.109999999,-1.419999957,-179.0800018,1.070000052
32.11,5816,-4710,5871,-4662,499,1708,2051,1635,1.789999962,-7.940000057,-2.180000067,-0.140000001,-0.050000001,-1.5,-179.0800018,1.00999999
32.12,5957,-4781,5923,-4664,499,1681,2084,1630,1.789999962,-7.940000057,-2.180000067,-0.140000001,-0.050000001,-1.5,-179.0800018,1.00999999
32.13,5794,-4726,5876,-4728,500,1628,2113,1523,2.160000086,-11.77000046,1.370000005,-0.050000001,0,-1.480000019,-179.1100006,1.159999967
32.14,5946,-4677,5874,-4679,501,1628,2100,1523,2.160000086,-11.77000046,1.370000005,0.090000004,0.029999999,-1.460000038,-179.1100006,1.159999967
32.15,5890,-4717,5946,-4697,500,1545,2100,1462,0,-9.039999962,-3.970000029,0.289999992,0.059999999,-1.399999976,-179.0800018,0.939999998
32.16,5689,-4795,5893,-4693,499,1558,2029,1429,0,-9.039999962,-3.970000029,0.289999992,0.059999999,-1.399999976,-179.0800018,0.939999998
32.17,5901,-4775,5918,-4733,499,1683,2027,1447,-2.74000001,-9.489999771,-5.019999981,0.059999999,0,-1.389999986,-179.0200043,0.730000019
32.18,5825,-4758,5899,-4747,498,1756,2014,1516,-2.74000001,-9.489999771,-5.019999981,0.059999999,0,-1.389999986,-179.0200043,0.730000019
32.19,5779,-4788,5926,-4824,499,1803,1996,1523,-0.819999993,-6.900000095,-2.539999962,0.079999998,-0.109999999,-1.340000033,-179.0399933,0.660000026
32.2,5762,-4807,5885,-4902,500,1845,1964,1523,-0.819999993,-6.900000095,-2.539999962,0.129999995,0.02,-1.320000052,-179.0399933,0.660000026
32.21,5737,-4801,5782,-4874,500,1882,1921,1476,2.970000029,-5.360000134,0.460000008,0.200000003,-0.059999999,-1.210000038,-179.1100006,0.469999999
32.22,5666,-4931,5683,-4908,500,1926,1960,1525,2.970000029,-5.360000134,0.460000008,0.200000003,-0.059999999,-1.210000038,-179.1100006,0.469999999
32.23,5514,-4955,5642,-4992,499,1913,2033,1661,2.99000001,-10.17000008,6.139999866,0.059999999,-0.059999999,-0.889999986,-179.2299957,0.319999993
32.24,5531,-5056,5501,-5028,499,1920,2082,1877,2.99000001,-10.17000008,6.139999866,-0.01,-0.079999998,-0.800000012,-179.2299957,0.319999993
32.25,5352,-5147,5460,-5168,499,1957,2102,1917,1.75,-14.22000027,1.919999957,0.109999999,0,-0.5,-179.2599945,0.280000001
32.26,5383,-5231,5387,-5192,499,2015,2109,1923,1.75,-14.22000027,1.919999957,0.109999999,0,-0.5,-179.2599945,0.280000001
32.27,5236,-5303,5307,-5264,499,2154,2113,1919,3.609999895,-14.88000011,2.720000029,0.100000002,0.050000001,-0.119999997,-179.2100067,0.129999995
32.28,5300,-5340,5251,-5330,499,2196,2113,1929,3.609999895,-14.88000011,2.720000029,0.100000002,0.050000001,-0.119999997,-179.2100067,0.129999995
32.29,5154,-5404,5223,-5394,499,2210,2093,1944,2.369999886,-9.890000343,-1.360000014,-0.059999999,0.039999999,0.140000001,-179.1300049,0.129999995
32.3,5217,-5474,5268,-5382,500,2216,2055,1935,2.369999886,-9.890000343,-1.360000014,-0.059999999,0.039999999,0.140000001,-179.1300049,0.129999995
32.31,5243,-5432,5207,-5404,500,2224,1932,1919,1.190000057,-3.950000048,-2.109999895,0.029999999,0,0.270000011,-179.0800018,0.159999996
32.32,5186,-5517,5147,-5443,500,2243,1826,1887,1.190000057,-3.950000048,-2.109999895,0.029999999,0,0.270000011,-179.0800018,0.159999996
32.33,5241,-5432,5238,-5503,500,2259,1705,1808,-1.5,1.960000038,-6.650000095,0.01,-0.140000001,0.310000002,-179.1300049,0.100000002
32.34,5219,-5516,5231,-5477,500,2259,1661,1770,-1.5,1.960000038,-6.650000095,0.01,-0.140000001,0.310000002,-179.1300049,0.100000002
32.35,5274,-5439,5263,-5557,500,2254,1698,1856,-0.540000022,5.670000076,0.980000019,0.079999998,-0.230000004,0.310000002,-179.3500061,-0.01
32.36,5148,-5480,5228,-5480,500,2249,1818,1946,-0.540000022,5.670000076,0.980000019,0.079999998,-0.230000004,0.310000002,-179.3500061,-0.01
32.37,5276,-5446,5248,-5491,499,2246,1825,2013,-0.769999981,6.309999943,2.799999952,0.090000004,-0.159999996,0.289999992,-179.5599976,-0.170000002
32.38,5187,-5441,5244,-5540,499,2237,1815,2073,-0.769999981,6.309999943,2.799999952,0.090000004,-0.159999996,0.289999992,-179.5599976,-0.170000002
32.39,5225,-5521,5183,-5469,499,2214,1801,2152,-1.559999943,5.920000076,0.899999976,-0.01,-0.109999999,0.280000001,-179.6699982,-0.239999995
32.4,5137,-5468,5282,-5523,499,2191,1797,2165,-1.559999943,5.920000076,0.899999976,-0.01,-0.109999999,0.280000001,-179.6699982,-0.239999995
32.41,5235,-5485,5190,-5497,499,2187,1795,2159,-1.74000001,2.619999886,0.970000029,-0.02,-0.050000001,0.319999993,-179.7299957,-0.200000003
32.42,5155,-5500,5178,-5535,501,2179,1797,2138,-1.74000001,2.619999886,0.970000029,0.01,0.029999999,0.330000013,-179.7299957,-0.200000003
32.43,5178,-5557,5192,-5543,501,2186,1802,2147,-1.659999967,1.710000038,4.920000076,0.039999999,0,0.360000014,-179.7100067,-0.25
32.44,5136,-5508,5217,-5504,501,2153,1800,2180,-1.659999967,1.710000038,4.920000076,0.039999999,0,0.360000014,-179.7100067,-0.25
32.45,5222,-5591,5143,-5513,500,2146,1779,2177,0.529999971,1.690000057,3.25999999,-0.029999999,0.109999999,0.430000007,-179.6100006,-0.280000001
32.46,5108,-5578,5146,-5532,498,2156,1743,2166,0.529999971,1.690000057,3.25999999,-0.029999999,0.109999999,0.430000007,-179.6100006,-0.280000001
32.47,5192,-5560,5155,-5598,499,2182,1692,2164,1.159999967,3.970000029,-2.089999914,0.050000001,0.189999998,0.479999989,-179.4600067,-0.319999993
32.48,5169,-5606,5135,-5591,501,2260,1679,2163,1.159999967,3.970000029,-2.089999914,0.050000001,0.189999998,0.479999989,-179.4600067,-0.319999993
32.49,5199,-5567,5127,-5653,500,2304,1656,2160,4.75,4.079999924,-0.75,0.050000001,0.140000001,0.529999971,-179.3399963,-0.389999986
32.5,5115,-5640,5175,-5618,501,2335,1628,2157,4.75,4.079999924,-0.75,0.050000001,0.140000001,0.529999971,-179.3399963,-0.389999986
32.51,5196,-5550,5169,-5649,500,2353,1608,2152,5.519999981,4.690000057,-3.930000067,-0.02,0.090000004,0.540000022,-179.25,-0.409999996
32.52,5201,-5676,5153,-5669,500,2368,1604,2152,5.519999981,4.690000057,-3.930000067,-0.02,0.090000004,0.540000022,-179.25,-0.409999996
32.53,5170,-5633,5165,-5610,501,2368,1604,2150,2.970000029,4.789999962,-5.639999866,-0.01,0,0.550000012,-179.2299957,-0.409999996
32.54,5176,-5650,5184,-5721,501,2354,1596,2169,2.970000029,4.789999962,-5.639999866,-0.01,0,0.550000012,-179.2299957,-0.409999996
32.55,5179,-5660,5202,-5614,501,2341,1591,2178,-1.879999995,5.539999962,-2.730000019,-0.01,-0.100000002,0.540000022,-179.2700043,-0.400000006
32.56,5212,-5624,5216,-5684,501,2319,1604,2182,-1.879999995,5.539999962,-2.730000019,-0.01,-0.100000002,0.540000022,-179.2700043,-0.400000006
32.57,5138,-5692,5196,-5669,501,2297,1668,2197,-4.070000172,6.389999866,3.589999914,-0.029999999,-0.090000004,0.519999981,-179.3099976,-0.349999994
32.58,5226,-5633,5235,-5643,500,2231,1702,2214,-4.070000172,6.389999866,3.589999914,-0.029999999,-0.090000004,0.519999981,-179.3099976,-0.349999994
32.59,5219,-5720,5203,-5606,500,2212,1711,2215,-1.730000019,5.119999886,7.619999886,-0.02,0.02,0.519999981,-179.2899933,-0.310000002
32.6,5243,-5620,5217,-5609,501,2201,1692,2168,-1.730000019,5.119999886,7.619999886,-0.02,0.02,0.519999981,-179.2899933,-0.310000002
32.61,5194,-5680,5253,-5657,500,2203,1669,2128,0.99000001,5.28000021,2.49000001,-0.07,0.150000006,0.49000001,-179.1999969,-0.280000001
32.62,5351,-5618,5220,-5627,500,2199,1661,2128,0.99000001,5.28000021,2.49000001,-0.140000001,0.029999999,0.49000001,-179.1999969,-0.280000001
32.63,5244,-5643,5247,-5682,502,2194,1660,2035,2.869999886,3.299999952,-4.559999943,-0.100000002,0.079999998,0.460000008,-179.1699982,-0.170000002
32.64,5334,-5623,5301,-5647,500,2195,1662,1996,2.869999886,3.299999952,-4.559999943,-0.100000002,0.079999998,0.460000008,-179.1699982,-0.170000002
32.65,5296,-5606,5344,-5659,500,2191,1669,1956,3.420000076,1.960000038,-4.550000191,-0.100000002,-0.029999999,0.400000006,-179.1999969,-0.090000004
32.66,5421,-5624,5356,-5663,502,2177,1680,1964,3.420000076,1.960000038,-4.550000191,-0.100000002,-0.029999999,0.400000006,-179.1999969,-0.090000004
32.67,5290,-5565,5374,-5626,501,2157,1727,1970,1.220000029,1.74000001,-0.99000001,-0.079999998,-0.059999999,0.310000002,-179.2599945,-0.039999999
32.68,5449,-5626,5437,-5631,501,2138,1752,1972,1.220000029,1.74000001,-0.99000001,-0.079999998,-0.059999999,0.310000002,-179.2599945,-0.039999999
32.69,5384,-5569,5438,-5554,501,2120,1752,1972,-2.410000086,0.509999991,-0.409999996,-0.090000004,-0.07,0.200000003,-179.3200073,0.02
32.7,5418,-5529,5476,-5584,501,2093,1814,1992,-2.410000086,0.509999991,-0.409999996,-0.090000004,-0.07,0.200000003,-179.3200073,0.02
32.71,5414,-5568,5525,-5540,501,2074,1860,2007,-4.239999771,0.419999987,2.160000086,-0.039999999,-0.07,0.090000004,-179.3600006,0.090000004
32.72,5480,-5520,5482,-5529,501,2060,1938,2010,-4.239999771,0.419999987,2.160000086,-0.039999999,-0.07,0.090000004,-179.3600006,0.090000004
32.73,5527,-5557,5497,-5513,501,2047,1946,2001,-3.839999914,0.230000004,3.470000029,-0.01,0,0,-179.3399963,0.119999997
32.74,5411,-5509,5566,-5467,501,2132,1946,1991,-3.839999914,0.230000004,3.470000029,-0.01,0,0,-179.3399963,0.119999997
32.75,5634,-5537,5577,-5469,501,2191,1948,1939,-0.310000002,-0.129999995,4.110000134,-0.109999999,0,-0.07,-179.3099976,0.209999993
32.76,5551,-5465,5575,-5478,501,2235,1950,1903,-0.310000002,-0.129999995,4.110000134,-0.109999999,0,-0.07,-179.3099976,0.209999993
32.77,5616,-5476,5587,-5481,500,2245,1955,1878,2.859999895,-1.75999999,1.289999962,-0.079999998,0.029999999,-0.109999999,-179.3099976,0.330000013
32.78,5602,-5508,5634,-5505,500,2246,1968,1859,2.859999895,-1.75999999,1.289999962,-0.079999998,0.029999999,-0.109999999,-179.3099976,0.330000013
32.79,5685,-5465,5628,-5470,500,2261,1969,1850,5.360000134,-2.559999943,-2.130000114,0,-0.039999999,-0.170000002,-179.3999939,0.349999994
32.8,5621,-5445,5689,-5525,500,2261,1977,1835,5.360000134,-2.559999943,-2.130000114,0,-0.039999999,-0.170000002,-179.3999939,0.349999994
32.81,5643,-5478,5689,-5499,501,2240,1995,1840,4.550000191,-2.25,-2.980000019,-0.01,-0.109999999,-0.219999999,-179.5599976,0.360000014
32.82,5733,-5530,5687,-5482,500,2198,2015,1853,4.550000191,-2.25,-2.980000019,-0.02,-0.200000003,-0.230000004,-179.5599976,0.360000014
32.83,5596,-5431,5715,-5514,501,2142,2040,1855,3.089999914,-3.50999999,-0.150000006,-0.079999998,-0.129999995,-0.259999991,-179.7400055,0.430000007
32.84,5689,-5469,5741,-5448,500,1989,2040,1850,3.089999914,-3.50999999,-0.150000006,-0.079999998,-0.129999995,-0.259999991,-179.7400055,0.430000007
32.85,5654,-5439,5769,-5462,500,1916,2041,1850,-0.140000001,-5.190000057,-0.189999998,0,-0.090000004,-0.310000002,-179.8600006,0.439999998
32.86,5709,-5476,5709,-5469,500,1839,2040,1854,-0.140000001,-5.190000057,-0.189999998,0,-0.090000004,-0.310000002,-179.8600006,0.439999998
32.87,5697,-5473,5753,-5391,500,1766,2038,1849,-1.919999957,-5.190000057,0.319999993,-0.01,-0.029999999,-0.360000014,-179.8999939,0.439999998
32.88,5684,-5422,5750,-5367,500,1702,2008,1831,-1.919999957,-5.190000057,0.319999993,-0.01,-0.029999999,-0.360000014,-179.8999939,0.439999998
32.89,5775,-5397,5721,-5347,501,1633,1992,1782,-3.769999981,-3.930000067,-0.150000006,-0.050000001,0.01,-0.419999987,-179.8399963,0.449999988
32.9,5695,-5374,5794,-5371,500,1639,1989,1682,-3.769999981,-3.930000067,-0.150000006,-0.050000001,0.01,-0.419999987,-179.8399963,0.449999988
32.91,5892,-5364,5805,-5321,500,1649,1999,1682,-3.00999999,-4.090000153,1.909999967,-0.119999997,0.090000004,-0.550000012,-179.7299957,0.620000005
32.92,5824,-5277,5827,-5328,501,1663,2013,1686,-3.00999999,-4.090000153,1.909999967,-0.119999997,0.090000004,-0.550000012,-179.7299957,0.620000005
32.93,5803,-5277,5865,-5283,502,1670,2063,1695,-0.790000022,-4.989999771,3.099999905,-0.090000004,0.119999997,-0.670000017,-179.6199951,0.759999991
32.94,5946,-5260,5861,-5243,501,1731,2097,1695,-0.790000022,-4.989999771,3.099999905,-0.090000004,0.119999997,-0.670000017,-179.6199951,0.759999991
32.95,5903,-5218,5893,-5213,501,1725,2097,1732,0.050000001,-5.869999886,-3.190000057,0.059999999,0.090000004,-0.779999971,-179.5099945,0.790000022
32.96,5898,-5210,5937,-5198,502,1728,2143,1720,0.050000001,-5.869999886,-3.190000057,0.059999999,0.090000004,-0.779999971,-179.5099945,0.790000022
32.97,5856,-5203,5955,-5217,503,1719,2147,1744,0.449999988,-8.029999733,1.789999962,0.07,0.189999998,-0.839999974,-179.3500061,0.670000017
32.98,5871,-5169,5962,-5192,503,1719,2124,1765,0.449999988,-8.029999733,1.789999962,0.07,0.189999998,-0.839999974,-179.3500061,0.670000017
32.99,5980,-5258,5962,-5159,503,1738,2124,1748,-1.840000033,-8.850000381,-1.149999976,-0.109999999,0.159999996,-0.889999986,-179.1699982,0.699999988
33,5885,-5206,5957,-5157,503,1766,2137,1724,-1.840000033,-8.850000381,-1.149999976,-0.059999999,0.180000007,-0.939999998,-179.1699982,0.699999988
33.01,6098,-5235,5989,-5166,503,1770,2142,1641,-2.380000114,-8.729999542,-0.389999986,-0.07,0.129999995,-1.00999999,-178.9799957,0.860000014
33.02,5928,-5181,6050,-5137,503,1779,2129,1563,-2.380000114,-8.729999542,-0.389999986,-0.02,0.200000003,-1.039999962,-178.9799957,0.860000014
33.03,6132,-5165,6115,-5167,503,1772,2055,1481,1,-7.340000153,-0.769999981,0.039999999,0.100000002,-1.129999995,-178.8399963,0.920000017
33.04,6186,-5159,6061,-5112,502,1769,2011,1408,1,-7.340000153,-0.769999981,0.039999999,0.100000002,-1.129999995,-178.8399963,0.920000017
33.05,6116,-5141,6193,-5194,501,1772,1977,1355,4.519999981,-6,-1.100000024,0.02,0.100000002,-1.25999999,-178.7799988,0.889999986
33.06,6252,-5128,6156,-5201,501,1769,1947,1271,4.519999981,-6,-1.100000024,0.02,0.100000002,-1.25999999,-178.7799988,0.889999986
33.07,6261,-5059,6171,-5106,501,1764,1937,1248,4.099999905,-8.699999809,-9.5,-0.039999999,-0.059999999,-1.360000014,-178.8699951,0.870000005
33.08,6267,-5099,6241,-5065,502,1756,1995,1297,4.099999905,-8.699999809,-9.5,-0.039999999,-0.059999999,-1.360000014,-178.8699951,0.870000005
33.09,6306,-5116,6228,-5042,502,1758,2034,1351,2.119999886,-10.92000008,-4.110000134,0,-0.180000007,-1.379999995,-179.0500031,0.810000002
33.1,6257,-5075,6186,-5053,501,1730,2034,1400,2.119999886,-10.92000008,-4.110000134,0,-0.180000007,-1.379999995,-179.0500031,0.810000002
33.11,6181,-5107,6295,-5077,504,1699,2115,1478,1.669999957,-13.76000023,0.610000014,0.050000001,-0.140000001,-1.350000024,-179.2100067,0.810000002
33.12,6327,-5123,6179,-5058,501,1665,2148,1522,1.669999957,-13.76000023,0.610000014,0.050000001,-0.140000001,-1.350000024,-179.2100067,0.810000002
33.13,6201,-5120,6172,-5136,502,1628,2160,1550,3.140000105,-11.61999989,5.710000038,0.02,0,-1.289999962,-179.2599945,0.779999971
33.14,6220,-5134,6204,-5113,500,1606,2151,1540,3.140000105,-11.61999989,5.710000038,0,0,-1.25999999,-179.2599945,0.779999971
33.15,6179,-5122,6154,-5120,501,1615,2155,1514,2.50999999,-11.22999954,0.5,-0.07,0.090000004,-1.25999999,-179.2100067,0.769999981
33.16,6198,-5198,6184,-5104,501,1638,2164,1466,2.50999999,-11.22999954,0.5,-0.07,0.090000004,-1.25999999,-179.2100067,0.769999981
33.17,6224,-5156,6215,-5144,501,1658,2161,1461,-2.109999895,-14.81000042,-2.359999895,-0.119999997,0.02,-1.289999962,-179.1499939,0.879999995
33.18,6201,-5161,6212,-5136,501,1673,2156,1460,-2.109999895,-14.81000042,-2.359999895,-0.119999997,0.02,-1.289999962,-179.1499939,0.879999995
33.19,6215,-5122,6226,-5113,501,1691,2158,1453,-0.409999996,-13.84000015,1.190000057,0.02,0.01,-1.320000052,-179.0899963,0.879999995
33.2,6295,-5174,6244,-5101,501,1748,2157,1444,-0.409999996,-13.84000015,1.190000057,0.109999999,0.109999999,-1.350000024,-179.0899963,0.879999995
33.21,6264,-5102,6268,-5135,501,1780,2150,1421,0.01,-10.31000042,0.860000014,0.07,0.01,-1.379999995,-179.0500031,0.839999974
33.22,6211,-5144,6317,-5065,501,1810,2153,1421,0.01,-10.31000042,0.860000014,0.07,0.01,-1.379999995,-179.0500031,0.839999974
33.23,6252,-5064,6281,-5124,501,1833,2158,1430,1.100000024,-10.80000019,0.74000001,0.02,0,-1.440000057,-179.0599976,0.850000024
33.24,6206,-5105,6340,-5094,501,1831,2161,1430,1.100000024,-10.80000019,0.74000001,0.02,0,-1.440000057,-179.0599976,0.850000024
33.25,6362,-5077,6311,-5088,500,1802,2155,1431,-0.660000026,-10.59000015,-1.629999995,0.07,-0.050000001,-1.49000001,-179.1300049,0.870000005
33.26,6273,-5092,6364,-5089,501,1782,2157,1452,-0.660000026,-10.59000015,-1.629999995,0.07,-0.050000001,-1.49000001,-179.1300049,0.870000005
33.27,6350,-5073,6384,-5067,501,1758,2155,1471,-0.140000001,-9.989999771,0.819999993,0.129999995,-0.109999999,-1.50999999,-179.2400055,0.779999971
33.28,6323,-5131,6374,-5082,501,1742,2148,1492,-0.140000001,-9.989999771,0.819999993,0.129999995,-0.109999999,-1.50999999,-179.2400055,0.779999971
33.29,6341,-5089,6401,-5081,501,1733,2129,1515,3.619999886,-9.760000229,3.119999886,0.029999999,-0.02,-1.549999952,-179.3500061,0.730000019
33.3,6441,-5144,6374,-5076,501,1727,2113,1513,3.619999886,-9.760000229,3.119999886,0.029999999,-0.02,-1.549999952,-179.3500061,0.730000019
33.31,6382,-5123,6383,-5098,501,1708,2110,1496,-0.620000005,-11.02000046,-6.150000095,-0.079999998,-0.129999995,-1.590000033,-179.5,0.790000022
33.32,6425,-5118,6455,-5133,501,1669,2121,1505,-0.620000005,-11.02000046,-6.150000095,-0.079999998,-0.129999995,-1.590000033,-179.5,0.790000022
33.33,6356,-5111,6369,-5089,500,1618,2138,1505,-0.569999993,-12.35000038,-1.730000019,0.079999998,-0.170000002,-1.559999943,-179.6799927,0.779999971
33.34,6430,-5129,6398,-5114,501,1579,2157,1521,-0.569999993,-12.35000038,-1.730000019,0.079999998,-0.170000002,-1.559999943,-179.6799927,0.779999971
33.35,6352,-5102,6429,-5085,501,1564,2158,1525,-2.769999981,-10.64000034,2.089999914,0.150000006,-0.07,-1.529999971,-179.7799988,0.670000017
33.36,6331,-5113,6439,-5084,501,1574,2157,1529,-2.769999981,-10.64000034,2.089999914,0.150000006,-0.07,-1.529999971,-179.7799988,0.670000017
33.37,6364,-5118,6406,-5127,502,1574,2142,1530,0.280000001,-8.270000458,2.369999886,0.050000001,0.01,-1.50999999,-179.8000031,0.589999974
33.38,6276,-5113,6361,-5152,501,1574,2134,1529,0.280000001,-8.270000458,2.369999886,0.050000001,0.01,-1.50999999,-179.8000031,0.589999974
33.39,6336,-5084,6370,-5204,501,1582,2155,1517,-0.230000004,-10.52999973,-0.349999994,0,0.090000004,-1.470000029,-179.7700043,0.600000024
33.4,6182,-5148,6386,-5219,500,1626,2163,1492,-0.230000004,-10.52999973,-0.349999994,0,0.090000004,-1.470000029,-179.7700043,0.600000024
33.41,6323,-5134,6347,-5231,502,1661,2165,1471,-0.349999994,-11.85000038,-1.590000033,0.029999999,0.059999999,-1.429999948,-179.6999969,0.579999983
33.42,6235,-5159,6375,-5323,501,1688,2166,1462,-0.349999994,-11.85000038,-1.590000033,0.059999999,0.150000006,-1.399999976,-179.6999969,0.579999983
33.43,6182,-5220,6347,-5338,501,1707,2165,1459,2.289999962,-10.77999973,2.039999962,0.079999998,0.129999995,-1.320000052,-179.5700073,0.49000001
33.44,6198,-5233,6310,-5449,501,1724,2141,1449,2.289999962,-10.77999973,2.039999962,0.079999998,0.129999995,-1.320000052,-179.5700073,0.49000001
33.45,6096,-5315,6280,-5473,502,1763,2118,1442,2.640000105,-6.940000057,-3.5,0.270000011,0.140000001,-1.159999967,-179.4100037,0.219999999
33.46,6072,-5305,6279,-5513,502,1916,2094,1450,2.640000105,-6.940000057,-3.5,0.270000011,0.140000001,-1.159999967,-179.4100037,0.219999999
33.47,6085,-5462,6219,-5504,501,1986,2068,1572,1.909999967,-5.900000095,-1.340000033,0.310000002,0.119999997,-0.930000007,-179.2599945,-0.109999999
33.48,5913,-5468,6074,-5554,501,2029,2041,1666,1.909999967,-5.900000095,-1.340000033,0.170000002,0.090000004,-0.860000014,-179.2599945,-0.109999999
33.49,5938,-5562,6048,-5676,501,2055,2018,1724,3.859999895,-6.329999924,3.519999981,0.039999999,0.100000002,-0.649999976,-179.1499939,-0.219999999
33.5,5869,-5615,5937,-5721,502,2059,2017,1748,3.859999895,-6.329999924,3.519999981,-0.050000001,0.129999995,-0.560000002,-179.1499939,-0.219999999
33.51,5758,-5702,5902,-5797,502,2059,2018,1745,7.46999979,-8.989999771,1.50999999,-0.050000001,0.170000002,-0.330000013,-179.0299988,-0.150000006
33.52,5855,-5716,5838,-5813,501,2059,2018,1751,7.46999979,-8.989999771,1.50999999,-0.050000001,0.170000002,-0.330000013,-179.0299988,-0.150000006
33.53,5704,-5809,5720,-5916,501,2048,2006,1769,6.659999847,-9.409999847,-3.789999962,-0.050000001,0.140000001,-0.029999999,-178.9199982,-0.07
33.54,5740,-5893,5779,-5906,500,2046,1977,1798,6.659999847,-9.409999847,-3.789999962,-0.050000001,0.140000001,-0.029999999,-178.9199982,-0.07
33.55,5656,-5840,5645,-5963,500,2046,1914,1820,4.78000021,-9.579999924,-4.329999924,0.050000001,0.090000004,0.230000004,-178.8399963,-0.07
33.56,5693,-6043,5627,-6009,500,2035,1898,1846,4.78000021,-9.579999924,-4.329999924,0.050000001,0.090000004,0.230000004,-178.8399963,-0.07
33.57,5603,-6057,5587,-6019,501,2039,1889,1931,-0.059999999,-7.059999943,-2.049999952,0.150000006,0.039999999,0.479999989,-178.7700043,-0.209999993
33.58,5540,-6102,5594,-6154,501,2059,1875,1997,-0.059999999,-7.059999943,-2.049999952,0.150000006,0.039999999,0.479999989,-178.7700043,-0.209999993
33.59,5605,-6162,5531,-6117,502,2066,1856,2048,-2.640000105,-0.730000019,1.24000001,0.119999997,0.039999999,0.689999998,-178.7700043,-0.259999991
33.6,5499,-6153,5499,-6153,502,2093,1774,2086,-2.640000105,-0.730000019,1.24000001,0.109999999,0.129999995,0.74000001,-178.7200012,-0.360000014
33.61,5546,-6222,5541,-6239,503,2162,1713,2105,-2.970000029,7.179999828,1.139999986,0.150000006,0,0.779999971,-178.6600037,-0.529999971
33.62,5514,-6199,5477,-6189,504,2172,1658,2134,-2.970000029,7.179999828,1.139999986,0.150000006,0,0.779999971,-178.6600037,-0.529999971
33.63,5539,-6232,5572,-6160,503,2173,1621,2146,2.440000057,11.31999969,6.360000134,0.090000004,0.079999998,0.779999971,-178.6000061,-0.680000007
33.64,5479,-6250,5536,-6249,502,2199,1587,2160,2.440000057,11.31999969,6.360000134,0.090000004,0.079999998,0.779999971,-178.6000061,-0.680000007
33.65,5552,-6211,5533,-6247,501,2236,1526,2174,3.519999981,9,0.800000012,0.029999999,0.129999995,0.790000022,-178.6000061,-0.680000007
33.66,5556,-6256,5540,-6271,501,2276,1526,2162,3.519999981,9,0.800000012,0.029999999,0.129999995,0.790000022,-178.5399933,-0.769999981
33.67,5558,-6279,5581,-6288,501,2317,1469,2160,2.50999999,6.809999943,-7.710000038,0.090000004,0.059999999,0.829999983,-178.5099945,-0.870000005
33.68,5581,-6254,5579,-6294,502,2350,1431,2160,2.50999999,6.809999943,-7.710000038,0.090000004,0.059999999,0.829999983,-178.5099945,-0.870000005
33.69,5596,-6352,5526,-6357,503,2358,1393,2164,0.660000026,6.789999962,-4.179999828,0.109999999,-0.119999997,0.889999986,-178.5599976,-1.00999999
33.7,5595,-6382,5560,-6360,502,2357,1379,2168,0.660000026,6.789999962,-4.179999828,0.059999999,0.01,0.910000026,-178.5599976,-1.00999999
33.71,5565,-6366,5551,-6322,502,2364,1388,2163,2.269999981,7.590000153,4.039999962,0.150000006,-0.039999999,0.939999998,-178.6199951,-1.169999957
33.72,5600,-6414,5573,-6405,502,2372,1389,2173,2.269999981,7.590000153,4.039999962,0.150000006,-0.039999999,0.939999998,-178.6199951,-1.169999957
33.73,5579,-6451,5541,-6410,501,2374,1381,2258,0.970000029,8.739999771,0.360000014,0.079999998,0,1.00999999,-178.6799927,-1.340000033
33.74,5533,-6426,5564,-6420,502,2370,1376,2296,0.970000029,8.739999771,0.360000014,0.050000001,-0.039999999,1.019999981,-178.6799927,-1.340000033
33.75,5593,-6536,5525,-6420,502,2396,1374,2321,-2.579999924,9.850000381,-3.029999971,0.029999999,-0.050000001,1.049999952,-178.75,-1.419999957
33.76,5519,-6494,5502,-6434,502,2435,1376,2320,-2.579999924,9.850000381,-3.029999971,0.029999999,-0.050000001,1.049999952,-178.75,-1.419999957
33.77,5523,-6473,5566,-6501,502,2440,1387,2316,0.610000014,12.07999992,2.75999999,-0.050000001,-0.059999999,1.070000052,-178.8300018,-1.379999995
33.78,5528,-6516,5532,-6467,502,2434,1394,2318,0.610000014,12.07999992,2.75999999,-0.050000001,-0.059999999,1.070000052,-178.8300018,-1.379999995
33.79,5611,-6456,5538,-6517,502,2434,1402,2319,2.319999933,10.48999977,4,-0.050000001,0.01,1.080000043,-178.8800049,-1.350000024
33.8,5539,-6484,5569,-6517,502,2440,1407,2300,2.319999933,10.48999977,4,-0.050000001,0.01,1.080000043,-178.8800049,-1.350000024
33.81,5575,-6546,5576,-6540,502,2451,1404,2287,2.180000067,9.479999542,-4.639999866,0,0,1.090000033,-178.9299927,-1.350000024
33.82,5624,-6539,5539,-6536,502,2459,1402,2285,2.180000067,9.479999542,-4.639999866,-0.079999998,0,1.100000024,-178.9299927,-1.350000024
33.83,5577,-6564,5577,-6563,502,2442,1415,2288,2.109999895,9.819999695,-1.210000038,-0.059999999,-0.090000004,1.100000024,-179.0200043,-1.299999952
33.84,5646,-6597,5582,-6543,503,2438,1447,2284,2.109999895,9.819999695,-1.210000038,-0.059999999,-0.090000004,1.100000024,-179.0200043,-1.299999952
33.85,5662,-6563,5592,-6533,502,2436,1496,2285,3.569999933,10.25,4.610000134,0.059999999,0.02,1.120000005,-179.0500031,-1.340000033
33.86,5644,-6591,5586,-6584,503,2435,1489,2292,3.569999933,10.25,4.610000134,0.059999999,0.02,1.120000005,-179.0500031,-1.340000033
33.87,5615,-6636,5603,-6546,502,2439,1475,2294,2.319999933,9.699999809,-0.879999995,-0.029999999,0.039999999,1.120000005,-179.0599976,-1.409999967
33.88,5653,-6583,5583,-6493,502,2450,1480,2285,2.319999933,9.699999809,-0.879999995,0,0.07,1.120000005,-179.0599976,-1.409999967
33.89,5649,-6549,5580,-6624,502,2475,1493,2304,1.720000029,10.90999985,-2.059999943,0.02,0,1.129999995,-179.0599976,-1.419999957
33.9,5608,-6627,5630,-6579,503,2500,1502,2310,1.720000029,10.90999985,-2.059999943,-0.050000001,0.079999998,1.110000014,-179.0599976,-1.419999957
33.91,5687,-6540,5586,-6601,503,2522,1498,2303,2.75999999,11.18000031,3.460000038,-0.029999999,0.050000001,1.120000005,-179.0299988,-1.409999967
33.92,5640,-6557,5657,-6620,503,2538,1502,2282,2.75999999,11.18000031,3.460000038,-0.029999999,0.050000001,1.120000005,-179.0299988,-1.409999967
33.93,5704,-6573,5704,-6584,503,2557,1512,2258,-0.07,10.67000008,-0.819999993,-0.02,0.029999999,1.059999943,-179.0200043,-1.409999967
33.94,5689,-6519,5710,-6553,503,2573,1529,2253,-0.07,10.67000008,-0.819999993,-0.02,0.029999999,1.059999943,-179.0200043,-1.409999967
33.95,5814,-6540,5752,-6589,502,2579,1548,2240,0.330000013,9.979999542,0.460000008,-0.230000004,-0.090000004,0.949999988,-179.0599976,-1.25
33.96,5744,-6484,5804,-6532,502,2557,1581,2209,0.330000013,9.979999542,0.460000008,-0.230000004,-0.090000004,0.949999988,-179.0599976,-1.25
33.97,5873,-6420,5846,-6539,502,2467,1601,2163,3.160000086,8.420000076,4.059999943,-0.319999993,0.02,0.800000012,-179.0700073,-0.899999976
33.98,5965,-6506,5872,-6499,502,2408,1647,2065,3.160000086,8.420000076,4.059999943,-0.310000002,-0.100000002,0.699999988,-179.0700073,-0.899999976
33.99,5907,-6385,5986,-6427,502,2342,1708,2027,2.49000001,7.090000153,-2.670000076,-0.209999993,0.039999999,0.589999974,-179.0899963,-0.579999983
34,6045,-6355,6027,-6329,502,2289,1764,1993,2.49000001,7.090000153,-2.670000076,-0.050000001,-0.029999999,0.479999989,-179.0899963,-0.579999983
34.01,6061,-6326,6047,-6347,503,2263,1803,1981,-0.090000004,5.650000095,-4.46999979,0,-0.050000001,0.360000014,-179.1300049,-0.529999971
34.02,6074,-6273,6148,-6291,501,2275,1803,1985,-0.090000004,5.650000095,-4.46999979,0,-0.050000001,0.360000014,-179.1300049,-0.529999971
34.03,6209,-6217,6192,-6286,501,2269,1807,1962,-0.860000014,4.519999981,0.409999996,-0.119999997,-0.090000004,0.129999995,-179.1900024,-0.460000008
34.04,6134,-6207,6173,-6239,504,2251,1816,1962,-0.860000014,4.519999981,0.409999996,-0.100000002,-0.02,0.039999999,-179.1900024,-0.460000008
34.05,6151,-6150,6316,-6202,502,2210,1849,1959,0.810000002,2.539999962,2.309999943,-0.140000001,-0.050000001,-0.02,-179.2599945,-0.310000002
34.06,6238,-6185,6264,-6198,502,2177,1977,1945,0.810000002,2.539999962,2.309999943,-0.140000001,-0.050000001,-0.02,-179.2599945,-0.310000002
34.07,6220,-6190,6259,-6201,502,2156,2041,1918,2.5,-0.560000002,1.669999957,-0.159999996,0.01,-0.119999997,-179.2599945,-0.129999995
34.08,6297,-6178,6342,-6124,503,2119,2070,1887,2.5,-0.560000002,1.669999957,-0.109999999,0.039999999,-0.159999996,-179.2599945,-0.129999995
34.09,6267,-6132,6304,-6169,503,2119,2060,1876,2.75,-3.160000086,-1.110000014,-0.100000002,0.079999998,-0.170000002,-179.2100067,0.01
34.1,6335,-6157,6340,-6159,502,2027,2048,1895,2.75,-3.160000086,-1.110000014,-0.119999997,0.050000001,-0.209999993,-179.2100067,0.01
34.11,6359,-6205,6365,-6116,502,1979,2053,1891,-0.389999986,-3.589999914,-0.449999988,-0.159999996,0.050000001,-0.25,-179.1300049,0.170000002
34.12,6412,-6150,6352,-6076,503,1904,2044,1868,1.480000019,-4.579999924,0.059999999,-0.079999998,0.119999997,-0.270000011,-179.0800018,0.230000004
34.13,6355,-6152,6348,-6101,502,1904,2044,1846,1.480000019,-4.579999924,0.059999999,-0.079999998,0.119999997,-0.270000011,-179.0800018,0.230000004
34.14,6423,-6153,6416,-6139,502,1881,2028,1833,-0.870000005,-4.75,-0.610000014,-0.02,0.02,-0.310000002,-179.0500031,0.25
34.15,6436,-6100,6445,-6085,502,1899,2033,1819,1.330000043,-3.670000076,-2.960000038,-0.02,0.07,-0.340000004,-179,0.259999991
34.16,6439,-6135,6440,-6146,502,1929,2040,1804,0.589999974,-4.309999943,1.590000033,0.02,0.029999999,-0.370000005,-178.9900055,0.259999991
34.17,6419,-6105,6476,-6104,502,1943,2042,1803,-0.689999998,-4.869999886,-1.409999967,0,-0.029999999,-0.409999996,-178.9799957,0.259999991
34.18,6395,-6078,6547,-6098,502,1965,2050,1819,-0.419999987,-4.400000095,0.460000008,0,0.01,-0.439999998,-178.9900055,0.259999991
34.19,6517,-6093,6480,-6084,502,1965,2078,1852,2.170000076,-5.400000095,4.429999828,0,-0.01,-0.469999999,-179.0099945,0.259999991
34.2,6497,-6144,6519,-6102,502,1936,2059,1835,-0.730000019,-4.179999828,-0.910000026,0.02,-0.090000004,-0.49000001,-179.0399933,0.270000011
34.21,6519,-6109,6553,-6065,502,1924,2035,1818,-1.210000038,-6.199999809,-0.280000001,-0.119999997,-0.039999999,-0.509999991,-179.0500031,0.319999993
34.22,6571,-6115,6526,-6065,502,1884,2008,1808,3.049999952,-5.760000229,2.920000076,-0.059999999,-0.029999999,-0.550000012,-179.1000061,0.360000014
34.23,6566,-6095,6574,-6075,502,1829,2000,1839,-3.289999962,-5.860000134,-4.889999866,-0.050000001,-0.200000003,-0.569999993,-179.1699982,0.409999996
34.24,6570,-6096,6547,-6058,502,1767,2047,1841,2.420000076,-7.949999809,-0.340000004,-0.07,-0.02,-0.589999974,-179.2100067,0.460000008
34.25,6577,-6128,6570,-6030,503,1715,2058,1814,1.039999962,-5.710000038,7.309999943,-0.050000001,-0.119999997,-0.629999995,-179.3000031,0.479999989
34.26,6635,-6105,6635,-6021,503,1740,2066,1755,-0.579999983,-6.389999866,-7.960000038,-0.01,-0.100000002,-0.639999986,-179.3200073,0.509999991
34.27,6587,-6075,6597,-6025,502,1741,2091,1684,-0.460000008,-7.150000095,2.789999962,-0.029999999,0.050000001,-0.660000026,-179.3399963,0.529999971
34.28,6629,-6073,6639,-6007,503,1741,2119,1649,1.580000043,-6.53000021,4.269999981,0.01,-0.050000001,-0.699999988,-179.3899994,0.529999971
34.29,6618,-6057,6615,-6060,503,1720,2118,1616,-1.029999971,-7.03000021,-7.25,0.079999998,-0.029999999,-0.699999988,-179.3899994,0.509999991
34.3,6515,-5952,6662,-6008,503,1687,2089,1589,2.119999886,-6.489999771,1.399999976,0.150000006,0.050000001,-0.709999979,-179.3899994,0.430000007
34.31,6681,-5969,6656,-5991,503,1654,2102,1582,-0.300000012,-7.21999979,-0.370000005,0.119999997,-0.039999999,-0.720000029,-179.3999939,0.349999994
34.32,6639,-6000,6608,-6027,503,1691,2124,1617,-0.469999999,-7.239999771,-3.049999952,0.170000002,0.079999998,-0.74000001,-179.3699951,0.270000011
34.33,6622,-5978,6669,-5957,503,1730,2126,1601,-0.720000029,-8.130000114,6.420000076,-0.07,0.079999998,-0.759999991,-179.3399963,0.280000001
34.34,6690,-5972,6631,-5956,503,1755,2121,1541,2.660000086,-5.329999924,0.829999983,-0.039999999,0.090000004,-0.800000012,-179.2899933,0.310000002
34.35,6624,-5919,6646,-5947,503,1775,2194,1502,-4.389999866,-8.420000076,-4.139999866,-0.129999995,0.079999998,-0.819999993,-179.2899933,0.310000002
34.36,6657,-5910,6687,-5880,504,1970,2250,1602,0.980000019,-8.270000458,3.609999895,-0.07,0.200000003,-0.850000024,-179.1399994,0.430000007
34.37,6693,-5903,6653,-5886,504,1922,2277,1507,-1.700000048,-9.220000267,3.779999971,0,0.090000004,-0.920000017,-179.0700073,0.460000008
34.38,6636,-5893,6688,-5833,504,1920,2266,1503,-1.080000043,-7.960000038,-4.199999809,0.079999998,0.129999995,-0.930000007,-178.9799957,0.449999988
34.39,6657,-5790,6738,-5791,503,1922,2220,1468,-1.600000024,-6.5,3.00999999,0,0.209999993,-0.970000029,-178.8800049,0.430000007
34.4,6668,-5815,6712,-5772,503,1926,2096,1434,1.480000019,-6.949999809,-1.360000014,0.059999999,0.159999996,-1.019999981,-178.8099976,0.419999987
34.41,6656,-5821,6727,-5772,503,1927,2079,1396,-5.570000172,-8.029999733,-6.019999981,-0.090000004,0.050000001,-1.080000043,-178.7400055,0.469999999
34.42,6642,-5786,6779,-5724,502,1934,2106,1400,0.230000004,-8.75,1.340000033,-0.129999995,0.159999996,-1.120000005,-178.6799927,0.550000012
34.43,6690,-5732,6733,-5735,502,1935,2130,1413,-1.169999957,-10.01000023,3.390000105,-0.230000004,0,-1.169999957,-178.6900024,0.699999988
34.44,6655,-5698,6764,-5698,504,1921,2137,1385,-1.850000024,-9.119999886,-5.659999847,-0.180000007,0,-1.210000038,-178.6699982,0.839999974
34.45,6713,-5645,6775,-5715,502,1849,2123,1338,-2.910000086,-9.819999695,2.329999924,-0.189999998,0.059999999,-1.220000029,-178.6600037,0.959999979
34.46,6661,-5584,6728,-5647,502,1797,2109,1289,2.819999933,-10.22000027,-1.419999957,0.039999999,0.01,-1.220000029,-178.6900024,1
34.47,6618,-5519,6759,-5607,503,1749,2097,1256,-4.710000038,-8.869999886,-7.659999847,0.119999997,-0.07,-1.220000029,-178.6999969,0.949999988
34.48,6655,-5464,6710,-5654,503,1724,2076,1211,1.809999943,-9.800000191,-2.130000114,0.180000007,0.109999999,-1.230000019,-178.6799927,0.870000005
34.49,6531,-5626,6666,-5612,502,1730,2041,1295,-1.779999971,-9.479999542,1.909999967,0.159999996,-0.090000004,-1.220000029,-178.7299957,0.759999991
34.5,6511,-5670,6693,-5544,503,1717,2034,1358,-1.820000052,-7.900000095,-7.570000172,0.140000001,-0.039999999,-1.230000019,-178.7200012,0.680000007
34.51,6500,-5738,6618,-5668,502,1782,2090,1412,0.259999991,-8.390000343,8.279999733,-0.029999999,0.109999999,-1.220000029,-178.7200012,0.680000007
34.52,6472,-5689,6596,-5586,502,1962,2141,1454,-2.269999981,-11.68000031,4.019999981,-0.189999998,-0.02,-1.24000001,-178.7299957,0.779999971
34.53,6403,-5672,6600,-5474,503,2003,2186,1419,-3.549999952,-8.409999847,-0.519999981,-0.349999994,0.07,-1.279999971,-178.6799927,0.959999979
34.54,6424,-5625,6665,-5455,502,2049,2231,1356,-2.480000019,-16.31999969,5.929999828,-0.509999991,0.090000004,-1.299999952,-178.6600037,1.279999971
34.55,6357,-5512,6614,-5456,502,1980,2294,1261,-3.049999952,-11.84000015,1.870000005,-0.280000001,0,-1.289999962,-178.6499939,1.460000038
34.56,6404,-5503,6553,-5330,502,1950,2283,1223,-0.389999986,-15.28999996,-5.400000095,-0.059999999,0.079999998,-1.25999999,-178.6100006,1.580000043
34.57,6426,-5461,6533,-5210,502,2016,2237,1239,-5.079999924,-14.90999985,2.410000086,0.059999999,0.07,-1.25,-178.6000061,1.559999943
34.58,6310,-5488,6545,-5159,503,1942,2181,1219,-1.179999948,-10.59000015,-3.849999905,0.389999986,0.01,-1.269999981,-178.5899963,1.379999995
34.59,6457,-5371,6548,-5272,503,1946,2142,1217,-4.119999886,-10.56999969,-2.349999905,0.389999986,0.01,-1.299999952,-178.5899963,1.190000057
34.6,6356,-5419,6521,-5364,503,1943,2044,1249,-3.160000086,-8.56000042,-2.99000001,0.400000006,-0.039999999,-1.340000033,-178.6300049,0.99000001
34.61,6378,-5386,6538,-5358,503,1943,1974,1313,-2.140000105,-8.100000381,-0.910000026,0.270000011,-0.07,-1.379999995,-178.6799927,0.810000002
34.62,6397,-5341,6504,-5340,503,1846,1914,1391,-1.450000048,-6.099999905,-0.579999983,0.180000007,-0.140000001,-1.419999957,-178.7700043,0.709999979
34.63,6271,-5254,6513,-5276,503,1775,1872,1453,-1.700000048,-8.090000153,-2.900000095,0.100000002,-0.129999995,-1.409999967,-178.8500061,0.670000017
34.64,6193,-5294,6481,-5311,503,1702,1843,1443,0.400000006,-8.109999657,0.340000004,0.039999999,-0.079999998,-1.399999976,-178.9400024,0.649999976
34.65,6216,-5274,6410,-5349,502,1650,1835,1445,-1.950000048,-6.96999979,-5.110000134,0.079999998,-0.140000001,-1.370000005,-179.0200043,0.629999995
34.66,6163,-5260,6507,-5298,503,1609,1863,1452,-0.75,-8.789999962,-1,-0.050000001,0.01,-1.340000033,-179.0700073,0.670000017
34.67,6108,-5307,6405,-5219,503,1548,1894,1453,-0.759999991,-10.55000019,3.440000057,-0.230000004,-0.07,-1.330000043,-179.1300049,0.800000012
34.68,6133,-5236,6306,-5395,503,1556,1941,1451,-2.960000038,-11.77999973,-2.519999981,-0.219999999,-0.029999999,-1.309999943,-179.1399994,0.949999988
34.69,6087,-5211,6336,-5395,503,1563,2023,1513,-0.280000001,-15.92000008,1.75,-0.170000002,0.090000004,-1.24000001,-179.1300049,1.059999943
34.7,6076,-5192,6182,-5315,503,1569,2111,1608,-1,-16.65999985,6.420000076,-0.100000002,0.100000002,-1.159999967,-179.1100006,1.159999967
34.71,5998,-5203,6206,-5320,503,1560,2284,1664,-1.960000038,-16.46999931,3.809999943,-0.259999991,0.150000006,-1.100000024,-179.0299988,1.299999952
34.72,5933,-5105,6210,-5257,504,1592,2350,1660,0.300000012,-15.65999985,4.909999847,-0.079999998,0.310000002,-1.029999971,-178.9100037,1.399999976
34.73,5893,-5172,6077,-5218,504,1637,2367,1507,-4.539999962,-15.88000011,4.090000153,0.02,0.310000002,-0.970000029,-178.7400055,1.429999948
34.74,5910,-5135,6117,-5177,504,1707,2336,1451,-1.029999971,-14.77999973,1.190000057,0.150000006,0.409999996,-0.939999998,-178.5399933,1.370000005
34.75,5852,-5211,6098,-5207,503,1845,2300,1361,-4.739999771,-12.25,-1.389999986,0.310000002,0.340000004,-0.949999988,-178.3500061,1.230000019
34.76,5869,-5176,6068,-5096,503,1845,2199,1315,-2.589999914,-11.5,-3.200000048,0.270000011,0.349999994,-0.980000019,-178.1600037,1.090000033
34.77,5973,-5220,6101,-5092,504,1994,2126,1269,-5.269999981,-7.75,1.49000001,0.25,0.289999992,-1.00999999,-178,0.949999988
34.78,5870,-5099,6052,-5010,505,2032,2026,1225,-2.180000067,-8.359999657,-4.079999924,0.230000004,0.219999999,-1.070000052,-177.8699951,0.850000024
34.79,5951,-5142,6079,-4953,505,2046,1916,1189,-5.820000172,-6.039999962,-5.659999847,0.109999999,0.140000001,-1.139999986,-177.7799988,0.779999971
34.8,6034,-5165,6013,-4856,505,2044,1806,1198,-2.099999905,-2.75999999,-7.550000191,0.150000006,0.050000001,-1.269999981,-177.7599945,0.730000019
34.81,6041,-5129,6163,-4829,504,2044,1636,1211,-3.380000114,-1.919999957,-2.019999981,-0.090000004,-0.109999999,-1.379999995,-177.8099976,0.769999981
34.82,6030,-5028,6213,-4772,505,1905,1631,1194,-4.150000095,-6.510000229,-9.489999771,-0.180000007,-0.239999995,-1.440000057,-177.9100037,0.899999976
34.83,6095,-4955,6122,-4724,504,1814,1655,1195,-0.779999971,-10.76000023,-2.680000067,-0.140000001,-0.119999997,-1.460000038,-178.0200043,1.019999981
34.84,6056,-4924,6273,-4674,505,1733,1696,1225,-1.039999962,-8.779999733,-3.730000019,0.039999999,-0.230000004,-1.460000038,-178.1799927,1.070000052
34.85,6014,-4905,6270,-4948,504,1664,1744,1275,-0.810000002,-14.26000023,-4.239999771,0.100000002,-0.180000007,-1.429999948,-178.3099976,1.059999943
34.86,6052,-4852,6151,-4988,506,1601,1888,1356,-0.730000019,-11.44999981,1.25999999,0.189999998,-0.209999993,-1.379999995,-178.4499969,0.959999979
34.87,5967,-4904,6145,-5040,504,1533,1951,1467,-3.180000067,-13.72999954,-0.01,0.270000011,-0.129999995,-1.340000033,-178.5500031,0.839999974
34.88,5972,-4951,6068,-5048,504,1538,1998,1577,1.75999999,-12.96000004,5.449999809,0.079999998,-0.029999999,-1.279999971,-178.6199951,0.779999971
34.89,5940,-5017,6085,-5067,505,1563,2044,1655,0.509999991,-9.800000191,5.820000172,0.02,-0.07,-1.25,-178.6699982,0.769999981
34.9,5942,-4958,6080,-5061,504,1575,2093,1621,-1.419999957,-14.64000034,1.039999962,-0.25,-0.02,-1.220000029,-178.6699982,0.899999976
34.91,5955,-4950,5946,-5006,505,1593,2160,1571,-0.140000001,-13.35000038,5.980000019,-0.239999995,0.090000004,-1.220000029,-178.6499939,1.039999962
34.92,5911,-4941,6062,-4950,504,1623,2169,1542,-2.660000086,-16.88999939,-0.74000001,-0.100000002,0.01,-1.200000048,-178.6399994,1.169999957
34.93,5824,-4973,6033,-5022,504,1622,2193,1523,2.660000086,-16.36000061,0.090000004,0,0.090000004,-1.179999948,-178.6100006,1.179999948
34.94,5952,-4971,5992,-4971,504,1631,2208,1508,-1.799999952,-16.07999992,1.370000005,0.129999995,-0.02,-1.149999976,-178.6199951,1.129999995
34.95,5873,-4966,6054,-4970,504,1647,2200,1497,-1.220000029,-12.92000008,-3.190000057,0.280000001,0.079999998,-1.149999976,-178.5500031,0.99000001
34.96,5980,-5001,6014,-4929,504,1674,2134,1500,-1.860000014,-13.81000042,2.839999914,0.159999996,0.129999995,-1.169999957,-178.5299988,0.899999976
34.97,6069,-4994,6041,-4957,504,1704,2098,1481,-0.469999999,-7.619999886,0.649999976,0.270000011,0.029999999,-1.230000019,-178.5,0.759999991
34.98,6040,-5021,6044,-4915,505,1721,2067,1486,-1.25999999,-14.34000015,-3.549999952,-0.059999999,-0.02,-1.25,-178.4900055,0.779999971
34.99,5965,-5035,6063,-4961,505,1696,2053,1518,4.210000038,-6.019999981,3.440000057,0.07,0.029999999,-1.289999962,-178.4799957,0.720000029
35,6026,-5058,6117,-4951,505,1665,2067,1493,-1.590000033,-12.22000027,-3.119999886,-0.180000007,-0.100000002,-1.289999962,-178.5099945,0.829999983
35.01,6216,-5061,6079,-4965,505,1646,2095,1432,0.560000002,-9.25,0.550000012,-0.219999999,0.090000004,-1.360000014,-178.4799957,0.939999998
35.02,6186,-4917,6133,-4999,506,1646,2099,1396,-1.769999981,-14.09000015,2.309999943,-0.079999998,-0.029999999,-1.399999976,-178.5200043,1.059999943
35.03,6177,-4923,6256,-5023,506,1644,2098,1351,0.460000008,-12.43999958,-6.199999809,0.059999999,-0.02,-1.409999967,-178.5200043,1.039999962
35.04,6220,-4901,6272,-4995,505,1640,2085,1341,2.730000019,-10.35000038,0.529999971,0.230000004,-0.059999999,-1.419999957,-178.5899963,0.930000007
35.05,6175,-4896,6244,-4954,504,1633,2049,1365,-2.140000105,-8.170000076,-5.559999943,0.300000012,-0.119999997,-1.450000048,-178.5899963,0.930000007
35.06,6182,-4867,6112,-4910,505,1596,2018,1388,5.28000021,-6.130000114,-2.910000086,0.189999998,-0.059999999,-1.480000019,-178.6900024,0.660000026
35.07,6249,-4909,6292,-4946,506,1589,2119,1438,1.019999981,-11.02000046,3.680000067,0.189999998,-0.129999995,-1.519999981,-178.7700043,0.560000002
35.08,6166,-4943,6269,-4901,506,1673,2184,1491,0.150000006,-14.14000034,-2.74000001,0.109999999,-0.090000004,-1.5,-178.8300018,0.519999981
35.09,6177,-5033,6190,-4945,505,1708,2229,1533,2.5,-9.93999958,9.880000114,-0.109999999,0,-1.539999962,-178.8699951,0.529999971
35.1,6157,-4967,6217,-4921,506,1701,2249,1524,3.730000019,-10.98999977,0.639999986,-0.039999999,-0.07,-1.529999971,-178.9400024,0.620000005
35.11,6127,-4951,6225,-4999,506,1652,2274,1525,-0.620000005,-15.77999973,1.720000029,-0.289999992,-0.029999999,-1.5,-178.9400024,0.75
35.12,6208,-4929,6202,-4988,505,1618,2338,1530,4.139999866,-13.56999969,2.039999962,0.02,0.079999998,-1.470000029,-178.9400024,0.800000012
35.13,6100,-5031,6330,-5063,506,1623,2330,1530,1.029999971,-17.63999939,2.849999905,-0.02,0.050000001,-1.450000048,-178.9100037,0.829999983
35.14,6067,-5045,6321,-5028,506,1649,2287,1489,3.74000001,-10.77000046,-0.629999995,0.109999999,0.119999997,-1.429999948,-178.8600006,0.779999971
35.15,6182,-5020,6174,-5090,505,1688,2206,1475,1.690000057,-6.579999924,-2.440000057,0.25,0.079999998,-1.429999948,-178.8099976,0.689999998
35.16,6116,-5060,6204,-5139,506,1713,2117,1478,0.059999999,-8.359999657,-5.550000191,0.050000001,0.059999999,-1.419999957,-178.7599945,0.660000026
35.17,6004,-5122,6259,-5219,506,1753,2080,1518,4.650000095,-11.85000038,-0.219999999,0.270000011,0.02,-1.379999995,-178.7700043,0.540000022
35.18,6071,-5073,6289,-5192,506,1846,2088,1563,-0.159999996,-12.43999958,-2.140000105,0.360000014,-0.129999995,-1.299999952,-178.8000031,0.360000014
35.19,5998,-5177,6199,-5237,506,1861,2080,1617,5.900000095,-6.21999979,-3.579999924,0.449999988,0,-1.210000038,-178.8200073,0.129999995
35.2,6012,-5234,6151,-5302,506,1856,2058,1732,4.929999828,-8.670000076,4.710000038,0.239999995,-0.100000002,-1.100000024,-178.8899994,-0.039999999
35.21,5777,-5279,6067,-5391,506,1850,2031,1782,1.480000019,-6.570000172,-4.400000095,0.180000007,-0.090000004,-0.970000029,-178.9199982,-0.140000001
35.22,6036,-5319,5959,-5479,505,1859,1983,1810,9.729999542,-6.989999771,1.389999986,-0.050000001,0,-0.850000024,-178.9299927,-0.129999995
35.23,5695,-5433,5862,-5565,506,1849,1963,1850,-2.119999886,-13.69999981,0.319999993,-0.100000002,-0.129999995,-0.689999998,-178.9900055,-0.039999999
35.24,5806,-5525,5921,-5551,506,1838,1969,1868,6.239999771,-10.43000031,-2.900000095,0.170000002,-0.039999999,-0.529999971,-179,-0.129999995
35.25,5803,-5555,5802,-5551,505,1849,1988,1846,2.25,-13.57999992,4.71999979,0.140000001,-0.050000001,-0.409999996,-179.0800018,-0.189999998
35.26,5632,-5598,5784,-5668,505,1865,2018,1878,3.529999971,-11.89999962,-1.919999957,0.07,-0.109999999,-0.289999992,-179.1199951,-0.25
35.27,5768,-5657,5744,-5677,506,1867,2118,1957,4.019999981,-13.15999985,2.190000057,-0.230000004,-0.050000001,-0.200000003,-179.1499939,-0.159999996
35.28,5616,-5694,5708,-5778,506,1834,2159,2024,-0.589999974,-15.11999989,5.239999771,-0.310000002,-0.050000001,-0.090000004,-179.1900024,0.02
35.29,5671,-5731,5719,-5679,506,1806,2167,2020,4.170000076,-9.779999733,1.970000029,-0.150000006,0.050000001,0,-179.1699982,0.129999995
35.3,5680,-5763,5648,-5713,505,1814,2123,1923,2.339999914,-9.930000305,0.660000026,0.119999997,0.029999999,0.039999999,-179.1499939,0.100000002
35.31,5646,-5725,5772,-5766,506,1818,2062,1940,-0.689999998,-2.630000114,-4.889999866,0.349999994,0.050000001,0.059999999,-179.1000061,-0.079999998
35.32,5671,-5735,5690,-5744,506,1838,2048,1984,4.110000134,-3.380000114,2.269999981,0.259999991,0.100000002,0.039999999,-179.0800018,-0.230000004
35.33,5622,-5768,5762,-5732,506,1892,2075,2020,0.159999996,0.49000001,2.819999933,0.189999998,0,0.02,-179.0599976,-0.349999994
35.34,5766,-5721,5756,-5779,506,2052,2062,2021,3.559999943,0.779999971,-0.74000001,0.100000002,0.079999998,0.029999999,-179,-0.430000007
35.35,5617,-5770,5792,-5773,506,2087,2005,1968,2.50999999,3.5,4.679999828,0.170000002,0.079999998,0.02,-178.9700012,-0.519999981
35.36,5820,-5719,5976,-5800,506,2085,1913,1921,0.970000029,3.50999999,-3.940000057,0.02,0,0.01,-178.9299927,-0.550000012
35.37,5779,-5829,5826,-5830,505,2068,1775,1862,1.570000052,4.039999962,-4.53000021,-0.02,0.079999998,0,-178.8899994,-0.540000022
35.38,5826,-5786,5797,-5869,505,2037,1642,1838,-0.5,1.730000019,-5.300000191,-0.230000004,-0.059999999,0,-178.9199982,-0.419999987
35.39,5837,-5856,5929,-5796,505,2034,1787,1861,6.039999962,1.269999981,-5.420000076,-0.029999999,-0.07,-0.02,-178.9700012,-0.379999995
35.4,5866,-5861,5860,-5853,505,2058,1952,1926,-2.190000057,-2.329999924,2.329999924,0.150000006,-0.140000001,-0.01,-179.0399933,-0.430000007
35.41,5897,-5818,5901,-5867,505,2067,2024,1954,8.649999619,-0.330000013,2.950000048,0.25,-0.07,-0.02,-179.0700073,-0.589999974
35.42,5866,-5940,5878,-5880,505,2046,2002,2034,-2.450000048,-1.279999971,1.269999981,0.129999995,-0.07,-0.039999999,-179.1000061,-0.670000017
35.43,5926,-5876,5959,-5850,506,1965,1970,2121,4.329999924,0.49000001,2.99000001,-0.029999999,0.039999999,-0.050000001,-179.0800018,-0.689999998
35.44,5918,-5932,5875,-5854,506,1970,1976,2154,2.099999905,-1.039999962,5.300000191,-0.180000007,0.029999999,-0.050000001,-179.0800018,-0.579999983
35.45,5871,-5939,5960,-5930,506,2007,1980,2066,2.50999999,-0.920000017,-1.809999943,-0.109999999,0.050000001,-0.050000001,-179.0500031,-0.5
35.46,5969,-5904,5960,-5925,506,2031,1986,2035,4.46999979,-0.389999986,-0.699999988,-0.02,0.07,-0.029999999,-179.0099945,-0.469999999
35.47,5916,-5988,5972,-5986,506,2039,1987,2028,1.860000014,-0.589999974,-0.75,0.140000001,0,-0.039999999,-178.9900055,-0.540000022
35.48,5967,-5914,6023,-5969,506,2040,1958,2028,3.630000114,0.079999998,-2.299999952,0.109999999,0.029999999,-0.039999999,-178.9700012,-0.610000014
35.49,6074,-6008,6052,-5996,506,2062,1939,2023,2.380000114,0.439999998,-0.059999999,0.050000001,0.07,-0.050000001,-178.9400024,-0.649999976
35.5,6005,-5984,6066,-6041,506,2089,1928,2032,3.75999999,-0.680000007,0.310000002,-0.07,0,-0.059999999,-178.9400024,-0.620000005
35.51,6095,-6048,6076,-6030,506,2065,1924,2027,3.970000029,0.879999995,-1.549999952,-0.039999999,-0.029999999,-0.050000001,-178.9499969,-0.589999974
35.52,6113,-6078,6116,-6088,506,2065,1915,2025,3.24000001,-0.49000001,-1.830000043,-0.050000001,-0.07,-0.059999999,-178.9700012,-0.560000002
35.53,6122,-6039,6149,-6080,505,2018,1945,2029,2.589999914,1.070000052,-1.669999957,-0.01,-0.02,-0.059999999,-179,-0.550000012
35.54,6146,-6123,6156,-6077,505,1993,1988,2046,4.579999924,-1.629999995,-0.409999996,0.02,-0.050000001,-0.059999999,-179.0299988,-0.550000012
35.55,6174,-6162,6171,-6158,506,1996,2021,2059,0.200000003,-1.74000001,2.230000019,0.039999999,-0.02,-0.059999999,-179.0299988,-0.550000012
35.56,6161,-6135,6209,-6118,505,1987,2032,2096,5.440000057,-1.159999967,3.720000029,0.02,0,-0.050000001,-179.0500031,-0.600000024
35.57,6202,-6204,6169,-6125,506,1988,2017,2098,2.599999905,-1.269999981,1.870000005,-0.01,0.01,-0.059999999,-179.0399933,-0.589999974
35.58,6191,-6189,6270,-6221,506,2001,1992,2079,3.50999999,0.759999991,-0.620000005,-0.059999999,0.050000001,-0.050000001,-179,-0.569999993
35.59,6217,-6170,6237,-6202,506,2003,1982,2041,3.289999962,-1.610000014,0.519999981,0,0.059999999,-0.039999999,-178.9799957,-0.550000012
35.6,6189,-6245,6280,-6292,507,2002,1973,2003,3.059999943,-0.629999995,-1.659999967,0.050000001,-0.029999999,-0.050000001,-178.9700012,-0.579999983
35.61,6283,-6202,6361,-6274,506,2008,1965,2016,1.570000052,0.610000014,-3.349999905,0.100000002,0,-0.050000001,-178.9499969,-0.639999986
35.62,6297,-6249,6346,-6302,508,2008,1952,2010,5.190000057,-0.270000011,2.609999895,0,0.02,-0.059999999,-178.9499969,-0.660000026
35.63,6298,-6288,6374,-6325,508,2004,1917,2000,3.099999905,0.769999981,-1,-0.119999997,-0.050000001,-0.07,-178.9700012,-0.610000014
35.64,6402,-6306,6397,-6368,508,1995,1924,1990,4.909999847,0.74000001,-3.670000076,-0.059999999,-0.02,-0.059999999,-178.9700012,-0.560000002
35.65,6348,-6334,6398,-6347,508,1950,1972,1996,3.130000114,-1.639999986,0.330000013,-0.140000001,-0.039999999,-0.07,-178.9799957,-0.49000001
35.66,6386,-6363,6458,-6357,508,1945,2027,2024,1.980000019,0.409999996,0.02,0.029999999,0.01,-0.07,-178.9799957,-0.49000001
35.67,6446,-6355,6418,-6406,508,1945,2045,2027,5.929999828,-1.960000038,1.730000019,0.100000002,0.059999999,-0.059999999,-178.9700012,-0.509999991
35.68,6431,-6452,6424,-6407,508,1993,2016,2025,0.75,-1.470000029,2.200000048,0.029999999,0,-0.07,-178.9600067,-0.550000012
35.69,6472,-6439,6499,-6396,509,2002,2030,2032,4.170000076,-0.600000024,-1.970000029,0.02,0.050000001,-0.059999999,-178.9199982,-0.569999993
35.7,6569,-6441,6474,-6429,509,1988,2050,2040,3.210000038,-2.619999886,2.910000086,0.039999999,0.109999999,-0.050000001,-178.8999939,-0.560000002
35.71,6404,-6478,6462,-6497,508,2005,2039,2000,3.630000114,-1.039999962,2.279999971,-0.059999999,0.059999999,-0.039999999,-178.8600006,-0.540000022
35.72,6485,-6480,6517,-6498,508,2031,2026,1959,3.339999914,1.409999967,-1.350000024,-0.129999995,0.109999999,-0.02,-178.7899933,-0.479999989
35.73,6566,-6490,6527,-6547,509,2069,2018,1952,4.730000019,-0.5,0.430000007,-0.180000007,0.109999999,-0.029999999,-178.7299957,-0.389999986
35.74,6464,-6546,6555,-6563,509,2102,1999,1967,0.839999974,-2.289999962,-3.660000086,0.170000002,0,-0.01,-178.7100067,-0.419999987
35.75,6617,-6511,6660,-6636,508,2158,1973,1966,5.150000095,0.189999998,-1.980000019,0.280000001,-0.039999999,0,-178.7100067,-0.419999987
35.76,6608,-6572,6622,-6594,509,2151,1949,1971,2.109999895,-1.139999986,-1.320000052,0.189999998,0,-0.02,-178.7200012,-0.699999988
35.77,6624,-6639,6650,-6634,509,2117,1942,1996,4.389999866,2.900000095,0.129999995,0,-0.029999999,-0.039999999,-178.7400055,-0.74000001
35.78,6675,-6608,6709,-6684,509,2078,1948,2005,3.799999952,0.479999989,-0.819999993,-0.150000006,-0.02,-0.039999999,-178.7799988,-0.639999986
35.79,6650,-6653,6675,-6672,508,2078,1978,1997,3.180000067,-0.889999986,2,-0.200000003,-0.039999999,-0.029999999,-178.8000031,-0.540000022
35.8,6707,-6754,6706,-6673,509,2066,1994,1994,2.49000001,0.889999986,-0.920000017,-0.079999998,-0.01,-0.039999999,-178.8200073,-0.469999999
35.81,6684,-6683,6725,-6691,509,2037,2005,2017,3.910000086,-0.589999974,0.409999996,0.02,0,-0.02,-178.8300018,-0.460000008
35.82,6726,-6738,6760,-6670,509,2012,2009,2047,3.390000105,-2.059999943,1.629999995,0.039999999,-0.02,-0.02,-178.8399963,-0.479999989
35.83,6719,-6723,6782,-6728,509,2011,2010,2065,3.180000067,0.939999998,1.779999971,0.079999998,0,-0.039999999,-178.8300018,-0.560000002
35.84,6643,-6640,6782,-6691,509,2013,1949,2045,2.039999962,0.100000002,1.230000019,0,0.050000001,-0.050000001,-178.8000031,-0.560000002
35.85,6777,-6720,6855,-6714,509,1992,1867,2018,4.539999962,-1.24000001,-0.920000017,-0.039999999,0.029999999,-0.059999999,-178.8000031,-0.560000002
35.86,6697,-6726,6746,-6736,509,1983,1767,1984,0.289999992,1.120000005,-2.400000095,-0.109999999,-0.029999999,-0.07,-178.7799988,-0.479999989
35.87,6683,-6584,6785,-6749,509,1991,1780,1983,1.330000043,1.99000001,-5.090000153,-0.189999998,-0.02,-0.07,-178.7700043,-0.379999995
35.88,6681,-6666,6776,-6647,509,2028,1928,2002,0.109999999,-3.539999962,1.50999999,-0.090000004,0.02,-0.050000001,-178.7799988,-0.289999992
35.89,6650,-6661,6646,-6726,509,2022,2094,2005,0.100000002,-1.649999976,6.599999905,0.119999997,0.02,-0.039999999,-178.7799988,-0.349999994
35.9,6618,-6635,6704,-6668,509,2132,2031,2097,-1.370000005,-1.269999981,0.189999998,0.180000007,0.07,-0.029999999,-178.7299957,-0.449999988
35.91,6629,-6644,6725,-6602,509,2157,1965,2067,-1.360000014,-2.359999895,1.320000052,0.059999999,0.189999998,-0.039999999,-178.6399994,-0.509999991
35.92,6588,-6667,6625,-6662,509,2201,1928,2057,-2.99000001,-0.75,2,-0.07,0.119999997,-0.039999999,-178.5700073,-0.49000001
35.93,6555,-6645,6599,-6652,509,2253,1907,2035,0,0.270000011,-1.559999943,-0.079999998,0.129999995,-0.02,-178.4799957,-0.439999998
35.94,6530,-6618,6607,-6498,510,2279,1850,1997,-4.449999809,-0.910000026,-0.340000004,-0.129999995,0.109999999,0,-178.4100037,-0.360000014
35.95,6466,-6556,6574,-6461,510,2308,1818,1961,-1.429999948,0.389999986,-1.149999976,-0.02,0.129999995,0.01,-178.4100037,-0.360000014
35.96,6416,-6481,6526,-6517,510,2311,1801,1927,-4.110000134,-0.540000022,-2.420000076,0.079999998,0.07,0.02,-178.2799988,-0.360000014
35.97,6460,-6392,6550,-6641,510,2321,1797,1887,-1.74000001,-0.699999988,-2.99000001,0.090000004,0.059999999,0.02,-178.2400055,-0.419999987
35.98,6483,-6299,6502,-6533,510,2371,1797,1889,-4.789999962,0.569999993,-0.150000006,0.050000001,0.039999999,0.01,-178.2200012,-0.469999999
35.99,6474,-6513,6491,-6446,510,2443,1778,1885,-3.5,0,-0.759999991,0.029999999,0.050000001,0,-178.1900024,-0.479999989
36,6501,-6566,6509,-6506,510,2476,1746,1873,-3.170000076,-0.5,-1.299999952,-0.059999999,0,0.01,-178.1900024,-0.449999988
36.01,6373,-6414,6418,-6489,510,2460,1725,1884,-6.019999981,0.449999988,-2.190000057,0.02,-0.059999999,0.01,-178.2100067,-0.460000008
36.02,6320,-6309,6440,-6393,510,2450,1731,1936,-5.300000191,-0.49000001,-0.75,0.02,-0.029999999,0.01,-178.2200012,-0.469999999
36.03,6358,-6444,6383,-6425,510,2435,1740,1935,-3.089999914,-0.310000002,3.920000076,-0.01,-0.050000001,0.01,-178.2700043,-0.479999989
36.04,6211,-6390,6319,-6369,510,2435,1733,1923,-6.559999943,1.710000038,-0.920000017,0,-0.109999999,0,-178.3000031,-0.479999989
36.05,6240,-6293,6368,-6268,510,2412,1739,1933,-5.230000019,1.049999952,-2.269999981,-0.090000004,0.02,0,-178.3000031,-0.479999989
36.06,6350,-6268,6262,-6310,509,2372,1739,1933,-3.450000048,-0.079999998,5.320000172,-0.090000004,0.050000001,0.01,-178.3000031,-0.370000005
36.07,6197,-6250,6209,-6297,509,2351,1728,1940,-4.46999979,0.569999993,-0.699999988,-0.029999999,-0.01,0.01,-178.3000031,-0.330000013
36.08,6043,-6265,6238,-6190,509,2343,1719,1957,-6.409999847,-0.209999993,-3.349999905,0.01,0,0.02,-178.2799988,-0.340000004
36.09,6031,-6199,6137,-6180,509,2379,1726,1957,-5.289999962,-0.189999998,4.409999847,0.059999999,0.07,0.01,-178.2599945,-0.389999986
36.1,6118,-6085,6100,-6167,509,2407,1716,1947,-4.760000229,0.079999998,0.670000017,0.050000001,-0.01,0,-178.2700043,-0.409999996
36.11,6060,-6059,6116,-6091,509,2413,1695,1927,-5.920000076,0.400000006,-4.869999886,-0.01,0,0.01,-178.25,-0.409999996
36.12,6106,-6082,6052,-6135,509,2420,1664,1907,-4.059999943,-1.610000014,0.639999986,-0.02,0.029999999,0.01,-178.25,-0.389999986
36.13,6000,-6030,6048,-6055,509,2419,1651,1927,-6.980000019,1.24000001,-1.440000057,0.039999999,-0.07,0.01,-178.2700043,-0.419999987
36.14,5953,-6004,6068,-6047,510,2394,1658,1946,-5.960000038,-1.590000033,-2.880000114,-0.01,-0.029999999,0.01,-178.2899933,-0.400000006
36.15,5884,-5899,5990,-5991,510,2381,1701,1949,-5.210000038,0.07,5.320000172,0.01,-0.039999999,0,-178.3300018,-0.430000007
36.16,5817,-5852,5881,-5910,510,2352,1706,1943,-7.619999886,-0.449999988,-0.409999996,0.059999999,-0.050000001,0.01,-178.3500061,-0.449999988
36.17,5942,-5897,5868,-5941,510,2318,1700,1977,-3.960000038,-0.090000004,-0.819999993,0.090000004,0.02,0,-178.3500061,-0.5
36.18,5888,-5825,5832,-5827,510,2305,1683,1990,-8.220000267,-0.07,4.409999847,-0.02,0.01,0,-178.3399963,-0.509999991
36.19,5711,-5812,5699,-5706,510,2322,1652,1982,-6.760000229,-0.360000014,-0.769999981,0.039999999,0.039999999,0,-178.3000031,-0.529999971
36.2,5577,-5753,5675,-5842,510,2329,1552,1964,-4.360000134,0.49000001,1.480000019,-0.01,0.07,0,-178.2799988,-0.519999981
36.21,5648,-5675,5708,-5749,510,2311,1520,1948,-7.110000134,0.569999993,-2.75999999,-0.059999999,-0.029999999,0,-178.2700043,-0.5
36.22,5593,-5654,5642,-5611,509,2328,1527,1904,-6.980000019,0.460000008,-3.170000076,-0.029999999,0.039999999,-0.01,-178.25,-0.479999989
36.23,5534,-5576,5624,-5500,510,2348,1555,1866,-6.260000229,-0.389999986,0.959999979,-0.01,0.02,0,-178.25,-0.460000008
36.24,5574,-5553,5551,-5652,509,2353,1568,1828,-5.769999981,-0.790000022,-2.599999905,0,-0.02,0,-178.25,-0.460000008
36.25,5460,-5426,5537,-5556,510,2340,1547,1837,-7.289999962,-0.970000029,-1.629999995,0,-0.02,0,-178.25,-0.460000008
36.26,5346,-5435,5542,-5432,510,2297,1558,1859,-8.039999962,0.219999999,0.01,0,-0.02,0,-178.2700043,-0.479999989
36.27,5456,-5405,5463,-5524,510,2293,1574,1863,-4.260000229,-0.430000007,0.689999998,0,0.039999999,0,-178.2599945,-0.479999989
36.28,5415,-5311,5395,-5423,510,2293,1586,1873,-9.609999657,-0.460000008,-0.159999996,0,-0.01,0,-178.2599945,-0.479999989
36.29,5269,-5336,5360,-5304,510,2315,1602,1884,-6.420000076,-0.560000002,-0.289999992,0.039999999,0.07,0,-178.2200012,-0.509999991
36.3,5136,-5316,5328,-5303,510,2335,1627,1895,-7.659999847,-0.330000013,4.420000076,0.029999999,0.059999999,0,-178.1900024,-0.529999971
36.31,5285,-5204,5204,-5252,510,2359,1621,1895,-7.989999771,-0.159999996,-0.01,0.029999999,0.050000001,0,-178.1399994,-0.550000012
36.32,5252,-5118,5143,-5135,510,2371,1600,1892,-8.779999733,-0.569999993,0.310000002,0,0.090000004,0,-178.0899963,-0.569999993
36.33,5096,-5240,5061,-5018,510,2395,1569,1849,-9.31000042,0.109999999,1.370000005,0.050000001,0.109999999,0,-178.0200043,-0.600000024
36.34,4982,-5158,5132,-4946,510,2436,1539,1808,-6.159999847,0.449999988,-2.380000114,0.039999999,0.07,-0.01,-177.9900055,-0.610000014
36.35,4998,-5015,5049,-5075,510,2487,1556,1786,-10.97000027,-0.079999998,-3.170000076,0,0.02,-0.02,-177.9900055,-0.610000014
36.36,4914,-4953,4941,-4959,510,2537,1578,1795,-6.599999905,-0.720000029,-1.159999967,0.039999999,0.02,-0.01,-177.9499969,-0.639999986
36.37,4799,-5005,4872,-4844,510,2541,1584,1810,-11.01000023,0.039999999,2.039999962,0.039999999,-0.059999999,0,-177.9600067,-0.670000017
36.38,4734,-4873,4841,-4759,510,2544,1568,1790,-6.440000057,-0.930000007,-1.49000001,0.01,0.02,0,-177.9499969,-0.680000007
36.39,4700,-4816,4767,-4884,510,2544,1546,1776,-9.039999962,1.070000052,0.970000029,-0.02,-0.050000001,-0.01,-177.9799957,-0.680000007
36.4,4746,-4746,4842,-4782,510,2538,1550,1780,-7.190000057,0.519999981,-4.059999943,-0.039999999,-0.079999998,0,-178.0099945,-0.660000026
36.41,4643,-4672,4736,-4688,510,2534,1574,1801,-11.51000023,0.850000024,-0.239999995,-0.119999997,-0.07,0,-178.0500031,-0.600000024
36.42,4575,-4559,4694,-4584,510,2474,1593,1807,-5.619999886,-0.200000003,1.429999948,-0.079999998,-0.02,0.01,-178.0800018,-0.540000022
36.43,4467,-4449,4632,-4584,510,2427,1601,1780,-8.949999809,-0.879999995,0.600000024,-0.039999999,-0.029999999,0,-178.1100006,-0.5
36.44,4476,-4447,4588,-4535,510,2387,1598,1768,-8.909999847,-1.639999986,-3.089999914,0.02,-0.050000001,0,-178.1199951,-0.509999991
36.45,4426,-4503,4513,-4468,510,2368,1582,1765,-8.460000038,0.270000011,1.269999981,0.050000001,0.01,-0.01,-178.1300049,-0.550000012
36.46,4455,-4457,4429,-4389,511,2372,1576,1767,-9.859999657,-0.829999983,-0.930000007,0.059999999,0,-0.02,-178.1199951,-0.579999983
36.47,4314,-4312,4419,-4337,510,2380,1577,1775,-8.869999886,-1.700000048,-1.320000052,0.039999999,0.029999999,-0.039999999,-178.1000061,-0.610000014
36.48,4238,-4287,4367,-4287,510,2381,1578,1799,-8.920000076,0.189999998,0.930000007,0.01,-0.02,-0.039999999,-178.1000061,-0.629999995
36.49,4395,-4226,4302,-4244,511,2377,1575,1800,-8.180000305,-0.449999988,0,0.039999999,0.07,-0.050000001,-178.0800018,-0.649999976
36.5,4258,-4210,4188,-4166,510,2374,1559,1805,-9.680000305,-0.509999991,-1.049999952,0.02,0,-0.059999999,-178.0500031,-0.660000026
36.51,4084,-4196,4238,-4102,511,2391,1539,1800,-8.840000153,0.259999991,-0.800000012,0.02,0.050000001,-0.050000001,-178.0399933,-0.680000007
36.52,4017,-4138,4174,-4115,510,2418,1553,1797,-8.270000458,-0.509999991,0.370000005,0,0.050000001,-0.07,-178.0299988,-0.680000007
36.53,4095,-4085,4108,-4084,511,2424,1580,1799,-7.429999828,1.070000052,-2.410000086,0.029999999,-0.039999999,-0.059999999,-178.0200043,-0.689999998
36.54,4022,-4007,4076,-4004,511,2426,1606,1809,-9.130000114,0.140000001,0.850000024,-0.039999999,0.02,-0.059999999,-178.0200043,-0.670000017
36.55,3910,-3953,3968,-3939,511,2426,1616,1824,-8.359999657,-2.789999962,1.559999943,0,0.050000001,-0.059999999,-177.9900055,-0.660000026
36.56,3929,-3906,3992,-3864,511,2430,1605,1827,-8.010000229,1.379999995,1.049999952,0.02,-0.02,-0.059999999,-178.0099945,-0.680000007
36.57,3889,-3857,3933,-3906,511,2431,1604,1821,-8.899999619,-1.669999957,-0.579999983,-0.01,0.059999999,-0.07,-177.9700012,-0.660000026
36.58,3760,-3831,3919,-3836,511,2435,1610,1827,-7.670000076,-0.689999998,-0.159999996,-0.029999999,-0.039999999,-0.07,-178,-0.649999976
36.59,3743,-3698,3831,-3741,511,2427,1613,1826,-8.300000191,-0.699999988,0.600000024,-0.029999999,0.029999999,-0.100000002,-177.9700012,-0.629999995
36.6,3851,-3653,3797,-3704,511,2419,1607,1824,-6.420000076,-1.129999995,-0.970000029,-0.029999999,0,-0.100000002,-177.9900055,-0.610000014
36.61,3827,-3744,3803,-3641,511,2412,1598,1827,-8.210000038,-0.200000003,-0.379999995,-0.02,0,-0.100000002,-177.9600067,-0.579999983
36.62,3683,-3632,3708,-3693,511,2387,1595,1834,-6.460000038,0.180000007,0.01,0.02,-0.029999999,-0.119999997,-177.9700012,-0.579999983
36.63,3721,-3612,3712,-3671,511,2387,1596,1823,-6.090000153,-2.49000001,-1.120000005,-0.02,0.039999999,-0.129999995,-177.9700012,-0.579999983
36.64,3725,-3531,3712,-3569,511,2378,1604,1826,-6.090000153,-2.49000001,-1.120000005,-0.02,0.039999999,-0.129999995,-177.9799957,-0.569999993
36.65,3607,-3604,3627,-3569,511,2374,1607,1826,-5.670000076,-1.019999981,-2.670000076,0.02,-0.01,-0.109999999,-178.0099945,-0.569999993
36.66,3616,-3598,3658,-3499,510,2364,1607,1825,-5.670000076,-1.019999981,-2.670000076,0.02,-0.01,-0.109999999,-178.0099945,-0.569999993
36.67,3622,-3514,3612,-3542,510,2345,1608,1837,-4.789999962,-0.230000004,-0.400000006,0.039999999,-0.059999999,-0.100000002,-178.0299988,-0.579999983
36.68,3573,-3511,3565,-3546,510,2335,1615,1837,-4.789999962,-0.230000004,-0.400000006,0.039999999,-0.059999999,-0.100000002,-178.0500031,-0.600000024
36.69,3575,-3500,3589,-3460,510,2332,1654,1870,-2.299999952,-0.600000024,1.289999962,0,-0.050000001,-0.090000004,-178.0700073,-0.610000014
36.7,3490,-3441,3521,-3402,510,2336,1654,1874,-2.299999952,-0.600000024,1.289999962,0,-0.050000001,-0.090000004,-178.1000061,-0.620000005
36.71,3479,-3526,3503,-3460,510,2336,1706,1877,-2.549999952,-1.049999952,0.050000001,0,-0.02,-0.079999998,-178.1100006,-0.639999986
36.72,3495,-3473,3544,-3408,511,2348,1718,1876,-2.549999952,-1.049999952,0.050000001,0,-0.02,-0.079999998,-178.1300049,-0.649999976
36.73,3426,-3421,3467,-3449,511,2343,1726,1877,-1.639999986,-0.879999995,-0.340000004,0.02,0.01,-0.07,-178.1399994,-0.660000026
36.74,3462,-3412,3411,-3422,511,2343,1736,1868,-1.639999986,-0.879999995,-0.340000004,0.02,0.01,-0.07,-178.1499939,-0.670000017
36.75,3425,-3403,3461,-3329,511,2354,1750,1869,-1.860000014,-0.430000007,-1.149999976,0.059999999,-0.029999999,-0.07,-178.1499939,-0.670000017
36.76,3351,-3404,3429,-3342,511,2354,1756,1877,-1.860000014,-0.430000007,-1.149999976,0.059999999,-0.029999999,-0.07,-178.1699982,-0.720000029
36.77,3414,-3417,3413,-3365,511,2349,1746,1885,-3.109999895,-0.259999991,0.01,-0.029999999,-0.039999999,-0.090000004,-178.1699982,-0.730000019
36.78,3422,-3325,3440,-3358,510,2344,1738,1890,-3.109999895,-0.259999991,0.01,-0.029999999,-0.039999999,-0.090000004,-178.1900024,-0.720000029
36.79,3401,-3283,3373,-3360,511,2338,1744,1897,-2.640000105,0.649999976,-0.209999993,-0.039999999,-0.039999999,-0.090000004,-178.1999969,-0.680000007
36.8,3369,-3361,3419,-3331,511,2335,1744,1894,-2.640000105,0.649999976,-0.209999993,-0.039999999,-0.039999999,-0.090000004,-178.2200012,-0.649999976
36.81,3383,-3280,3435,-3309,510,2327,1773,1898,-2.410000086,-0.560000002,0.129999995,0.02,-0.050000001,-0.100000002,-178.2400055,-0.639999986
36.82,3352,-3276,3375,-3283,510,2315,1793,1900,-2.410000086,-0.560000002,0.129999995,0.02,-0.050000001,-0.100000002,-178.2799988,-0.649999976
36.83,3369,-3321,3427,-3330,510,2298,1812,1907,-1.769999981,-0.879999995,1.24000001,0,0.01,-0.109999999,-178.2899933,-0.670000017
36.84,3400,-3281,3368,-3271,510,2286,1804,1913,-1.769999981,-0.879999995,1.24000001,0,0.01,-0.109999999,-178.3000031,-0.680000007
36.85,3356,-3222,3315,-3279,510,2276,1804,1913,-1.25,-1.070000052,-1.279999971,-0.079999998,0.01,-0.129999995,-178.3000031,-0.670000017
36.86,3381,-3295,3391,-3277,510,2261,1795,1842,-1.25,-1.070000052,-1.279999971,-0.079999998,0.01,-0.129999995,-178.2899933,-0.620000005
36.87,3359,-3248,3415,-3226,510,2251,1818,1913,-1.789999962,-1.850000024,-1.730000019,0.02,0,-0.150000006,-178.2899933,-0.579999983
36.88,3318,-3193,3339,-3243,510,2271,1840,1922,-1.789999962,-1.850000024,-1.730000019,0.02,0,-0.150000006,-178.2899933,-0.569999993
36.89,3412,-3292,3372,-3247,510,2271,1860,1935,-3.390000105,-1.730000019,2.230000019,0.050000001,-0.01,-0.170000002,-178.2799988,-0.610000014
36.9,3373,-3216,3356,-3174,510,2294,1860,1952,-3.390000105,-1.730000019,2.230000019,0.050000001,-0.01,-0.170000002,-178.2799988,-0.639999986
36.91,3298,-3178,3322,-3204,510,2294,1851,1966,-1.840000033,-0.189999998,0.540000022,-0.029999999,0,-0.200000003,-178.2599945,-0.670000017
36.92,3408,-3242,3395,-3187,510,2281,1849,1878,-1.840000033,-0.189999998,0.540000022,-0.029999999,0,-0.200000003,-178.2599945,-0.649999976
36.93,3353,-3208,3343,-3117,510,2284,1844,1965,-0.439999998,-0.610000014,-0.129999995,-0.039999999,-0.01,-0.209999993,-178.25,-0.589999974
36.94,3320,-3157,3339,-3180,511,2279,1848,1957,-0.439999998,-0.610000014,-0.129999995,-0.039999999,-0.01,-0.209999993,-178.2599945,-0.560000002
36.95,3375,-3217,3368,-3193,510,2268,1851,1952,-2.589999914,-1.440000057,-0.140000001,0.039999999,0,-0.230000004,-178.2599945,-0.560000002
36.96,3318,-3161,3349,-3102,511,2267,1844,1962,-2.589999914,-1.440000057,-0.140000001,0.039999999,0,-0.230000004,-178.2700043,-0.579999983
36.97,3293,-3130,3304,-3127,511,2259,1843,1962,-1.309999943,-1.230000019,-0.209999993,0,-0.039999999,-0.259999991,-178.2899933,-0.610000014
36.98,3365,-3178,3372,-3147,511,2263,1845,1893,-1.309999943,-1.230000019,-0.209999993,0,-0.039999999,-0.259999991,-178.3099976,-0.610000014
36.99,3297,-3151,3350,-3073,511,2259,1848,1963,-0.560000002,-1.74000001,1.149999976,-0.029999999,-0.029999999,-0.289999992,-178.3200073,-0.589999974
37,3331,-3119,3319,-3082,511,2156,1855,1958,-0.560000002,-1.74000001,1.149999976,-0.029999999,-0.029999999,-0.289999992,-178.3399963,-0.569999993
37.01,3340,-3109,3347,-3123,511,2217,1858,1920,-1.419999957,-2.029999971,1.00999999,-0.01,0,-0.319999993,-178.3600006,-0.550000012
37.02,3302,-3080,3328,-3045,511,2217,1858,1962,-1.419999957,-2.029999971,1.00999999,-0.01,0,-0.319999993,-178.3600006,-0.529999971
37.03,3309,-3029,3362,-3013,510,2200,1859,1960,-1.129999995,-2.670000076,-1.75,0,-0.039999999,-0.360000014,-178.3899994,-0.519999981
37.04,3335,-3052,3348,-3055,510,2138,1858,1940,-1.129999995,-2.670000076,-1.75,0,-0.039999999,-0.360000014,-178.3899994,-0.509999991
37.05,3351,-3086,3336,-3011,510,2195,1849,1920,-2.329999924,-2.390000105,-0.439999998,-0.050000001,-0.039999999,-0.389999986,-178.3899994,-0.509999991
37.06,3337,-3014,3318,-3029,510,2166,1845,1922,-2.329999924,-2.390000105,-0.439999998,-0.050000001,-0.039999999,-0.389999986,-178.3999939,-0.49000001
37.07,3354,-2995,3351,-2998,510,2166,1860,1825,-1.419999957,-2.369999886,1.330000043,-0.029999999,0,-0.419999987,-178.3999939,-0.449999988
37.08,3320,-3008,3356,-2968,510,2154,1868,1892,-1.419999957,-2.369999886,1.330000043,-0.029999999,0,-0.419999987,-178.4199982,-0.419999987
37.09,3317,-2994,3320,-2952,510,2139,1876,1886,-1.330000043,-2.769999981,-0.550000012,0.01,0.02,-0.449999988,-178.4199982,-0.389999986
37.1,3375,-2964,3358,-2935,510,2131,1879,1877,-1.330000043,-2.769999981,-0.550000012,0.01,0.02,-0.449999988,-178.4100037,-0.389999986
37.11,3340,-3006,3328,-2932,510,2135,1873,1880,-1.129999995,-3.230000019,-0.560000002,0,0.01,-0.49000001,-178.3999939,-0.400000006
37.12,3313,-2983,3290,-2967,510,2133,1869,1882,-1.129999995,-3.230000019,-0.560000002,0,0.01,-0.49000001,-178.3899994,-0.400000006
37.13,3378,-2902,3353,-2901,510,2137,1869,1873,-2,-3.75,-0.540000022,0,0.02,-0.529999971,-178.3699951,-0.389999986
37.14,3334,-2937,3355,-2893,510,2137,1877,1847,-2,-3.75,-0.540000022,0,0.02,-0.529999971,-178.3600006,-0.379999995
37.15,3350,-2980,3304,-2855,511,2080,1885,1845,-1.139999986,-3.130000114,0.170000002,0.01,0,-0.569999993,-178.3500061,-0.370000005
37.16,3420,-2919,3359,-2827,510,2156,1885,1859,-1.139999986,-3.130000114,0.170000002,0.01,0,-0.569999993,-178.3500061,-0.370000005
37.17,3349,-2926,3304,-2830,510,2159,1888,1865,-0.829999983,-3.539999962,0.560000002,0.029999999,0,-0.589999974,-178.3600006,-0.370000005
37.18,3307,-2949,3291,-2857,510,2169,1897,1874,-0.829999983,-3.539999962,0.560000002,0.029999999,0,-0.589999974,-178.3600006,-0.379999995
37.19,3367,-2892,3385,-2824,511,2160,1908,1874,-1.970000029,-3.730000019,-0.400000006,0.01,0,-0.620000005,-178.3600006,-0.389999986
37.2,3319,-2831,3303,-2771,511,2165,1910,1879,-1.970000029,-3.730000019,-0.400000006,0.01,0,-0.620000005,-178.3600006,-0.389999986
37.21,3305,-2896,3253,-2775,512,2165,1911,1885,-1.669999957,-3.299999952,0.620000005,0.02,0,-0.639999986,-178.3600006,-0.379999995
37.22,3344,-2902,3328,-2770,512,2165,1935,1878,-1.669999957,-3.299999952,0.620000005,0.02,0,-0.639999986,-178.3500061,-0.379999995
37.23,3258,-2841,3269,-2703,512,2157,1945,1878,-0.639999986,-3.559999943,0.370000005,0.029999999,0,-0.670000017,-178.3500061,-0.379999995
37.24,3275,-2856,3299,-2759,512,2159,1947,1875,-0.639999986,-3.559999943,0.370000005,0.029999999,0,-0.670000017,-178.3399963,-0.389999986
37.25,3292,-2843,3301,-2750,512,2158,1938,1867,-1.919999957,-4.039999962,0.310000002,0.02,0.039999999,-0.689999998,-178.3200073,-0.409999996
37.26,3299,-2797,3273,-2724,512,2135,1929,1874,-1.919999957,-4.039999962,0.310000002,0.02,0.039999999,-0.689999998,-178.3099976,-0.409999996
37.27,3317,-2791,3273,-2648,511,2132,1929,1882,-2.619999886,-4.53000021,-0.620000005,-0.059999999,-0.01,-0.730000019,-178.3000031,-0.389999986
37.28,3297,-2781,3295,-2625,511,2135,1928,1864,-2.619999886,-4.53000021,-0.620000005,-0.059999999,-0.01,-0.730000019,-178.2799988,-0.349999994
37.29,3304,-2789,3271,-2638,511,2132,1930,1828,-2.49000001,-4.639999866,1.220000029,0.02,0,-0.800000012,-178.2599945,-0.319999993
37.3,3281,-2720,3301,-2568,510,2127,1932,1805,-2.49000001,-4.639999866,1.220000029,0.02,0,-0.800000012,-178.2599945,-0.330000013
37.31,3339,-2697,3306,-2629,510,2129,1921,1813,-2.180000067,-4.409999847,-0.300000012,0.079999998,0,-0.839999974,-178.2599945,-0.349999994
37.32,3325,-2742,3267,-2617,511,2118,1917,1814,-2.180000067,-4.409999847,-0.300000012,0.079999998,0,-0.839999974,-178.25,-0.400000006
37.33,3319,-2709,3239,-2561,511,2117,1913,1805,-0.829999983,-4.019999981,-0.949999988,0.029999999,-0.029999999,-0.879999995,-178.2599945,-0.419999987
37.34,3328,-2648,3291,-2555,511,2114,1914,1805,-0.829999983,-4.019999981,-0.949999988,0.029999999,-0.029999999,-0.879999995,-178.2599945,-0.439999998
37.35,3267,-2685,3270,-2506,511,2097,1917,1812,-1.639999986,-4.559999943,0.579999983,0,-0.01,-0.910000026,-178.2599945,-0.439999998
37.36,3294,-2697,3245,-2500,511,2050,1921,1825,-1.639999986,-4.559999943,0.579999983,0,-0.01,-0.910000026,-178.2700043,-0.389999986
37.37,3316,-2661,3283,-2476,511,2029,1918,1818,-2.150000095,-5.130000114,-1.440000057,0.050000001,0,-0.959999979,-178.2700043,-0.360000014
37.38,3302,-2610,3231,-2462,511,2016,1912,1818,-2.150000095,-5.130000114,-1.440000057,0.050000001,0,-0.959999979,-178.2700043,-0.349999994
37.39,3278,-2609,3212,-2462,510,2019,1909,1841,-2.589999914,-5.309999943,-0.629999995,0.090000004,-0.01,-0.980000019,-178.2599945,-0.370000005
37.4,3329,-2620,3240,-2461,511,2014,1893,1841,-2.589999914,-5.309999943,-0.629999995,0.090000004,-0.01,-0.980000019,-178.25,-0.409999996
37.41,3242,-2575,3222,-2452,511,1999,1860,1853,-1.659999967,-6.269999981,0.159999996,0.039999999,0,-0.99000001,-178.2400055,-0.460000008
37.42,3245,-2604,3169,-2429,510,2005,1855,1856,-1.659999967,-6.269999981,0.159999996,0.039999999,0,-0.99000001,-178.2400055,-0.479999989
37.43,3304,-2637,3237,-2412,511,1985,1858,1852,-3.640000105,-5.800000191,-1.350000024,0.01,-0.01,-0.980000019,-178.2400055,-0.509999991
37.44,3252,-2608,3184,-2411,511,1988,1858,1852,-3.640000105,-5.800000191,-1.350000024,0.01,-0.01,-0.980000019,-178.2299957,-0.5
37.45,3196,-2569,3129,-2379,511,1985,1859,1872,-2.599999905,-4.269999981,0,0.059999999,-0.02,-0.980000019,-178.2299957,-0.509999991
37.46,3229,-2571,3170,-2396,511,1974,1857,1893,-2.599999905,-4.269999981,0,0.059999999,-0.02,-0.980000019,-178.2400055,-0.529999971
37.47,3171,-2565,3170,-2380,510,1975,1848,1904,-3.029999971,-4.440000057,0.790000022,0.090000004,-0.02,-0.959999979,-178.2299957,-0.569999993
37.48,3197,-2554,3127,-2393,511,1980,1832,1908,-3.029999971,-4.440000057,0.790000022,0.090000004,-0.02,-0.959999979,-178.2299957,-0.620000005
37.49,3290,-2549,3163,-2386,510,1972,1812,1949,-1.419999957,-2.720000029,0.689999998,0.050000001,0,-0.959999979,-178.2200012,-0.670000017
37.5,3331,-2571,3238,-2346,511,1977,1795,1949,-1.419999957,-2.720000029,0.689999998,0.050000001,0,-0.959999979,-178.2200012,-0.689999998
37.51,3164,-2567,3129,-2335,510,1978,1813,1960,-0.75,-2.970000029,-0.529999971,-0.029999999,0,-0.970000029,-178.2299957,-0.660000026
37.52,3213,-2544,3128,-2321,511,1865,1813,1857,-0.75,-2.970000029,-0.529999971,-0.029999999,0,-0.970000029,-178.2200012,-0.629999995
37.53,3233,-2507,3168,-2361,510,1948,1844,1864,-1.409999967,-5.03000021,-0.270000011,0.039999999,0,-0.980000019,-178.2200012,-0.610000014
37.54,3253,-2507,3105,-2352,510,1919,1841,1963,-1.409999967,-5.03000021,-0.270000011,0.039999999,0,-0.980000019,-178.2200012,-0.610000014
37.55,3194,-2528,3120,-2328,510,1850,1829,1881,-1.49000001,-4.570000172,-0.360000014,0.059999999,0,-1,-178.2100067,-0.649999976
37.56,3235,-2535,3089,-2318,510,1860,1829,1881,-1.49000001,-4.570000172,-0.360000014,0.059999999,0,-1,-178.1900024,-0.680000007
37.57,3244,-2537,3133,-2338,510,1975,1834,1879,-1.600000024,-4.940000057,0.439999998,-0.01,0,-0.99000001,-178.1799927,-0.699999988
37.58,3219,-2520,3125,-2344,510,1899,1863,1992,-1.600000024,-4.940000057,0.439999998,-0.01,0,-0.99000001,-178.1799927,-0.670000017
37.59,3256,-2522,3100,-2339,510,1893,1893,1880,-2.180000067,-5.150000095,0.769999981,0.01,-0.02,-0.980000019,-178.1799927,-0.670000017
37.6,3239,-2494,3152,-2340,511,1904,1911,1882,-2.180000067,-5.150000095,0.769999981,0.01,-0.02,-0.980000019,-178.1799927,-0.660000026
37.61,3210,-2480,3106,-2349,510,1898,1915,1877,-1.070000052,-3.75999999,1.25,0.109999999,-0.02,-0.959999979,-178.1699982,-0.699999988
37.62,3230,-2491,3090,-2365,510,1924,1903,1879,-1.070000052,-3.75999999,1.25,0.109999999,-0.02,-0.959999979,-178.1799927,-0.75
37.63,3211,-2511,3151,-2379,510,1930,1903,1874,-0.259999991,-3.450000048,2.319999933,0.07,0,-0.939999998,-178.1699982,-0.800000012
37.64,3245,-2525,3106,-2389,510,1936,1902,1865,-0.259999991,-3.450000048,2.319999933,0.07,0,-0.939999998,-178.1699982,-0.839999974
37.65,3231,-2505,3116,-2393,510,1931,1902,1851,-0.07,-3.470000029,-0.540000022,0,-0.01,-0.920000017,-178.1699982,-0.860000014
37.66,3229,-2512,3129,-2357,510,1932,1902,1837,-0.07,-3.470000029,-0.540000022,0,-0.01,-0.920000017,-178.1699982,-0.850000024
37.67,3199,-2510,3085,-2349,510,1932,1906,1831,-0.75,-3.460000038,-0.150000006,-0.01,-0.02,-0.930000007,-178.1799927,-0.850000024
37.68,3224,-2515,3122,-2359,510,1930,1910,1835,-0.75,-3.460000038,-0.150000006,-0.01,-0.02,-0.930000007,-178.1799927,-0.829999983
37.69,3194,-2503,3158,-2394,510,1932,1915,1834,-1.559999943,-3.390000105,0.829999983,0.029999999,-0.01,-0.930000007,-178.1799927,-0.819999993
37.7,3240,-2499,3134,-2354,510,1932,1922,1834,-1.559999943,-3.390000105,0.829999983,0.029999999,-0.01,-0.930000007,-178.1799927,-0.819999993
37.71,3193,-2513,3101,-2367,511,1929,1920,1823,-1.350000024,-4.079999924,-0.550000012,0.079999998,0.01,-0.930000007,-178.1600037,-0.819999993
37.72,3230,-2518,3140,-2361,510,1938,1920,1813,-1.350000024,-4.079999924,-0.550000012,0.079999998,0.01,-0.930000007,-178.1399994,-0.839999974
37.73,3197,-2517,3104,-2332,510,1944,1915,1805,-0.860000014,-4.710000038,-0.959999979,0.01,-0.01,-0.939999998,-178.1100006,-0.870000005
37.74,3143,-2515,3122,-2378,510,1945,1913,1791,-0.860000014,-4.710000038,-0.959999979,0.01,-0.01,-0.939999998,-178.1000061,-0.860000014
37.75,3305,-2560,3147,-2373,511,1954,1920,1770,-2.369999886,-5.550000191,-1.00999999,-0.050000001,-0.01,-0.939999998,-178.0700073,-0.850000024
37.76,3218,-2547,3168,-2385,511,1951,1923,1746,-2.369999886,-5.550000191,-1.00999999,-0.050000001,-0.01,-0.939999998,-178.0700073,-0.779999971
37.77,3257,-2552,3126,-2369,511,1953,1944,1721,-0.129999995,-5.130000114,0.07,-0.02,0.02,-0.959999979,-178.0399933,-0.759999991
37.78,3271,-2556,3171,-2366,510,1960,1956,1727,-0.129999995,-5.130000114,0.07,-0.02,0.02,-0.959999979,-178.0399933,-0.720000029
37.79,3240,-2572,3156,-2365,511,1958,1970,1740,0.25,-4.78000021,0.360000014,0.039999999,0,-0.959999979,-178.0299988,-0.74000001
37.8,3265,-2579,3164,-2379,511,1981,1983,1740,0.25,-4.78000021,0.360000014,0.039999999,0,-0.959999979,-178.0299988,-0.75
37.81,3359,-2580,3166,-2392,511,1995,1988,1743,1.909999967,-4.010000229,0.140000001,0.059999999,0,-0.959999979,-178.0200043,-0.779999971
37.82,3285,-2585,3200,-2400,511,2028,1990,1752,1.909999967,-4.010000229,0.140000001,0.059999999,0,-0.959999979,-178.0099945,-0.800000012
37.83,3274,-2598,3184,-2409,511,2039,1993,1753,2.660000086,-3.49000001,1.450000048,0.02,0.029999999,-0.949999988,-178,-0.790000022
37.84,3325,-2608,3182,-2428,511,2040,2019,1750,2.660000086,-3.49000001,1.450000048,0.02,0.029999999,-0.949999988,-177.9900055,-0.779999971
37.85,3340,-2608,3219,-2400,511,2050,2034,1747,2.440000057,-3.859999895,-0.949999988,0.039999999,0.02,-0.959999979,-177.9900055,-0.74000001
37.86,3349,-2611,3243,-2415,511,2052,2044,1749,2.440000057,-3.859999895,-0.949999988,0.039999999,0.02,-0.959999979,-177.9700012,-0.74000001
37.87,3364,-2622,3223,-2442,511,2064,2044,1746,1.730000019,-3.25,-1.730000019,0.07,-0.01,-0.959999979,-177.9799957,-0.74000001
37.88,3366,-2620,3227,-2416,511,2073,2041,1760,1.730000019,-3.25,-1.730000019,0.07,-0.01,-0.959999979,-177.9700012,-0.759999991
37.89,3354,-2624,3267,-2441,511,2071,2044,1765,0.159999996,-4.349999905,0.639999986,0.01,-0.039999999,-0.949999988,-177.9799957,-0.759999991
37.9,3385,-2631,3214,-2442,511,2071,2047,1782,0.159999996,-4.349999905,0.639999986,0.01,-0.039999999,-0.949999988,-177.9900055,-0.75
37.91,3401,-2658,3295,-2455,511,2069,2055,1776,-0.360000014,-4.849999905,0.039999999,-0.02,-0.039999999,-0.949999988,-178,-0.720000029
37.92,3408,-2662,3274,-2485,511,2069,2056,1768,-0.360000014,-4.849999905,0.039999999,-0.02,-0.039999999,-0.949999988,-178.0099945,-0.680000007
37.93,3441,-2678,3275,-2484,511,2051,2056,1765,0.930000007,-4.369999886,-0.300000012,0.029999999,-0.02,-0.939999998,-178.0099945,-0.670000017
37.94,3395,-2678,3329,-2488,511,2051,2050,1764,0.930000007,-4.369999886,-0.300000012,0.029999999,-0.02,-0.939999998,-178.0200043,-0.670000017
37.95,3453,-2713,3311,-2497,511,2037,2048,1765,1.210000038,-4.309999943,-0.99000001,-0.01,-0.029999999,-0.939999998,-178.0200043,-0.680000007
37.96,3485,-2738,3324,-2540,511,2038,2045,1765,1.210000038,-4.309999943,-0.99000001,-0.01,-0.029999999,-0.939999998,-178.0299988,-0.670000017
37.97,3420,-2695,3347,-2542,511,2034,2045,1764,0.059999999,-4.269999981,-1.429999948,0.01,-0.039999999,-0.939999998,-178.0299988,-0.680000007
37.98,3480,-2695,3382,-2546,511,2027,2043,1765,0.059999999,-4.269999981,-1.429999948,0.01,-0.039999999,-0.939999998,-178.0399933,-0.660000026
37.99,3560,-2691,3326,-2575,511,1980,2044,1768,-0.270000011,-4.28000021,0.01,0,-0.07,-0.949999988,-178.0500031,-0.660000026
38,3445,-2690,3407,-2567,511,1980,2041,1770,-0.270000011,-4.28000021,0.01,0,-0.07,-0.949999988,-178.0800018,-0.629999995
38.01,3515,-2737,3399,-2572,511,1933,2046,1776,1.019999981,-4.849999905,2.329999924,-0.039999999,0,-0.970000029,-178.0800018,-0.600000024
38.02,3581,-2738,3394,-2588,511,1910,2049,1779,1.019999981,-4.849999905,2.329999924,-0.039999999,0,-0.970000029,-178.1000061,-0.550000012
38.03,3506,-2728,3463,-2603,511,1899,2050,1770,1.230000019,-5.349999905,-0.970000029,-0.01,0.02,-0.980000019,-178.0899963,-0.529999971
38.04,3566,-2750,3424,-2587,511,1899,2051,1762,1.230000019,-5.349999905,-0.970000029,-0.01,0.02,-0.980000019,-178.0800018,-0.49000001
38.05,3588,-2802,3429,-2603,511,1920,2049,1758,1.320000052,-4.980000019,-1.169999957,0.01,0,-1,-178.0599976,-0.5
38.06,3542,-2792,3473,-2650,511,1919,2043,1758,1.320000052,-4.980000019,-1.169999957,0.01,0,-1,-178.0500031,-0.49000001
38.07,3644,-2804,3486,-2669,511,1922,2039,1758,0.829999983,-5.599999905,-0.790000022,-0.050000001,-0.01,-1,-178.0299988,-0.479999989
38.08,3603,-2828,3468,-2662,511,1923,2038,1766,0.829999983,-5.599999905,-0.790000022,-0.050000001,-0.01,-1,-178.0299988,-0.439999998
38.09,3642,-2856,3565,-2645,511,1934,2040,1761,0.200000003,-5.409999847,-0.689999998,0,-0.039999999,-1,-178.0299988,-0.430000007
38.1,3634,-2844,3486,-2705,511,1934,2045,1777,0.200000003,-5.409999847,-0.689999998,0,-0.039999999,-1,-178.0500031,-0.409999996
38.11,3641,-2880,3493,-2724,511,1938,2050,1777,1.129999995,-4.78000021,2.480000019,0.029999999,-0.029999999,-0.980000019,-178.0700073,-0.430000007
38.12,3719,-2904,3538,-2724,511,1936,2058,1815,1.129999995,-4.78000021,2.480000019,0.029999999,-0.029999999,-0.980000019,-178.0899963,-0.439999998
38.13,3610,-2901,3515,-2762,511,1943,2064,1835,3.690000057,-3.50999999,2.50999999,0.050000001,0,-0.949999988,-178.1000061,-0.449999988
38.14,3626,-2915,3542,-2772,511,1943,2064,1852,3.690000057,-3.50999999,2.50999999,0.050000001,0,-0.949999988,-178.1199951,-0.469999999
38.15,3679,-2908,3546,-2791,511,1944,2082,1854,2.799999952,-4.429999828,1.620000005,0.02,0.02,-0.920000017,-178.1199951,-0.439999998
38.16,3622,-2924,3504,-2771,511,1928,2086,1849,2.799999952,-4.429999828,1.620000005,0.02,0.02,-0.920000017,-178.1100006,-0.430000007
38.17,3648,-2908,3591,-2812,511,1913,2085,1852,2.49000001,-5.349999905,-0.029999999,0.079999998,0.050000001,-0.910000026,-178.1000061,-0.419999987
38.18,3691,-2912,3578,-2788,511,1908,2071,1853,2.49000001,-5.349999905,-0.029999999,0.079999998,0.050000001,-0.910000026,-178.0700073,-0.439999998
38.19,3631,-2996,3596,-2828,511,1963,2071,1855,2.109999895,-3.420000076,-0.629999995,0.119999997,0.029999999,-0.920000017,-178.0500031,-0.479999989
38.2,3662,-3000,3621,-2835,511,1963,2056,1851,2.109999895,-3.420000076,-0.629999995,0.119999997,0.029999999,-0.920000017,-178.0200043,-0.529999971
38.21,3709,-2989,3637,-2858,511,2110,2053,1850,1.309999943,-3.230000019,0.400000006,-0.07,0,-0.910000026,-178,-0.529999971
38.22,3681,-3043,3617,-2924,511,2160,2051,1842,1.309999943,-3.230000019,0.400000006,-0.07,0,-0.910000026,-178,-0.479999989
38.23,3750,-3016,3672,-2923,511,2160,2055,1821,0.349999994,-3.119999886,-2.470000029,-0.100000002,-0.109999999,-0.879999995,-178.0299988,-0.389999986
38.24,3679,-3028,3654,-2941,511,2140,2055,1817,0.349999994,-3.119999886,-2.470000029,-0.100000002,-0.109999999,-0.879999995,-178.0800018,-0.310000002
38.25,3665,-3046,3655,-3001,511,2092,2079,1823,1.980000019,-4.210000038,1.75999999,0.090000004,-0.090000004,-0.829999983,-178.1199951,-0.270000011
38.26,3736,-3085,3665,-3055,511,2092,2081,1834,1.980000019,-4.210000038,1.75999999,0.090000004,-0.090000004,-0.829999983,-178.1900024,-0.300000012
38.27,3690,-3110,3610,-3057,511,2078,2071,1845,3.539999962,-3.970000029,1.50999999,0.170000002,-0.029999999,-0.720000029,-178.2299957,-0.389999986
38.28,3676,-3171,3638,-3114,511,2068,2055,1895,3.539999962,-3.970000029,1.50999999,0.170000002,-0.029999999,-0.720000029,-178.2599945,-0.479999989
38.29,3626,-3181,3614,-3165,511,2065,2042,1906,3.930000067,-2.180000067,0.310000002,0.029999999,0,-0.589999974,-178.2799988,-0.529999971
38.3,3564,-3203,3552,-3188,511,2065,2034,1920,3.930000067,-2.180000067,0.310000002,0.029999999,0,-0.589999974,-178.2899933,-0.540000022
38.31,3605,-3258,3612,-3263,511,2070,2034,1913,2.099999905,-1.269999981,-1.24000001,-0.039999999,0,-0.449999988,-178.2899933,-0.5
38.32,3570,-3260,3563,-3258,511,2083,2031,1915,2.099999905,-1.269999981,-1.24000001,-0.039999999,0,-0.449999988,-178.2799988,-0.469999999
38.33,3566,-3303,3557,-3291,511,2105,2017,1913,1.139999986,-1.059999943,0.560000002,0.079999998,0,-0.349999994,-178.2599945,-0.469999999
38.34,3538,-3326,3585,-3346,511,2121,2017,1915,1.139999986,-1.059999943,0.560000002,0.079999998,0,-0.349999994,-178.25,-0.509999991
38.35,3551,-3378,3539,-3324,511,2139,2000,1915,1.289999962,-0.259999991,-0.409999996,0.079999998,0,-0.289999992,-178.2400055,-0.579999983
38.36,3543,-3363,3568,-3361,511,2139,1968,1914,1.289999962,-0.259999991,-0.409999996,0.079999998,0,-0.289999992,-178.25,-0.620000005
38.37,3593,-3378,3574,-3399,511,2132,1965,1923,1.210000038,0.819999993,1.080000043,-0.029999999,0.02,-0.25,-178.25,-0.620000005
38.38,3525,-3396,3533,-3387,511,2143,1966,1923,1.210000038,0.819999993,1.080000043,-0.029999999,0.02,-0.25,-178.2400055,-0.600000024
38.39,3514,-3441,3613,-3423,511,2141,1967,1927,0.860000014,-0.270000011,-0.720000029,-0.029999999,0.01,-0.200000003,-178.2400055,-0.550000012
38.4,3565,-3431,3552,-3465,511,2139,1966,1926,0.860000014,-0.270000011,-0.720000029,-0.029999999,0.01,-0.200000003,-178.2299957,-0.519999981
38.41,3515,-3488,3555,-3429,511,2167,1964,1925,0.980000019,0.02,-1.480000019,0.090000004,-0.02,-0.150000006,-178.2299957,-0.540000022
38.42,3532,-3471,3586,-3505,511,2194,1954,1933,0.980000019,0.02,-1.480000019,0.090000004,-0.02,-0.150000006,-178.2299957,-0.589999974
38.43,3593,-3483,3566,-3514,511,2217,1934,1927,0.810000002,-0.409999996,0.920000017,0.039999999,-0.039999999,-0.079999998,-178.2400055,-0.649999976
38.44,3494,-3545,3562,-3513,511,2226,1896,1935,0.810000002,-0.409999996,0.920000017,0.039999999,-0.039999999,-0.079999998,-178.2700043,-0.689999998
38.45,3534,-3530,3584,-3556,511,2225,1896,1929,1.909999967,0.189999998,-1.480000019,-0.029999999,-0.07,-0.029999999,-178.3000031,-0.720000029
38.46,3580,-3591,3562,-3588,511,2225,1914,1912,1.909999967,0.189999998,-1.480000019,-0.029999999,-0.07,-0.029999999,-178.3500061,-0.699999988
38.47,3496,-3573,3577,-3594,512,2213,1934,1939,2.430000067,1.179999948,0.839999974,0.090000004,-0.050000001,0.02,-178.3899994,-0.709999979
38.48,3586,-3538,3590,-3585,512,2209,1961,2005,2.430000067,1.179999948,0.839999974,0.090000004,-0.050000001,0.02,-178.4199982,-0.769999981
38.49,3555,-3562,3537,-3693,512,2179,1961,2099,2.549999952,1.220000029,4.650000095,-0.029999999,0,0.050000001,-178.4400024,-0.800000012
38.5,3491,-3641,3558,-3613,511,2179,1962,2181,2.549999952,1.220000029,4.650000095,-0.029999999,0,0.050000001,-178.4499969,-0.790000022
38.51,3589,-3646,3573,-3635,511,2179,1948,2204,2.539999962,1.710000038,0.839999974,-0.01,0.079999998,0.07,-178.4299927,-0.759999991
38.52,3586,-3648,3537,-3674,511,2166,1932,2191,2.539999962,1.710000038,0.839999974,-0.01,0.079999998,0.07,-178.3899994,-0.74000001
38.53,3546,-3679,3578,-3685,512,2168,1902,2174,1.840000033,1.210000038,0.730000019,0.029999999,0.050000001,0.100000002,-178.3500061,-0.74000001
38.54,3615,-3655,3607,-3696,512,2170,1826,2175,1.840000033,1.210000038,0.730000019,0.029999999,0.050000001,0.100000002,-178.3200073,-0.769999981
38.55,3550,-3702,3568,-3688,511,2169,1778,2175,3.109999895,1.779999971,0,-0.090000004,0.039999999,0.109999999,-178.2799988,-0.779999971
38.56,3591,-3705,3603,-3749,511,2173,1735,2156,3.109999895,1.779999971,0,-0.090000004,0.039999999,0.109999999,-178.2599945,-0.74000001
38.57,3629,-3736,3596,-3776,511,2165,1716,2144,1.120000005,0.479999989,-2.589999914,-0.129999995,-0.01,0.140000001,-178.2599945,-0.660000026
38.58,3602,-3812,3608,-3716,511,2167,1725,2144,1.120000005,0.479999989,-2.589999914,-0.129999995,-0.01,0.140000001,-178.2599945,-0.589999974
38.59,3626,-3774,3660,-3793,511,2181,1752,2104,1.049999952,0.109999999,-1.299999952,0,-0.090000004,0.180000007,-178.2799988,-0.550000012
38.6,3605,-3787,3575,-3805,511,2180,1813,2118,1.049999952,0.109999999,-1.299999952,0,-0.090000004,0.180000007,-178.3099976,-0.529999971
38.61,3561,-3795,3653,-3824,511,2165,1819,2132,1.100000024,0.550000012,3.50999999,0.01,-0.050000001,0.200000003,-178.3500061,-0.540000022
38.62,3642,-3797,3649,-3856,511,2159,1813,2119,1.100000024,0.550000012,3.50999999,0.01,-0.050000001,0.200000003,-178.3800049,-0.560000002
38.63,3609,-3823,3588,-3797,511,2152,1805,2105,3.24000001,1.519999981,0.360000014,-0.01,0,0.219999999,-178.3899994,-0.550000012
38.64,3555,-3833,3667,-3836,511,2152,1805,2095,3.24000001,1.519999981,0.360000014,-0.01,0,0.219999999,-178.4199982,-0.540000022
38.65,3630,-3866,3625,-3843,511,2136,1802,2079,2.190000057,1.980000019,-1.450000048,-0.050000001,-0.050000001,0.239999995,-178.4499969,-0.519999981
38.66,3648,-3821,3632,-3879,512,2136,1799,2073,2.190000057,1.980000019,-1.450000048,-0.050000001,-0.050000001,0.239999995,-178.4700012,-0.509999991
38.67,3637,-3907,3690,-3914,511,2131,1803,2066,2.349999905,1.710000038,-1.620000005,0.01,-0.01,0.259999991,-178.4900055,-0.49000001
38.68,3714,-3913,3658,-3898,512,2177,1815,2066,2.349999905,1.710000038,-1.620000005,0.01,-0.01,0.259999991,-178.5099945,-0.5
38.69,3635,-3900,3665,-3909,511,2218,1828,2083,2.74000001,1.799999952,0.610000014,0.050000001,-0.119999997,0.289999992,-178.5500031,-0.519999981
38.7,3658,-3918,3715,-3978,512,2245,1828,2079,2.74000001,1.799999952,0.610000014,0.050000001,-0.119999997,0.289999992,-178.6000061,-0.560000002
38.71,3723,-3945,3651,-3947,512,2224,1838,2076,1.360000014,2.049999952,0.589999974,0.02,-0.029999999,0.300000012,-178.6300049,-0.579999983
38.72,3669,-3931,3687,-3967,512,2224,1833,2076,1.360000014,2.049999952,0.589999974,0.02,-0.029999999,0.300000012,-178.6600037,-0.589999974
38.73,3741,-4001,3733,-3982,511,2183,1827,2053,1.169999957,2.410000086,-0.159999996,0.029999999,-0.02,0.310000002,-178.6900024,-0.600000024
38.74,3708,-3975,3682,-3989,511,2181,1817,2044,1.169999957,2.410000086,-0.159999996,0.029999999,-0.02,0.310000002,-178.7200012,-0.629999995
38.75,3712,-4011,3747,-4035,511,2174,1820,2045,0.930000007,1.75,-0.699999988,0,-0.039999999,0.319999993,-178.7400055,-0.649999976
38.76,3765,-3998,3731,-3984,511,2174,1820,2042,0.930000007,1.75,-0.699999988,0,-0.039999999,0.319999993,-178.7599945,-0.670000017
38.77,3743,-3998,3722,-4046,512,2166,1842,2040,3.970000029,1.600000024,0.349999994,0.07,0,0.319999993,-178.7700043,-0.699999988
38.78,3777,-4057,3788,-3987,512,2164,1855,2047,3.970000029,1.600000024,0.349999994,0.07,0,0.319999993,-178.7899933,-0.74000001
38.79,3749,-4044,3724,-4035,511,2163,1860,2054,2.039999962,1.379999995,-0.360000014,0.119999997,0.029999999,0.319999993,-178.8000031,-0.779999971
38.8,3751,-4065,3773,-4083,511,2182,1861,2068,2.039999962,1.379999995,-0.360000014,0.119999997,0.029999999,0.319999993,-178.7700043,-0.850000024
38.81,3792,-4088,3755,-4047,511,2197,1861,2083,1.190000057,2.140000105,1.389999986,0.01,0.029999999,0.319999993,-178.7599945,-0.889999986
38.82,3779,-4065,3757,-4092,512,2218,1859,2096,1.190000057,2.140000105,1.389999986,0.01,0.029999999,0.319999993,-178.7400055,-0.910000026
38.83,3768,-4087,3832,-4059,512,2250,1857,2100,-0.079999998,3.369999886,1.99000001,-0.129999995,0.02,0.330000013,-178.7100067,-0.889999986
38.84,3779,-4080,3750,-4082,511,2244,1856,2097,-0.079999998,3.369999886,1.99000001,-0.129999995,0.02,0.330000013,-178.6999969,-0.829999983
38.85,3747,-4089,3821,-4075,512,2235,1856,2093,0.620000005,3.25999999,0.039999999,-0.090000004,0.039999999,0.330000013,-178.6999969,-0.829999983
38.86,3834,-4085,3825,-4089,512,2235,1857,2078,0.620000005,3.25999999,0.039999999,-0.090000004,0.039999999,0.330000013,-178.6399994,-0.699999988
38.87,3851,-4115,3789,-4151,512,2243,1842,2057,1.850000024,2.690000057,-0.140000001,-0.050000001,0.059999999,0.319999993,-178.6100006,-0.680000007
38.88,3779,-4120,3878,-4119,512,2240,1831,2052,1.850000024,2.690000057,-0.140000001,-0.050000001,0.059999999,0.319999993,-178.5800018,-0.649999976
38.89,3881,-4079,3872,-4120,512,2238,1831,2045,1.99000001,2.720000029,-1.370000005,-0.119999997,0,0.310000002,-178.5700073,-0.610000014
38.9,3858,-4115,3862,-4168,512,2240,1838,1984,1.99000001,2.720000029,-1.370000005,-0.119999997,0,0.310000002,-178.5599976,-0.550000012
38.91,3900,-4167,3928,-4149,512,2221,1838,1946,-0.300000012,1.25999999,-1.840000033,-0.07,0,0.300000012,-178.5500031,-0.49000001
38.92,3953,-4183,3861,-4187,512,2221,1834,1947,-0.300000012,1.25999999,-1.840000033,-0.07,0,0.300000012,-178.5500031,-0.449999988
38.93,3853,-4130,3922,-4191,512,2149,1849,1987,1.029999971,1.700000048,2,-0.039999999,0,0.300000012,-178.5599976,-0.430000007
38.94,3927,-4154,3931,-4191,512,2116,1879,2034,1.029999971,1.700000048,2,-0.039999999,0,0.300000012,-178.5700073,-0.409999996
38.95,3946,-4181,3896,-4160,512,2106,1909,2067,0.5,1.570000052,1.460000038,0.01,0.079999998,0.289999992,-178.5700073,-0.409999996
38.96,3932,-4160,3969,-4190,512,2106,1921,2048,0.5,1.570000052,1.460000038,0.01,0.079999998,0.289999992,-178.5099945,-0.379999995
38.97,3964,-4224,3944,-4226,512,2121,1897,2027,-0.280000001,1.309999943,0.170000002,0,0.090000004,0.289999992,-178.4499969,-0.389999986
38.98,3913,-4210,3924,-4186,513,2121,1887,2008,-0.280000001,1.309999943,0.170000002,0,0.090000004,0.289999992,-178.3899994,-0.400000006
38.99,3996,-4205,3991,-4247,512,2120,1886,2008,0.920000017,0.389999986,-1,0.02,0.079999998,0.280000001,-178.3300018,-0.409999996
39,4004,-4262,3955,-4174,512,2126,1860,1971,0.920000017,0.389999986,-1,0.02,0.079999998,0.280000001,-178.2899933,-0.409999996
39.01,3993,-4225,4036,-4244,512,2131,1860,1952,0.74000001,1.139999986,-2.75,0.029999999,0.02,0.259999991,-178.25,-0.439999998
39.02,4048,-4206,3977,-4186,512,2131,1829,1948,0.74000001,1.139999986,-2.75,0.029999999,0.02,0.259999991,-178.2200012,-0.469999999
39.03,3976,-4205,4064,-4205,512,2126,1833,1947,1.190000057,1.24000001,-0.939999998,-0.059999999,-0.02,0.200000003,-178.2100067,-0.479999989
39.04,4083,-4190,4099,-4183,512,2132,1852,1942,1.190000057,1.24000001,-0.939999998,-0.059999999,-0.02,0.200000003,-178.2200012,-0.460000008
39.05,4061,-4175,4076,-4174,512,2120,1888,1951,1.830000043,0.930000007,1.25,0,0,0.129999995,-178.2200012,-0.460000008
39.06,4073,-4121,4148,-4218,513,2111,1930,1977,1.830000043,0.930000007,1.25,0,0,0.129999995,-178.2400055,-0.439999998
39.07,4138,-4122,4134,-4141,512,2091,1961,1981,1.330000043,-0.170000002,2.549999952,-0.01,0.01,0.02,-178.2400055,-0.449999988
39.08,4095,-4096,4163,-4104,513,2091,1954,1978,1.330000043,-0.170000002,2.549999952,-0.01,0.01,0.02,-178.2299957,-0.449999988
39.09,4239,-4085,4210,-4139,513,2089,1943,1964,0.460000008,0.01,-0.600000024,-0.129999995,0.02,-0.090000004,-178.2200012,-0.419999987
39.1,4189,-4069,4241,-4096,513,2069,1938,1926,0.460000008,0.01,-0.600000024,-0.129999995,0.02,-0.090000004,-178.1900024,-0.340000004
39.11,4249,-4057,4274,-4104,513,1996,1938,1895,-0.360000014,-1.99000001,-1.559999943,-0.150000006,0.039999999,-0.200000003,-178.1799927,-0.239999995
39.12,4254,-4041,4249,-4033,513,1996,1934,1856,1.139999986,-2.609999895,0.550000012,-0.119999997,0.029999999,-0.239999995,-178.1499939,-0.059999999
39.13,4280,-4033,4296,-4054,512,1945,1930,1856,1.139999986,-2.609999895,0.550000012,-0.119999997,0.029999999,-0.239999995,-178.1499939,-0.059999999
39.14,4370,-4078,4327,-4039,513,1857,1935,1851,0.730000019,-2.460000038,-2.079999924,-0.100000002,-0.029999999,-0.300000012,-178.1499939,0
39.15,4324,-3997,4320,-4009,513,1830,1945,1845,-1.320000052,-4.03000021,-2.170000076,-0.119999997,0,-0.340000004,-178.1300049,0.07
39.16,4370,-4018,4379,-4026,513,1813,1956,1832,1.129999995,-4.130000114,1.549999952,-0.090000004,0.039999999,-0.389999986,-178.1199951,0.129999995
39.17,4322,-4034,4337,-3951,512,1800,1960,1802,-0.949999988,-5.28000021,-0.720000029,-0.050000001,0.01,-0.430000007,-178.1100006,0.180000007
39.18,4421,-3979,4410,-3951,513,1780,1959,1777,0.379999995,-4.429999828,-1.75,0.02,0.039999999,-0.469999999,-178.0800018,0.180000007
39.19,4376,-3985,4409,-3938,513,1750,1952,1824,-0.790000022,-6.159999847,-0.119999997,0.01,0.029999999,-0.519999981,-178.0700073,0.180000007
39.2,4411,-3949,4406,-3890,513,1729,1951,1792,-2.049999952,-5.28000021,-0.07,0.029999999,0.01,-0.560000002,-178.0500031,0.159999996
39.21,4429,-3926,4355,-3897,512,1716,1948,1786,-1.059999943,-5.320000172,0.469999999,-0.02,0.050000001,-0.610000014,-178.0200043,0.170000002
39.22,4401,-3900,4485,-3847,513,1709,1951,1781,-1.830000043,-6.309999943,0.709999979,0,0.07,-0.649999976,-178.0099945,0.200000003
39.23,4392,-3854,4428,-3799,513,1766,1974,1872,-0.360000014,-5.579999924,0.879999995,0,0,-0.689999998,-177.9900055,0.209999993
39.24,4325,-3825,4448,-3807,513,1724,1984,1854,-2.5,-6.46999979,-1.970000029,0.050000001,0.029999999,-0.730000019,-177.9600067,0.209999993
39.25,4460,-3762,4455,-3730,513,1736,1990,1718,0.360000014,-4.739999771,1.960000038,0.090000004,0.090000004,-0.779999971,-177.9199982,0.159999996
39.26,4449,-3734,4455,-3733,513,1830,1983,1804,-3.420000076,-7,-0.680000007,0.02,0.050000001,-0.810000002,-177.8899994,0.180000007
39.27,4473,-3735,4486,-3702,513,1727,1980,1664,-0.259999991,-4.730000019,-0.449999988,0.01,0.100000002,-0.860000014,-177.8300018,0.170000002
39.28,4455,-3725,4500,-3672,513,1839,1983,1770,-2.470000029,-7.940000057,-0.140000001,-0.059999999,0.079999998,-0.910000026,-177.7899933,0.230000004
39.29,4498,-3703,4495,-3658,513,1769,1983,1629,-0.150000006,-4.639999866,-0.680000007,0.029999999,0.050000001,-0.949999988,-177.75,0.230000004
39.3,4602,-3669,4510,-3652,513,1891,2002,1647,-3.150000095,-6.820000172,-0.109999999,-0.039999999,0.059999999,-0.99000001,-177.7100067,0.280000001
39.31,4545,-3644,4542,-3612,513,1896,2002,1556,-0.730000019,-6.449999809,0.140000001,0.01,0.119999997,-1.049999952,-177.6499939,0.300000012
39.32,4580,-3638,4533,-3589,513,1783,1996,1474,-1.830000043,-7.139999866,-1.940000057,-0.029999999,0.029999999,-1.090000033,-177.6300049,0.340000004
39.33,4594,-3697,4518,-3569,513,1785,1996,1483,-1.389999986,-6.570000172,-3.579999924,0.039999999,0.100000002,-1.129999995,-177.5700073,0.349999994
39.34,4614,-3742,4548,-3575,513,1778,1990,1522,-1.74000001,-9.029999733,1.629999995,-0.02,0.059999999,-1.149999976,-177.5500031,0.389999986
39.35,4590,-3735,4533,-3543,513,1783,1995,1527,-1.590000033,-6.710000038,-1.269999981,0,0.050000001,-1.179999948,-177.5500031,0.389999986
39.36,4656,-3700,4555,-3512,513,1779,1997,1503,-0.280000001,-8.229999542,0.129999995,-0.01,0.059999999,-1.200000048,-177.4900055,0.449999988
39.37,4605,-3740,4528,-3529,513,1780,1997,1507,-2.650000095,-9.100000381,-1.230000019,0,0,-1.220000029,-177.4700012,0.479999989
39.38,4612,-3728,4540,-3534,512,1777,2000,1515,-0.07,-9.659999847,-0.790000022,0.039999999,0.039999999,-1.220000029,-177.4499969,0.49000001
39.39,4580,-3694,4553,-3531,512,1786,2006,1523,-1.379999995,-8.869999886,0.620000005,0.109999999,0.01,-1.220000029,-177.4400024,0.449999988
39.4,4569,-3689,4566,-3527,512,1815,2017,1537,-0.400000006,-8.880000114,-0.620000005,0.180000007,0.02,-1.220000029,-177.4299927,0.379999995
39.41,4543,-3702,4477,-3520,512,1842,2030,1570,-1.25999999,-9.460000038,1.110000014,0.159999996,0.029999999,-1.210000038,-177.4199982,0.330000013
39.42,4557,-3754,4502,-3519,512,1896,2041,1585,-0.600000024,-9.359999657,1.470000029,0.170000002,0.029999999,-1.190000057,-177.4100037,0.259999991
39.43,4571,-3761,4482,-3525,512,1936,2042,1587,0.01,-8.789999962,2.799999952,0.07,0.02,-1.169999957,-177.3999939,0.230000004
39.44,4507,-3736,4471,-3529,512,1960,2034,1570,0.230000004,-6.550000191,0.01,0.07,0.02,-1.149999976,-177.3899994,0.219999999
39.45,4588,-3719,4482,-3535,512,1961,2026,1542,0.519999981,-8.170000076,-0.939999998,-0.059999999,0,-1.139999986,-177.3899994,0.219999999
39.46,4557,-3721,4505,-3543,512,1962,2023,1475,-0.389999986,-6.099999905,-1.75,-0.01,0.01,-1.149999976,-177.3699951,0.319999993
39.47,4627,-3714,4529,-3555,512,1972,2022,1456,-0.980000019,-7.900000095,-1.879999995,-0.029999999,-0.039999999,-1.139999986,-177.3899994,0.360000014
39.48,4534,-3756,4492,-3573,512,1983,2022,1451,-0.310000002,-6.599999905,-2.450000048,0.050000001,-0.02,-1.149999976,-177.4100037,0.370000005
39.49,4647,-3733,4518,-3595,512,2001,2010,1471,-0.310000002,-5.409999847,-1.049999952,0.150000006,-0.07,-1.139999986,-177.4499969,0.319999993
39.5,4559,-3719,4475,-3616,512,2014,1992,1495,0,-6.710000038,-2.920000076,0.079999998,-0.090000004,-1.120000005,-177.5099945,0.300000012
39.51,4570,-3728,4531,-3603,512,2005,1979,1545,0.870000005,-5.760000229,0.07,0.050000001,-0.119999997,-1.090000033,-177.5899963,0.280000001
39.52,4484,-3764,4477,-3649,512,1991,1982,1574,0.400000006,-5.78000021,-1.950000048,0.07,-0.150000006,-1.059999943,-177.6799927,0.259999991
39.53,4531,-3795,4433,-3712,512,1970,1993,1614,0.449999988,-7.079999924,-2.470000029,0.119999997,-0.140000001,-1,-177.7700043,0.239999995
39.54,4450,-3830,4433,-3739,512,1945,1999,1664,1.539999962,-6.420000076,2.25999999,0.140000001,-0.129999995,-0.939999998,-177.8600006,0.170000002
39.55,4411,-3887,4414,-3743,512,1916,1998,1738,0.689999998,-6.5,0.519999981,0.159999996,-0.129999995,-0.870000005,-177.9400024,0.090000004
39.56,4386,-3950,4327,-3800,512,1914,1998,1886,2.079999924,-5.420000076,1.220000029,0.140000001,-0.079999998,-0.800000012,-177.9900055,0.02
39.57,4334,-4033,4362,-3813,512,1930,2000,1933,0.75,-4.989999771,2.690000057,0.059999999,-0.059999999,-0.730000019,-178.0299988,0
39.58,4317,-3977,4345,-3799,513,1945,2007,1944,2.25,-3.700000048,2.819999933,0.059999999,-0.01,-0.670000017,-178.0500031,-0.02
39.59,4245,-3839,4305,-3915,513,1961,2020,1947,-0.319999993,-3.849999905,1.610000014,0.059999999,0,-0.600000024,-178.0500031,-0.039999999
39.6,4289,-3922,4293,-3896,512,1997,2010,1947,3.160000086,-3.029999971,1.820000052,0.119999997,0.07,-0.560000002,-178.0200043,-0.100000002
39.61,4256,-4003,4256,-3843,513,2026,1998,1936,-0.829999983,-1.659999967,0.800000012,0.090000004,0.050000001,-0.519999981,-177.9900055,-0.140000001
39.62,4301,-3907,4297,-3912,513,2057,1977,1921,1.529999971,-2.460000038,-0.079999998,0.07,0.07,-0.5,-177.9499969,-0.180000007
39.63,4290,-3931,4312,-3862,512,2094,1948,1893,0.430000007,-0.899999976,0.699999988,-0.01,0.050000001,-0.49000001,-177.9199982,-0.180000007
39.64,4259,-3969,4307,-3943,512,2113,1916,1863,1.070000052,-1.139999986,-1.50999999,-0.029999999,0.050000001,-0.479999989,-177.8800049,-0.150000006
39.65,4368,-3938,4311,-3921,513,2123,1920,1848,0.189999998,-0.280000001,-1.620000005,-0.090000004,0.02,-0.49000001,-177.8600006,-0.090000004
39.66,4323,-3963,4307,-3890,513,2119,1926,1843,1.129999995,-1.980000019,-0.870000005,-0.109999999,0,-0.49000001,-177.8600006,-0.02
39.67,4377,-3928,4360,-3914,513,2114,1932,1850,-0.239999995,-1.879999995,-0.959999979,-0.029999999,-0.02,-0.5,-177.8699951,0.01
39.68,4331,-3933,4340,-3897,513,2119,1951,1862,0.330000013,-2.549999952,0,-0.059999999,-0.01,-0.509999991,-177.8800049,0.059999999
39.69,4368,-3964,4362,-3915,513,2125,2020,1873,0.99000001,-3.589999914,0.589999974,-0.01,-0.02,-0.509999991,-177.8999939,0.100000002
39.7,4359,-3945,4337,-3961,513,2118,2036,1880,0.829999983,-3.150000095,1.639999986,0,-0.039999999,-0.509999991,-177.9199982,0.100000002
39.71,4349,-3943,4340,-3933,513,2085,2042,1889,0.189999998,-4.289999962,0.430000007,0.039999999,0,-0.5,-177.9299927,0.100000002
39.72,4328,-3964,4349,-3953,513,2064,2046,1902,2.619999886,-3.470000029,3.710000038,0.01,0.01,-0.49000001,-177.9199982,0.090000004
39.73,4318,-3973,4332,-3983,513,2042,2047,1895,0.259999991,-4.179999828,1,-0.029999999,0.02,-0.469999999,-177.8999939,0.109999999
39.74,4359,-4009,4350,-3959,513,2017,2042,1894,3.140000105,-2.410000086,0.670000017,0.01,0.079999998,-0.460000008,-177.8399963,0.119999997
39.75,4303,-3998,4337,-3999,513,2005,2033,1890,0.529999971,-3.839999914,0.109999999,-0.01,0.109999999,-0.439999998,-177.7899933,0.140000001
39.76,4310,-4020,4375,-3994,513,2007,2016,1881,2.529999971,-2,0.850000024,0.050000001,0.129999995,-0.419999987,-177.7100067,0.119999997
39.77,4279,-4021,4306,-4041,513,2015,1997,1861,0.090000004,-3.079999924,-0.670000017,0.01,0.109999999,-0.400000006,-177.6399994,0.119999997
39.78,4330,-4071,4350,-4005,513,2019,1979,1843,2.450000048,-2.210000038,-0.49000001,0.07,0.129999995,-0.389999986,-177.5599976,0.090000004
39.79,4350,-4096,4339,-4089,513,2018,1929,1812,1.100000024,-1.879999995,-1.830000043,0.01,0.059999999,-0.379999995,-177.5099945,0.079999998
39.8,4264,-4091,4356,-4080,513,2016,1896,1793,2.220000029,-2.24000001,-3.720000029,0.050000001,0.090000004,-0.360000014,-177.4600067,0.07
39.81,4375,-4122,4367,-4087,513,2014,1865,1790,2.119999886,-1.919999957,-1.629999995,0.02,0.02,-0.340000004,-177.4299927,0.050000001
39.82,4271,-4142,4338,-4144,513,2002,1855,1823,0.920000017,-1.840000033,-4.46999979,0.07,0.029999999,-0.310000002,-177.3999939,0.029999999
39.83,4385,-4179,4372,-4125,513,2000,1863,1840,0.980000019,-1.75999999,0.079999998,0.02,0.059999999,-0.280000001,-177.3800049,0.02
39.84,4284,-4185,4312,-4195,513,1999,1874,1862,2.00999999,-1.580000043,0.689999998,0.01,0.050000001,-0.239999995,-177.3600006,0.01
39.85,4321,-4182,4357,-4180,513,2002,1872,1875,2.059999943,-1.019999981,0.230000004,0.02,0.050000001,-0.200000003,-177.3399963,0.01
39.86,4348,-4239,4304,-4264,513,2017,1871,1885,3.059999943,-0.670000017,-0.939999998,0.01,0.01,-0.170000002,-177.3200073,0
39.87,4322,-4219,4332,-4237,513,2043,1877,1941,0.140000001,-0.819999993,-1.440000057,0.039999999,0.02,-0.129999995,-177.3000031,0
39.88,4320,-4282,4369,-4254,513,2064,1889,1977,3.849999905,-0.49000001,1.350000024,0.059999999,0.01,-0.100000002,-177.2799988,-0.050000001
39.89,4286,-4243,4294,-4309,513,2071,1898,2004,-1.029999971,-0.610000014,0.059999999,0.059999999,0.02,-0.079999998,-177.2599945,-0.079999998
39.9,4316,-4254,4341,-4301,513,2079,1900,2026,4.110000134,1.24000001,1.470000029,0.090000004,0.100000002,-0.059999999,-177.2200012,-0.129999995
39.91,4284,-4351,4318,-4305,513,2092,1899,2046,0.759999991,0.159999996,2.25,0.02,0.050000001,-0.029999999,-177.1999969,-0.140000001
39.92,4338,-4355,4363,-4386,514,2095,1889,2072,1.289999962,1.549999952,-0.389999986,0.029999999,0.079999998,0,-177.1499939,-0.170000002
39.93,4241,-4367,4250,-4358,513,2092,1867,2066,2.430000067,1.539999962,2.599999905,0,0.119999997,0.02,-177.1000061,-0.170000002
39.94,4278,-4391,4356,-4424,513,2097,1830,2057,3.140000105,1.659999967,-0.319999993,0.050000001,0.050000001,0.059999999,-177.0599976,-0.189999998
39.95,4311,-4444,4298,-4466,513,2114,1755,2055,1.860000014,1.139999986,-2.650000095,0.02,0.01,0.100000002,-177.0200043,-0.209999993
39.96,4250,-4438,4327,-4467,513,2106,1729,2064,1.99000001,1.440000057,-0.800000012,0.059999999,0.02,0.129999995,-177,-0.259999991
39.97,4295,-4516,4312,-4473,513,2093,1700,2071,1.360000014,1.970000029,-0.189999998,0.050000001,0,0.170000002,-176.9799957,-0.300000012
39.98,4248,-4522,4283,-4557,513,2087,1674,2077,2.130000114,0.730000019,-2.130000114,0.090000004,0.039999999,0.209999993,-176.9700012,-0.349999994
39.99,4309,-4574,4328,-4549,513,2080,1657,2079,1,1.799999952,0.74000001,0.090000004,0.01,0.239999995,-176.9700012,-0.409999996
40,4293,-4613,4272,-4579,513,2082,1642,2085,3.400000095,1.559999943,-2.140000105,0.079999998,0,0.280000001,-176.9700012,-0.469999999
40.01,4249,-4597,4294,-4573,513,2115,1643,2106,0.029999999,2.910000086,1.480000019,0.02,0,0.319999993,-176.9799957,-0.5
40.02,4314,-4635,4266,-4673,513,2129,1648,2120,3.650000095,2.700000048,0.100000002,-0.039999999,-0.039999999,0.360000014,-176.9900055,-0.5
40.03,4265,-4652,4242,-4637,513,2138,1652,2121,1.129999995,4.019999981,0.939999998,0,-0.029999999,0.389999986,-177,-0.509999991
40.04,4358,-4688,4303,-4655,513,2147,1652,2119,2.720000029,3.109999895,-2.039999962,0.050000001,-0.07,0.430000007,-177.0299988,-0.540000022
40.05,4276,-4671,4271,-4665,513,2162,1651,2122,0.119999997,3.420000076,-1.75999999,0.050000001,-0.039999999,0.449999988,-177.0399933,-0.589999974
40.06,4313,-4694,4317,-4726,513,2148,1652,2135,2.5,4.480000019,1.919999957,0.079999998,-0.02,0.469999999,-177.0700073,-0.649999976
40.07,4309,-4682,4274,-4707,513,2114,1653,2147,1.120000005,3.920000076,-0.75,0.029999999,-0.059999999,0.49000001,-177.1100006,-0.680000007
40.08,4321,-4731,4306,-4730,513,2081,1655,2169,1.629999995,3.710000038,-0.280000001,0.029999999,0,0.49000001,-177.1199951,-0.709999979
40.09,4331,-4703,4325,-4784,513,2062,1659,2168,2,4.630000114,1.850000024,0,0,0.5,-177.1300049,-0.74000001
40.1,4317,-4762,4314,-4759,513,2066,1651,2156,1.769999981,4.380000114,-0.140000001,0.02,0.050000001,0.49000001,-177.1199951,-0.759999991
40.11,4399,-4735,4323,-4791,513,2074,1642,2152,2.690000057,4.260000229,-0.449999988,0,-0.02,0.5,-177.1199951,-0.790000022
40.12,4347,-4798,4367,-4769,513,2084,1638,2153,-1.049999952,4.539999962,-2.160000086,0.02,0.01,0.49000001,-177.1100006,-0.819999993
40.13,4398,-4735,4413,-4791,513,2081,1625,2154,4.119999886,4.050000191,2,0.029999999,0.029999999,0.49000001,-177.1100006,-0.860000014
40.14,4321,-4857,4343,-4777,513,2091,1621,2158,-1.730000019,4.590000153,-1.279999971,0,-0.029999999,0.479999989,-177.1300049,-0.870000005
40.15,4419,-4804,4373,-4817,513,2102,1655,2161,3.799999952,3.99000001,0.029999999,-0.050000001,0.02,0.469999999,-177.1399994,-0.860000014
40.16,4447,-4842,4393,-4774,513,2107,1684,2161,1.25,3.650000095,3.839999914,-0.059999999,-0.039999999,0.479999989,-177.1799927,-0.839999974
40.17,4397,-4845,4455,-4825,513,2103,1693,2157,2.910000086,2.640000105,-1.830000043,-0.029999999,-0.090000004,0.479999989,-177.1999969,-0.829999983
40.18,4459,-4845,4425,-4796,513,2109,1690,2154,1.549999952,3.549999952,-0.430000007,0.02,-0.039999999,0.469999999,-177.2200012,-0.860000014
40.19,4446,-4832,4447,-4858,513,2113,1696,2151,0.460000008,2.369999886,0.230000004,0,-0.050000001,0.460000008,-177.25,-0.870000005
40.2,4528,-4849,4493,-4786,513,2137,1716,2149,2.779999971,2.710000038,0.850000024,0.01,-0.01,0.439999998,-177.2899933,-0.879999995
40.21,4501,-4812,4499,-4848,514,2166,1789,2149,2.460000038,2.920000076,2.589999914,-0.07,-0.090000004,0.419999987,-177.3399963,-0.870000005
40.22,4538,-4830,4537,-4796,513,2166,1821,2151,0.029999999,3.329999924,-1.190000057,-0.050000001,-0.07,0.389999986,-177.3699951,-0.839999974
40.23,4575,-4827,4544,-4888,514,2129,1846,2148,3.529999971,2.039999962,3.680000067,-0.119999997,-0.02,0.360000014,-177.4100037,-0.779999971
40.24,4607,-4739,4607,-4800,513,2101,1864,2151,-1.899999976,1.580000043,0.949999988,-0.059999999,-0.079999998,0.330000013,-177.4600067,-0.74000001
40.25,4589,-4822,4633,-4816,514,2095,1882,2146,5.119999886,2.109999895,1.460000038,0,0,0.289999992,-177.4600067,-0.75
40.26,4635,-4803,4628,-4828,514,2100,1903,2126,-1.659999967,1.850000024,2.00999999,0.02,-0.029999999,0.25,-177.4900055,-0.75
40.27,4656,-4802,4649,-4780,514,2115,1900,2078,3.819999933,1.24000001,-0.050000001,0,-0.01,0.200000003,-177.4799957,-0.769999981
40.28,4699,-4776,4699,-4797,514,2124,1888,1946,-0.230000004,-0.029999999,-0.439999998,-0.01,-0.02,0.170000002,-177.5,-0.769999981
40.29,4698,-4814,4698,-4838,514,2137,1880,1903,2.769999981,0.409999996,-1.850000024,0.029999999,-0.039999999,0.140000001,-177.5200043,-0.790000022
40.3,4701,-4819,4772,-4807,514,2144,1879,1898,0.140000001,0.170000002,-2.049999952,-0.07,-0.07,0.100000002,-177.5500031,-0.759999991
40.31,4754,-4830,4748,-4840,514,2135,1891,1901,3.569999933,0.389999986,-0.129999995,-0.07,-0.100000002,0.07,-177.6100006,-0.720000029
40.32,4713,-4792,4791,-4833,514,2070,1911,1904,-0.730000019,-0.769999981,-2.549999952,-0.090000004,-0.159999996,0.050000001,-177.6799927,-0.670000017
40.33,4788,-4832,4830,-4808,514,2042,1941,1889,2.380000114,-1.399999976,-1.129999995,0.039999999,-0.059999999,0.02,-177.7400055,-0.680000007
40.34,4728,-4817,4808,-4836,513,2037,1966,1906,0.790000022,-0.800000012,1.24000001,0.050000001,-0.090000004,0,-177.8000031,-0.709999979
40.35,4879,-4788,4835,-4823,514,2024,1973,1930,1.669999957,0.059999999,1.200000048,0.039999999,-0.039999999,-0.039999999,-177.8399963,-0.730000019
40.36,4795,-4731,4887,-4810,514,2012,1982,1934,1.549999952,-0.25,2.869999886,-0.159999996,-0.050000001,-0.059999999,-177.8800049,-0.670000017
40.37,4888,-4793,4886,-4752,514,2018,2013,1916,-0.509999991,-1.360000014,1.190000057,-0.180000007,-0.01,-0.090000004,-177.8899994,-0.560000002
40.38,4854,-4721,4886,-4738,514,2039,2064,1887,2.369999886,-0.74000001,1.529999971,-0.170000002,0,-0.140000001,-177.8899994,-0.469999999
40.39,5022,-4713,4952,-4722,514,2039,2103,1829,-1.230000019,-1.99000001,1.129999995,-0.109999999,0,-0.180000007,-177.8999939,-0.379999995
40.4,4945,-4704,4964,-4773,513,2034,2115,1818,2.539999962,-2.230000019,0.889999986,-0.100000002,0,-0.230000004,-177.8899994,-0.330000013
40.41,5005,-4682,5021,-4696,514,2021,2105,1822,-1.029999971,-2.5,0.910000026,-0.02,0,-0.289999992,-177.8899994,-0.300000012
40.42,5000,-4712,5005,-4719,513,2011,2112,1819,2.230000019,-3.779999971,-0.829999983,-0.050000001,-0.02,-0.349999994,-177.8899994,-0.280000001
40.43,5097,-4710,5048,-4672,514,2006,2113,1798,0.01,-3.819999933,0.419999987,-0.01,0,-0.400000006,-177.8899994,-0.25
40.44,5049,-4673,5093,-4678,514,1985,2106,1719,0.889999986,-4.199999809,0.219999999,0.029999999,0,-0.430000007,-177.8800049,-0.259999991
40.45,5083,-4709,5060,-4673,513,1954,2088,1724,0.259999991,-5.239999771,-1.840000033,0.059999999,0.039999999,-0.460000008,-177.8800049,-0.259999991
40.46,5092,-4662,5144,-4673,513,1921,2083,1755,2.569999933,-4,1.75,0.090000004,0.01,-0.5,-177.8699951,-0.330000013
40.47,5128,-4734,5146,-4631,513,1897,2093,1775,0.180000007,-4.480000019,-0.779999971,-0.01,-0.01,-0.519999981,-177.8699951,-0.310000002
40.48,5037,-4719,5116,-4701,513,1874,2101,1779,1.519999981,-4.320000172,2.630000114,-0.090000004,0.039999999,-0.550000012,-177.8500061,-0.270000011
40.49,5161,-4705,5127,-4653,513,1847,2103,1765,0.519999981,-5.230000019,1.370000005,-0.07,0.050000001,-0.560000002,-177.8300018,-0.189999998
40.5,5128,-4710,5157,-4658,513,1817,2104,1765,2.549999952,-5.409999847,0.379999995,-0.039999999,0.07,-0.579999983,-177.7899933,-0.150000006
40.51,5179,-4680,5154,-4664,513,1787,2100,1763,0.029999999,-5.46999979,-0.209999993,0,0.079999998,-0.600000024,-177.7400055,-0.119999997
40.52,5131,-4687,5188,-4670,513,1768,2088,1747,1.49000001,-4.829999924,0,0,0.129999995,-0.610000014,-177.6600037,-0.109999999
40.53,5282,-4662,5173,-4650,513,1754,2067,1713,0.01,-5.880000114,-0.150000006,-0.029999999,0.159999996,-0.639999986,-177.5800018,-0.07
40.54,5218,-4687,5229,-4643,513,1780,2053,1637,1.519999981,-4.269999981,-1.149999976,-0.01,0.150000006,-0.680000007,-177.5,-0.050000001
40.55,5290,-4647,5252,-4605,513,1817,2050,1613,-0.829999983,-6.159999847,-3.150000095,-0.059999999,0.119999997,-0.709999979,-177.5,-0.050000001
40.56,5342,-4675,5266,-4597,514,1853,2054,1594,1.059999943,-5.630000114,0.670000017,-0.100000002,0.119999997,-0.759999991,-177.3600006,0.059999999
40.57,5311,-4653,5315,-4616,513,1862,2067,1591,0.310000002,-6.090000153,-1.379999995,-0.090000004,0.029999999,-0.800000012,-177.3300018,0.150000006
40.58,5388,-4641,5328,-4603,513,1860,2087,1599,0.319999993,-5.96999979,-2.75999999,-0.059999999,0.039999999,-0.839999974,-177.3000031,0.200000003
40.59,5292,-4652,5350,-4629,513,1865,2113,1646,2.150000095,-8,0.819999993,0.02,0.029999999,-0.850000024,-177.2899933,0.230000004
40.6,5447,-4734,5347,-4619,513,1880,2126,1653,-0.629999995,-7.230000019,1.139999986,0.050000001,0,-0.860000014,-177.2700043,0.200000003
40.61,5273,-4687,5382,-4626,513,1891,2117,1659,2.609999895,-7.369999886,-0.5,0.159999996,0.039999999,-0.860000014,-177.25,0.150000006
40.62,5372,-4761,5377,-4656,513,1900,2106,1681,0.219999999,-7.309999943,1.330000043,0.119999997,0.029999999,-0.850000024,-177.2400055,0.100000002
40.63,5261,-4720,5319,-4729,513,1945,2111,1722,2.609999895,-7.099999905,-0.5,0.119999997,0,-0.819999993,-177.2400055,0.059999999
40.64,5385,-4820,5360,-4728,513,1972,2095,1773,-1.029999971,-7.849999905,1.75999999,0.150000006,0,-0.769999981,-177.2400055,0.01
40.65,5216,-4838,5338,-4778,513,1988,2095,1773,5.699999809,-6.150000095,1.129999995,0.129999995,-0.029999999,-0.730000019,-177.2400055,0.01
40.66,5320,-4870,5289,-4789,513,2001,2006,1771,-2.069999933,-4.610000134,-2.970000029,0.159999996,-0.109999999,-0.670000017,-177.3000031,-0.100000002
40.67,5251,-4893,5338,-4879,513,2024,1929,1778,4.699999809,-4.059999943,-4.53000021,0.159999996,-0.059999999,-0.620000005,-177.3399963,-0.170000002
40.68,5288,-4941,5270,-4915,513,2040,1910,1801,-0.829999983,-4.179999828,2.549999952,0.059999999,-0.109999999,-0.540000022,-177.4299927,-0.209999993
40.69,5173,-4941,5257,-4969,513,2015,1899,1868,5.579999924,-1.980000019,-2.539999962,0.07,-0.170000002,-0.469999999,-177.5200043,-0.239999995
40.7,5273,-4938,5241,-4957,513,1978,1891,1889,-0.300000012,-3.579999924,-2.430000067,0.02,-0.170000002,-0.389999986,-177.6100006,-0.239999995
40.71,5180,-5036,5230,-5003,513,1959,1882,1900,3.420000076,-2.24000001,-0.109999999,0.07,-0.109999999,-0.319999993,-177.6999969,-0.270000011
40.72,5157,-5054,5183,-5025,513,1973,1872,1912,0.620000005,-1.950000048,-0.430000007,0.129999995,-0.119999997,-0.25,-177.7799988,-0.319999993
40.73,5145,-5068,5155,-5096,513,2036,1874,1920,3.539999962,-0.879999995,-1.100000024,0.170000002,-0.109999999,-0.170000002,-177.8600006,-0.409999996
40.74,5135,-5043,5154,-5136,513,2046,1879,1946,0.239999995,-1.519999981,0.310000002,0.119999997,-0.180000007,-0.090000004,-177.9499969,-0.49000001
40.75,5095,-5142,5138,-5109,513,2040,1880,2060,2.859999895,0.159999996,1.820000052,0.119999997,-0.109999999,-0.050000001,-178.0099945,-0.569999993
40.76,5063,-5172,5086,-5191,513,2038,1868,2104,-0.059999999,1.039999962,0.920000017,0.079999998,-0.079999998,0,-178.0700073,-0.620000005
40.77,5026,-5154,5110,-5151,513,2046,1851,2110,3.430000067,3.119999886,1.389999986,0.039999999,0,0.039999999,-178.0899963,-0.649999976
40.78,5011,-5249,5054,-5235,513,2122,1845,2109,-0.479999989,1.960000038,0.550000012,0.039999999,-0.039999999,0.109999999,-178.1100006,-0.670000017
40.79,4947,-5226,5029,-5259,513,2170,1835,2134,2.970000029,3.230000019,0.629999995,0.180000007,0.01,0.159999996,-178.1000061,-0.759999991
40.8,5013,-5318,4972,-5237,513,2208,1807,2228,-1.029999971,2.720000029,2.390000105,0.119999997,-0.01,0.219999999,-178.1100006,-0.839999974
40.81,4967,-5310,5019,-5358,513,2244,1770,2249,4.230000019,3.299999952,1.74000001,0.170000002,0.039999999,0.280000001,-178.0899963,-0.949999988
40.82,4995,-5368,4971,-5295,513,2313,1721,2253,-2.00999999,2.5,2.059999943,0.090000004,-0.01,0.340000004,-178.0899963,-1.00999999
40.83,4882,-5389,4944,-5369,513,2390,1717,2251,3.869999886,4.159999847,-1.230000019,0.170000002,0.039999999,0.400000006,-178.0599976,-1.110000014
40.84,4941,-5425,4895,-5363,513,2539,1731,2259,-3.289999962,5.079999924,2.50999999,0.059999999,0,0.469999999,-178.0700073,-1.159999967
40.85,4928,-5269,4925,-5387,514,2542,1743,2283,3.630000114,5.309999943,2.480000019,-0.039999999,0.07,0.509999991,-178.0700073,-1.159999967
40.86,4977,-5515,4897,-5341,513,2553,1725,2290,-3.109999895,5.190000057,4.360000134,-0.180000007,0.050000001,0.540000022,-178.0399933,-1.080000043
40.87,4942,-5385,4921,-5388,513,2643,1669,2280,3.74000001,5.670000076,0.239999995,0,0.109999999,0.550000012,-178.0099945,-1.070000052
40.88,4992,-5440,4895,-5434,513,2741,1661,2257,-2.859999895,7.480000019,1.080000043,0.02,-0.079999998,0.600000024,-178.0399933,-1.100000024
40.89,4937,-5431,4912,-5472,513,2764,1654,2229,2.75,6.510000229,-3.890000105,0.079999998,-0.07,0.620000005,-178.0599976,-1.139999986
40.9,4902,-5410,4904,-5450,513,2696,1647,2224,-1.730000019,6.75,2.720000029,0,-0.090000004,0.629999995,-178.1300049,-1.169999957
40.91,4910,-5481,4900,-5501,513,2599,1639,2223,1.980000019,5.460000038,-4.25,0,-0.109999999,0.639999986,-178.1799927,-1.169999957
40.92,4943,-5418,4889,-5458,513,2512,1637,2210,-0.129999995,6.309999943,2.920000076,-0.059999999,0,0.649999976,-178.2299957,-1.149999976
40.93,4866,-5510,4946,-5518,513,2433,1622,2169,2.519999981,6.130000114,-0.829999983,-0.050000001,-0.07,0.649999976,-178.2700043,-1.129999995
40.94,4860,-5415,4893,-5493,513,2282,1607,2132,0.129999995,6.119999886,-2.039999962,-0.059999999,-0.01,0.660000026,-178.2899933,-1.100000024
40.95,4888,-5550,4893,-5492,513,2205,1598,2072,1.090000033,6.119999886,0.02,-0.079999998,0,0.660000026,-178.3099976,-1.070000052
40.96,4926,-5455,4913,-5503,513,2136,1596,2036,1.940000057,4.449999809,-1.700000048,-0.140000001,0.050000001,0.660000026,-178.3000031,-1
40.97,4878,-5542,4919,-5555,513,2103,1603,2006,-0.029999999,5.21999979,-0.930000007,-0.109999999,0.02,0.670000017,-178.3000031,-0.939999998
40.98,4925,-5545,4876,-5529,513,2115,1623,1982,2.829999924,4.349999905,-2.880000114,-0.109999999,0.050000001,0.680000007,-178.2599945,-0.889999986
40.99,4918,-5535,4916,-5546,513,2161,1649,1974,-1.659999967,5.869999886,-0.560000002,-0.029999999,0.01,0.709999979,-178.2400055,-0.889999986
41,4941,-5519,4896,-5490,513,2167,1688,2034,2.200000048,5.510000229,-2.869999886,0.029999999,0.07,0.730000019,-178.1999969,-0.910000026
41.01,4869,-5487,4893,-5529,513,2167,1728,2081,-0.409999996,6.239999771,3.130000114,-0.02,0.090000004,0.730000019,-178.1699982,-0.920000017
41.02,4983,-5531,4908,-5549,513,2175,1746,2109,1.360000014,6.590000153,0.649999976,-0.090000004,0.100000002,0.709999979,-178.1000061,-0.879999995
41.03,5002,-5459,4938,-5521,513,2198,1714,2069,1.669999957,6.380000114,2.960000038,-0.159999996,0.180000007,0.699999988,-178.0299988,-0.810000002
41.04,4995,-5518,4941,-5516,513,2252,1676,2037,-0.970000029,3.660000086,-4.429999828,-0.159999996,0.059999999,0.699999988,-177.9499969,-0.720000029
41.05,4981,-5474,5036,-5502,513,2267,1732,2156,0.970000029,5.78000021,-1.769999981,-0.159999996,0.170000002,0.660000026,-177.8600006,-0.660000026
41.06,5109,-5483,4963,-5449,513,2294,1863,2169,-4.309999943,6.829999924,6.010000229,-0.170000002,0.079999998,0.600000024,-177.8200073,-0.560000002
41.07,5076,-5387,5095,-5414,513,2316,1965,2133,6.800000191,3.690000057,3.24000001,-0.079999998,0.180000007,0.529999971,-177.7400055,-0.509999991
41.08,5050,-5384,5062,-5429,513,2324,1945,2090,-4.510000229,4.400000095,1.779999971,0.039999999,0.119999997,0.449999988,-177.6699982,-0.529999971
41.09,5144,-5423,5137,-5328,514,2325,1882,2041,4.449999809,3.960000038,-1.950000048,0.039999999,0.180000007,0.360000014,-177.5599976,-0.569999993
41.1,5151,-5371,5202,-5403,514,2330,1843,1971,-1.610000014,2.670000076,0.980000019,-0.01,0.109999999,0.289999992,-177.5099945,-0.560000002
41.11,5202,-5420,5215,-5329,514,2330,1839,1971,0.850000024,2.380000114,-3.609999895,-0.119999997,0.02,0.219999999,-177.4600067,-0.519999981
41.12,5200,-5375,5224,-5354,513,2351,1845,1876,0.860000014,1.669999957,-0.209999993,-0.129999995,0.029999999,0.170000002,-177.4499969,-0.439999998
41.13,5274,-5396,5259,-5343,513,2331,1793,1824,-1.220000029,0.800000012,-3.440000057,-0.059999999,-0.050000001,0.140000001,-177.4600067,-0.389999986
41.14,5282,-5299,5300,-5398,512,2192,1748,1803,3.019999981,-1.279999971,-4.210000038,-0.07,-0.039999999,0.119999997,-177.5099945,-0.340000004
41.15,5307,-5390,5306,-5363,513,2124,1722,1817,-1.620000005,0.620000005,-3.339999914,0.01,-0.170000002,0.100000002,-177.5099945,-0.340000004
41.16,5283,-5281,5324,-5333,511,2076,1742,1890,3.970000029,-0.449999988,-2.75999999,-0.029999999,-0.129999995,0.059999999,-177.6799927,-0.319999993
41.17,5456,-5349,5363,-5332,511,2036,1804,1897,-3.420000076,0.319999993,2.519999981,-0.170000002,-0.239999995,0.02,-177.7899933,-0.25
41.18,5309,-5286,5386,-5340,512,2000,1891,1888,5.239999771,-0.829999983,-0.200000003,-0.150000006,-0.090000004,-0.02,-177.8699951,-0.150000006
41.19,5455,-5309,5424,-5273,512,2000,1891,1888,-4.21999979,-0.790000022,1.389999986,-0.159999996,-0.170000002,-0.07,-177.9700012,-0.059999999
41.2,5393,-5271,5424,-5316,512,1806,1906,1875,4.210000038,-2.50999999,-3.539999962,-0.029999999,-0.079999998,-0.129999995,-178.0299988,-0.01
41.21,5455,-5213,5468,-5272,512,1751,1925,1885,-2.890000105,-1.620000005,4.539999962,0.01,-0.119999997,-0.180000007,-178.1199951,-0.02
41.22,5431,-5210,5488,-5254,512,1728,1960,1890,3.430000067,-2.180000067,-3.25999999,0.090000004,-0.07,-0.230000004,-178.1499939,-0.050000001
41.23,5486,-5217,5461,-5171,512,1737,2049,1896,-3.140000105,-2.529999971,3.450000048,-0.039999999,-0.02,-0.280000001,-178.1699982,-0.039999999
41.24,5517,-5172,5572,-5161,512,1758,2080,1900,1.220000029,-3,3.119999886,-0.090000004,0.02,-0.360000014,-178.1600037,0
41.25,5387,-5180,5537,-5150,513,1778,2101,1889,-2.130000114,-5.119999886,3.50999999,-0.189999998,0.050000001,-0.430000007,-178.1499939,0.109999999
41.26,5589,-5133,5557,-5078,512,1783,2106,1780,1.429999948,-3.960000038,1.039999962,-0.150000006,0.039999999,-0.479999989,-178.1199951,0.209999993
41.27,5527,-5109,5621,-5070,512,1793,2104,1712,-2.410000086,-5.53000021,-0.150000006,-0.090000004,0.039999999,-0.560000002,-178.0899963,0.289999992
41.28,5693,-5092,5608,-5054,512,1812,2099,1670,-0.810000002,-5.829999924,-1.399999976,-0.079999998,0.039999999,-0.620000005,-178.0599976,0.349999994
41.29,5577,-5050,5681,-5023,512,1820,2102,1657,-0.259999991,-5.78000021,1.100000024,-0.059999999,0.01,-0.689999998,-178.0500031,0.389999986
41.3,5774,-5063,5671,-4990,512,1825,2108,1662,0.059999999,-6.75,-1.690000057,-0.090000004,0,-0.75,-178.0500031,0.460000008
41.31,5648,-4972,5734,-4999,512,1843,2129,1631,0.800000012,-5.739999771,0.680000007,-0.01,0.01,-0.810000002,-178.0500031,0.49000001
41.32,5771,-5024,5749,-4962,512,1878,2165,1682,-4.880000114,-7.710000038,1.039999962,-0.090000004,0,-0.850000024,-178.0500031,0.560000002
41.33,5843,-4995,5767,-4956,512,1906,2190,1504,2.579999924,-7.21999979,2.309999943,0,0.079999998,-0.920000017,-178.0500031,0.589999974
41.34,5761,-4939,5824,-4896,511,1916,2176,1462,-4.519999981,-7.710000038,0.300000012,0.079999998,-0.090000004,-0.980000019,-178.0899963,0.579999983
41.35,5859,-4964,5764,-4949,511,1927,2172,1463,2.75999999,-8.979999542,-5.409999847,0.109999999,0,-1.019999981,-178.0899963,0.579999983
41.36,5838,-5016,5829,-4931,512,1909,2173,1504,-2.440000057,-8.420000076,4.739999771,0.090000004,-0.109999999,-1.049999952,-178.1799927,0.509999991
41.37,5779,-4992,5844,-4932,512,1897,2173,1500,1.789999962,-8.960000038,-4.070000172,0.07,-0.109999999,-1.049999952,-178.2299957,0.479999989
41.38,5827,-5007,5824,-4909,511,1885,2173,1482,-0.039999999,-8.680000305,1.769999981,0.07,-0.050000001,-1.059999943,-178.3000031,0.460000008
41.39,5780,-4984,5823,-4944,511,1884,2166,1470,0.639999986,-8.909999847,1.279999971,0.050000001,-0.129999995,-1.070000052,-178.3699951,0.439999998
41.4,5870,-5051,5849,-4910,512,1868,2167,1477,-0.039999999,-9.020000458,-3.74000001,0.100000002,-0.109999999,-1.070000052,-178.4400024,0.419999987
41.41,5726,-5038,5842,-4965,511,1847,2168,1540,1.340000033,-9.520000458,1.929999948,0.059999999,-0.109999999,-1.080000043,-178.5200043,0.389999986
41.42,5876,-5012,5784,-4950,512,1816,2165,1567,1.279999971,-8.75,-0.469999999,0.039999999,-0.129999995,-1.049999952,-178.5899963,0.379999995
41.43,5799,-5043,5831,-4955,511,1781,2162,1575,1.070000052,-8.520000458,0.090000004,0.039999999,-0.090000004,-1.049999952,-178.6399994,0.360000014
41.44,5769,-5067,5769,-4944,512,1748,2164,1579,-0.560000002,-10.73999977,0.419999987,-0.039999999,-0.039999999,-1.019999981,-178.6799927,0.400000006
41.45,5811,-5015,5776,-5018,511,1699,2164,1600,5.360000134,-7.590000153,2.569999933,0.039999999,-0.01,-1,-178.7100067,0.379999995
41.46,5717,-5041,5740,-5002,511,1681,2153,1652,-2.059999943,-10.52999973,-2.920000076,0.02,-0.02,-0.949999988,-178.7200012,0.400000006
41.47,5692,-5061,5706,-5023,511,1674,2130,1678,5.800000191,-8.930000305,1.149999976,0.02,0.090000004,-0.889999986,-178.6900024,0.379999995
41.48,5625,-5108,5657,-5044,511,1691,2101,1700,-1.210000038,-7.349999905,1.639999986,0.090000004,0.029999999,-0.819999993,-178.6699982,0.340000004
41.49,5644,-5092,5651,-5113,511,1724,2065,1717,6.099999905,-6.829999924,-4.159999847,0.129999995,0.140000001,-0.730000019,-178.6000061,0.280000001
41.5,5497,-5199,5601,-5162,511,1831,2059,1729,-0.74000001,-6.110000134,2.529999971,0.180000007,0.090000004,-0.629999995,-178.5599976,0.189999998
41.51,5476,-5225,5534,-5228,511,1899,2049,1761,2.960000038,-6.579999924,-3.089999914,0.230000004,0.129999995,-0.5,-178.4700012,0.07
41.52,5434,-5302,5504,-5287,511,1967,2025,1829,2.329999924,-4.150000095,3.539999962,0.159999996,0.150000006,-0.379999995,-178.3999939,-0.029999999
41.53,5310,-5307,5425,-5340,512,2039,1991,1861,-0.330000013,-4.460000038,-1.450000048,0.189999998,0.100000002,-0.25,-178.3099976,-0.129999995
41.54,5326,-5423,5367,-5409,512,2108,1923,1892,3.579999924,-2.069999933,-0.090000004,0.129999995,0.200000003,-0.140000001,-178.2100067,-0.209999993
41.55,5297,-5398,5362,-5415,512,2215,1898,1927,-0.430000007,-0.439999998,2.849999905,0.109999999,0.109999999,-0.02,-178.1300049,-0.289999992
41.56,5293,-5462,5315,-5469,512,2232,1878,1945,1.450000048,0.779999971,-3.420000076,0.119999997,0.170000002,0.07,-178.0099945,-0.360000014
41.57,5192,-5508,5291,-5502,512,2248,1854,1958,0.059999999,1.519999981,2.299999952,0.079999998,0.209999993,0.159999996,-177.9100037,-0.419999987
41.58,5261,-5526,5230,-5488,513,2270,1823,1980,0.029999999,3.200000048,0.219999999,0.119999997,0.189999998,0.219999999,-177.8000031,-0.5
41.59,5211,-5545,5222,-5583,513,2324,1751,2016,0.930000007,3.890000105,-1.029999971,0.129999995,0.209999993,0.289999992,-177.6799927,-0.579999983
41.6,5204,-5513,5197,-5611,513,2384,1711,2054,0.25,5.460000038,1.50999999,0.109999999,0.189999998,0.360000014,-177.5800018,-0.660000026
41.61,5172,-5643,5172,-5532,513,2501,1660,2069,0.680000007,5.25,-0.550000012,0.090000004,0.159999996,0.409999996,-177.4700012,-0.730000019
41.62,5247,-5537,5174,-5581,513,2556,1600,2070,1.019999981,4.239999771,-0.860000014,0.07,0.159999996,0.449999988,-177.3699951,-0.790000022
41.63,5118,-5602,5132,-5612,513,2609,1474,2053,2.50999999,3.400000095,-1.370000005,0.02,0.140000001,0.550000012,-177.2200012,-0.889999986
41.64,5147,-5598,5104,-5671,513,2609,1409,2049,2.50999999,3.400000095,-1.370000005,0.02,0.140000001,0.550000012,-177.2200012,-0.889999986
41.65,5124,-5700,5076,-5684,513,2617,1350,2049,-3.559999943,5.5,-2.839999914,0.109999999,0,0.620000005,-177.2100067,-0.959999979
41.66,5135,-5680,5050,-5707,513,2632,1312,2050,1.110000014,4.119999886,-4.099999905,0.079999998,0.02,0.680000007,-177.1799927,-1.039999962
41.67,5055,-5724,5086,-5731,513,2631,1293,2073,-1.769999981,6.420000076,1.529999971,0.07,-0.01,0.709999979,-177.2200012,-1.110000014
41.68,5028,-5770,5033,-5769,513,2633,1290,2126,-0.910000026,7.769999981,-2.900000095,0.059999999,-0.079999998,0.759999991,-177.2400055,-1.169999957
41.69,5045,-5702,5000,-5715,513,2618,1297,2174,0.349999994,9.020000458,1.889999986,0,-0.02,0.790000022,-177.2899933,-1.210000038
41.7,5083,-5791,5022,-5770,513,2584,1301,2201,-2.809999943,9.31000042,1.169999957,-0.02,-0.090000004,0.800000012,-177.3300018,-1.210000038
41.71,5024,-5723,5012,-5694,513,2513,1298,2208,2.849999905,8.079999924,0.660000026,-0.129999995,0.01,0.810000002,-177.3600006,-1.169999957
41.72,5038,-5761,4986,-5750,512,2487,1298,2192,-4.119999886,9.729999542,0.25,-0.100000002,-0.090000004,0.829999983,-177.4199982,-1.129999995
41.73,5087,-5780,5020,-5765,512,2459,1305,2177,3.769999981,7.139999866,-4.25,-0.140000001,0.01,0.839999974,-177.4299927,-1.059999943
41.74,5109,-5741,5002,-5737,512,2444,1327,2165,-3.289999962,8.31000042,2.849999905,-0.100000002,-0.090000004,0.850000024,-177.4900055,-1.029999971
41.75,5032,-5785,4994,-5778,512,2434,1358,2154,1.860000014,7.679999828,-6.630000114,0,-0.059999999,0.860000014,-177.5200043,-1.029999971
41.76,5095,-5764,4982,-5739,512,2449,1359,2146,0.01,7.210000038,2.670000076,-0.02,-0.039999999,0.870000005,-177.5800018,-1.039999962
41.77,5163,-5765,5043,-5773,513,2443,1364,2151,-1.889999986,7.860000134,-2.150000095,-0.01,-0.140000001,0.860000014,-177.6499939,-1.049999952
41.78,5090,-5690,5053,-5751,512,2429,1384,2160,3.400000095,7.670000076,-0.419999987,-0.059999999,-0.02,0.850000024,-177.7100067,-1.029999971
41.79,5055,-5751,5050,-5748,512,2401,1427,2162,-2.380000114,8.210000038,0.270000011,-0.07,-0.200000003,0.829999983,-177.8200073,-1
41.8,5140,-5726,5087,-5687,512,2361,1524,2156,1.820000052,8.180000305,-3.950000048,-0.129999995,-0.100000002,0.779999971,-177.8699951,-0.949999988
41.81,5205,-5640,5112,-5685,511,2242,1559,2143,-1.590000033,8.630000114,3.920000076,-0.129999995,-0.059999999,0.730000019,-177.9499969,-0.889999986
41.82,5098,-5685,5130,-5697,511,2194,1595,2141,1.559999943,6.170000076,-3.650000095,-0.07,-0.079999998,0.680000007,-178,-0.829999983
41.83,5136,-5622,5210,-5573,511,2172,1647,2142,-0.319999993,7.739999771,2.019999981,-0.079999998,0,0.610000014,-178.0299988,-0.800000012
41.84,5239,-5633,5204,-5670,511,2174,1708,2145,-1.220000029,4.980000019,1.860000014,-0.039999999,-0.029999999,0.560000002,-178.0500031,-0.769999981
41.85,5221,-5640,5172,-5551,511,2197,1788,2147,2.140000105,4.639999866,2.589999914,-0.01,0.050000001,0.509999991,-178.0399933,-0.769999981
41.86,5147,-5614,5222,-5567,511,2298,1792,2141,-3.539999962,5.050000191,3.700000048,-0.01,0,0.460000008,-178.0399933,-0.779999971
41.87,5285,-5573,5232,-5559,511,2322,1791,2134,3.180000067,3.089999914,-0.07,-0.100000002,0.039999999,0.409999996,-178.0099945,-0.74000001
41.88,5297,-5497,5310,-5542,511,2317,1803,2131,-2.019999981,3.200000048,3.880000114,-0.150000006,-0.01,0.379999995,-178.0299988,-0.680000007
41.89,5247,-5577,5259,-5511,511,2310,1833,2117,-0.119999997,1.940000057,-3.160000086,-0.119999997,-0.02,0.340000004,-178.0099945,-0.600000024
41.9,5335,-5461,5287,-5480,511,2313,1902,2083,0.370000005,1.230000019,2.019999981,-0.079999998,0.059999999,0.310000002,-178.0099945,-0.550000012
41.91,5380,-5492,5351,-5530,511,2302,1912,2038,-1.470000029,0.519999981,2.140000105,-0.07,0,0.270000011,-178.0099945,-0.519999981
41.92,5298,-5448,5346,-5492,511,2279,1908,1998,3.440000057,0.469999999,1.309999943,-0.079999998,0.059999999,0.219999999,-178,-0.479999989
41.93,5409,-5467,5379,-5463,511,2256,1911,1982,-3.059999943,1.580000043,1.220000029,-0.07,-0.07,0.170000002,-178.0200043,-0.439999998
41.94,5412,-5442,5425,-5467,511,2230,1920,1968,2.869999886,-0.879999995,-1.889999986,-0.100000002,0.029999999,0.119999997,-178,-0.379999995
41.95,5371,-5444,5428,-5434,511,2201,1932,1927,-1.909999967,1.149999976,4.309999943,-0.039999999,0,0.07,-178,-0.379999995
41.96,5444,-5453,5434,-5446,510,2170,1931,1875,2.819999933,-0.889999986,-3.910000086,-0.029999999,-0.029999999,0.02,-178,-0.330000013
41.97,5430,-5373,5475,-5393,510,2102,1929,1854,-1.460000038,-0.25,-0.140000001,-0.01,0.029999999,0,-177.9900055,-0.319999993
41.98,5447,-5463,5504,-5413,510,2085,1914,1810,1.399999976,-0.629999995,-0.330000013,-0.01,0,-0.039999999,-177.9700012,-0.310000002
41.99,5395,-5424,5486,-5394,511,2067,1885,1774,-0.090000004,-1.169999957,-2.75,0,0.02,-0.07,-177.9700012,-0.289999992
42,5561,-5454,5503,-5405,510,2046,1847,1749,-0.280000001,-0.850000024,-2.299999952,-0.02,-0.01,-0.109999999,-177.9700012,-0.280000001
42.01,5411,-5383,5557,-5420,511,2006,1845,1748,1.75999999,-2.089999914,-3.130000114,0.02,-0.02,-0.119999997,-178,-0.280000001
42.02,5515,-5441,5498,-5438,511,1904,1857,1762,-3.109999895,-0.959999979,-2.950000048,0.050000001,-0.059999999,-0.119999997,-178.0299988,-0.310000002
42.03,5469,-5396,5520,-5397,511,1873,1873,1859,4.760000229,-1.970000029,0.109999999,0.029999999,0.01,-0.129999995,-178.0599976,-0.319999993
42.04,5501,-5382,5513,-5408,511,1868,1896,1917,-4.210000038,-1.190000057,3.029999971,0,-0.079999998,-0.119999997,-178.0899963,-0.330000013
42.05,5435,-5418,5500,-5404,511,1886,1925,1935,6.25,-0.680000007,-0.100000002,0,0.039999999,-0.109999999,-178.0700073,-0.330000013
42.06,5457,-5405,5449,-5448,511,1908,1949,1926,-4.920000076,-0.959999979,5,-0.039999999,0.01,-0.090000004,-178.0700073,-0.300000012
42.07,5475,-5377,5487,-5431,511,1923,1944,1919,5.269999981,-0.819999993,-2.150000095,-0.02,0.100000002,-0.059999999,-178.0099945,-0.289999992
42.08,5345,-5400,5459,-5481,511,1907,1933,1931,-1.519999981,-0.419999987,3.440000057,0.029999999,0.100000002,-0.029999999,-177.9700012,-0.300000012
42.09,5437,-5518,5402,-5451,511,1904,1910,1922,2.160000086,-0.670000017,-4.239999771,0.079999998,0.100000002,0,-177.8800049,-0.340000004
42.1,5447,-5476,5439,-5478,511,1957,1874,1918,-0.560000002,-0.340000004,0.509999991,0.109999999,0.219999999,0.02,-177.7899933,-0.389999986
42.11,5423,-5519,5393,-5582,511,2042,1780,1928,-0.01,-0.610000014,-1.50999999,0.150000006,0.119999997,0.059999999,-177.7100067,-0.479999989
42.12,5334,-5520,5444,-5507,511,2186,1749,1945,2.099999905,1.00999999,-1.590000033,0.140000001,0.109999999,0.090000004,-177.6499939,-0.569999993
42.13,5451,-5607,5401,-5580,511,2215,1735,1973,-2.539999962,0.889999986,0.469999999,0.02,0,0.119999997,-177.6199951,-0.610000014
42.14,5375,-5527,5419,-5550,511,2229,1735,1973,4.28000021,1.320000052,-0.579999983,-0.01,0.079999998,0.129999995,-177.6000061,-0.620000005
42.15,5404,-5601,5437,-5570,512,2234,1750,1974,-3.579999924,1.779999971,1.100000024,-0.01,-0.07,0.150000006,-177.6199951,-0.610000014
42.16,5417,-5604,5420,-5560,511,2242,1776,1991,5.139999866,0.75,-3.809999943,-0.01,0.01,0.150000006,-177.6100006,-0.600000024
42.17,5472,-5461,5491,-5576,511,2223,1799,2020,-2.930000067,1.139999986,5.800000191,-0.029999999,-0.090000004,0.129999995,-177.6600037,-0.600000024
42.18,5444,-5560,5456,-5521,511,2229,1827,2006,3.440000057,1.399999976,-4.960000038,0,-0.050000001,0.109999999,-177.6600037,-0.600000024
42.19,5453,-5481,5468,-5484,511,2250,1846,1976,-1.570000052,0.259999991,4.889999866,0,0.02,0.07,-177.6799927,-0.600000024
42.2,5568,-5472,5537,-5479,511,2269,1858,1950,1.019999981,0.589999974,-1.120000005,-0.02,-0.039999999,0.02,-177.6799927,-0.589999974
42.21,5522,-5435,5556,-5471,511,2269,1896,1929,0.540000022,0.050000001,1.75999999,-0.07,0.01,-0.02,-177.6999969,-0.550000012
42.22,5547,-5442,5568,-5404,511,2242,1903,1911,-3.74000001,-0.200000003,-0.01,-0.119999997,-0.100000002,-0.079999998,-177.7299957,-0.479999989
42.23,5591,-5370,5599,-5417,511,2206,1903,1888,2.119999886,-1.769999981,-0.439999998,-0.189999998,0.02,-0.150000006,-177.7400055,-0.370000005
42.24,5641,-5362,5644,-5359,511,2161,1903,1798,-4.190000057,-0.389999986,1.909999967,-0.129999995,-0.07,-0.219999999,-177.7899933,-0.280000001
42.25,5561,-5304,5654,-5344,511,2118,1902,1747,3.150000095,-3.460000038,-3.819999933,-0.100000002,-0.01,-0.280000001,-177.8099976,-0.200000003
42.26,5654,-5334,5663,-5308,511,2076,1898,1701,-4.820000172,-2.930000067,0.540000022,-0.079999998,-0.090000004,-0.340000004,-177.8399963,-0.150000006
42.27,5656,-5319,5752,-5292,512,2139,1921,1685,1.830000043,-3.309999943,-3.529999971,-0.029999999,-0.02,-0.409999996,-177.8600006,-0.119999997
42.28,5576,-5300,5717,-5302,512,2127,1982,1826,-4.21999979,-4.570000172,1.470000029,-0.050000001,-0.07,-0.469999999,-177.9100037,-0.07
42.29,5622,-5279,5649,-5189,511,2003,2057,1724,2.160000086,-4.050000191,0.01,-0.029999999,-0.029999999,-0.509999991,-177.9199982,-0.039999999
42.3,5649,-5185,5738,-5201,512,1969,2090,1790,-3.029999971,-5.440000057,2.25999999,-0.100000002,-0.02,-0.540000022,-177.9400024,0.02
42.31,5573,-5136,5670,-5211,512,1928,2072,1732,0.829999983,-5.090000153,-1.820000052,0.02,0.059999999,-0.550000012,-177.9199982,0.039999999
42.32,5563,-5132,5723,-5174,512,1988,2085,1835,-1.850000024,-4.739999771,3.869999886,-0.100000002,0.039999999,-0.589999974,-177.8999939,0.079999998
42.33,5636,-5112,5701,-5096,513,2000,2098,1834,-2.890000105,-6.170000076,-0.560000002,-0.150000006,0.039999999,-0.639999986,-177.8600006,0.170000002
42.34,5648,-5053,5699,-4995,511,2019,2108,1709,-0.600000024,-5.630000114,3.890000105,-0.180000007,0.109999999,-0.699999988,-177.8099976,0.289999992
42.35,5597,-4958,5679,-4909,512,2056,2109,1648,-5.760000229,-6.590000153,-0.879999995,-0.209999993,0.01,-0.75,-177.7799988,0.439999998
42.36,5593,-4875,5690,-4866,512,2057,2107,1584,-0.050000001,-5.800000191,-0.870000005,-0.109999999,0.129999995,-0.790000022,-177.7200012,0.519999981
42.37,5654,-4801,5748,-4969,512,2041,2092,1547,-4.880000114,-7.190000057,0.689999998,-0.02,0,-0.839999974,-177.7200012,0.579999983
42.38,5577,-4880,5718,-4936,512,2026,2079,1543,-0.74000001,-8.020000458,-4.400000095,0.039999999,0.029999999,-0.860000014,-177.6900024,0.569999993
42.39,5562,-5007,5683,-4964,512,2002,2063,1555,-3.230000019,-6.989999771,2.019999981,0.050000001,0.01,-0.889999986,-177.6999969,0.550000012
42.4,5530,-4883,5768,-4900,512,1883,2054,1468,-1.330000043,-7.929999828,-3.329999924,0.090000004,-0.01,-0.899999976,-177.6900024,0.519999981
42.41,5549,-4876,5712,-4922,512,1840,2050,1473,-2.200000048,-9.289999962,-0.779999971,0,0.039999999,-0.920000017,-177.6799927,0.529999971
42.42,5521,-4881,5652,-4871,512,1806,2049,1502,-1.49000001,-7.980000019,2.720000029,0,0.029999999,-0.939999998,-177.6699982,0.540000022
42.43,5541,-4937,5639,-4857,512,1868,2042,1501,-1.600000024,-9.18999958,-0.949999988,0,0.029999999,-0.939999998,-177.6499939,0.589999974
42.44,5502,-4838,5674,-4850,513,1737,2039,1467,-1.690000057,-8.300000191,-1.49000001,0.029999999,0.039999999,-0.949999988,-177.6300049,0.589999974
42.45,5468,-4831,5626,-4882,513,1726,2035,1535,-1.200000048,-8.800000191,-0.629999995,0,0.050000001,-0.949999988,-177.6300049,0.589999974
42.46,5492,-4801,5665,-4827,513,1803,2034,1512,-0.600000024,-7.079999924,-1.169999957,0.079999998,0.059999999,-0.939999998,-177.5899963,0.589999974
42.47,5469,-4825,5621,-4804,513,1693,2005,1510,-3.029999971,-8.06000042,-1.620000005,0.02,0.090000004,-0.930000007,-177.5299988,0.600000024
42.48,5442,-4804,5556,-4752,513,1653,1980,1602,-0.330000013,-7.329999924,-0.129999995,0,0.189999998,-0.930000007,-177.4600067,0.620000005
42.49,5435,-4806,5622,-4752,513,1794,1963,1559,-2.480000019,-7.440000057,-0.189999998,-0.059999999,0.109999999,-0.930000007,-177.3999939,0.660000026
42.5,5542,-4753,5625,-4720,514,1735,1973,1454,-1.580000043,-7.019999981,-3.539999962,-0.059999999,0.170000002,-0.959999979,-177.3000031,0.730000019
42.51,5451,-4794,5564,-4701,513,1844,1999,1422,-4.03000021,-8.43999958,-0.079999998,-0.059999999,0.140000001,-0.980000019,-177.2299957,0.800000012
42.52,5461,-4712,5608,-4680,514,1814,2051,1416,-3.029999971,-10.55000019,-0.99000001,0,0.140000001,-1,-177.1499939,0.829999983
42.53,5508,-4705,5586,-4674,513,1875,2059,1405,-0.829999983,-8.880000114,0.479999989,0.050000001,0.150000006,-1.029999971,-177.0800018,0.829999983
42.54,5459,-4725,5583,-4643,514,1932,2067,1453,-4.460000038,-10.60000038,-0.419999987,0.07,0.100000002,-1.039999962,-177.0200043,0.829999983
42.55,5447,-4763,5556,-4614,512,1958,2078,1456,-2.079999924,-9.819999695,1.309999943,0.01,0.129999995,-1.070000052,-176.9400024,0.829999983
42.56,5460,-4691,5578,-4637,512,2012,2083,1448,-4.369999886,-9.869999886,1.25999999,0.059999999,0.100000002,-1.110000014,-176.8899994,0.839999974
42.57,5493,-4641,5531,-4579,513,2010,2077,1408,-2.630000114,-10.69999981,-0.930000007,0.029999999,0.109999999,-1.139999986,-176.8300018,0.850000024
42.58,5475,-4701,5567,-4547,513,2109,2078,1465,-2.609999895,-9.25,2.180000067,0,0.079999998,-1.179999948,-176.8000031,0.870000005
42.59,5574,-4712,5613,-4463,513,2059,2087,1436,-4.730000019,-10.52000046,-0.639999986,-0.029999999,0.01,-1.210000038,-176.7799988,0.930000007
42.6,5561,-4661,5561,-4479,513,2047,2090,1393,-3.049999952,-10.71000004,-0.129999995,-0.02,0.050000001,-1.25,-176.7700043,0.99000001
42.61,5542,-4600,5566,-4432,513,2119,2077,1369,-4.389999866,-9.649999619,1.450000048,0.02,-0.01,-1.289999962,-176.7899933,1.00999999
42.62,5589,-4635,5546,-4412,513,2012,2025,1337,-1.49000001,-9.199999809,-2.660000086,0.090000004,-0.01,-1.320000052,-176.8099976,1.00999999
42.63,5564,-4618,5581,-4368,513,1986,1992,1467,-3.890000105,-8.779999733,-1.179999948,0.100000002,-0.079999998,-1.360000014,-176.8600006,1
42.64,5561,-4577,5527,-4355,513,1903,1954,1351,-2.470000029,-8.760000229,-3.119999886,0.050000001,-0.109999999,-1.379999995,-176.9299927,1
42.65,5547,-4543,5572,-4367,512,1864,1913,1361,-3.180000067,-7.289999962,-0.75,0,-0.109999999,-1.429999948,-177.0099945,1.029999971
42.66,5621,-4563,5573,-4280,513,1838,1872,1372,0.300000012,-7.929999828,-1.809999943,0.02,-0.150000006,-1.440000057,-177.1199951,1.059999943
42.67,5510,-4490,5575,-4310,512,1792,1882,1377,-3.920000076,-7.78000021,-2.730000019,-0.029999999,-0.219999999,-1.450000048,-177.2299957,1.120000005
42.68,5458,-4481,5520,-4228,512,1741,1909,1382,-0.709999979,-11.39000034,-2.880000114,-0.059999999,-0.140000001,-1.440000057,-177.3399963,1.190000057
42.69,5431,-4417,5572,-4360,512,1692,1937,1377,0.409999996,-8.970000267,1.75,0.059999999,-0.140000001,-1.429999948,-177.4600067,1.200000048
42.7,5438,-4417,5457,-4305,512,1672,1960,1419,-2.180000067,-12.64999962,-3.109999895,0.050000001,-0.180000007,-1.389999986,-177.5599976,1.220000029
42.71,5306,-4437,5419,-4314,513,1641,1979,1450,1.090000033,-11.81999969,1.49000001,0.090000004,-0.079999998,-1.360000014,-177.6399994,1.179999948
42.72,5327,-4400,5484,-4317,513,1611,1985,1494,-1.49000001,-11.47000027,1.600000024,0.119999997,-0.100000002,-1.330000043,-177.6999969,1.139999986
42.73,5280,-4419,5384,-4374,513,1613,1987,1510,0,-11.47999954,-2.359999895,0.170000002,0,-1.289999962,-177.7200012,1.080000043
42.74,5270,-4386,5369,-4384,513,1647,1993,1500,-3.220000029,-9.880000114,4.119999886,0.050000001,0.02,-1.25999999,-177.7299957,1.039999962
42.75,5298,-4494,5380,-4326,513,1661,2006,1496,0.360000014,-10.75,0,0.129999995,0.109999999,-1.25,-177.6999969,1.00999999
42.76,5328,-4429,5353,-4316,513,1690,2034,1515,-3.029999971,-11.85000038,2.220000029,0,0.07,-1.220000029,-177.6699982,1.039999962
42.77,5290,-4447,5280,-4298,513,1727,2071,1508,-0.910000026,-12.23999977,1.769999981,-0.090000004,0.129999995,-1.210000038,-177.6100006,1.100000024
42.78,5211,-4416,5317,-4278,513,1739,2118,1495,-1.730000019,-11.88000011,1.970000029,-0.100000002,0.140000001,-1.190000057,-177.5399933,1.190000057
42.79,5272,-4429,5291,-4255,513,1816,2121,1515,-2.400000095,-11.22000027,0.430000007,-0.050000001,0.200000003,-1.200000048,-177.4400024,1.25
42.8,5257,-4385,5271,-4194,514,1874,2115,1466,-2.140000105,-10.59000015,0.460000008,-0.01,0.189999998,-1.210000038,-177.3399963,1.299999952
42.81,5235,-4371,5295,-4211,513,1877,2110,1393,-4.550000191,-11.14999962,-0.810000002,0.02,0.200000003,-1.24000001,-177.2400055,1.330000043
42.82,5307,-4389,5278,-4117,513,1939,2110,1392,-2.74000001,-10.80000019,-0.159999996,0.039999999,0.189999998,-1.25999999,-177.1399994,1.340000033
42.83,5427,-4368,5278,-4100,513,1969,2072,1393,-7.090000153,-11.05000019,0.379999995,0.129999995,0.180000007,-1.289999962,-177.0599976,1.320000052
42.84,5291,-4353,5256,-4043,514,2050,2030,1389,-2.609999895,-12.60000038,-0.930000007,0.140000001,0.129999995,-1.340000033,-177.0099945,1.289999962
42.85,5219,-4271,5268,-4030,513,2051,1997,1329,-5.25,-9.06000042,-1.809999943,0.25,0,-1.379999995,-177.0099945,1.289999962
42.86,5412,-4303,5264,-4135,513,2074,1984,1354,-1.00999999,-9.720000267,-2.819999933,0.200000003,-0.079999998,-1.419999957,-177.0599976,1.110000014
42.87,5308,-4271,5263,-4043,514,2065,1980,1503,-4.570000172,-7.75,-0.01,0.189999998,-0.119999997,-1.450000048,-177.1499939,1.039999962
42.88,5261,-4253,5280,-4082,514,2044,1985,1450,-0.720000029,-8.619999886,-2.460000038,0.100000002,-0.200000003,-1.470000029,-177.2599945,1.00999999
42.89,5347,-4256,5311,-4017,513,1923,1992,1484,-2.329999924,-10.64000034,0.629999995,-0.100000002,-0.189999998,-1.49000001,-177.3899994,1.080000043
42.9,5290,-4197,5274,-4052,513,1831,1997,1554,-1.769999981,-8.840000153,0.620000005,0.059999999,-0.189999998,-1.470000029,-177.5299988,1.100000024
42.91,5173,-4174,5206,-4092,514,1745,2006,1573,-0.949999988,-11.43999958,-0.920000017,0.039999999,-0.170000002,-1.429999948,-177.6499939,1.129999995
42.92,5168,-4086,5147,-4096,514,1656,1996,1574,-1.200000048,-12.34000015,0.680000007,0.119999997,-0.109999999,-1.389999986,-177.7599945,1.100000024
42.93,5082,-4162,5177,-4116,514,1574,1965,1588,0.980000019,-9.659999847,1.200000048,0.150000006,-0.100000002,-1.340000033,-177.8399963,1.029999971
42.94,5161,-4267,5080,-4085,513,1521,1958,1612,-2.180000067,-11.42000008,-1.860000014,0.129999995,-0.050000001,-1.279999971,-177.8899994,1
42.95,5072,-4301,5070,-4102,514,1548,1955,1622,0.270000011,-8.640000343,3.420000076,0,-0.01,-1.269999981,-177.9199982,0.980000019
42.96,5178,-4304,5145,-4042,513,1673,1921,1706,-4.230000019,-10.40999985,-0.5,-0.170000002,-0.050000001,-1.25999999,-177.9400024,1.090000033
42.97,5120,-4227,5114,-3987,513,1638,1898,1558,-0.310000002,-5.860000134,-1.269999981,-0.200000003,0.050000001,-1.289999962,-177.9400024,1.210000038
42.98,5147,-4203,5041,-4012,514,1646,2002,1558,-3.339999914,-9.859999657,-0.25,-0.280000001,-0.050000001,-1.299999952,-178.0099945,1.419999957
42.99,5017,-4144,5103,-4006,514,1654,2078,1526,-0.790000022,-10.27000046,-3.180000067,-0.02,-0.039999999,-1.289999962,-178.0299988,1.49000001
43,5007,-4133,5008,-4017,514,1645,2095,1516,-3.809999943,-11.48999977,2,0.109999999,0,-1.269999981,-178.0599976,1.480000019
43.01,4979,-4132,5038,-3971,514,1635,2092,1539,2.5,-10.85000038,-1.399999976,0.280000001,0.07,-1.269999981,-178.0500031,1.350000024
43.02,4933,-4114,5016,-3949,514,1668,2099,1588,-3.630000114,-11.57999992,1.24000001,0.25,0.029999999,-1.24000001,-178.0299988,1.220000029
43.03,4962,-4158,5040,-4022,514,1715,2142,1601,-1.210000038,-11.47999954,0.860000014,0.340000004,0.129999995,-1.220000029,-177.9600067,1.049999952
43.04,5081,-4105,5073,-3978,514,1762,2129,1600,-3.150000095,-11,6.940000057,0.100000002,0.180000007,-1.220000029,-177.8899994,0.970000029
43.05,5147,-4149,5002,-3929,514,1876,2108,1571,-1.860000014,-9.25,1.659999967,0.119999997,0.189999998,-1.220000029,-177.8000031,0.939999998
43.06,5008,-4083,4970,-3893,514,1909,2098,1428,-2.670000076,-9.229999542,0.289999992,-0.039999999,0.140000001,-1.230000019,-177.7200012,0.970000029
43.07,5151,-4055,5055,-3871,514,1909,2098,1428,-2.109999895,-8.020000458,-2.069999933,0.01,0.140000001,-1.25999999,-177.6499939,1
43.08,5127,-4088,5019,-3864,514,1937,2079,1315,-0.509999991,-8.819999695,-1.179999948,0.039999999,0.090000004,-1.309999943,-177.6100006,1.00999999
43.09,5132,-4092,5065,-3861,514,1948,2079,1268,-3.029999971,-7.460000038,-4.929999828,0.100000002,0.02,-1.340000033,-177.5899963,1
43.1,5185,-4096,5076,-3876,514,1940,2009,1232,0.449999988,-7.769999981,-4.070000172,0.150000006,0.029999999,-1.370000005,-177.5800018,0.939999998
43.11,5099,-4065,5058,-3898,514,1908,1976,1348,-3.799999952,-8.56000042,-2.970000029,0.180000007,-0.02,-1.389999986,-177.6300049,0.889999986
43.12,5156,-4056,5046,-3916,514,1891,1967,1416,1.539999962,-8.090000153,-2.220000029,0.150000006,-0.07,-1.389999986,-177.6699982,0.819999993
43.13,5093,-4102,5060,-3933,515,1891,1999,1449,-2.130000114,-8.75,1.700000048,0.01,-0.100000002,-1.379999995,-177.75,0.829999983
43.14,5172,-4123,5048,-3923,514,1885,2036,1466,0.01,-8.680000305,-0.509999991,0.02,-0.090000004,-1.370000005,-177.8099976,0.839999974
43.15,5050,-4106,5038,-3923,515,1878,2079,1486,1.039999962,-9.770000458,1.970000029,-0.059999999,-0.079999998,-1.360000014,-177.8800049,0.899999976
43.16,5092,-4094,5026,-3905,515,1869,2121,1511,-1.700000048,-10.80000019,0.689999998,-0.039999999,-0.109999999,-1.330000043,-177.9400024,0.949999988
43.17,5025,-4108,5018,-3895,514,1848,2150,1518,2.190000057,-10.10999966,1.190000057,-0.02,-0.029999999,-1.309999943,-177.9799957,0.99000001
43.18,5127,-4117,5021,-3909,514,1837,2154,1527,-1.919999957,-10.10000038,2.890000105,-0.01,-0.02,-1.299999952,-178.0099945,1.029999971
43.19,4965,-4073,5011,-3955,514,1831,2097,1495,0.75,-8.890000343,-2.529999971,0.079999998,0,-1.289999962,-178.0299988,1.019999981
43.2,5111,-4064,4990,-3940,514,1808,2070,1491,-0.680000007,-8.829999924,0.759999991,0.02,0.01,-1.289999962,-178.0399933,1.019999981
43.21,5004,-4088,5050,-3934,514,1800,2080,1580,0.860000014,-8.090000153,-2.059999943,0.02,-0.02,-1.299999952,-178.0599976,1.029999971
43.22,5109,-4105,4982,-3939,514,1801,2130,1603,-1.100000024,-10.94999981,1.25,-0.090000004,0,-1.279999971,-178.0599976,1.100000024
43.23,4995,-4069,4960,-3933,514,1824,2187,1609,1.610000014,-8.449999809,3.170000076,-0.01,0.050000001,-1.289999962,-178.0599976,1.139999986
43.24,5096,-4054,4965,-3919,514,1823,2202,1594,-3.440000057,-10.82999992,2.410000086,-0.039999999,0.07,-1.279999971,-178.0299988,1.190000057
43.25,5019,-4042,4984,-3917,514,1815,2187,1572,2.539999962,-8.909999847,1.00999999,0.029999999,0.150000006,-1.269999981,-177.9900055,1.210000038
43.26,5077,-4038,4964,-3890,514,1819,2170,1535,-3.180000067,-10.10999966,0.689999998,0,0.07,-1.269999981,-177.9600067,1.24000001
43.27,5003,-4013,5012,-3879,514,1835,2141,1530,2.769999981,-8.739999771,-3.890000105,0.140000001,0.140000001,-1.279999971,-177.8999939,1.210000038
43.28,5100,-4080,5023,-3873,513,1933,2113,1492,-3.569999933,-7.510000229,2.109999895,0.07,0.079999998,-1.279999971,-177.8600006,1.179999948
43.29,5071,-4113,4992,-3884,514,2071,2115,1438,-0.639999986,-6.190000057,-1.50999999,-0.01,0.050000001,-1.309999943,-177.8399963,1.200000048
43.3,5115,-4121,5030,-3865,514,2122,2131,1402,-0.860000014,-8.329999924,0.720000029,-0.170000002,0,-1.320000052,-177.8600006,1.309999943
43.31,5053,-4109,5038,-3880,514,2071,2140,1386,-0.150000006,-8.770000458,-1.919999957,-0.050000001,-0.039999999,-1.320000052,-177.9100037,1.389999986
43.32,5040,-4069,4983,-3881,514,2026,2143,1391,-1.139999986,-9.340000153,-1.679999948,0.029999999,-0.07,-1.320000052,-177.9600067,1.419999957
43.33,4936,-4049,5013,-3878,514,1982,2144,1387,1.710000038,-8.529999733,-1.25,0.140000001,-0.01,-1.320000052,-178.0099945,1.370000005
43.34,5131,-4069,5007,-3880,514,1968,2127,1386,-2.029999971,-8.56000042,0.170000002,0.159999996,-0.07,-1.309999943,-178.0599976,1.309999943
43.35,5069,-4093,4998,-3879,515,1921,2108,1390,0.310000002,-9.710000038,-1.74000001,0.150000006,-0.050000001,-1.299999952,-178.1000061,1.24000001
43.36,5121,-4087,4997,-3924,514,1856,2081,1419,-0.129999995,-9.409999847,2.400000095,0.090000004,-0.07,-1.299999952,-178.1600037,1.200000048
43.37,4931,-4078,4981,-3937,514,1795,2071,1494,1.169999957,-8.489999771,-5.400000095,0.25,-0.129999995,-1.279999971,-178.2299957,1.100000024
43.38,5141,-4071,4968,-3920,514,1782,2080,1545,-1.690000057,-10.31000042,1.00999999,0.07,-0.039999999,-1.269999981,-178.2700043,1.039999962
43.39,4978,-4117,4985,-3965,514,1838,2116,1595,2.819999933,-8.220000267,3.400000095,0.129999995,-0.029999999,-1.25,-178.3200073,0.99000001
43.4,5068,-4156,4934,-3942,514,1939,2148,1599,-5.039999962,-7.940000057,2.819999933,-0.209999993,-0.079999998,-1.25,-178.3600006,1.080000043
43.41,5008,-4110,4967,-3917,514,2032,2186,1572,4.699999809,-8.140000343,0.419999987,-0.360000014,-0.01,-1.25,-178.3999939,1.299999952
43.42,5064,-4078,4972,-3898,514,1983,2220,1521,-4.659999847,-10.01000023,3.00999999,-0.310000002,-0.07,-1.24000001,-178.4600067,1.519999981
43.43,5034,-4028,4964,-3886,514,1925,2235,1476,3.589999914,-8.760000229,-5.239999771,-0.039999999,-0.01,-1.230000019,-178.4900055,1.610000014
43.44,4987,-4010,4977,-3920,514,1881,2195,1479,-3.619999886,-10.27000046,1.529999971,0.159999996,0,-1.230000019,-178.5299988,1.570000052
43.45,5031,-4011,4942,-3956,513,1829,2162,1494,2.849999905,-8.140000343,-2.670000076,0.330000013,0.02,-1.230000019,-178.5299988,1.570000052
43.46,4971,-4025,5000,-3946,513,1808,2119,1510,-1.940000057,-8.569999695,0.839999974,0.25,0.01,-1.210000038,-178.5500031,1.279999971
43.47,4958,-4043,4934,-3893,513,1811,2076,1527,0.99000001,-7.860000134,-1.779999971,0.150000006,0.050000001,-1.190000057,-178.5299988,1.190000057
43.48,4958,-4052,4903,-3907,513,1812,2057,1532,1.00999999,-6.900000095,2.24000001,0.029999999,0.050000001,-1.200000048,-178.5299988,1.159999967
43.49,4963,-4061,4962,-3928,513,1814,2078,1509,-1,-8.420000076,-1.350000024,-0.07,0,-1.200000048,-178.5299988,1.220000029
43.5,5019,-4059,4952,-3882,513,1820,2078,1496,0.400000006,-8.770000458,-1.149999976,-0.050000001,0.050000001,-1.210000038,-178.5299988,1.269999981
43.51,4955,-4054,4953,-3929,513,1791,2065,1493,-1.200000048,-8.220000267,1.090000033,0,-0.01,-1.200000048,-178.5399933,1.299999952
43.52,5008,-4091,4936,-3998,513,1774,2067,1640,-0.079999998,-7.510000229,-3.160000086,0.01,0.039999999,-1.220000029,-178.5399933,1.309999943
43.53,5005,-4099,4895,-3935,514,1748,2081,1710,-0.529999971,-9.359999657,2.950000048,-0.079999998,0.01,-1.210000038,-178.5500031,1.370000005
43.54,4989,-4085,4929,-3923,514,1756,2130,1725,0.300000012,-9.510000229,2.099999905,-0.100000002,0.059999999,-1.210000038,-178.5399933,1.450000048
43.55,4956,-4048,4906,-3953,514,1767,2231,1693,-0.460000008,-10.72999954,2.829999924,0,0.07,-1.190000057,-178.5399933,1.450000048
43.56,4982,-4069,4896,-3937,513,1763,2193,1650,-0.330000013,-9.420000076,0.109999999,0.159999996,0.100000002,-1.179999948,-178.4700012,1.429999948
43.57,5020,-4111,4930,-3930,513,1768,2139,1586,0.99000001,-8.550000191,0.319999993,0.140000001,0.159999996,-1.190000057,-178.3999939,1.360000014
43.58,4933,-4108,4930,-3907,513,1780,2090,1595,-1.24000001,-8.840000153,-2.099999905,0.159999996,0.059999999,-1.179999948,-178.3600006,1.289999962
43.59,4986,-4100,4877,-3995,513,1780,2047,1612,1.549999952,-7.71999979,-2.849999905,0.150000006,0.100000002,-1.169999957,-178.3099976,1.210000038
43.6,4970,-4117,4949,-3958,513,1809,1997,1594,0.150000006,-7.059999943,-0.930000007,0.129999995,0.059999999,-1.149999976,-178.3000031,1.159999967
43.61,4978,-4130,4925,-3963,513,1869,2013,1569,-0.460000008,-5.539999962,-1.970000029,0.090000004,0.039999999,-1.139999986,-178.2700043,1.110000014
43.62,4887,-4153,4907,-4034,513,1881,2037,1633,0.419999987,-8.050000191,-0.930000007,0.050000001,0.039999999,-1.120000005,-178.2799988,1.110000014
43.63,4907,-4159,4909,-4063,514,1873,2049,1729,0.150000006,-6.690000057,2.130000114,0.109999999,0.01,-1.090000033,-178.2899933,1.070000052
43.64,4857,-4170,4831,-4072,513,1843,2048,1809,-0.540000022,-9.090000153,1.590000033,-0.050000001,0,-1.049999952,-178.3000031,1.120000005
43.65,4871,-4194,4826,-4059,513,1833,2019,1826,3.170000076,-7.25,3.650000095,-0.100000002,0.050000001,-1,-178.3000031,1.120000005
43.66,4806,-4205,4829,-4110,513,1792,2010,1800,-0.050000001,-6.809999943,-1.779999971,-0.039999999,0,-0.949999988,-178.2799988,1.220000029
43.67,4820,-4167,4828,-4069,513,1769,1994,1768,2.190000057,-8.279999733,-3.109999895,0.039999999,0.059999999,-0.899999976,-178.25,1.220000029
43.68,4831,-4126,4814,-4121,513,1758,1970,1765,0.800000012,-6.150000095,0.5,0.109999999,0.01,-0.870000005,-178.2400055,1.169999957
43.69,4763,-4203,4797,-4142,513,1758,1943,1772,0.680000007,-5.849999905,-4.78000021,0.200000003,0.01,-0.829999983,-178.2200012,1.080000043
43.7,4795,-4232,4747,-4162,513,1763,1890,1785,0.49000001,-6.070000172,-0.759999991,0.180000007,0.050000001,-0.790000022,-178.1999969,0.980000019
43.71,4709,-4246,4767,-4183,513,1823,1874,1789,2.220000029,-5.25,0.449999988,0.189999998,0,-0.75,-178.1999969,0.870000005
43.72,4711,-4214,4711,-4249,513,1835,1868,1820,0.829999983,-3.869999886,-3.190000057,0.200000003,0,-0.689999998,-178.1900024,0.769999981
43.73,4639,-4224,4653,-4225,513,1838,1868,1829,-0.419999987,-4,0.259999991,0.100000002,0.029999999,-0.629999995,-178.1699982,0.709999979
43.74,4625,-4227,4624,-4229,513,1959,1862,1942,-0.100000002,-4.130000114,1.480000019,0.050000001,0.029999999,-0.560000002,-178.1699982,0.680000007
43.75,4510,-4202,4574,-4238,514,1950,1854,1971,-1.139999986,-3.049999952,-1.129999995,0.119999997,0.01,-0.5,-178.1499939,0.629999995
43.76,4478,-4142,4542,-4238,514,2045,1845,1976,-1.50999999,-3.849999905,-1.25,0.119999997,0.02,-0.430000007,-178.1399994,0.569999993
43.77,4395,-4082,4495,-4232,514,2079,1833,2013,-1.909999967,-2.130000114,2.559999943,0.180000007,0.050000001,-0.379999995,-178.1100006,0.469999999
43.78,4348,-4087,4434,-4208,513,2129,1819,2072,-2.230000019,-1.190000057,0.810000002,0.090000004,0.02,-0.319999993,-178.0899963,0.409999996
43.79,4338,-4299,4371,-4201,514,2164,1796,2074,-2.269999981,-0.639999986,0.839999974,0.029999999,0.100000002,-0.270000011,-178.0399933,0.389999986
43.8,4321,-4280,4372,-4228,514,2182,1735,2056,-4.070000172,-0.349999994,1.960000038,-0.02,0.090000004,-0.239999995,-177.9900055,0.389999986
43.81,4208,-4134,4345,-4215,514,2247,1721,1994,-3.039999962,-1.049999952,-2.190000057,0.059999999,0.100000002,-0.200000003,-177.9299927,0.379999995
43.82,4161,-4121,4263,-4189,515,2349,1720,1972,-5.059999943,0.49000001,-1.649999976,0.100000002,0.050000001,-0.150000006,-177.8999939,0.330000013
43.83,4123,-4229,4174,-4219,515,2376,1717,2019,-3.940000057,-1.049999952,-0.540000022,0.140000001,0.119999997,-0.109999999,-177.8399963,0.25
43.84,4054,-4105,4190,-4124,515,2419,1696,2050,-5.860000134,0.759999991,2.549999952,0.119999997,0.02,-0.079999998,-177.8200073,0.170000002
43.85,4067,-4042,4108,-4086,515,2439,1625,2031,-4.119999886,0.090000004,0.709999979,0.01,0.100000002,-0.050000001,-177.7599945,0.150000006
43.86,4007,-4086,4087,-4126,516,2459,1601,2002,-5.449999809,1.409999967,-0.360000014,0,0.050000001,-0.01,-177.7100067,0.150000006
43.87,3957,-4093,4017,-4056,515,2510,1594,1975,-5.880000114,1.5,-0.800000012,-0.039999999,0.059999999,0.01,-177.6799927,0.159999996
43.88,3929,-4015,3982,-3996,516,2524,1595,1979,-5.289999962,1.159999967,-0.600000024,0,0.039999999,0.029999999,-177.6399994,0.159999996
43.89,3911,-3964,3939,-4048,516,2531,1593,1976,-7.170000076,0.419999987,-1.350000024,0,0.01,0.07,-177.6399994,0.159999996
43.9,3878,-4019,3849,-4008,516,2543,1589,1978,-6.46999979,-0.159999996,-0.349999994,0.059999999,0.039999999,0.090000004,-177.5899963,0.129999995
43.91,3755,-3975,3815,-3907,516,2559,1588,1966,-6.849999905,0.980000019,0.189999998,0.02,-0.01,0.109999999,-177.6100006,0.100000002
43.92,3739,-3960,3808,-3902,516,2568,1590,1946,-6.070000172,0.75,-0.930000007,0.059999999,0.039999999,0.109999999,-177.5700073,0.07
43.93,3737,-3916,3745,-3895,516,2563,1595,1912,-6.909999847,-0.180000007,0.02,-0.01,-0.01,0.129999995,-177.5899963,0.059999999
43.94,3724,-3804,3704,-3821,517,2564,1594,1915,-6.340000153,2.75,0,0.02,-0.039999999,0.129999995,-177.5800018,0.039999999
43.95,3639,-3862,3682,-3790,517,2556,1592,1927,-6.010000229,1.139999986,-0.200000003,-0.059999999,0.029999999,0.129999995,-177.5899963,0.059999999
43.96,3589,-3828,3665,-3748,517,2552,1601,1918,-5.75,3.24000001,-0.159999996,-0.029999999,-0.059999999,0.140000001,-177.5899963,0.079999998
43.97,3625,-3759,3646,-3700,517,2551,1609,1900,-6.489999771,0.560000002,-1.299999952,-0.050000001,0.029999999,0.129999995,-177.6000061,0.119999997
43.98,3538,-3744,3590,-3777,517,2551,1623,1894,-4.639999866,1.809999943,-1.870000005,0.02,-0.059999999,0.140000001,-177.6199951,0.109999999
43.99,3439,-3670,3608,-3697,517,2548,1638,1896,-5.539999962,1.549999952,0.519999981,0,-0.02,0.140000001,-177.6399994,0.109999999
44,3528,-3675,3564,-3641,517,2541,1647,1903,-5.420000076,0.699999988,-1.360000014,0,-0.029999999,0.140000001,-177.6600037,0.109999999
44.01,3470,-3641,3463,-3586,517,2532,1648,1904,-4.980000019,0.879999995,1.460000038,-0.029999999,-0.029999999,0.140000001,-177.6799927,0.119999997
44.02,3360,-3558,3487,-3554,517,2526,1652,1899,-2.920000076,1.75,0.079999998,0,-0.029999999,0.140000001,-177.6999969,0.119999997
44.03,3411,-3601,3486,-3611,517,2519,1664,1914,-6.21999979,0.790000022,-3.619999886,0.02,-0.039999999,0.129999995,-177.7200012,0.119999997
44.04,3437,-3496,3384,-3564,517,2508,1676,1937,-4.449999809,0.920000017,2.279999971,-0.02,0,0.129999995,-177.7299957,0.119999997
44.05,3327,-3429,3433,-3477,517,2496,1679,1947,-4.860000134,0.699999988,1.679999948,0,-0.059999999,0.140000001,-177.75,0.129999995
44.06,3284,-3535,3343,-3434,517,2488,1667,1942,-4.480000019,1.159999967,-0.660000026,-0.01,0.01,0.140000001,-177.75,0.129999995
44.07,3272,-3416,3321,-3420,517,2461,1663,1928,-5.25,0.140000001,0.709999979,-0.02,0.02,0.129999995,-177.7599945,0.150000006
44.08,3278,-3354,3344,-3449,517,2454,1668,1927,-2.960000038,1.460000038,-2.00999999,-0.039999999,-0.079999998,0.140000001,-177.7799988,0.170000002
44.09,3318,-3366,3264,-3426,518,2438,1669,1935,-6.019999981,0.939999998,-1.49000001,-0.079999998,-0.01,0.159999996,-177.7700043,0.209999993
44.1,3230,-3373,3257,-3353,517,2434,1665,1935,-3.940000057,-0.600000024,0.560000002,0.039999999,0.039999999,0.140000001,-177.7700043,0.200000003
44.11,3144,-3351,3245,-3304,517,2429,1666,1930,-5.349999905,-0.230000004,0.07,-0.050000001,-0.079999998,0.140000001,-177.8099976,0.209999993
44.12,3149,-3321,3164,-3305,517,2428,1667,1929,-3.799999952,1.370000005,-2.49000001,0.02,-0.029999999,0.140000001,-177.8099976,0.189999998
44.13,3175,-3255,3146,-3230,517,2411,1665,1924,-4.429999828,1.429999948,1.539999962,-0.079999998,-0.01,0.129999995,-177.8300018,0.219999999
44.14,3066,-3233,3180,-3289,517,2401,1665,1920,-4.460000038,0.899999976,-0.509999991,-0.039999999,0.02,0.119999997,-177.8399963,0.25
44.15,3083,-3211,3129,-3234,517,2394,1667,1919,-4.03000021,-0.219999999,0.730000019,0.02,0,0.119999997,-177.8600006,0.270000011
44.16,3090,-3165,3063,-3177,517,2394,1671,1920,-4.03000021,-0.219999999,0.730000019,0.02,0,0.119999997,-177.8600006,0.270000011
44.17,3020,-3145,3065,-3136,517,2392,1673,1928,-4.449999809,0.959999979,-0.259999991,0.050000001,-0.050000001,0.129999995,-177.8699951,0.230000004
44.18,2973,-3136,3033,-3125,517,2416,1673,1939,-4.599999905,0.540000022,-0.600000024,0.050000001,0.039999999,0.119999997,-177.8600006,0.200000003
44.19,3012,-3088,2968,-3085,517,2435,1674,1943,-5.480000019,1.289999962,2.059999943,0.01,0,0.119999997,-177.8600006,0.180000007
44.2,2978,-3076,3009,-3081,517,2454,1675,1946,-5.400000095,0.159999996,0.330000013,-0.02,0.01,0.119999997,-177.8500061,0.189999998
44.21,2880,-3039,2948,-3068,517,2459,1675,1946,-4.550000191,0.810000002,1.470000029,-0.039999999,0,0.129999995,-177.8500061,0.209999993
44.22,2881,-3019,2904,-3027,517,2442,1675,1948,-4.099999905,0.720000029,-0.620000005,-0.02,0,0.129999995,-177.8500061,0.230000004
44.23,2883,-3025,2885,-2984,517,2446,1674,1937,-4.909999847,0,-0.579999983,0.02,0,0.129999995,-177.8500061,0.219999999
44.24,2814,-2988,2880,-2965,517,2460,1674,1935,-2.920000076,0.920000017,0.870000005,0.029999999,0,0.119999997,-177.8600006,0.200000003
44.25,2866,-2920,2856,-2947,517,2460,1675,1936,-5.070000172,0.150000006,-0.180000007,-0.01,-0.029999999,0.119999997,-177.8600006,0.200000003
44.26,2846,-2891,2833,-2955,517,2458,1676,1934,-2.910000086,0.930000007,-0.439999998,-0.01,-0.02,0.109999999,-177.8800049,0.200000003
44.27,2794,-2972,2825,-2930,517,2456,1672,1935,-3.079999924,1.070000052,0.980000019,-0.01,-0.02,0.109999999,-177.8999939,0.209999993
44.28,2816,-2918,2849,-2901,517,2437,1680,1945,-2.470000029,1.690000057,-1.639999986,-0.039999999,-0.039999999,0.100000002,-177.9299927,0.239999995
44.29,2881,-2853,2775,-2871,517,2417,1687,1946,-2.930000067,0.5,0.389999986,-0.07,-0.039999999,0.100000002,-177.9600067,0.270000011
44.3,2793,-2849,2788,-2856,517,2400,1691,1946,-1.519999981,0.140000001,-0.300000012,0,-0.050000001,0.100000002,-178,0.280000001
44.31,2709,-2889,2819,-2890,517,2374,1697,1951,-2.839999914,-0.509999991,-0.629999995,0.029999999,-0.090000004,0.109999999,-178.0299988,0.259999991
44.32,2802,-2841,2791,-2902,518,2366,1713,1953,-0.230000004,-0.300000012,0.720000029,0.090000004,-0.039999999,0.100000002,-178.0599976,0.200000003
44.33,2821,-2861,2793,-2834,518,2364,1716,1963,-1.75,0.409999996,1.019999981,0.02,-0.100000002,0.090000004,-178.1100006,0.170000002
44.34,2742,-2907,2789,-2872,517,2267,1726,1860,-0.910000026,0.649999976,-1.139999986,-0.039999999,-0.059999999,0.090000004,-178.1300049,0.180000007
44.35,2756,-2824,2811,-2861,517,2249,1749,1913,-0.529999971,1.399999976,2.339999914,-0.129999995,-0.039999999,0.079999998,-178.1600037,0.239999995
44.36,2806,-2779,2753,-2807,518,2236,1782,1856,-1.860000014,-0.100000002,-1.039999962,-0.090000004,-0.039999999,0.079999998,-178.1900024,0.310000002
44.37,2743,-2887,2765,-2796,517,2214,1828,1852,1.419999957,0.579999983,-0.769999981,0,-0.02,0.079999998,-178.2100067,0.319999993
44.38,2734,-2825,2772,-2885,518,2212,1811,1871,-2.589999914,-0.310000002,0.02,0.02,-0.029999999,0.079999998,-178.2299957,0.310000002
44.39,2765,-2787,2757,-2823,518,2211,1794,1858,0.379999995,0.730000019,-0.200000003,0.07,0,0.07,-178.2299957,0.270000011
44.4,2799,-2874,2722,-2793,517,2206,1772,1852,-1.629999995,0.039999999,0.49000001,-0.029999999,-0.029999999,0.07,-178.2400055,0.270000011
44.41,2724,-2855,2806,-2830,518,2299,1788,1937,0.569999993,0.379999995,-2.910000086,-0.029999999,-0.01,0.07,-178.25,0.289999992
44.42,2680,-2781,2744,-2817,518,2300,1867,1968,-2.069999933,0.01,1.159999967,-0.029999999,-0.02,0.07,-178.2700043,0.319999993
44.43,2758,-2776,2690,-2780,517,2188,1865,1858,0.629999995,-0.419999987,-0.389999986,0,0,0.07,-178.2700043,0.319999993
44.44,2734,-2801,2716,-2802,517,2201,1850,1859,-1.980000019,-0.670000017,1.100000024,0.039999999,0.02,0.079999998,-178.2700043,0.289999992
44.45,2680,-2794,2743,-2811,518,2276,1833,1979,-1.110000014,0.550000012,0.959999979,0.039999999,0.02,0.079999998,-178.25,0.259999991
44.46,2723,-2787,2736,-2786,518,2213,1837,1885,-0.189999998,0.209999993,-0.660000026,0.029999999,0.029999999,0.079999998,-178.2400055,0.239999995
44.47,2746,-2817,2656,-2774,517,2217,1839,1876,-1.570000052,0.449999988,1.710000038,-0.01,0.02,0.079999998,-178.2100067,0.230000004
44.48,2680,-2802,2724,-2769,518,2353,1827,1883,-0.579999983,1.230000019,0.310000002,-0.02,0.039999999,0.079999998,-178.1900024,0.25
44.49,2657,-2799,2696,-2769,518,2278,1823,1982,-0.839999974,0.779999971,0.01,-0.059999999,0.01,0.090000004,-178.1799927,0.280000001
44.5,2690,-2782,2692,-2787,518,2274,1831,1867,-0.870000005,1.120000005,-1.820000052,-0.039999999,-0.02,0.100000002,-178.1799927,0.310000002
44.51,2687,-2778,2645,-2809,518,2275,1836,1949,-1.070000052,0.790000022,-0.860000014,0.01,-0.01,0.109999999,-178.1799927,0.300000012
44.52,2621,-2807,2698,-2780,518,2320,1838,1943,-0.460000008,0.730000019,-0.219999999,0.109999999,-0.02,0.119999997,-178.1999969,0.25
44.53,2650,-2799,2688,-2786,518,2289,1831,1909,-2.24000001,0.810000002,0.460000008,0.050000001,-0.029999999,0.129999995,-178.2100067,0.209999993
44.54,2660,-2742,2634,-2749,517,2296,1838,1952,0.079999998,1.24000001,1.409999967,0.02,0.02,0.140000001,-178.2200012,0.189999998
44.55,2608,-2808,2626,-2753,517,2296,1844,1944,-1.75999999,1.320000052,3.309999943,-0.059999999,-0.039999999,0.150000006,-178.25,0.209999993
44.56,2574,-2806,2589,-2758,517,2288,1841,1937,0.529999971,1.019999981,-1.320000052,-0.039999999,-0.02,0.170000002,-178.2599945,0.239999995
44.57,2591,-2711,2615,-2815,518,2318,1843,2040,-1.389999986,1.409999967,0.759999991,-0.01,-0.02,0.189999998,-178.2700043,0.230000004
44.58,2586,-2811,2561,-2750,517,2364,1842,2039,-0.460000008,1.299999952,0.550000012,0.050000001,-0.02,0.209999993,-178.2799988,0.200000003
44.59,2530,-2826,2562,-2774,517,2283,1830,1962,-0.720000029,1.539999962,0.550000012,0.079999998,0,0.230000004,-178.2700043,0.159999996
44.6,2553,-2749,2572,-2800,517,2284,1812,1962,-1.419999957,1.230000019,0.639999986,0.029999999,0.039999999,0.239999995,-178.2599945,0.129999995
44.61,2548,-2745,2547,-2730,517,2288,1797,1956,0.090000004,2.470000029,1.269999981,0.01,0.029999999,0.270000011,-178.25,0.109999999
44.62,2512,-2838,2502,-2777,518,2283,1788,1950,-1.179999948,2.079999924,-1.570000052,-0.039999999,0,0.289999992,-178.2400055,0.129999995
44.63,2547,-2765,2512,-2818,517,2280,1763,1941,-0.379999995,2.640000105,-0.779999971,-0.07,0.029999999,0.310000002,-178.2200012,0.150000006
44.64,2504,-2736,2493,-2795,517,2277,1750,1946,-1.5,2.019999981,0.419999987,-0.039999999,0,0.330000013,-178.2200012,0.180000007
44.65,2493,-2845,2510,-2772,518,2278,1753,1912,0.419999987,2.200000048,-3.319999933,0.02,-0.01,0.349999994,-178.2200012,0.170000002
44.66,2530,-2830,2488,-2819,518,2284,1770,1953,-2.170000076,2.109999895,-1.840000033,0,0,0.370000005,-178.2200012,0.159999996
44.67,2505,-2813,2445,-2790,518,2288,1779,1951,-0.850000024,2.220000029,1.080000043,0.079999998,0.02,0.389999986,-178.2200012,0.119999997
44.68,2443,-2831,2463,-2770,518,2301,1757,1984,-0.509999991,1.850000024,1.809999943,0.01,0,0.400000006,-178.2299957,0.090000004
44.69,2457,-2826,2450,-2784,519,2295,1759,1989,-0.839999974,3.079999924,-0.349999994,-0.01,0,0.419999987,-178.2299957,0.090000004
44.7,2478,-2811,2382,-2843,518,2333,1766,1997,-1.929999948,2.809999943,0.680000007,-0.079999998,0,0.439999998,-178.2200012,0.129999995
44.71,2430,-2797,2366,-2803,517,2293,1769,1976,-0.079999998,2.710000038,0.349999994,-0.050000001,0.029999999,0.460000008,-178.2100067,0.159999996
44.72,2425,-2855,2421,-2790,517,2287,1759,1977,-2.269999981,2.480000019,0.059999999,-0.050000001,0,0.479999989,-178.2100067,0.180000007
44.73,2407,-2851,2380,-2781,518,2290,1771,1977,-0.800000012,2.329999924,-1.940000057,0,0.029999999,0.49000001,-178.1900024,0.180000007
44.74,2442,-2815,2352,-2797,517,2287,1774,2074,-1.330000043,2.650000095,2.589999914,0,0.01,0.5,-178.1900024,0.159999996
44.75,2420,-2823,2349,-2749,517,2284,1772,1973,-0.930000007,2.00999999,-0.479999989,0,0.01,0.509999991,-178.1799927,0.150000006
44.76,2363,-2806,2340,-2764,518,2286,1767,1975,-0.74000001,2.700000048,0.610000014,-0.01,0.029999999,0.529999971,-178.1600037,0.150000006
44.77,2373,-2792,2328,-2803,517,2289,1762,2008,-1.399999976,2.5,-0.109999999,-0.02,0.01,0.540000022,-178.1499939,0.150000006
44.78,2385,-2817,2300,-2789,517,2291,1759,1959,-1.320000052,2.609999895,-0.879999995,-0.02,0.039999999,0.550000012,-178.1199951,0.150000006
44.79,2363,-2848,2273,-2756,518,2323,1753,1942,-1.690000057,2.49000001,0.07,-0.029999999,0.01,0.560000002,-178.1199951,0.159999996
44.8,2327,-2864,2304,-2767,518,2342,1745,1921,-0.74000001,2.99000001,-1.850000024,0,-0.01,0.579999983,-178.1199951,0.159999996
44.81,2340,-2793,2309,-2760,518,2429,1743,1932,-2.150000095,2.859999895,-1.25999999,-0.02,-0.02,0.589999974,-178.1300049,0.159999996
44.82,2354,-2751,2271,-2728,518,2327,1750,1950,-0.730000019,2.549999952,-0.200000003,-0.01,-0.029999999,0.610000014,-178.1499939,0.159999996
44.83,2326,-2737,2237,-2782,518,2299,1754,1966,-1.320000052,2.890000105,0.680000007,-0.01,-0.029999999,0.620000005,-178.1600037,0.150000006
44.84,2280,-2808,2259,-2776,518,2366,1748,1985,-0.759999991,2.880000114,0.379999995,0.01,0,0.629999995,-178.1699982,0.140000001
44.85,2267,-2724,2214,-2755,518,2293,1746,2075,-2.019999981,3.400000095,1.519999981,-0.02,0,0.639999986,-178.1699982,0.140000001
44.86,2264,-2755,2217,-2711,518,2281,1741,1975,0.319999993,3.029999971,-0.660000026,-0.01,0.01,0.649999976,-178.1699982,0.140000001
44.87,2311,-2783,2197,-2710,518,2277,1739,2008,-2.819999933,2.940000057,0.200000003,-0.07,0,0.660000026,-178.1600037,0.159999996
44.88,2260,-2807,2162,-2756,518,2361,1741,2017,-0.209999993,2.519999981,-0.219999999,-0.01,0.029999999,0.670000017,-178.1399994,0.159999996
44.89,2249,-2850,2180,-2836,518,2299,1742,2003,-2.269999981,3.25999999,0.860000014,0,0.01,0.670000017,-178.1300049,0.150000006
44.9,2278,-2910,2180,-2935,518,2276,1742,2000,-0.219999999,2.849999905,0.129999995,0.02,0.039999999,0.689999998,-178.1100006,0.119999997
44.91,2274,-3117,2137,-2711,518,2272,1742,2006,-1.570000052,2.710000038,1.25,0,0.01,0.699999988,-178.1000061,0.109999999
44.92,2246,-2683,2150,-2774,518,2264,1730,1992,-1.120000005,1.980000019,-0.370000005,-0.02,0.039999999,0.720000029,-178.0700073,0.109999999
44.93,2234,-2730,2136,-2760,518,2274,1695,1977,-0.270000011,2.589999914,-0.039999999,-0.050000001,0.07,0.720000029,-178.0399933,0.119999997
44.94,2246,-2866,2132,-2775,518,2276,1694,1972,2.75999999,3.99000001,-0.029999999,-0.01,0,0.759999991,-178.0399933,0.109999999
44.95,2250,-2838,2143,-2756,518,2351,1696,1972,-3.74000001,3.609999895,-4.400000095,-0.039999999,-0.059999999,0.759999991,-178.0399933,0.119999997
44.96,2252,-2818,2158,-2803,518,2222,1704,1992,2.450000048,2.549999952,-0.159999996,-0.059999999,0.039999999,0.769999981,-178.0299988,0.140000001
44.97,2257,-2861,2176,-2780,518,2199,1710,1999,-3.50999999,4.119999886,1.090000033,0.01,-0.01,0.779999971,-178.0399933,0.140000001
44.98,2268,-2886,2163,-2755,518,2212,1722,2016,2.059999943,2.029999971,-2.049999952,-0.01,0.059999999,0.769999981,-178.0099945,0.140000001
44.99,2282,-2844,2128,-2755,518,2244,1736,2024,-2.680000067,4.659999847,3.450000048,0.02,0.02,0.769999981,-178.0099945,0.109999999
45,2288,-2853,2137,-2764,519,2294,1736,2023,2.099999905,3.75,1.129999995,0,0,0.759999991,-177.9900055,0.079999998
45.01,2257,-2861,2142,-2742,519,2292,1736,2023,-2.059999943,4.019999981,-0.389999986,-0.039999999,-0.01,0.769999981,-177.9900055,0.090000004
45.02,2242,-2872,2110,-2772,519,2284,1734,2021,0.300000012,3.130000114,0.550000012,-0.059999999,0,0.759999991,-177.9799957,0.100000002
45.03,2275,-2844,2126,-2796,519,2272,1731,2017,0.119999997,3.059999943,0.540000022,-0.059999999,0.01,0.759999991,-177.9900055,0.129999995
45.04,2291,-2885,2146,-2758,518,2257,1739,2020,-0.889999986,3.140000105,-0.460000008,-0.059999999,-0.01,0.759999991,-177.9900055,0.159999996
45.05,2291,-2864,2147,-2764,518,2212,1741,2024,1.820000052,2.059999943,1.230000019,-0.079999998,0.01,0.759999991,-177.9900055,0.159999996
45.06,2260,-2850,2151,-2779,519,2186,1737,2020,-0.800000012,2.859999895,1.460000038,-0.059999999,0,0.759999991,-177.9900055,0.209999993
45.07,2294,-2848,2146,-2782,518,2163,1732,2012,2.210000038,2,-1.120000005,-0.07,0,0.75,-177.9799957,0.239999995
45.08,2301,-2854,2156,-2762,518,2146,1726,2004,-1.399999976,2.730000019,-1.330000043,0.01,-0.01,0.759999991,-177.9799957,0.230000004
45.09,2251,-2887,2154,-2808,518,2135,1726,1997,2.109999895,2.279999971,-1.690000057,0.039999999,0,0.759999991,-177.9799957,0.189999998
45.1,2294,-2860,2163,-2813,518,2134,1727,2000,-0.790000022,2.099999905,-0.819999993,0.090000004,-0.02,0.759999991,-177.9900055,0.140000001
45.11,2300,-2894,2153,-2805,518,2133,1727,2010,0.689999998,2.589999914,-0.759999991,0.059999999,0,0.769999981,-177.9900055,0.079999998
45.12,2280,-2864,2162,-2805,518,2123,1727,2016,1.559999943,2.690000057,1.399999976,0.01,0,0.779999971,-178,0.050000001
45.13,2268,-2857,2160,-2846,518,2115,1726,2018,-0.239999995,2.849999905,-1.00999999,-0.02,-0.029999999,0.779999971,-178.0099945,0.039999999
45.14,2279,-2869,2154,-2804,518,2115,1728,2015,0.589999974,3.599999905,-0.330000013,-0.039999999,0.02,0.779999971,-178,0.039999999
45.15,2311,-2899,2180,-2790,518,2136,1728,2003,-0.259999991,3.25999999,1.25,-0.01,0,0.790000022,-178,0.039999999
45.16,2287,-2896,2156,-2823,517,2147,1732,1997,-0.090000004,3.640000105,-2.779999971,0,0.01,0.790000022,-177.9900055,0.029999999
45.17,2292,-2867,2158,-2808,517,2151,1732,2032,0.330000013,4,0.639999986,0.039999999,0.02,0.790000022,-177.9799957,0
45.18,2297,-2927,2204,-2804,518,2155,1732,2065,-0.219999999,4.199999809,0.870000005,0,-0.01,0.779999971,-177.9799957,-0.02
45.19,2294,-2882,2173,-2797,518,2159,1732,2075,0.529999971,3.779999971,0.689999998,0,0.01,0.779999971,-177.9700012,-0.029999999
45.2,2323,-2898,2164,-2837,518,2164,1732,2073,0.01,4.039999962,1.5,-0.039999999,0,0.779999971,-177.9700012,-0.029999999
45.21,2320,-2897,2187,-2837,518,2157,1733,2068,-0.349999994,2.900000095,-0.99000001,-0.07,0.01,0.779999971,-177.9600067,0
45.22,2293,-2913,2192,-2853,517,2146,1734,2072,1.149999976,1.950000048,1.360000014,-0.07,0.029999999,0.769999981,-177.9499969,0.01
45.23,2328,-2915,2234,-2854,518,2134,1734,2065,-0.200000003,3,0.660000026,-0.029999999,0,0.769999981,-177.9499969,0.029999999
45.24,2318,-2889,2213,-2804,517,2136,1725,2054,1.029999971,2.109999895,-0.469999999,-0.01,0,0.759999991,-177.9499969,0.02
45.25,2316,-2933,2178,-2878,520,2137,1724,2043,-0.409999996,2.549999952,-1.799999952,0.059999999,-0.039999999,0.769999981,-177.9499969,0.02
45.26,2306,-2941,2236,-2827,518,2139,1720,2038,2.319999933,2.99000001,-0.810000002,0.090000004,0,0.769999981,-177.9600067,-0.090000004
45.27,2321,-2980,2223,-2875,519,2137,1720,2061,-2.029999971,3.450000048,-0.74000001,0.079999998,-0.079999998,0.779999971,-178,-0.159999996
45.28,2347,-2982,2177,-2878,519,2141,1721,2077,1.470000029,3.049999952,-1.399999976,0.039999999,-0.02,0.769999981,-178.0099945,-0.209999993
45.29,2322,-2946,2217,-2887,519,2129,1721,2082,-1.080000043,4.25,3.859999895,-0.029999999,-0.01,0.779999971,-178.0299988,-0.219999999
45.3,2323,-2963,2206,-2866,519,2101,1728,2077,1.519999981,3.059999943,-0.889999986,-0.079999998,-0.01,0.790000022,-178.0399933,-0.180000007
45.31,2353,-2967,2237,-2878,519,2078,1724,2068,1.039999962,3.24000001,0.150000006,-0.079999998,0,0.790000022,-178.0500031,-0.150000006
45.32,2318,-2950,2230,-2912,519,2098,1722,2065,-0.910000026,3.640000105,-1.679999948,0,0,0.790000022,-178.0399933,-0.150000006
45.33,2338,-2975,2204,-2833,519,2131,1726,2061,2.609999895,3.75999999,0.99000001,0.01,0.039999999,0.790000022,-178.0399933,-0.170000002
45.34,2348,-2963,2220,-2908,519,2162,1736,2060,-2.400000095,4.289999962,-0.119999997,0,-0.050000001,0.800000012,-178.0500031,-0.189999998
45.35,2329,-2982,2217,-2931,519,2182,1736,2059,2.309999943,2.339999914,-2.029999971,-0.02,0.039999999,0.800000012,-178.0299988,-0.180000007
45.36,2371,-3013,2232,-2855,519,2199,1735,2059,-1.470000029,3.539999962,3.289999962,-0.01,-0.039999999,0.810000002,-178.0599976,-0.200000003
45.37,2372,-2960,2247,-2919,518,2208,1740,2069,1.659999967,2.779999971,-3.440000057,-0.029999999,-0.039999999,0.810000002,-178.0700073,-0.200000003
45.38,2370,-2989,2206,-2911,518,2216,1749,2076,-1.360000014,3.849999905,1.769999981,0,0.01,0.819999993,-178.0800018,-0.209999993
45.39,2329,-2974,2237,-2916,519,2212,1758,2077,1.379999995,3.640000105,2.660000086,0,-0.02,0.829999983,-178.1100006,-0.219999999
45.4,2355,-2962,2244,-2884,519,2196,1753,2078,0.07,2.980000019,-0.370000005,-0.029999999,-0.01,0.819999993,-178.1199951,-0.219999999
45.41,2409,-3006,2227,-2945,519,2176,1742,2079,2.180000067,3.460000038,1.639999986,-0.01,-0.01,0.829999983,-178.1300049,-0.230000004
45.42,2387,-2955,2242,-2914,519,2168,1739,2079,-1.50999999,3.930000067,-0.779999971,-0.02,-0.029999999,0.819999993,-178.1399994,-0.230000004
45.43,2393,-2994,2245,-2901,519,2160,1739,2078,1.789999962,3.369999886,-0.540000022,-0.01,0.01,0.810000002,-178.1399994,-0.230000004
45.44,2421,-2955,2248,-2929,519,2159,1739,2079,-1.649999976,3.190000057,1.529999971,0,-0.01,0.810000002,-178.1499939,-0.239999995
45.45,2377,-3021,2258,-2899,519,2163,1740,2073,1.330000043,3.420000076,-0.460000008,-0.01,0.01,0.800000012,-178.1499939,-0.25
45.46,2388,-3061,2276,-2889,519,2171,1742,2068,-0.579999983,3.690000057,1.99000001,-0.039999999,0,0.800000012,-178.1699982,-0.239999995
45.47,2356,-3039,2273,-2948,518,2170,1742,2058,0.720000029,3.809999943,-0.170000002,-0.059999999,-0.02,0.790000022,-178.1799927,-0.230000004
45.48,2400,-3021,2283,-2930,519,2161,1740,2055,0.550000012,2.559999943,-0.289999992,-0.100000002,-0.01,0.800000012,-178.1900024,-0.189999998
45.49,2389,-3000,2293,-2938,518,2135,1739,2043,0.980000019,3.059999943,-0.170000002,-0.050000001,-0.050000001,0.790000022,-178.2100067,-0.170000002
45.5,2399,-2991,2267,-2959,519,2088,1740,2036,0.620000005,2.339999914,-3.480000019,-0.01,-0.01,0.790000022,-178.2200012,-0.159999996
45.51,2430,-3007,2294,-2927,518,2058,1738,2038,1.25999999,2.190000057,0.529999971,0.029999999,0.01,0.779999971,-178.2299957,-0.189999998
45.52,2414,-3094,2271,-2969,519,2111,1738,2043,-1.620000005,2.720000029,-1.549999952,0.039999999,-0.029999999,0.790000022,-178.2299957,-0.219999999
45.53,2423,-3064,2248,-2973,519,2167,1738,2043,1.50999999,3.549999952,0.49000001,0.059999999,0.039999999,0.790000022,-178.2200012,-0.270000011
45.54,2414,-3034,2248,-2985,519,2205,1747,2045,-2.700000048,3.789999962,0.469999999,0.029999999,-0.07,0.819999993,-178.25,-0.310000002
45.55,2381,-3043,2300,-2952,519,2214,1780,2051,2.230000019,2.75,-0.699999988,0.02,0.02,0.819999993,-178.25,-0.349999994
45.56,2378,-3048,2302,-2981,519,2215,1779,2058,-1.460000038,3.170000076,4.300000191,0.02,-0.029999999,0.829999983,-178.2799988,-0.379999995
45.57,2392,-3027,2227,-2938,519,2217,1772,2064,0.899999976,3.700000048,-1.590000033,0.029999999,0,0.829999983,-178.2799988,-0.419999987
45.58,2404,-3063,2248,-2998,519,2221,1766,2067,1.370000005,5.199999809,4.059999943,-0.050000001,0,0.829999983,-178.2899933,-0.419999987
45.59,2364,-3074,2324,-2952,519,2220,1756,2062,-1.039999962,3.869999886,-0.550000012,-0.059999999,-0.039999999,0.829999983,-178.2899933,-0.400000006
45.6,2374,-3066,2250,-2963,519,2215,1752,2053,0.879999995,3.599999905,-1.980000019,-0.079999998,0.01,0.829999983,-178.2899933,-0.360000014
45.61,2425,-3031,2277,-2962,519,2190,1750,2041,-0.759999991,4.489999771,1.210000038,-0.029999999,0,0.829999983,-178.2899933,-0.340000004
45.62,2448,-3077,2323,-2977,519,2167,1743,2031,1.730000019,2.630000114,-3.309999943,-0.02,0.01,0.829999983,-178.3000031,-0.330000013
45.63,2402,-3028,2285,-2962,519,2141,1735,2023,-0.910000026,3.849999905,-0.270000011,-0.01,0,0.829999983,-178.3099976,-0.340000004
45.64,2394,-3035,2291,-2985,519,2117,1730,2035,0.639999986,3.75999999,-1.730000019,0,0,0.819999993,-178.3099976,-0.349999994
45.65,2430,-3072,2301,-2980,519,2101,1728,2042,0.310000002,3.730000019,0.610000014,-0.039999999,0.02,0.829999983,-178.3099976,-0.349999994
45.66,2468,-3061,2296,-3011,519,2103,1729,2042,0.109999999,3.74000001,0.699999988,-0.059999999,0.02,0.829999983,-178.3000031,-0.330000013
45.67,2442,-3005,2303,-2954,519,2128,1735,2042,0.769999981,4.789999962,0.01,-0.100000002,0.050000001,0.829999983,-178.2799988,-0.300000012
45.68,2346,-3019,2280,-3008,519,2136,1744,2031,0.660000026,4.610000134,0.610000014,-0.150000006,0.02,0.839999974,-178.2700043,-0.230000004
45.69,2371,-3129,2278,-2973,519,2148,1757,2009,0.059999999,4.730000019,-1.029999971,-0.170000002,0.050000001,0.850000024,-178.2200012,-0.150000006
45.7,2420,-3114,2282,-2930,519,2184,1778,1988,-1.24000001,3.839999914,0.409999996,-0.150000006,0.090000004,0.839999974,-178.1799927,-0.07
45.71,2467,-3130,2319,-3036,519,2233,1768,1983,1.029999971,2.839999914,-1.269999981,-0.01,0.07,0.850000024,-178.1300049,-0.039999999
45.72,2494,-3091,2290,-2961,519,2291,1766,1987,-1.720000029,3.390000105,-1.549999952,0.02,0.059999999,0.860000014,-178.0899963,-0.07
45.73,2472,-3059,2297,-2973,519,2296,1770,1998,0.920000017,3.480000019,0.959999979,0.059999999,0.050000001,0.850000024,-178.0700073,-0.129999995
45.74,2460,-3055,2304,-3000,519,2310,1772,2013,0.159999996,2.880000114,0.889999986,0.029999999,0.02,0.850000024,-178.0599976,-0.159999996
45.75,2452,-3088,2293,-2995,519,2325,1775,2034,-0.509999991,3.869999886,0.209999993,-0.029999999,0.02,0.839999974,-178.0399933,-0.170000002
45.76,2458,-3073,2300,-2988,519,2338,1793,2050,0.349999994,3.5,3.809999943,-0.100000002,0.02,0.839999974,-178.0299988,-0.140000001
45.77,2447,-3125,2305,-3003,519,2351,1800,2054,-0.639999986,4.360000134,1.200000048,-0.090000004,0.01,0.839999974,-178.0200043,-0.100000002
45.78,2451,-3070,2308,-2981,519,2348,1801,2046,-0.090000004,3.769999981,0.5,-0.090000004,0.02,0.829999983,-178,-0.07
45.79,2404,-3092,2337,-3009,519,2344,1799,2038,-0.560000002,2.930000067,0.620000005,-0.039999999,0.029999999,0.829999983,-177.9799957,-0.050000001
45.8,2401,-3057,2306,-2986,519,2344,1797,2033,0.720000029,3.369999886,0.560000002,0,0.039999999,0.829999983,-177.9600067,-0.059999999
45.81,2500,-3097,2298,-2999,519,2343,1757,2032,-1.50999999,2.609999895,-1.110000014,0.02,0,0.829999983,-177.9499969,-0.079999998
45.82,2554,-3124,2322,-3002,519,2341,1733,2034,0.610000014,2.650000095,-1.519999981,0.129999995,0,0.850000024,-177.9499969,-0.159999996
45.83,2531,-3084,2325,-3041,519,2327,1713,2037,-2.390000105,3.210000038,1.179999948,0.109999999,-0.029999999,0.829999983,-177.9700012,-0.25
45.84,2385,-3138,2326,-3043,519,2297,1693,2045,2.349999905,2.970000029,-0.930000007,0.129999995,-0.050000001,0.829999983,-178.0200043,-0.340000004
45.85,2383,-3141,2331,-3011,519,2245,1686,2048,-1.610000014,4.389999866,0.509999991,0.02,-0.090000004,0.829999983,-178.0700073,-0.379999995
45.86,2435,-3066,2347,-3014,519,2180,1690,2046,2.380000114,2.619999886,-0.460000008,-0.090000004,-0.050000001,0.829999983,-178.1100006,-0.349999994
45.87,2467,-3077,2342,-2990,519,2015,1691,2046,-0.870000005,3.869999886,1.080000043,-0.07,-0.050000001,0.819999993,-178.1600037,-0.319999993
45.88,2494,-3053,2353,-3007,519,1928,1690,2051,2.00999999,1.960000038,-2.089999914,-0.050000001,-0.029999999,0.810000002,-178.1699982,-0.280000001
45.89,2514,-3030,2373,-3018,519,1876,1678,2050,-0.119999997,2.819999933,-0.349999994,0,0,0.790000022,-178.1799927,-0.289999992
45.9,2507,-3028,2331,-2963,519,1871,1655,2050,0.920000017,2.559999943,-0.730000019,0.100000002,0.01,0.779999971,-178.1600037,-0.349999994
45.91,2439,-3078,2308,-3015,519,1901,1607,2051,-1.340000033,4.019999981,-1.799999952,0.140000001,0.029999999,0.790000022,-178.1399994,-0.439999998
45.92,2421,-3091,2329,-3027,519,1977,1593,2051,0.419999987,3.440000057,-0.790000022,0.109999999,0.050000001,0.800000012,-178.1300049,-0.519999981
45.93,2438,-3103,2340,-3007,519,2007,1592,2051,-0.769999981,3.190000057,0.5,0.050000001,0,0.810000002,-178.1399994,-0.579999983
45.94,2453,-3101,2339,-3011,519,2032,1593,2043,-0.850000024,2.50999999,-2.710000038,0.02,0,0.829999983,-178.1399994,-0.610000014
45.95,2462,-3134,2319,-3055,519,2044,1593,2045,0.079999998,3.440000057,0.289999992,0.02,0.02,0.839999974,-178.1499939,-0.649999976
45.96,2457,-3037,2333,-3016,519,2044,1597,2052,-0.059999999,3.849999905,0.409999996,-0.01,-0.029999999,0.850000024,-178.1699982,-0.660000026
45.97,2432,-3032,2343,-3011,519,2026,1600,2068,-0.270000011,4.489999771,-1.159999967,-0.050000001,-0.02,0.850000024,-178.1900024,-0.649999976
45.98,2434,-3194,2328,-2989,519,2084,1605,2095,1.039999962,4.809999943,0.949999988,-0.050000001,0,0.850000024,-178.1999969,-0.639999986
45.99,2432,-3026,2314,-2996,519,2181,1617,2116,-2.74000001,6.25,1.720000029,-0.050000001,0,0.829999983,-178.1999969,-0.620000005
46,2436,-3138,2339,-3004,519,2247,1624,2105,1.159999967,5.559999943,1.480000019,-0.150000006,-0.01,0.819999993,-178.1999969,-0.560000002
46.01,2443,-3122,2362,-3019,519,2264,1606,2095,-2.349999905,5.400000095,0.389999986,-0.150000006,-0.01,0.829999983,-178.2200012,-0.479999989
46.02,2440,-3087,2379,-3051,518,2242,1578,2074,0.699999988,4.25,-1.039999962,-0.239999995,-0.029999999,0.810000002,-178.2299957,-0.370000005
46.03,2458,-3113,2316,-2993,519,2133,1551,2041,-0.670000017,3.029999971,-3.630000114,-0.159999996,-0.02,0.810000002,-178.2599945,-0.270000011
46.04,2485,-3098,2327,-3009,519,2085,1542,1991,1.450000048,2.25,-2.799999952,-0.150000006,-0.07,0.800000012,-178.3000031,-0.200000003
46.05,2530,-3135,2383,-3034,518,2053,1557,2015,-1.220000029,2.380000114,-3.869999886,-0.029999999,-0.079999998,0.810000002,-178.3500061,-0.170000002
46.06,2525,-3080,2378,-3041,519,2030,1629,2064,1.519999981,2.289999962,0.800000012,0.079999998,-0.079999998,0.810000002,-178.3999939,-0.230000004
46.07,2489,-3124,2340,-3040,519,2022,1656,2127,-1.99000001,3.49000001,1.440000057,0.07,-0.090000004,0.810000002,-178.4499969,-0.289999992
46.08,2446,-3139,2332,-3020,519,2063,1664,2189,2.089999914,3.130000114,3.630000114,0.059999999,0,0.819999993,-178.4600067,-0.340000004
46.09,2425,-3090,2329,-3029,519,2066,1664,2239,-3.799999952,4.809999943,5.099999905,-0.059999999,-0.01,0.819999993,-178.4799957,-0.330000013
46.1,2443,-3100,2334,-2986,519,2052,1663,2216,3.529999971,3.309999943,1.129999995,-0.119999997,0.07,0.819999993,-178.4499969,-0.270000011
46.11,2459,-3070,2321,-3007,519,2045,1664,2184,-1.570000052,3.25,2.74000001,-0.150000006,0.029999999,0.829999983,-178.4499969,-0.200000003
46.12,2479,-3081,2330,-2999,519,2046,1658,2158,1.340000033,2.859999895,-3.710000038,-0.029999999,0.050000001,0.819999993,-178.3999939,-0.170000002
46.13,2488,-3110,2321,-3019,519,2063,1648,2149,-1.379999995,3.539999962,0.810000002,0,0.090000004,0.819999993,-178.3600006,-0.180000007
46.14,2472,-3103,2310,-3022,519,2074,1636,2137,0.25,2.930000067,-0.509999991,0.090000004,0.059999999,0.829999983,-178.3200073,-0.219999999
46.15,2455,-3066,2303,-3059,519,2093,1636,2115,0.129999995,2.99000001,-1.129999995,0.02,0.059999999,0.829999983,-178.2899933,-0.259999991
46.16,2438,-3168,2327,-3028,519,2138,1663,2076,-0.230000004,2.650000095,-1.289999962,0.059999999,0.029999999,0.850000024,-178.2700043,-0.300000012
46.17,2448,-3118,2378,-3089,519,2200,1765,2025,-0.629999995,2.430000067,-0.419999987,0.079999998,0.029999999,0.870000005,-178.25,-0.360000014
46.18,2459,-3128,2315,-2980,519,2307,1810,1969,-0.790000022,2.059999943,-0.620000005,0.150000006,0.029999999,0.879999995,-178.2299957,-0.449999988
46.19,2463,-3119,2289,-3116,519,2331,1813,1935,1.850000024,1.460000038,-0.389999986,0.180000007,0.029999999,0.899999976,-178.2100067,-0.569999993
46.2,2453,-3108,2310,-3024,519,2340,1788,1973,-3.099999905,4.099999905,-0.200000003,0.180000007,0.029999999,0.889999986,-178.1999969,-0.709999979
46.21,2395,-3133,2282,-3038,519,2351,1761,2011,1.74000001,5.110000134,1.980000019,0.039999999,0.050000001,0.889999986,-178.1900024,-0.779999971
46.22,2404,-3131,2311,-3038,519,2340,1768,2011,-0.939999998,5.690000057,1.929999948,-0.079999998,0,0.889999986,-178.1900024,-0.759999991
46.23,2416,-3122,2329,-2997,519,2331,1782,1991,-0.389999986,5.860000134,-1.299999952,-0.119999997,0.02,0.889999986,-178.1600037,-0.720000029
46.24,2428,-3129,2294,-3015,519,2325,1783,1972,-0.140000001,4.96999979,1,-0.100000002,0.02,0.879999995,-178.1600037,-0.680000007
46.25,2440,-3075,2324,-3020,519,2312,1782,1978,0.02,5.130000114,-0.839999974,-0.02,0.029999999,0.850000024,-178.1600037,-0.680000007
46.26,2453,-3101,2341,-3022,519,2310,1781,1980,-0.449999988,4.349999905,0.340000004,-0.079999998,0.039999999,0.829999983,-178.1100006,-0.639999986
46.27,2466,-3136,2338,-2923,519,2319,1780,1972,-0.449999988,4.360000134,0.059999999,0.02,0.059999999,0.829999983,-178.0899963,-0.649999976
46.28,2475,-3099,2341,-3103,519,2341,1776,1971,0.280000001,3.039999962,-0.870000005,0.039999999,0.02,0.829999983,-178.0800018,-0.680000007
46.29,2461,-3091,2276,-3033,519,2328,1777,2019,-1.700000048,3.529999971,-1.299999952,0.029999999,0.02,0.829999983,-178.0599976,-0.730000019
46.3,2414,-3140,2323,-2965,519,2303,1777,2208,-0.150000006,4.880000114,5.820000172,-0.109999999,0.050000001,0.829999983,-178.0399933,-0.709999979
46.31,2408,-3080,2343,-3040,519,2280,1779,2213,0.129999995,3.24000001,4.119999886,-0.239999995,0.050000001,0.839999974,-178.0200043,-0.589999974
46.32,2423,-3088,2298,-3020,519,2263,1781,2171,-0.319999993,4.019999981,0.879999995,-0.209999993,0.079999998,0.839999974,-177.9700012,-0.49000001
46.33,2450,-3108,2359,-3003,519,2229,1781,2115,0.050000001,2.5,-0.050000001,-0.140000001,0.090000004,0.829999983,-177.9100037,-0.409999996
46.34,2474,-3098,2332,-2998,519,2220,1770,2076,0.409999996,1.950000048,-2.150000095,0.01,0.119999997,0.829999983,-177.8500061,-0.409999996
46.35,2491,-3143,2333,-3003,519,2220,1735,2035,0.300000012,2.769999981,0,0.07,0.07,0.829999983,-177.7899933,-0.469999999
46.36,2467,-3129,2356,-3003,519,2221,1684,2009,0.479999989,3.279999971,-3.00999999,0.119999997,0.109999999,0.829999983,-177.7400055,-0.550000012
46.37,2429,-3099,2294,-3063,519,2220,1591,1994,-0.720000029,3.589999914,0.039999999,0,0.059999999,0.839999974,-177.6999969,-0.589999974
46.38,2442,-3102,2324,-3046,519,2214,1573,1996,1,3.779999971,-3.140000105,-0.02,0.050000001,0.850000024,-177.6799927,-0.600000024
46.39,2467,-3140,2387,-3039,518,2195,1566,1994,-1.669999957,3.119999886,-1.320000052,-0.129999995,0.01,0.850000024,-177.6600037,-0.550000012
46.4,2489,-3115,2363,-3038,518,2182,1555,1967,0.970000029,3.619999886,-1.950000048,-0.119999997,0.039999999,0.850000024,-177.6499939,-0.5
46.41,2502,-3115,2346,-3079,518,2166,1532,1949,0.090000004,4.099999905,-1.639999986,-0.159999996,-0.02,0.850000024,-177.6699982,-0.430000007
46.42,2505,-3115,2361,-3011,518,2147,1546,1936,-0.239999995,3.650000095,-5.179999828,-0.140000001,-0.029999999,0.850000024,-177.6799927,-0.360000014
46.43,2482,-3132,2396,-3096,518,2132,1595,1934,0.709999979,2.869999886,-0.769999981,-0.119999997,-0.059999999,0.839999974,-177.7200012,-0.310000002
46.44,2493,-3123,2387,-3035,518,2085,1641,1946,-0.400000006,2.890000105,-2.799999952,0.01,-0.090000004,0.839999974,-177.7599945,-0.319999993
46.45,2502,-3105,2374,-3056,518,2065,1679,1993,0.569999993,3.019999981,-0.090000004,0.079999998,-0.02,0.829999983,-177.7899933,-0.379999995
46.46,2507,-3138,2366,-3031,519,2059,1696,2041,-0.050000001,2.109999895,1.330000043,0.129999995,-0.029999999,0.829999983,-177.8200073,-0.469999999
46.47,2488,-3094,2380,-3056,518,2067,1699,2095,0.560000002,3.630000114,2.450000048,0.150000006,0.01,0.829999983,-177.8200073,-0.579999983
46.48,2463,-3132,2379,-3052,518,2088,1710,2141,-0.050000001,3.799999952,2.75,0.050000001,0.01,0.839999974,-177.8200073,-0.639999986
46.49,2475,-3136,2340,-3017,518,2161,1714,2151,-0.680000007,4.78000021,2.589999914,0,0.050000001,0.850000024,-177.7899933,-0.680000007
46.5,2481,-3087,2357,-3042,519,2200,1714,2135,-0.439999998,3.930000067,1.830000043,-0.02,0.079999998,0.850000024,-177.75,-0.689999998
46.51,2485,-3156,2373,-3019,518,2234,1713,2124,-0.75,4.269999981,1.690000057,0,0.109999999,0.850000024,-177.6999969,-0.709999979
46.52,2488,-3152,2354,-3027,518,2254,1708,2115,1.25,4.239999771,0.219999999,-0.01,0.079999998,0.850000024,-177.6600037,-0.720000029
46.53,2497,-3134,2361,-3040,518,2264,1688,2112,-1.110000014,4.630000114,-0.349999994,-0.01,0.059999999,0.839999974,-177.6199951,-0.730000019
46.54,2514,-3132,2385,-3058,518,2252,1681,2117,0.970000029,4.900000095,1.049999952,-0.050000001,0.059999999,0.829999983,-177.5899963,-0.730000019
46.55,2505,-3118,2406,-3046,518,2249,1677,2088,-0.479999989,4.010000229,0.090000004,-0.07,0.02,0.800000012,-177.5800018,-0.699999988
46.56,2518,-3150,2431,-3045,518,2239,1675,2074,2.039999962,2.650000095,-2.440000057,-0.059999999,0,0.790000022,-177.5800018,-0.680000007
46.57,2504,-3129,2428,-3034,518,2221,1675,2070,-0.980000019,3.819999933,-0.519999981,-0.039999999,-0.02,0.779999971,-177.5800018,-0.680000007
46.58,2514,-3146,2420,-3088,518,2204,1678,2074,0.689999998,2.960000038,-1.730000019,-0.02,-0.029999999,0.759999991,-177.6000061,-0.680000007
46.59,2544,-3114,2433,-3026,518,2171,1679,2074,0.259999991,3.25999999,0.07,-0.02,0,0.75,-177.6100006,-0.680000007
46.6,2556,-3129,2423,-3016,518,2150,1676,2075,-0.239999995,3,-0.300000012,-0.039999999,-0.039999999,0.74000001,-177.6399994,-0.670000017
46.61,2547,-3104,2461,-3081,518,2124,1676,2074,1.039999962,2.950000048,-2.029999971,-0.050000001,-0.01,0.730000019,-177.6600037,-0.660000026
46.62,2544,-3114,2448,-3027,518,2098,1675,2074,-0.810000002,3,0.589999974,-0.059999999,0,0.730000019,-177.6799927,-0.639999986
46.63,2561,-3077,2454,-3059,519,2070,1682,2069,1.289999962,2.430000067,-0.829999983,-0.079999998,-0.01,0.720000029,-177.6999969,-0.610000014
46.64,2534,-3148,2477,-3072,517,2059,1686,2063,-0.469999999,2.779999971,-0.449999988,-0.079999998,0,0.720000029,-177.6999969,-0.579999983
46.65,2503,-3117,2449,-3019,518,2093,1701,2057,0.409999996,2.619999886,0.180000007,-0.029999999,0.02,0.720000029,-177.6999969,-0.579999983
46.66,2567,-3113,2462,-3105,518,2175,1721,2051,0.389999986,3,-0.75,0,0.02,0.720000029,-177.6999969,-0.589999974
46.67,2572,-3114,2457,-3090,518,2175,1736,2041,0.01,3.150000095,1.669999957,0,0.02,0.730000019,-177.6999969,-0.589999974
46.68,2593,-3166,2472,-3036,519,2214,1737,2022,0.01,3.150000095,1.669999957,0,0.02,0.730000019,-177.6900024,-0.600000024
46.69,2558,-3105,2473,-3065,518,2257,1734,1983,-0.829999983,3.329999924,-2.039999962,-0.050000001,-0.01,0.730000019,-177.6900024,-0.600000024
46.7,2591,-3132,2479,-3069,518,2272,1736,1951,-0.829999983,3.329999924,-2.039999962,-0.050000001,-0.01,0.730000019,-177.6900024,-0.579999983
46.71,2603,-3162,2494,-3070,519,2277,1749,1927,-0.170000002,3.099999905,0.01,-0.039999999,0,0.720000029,-177.6999969,-0.550000012
46.72,2544,-3121,2495,-3068,519,2270,1768,1932,-0.170000002,3.099999905,0.01,-0.039999999,0,0.720000029,-177.7200012,-0.519999981
46.73,2557,-3141,2527,-3099,519,2245,1820,1940,0.449999988,2.440000057,0.370000005,-0.02,0.01,0.699999988,-177.7299957,-0.5
46.74,2612,-3139,2507,-3073,518,2206,1835,1947,0.449999988,2.440000057,0.370000005,-0.02,0.01,0.699999988,-177.7299957,-0.5
46.75,2643,-3118,2499,-3056,518,2143,1828,1937,0,1.00999999,-2.190000057,0.100000002,0.039999999,0.689999998,-177.7100067,-0.540000022
46.76,2593,-3128,2543,-3074,517,2156,1811,1888,0,1.00999999,-2.190000057,0.100000002,0.039999999,0.689999998,-177.6799927,-0.610000014
46.77,2616,-3130,2533,-3064,519,2197,1793,1889,0.620000005,3.130000114,0.239999995,0.07,0.039999999,0.649999976,-177.6499939,-0.689999998
46.78,2596,-3128,2563,-3076,519,2257,1790,1911,0.620000005,3.130000114,0.239999995,0.07,0.039999999,0.649999976,-177.6399994,-0.75
46.79,2603,-3129,2560,-3066,518,2315,1806,1933,0.540000022,4.869999886,1.860000014,-0.189999998,0,0.610000014,-177.6499939,-0.74000001
46.8,2597,-3093,2544,-3075,518,2342,1826,1954,0.540000022,4.869999886,1.860000014,-0.189999998,0,0.610000014,-177.6600037,-0.660000026
46.81,2645,-3119,2599,-3058,518,2306,1835,1995,0.270000011,3.210000038,-0.189999998,-0.079999998,0,0.589999974,-177.6699982,-0.550000012
46.82,2690,-3085,2585,-3039,518,2273,1839,2006,0.270000011,3.210000038,-0.189999998,-0.079999998,0,0.589999974,-177.6699982,-0.5
46.83,2633,-3076,2614,-3056,518,2262,1839,2008,-1.570000052,2.680000067,0.74000001,0.039999999,0.01,0.529999971,-177.6600037,-0.5
46.84,2639,-3100,2634,-3075,518,2280,1829,2012,-1.570000052,2.680000067,0.74000001,0.039999999,0.01,0.529999971,-177.6399994,-0.529999971
46.85,2675,-3079,2621,-3049,518,2356,1820,2010,-0.039999999,1.669999957,1.299999952,-0.02,0,0.5,-177.6199951,-0.540000022
46.86,2659,-3113,2632,-3015,518,2381,1808,1986,-0.039999999,1.669999957,1.299999952,-0.02,0,0.5,-177.6300049,-0.529999971
46.87,2644,-3120,2662,-3074,518,2381,1803,1975,0.02,1.809999943,-0.930000007,-0.090000004,-0.039999999,0.49000001,-177.6399994,-0.509999991
46.88,2677,-3073,2656,-3063,518,2359,1797,1977,0.02,1.809999943,-0.930000007,-0.090000004,-0.039999999,0.49000001,-177.6799927,-0.469999999
46.89,2692,-3098,2644,-3060,518,2323,1789,1972,0.519999981,1.620000005,-2.539999962,-0.129999995,-0.090000004,0.49000001,-177.7200012,-0.430000007
46.9,2677,-3087,2650,-3098,519,2237,1796,1960,0.519999981,1.620000005,-2.539999962,-0.129999995,-0.090000004,0.49000001,-177.7799988,-0.360000014
46.91,2671,-3103,2687,-3059,519,2196,1808,1939,2.460000038,0.99000001,0.409999996,0,-0.050000001,0.5,-177.8200073,-0.319999993
46.92,2690,-3085,2728,-3088,518,2164,1819,1954,2.460000038,0.99000001,0.409999996,0,-0.050000001,0.5,-177.8600006,-0.310000002
46.93,2694,-3098,2676,-3094,518,2137,1822,1961,3.079999924,1.409999967,1.74000001,-0.02,0,0.479999989,-177.8899994,-0.349999994
46.94,2656,-3060,2666,-3040,518,2105,1808,1958,3.079999924,1.409999967,1.74000001,-0.02,0,0.479999989,-177.8999939,-0.360000014
46.95,2709,-3045,2706,-3019,518,2050,1801,1932,1.960000038,1.070000052,-3.980000019,-0.050000001,0,0.460000008,-177.9100037,-0.349999994
46.96,2751,-3036,2678,-3098,519,2039,1811,1911,1.960000038,1.070000052,-3.980000019,-0.050000001,0,0.460000008,-177.8899994,-0.319999993
46.97,2715,-3064,2699,-3034,519,2039,1821,1940,2.420000076,1.860000014,1.629999995,0,0.059999999,0.409999996,-177.8800049,-0.300000012
46.98,2706,-3030,2756,-3017,519,2049,1825,1965,2.420000076,1.860000014,1.629999995,0,0.059999999,0.409999996,-177.8500061,-0.310000002
46.99,2750,-3068,2734,-3020,519,2067,1823,1965,1.99000001,2.069999933,0.639999986,-0.100000002,0.100000002,0.349999994,-177.8099976,-0.289999992
47,2827,-3018,2761,-3048,519,2096,1814,1959,1.99000001,2.069999933,0.639999986,-0.100000002,0.100000002,0.349999994,-177.7599945,-0.25
47.01,2773,-2994,2749,-2959,519,2080,1798,1976,1.730000019,1.320000052,-0.439999998,-0.039999999,0.050000001,0.300000012,-177.7200012,-0.200000003
47.02,2819,-3023,2779,-3039,518,2056,1778,1980,1.730000019,1.320000052,-0.439999998,-0.039999999,0.050000001,0.300000012,-177.6799927,-0.180000007
47.03,2850,-3005,2814,-3004,518,2036,1752,1965,0.5,0.649999976,-2.24000001,0.039999999,0.039999999,0.259999991,-177.6600037,-0.150000006
47.04,2819,-3030,2803,-3001,518,2037,1715,1946,0.5,0.649999976,-2.24000001,0.039999999,0.039999999,0.259999991,-177.6199951,-0.180000007
47.05,2812,-3057,2830,-3045,518,2068,1715,1917,0.239999995,0.430000007,-2.140000105,0.059999999,0,0.25,-177.6100006,-0.209999993
47.06,2813,-3061,2818,-3046,518,2092,1717,1884,0.239999995,0.430000007,-2.140000105,0.059999999,0,0.25,-177.6100006,-0.25
47.07,2830,-3095,2829,-3064,518,2116,1725,1852,0.280000001,0.709999979,-2.150000095,0.039999999,-0.050000001,0.259999991,-177.6399994,-0.289999992
47.08,2845,-3053,2818,-3063,518,2136,1744,1874,0.280000001,0.709999979,-2.150000095,0.039999999,-0.050000001,0.259999991,-177.6600037,-0.310000002
47.09,2815,-3098,2801,-3064,519,2136,1802,1912,0.360000014,0.829999983,1.450000048,0,-0.059999999,0.289999992,-177.7100067,-0.330000013
47.1,2852,-3083,2851,-3104,518,2124,1826,1969,0.360000014,0.829999983,1.450000048,0,-0.059999999,0.289999992,-177.7400055,-0.340000004
47.11,2813,-3031,2860,-3044,518,2128,1845,2031,0.409999996,1.889999986,3.220000029,0.079999998,0.01,0.280000001,-177.7599945,-0.360000014
47.12,2823,-3090,2813,-3033,518,2140,1861,2088,0.409999996,1.889999986,3.220000029,0.079999998,0.01,0.280000001,-177.7700043,-0.409999996
47.13,2828,-3041,2821,-3036,519,2169,1863,2079,-0.889999986,1.649999976,1.600000024,-0.01,0.01,0.239999995,-177.7700043,-0.439999998
47.14,2834,-3029,2864,-3042,519,2216,1856,2076,-0.889999986,1.649999976,1.600000024,-0.01,0.01,0.239999995,-177.7599945,-0.449999988
47.15,2850,-3058,2841,-3051,519,2267,1862,2076,-0.300000012,1.320000052,1.5,-0.059999999,0,0.209999993,-177.75,-0.439999998
47.16,2816,-3036,2879,-3059,519,2317,1861,2074,-0.300000012,1.320000052,1.5,-0.059999999,0,0.209999993,-177.7400055,-0.409999996
47.17,2870,-3047,2890,-3040,519,2308,1858,2068,1.519999981,0.230000004,1.559999943,-0.02,0.039999999,0.209999993,-177.7299957,-0.379999995
47.18,2858,-3026,2857,-3042,518,2286,1852,2073,1.519999981,0.230000004,1.559999943,-0.02,0.039999999,0.209999993,-177.7299957,-0.349999994
47.19,2838,-3049,2833,-3075,518,2260,1835,2067,2.940000057,0.02,-0.769999981,-0.029999999,0,0.209999993,-177.7400055,-0.340000004
47.2,2861,-3058,2904,-3072,518,2236,1822,2051,2.940000057,0.02,-0.769999981,-0.029999999,0,0.209999993,-177.7299957,-0.330000013
47.21,2907,-3055,2874,-3041,518,2195,1805,2030,2.160000086,0.140000001,-2.630000114,0,-0.01,0.230000004,-177.7299957,-0.330000013
47.22,2856,-3070,2838,-3079,518,2177,1792,1983,2.160000086,0.140000001,-2.630000114,0,-0.01,0.230000004,-177.7299957,-0.349999994
47.23,2844,-3081,2911,-3088,518,2152,1784,1959,1.379999995,0.07,-2.029999971,-0.01,-0.029999999,0.239999995,-177.7299957,-0.349999994
47.24,2880,-3056,2879,-3064,518,2125,1779,1951,1.379999995,0.07,-2.029999971,-0.01,-0.029999999,0.239999995,-177.75,-0.349999994
47.25,2892,-3092,2861,-3104,518,2086,1770,1951,1.720000029,1.139999986,-0.389999986,0.02,0,0.239999995,-177.7700043,-0.349999994
47.26,2875,-3084,2910,-3096,518,2040,1764,1947,1.720000029,1.139999986,-0.389999986,0.02,0,0.239999995,-177.7799988,-0.379999995
47.27,2895,-3069,2870,-3053,518,2033,1759,1927,2.589999914,1.370000005,-2.190000057,0.02,-0.029999999,0.230000004,-177.8099976,-0.400000006
47.28,2937,-3103,2909,-3093,518,2038,1759,1939,2.589999914,1.370000005,-2.190000057,0.02,-0.029999999,0.230000004,-177.8300018,-0.430000007
47.29,2912,-3083,2878,-3062,518,2036,1765,1955,2.50999999,2.119999886,0.829999983,0,0,0.219999999,-177.8500061,-0.430000007
47.3,2857,-3045,2944,-3061,519,2027,1783,1977,2.50999999,2.119999886,0.829999983,0,0,0.219999999,-177.8600006,-0.439999998
47.31,2917,-3050,2886,-3092,518,2010,1783,2003,1.570000052,1.679999948,0.649999976,-0.01,0.02,0.200000003,-177.8600006,-0.430000007
47.32,2920,-3111,2899,-3085,518,2013,1783,2021,1.570000052,1.679999948,0.649999976,-0.01,0.02,0.200000003,-177.8399963,-0.439999998
47.33,2897,-3072,2890,-3052,519,2025,1784,2005,2.430000067,0.280000001,0.230000004,0.039999999,0.059999999,0.200000003,-177.8099976,-0.439999998
47.34,2913,-3082,2883,-3077,518,2044,1783,1990,2.430000067,0.280000001,0.230000004,0.039999999,0.059999999,0.200000003,-177.7700043,-0.469999999
47.35,2888,-3116,2909,-3042,519,2063,1787,1978,-0.159999996,0.49000001,-1.659999967,0.059999999,0.059999999,0.200000003,-177.75,-0.5
47.36,2921,-3091,2883,-3120,519,2120,1788,1971,-0.159999996,0.49000001,-1.659999967,0.059999999,0.059999999,0.200000003,-177.6999969,-0.540000022
47.37,2870,-3082,2878,-3088,519,2155,1788,1982,1.00999999,0.550000012,0.07,0.02,0.01,0.209999993,-177.6699982,-0.550000012
47.38,2903,-3139,2926,-3096,519,2196,1791,1994,1.00999999,0.550000012,0.07,0.02,0.01,0.209999993,-177.6499939,-0.569999993
47.39,2976,-3082,2912,-3096,518,2227,1796,1999,0.620000005,1.50999999,1.649999976,-0.029999999,0.01,0.209999993,-177.6300049,-0.569999993
47.4,2943,-3078,2890,-3086,519,2230,1793,1998,0.620000005,1.50999999,1.649999976,-0.029999999,0.01,0.209999993,-177.6199951,-0.560000002
47.41,2975,-3095,2928,-3104,519,2204,1795,1993,-0.079999998,0.980000019,-2.410000086,-0.01,-0.01,0.200000003,-177.6300049,-0.540000022
47.42,2892,-3082,2942,-3082,519,2205,1811,1993,-0.079999998,0.980000019,-2.410000086,-0.01,-0.01,0.200000003,-177.6300049,-0.519999981
47.43,2822,-3070,2921,-3100,518,2202,1832,1990,-0.75,1.50999999,1.559999943,0,0.02,0.189999998,-177.6300049,-0.540000022
47.44,2870,-3115,2927,-3097,518,2204,1851,1994,1.860000014,1.460000038,1.75999999,0,0.02,0.189999998,-177.6300049,-0.540000022
47.45,2979,-3063,2922,-3108,518,2310,1873,2113,1.639999986,1.299999952,2.210000038,-0.109999999,0.059999999,0.200000003,-177.6100006,-0.5
47.46,2953,-3119,2856,-3090,518,2264,1876,2025,1.639999986,1.299999952,2.210000038,-0.109999999,0.059999999,0.200000003,-177.5700073,-0.439999998
47.47,2890,-3089,2905,-3082,518,2290,1865,2029,1.120000005,1.179999948,0.920000017,-0.029999999,0.029999999,0.219999999,-177.5399933,-0.400000006
47.48,2880,-3081,2988,-3116,518,2314,1864,2023,1.120000005,1.179999948,0.920000017,-0.029999999,0.029999999,0.219999999,-177.5099945,-0.389999986
47.49,2864,-3106,2875,-3108,518,2322,1865,2006,2.190000057,1.929999948,-0.600000024,-0.090000004,0.029999999,0.219999999,-177.4900055,-0.370000005
47.5,2895,-3109,2894,-3098,518,2322,1867,1978,2.190000057,1.929999948,-0.600000024,-0.090000004,0.029999999,0.219999999,-177.4700012,-0.330000013
47.51,2916,-3118,2944,-3138,518,2321,1862,1944,1.429999948,-0.259999991,-1.470000029,-0.039999999,0.059999999,0.259999991,-177.4400024,-0.259999991
47.52,2956,-3168,2844,-3121,518,2317,1853,1913,1.429999948,-0.259999991,-1.470000029,-0.039999999,0.059999999,0.259999991,-177.4100037,-0.219999999
47.53,2908,-3123,2920,-3094,518,2314,1835,1876,0.289999992,-0.159999996,-3.50999999,0.07,0,0.270000011,-177.3999939,-0.25
47.54,2888,-3157,2924,-3152,518,2311,1825,1872,0.289999992,-0.159999996,-3.50999999,0.07,0,0.270000011,-177.3999939,-0.289999992
47.55,2911,-3135,2905,-3118,518,2307,1836,1871,-0.800000012,1.059999943,-2.059999943,-0.02,-0.07,0.270000011,-177.3999939,-0.289999992
47.56,2950,-3107,2918,-3114,518,2288,1845,1871,-0.800000012,1.059999943,-2.059999943,-0.02,-0.07,0.270000011,-177.4499969,-0.319999993
47.57,2907,-3128,2942,-3133,518,2221,1848,1876,-1.340000033,1.24000001,1.210000038,0.079999998,-0.01,0.270000011,-177.4600067,-0.330000013
47.58,2933,-3200,2909,-3136,518,2204,1847,1892,-1.340000033,1.24000001,1.210000038,0.079999998,-0.01,0.270000011,-177.4799957,-0.370000005
47.59,2923,-3153,2922,-3135,518,2216,1847,1891,-1.940000057,2.24000001,1.620000005,0.029999999,0.02,0.259999991,-177.4799957,-0.439999998
47.6,2898,-3129,2890,-3138,518,2247,1846,1891,-1.940000057,2.24000001,1.620000005,0.029999999,0.02,0.259999991,-177.4700012,-0.479999989
47.61,2864,-3202,2898,-3164,518,2275,1830,1885,-2.420000076,2.059999943,-0.289999992,-0.050000001,0,0.289999992,-177.4600067,-0.479999989
47.62,2887,-3134,2869,-3161,518,2286,1826,1876,-2.420000076,2.059999943,-0.289999992,-0.050000001,0,0.289999992,-177.4700012,-0.449999988
47.63,2876,-3179,2882,-3157,518,2293,1829,1850,-1.529999971,1.659999967,-0.209999993,0,-0.029999999,0.330000013,-177.4700012,-0.449999988
47.64,2871,-3239,2851,-3169,518,2324,1837,1847,-1.529999971,1.659999967,-0.209999993,0,-0.029999999,0.330000013,-177.4799957,-0.460000008
47.65,2875,-3209,2858,-3152,518,2373,1847,1848,-1.100000024,1.639999986,0.389999986,-0.01,-0.01,0.360000014,-177.4900055,-0.49000001
47.66,2883,-3154,2885,-3222,518,2423,1866,1852,-1.100000024,1.639999986,0.389999986,-0.01,-0.01,0.360000014,-177.5,-0.5
47.67,2864,-3222,2843,-3191,518,2473,1871,1861,-0.159999996,1.309999943,0.150000006,0,-0.01,0.389999986,-177.5099945,-0.509999991
47.68,2830,-3199,2810,-3177,518,2470,1867,1889,-0.159999996,1.309999943,0.150000006,0,-0.01,0.389999986,-177.5399933,-0.509999991
47.69,2813,-3158,2856,-3177,518,2463,1869,1919,-2.089999914,1.909999967,0.74000001,0.02,-0.01,0.409999996,-177.5599976,-0.529999971
47.7,2804,-3189,2819,-3174,518,2464,1870,1951,-2.089999914,1.909999967,0.74000001,0.02,-0.01,0.409999996,-177.5700073,-0.550000012
47.71,2788,-3187,2818,-3168,518,2462,1838,1960,-2.089999914,2.140000105,0.090000004,-0.07,-0.039999999,0.409999996,-177.5899963,-0.579999983
47.72,2826,-3159,2888,-3125,518,2438,1825,1951,-2.089999914,2.140000105,0.090000004,-0.07,-0.039999999,0.409999996,-177.6100006,-0.550000012
47.73,2865,-3183,2838,-3174,518,2417,1816,1946,-0.200000003,2.789999962,1.570000052,0.01,-0.01,0.419999987,-177.6199951,-0.540000022
47.74,2843,-3182,2811,-3191,518,2390,1797,1961,-0.200000003,2.789999962,1.570000052,0.01,-0.01,0.419999987,-177.6499939,-0.550000012
47.75,2818,-3139,2831,-3145,518,2355,1781,1980,-0.059999999,2.829999924,0.779999971,-0.059999999,-0.02,0.419999987,-177.6699982,-0.560000002
47.76,2858,-3128,2784,-3159,518,2319,1753,1993,-0.059999999,2.829999924,0.779999971,-0.059999999,-0.02,0.419999987,-177.6900024,-0.550000012
47.77,2815,-3112,2792,-3174,518,2232,1740,2002,-0.5,2.170000076,-0.670000017,-0.109999999,-0.029999999,0.419999987,-177.7100067,-0.509999991
47.78,2872,-3066,2829,-3157,518,2199,1755,2016,-0.5,2.170000076,-0.670000017,-0.109999999,-0.029999999,0.419999987,-177.7299957,-0.460000008
47.79,2839,-3005,2794,-3124,518,2184,1788,2063,-1.230000019,2.059999943,2.099999905,0.059999999,0,0.430000007,-177.7400055,-0.449999988
47.8,2783,-2944,2763,-3086,518,2186,1786,2077,-1.230000019,2.059999943,2.099999905,0.059999999,0,0.430000007,-177.7400055,-0.49000001
47.81,2805,-3159,2795,-3016,518,2187,1724,2078,-1.710000038,2.170000076,1.919999957,-0.039999999,0.02,0.430000007,-177.7100067,-0.529999971
47.82,2837,-3227,2779,-3108,518,2192,1694,2177,-1.710000038,2.170000076,1.919999957,-0.039999999,0.02,0.430000007,-177.7100067,-0.519999981
47.83,2753,-3138,2765,-3208,519,2193,1673,2070,-2.519999981,2.940000057,-0.360000014,-0.100000002,0.01,0.430000007,-177.6900024,-0.49000001
47.84,2825,-3070,2752,-3120,518,2194,1661,2053,-2.519999981,2.940000057,-0.360000014,-0.100000002,0.01,0.430000007,-177.6799927,-0.439999998
47.85,2851,-3205,2766,-3107,519,2194,1659,2048,-2.440000057,2.400000095,-0.75,0,-0.01,0.460000008,-177.6799927,-0.409999996
47.86,2776,-3201,2763,-3132,518,2195,1660,2034,-2.440000057,2.400000095,-0.75,0,-0.01,0.460000008,-177.6900024,-0.409999996
47.87,2774,-3132,2740,-3104,519,2199,1660,2017,-0.689999998,1.860000014,-0.800000012,0.039999999,-0.050000001,0.469999999,-177.7100067,-0.430000007
47.88,2814,-3177,2747,-3142,518,2202,1661,2007,-0.689999998,1.860000014,-0.800000012,0.039999999,-0.050000001,0.469999999,-177.75,-0.460000008
47.89,2791,-3161,2739,-3204,518,2202,1660,2030,-0.319999993,2.950000048,0.920000017,-0.039999999,-0.02,0.479999989,-177.7799988,-0.49000001
47.9,2718,-3129,2696,-3117,518,2202,1665,2069,-0.319999993,2.950000048,0.920000017,-0.039999999,-0.02,0.479999989,-177.8200073,-0.479999989
47.91,2769,-3120,2709,-3088,518,2193,1708,2072,-0.610000014,2.579999924,-0.939999998,-0.129999995,-0.029999999,0.479999989,-177.8699951,-0.449999988
47.92,2734,-3163,2717,-3113,518,2188,1733,2066,-0.610000014,2.579999924,-0.939999998,-0.129999995,-0.029999999,0.479999989,-177.8800049,-0.379999995
47.93,2715,-3108,2735,-3056,518,2191,1742,2052,-0.810000002,2.079999924,0.310000002,0.01,0.01,0.49000001,-177.8899994,-0.340000004
47.94,2692,-3041,2683,-3071,518,2178,1742,2055,-0.810000002,2.079999924,0.310000002,0.01,0.01,0.49000001,-177.8800049,-0.349999994
47.95,2679,-3112,2665,-3124,518,2161,1738,2058,-0.529999971,3.039999962,1.850000024,-0.02,0.079999998,0.479999989,-177.8600006,-0.360000014
47.96,2690,-3084,2671,-3079,518,2131,1732,2058,-0.529999971,3.039999962,1.850000024,-0.02,0.079999998,0.479999989,-177.8200073,-0.360000014
47.97,2705,-3027,2660,-3047,518,2108,1694,2055,-1.029999971,0.730000019,-1.379999995,0,0.100000002,0.49000001,-177.7700043,-0.330000013
47.98,2701,-3089,2624,-3068,519,2099,1661,2052,-1.029999971,0.730000019,-1.379999995,0,0.100000002,0.49000001,-177.7100067,-0.330000013
47.99,2715,-3125,2663,-3022,518,2108,1621,2046,-0.389999986,0.959999979,-0.730000019,0.129999995,0.050000001,0.49000001,-177.6499939,-0.370000005
48,2704,-3044,2675,-3060,518,2127,1584,2046,-0.389999986,0.959999979,-0.730000019,0.129999995,0.050000001,0.49000001,-177.6199951,-0.439999998
48.01,2681,-3070,2650,-3100,518,2146,1552,2048,-0.660000026,2.549999952,-1.629999995,0.07,-0.02,0.49000001,-177.6199951,-0.509999991
48.02,2684,-3131,2656,-3067,518,2153,1534,2052,-0.660000026,2.549999952,-1.629999995,0.07,-0.02,0.49000001,-177.6199951,-0.579999983
48.03,2684,-3050,2651,-3015,518,2130,1541,2056,-1.090000033,2.74000001,-2.480000019,0.029999999,-0.039999999,0.49000001,-177.6600037,-0.610000014
48.04,2729,-3050,2670,-3036,518,2125,1549,2064,-1.090000033,2.74000001,-2.480000019,0.029999999,-0.039999999,0.49000001,-177.6900024,-0.629999995
48.05,2688,-3116,2646,-3023,518,2128,1558,2075,-3.130000114,3.390000105,0.769999981,0.050000001,-0.07,0.479999989,-177.6900024,-0.629999995
48.06,2673,-3039,2631,-3043,518,2142,1573,2090,-3.130000114,3.390000105,0.769999981,0.050000001,-0.07,0.479999989,-177.7700043,-0.680000007
48.07,2711,-3043,2650,-3053,518,2163,1609,2108,-3.440000057,2.849999905,2.309999943,0.02,-0.07,0.469999999,-177.8099976,-0.699999988
48.08,2670,-3080,2647,-3045,519,2179,1622,2124,-3.440000057,2.849999905,2.309999943,0.02,-0.07,0.469999999,-177.8699951,-0.720000029
48.09,2623,-3054,2612,-3021,519,2167,1628,2128,-1.700000048,2.730000019,1.179999948,0.02,-0.050000001,0.479999989,-177.9100037,-0.730000019
48.1,2661,-3006,2597,-2975,519,2161,1631,2130,-1.700000048,2.730000019,1.179999948,0.02,-0.050000001,0.479999989,-177.9600067,-0.74000001
48.11,2677,-3053,2592,-3009,519,2169,1632,2129,-1.600000024,2.440000057,1.350000024,-0.029999999,-0.02,0.49000001,-177.9900055,-0.759999991
48.12,2600,-3022,2590,-3005,519,2154,1632,2112,-1.600000024,2.440000057,1.350000024,-0.029999999,-0.02,0.49000001,-178.0099945,-0.75
48.13,2603,-2993,2587,-2998,519,2152,1632,2092,-1.909999967,1.809999943,-0.980000019,-0.029999999,-0.01,0.5,-178.0299988,-0.75
48.14,2634,-3050,2572,-3017,519,2158,1638,2081,-1.909999967,1.809999943,-0.980000019,-0.029999999,-0.01,0.5,-178.0399933,-0.730000019
48.15,2600,-3051,2586,-2987,519,2164,1649,2081,-1.110000014,2.400000095,1.24000001,0,0,0.509999991,-178.0399933,-0.730000019
48.16,2593,-3005,2536,-2979,519,2166,1655,2079,-1.110000014,2.400000095,1.24000001,0,0,0.509999991,-178.0599976,-0.759999991
48.17,2574,-2982,2514,-2933,519,2161,1654,2075,-0.829999983,2.619999886,0.449999988,-0.039999999,0.02,0.519999981,-178.0599976,-0.759999991
48.18,2618,-2998,2553,-3002,519,2162,1651,2065,-0.829999983,2.619999886,0.449999988,-0.039999999,0.02,0.519999981,-178.0599976,-0.75
48.19,2608,-2951,2533,-2968,519,2160,1645,2038,-0.980000019,1.970000029,-2.319999933,-0.029999999,0.02,0.519999981,-178.0500031,-0.730000019
48.2,2537,-2949,2535,-2932,519,2159,1637,1991,-0.980000019,1.970000029,-2.319999933,-0.029999999,0.02,0.519999981,-178.0399933,-0.709999979
48.21,2551,-3019,2496,-2961,519,2158,1638,1974,-0.779999971,1.769999981,-1.00999999,0.01,0.029999999,0.519999981,-178.0299988,-0.709999979
48.22,2573,-2963,2514,-2990,519,2158,1640,1966,-0.779999971,1.769999981,-1.00999999,0.01,0.029999999,0.519999981,-178.0299988,-0.709999979
48.23,2557,-2894,2534,-2920,519,2153,1638,1953,0.629999995,1.50999999,-2.359999895,0.029999999,0,0.519999981,-178.0299988,-0.720000029
48.24,2526,-2961,2520,-3001,519,2141,1639,1944,0.629999995,1.50999999,-2.359999895,0.029999999,0,0.519999981,-178.0299988,-0.74000001
48.25,2567,-2961,2466,-2980,519,2139,1641,1927,-0.140000001,1.49000001,-2.119999886,0.029999999,-0.02,0.519999981,-178.0500031,-0.759999991
48.26,2561,-2928,2537,-2887,519,2141,1642,1921,-0.140000001,1.49000001,-2.119999886,0.029999999,-0.02,0.519999981,-178.0599976,-0.790000022
48.27,2523,-2953,2510,-2902,519,2140,1647,1926,-0.949999988,2.099999905,-1.070000052,0.07,-0.01,0.519999981,-178.0700073,-0.819999993
48.28,2509,-2963,2476,-2929,519,2143,1649,1938,-0.949999988,2.099999905,-1.070000052,0.07,-0.01,0.519999981,-178.0899963,-0.870000005
48.29,2543,-2917,2481,-2883,519,2133,1649,1946,-0.569999993,2.420000076,-0.200000003,0.07,0,0.509999991,-178.1000061,-0.910000026
48.3,2518,-2856,2507,-2868,519,2123,1650,1986,-0.569999993,2.420000076,-0.200000003,0.07,0,0.509999991,-178.1199951,-0.959999979
48.31,2526,-2914,2478,-2915,519,2108,1650,2006,-0.469999999,2.390000105,0.589999974,0.039999999,0.029999999,0.5,-178.1199951,-0.99000001
48.32,2536,-2906,2489,-2901,519,2086,1651,2021,-0.469999999,2.390000105,0.589999974,0.039999999,0.029999999,0.5,-178.1199951,-1.019999981
48.33,2508,-2886,2458,-2825,519,2066,1650,2025,-0.140000001,1.820000052,-0.610000014,0.090000004,0.029999999,0.479999989,-178.1100006,-1.059999943
48.34,2526,-2927,2476,-2884,519,2097,1650,2027,-0.140000001,1.820000052,-0.610000014,0.090000004,0.029999999,0.479999989,-178.0800018,-1.129999995
48.35,2507,-2941,2499,-2867,519,2252,1650,2127,-2.24000001,2.410000086,0.689999998,0.039999999,0.029999999,0.479999989,-178.0500031,-1.190000057
48.36,2490,-2877,2453,-2822,519,2247,1658,2028,-2.24000001,2.410000086,0.689999998,0.039999999,0.029999999,0.479999989,-178.0299988,-1.24000001
48.37,2489,-2869,2427,-2883,519,2319,1676,2048,-1.570000052,3.210000038,2.900000095,-0.079999998,0,0.49000001,-178.0200043,-1.25999999
48.38,2499,-2922,2421,-2897,519,2374,1745,2097,-1.570000052,3.210000038,2.900000095,-0.079999998,0,0.49000001,-178.0299988,-1.230000019
48.39,2505,-2894,2432,-2827,520,2379,1777,2147,-1.129999995,2.789999962,3.289999962,-0.100000002,0.02,0.509999991,-178.0299988,-1.190000057
48.4,2448,-2846,2403,-2819,519,2353,1792,2186,-1.129999995,2.789999962,3.289999962,-0.100000002,0.02,0.509999991,-178.0200043,-1.139999986
48.41,2468,-2885,2415,-2829,519,2338,1792,2165,-1.090000033,2.410000086,1.450000048,0,0.050000001,0.509999991,-178,-1.129999995
48.42,2500,-2853,2429,-2807,519,2326,1783,2139,-1.090000033,2.410000086,1.450000048,0,0.050000001,0.509999991,-177.9799957,-1.139999986
48.43,2422,-2818,2403,-2850,520,2310,1747,2118,-0.620000005,2.059999943,0.769999981,-0.01,0.039999999,0.49000001,-177.9400024,-1.159999967
48.44,2429,-2801,2414,-2805,519,2250,1726,2105,-0.620000005,2.059999943,0.769999981,-0.01,0.039999999,0.49000001,-177.9100037,-1.169999957
48.45,2457,-2852,2381,-2807,519,2221,1705,2087,-2.019999981,1.899999976,-0.189999998,-0.039999999,0.029999999,0.479999989,-177.8899994,-1.159999967
48.46,2474,-2821,2402,-2798,519,2197,1699,2074,-2.019999981,1.899999976,-0.189999998,-0.039999999,0.029999999,0.479999989,-177.8600006,-1.149999976
48.47,2454,-2740,2416,-2768,519,2175,1699,2064,-0.409999996,1.980000019,-0.430000007,-0.039999999,0.039999999,0.469999999,-177.8399963,-1.120000005
48.48,2412,-2790,2388,-2748,519,2154,1692,2060,-0.409999996,1.980000019,-0.430000007,-0.039999999,0.039999999,0.469999999,-177.8300018,-1.100000024
48.49,2430,-2808,2383,-2793,519,2098,1690,2050,-0.899999976,1.799999952,-1.120000005,-0.050000001,0.039999999,0.479999989,-177.8099976,-1.070000052
48.5,2432,-2736,2397,-2810,519,2070,1683,2011,-0.899999976,1.799999952,-1.120000005,-0.050000001,0.039999999,0.479999989,-177.7899933,-1.049999952
48.51,2408,-2746,2360,-2756,519,2044,1665,1989,0.280000001,1.299999952,-3.220000029,0,0.039999999,0.479999989,-177.7700043,-1.049999952
48.52,2395,-2827,2382,-2777,519,2027,1640,1977,0.280000001,1.299999952,-3.220000029,0,0.039999999,0.479999989,-177.75,-1.059999943
48.53,2392,-2770,2315,-2735,519,2012,1605,1974,0.400000006,1.850000024,-0.800000012,0,0.039999999,0.479999989,-177.7299957,-1.080000043
48.54,2421,-2750,2322,-2729,519,2006,1604,1981,0.400000006,1.850000024,-0.800000012,0,0.039999999,0.479999989,-177.7200012,-1.090000033
48.55,2411,-2748,2357,-2724,519,2007,1604,1988,-1.059999943,2.309999943,-1.279999971,0,0.029999999,0.49000001,-177.7100067,-1.090000033
48.56,2345,-2774,2368,-2781,519,2008,1605,1995,-1.059999943,2.309999943,-1.279999971,0,0.029999999,0.49000001,-177.6900024,-1.100000024
48.57,2380,-2748,2353,-2757,519,2010,1607,2000,-0.930000007,1.960000038,-0.709999979,0,0.039999999,0.49000001,-177.6799927,-1.110000014
48.58,2391,-2728,2309,-2701,519,2021,1616,2010,-0.930000007,1.960000038,-0.709999979,0,0.039999999,0.49000001,-177.6600037,-1.110000014
48.59,2376,-2783,2336,-2702,519,2033,1620,2017,-1.399999976,2.579999924,0,-0.02,0.029999999,0.479999989,-177.6499939,-1.110000014
48.6,2332,-2765,2354,-2735,519,2076,1621,2018,-1.399999976,2.579999924,0,-0.02,0.029999999,0.479999989,-177.6300049,-1.110000014
48.61,2374,-2729,2310,-2672,519,2098,1621,2021,-0.370000005,2.180000067,0.379999995,-0.01,0.01,0.469999999,-177.6300049,-1.120000005
48.62,2387,-2753,2310,-2709,519,2115,1622,2027,-0.370000005,2.180000067,0.379999995,-0.01,0.01,0.469999999,-177.6199951,-1.129999995
48.63,2334,-2756,2330,-2764,519,2120,1625,2032,-1.320000052,2.450000048,0.519999981,0,0,0.479999989,-177.6199951,-1.139999986
48.64,2339,-2740,2312,-2718,519,2118,1626,2042,-1.320000052,2.450000048,0.519999981,0,0,0.479999989,-177.6199951,-1.149999976
48.65,2342,-2716,2321,-2683,519,2091,1629,2044,-1.049999952,1.590000033,0.129999995,0,-0.01,0.49000001,-177.6300049,-1.149999976
48.66,2334,-2722,2267,-2680,519,2077,1629,2044,-1.049999952,1.590000033,0.129999995,0,-0.01,0.49000001,-177.6399994,-1.159999967
48.67,2345,-2759,2304,-2714,519,2072,1629,2039,-0.759999991,1.99000001,1.039999962,0.01,0.039999999,0.49000001,-177.6199951,-1.179999948
48.68,2331,-2697,2306,-2647,519,2076,1624,2042,-0.759999991,1.99000001,1.039999962,0.01,0.039999999,0.49000001,-177.6100006,-1.200000048
48.69,2337,-2699,2281,-2695,519,2076,1626,2042,-0.25,2.140000105,-0.189999998,0,0.029999999,0.5,-177.5899963,-1.230000019
48.7,2343,-2727,2278,-2724,519,2089,1626,2042,-0.25,2.140000105,-0.189999998,0,0.029999999,0.5,-177.5700073,-1.25999999
48.71,2324,-2726,2246,-2670,519,2095,1627,2042,0.230000004,2.119999886,0.180000007,-0.01,0.029999999,0.49000001,-177.5500031,-1.279999971
48.72,2334,-2701,2262,-2688,519,2096,1627,2044,0.230000004,2.119999886,0.180000007,-0.01,0.029999999,0.49000001,-177.5399933,-1.289999962
48.73,2286,-2690,2258,-2653,519,2091,1626,2041,-0.720000029,1.419999957,-0.649999976,0,0.01,0.49000001,-177.5299988,-1.299999952
48.74,2327,-2718,2239,-2645,519,2091,1626,2041,-0.720000029,1.419999957,-0.649999976,0,0.01,0.49000001,-177.5200043,-1.309999943
48.75,2321,-2665,2258,-2666,519,2091,1628,2040,-1.120000005,1.289999962,-0.439999998,0.02,0,0.49000001,-177.5200043,-1.330000043
48.76,2304,-2612,2243,-2672,519,2090,1629,2037,-1.120000005,1.289999962,-0.439999998,0.02,0,0.49000001,-177.5200043,-1.350000024
48.77,2300,-2690,2235,-2641,519,2091,1627,2033,-1.070000052,1.460000038,-0.349999994,0,0,0.5,-177.5099945,-1.370000005
48.78,2295,-2718,2253,-2662,520,2095,1627,2034,-1.070000052,1.460000038,-0.349999994,0,0,0.5,-177.5200043,-1.389999986
48.79,2284,-2645,2228,-2665,519,2099,1631,2029,-1.659999967,1.700000048,-1.25,-0.01,-0.02,0.5,-177.5299988,-1.409999967
48.8,2311,-2615,2235,-2644,519,2116,1642,2024,-1.659999967,1.700000048,-1.25,-0.01,-0.02,0.5,-177.5500031,-1.409999967
48.81,2268,-2707,2262,-2623,519,2121,1658,2023,-1.200000048,2.319999933,0.569999993,0.01,-0.029999999,0.5,-177.5700073,-1.440000057
48.82,2266,-2635,2219,-2639,520,2122,1675,2025,-1.200000048,2.319999933,0.569999993,0.01,-0.029999999,0.5,-177.6000061,-1.460000038
48.83,2272,-2608,2237,-2640,519,2118,1688,2024,-1.330000043,2.220000029,0.370000005,-0.039999999,-0.02,0.5,-177.6300049,-1.460000038
48.84,2285,-2639,2195,-2606,520,2117,1709,2026,-1.330000043,2.220000029,0.370000005,-0.039999999,-0.02,0.5,-177.6499939,-1.450000048
48.85,2255,-2666,2207,-2617,520,2118,1725,2025,-0.109999999,2.150000095,0.479999989,-0.029999999,0,0.5,-177.6600037,-1.450000048
48.86,2235,-2631,2206,-2594,520,2116,1738,2026,-0.109999999,2.150000095,0.479999989,-0.029999999,0,0.5,-177.6600037,-1.440000057
48.87,2234,-2588,2174,-2579,520,2116,1741,2022,-0.360000014,2.210000038,0.600000024,-0.02,0.039999999,0.5,-177.6499939,-1.440000057
48.88,2234,-2613,2174,-2541,520,2120,1741,2019,-0.360000014,2.210000038,0.600000024,-0.02,0.039999999,0.5,-177.6300049,-1.440000057
48.89,2236,-2628,2172,-2548,520,2123,1728,2010,-0.709999979,1.580000043,-0.469999999,0,0.050000001,0.49000001,-177.6000061,-1.450000048
48.9,2214,-2593,2163,-2615,520,2125,1723,1997,-0.709999979,1.580000043,-0.469999999,0,0.050000001,0.49000001,-177.5800018,-1.450000048
48.91,2189,-2606,2208,-2559,520,2126,1719,1980,-1.480000019,1.549999952,-0.730000019,-0.01,0.039999999,0.49000001,-177.5500031,-1.460000038
48.92,2236,-2639,2195,-2546,519,2127,1713,1972,-1.480000019,1.549999952,-0.730000019,-0.01,0.039999999,0.49000001,-177.5299988,-1.460000038
48.93,2234,-2616,2135,-2580,520,2124,1712,1971,-0.899999976,1.940000057,-0.300000012,0.01,0.01,0.469999999,-177.5200043,-1.480000019
48.94,2225,-2574,2165,-2563,520,2124,1712,1975,-0.899999976,1.940000057,-0.300000012,0.01,0.01,0.469999999,-177.5299988,-1.49000001
48.95,2182,-2545,2194,-2523,519,2123,1712,1978,-1.519999981,1.269999981,0.140000001,0.029999999,0,0.469999999,-177.5299988,-1.49000001
48.96,2228,-2570,2170,-2518,520,2124,1711,1985,-1.519999981,1.269999981,0.140000001,0.029999999,0,0.469999999,-177.5399933,-1.529999971
48.97,2193,-2612,2177,-2591,520,2127,1714,1998,-2.700000048,1.649999976,0.079999998,-0.01,-0.039999999,0.460000008,-177.5599976,-1.559999943
48.98,2187,-2554,2139,-2546,520,2130,1715,2001,-2.700000048,1.649999976,0.079999998,-0.01,-0.039999999,0.460000008,-177.5800018,-1.570000052
48.99,2188,-2557,2165,-2499,520,2130,1716,2000,-1.620000005,1.600000024,0.610000014,-0.01,-0.029999999,0.460000008,-177.6000061,-1.570000052
49,2185,-2578,2156,-2540,520,2129,1718,1997,-1.620000005,1.600000024,0.610000014,-0.01,-0.029999999,0.460000008,-177.6300049,-1.570000052
49.01,2208,-2574,2132,-2527,520,2127,1720,1993,-1.190000057,0.75,0.109999999,0.02,-0.02,0.469999999,-177.6499939,-1.590000033
49.02,2190,-2547,2120,-2528,520,2123,1720,1986,-1.190000057,0.75,0.109999999,0.02,-0.02,0.469999999,-177.6799927,-1.620000005
49.03,2168,-2512,2132,-2497,520,2116,1719,1981,-0.25,1.049999952,-1.120000005,0.01,-0.02,0.460000008,-177.6999969,-1.649999976
49.04,2167,-2544,2145,-2527,520,2117,1717,1979,-0.25,1.049999952,-1.120000005,0.01,-0.02,0.460000008,-177.7299957,-1.669999957
49.05,2148,-2558,2157,-2510,520,2117,1719,1972,-0.959999979,1.730000019,-1.24000001,-0.059999999,-0.059999999,0.460000008,-177.7599945,-1.679999948
49.06,2186,-2495,2121,-2512,520,2118,1721,1966,-0.959999979,1.730000019,-1.24000001,-0.059999999,-0.059999999,0.460000008,-177.7899933,-1.659999967
49.07,2165,-2486,2102,-2481,520,2119,1723,1961,-0.400000006,1.460000038,0.219999999,-0.039999999,-0.02,0.449999988,-177.8000031,-1.659999967
49.08,2153,-2548,2112,-2458,520,2124,1727,1964,-0.400000006,1.460000038,0.219999999,-0.039999999,-0.02,0.449999988,-177.8300018,-1.639999986
49.09,2160,-2504,2126,-2470,520,2125,1731,1964,-0.400000006,1.379999995,-0.899999976,-0.02,-0.01,0.430000007,-177.8500061,-1.639999986
49.1,2177,-2417,2111,-2481,520,2125,1753,1964,-0.400000006,1.379999995,-0.899999976,-0.02,-0.01,0.430000007,-177.8699951,-1.629999995
49.11,2172,-2459,2112,-2478,520,2126,1771,1964,-0.469999999,1.200000048,0.300000012,0,0,0.419999987,-177.8800049,-1.639999986
49.12,2144,-2505,2115,-2445,520,2129,1791,1948,-0.469999999,1.200000048,0.300000012,0,0,0.419999987,-177.8899994,-1.649999976
49.13,2140,-2452,2158,-2447,520,2131,1804,1941,-1,0.270000011,0.310000002,-0.01,0,0.379999995,-177.8899994,-1.659999967
49.14,2162,-2419,2158,-2411,520,2140,1807,1940,-1,0.270000011,0.310000002,-0.01,0,0.379999995,-177.8899994,-1.659999967
49.15,2160,-2423,2131,-2374,520,2150,1809,1940,-1.049999952,0.850000024,0.949999988,0,0,0.330000013,-177.8999939,-1.669999957
49.16,2176,-2390,2166,-2380,520,2163,1809,1940,-0.389999986,1.090000033,-0.389999986,0,-0.01,0.310000002,-177.9100037,-1.690000057
49.17,2190,-2374,2167,-2365,520,2163,1822,1963,-0.389999986,1.090000033,-0.389999986,0,-0.01,0.310000002,-177.9100037,-1.690000057
49.18,2159,-2331,2154,-2376,520,2165,1826,1982,-2.029999971,0.980000019,1.200000048,-0.029999999,0,0.289999992,-177.9100037,-1.679999948
49.19,2152,-2319,2160,-2380,520,2165,1828,1985,0.239999995,1.419999957,2.200000048,-0.029999999,0.02,0.259999991,-177.9100037,-1.669999957
49.2,2169,-2365,2146,-2315,520,2166,1821,1985,-2.470000029,1.74000001,1.860000014,-0.050000001,0.029999999,0.239999995,-177.8999939,-1.639999986
49.21,2160,-2350,2140,-2302,520,2167,1824,1987,-0.930000007,0.379999995,0.409999996,-0.079999998,0.039999999,0.230000004,-177.8800049,-1.600000024
49.22,2138,-2307,2165,-2331,520,2166,1819,1959,-0.810000002,1.080000043,2.069999933,-0.039999999,0.050000001,0.209999993,-177.8500061,-1.570000052
49.23,2139,-2303,2149,-2273,520,2160,1812,1938,-1.370000005,0.319999993,-0.620000005,-0.039999999,0.02,0.209999993,-177.8399963,-1.539999962
49.24,2098,-2280,2117,-2247,520,2162,1798,1938,-1.629999995,0.029999999,-1.730000019,-0.029999999,0.029999999,0.200000003,-177.8099976,-1.529999971
49.25,2092,-2257,2114,-2266,520,2241,1771,2019,-1.629999995,-0.079999998,-0.059999999,-0.039999999,0.029999999,0.189999998,-177.8000031,-1.50999999
49.26,2098,-2226,2094,-2262,520,2232,1761,2007,-2.74000001,-0.400000006,-0.99000001,-0.039999999,0.02,0.189999998,-177.7899933,-1.49000001
49.27,2091,-2194,2065,-2263,520,2218,1747,1991,-1.019999981,-0.109999999,-1.080000043,-0.029999999,0.01,0.180000007,-177.7700043,-1.480000019
49.28,2036,-2211,2090,-2186,520,2227,1733,1968,-2.920000076,0.209999993,-1.669999957,-0.029999999,0.01,0.170000002,-177.7700043,-1.460000038
49.29,2031,-2200,2074,-2163,520,2230,1722,1959,-2.99000001,-0.379999995,-1.980000019,-0.01,0.02,0.159999996,-177.75,-1.450000048
49.3,2058,-2170,2022,-2182,520,2235,1722,1959,-3.839999914,-0.200000003,-0.75,-0.02,0.01,0.150000006,-177.75,-1.440000057
49.31,1970,-2126,2032,-2123,520,2247,1722,1961,-3.289999962,0.159999996,-0.569999993,-0.02,0,0.140000001,-177.7599945,-1.429999948
49.32,1941,-2095,2009,-2077,520,2264,1724,1961,-3.470000029,0.389999986,-0.330000013,0,-0.02,0.140000001,-177.7700043,-1.440000057
49.33,1903,-2082,1988,-2066,520,2276,1726,1953,-4.210000038,0,-1.039999962,0.02,-0.01,0.140000001,-177.7700043,-1.450000048
49.34,1910,-2071,1957,-2084,521,2294,1728,1953,-4.190000057,0.409999996,-0.01,0.01,-0.01,0.140000001,-177.7799988,-1.460000038
49.35,1973,-2024,1901,-2058,521,2304,1737,1955,-5.289999962,-0.090000004,0.129999995,0,0.01,0.129999995,-177.7799988,-1.470000029
49.36,1888,-1983,1887,-2004,521,2308,1742,1963,-3.019999981,0.970000029,1.190000057,0.02,0,0.140000001,-177.7899933,-1.49000001
49.37,1793,-1955,1879,-1976,521,2311,1744,1957,-3.950000048,0.370000005,0.800000012,0,0,0.140000001,-177.8000031,-1.49000001
49.38,1707,-1952,1821,-1939,521,2344,1745,1960,-4.849999905,-0.079999998,-0.810000002,-0.02,0,0.140000001,-177.7899933,-1.480000019
49.39,1799,-1903,1820,-1898,520,2361,1751,1965,-5.210000038,0.460000008,2.369999886,-0.039999999,0.059999999,0.129999995,-177.7599945,-1.480000019
49.4,1749,-1858,1774,-1858,520,2379,1749,1966,-3.789999962,0.330000013,1.389999986,0.029999999,0.050000001,0.129999995,-177.75,-1.480000019
49.41,1687,-1850,1720,-1833,520,2397,1748,1954,-5.769999981,0.449999988,-1.570000052,0,0.01,0.129999995,-177.7200012,-1.480000019
49.42,1662,-1753,1723,-1786,520,2432,1745,1958,-4.789999962,-0.029999999,-0.090000004,-0.01,0.059999999,0.119999997,-177.6900024,-1.480000019
49.43,1642,-1685,1690,-1743,520,2437,1740,1916,-5.679999828,0.670000017,1.620000005,0.029999999,0.059999999,0.109999999,-177.6699982,-1.5
49.44,1663,-1745,1657,-1742,520,2456,1737,1901,-4.960000038,0.200000003,-2.690000057,0.01,0.029999999,0.109999999,-177.6499939,-1.49000001
49.45,1584,-1711,1621,-1690,520,2463,1737,1905,-6.570000172,-0.460000008,0.379999995,-0.050000001,0.029999999,0.109999999,-177.6399994,-1.480000019
49.46,1522,-1643,1572,-1639,520,2466,1737,1896,-4.800000191,0.200000003,1.269999981,0,0.01,0.100000002,-177.6300049,-1.480000019
49.47,1582,-1617,1531,-1627,520,2471,1737,1889,-6.900000095,-0.090000004,-2.079999924,-0.050000001,-0.01,0.100000002,-177.6199951,-1.450000048
49.48,1507,-1552,1519,-1604,520,2480,1737,1886,-3.640000105,0.550000012,0.180000007,-0.01,0.02,0.100000002,-177.6100006,-1.450000048
49.49,1410,-1541,1483,-1551,520,2478,1739,1877,-8.210000038,0.02,-0.280000001,0,-0.02,0.100000002,-177.6199951,-1.440000057
49.5,1323,-1539,1433,-1510,520,2486,1740,1870,-4.019999981,0.180000007,-1.450000048,-0.01,0.029999999,0.100000002,-177.6100006,-1.440000057
49.51,1276,-1469,1426,-1479,520,2487,1742,1855,-6.349999905,-0.180000007,3,0,-0.01,0.100000002,-177.6300049,-1.440000057
49.52,1284,-1447,1384,-1438,520,2484,1746,1860,-6.599999905,0.109999999,-3.440000057,-0.01,-0.050000001,0.090000004,-177.6300049,-1.429999948
49.53,1362,-1385,1323,-1389,520,2479,1751,1842,-3.819999933,0.25,1.470000029,-0.02,0.029999999,0.100000002,-177.6300049,-1.419999957
49.54,1264,-1366,1281,-1342,520,2469,1753,1833,-9.180000305,0.059999999,0.469999999,-0.039999999,-0.050000001,0.100000002,-177.6499939,-1.399999976
49.55,1211,-1316,1271,-1328,521,2481,1754,1827,-1.830000043,0.170000002,-1.899999976,-0.029999999,0.059999999,0.100000002,-177.6199951,-1.389999986
49.56,1163,-1258,1241,-1292,520,2471,1755,1812,-9.449999809,0.5,3.059999943,-0.029999999,-0.02,0.090000004,-177.6399994,-1.370000005
49.57,1208,-1234,1210,-1243,520,2483,1755,1805,-1.769999981,-0.310000002,-4.260000229,-0.029999999,0.01,0.079999998,-177.6199951,-1.350000024
49.58,1165,-1212,1171,-1205,521,2492,1756,1800,-10.21000004,-0.140000001,2.140000105,-0.050000001,0,0.079999998,-177.6199951,-1.340000033
49.59,1080,-1177,1143,-1174,521,2499,1758,1792,-1.929999948,-0.100000002,-1.580000043,0,0.01,0.07,-177.6000061,-1.340000033
49.6,1037,-1118,1097,-1135,521,2509,1759,1786,-9.18999958,0.039999999,1.370000005,-0.039999999,0,0.059999999,-177.6100006,-1.320000052
49.61,1026,-1107,1072,-1087,521,2517,1761,1783,-3.119999886,0.039999999,-2.390000105,0,0,0.050000001,-177.5899963,-1.330000043
49.62,1053,-1037,1025,-1050,521,2530,1763,1776,-7.869999886,-0.07,1.850000024,-0.039999999,0,0.050000001,-177.6000061,-1.309999943
49.63,972,-1016,997,-1019,521,2529,1764,1772,-4.28000021,-0.449999988,-1.559999943,0.039999999,-0.01,0.050000001,-177.6000061,-1.320000052
49.64,898,-971,950,-968,520,2536,1765,1760,-7.519999981,0.159999996,-0.970000029,-0.02,-0.01,0.039999999,-177.6000061,-1.320000052
49.65,911,-941,920,-934,521,2540,1765,1760,-5.429999828,-0.319999993,-0.029999999,0,0,0.050000001,-177.6000061,-1.320000052
49.66,833,-918,902,-897,521,2539,1774,1759,-6.480000019,0.059999999,0.100000002,-0.02,-0.01,0.039999999,-177.6100006,-1.309999943
49.67,817,-862,845,-860,521,2541,1775,1760,-5.099999905,0.090000004,-0.200000003,0,-0.01,0.039999999,-177.6100006,-1.309999943
49.68,838,-848,826,-831,521,2548,1775,1765,-6.679999828,-0.129999995,-0.670000017,0,-0.01,0.039999999,-177.6199951,-1.299999952
49.69,751,-794,789,-789,521,2548,1776,1767,-6.039999962,-0.219999999,-0.280000001,-0.01,0,0.039999999,-177.6199951,-1.299999952
49.7,688,-736,741,-748,521,2550,1782,1767,-5.940000057,0.050000001,0.430000007,0,0,0.029999999,-177.6300049,-1.299999952
49.71,693,-737,706,-698,521,2550,1784,1768,-6.389999866,-0.409999996,-0.610000014,0,0,0.039999999,-177.6300049,-1.289999962
49.72,660,-674,670,-673,521,2550,1784,1769,-6.170000076,0,0.300000012,0.02,0,0.029999999,-177.6300049,-1.309999943
49.73,570,-630,648,-641,521,2544,1784,1768,-5.929999828,0.239999995,0.790000022,0,0,0.02,-177.6399994,-1.309999943
49.74,538,-594,600,-605,521,2544,1784,1759,-5.460000038,0.259999991,-0.949999988,0,0,0.02,-177.6399994,-1.309999943
49.75,559,-575,557,-566,521,2544,1783,1759,-6.28000021,-0.170000002,-0.330000013,0,0,0.02,-177.6300049,-1.299999952
49.76,540,-544,520,-538,521,2545,1782,1759,-6.070000172,-0.090000004,0.259999991,-0.01,0.01,0.02,-177.6300049,-1.289999962
49.77,471,-500,494,-499,521,2544,1783,1759,-5.5,-0.059999999,-0.509999991,0,0,0.02,-177.6199951,-1.289999962
49.78,420,-446,461,-462,521,2554,1783,1767,-5.440000057,-0.050000001,-0.389999986,0,0,0.02,-177.6199951,-1.299999952
49.79,410,-441,426,-431,521,2557,1783,1768,-5.53000021,-0.289999992,-0.449999988,0,0,0.02,-177.6100006,-1.299999952
49.8,392,-396,392,-397,521,2561,1783,1767,-5.929999828,-0.230000004,0,0.01,0,0.02,-177.6100006,-1.320000052
49.81,360,-371,356,-366,521,2563,1783,1768,-5.78000021,-0.109999999,-0.07,0,0,0.02,-177.6100006,-1.320000052
49.82,350,-337,323,-328,521,2563,1784,1768,-5.340000153,0,-0.100000002,-0.01,0,0.02,-177.6100006,-1.320000052
49.83,287,-308,302,-307,521,2557,1785,1769,-4.989999771,-0.01,-0.479999989,0,0,0.01,-177.6100006,-1.309999943
49.84,245,-270,276,-272,521,2557,1785,1760,-4.559999943,0.059999999,-0.389999986,0,-0.01,0.01,-177.6199951,-1.309999943
49.85,238,-242,249,-243,521,2557,1786,1762,-4.840000153,0,-0.400000006,0.01,-0.01,0,-177.6199951,-1.320000052
49.86,209,-220,224,-221,521,2557,1788,1765,-4.349999905,-0.109999999,-0.330000013,0.01,-0.01,0,-177.6300049,-1.330000043
49.87,177,-181,183,-182,521,2557,1793,1767,-5.139999866,-0.029999999,-0.029999999,0,-0.01,0,-177.6399994,-1.330000043
49.88,158,-164,170,-160,521,2562,1795,1775,-4.269999981,-0.159999996,0.379999995,0,0,0,-177.6499939,-1.330000043
49.89,134,-126,128,-134,521,2561,1796,1777,-4.909999847,-0.150000006,0.200000003,0,0,0,-177.6499939,-1.330000043
49.9,113,-117,112,-107,521,2561,1797,1777,-3.670000076,0.050000001,-0.029999999,0,0,0,-177.6499939,-1.330000043
49.91,82,-80,85,-83,521,2561,1797,1777,-4.400000095,-0.129999995,-0.310000002,0,0,0,-177.6499939,-1.330000043
49.92,75,-66,61,-61,521,2562,1797,1778,-3.549999952,-0.050000001,-0.400000006,0,0,0,-177.6399994,-1.330000043
49.93,44,-41,48,-41,521,2554,1797,1776,-3.819999933,-0.02,-0.059999999,0,0,0,-177.6399994,-1.330000043
49.94,31,-22,26,-20,521,2555,1798,1772,-3.420000076,0.079999998,-0.730000019,0,0,0,-177.6499939,-1.340000033
49.95,12,0,10,-2,521,2554,1800,1775,-3.299999952,-0.07,-0.170000002,0,0,0,-177.6499939,-1.340000033
49.96,0,1,-1,1,521,2554,1803,1778,-3.140000105,0.02,-0.050000001,0,-0.01,0,-177.6600037,-1.340000033
49.97,0,3,-6,1,521,2553,1812,1782,-2.99000001,0.01,-0.239999995,0,-0.01,0,-177.6699982,-1.340000033
49.98,0,5,-15,1,521,2556,1818,1794,-2.430000067,-0.07,-0.349999994,0,-0.02,0,-177.6799927,-1.340000033
49.99,-1,7,-44,0,521,2465,1828,1714,-1.029999971,-0.159999996,-0.300000012,0,-0.02,0,-177.6900024,-1.340000033
50,0,12,-12,0,521,2461,1836,1699,-0.439999998,0,-0.370000005,0,-0.02,0,-177.7100067,-1.350000024
50.01,0,7,-30,0,521,2455,1847,1709,-0.230000004,0.029999999,-0.439999998,0,-0.039999999,0,-177.7299957,-1.350000024
50.02,0,4,-20,0,521,2445,1878,1720,1.210000038,-0.01,-0.550000012,0,-0.050000001,0,-177.7599945,-1.350000024
50.03,0,5,-9,0,521,2423,1894,1733,-0.090000004,0.209999993,-0.439999998,0,-0.050000001,0,-177.7899933,-1.350000024
50.04,0,7,-18,0,521,2415,1909,1749,1.559999943,-0.059999999,0.259999991,0,-0.029999999,0,-177.8200073,-1.350000024
50.05,0,17,0,0,521,2408,1922,1779,0.629999995,0.200000003,0.639999986,0,-0.059999999,0,-177.8500061,-1.360000014
50.06,0,0,-5,5,521,2401,1933,1791,1.049999952,-0.270000011,-0.400000006,0.01,-0.029999999,0,-177.8699951,-1.360000014
50.07,0,9,0,6,520,2395,1947,1801,0.5,0.209999993,1.669999957,0,-0.02,0,-177.8899994,-1.360000014
50.08,0,0,0,0,520,2392,1948,1809,0.860000014,-0.170000002,0.839999974,0,-0.02,0,-177.8999939,-1.370000005
50.09,0,0,0,0,521,2387,1948,1810,0.289999992,-0.109999999,0.779999971,0,-0.01,0,-177.9100037,-1.370000005
50.1,0,0,0,0,521,2386,1948,1810,0.600000024,-0.079999998,0.819999993,0,0,0,-177.9100037,-1.370000005
50.11,0,0,0,-1,521,2385,1945,1808,0.370000005,-0.090000004,0.419999987,0,0,0,-177.8999939,-1.370000005
50.12,0,0,2,-1,521,2386,1939,1804,0.620000005,-0.02,-0.140000001,0,0.01,0,-177.8899994,-1.370000005
50.13,0,-2,5,0,521,2385,1937,1797,0.180000007,0.050000001,-0.170000002,-0.01,0.01,0,-177.8800049,-1.360000014
50.14,0,-10,8,0,521,2383,1936,1794,0.200000003,0.189999998,-0.529999971,0,0.01,0,-177.8699951,-1.360000014
50.15,0,-2,10,0,521,2384,1935,1791,0,0.059999999,-0.649999976,0,0.01,0,-177.8600006,-1.350000024
50.16,0,-1,10,0,520,2386,1936,1791,-0.100000002,0.100000002,-0.419999987,0,0,0,-177.8600006,-1.350000024
50.17,0,-1,9,0,521,2387,1935,1792,-0.159999996,-0.01,-0.400000006,0,0,0,-177.8600006,-1.350000024
50.18,0,-3,4,0,520,2392,1937,1797,-0.5,0.050000001,-0.07,0,0,0,-177.8600006,-1.350000024
50.19,0,0,2,0,520,2395,1937,1798,-0.529999971,-0.140000001,0.090000004,0,0,0,-177.8600006,-1.350000024
50.2,0,0,0,0,521,2395,1938,1798,-0.899999976,-0.079999998,0.419999987,0,0,0,-177.8600006,-1.350000024
50.21,0,0,-1,0,521,2395,1938,1798,-0.550000012,-0.270000011,0.300000012,0,0,0,-177.8600006,-1.350000024
50.22,0,0,-4,0,521,2395,1938,1797,-0.5,-0.079999998,0.270000011,0,0,0,-177.8600006,-1.350000024
50.23,0,0,-7,0,521,2395,1938,1793,-0.150000006,-0.140000001,0,0,0,0,-177.8600006,-1.350000024
50.24,0,1,-4,0,521,2391,1938,1793,0.07,0.039999999,0.029999999,0,0,0,-177.8600006,-1.350000024
50.25,0,0,-3,0,521,2390,1938,1793,-0.029999999,0.02,-0.25,0,0,0,-177.8600006,-1.350000024
50.26,0,1,-2,0,521,2390,1938,1793,0.259999991,0.129999995,-0.109999999,0,0,0,-177.8699951,-1.360000014
50.27,0,0,0,0,521,2389,1938,1793,0.109999999,0.090000004,-0.129999995,0,0,0,-177.8699951,-1.360000014
50.28,0,0,0,0,521,2392,1938,1797,0.209999993,0.090000004,0.02,0,0,0,-177.8699951,-1.360000014
50.29,0,0,0,0,521,2392,1938,1798,0.140000001,0.059999999,0.02,0,0,0,-177.8699951,-1.360000014
50.3,0,0,0,0,521,2392,1938,1798,0.119999997,0.02,0.150000006,0,0,0,-177.8699951,-1.350000024
50.31,0,0,0,0,521,2392,1938,1798,0.109999999,-0.029999999,0.050000001,0,0,0,-177.8699951,-1.350000024
50.32,0,0,0,0,521,2392,1938,1797,0.029999999,-0.07,0,0,0,0,-177.8699951,-1.350000024
50.33,0,0,0,0,521,2391,1938,1794,0.01,-0.07,-0.029999999,0,0,0,-177.8699951,-1.350000024
50.34,0,0,0,0,521,2390,1938,1794,-0.039999999,-0.039999999,-0.07,0,0,0,-177.8600006,-1.350000024
50.35,0,0,0,0,521,2389,1938,1794,-0.059999999,-0.050000001,-0.079999998,0,0,0,-177.8600006,-1.350000024
50.36,0,0,0,0,521,2390,1938,1794,-0.109999999,-0.02,-0.07,0,0,0,-177.8600006,-1.350000024
50.37,0,0,0,0,521,2390,1938,1794,-0.119999997,-0.01,0.01,0,0,0,-177.8600006,-1.350000024
50.38,0,0,0,0,521,2393,1938,1798,-0.159999996,-0.01,0.059999999,0,0,0,-177.8600006,-1.350000024
50.39,0,0,0,0,521,2393,1938,1798,-0.119999997,0,0.090000004,0,0,0,-177.8600006,-1.350000024
50.4,0,0,0,0,521,2393,1938,1798,-0.119999997,0,0.07,0,0,0,-177.8600006,-1.350000024
50.41,0,0,0,0,521,2393,1938,1798,-0.109999999,0.02,0.029999999,0,0,0,-177.8600006,-1.350000024
50.42,0,0,0,0,521,2393,1938,1798,-0.02,0.029999999,0,0,0,0,-177.8600006,-1.350000024
50.43,0,0,0,0,521,2390,1938,1794,0,0.01,0,0,0,0,-177.8699951,-1.350000024
50.44,0,0,0,0,521,2390,1938,1794,0,0,-0.07,0,0,0,-177.8699951,-1.350000024
50.45,0,0,0,0,521,2390,1938,1794,0,-0.039999999,-0.01,0,0,0,-177.8699951,-1.350000024
50.46,0,0,0,0,521,2390,1938,1794,-0.01,-0.029999999,-0.02,0,0,0,-177.8699951,-1.350000024
50.47,0,0,0,0,521,2390,1938,1794,-0.050000001,-0.07,0.02,0,0,0,-177.8699951,-1.350000024
50.48,0,0,0,0,521,2393,1938,1798,-0.029999999,-0.07,0.029999999,0,0,0,-177.8699951,-1.350000024
50.49,0,0,0,0,521,2393,1938,1798,-0.039999999,-0.039999999,0.029999999,0,0,0,-177.8699951,-1.350000024
50.5,0,0,0,0,521,2393,1938,1798,-0.029999999,-0.050000001,0.01,0,0,0,-177.8699951,-1.350000024
50.51,0,0,0,0,521,2393,1938,1798,-0.01,0,0.02,0,0,0,-177.8699951,-1.350000024
50.52,0,0,0,0,521,2393,1938,1798,0,0.02,-0.039999999,0,0,0,-177.8699951,-1.350000024
50.53,0,0,0,0,521,2390,1938,1794,0.039999999,0.02,0,0,0,0,-177.8699951,-1.350000024
50.54,0,0,0,0,521,2389,1938,1794,0.02,0.039999999,0,0,0,0,-177.8699951,-1.350000024
50.55,0,0,0,0,521,2390,1938,1794,0,0.01,0.01,0,0,0,-177.8699951,-1.350000024
50.56,0,0,0,0,521,2390,1938,1794,-0.02,0.02,-0.01,0,0,0,-177.8699951,-1.350000024
50.57,0,0,0,0,521,2390,1938,1794,-0.059999999,0,0,0,0,0,-177.8600006,-1.350000024
50.58,0,0,0,0,521,2393,1938,1798,-0.090000004,-0.02,0,0,0,0,-177.8600006,-1.350000024
50.59,0,0,0,0,521,2393,1938,1798,-0.119999997,-0.029999999,-0.02,0,0,0,-177.8600006,-1.350000024
50.6,0,0,0,0,521,2393,1938,1798,-0.100000002,-0.029999999,0,0,0,0,-177.8600006,-1.350000024
50.61,0,0,0,0,521,2393,1938,1798,-0.100000002,0,0,0,0,0,-177.8600006,-1.350000024
50.62,0,0,0,0,521,2393,1938,1797,-0.079999998,0,0,0,0,0,-177.8600006,-1.350000024
50.63,0,0,0,0,521,2390,1938,1794,-0.059999999,-0.029999999,0,0,0,0,-177.8600006,-1.350000024
50.64,0,0,0,0,521,2389,1938,1794,-0.02,-0.02,-0.02,0,0,0,-177.8699951,-1.350000024
50.65,0,0,0,0,521,2390,1938,1794,0.01,-0.01,0.029999999,0,0,0,-177.8699951,-1.350000024
50.66,0,0,0,0,521,2389,1938,1794,0,-0.02,0,0,0,0,-177.8699951,-1.350000024
50.67,0,0,0,0,521,2389,1938,1794,0,0,0.02,0,0,0,-177.8699951,-1.350000024
50.68,0,0,0,0,521,2393,1938,1798,0,-0.01,-0.039999999,0,0,0,-177.8699951,-1.350000024
50.69,0,0,0,0,521,2393,1938,1798,0,-0.01,-0.01,0,0,0,-177.8600006,-1.350000024
50.7,0,0,0,0,521,2393,1938,1798,0.01,-0.01,0,0,0,0,-177.8600006,-1.350000024
50.71,0,0,0,0,521,2393,1938,1798,0,0,0.02,0,0,0,-177.8600006,-1.350000024
50.72,0,0,0,0,521,2393,1938,1798,-0.029999999,0,0.050000001,0,0,0,-177.8600006,-1.350000024
50.73,0,0,0,0,521,2390,1938,1794,-0.050000001,-0.01,0.039999999,0,0,0,-177.8600006,-1.350000024
50.74,0,0,0,0,521,2390,1938,1794,-0.059999999,-0.01,0.02,0,0,0,-177.8600006,-1.350000024
50.75,0,0,0,0,521,2390,1938,1794,-0.079999998,-0.02,0.029999999,0,0,0,-177.8600006,-1.350000024
50.76,0,0,0,0,521,2390,1938,1794,-0.090000004,0,0.02,0,0,0,-177.8600006,-1.350000024
50.77,0,0,0,0,521,2389,1938,1794,-0.100000002,0,-0.01,0,0,0,-177.8600006,-1.350000024
50.78,0,0,0,0,521,2393,1938,1798,-0.059999999,0,-0.059999999,0,0,0,-177.8600006,-1.350000024
50.79,0,0,0,0,521,2393,1938,1798,-0.029999999,0.02,-0.079999998,0,0,0,-177.8600006,-1.350000024
50.8,0,0,0,0,521,2393,1938,1798,-0.039999999,0,-0.050000001,0,0,0,-177.8600006,-1.350000024
50.81,0,0,0,0,521,2393,1938,1798,0,0.01,-0.01,0,0,0,-177.8600006,-1.350000024
50.82,0,0,0,0,521,2393,1938,1798,0,0,0.059999999,0,0,0,-177.8600006,-1.350000024
50.83,0,0,0,0,521,2390,1938,1794,0.029999999,0,0.079999998,0,0,0,-177.8600006,-1.350000024
50.84,0,0,0,0,521,2390,1938,1794,0,0.02,0.07,0,0,0,-177.8600006,-1.350000024
50.85,0,0,0,0,521,2390,1938,1794,0,-0.02,0.07,0,0,0,-177.8600006,-1.350000024
50.86,0,0,0,0,521,2390,1938,1794,-0.01,-0.029999999,0.050000001,0,0,0,-177.8600006,-1.350000024
50.87,0,0,0,0,521,2390,1938,1794,-0.029999999,-0.01,0.01,0,0,0,-177.8600006,-1.350000024
50.88,0,0,0,0,521,2393,1938,1798,-0.059999999,-0.01,-0.01,0,0,0,-177.8600006,-1.350000024
50.89,0,0,0,0,521,2393,1937,1798,-0.050000001,-0.050000001,-0.050000001,0,0,0,-177.8600006,-1.350000024
50.9,0,0,0,0,521,2393,1938,1798,-0.059999999,-0.039999999,-0.079999998,0,0,0,-177.8600006,-1.350000024
50.91,0,0,0,0,521,2393,1937,1798,-0.119999997,-0.02,-0.059999999,0,0,0,-177.8600006,-1.350000024
50.92,0,0,0,0,521,2393,1938,1798,-0.100000002,-0.029999999,-0.059999999,0,0,0,-177.8600006,-1.350000024
50.93,0,0,0,0,521,2390,1937,1793,-0.090000004,-0.029999999,-0.050000001,0,0,0,-177.8600006,-1.350000024
50.94,0,0,0,0,521,2390,1937,1794,-0.07,0,0,0,0,0,-177.8600006,-1.350000024
50.95,0,0,0,0,521,2390,1937,1794,-0.029999999,0,0.059999999,0,0,0,-177.8600006,-1.350000024
50.96,0,0,0,0,521,2390,1937,1794,0.01,0.02,0.07,0,0,0,-177.8600006,-1.350000024
50.97,0,0,0,0,521,2390,1937,1794,0,0.039999999,0.050000001,0,0,0,-177.8600006,-1.350000024
50.98,0,0,0,0,522,2393,1938,1798,-0.01,0.02,0.039999999,0,0,0,-177.8600006,-1.350000024
50.99,0,0,0,0,522,2393,1938,1798,-0.039999999,0.02,0.01,0,0,0,-177.8600006,-1.350000024
51,0,0,0,0,522,2393,1938,1798,-0.02,-0.01,0.039999999,0,0,0,-177.8600006,-1.350000024
51.01,0,0,0,0,522,2393,1938,1798,-0.079999998,-0.050000001,0,0,0,0,-177.8600006,-1.350000024
51.02,0,0,0,0,522,2393,1937,1798,-0.079999998,-0.029999999,0.01,0,0,0,-177.8600006,-1.350000024
51.03,0,0,0,0,522,2390,1937,1794,-0.039999999,-0.039999999,0.02,0,0,0,-177.8600006,-1.350000024
51.04,0,0,0,0,522,2390,1937,1794,-0.01,-0.01,0.01,0,0,0,-177.8600006,-1.350000024
51.05,0,0,0,0,522,2390,1937,1794,-0.02,0.01,0.01,0,0,0,-177.8600006,-1.350000024
51.06,0,0,0,0,522,2390,1937,1794,0,0.039999999,-0.029999999,0,0,0,-177.8600006,-1.350000024
51.07,0,0,0,0,522,2390,1937,1794,0,0.02,-0.02,0,0,0,-177.8600006,-1.350000024
51.08,0,0,0,0,522,2393,1938,1798,-0.01,0.039999999,-0.039999999,0,0,0,-177.8600006,-1.350000024
51.09,0,0,0,0,522,2393,1938,1797,0.039999999,0.01,0.01,0,0,0,-177.8600006,-1.350000024
51.1,0,0,0,0,522,2393,1937,1798,0.129999995,0.02,-0.01,0,0,0,-177.8600006,-1.350000024
51.11,0,0,0,0,522,2393,1938,1798,-0.029999999,-0.01,-0.090000004,0,0,0,-177.8600006,-1.350000024
51.12,0,0,0,0,522,2393,1938,1798,-0.119999997,-0.039999999,0.259999991,0,0,0,-177.8600006,-1.350000024
51.13,0,0,0,0,522,2389,1937,1793,-0.209999993,-0.07,-0.07,0,0,0,-177.8600006,-1.350000024
51.14,0,0,0,0,522,2389,1937,1793,-0.050000001,0,0.059999999,0,0,0,-177.8600006,-1.350000024
51.15,0,0,0,0,522,2390,1938,1794,-0.230000004,-0.07,-0.039999999,0,0,0,-177.8600006,-1.350000024
51.16,0,0,0,0,522,2390,1937,1794,-0.059999999,-0.02,0.100000002,0,0,0,-177.8600006,-1.350000024
51.17,0,0,0,0,522,2390,1937,1794,-0.439999998,0.090000004,-0.170000002,0,0,0,-177.8600006,-1.340000033
51.18,0,0,0,0,522,2393,1938,1798,-0.550000012,0.25,0.029999999,0,0,0,-177.8600006,-1.350000024
51.19,0,0,0,0,521,2393,1938,1798,-0.079999998,0.100000002,0.119999997,0,0,0,-177.8600006,-1.350000024
51.2,0,0,0,0,522,2393,1938,1798,-0.02,0.059999999,0.01,0,0,0,-177.8600006,-1.350000024
51.21,0,0,0,0,522,2393,1938,1797,-0.01,0.02,0.150000006,0,0,0,-177.8600006,-1.350000024
51.22,0,0,0,0,520,2386,1937,1795,0.039999999,0.07,0.100000002,0,0,0,-177.8600006,-1.350000024
51.23,0,0,0,0,521,2379,1937,1781,0.050000001,0.02,-0.01,0,0,0,-177.8600006,-1.350000024
51.24,0,0,0,0,521,2379,1937,1780,0,0.039999999,-0.01,0,0,0,-177.8600006,-1.350000024
51.25,0,0,0,0,521,2379,1937,1780,0.059999999,0.050000001,0.02,0,0,0,-177.8600006,-1.350000024
51.26,0,0,0,0,521,2379,1937,1781,-0.07,-0.01,-0.07,0,0,0,-177.8600006,-1.350000024
51.27,0,0,0,0,521,2378,1937,1781,-0.02,-0.02,0.01,0,0,0,-177.8600006,-1.340000033
51.28,0,0,0,0,521,2382,1937,1784,-0.109999999,-0.039999999,-0.01,0,0,0,-177.8600006,-1.340000033
51.29,0,0,0,0,521,2382,1937,1784,-0.100000002,-0.050000001,-0.039999999,0,0,0,-177.8600006,-1.340000033
51.3,0,0,0,0,521,2382,1937,1785,-0.079999998,-0.029999999,-0.02,0,0,0,-177.8600006,-1.340000033
51.31,0,0,0,0,521,2382,1937,1784,-0.079999998,-0.039999999,0.039999999,0,0,0,-177.8600006,-1.350000024
51.32,0,0,0,0,521,2382,1937,1785,-0.07,-0.01,0.039999999,0,0,0,-177.8600006,-1.350000024
51.33,0,0,0,0,521,2379,1937,1781,-0.029999999,0.01,0.029999999,0,0,0,-177.8600006,-1.350000024
51.34,0,0,0,0,521,2379,1937,1780,0.01,0.029999999,0.059999999,0,0,0,-177.8600006,-1.350000024
51.35,0,0,0,0,521,2378,1937,1780,0.02,0.029999999,0.029999999,0,0,0,-177.8600006,-1.350000024
51.36,0,0,0,0,521,2379,1937,1780,0.02,0.02,0.01,0,0,0,-177.8600006,-1.350000024
51.37,0,0,0,0,521,2379,1937,1781,0.02,0.01,0.01,0,0,0,-177.8600006,-1.350000024
51.38,0,0,0,0,521,2382,1937,1785,0,0.01,-0.01,0,0,0,-177.8600006,-1.350000024
51.39,0,0,0,0,521,2382,1937,1785,-0.039999999,-0.01,-0.01,0,0,0,-177.8600006,-1.350000024
51.4,0,0,0,0,521,2382,1937,1784,-0.059999999,-0.01,-0.029999999,0,0,0,-177.8600006,-1.350000024
51.41,0,0,0,0,521,2382,1937,1785,-0.119999997,-0.01,-0.02,0,0,0,-177.8600006,-1.350000024
51.42,0,0,0,0,521,2382,1937,1785,-0.109999999,-0.029999999,-0.029999999,0,0,0,-177.8600006,-1.350000024
51.43,0,0,0,0,521,2379,1936,1780,-0.100000002,-0.039999999,-0.039999999,0,0,0,-177.8600006,-1.350000024
51.44,0,0,0,0,521,2379,1937,1781,-0.050000001,0,-0.029999999,0,0,0,-177.8600006,-1.350000024
51.45,0,0,0,0,520,2379,1937,1780,-0.050000001,0,0.01,0,0,0,-177.8600006,-1.350000024
51.46,0,0,0,0,521,2379,1937,1780,0,0.01,0.01,0,0,0,-177.8600006,-1.350000024
51.47,0,0,0,0,521,2379,1937,1781,0.02,0,0.039999999,0,0,0,-177.8600006,-1.350000024
51.48,0,0,0,0,520,2382,1937,1784,0.01,0.039999999,0.029999999,0,0,0,-177.8600006,-1.350000024
51.49,0,0,0,0,520,2382,1937,1785,0,0.039999999,0.059999999,0,0,0,-177.8600006,-1.350000024
51.5,0,0,0,0,520,2382,1937,1785,-0.039999999,0.02,0.059999999,0,0,0,-177.8600006,-1.350000024
51.51,0,0,0,0,520,2382,1937,1785,-0.029999999,0.02,0.039999999,0,0,0,-177.8600006,-1.350000024
51.52,0,0,0,0,520,2382,1937,1785,-0.059999999,-0.01,0.01,0,0,0,-177.8600006,-1.350000024
51.53,0,0,0,0,520,2379,1937,1784,-0.050000001,-0.039999999,0,0,0,0,-177.8600006,-1.350000024
51.54,0,0,0,0,520,2378,1937,1781,-0.050000001,-0.01,-0.01,0,0,0,-177.8600006,-1.350000024
51.55,0,0,0,0,520,2379,1937,1780,-0.07,-0.02,-0.07,0,0,0,-177.8600006,-1.350000024
51.56,0,0,0,0,520,2379,1937,1781,-0.050000001,-0.01,-0.02,0,0,0,-177.8600006,-1.350000024
51.57,0,0,0,0,520,2379,1937,1780,-0.02,0,-0.050000001,0,0,0,-177.8600006,-1.350000024
51.58,0,0,0,0,520,2382,1937,1784,-0.029999999,0,-0.01,0,0,0,-177.8600006,-1.350000024
51.59,0,0,0,0,520,2382,1937,1784,-0.01,0,0,0,0,0,-177.8600006,-1.350000024
51.6,0,0,0,0,520,2382,1937,1784,0.01,0.01,0,0,0,0,-177.8600006,-1.350000024
51.61,0,0,0,0,520,2382,1937,1784,0.02,0.01,0.050000001,0,0,0,-177.8600006,-1.340000033
51.62,0,0,0,0,520,2382,1937,1785,0,-0.01,0.039999999,0,0,0,-177.8600006,-1.340000033
51.63,0,0,0,0,520,2378,1937,1781,0,-0.02,0.01,0,0,0,-177.8600006,-1.340000033
51.64,0,0,0,0,520,2378,1937,1780,0,-0.01,0,0,0,0,-177.8600006,-1.340000033
51.65,0,0,0,0,520,2378,1937,1781,-0.059999999,0,0.039999999,0,0,0,-177.8600006,-1.340000033
51.66,0,0,0,0,520,2379,1937,1781,-0.079999998,0.01,-0.01,0,0,0,-177.8600006,-1.340000033
51.67,0,0,0,0,520,2379,1937,1780,-0.090000004,0,0.01,0,0,0,-177.8600006,-1.340000033
51.68,0,0,0,0,520,2382,1937,1785,-0.07,-0.02,0,0,0,0,-177.8600006,-1.340000033
51.69,0,0,0,0,520,2382,1937,1785,-0.079999998,0,0,0,0,0,-177.8600006,-1.340000033
51.7,0,0,0,0,520,2382,1937,1785,-0.050000001,-0.029999999,-0.029999999,0,0,0,-177.8600006,-1.340000033
51.71,0,0,0,0,520,2382,1937,1784,0,-0.02,-0.029999999,0,0,0,-177.8600006,-1.340000033
51.72,0,0,0,0,520,2382,1937,1785,0,-0.02,-0.029999999,0,0,0,-177.8600006,-1.340000033
51.73,0,0,0,0,520,2379,1937,1781,0,0,0,0,0,0,-177.8600006,-1.340000033
51.74,0,0,0,0,520,2378,1937,1781,0,0,0,0,0,0,-177.8600006,-1.340000033
51.75,0,0,0,0,519,2378,1937,1781,-0.029999999,0.050000001,0.050000001,0,0,0,-177.8600006,-1.340000033
51.76,0,0,0,0,519,2378,1937,1780,-0.029999999,0.050000001,0.050000001,0,0,0,-177.8600006,-1.340000033
51.77,0,0,0,0,520,2379,1937,1780,-0.039999999,0.050000001,0.01,0,0,0,-177.8600006,-1.340000033
51.78,0,0,0,0,520,2382,1937,1785,-0.039999999,0.050000001,0.01,0,0,0,-177.8600006,-1.340000033
51.79,0,0,0,0,520,2382,1937,1785,-0.050000001,-0.01,0.029999999,0,0,0,-177.8600006,-1.340000033
51.8,0,0,0,0,519,2382,1937,1784,-0.050000001,-0.01,0.029999999,0,0,0,-177.8600006,-1.340000033
51.81,0,0,0,0,519,2382,1937,1784,-0.02,-0.039999999,0.01,0,0,0,-177.8600006,-1.340000033
51.82,0,0,0,0,519,2382,1937,1785,-0.02,-0.039999999,0.01,0,0,0,-177.8600006,-1.340000033
51.83,0,0,0,0,519,2379,1937,1781,-0.029999999,-0.050000001,-0.01,0,0,0,-177.8600006,-1.340000033
51.84,0,0,0,0,519,2378,1937,1781,-0.029999999,-0.050000001,-0.01,0,0,0,-177.8600006,-1.340000033
51.85,0,0,0,0,519,2379,1937,1781,-0.029999999,0,0.029999999,0,0,0,-177.8600006,-1.340000033
51.86,0,0,0,0,519,2379,1937,1781,-0.029999999,0,0.029999999,0,0,0,-177.8600006,-1.340000033
51.87,0,0,0,0,519,2379,1937,1780,-0.01,0,-0.029999999,0,0,0,-177.8600006,-1.340000033
51.88,0,0,0,0,519,2382,1937,1785,-0.01,0,-0.029999999,0,0,0,-177.8600006,-1.340000033
51.89,0,0,0,0,519,2382,1937,1785,-0.039999999,-0.01,0.01,0,0,0,-177.8600006,-1.340000033
51.9,0,0,0,0,519,2382,1937,1785,-0.039999999,-0.01,0.01,0,0,0,-177.8600006,-1.340000033
51.91,0,0,0,0,519,2382,1937,1785,-0.050000001,-0.029999999,-0.02,0,0,0,-177.8600006,-1.340000033
51.92,0,0,0,0,519,2382,1937,1785,-0.050000001,-0.029999999,-0.02,0,0,0,-177.8600006,-1.340000033
51.93,0,0,0,0,519,2382,1937,1781,-0.02,-0.039999999,-0.029999999,0,0,0,-177.8600006,-1.340000033
51.94,0,0,0,0,519,2378,1937,1781,-0.02,-0.039999999,-0.029999999,0,0,0,-177.8600006,-1.340000033
51.95,0,0,0,0,519,2379,1937,1781,0,0,0,0,0,0,-177.8600006,-1.340000033
51.96,0,0,0,0,519,2379,1937,1781,0,0,0,0,0,0,-177.8600006,-1.340000033
51.97,0,0,0,0,519,2379,1937,1781,0,0.029999999,0,0,0,0,-177.8600006,-1.340000033
51.98,0,0,0,0,519,2382,1937,1785,0,0.029999999,0,0,0,0,-177.8600006,-1.340000033
51.99,0,0,0,0,519,2382,1937,1785,-0.07,0.01,-0.050000001,0,0,0,-177.8600006,-1.340000033
52,0,0,0,0,519,2382,1937,1785,-0.07,0.01,-0.050000001,0,0,0,-177.8600006,-1.340000033
52.01,0,0,0,0,519,2382,1937,1785,-0.039999999,-0.02,-0.050000001,0,0,0,-177.8600006,-1.340000033
52.02,0,0,0,0,519,2382,1937,1786,-0.039999999,-0.02,-0.050000001,0,0,0,-177.8600006,-1.340000033
52.03,0,0,0,0,519,2381,1937,1781,-0.039999999,0.01,0,0,0,0,-177.8600006,-1.340000033
52.04,0,0,0,0,519,2379,1937,1781,-0.039999999,0.01,0,0,0,0,-177.8600006,-1.340000033
52.05,0,0,0,0,519,2379,1937,1781,-0.02,0,0.01,0,0,0,-177.8600006,-1.340000033
52.06,0,0,0,0,519,2379,1937,1781,-0.02,0,0.01,0,0,0,-177.8600006,-1.340000033
52.07,0,0,0,0,519,2379,1937,1781,-0.01,0.01,0.01,0,0,0,-177.8600006,-1.340000033
52.08,0,0,0,0,519,2382,1937,1785,-0.01,0.01,0.01,0,0,0,-177.8600006,-1.340000033
52.09,0,0,0,0,519,2382,1937,1785,-0.02,-0.01,-0.029999999,0,0,0,-177.8600006,-1.340000033
52.1,0,0,0,0,519,2382,1937,1785,-0.02,-0.01,-0.029999999,0,0,0,-177.8600006,-1.340000033
52.11,0,0,0,0,519,2382,1937,1785,-0.02,0,-0.059999999,0,0,0,-177.8600006,-1.340000033
52.12,0,0,0,0,519,2382,1937,1785,-0.02,0,-0.059999999,0,0,0,-177.8600006,-1.340000033
52.13,0,0,0,0,519,2379,1937,1781,-0.02,-0.039999999,0.039999999,0,0,0,-177.8600006,-1.340000033
52.14,0,0,0,0,519,2379,1937,1781,-0.02,-0.039999999,0.039999999,0,0,0,-177.8600006,-1.340000033
52.15,0,0,0,0,519,2378,1937,1782,-0.02,0,0.02,0,0,0,-177.8600006,-1.340000033
52.16,0,0,0,0,519,2380,1937,1782,-0.02,0,0.02,0,0,0,-177.8600006,-1.340000033
52.17,0,0,0,0,519,2379,1937,1781,-0.02,0,0.02,0,0,0,-177.8600006,-1.340000033
52.18,0,0,0,0,519,2382,1937,1784,-0.02,0,0.02,0,0,0,-177.8600006,-1.340000033
52.19,0,0,0,0,519,2382,1937,1785,-0.039999999,0.01,0.01,0,0,0,-177.8600006,-1.340000033
52.2,0,0,0,0,519,2382,1937,1787,-0.039999999,0.01,0.01,0,0,0,-177.8600006,-1.340000033
52.21,0,0,0,0,519,2383,1937,1785,-0.029999999,0.01,0,0,0,0,-177.8600006,-1.340000033
52.22,0,0,0,0,519,2383,1937,1785,-0.029999999,0.01,0,0,0,0,-177.8600006,-1.340000033
52.23,0,0,0,0,519,2379,1937,1781,-0.07,0,0.039999999,0,0,0,-177.8600006,-1.340000033
52.24,0,0,0,0,519,2379,1937,1782,-0.07,0,0.039999999,0,0,0,-177.8600006,-1.340000033
52.25,0,0,0,0,519,2379,1937,1781,-0.059999999,-0.029999999,0.039999999,0,0,0,-177.8600006,-1.340000033
52.26,0,0,0,0,519,2379,1937,1781,-0.059999999,-0.029999999,0.039999999,0,0,0,-177.8600006,-1.340000033
52.27,0,0,0,0,519,2379,1937,1780,-0.059999999,-0.050000001,0.029999999,0,0,0,-177.8600006,-1.340000033
52.28,0,0,0,0,519,2382,1937,1784,-0.059999999,-0.050000001,0.029999999,0,0,0,-177.8600006,-1.340000033
52.29,0,0,0,0,519,2382,1937,1784,-0.039999999,-0.050000001,0,0,0,0,-177.8600006,-1.340000033
52.3,0,0,0,0,519,2382,1937,1784,-0.039999999,-0.050000001,0,0,0,0,-177.8600006,-1.340000033
52.31,0,0,0,0,519,2382,1937,1784,0,0.01,-0.039999999,0,0,0,-177.8600006,-1.340000033
52.32,0,0,0,0,519,2382,1937,1785,0,0.01,-0.039999999,0,0,0,-177.8600006,-1.340000033
52.33,0,0,0,0,519,2379,1937,1781,0,0,-0.029999999,0,0,0,-177.8600006,-1.340000033
52.34,0,0,0,0,519,2378,1937,1781,0,0,-0.029999999,0,0,0,-177.8600006,-1.340000033
52.35,0,0,0,0,519,2378,1937,1781,-0.01,-0.039999999,0,0,0,0,-177.8600006,-1.340000033
52.36,0,0,0,0,519,2378,1937,1782,-0.01,-0.039999999,0,0,0,0,-177.8600006,-1.340000033
52.37,0,0,0,0,519,2378,1937,1781,-0.039999999,-0.02,0.059999999,0,0,0,-177.8600006,-1.340000033
52.38,0,0,0,0,519,2382,1937,1786,-0.039999999,-0.02,0.059999999,0,0,0,-177.8600006,-1.340000033
52.39,0,0,0,0,519,2382,1937,1786,-0.059999999,0.02,-0.059999999,0,0,0,-177.8600006,-1.340000033
52.4,0,0,0,0,519,2382,1937,1786,-0.059999999,0.02,-0.059999999,0,0,0,-177.8600006,-1.340000033
52.41,0,0,0,0,519,2381,1937,1786,-0.07,0.01,-0.059999999,0,0,0,-177.8600006,-1.340000033
52.42,0,0,0,0,518,2381,1937,1787,-0.07,0.01,-0.059999999,0,0,0,-177.8600006,-1.340000033
52.43,0,0,0,0,519,2378,1937,1782,-0.050000001,0.01,-0.02,0,0,0,-177.8600006,-1.340000033
52.44,0,0,0,0,519,2378,1937,1782,-0.050000001,0.01,-0.02,0,0,0,-177.8600006,-1.340000033
52.45,0,0,0,0,519,2378,1937,1782,-0.039999999,-0.02,0.039999999,0,0,0,-177.8600006,-1.340000033
52.46,0,0,0,0,519,2379,1937,1782,-0.039999999,-0.02,0.039999999,0,0,0,-177.8600006,-1.340000033
52.47,0,0,0,0,519,2379,1937,1782,-0.01,0,0.01,0,0,0,-177.8600006,-1.340000033
52.48,0,0,0,0,519,2382,1937,1785,-0.01,0,0.01,0,0,0,-177.8600006,-1.340000033
52.49,0,0,0,0,518,2383,1937,1786,0,-0.01,0,0,0,0,-177.8600006,-1.340000033
52.5,0,0,0,0,519,2383,1937,1786,0,-0.01,0,0,0,0,-177.8600006,-1.340000033
52.51,0,0,0,0,518,2383,1937,1786,0,0.01,-0.01,0,0,0,-177.8600006,-1.340000033
52.52,0,0,0,0,518,2383,1937,1786,0,0.01,-0.01,0,0,0,-177.8600006,-1.340000033
52.53,0,0,0,0,518,2379,1937,1781,-0.02,0.01,0.01,0,0,0,-177.8600006,-1.340000033
52.54,0,0,0,0,518,2379,1937,1782,-0.02,0.01,0.01,0,0,0,-177.8600006,-1.340000033
52.55,0,0,0,0,518,2379,1937,1782,-0.039999999,0.01,0.01,0,0,0,-177.8600006,-1.340000033
52.56,0,0,0,0,518,2379,1937,1782,-0.039999999,0.01,0.01,0,0,0,-177.8600006,-1.340000033
52.57,0,0,0,0,518,2379,1937,1782,-0.02,-0.01,0,0,0,0,-177.8600006,-1.340000033
52.58,0,0,0,0,518,2382,1937,1784,-0.02,-0.01,0,0,0,0,-177.8600006,-1.340000033
52.59,0,0,0,0,518,2383,1937,1784,-0.029999999,-0.01,0.01,0,0,0,-177.8500061,-1.340000033
52.6,0,0,0,0,518,2382,1937,1784,-0.029999999,-0.01,0.01,0,0,0,-177.8500061,-1.340000033
52.61,0,0,0,0,518,2382,1937,1785,-0.059999999,0,0.02,0,0,0,-177.8500061,-1.340000033
52.62,0,0,0,0,518,2381,1937,1786,-0.059999999,0,0.02,0,0,0,-177.8500061,-1.340000033
52.63,0,0,0,0,518,2378,1937,1782,-0.07,-0.01,0.02,0,0,0,-177.8500061,-1.340000033
52.64,0,0,0,0,518,2379,1937,1782,-0.07,-0.01,0.02,0,0,0,-177.8500061,-1.340000033
52.65,0,0,0,0,518,2379,1937,1781,-0.050000001,0.01,-0.01,0,0,0,-177.8600006,-1.340000033
52.66,0,0,0,0,518,2379,1937,1782,-0.050000001,0.01,-0.01,0,0,0,-177.8600006,-1.340000033
52.67,0,0,0,0,518,2379,1937,1782,-0.02,-0.01,0,0,0,0,-177.8600006,-1.340000033
52.68,0,0,0,0,518,2382,1937,1786,-0.02,-0.01,0,0,0,0,-177.8600006,-1.340000033
52.69,0,0,0,0,518,2383,1937,1785,0,-0.01,0.07,0,0,0,-177.8600006,-1.340000033
52.7,0,0,0,0,518,2383,1937,1784,0,-0.01,0.07,0,0,0,-177.8600006,-1.340000033
52.71,0,0,0,0,518,2382,1937,1785,-0.01,-0.02,0,0,0,0,-177.8600006,-1.340000033
52.72,0,0,0,0,518,2381,1937,1787,-0.01,-0.02,0,0,0,0,-177.8600006,-1.340000033
52.73,0,0,0,0,518,2378,1937,1782,-0.050000001,-0.02,-0.01,0,0,0,-177.8600006,-1.340000033
52.74,0,0,0,0,518,2379,1937,1781,-0.050000001,-0.02,-0.01,0,0,0,-177.8600006,-1.340000033
52.75,0,0,0,0,518,2380,1937,1781,-0.039999999,0,-0.02,0,0,0,-177.8600006,-1.340000033
52.76,0,0,0,0,518,2379,1937,1782,-0.039999999,0,-0.02,0,0,0,-177.8600006,-1.340000033
52.77,0,0,0,0,518,2379,1937,1782,-0.050000001,-0.02,-0.01,0,0,0,-177.8600006,-1.340000033
52.78,0,0,0,0,518,2382,1937,1785,-0.050000001,-0.02,-0.01,0,0,0,-177.8600006,-1.340000033
52.79,0,0,0,0,518,2382,1937,1784,-0.059999999,0,0.02,0,0,0,-177.8600006,-1.340000033
52.8,0,0,0,0,518,2382,1937,1785,-0.059999999,0,0.02,0,0,0,-177.8600006,-1.340000033
52.81,0,0,0,0,518,2382,1937,1786,-0.079999998,0.02,0.039999999,0,0,0,-177.8600006,-1.340000033
52.82,0,0,0,0,518,2382,1937,1786,-0.079999998,0.02,0.039999999,0,0,0,-177.8600006,-1.340000033
52.83,0,0,0,0,518,2380,1937,1781,-0.02,0.039999999,-0.039999999,0,0,0,-177.8600006,-1.340000033
52.84,0,0,0,0,518,2380,1937,1781,-0.02,0.039999999,-0.039999999,0,0,0,-177.8600006,-1.340000033
52.85,0,0,0,0,518,2379,1937,1782,-0.01,-0.01,0,0,0,0,-177.8600006,-1.340000033
52.86,0,0,0,0,518,2379,1937,1782,-0.01,-0.01,0,0,0,0,-177.8600006,-1.340000033
52.87,0,0,0,0,518,2379,1937,1781,-0.02,-0.01,-0.02,0,0,0,-177.8600006,-1.340000033
52.88,0,0,0,0,518,2382,1937,1786,-0.02,-0.01,-0.02,0,0,0,-177.8600006,-1.340000033
52.89,0,0,0,0,518,2381,1937,1786,-0.01,-0.029999999,0.029999999,0,0,0,-177.8600006,-1.340000033
52.9,0,0,0,0,518,2382,1937,1786,-0.01,-0.029999999,0.029999999,0,0,0,-177.8600006,-1.340000033
52.91,0,0,0,0,518,2383,1937,1786,-0.01,0,0,0,0,0,-177.8600006,-1.340000033
52.92,0,0,0,0,518,2382,1937,1786,-0.01,0,0,0,0,0,-177.8600006,-1.340000033
52.93,0,0,0,0,518,2379,1937,1781,-0.059999999,0,0.039999999,0,0,0,-177.8600006,-1.340000033
52.94,0,0,0,0,518,2379,1937,1780,-0.059999999,0,0.039999999,0,0,0,-177.8600006,-1.340000033
52.95,0,0,0,0,518,2379,1937,1781,-0.050000001,0.01,-0.01,0,0,0,-177.8600006,-1.340000033
52.96,0,0,0,0,518,2378,1937,1783,-0.050000001,0.01,-0.01,0,0,0,-177.8600006,-1.340000033
52.97,0,0,0,0,518,2379,1937,1782,-0.039999999,0,0.02,0,0,0,-177.8600006,-1.340000033
52.98,0,0,0,0,518,2383,1937,1786,-0.039999999,0,0.02,0,0,0,-177.8600006,-1.340000033
52.99,0,0,0,0,517,2382,1937,1786,-0.02,0,-0.050000001,0,0,0,-177.8600006,-1.340000033
53,0,0,0,0,518,2383,1937,1785,-0.02,0,-0.050000001,0,0,0,-177.8600006,-1.340000033
53.01,0,0,0,0,518,2383,1937,1784,-0.039999999,0,0.02,0,0,0,-177.8600006,-1.340000033
53.02,0,0,0,0,518,2381,1937,1786,-0.039999999,0,0.02,0,0,0,-177.8600006,-1.340000033
53.03,0,0,0,0,518,2379,1937,1781,-0.07,-0.029999999,0.01,0,0,0,-177.8600006,-1.340000033
53.04,0,0,0,0,518,2379,1937,1782,-0.07,-0.029999999,0.01,0,0,0,-177.8600006,-1.340000033
53.05,0,0,0,0,518,2379,1937,1781,-0.050000001,0,0.01,0,0,0,-177.8600006,-1.340000033
53.06,0,0,0,0,518,2379,1937,1781,-0.050000001,0,0.01,0,0,0,-177.8600006,-1.340000033
53.07,0,0,0,0,518,2379,1937,1781,0,0,-0.07,0,0,0,-177.8600006,-1.340000033
53.08,0,0,0,0,518,2381,1937,1787,0,0,-0.07,0,0,0,-177.8600006,-1.340000033
53.09,0,0,0,0,518,2382,1937,1785,-0.02,0.029999999,0.02,0,0,0,-177.8600006,-1.340000033
53.1,0,0,0,0,518,2383,1937,1785,-0.02,0.029999999,0.02,0,0,0,-177.8600006,-1.340000033
53.11,0,0,0,0,518,2382,1937,1785,0,-0.029999999,0.039999999,0,0,0,-177.8600006,-1.340000033
53.12,0,0,0,0,518,2382,1937,1785,0,-0.029999999,0.039999999,0,0,0,-177.8600006,-1.340000033
53.13,0,0,0,0,518,2378,1937,1781,-0.029999999,-0.029999999,0.079999998,0,0,0,-177.8600006,-1.340000033
53.14,0,0,0,0,518,2378,1937,1782,-0.029999999,-0.029999999,0.079999998,0,0,0,-177.8600006,-1.340000033
53.15,0,0,0,0,518,2378,1937,1782,-0.01,-0.050000001,-0.02,0,0,0,-177.8600006,-1.340000033
53.16,0,0,0,0,518,2379,1937,1781,-0.01,-0.050000001,-0.02,0,0,0,-177.8600006,-1.340000033
53.17,0,0,0,0,518,2379,1937,1782,-0.059999999,-0.029999999,-0.01,0,0,0,-177.8600006,-1.340000033
53.18,0,0,0,0,518,2382,1937,1785,-0.059999999,-0.029999999,-0.01,0,0,0,-177.8600006,-1.340000033
53.19,0,0,0,0,518,2382,1937,1784,-0.07,0,-0.029999999,0,0,0,-177.8600006,-1.340000033
53.2,0,0,0,0,518,2382,1937,1785,-0.07,0,-0.029999999,0,0,0,-177.8600006,-1.340000033
53.21,0,0,0,0,518,2381,1937,1786,-0.07,-0.01,0,0,0,0,-177.8600006,-1.340000033
53.22,0,0,0,0,518,2383,1937,1785,-0.07,-0.01,0,0,0,0,-177.8600006,-1.340000033
53.23,0,0,0,0,518,2378,1937,1781,-0.029999999,0.01,0.039999999,0,0,0,-177.8600006,-1.340000033
53.24,0,0,0,0,518,2379,1937,1781,-0.029999999,0.01,0.039999999,0,0,0,-177.8600006,-1.340000033
53.25,0,0,0,0,518,2379,1937,1780,0,0,0.07,0,0,0,-177.8600006,-1.340000033
53.26,0,0,0,0,518,2379,1937,1781,0,0,0.07,0,0,0,-177.8600006,-1.340000033
53.27,0,0,0,0,518,2378,1937,1783,0,0,0,0,0,0,-177.8600006,-1.340000033
53.28,0,0,0,0,518,2383,1937,1785,0,0,0,0,0,0,-177.8600006,-1.340000033
53.29,0,0,0,0,518,2382,1937,1786,-0.02,0,-0.01,0,0,0,-177.8600006,-1.340000033
53.3,0,0,0,0,518,2382,1937,1786,-0.02,0,-0.01,0,0,0,-177.8600006,-1.340000033
53.31,0,0,0,0,518,2382,1937,1785,-0.07,-0.01,-0.050000001,0,0,0,-177.8600006,-1.340000033
53.32,0,0,0,0,518,2382,1937,1784,-0.07,-0.01,-0.050000001,0,0,0,-177.8600006,-1.340000033
53.33,0,0,0,0,518,2378,1937,1785,-0.059999999,-0.02,-0.039999999,0,0,0,-177.8600006,-1.340000033
53.34,0,0,0,0,518,2378,1937,1781,-0.059999999,-0.02,-0.039999999,0,0,0,-177.8600006,-1.340000033
53.35,0,0,0,0,518,2380,1937,1782,-0.050000001,-0.02,-0.029999999,0,0,0,-177.8600006,-1.340000033
53.36,0,0,0,0,518,2379,1937,1782,-0.050000001,-0.02,-0.029999999,0,0,0,-177.8600006,-1.340000033
53.37,0,0,0,0,518,2379,1937,1782,0,-0.01,0,0,0,0,-177.8600006,-1.340000033
53.38,0,0,0,0,518,2383,1937,1784,0,-0.01,0,0,0,0,-177.8600006,-1.340000033
53.39,0,0,0,0,518,2382,1937,1786,-0.01,0,0.039999999,0,0,0,-177.8600006,-1.340000033
53.4,0,0,0,0,518,2381,1937,1787,-0.01,0,0.039999999,0,0,0,-177.8600006,-1.340000033
53.41,0,0,0,0,518,2382,1937,1785,-0.039999999,0.02,0,0,0,0,-177.8600006,-1.340000033
53.42,0,0,0,0,518,2383,1937,1786,-0.039999999,0.02,0,0,0,0,-177.8600006,-1.340000033
53.43,0,0,0,0,518,2379,1937,1782,-0.050000001,0,0.02,0,0,0,-177.8600006,-1.340000033
53.44,0,0,0,0,518,2379,1937,1781,-0.050000001,0,0.02,0,0,0,-177.8600006,-1.340000033
53.45,0,0,0,0,518,2379,1937,1781,-0.050000001,-0.039999999,-0.039999999,0,0,0,-177.8500061,-1.340000033
53.46,0,0,0,0,518,2378,1937,1782,-0.050000001,-0.039999999,-0.039999999,0,0,0,-177.8500061,-1.340000033
53.47,0,0,0,0,518,2379,1937,1782,-0.02,0.02,-0.039999999,0,0,0,-177.8600006,-1.340000033
53.48,0,0,0,0,518,2382,1937,1786,-0.02,0.02,-0.039999999,0,0,0,-177.8600006,-1.340000033
53.49,0,0,0,0,518,2382,1937,1786,0,-0.01,0.02,0,0,0,-177.8600006,-1.340000033
53.5,0,0,0,0,518,2382,1937,1784,0,-0.01,0.02,0,0,0,-177.8600006,-1.340000033
53.51,0,0,0,0,518,2382,1937,1785,-0.039999999,-0.02,0.029999999,0,0,0,-177.8600006,-1.340000033
53.52,0,0,0,0,518,2381,1937,1786,-0.039999999,-0.02,0.029999999,0,0,0,-177.8600006,-1.340000033
53.53,0,0,0,0,518,2379,1937,1782,-0.039999999,0.01,0.039999999,0,0,0,-177.8500061,-1.340000033
53.54,0,0,0,0,518,2379,1937,1782,-0.039999999,0.01,0.039999999,0,0,0,-177.8500061,-1.340000033
53.55,0,0,0,0,518,2379,1937,1781,-0.050000001,0.029999999,0.059999999,0,0,0,-177.8600006,-1.340000033
53.56,0,0,0,0,518,2379,1937,1781,-0.050000001,0.029999999,0.059999999,0,0,0,-177.8600006,-1.340000033
53.57,0,0,0,0,518,2378,1937,1783,-0.059999999,0.029999999,-0.039999999,0,0,0,-177.8500061,-1.340000033
53.58,0,0,0,0,518,2383,1937,1785,-0.059999999,0.029999999,-0.039999999,0,0,0,-177.8500061,-1.340000033
53.59,0,0,0,0,518,2382,1937,1785,-0.029999999,-0.029999999,-0.090000004,0,0,0,-177.8500061,-1.340000033
53.6,0,0,0,0,518,2382,1937,1785,-0.029999999,-0.029999999,-0.090000004,0,0,0,-177.8500061,-1.340000033
53.61,0,0,0,0,518,2382,1937,1784,-0.01,-0.07,-0.119999997,0,0,0,-177.8500061,-1.340000033
53.62,0,0,0,0,518,2381,1937,1786,-0.01,-0.07,-0.119999997,0,0,0,-177.8500061,-1.340000033
53.63,0,0,0,0,518,2379,1937,1781,-0.050000001,-0.050000001,0.039999999,0,0,0,-177.8500061,-1.340000033
53.64,0,0,0,0,518,2379,1937,1781,-0.050000001,-0.050000001,0.039999999,0,0,0,-177.8500061,-1.340000033
53.65,0,0,0,0,518,2379,1937,1780,-0.059999999,-0.01,0.039999999,0,0,0,-177.8600006,-1.340000033
53.66,0,0,0,0,518,2378,1937,1782,-0.059999999,-0.01,0.039999999,0,0,0,-177.8600006,-1.340000033
53.67,0,0,0,0,518,2378,1937,1781,-0.01,0.050000001,0.050000001,0,0,0,-177.8600006,-1.340000033
53.68,0,0,0,0,518,2382,1937,1786,-0.01,0.050000001,0.050000001,0,0,0,-177.8600006,-1.340000033
53.69,0,0,0,0,518,2382,1937,1786,-0.029999999,0.050000001,0,0,0,0,-177.8600006,-1.340000033
53.7,0,0,0,0,518,2382,1937,1785,-0.029999999,0.050000001,0,0,0,0,-177.8600006,-1.340000033
53.71,0,0,0,0,518,2381,1937,1786,-0.050000001,0,0.050000001,0,0,0,-177.8600006,-1.340000033
53.72,0,0,0,0,518,2383,1937,1785,-0.050000001,0,0.050000001,0,0,0,-177.8600006,-1.340000033
53.73,0,0,0,0,518,2379,1937,1781,-0.039999999,0.01,-0.050000001,0,0,0,-177.8600006,-1.340000033
53.74,0,0,0,0,518,2379,1937,1781,-0.039999999,0.01,-0.050000001,0,0,0,-177.8600006,-1.340000033
53.75,0,0,0,0,518,2378,1937,1782,-0.02,-0.029999999,-0.059999999,0,0,0,-177.8600006,-1.340000033
53.76,0,0,0,0,518,2379,1937,1781,-0.02,-0.029999999,-0.059999999,0,0,0,-177.8600006,-1.340000033
53.77,0,0,0,0,518,2379,1937,1781,-0.02,-0.050000001,0,0,0,0,-177.8600006,-1.340000033
53.78,0,0,0,0,518,2382,1937,1785,-0.02,-0.050000001,0,0,0,0,-177.8600006,-1.340000033
53.79,0,0,0,0,518,2381,1937,1785,-0.050000001,0,0.050000001,0,0,0,-177.8600006,-1.340000033
53.8,0,0,0,0,518,2382,1937,1785,-0.050000001,0,0.050000001,0,0,0,-177.8600006,-1.340000033
53.81,0,0,0,0,518,2382,1937,1785,-0.090000004,0,-0.039999999,0,0,0,-177.8600006,-1.340000033
53.82,0,0,0,0,518,2382,1937,1785,-0.090000004,0,-0.039999999,0,0,0,-177.8600006,-1.340000033
53.83,0,0,0,0,518,2382,1937,1780,-0.029999999,0,-0.059999999,0,0,0,-177.8600006,-1.330000043
53.84,0,0,0,0,518,2379,1937,1783,-0.029999999,0,-0.059999999,0,0,0,-177.8600006,-1.330000043
53.85,0,0,0,0,518,2380,1937,1782,0,0.02,-0.029999999,0,0,0,-177.8600006,-1.330000043
53.86,0,0,0,0,518,2379,1937,1781,0,0.02,-0.029999999,0,0,0,-177.8600006,-1.330000043
53.87,0,0,0,0,518,2379,1937,1781,-0.02,-0.02,0.090000004,0,0,0,-177.8600006,-1.330000043
53.88,0,0,0,0,518,2381,1937,1787,-0.02,-0.02,0.090000004,0,0,0,-177.8600006,-1.330000043
53.89,0,0,0,0,518,2383,1937,1786,-0.029999999,-0.02,0.109999999,0,0,0,-177.8500061,-1.330000043
53.9,0,0,0,0,518,2382,1937,1785,-0.029999999,-0.02,0.109999999,0,0,0,-177.8500061,-1.330000043
53.91,0,0,0,0,518,2382,1937,1786,-0.02,0,0,0,0,0,-177.8500061,-1.330000043
53.92,0,0,0,0,518,2382,1937,1786,-0.02,0,0,0,0,0,-177.8500061,-1.330000043
53.93,0,0,0,0,518,2381,1937,1782,-0.100000002,-0.02,-0.119999997,0,0,0,-177.8500061,-1.330000043
53.94,0,0,0,0,518,2379,1936,1782,-0.100000002,-0.02,-0.119999997,0,0,0,-177.8500061,-1.330000043
53.95,0,0,0,0,518,2379,1936,1782,-0.129999995,0.01,-0.140000001,0,0,0,-177.8500061,-1.330000043
53.96,0,0,0,0,518,2379,1936,1782,-0.129999995,0.01,-0.140000001,0,0,0,-177.8500061,-1.330000043
53.97,0,0,0,0,518,2379,1936,1782,-0.07,0.01,0.01,0,0,0,-177.8500061,-1.330000043
53.98,0,0,0,0,518,2382,1937,1786,-0.07,0.01,0.01,0,0,0,-177.8500061,-1.340000033
53.99,0,0,0,0,518,2382,1937,1786,-0.01,0.01,0.039999999,0,0,0,-177.8600006,-1.340000033
54,0,0,0,0,518,2383,1937,1787,-0.01,0.01,0.039999999,0,0,0,-177.8600006,-1.340000033
54.01,0,0,0,0,518,2382,1937,1787,0.039999999,0,0.119999997,0,0,0,-177.8600006,-1.340000033
54.02,0,0,0,0,518,2383,1937,1786,0.039999999,0,0.119999997,0,0,0,-177.8600006,-1.340000033
54.03,0,0,0,0,518,2379,1937,1782,0.059999999,0.02,0,0,0,0,-177.8600006,-1.340000033
54.04,0,0,0,0,518,2380,1937,1783,0.059999999,0.02,0,0,0,0,-177.8600006,-1.340000033
54.05,0,0,0,0,518,2379,1937,1783,0,-0.01,0.02,0,0,0,-177.8600006,-1.340000033
54.06,0,0,0,0,518,2379,1937,1782,0,-0.01,0.02,0,0,0,-177.8600006,-1.340000033
54.07,0,0,0,0,518,2378,1937,1783,-0.050000001,0,-0.059999999,0,0,0,-177.8600006,-1.340000033
54.08,0,0,0,0,519,2382,1937,1786,-0.050000001,0,-0.059999999,0,0,0,-177.8600006,-1.340000033
54.09,0,0,0,0,519,2383,1937,1786,-0.090000004,0,-0.079999998,0,0,0,-177.8500061,-1.330000043
54.1,0,0,0,0,518,2383,1937,1786,-0.090000004,0,-0.079999998,0,0,0,-177.8500061,-1.330000043
54.11,0,0,0,0,519,2381,1937,1787,-0.07,-0.01,-0.01,0,0,0,-177.8500061,-1.330000043
54.12,0,0,0,0,519,2383,1937,1786,-0.07,-0.01,-0.01,0,0,0,-177.8500061,-1.330000043
54.13,0,0,0,0,519,2379,1937,1782,0,-0.029999999,0.01,0,0,0,-177.8600006,-1.330000043
54.14,0,0,0,0,519,2379,1937,1781,0,-0.029999999,0.01,0,0,0,-177.8600006,-1.330000043
54.15,0,0,0,0,519,2379,1937,1783,-0.01,-0.02,0.109999999,0,0,0,-177.8600006,-1.340000033
54.16,0,0,0,0,519,2380,1937,1783,-0.01,-0.02,0.109999999,0,0,0,-177.8600006,-1.340000033
54.17,0,0,0,0,519,2379,1937,1782,-0.01,0.01,0.02,0,0,0,-177.8600006,-1.340000033
54.18,0,0,0,0,519,2382,1937,1786,-0.01,0.01,0.02,0,0,0,-177.8600006,-1.340000033
54.19,0,0,0,0,519,2381,1937,1787,-0.059999999,0,0,0,0,0,-177.8600006,-1.340000033
54.2,0,0,0,0,519,2382,1937,1786,-0.059999999,0,0,0,0,0,-177.8600006,-1.340000033
54.21,0,0,0,0,519,2382,1937,1786,-0.039999999,0.01,-0.059999999,0,0,0,-177.8600006,-1.340000033
54.22,0,0,0,0,519,2382,1937,1786,-0.039999999,0.01,-0.059999999,0,0,0,-177.8600006,-1.340000033
54.23,0,0,0,0,519,2379,1937,1781,-0.01,0.02,-0.059999999,0,0,0,-177.8600006,-1.330000043
54.24,0,0,0,0,519,2380,1937,1782,-0.01,0.02,-0.059999999,0,0,0,-177.8600006,-1.330000043
54.25,0,0,0,0,519,2379,1937,1782,0,0.01,0.029999999,0,0,0,-177.8600006,-1.330000043
54.26,0,0,0,0,519,2378,1937,1783,0,0.01,0.029999999,0,0,0,-177.8600006,-1.340000033
54.27,0,0,0,0,519,2380,1937,1782,-0.02,-0.02,0.090000004,0,0,0,-177.8600006,-1.330000043
54.28,0,0,0,0,519,2382,1937,1786,-0.02,-0.02,0.090000004,0,0,0,-177.8600006,-1.330000043
54.29,0,0,0,0,519,2382,1937,1786,-0.02,0,0.050000001,0,0,0,-177.8500061,-1.330000043
54.3,0,0,0,0,519,2382,1937,1787,-0.02,0,0.050000001,0,0,0,-177.8500061,-1.330000043
54.31,0,0,0,0,519,2383,1937,1786,-0.07,-0.029999999,-0.02,0,0,0,-177.8500061,-1.330000043
54.32,0,0,0,0,519,2382,1937,1786,-0.07,-0.029999999,-0.02,0,0,0,-177.8500061,-1.330000043
54.33,0,0,0,0,519,2380,1937,1782,-0.059999999,0.01,0.029999999,0,0,0,-177.8500061,-1.330000043
54.34,0,0,0,0,519,2378,1937,1783,-0.059999999,0.01,0.029999999,0,0,0,-177.8500061,-1.330000043
54.35,0,0,0,0,519,2379,1937,1782,-0.039999999,0,-0.02,0,0,0,-177.8500061,-1.330000043
54.36,0,0,0,0,519,2379,1937,1782,-0.039999999,0,-0.02,0,0,0,-177.8500061,-1.330000043
54.37,0,0,0,0,519,2379,1937,1782,-0.039999999,-0.039999999,-0.050000001,0,0,0,-177.8500061,-1.330000043
54.38,0,0,0,0,519,2382,1937,1787,-0.039999999,-0.039999999,-0.050000001,0,0,0,-177.8500061,-1.330000043
54.39,0,0,0,0,519,2383,1937,1787,-0.01,-0.07,-0.029999999,0,0,0,-177.8500061,-1.330000043
54.4,0,0,0,0,519,2383,1937,1787,-0.01,-0.07,-0.029999999,0,0,0,-177.8500061,-1.330000043
54.41,0,0,0,0,519,2382,1937,1786,0.01,0.01,0.02,0,0,0,-177.8500061,-1.330000043
54.42,0,0,0,0,519,2383,1937,1786,0.01,0.01,0.02,0,0,0,-177.8500061,-1.330000043
54.43,0,0,0,0,519,2379,1937,1782,-0.039999999,0,0.039999999,0,0,0,-177.8500061,-1.330000043
54.44,0,0,0,0,519,2379,1937,1781,-0.039999999,0,0.039999999,0,0,0,-177.8500061,-1.330000043
54.45,0,0,0,0,519,2379,1937,1782,-0.050000001,0.039999999,0.01,0,0,0,-177.8500061,-1.330000043
54.46,0,0,0,0,519,2379,1937,1783,-0.050000001,0.039999999,0.01,0,0,0,-177.8500061,-1.330000043
54.47,0,0,0,0,519,2379,1937,1782,-0.059999999,0.029999999,-0.01,0,0,0,-177.8500061,-1.330000043
54.48,0,0,0,0,519,2383,1937,1786,-0.059999999,0.029999999,-0.01,0,0,0,-177.8500061,-1.330000043
54.49,0,0,0,0,519,2382,1937,1787,-0.050000001,0,-0.059999999,0,0,0,-177.8500061,-1.330000043
54.5,0,0,0,0,519,2383,1937,1787,-0.050000001,0,-0.050000001,0,0,0,-177.8500061,-1.330000043
54.51,0,0,0,0,519,2383,1937,1787,0,0.02,-0.02,0,0,0,-177.8500061,-1.330000043
54.52,0,0,0,0,519,2381,1937,1788,0,0,0.02,0,0,0,-177.8500061,-1.330000043
54.53,0,0,0,0,519,2380,1937,1782,-0.02,0,0.01,0,0,0,-177.8500061,-1.330000043
54.54,0,0,0,0,519,2379,1937,1783,0,0,0.100000002,0,0,0,-177.8500061,-1.330000043
54.55,0,0,0,0,519,2379,1937,1781,-0.02,-0.07,0.090000004,0,0,0,-177.8500061,-1.330000043
54.56,0,0,0,0,519,2379,1937,1783,-0.050000001,0.02,0.029999999,0,0,0,-177.8500061,-1.330000043
54.57,0,0,0,0,519,2379,1937,1782,-0.029999999,-0.01,-0.02,0,0,0,-177.8500061,-1.330000043
54.58,0,0,0,0,519,2383,1937,1786,-0.059999999,-0.029999999,-0.029999999,0,0,0,-177.8500061,-1.330000043
54.59,0,0,0,0,519,2382,1937,1786,-0.050000001,-0.02,-0.029999999,0,0,0,-177.8500061,-1.330000043
54.6,0,0,0,0,519,2382,1937,1787,-0.029999999,0,-0.07,0,0,0,-177.8500061,-1.330000043
54.61,0,0,0,0,519,2382,1937,1786,-0.029999999,0.02,-0.090000004,0,0,0,-177.8500061,-1.330000043
54.62,0,0,0,0,519,2382,1937,1786,-0.029999999,0.029999999,0,0,0,0,-177.8500061,-1.330000043
54.63,0,0,0,0,519,2378,1937,1783,-0.02,0.050000001,0,0,0,0,-177.8600006,-1.330000043
54.64,0,0,0,0,519,2380,1937,1782,-0.039999999,0.029999999,0.029999999,0,0,0,-177.8600006,-1.330000043
54.65,0,0,0,0,519,2379,1937,1783,0.01,0,0.059999999,0,0,0,-177.8600006,-1.330000043
54.66,0,0,0,0,519,2378,1937,1781,-0.029999999,-0.029999999,0.07,0,0,0,-177.8600006,-1.330000043
54.67,0,0,0,0,519,2379,1937,1782,0,0,0.090000004,0,0,0,-177.8600006,-1.330000043
54.68,0,0,0,0,519,2382,1937,1787,0,-0.029999999,0.029999999,0,0,0,-177.8500061,-1.330000043
54.69,0,0,0,0,519,2382,1937,1785,-0.029999999,-0.079999998,-0.02,0,0,0,-177.8500061,-1.330000043
54.7,0,0,0,0,519,2382,1937,1787,-0.029999999,-0.059999999,-0.029999999,0,0,0,-177.8500061,-1.330000043
54.71,0,0,0,0,519,2382,1937,1786,-0.029999999,0,-0.039999999,0,0,0,-177.8500061,-1.330000043
54.72,0,0,0,0,519,2383,1937,1786,-0.02,0.02,-0.119999997,0,0,0,-177.8500061,-1.330000043
54.73,0,0,0,0,519,2378,1937,1782,-0.050000001,0.029999999,-0.079999998,0,0,0,-177.8500061,-1.330000043
54.74,0,0,0,0,519,2380,1937,1783,-0.039999999,0.029999999,0,0,0,0,-177.8500061,-1.330000043
54.75,0,0,0,0,519,2379,1937,1782,-0.059999999,0.039999999,0.01,0,0,0,-177.8500061,-1.330000043
54.76,0,0,0,0,519,2378,1937,1782,-0.059999999,-0.01,0,0,0,0,-177.8500061,-1.330000043
54.77,0,0,0,0,519,2379,1937,1783,-0.039999999,0.039999999,0.01,0,0,0,-177.8500061,-1.330000043
54.78,0,0,0,0,519,2382,1937,1786,-0.01,-0.029999999,0,0,0,0,-177.8500061,-1.330000043
54.79,0,0,0,0,519,2382,1937,1786,-0.01,-0.02,0,0,0,0,-177.8500061,-1.330000043
54.8,0,0,0,0,519,2382,1937,1786,0.02,-0.029999999,0.039999999,0,0,0,-177.8500061,-1.330000043
54.81,0,0,0,0,519,2382,1937,1786,-0.02,-0.039999999,0.01,0,0,0,-177.8500061,-1.330000043
54.82,0,0,0,0,519,2381,1937,1785,-0.01,-0.029999999,0.02,0,0,0,-177.8500061,-1.330000043
54.83,0,0,0,0,519,2379,1937,1782,-0.029999999,0.029999999,0.01,0,0,0,-177.8500061,-1.330000043
54.84,0,0,0,0,519,2379,1937,1781,-0.059999999,0.029999999,0.01,0,0,0,-177.8500061,-1.330000043
54.85,0,0,0,0,519,2378,1937,1783,-0.050000001,0.029999999,0.02,0,0,0,-177.8500061,-1.330000043
54.86,0,0,0,0,519,2379,1937,1782,-0.07,0,-0.01,0,0,0,-177.8500061,-1.330000043
54.87,0,0,0,0,519,2378,1937,1782,-0.02,0.029999999,-0.01,0,0,0,-177.8500061,-1.330000043
54.88,0,0,0,0,519,2382,1937,1786,-0.050000001,0,-0.100000002,0,0,0,-177.8500061,-1.330000043
54.89,0,0,0,0,519,2382,1937,1786,-0.039999999,-0.01,-0.039999999,0,0,0,-177.8500061,-1.330000043
54.9,0,0,0,0,519,2382,1937,1786,0,-0.01,0.059999999,0,0,0,-177.8500061,-1.330000043
54.91,0,0,0,0,519,2382,1937,1786,0,-0.02,0.07,0,0,0,-177.8500061,-1.330000043
54.92,0,0,0,0,519,2383,1937,1787,-0.029999999,0.02,0.059999999,0,0,0,-177.8500061,-1.330000043
54.93,0,0,0,0,519,2379,1937,1781,-0.029999999,-0.029999999,0.039999999,0,0,0,-177.8500061,-1.330000043
54.94,0,0,0,0,519,2379,1937,1782,-0.039999999,0.02,0.07,0,0,0,-177.8500061,-1.330000043
54.95,0,0,0,0,519,2378,1937,1782,-0.039999999,-0.01,0.01,0,0,0,-177.8500061,-1.330000043
54.96,0,0,0,0,519,2379,1937,1783,-0.050000001,-0.02,0.01,0,0,0,-177.8500061,-1.330000043
54.97,0,0,0,0,519,2379,1937,1782,-0.059999999,-0.02,-0.039999999,0,0,0,-177.8500061,-1.330000043
54.98,0,0,0,0,519,2382,1937,1786,-0.059999999,-0.029999999,-0.029999999,0,0,0,-177.8500061,-1.330000043
54.99,0,0,0,0,519,2382,1937,1786,-0.039999999,-0.01,-0.02,0,0,0,-177.8500061,-1.330000043
55,0,0,0,0,519,2382,1937,1786,-0.059999999,-0.039999999,-0.02,0,0,0,-177.8500061,-1.330000043
55.01,0,0,0,0,519,2382,1937,1786,-0.050000001,0,-0.02,0,0,0,-177.8500061,-1.330000043
55.02,0,0,0,0,519,2383,1937,1787,-0.039999999,0.01,-0.02,0,0,0,-177.8500061,-1.330000043
55.03,0,0,0,0,519,2379,1937,1781,0.029999999,0.01,0.01,0,0,0,-177.8500061,-1.330000043
55.04,0,0,0,0,519,2379,1937,1782,0.01,0.02,-0.029999999,0,0,0,-177.8500061,-1.330000043
55.05,0,0,0,0,519,2379,1937,1781,0.029999999,0.029999999,0.039999999,0,0,0,-177.8500061,-1.330000043
55.06,0,0,0,0,519,2378,1937,1782,0,0.02,0.059999999,0,0,0,-177.8500061,-1.330000043
55.07,0,0,0,0,519,2378,1937,1782,-0.01,0,0.109999999,0,0,0,-177.8500061,-1.330000043
55.08,0,0,0,0,519,2382,1937,1787,-0.059999999,-0.01,0.029999999,0,0,0,-177.8500061,-1.330000043
55.09,0,0,0,0,519,2382,1937,1787,-0.059999999,-0.01,0,0,0,0,-177.8500061,-1.330000043
55.1,0,0,0,0,519,2383,1937,1786,-0.07,0,-0.039999999,0,0,0,-177.8500061,-1.330000043
55.11,0,0,0,0,519,2382,1937,1785,-0.050000001,-0.02,-0.039999999,0,0,0,-177.8500061,-1.330000043
55.12,0,0,0,0,519,2382,1937,1786,-0.079999998,-0.02,-0.059999999,0,0,0,-177.8500061,-1.330000043
55.13,0,0,0,0,519,2378,1937,1782,-0.039999999,-0.02,-0.039999999,0,0,0,-177.8500061,-1.330000043
55.14,0,0,0,0,519,2378,1937,1782,-0.050000001,0,0,0,0,0,-177.8500061,-1.330000043
55.15,0,0,0,0,520,2378,1937,1783,-0.02,-0.01,0.029999999,0,0,0,-177.8500061,-1.330000043
55.16,0,0,0,0,519,2379,1937,1782,-0.01,0,0.02,0,0,0,-177.8500061,-1.330000043
55.17,0,0,0,0,519,2379,1937,1782,0,0.01,0.02,0,0,0,-177.8500061,-1.330000043
55.18,0,0,0,0,519,2382,1937,1786,0.01,0.02,0.029999999,0,0,0,-177.8500061,-1.330000043
55.19,0,0,0,0,519,2381,1937,1786,0,0.01,0,0,0,0,-177.8500061,-1.330000043
55.2,0,0,0,0,519,2382,1937,1785,0,0,0.050000001,0,0,0,-177.8500061,-1.330000043
55.21,0,0,0,0,519,2381,1937,1786,-0.02,-0.01,0,0,0,0,-177.8500061,-1.330000043
55.22,0,0,0,0,519,2382,1937,1786,0,0,0,0,0,0,-177.8500061,-1.330000043
55.23,0,0,0,0,519,2379,1937,1783,-0.050000001,-0.01,-0.029999999,0,0,0,-177.8500061,-1.330000043
55.24,0,0,0,0,519,2379,1937,1782,-0.050000001,-0.039999999,0.029999999,0,0,0,-177.8500061,-1.330000043
55.25,0,0,0,0,519,2379,1937,1782,-0.059999999,0.01,-0.039999999,0,0,0,-177.8500061,-1.330000043
55.26,0,0,0,0,519,2379,1937,1781,-0.059999999,-0.01,0,0,0,0,-177.8500061,-1.330000043
55.27,0,0,0,0,519,2379,1937,1781,-0.059999999,0.029999999,-0.01,0,0,0,-177.8500061,-1.330000043
55.28,0,0,0,0,519,2382,1937,1786,-0.01,0.01,-0.029999999,0,0,0,-177.8500061,-1.330000043
55.29,0,0,0,0,519,2382,1937,1787,-0.02,0.01,-0.01,0,0,0,-177.8500061,-1.330000043
55.3,0,0,0,0,520,2382,1937,1786,-0.029999999,0,0.02,0,0,0,-177.8500061,-1.330000043
55.31,0,0,0,0,519,2383,1937,1786,0,0.02,0.02,0,0,0,-177.8500061,-1.330000043
55.32,0,0,0,0,519,2383,1937,1785,-0.02,0,0.029999999,0,0,0,-177.8500061,-1.330000043
55.33,0,0,0,0,519,2379,1937,1782,-0.02,0,0.050000001,0,0,0,-177.8500061,-1.330000043
55.34,0,0,0,0,519,2378,1937,1782,-0.039999999,-0.029999999,0.01,0,0,0,-177.8500061,-1.330000043
55.35,0,0,0,0,519,2379,1937,1782,-0.050000001,-0.029999999,-0.02,0,0,0,-177.8500061,-1.330000043
55.36,0,0,0,0,519,2378,1937,1783,-0.059999999,-0.029999999,-0.01,0,0,0,-177.8500061,-1.330000043
55.37,0,0,0,0,519,2379,1937,1782,-0.029999999,0,-0.039999999,0,0,0,-177.8500061,-1.330000043
55.38,0,0,0,0,519,2383,1937,1786,-0.050000001,-0.029999999,-0.039999999,0,0,0,-177.8500061,-1.330000043
55.39,0,0,0,0,520,2382,1937,1785,-0.029999999,0,-0.039999999,0,0,0,-177.8500061,-1.330000043
55.4,0,0,0,0,519,2382,1937,1786,-0.029999999,0,-0.01,0,0,0,-177.8500061,-1.330000043
55.41,0,0,0,0,520,2382,1937,1785,-0.02,0.01,0.029999999,0,0,0,-177.8500061,-1.330000043
55.42,0,0,0,0,519,2382,1937,1786,0,0.039999999,0.01,0,0,0,-177.8500061,-1.330000043
55.43,0,0,0,0,520,2378,1937,1783,-0.02,0.039999999,0.01,0,0,0,-177.8500061,-1.330000043
55.44,0,0,0,0,519,2379,1937,1782,-0.01,0.02,0.01,0,0,0,-177.8500061,-1.330000043
55.45,0,0,0,0,520,2379,1937,1782,-0.01,0.02,0.07,0,0,0,-177.8500061,-1.330000043
55.46,0,0,0,0,520,2379,1937,1782,-0.059999999,0,0.039999999,0,0,0,-177.8500061,-1.330000043
55.47,0,0,0,0,520,2379,1937,1781,-0.029999999,-0.039999999,0.059999999,0,0,0,-177.8500061,-1.330000043
55.48,0,0,0,0,520,2382,1937,1786,-0.050000001,-0.01,0.029999999,0,0,0,-177.8500061,-1.330000043
55.49,0,0,0,0,520,2382,1937,1787,-0.039999999,-0.039999999,0,0,0,0,-177.8500061,-1.330000043
55.5,0,0,0,0,520,2382,1937,1787,-0.050000001,-0.01,0,0,0,0,-177.8500061,-1.330000043
55.51,0,0,0,0,520,2382,1937,1787,-0.079999998,-0.029999999,-0.029999999,0,0,0,-177.8500061,-1.330000043
55.52,0,0,0,0,520,2383,1937,1786,-0.039999999,0.01,-0.02,0,0,0,-177.8500061,-1.330000043
55.53,0,0,0,0,520,2379,1937,1781,-0.029999999,0.039999999,-0.090000004,0,0,0,-177.8500061,-1.330000043
55.54,0,0,0,0,520,2379,1937,1782,-0.02,0.029999999,0.01,0,0,0,-177.8500061,-1.330000043
55.55,0,0,0,0,519,2378,1937,1782,0,0.02,-0.01,0,0,0,-177.8500061,-1.330000043
55.56,0,0,0,0,520,2379,1937,1782,0.01,0.02,0.02,0,0,0,-177.8500061,-1.330000043
55.57,0,0,0,0,519,2378,1937,1783,0,0.02,0.039999999,0,0,0,-177.8500061,-1.330000043
55.58,0,0,0,0,520,2382,1937,1786,0,0,0.079999998,0,0,0,-177.8500061,-1.330000043
55.59,0,0,0,0,519,2383,1937,1787,-0.059999999,-0.039999999,0,0,0,0,-177.8500061,-1.330000043
55.6,0,0,0,0,519,2382,1937,1786,-0.029999999,-0.01,-0.01,0,0,0,-177.8500061,-1.330000043
55.61,0,0,0,0,519,2382,1937,1786,-0.050000001,-0.02,-0.050000001,0,0,0,-177.8500061,-1.330000043
55.62,0,0,0,0,519,2382,1937,1785,-0.050000001,-0.02,-0.01,0,0,0,-177.8500061,-1.330000043
55.63,0,0,0,0,519,2379,1937,1782,-0.059999999,-0.01,0,0,0,0,-177.8500061,-1.330000043
55.64,0,0,0,0,519,2378,1937,1782,-0.029999999,0,0.029999999,0,0,0,-177.8500061,-1.330000043
55.65,0,0,0,0,519,2379,1937,1782,-0.059999999,0,0.01,0,0,0,-177.8500061,-1.330000043
55.66,0,0,0,0,519,2379,1937,1782,-0.01,0.02,0,0,0,0,-177.8500061,-1.330000043
55.67,0,0,0,0,519,2380,1937,1782,0.01,0,0.029999999,0,0,0,-177.8500061,-1.330000043
55.68,0,0,0,0,519,2382,1937,1785,-0.029999999,-0.01,0,0,0,0,-177.8500061,-1.330000043
55.69,0,0,0,0,519,2382,1937,1786,-0.01,0,0,0,0,0,-177.8500061,-1.330000043
55.7,0,0,0,0,519,2381,1937,1786,-0.02,-0.029999999,0,0,0,0,-177.8500061,-1.330000043
55.71,0,0,0,0,519,2382,1937,1786,-0.01,0,0.029999999,0,0,0,-177.8500061,-1.330000043
55.72,0,0,0,0,519,2382,1937,1787,-0.029999999,0.01,-0.01,0,0,0,-177.8500061,-1.330000043
55.73,0,0,0,0,519,2379,1937,1782,-0.050000001,0,-0.039999999,0,0,0,-177.8500061,-1.330000043
55.74,0,0,0,0,519,2379,1937,1782,-0.100000002,0,-0.050000001,0,0,0,-177.8500061,-1.330000043
55.75,0,0,0,0,519,2379,1937,1782,-0.07,0,-0.029999999,0,0,0,-177.8500061,-1.330000043
55.76,0,0,0,0,519,2378,1937,1782,-0.079999998,0,-0.029999999,0,0,0,-177.8500061,-1.330000043
55.77,0,0,0,0,519,2379,1937,1781,-0.02,0.029999999,-0.02,0,0,0,-177.8500061,-1.330000043
55.78,0,0,0,0,519,2381,1937,1786,-0.02,0,0.01,0,0,0,-177.8500061,-1.330000043
55.79,0,0,0,0,519,2382,1937,1787,0.02,0,0.050000001,0,0,0,-177.8500061,-1.330000043
55.8,0,0,0,0,519,2383,1937,1786,0.01,0,0.039999999,0,0,0,-177.8500061,-1.330000043
55.81,0,0,0,0,519,2382,1937,1786,0.01,0.01,0.039999999,0,0,0,-177.8500061,-1.330000043
55.82,0,0,0,0,519,2383,1937,1786,0,0,0.029999999,0,0,0,-177.8500061,-1.330000043
55.83,0,0,0,0,519,2379,1937,1781,-0.02,0,0.059999999,0,0,0,-177.8500061,-1.330000043
55.84,0,0,0,0,519,2379,1937,1782,-0.029999999,-0.01,0,0,0,0,-177.8500061,-1.330000043
55.85,0,0,0,0,519,2378,1937,1783,-0.090000004,0,0,0,0,0,-177.8500061,-1.320000052
55.86,0,0,0,0,519,2379,1937,1783,-0.059999999,0.01,-0.01,0,0,0,-177.8500061,-1.320000052
55.87,0,0,0,0,519,2379,1937,1783,-0.090000004,0,-0.039999999,0,0,0,-177.8500061,-1.320000052
55.88,0,0,0,0,519,2383,1937,1786,-0.059999999,0,-0.02,0,0,0,-177.8500061,-1.320000052
55.89,0,0,0,0,519,2383,1937,1786,-0.07,-0.039999999,-0.02,0,0,0,-177.8500061,-1.320000052
55.9,0,0,0,0,519,2382,1937,1787,-0.029999999,-0.01,-0.039999999,0,0,0,-177.8500061,-1.320000052
55.91,0,0,0,0,519,2382,1937,1787,-0.050000001,-0.050000001,-0.01,0,0,0,-177.8500061,-1.320000052
55.92,0,0,0,0,520,2382,1937,1786,-0.02,0,0,0,0,0,-177.8500061,-1.320000052
55.93,0,0,0,0,519,2378,1937,1783,-0.01,0.02,0,0,0,0,-177.8500061,-1.320000052
55.94,0,0,0,0,519,2379,1937,1782,0.01,0,0,0,0,0,-177.8500061,-1.320000052
55.95,0,0,0,0,519,2380,1937,1783,0,0,0.02,0,0,0,-177.8500061,-1.320000052
55.96,0,0,0,0,519,2379,1937,1782,0.01,0.02,0.039999999,0,0,0,-177.8500061,-1.320000052
55.97,0,0,0,0,519,2379,1937,1782,-0.050000001,0.01,0.029999999,0,0,0,-177.8500061,-1.320000052
55.98,0,0,0,0,519,2382,1937,1785,-0.02,0,0,0,0,0,-177.8500061,-1.320000052
55.99,0,0,0,0,519,2382,1937,1786,-0.050000001,0,0,0,0,0,-177.8500061,-1.320000052
56,0,0,0,0,519,2382,1937,1786,-0.039999999,0,0.01,0,0,0,-177.8500061,-1.320000052
56.01,0,0,0,0,519,2382,1937,1787,-0.029999999,-0.039999999,-0.02,0,0,0,-177.8500061,-1.320000052
56.02,0,0,0,0,519,2383,1937,1786,-0.029999999,-0.050000001,-0.029999999,0,0,0,-177.8500061,-1.320000052
56.03,0,0,0,0,519,2380,1937,1782,-0.039999999,0,0,0,0,0,-177.8500061,-1.320000052
56.04,0,0,0,0,519,2379,1937,1781,-0.02,0.02,0,0,0,0,-177.8500061,-1.320000052
56.05,0,0,0,0,519,2379,1937,1782,-0.02,0,0,0,0,0,-177.8500061,-1.320000052
56.06,0,0,0,0,520,2378,1937,1783,-0.039999999,0,0.01,0,0,0,-177.8500061,-1.320000052
56.07,0,0,0,0,519,2379,1937,1782,-0.029999999,0.039999999,0.039999999,0,0,0,-177.8500061,-1.320000052
56.08,0,0,0,0,520,2382,1937,1787,-0.050000001,0.01,0.050000001,0,0,0,-177.8500061,-1.320000052
56.09,0,0,0,0,519,2383,1937,1786,0,0.02,0.01,0,0,0,-177.8500061,-1.320000052
56.1,0,0,0,0,519,2383,1937,1785,-0.039999999,0,0.01,0,0,0,-177.8500061,-1.320000052
56.11,0,0,0,0,519,2382,1937,1785,-0.02,0.029999999,-0.01,0,0,0,-177.8500061,-1.320000052
56.12,0,0,0,0,520,2381,1937,1786,-0.050000001,0,0,0,0,0,-177.8500061,-1.320000052
56.13,0,0,0,0,519,2379,1937,1781,-0.02,0,-0.01,0,0,0,-177.8500061,-1.320000052
56.14,0,0,0,0,519,2378,1937,1782,-0.050000001,-0.01,-0.029999999,0,0,0,-177.8500061,-1.320000052
56.15,0,0,0,0,520,2379,1937,1782,0,0,-0.02,0,0,0,-177.8500061,-1.320000052
56.16,0,0,0,0,519,2380,1937,1782,0,0,-0.01,0,0,0,-177.8500061,-1.320000052
56.17,0,0,0,0,520,2379,1937,1782,-0.02,-0.01,0.01,0,0,0,-177.8500061,-1.320000052
56.18,0,0,0,0,519,2382,1937,1786,-0.050000001,0.02,0.02,0,0,0,-177.8500061,-1.320000052
56.19,0,0,0,0,519,2382,1937,1785,-0.050000001,-0.01,0.01,0,0,0,-177.8500061,-1.320000052
56.2,0,0,0,0,520,2382,1937,1786,-0.059999999,0.01,-0.01,0,0,0,-177.8500061,-1.320000052
56.21,0,0,0,0,519,2381,1937,1787,-0.059999999,0,0,0,0,0,-177.8500061,-1.320000052
56.22,0,0,0,0,519,2382,1937,1786,-0.07,0.01,0.01,0,0,0,-177.8500061,-1.320000052
56.23,0,0,0,0,519,2379,1937,1782,-0.029999999,0,0,0,0,0,-177.8500061,-1.320000052
56.24,0,0,0,0,519,2380,1937,1782,-0.01,0,0.029999999,0,0,0,-177.8500061,-1.320000052
56.25,0,0,0,0,520,2379,1937,1781,-0.039999999,-0.01,-0.02,0,0,0,-177.8500061,-1.320000052
56.26,0,0,0,0,519,2379,1937,1782,-0.02,-0.039999999,0.01,0,0,0,-177.8500061,-1.320000052
56.27,0,0,0,0,520,2379,1937,1781,-0.02,-0.059999999,0.01,0,0,0,-177.8500061,-1.320000052
56.28,0,0,0,0,519,2382,1937,1786,0,-0.02,0,0,0,0,-177.8500061,-1.320000052
56.29,0,0,0,0,519,2382,1937,1787,0,-0.039999999,-0.02,0,0,0,-177.8500061,-1.320000052
56.3,0,0,0,0,519,2382,1937,1786,0,0,0,0,0,0,-177.8500061,-1.320000052
56.31,0,0,0,0,520,2383,1937,1786,-0.059999999,0,-0.01,0,0,0,-177.8500061,-1.320000052
56.32,0,0,0,0,519,2382,1937,1786,0,0.029999999,0.01,0,0,0,-177.8500061,-1.320000052
56.33,0,0,0,0,520,2379,1937,1782,-0.059999999,0.02,0,0,0,0,-177.8500061,-1.320000052
56.34,0,0,0,0,519,2379,1937,1781,-0.039999999,0.029999999,0.01,0,0,0,-177.8500061,-1.320000052
56.35,0,0,0,0,520,2378,1937,1782,-0.039999999,0,0.02,0,0,0,-177.8500061,-1.320000052
56.36,0,0,0,0,520,2379,1937,1783,-0.02,0,0.02,0,0,0,-177.8500061,-1.320000052
56.37,0,0,0,0,519,2379,1937,1782,-0.039999999,-0.01,0.039999999,0,0,0,-177.8500061,-1.320000052
56.38,0,0,0,0,520,2382,1937,1786,-0.050000001,-0.01,0,0,0,0,-177.8500061,-1.320000052
56.39,0,0,0,0,519,2383,1937,1786,-0.02,-0.039999999,0,0,0,0,-177.8500061,-1.320000052
56.4,0,0,0,0,520,2383,1937,1785,-0.029999999,-0.01,0.01,0,0,0,-177.8500061,-1.320000052
56.41,0,0,0,0,520,2382,1937,1786,-0.02,0,0.01,0,0,0,-177.8500061,-1.320000052
56.42,0,0,0,0,520,2382,1937,1787,-0.01,0,0.029999999,0,0,0,-177.8500061,-1.320000052
56.43,0,0,0,0,520,2379,1937,1782,0.029999999,0.01,0.039999999,0,0,0,-177.8500061,-1.320000052
56.44,0,0,0,0,520,2379,1937,1782,0.01,0,-0.02,0,0,0,-177.8500061,-1.320000052
56.45,0,0,0,0,520,2379,1937,1782,0.01,0.02,-0.01,0,0,0,-177.8500061,-1.320000052
56.46,0,0,0,0,520,2379,1937,1782,-0.029999999,0.02,0,0,0,0,-177.8500061,-1.320000052
56.47,0,0,0,0,520,2379,1937,1781,-0.039999999,0.02,0,0,0,0,-177.8500061,-1.320000052
56.48,0,0,0,0,520,2382,1937,1786,-0.07,-0.01,0,0,0,0,-177.8500061,-1.320000052
56.49,0,0,0,0,520,2382,1937,1786,-0.079999998,0,0,0,0,0,-177.8500061,-1.320000052
56.5,0,0,0,0,520,2382,1937,1787,-0.079999998,-0.029999999,-0.01,0,0,0,-177.8500061,-1.320000052
56.51,0,0,0,0,520,2382,1937,1787,-0.059999999,-0.02,0.039999999,0,0,0,-177.8500061,-1.320000052
56.52,0,0,0,0,520,2383,1937,1786,-0.050000001,-0.029999999,0,0,0,0,-177.8500061,-1.320000052
56.53,0,0,0,0,520,2379,1937,1781,-0.039999999,-0.02,-0.039999999,0,0,0,-177.8500061,-1.320000052
56.54,0,0,0,0,520,2379,1937,1782,-0.059999999,0.02,-0.039999999,0,0,0,-177.8500061,-1.320000052
56.55,0,0,0,0,520,2379,1937,1781,-0.039999999,0.02,-0.039999999,0,0,0,-177.8500061,-1.320000052
56.56,0,0,0,0,520,2379,1937,1782,0,0.039999999,0,0,0,0,-177.8600006,-1.320000052
56.57,0,0,0,0,520,2379,1937,1783,0,0.050000001,0.039999999,0,0,0,-177.8600006,-1.320000052
56.58,0,0,0,0,520,2382,1937,1787,0.029999999,0,0.050000001,0,0,0,-177.8600006,-1.320000052
56.59,0,0,0,0,520,2382,1937,1787,0.01,0.01,0.109999999,0,0,0,-177.8600006,-1.320000052
56.6,0,0,0,0,520,2383,1937,1786,0.02,0.01,0.059999999,0,0,0,-177.8600006,-1.320000052
56.61,0,0,0,0,520,2382,1937,1785,0,-0.02,0.050000001,0,0,0,-177.8600006,-1.320000052
56.62,0,0,0,0,520,2382,1937,1787,0.01,0,0.039999999,0,0,0,-177.8600006,-1.320000052
56.63,0,0,0,0,520,2378,1937,1786,-0.01,-0.050000001,0,0,0,0,-177.8600006,-1.320000052
56.64,0,0,0,0,520,2378,1937,1782,-0.029999999,-0.02,0.01,0,0,0,-177.8500061,-1.320000052
56.65,0,0,0,0,520,2378,1937,1783,-0.029999999,-0.01,0,0,0,0,-177.8500061,-1.320000052
56.66,0,0,0,0,520,2379,1937,1782,-0.07,0,-0.01,0,0,0,-177.8500061,-1.320000052
56.67,0,0,0,0,520,2379,1937,1782,-0.090000004,0.01,0,0,0,0,-177.8500061,-1.320000052
56.68,0,0,0,0,520,2382,1937,1786,-0.100000002,0.029999999,-0.01,0,0,0,-177.8500061,-1.320000052
56.69,0,0,0,0,520,2382,1937,1786,-0.119999997,0.02,-0.07,0,0,0,-177.8500061,-1.320000052
56.7,0,0,0,0,520,2382,1937,1785,-0.079999998,0,-0.029999999,0,0,0,-177.8500061,-1.320000052
56.71,0,0,0,0,520,2382,1937,1786,-0.100000002,0,0,0,0,0,-177.8500061,-1.320000052
56.72,0,0,0,0,520,2382,1937,1786,-0.039999999,-0.01,0,0,0,0,-177.8500061,-1.320000052
56.73,0,0,0,0,520,2379,1937,1782,-0.01,0,0,0,0,0,-177.8500061,-1.320000052
56.74,0,0,0,0,520,2379,1937,1782,0.01,-0.01,0,0,0,0,-177.8600006,-1.320000052
56.75,0,0,0,0,520,2379,1937,1782,0.029999999,0.02,0.02,0,0,0,-177.8600006,-1.320000052
56.76,0,0,0,0,520,2379,1937,1781,0.029999999,0.029999999,-0.02,0,0,0,-177.8600006,-1.320000052
56.77,0,0,0,0,520,2379,1937,1782,0.039999999,0.01,0.01,0,0,0,-177.8600006,-1.320000052
56.78,0,0,0,0,520,2381,1937,1787,0.02,0,0,0,0,0,-177.8600006,-1.320000052
56.79,0,0,0,0,520,2382,1937,1786,0,0.02,0.01,0,0,0,-177.8500061,-1.320000052
56.8,0,0,0,0,520,2382,1937,1787,-0.050000001,0,0.01,0,0,0,-177.8500061,-1.320000052
56.81,0,0,0,0,520,2382,1937,1786,-0.039999999,0,0.01,0,0,0,-177.8500061,-1.320000052
56.82,0,0,0,0,520,2383,1937,1786,-0.059999999,-0.01,0.01,0,0,0,-177.8500061,-1.320000052
56.83,0,0,0,0,520,2379,1937,1781,-0.050000001,0.01,0.029999999,0,0,0,-177.8500061,-1.320000052
56.84,0,0,0,0,520,2378,1937,1782,-0.050000001,0,0,0,0,0,-177.8500061,-1.320000052
56.85,0,0,0,0,520,2379,1937,1782,-0.050000001,0.01,0.01,0,0,0,-177.8500061,-1.320000052
56.86,0,0,0,0,520,2378,1937,1782,-0.059999999,0,0,0,0,0,-177.8500061,-1.320000052
56.87,0,0,0,0,520,2379,1937,1783,-0.090000004,0.039999999,0.02,0,0,0,-177.8500061,-1.320000052
56.88,0,0,0,0,520,2383,1937,1787,-0.109999999,0,-0.01,0,0,0,-177.8500061,-1.320000052
56.89,0,0,0,0,520,2382,1937,1786,-0.100000002,-0.01,0.01,0,0,0,-177.8500061,-1.320000052
56.9,0,0,0,0,520,2383,1937,1786,-0.100000002,0.01,-0.01,0,0,0,-177.8500061,-1.320000052
56.91,0,0,0,0,520,2382,1937,1785,-0.029999999,0.02,0,0,0,0,-177.8500061,-1.320000052
56.92,0,0,0,0,520,2382,1937,1786,0,0,0,0,0,0,-177.8600006,-1.320000052
56.93,0,0,0,0,520,2377,1937,1782,0.01,0,-0.02,0,0,0,-177.8600006,-1.320000052
56.94,0,0,0,0,520,2378,1937,1782,0.039999999,0,0,0,0,0,-177.8600006,-1.320000052
56.95,0,0,0,0,520,2378,1937,1782,0.02,-0.02,0,0,0,0,-177.8600006,-1.320000052
56.96,0,0,0,0,520,2380,1937,1782,0,-0.01,0,0,0,0,-177.8600006,-1.320000052
56.97,0,0,0,0,520,2379,1937,1782,-0.02,-0.02,-0.01,0,0,0,-177.8600006,-1.320000052
56.98,0,0,0,0,520,2382,1937,1786,-0.02,0,-0.050000001,0,0,0,-177.8500061,-1.320000052
56.99,0,0,0,0,520,2381,1937,1786,-0.079999998,-0.01,-0.02,0,0,0,-177.8500061,-1.320000052
57,0,0,0,0,520,2382,1937,1786,-0.039999999,0.02,0,0,0,0,-177.8500061,-1.320000052
57.01,0,0,0,0,520,2381,1937,1787,-0.059999999,0.01,-0.02,0,0,0,-177.8500061,-1.309999943
57.02,0,0,0,0,520,2382,1937,1787,-0.039999999,0.01,0,0,0,0,-177.8500061,-1.320000052
57.03,0,0,0,0,520,2379,1937,1785,-0.07,0,-0.01,0,0,0,-177.8500061,-1.309999943
57.04,0,0,0,0,520,2378,1937,1781,-0.059999999,0,0.029999999,0,0,0,-177.8500061,-1.309999943
57.05,0,0,0,0,520,2378,1937,1782,-0.029999999,0.029999999,0.029999999,0,0,0,-177.8500061,-1.309999943
57.06,0,0,0,0,520,2378,1937,1782,-0.029999999,0.01,0.039999999,0,0,0,-177.8500061,-1.309999943
57.07,0,0,0,0,520,2378,1937,1782,-0.039999999,0,0.02,0,0,0,-177.8500061,-1.309999943
57.08,0,0,0,0,520,2381,1937,1786,-0.029999999,-0.01,0.02,0,0,0,-177.8500061,-1.309999943
57.09,0,0,0,0,520,2382,1937,1786,-0.029999999,0,0.01,0,0,0,-177.8500061,-1.309999943
57.1,0,0,0,0,520,2382,1937,1786,-0.050000001,0,0,0,0,0,-177.8500061,-1.309999943
57.11,0,0,0,0,520,2382,1937,1786,-0.01,0,-0.029999999,0,0,0,-177.8500061,-1.320000052
57.12,0,0,0,0,520,2382,1937,1785,-0.050000001,0,0,0,0,0,-177.8500061,-1.320000052
57.13,0,0,0,0,520,2378,1937,1782,-0.039999999,0.029999999,0.01,0,0,0,-177.8500061,-1.309999943
57.14,0,0,0,0,520,2377,1937,1782,-0.050000001,0.02,-0.029999999,0,0,0,-177.8500061,-1.320000052
57.15,0,0,0,0,520,2378,1937,1782,-0.01,0,-0.050000001,0,0,0,-177.8500061,-1.320000052
57.16,0,0,0,0,520,2378,1937,1782,-0.050000001,0,-0.02,0,0,0,-177.8600006,-1.309999943
57.17,0,0,0,0,520,2379,1937,1782,-0.029999999,0.01,0,0,0,0,-177.8600006,-1.309999943
57.18,0,0,0,0,521,2382,1937,1785,-0.029999999,-0.01,0,0,0,0,-177.8600006,-1.320000052
57.19,0,0,0,0,521,2381,1937,1785,-0.01,0,0.01,0,0,0,-177.8600006,-1.309999943
57.2,0,0,0,0,521,2381,1937,1785,-0.01,-0.02,0,0,0,0,-177.8600006,-1.309999943
57.21,0,0,0,0,521,2381,1937,1785,-0.01,0.01,0.02,0,0,0,-177.8500061,-1.309999943
57.22,0,0,0,0,521,2381,1937,1786,-0.039999999,-0.02,-0.02,0,0,0,-177.8500061,-1.309999943
57.23,0,0,0,0,521,2378,1937,1782,-0.059999999,0,-0.01,0,0,0,-177.8500061,-1.309999943
57.24,0,0,0,0,521,2379,1937,1782,-0.07,0.02,0.029999999,0,0,0,-177.8500061,-1.309999943
57.25,0,0,0,0,521,2379,1937,1781,-0.029999999,0,0.01,0,0,0,-177.8500061,-1.309999943
57.26,0,0,0,0,521,2379,1937,1782,-0.02,0,0.02,0,0,0,-177.8500061,-1.309999943
57.27,0,0,0,0,521,2381,1937,1781,-0.01,0,0.039999999,0,0,0,-177.8500061,-1.309999943
57.28,0,0,0,0,521,2382,1937,1785,-0.01,0,-0.01,0,0,0,-177.8500061,-1.309999943
57.29,0,0,0,0,521,2381,1937,1787,-0.01,-0.01,0.02,0,0,0,-177.8500061,-1.309999943
57.3,0,0,0,0,521,2381,1937,1786,-0.02,-0.01,0.01,0,0,0,-177.8500061,-1.309999943
57.31,0,0,0,0,521,2382,1937,1786,-0.02,0,-0.02,0,0,0,-177.8500061,-1.309999943
57.32,0,0,0,0,521,2382,1937,1786,-0.01,-0.02,-0.02,0,0,0,-177.8500061,-1.309999943
57.33,0,0,0,0,521,2379,1937,1782,-0.01,0,-0.029999999,0,0,0,-177.8500061,-1.309999943
57.34,0,0,0,0,521,2378,1937,1782,-0.02,-0.029999999,-0.029999999,0,0,0,-177.8500061,-1.309999943
57.35,0,0,0,0,521,2378,1937,1782,0.01,0,0.029999999,0,0,0,-177.8500061,-1.309999943
57.36,0,0,0,0,521,2378,1937,1781,0,0,0.029999999,0,0,0,-177.8500061,-1.309999943
57.37,0,0,0,0,521,2378,1937,1782,-0.01,0.01,0.050000001,0,0,0,-177.8500061,-1.309999943
57.38,0,0,0,0,521,2381,1937,1786,-0.059999999,0,0.02,0,0,0,-177.8500061,-1.309999943
57.39,0,0,0,0,521,2382,1937,1787,-0.050000001,0.039999999,0.029999999,0,0,0,-177.8500061,-1.309999943
57.4,0,0,0,0,521,2382,1937,1786,-0.090000004,0.01,0,0,0,0,-177.8500061,-1.309999943
57.41,0,0,0,0,521,2383,1937,1786,-0.059999999,-0.01,0.01,0,0,0,-177.8500061,-1.309999943
57.42,0,0,0,0,521,2382,1937,1785,-0.079999998,-0.039999999,-0.02,0,0,0,-177.8500061,-1.309999943
57.43,0,0,0,0,521,2381,1937,1781,-0.090000004,-0.029999999,-0.02,0,0,0,-177.8500061,-1.309999943
57.44,0,0,0,0,521,2377,1937,1781,-0.07,-0.02,-0.07,0,0,0,-177.8500061,-1.309999943
57.45,0,0,0,0,521,2378,1937,1782,-0.039999999,-0.01,-0.050000001,0,0,0,-177.8500061,-1.309999943
57.46,0,0,0,0,521,2378,1937,1783,0.01,0.02,-0.039999999,0,0,0,-177.8500061,-1.309999943
57.47,0,0,0,0,521,2382,1937,1781,0,0.029999999,-0.039999999,0,0,0,-177.8500061,-1.309999943
57.48,0,0,0,0,521,2382,1937,1785,0.029999999,0,0.039999999,0,0,0,-177.8500061,-1.309999943
57.49,0,0,0,0,521,2382,1937,1786,0.01,0.029999999,0.059999999,0,0,0,-177.8500061,-1.309999943
57.5,0,0,0,0,521,2381,1937,1786,0,0.01,0.07,0,0,0,-177.8500061,-1.309999943
57.51,0,0,0,0,521,2382,1937,1786,-0.02,-0.02,0.059999999,0,0,0,-177.8500061,-1.309999943
57.52,0,0,0,0,521,2382,1937,1786,-0.050000001,-0.029999999,0.059999999,0,0,0,-177.8500061,-1.309999943
57.53,0,0,0,0,521,2380,1937,1782,-0.100000002,-0.059999999,0,0,0,0,-177.8500061,-1.309999943
57.54,0,0,0,0,521,2378,1937,1781,-0.059999999,-0.029999999,0,0,0,0,-177.8500061,-1.309999943
57.55,0,0,0,0,521,2378,1937,1781,-0.090000004,-0.050000001,-0.059999999,0,0,0,-177.8500061,-1.309999943
57.56,0,0,0,0,521,2377,1937,1782,0,-0.039999999,0,0,0,0,-177.8500061,-1.309999943
57.57,0,0,0,0,521,2378,1937,1782,0,0,0,0,0,0,-177.8500061,-1.309999943
57.58,0,0,0,0,521,2381,1937,1786,0.029999999,0.01,-0.029999999,0,0,0,-177.8500061,-1.309999943
57.59,0,0,0,0,521,2382,1937,1786,0.029999999,0.050000001,0.01,0,0,0,-177.8500061,-1.309999943
57.6,0,0,0,0,521,2381,1937,1785,0.01,0.050000001,0.050000001,0,0,0,-177.8500061,-1.309999943
57.61,0,0,0,0,521,2381,1937,1785,-0.050000001,0.029999999,0.07,0,0,0,-177.8500061,-1.309999943
57.62,0,0,0,0,521,2381,1937,1787,-0.07,0.01,0.01,0,0,0,-177.8500061,-1.309999943
57.63,0,0,0,0,521,2379,1937,1782,-0.090000004,0.01,0,0,0,0,-177.8500061,-1.309999943
57.64,0,0,0,0,521,2379,1937,1782,-0.079999998,-0.029999999,0,0,0,0,-177.8500061,-1.309999943
57.65,0,0,0,0,521,2378,1937,1781,-0.039999999,-0.01,-0.01,0,0,0,-177.8500061,-1.309999943
57.66,0,0,0,0,521,2378,1937,1782,-0.059999999,-0.01,-0.02,0,0,0,-177.8500061,-1.309999943
57.67,0,0,0,0,521,2381,1937,1782,0.01,-0.01,-0.02,0,0,0,-177.8500061,-1.309999943
57.68,0,0,0,0,521,2381,1937,1787,0,0,-0.039999999,0,0,0,-177.8500061,-1.309999943
57.69,0,0,0,0,521,2382,1937,1786,0.01,0.07,0.01,0,0,0,-177.8500061,-1.309999943
57.7,0,0,0,0,521,2382,1937,1786,0.01,0.050000001,-0.039999999,0,0,0,-177.8500061,-1.309999943
57.71,0,0,0,0,521,2382,1937,1785,0.01,0.029999999,-0.039999999,0,0,0,-177.8500061,-1.309999943
57.72,0,0,0,0,521,2381,1937,1785,0.01,0.02,0.02,0,0,0,-177.8500061,-1.309999943
57.73,0,0,0,0,521,2379,1937,1781,0,0.01,0.090000004,0,0,0,-177.8500061,-1.309999943
57.74,0,0,0,0,521,2378,1937,1781,-0.029999999,-0.039999999,0.059999999,0,0,0,-177.8500061,-1.309999943
57.75,0,0,0,0,521,2378,1937,1782,-0.029999999,-0.090000004,0.039999999,0,0,0,-177.8500061,-1.309999943
57.76,0,0,0,0,521,2379,1937,1782,-0.079999998,-0.100000002,0.029999999,0,0,0,-177.8500061,-1.309999943
57.77,0,0,0,0,521,2379,1937,1781,-0.100000002,-0.079999998,-0.01,0,0,0,-177.8500061,-1.309999943
57.78,0,0,0,0,522,2382,1937,1786,-0.100000002,-0.039999999,-0.039999999,0,0,0,-177.8500061,-1.309999943
57.79,0,0,0,0,521,2381,1937,1785,-0.090000004,-0.050000001,-0.039999999,0,0,0,-177.8500061,-1.309999943
57.8,0,0,0,0,521,2382,1937,1786,-0.050000001,0.029999999,-0.029999999,0,0,0,-177.8500061,-1.309999943
57.81,0,0,0,0,521,2381,1937,1786,-0.059999999,0.039999999,-0.07,0,0,0,-177.8500061,-1.309999943
57.82,0,0,0,0,522,2381,1937,1786,0,0.059999999,0.02,0,0,0,-177.8500061,-1.309999943
57.83,0,0,0,0,521,2378,1937,1783,-0.01,0.050000001,0.02,0,0,0,-177.8500061,-1.309999943
57.84,0,0,0,0,521,2379,1937,1782,0,0.07,0.059999999,0,0,0,-177.8500061,-1.309999943
57.85,0,0,0,0,521,2379,1937,1781,0,0.029999999,0.039999999,0,0,0,-177.8500061,-1.309999943
57.86,0,0,0,0,521,2379,1937,1782,0,0.029999999,0.039999999,0,0,0,-177.8500061,-1.309999943
57.87,0,0,0,0,521,2378,1937,1781,0,-0.01,0.01,0,0,0,-177.8500061,-1.309999943
57.88,0,0,0,0,521,2381,1937,1785,0,-0.01,-0.01,0,0,0,-177.8500061,-1.309999943
57.89,0,0,0,0,521,2381,1937,1787,-0.02,-0.01,-0.01,0,0,0,-177.8500061,-1.309999943
57.9,0,0,0,0,521,2382,1937,1786,-0.039999999,-0.029999999,-0.029999999,0,0,0,-177.8500061,-1.309999943
57.91,0,0,0,0,521,2382,1937,1786,-0.039999999,-0.029999999,-0.039999999,0,0,0,-177.8500061,-1.309999943
57.92,0,0,0,0,521,2382,1937,1785,-0.07,-0.029999999,-0.01,0,0,0,-177.8500061,-1.309999943
57.93,0,0,0,0,521,2378,1937,1781,-0.050000001,0.02,0.029999999,0,0,0,-177.8500061,-1.309999943
57.94,0,0,0,0,522,2378,1937,1781,-0.07,-0.01,-0.02,0,0,0,-177.8500061,-1.309999943
57.95,0,0,0,0,522,2378,1937,1782,-0.029999999,-0.01,-0.01,0,0,0,-177.8500061,-1.309999943
57.96,0,0,0,0,522,2378,1937,1783,-0.039999999,-0.01,0,0,0,0,-177.8500061,-1.309999943
57.97,0,0,0,0,521,2378,1937,1783,-0.039999999,0,0.02,0,0,0,-177.8500061,-1.309999943
57.98,0,0,0,0,522,2382,1937,1786,-0.01,-0.029999999,0.01,0,0,0,-177.8500061,-1.309999943
57.99,0,0,0,0,521,2382,1937,1786,0.01,0.02,0.039999999,0,0,0,-177.8500061,-1.309999943
58,0,0,0,0,522,2381,1937,1786,-0.02,0,0.039999999,0,0,0,-177.8500061,-1.309999943
58.01,0,0,0,0,521,2381,1937,1785,0,0.02,0.050000001,0,0,0,-177.8500061,-1.309999943
58.02,0,0,0,0,521,2381,1937,1786,-0.050000001,-0.029999999,-0.01,0,0,0,-177.8500061,-1.309999943
58.03,0,0,0,0,521,2378,1937,1782,-0.039999999,0.01,-0.01,0,0,0,-177.8500061,-1.309999943
58.04,0,0,0,0,521,2378,1937,1783,-0.079999998,0,0,0,0,0,-177.8500061,-1.309999943
58.05,0,0,0,0,521,2379,1937,1782,-0.059999999,0,-0.029999999,0,0,0,-177.8500061,-1.309999943
58.06,0,0,0,0,521,2379,1937,1782,-0.050000001,0,0,0,0,0,-177.8500061,-1.309999943
58.07,0,0,0,0,522,2378,1937,1781,-0.050000001,0,0.029999999,0,0,0,-177.8500061,-1.309999943
58.08,0,0,0,0,521,2381,1937,1786,-0.029999999,0.02,0.029999999,0,0,0,-177.8500061,-1.309999943
58.09,0,0,0,0,521,2382,1937,1785,-0.01,0,0.050000001,0,0,0,-177.8500061,-1.309999943
58.1,0,0,0,0,521,2381,1937,1786,-0.01,0.02,0,0,0,0,-177.8500061,-1.309999943
58.11,0,0,0,0,521,2381,1937,1786,0,0.01,0,0,0,0,-177.8500061,-1.309999943
58.12,0,0,0,0,521,2382,1937,1786,0,0.01,0.01,0,0,0,-177.8500061,-1.309999943
58.13,0,0,0,0,521,2378,1937,1781,-0.02,0,0.01,0,0,0,-177.8500061,-1.309999943
58.14,0,0,0,0,521,2379,1937,1781,0,0,0.02,0,0,0,-177.8500061,-1.309999943
58.15,0,0,0,0,522,2378,1937,1781,-0.02,-0.039999999,0.01,0,0,0,-177.8500061,-1.309999943
58.16,0,0,0,0,522,2378,1937,1782,-0.02,-0.01,0.02,0,0,0,-177.8500061,-1.309999943
58.17,0,0,0,0,522,2377,1937,1782,-0.039999999,-0.029999999,0,0,0,0,-177.8500061,-1.309999943
58.18,0,0,0,0,521,2381,1937,1786,-0.039999999,0.02,-0.029999999,0,0,0,-177.8500061,-1.309999943
58.19,0,0,0,0,522,2381,1937,1787,-0.039999999,-0.01,-0.039999999,0,0,0,-177.8500061,-1.309999943
58.2,0,0,0,0,521,2382,1937,1786,0,0.01,-0.029999999,0,0,0,-177.8500061,-1.309999943
58.21,0,0,0,0,522,2382,1937,1785,-0.01,0,-0.02,0,0,0,-177.8500061,-1.309999943
58.22,0,0,0,0,522,2382,1937,1785,-0.029999999,0,0.02,0,0,0,-177.8500061,-1.309999943
58.23,0,0,0,0,522,2378,1937,1781,-0.02,-0.029999999,0.029999999,0,0,0,-177.8500061,-1.309999943
58.24,0,0,0,0,522,2378,1937,1781,0,-0.01,0.029999999,0,0,0,-177.8500061,-1.309999943
58.25,0,0,0,0,521,2378,1937,1782,-0.050000001,-0.029999999,0.01,0,0,0,-177.8500061,-1.309999943
58.26,0,0,0,0,521,2378,1937,1782,-0.07,0,0.029999999,0,0,0,-177.8500061,-1.309999943
58.27,0,0,0,0,522,2379,1937,1782,-0.07,0.01,0.039999999,0,0,0,-177.8500061,-1.309999943
58.28,0,0,0,0,522,2382,1937,1785,-0.039999999,0,0.039999999,0,0,0,-177.8500061,-1.309999943
58.29,0,0,0,0,522,2382,1937,1786,-0.050000001,0.02,0,0,0,0,-177.8500061,-1.309999943
