Time,FLrpm,FRrpm,RLrpm,RRrpm,Ax,Ay,Az,RollR,PitchR,YawR,Steer
0,0,0,0,0,0.059999999,-0.050000001,0,0,0,0,8
0.01,0,0,0,0,0.059999999,-0.050000001,0,0,0,0,8
0.02,0,0,0,0,-0.07,-0.02,0.050000001,0,0,0,8
0.03,0,0,0,0,-0.079999998,0.100000002,0.180000007,0,0,0,8
0.04,0,0,0,0,-0.07,0.07,0.059999999,0,0,0,8
0.05,0,0,0,0,0.029999999,-0.050000001,0.07,0,0,0,8
0.06,0,0,0,0,0.050000001,-0.050000001,-0.02,0,0,0,8
0.07,0,0,0,0,0.02,-0.029999999,-0.029999999,0,0,0,8
0.08,0,0,0,0,0,0,0.090000004,0,0,0,8
0.09,0,0,0,0,-0.07,0.090000004,0.119999997,0,0,0,8
0.1,0,0,0,0,0,0.050000001,0.100000002,0,0,0,8
0.11,0,0,0,0,0.039999999,0,0.01,0,0,0,8
0.12,0,0,0,0,0.07,-0.079999998,-0.039999999,0,0,0,8
0.13,0,0,0,0,0.059999999,-0.07,-0.02,0,0,0,8
0.14,0,0,0,0,-0.029999999,-0.029999999,0.029999999,0,0,0,8
0.15,0,0,0,0,-0.039999999,0.039999999,0.150000006,0,0,0,8
0.16,0,0,0,0,-0.07,0.07,0.100000002,0,0,0,8
0.17,0,0,0,0,-0.01,-0.01,0.090000004,0,0,0,8
0.18,0,0,0,0,0.039999999,-0.07,-0.01,0,0,0,8
0.19,0,0,0,0,0,-0.059999999,0,0,0,0,8
0.2,0,0,0,0,-0.01,0,0.100000002,0,0,0,8
0.21,0,0,0,0,-0.07,0.059999999,0.100000002,0,0,0,8
0.22,0,0,0,0,-0.039999999,0.079999998,0.079999998,0,0,0,8
0.23,0,0,0,0,-0.02,0.039999999,0.039999999,0,0,0,8
0.24,0,0,0,0,0.039999999,-0.02,0,0,0,0,8
0.25,0,0,0,0,0.079999998,-0.050000001,-0.059999999,0,0,0,8
0.26,0,0,0,0,0,-0.050000001,0.01,0,0,0,8
0.27,0,0,0,0,-0.029999999,0.01,0.100000002,0,0,0,8
0.28,0,0,0,0,-0.07,0.090000004,0.109999999,0,0,0,8
0.29,0,0,0,0,-0.01,0.039999999,0.079999998,0,0,0,8
0.3,0,0,0,0,0.029999999,-0.029999999,0.01,0,0,0,8
0.31,0,0,0,0,0.059999999,-0.059999999,0.02,0,0,0,8
0.32,0,0,0,0,0.059999999,-0.029999999,0.140000001,0,0,0,8
0.33,0,0,0,0,-0.039999999,0.02,0.159999996,0,0,0,8
0.34,0,0,0,0,-0.050000001,0.07,0.090000004,0,0,0,8
0.35,0,0,0,0,-0.02,0.039999999,-0.059999999,0,0,0,8
0.36,0,0,0,0,0.059999999,-0.029999999,0.01,0,0,0,8
0.37,0,0,0,0,0.029999999,-0.029999999,0,0,0,0,8
0.38,0,0,0,0,-0.01,-0.02,0.090000004,0,0,0,8
0.39,0,0,0,0,-0.039999999,0.01,0.050000001,0,0,0,8
0.4,0,0,0,0,-0.07,0.059999999,-0.039999999,0,0,0,8
0.41,0,0,0,0,0,0.01,-0.029999999,0,0,0,8
0.42,0,0,0,0,0.01,0,-0.02,0,0,0,8
0.43,0,0,0,0,0.050000001,-0.090000004,0.050000001,0,0,0,8
0.44,0,0,0,0,0,-0.02,0.129999995,0,0,0,8
0.45,0,0,0,0,-0.029999999,-0.01,0.109999999,0,0,0,8
0.46,0,0,0,0,-0.090000004,0.059999999,0.090000004,0,0,0,8
0.47,0,0,0,0,-0.079999998,0.059999999,-0.02,0,0,0,8
0.48,0,0,0,0,0.01,-0.01,0.100000002,0,0,0,8
0.49,0,0,0,0,0.02,-0.029999999,0.07,0,0,0,8
0.5,0,0,0,0,0.07,-0.02,0.180000007,0,0,0,8
0.51,0,0,0,0,-0.01,0.02,0.200000003,0,0,0,8
0.52,0,0,0,0,-0.029999999,0.039999999,0.059999999,0,0,0,8
0.53,0,0,0,0,0.01,0.029999999,-0.01,0,0,0,8
0.54,0,0,0,0,0.059999999,0,-0.090000004,0,0,0,8
0.55,0,0,0,0,0.129999995,-0.079999998,0.050000001,0,0,0,8
0.56,0,0,0,0,0.050000001,-0.109999999,0.059999999,0,0,0,8
0.57,0,0,0,0,0,-0.039999999,0.150000006,0,0,0,8
0.58,0,0,0,0,-0.029999999,0.02,0.07,0,0,0,8
0.59,0,0,0,0,-0.07,0.100000002,-0.02,0,0,0,8
0.6,0,0,0,0,-0.01,-0.01,0,0,0,0,8
0.61,0,0,0,0,0,-0.01,0.050000001,0,0,0,8
0.62,0,0,0,0,0,-0.039999999,0.140000001,0,0,0,8
0.63,0,0,0,0,-0.07,0.039999999,0.189999998,0,0,0,8
0.64,0,0,0,0,-0.07,0.090000004,0.100000002,0,0,0,8
0.65,0,0,0,0,-0.050000001,0.129999995,0.02,0,0,0,8
0.66,0,0,0,0,0,0.039999999,-0.039999999,0,0,0,8
0.67,0,0,0,0,0.07,-0.039999999,0.059999999,0,0,0,8
0.68,0,0,0,0,0.02,-0.050000001,0.079999998,0,0,0,8
0.69,0,0,0,0,0.01,-0.050000001,0.109999999,0,0,0,8
0.7,0,0,0,0,-0.059999999,0,0.039999999,0,0,0,8
0.71,0,0,0,0,-0.039999999,-0.01,-0.050000001,0,0,0,8
0.72,0,0,0,0,0.02,-0.01,-0.07,0,0,0,8
0.73,0,0,0,0,0.050000001,-0.050000001,-0.07,0,0,0,8
0.74,0,0,0,0,0.079999998,-0.090000004,0.07,0,0,0,8
0.75,0,0,0,0,0,-0.029999999,0.100000002,0,0,0,8
0.76,0,0,0,0,-0.01,0,0.140000001,0,0,0,8
0.77,0,0,0,0,-0.050000001,0.100000002,0.039999999,0,0,0,8
0.78,0,0,0,0,-0.02,0.079999998,-0.059999999,0,0,0,8
0.79,0,0,0,0,0.050000001,0.01,0,0,0,0,8
0.8,0,0,0,0,0.01,-0.01,0.01,0,0,0,8
0.81,0,0,0,0,0,-0.01,0.129999995,0,0,0,8
0.82,0,0,0,0,-0.039999999,0.059999999,0.07,0,0,0,8
0.83,0,0,0,0,-0.07,0.079999998,0.07,0,0,0,8
0.84,0,0,0,0,-0.059999999,0.07,-0.039999999,0,0,0,8
0.85,0,0,0,0,0.01,0,-0.029999999,0,0,0,8
0.86,0,0,0,0,0.039999999,-0.07,0.079999998,0,0,0,8
0.87,0,0,0,0,0.01,-0.039999999,0.079999998,0,0,0,8
0.88,0,0,0,0,-0.02,-0.029999999,0.159999996,0,0,0,8
0.89,0,0,0,0,-0.07,0.029999999,0.119999997,0,0,0,8
0.9,0,0,0,0,-0.039999999,0.01,-0.039999999,0,0,0,8
0.91,0,0,0,0,0.029999999,-0.039999999,0.02,0,0,0,8
0.92,0,0,0,0,0.07,-0.100000002,-0.050000001,0,0,0,8
0.93,0,0,0,0,0.039999999,-0.090000004,0.059999999,0,0,0,8
0.94,0,0,0,0,-0.01,-0.01,0.07,0,0,0,8
0.95,0,0,0,0,-0.039999999,0.01,0.109999999,0,0,0,8
0.96,0,0,0,0,-0.050000001,0.059999999,0.07,0,0,0,8
0.97,0,0,0,0,0.02,0.029999999,0,0,0,0,8
0.98,0,0,0,0,0.059999999,-0.039999999,0,0,0,0,8
0.99,0,0,0,0,0.02,-0.050000001,0,0,0,0,8
1,0,0,0,0,0.01,-0.02,0.079999998,0,0,0,8
1.01,0,0,0,0,-0.029999999,0.059999999,0.100000002,0,0,0,8
1.02,0,0,0,0,-0.039999999,0.039999999,0.050000001,0,0,0,8
1.03,0,0,0,0,0.02,0.01,0.050000001,0,0,0,8
1.04,0,0,0,0,0.029999999,-0.02,0.029999999,0,0,0,8
1.05,0,0,0,0,0.050000001,-0.07,-0.029999999,0,0,0,8
1.06,0,0,0,0,0,-0.02,0.090000004,0,0,0,8
1.07,0,0,0,0,-0.059999999,0.039999999,0.090000004,0,0,0,8
1.08,0,0,0,0,-0.079999998,0.07,0.109999999,0,0,0,8
1.09,0,0,0,0,-0.029999999,0.029999999,0.039999999,0,0,0,8
1.1,0,0,0,0,0.039999999,-0.050000001,-0.02,0,0,0,8
1.11,0,0,0,0,0.029999999,-0.07,-0.029999999,0,0,0,8
1.12,0,0,0,0,0.029999999,-0.050000001,0.039999999,0,0,0,8
1.13,0,0,0,0,-0.050000001,0.029999999,0.140000001,0,0,0,8
1.14,0,0,0,0,-0.050000001,0.059999999,0.119999997,0,0,0,8
1.15,0,0,0,0,0,0,0.090000004,0,0,0,8
1.16,0,0,0,0,0.07,-0.039999999,0,0,0,0,8
1.17,0,0,0,0,0.079999998,-0.050000001,-0.029999999,0,0,0,8
1.18,0,0,0,0,0.01,-0.02,0.029999999,0,0,0,8
1.19,0,0,0,0,-0.02,0,0.129999995,0,0,0,8
1.2,0,0,0,0,-0.059999999,0.079999998,0.129999995,0,0,0,8
1.21,0,0,0,0,-0.039999999,0.02,0.050000001,0,0,0,8
1.22,0,0,0,0,0,-0.02,0.029999999,0,0,0,8
1.23,0,0,0,0,0,-0.07,-0.07,0,0,0,8
1.24,0,0,0,0,0.02,-0.079999998,0.01,0,0,0,8
1.25,0,0,0,0,-0.01,0.01,0.059999999,0,0,0,8
1.26,0,0,0,0,-0.059999999,0.029999999,0.129999995,0,0,0,8
1.27,0,0,0,0,-0.02,0.059999999,0.079999998,0,0,0,8
1.28,0,0,0,0,0.029999999,0,0.029999999,0,0,0,8
1.29,0,0,0,0,0.050000001,-0.02,0,0,0,0,8
1.3,0,0,0,0,0.029999999,-0.02,-0.059999999,0,0,0,8
1.31,0,0,0,0,-0.050000001,0.07,0.129999995,0,0,0,8
1.32,0,0,0,0,-0.050000001,0.07,0.129999995,0,0,0,8
1.33,0,0,0,0,-0.090000004,0.07,0.079999998,0,0,0,8
1.34,0,0,0,0,0.01,0,0.039999999,0,0,0,8
1.35,0,0,0,0,0.039999999,-0.079999998,-0.039999999,0,0,0,8
1.36,0,0,0,0,0.02,-0.059999999,0,0,0,0,8
1.37,0,0,0,0,-0.02,-0.02,0.050000001,0,0,0,8
1.38,0,0,0,0,-0.059999999,0.02,0.129999995,0,0,0,8
1.39,0,0,0,0,-0.059999999,0.07,0.079999998,0,0,0,8
1.4,0,0,0,0,0,0,0.02,0,0,0,8
1.41,0,0,0,0,0.07,-0.059999999,0,0,0,0,8
1.42,0,0,0,0,0.039999999,-0.079999998,-0.090000004,0,0,0,8
1.43,0,0,0,0,0.02,-0.029999999,0.02,0,0,0,8
1.44,0,0,0,0,-0.059999999,0.029999999,0.079999998,0,0,0,8
1.45,0,0,0,0,-0.050000001,0.029999999,0.129999995,0,0,0,8
1.46,0,0,0,0,0,0.039999999,0.129999995,0,0,0,8
1.47,0,0,0,0,0.039999999,-0.039999999,0,0,0,0,8
1.48,0,0,0,0,0.07,-0.07,0,0,0,0,8
1.49,0,0,0,0,0,-0.01,0.050000001,0,0,0,8
1.5,0,0,0,0,-0.029999999,0.02,0.100000002,0,0,0,8
1.51,0,0,0,0,-0.07,0.100000002,0.090000004,0,0,0,8
1.52,0,0,0,0,-0.039999999,0.059999999,0.090000004,0,0,0,8
1.53,0,0,0,0,0.039999999,-0.02,0,0,0,0,8
1.54,0,0,0,0,0,-0.039999999,-0.07,0,0,0,8
1.55,0,0,0,0,0.01,-0.029999999,0.01,0,0,0,8
1.56,0,0,0,0,-0.079999998,0.01,0.079999998,0,0,0,8
1.57,0,0,0,0,-0.050000001,0.039999999,0.119999997,0,0,0,8
1.58,0,0,0,0,-0.01,0.079999998,0.090000004,0,0,0,8
1.59,0,0,0,0,0.029999999,-0.059999999,0,0,0,0,8
1.6,0,0,0,0,0.109999999,-0.07,0,0,0,0,8
1.61,0,0,0,0,0.029999999,-0.059999999,0,0,0,0,8
1.62,0,0,0,0,0,-0.01,0.140000001,0,0,0,8
1.63,0,0,0,0,-0.029999999,0.059999999,0.140000001,0,0,0,8
1.64,0,0,0,0,-0.02,0.029999999,0.050000001,0,0,0,8
1.65,0,0,0,0,0.029999999,0.01,0,0,0,0,8
1.66,0,0,0,0,0.039999999,-0.050000001,-0.050000001,0,0,0,8
1.67,0,0,0,0,0.039999999,-0.050000001,0,0,0,0,8
1.68,0,0,0,0,-0.059999999,0,0.109999999,0,0,0,8
1.69,0,0,0,0,-0.050000001,0.02,0.129999995,0,0,0,8
1.7,0,0,0,0,-0.07,0.059999999,0.059999999,0,0,0,8
1.71,0,0,0,0,0,0,-0.01,0,0,0,8
1.72,0,0,0,0,0.029999999,-0.059999999,-0.02,0,0,0,8
1.73,0,0,0,0,0.029999999,-0.07,0.029999999,0,0,0,8
1.74,0,0,0,0,0.01,-0.02,0.119999997,0,0,0,8
1.75,0,0,0,0,-0.029999999,0.07,0.090000004,0,0,0,8
1.76,0,0,0,0,-0.029999999,0.059999999,0.07,0,0,0,8
1.77,0,0,0,0,0.01,0,0,0,0,0,8
1.78,0,0,0,0,0.050000001,-0.029999999,0,0,0,0,8
1.79,0,0,0,0,0.059999999,-0.050000001,0.07,0,0,0,8
1.8,0,0,0,0,0,-0.02,0.07,0,0,0,8
1.81,0,0,0,0,-0.039999999,0.02,0.100000002,0,0,0,8
1.82,0,0,0,0,-0.079999998,0.07,0,0,0,0,8
1.83,0,0,0,0,0,0,-0.059999999,0,0,0,8
1.84,0,0,0,0,0.01,-0.050000001,0,0,0,0,8
1.85,0,0,0,0,0.039999999,-0.07,0.059999999,0,0,0,8
1.86,0,0,0,0,0,-0.01,0.129999995,0,0,0,8
1.87,0,0,0,0,-0.039999999,0.029999999,0.119999997,0,0,0,8
1.88,0,0,0,0,-0.029999999,0.07,0.01,0,0,0,8
1.89,0,0,0,0,0.01,0.039999999,-0.050000001,0,0,0,8
1.9,0,0,0,0,0.059999999,-0.01,0,0,0,0,8
1.91,0,0,0,0,0.079999998,-0.039999999,0.090000004,0,0,0,8
1.92,0,0,0,0,0.02,-0.029999999,0.150000006,0,0,0,8
1.93,0,0,0,0,-0.029999999,0,0.159999996,0,0,0,8
1.94,0,0,0,0,-0.079999998,0.07,0,0,0,0,8
1.95,0,0,0,0,-0.029999999,0.029999999,-0.050000001,0,0,0,8
1.96,0,0,0,0,0,-0.02,-0.050000001,0,0,0,8
1.97,0,0,0,0,0.02,-0.07,0.029999999,0,0,0,8
1.98,0,0,0,0,-0.01,-0.050000001,0.150000006,0,0,0,8
1.99,0,0,0,0,-0.079999998,0,0.129999995,0,0,0,8
2,0,0,0,0,-0.01,0.079999998,0.02,0,0,0,8
2.01,0,0,0,0,-0.01,0.07,-0.079999998,0,0,0,8
2.02,0,0,0,0,0.059999999,-0.029999999,0,0,0,0,8
2.03,0,0,0,0,0.07,-0.050000001,0.079999998,0,0,0,8
2.04,0,0,0,0,0.050000001,-0.039999999,0.090000004,0,0,0,8
2.05,0,0,0,0,0.01,0,0.109999999,0,0,0,8
2.06,0,0,0,0,-0.039999999,0.090000004,0.07,0,0,0,8
2.07,0,0,0,0,-0.039999999,0.050000001,-0.01,0,0,0,8
2.08,0,0,0,0,-0.01,0.01,0,0,0,0,8
2.09,0,0,0,0,0.02,-0.039999999,0.050000001,0,0,0,8
2.1,0,0,0,0,0.01,-0.07,0.090000004,0,0,0,8
2.11,0,0,0,0,-0.050000001,-0.01,0.109999999,0,0,0,8
2.12,0,0,0,0,-0.059999999,0,0.050000001,0,0,0,8
2.13,0,0,0,0,-0.039999999,0.029999999,-0.02,0,0,0,8
2.14,0,0,0,0,0.029999999,0,-0.02,0,0,0,8
2.15,0,0,0,0,0.050000001,-0.029999999,0,0,0,0,8
2.16,0,0,0,0,0.039999999,-0.059999999,0.079999998,0,0,0,8
2.17,0,0,0,0,0,-0.02,0.180000007,0,0,0,8
2.18,0,0,0,0,-0.059999999,0.039999999,0.090000004,0,0,0,8
2.19,0,0,0,0,-0.039999999,0.029999999,0.039999999,0,0,0,8
2.2,0,0,0,0,-0.02,0.059999999,-0.050000001,0,0,0,8
2.21,0,0,0,0,0.059999999,-0.039999999,0.01,0,0,0,8
2.22,0,0,0,0,0.02,-0.029999999,0.090000004,0,0,0,8
2.23,0,0,0,0,0,-0.029999999,0.140000001,0,0,0,8
2.24,0,0,0,0,-0.059999999,0,0.100000002,0,0,0,8
2.25,0,0,0,0,-0.050000001,0.050000001,0,0,0,0,8
2.26,0,0,0,0,0.01,0.029999999,-0.01,0,0,0,8
2.27,0,0,0,0,0.02,-0.02,0.01,0,0,0,8
2.28,0,0,0,0,0.039999999,-0.039999999,0.090000004,0,0,0,8
2.29,0,0,0,0,-0.02,-0.050000001,0.109999999,0,0,0,8
2.3,0,0,0,0,-0.039999999,0.02,0.059999999,0,0,0,8
2.31,0,0,0,0,-0.02,0.050000001,0,0,0,0,8
2.32,0,0,0,0,0,0.039999999,-0.029999999,0,0,0,8
2.33,0,0,0,0,0.029999999,-0.02,0.02,0,0,0,8
2.34,0,0,0,0,0.050000001,-0.050000001,0.090000004,0,0,0,8
2.35,0,0,0,0,0.039999999,-0.07,0.159999996,0,0,0,8
2.36,0,0,0,0,-0.029999999,-0.02,0.140000001,0,0,0,8
2.37,0,0,0,0,-0.02,0.039999999,-0.02,0,0,0,8
2.38,0,0,0,0,-0.039999999,0.029999999,-0.029999999,0,0,0,8
2.39,0,0,0,0,0.01,0,0,0,0,0,8
2.4,0,0,0,0,0.039999999,-0.050000001,0.100000002,0,0,0,8
2.41,0,0,0,0,0,-0.039999999,0.059999999,0,0,0,8
2.42,0,0,0,0,-0.039999999,0.01,0.119999997,0,0,0,8
2.43,0,0,0,0,-0.059999999,0.079999998,0.029999999,0,0,0,8
2.44,0,0,0,0,-0.02,0.050000001,-0.050000001,0,0,0,8
2.45,0,0,0,0,0.029999999,0,0.029999999,0,0,0,8
2.46,0,0,0,0,0.039999999,-0.059999999,0.090000004,0,0,0,8
2.47,0,0,0,0,0.039999999,-0.039999999,0.140000001,0,0,0,8
2.48,0,0,0,0,0.01,-0.01,0.140000001,0,0,0,8
2.49,0,0,0,0,-0.029999999,0.029999999,0,0,0,0,8
2.5,0,0,0,0,-0.02,0.039999999,-0.02,0,0,0,8
2.51,0,0,0,0,0.01,0,0,0,0,0,8
2.52,0,0,0,0,0.039999999,-0.059999999,0.090000004,0,0,0,8
2.53,0,0,0,0,0.01,-0.039999999,0.109999999,0,0,0,8
2.54,0,0,0,0,0.02,-0.02,0.119999997,0,0,0,8
2.55,0,0,0,0,-0.029999999,0.039999999,0.01,0,0,0,8
2.56,0,0,0,0,-0.02,0.039999999,-0.090000004,0,0,0,8
2.57,0,0,0,0,-0.01,0.01,0,0,0,0,8
2.58,0,0,0,0,0.01,0,0.050000001,0,0,0,8
2.59,0,0,0,0,0.050000001,-0.029999999,0.129999995,0,0,0,8
2.6,0,0,0,0,0,-0.01,0.109999999,0,0,0,8
2.61,0,0,0,0,-0.039999999,0.029999999,0.059999999,0,0,0,8
2.62,0,0,0,0,-0.059999999,0.07,-0.039999999,0,0,0,8
2.63,0,0,0,0,0,0.029999999,-0.039999999,0,0,0,8
2.64,0,0,0,0,0.02,-0.039999999,0.01,0,0,0,8
2.65,0,0,0,0,0.039999999,-0.02,0.100000002,0,0,0,8
2.66,0,0,0,0,0.039999999,-0.050000001,0.140000001,0,0,0,8
2.67,0,0,0,0,0,0,0.079999998,0,0,0,8
2.68,0,0,0,0,-0.029999999,0.050000001,0,0,0,0,8
2.69,0,0,0,0,-0.01,0.029999999,-0.01,0,0,0,8
2.7,0,0,0,0,0,0,0,0,0,0,8
2.71,0,0,0,0,0.039999999,-0.050000001,0.079999998,0,0,0,8
2.72,0,0,0,0,0,-0.029999999,0.109999999,0,0,0,8
2.73,0,0,0,0,-0.029999999,0,0.100000002,0,0,0,8
2.74,0,0,0,0,-0.029999999,0.050000001,0.039999999,0,0,0,8
2.75,0,0,0,0,0.01,0.029999999,-0.01,0,0,0,8
2.76,0,0,0,0,0.029999999,-0.039999999,0.039999999,0,0,0,8
2.77,0,0,0,0,0.029999999,-0.039999999,0.059999999,0,0,0,8
2.78,0,0,0,0,0.029999999,-0.02,0.150000006,0,0,0,8
2.79,0,0,0,0,0.02,0,0.109999999,0,0,0,8
2.8,0,0,0,0,-0.029999999,0.079999998,0.01,0,0,0,8
2.81,0,0,0,0,-0.039999999,0.050000001,-0.050000001,0,0,0,8
2.82,0,0,0,0,0,0.02,-0.01,0,0,0,8
2.83,0,0,0,0,0.050000001,-0.029999999,0.02,0,0,0,8
2.84,0,0,0,0,0,-0.050000001,0.109999999,0,0,0,8
2.85,0,0,0,0,-0.02,0,0.129999995,0,0,0,8
2.86,0,0,0,0,-0.079999998,0.07,0.050000001,0,0,0,8
2.87,0,0,0,0,-0.050000001,0.050000001,-0.01,0,0,0,8
2.88,0,0,0,0,0.01,0.01,-0.029999999,0,0,0,8
2.89,0,0,0,0,0.02,-0.059999999,0,0,0,0,8
2.9,0,0,0,0,0.059999999,-0.079999998,0.090000004,0,0,0,8
2.91,0,0,0,0,0,-0.02,0.100000002,0,0,0,8
2.92,0,0,0,0,-0.029999999,0.029999999,0.090000004,0,0,0,8
2.93,0,0,0,0,-0.02,0.079999998,-0.01,0,0,0,8
2.94,0,0,0,0,0.01,-0.02,-0.029999999,0,0,0,8
2.95,0,0,0,0,0.050000001,-0.029999999,0.039999999,0,0,0,8
2.96,0,0,0,0,0.039999999,-0.029999999,0.090000004,0,0,0,8
2.97,0,0,0,0,0,-0.029999999,0.170000002,0,0,0,8
2.98,0,0,0,0,-0.07,0.02,0.100000002,0,0,0,8
2.99,0,0,0,0,-0.059999999,0.059999999,0.029999999,0,0,0,8
3,0,0,0,0,0,0.039999999,-0.029999999,0,0,0,8
3.01,0,0,0,0,0.029999999,-0.029999999,-0.029999999,0,0,0,8
3.02,0,0,0,0,0.059999999,-0.059999999,0.079999998,0,0,0,8
3.03,0,0,0,0,0.01,-0.039999999,0.119999997,0,0,0,8
3.04,0,0,0,0,-0.02,0.02,0.129999995,0,0,0,8
3.05,0,0,0,0,-0.039999999,0.079999998,0.039999999,0,0,0,8
3.06,0,0,0,0,-0.029999999,0.029999999,-0.029999999,0,0,0,8
3.07,0,0,0,0,0.050000001,-0.029999999,0.029999999,0,0,0,8
3.08,0,0,0,0,0.029999999,-0.039999999,0.050000001,0,0,0,8
3.09,0,0,0,0,0.029999999,-0.07,0.150000006,0,0,0,8
3.1,0,0,0,0,-0.039999999,0,0.090000004,0,0,0,8
3.11,0,0,0,0,-0.059999999,0.039999999,0.119999997,0,0,0,8
3.12,0,0,0,0,-0.029999999,0.039999999,0,0,0,0,8
3.13,0,0,0,0,0.01,-0.029999999,-0.01,0,0,0,8
3.14,0,0,0,0,0.059999999,-0.050000001,0.039999999,0,0,0,8
3.15,0,0,0,0,0.02,-0.050000001,0.050000001,0,0,0,8
3.16,0,0,0,0,-0.02,0,0.119999997,0,0,0,8
3.17,0,0,0,0,-0.07,0.059999999,0.07,0,0,0,8
3.18,0,0,0,0,0,0.059999999,0.029999999,0,0,0,8
3.19,0,0,0,0,0.050000001,0,0.01,0,0,0,8
3.2,0,0,0,0,0.029999999,-0.01,-0.01,0,0,0,8
3.21,0,0,0,0,0.079999998,-0.07,0.02,0,0,0,8
3.22,0,0,0,0,0,-0.01,0.119999997,0,0,0,8
3.23,0,0,0,0,-0.07,0.029999999,0.140000001,0,0,0,8
3.24,0,0,0,0,-0.029999999,0.059999999,0.079999998,0,0,0,8
3.25,0,0,0,0,0.01,0,0.059999999,0,0,0,8
3.26,0,0,0,0,0.059999999,-0.050000001,0.01,0,0,0,8
3.27,0,0,0,0,0.01,-0.039999999,-0.01,0,0,0,8
3.28,0,0,0,0,0,0,0.059999999,0,0,0,8
3.29,0,0,0,0,-0.039999999,0.039999999,0.129999995,0,0,0,8
3.3,0,0,0,0,-0.059999999,0.07,0.079999998,0,0,0,8
3.31,0,0,0,0,0.01,0.029999999,0.039999999,0,0,0,8
3.32,0,0,0,0,0.01,-0.029999999,0,0,0,0,8
3.33,0,0,0,0,0.07,-0.07,0.01,0,0,0,8
3.34,0,0,0,0,0.01,-0.02,0.029999999,0,0,0,8
3.35,0,0,0,0,-0.02,0.01,0.109999999,0,0,0,8
3.36,0,0,0,0,-0.050000001,0.07,0.100000002,0,0,0,8
3.37,0,0,0,0,-0.01,0.039999999,0.039999999,0,0,0,8
3.38,0,0,0,0,0.07,-0.039999999,0.02,0,0,0,8
3.39,0,0,0,0,0.02,-0.029999999,-0.050000001,0,0,0,8
3.4,0,0,0,0,0.039999999,-0.029999999,0.01,0,0,0,8
3.41,0,0,0,0,-0.029999999,0.01,0.059999999,0,0,0,8
3.42,0,0,0,0,-0.050000001,0.050000001,0.109999999,0,0,0,8
3.43,0,0,0,0,-0.039999999,0.050000001,0.02,0,0,0,8
3.44,0,0,0,0,0.039999999,-0.02,0.029999999,0,0,0,8
3.45,0,0,0,0,0.050000001,-0.050000001,-0.01,0,0,0,8
3.46,0,0,0,0,0.029999999,-0.039999999,-0.029999999,0,0,0,8
3.47,0,0,0,0,-0.02,0,0.140000001,0,0,0,8
3.48,0,0,0,0,-0.090000004,0.07,0.100000002,0,0,0,8
3.49,0,0,0,0,-0.039999999,0.039999999,0.07,0,0,0,8
3.5,0,0,0,0,0.039999999,0,0.059999999,0,0,0,8
3.51,0,0,0,0,0.039999999,-0.059999999,-0.02,0,0,0,8
3.52,0,0,0,0,0.079999998,-0.050000001,-0.01,0,0,0,8
3.53,0,0,0,0,-0.01,0,0.050000001,0,0,0,8
3.54,0,0,0,0,-0.059999999,0.02,0.150000006,0,0,0,8
3.55,0,0,0,0,-0.050000001,0.100000002,0.079999998,0,0,0,8
3.56,0,0,0,0,0,0,0.079999998,0,0,0,8
3.57,0,0,0,0,0.039999999,-0.029999999,0,0,0,0,8
3.58,0,0,0,0,0.02,-0.039999999,-0.029999999,0,0,0,8
3.59,0,0,0,0,0.01,-0.029999999,0.07,0,0,0,8
3.6,0,0,0,0,-0.050000001,0.02,0.090000004,0,0,0,8
3.61,0,0,0,0,-0.050000001,0.050000001,0.079999998,0,0,0,8
3.62,0,0,0,0,0.01,0,0.079999998,0,0,0,8
3.63,0,0,0,0,0.050000001,-0.039999999,0,0,0,0,8
3.64,0,0,0,0,0.100000002,-0.07,0.01,0,0,0,8
3.65,0,0,0,0,0.01,-0.039999999,0.050000001,0,0,0,8
3.66,0,0,0,0,-0.01,-0.01,0.079999998,0,0,0,8
3.67,0,0,0,0,-0.07,0.07,0.090000004,0,0,0,8
3.68,0,0,0,0,0,0.01,0.050000001,0,0,0,8
3.69,0,0,0,0,0.050000001,-0.050000001,-0.01,0,0,0,8
3.7,0,0,0,0,0.02,-0.059999999,-0.079999998,0,0,0,8
3.71,0,0,0,0,0.029999999,-0.029999999,0.059999999,0,0,0,8
3.72,0,0,0,0,-0.090000004,0.02,0.079999998,0,0,0,8
3.73,0,0,0,0,-0.059999999,0.07,0.129999995,0,0,0,8
3.74,0,0,0,0,-0.050000001,0.039999999,0.07,0,0,0,8
3.75,0,0,0,0,0.029999999,-0.02,0,0,0,0,8
3.76,0,0,0,0,0.07,-0.02,0.059999999,0,0,0,8
3.77,0,0,0,0,0,-0.02,0.01,0,0,0,8
3.78,0,0,0,0,-0.01,0.01,0.129999995,0,0,0,8
3.79,0,0,0,0,-0.039999999,0.050000001,0.090000004,0,0,0,8
3.8,0,0,0,0,-0.01,0.029999999,0.059999999,0,0,0,8
3.81,0,0,0,0,0.039999999,0,-0.01,0,0,0,8
3.82,0,0,0,0,0.039999999,-0.050000001,-0.059999999,0,0,0,8
3.83,0,0,0,0,0.02,-0.039999999,0.029999999,0,0,0,8
3.84,0,0,0,0,-0.039999999,0,0.109999999,0,0,0,8
3.85,0,0,0,0,-0.050000001,0.029999999,0.159999996,0,0,0,8
3.86,0,0,0,0,-0.039999999,0.059999999,0.029999999,0,0,0,8
3.87,0,0,0,0,0.01,-0.01,0,0,0,0,8
3.88,0,0,0,0,0.029999999,-0.029999999,-0.029999999,0,0,0,8
3.89,0,0,0,0,0,-0.039999999,0.02,0,0,0,8
3.9,0,0,0,0,-0.01,0,0.109999999,0,0,0,8
3.91,0,0,0,0,-0.059999999,0.029999999,0.109999999,0,0,0,8
3.92,0,0,0,0,-0.02,0.07,0.090000004,0,0,0,8
3.93,0,0,0,0,0.01,0.039999999,0,0,0,0,8
3.94,0,0,0,0,0.050000001,-0.059999999,-0.01,0,0,0,8
3.95,0,0,0,0,0.050000001,-0.059999999,-0.02,0,0,0,8
3.96,0,0,0,0,-0.01,-0.050000001,0.059999999,0,0,0,8
3.97,0,0,0,0,-0.029999999,0.02,0.159999996,0,0,0,8
3.98,0,0,0,0,-0.07,0.07,0.050000001,0,0,0,8
3.99,0,0,0,0,0,0.02,0.029999999,0,0,0,8
4,0,0,0,0,0.029999999,-0.050000001,0,0,0,0,8
4.01,0,0,0,0,0.029999999,-0.050000001,0.02,0,0,0,8
4.02,0,0,0,0,0,-0.02,0.109999999,0,0,0,8
4.03,0,0,0,0,-0.050000001,0.029999999,0.119999997,0,0,0,8
4.04,0,0,0,0,-0.050000001,0.059999999,0.07,0,0,0,8
4.05,0,0,0,0,0,0.029999999,-0.029999999,0,0,0,8
4.06,0,0,0,0,0.07,-0.07,-0.02,0,0,0,8
4.07,0,0,0,0,0.059999999,-0.029999999,0.039999999,0,0,0,8
4.08,0,0,0,0,0.01,-0.050000001,0.079999998,0,0,0,8
4.09,0,0,0,0,0,0,0.170000002,0,0,0,8
4.1,0,0,0,0,-0.029999999,0.07,-0.01,0,0,0,8
4.11,0,0,0,0,0.02,0.02,0,0,0,0,8
4.12,0,0,0,0,0.02,-0.029999999,0.02,0,0,0,8
4.13,0,0,0,0,0.029999999,-0.050000001,0.050000001,0,0,0,8
4.14,0,0,0,0,0.01,-0.029999999,0.119999997,0,0,0,8
4.15,0,0,0,0,-0.079999998,0.01,0.100000002,0,0,0,8
4.16,0,0,0,0,-0.059999999,0.059999999,0.050000001,0,0,0,8
4.17,0,0,0,0,-0.050000001,0.07,-0.07,0,0,0,8
4.18,0,0,0,0,0.029999999,-0.01,0,0,0,0,8
4.19,0,0,0,0,0.050000001,-0.02,0.100000002,0,0,0,8
4.2,0,0,0,0,0,-0.07,0.07,0,0,0,8
4.21,0,0,0,0,0.02,-0.02,0.140000001,0,0,0,8
4.22,0,0,0,0,-0.07,0.029999999,0.039999999,0,0,0,8
4.23,0,0,0,0,0,0.039999999,-0.02,0,0,0,8
4.24,0,0,0,0,0.039999999,-0.02,-0.039999999,0,0,0,8
4.25,0,0,0,0,0.07,-0.07,0.02,0,0,0,8
4.26,0,0,0,0,0.029999999,-0.050000001,0.100000002,0,0,0,8
4.27,0,0,0,0,-0.029999999,-0.01,0.129999995,0,0,0,8
4.28,0,0,0,0,-0.050000001,0.059999999,0.119999997,0,0,0,8
4.29,0,0,0,0,-0.07,0.07,-0.029999999,0,0,0,8
4.3,0,0,0,0,0,0,-0.02,0,0,0,8
4.31,0,0,0,0,0.039999999,-0.02,0.039999999,0,0,0,8
4.32,0,0,0,0,0.02,-0.059999999,0.079999998,0,0,0,8
4.33,0,0,0,0,-0.01,0.01,0.109999999,0,0,0,8
4.34,0,0,0,0,-0.029999999,0.029999999,0.050000001,0,0,0,8
4.35,0,0,0,0,-0.01,0.039999999,0.02,0,0,0,8
4.36,0,0,0,0,-0.01,0.029999999,-0.050000001,0,0,0,8
4.37,0,0,0,0,0.029999999,-0.039999999,0.059999999,0,0,0,8
4.38,0,0,0,0,0.050000001,-0.029999999,0.07,0,0,0,8
4.39,0,0,0,0,0.01,-0.039999999,0.109999999,0,0,0,8
4.4,0,0,0,0,0,0.02,0.100000002,0,0,0,8
4.41,0,0,0,0,-0.050000001,0.050000001,0,0,0,0,8
4.42,0,0,0,0,0,0.02,0.01,0,0,0,8
4.43,0,0,0,0,0.039999999,-0.02,-0.029999999,0,0,0,8
4.44,0,0,0,0,0.039999999,-0.059999999,0.059999999,0,0,0,8
4.45,0,0,0,0,0,-0.01,0.129999995,0,0,0,8
4.46,0,0,0,0,-0.039999999,0.029999999,0.109999999,0,0,0,8
4.47,0,0,0,0,-0.07,0.039999999,0.039999999,0,0,0,8
4.48,0,0,0,0,-0.07,0.039999999,-0.059999999,0,0,0,8
4.49,0,0,0,0,0.039999999,-0.02,-0.01,0,0,0,8
4.5,0,0,0,0,0.050000001,-0.050000001,0.039999999,0,0,0,8
4.51,0,0,0,0,0.029999999,-0.039999999,0.119999997,0,0,0,8
4.52,0,0,0,0,0,-0.01,0.180000007,0,0,0,8
4.53,0,0,0,0,-0.02,0.039999999,0.059999999,0,0,0,8
4.54,0,0,0,0,0,0.039999999,0,0,0,0,8
4.55,0,0,0,0,0.059999999,-0.02,-0.02,0,0,0,8
4.56,0,0,0,0,0.059999999,-0.059999999,0.079999998,0,0,0,8
4.57,0,0,0,0,0.029999999,-0.039999999,0.140000001,0,0,0,8
4.58,0,0,0,0,-0.050000001,0,0.140000001,0,0,0,8
4.59,0,0,0,0,-0.050000001,0.059999999,0.02,0,0,0,8
4.6,0,0,0,0,-0.050000001,0.059999999,-0.059999999,0,0,0,8
4.61,0,0,0,0,0.02,0,0,0,0,0,8
4.62,0,0,0,0,0.01,0,0.029999999,0,0,0,8
4.63,0,0,0,0,0,-0.02,0.140000001,0,0,0,8
4.64,0,0,0,0,-0.039999999,0.02,0.159999996,0,0,0,8
4.65,0,0,0,0,-0.07,0.050000001,0.039999999,0,0,0,8
4.66,0,0,0,0,-0.050000001,0.039999999,-0.02,0,0,0,8
4.67,0,0,0,0,0.02,0.029999999,-0.01,0,0,0,8
4.68,0,0,0,0,0.090000004,-0.059999999,0.050000001,0,0,0,8
4.69,0,0,0,0,0.059999999,-0.050000001,0.059999999,0,0,0,8
4.7,0,0,0,0,0,-0.050000001,0.140000001,0,0,0,8
4.71,0,0,0,0,0,0.01,0.109999999,0,0,0,8
4.72,0,0,0,0,-0.039999999,0.050000001,-0.01,0,0,0,8
4.73,0,0,0,0,0.029999999,0,-0.029999999,0,0,0,8
4.74,0,0,0,0,0.050000001,0,0,0,0,0,8
4.75,0,0,0,0,0.029999999,-0.059999999,0.109999999,0,0,0,8
4.76,0,0,0,0,0.01,-0.01,0.170000002,0,0,0,8
4.77,0,0,0,0,-0.050000001,0,0.100000002,0,0,0,8
4.78,0,0,0,0,-0.039999999,0.050000001,0.02,0,0,0,8
4.79,0,0,0,0,-0.02,0.059999999,-0.059999999,0,0,0,8
4.8,0,0,0,0,0.039999999,-0.01,0.01,0,0,0,8
4.81,0,0,0,0,0.039999999,-0.01,0.07,0,0,0,8
4.82,0,0,0,0,0.01,-0.029999999,0.170000002,0,0,0,8
4.83,0,0,0,0,-0.039999999,0.02,0.109999999,0,0,0,8
4.84,0,0,0,0,-0.02,0.050000001,0.029999999,0,0,0,8
4.85,0,0,0,0,0,0.039999999,-0.039999999,0,0,0,8
4.86,0,0,0,0,0.039999999,0,-0.02,0,0,0,8
4.87,0,0,0,0,0.050000001,-0.050000001,0.109999999,0,0,0,8
4.88,0,0,0,0,0.01,-0.039999999,0.119999997,0,0,0,8
4.89,0,0,0,0,-0.039999999,0,0.079999998,0,0,0,8
4.9,0,0,0,0,-0.050000001,0.07,0.039999999,0,0,0,8
4.91,0,0,0,0,-0.039999999,0.039999999,-0.050000001,0,0,0,8
4.92,0,0,0,0,0.02,0,0,0,0,0,8
4.93,0,0,0,0,0.029999999,-0.039999999,0.01,0,0,0,8
4.94,0,0,0,0,0.02,-0.059999999,0.129999995,0,0,0,8
4.95,0,0,0,0,-0.01,-0.02,0.119999997,0,0,0,8
4.96,0,0,0,0,-0.079999998,0.02,0.029999999,0,0,0,8
4.97,0,0,0,0,-0.029999999,0.02,0,0,0,0,8
4.98,0,0,0,0,0.01,-0.01,-0.059999999,0,0,0,8
4.99,0,0,0,0,0.059999999,-0.100000002,0.050000001,0,0,0,8
5,0,0,0,0,0.050000001,-0.050000001,0.07,0,0,0,8
5.01,0,0,0,0,0,0,0.140000001,0,0,0,8
5.02,0,0,0,0,-0.02,0.02,0.100000002,0,0,0,8
5.03,0,0,0,0,-0.029999999,0.090000004,-0.039999999,0,0,0,8
5.04,0,0,0,0,0.01,0.01,-0.01,0,0,0,8
5.05,0,0,0,0,0.02,-0.01,0.01,0,0,0,8
5.06,0,0,0,0,0.02,-0.059999999,0.090000004,0,0,0,8
5.07,0,0,0,0,-0.050000001,0.02,0.140000001,0,0,0,8
5.08,0,0,0,0,-0.07,0.039999999,0.109999999,0,0,0,8
5.09,0,0,0,0,-0.07,0.059999999,0,0,0,0,8
5.1,0,0,0,0,0.050000001,-0.050000001,0.050000001,0,0,0,8
5.11,0,0,0,0,0.050000001,-0.050000001,0.050000001,0,0,0,8
5.12,0,0,0,0,0.039999999,-0.039999999,0.129999995,0,0,0,8
5.13,0,0,0,0,0.039999999,-0.039999999,0.129999995,0,0,0,8
5.14,0,0,0,0,-0.029999999,0.01,-0.01,0,0,0,8
5.15,0,0,0,0,-0.029999999,0.01,-0.01,0,0,0,8
5.16,0,0,0,0,0.01,0.029999999,-0.039999999,0,0,0,8
5.17,0,0,0,0,0.02,-0.01,0.01,0,0,0,8
5.18,0,0,0,0,0.059999999,-0.050000001,0.100000002,0,0,0,8
5.19,0,0,0,0,-0.02,-0.02,0.140000001,0,0,0,8
5.2,0,0,0,0,-0.039999999,0.02,0.129999995,0,0,0,8
5.21,0,0,0,0,-0.07,0.050000001,0.039999999,0,0,0,8
5.22,0,0,0,0,-0.01,0.050000001,-0.059999999,0,0,0,8
5.23,0,0,0,0,0.039999999,-0.029999999,0,0,0,0,8
5.24,0,0,0,0,0.039999999,-0.059999999,0.129999995,0,0,0,8
5.25,0,0,0,0,0.039999999,-0.059999999,0.129999995,0,0,0,8
5.26,0,0,0,0,-0.050000001,0.029999999,0.07,0,0,0,8
5.27,0,0,0,0,-0.050000001,0.029999999,0.07,0,0,0,8
5.28,0,0,0,0,-0.039999999,0.059999999,-0.01,0,0,0,8
5.29,0,0,0,0,0.02,0.01,-0.050000001,0,0,0,8
5.3,0,0,0,0,0.029999999,-0.039999999,0.02,0,0,0,8
5.31,0,0,0,0,0.01,-0.039999999,0.039999999,0,0,0,8
5.32,0,0,0,0,0,0.090000004,0.07,0,0,0,8
5.33,0,0,0,0,0,0.090000004,0.07,0,0,0,8
5.34,0,0,0,0,0.039999999,0.02,0.029999999,0,0,0,8
5.35,0,0,0,0,0.039999999,0.02,0.029999999,0,0,0,8
5.36,0,0,0,0,0.02,-0.07,0.02,0,0,0,8
5.37,0,0,0,0,0.02,-0.07,0.02,0,0,0,8
5.38,0,0,0,0,0,0,0.090000004,0,0,0,8
5.39,0,0,0,0,-0.090000004,0.02,0.129999995,0,0,0,8
5.4,0,0,0,0,-0.029999999,0.02,-0.02,0,0,0,8
5.41,0,0,0,0,-0.029999999,0.02,-0.02,0,0,0,8
5.42,0,0,0,0,0.050000001,-0.039999999,0.01,0,0,0,8
5.43,0,0,0,0,0.01,-0.039999999,0.01,0,0,0,8
5.44,0,0,0,0,-0.039999999,0.050000001,0.100000002,0,0,0,8
5.45,0,0,0,0,-0.039999999,0.050000001,0.100000002,0,0,0,8
5.46,0,0,0,0,-0.029999999,0.079999998,0.029999999,0,0,0,8
5.47,0,0,0,0,0.039999999,0.039999999,0.059999999,0,0,0,8
5.48,0,0,0,0,0.039999999,-0.029999999,0,0,0,0,8
5.49,0,0,0,0,0.07,-0.07,0.01,0,0,0,8
5.5,0,0,0,0,-0.07,0.01,0.109999999,0,0,0,8
5.51,0,0,0,0,-0.07,0.01,0.109999999,0,0,0,8
5.52,0,0,0,0,-0.07,0.100000002,0.119999997,0,0,0,8
5.53,0,0,0,0,-0.039999999,0.029999999,0.02,0,0,0,8
5.54,0,0,0,0,0.029999999,-0.050000001,-0.050000001,0,0,0,8
5.55,0,0,0,0,0.029999999,-0.050000001,-0.050000001,0,0,0,8
5.56,0,0,0,0,0.01,-0.039999999,0.039999999,0,0,0,8
5.57,0,0,0,0,-0.050000001,0.050000001,0.119999997,0,0,0,8
5.58,0,0,0,0,-0.01,0,0.059999999,0,0,0,8
5.59,0,0,0,0,-0.01,0,0.059999999,0,0,0,8
5.6,0,0,0,0,0.079999998,-0.07,0,0,0,0,8
5.61,0,0,0,0,0.079999998,-0.07,0,0,0,0,8
5.62,0,0,0,0,0,-0.02,0.01,0,0,0,8
5.63,0,0,0,0,-0.01,-0.01,0.150000006,0,0,0,8
5.64,0,0,0,0,-0.039999999,0.059999999,0.150000006,0,0,0,8
5.65,0,0,0,0,-0.100000002,0.01,0,0,0,0,8
5.66,0,0,0,0,0.029999999,-0.01,0.01,0,0,0,8
5.67,0,0,0,0,0.059999999,-0.090000004,-0.090000004,0,0,0,8
5.68,0,0,0,0,0.059999999,-0.090000004,-0.090000004,0,0,0,8
5.69,0,0,0,0,-0.059999999,-0.01,0.129999995,0,0,0,8
5.7,0,0,0,0,-0.01,0.02,0.150000006,0,0,0,8
5.71,0,0,0,0,-0.029999999,0.07,0.100000002,0,0,0,8
5.72,0,0,0,0,0.07,-0.050000001,0.050000001,0,0,0,8
5.73,0,0,0,0,0.07,-0.050000001,0.050000001,0,0,0,8
5.74,0,0,0,0,0,-0.02,0.100000002,0,0,0,8
5.75,0,0,0,0,0,-0.02,0.100000002,0,0,0,8
5.76,0,0,0,0,-0.07,0.039999999,0.079999998,0,0,0,8
5.77,0,0,0,0,-0.050000001,0.039999999,0.07,0,0,0,8
5.78,0,0,0,0,0.02,0.01,0.07,0,0,0,8
5.79,0,0,0,0,0.01,-0.039999999,-0.039999999,0,0,0,8
5.8,0,0,0,0,0.059999999,-0.079999998,0,0,0,0,8
5.81,0,0,0,0,0,-0.02,0.07,0,0,0,8
5.82,0,0,0,0,-0.029999999,0.01,0.109999999,0,0,0,8
5.83,0,0,0,0,-0.029999999,0.100000002,0.109999999,0,0,0,8
5.84,0,0,0,0,0,0.02,0.01,0,0,0,8
5.85,0,0,0,0,0.059999999,-0.07,0.029999999,0,0,0,8
5.86,0,0,0,0,0,-0.02,0.039999999,0,0,0,8
5.87,0,0,0,0,-0.079999998,0.059999999,0.090000004,0,0,0,8
5.88,0,0,0,0,-0.07,0.07,0.140000001,0,0,0,8
5.89,0,0,0,0,-0.07,0.07,0.140000001,0,0,0,8
5.9,0,0,0,0,-0.029999999,0.029999999,0.090000004,0,0,0,8
5.91,0,0,0,0,0.02,-0.01,-0.039999999,0,0,0,8
5.92,0,0,0,0,0.02,-0.02,0.02,0,0,0,8
5.93,0,0,0,0,0.02,-0.02,0.02,0,0,0,8
5.94,0,0,0,0,-0.039999999,0.059999999,0.109999999,0,0,0,8
5.95,0,0,0,0,-0.039999999,0.059999999,0.109999999,0,0,0,8
5.96,0,0,0,0,0.079999998,-0.02,0.02,0,0,0,8
5.97,0,0,0,0,0.07,-0.050000001,0.01,0,0,0,8
5.98,0,0,0,0,0.07,-0.050000001,0.01,0,0,0,8
5.99,0,0,0,0,0.02,-0.050000001,0.100000002,0,0,0,8
6,0,0,0,0,-0.01,0,0.100000002,0,0,0,8
6.01,0,0,0,0,-0.100000002,0.029999999,0.159999996,0,0,0,8
6.02,0,0,0,0,0,-0.02,0,0,0,0,8
6.03,0,0,0,0,0,-0.02,0,0,0,0,8
6.04,0,0,0,0,0.029999999,-0.050000001,0.01,0,0,0,8
6.05,0,0,0,0,0.029999999,-0.050000001,0.01,0,0,0,8
6.06,0,0,0,0,-0.02,-0.01,0.140000001,0,0,0,8
6.07,0,0,0,0,-0.039999999,0.050000001,0.119999997,0,0,0,8
6.08,0,0,0,0,-0.02,0.050000001,0.050000001,0,0,0,8
6.09,0,0,0,0,0.039999999,0.02,0,0,0,0,8
6.1,0,0,0,0,0.029999999,-0.050000001,0.029999999,0,0,0,8
6.11,0,0,0,0,0.029999999,-0.050000001,0.029999999,0,0,0,8
6.12,0,0,0,0,-0.02,0,0.100000002,0,0,0,8
6.13,0,0,0,0,-0.050000001,0.050000001,0.150000006,0,0,0,8
6.14,0,0,0,0,-0.050000001,0.059999999,0,0,0,0,8
6.15,0,0,0,0,0,0.01,-0.01,0,0,0,8
6.16,0,0,0,0,0.050000001,-0.059999999,0.01,0,0,0,8
6.17,0,0,0,0,0,0,0.150000006,0,0,0,8
6.18,0,0,0,0,-0.039999999,0.050000001,0.039999999,0,0,0,8
6.19,0,0,0,0,-0.039999999,0.050000001,0.039999999,0,0,0,8
6.2,0,0,0,0,0,0.039999999,0,0,0,0,8
6.21,0,0,0,0,0,0.039999999,0,0,0,0,8
6.22,0,0,0,0,0.050000001,-0.050000001,0.079999998,0,0,0,8
6.23,0,0,0,0,0.050000001,-0.050000001,0.079999998,0,0,0,8
6.24,0,0,0,0,-0.02,-0.039999999,0.129999995,0,0,0,8
6.25,0,0,0,0,-0.029999999,0,0.129999995,0,0,0,8
6.26,0,0,0,0,-0.07,0.090000004,0.029999999,0,0,0,8
6.27,0,0,0,0,0.050000001,-0.02,-0.01,0,0,0,8
6.28,0,0,0,0,0.050000001,-0.02,-0.01,0,0,0,8
6.29,0,0,0,0,0.050000001,-0.050000001,0.02,0,0,0,8
6.3,0,0,0,0,0.02,-0.050000001,0.150000006,0,0,0,8
6.31,0,0,0,0,-0.039999999,0.02,0.079999998,0,0,0,8
6.32,0,0,0,0,-0.01,0.079999998,-0.07,0,0,0,8
6.33,0,0,0,0,-0.01,0.079999998,-0.07,0,0,0,8
6.34,0,0,0,0,0.029999999,-0.050000001,0.050000001,0,0,0,8
6.35,0,0,0,0,0.029999999,-0.050000001,0.050000001,0,0,0,8
6.36,0,0,0,0,-0.02,0.01,0.170000002,0,0,0,8
6.37,0,0,0,0,-0.079999998,0.050000001,0.090000004,0,0,0,8
6.38,0,0,0,0,-0.079999998,0.050000001,0.090000004,0,0,0,8
6.39,0,0,0,0,-0.029999999,0.039999999,0.02,0,0,0,8
6.4,0,0,0,0,0.02,-0.059999999,0,0,0,0,8
6.41,0,0,0,0,0.02,-0.059999999,0,0,0,0,8
6.42,0,0,0,0,-0.02,0,0.079999998,0,0,0,8
6.43,0,0,0,0,-0.02,0,0.079999998,0,0,0,8
6.44,0,0,0,0,-0.059999999,0.090000004,0.050000001,0,0,0,8
6.45,0,0,0,0,-0.059999999,0.090000004,0.050000001,0,0,0,8
6.46,0,0,0,0,0.01,0.02,0,0,0,0,8
6.47,0,0,0,0,0.039999999,-0.029999999,0,0,0,0,8
6.48,0,0,0,0,0.039999999,-0.029999999,0,0,0,0,8
6.49,0,0,0,0,0,0,0.100000002,0,0,0,8
6.5,0,0,0,0,-0.039999999,0.039999999,0.109999999,0,0,0,8
6.51,0,0,0,0,-0.039999999,0.039999999,0.109999999,0,0,0,8
6.52,0,0,0,0,0.01,0.02,0.039999999,0,0,0,8
6.53,0,0,0,0,0.050000001,-0.029999999,0.01,0,0,0,8
6.54,0,0,0,0,0.07,-0.079999998,0.01,0,0,0,8
6.55,0,0,0,0,-0.01,-0.02,0.050000001,0,0,0,8
6.56,0,0,0,0,-0.059999999,0.01,0.170000002,0,0,0,8
6.57,0,0,0,0,-0.059999999,0.059999999,0.079999998,0,0,0,8
6.58,0,0,0,0,0.029999999,-0.07,-0.039999999,0,0,0,8
6.59,0,0,0,0,0.029999999,-0.07,-0.039999999,0,0,0,8
6.6,0,0,0,0,0.01,-0.079999998,-0.050000001,0,0,0,8
6.61,0,0,0,0,0.02,-0.02,0.02,0,0,0,8
6.62,0,0,0,0,-0.029999999,0.029999999,0.119999997,0,0,0,8
6.63,0,0,0,0,-0.029999999,0.100000002,0.140000001,0,0,0,8
6.64,0,0,0,0,0.07,0,0.01,0,0,0,8
6.65,0,0,0,0,0.07,0,0.01,0,0,0,8
6.66,0,0,0,0,0.079999998,-0.02,0.02,0,0,0,8
6.67,0,0,0,0,0,0.029999999,0.129999995,0,0,0,8
6.68,0,0,0,0,-0.100000002,0.079999998,0.100000002,0,0,0,8
6.69,0,0,0,0,-0.100000002,0.079999998,0.100000002,0,0,0,8
6.7,0,0,0,0,-0.039999999,0,0.07,0,0,0,8
6.71,0,0,0,0,0.01,-0.039999999,-0.01,0,0,0,8
6.72,0,0,0,0,0.039999999,-0.079999998,-0.01,0,0,0,8
6.73,0,0,0,0,0.039999999,-0.079999998,-0.01,0,0,0,8
6.74,0,0,0,0,-0.050000001,-0.01,0.059999999,0,0,0,8
6.75,0,0,0,0,-0.01,0.050000001,0.150000006,0,0,0,8
6.76,0,0,0,0,-0.050000001,0.059999999,0.129999995,0,0,0,8
6.77,0,0,0,0,0.059999999,-0.039999999,-0.029999999,0,0,0,8
6.78,0,0,0,0,0.059999999,-0.039999999,-0.029999999,0,0,0,8
6.79,0,0,0,0,0.050000001,0,-0.050000001,0,0,0,8
6.8,0,0,0,0,0,0,0.109999999,0,0,0,8
6.81,0,0,0,0,-0.059999999,0.07,0.100000002,0,0,0,8
6.82,0,0,0,0,0,0.01,0.050000001,0,0,0,8
6.83,0,0,0,0,0,0.01,0.050000001,0,0,0,8
6.84,0,0,0,0,0.039999999,-0.050000001,-0.039999999,0,0,0,8
6.85,0,0,0,0,0.039999999,-0.050000001,-0.039999999,0,0,0,8
6.86,0,0,0,0,0,-0.029999999,0.029999999,0,0,0,8
6.87,0,0,0,0,-0.079999998,0.100000002,0.029999999,0,0,0,8
6.88,0,0,0,0,-0.079999998,0.100000002,0.029999999,0,0,0,8
6.89,0,0,0,0,0,0.02,0.029999999,0,0,0,8
6.9,0,0,0,0,0.050000001,-0.039999999,-0.02,0,0,0,8
6.91,0,0,0,0,0.050000001,-0.07,0,0,0,0,8
6.92,0,0,0,0,-0.050000001,0.02,0.140000001,0,0,0,8
6.93,0,0,0,0,-0.050000001,0.02,0.140000001,0,0,0,8
6.94,0,0,0,0,-0.050000001,0.059999999,0.109999999,0,0,0,8
6.95,0,0,0,0,0,0.029999999,0.059999999,0,0,0,8
6.96,0,0,0,0,0.029999999,-0.050000001,-0.02,0,0,0,8
6.97,0,0,0,0,0.079999998,-0.059999999,-0.029999999,0,0,0,8
6.98,0,0,0,0,-0.01,0.02,0.100000002,0,0,0,8
6.99,0,0,0,0,-0.01,0.02,0.100000002,0,0,0,8
7,0,0,0,0,-0.039999999,0.07,0.090000004,0,0,0,8
7.01,0,0,0,0,0,0.039999999,0.119999997,0,0,0,8
7.02,0,0,0,0,0.059999999,-0.059999999,-0.02,0,0,0,8
7.03,0,0,0,0,0.059999999,-0.059999999,-0.02,0,0,0,8
7.04,0,0,0,0,0,-0.029999999,0.01,0,0,0,8
7.05,0,0,0,0,-0.050000001,0.02,0.07,0,0,0,8
7.06,0,0,0,0,-0.050000001,0.059999999,0.07,0,0,0,8
7.07,0,0,0,0,-0.050000001,0.059999999,0.07,0,0,0,8
7.08,0,0,0,0,0.039999999,0,0.039999999,0,0,0,8
7.09,0,0,0,0,0.050000001,-0.059999999,0.01,0,0,0,8
7.1,0,0,0,0,0,0,0.090000004,0,0,0,8
7.11,0,0,0,0,0,0,0.090000004,0,0,0,8
7.12,0,0,0,0,-0.059999999,0.050000001,0.100000002,0,0,0,8
7.13,0,0,0,0,-0.01,0.07,0.090000004,0,0,0,8
7.14,0,0,0,0,0.029999999,-0.029999999,0.050000001,0,0,0,8
7.15,0,0,0,0,0.050000001,-0.059999999,0,0,0,0,8
7.16,0,0,0,0,0.050000001,-0.050000001,0,0,0,0,8
7.17,0,0,0,0,-0.01,-0.01,0.07,0,0,0,8
7.18,0,0,0,0,-0.059999999,0.090000004,0.079999998,0,0,0,8
7.19,0,0,0,0,-0.059999999,0.090000004,0.079999998,0,0,0,8
7.2,0,0,0,0,0.029999999,-0.029999999,-0.02,0,0,0,8
7.21,0,0,0,0,0.029999999,-0.029999999,-0.02,0,0,0,8
7.22,0,0,0,0,0.02,-0.050000001,-0.050000001,0,0,0,8
7.23,0,0,0,0,0.01,-0.01,0.01,0,0,0,8
7.24,0,0,0,0,-0.050000001,0.079999998,0.119999997,0,0,0,8
7.25,0,0,0,0,-0.050000001,0.079999998,0.119999997,0,0,0,8
7.26,0,0,0,0,0.059999999,-0.07,0.02,0,0,0,8
7.27,0,0,0,0,0.07,-0.059999999,-0.01,0,0,0,8
7.28,0,0,0,0,0.07,-0.059999999,-0.01,0,0,0,8
7.29,0,0,0,0,0,-0.039999999,0.02,0,0,0,8
7.3,0,0,0,0,0,0.01,0.129999995,0,0,0,8
7.31,0,0,0,0,-0.079999998,0.050000001,0.119999997,0,0,0,8
7.32,0,0,0,0,0,0.02,0.079999998,0,0,0,8
7.33,0,0,0,0,0.029999999,-0.039999999,-0.01,0,0,0,8
7.34,0,0,0,0,0,-0.039999999,0,0,0,0,8
7.35,0,0,0,0,0,-0.039999999,0,0,0,0,8
7.36,0,0,0,0,-0.050000001,0,0.109999999,0,0,0,8
7.37,0,0,0,0,-0.07,0.079999998,0.129999995,0,0,0,8
7.38,0,0,0,0,0.029999999,-0.02,0,0,0,0,8
7.39,0,0,0,0,0.029999999,-0.02,0,0,0,0,8
7.4,0,0,0,0,0.059999999,-0.029999999,-0.059999999,0,0,0,8
7.41,0,0,0,0,0.050000001,-0.039999999,0.01,0,0,0,8
7.42,0,0,0,0,-0.01,0.050000001,0.109999999,0,0,0,8
7.43,0,0,0,0,-0.079999998,0.079999998,0.109999999,0,0,0,8
7.44,0,0,0,0,-0.01,0.059999999,0.07,0,0,0,8
7.45,0,0,0,0,0.02,-0.01,0.01,0,0,0,8
7.46,0,0,0,0,0.050000001,-0.07,-0.029999999,0,0,0,8
7.47,0,0,0,0,0,-0.02,0.090000004,0,0,0,8
7.48,0,0,0,0,-0.039999999,0.029999999,0.109999999,0,0,0,8
7.49,0,0,0,0,-0.039999999,0.029999999,0.109999999,0,0,0,8
7.5,0,0,0,0,0.029999999,-0.02,0.029999999,0,0,0,8
7.51,0,0,0,0,0.029999999,-0.02,0.029999999,0,0,0,8
7.52,0,0,0,0,0.02,-0.039999999,-0.02,0,0,0,8
7.53,0,0,0,0,0.02,-0.039999999,-0.02,0,0,0,8
7.54,0,0,0,0,-0.07,0.039999999,0.140000001,0,0,0,8
7.55,0,0,0,0,-0.07,0.039999999,0.140000001,0,0,0,8
7.56,0,0,0,0,-0.039999999,0.109999999,0.119999997,0,0,0,8
7.57,0,0,0,0,0,0,0.050000001,0,0,0,8
7.58,0,0,0,0,0.079999998,-0.050000001,0,0,0,0,8
7.59,0,0,0,0,0.07,-0.059999999,-0.02,0,0,0,8
7.6,0,0,0,0,0,-0.029999999,0.07,0,0,0,8
7.61,0,0,0,0,0,0.029999999,0.159999996,0,0,0,8
7.62,0,0,0,0,-0.039999999,0.07,0.100000002,0,0,0,8
7.63,0,0,0,0,0,0.07,0.02,0,0,0,8
7.64,0,0,0,0,0.039999999,-0.050000001,-0.029999999,0,0,0,8
7.65,0,0,0,0,0.039999999,-0.07,-0.01,0,0,0,8
7.66,0,0,0,0,0,-0.029999999,0.01,0,0,0,8
7.67,0,0,0,0,-0.050000001,0.01,0.109999999,0,0,0,8
7.68,0,0,0,0,-0.039999999,0.090000004,0.150000006,0,0,0,8
7.69,0,0,0,0,-0.039999999,0.039999999,0.029999999,0,0,0,8
7.7,0,0,0,0,0.050000001,-0.059999999,-0.01,0,0,0,8
7.71,0,0,0,0,0.039999999,-0.07,-0.029999999,0,0,0,8
7.72,0,0,0,0,0.029999999,-0.07,0.029999999,0,0,0,8
7.73,0,0,0,0,-0.02,0.01,0.100000002,0,0,0,8
7.74,0,0,0,0,-0.039999999,0.059999999,0.100000002,0,0,0,8
7.75,0,0,0,0,-0.01,0.07,0.07,0,0,0,8
7.76,0,0,0,0,0,-0.01,0.039999999,0,0,0,8
7.77,0,0,0,0,0.059999999,-0.050000001,0,0,0,0,8
7.78,0,0,0,0,0.029999999,-0.039999999,-0.01,0,0,0,8
7.79,0,0,0,0,-0.01,0.01,0.050000001,0,0,0,8
7.8,0,0,0,0,-0.039999999,0.079999998,0.129999995,0,0,0,8
7.81,0,0,0,0,-0.059999999,0.050000001,0.039999999,0,0,0,8
7.82,0,0,0,0,0.02,0.01,0.059999999,0,0,0,8
7.83,0,0,0,0,0.059999999,-0.079999998,-0.029999999,0,0,0,8
7.84,0,0,0,0,0.029999999,-0.109999999,-0.039999999,0,0,0,8
7.85,0,0,0,0,-0.029999999,-0.01,0.050000001,0,0,0,8
7.86,0,0,0,0,-0.07,0.07,0.119999997,0,0,0,8
7.87,0,0,0,0,-0.07,0.07,0.07,0,0,0,8
7.88,0,0,0,0,-0.039999999,0,0.02,0,0,0,8
7.89,0,0,0,0,0.07,-0.050000001,-0.029999999,0,0,0,8
7.9,0,0,0,0,0.039999999,-0.050000001,-0.039999999,0,0,0,8
7.91,0,0,0,0,0.01,0,0.079999998,0,0,0,8
7.92,0,0,0,0,-0.029999999,0.039999999,0.119999997,0,0,0,8
7.93,0,0,0,0,-0.02,0.050000001,0.109999999,0,0,0,8
7.94,0,0,0,0,0.01,-0.01,0.100000002,0,0,0,8
7.95,0,0,0,0,0.079999998,-0.050000001,0.01,0,0,0,8
7.96,0,0,0,0,0.090000004,-0.050000001,-0.029999999,0,0,0,8
7.97,0,0,0,0,-0.01,-0.039999999,0.01,0,0,0,8
7.98,0,0,0,0,-0.050000001,0.050000001,0.100000002,0,0,0,8
7.99,0,0,0,0,-0.090000004,0.050000001,0.119999997,0,0,0,8
8,0,0,0,0,-0.059999999,0.029999999,0.059999999,0,0,0,8
8.01,0,0,0,0,0.01,-0.029999999,0.02,0,0,0,8
8.02,0,0,0,0,0.039999999,-0.039999999,0,0,0,0,8
8.03,0,0,0,0,0.01,-0.059999999,0.079999998,0,0,0,8
8.04,0,0,0,0,-0.059999999,0,0.079999998,0,0,0,8
8.05,0,0,0,0,-0.07,0.07,0.100000002,0,0,0,8
8.06,0,0,0,0,-0.01,0.059999999,0.100000002,0,0,0,8
8.07,0,0,0,0,0.059999999,-0.039999999,0,0,0,0,8
8.08,0,0,0,0,0.090000004,-0.079999998,0.01,0,0,0,8
8.09,0,0,0,0,0.050000001,-0.039999999,0,0,0,0,8
8.1,0,0,0,0,-0.02,-0.02,0.079999998,0,0,0,8
8.11,0,0,0,0,-0.059999999,0.059999999,0.140000001,0,0,0,8
8.12,0,0,0,0,-0.059999999,0.050000001,0.129999995,0,0,0,8
8.13,0,0,0,0,0.029999999,-0.02,0.07,0,0,0,8
8.14,0,0,0,0,0.029999999,-0.07,-0.02,0,0,0,8
8.15,0,0,0,0,0.01,-0.07,-0.029999999,0,0,0,8
8.16,0,0,0,0,-0.02,0,0.100000002,0,0,0,8
8.17,0,0,0,0,-0.059999999,0.050000001,0.150000006,0,0,0,8
8.18,0,0,0,0,-0.039999999,0.079999998,0.059999999,0,0,0,8
8.19,0,0,0,0,0.01,-0.02,0.059999999,0,0,0,8
8.2,0,0,0,0,0.039999999,-0.050000001,-0.01,0,0,0,8
8.21,0,0,0,0,0.039999999,-0.039999999,-0.02,0,0,0,8
8.22,0,0,0,0,0.02,0,0.079999998,0,0,0,8
8.23,0,0,0,0,-0.039999999,0.01,0.129999995,0,0,0,8
8.24,0,0,0,0,-0.029999999,0.039999999,0.090000004,0,0,0,8
8.25,0,0,0,0,0.01,0,0.059999999,0,0,0,8
8.26,0,0,0,0,0.07,-0.07,0.01,0,0,0,8
8.27,0,0,0,0,0.07,-0.050000001,-0.02,0,0,0,8
8.28,0,0,0,0,0,-0.029999999,0.029999999,0,0,0,8
8.29,0,0,0,0,-0.029999999,0.050000001,0.109999999,0,0,0,8
8.3,0,0,0,0,-0.07,0.090000004,0.129999995,0,0,0,8
8.31,0,0,0,0,-0.029999999,0.07,0.079999998,0,0,0,8
8.32,0,0,0,0,0.050000001,-0.02,-0.01,0,0,0,8
8.33,0,0,0,0,0.029999999,-0.039999999,-0.029999999,0,0,0,8
8.34,0,0,0,0,0.02,-0.02,0,0,0,0,8
8.35,0,0,0,0,-0.039999999,0.01,0.079999998,0,0,0,8
8.36,0,0,0,0,-0.07,0.039999999,0.159999996,0,0,0,8
8.37,0,0,0,0,-0.029999999,0.029999999,0.129999995,0,0,0,8
8.38,0,0,0,0,0.07,-0.07,0.059999999,0,0,0,8
8.39,0,0,0,0,0.090000004,-0.090000004,-0.02,0,0,0,8
8.4,0,0,0,0,0,-0.029999999,0,0,0,0,8
8.41,0,0,0,0,0.01,0.02,0.119999997,0,0,0,8
8.42,0,0,0,0,-0.079999998,0.07,0.140000001,0,0,0,8
8.43,0,0,0,0,-0.029999999,0.050000001,0.079999998,0,0,0,8
8.44,0,0,0,0,0.01,0,0,0,0,0,8
8.45,0,0,0,0,0.050000001,-0.039999999,-0.039999999,0,0,0,8
8.46,0,0,0,0,0.029999999,-0.039999999,-0.050000001,0,0,0,8
8.47,0,0,0,0,-0.029999999,0,0.100000002,0,0,0,8
8.48,0,0,0,0,-0.07,0.059999999,0.119999997,0,0,0,8
8.49,0,0,0,0,-0.07,0.050000001,0.059999999,0,0,0,8
8.5,0,0,0,0,0.029999999,-0.029999999,0.079999998,0,0,0,8
8.51,0,0,0,0,0.050000001,-0.07,-0.029999999,0,0,0,8
8.52,0,0,0,0,0.02,-0.02,-0.02,0,0,0,8
8.53,0,0,0,0,0,0,0.109999999,0,0,0,8
8.54,0,0,0,0,-0.07,0.050000001,0.079999998,0,0,0,8
8.55,0,0,0,0,-0.02,0.07,0.119999997,0,0,0,8
8.56,0,0,0,0,0.01,0,0.01,0,0,0,8
8.57,0,0,0,0,0.07,-0.039999999,0.02,0,0,0,8
8.58,0,0,0,0,0.059999999,-0.059999999,-0.050000001,0,0,0,8
8.59,0,0,0,0,0,-0.039999999,0.039999999,0,0,0,8
8.6,0,0,0,0,-0.039999999,0.039999999,0.109999999,0,0,0,8
8.61,0,0,0,0,-0.07,0.090000004,0.090000004,0,0,0,8
8.62,0,0,0,0,0,0,0.07,0,0,0,8
8.63,0,0,0,0,0.039999999,-0.050000001,0,0,0,0,8
8.64,0,0,0,0,0.029999999,-0.07,-0.02,0,0,0,8
8.65,0,0,0,0,0,-0.01,0.059999999,0,0,0,8
8.66,0,0,0,0,-0.059999999,0.039999999,0.129999995,0,0,0,8
8.67,0,0,0,0,-0.039999999,0.090000004,0.140000001,0,0,0,8
8.68,0,0,0,0,-0.01,0.029999999,0.079999998,0,0,0,8
8.69,0,0,0,0,0.059999999,-0.039999999,0,0,0,0,8
8.7,0,0,0,0,0.050000001,-0.029999999,-0.07,0,0,0,8
8.71,0,0,0,0,0.02,0,0.050000001,0,0,0,8
8.72,0,0,0,0,-0.01,0.029999999,0.109999999,0,0,0,8
8.73,0,0,0,0,-0.059999999,0.07,0.090000004,0,0,0,8
8.74,0,0,0,0,-0.01,0.02,0.100000002,0,0,0,8
8.75,0,0,0,0,0.02,-0.02,0.02,0,0,0,8
8.76,0,0,0,0,0.050000001,-0.07,-0.01,0,0,0,8
8.77,0,0,0,0,0.01,-0.02,0.029999999,0,0,0,8
8.78,0,0,0,0,-0.050000001,0,0.100000002,0,0,0,8
8.79,0,0,0,0,-0.07,0.100000002,0.129999995,0,0,0,8
8.8,0,0,0,0,-0.059999999,0.059999999,0.07,0,0,0,8
8.81,0,0,0,0,0.050000001,-0.059999999,0,0,0,0,8
8.82,0,0,0,0,0.039999999,-0.079999998,0,0,0,0,8
8.83,0,0,0,0,0.02,-0.050000001,0.01,0,0,0,8
8.84,0,0,0,0,-0.01,0,0.109999999,0,0,0,8
8.85,0,0,0,0,-0.07,0.050000001,0.079999998,0,0,0,8
8.86,0,0,0,0,0,0.050000001,0.050000001,0,0,0,8
8.87,0,0,0,0,0.029999999,-0.01,0.039999999,0,0,0,8
8.88,0,0,0,0,0.059999999,-0.029999999,-0.02,0,0,0,8
8.89,0,0,0,0,0.029999999,-0.039999999,0.01,0,0,0,8
8.9,0,0,0,0,-0.02,0,0.140000001,0,0,0,8
8.91,0,0,0,0,-0.059999999,0.07,0.140000001,0,0,0,8
8.92,0,0,0,0,-0.050000001,0.079999998,0,0,0,0,8
8.93,0,0,0,0,0.029999999,-0.02,0.02,0,0,0,8
8.94,0,0,0,0,0.059999999,-0.07,-0.050000001,0,0,0,8
8.95,0,0,0,0,0.029999999,-0.07,0.01,0,0,0,8
8.96,0,0,0,0,-0.039999999,0,0.150000006,0,0,0,8
8.97,0,0,0,0,-0.059999999,0.029999999,0.129999995,0,0,0,8
8.98,0,0,0,0,-0.039999999,0.059999999,0.02,0,0,0,8
8.99,0,0,0,0,-0.02,0,-0.02,0,0,0,8
9,0,0,0,0,0.029999999,-0.050000001,0.01,0,0,0,8
9.01,0,0,0,0,0.02,-0.059999999,0.039999999,0,0,0,8
9.02,0,0,0,0,0,-0.01,0.100000002,0,0,0,8
9.03,0,0,0,0,-0.02,0.01,0.079999998,0,0,0,8
9.04,0,0,0,0,-0.050000001,0.07,0.01,0,0,0,8
9.05,0,0,0,0,0.039999999,0.02,-0.01,0,0,0,8
9.06,0,0,0,0,0.029999999,-0.039999999,0,0,0,0,8
9.07,0,0,0,0,0.050000001,-0.050000001,0.029999999,0,0,0,8
9.08,0,0,0,0,0,-0.01,0.090000004,0,0,0,8
9.09,0,0,0,0,-0.07,0.029999999,0.140000001,0,0,0,8
9.1,0,0,0,0,-0.050000001,0.100000002,0.07,0,0,0,8
9.11,0,0,0,0,-0.02,0.029999999,0,0,0,0,8
9.12,0,0,0,0,0.050000001,-0.039999999,0,0,0,0,8
9.13,0,0,0,0,0.039999999,-0.090000004,-0.029999999,0,0,0,8
9.14,0,0,0,0,0,-0.039999999,0.050000001,0,0,0,8
9.15,0,0,0,0,-0.029999999,0,0.159999996,0,0,0,8
9.16,0,0,0,0,-0.07,0.059999999,0.039999999,0,0,0,8
9.17,0,0,0,0,0,0.050000001,0.039999999,0,0,0,8
9.18,0,0,0,0,0.029999999,-0.039999999,0,0,0,0,8
9.19,0,0,0,0,0.079999998,-0.079999998,-0.02,0,0,0,8
9.2,0,0,0,0,0.029999999,-0.050000001,0.07,0,0,0,8
9.21,0,0,0,0,-0.039999999,0,0.100000002,0,0,0,8
9.22,0,0,0,0,-0.039999999,0.090000004,0.119999997,0,0,0,8
9.23,0,0,0,0,-0.050000001,0.050000001,0,0,0,0,8
9.24,0,0,0,0,0.050000001,-0.039999999,0.01,0,0,0,8
9.25,0,0,0,0,0.029999999,-0.059999999,0,0,0,0,8
9.26,0,0,0,0,0.01,-0.039999999,0.059999999,0,0,0,8
9.27,0,0,0,0,-0.039999999,0,0.109999999,0,0,0,8
9.28,0,0,0,0,-0.059999999,0.050000001,0.059999999,0,0,0,8
9.29,0,0,0,0,-0.02,0.07,0,0,0,0,8
9.3,0,0,0,0,0.01,0,-0.02,0,0,0,8
9.31,0,0,0,0,0.059999999,-0.059999999,0.01,0,0,0,8
9.32,0,0,0,0,0.029999999,-0.07,0.07,0,0,0,8
9.33,0,0,0,0,-0.01,-0.039999999,0.159999996,0,0,0,8
9.34,0,0,0,0,-0.059999999,0.039999999,0.109999999,0,0,0,8
9.35,0,0,0,0,-0.050000001,0.059999999,0.02,0,0,0,8
9.36,0,0,0,0,0.02,0,0.029999999,0,0,0,8
9.37,0,0,0,0,0.02,-0.07,-0.050000001,0,0,0,8
9.38,0,0,0,0,0.050000001,-0.029999999,0.039999999,0,0,0,8
9.39,0,0,0,0,-0.039999999,0,0.090000004,0,0,0,8
9.4,0,0,0,0,-0.079999998,0.029999999,0.100000002,0,0,0,8
9.41,0,0,0,0,-0.059999999,0.079999998,-0.01,0,0,0,8
9.42,0,0,0,0,-0.01,0.02,0.01,0,0,0,8
9.43,0,0,0,0,0.07,-0.050000001,0.02,0,0,0,8
9.44,0,0,0,0,0.029999999,-0.050000001,0.01,0,0,0,8
9.45,0,0,0,0,0,-0.050000001,0.129999995,0,0,0,8
9.46,0,0,0,0,-0.039999999,0.050000001,0.119999997,0,0,0,8
9.47,0,0,0,0,-0.029999999,0.039999999,0.029999999,0,0,0,8
9.48,0,0,0,0,0.01,0,0,0,0,0,8
9.49,0,0,0,0,0.01,-0.059999999,-0.01,0,0,0,8
9.5,0,0,0,0,0.039999999,-0.039999999,0.029999999,0,0,0,8
9.51,0,0,0,0,0,-0.01,0.090000004,0,0,0,8
9.52,0,0,0,0,-0.059999999,0.039999999,0.140000001,0,0,0,8
9.53,0,0,0,0,-0.050000001,0.109999999,0.079999998,0,0,0,8
9.54,0,0,0,0,-0.02,0.02,0,0,0,0,8
9.55,0,0,0,0,0.059999999,-0.029999999,0,0,0,0,8
9.56,0,0,0,0,0.01,-0.059999999,-0.01,0,0,0,8
9.57,0,0,0,0,0.02,-0.059999999,0.090000004,0,0,0,8
9.58,0,0,0,0,-0.02,0,0.119999997,0,0,0,8
9.59,0,0,0,0,-0.059999999,0.07,0.07,0,0,0,8
9.6,0,0,0,0,0,0.050000001,0.07,0,0,0,8
9.61,0,0,0,0,0,-0.01,-0.02,0,0,0,8
9.62,0,0,0,0,0.07,-0.039999999,0,0,0,0,8
9.63,0,0,0,0,0.029999999,-0.039999999,0.039999999,0,0,0,8
9.64,0,0,0,0,0,0.01,0.119999997,0,0,0,8
9.65,0,0,0,0,-0.059999999,0.090000004,0.059999999,0,0,0,8
9.66,0,0,0,0,-0.039999999,0.029999999,0.050000001,0,0,0,8
9.67,0,0,0,0,0.059999999,-0.029999999,0.039999999,0,0,0,8
9.68,0,0,0,0,0.01,-0.079999998,-0.02,0,0,0,8
9.69,0,0,0,0,0,-0.039999999,0.100000002,0,0,0,8
9.7,0,0,0,0,-0.059999999,-0.02,0.129999995,0,0,0,8
9.71,0,0,0,0,-0.079999998,0.07,0.140000001,0,0,0,8
9.72,0,0,0,0,-0.01,0.079999998,0,0,0,0,8
9.73,0,0,0,0,0.029999999,-0.02,-0.029999999,0,0,0,8
9.74,0,0,0,0,0.079999998,-0.039999999,0,0,0,0,8
9.75,0,0,0,0,0.029999999,-0.07,0.02,0,0,0,8
9.76,0,0,0,0,0,0,0.189999998,0,0,0,8
9.77,0,0,0,0,-0.039999999,0.050000001,0.109999999,0,0,0,8
9.78,0,0,0,0,0,0.029999999,0.029999999,0,0,0,8
9.79,0,0,0,0,0.059999999,0,0,0,0,0,8
9.8,0,0,0,0,0.02,-0.050000001,-0.01,0,0,0,8
9.81,0,0,0,0,0.039999999,-0.059999999,0.039999999,0,0,0,8
9.82,0,0,0,0,-0.029999999,-0.02,0.079999998,0,0,0,8
9.83,0,0,0,0,-0.059999999,0.059999999,0.109999999,0,0,0,8
9.84,0,0,0,0,-0.059999999,0.090000004,0,0,0,0,8
9.85,0,0,0,0,-0.02,-0.01,0.029999999,0,0,0,8
9.86,0,0,0,0,0.059999999,-0.050000001,0.01,0,0,0,8
9.87,0,0,0,0,0.01,-0.059999999,0.01,0,0,0,8
9.88,0,0,0,0,0,0.01,0.159999996,0,0,0,8
9.89,0,0,0,0,-0.029999999,0.029999999,0.129999995,0,0,0,8
9.9,0,0,0,0,-0.050000001,0.050000001,0.059999999,0,0,0,8
9.91,0,0,0,0,0.02,0.02,-0.02,0,0,0,8
9.92,0,0,0,0,0.050000001,-0.07,-0.02,0,0,0,8
9.93,0,0,0,0,0.090000004,-0.100000002,0.029999999,0,0,0,8
9.94,0,0,0,0,-0.01,-0.029999999,0.07,0,0,0,8
9.95,0,0,0,0,-0.059999999,0.01,0.150000006,0,0,0,8
9.96,0,0,0,0,-0.059999999,0.100000002,0.07,0,0,0,8
9.97,0,0,0,0,-0.01,0.02,0.02,0,0,0,8
9.98,0,0,0,0,0.059999999,-0.07,0,0,0,0,8
9.99,0,0,0,0,0,-0.059999999,-0.02,0,0,0,8
10,0,0,0,0,0.029999999,-0.01,0.150000006,0,0,0,8
10.01,0,0,0,0,-0.059999999,0.039999999,0.119999997,0,0,0,8
10.02,0,0,0,0,-0.039999999,0.050000001,0.090000004,0,0,0,8
10.03,0,0,0,0,0.01,0.050000001,-0.029999999,0,0,0,8
10.04,0,0,0,0,0.039999999,-0.059999999,-0.029999999,0,0,0,8
10.05,0,0,0,0,0.079999998,-0.059999999,0.02,0,0,0,8
10.06,0,0,0,0,-0.01,-0.039999999,0.079999998,0,0,0,8
10.07,0,0,0,0,0,0.039999999,0.150000006,0,0,0,8
10.08,0,0,0,0,-0.050000001,0.090000004,0.090000004,0,0,0,8
10.09,0,0,0,0,-0.02,0.039999999,0,0,0,0,8
10.1,0,0,0,0,0.02,-0.01,0,0,0,0,8
10.11,0,0,0,0,0,-0.039999999,0.029999999,0,0,0,8
10.12,0,0,0,0,0.039999999,-0.059999999,0.109999999,0,0,0,8
10.13,0,0,0,0,-0.050000001,0.02,0.150000006,0,0,0,8
10.14,0,0,0,0,-0.050000001,0.07,0.129999995,0,0,0,8
10.15,0,0,0,0,-0.02,0.059999999,0.029999999,0,0,0,8
10.16,0,0,0,0,0.029999999,0,0,0,0,0,8
10.17,0,0,0,0,0.07,-0.050000001,0,0,0,0,8
10.18,0,0,0,0,0.02,-0.059999999,0,0,0,0,8
10.19,0,0,0,0,0,0.01,0.140000001,0,0,0,8
10.2,0,0,0,0,-0.059999999,0.059999999,0.119999997,0,0,0,8
10.21,0,0,0,0,-0.01,0.02,0.050000001,0,0,0,8
10.22,0,0,0,0,0.050000001,0.02,0.02,0,0,0,8
10.23,0,0,0,0,0.039999999,-0.090000004,-0.029999999,0,0,0,8
10.24,0,0,0,0,0.059999999,-0.07,0.050000001,0,0,0,8
10.25,0,0,0,0,-0.039999999,0,0.140000001,0,0,0,8
10.26,0,0,0,0,-0.050000001,0.050000001,0.129999995,0,0,0,8
10.27,0,0,0,0,-0.050000001,0.07,0.050000001,0,0,0,8
10.28,0,0,0,0,0.01,0.01,0.01,0,0,0,8
10.29,0,0,0,0,0.07,-0.050000001,-0.01,0,0,0,8
10.3,0,0,0,0,-0.01,-0.039999999,0.02,0,0,0,8
10.31,0,0,0,0,-0.01,-0.01,0.140000001,0,0,0,8
10.32,0,0,0,0,-0.100000002,0.050000001,0.150000006,0,0,0,8
10.33,0,0,0,0,-0.039999999,0.039999999,0.039999999,0,0,0,8
10.34,0,0,0,0,0,0.02,-0.01,0,0,0,8
10.35,0,0,0,0,0.050000001,-0.079999998,0,0,0,0,8
10.36,0,0,0,0,0.079999998,-0.050000001,0.059999999,0,0,0,8
10.37,0,0,0,0,0.02,-0.029999999,0.07,0,0,0,8
10.38,0,0,0,0,0.01,0.02,0.150000006,0,0,0,8
10.39,0,0,0,0,-0.039999999,0.07,0.050000001,0,0,0,8
10.4,0,0,0,0,0,0.02,0.039999999,0,0,0,8
10.41,0,0,0,0,0.090000004,-0.02,0,0,0,0,8
10.42,0,0,0,0,0.01,-0.050000001,0.02,0,0,0,8
10.43,0,0,0,0,0.01,-0.029999999,0.090000004,0,0,0,8
10.44,0,0,0,0,-0.07,0.029999999,0.100000002,0,0,0,8
10.45,0,0,0,0,-0.059999999,0.050000001,0.109999999,0,0,0,8
10.46,0,0,0,0,-0.01,0.050000001,0,0,0,0,8
10.47,0,0,0,0,0.050000001,-0.050000001,0,0,0,0,8
10.48,0,0,0,0,0.079999998,-0.059999999,-0.02,0,0,0,8
10.49,0,0,0,0,0,-0.059999999,0.079999998,0,0,0,8
10.5,0,0,0,0,-0.01,0.029999999,0.150000006,0,0,0,8
10.51,0,0,0,0,-0.079999998,0.079999998,0.050000001,0,0,0,8
10.52,0,0,0,0,-0.02,0.029999999,0,0,0,0,8
10.53,0,0,0,0,0.039999999,-0.039999999,-0.039999999,0,0,0,8
10.54,0,0,0,0,0.050000001,-0.07,0,0,0,0,8
10.55,0,0,0,0,0.02,-0.029999999,0.109999999,0,0,0,8
10.56,0,0,0,0,-0.029999999,0,0.119999997,0,0,0,8
10.57,0,0,0,0,-0.050000001,0.050000001,0.129999995,0,0,0,8
10.58,0,0,0,0,-0.039999999,0.039999999,0,0,0,0,8
10.59,0,0,0,0,0.039999999,-0.029999999,-0.01,0,0,0,8
10.6,0,0,0,0,0.039999999,-0.039999999,0.01,0,0,0,8
10.61,0,0,0,0,-0.02,-0.059999999,0.01,0,0,0,8
10.62,0,0,0,0,-0.01,0.01,0.129999995,0,0,0,8
10.63,0,0,0,0,-0.050000001,0.059999999,0.07,0,0,0,8
10.64,0,0,0,0,-0.01,0.050000001,0.01,0,0,0,8
10.65,0,0,0,0,0.029999999,0.01,-0.029999999,0,0,0,8
10.66,0,0,0,0,0.029999999,-0.039999999,0.01,0,0,0,8
10.67,0,0,0,0,0.029999999,-0.050000001,0.050000001,0,0,0,8
10.68,0,0,0,0,-0.02,-0.01,0.109999999,0,0,0,8
10.69,0,0,0,0,-0.01,0.050000001,0.140000001,0,0,0,8
10.7,0,0,0,0,-0.07,0.059999999,0.02,0,0,0,8
10.71,0,0,0,0,0.029999999,0.01,0.01,0,0,0,8
10.72,0,0,0,0,0.039999999,-0.059999999,-0.01,0,0,0,8
10.73,0,0,0,0,0.050000001,-0.079999998,-0.01,0,0,0,8
10.74,0,0,0,0,0,0,0.100000002,0,0,0,8
10.75,0,0,0,0,-0.079999998,0.050000001,0.109999999,0,0,0,8
10.76,0,0,0,0,-0.07,0.050000001,0.090000004,0,0,0,8
10.77,0,0,0,0,-0.01,0.029999999,0.01,0,0,0,8
10.78,0,0,0,0,0.01,-0.07,0,0,0,0,8
10.79,0,0,0,0,0.059999999,-0.029999999,0.01,0,0,0,8
10.8,0,0,0,0,-0.039999999,0,0.100000002,0,0,0,8
10.81,0,0,0,0,-0.050000001,0.039999999,0.150000006,0,0,0,8
10.82,0,0,0,0,-0.059999999,0.059999999,0.029999999,0,0,0,8
10.83,0,0,0,0,0.029999999,0.02,0.02,0,0,0,8
10.84,0,0,0,0,0.079999998,-0.050000001,-0.029999999,0,0,0,8
10.85,0,0,0,0,0.079999998,-0.059999999,0,0,0,0,8
10.86,0,0,0,0,0,-0.01,0.119999997,0,0,0,8
10.87,0,0,0,0,-0.050000001,0.02,0.109999999,0,0,0,8
10.88,0,0,0,0,-0.050000001,0.039999999,0.039999999,0,0,0,8
10.89,0,0,0,0,-0.029999999,0.050000001,-0.01,0,0,0,8
10.9,0,0,0,0,0.02,-0.050000001,0.02,0,0,0,8
10.91,0,0,0,0,0.02,-0.039999999,0,0,0,0,8
10.92,0,0,0,0,-0.029999999,-0.07,0.079999998,0,0,0,8
10.93,0,0,0,0,-0.050000001,0.02,0.150000006,0,0,0,8
10.94,0,0,0,0,-0.07,0.059999999,0.029999999,0,0,0,8
10.95,0,0,0,0,-0.01,0.029999999,0.039999999,0,0,0,8
10.96,0,0,0,0,0.050000001,-0.039999999,0,0,0,0,8
10.97,0,0,0,0,0.079999998,-0.050000001,0.029999999,0,0,0,8
10.98,0,0,0,0,0.050000001,-0.029999999,0.059999999,0,0,0,8
10.99,0,0,0,0,-0.029999999,0,0.119999997,0,0,0,8
11,0,0,0,0,-0.039999999,0.079999998,0.090000004,0,0,0,8
11.01,0,0,0,0,-0.039999999,0.059999999,0.029999999,0,0,0,8
11.02,0,0,0,0,0.029999999,-0.01,0.029999999,0,0,0,8
11.03,0,0,0,0,0.029999999,-0.039999999,0.01,0,0,0,8
11.04,0,0,0,0,0,-0.050000001,0.059999999,0,0,0,8
11.05,0,0,0,0,-0.039999999,0,0.109999999,0,0,0,8
11.06,0,0,0,0,-0.090000004,0.039999999,0.129999995,0,0,0,8
11.07,0,0,0,0,-0.02,0.059999999,0.029999999,0,0,0,8
11.08,0,0,0,0,0.02,0,-0.039999999,0,0,0,8
11.09,0,0,0,0,0.07,-0.059999999,0,0,0,0,8
11.1,0,0,0,0,0.050000001,-0.02,0.039999999,0,0,0,8
11.11,0,0,0,0,0.02,-0.01,0.129999995,0,0,0,8
11.12,0,0,0,0,-0.029999999,0.059999999,0.100000002,0,0,0,8
11.13,0,0,0,0,-0.029999999,0.050000001,0.039999999,0,0,0,8
11.14,0,0,0,0,0.029999999,0,0.039999999,0,0,0,8
11.15,0,0,0,0,0.029999999,-0.07,-0.01,0,0,0,8
11.16,0,0,0,0,0.029999999,-0.07,0.039999999,0,0,0,8
11.17,0,0,0,0,-0.01,0,0.109999999,0,0,0,8
11.18,0,0,0,0,-0.079999998,0.02,0.079999998,0,0,0,8
11.19,0,0,0,0,-0.059999999,0.059999999,0.029999999,0,0,0,8
11.2,0,0,0,0,-0.01,0.050000001,-0.039999999,0,0,0,8
11.21,0,0,0,0,0.050000001,-0.039999999,-0.01,0,0,0,8
11.22,0,0,0,0,0,-0.029999999,0,0,0,0,8
11.23,0,0,0,0,0.01,-0.039999999,0.07,0,0,0,8
11.24,0,0,0,0,-0.02,0.039999999,0.119999997,0,0,0,8
11.25,0,0,0,0,-0.050000001,0.059999999,0.02,0,0,0,8
11.26,0,0,0,0,0.01,0.01,0.050000001,0,0,0,8
11.27,0,0,0,0,0.039999999,-0.029999999,0,0,0,0,8
11.28,0,0,0,0,0.059999999,-0.07,0.050000001,0,0,0,8
11.29,0,0,0,0,0,-0.029999999,0.090000004,0,0,0,8
11.3,0,0,0,0,-0.050000001,0.02,0.140000001,0,0,0,8
11.31,0,0,0,0,-0.029999999,0.07,0.090000004,0,0,0,8
11.32,0,0,0,0,-0.01,0.039999999,0,0,0,0,8
11.33,0,0,0,0,0.050000001,-0.039999999,-0.01,0,0,0,8
11.34,0,0,0,0,0.029999999,-0.050000001,-0.02,0,0,0,8
11.35,0,0,0,0,0.029999999,-0.039999999,0.07,0,0,0,8
11.36,0,0,0,0,-0.050000001,0.050000001,0.129999995,0,0,0,8
11.37,0,0,0,0,-0.079999998,0.029999999,0.079999998,0,0,0,8
11.38,0,0,0,0,-0.01,0.039999999,0.050000001,0,0,0,8
11.39,0,0,0,0,0,-0.029999999,-0.029999999,0,0,0,8
11.4,0,0,0,0,0.090000004,-0.079999998,0.039999999,0,0,0,8
11.41,0,0,0,0,0.029999999,-0.029999999,0.059999999,0,0,0,8
11.42,0,0,0,0,0,0.02,0.140000001,0,0,0,8
11.43,0,0,0,0,-0.02,0.07,0.090000004,0,0,0,8
11.44,0,0,0,0,-0.039999999,0.02,0,0,0,0,8
11.45,0,0,0,0,0.050000001,-0.02,0.01,0,0,0,8
11.46,0,0,0,0,0.050000001,-0.050000001,0,0,0,0,8
11.47,0,0,0,0,0,-0.039999999,0.07,0,0,0,8
11.48,0,0,0,0,-0.039999999,0.02,0.119999997,0,0,0,8
11.49,0,0,0,0,-0.079999998,0.039999999,0.119999997,0,0,0,8
11.5,0,0,0,0,-0.029999999,0.07,0,0,0,0,8
11.51,0,0,0,0,0.01,0.01,-0.02,0,0,0,8
11.52,0,0,0,0,0.079999998,-0.07,0.02,0,0,0,8
11.53,0,0,0,0,0.029999999,-0.07,0,0,0,0,8
11.54,0,0,0,0,-0.01,-0.01,0.119999997,0,0,0,8
11.55,0,0,0,0,-0.039999999,0.059999999,0.100000002,0,0,0,8
11.56,0,0,0,0,-0.02,0.029999999,0.07,0,0,0,8
11.57,0,0,0,0,0.039999999,-0.01,0.029999999,0,0,0,8
11.58,0,0,0,0,0.07,-0.050000001,-0.039999999,0,0,0,8
11.59,0,0,0,0,0.050000001,-0.050000001,0,0,0,0,8
11.6,0,0,0,0,-0.029999999,0.01,0.090000004,0,0,0,8
11.61,0,0,0,0,-0.079999998,0.059999999,0.150000006,0,0,0,8
11.62,0,0,0,0,-0.059999999,0.100000002,0.07,0,0,0,8
11.63,0,0,0,0,-0.01,0,0,0,0,0,8
11.64,0,0,0,0,0.039999999,-0.039999999,0,0,0,0,8
11.65,0,0,0,0,0,-0.029999999,0.029999999,0,0,0,8
11.66,0,0,0,0,-0.02,-0.050000001,0.129999995,0,0,0,8
11.67,0,0,0,0,-0.07,0.050000001,0.129999995,0,0,0,8
11.68,0,0,0,0,-0.079999998,0.059999999,0.050000001,0,0,0,8
11.69,0,0,0,0,0.02,0.029999999,0.01,0,0,0,8
11.7,0,0,0,0,0.059999999,-0.059999999,-0.01,0,0,0,8
11.71,0,0,0,0,0.100000002,-0.07,0.01,0,0,0,8
11.72,0,0,0,0,0,-0.01,0.07,0,0,0,8
11.73,0,0,0,0,-0.029999999,0.01,0.140000001,0,0,0,8
11.74,0,0,0,0,-0.050000001,0.07,0.07,0,0,0,8
11.75,0,0,0,0,-0.039999999,0.039999999,0.029999999,0,0,0,8
11.76,0,0,0,0,0.050000001,-0.039999999,-0.01,0,0,0,8
11.77,0,0,0,0,0.050000001,-0.079999998,-0.02,0,0,0,8
11.78,0,0,0,0,0.02,-0.07,0.059999999,0,0,0,8
11.79,0,0,0,0,-0.039999999,0,0.109999999,0,0,0,8
11.8,0,0,0,0,-0.059999999,0.050000001,0.100000002,0,0,0,8
11.81,0,0,0,0,-0.029999999,0.039999999,0.02,0,0,0,8
11.82,0,0,0,0,0.01,-0.029999999,0,0,0,0,8
11.83,0,0,0,0,0.07,-0.059999999,0,0,0,0,8
11.84,0,0,0,0,0,-0.01,0.029999999,0,0,0,8
11.85,0,0,0,0,0,0.02,0.129999995,0,0,0,8
11.86,0,0,0,0,-0.050000001,0.07,0.119999997,0,0,0,8
11.87,0,0,0,0,0.01,0.029999999,0,0,0,0,8
11.88,0,0,0,0,0.059999999,0,0,0,0,0,8
11.89,0,0,0,0,0.039999999,-0.039999999,-0.029999999,0,0,0,8
11.9,0,0,0,0,0.02,-0.059999999,0.059999999,0,0,0,8
11.91,0,0,0,0,-0.059999999,0.029999999,0.150000006,0,0,0,8
11.92,0,0,0,0,-0.079999998,0.050000001,0.129999995,0,0,0,8
11.93,0,0,0,0,-0.079999998,0.050000001,0.02,0,0,0,8
11.94,0,0,0,0,-0.02,0.01,0,0,0,0,8
11.95,0,0,0,0,0.059999999,-0.059999999,-0.02,0,0,0,8
11.96,0,0,0,0,0,-0.050000001,0,0,0,0,8
11.97,0,0,0,0,0,-0.02,0.129999995,0,0,0,8
11.98,0,0,0,0,-0.050000001,0.039999999,0.100000002,0,0,0,8
11.99,0,0,0,0,-0.050000001,0.02,0.039999999,0,0,0,8
12,0,0,0,0,0.050000001,0,0.050000001,0,0,0,8
12.01,0,0,0,0,0.050000001,-0.050000001,-0.02,0,0,0,8
12.02,0,0,0,0,0.07,-0.050000001,0.029999999,0,0,0,8
12.03,0,0,0,0,0,0,0.07,0,0,0,8
12.04,0,0,0,0,-0.039999999,0.039999999,0.189999998,0,0,0,8
12.05,0,0,0,0,-0.07,0.079999998,0.07,0,0,0,8
12.06,0,0,0,0,-0.01,0.039999999,0.01,0,0,0,8
12.07,0,0,0,0,0.039999999,-0.039999999,0.01,0,0,0,8
12.08,0,0,0,0,0,-0.059999999,0.01,0,0,0,8
12.09,0,0,0,0,0,-0.029999999,0.109999999,0,0,0,8
12.1,0,0,0,0,-0.079999998,0.01,0.119999997,0,0,0,8
12.11,0,0,0,0,-0.050000001,0.039999999,0.100000002,0,0,0,8
12.12,0,0,0,0,-0.01,0.029999999,0.01,0,0,0,8
12.13,0,0,0,0,0.059999999,-0.059999999,-0.01,0,0,0,8
12.14,0,0,0,0,0.079999998,-0.07,0.02,0,0,0,8
12.15,0,0,0,0,0.050000001,-0.02,0.059999999,0,0,0,8
12.16,0,0,0,0,0.01,0.029999999,0.159999996,0,0,0,8
12.17,0,0,0,0,-0.039999999,0.07,0.119999997,0,0,0,8
12.18,0,0,0,0,0.02,0.039999999,0.039999999,0,0,0,8
12.19,0,0,0,0,0.039999999,0,-0.01,0,0,0,8
12.2,0,0,0,0,0.02,-0.050000001,-0.029999999,0,0,0,8
12.21,0,0,0,0,0,-0.01,0,0,0,0,8
12.22,0,0,0,0,-0.07,0.029999999,0.050000001,0,0,0,8
12.23,0,0,0,0,-0.109999999,0.039999999,0.059999999,0,0,0,8
12.24,0,0,0,0,-0.050000001,0.059999999,0,0,0,0,8
12.25,0,0,0,0,0.01,-0.050000001,0.029999999,0,0,0,8
12.26,0,0,0,0,0.07,-0.07,0.039999999,0,0,0,8
12.27,0,0,0,0,0.039999999,-0.079999998,0.100000002,0,0,0,8
12.28,0,0,0,0,-0.02,-0.029999999,0.209999993,0,0,0,8
12.29,0,0,0,0,-0.090000004,0.029999999,0.150000006,0,0,0,8
12.3,0,0,0,0,-0.01,0.02,0.079999998,0,0,0,8
12.31,0,0,0,0,0.050000001,-0.029999999,0,0,0,0,8
12.32,0,0,0,0,0.100000002,-0.100000002,-0.059999999,0,0,0,8
12.33,0,0,0,0,0.07,0,-0.050000001,0,0,0,8
12.34,0,0,0,0,0,0,0.050000001,0,0,0,8
12.35,0,0,0,0,-0.029999999,0.079999998,0.119999997,0,0,0,8
12.36,0,0,0,0,-0.059999999,0.100000002,0.039999999,0,0,0,8
12.37,0,0,0,0,0.029999999,0,0.02,0,0,0,8
12.38,0,0,0,0,0.059999999,-0.039999999,0,0,0,0,8
12.39,0,0,0,0,0,-0.050000001,0,0,0,0,8
12.4,0,0,0,0,-0.039999999,0.01,0.129999995,0,0,0,8
12.41,0,0,0,0,-0.109999999,0.059999999,0.119999997,0,0,0,8
12.42,0,0,0,0,-0.100000002,0.100000002,0.109999999,0,0,0,8
12.43,0,0,0,0,-0.02,0.039999999,0.050000001,0,0,0,8
12.44,0,0,0,0,0.050000001,-0.039999999,0,0,0,0,8
12.45,0,0,0,0,0.100000002,-0.050000001,0.01,0,0,0,8
12.46,0,0,0,0,0.01,0,0.079999998,0,0,0,8
12.47,0,0,0,0,0,0,0.140000001,0,0,0,8
12.48,0,0,0,0,-0.029999999,0,0.07,0,0,0,8
12.49,0,0,0,0,0.029999999,-0.07,-0.01,0,0,0,8
12.5,0,0,0,0,0.079999998,-0.109999999,-0.059999999,0,0,0,8
12.51,0,0,0,0,0.02,-0.140000001,-0.039999999,0,0,0,8
12.52,0,0,0,0,0,-0.100000002,0.050000001,0,0,0,8
12.53,0,0,0,0,-0.100000002,0,0.119999997,0,0,0,8
12.54,0,0,0,0,-0.090000004,0.079999998,0.119999997,0,0,0,8
12.55,0,0,0,0,-0.07,0.059999999,0.02,0,0,0,8
12.56,0,0,0,0,-0.07,0.059999999,0.02,0,0,0,8
12.57,0,0,0,0,0.050000001,0.01,0.02,0,0,0,8
12.58,0,0,0,0,0.029999999,0.07,0.07,0,0,0,8
12.59,0,0,0,0,0,0.109999999,0.170000002,0,0,0,8
12.6,0,0,0,0,-0.039999999,0.100000002,0.100000002,0,0,0,8
12.61,0,0,0,0,0.029999999,0.039999999,0.100000002,0,0,0,8
12.62,0,0,0,0,0.059999999,-0.029999999,-0.02,0,0,0,8
12.63,0,0,0,0,0.059999999,-0.090000004,-0.039999999,0,0,0,8
12.64,0,0,0,0,0,-0.059999999,0.02,0,0,0,8
12.65,0,0,0,0,-0.039999999,-0.050000001,0.119999997,0,0,0,8
12.66,0,0,0,0,-0.059999999,0.02,0.140000001,0,0,0,8
12.67,0,0,0,0,-0.059999999,0.01,-0.01,0,0,0,8
12.68,0,0,0,0,0,-0.050000001,0.02,0,0,0,8
12.69,0,0,0,0,0.02,-0.059999999,-0.039999999,0,0,0,8
12.7,0,0,0,0,-0.01,-0.050000001,0.029999999,0,0,0,8
12.71,0,0,0,0,-0.050000001,0.01,0.119999997,0,0,0,8
12.72,0,0,0,0,-0.07,0.059999999,0.100000002,0,0,0,8
12.73,0,0,0,0,-0.01,0.050000001,0.079999998,0,0,0,8
12.74,0,0,0,0,0.059999999,0,0.029999999,0,0,0,8
12.75,0,0,0,0,0.159999996,-0.050000001,0,0,0,0,8
12.76,0,0,0,0,0.170000002,-0.02,0.01,0,0,0,8
12.77,0,0,0,0,0.050000001,0,0.109999999,0,0,0,8
12.78,0,0,0,0,-0.07,0.07,0.109999999,0,0,0,8
12.79,0,0,0,0,-0.100000002,0.07,0.039999999,0,0,0,8
12.8,0,0,0,0,-0.02,0.01,0.050000001,0,0,0,8
12.81,0,0,0,0,0,-0.02,-0.059999999,0,0,0,8
12.82,0,0,0,0,0.01,-0.050000001,-0.029999999,0,0,0,8
12.83,0,0,0,0,-0.050000001,-0.02,0.059999999,0,0,0,8
12.84,0,0,0,0,-0.150000006,0.01,0.100000002,0,0,0,8
12.85,0,0,0,0,-0.119999997,0.01,0.050000001,0,0,0,8
12.86,0,0,0,0,-0.029999999,-0.02,-0.039999999,0,0,0,8
12.87,0,0,0,0,0.029999999,-0.129999995,-0.039999999,0,0,0,8
12.88,0,0,0,0,0.039999999,-0.109999999,0,0,0,0,8
12.89,0,0,0,0,0,-0.050000001,0.129999995,0,0,0,8
12.9,0,0,0,0,0.050000001,0.01,0.189999998,0,0,0,8
12.91,0,0,0,0,0.029999999,0.100000002,0.090000004,0,0,0,8
12.92,0,0,0,0,0.119999997,0.050000001,0.050000001,0,0,0,8
12.93,0,0,0,0,0.119999997,-0.02,0,0,0,0,8
12.94,0,0,0,0,0.07,-0.050000001,0.059999999,0,0,0,8
12.95,0,0,0,0,0,0.01,0.150000006,0,0,0,8
12.96,0,0,0,0,-0.119999997,0.02,0.079999998,0,0,0,8
12.97,0,0,0,0,-0.100000002,0.059999999,0.02,0,0,0,8
12.98,0,0,0,0,-0.079999998,0.050000001,-0.039999999,0,0,0,8
12.99,0,0,0,0,0.01,-0.059999999,-0.050000001,0,0,0,8
13,0,0,0,0,0,-0.039999999,0,0,0,0,8
13.01,0,0,0,0,0,0,0.100000002,0,0,0,8
13.02,0,0,0,0,-0.02,0.029999999,0.209999993,0,0,0,8
13.03,0,0,0,0,-0.079999998,0.090000004,0.07,0,0,0,8
13.04,0,0,0,0,-0.02,0.07,0.050000001,0,0,0,8
13.05,0,0,0,0,0.050000001,0,0.029999999,0,0,0,8
13.06,0,0,0,0,0.07,-0.079999998,0.07,0,0,0,8
13.07,0,0,0,0,0.02,-0.050000001,0.079999998,0,0,0,8
13.08,0,0,0,0,-0.029999999,-0.059999999,0.109999999,0,0,0,8
13.09,0,0,0,0,-0.02,0,0.059999999,0,0,0,8
13.1,0,0,0,0,-0.02,-0.01,-0.07,0,0,0,8
13.11,0,0,0,0,0.079999998,-0.059999999,-0.039999999,0,0,0,8
13.12,0,0,0,0,0.090000004,-0.07,0.029999999,0,0,0,8
13.13,0,0,0,0,0.01,-0.07,0.050000001,0,0,0,8
13.14,0,0,0,0,-0.050000001,0,0.180000007,0,0,0,8
13.15,0,0,0,0,-0.100000002,0.079999998,0.079999998,0,0,0,8
13.16,0,0,0,0,-0.07,0.090000004,0.029999999,0,0,0,8
13.17,0,0,0,0,0.02,0.02,-0.01,0,0,0,8
13.18,0,0,0,0,0.07,-0.01,0.050000001,0,0,0,8
13.19,0,0,0,0,0.029999999,0.01,0.029999999,0,0,0,8
13.2,0,0,0,0,-0.01,0.039999999,0.140000001,0,0,0,8
13.21,0,0,0,0,-0.050000001,0.07,0.059999999,0,0,0,8
13.22,0,0,0,0,-0.039999999,0.039999999,-0.02,0,0,0,8
13.23,0,0,0,0,0.039999999,-0.01,0,0,0,0,8
13.24,0,0,0,0,0.039999999,-0.100000002,0.029999999,0,0,0,8
13.25,0,0,0,0,0.050000001,-0.090000004,0.119999997,0,0,0,8
13.26,0,0,0,0,0,-0.029999999,0.150000006,0,0,0,8
13.27,0,0,0,0,-0.050000001,0.039999999,0.119999997,0,0,0,8
13.28,0,0,0,0,-0.079999998,0.059999999,0.039999999,0,0,0,8
13.29,0,0,0,0,-0.050000001,0.01,0.01,0,0,0,8
13.3,0,0,0,0,0.029999999,-0.07,-0.029999999,0,0,0,8
13.31,0,0,0,0,0.02,-0.07,0,0,0,0,8
13.32,0,0,0,0,0.01,-0.039999999,0.090000004,0,0,0,8
13.33,0,0,0,0,-0.029999999,0.02,0.090000004,0,0,0,8
13.34,0,0,0,0,-0.02,0.07,0.079999998,0,0,0,8
13.35,0,0,0,0,0.029999999,0.050000001,0.029999999,0,0,0,8
13.36,0,0,0,0,0.090000004,0,0,0,0,0,8
13.37,0,0,0,0,0.07,-0.039999999,0.07,0,0,0,8
13.38,0,0,0,0,-0.02,0,0.07,0,0,0,8
13.39,0,0,0,0,-0.039999999,0.07,0.150000006,0,0,0,8
13.4,0,0,0,0,-0.059999999,0.07,0.039999999,0,0,0,8
13.41,0,0,0,0,-0.01,0,0,0,0,0,8
13.42,0,0,0,0,0.039999999,-0.059999999,0.02,0,0,0,8
13.43,0,0,0,0,-0.01,-0.079999998,0.079999998,0,0,0,8
13.44,0,0,0,0,-0.029999999,-0.029999999,0.100000002,0,0,0,8
13.45,0,0,0,0,-0.090000004,0.02,0.100000002,0,0,0,8
13.46,0,0,0,0,-0.059999999,0.07,0.039999999,0,0,0,8
13.47,0,0,0,0,-0.01,0.059999999,-0.02,0,0,0,8
13.48,0,0,0,0,0.07,-0.029999999,-0.029999999,0,0,0,8
13.49,0,0,0,0,0.090000004,-0.050000001,0.059999999,0,0,0,8
13.5,0,0,0,0,0.029999999,-0.02,0.050000001,0,0,0,8
13.51,0,0,0,0,0.059999999,0,0.150000006,0,0,0,8
13.52,0,0,0,0,-0.029999999,0.07,0.090000004,0,0,0,8
13.53,0,0,0,0,-0.02,0.02,-0.029999999,0,0,0,8
13.54,0,0,0,0,0.039999999,-0.01,0.050000001,0,0,0,8
13.55,0,0,0,0,0.01,-0.050000001,0.090000004,0,0,0,8
13.56,0,0,0,0,-0.01,-0.050000001,0.079999998,0,0,0,8
13.57,0,0,0,0,-0.109999999,0,0.079999998,0,0,0,8
13.58,0,0,0,0,-0.109999999,0.059999999,0.079999998,0,0,0,8
13.59,0,0,0,0,-0.100000002,0.050000001,-0.029999999,0,0,0,8
13.6,0,0,0,0,0,0,0,0,0,0,8
13.61,0,0,0,0,0.079999998,-0.07,-0.01,0,0,0,8
13.62,0,0,0,0,0.050000001,-0.07,0.01,0,0,0,8
13.63,0,0,0,0,0.02,-0.02,0.109999999,0,0,0,8
13.64,0,0,0,0,-0.01,0.059999999,0.100000002,0,0,0,8
13.65,0,0,0,0,-0.01,0.07,0.039999999,0,0,0,8
13.66,0,0,0,0,0.07,-0.01,0,0,0,0,8
13.67,0,0,0,0,0.07,-0.059999999,0,0,0,0,8
13.68,0,0,0,0,0.039999999,-0.07,0.029999999,0,0,0,8
13.69,0,0,0,0,-0.039999999,0.02,0.150000006,0,0,0,8
13.7,0,0,0,0,-0.090000004,0.050000001,0.140000001,0,0,0,8
13.71,0,0,0,0,-0.100000002,0.059999999,0.02,0,0,0,8
13.72,0,0,0,0,-0.02,0,0.029999999,0,0,0,8
13.73,0,0,0,0,0.039999999,-0.039999999,0,0,0,0,8
13.74,0,0,0,0,0.01,-0.029999999,0.02,0,0,0,8
13.75,0,0,0,0,0.01,0,0.109999999,0,0,0,8
13.76,0,0,0,0,-0.050000001,0.050000001,0.109999999,0,0,0,8
13.77,0,0,0,0,0,0.059999999,0.01,0,0,0,8
13.78,0,0,0,0,0.02,0.01,0,0,0,0,8
13.79,0,0,0,0,0.050000001,-0.07,0.039999999,0,0,0,8
13.8,0,0,0,0,0.07,-0.029999999,0.02,0,0,0,8
13.81,0,0,0,0,0,-0.029999999,0.129999995,0,0,0,8
13.82,0,0,0,0,-0.029999999,0.050000001,0.150000006,0,0,0,8
13.83,0,0,0,0,-0.039999999,0.07,0.029999999,0,0,0,8
13.84,0,0,0,0,0,-0.01,0,0,0,0,8
13.85,0,0,0,0,0.039999999,-0.050000001,0,0,0,0,8
13.86,0,0,0,0,0.029999999,-0.079999998,-0.02,0,0,0,8
13.87,0,0,0,0,0.01,-0.029999999,0.100000002,0,0,0,8
13.88,0,0,0,0,-0.07,0.029999999,0.150000006,0,0,0,8
13.89,0,0,0,0,-0.079999998,0.100000002,0.129999995,0,0,0,8
13.9,0,0,0,0,-0.02,0.050000001,0.029999999,0,0,0,8
13.91,0,0,0,0,0.050000001,-0.029999999,0,0,0,0,8
13.92,0,0,0,0,0.050000001,-0.059999999,0,0,0,0,8
13.93,0,0,0,0,-0.01,-0.02,0.100000002,0,0,0,8
13.94,0,0,0,0,0,-0.01,0.159999996,0,0,0,8
13.95,0,0,0,0,-0.059999999,0.039999999,0.039999999,0,0,0,8
13.96,0,0,0,0,0.01,0,-0.02,0,0,0,8
13.97,0,0,0,0,0.050000001,-0.039999999,0.01,0,0,0,8
13.98,0,0,0,0,0.050000001,-0.059999999,0,0,0,0,8
13.99,0,0,0,0,0.02,-0.029999999,0.090000004,0,0,0,8
14,0,0,0,0,-0.07,0.029999999,0.159999996,0,0,0,8
14.01,0,0,0,0,-0.07,0.119999997,0.100000002,0,0,0,8
14.02,0,0,0,0,-0.029999999,0.07,-0.029999999,0,0,0,8
14.03,0,0,0,0,0.02,-0.059999999,-0.039999999,0,0,0,8
14.04,0,0,0,0,0,-0.059999999,-0.029999999,0,0,0,8
14.05,0,0,0,0,0,-0.050000001,0.090000004,0,0,0,8
14.06,0,0,0,0,0,0,0.159999996,0,0,0,8
14.07,0,0,0,0,-0.079999998,0.039999999,0.090000004,0,0,0,8
14.08,0,0,0,0,-0.01,0.039999999,0.01,0,0,0,8
14.09,0,0,0,0,0.02,-0.029999999,-0.01,0,0,0,8
14.1,0,0,0,0,0.079999998,-0.059999999,0.01,0,0,0,8
14.11,0,0,0,0,0.059999999,-0.050000001,0.059999999,0,0,0,8
14.12,0,0,0,0,-0.029999999,0.02,0.159999996,0,0,0,8
14.13,0,0,0,0,-0.029999999,0.100000002,0.129999995,0,0,0,8
14.14,0,0,0,0,-0.050000001,0.050000001,0,0,0,0,8
14.15,0,0,0,0,0.029999999,-0.01,0.01,0,0,0,8
14.16,0,0,0,0,0.050000001,-0.07,-0.02,0,0,0,8
14.17,0,0,0,0,0,-0.07,0.07,0,0,0,8
14.18,0,0,0,0,-0.029999999,-0.029999999,0.129999995,0,0,0,8
14.19,0,0,0,0,-0.079999998,0.050000001,0.109999999,0,0,0,8
14.2,0,0,0,0,-0.02,0.059999999,0,0,0,0,8
14.21,0,0,0,0,0.059999999,-0.02,-0.01,0,0,0,8
14.22,0,0,0,0,0.050000001,-0.059999999,0.01,0,0,0,8
14.23,0,0,0,0,0.039999999,-0.039999999,0,0,0,0,8
14.24,0,0,0,0,0,0,0.159999996,0,0,0,8
14.25,0,0,0,0,-0.02,0.050000001,0.109999999,0,0,0,8
14.26,0,0,0,0,-0.039999999,0.07,-0.039999999,0,0,0,8
14.27,0,0,0,0,0.02,0,0,0,0,0,8
14.28,0,0,0,0,0.039999999,-0.050000001,-0.02,0,0,0,8
14.29,0,0,0,0,0.02,-0.050000001,0.059999999,0,0,0,8
14.3,0,0,0,0,-0.02,-0.01,0.150000006,0,0,0,8
14.31,0,0,0,0,-0.07,0.039999999,0.119999997,0,0,0,8
14.32,0,0,0,0,-0.039999999,0.050000001,0.01,0,0,0,8
14.33,0,0,0,0,0,0,0,0,0,0,8
14.34,0,0,0,0,0.039999999,-0.050000001,0.01,0,0,0,8
14.35,0,0,0,0,0.01,-0.059999999,0.01,0,0,0,8
14.36,0,0,0,0,-0.01,-0.02,0.100000002,0,0,0,8
14.37,0,0,0,0,-0.02,0.050000001,0.109999999,0,0,0,8
14.38,0,0,0,0,-0.029999999,0.050000001,0,0,0,0,8
14.39,0,0,0,0,0.039999999,0.039999999,0,0,0,0,8
14.4,0,0,0,0,0.090000004,-0.029999999,-0.029999999,0,0,0,8
14.41,0,0,0,0,0.059999999,-0.07,0.059999999,0,0,0,8
14.42,0,0,0,0,0.01,0,0.119999997,0,0,0,8
14.43,0,0,0,0,-0.050000001,0.02,0.140000001,0,0,0,8
14.44,0,0,0,0,-0.100000002,0.079999998,0.079999998,0,0,0,8
14.45,0,0,0,0,-0.039999999,0.01,0.029999999,0,0,0,8
14.46,0,0,0,0,0.039999999,-0.07,0,0,0,0,8
14.47,0,0,0,0,0.02,-0.059999999,0,0,0,0,8
14.48,0,0,0,0,0,-0.02,0.090000004,0,0,0,8
14.49,0,0,0,0,-0.039999999,0.029999999,0.100000002,0,0,0,8
14.5,0,0,0,0,-0.050000001,0.059999999,0.02,0,0,0,8
14.51,0,0,0,0,0.02,0.029999999,-0.039999999,0,0,0,8
14.52,0,0,0,0,0.02,-0.029999999,-0.050000001,0,0,0,8
14.53,0,0,0,0,0.029999999,-0.07,0.02,0,0,0,8
14.54,0,0,0,0,0,-0.01,0.07,0,0,0,8
14.55,0,0,0,0,-0.050000001,0,0.200000003,0,0,0,8
14.56,0,0,0,0,-0.039999999,0.079999998,0.129999995,0,0,0,8
14.57,0,0,0,0,-0.01,0,0.01,0,0,0,8
14.58,0,0,0,0,0.050000001,-0.039999999,0,0,0,0,8
14.59,0,0,0,0,0.01,-0.039999999,-0.01,0,0,0,8
14.6,0,0,0,0,0.02,-0.039999999,0.079999998,0,0,0,8
14.61,0,0,0,0,-0.039999999,-0.01,0.119999997,0,0,0,8
14.62,0,0,0,0,-0.07,0.059999999,0.039999999,0,0,0,8
14.63,0,0,0,0,-0.039999999,0.039999999,0,0,0,0,8
14.64,0,0,0,0,0.01,-0.02,-0.01,0,0,0,8
14.65,0,0,0,0,0.07,-0.050000001,0.02,0,0,0,8
14.66,0,0,0,0,0.02,-0.029999999,0.07,0,0,0,8
14.67,0,0,0,0,0,0,0.159999996,0,0,0,8
14.68,0,0,0,0,-0.02,0.090000004,0.119999997,0,0,0,8
14.69,0,0,0,0,-0.01,0.050000001,0.029999999,0,0,0,8
14.7,0,0,0,0,0.079999998,-0.02,0,0,0,0,8
14.71,0,0,0,0,0.029999999,-0.050000001,0,0,0,0,8
14.72,0,0,0,0,0.029999999,-0.029999999,0.059999999,0,0,0,8
14.73,0,0,0,0,-0.039999999,0.029999999,0.119999997,0,0,0,8
14.74,0,0,0,0,-0.07,0.059999999,0.109999999,0,0,0,8
14.75,0,0,0,0,-0.059999999,0.059999999,0,0,0,0,8
14.76,0,0,0,0,0,-0.029999999,0.01,0,0,0,8
14.77,0,0,0,0,0.029999999,-0.039999999,0,0,0,0,8
14.78,0,0,0,0,0,-0.029999999,0.079999998,0,0,0,8
14.79,0,0,0,0,-0.039999999,0,0.180000007,0,0,0,8
14.8,0,0,0,0,-0.039999999,0.079999998,0.129999995,0,0,0,8
14.81,0,0,0,0,0,0.050000001,0.029999999,0,0,0,8
14.82,0,0,0,0,0.059999999,0,-0.01,0,0,0,8
14.83,0,0,0,0,0.07,-0.059999999,-0.059999999,0,0,0,8
14.84,0,0,0,0,0.059999999,-0.079999998,0.059999999,0,0,0,8
14.85,0,0,0,0,0,0,0.109999999,0,0,0,8
14.86,0,0,0,0,-0.029999999,0.029999999,0.109999999,0,0,0,8
14.87,0,0,0,0,-0.029999999,0.059999999,0,0,0,0,8
14.88,0,0,0,0,-0.02,0,0,0,0,0,8
14.89,0,0,0,0,0.059999999,-0.029999999,0.02,0,0,0,8
14.9,0,0,0,0,-0.01,-0.050000001,0,0,0,0,8
14.91,0,0,0,0,-0.02,-0.02,0.119999997,0,0,0,8
14.92,0,0,0,0,-0.050000001,0.039999999,0.119999997,0,0,0,8
14.93,0,0,0,0,-0.050000001,0.039999999,0.039999999,0,0,0,8
14.94,0,0,0,0,0.01,0.029999999,0.029999999,0,0,0,8
14.95,0,0,0,0,0.059999999,-0.050000001,0.02,0,0,0,8
14.96,0,0,0,0,0.090000004,-0.059999999,0.090000004,0,0,0,8
14.97,0,0,0,0,-0.02,-0.039999999,0.090000004,0,0,0,8
14.98,0,0,0,0,-0.02,0.02,0.159999996,0,0,0,8
14.99,0,0,0,0,-0.059999999,0.079999998,0.050000001,0,0,0,8
15,0,0,0,0,-0.02,0.01,-0.029999999,0,0,0,8
15.01,0,0,0,0,0.050000001,-0.050000001,-0.02,0,0,0,8
15.02,0,0,0,0,0.029999999,-0.07,0,0,0,0,8
15.03,0,0,0,0,0,-0.02,0.109999999,0,0,0,8
15.04,0,0,0,0,-0.050000001,0.039999999,0.159999996,0,0,0,8
15.05,0,0,0,0,0,0.07,0,0,0,0,8
15.06,0,0,0,0,0.029999999,-0.039999999,-0.059999999,0,0,0,8
15.07,0,0,0,0,0.100000002,-0.050000001,0.029999999,0,0,0,8
15.08,0,0,0,0,0,-0.02,0.090000004,0,0,0,8
15.09,0,0,0,0,-0.039999999,0.029999999,0.150000006,0,0,0,8
15.1,0,0,0,0,-0.039999999,0.059999999,0.029999999,0,0,0,8
15.11,0,0,0,0,-0.039999999,0.059999999,0.029999999,0,0,0,8
15.12,0,0,0,0,-0.01,0.01,0.059999999,0,0,0,8
15.13,0,0,0,0,0.039999999,-0.079999998,0.02,0,0,0,8
15.14,0,0,0,0,0.050000001,-0.050000001,0.079999998,0,0,0,8
15.15,0,0,0,0,-0.039999999,0,0.109999999,0,0,0,8
15.16,0,0,0,0,-0.029999999,0.059999999,0.119999997,0,0,0,8
15.17,0,0,0,0,-0.02,0.07,-0.01,0,0,0,8
15.18,0,0,0,0,0.02,-0.02,-0.059999999,0,0,0,8
15.19,0,0,0,0,0.039999999,-0.039999999,0.01,0,0,0,8
15.2,0,0,0,0,0.01,-0.029999999,0.039999999,0,0,0,8
15.21,0,0,0,0,-0.02,0.02,0.150000006,0,0,0,8
15.22,0,0,0,0,-0.059999999,0.059999999,0.100000002,0,0,0,8
15.23,0,0,0,0,-0.01,0.029999999,0.02,0,0,0,8
15.24,0,0,0,0,0.039999999,-0.01,-0.029999999,0,0,0,8
15.25,0,0,0,0,0.039999999,-0.07,-0.02,0,0,0,8
15.26,0,0,0,0,0.059999999,-0.059999999,0.059999999,0,0,0,8
15.27,0,0,0,0,0,-0.01,0.100000002,0,0,0,8
15.28,0,0,0,0,-0.039999999,0.050000001,0.150000006,0,0,0,8
15.29,0,0,0,0,-0.029999999,0.07,-0.029999999,0,0,0,8
15.3,0,0,0,0,0.02,0,0,0,0,0,8
15.31,0,0,0,0,0.050000001,-0.02,-0.029999999,0,0,0,8
15.32,0,0,0,0,0.01,-0.02,0.01,0,0,0,8
15.33,0,0,0,0,0.01,-0.02,0.01,0,0,0,8
15.34,0,0,0,0,-0.050000001,0.059999999,0.119999997,0,0,0,8
15.35,0,0,0,0,-0.029999999,0.029999999,0.050000001,0,0,0,8
15.36,0,0,0,0,0.01,-0.02,-0.01,0,0,0,8
15.37,0,0,0,0,0.059999999,-0.079999998,-0.029999999,0,0,0,8
15.38,0,0,0,0,0.059999999,-0.079999998,-0.029999999,0,0,0,8
15.39,0,0,0,0,-0.02,0,0.100000002,0,0,0,8
15.4,0,0,0,0,-0.02,0.029999999,0.109999999,0,0,0,8
15.41,0,0,0,0,-0.01,0.050000001,0.01,0,0,0,8
15.42,0,0,0,0,0.029999999,0,0.01,0,0,0,8
15.43,0,0,0,0,0.090000004,-0.050000001,0,0,0,0,8
15.44,0,0,0,0,0.01,-0.050000001,0.02,0,0,0,8
15.45,0,0,0,0,0,-0.02,0.170000002,0,0,0,8
15.46,0,0,0,0,-0.109999999,0.029999999,0.150000006,0,0,0,8
15.47,0,0,0,0,-0.07,0.050000001,0.090000004,0,0,0,8
15.48,0,0,0,0,-0.029999999,0.050000001,-0.029999999,0,0,0,8
15.49,0,0,0,0,0.039999999,-0.039999999,-0.07,0,0,0,8
15.5,0,0,0,0,0.079999998,-0.07,-0.029999999,0,0,0,8
15.51,0,0,0,0,0.039999999,-0.029999999,0.050000001,0,0,0,8
15.52,0,0,0,0,0,0.029999999,0.109999999,0,0,0,8
15.53,0,0,0,0,-0.059999999,0.07,0.079999998,0,0,0,8
15.54,0,0,0,0,-0.059999999,0.07,0.079999998,0,0,0,8
15.55,0,0,0,0,0.07,-0.050000001,-0.02,0,0,0,8
15.56,0,0,0,0,0.01,-0.079999998,0.029999999,0,0,0,8
15.57,0,0,0,0,0.02,-0.050000001,0.129999995,0,0,0,8
15.58,0,0,0,0,-0.07,0.01,0.100000002,0,0,0,8
15.59,0,0,0,0,-0.039999999,0.079999998,0.07,0,0,0,8
15.6,0,0,0,0,-0.039999999,0.029999999,-0.050000001,0,0,0,8
15.61,0,0,0,0,-0.039999999,0.029999999,-0.050000001,0,0,0,8
15.62,0,0,0,0,0.07,-0.050000001,0.01,0,0,0,8
15.63,0,0,0,0,0.07,-0.050000001,0.01,0,0,0,8
15.64,0,0,0,0,-0.039999999,0.02,0.180000007,0,0,0,8
15.65,0,0,0,0,-0.050000001,0.079999998,0.07,0,0,0,8
15.66,0,0,0,0,-0.02,0.059999999,0.02,0,0,0,8
15.67,0,0,0,0,0.02,-0.029999999,-0.07,0,0,0,8
15.68,0,0,0,0,0.050000001,-0.059999999,-0.01,0,0,0,8
15.69,0,0,0,0,0.050000001,-0.059999999,-0.01,0,0,0,8
15.7,0,0,0,0,0.039999999,-0.029999999,0.039999999,0,0,0,8
15.71,0,0,0,0,-0.02,0.029999999,0.119999997,0,0,0,8
15.72,0,0,0,0,-0.029999999,0.059999999,0.039999999,0,0,0,8
15.73,0,0,0,0,-0.029999999,0.059999999,0.039999999,0,0,0,8
15.74,0,0,0,0,0.039999999,-0.050000001,0.039999999,0,0,0,8
15.75,0,0,0,0,0.039999999,-0.039999999,0.01,0,0,0,8
15.76,0,0,0,0,-0.039999999,0.029999999,0.119999997,0,0,0,8
15.77,0,0,0,0,-0.039999999,0.029999999,0.119999997,0,0,0,8
15.78,0,0,0,0,-0.100000002,0.079999998,0.07,0,0,0,8
15.79,0,0,0,0,-0.029999999,0.059999999,0.01,0,0,0,8
15.8,0,0,0,0,0.029999999,0,-0.050000001,0,0,0,8
15.81,0,0,0,0,0.050000001,-0.059999999,0.01,0,0,0,8
15.82,0,0,0,0,0.059999999,-0.029999999,0.109999999,0,0,0,8
15.83,0,0,0,0,-0.029999999,-0.01,0.159999996,0,0,0,8
15.84,0,0,0,0,-0.039999999,0.07,-0.01,0,0,0,8
15.85,0,0,0,0,-0.039999999,0.07,-0.01,0,0,0,8
15.86,0,0,0,0,0.02,-0.01,-0.02,0,0,0,8
15.87,0,0,0,0,0.039999999,-0.050000001,-0.029999999,0,0,0,8
15.88,0,0,0,0,0.02,-0.050000001,0.029999999,0,0,0,8
15.89,0,0,0,0,-0.01,0,0.129999995,0,0,0,8
15.9,0,0,0,0,-0.07,0.029999999,0.140000001,0,0,0,8
15.91,0,0,0,0,-0.02,0.07,0.02,0,0,0,8
15.92,0,0,0,0,-0.01,0,0.01,0,0,0,8
15.93,0,0,0,0,0.050000001,-0.050000001,0.029999999,0,0,0,8
15.94,0,0,0,0,0.029999999,-0.02,0,0,0,0,8
15.95,0,0,0,0,-0.01,-0.039999999,0.090000004,0,0,0,8
15.96,0,0,0,0,-0.029999999,0.050000001,0.100000002,0,0,0,8
15.97,0,0,0,0,-0.039999999,0.07,0,0,0,0,8
15.98,0,0,0,0,0.090000004,-0.07,-0.01,0,0,0,8
15.99,0,0,0,0,0.100000002,-0.050000001,0.050000001,0,0,0,8
16,0,0,0,0,0.02,-0.01,0.140000001,0,0,0,8
16.01,0,0,0,0,0.02,-0.01,0.140000001,0,0,0,8
16.02,0,0,0,0,-0.07,0.02,0.109999999,0,0,0,8
16.03,0,0,0,0,-0.039999999,0.100000002,0.050000001,0,0,0,8
16.04,0,0,0,0,-0.01,0.02,-0.02,0,0,0,8
16.05,0,0,0,0,0.050000001,-0.029999999,0.01,0,0,0,8
16.06,0,0,0,0,-0.01,0.01,0.129999995,0,0,0,8
16.07,0,0,0,0,-0.01,0.01,0.129999995,0,0,0,8
16.08,0,0,0,0,-0.029999999,0.039999999,0.129999995,0,0,0,8
16.09,0,0,0,0,-0.039999999,0.07,-0.02,0,0,0,8
16.1,0,0,0,0,0,0.02,0,0,0,0,8
16.11,0,0,0,0,0.050000001,-0.029999999,-0.02,0,0,0,8
16.12,0,0,0,0,0.02,-0.07,0.07,0,0,0,8
16.13,0,0,0,0,0.02,-0.07,0.07,0,0,0,8
16.14,0,0,0,0,-0.050000001,-0.029999999,0.109999999,0,0,0,8
16.15,0,0,0,0,-0.07,0.079999998,0.039999999,0,0,0,8
16.16,0,0,0,0,0.02,-0.029999999,0,0,0,0,8
16.17,0,0,0,0,0.02,-0.029999999,0,0,0,0,8
16.18,0,0,0,0,0,-0.02,-0.02,0,0,0,8
16.19,0,0,0,0,0,-0.02,0.129999995,0,0,0,8
16.2,0,0,0,0,-0.029999999,0.050000001,0.159999996,0,0,0,8
16.21,0,0,0,0,-0.059999999,0.07,0.119999997,0,0,0,8
16.22,0,0,0,0,0.090000004,0,0.01,0,0,0,8
16.23,0,0,0,0,0.090000004,0,0.01,0,0,0,8
16.24,0,0,0,0,0.02,-0.039999999,0.039999999,0,0,0,8
16.25,0,0,0,0,0.02,-0.039999999,0.039999999,0,0,0,8
16.26,0,0,0,0,-0.02,0.059999999,0.029999999,0,0,0,8
16.27,0,0,0,0,-0.02,0.059999999,0.029999999,0,0,0,8
16.28,0,0,0,0,-0.039999999,0.050000001,-0.079999998,0,0,0,8
16.29,0,0,0,0,0.039999999,-0.050000001,-0.029999999,0,0,0,8
16.3,0,0,0,0,-0.01,-0.07,0.029999999,0,0,0,8
16.31,0,0,0,0,-0.01,-0.07,0.029999999,0,0,0,8
16.32,0,0,0,0,-0.100000002,0.050000001,0.170000002,0,0,0,8
16.33,0,0,0,0,-0.100000002,0.050000001,0.170000002,0,0,0,8
16.34,0,0,0,0,-0.039999999,0.100000002,0.039999999,0,0,0,8
16.35,0,0,0,0,0.02,0,-0.01,0,0,0,8
16.36,0,0,0,0,0.02,-0.039999999,0.029999999,0,0,0,8
16.37,0,0,0,0,0.02,-0.039999999,0.029999999,0,0,0,8
16.38,0,0,0,0,0.01,0,0.180000007,0,0,0,8
16.39,0,0,0,0,-0.059999999,0.039999999,-0.029999999,0,0,0,8
16.4,0,0,0,0,-0.059999999,0.039999999,-0.029999999,0,0,0,8
16.41,0,0,0,0,0,-0.029999999,-0.01,0,0,0,8
16.42,0,0,0,0,0.039999999,-0.079999998,-0.02,0,0,0,8
16.43,0,0,0,0,0.059999999,-0.079999998,0.02,0,0,0,8
16.44,0,0,0,0,-0.01,-0.039999999,0.059999999,0,0,0,8
16.45,0,0,0,0,-0.07,0.01,0.109999999,0,0,0,8
16.46,0,0,0,0,-0.02,0.039999999,0.02,0,0,0,8
16.47,0,0,0,0,0.039999999,0,0,0,0,0,8
16.48,0,0,0,0,0.090000004,-0.039999999,0.02,0,0,0,8
16.49,0,0,0,0,0.07,-0.029999999,0.039999999,0,0,0,8
16.5,0,0,0,0,0.01,-0.01,0.140000001,0,0,0,8
16.51,0,0,0,0,-0.090000004,0.079999998,0.109999999,0,0,0,8
16.52,0,0,0,0,-0.100000002,0.100000002,0.079999998,0,0,0,8
16.53,0,0,0,0,-0.01,0.039999999,0.02,0,0,0,8
16.54,0,0,0,0,0,-0.029999999,-0.079999998,0,0,0,8
16.55,0,0,0,0,-0.01,-0.01,0.07,0,0,0,8
16.56,0,0,0,0,-0.050000001,0.01,0.090000004,0,0,0,8
16.57,0,0,0,0,-0.050000001,0.01,0.090000004,0,0,0,8
16.58,0,0,0,0,-0.039999999,0.059999999,0.02,0,0,0,8
16.59,0,0,0,0,0,0,0,0,0,0,8
16.6,0,0,0,0,0.029999999,-0.059999999,0,0,0,0,8
16.61,0,0,0,0,0.029999999,-0.059999999,0,0,0,0,8
16.62,0,0,0,0,0.01,0,0.140000001,0,0,0,8
16.63,0,0,0,0,-0.079999998,0.050000001,0.159999996,0,0,0,8
16.64,0,0,0,0,-0.07,0.079999998,0.059999999,0,0,0,8
16.65,0,0,0,0,-0.039999999,0.050000001,-0.029999999,0,0,0,8
16.66,0,0,0,0,0.029999999,-0.029999999,0,0,0,0,8
16.67,0,0,0,0,0.090000004,-0.050000001,0,0,0,0,8
16.68,0,0,0,0,0,-0.01,0.059999999,0,0,0,8
16.69,0,0,0,0,-0.059999999,0.07,0.059999999,0,0,0,8
16.7,0,0,0,0,-0.059999999,0.07,0.059999999,0,0,0,8
16.71,0,0,0,0,-0.050000001,0.029999999,0.01,0,0,0,8
16.72,0,0,0,0,0.059999999,-0.02,0,0,0,0,8
16.73,0,0,0,0,0.02,-0.02,0,0,0,0,8
16.74,0,0,0,0,0,-0.050000001,0.100000002,0,0,0,8
16.75,0,0,0,0,-0.050000001,0.01,0.129999995,0,0,0,8
16.76,0,0,0,0,-0.090000004,0.029999999,0.109999999,0,0,0,8
16.77,0,0,0,0,-0.029999999,0.02,0.02,0,0,0,8
16.78,0,0,0,0,0.090000004,-0.07,0,0,0,0,8
16.79,0,0,0,0,0.090000004,-0.07,0,0,0,0,8
16.8,0,0,0,0,0.039999999,-0.050000001,0.02,0,0,0,8
16.81,0,0,0,0,0,-0.01,0.129999995,0,0,0,8
16.82,0,0,0,0,-0.050000001,0.090000004,0.039999999,0,0,0,8
16.83,0,0,0,0,-0.029999999,0.059999999,-0.01,0,0,0,8
16.84,0,0,0,0,0.029999999,0.02,-0.029999999,0,0,0,8
16.85,0,0,0,0,0,-0.079999998,0,0,0,0,8
16.86,0,0,0,0,0.029999999,-0.059999999,0.059999999,0,0,0,8
16.87,0,0,0,0,-0.07,0.029999999,0.159999996,0,0,0,8
16.88,0,0,0,0,-0.07,0.029999999,0.159999996,0,0,0,8
16.89,0,0,0,0,-0.039999999,0.050000001,0.07,0,0,0,8
16.9,0,0,0,0,0.02,-0.029999999,0.01,0,0,0,8
16.91,0,0,0,0,0.039999999,-0.07,0,0,0,0,8
16.92,0,0,0,0,0,-0.01,0.109999999,0,0,0,8
16.93,0,0,0,0,0,-0.01,0.109999999,0,0,0,8
16.94,0,0,0,0,-0.050000001,0.059999999,0.090000004,0,0,0,8
16.95,0,0,0,0,-0.050000001,0.039999999,-0.01,0,0,0,8
16.96,0,0,0,0,0,0.029999999,-0.02,0,0,0,8
16.97,0,0,0,0,0.01,-0.039999999,0,0,0,0,8
16.98,0,0,0,0,0.029999999,-0.039999999,0.07,0,0,0,8
16.99,0,0,0,0,-0.07,0.039999999,0.159999996,0,0,0,8
17,0,0,0,0,-0.07,0.039999999,0.159999996,0,0,0,8
17.01,0,0,0,0,-0.029999999,0.07,0.039999999,0,0,0,8
17.02,0,0,0,0,0.029999999,-0.01,0.029999999,0,0,0,8
17.03,0,0,0,0,0.090000004,-0.07,0,0,0,0,8
17.04,0,0,0,0,0.039999999,-0.050000001,0.01,0,0,0,8
17.05,0,0,0,0,0.01,-0.02,0.100000002,0,0,0,8
17.06,0,0,0,0,-0.07,0.039999999,0.07,0,0,0,8
17.07,0,0,0,0,-0.01,0.029999999,-0.02,0,0,0,8
17.08,0,0,0,0,-0.01,0.029999999,-0.02,0,0,0,8
17.09,0,0,0,0,0.02,-0.050000001,-0.050000001,0,0,0,8
17.1,0,0,0,0,-0.01,0,0.140000001,0,0,0,8
17.11,0,0,0,0,-0.01,0,0.140000001,0,0,0,8
17.12,0,0,0,0,-0.07,0.050000001,0.100000002,0,0,0,8
17.13,0,0,0,0,-0.07,0.050000001,0.100000002,0,0,0,8
17.14,0,0,0,0,-0.02,0,0.01,0,0,0,8
17.15,0,0,0,0,0.100000002,-0.039999999,0,0,0,0,8
17.16,0,0,0,0,0.07,-0.079999998,0,0,0,0,8
17.17,0,0,0,0,-0.029999999,0.039999999,0.119999997,0,0,0,8
17.18,0,0,0,0,-0.039999999,0.050000001,0.050000001,0,0,0,8
17.19,0,0,0,0,-0.029999999,0.02,-0.02,0,0,0,8
17.2,0,0,0,0,-0.029999999,0.02,-0.02,0,0,0,8
17.21,0,0,0,0,0.01,-0.029999999,0.039999999,0,0,0,8
17.22,0,0,0,0,0.01,-0.029999999,0.039999999,0,0,0,8
17.23,0,0,0,0,-0.039999999,-0.029999999,0.039999999,0,0,0,8
17.24,0,0,0,0,-0.100000002,0.059999999,0.07,0,0,0,8
17.25,0,0,0,0,-0.100000002,0.059999999,0.07,0,0,0,8
17.26,0,0,0,0,-0.01,0.02,0.029999999,0,0,0,8
17.27,0,0,0,0,0.050000001,-0.039999999,0.01,0,0,0,8
17.28,0,0,0,0,0.090000004,-0.059999999,0,0,0,0,8
17.29,0,0,0,0,0.07,-0.039999999,0.079999998,0,0,0,8
17.3,0,0,0,0,0,0,0.119999997,0,0,0,8
17.31,0,0,0,0,-0.029999999,0.059999999,0.090000004,0,0,0,8
17.32,0,0,0,0,-0.039999999,0.059999999,0,0,0,0,8
17.33,0,0,0,0,0.02,0,-0.02,0,0,0,8
17.34,0,0,0,0,0,-0.050000001,0.02,0,0,0,8
17.35,0,0,0,0,-0.029999999,-0.039999999,0.029999999,0,0,0,8
17.36,0,0,0,0,-0.039999999,0,0.170000002,0,0,0,8
17.37,0,0,0,0,-0.100000002,0.050000001,0.090000004,0,0,0,8
17.38,0,0,0,0,-0.039999999,0.039999999,0.02,0,0,0,8
17.39,0,0,0,0,0.039999999,-0.039999999,0.02,0,0,0,8
17.4,0,0,0,0,0.059999999,-0.039999999,0.07,0,0,0,8
17.41,0,0,0,0,0.059999999,-0.039999999,0.07,0,0,0,8
17.42,0,0,0,0,-0.01,0.01,0.129999995,0,0,0,8
17.43,0,0,0,0,-0.029999999,0.02,0.01,0,0,0,8
17.44,0,0,0,0,-0.029999999,0.02,0.01,0,0,0,8
17.45,0,0,0,0,0.050000001,-0.039999999,0.029999999,0,0,0,8
17.46,0,0,0,0,0.01,-0.039999999,0.050000001,0,0,0,8
17.47,0,0,0,0,0.01,-0.039999999,0.050000001,0,0,0,8
17.48,0,0,0,0,-0.050000001,0,0.189999998,0,0,0,8
17.49,0,0,0,0,-0.090000004,0.059999999,0.100000002,0,0,0,8
17.5,0,0,0,0,-0.050000001,0.02,0.01,0,0,0,8
17.51,0,0,0,0,0.079999998,-0.07,-0.039999999,0,0,0,8
17.52,0,0,0,0,0.079999998,-0.07,-0.039999999,0,0,0,8
17.53,0,0,0,0,0.039999999,-0.039999999,0,0,0,0,8
17.54,0,0,0,0,-0.01,-0.02,0.079999998,0,0,0,8
17.55,0,0,0,0,-0.059999999,0.050000001,0.129999995,0,0,0,8
17.56,0,0,0,0,0.01,-0.01,0.02,0,0,0,8
17.57,0,0,0,0,0.07,-0.050000001,0,0,0,0,8
17.58,0,0,0,0,0.059999999,-0.059999999,0.029999999,0,0,0,8
17.59,0,0,0,0,0.059999999,-0.059999999,0.029999999,0,0,0,8
17.6,0,0,0,0,-0.059999999,0.059999999,0.119999997,0,0,0,8
17.61,0,0,0,0,-0.059999999,0.079999998,0.07,0,0,0,8
17.62,0,0,0,0,-0.02,0.01,0,0,0,0,8
17.63,0,0,0,0,0.039999999,-0.050000001,0.01,0,0,0,8
17.64,0,0,0,0,-0.029999999,-0.07,0.02,0,0,0,8
17.65,0,0,0,0,-0.090000004,0,0.259999991,0,0,0,8
17.66,0,0,0,0,0.01,0.029999999,0.01,0,0,0,8
17.67,0,0,0,0,-0.039999999,0.079999998,0,0,0,0,8
17.68,0,0,0,0,0.150000006,0.039999999,-0.07,0,0,0,8
17.69,0,0,0,0,0.180000007,-0.029999999,-0.02,0,0,0,8
17.7,0,0,0,0,0.159999996,-0.050000001,0.029999999,0,0,0,8
17.71,0,0,0,0,0.059999999,-0.029999999,0.090000004,0,0,0,8
17.72,0,0,0,0,0,-0.02,0.059999999,0,0,0,8
17.73,0,0,0,0,-0.119999997,0.02,0.029999999,0,0,0,8
17.74,0,0,0,0,-0.109999999,0,0.100000002,0,0,0,8
17.75,0,0,0,0,-0.02,-0.079999998,0.230000004,0,0,0,8
17.76,0,0,0,0,-0.02,-0.039999999,0.170000002,0,0,0,8
17.77,0,0,0,0,-0.039999999,-0.029999999,0.150000006,0,0,0,8
17.78,0,0,0,0,0,0.01,-0.029999999,0,0,0,8
17.79,0,0,0,0,0,0.01,-0.029999999,0,0,0,8
17.8,0,0,0,0,-0.029999999,0.059999999,-0.039999999,0,0,0,8
17.81,0,0,0,0,-0.01,0.01,0.059999999,0,0,0,8
17.82,0,0,0,0,0.01,-0.02,0.119999997,0,0,0,8
17.83,0,0,0,0,-0.02,0,0.059999999,0,0,0,8
17.84,0,0,0,0,0,0,0,0,0,0,8
17.85,0,0,0,0,-0.079999998,0.090000004,-0.079999998,0,0,0,8
17.86,0,0,0,0,-0.039999999,0.02,0.039999999,0,0,0,8
17.87,0,0,0,0,0.039999999,-0.02,0.159999996,0,0,0,8
17.88,0,0,0,0,0.029999999,-0.029999999,0.180000007,0,0,0,8
17.89,0,0,0,0,0.029999999,-0.029999999,0.180000007,0,0,0,8
17.9,0,0,0,0,0.079999998,0.029999999,-0.02,0,0,0,8
17.91,0,0,0,0,0.050000001,0.059999999,-0.140000001,0,0,0,8
17.92,0,0,0,0,0.039999999,0.02,-0.029999999,0,0,0,8
17.93,0,0,0,0,0.129999995,0,0.129999995,0,0,0,8
17.94,0,0,0,0,0.100000002,-0.02,0.159999996,0,0,0,8
17.95,0,0,0,0,0.109999999,-0.02,-0.02,0,0,0,8
17.96,0,0,0,0,-0.029999999,-0.050000001,0.01,0,0,0,8
17.97,0,0,0,0,-0.129999995,0,0.01,0,0,0,8
17.98,0,0,0,0,-0.150000006,-0.029999999,0.01,0,0,0,8
17.99,0,0,0,0,-0.109999999,-0.059999999,0.129999995,0,0,0,8
18,0,0,0,0,-0.090000004,-0.079999998,0.230000004,0,0,0,8
18.01,0,0,0,0,-0.050000001,-0.039999999,0.259999991,0,0,0,8
18.02,0,0,0,0,-0.039999999,0.02,0.039999999,0,0,0,8
18.03,0,0,0,0,-0.050000001,0.050000001,-0.039999999,0,0,0,8
18.04,0,0,0,0,0,0.109999999,-0.029999999,0,0,0,8
18.05,0,0,0,0,0.100000002,0.050000001,0.090000004,0,0,0,8
18.06,0,0,0,0,0.100000002,0.029999999,0.029999999,0,0,0,8
18.07,0,0,0,0,0.119999997,0.029999999,-0.01,0,0,0,8
18.08,0,0,0,0,0.059999999,0.029999999,0,0,0,0,8
18.09,0,0,0,0,0,0.039999999,-0.109999999,0,0,0,8
18.1,0,0,0,0,-0.029999999,-0.01,-0.01,0,0,0,8
18.11,0,0,0,0,-0.050000001,-0.039999999,0.129999995,0,0,0,8
18.12,0,0,0,0,0.029999999,-0.109999999,0.270000011,0,0,0,8
18.13,0,0,0,0,0,-0.07,0.209999993,0,0,0,8
18.14,0,0,0,0,0,-0.029999999,0.109999999,0,0,0,8
18.15,0,0,0,0,-0.02,0.059999999,-0.01,0,0,0,8
18.16,0,0,0,0,-0.039999999,0.100000002,-0.059999999,0,0,0,8
18.17,0,0,0,0,0,0.050000001,0.039999999,0,0,0,8
18.18,0,0,0,0,0,0,0.129999995,0,0,0,8
18.19,0,0,0,0,0.059999999,0,0.059999999,0,0,0,8
18.2,0,0,0,0,0,-0.039999999,-0.050000001,0,0,0,8
18.21,0,0,0,0,-0.029999999,0.02,-0.079999998,0,0,0,8
18.22,0,0,0,0,-0.029999999,0,-0.059999999,0,0,0,8
18.23,0,0,0,0,-0.02,-0.039999999,-0.01,0,0,0,8
18.24,0,0,0,0,0,-0.07,0.180000007,0,0,0,8
18.25,0,0,0,0,0.050000001,-0.07,0.170000002,0,0,0,8
18.26,0,0,0,0,0.029999999,-0.029999999,0.07,0,0,0,8
18.27,0,0,0,0,-0.01,0,-0.029999999,0,0,0,8
18.28,0,-1,1,-2,-0.050000001,0.07,0.01,0,0,0,8
18.29,1,-3,3,-3,-0.059999999,0.029999999,0.079999998,0,0,0,8
18.3,4,-10,8,-7,0.07,-0.02,0.129999995,0,0,0,8
18.31,7,-5,7,-7,0.209999993,0,0.109999999,0,0,0,8
18.32,12,-10,10,-11,0.300000012,0,0,0,0,0,8
18.33,12,-11,7,-11,0.25,0.029999999,-0.150000006,0,0,0,8
18.34,13,-14,10,-16,0.349999994,0.01,-0.07,0,0,0,8
18.35,13,-11,11,-14,0.360000014,0.039999999,-0.07,0,0,0,8
18.36,15,-11,12,-15,0.430000007,-0.059999999,0.189999998,0,0,0,8
18.37,20,-22,20,-20,0.280000001,0.029999999,0.219999999,0,0,0,8
18.38,17,-17,18,-17,0.540000022,-0.050000001,0.119999997,0,0,0,8
18.39,22,-21,22,-23,0.300000012,0.050000001,0.029999999,0,0,0,8
18.4,24,-24,24,-22,0.419999987,0.050000001,0.059999999,0,0,0,8
18.41,32,-30,29,-30,0.300000012,0.02,0.01,0,0,0,8
18.42,28,-27,28,-29,0.600000024,-0.059999999,0.039999999,0,0,0,8
18.43,35,-35,35,-35,0.360000014,-0.02,0.239999995,0,0,0,8
18.44,42,-37,38,-40,0.509999991,-0.090000004,0.01,0,0,0,8
18.45,40,-40,41,-39,0.75,-0.01,0,0,0,0,8
18.46,47,-49,45,-47,0.349999994,0.07,-0.189999998,0,0,0,8
18.47,49,-48,47,-51,0.74000001,-0.02,0.079999998,0,0,0,8
18.48,54,-55,55,-57,0.449999988,0.01,0.129999995,0,0,0,8
18.49,58,-55,56,-58,0.449999988,0.01,0.129999995,0,0,0,8
18.5,65,-71,62,-65,0.479999989,0.039999999,0.150000006,0,0,0,8
18.51,65,-63,69,-71,1.049999952,-0.02,0.01,0,0,0,8
18.52,76,-68,73,-72,0.310000002,0.140000001,-0.01,0,0,0,8
18.53,74,-79,67,-70,1.039999962,0.079999998,0.109999999,0,0,0,8
18.54,83,-80,90,-89,0.340000004,0.07,0.270000011,0,0,0,8
18.55,85,-80,75,-78,1.019999981,-0.129999995,-0.050000001,0,0,0,8
18.56,87,-96,90,-93,0.550000012,0.079999998,0.340000004,0,0,0,8
18.57,95,-82,108,-98,0.370000005,-0.140000001,-0.209999993,0,0,0,8
18.58,102,-107,83,-93,1.230000019,0.180000007,0.01,0,0,0,8
18.59,102,-91,122,-111,-0.059999999,-0.129999995,-0.079999998,0,0,0,8
18.6,110,-113,94,-100,1.470000029,0.01,0.289999992,0.01,0,0,8
18.61,114,-106,122,-117,-0.150000006,-0.109999999,0.479999989,-0.01,0,0,8
18.62,112,-115,115,-119,1.649999976,-0.119999997,-0.259999991,0.01,0,0,8
18.63,129,-125,111,-118,-0.259999991,0.059999999,0.509999991,-0.01,-0.01,0,8
18.64,126,-113,135,-129,1.370000005,-0.239999995,-0.730000019,0,0,0,8
18.65,126,-146,120,-127,0.150000006,0.330000013,0.699999988,0,-0.01,0,8
18.66,146,-118,130,-132,0.529999971,-0.340000004,-0.75,0,0.01,0,8
18.67,135,-139,147,-144,1.419999957,0.170000002,0.980000019,0,0.01,0,8
18.68,138,-152,132,-138,-0.389999986,-0.02,-0.07,0.01,0,0,8
18.69,156,-131,147,-143,1.110000014,-0.230000004,-0.050000001,-0.029999999,0.01,0,8
18.7,148,-148,148,-152,1.200000048,0.310000002,0.600000024,0.029999999,-0.01,0,8
18.71,159,-160,157,-154,-0.430000007,-0.200000003,-0.409999996,-0.01,0,0,8
18.72,155,-158,157,-157,0.850000024,0.230000004,-0.090000004,-0.02,0.02,0,7
18.73,169,-161,156,-162,0.920000017,-0.159999996,0.319999993,0.01,-0.01,0,7
18.74,172,-159,162,-162,0.889999986,-0.150000006,0.25,0.01,0,0,7
18.75,178,-169,179,-174,0.980000019,-0.02,0,0,0,0,7
18.76,184,-182,184,-184,0.090000004,0.259999991,-0.850000024,-0.01,0,0,7
18.77,187,-184,187,-184,0.209999993,0.200000003,-0.910000026,-0.01,0,0,7
18.78,192,-188,191,-190,0.800000012,-0.140000001,0.5,0.01,0.01,0,7
18.79,196,-192,185,-192,1.070000052,-0.209999993,1.450000048,0.039999999,0,0,7
18.8,202,-196,194,-193,1.210000038,-0.379999995,1.100000024,0,-0.01,0,7
18.81,203,-201,200,-198,1.289999962,0.129999995,-0.01,0,-0.02,0,6
18.82,210,-201,202,-204,0.529999971,0.109999999,-0.529999971,-0.01,0,0,6
18.83,219,-214,204,-209,0.910000026,0.340000004,-0.519999981,-0.01,0.01,0,6
18.84,218,-211,210,-215,0.589999974,0.180000007,-0.050000001,0,0.01,0,6
18.85,230,-218,216,-223,0.870000005,0.140000001,-0.029999999,0,0.01,0,6
18.86,231,-226,224,-229,0.660000026,0.090000004,0.509999991,0,0,0,5
18.87,233,-225,236,-233,0.949999988,-0.039999999,0.289999992,0,0,0,5
18.88,239,-233,240,-239,0.589999974,-0.01,0.129999995,0,0,0,5
18.89,251,-237,240,-237,0.790000022,-0.090000004,0.029999999,0,0,0,5
18.9,253,-242,248,-243,0.699999988,-0.01,-0.02,0,0,0,4
18.91,255,-254,252,-254,0.839999974,0.029999999,-0.109999999,0,0,0,4
18.92,264,-257,267,-262,0.899999976,-0.100000002,0.090000004,0,0,0,4
18.93,265,-258,259,-263,0.839999974,-0.090000004,0.209999993,0.01,0,0,4
18.94,273,-272,270,-268,1.159999967,-0.180000007,0.090000004,0,0,0,4
18.95,279,-274,279,-277,0.600000024,0.079999998,0.090000004,0,0,0,4
18.96,284,-276,276,-275,0.980000019,-0.100000002,0.109999999,0,0,0,4
18.97,292,-286,297,-286,0.800000012,0.02,0.050000001,0,0,0,4
18.98,298,-281,286,-290,0.879999995,-0.02,-0.109999999,0,0,0,3
18.99,307,-297,303,-295,1.00999999,-0.059999999,-0.07,0,0,0,3
19,310,-297,301,-299,0.75,0.100000002,-0.119999997,0,0,-0.01,3
19.01,318,-303,314,-310,1.059999943,0,-0.219999999,0,0,0,3
19.02,325,-307,316,-309,0.639999986,0.170000002,-0.059999999,0,0,-0.01,3
19.03,332,-313,324,-321,0.930000007,0.02,0.01,0,0,-0.01,3
19.04,334,-323,329,-324,0.879999995,0.02,0.209999993,0,0,-0.01,2
19.05,345,-324,333,-324,0.850000024,0,0.159999996,0.01,0,-0.01,2
19.06,347,-332,339,-338,1.070000052,-0.07,0.239999995,0,0,-0.01,2
19.07,353,-342,349,-338,0.610000014,0.02,0.270000011,0,0,-0.01,2
19.08,354,-338,353,-346,1.019999981,-0.029999999,-0.170000002,-0.01,0,-0.01,2
19.09,363,-353,359,-355,0.699999988,0.039999999,0.259999991,0,0,-0.01,2
19.1,371,-356,366,-359,0.899999976,-0.150000006,0.100000002,0,0,-0.01,2
19.11,378,-362,376,-360,0.860000014,-0.01,-0.050000001,0,0,-0.01,2
19.12,385,-369,385,-369,0.930000007,-0.029999999,-0.02,0,0,-0.01,2
19.13,396,-371,385,-375,0.790000022,-0.02,-0.319999993,0,0,-0.01,2
19.14,393,-385,396,-383,1.129999995,-0.100000002,0.059999999,0,0,-0.01,2
19.15,403,-386,401,-389,0.699999988,0,0.090000004,0,0,-0.01,2
19.16,411,-388,403,-395,1.070000052,-0.280000001,0.07,0,0,-0.01,2
19.17,413,-402,412,-399,0.939999998,0.109999999,0.259999991,0,0,-0.01,2
19.18,421,-400,413,-406,0.800000012,-0.109999999,-0.239999995,0,0,-0.01,2
19.19,424,-411,415,-413,0.980000019,0.100000002,0.349999994,-0.01,0,-0.01,2
19.2,431,-411,424,-416,0.870000005,0.029999999,0.029999999,0.01,0,-0.01,2
19.21,436,-418,427,-424,0.730000019,-0.039999999,0.109999999,0,0,-0.01,2
19.22,448,-422,432,-424,0.939999998,0.01,0.239999995,0,0,-0.01,2
19.23,450,-426,443,-429,0.930000007,-0.159999996,0.050000001,0,0,-0.01,2
19.24,454,-441,449,-441,0.730000019,-0.079999998,0.090000004,0,0,-0.01,2
19.25,466,-438,452,-446,1.129999995,-0.200000003,-0.180000007,0,0,-0.01,2
19.26,466,-456,465,-452,0.930000007,0.01,-0.150000006,0,0,-0.01,2
19.27,478,-457,473,-457,0.649999976,0.02,-0.330000013,0,0,-0.01,2
19.28,481,-463,469,-461,1.110000014,-0.140000001,-0.050000001,-0.01,0,-0.01,2
19.29,488,-470,485,-466,0.980000019,0,0.219999999,0.01,-0.01,-0.01,2
19.3,497,-476,490,-476,0.029999999,-0.029999999,-0.330000013,0,0,-0.01,2
19.31,497,-476,490,-478,1.340000033,0.059999999,0.330000013,0,0,-0.01,2
19.32,510,-488,498,-482,0.170000002,0.119999997,0.170000002,0,0,-0.01,2
19.33,506,-479,495,-488,1.169999957,-0.129999995,0.100000002,0,0,-0.01,2
19.34,520,-496,503,-498,0.419999987,0.029999999,0.850000024,0,0,-0.01,2
19.35,513,-494,512,-501,0.879999995,0.02,0.029999999,0,0,-0.02,2
19.36,522,-499,517,-503,0.879999995,-0.01,0.189999998,0,0,-0.02,2
19.37,530,-506,519,-505,0.579999983,-0.079999998,-0.280000001,0,0,-0.02,2
19.38,530,-507,526,-508,1.169999957,0.059999999,-0.310000002,0,0,-0.02,2
19.39,547,-524,535,-518,0.310000002,0.02,-0.340000004,0,0,-0.02,2
19.4,540,-518,542,-511,1.019999981,-0.029999999,-0.159999996,0,0,-0.02,2
19.41,553,-525,543,-527,0.610000014,-0.079999998,0.07,-0.01,0,-0.02,2
19.42,559,-533,543,-529,0.509999991,0.109999999,0.409999996,-0.01,0,-0.02,2
19.43,553,-531,556,-532,1.00999999,0,0.310000002,-0.01,0,-0.02,2
19.44,558,-542,559,-540,0.449999988,0.129999995,-0.059999999,-0.01,0,-0.02,2
19.45,570,-548,560,-545,0.629999995,0.07,0.01,0,0,-0.02,2
19.46,576,-548,570,-545,0.800000012,0.090000004,0.029999999,0,0,-0.02,2
19.47,580,-551,574,-558,0.899999976,0.01,0.129999995,0,0,-0.02,2
19.48,588,-561,575,-558,0.589999974,-0.02,-0.079999998,0.01,0,-0.02,2
19.49,594,-564,587,-563,0.779999971,-0.02,0.180000007,0.01,0,-0.02,2
19.5,599,-571,591,-567,0.620000005,0.050000001,-0.059999999,0,0,-0.02,2
19.51,601,-570,596,-570,0.600000024,-0.029999999,-0.029999999,-0.01,0,-0.02,2
19.52,608,-582,599,-578,0.680000007,-0.090000004,0.519999981,-0.029999999,0,-0.02,2
19.53,604,-584,602,-587,0.75,-0.129999995,0.230000004,-0.01,0,-0.02,2
19.54,611,-584,610,-590,0.920000017,-0.180000007,0.170000002,-0.02,0,-0.02,2
19.55,620,-590,611,-594,0.730000019,-0.01,0.219999999,0,0,-0.02,2
19.56,617,-598,619,-598,0.839999974,-0.170000002,0.150000006,0,0,-0.02,2
19.57,630,-601,619,-610,0.649999976,-0.300000012,0.029999999,0,0,-0.02,2
19.58,628,-610,630,-611,0.230000004,-0.319999993,0.379999995,0.01,0,-0.01,2
19.59,634,-621,628,-610,1.120000005,-0.319999993,0.159999996,0.02,0,-0.01,2
19.6,638,-617,630,-615,0.340000004,-0.170000002,0.389999986,0,0,-0.01,2
19.61,647,-631,639,-615,1.070000052,-0.039999999,-0.090000004,0,0,-0.01,2
19.62,643,-621,637,-621,0.219999999,0.219999999,-0.310000002,-0.029999999,0,-0.01,2
19.63,654,-627,648,-633,0.730000019,-0.059999999,-0.720000029,-0.02,0,-0.01,2
19.64,660,-631,646,-624,0.239999995,0.189999998,-0.360000014,-0.01,0,-0.02,2
19.65,661,-632,653,-634,0.879999995,0.090000004,-0.200000003,0,0,-0.02,2
19.66,669,-642,661,-638,0.340000004,0.170000002,0.209999993,0,0,-0.02,2
19.67,673,-642,668,-639,0.790000022,0.039999999,0.079999998,0,0,-0.02,2
19.68,683,-642,673,-644,0.550000012,0.059999999,0,0,0,-0.029999999,2
19.69,681,-646,672,-648,0.579999983,0.100000002,0.07,0,0,-0.02,2
19.7,687,-657,680,-644,0.850000024,-0.100000002,0.129999995,0,0,-0.029999999,2
19.71,684,-658,680,-657,0.519999981,-0.25,0.310000002,0,0,-0.02,2
19.72,691,-661,683,-666,0.600000024,0.01,0.239999995,-0.01,0,-0.02,2
19.73,688,-666,687,-667,0.75,-0.209999993,-0.140000001,0,0,-0.02,2
19.74,699,-665,689,-673,0.529999971,0.079999998,-0.01,0,0,-0.02,2
19.75,703,-679,698,-677,0.49000001,-0.079999998,-0.100000002,0,0,-0.02,2
19.76,703,-681,701,-678,0.670000017,0.109999999,0.289999992,0,0,-0.02,2
19.77,714,-685,704,-688,0.5,-0.140000001,0.129999995,0,0,-0.02,2
19.78,708,-694,705,-689,0.589999974,0.07,0,0,0,-0.02,2
19.79,723,-693,713,-686,0.699999988,-0.109999999,0.189999998,0,0,-0.02,2
19.8,725,-694,715,-693,0.540000022,0.159999996,-0.01,0,0,-0.02,2
19.81,725,-697,721,-698,0.509999991,-0.07,-0.029999999,0,0,-0.02,2
19.82,736,-696,724,-701,0.610000014,0.01,0.189999998,0,0,-0.02,2
19.83,728,-701,730,-713,0.330000013,-0.059999999,0.289999992,0,0,-0.02,2
19.84,748,-714,725,-709,1.049999952,-0.039999999,0.079999998,0,0,-0.029999999,2
19.85,745,-715,739,-707,0.319999993,0.109999999,0.340000004,0,0,-0.029999999,2
19.86,745,-719,749,-716,0.959999979,0,-0.189999998,0,0,-0.029999999,2
19.87,762,-721,750,-718,0.109999999,0.150000006,-0.02,0,0,-0.029999999,2
19.88,750,-730,753,-721,0.649999976,-0.059999999,-0.129999995,0,0,-0.02,2
19.89,760,-727,750,-730,0.400000006,-0.090000004,0.300000012,0,0,-0.02,2
19.9,765,-730,745,-735,0.509999991,-0.159999996,0.389999986,0,0,-0.02,2
19.91,761,-744,756,-743,0.509999991,-0.180000007,0.209999993,0,0,-0.02,2
19.92,770,-739,760,-741,0.519999981,-0.100000002,-0.02,0,0,-0.02,2
19.93,777,-747,762,-740,0.779999971,-0.079999998,-0.259999991,0.01,0,-0.02,2
19.94,776,-744,772,-744,0.330000013,0.02,0.280000001,0.01,0,-0.02,2
19.95,783,-743,774,-745,0.899999976,0.039999999,0.200000003,0,0,-0.02,2
19.96,784,-753,773,-756,0.029999999,0.07,0.180000007,-0.01,0,-0.02,2
19.97,788,-755,774,-760,0.579999983,-0.01,0.140000001,-0.01,0,-0.02,2
19.98,790,-753,778,-759,0.550000012,0.100000002,0.109999999,-0.01,0,-0.02,2
19.99,792,-763,786,-760,0.479999989,0.219999999,-0.059999999,0,0,-0.029999999,2
20,796,-764,791,-759,0.569999993,0.050000001,-0.109999999,0,0,-0.029999999,2
20.01,804,-770,797,-764,0.49000001,-0.01,0.050000001,0,0,-0.029999999,2
20.02,810,-769,799,-772,0.550000012,-0.050000001,-0.029999999,0,0,-0.029999999,2
20.03,815,-779,806,-776,0.639999986,-0.059999999,-0.340000004,0,0,-0.029999999,2
20.04,818,-784,802,-783,0.479999989,-0.02,-0.170000002,0,0,-0.029999999,2
20.05,823,-783,808,-782,0.560000002,-0.259999991,-0.170000002,-0.01,0,-0.029999999,2
20.06,819,-790,808,-791,0.49000001,-0.170000002,-0.289999992,0,0,-0.02,2
20.07,826,-792,812,-796,0.49000001,-0.170000002,-0.289999992,0,0,-0.02,2
20.08,830,-796,820,-786,0.479999989,-0.180000007,0.330000013,0,0,-0.02,2
20.09,820,-810,826,-802,0.479999989,-0.180000007,0.330000013,0,0,-0.02,2
20.1,837,-804,826,-809,0.819999993,-0.230000004,0.25,0,0,-0.02,2
20.11,843,-810,828,-801,0.819999993,-0.230000004,0.25,0,0,-0.02,2
20.12,828,-816,816,-806,0.850000024,-0.059999999,0.170000002,0,0,-0.02,2
20.13,840,-811,830,-819,0.850000024,-0.059999999,0.170000002,0,0,-0.02,2
20.14,846,-814,833,-816,0.5,-0.209999993,-0.219999999,0,0,-0.02,2
20.15,850,-826,835,-822,0.5,-0.209999993,-0.219999999,0.01,0,-0.02,2
20.16,855,-820,851,-826,0.529999971,-0.140000001,-0.469999999,0.01,0,-0.02,2
20.17,856,-829,840,-827,0.529999971,-0.140000001,-0.469999999,0.01,0,-0.02,2
20.18,857,-833,851,-825,0.49000001,0.100000002,-0.259999991,0,0,-0.029999999,2
20.19,866,-831,847,-827,0.49000001,0.100000002,-0.259999991,0,0,-0.029999999,2
20.2,858,-841,849,-836,0.270000011,-0.090000004,-0.090000004,-0.01,0,-0.02,2
20.21,864,-844,868,-839,0.270000011,-0.090000004,-0.090000004,0,0,-0.02,2
20.22,876,-848,863,-838,0.610000014,-0.140000001,0.230000004,0.01,0,-0.02,2
20.23,866,-850,859,-850,0.610000014,-0.140000001,0.230000004,0.039999999,0,-0.02,2
20.24,878,-849,872,-854,0.219999999,-0.230000004,0.629999995,0.02,0,-0.02,2
20.25,872,-859,865,-854,0.219999999,-0.230000004,0.629999995,0.029999999,0,-0.01,2
20.26,878,-860,856,-862,0.449999988,-0.059999999,0.800000012,0.01,0,-0.02,2
20.27,873,-861,868,-853,0.449999988,-0.059999999,0.800000012,0.01,0,-0.02,2
20.28,874,-861,870,-863,0.449999988,0.219999999,0.75,0,0,-0.01,2
20.29,893,-861,877,-867,0.449999988,0.219999999,0.75,-0.01,0,-0.01,2
20.3,888,-857,878,-864,0.579999983,0.340000004,0.039999999,0,0,-0.01,2
20.31,891,-875,887,-874,0.579999983,0.340000004,0.039999999,-0.01,0,-0.01,2
20.32,899,-880,889,-878,0.400000006,0.079999998,-0.259999991,0,0,-0.01,2
20.33,895,-874,870,-883,0.400000006,0.079999998,-0.259999991,0,0,-0.01,2
20.34,899,-886,886,-881,0.270000011,0.029999999,-0.430000007,0.01,0,-0.01,2
20.35,899,-888,896,-889,0.270000011,0.029999999,-0.430000007,0,0,-0.01,2
20.36,906,-881,900,-897,0.159999996,0.100000002,-0.340000004,0,0,-0.02,2
20.37,912,-887,915,-891,0.159999996,0.100000002,-0.340000004,0,0,-0.02,2
20.38,914,-888,905,-900,0.360000014,0.200000003,0,0,0,-0.02,2
20.39,914,-893,903,-901,0.360000014,0.200000003,0,0,0,-0.02,2
20.4,918,-892,899,-896,0.430000007,0.159999996,0.25,0,0,-0.02,2
20.41,918,-888,905,-896,0.430000007,0.159999996,0.25,0,0,-0.02,2
20.42,926,-903,923,-897,0.059999999,0.100000002,0.039999999,0,0,-0.02,2
20.43,929,-902,920,-898,0.059999999,0.100000002,0.039999999,-0.01,0,-0.02,2
20.44,935,-903,921,-909,0.259999991,-0.180000007,0.270000011,0,0,-0.02,2
20.45,932,-915,922,-911,0.259999991,-0.180000007,0.270000011,-0.01,0,-0.01,2
20.46,931,-914,913,-915,0.550000012,-0.189999998,0.029999999,0,0,-0.01,2
20.47,935,-920,924,-921,0.550000012,-0.189999998,0.029999999,0,0,-0.01,2
20.48,944,-918,928,-920,0.360000014,-0.029999999,0.07,0.01,0,-0.01,2
20.49,941,-925,936,-936,0.360000014,-0.029999999,0.07,0,0,0,2
20.5,944,-922,936,-933,0.560000002,0.059999999,0.360000014,0,0,0,2
20.51,940,-936,935,-930,0.560000002,0.059999999,0.360000014,-0.01,0,0,2
20.52,947,-943,944,-928,0.300000012,0.189999998,0.140000001,-0.01,0,0,2
20.53,948,-942,932,-929,0.300000012,0.189999998,0.140000001,0,0,0,2
20.54,957,-949,940,-941,-0.400000006,0.469999999,0.230000004,-0.01,0,0,2
20.55,956,-945,949,-942,-0.400000006,0.469999999,0.230000004,-0.01,0,0,2
20.56,964,-939,959,-949,0.050000001,0.419999987,0.01,0.02,0,0,2
20.57,961,-951,963,-956,0.050000001,0.419999987,0.01,0.02,0,0,2
20.58,960,-954,957,-940,0.660000026,0.360000014,-0.100000002,0.02,0,-0.01,2
20.59,971,-964,953,-946,0.660000026,0.360000014,-0.100000002,0,0,0,2
20.6,957,-947,953,-956,0.349999994,-0.170000002,0.189999998,0,0,0,2
20.61,965,-953,961,-962,0.349999994,-0.170000002,0.189999998,-0.02,0,0,2
20.62,970,-976,960,-964,0.02,0.029999999,-0.170000002,0,0,0,2
20.63,970,-968,960,-964,0.02,0.029999999,-0.170000002,-0.01,0,0,2
20.64,980,-982,965,-972,0.319999993,-0.039999999,0.709999979,0.01,0,0,2
20.65,971,-978,962,-972,0.319999993,-0.039999999,0.709999979,0,0,0,2
20.66,985,-973,973,-977,0.389999986,-0.029999999,-0.479999989,0,0,0,2
20.67,992,-979,979,-982,0.389999986,-0.029999999,-0.479999989,0,0,0,2
20.68,986,-991,981,-984,0.360000014,0.180000007,0.029999999,0,0,0,2
20.69,987,-979,983,-992,0.360000014,0.180000007,0.029999999,0,0,0,2
20.7,1000,-987,987,-983,0.310000002,-0.379999995,0.289999992,0,-0.01,0,2
20.71,1004,-1004,987,-986,0.310000002,-0.379999995,0.289999992,0.01,-0.01,0,2
20.72,995,-994,986,-994,0.439999998,0.090000004,0.219999999,0,-0.01,0,2
20.73,1009,-991,1001,-996,0.439999998,0.090000004,0.219999999,0,-0.01,0,2
20.74,1001,-1004,1005,-998,0.039999999,-0.02,-0.050000001,0,0,0,2
20.75,1020,-999,1006,-1007,0.039999999,-0.02,-0.050000001,0,0,0,2
20.76,1013,-1005,1003,-1003,0.439999998,-0.07,0.25,0,-0.01,0,2
20.77,1007,-1008,999,-1003,0.439999998,-0.07,0.25,0,-0.01,0,2
20.78,1023,-1010,1011,-1021,0.150000006,-0.150000006,0,0,0,0,3
20.79,1011,-997,1007,-1004,0.150000006,-0.150000006,0,0.01,0,0,3
20.8,1025,-1026,1010,-1015,0.189999998,-0.109999999,0.140000001,0.01,0,0,3
20.81,1025,-1019,1019,-1014,0.189999998,-0.109999999,0.140000001,0,0,0,3
20.82,1028,-1022,1014,-1024,0.699999988,0.100000002,0.239999995,0,0,0,3
20.83,1027,-1031,1017,-1025,0.699999988,0.100000002,0.239999995,-0.01,0,0,3
20.84,1030,-1027,1013,-1034,0.560000002,-0.129999995,0,0,0,0.01,3
20.85,1043,-1039,1028,-1039,0.560000002,-0.129999995,0,-0.01,0,0.01,3
20.86,1032,-1037,1025,-1038,0.389999986,0.239999995,-0.319999993,0.01,0,0.01,3
20.87,1044,-1040,1035,-1029,0.389999986,0.239999995,-0.319999993,0.01,0,0.01,3
20.88,1046,-1041,1021,-1031,0.170000002,0.090000004,0.550000012,0.01,0,0,3
20.89,1042,-1040,1029,-1041,0.170000002,0.090000004,0.550000012,0,0,0,3
20.9,1041,-1042,1029,-1037,0.050000001,0.01,0.059999999,-0.01,0,0,4
20.91,1050,-1041,1039,-1043,0.050000001,0.01,0.059999999,-0.02,0,0,4
20.92,1059,-1050,1046,-1043,-0.109999999,0.289999992,-0.050000001,-0.02,0,0,4
20.93,1055,-1046,1050,-1049,-0.109999999,0.289999992,-0.050000001,-0.02,0,0,4
20.94,1053,-1056,1049,-1053,0.129999995,-0.07,0.01,-0.01,-0.01,0,4
20.95,1053,-1056,1045,-1055,0.129999995,-0.07,0.01,0.01,0,0,4
20.96,1063,-1050,1044,-1061,0.579999983,-0.200000003,-0.079999998,0.01,-0.01,0,4
20.97,1055,-1059,1053,-1053,0.579999983,-0.200000003,-0.079999998,0.01,-0.01,0,4
20.98,1076,-1080,1058,-1063,0.289999992,-0.150000006,-0.01,0,0,0.01,4
20.99,1068,-1065,1057,-1074,0.289999992,-0.150000006,-0.01,-0.01,0,0.01,4
21,1061,-1077,1058,-1073,0.49000001,-0.540000022,0.360000014,0,0,0.01,5
21.01,1080,-1083,1051,-1077,0.49000001,-0.540000022,0.360000014,0,-0.01,0.01,5
21.02,1080,-1084,1056,-1084,0.460000008,0.059999999,-0.039999999,-0.01,0,0.01,5
21.03,1072,-1095,1074,-1084,0.460000008,0.059999999,-0.039999999,0,0,0.02,5
21.04,1077,-1086,1063,-1087,0.579999983,0.01,-0.439999998,0,0,0.02,5
21.05,1082,-1092,1086,-1087,0.579999983,0.01,-0.439999998,0,0,0.02,5
21.06,1084,-1098,1062,-1092,0.300000012,0.059999999,-0.310000002,0.02,0,0.02,5
21.07,1088,-1099,1073,-1104,0.300000012,0.059999999,-0.310000002,0.02,0,0.02,5
21.08,1083,-1100,1077,-1095,0.899999976,0.01,0.100000002,0.039999999,0,0.01,5
21.09,1104,-1096,1087,-1109,0.899999976,0.01,0.100000002,0.01,0,0.01,5
21.1,1092,-1105,1098,-1100,0.610000014,0.029999999,0.170000002,0.01,0,0.01,5
21.11,1093,-1110,1092,-1100,0.610000014,0.029999999,0.170000002,0,0,0.01,5
21.12,1097,-1103,1081,-1104,0.25,0.119999997,0.360000014,0,0,0.01,5
21.13,1104,-1103,1094,-1098,0.25,0.119999997,0.360000014,0,0,0.01,5
21.14,1114,-1107,1097,-1108,0.059999999,0.170000002,0.670000017,-0.01,0,0.01,5
21.15,1113,-1108,1101,-1117,0.059999999,0.170000002,0.670000017,0,0,0,5
21.16,1103,-1111,1095,-1114,0.25,0.219999999,-0.180000007,-0.01,0,0,5
21.17,1123,-1121,1100,-1124,0.25,0.219999999,-0.180000007,-0.01,0,0,5
21.18,1114,-1123,1106,-1122,0.430000007,0.119999997,0.100000002,0,0,0.01,5
21.19,1117,-1123,1106,-1131,0.430000007,0.119999997,0.100000002,0,0,0.01,5
21.2,1140,-1129,1119,-1143,0.180000007,0,0.01,0,0,0.01,5
21.21,1128,-1128,1136,-1136,0.180000007,0,0.01,0.01,0,0.01,5
21.22,1129,-1129,1103,-1129,0.340000004,0.189999998,-0.959999979,0,0,0.01,5
21.23,1138,-1144,1105,-1140,0.340000004,0.189999998,-0.959999979,0,0,0,5
21.24,1131,-1131,1130,-1130,0.270000011,-0.140000001,-0.170000002,0.01,-0.01,0,5
21.25,1146,-1132,1120,-1141,0.270000011,-0.140000001,-0.170000002,-0.01,0,0,5
21.26,1145,-1152,1139,-1139,-0.189999998,-0.059999999,0.460000008,0.01,0,0,5
21.27,1127,-1133,1122,-1140,-0.189999998,-0.059999999,0.460000008,0.01,0,0,5
21.28,1149,-1143,1123,-1141,-0.400000006,0.07,0.050000001,0,0.01,0.01,5
21.29,1147,-1146,1130,-1142,-0.400000006,0.07,0.050000001,0,0,0.01,5
21.3,1135,-1135,1143,-1142,-0.039999999,0.25,0.300000012,0,0,0.01,5
21.31,1147,-1155,1131,-1152,-0.039999999,0.25,0.300000012,0,0,0.01,5
21.32,1146,-1151,1147,-1132,0.230000004,0.219999999,0.370000005,0,0,0.01,5
21.33,1163,-1157,1135,-1152,0.230000004,0.219999999,0.370000005,0,0,0.01,5
21.34,1153,-1164,1133,-1155,0.219999999,0.479999989,0.759999991,-0.029999999,0,0.01,5
21.35,1161,-1148,1159,-1160,0.219999999,0.479999989,0.759999991,0,0,0.01,5
21.36,1171,-1159,1161,-1169,-0.349999994,0.589999974,0.579999983,0,0,0.01,5
21.37,1158,-1169,1154,-1148,-0.349999994,0.589999974,0.579999983,0,0,0.01,5
21.38,1162,-1165,1151,-1152,-0.079999998,0.029999999,0.259999991,0.02,-0.01,0.01,5
21.39,1156,-1156,1140,-1173,-0.079999998,0.029999999,0.259999991,0,0,0.01,5
21.4,1169,-1162,1155,-1166,0.479999989,-0.519999981,0.330000013,0,0,0.01,5
21.41,1157,-1183,1156,-1181,0.479999989,-0.519999981,0.330000013,0,0,0.01,5
21.42,1158,-1176,1158,-1180,0.119999997,-0.49000001,-0.349999994,-0.02,0.01,0.02,5
21.43,1166,-1164,1150,-1172,0.119999997,-0.49000001,-0.349999994,-0.01,0,0.02,5
21.44,1161,-1183,1154,-1171,-0.200000003,-0.140000001,-0.360000014,0.01,0,0.02,5
21.45,1169,-1185,1154,-1174,-0.200000003,-0.140000001,-0.360000014,0,0,0.02,5
21.46,1164,-1168,1160,-1182,-0.129999995,0.280000001,-0.370000005,0,0,0.02,5
21.47,1172,-1190,1159,-1166,-0.129999995,0.280000001,-0.370000005,0,0,0.02,5
21.48,1177,-1191,1160,-1169,0.180000007,0.430000007,-0.349999994,0,0,0.02,5
21.49,1176,-1177,1158,-1199,0.180000007,0.430000007,-0.349999994,-0.01,0,0.02,5
21.5,1179,-1190,1166,-1173,0.270000011,0.119999997,-0.039999999,0,0,0.01,5
21.51,1183,-1192,1172,-1190,0.270000011,0.119999997,-0.039999999,-0.01,0,0.01,5
21.52,1175,-1177,1181,-1185,0.379999995,0.270000011,0.050000001,0,0,0.01,5
21.53,1178,-1193,1162,-1176,0.379999995,0.270000011,0.050000001,0,0,0.01,5
21.54,1181,-1173,1163,-1188,0.209999993,0.200000003,0.449999988,0.01,0,0.01,6
21.55,1182,-1183,1161,-1183,0.209999993,0.200000003,0.449999988,0.01,0,0.01,6
21.56,1183,-1190,1184,-1188,0.129999995,0.039999999,0.469999999,0.01,0.01,0.01,6
21.57,1179,-1188,1183,-1189,0.129999995,0.039999999,0.469999999,0.01,0.01,0.01,6
21.58,1175,-1188,1167,-1180,0.209999993,0.119999997,0.330000013,-0.01,0.01,0.01,6
21.59,1186,-1198,1172,-1191,0.209999993,0.119999997,0.330000013,0,0,0.02,6
21.6,1188,-1195,1167,-1191,-0.209999993,0.280000001,0.200000003,0,0,0.02,7
21.61,1186,-1183,1171,-1183,-0.209999993,0.280000001,0.200000003,0.01,0,0.02,7
21.62,1189,-1201,1183,-1194,-0.109999999,0.389999986,0.389999986,0,0,0.02,7
21.63,1192,-1197,1167,-1190,-0.109999999,0.389999986,0.389999986,0.02,0,0.02,7
21.64,1179,-1191,1174,-1189,0.090000004,0.170000002,0.090000004,0,0,0.02,7
21.65,1185,-1198,1170,-1191,0.090000004,0.170000002,0.090000004,0,0,0.02,7
21.66,1192,-1201,1177,-1189,-0.090000004,0.059999999,0.059999999,0,0,0.02,7
21.67,1190,-1200,1185,-1192,-0.090000004,0.059999999,0.059999999,0,0,0.02,7
21.68,1179,-1198,1171,-1191,0.25,-0.079999998,-0.090000004,0,0.01,0.02,7
21.69,1189,-1193,1172,-1196,0.25,-0.079999998,-0.090000004,0,0,0.02,7
21.7,1186,-1201,1167,-1193,0.129999995,-0.01,-0.660000026,0,0,0.02,7
21.71,1189,-1205,1179,-1195,0.129999995,-0.01,-0.660000026,0.01,0.01,0.02,7
21.72,1190,-1209,1185,-1205,0.150000006,-0.280000001,-0.430000007,-0.02,0,0.02,8
21.73,1184,-1214,1180,-1203,0.150000006,-0.280000001,-0.430000007,0.01,0,0.029999999,8
21.74,1178,-1213,1181,-1210,0.720000029,-0.49000001,-0.119999997,0,0,0.029999999,8
21.75,1198,-1224,1159,-1204,0.720000029,-0.49000001,-0.119999997,0.01,0,0.029999999,8
21.76,1183,-1221,1180,-1214,0.569999993,-0.370000005,-0.07,-0.01,0,0.029999999,8
21.77,1188,-1213,1184,-1212,0.569999993,-0.370000005,-0.07,-0.01,0,0.029999999,8
21.78,1187,-1236,1183,-1220,0.209999993,-0.090000004,-0.280000001,0,0,0.039999999,9
21.79,1189,-1226,1176,-1224,0.209999993,-0.090000004,-0.280000001,0.01,0,0.039999999,9
21.8,1190,-1214,1177,-1219,0.02,-0.129999995,0.129999995,0,0.01,0.039999999,9
21.81,1195,-1232,1172,-1225,0.02,-0.129999995,0.129999995,0.029999999,0,0.039999999,9
21.82,1193,-1231,1183,-1229,-0.219999999,0.200000003,0.709999979,0.01,0,0.039999999,9
21.83,1182,-1229,1190,-1214,-0.219999999,0.200000003,0.709999979,0,0.01,0.039999999,9
21.84,1185,-1230,1174,-1228,-0.07,0.360000014,0.460000008,0,0,0.039999999,10
21.85,1194,-1225,1165,-1227,-0.07,0.360000014,0.460000008,-0.02,0.01,0.050000001,10
21.86,1188,-1230,1182,-1226,0.529999971,0.469999999,0.579999983,0,0.02,0.039999999,10
21.87,1185,-1224,1182,-1231,0.529999971,0.469999999,0.579999983,0,0.02,0.039999999,10
21.88,1195,-1244,1186,-1222,0.02,0.059999999,0.289999992,0,0.02,0.050000001,10
21.89,1182,-1233,1171,-1235,0.02,0.059999999,0.289999992,-0.01,0,0.050000001,10
21.9,1183,-1225,1178,-1237,-0.07,0.349999994,-0.330000013,0.01,0,0.050000001,11
21.91,1210,-1233,1177,-1245,-0.07,0.349999994,-0.330000013,0,0.01,0.050000001,11
21.92,1195,-1227,1179,-1235,0.49000001,-0.01,-0.469999999,0,0,0.050000001,11
21.93,1187,-1250,1185,-1233,0.49000001,-0.01,-0.469999999,0,0,0.050000001,11
21.94,1191,-1242,1167,-1242,0.170000002,-0.360000014,-0.980000019,-0.02,0,0.059999999,12
21.95,1190,-1249,1163,-1242,0.170000002,-0.360000014,-0.980000019,-0.02,-0.01,0.07,12
21.96,1200,-1260,1179,-1246,-0.419999987,0.050000001,-0.170000002,-0.01,-0.01,0.07,12
21.97,1203,-1247,1167,-1251,-0.419999987,0.050000001,-0.170000002,-0.01,-0.01,0.07,12
21.98,1182,-1260,1189,-1244,-0.239999995,0.349999994,-0.079999998,0.02,0,0.07,12
21.99,1190,-1254,1181,-1252,-0.239999995,0.349999994,-0.079999998,0.01,-0.01,0.07,12
22,1191,-1238,1161,-1243,0.319999993,0.310000002,0.300000012,0.02,0,0.07,12
22.01,1165,-1254,1179,-1232,0.319999993,0.310000002,0.300000012,0.01,0,0.07,13
22.02,1191,-1253,1182,-1241,-0.01,0.25,0.529999971,-0.02,0,0.07,13
22.03,1183,-1244,1188,-1248,-0.01,0.25,0.529999971,-0.029999999,0.01,0.07,13
22.04,1186,-1233,1179,-1241,0.540000022,-0.02,-0.25,-0.029999999,0.01,0.07,13
22.05,1185,-1244,1163,-1254,0.540000022,-0.02,-0.25,-0.01,0.01,0.07,13
22.06,1198,-1249,1177,-1234,0.74000001,0.589999974,0.039999999,0.01,0,0.07,13
22.07,1190,-1232,1189,-1220,0.74000001,0.589999974,0.039999999,0.01,0,0.07,14
22.08,1192,-1254,1184,-1247,-0.100000002,0.180000007,-0.280000001,0,0,0.07,14
22.09,1188,-1254,1171,-1239,-0.100000002,0.180000007,-0.280000001,0.02,0,0.079999998,14
22.1,1190,-1275,1162,-1253,-0.239999995,-0.129999995,-0.029999999,0,0,0.079999998,14
22.11,1192,-1260,1178,-1252,-0.239999995,-0.129999995,-0.029999999,0,-0.01,0.090000004,14
22.12,1184,-1254,1175,-1235,0.029999999,-0.159999996,0.280000001,-0.01,-0.02,0.090000004,14
22.13,1176,-1263,1181,-1245,0.029999999,-0.159999996,0.280000001,0,-0.01,0.090000004,15
22.14,1182,-1243,1179,-1267,-0.449999988,0.02,0.400000006,-0.01,-0.01,0.090000004,15
22.15,1178,-1259,1160,-1237,-0.449999988,0.02,0.400000006,0,0,0.090000004,15
22.16,1178,-1266,1167,-1238,-0.209999993,0.409999996,0.300000012,0.01,0,0.090000004,15
22.17,1178,-1242,1173,-1247,-0.209999993,0.409999996,0.300000012,0.01,0,0.090000004,16
22.18,1180,-1250,1172,-1246,-0.430000007,0.239999995,0.349999994,0,0,0.090000004,16
22.19,1169,-1257,1166,-1246,-0.430000007,0.239999995,0.349999994,-0.01,0.01,0.090000004,16
22.2,1168,-1243,1159,-1243,-0.07,0.460000008,-0.25,0,0,0.090000004,16
22.21,1180,-1263,1170,-1231,-0.07,0.460000008,-0.25,-0.02,0.01,0.090000004,17
22.22,1184,-1242,1165,-1241,-0.119999997,0.5,0,0,0.01,0.090000004,17
22.23,1168,-1251,1171,-1247,-0.119999997,0.5,0,0,0,0.090000004,18
22.24,1171,-1259,1167,-1233,-0.140000001,0.259999991,-0.129999995,0.02,0,0.090000004,18
22.25,1163,-1244,1150,-1238,-0.140000001,0.259999991,-0.129999995,0.01,0,0.090000004,18
22.26,1172,-1257,1148,-1236,-0.479999989,0.330000013,0.319999993,0,0,0.090000004,18
22.27,1167,-1249,1155,-1239,-0.479999989,0.330000013,0.319999993,0,0,0.090000004,18
22.28,1160,-1238,1165,-1244,-0.360000014,0.159999996,-0.100000002,-0.02,0,0.100000002,19
22.29,1172,-1244,1146,-1231,-0.360000014,0.159999996,-0.100000002,0,0,0.109999999,19
22.3,1162,-1256,1143,-1233,-0.49000001,0.349999994,0.699999988,-0.01,0,0.109999999,19
22.31,1150,-1244,1136,-1234,-0.49000001,0.349999994,0.699999988,0,0,0.109999999,19
22.32,1154,-1238,1130,-1234,-0.419999987,0.209999993,0.419999987,-0.01,0,0.109999999,19
22.33,1156,-1241,1145,-1226,-0.419999987,0.209999993,0.419999987,0.01,0,0.109999999,19
22.34,1141,-1241,1134,-1234,-0.330000013,0.289999992,0.560000002,0,0,0.109999999,19
22.35,1142,-1242,1129,-1229,-0.330000013,0.289999992,0.560000002,0,0,0.109999999,19
22.36,1153,-1239,1124,-1224,-0.330000013,0.319999993,-0.170000002,0,0,0.109999999,19
22.37,1156,-1235,1127,-1220,-0.330000013,0.319999993,-0.170000002,0,0,0.109999999,20
22.38,1141,-1231,1133,-1221,-0.159999996,0.310000002,-0.370000005,0,0,0.109999999,20
22.39,1143,-1243,1132,-1224,-0.159999996,0.310000002,-0.370000005,0,0,0.109999999,20
22.4,1156,-1234,1132,-1217,-0.109999999,0,-0.540000022,0,-0.01,0.109999999,20
22.41,1139,-1238,1121,-1221,-0.109999999,0,-0.540000022,0,-0.01,0.109999999,20
22.42,1139,-1239,1116,-1225,0,-0.01,0.039999999,0.01,-0.01,0.109999999,20
22.43,1134,-1233,1122,-1232,0,-0.01,0.039999999,0,-0.01,0.119999997,21
22.44,1125,-1232,1124,-1220,-0.039999999,-0.150000006,-0.649999976,0.01,0,0.119999997,21
22.45,1126,-1242,1120,-1228,-0.039999999,-0.150000006,-0.649999976,0.01,0,0.119999997,21
22.46,1133,-1233,1109,-1222,-0.150000006,0.059999999,0.280000001,0.01,0,0.119999997,21
22.47,1120,-1227,1095,-1214,-0.150000006,0.059999999,0.280000001,0.01,0,0.119999997,21
22.48,1128,-1235,1107,-1221,-0.790000022,0.140000001,0.460000008,0,0,0.129999995,21
22.49,1114,-1231,1110,-1225,-0.790000022,0.140000001,0.460000008,0,0,0.129999995,21
22.5,1118,-1229,1120,-1215,-0.330000013,0.519999981,0.129999995,-0.01,0,0.119999997,22
22.51,1114,-1222,1103,-1216,-0.330000013,0.519999981,0.129999995,-0.01,0,0.129999995,22
22.52,1120,-1222,1095,-1213,-0.400000006,0.660000026,0.49000001,0,0,0.129999995,22
22.53,1124,-1227,1091,-1216,-0.400000006,0.660000026,0.49000001,0,0,0.119999997,22
22.54,1124,-1213,1098,-1223,-0.449999988,0.319999993,0.589999974,0,0,0.129999995,22
22.55,1110,-1227,1108,-1210,-0.449999988,0.319999993,0.589999974,0,0,0.119999997,22
22.56,1111,-1233,1097,-1209,-0.280000001,0.389999986,0.660000026,0.02,0,0.119999997,22
22.57,1119,-1213,1095,-1214,-0.280000001,0.389999986,0.660000026,0.02,0,0.119999997,22
22.58,1113,-1216,1088,-1207,-0.140000001,0.449999988,0.119999997,0,0,0.129999995,22
22.59,1111,-1205,1086,-1216,-0.140000001,0.449999988,0.119999997,-0.01,-0.01,0.119999997,23
22.6,1116,-1222,1100,-1206,-0.200000003,0.419999987,-0.639999986,0,-0.01,0.119999997,23
22.61,1103,-1217,1095,-1200,-0.200000003,0.419999987,-0.639999986,0,-0.01,0.119999997,23
22.62,1098,-1209,1094,-1198,0.209999993,0.319999993,-0.319999993,0,-0.01,0.119999997,23
22.63,1117,-1215,1079,-1198,0.209999993,0.319999993,-0.319999993,0.01,-0.02,0.119999997,24
22.64,1105,-1209,1061,-1206,0,-0.079999998,-0.430000007,-0.01,0,0.129999995,24
22.65,1094,-1207,1081,-1205,0,-0.079999998,-0.430000007,0.01,-0.01,0.129999995,24
22.66,1093,-1222,1098,-1193,-0.239999995,-0.07,-0.129999995,0,0,0.140000001,24
22.67,1087,-1204,1073,-1205,-0.02,0,-0.129999995,0,0,0.140000001,24
22.68,1086,-1213,1058,-1196,-0.150000006,-0.230000004,0.079999998,0,0,0.150000006,24
22.69,1088,-1215,1061,-1175,-0.150000006,-0.230000004,0.079999998,0,0.01,0.150000006,24
22.7,1074,-1221,1053,-1201,-0.589999974,0.660000026,0.699999988,-0.02,0.01,0.150000006,24
22.71,1085,-1196,1064,-1197,-0.589999974,0.660000026,0.699999988,-0.02,0,0.150000006,25
22.72,1101,-1197,1067,-1184,-0.469999999,0.660000026,-0.730000019,0.01,0,0.140000001,25
22.73,1090,-1215,1069,-1204,-0.469999999,0.660000026,-0.730000019,0.02,0,0.140000001,25
22.74,1074,-1183,1060,-1184,0.239999995,0.49000001,0.039999999,0.01,-0.01,0.129999995,25
22.75,1083,-1197,1063,-1169,0.239999995,0.49000001,0.039999999,0,0.01,0.129999995,25
22.76,1103,-1200,1071,-1186,-0.389999986,0,-0.02,-0.029999999,0,0.129999995,25
22.77,1089,-1185,1066,-1164,0.340000004,0.430000007,0.569999993,-0.029999999,0,0.129999995,25
22.78,1081,-1210,1079,-1180,-0.589999974,-0.029999999,0.230000004,-0.039999999,-0.02,0.129999995,25
22.79,1084,-1183,1067,-1189,-0.589999974,-0.029999999,0.230000004,-0.02,-0.01,0.140000001,25
22.8,1082,-1198,1038,-1175,0.090000004,-0.100000002,0.419999987,0,-0.02,0.140000001,25
22.81,1069,-1204,1054,-1170,0.090000004,-0.100000002,0.419999987,-0.02,-0.02,0.140000001,25
22.82,1069,-1175,1074,-1184,0.280000001,-0.109999999,0.349999994,0,0,0.150000006,25
22.83,1073,-1202,1051,-1177,0.280000001,-0.109999999,0.349999994,0,-0.01,0.150000006,25
22.84,1070,-1193,1043,-1173,0.360000014,-0.349999994,-0.07,0.01,0,0.150000006,25
22.85,1064,-1183,1026,-1179,0.360000014,-0.349999994,-0.07,0.01,0,0.159999996,25
22.86,1071,-1189,1036,-1172,-0.259999991,-0.150000006,-0.02,0,0.01,0.159999996,25
22.87,1069,-1184,1047,-1168,-0.140000001,0.270000011,0.079999998,0,0.01,0.159999996,25
22.88,1057,-1177,1050,-1179,-0.460000008,0.300000012,-0.259999991,-0.01,0.01,0.150000006,25
22.89,1061,-1186,1044,-1171,-0.460000008,0.300000012,-0.259999991,0,0.01,0.150000006,25
22.9,1059,-1169,1050,-1166,-0.330000013,0.330000013,-0.180000007,0,0.02,0.140000001,25
22.91,1065,-1178,1038,-1153,-0.330000013,0.330000013,-0.180000007,0.01,0,0.140000001,25
22.92,1075,-1168,1041,-1158,-0.379999995,0.159999996,-0.270000011,0,0,0.129999995,25
22.93,1072,-1166,1049,-1164,-0.379999995,0.159999996,-0.270000011,-0.01,0,0.129999995,25
22.94,1060,-1179,1048,-1155,-0.400000006,0.230000004,-0.509999991,-0.01,-0.01,0.129999995,25
22.95,1058,-1174,1060,-1146,-0.400000006,0.230000004,-0.509999991,-0.01,0,0.129999995,25
22.96,1074,-1168,1044,-1153,-0.529999971,-0.039999999,0.270000011,0,-0.01,0.129999995,25
22.97,1072,-1158,1038,-1157,-0.109999999,0.150000006,0.430000007,0,-0.01,0.129999995,25
22.98,1066,-1160,1049,-1145,-0.090000004,0.180000007,0.090000004,0.01,-0.01,0.129999995,25
22.99,1062,-1165,1050,-1146,-0.090000004,0.180000007,0.090000004,0,-0.01,0.129999995,25
23,1053,-1157,1040,-1147,-0.180000007,0.209999993,0.639999986,0,0,0.129999995,25
23.01,1057,-1150,1046,-1143,-0.180000007,0.209999993,0.639999986,0,0,0.129999995,25
23.02,1060,-1141,1027,-1140,-0.180000007,0.239999995,0.319999993,0.01,0,0.129999995,25
23.03,1053,-1153,1018,-1151,-0.180000007,0.239999995,0.319999993,0,0,0.129999995,25
23.04,1049,-1150,1031,-1141,-0.159999996,0.039999999,0.340000004,0,0,0.129999995,25
23.05,1054,-1145,1031,-1134,-0.159999996,0.039999999,0.340000004,0.01,0,0.129999995,25
23.06,1055,-1141,1024,-1134,-0.230000004,0.200000003,-0.039999999,0.02,0,0.129999995,25
23.07,1044,-1144,1039,-1129,-0.469999999,0.140000001,-0.340000004,0.02,0,0.129999995,25
23.08,1048,-1133,1030,-1134,0.029999999,0.200000003,-0.059999999,0,0,0.119999997,25
23.09,1054,-1144,1015,-1133,0.029999999,0.200000003,-0.059999999,0.01,-0.01,0.119999997,25
23.1,1054,-1145,1026,-1124,-0.180000007,-0.140000001,-0.319999993,-0.01,0,0.119999997,25
23.11,1056,-1142,1037,-1128,-0.180000007,-0.140000001,-0.319999993,0,0,0.119999997,25
23.12,1052,-1136,1029,-1123,-0.270000011,0.300000012,-0.800000012,0,0,0.109999999,25
23.13,1048,-1137,1035,-1123,-0.270000011,0.300000012,-0.800000012,0,0,0.109999999,25
23.14,1045,-1126,1026,-1123,-0.180000007,0.219999999,0.119999997,0,-0.01,0.109999999,25
23.15,1038,-1134,1015,-1116,-0.180000007,0.219999999,0.119999997,0.01,0,0.109999999,25
23.16,1036,-1139,1023,-1119,-0.189999998,0.219999999,0.07,0.01,0,0.109999999,25
23.17,1040,-1116,1029,-1124,-0.180000007,0.079999998,0.029999999,0.01,0,0.109999999,25
23.18,1047,-1124,1026,-1111,-0.219999999,0.200000003,0.200000003,0,0,0.100000002,25
23.19,1044,-1129,1024,-1112,-0.219999999,0.200000003,0.200000003,0,0,0.100000002,25
23.2,1034,-1120,1016,-1118,-0.050000001,-0.02,0.310000002,-0.02,0,0.100000002,25
23.21,1034,-1120,1013,-1113,-0.050000001,-0.02,0.310000002,0,0,0.100000002,25
23.22,1036,-1120,1016,-1106,-0.050000001,0.079999998,0.400000006,0,0,0.100000002,25
23.23,1037,-1111,1018,-1104,-0.050000001,0.079999998,0.400000006,0.01,0,0.100000002,25
23.24,1026,-1110,1023,-1099,-0.280000001,0.100000002,0.709999979,-0.01,0,0.100000002,25
23.25,1029,-1104,1022,-1107,-0.280000001,0.100000002,0.709999979,0,0,0.100000002,25
23.26,1035,-1105,992,-1112,-0.25,-0.01,-0.079999998,0,0,0.100000002,25
23.27,1030,-1111,1012,-1103,-0.259999991,0.270000011,0.409999996,0,0,0.100000002,25
23.28,1020,-1109,1014,-1103,-0.150000006,0.02,0.129999995,0,0,0.100000002,25
23.29,1019,-1110,1010,-1105,-0.150000006,0.02,0.129999995,0,0,0.100000002,25
23.3,1023,-1102,1010,-1102,-0.319999993,-0.059999999,-0.430000007,0,0,0.100000002,25
23.31,1024,-1101,1017,-1112,-0.319999993,-0.059999999,-0.430000007,0,0,0.100000002,25
23.32,1031,-1116,1000,-1095,-0.239999995,0.589999974,-0.540000022,0.02,-0.01,0.100000002,25
23.33,1024,-1106,992,-1095,-0.239999995,0.589999974,-0.540000022,0,-0.01,0.090000004,25
23.34,1016,-1100,1014,-1094,-0.519999981,0.109999999,0.150000006,0.01,-0.01,0.090000004,25
23.35,1022,-1103,1012,-1089,-0.519999981,0.109999999,0.150000006,0.01,0,0.090000004,25
23.36,1013,-1091,1004,-1092,-0.300000012,0.090000004,0.200000003,0,0,0.090000004,25
23.37,1009,-1087,1005,-1099,-0.219999999,0,0.140000001,0,0,0.090000004,25
23.38,1019,-1098,987,-1077,-0.109999999,0.310000002,0.059999999,0,0,0.100000002,25
23.39,1018,-1083,978,-1088,-0.109999999,0.310000002,0.059999999,-0.01,0.01,0.100000002,25
23.4,998,-1085,991,-1082,-0.029999999,0.07,0.409999996,0,0.01,0.100000002,25
23.41,1004,-1083,989,-1069,-0.029999999,0.07,0.409999996,0,0.01,0.100000002,25
23.42,1011,-1089,991,-1065,-0.189999998,0.200000003,0.200000003,0,0.02,0.100000002,25
23.43,1001,-1090,995,-1077,-0.189999998,0.200000003,0.200000003,0,0.01,0.100000002,25
23.44,1007,-1083,984,-1090,-0.460000008,0.159999996,0.01,-0.01,0.02,0.090000004,25
23.45,1014,-1086,976,-1069,-0.460000008,0.159999996,0.01,-0.02,0.01,0.090000004,25
23.46,1010,-1090,999,-1088,-0.100000002,0.319999993,0.189999998,0,0.01,0.090000004,25
23.47,1008,-1076,989,-1086,-0.109999999,0.680000007,-0.439999998,0,0.01,0.090000004,25
23.48,1014,-1072,990,-1054,0.509999991,0.219999999,-0.100000002,0,0,0.090000004,25
23.49,1010,-1087,1002,-1070,0.509999991,0.219999999,-0.100000002,0,-0.01,0.090000004,25
23.5,1005,-1075,982,-1070,0.119999997,-0.07,-0.189999998,-0.01,-0.01,0.090000004,25
23.51,1011,-1090,977,-1060,0.119999997,-0.07,-0.189999998,-0.01,-0.01,0.090000004,25
23.52,998,-1084,992,-1067,-0.039999999,-0.02,-0.170000002,0,-0.01,0.090000004,25
23.53,999,-1070,985,-1076,-0.039999999,-0.02,-0.170000002,-0.02,-0.01,0.100000002,25
23.54,992,-1094,985,-1079,-0.340000004,-0.119999997,0.25,-0.01,0,0.100000002,25
23.55,990,-1077,986,-1069,-0.340000004,-0.119999997,0.25,-0.01,0,0.100000002,25
23.56,1007,-1064,972,-1057,-0.07,0,-0.090000004,0,0,0.109999999,25
23.57,1000,-1088,967,-1078,-0.129999995,0.159999996,0.25,0,0,0.109999999,25
23.58,988,-1074,974,-1058,-0.039999999,0.059999999,0.029999999,0,0,0.100000002,25
23.59,1001,-1076,977,-1066,-0.039999999,0.059999999,0.029999999,0,0,0.109999999,25
23.6,993,-1080,987,-1074,-0.49000001,0.200000003,-0.140000001,0,0,0.100000002,25
23.61,992,-1079,980,-1063,-0.49000001,0.200000003,-0.140000001,0,0,0.100000002,25
23.62,1005,-1078,976,-1063,-0.319999993,0.560000002,-0.370000005,0,0,0.100000002,25
23.63,986,-1072,983,-1066,-0.319999993,0.560000002,-0.370000005,0,0,0.090000004,25
23.64,996,-1068,987,-1065,-0.119999997,0.319999993,-0.409999996,0,0,0.090000004,25
23.65,996,-1077,984,-1061,-0.119999997,0.319999993,-0.409999996,0.01,-0.01,0.090000004,25
23.66,989,-1072,983,-1067,-0.100000002,0.189999998,0.689999998,0,-0.01,0.090000004,25
23.67,998,-1061,979,-1058,-0.090000004,0.01,0.090000004,0,-0.01,0.090000004,25
23.68,994,-1067,966,-1067,-0.170000002,0.349999994,0.479999989,0,0,0.090000004,25
23.69,992,-1079,978,-1064,-0.170000002,0.349999994,0.479999989,-0.01,0,0.090000004,25
23.7,989,-1070,983,-1050,0.439999998,0.109999999,0.389999986,0.01,0,0.100000002,25
23.71,990,-1078,978,-1056,0.439999998,0.109999999,0.389999986,0,0,0.100000002,25
23.72,990,-1067,993,-1058,0.49000001,0.330000013,0.170000002,0,0,0.100000002,25
23.73,998,-1059,981,-1060,0.49000001,0.330000013,0.170000002,-0.01,0,0.100000002,25
23.74,1010,-1079,966,-1061,0.460000008,0.349999994,-0.360000014,0,0,0.100000002,25
23.75,990,-1083,981,-1061,0.460000008,0.349999994,-0.360000014,0,0,0.100000002,25
23.76,988,-1073,981,-1069,0.059999999,0.300000012,-0.180000007,-0.02,0,0.100000002,25
23.77,999,-1074,978,-1062,0.180000007,0.129999995,0.259999991,-0.02,0,0.100000002,25
23.78,995,-1072,989,-1065,-0.109999999,0.259999991,-0.059999999,-0.01,0,0.100000002,25
23.79,989,-1075,992,-1062,-0.109999999,0.259999991,-0.059999999,-0.01,0,0.100000002,25
23.8,998,-1073,978,-1063,0.230000004,0.209999993,0.129999995,0,0,0.100000002,25
23.81,1001,-1073,970,-1067,0.230000004,0.209999993,0.129999995,0,0,0.100000002,25
23.82,991,-1070,982,-1064,0.319999993,0.180000007,0.090000004,0,0.01,0.100000002,25
23.83,994,-1070,977,-1065,0.319999993,0.180000007,0.090000004,0,0,0.100000002,25
23.84,995,-1068,985,-1059,0.129999995,-0.029999999,-0.280000001,0,0.01,0.100000002,25
23.85,992,-1074,989,-1075,0.129999995,-0.029999999,-0.280000001,0,0,0.100000002,25
23.86,1000,-1080,978,-1069,-0.119999997,0.079999998,-0.289999992,0,0,0.100000002,25
23.87,998,-1088,969,-1071,0.259999991,-0.039999999,-0.090000004,0,0,0.100000002,25
23.88,996,-1081,989,-1070,0,0.050000001,0.209999993,0,0,0.100000002,25
23.89,997,-1084,975,-1071,0,0.050000001,0.209999993,0.01,0,0.100000002,25
23.9,998,-1085,988,-1076,-0.039999999,-0.140000001,0.720000029,0,0,0.109999999,25
23.91,991,-1083,982,-1079,-0.039999999,-0.140000001,0.720000029,0,0,0.109999999,25
23.92,1004,-1094,976,-1073,0.100000002,0.230000004,-0.280000001,0.01,0,0.109999999,25
23.93,999,-1090,977,-1080,0.100000002,0.230000004,-0.280000001,0,0,0.109999999,25
23.94,999,-1084,980,-1084,0.280000001,0.280000001,0.059999999,0.01,0.01,0.109999999,25
23.95,1005,-1095,982,-1074,0.280000001,0.280000001,0.059999999,0,0,0.109999999,25
23.96,1000,-1090,982,-1075,0.090000004,0.239999995,0.050000001,0.02,0,0.109999999,25
23.97,997,-1089,997,-1080,-0.01,0.389999986,0.529999971,0.02,0,0.109999999,25
23.98,1007,-1087,991,-1078,0,0.300000012,-0.109999999,0.01,0,0.100000002,25
23.99,1005,-1082,978,-1080,0,0.300000012,-0.109999999,0,0,0.100000002,25
24,1000,-1096,987,-1082,0.07,0.409999996,0.340000004,0,0,0.100000002,25
24.01,998,-1086,984,-1075,0.07,0.409999996,0.340000004,0,0,0.100000002,25
24.02,997,-1081,987,-1073,0.589999974,0.310000002,0.330000013,0,0,0.100000002,25
24.03,998,-1086,998,-1083,0.589999974,0.310000002,0.330000013,0,0,0.100000002,25
24.04,996,-1086,984,-1081,0.230000004,0.230000004,-0.170000002,0,0,0.100000002,25
24.05,1001,-1095,975,-1075,0.230000004,0.230000004,-0.170000002,0,0,0.100000002,25
24.06,994,-1090,986,-1086,-0.050000001,0.01,0,0,0,0.109999999,25
24.07,988,-1080,983,-1088,0.07,0.079999998,0.029999999,0,0,0.109999999,25
24.08,1004,-1089,988,-1084,-0.239999995,0.219999999,0,0.01,0,0.109999999,25
24.09,1008,-1097,991,-1089,-0.239999995,0.219999999,0,0,0,0.109999999,25
24.1,1003,-1101,980,-1089,-0.079999998,0.270000011,-0.439999998,0,-0.01,0.109999999,25
24.11,1008,-1105,984,-1086,-0.079999998,0.270000011,-0.439999998,0,0,0.109999999,25
24.12,997,-1104,964,-1088,0.039999999,0.25,-0.059999999,0,-0.01,0.119999997,25
24.13,997,-1100,980,-1087,0.039999999,0.25,-0.059999999,0,0,0.109999999,25
24.14,996,-1102,984,-1089,-0.100000002,0.02,-0.119999997,0,-0.01,0.119999997,25
24.15,992,-1109,986,-1098,-0.100000002,0.02,-0.119999997,-0.01,0,0.119999997,25
24.16,996,-1100,996,-1092,-0.25,-0.029999999,-0.400000006,0,0,0.129999995,25
24.17,991,-1108,965,-1099,0.289999992,0.270000011,0.239999995,0,0,0.129999995,25
24.18,990,-1096,971,-1086,-0.050000001,0.270000011,0.5,0,0,0.129999995,25
24.19,983,-1106,980,-1087,-0.050000001,0.270000011,0.5,0,0.01,0.129999995,25
24.2,988,-1118,969,-1084,0.25,0.330000013,0.889999986,0,0.02,0.129999995,25
24.21,986,-1090,983,-1099,0.25,0.330000013,0.889999986,0,0.029999999,0.129999995,25
24.22,994,-1100,988,-1094,0.029999999,0.49000001,0.540000022,-0.01,0.01,0.129999995,25
24.23,991,-1114,961,-1091,0.029999999,0.49000001,0.540000022,0,0.02,0.129999995,25
24.24,989,-1086,970,-1109,-0.129999995,0.949999988,-0.319999993,0,0.02,0.129999995,26
24.25,994,-1101,979,-1090,-0.129999995,0.949999988,-0.319999993,0,0,0.119999997,26
24.26,1007,-1116,975,-1075,-0.029999999,0.319999993,-0.230000004,0.01,0,0.119999997,26
24.27,1002,-1118,991,-1093,-0.25,0.349999994,0.140000001,0.01,0,0.119999997,26
24.28,1002,-1113,993,-1077,0.239999995,0,-0.330000013,-0.01,0,0.119999997,26
24.29,1008,-1107,972,-1090,0.239999995,0,-0.330000013,-0.029999999,-0.01,0.129999995,26
24.3,1003,-1117,973,-1103,-0.370000005,-0.300000012,-0.519999981,-0.029999999,-0.01,0.129999995,27
24.31,1000,-1126,979,-1101,-0.370000005,-0.300000012,-0.519999981,0,-0.01,0.140000001,27
24.32,1004,-1111,972,-1110,0.159999996,-0.230000004,0.029999999,0,-0.02,0.140000001,27
24.33,996,-1112,976,-1095,0.159999996,-0.230000004,0.029999999,0.02,-0.01,0.150000006,27
24.34,998,-1134,986,-1106,0.159999996,-0.029999999,0.769999981,0,-0.01,0.150000006,27
24.35,996,-1118,969,-1099,0.159999996,-0.029999999,0.769999981,0.01,-0.01,0.150000006,27
24.36,984,-1127,956,-1096,0.550000012,0.259999991,0.189999998,0,0,0.150000006,28
24.37,972,-1130,972,-1108,-0.319999993,0.360000014,0.319999993,0,0,0.150000006,28
24.38,976,-1118,968,-1105,0.039999999,0.589999974,-0.119999997,-0.01,0,0.150000006,28
24.39,998,-1124,975,-1095,0.039999999,0.589999974,-0.119999997,-0.029999999,0.02,0.150000006,29
24.4,989,-1129,980,-1108,0.310000002,0.49000001,-0.310000002,0,0.01,0.150000006,29
24.41,993,-1119,968,-1107,0.310000002,0.49000001,-0.310000002,0,0.01,0.150000006,29
24.42,989,-1137,976,-1106,0.140000001,0.409999996,-0.439999998,0,0.01,0.150000006,29
24.43,987,-1138,973,-1115,0.140000001,0.409999996,-0.439999998,0,0,0.150000006,30
24.44,988,-1127,979,-1110,0.159999996,0.129999995,-0.230000004,0,0,0.159999996,30
24.45,997,-1136,983,-1107,0.159999996,0.129999995,-0.230000004,0,-0.01,0.159999996,31
24.46,1001,-1143,982,-1116,0.119999997,0.180000007,-0.159999996,0,0,0.159999996,31
24.47,988,-1136,969,-1114,-0.01,0.400000006,-0.050000001,0,0,0.159999996,31
24.48,993,-1136,972,-1113,-0.090000004,0.419999987,0.180000007,0,0,0.170000002,31
24.49,990,-1130,969,-1120,-0.090000004,0.419999987,0.180000007,0,0,0.170000002,32
24.5,987,-1144,971,-1125,-0.059999999,0.140000001,0.419999987,0,0,0.170000002,32
24.51,985,-1148,968,-1108,-0.059999999,0.140000001,0.419999987,0.01,0,0.180000007,32
24.52,991,-1147,970,-1121,0.090000004,0.5,0.920000017,0,0,0.180000007,32
24.53,997,-1135,971,-1118,0.090000004,0.5,0.920000017,0.01,0,0.180000007,32
24.54,980,-1140,951,-1109,-0.059999999,0.370000005,0.469999999,-0.01,0.01,0.180000007,32
24.55,981,-1149,966,-1124,-0.059999999,0.370000005,0.469999999,-0.01,0.02,0.180000007,33
24.56,976,-1137,964,-1113,0.050000001,0.180000007,0.180000007,0,0.02,0.180000007,33
24.57,984,-1130,963,-1116,0.01,0.289999992,0.289999992,0,0.02,0.180000007,33
24.58,991,-1151,978,-1127,-0.479999989,0.449999988,-0.029999999,0,0.02,0.180000007,33
24.59,988,-1143,967,-1118,-0.479999989,0.449999988,-0.029999999,-0.01,0.01,0.189999998,33
24.6,978,-1141,949,-1117,-0.25,0.340000004,-0.819999993,0,0.01,0.180000007,33
24.61,989,-1151,965,-1124,-0.25,0.340000004,-0.819999993,0,0,0.189999998,34
24.62,992,-1155,976,-1122,-0.389999986,0.349999994,0,0.02,0,0.189999998,34
24.63,992,-1152,973,-1123,-0.389999986,0.349999994,0,0.01,0,0.189999998,34
24.64,997,-1153,968,-1130,-0.100000002,0.109999999,-0.25,0.02,0,0.189999998,35
24.65,989,-1149,969,-1126,-0.100000002,0.109999999,-0.25,0.01,-0.01,0.200000003,35
24.66,980,-1166,952,-1136,-0.209999993,0.310000002,0.029999999,0,0,0.200000003,35
24.67,980,-1157,953,-1137,0.079999998,0.259999991,0,0,0,0.200000003,35
24.68,980,-1153,954,-1129,-0.059999999,0.400000006,0.370000005,0.01,0,0.209999993,36
24.69,979,-1158,950,-1133,-0.059999999,0.400000006,0.370000005,0.01,0,0.209999993,36
24.7,973,-1155,955,-1129,0.039999999,0.319999993,0.639999986,0.01,0.01,0.209999993,36
24.71,982,-1161,968,-1129,0.039999999,0.319999993,0.639999986,0.01,0.01,0.209999993,37
24.72,989,-1151,947,-1131,-0.170000002,0.519999981,-0.059999999,0.01,0.01,0.209999993,37
24.73,991,-1144,944,-1134,-0.170000002,0.519999981,-0.059999999,0,0.01,0.209999993,37
24.74,984,-1172,947,-1131,-0.239999995,0.469999999,0.289999992,0,0,0.209999993,37
24.75,979,-1156,944,-1131,-0.239999995,0.469999999,0.289999992,0,0,0.209999993,38
24.76,973,-1150,949,-1137,0.050000001,0.409999996,0.239999995,-0.02,0,0.209999993,38
24.77,979,-1163,959,-1127,-0.300000012,0.670000017,0.079999998,-0.02,0,0.209999993,38
24.78,985,-1163,957,-1136,-0.100000002,0.660000026,0.25,-0.029999999,0,0.209999993,39
24.79,985,-1162,938,-1141,-0.100000002,0.660000026,0.25,0,0,0.219999999,39
24.8,979,-1165,941,-1124,0.029999999,0.300000012,0.379999995,-0.01,0,0.219999999,39
24.81,969,-1145,926,-1137,0.029999999,0.300000012,0.379999995,0,0,0.219999999,39
24.82,957,-1156,913,-1141,-0.529999971,0.519999981,0.569999993,0,0,0.219999999,40
24.83,955,-1159,909,-1124,-0.529999971,0.519999981,0.569999993,0,0,0.219999999,40
24.84,959,-1153,921,-1129,-0.430000007,0.550000012,-0.289999992,0,0.01,0.219999999,40
24.85,960,-1152,925,-1121,-0.430000007,0.550000012,-0.289999992,0,0,0.219999999,40
24.86,966,-1159,937,-1125,-0.720000029,0.560000002,0.059999999,0,0.01,0.219999999,41
24.87,961,-1149,931,-1127,0.100000002,0.219999999,-0.200000003,0,0.01,0.219999999,42
24.88,961,-1141,926,-1110,-0.319999993,0.330000013,-0.039999999,0,0,0.219999999,42
24.89,950,-1140,913,-1112,-0.319999993,0.330000013,-0.039999999,-0.02,0.01,0.230000004,42
24.9,950,-1159,919,-1127,-0.819999993,0.360000014,-0.25,-0.01,0.01,0.230000004,43
24.91,938,-1143,920,-1098,-0.819999993,0.360000014,-0.25,0,0.01,0.230000004,43
24.92,934,-1121,914,-1090,-0.779999971,0.340000004,0.079999998,0,0.01,0.230000004,43
24.93,940,-1119,915,-1098,-0.779999971,0.340000004,0.079999998,-0.02,0.01,0.230000004,44
24.94,934,-1118,904,-1105,-0.449999988,0.280000001,0.150000006,0,0.01,0.239999995,44
24.95,929,-1118,889,-1092,-0.449999988,0.280000001,0.150000006,-0.02,0,0.239999995,45
24.96,921,-1121,887,-1096,-0.569999993,0.389999986,0.319999993,0,0.01,0.239999995,45
24.97,915,-1120,884,-1096,-0.829999983,0.49000001,0.330000013,0,0.01,0.239999995,45
24.98,924,-1114,888,-1089,-0.610000014,0.560000002,0.439999998,0,0,0.239999995,46
24.99,914,-1096,881,-1029,-0.610000014,0.560000002,0.439999998,0,0,0.25,46
25,911,-1126,877,-996,-0.529999971,0.529999971,0,-0.01,0,0.25,46
25.01,915,-1119,858,-1079,-0.529999971,0.529999971,0,-0.02,0,0.239999995,46
25.02,902,-1088,866,-1081,-1.120000005,0.509999991,-0.140000001,-0.029999999,-0.01,0.25,47
25.03,897,-1113,862,-1050,-1.120000005,0.509999991,-0.140000001,-0.039999999,0,0.25,47
25.04,889,-1118,852,-1059,-0.829999983,0.400000006,-0.180000007,-0.029999999,-0.01,0.25,47
25.05,892,-1087,846,-1060,-0.829999983,0.400000006,-0.180000007,0,0,0.25,47
25.06,893,-1095,848,-1052,-0.74000001,0.230000004,0.219999999,-0.01,-0.01,0.25,48
25.07,877,-1099,833,-1054,-0.600000024,0.180000007,-0.319999993,-0.01,-0.01,0.25,48
25.08,878,-1096,827,-1040,-0.680000007,0.189999998,-0.159999996,0,0,0.259999991,48
25.09,871,-1087,822,-1046,-0.680000007,0.189999998,-0.159999996,0,0,0.259999991,48
25.1,851,-1076,817,-1041,-0.629999995,0.189999998,0.209999993,0,0,0.259999991,49
25.11,856,-1079,816,-1026,-0.629999995,0.189999998,0.209999993,0,0.01,0.259999991,49
25.12,856,-1066,812,-1025,-0.360000014,0.419999987,0.25,0,0,0.259999991,49
25.13,854,-1064,805,-1027,-0.930000007,0.49000001,-0.270000011,0,0.01,0.259999991,49
25.14,855,-1062,806,-1010,-0.550000012,0.5,0.119999997,0,0.01,0.259999991,49
25.15,845,-1060,805,-1001,-0.550000012,0.5,0.119999997,0,0.01,0.259999991,49
25.16,839,-1047,789,-1005,-0.769999981,0.589999974,0.180000007,0,0.01,0.25,50
25.17,838,-1037,795,-990,-0.639999986,0.180000007,0.5,0,0.01,0.25,50
25.18,828,-1032,783,-997,-0.670000017,0.419999987,0.639999986,0,0.01,0.25,50
25.19,838,-1032,781,-995,-1.090000033,0.200000003,0.449999988,-0.01,0.01,0.25,50
25.2,827,-1031,779,-975,-0.5,0.200000003,0.639999986,0,0.01,0.25,50
25.21,822,-1022,779,-980,-0.5,0.200000003,0.639999986,0,0.01,0.25,50
25.22,818,-1018,773,-984,-0.720000029,0.340000004,0.230000004,0,0,0.25,50
25.23,819,-1009,763,-972,-0.769999981,0.159999996,0.07,0,0,0.25,50
25.24,806,-1014,760,-972,-0.769999981,0.159999996,0.07,0,0,0.25,50
25.25,800,-1036,757,-983,-0.759999991,0.200000003,-0.439999998,0,0,0.25,50
25.26,794,-1048,757,-998,-0.759999991,0.200000003,-0.439999998,0,0,0.25,50
25.27,799,-1077,756,-1038,-0.629999995,0.469999999,-0.319999993,0,-0.01,0.25,51
25.28,812,-986,750,-945,-0.349999994,0.330000013,-0.709999979,0,-0.01,0.259999991,51
25.29,805,-991,748,-942,-0.349999994,0.330000013,-0.709999979,0,-0.01,0.259999991,51
25.3,796,-1001,749,-983,-0.079999998,0.680000007,0.01,0,0,0.259999991,51
25.31,795,-991,735,-954,-0.870000005,0.449999988,-0.239999995,0,-0.02,0.259999991,51
25.32,786,-991,737,-957,-0.860000014,0.589999974,0.49000001,-0.02,-0.01,0.25,51
25.33,779,-986,733,-947,-0.409999996,0.439999998,-0.209999993,-0.01,0,0.25,51
25.34,779,-984,730,-945,-0.569999993,0.340000004,0.370000005,-0.02,0,0.25,51
25.35,781,-988,734,-955,-0.569999993,0.340000004,0.370000005,-0.02,0,0.25,51
25.36,782,-975,736,-933,0,-0.119999997,0.159999996,0,0,0.25,51
25.37,783,-989,733,-935,0,-0.119999997,0.159999996,0,0,0.25,51
25.38,773,-982,731,-944,-0.5,0.209999993,0.300000012,0,0,0.25,51
25.39,780,-980,733,-931,0.090000004,-0.01,-0.25,0,0,0.25,51
25.4,777,-988,726,-954,-0.219999999,0.180000007,-0.389999986,0.01,0,0.25,51
25.41,775,-979,721,-951,-0.219999999,0.180000007,-0.389999986,0.01,0,0.25,51
25.42,776,-992,724,-942,-0.360000014,0.129999995,0.050000001,0,-0.01,0.259999991,51
25.43,773,-980,725,-949,-0.050000001,0.01,0.079999998,0.01,-0.02,0.259999991,51
25.44,774,-981,724,-939,-0.180000007,0.270000011,0.150000006,0.01,-0.02,0.259999991,51
25.45,767,-982,722,-940,-0.109999999,0.280000001,0.059999999,0.01,-0.01,0.259999991,51
25.46,770,-974,725,-945,-0.140000001,0.289999992,0.389999986,0,-0.02,0.259999991,51
25.47,768,-973,728,-939,-0.140000001,0.289999992,0.389999986,0,-0.02,0.259999991,51
25.48,769,-975,712,-935,-0.01,0.400000006,0.100000002,0,0,0.259999991,51
25.49,772,-970,715,-937,-0.079999998,0.419999987,0.219999999,0,-0.01,0.25,51
25.5,769,-971,715,-940,-0.079999998,0.419999987,0.219999999,0,-0.01,0.25,51
25.51,769,-964,718,-928,0.100000002,0.430000007,0.039999999,0,-0.01,0.25,51
25.52,770,-974,722,-936,0.100000002,0.430000007,0.039999999,0,-0.01,0.25,51
25.53,770,-961,724,-930,-0.300000012,0.340000004,-0.310000002,-0.01,-0.01,0.25,51
25.54,765,-959,724,-933,-0.07,0.449999988,-0.059999999,0,0,0.25,51
25.55,760,-963,727,-928,-0.07,0.449999988,-0.059999999,0,0,0.25,51
25.56,768,-953,723,-918,-0.119999997,0.239999995,0.059999999,0,0,0.239999995,51
25.57,768,-959,722,-920,-0.119999997,0.239999995,0.059999999,0,0,0.239999995,51
25.58,769,-969,712,-925,-0.360000014,0.519999981,0,0,-0.01,0.239999995,51
25.59,754,-965,712,-920,-0.039999999,0.340000004,0.059999999,-0.01,0,0.239999995,51
25.6,770,-953,720,-929,-0.49000001,0.419999987,-0.119999997,-0.02,0,0.239999995,51
25.61,765,-963,714,-927,0.02,0.119999997,-0.059999999,-0.01,0,0.25,51
25.62,756,-963,717,-926,-0.109999999,0.239999995,0.300000012,-0.01,0,0.25,51
25.63,764,-959,712,-922,-0.159999996,0.029999999,0.090000004,0,0,0.25,51
25.64,762,-966,708,-932,-0.239999995,0.25,0.129999995,0,0,0.25,51
25.65,759,-965,709,-921,0.150000006,0.230000004,-0.310000002,0,0,0.25,51
25.66,761,-958,712,-920,0.150000006,0.230000004,-0.310000002,0,0,0.25,51
25.67,763,-950,710,-926,0.180000007,0.370000005,0.059999999,0,0,0.25,51
25.68,762,-961,717,-919,-0.109999999,0.289999992,-0.02,0.02,0,0.239999995,51
25.69,763,-949,719,-923,-0.029999999,0.209999993,0,0,0,0.239999995,51
25.7,762,-950,723,-922,-0.039999999,0.370000005,-0.029999999,0,0,0.239999995,51
25.71,762,-959,709,-922,-0.059999999,0.340000004,-0.170000002,0,0,0.239999995,51
25.72,758,-952,714,-909,-0.059999999,0.340000004,-0.170000002,0,0,0.239999995,51
25.73,759,-952,709,-918,-0.029999999,0.170000002,0.439999998,0,0,0.239999995,51
25.74,761,-954,704,-915,-0.029999999,0.170000002,0.439999998,0,0,0.239999995,51
25.75,763,-932,706,-911,0.059999999,0.02,-0.050000001,0,0,0.239999995,51
25.76,762,-941,710,-911,0.059999999,0.02,-0.050000001,0,0,0.239999995,51
25.77,755,-949,709,-916,-0.330000013,0.180000007,-0.109999999,0,0,0.239999995,51
25.78,752,-951,713,-914,-0.330000013,0.180000007,-0.109999999,0,0,0.239999995,51
25.79,754,-949,708,-904,-0.189999998,-0.100000002,0.389999986,0.01,0,0.239999995,51
25.8,752,-941,705,-905,-0.189999998,-0.100000002,0.389999986,0.01,0,0.239999995,51
25.81,747,-949,699,-916,-0.219999999,0.140000001,0.569999993,0,0,0.239999995,51
25.82,749,-948,698,-909,-0.119999997,0.300000012,0.079999998,0,0,0.239999995,51
25.83,753,-941,696,-912,-0.119999997,0.300000012,0.079999998,0,0,0.239999995,51
25.84,754,-950,694,-901,-0.379999995,0.460000008,-0.059999999,0,0,0.239999995,51
25.85,757,-927,698,-911,-0.349999994,0.419999987,0.059999999,0.01,0,0.239999995,51
25.86,739,-931,703,-898,-0.059999999,0.349999994,0.239999995,0.01,0,0.239999995,51
25.87,735,-937,709,-896,-0.059999999,0.349999994,0.239999995,0.01,0,0.239999995,51
25.88,752,-932,695,-897,-0.25,0.129999995,0.219999999,-0.01,0,0.230000004,51
25.89,741,-925,702,-901,-0.379999995,0.400000006,0,0,0,0.239999995,51
25.9,748,-929,692,-900,-0.189999998,0.280000001,-0.319999993,0,0,0.230000004,51
25.91,750,-936,691,-899,-0.280000001,0.330000013,0.090000004,0,0,0.239999995,51
25.92,740,-908,691,-880,-0.230000004,0.050000001,0.01,0.01,0,0.239999995,51
25.93,743,-908,687,-866,-0.230000004,0.050000001,0.01,0.01,0,0.239999995,51
25.94,737,-925,690,-896,-0.699999988,0.400000006,0.180000007,0.01,0,0.230000004,51
25.95,731,-916,690,-876,0.02,0.039999999,-0.090000004,0,0,0.230000004,51
25.96,729,-923,688,-881,-0.600000024,0.370000005,0,-0.01,0,0.230000004,51
25.97,729,-898,684,-866,-0.270000011,0.170000002,-0.079999998,0,0,0.230000004,51
25.98,728,-888,678,-850,-0.270000011,0.170000002,-0.079999998,0,0,0.230000004,51
25.99,727,-880,678,-870,-0.730000019,0.189999998,-0.079999998,0,0,0.230000004,51
26,727,-837,675,-821,-0.140000001,0.100000002,-0.039999999,0.01,0,0.219999999,51
26.01,722,-834,676,-777,-0.800000012,0.219999999,-0.02,0,0.01,0.219999999,51
26.02,719,-881,673,-797,-0.800000012,0.219999999,-0.02,0,0.01,0.219999999,51
26.03,717,-871,670,-869,-1.480000019,0.289999992,0.159999996,0,0.01,0.209999993,51
26.04,707,-863,669,-830,0.680000007,-0.280000001,0.100000002,0,0.01,0.209999993,51
26.05,709,-864,666,-842,-1.389999986,0.140000001,0.529999971,0,0,0.209999993,51
26.06,702,-861,659,-850,-1.389999986,0.140000001,0.529999971,0,0,0.209999993,51
26.07,705,-863,662,-834,-0.090000004,0,-0.469999999,-0.02,0.01,0.209999993,51
26.08,703,-863,649,-825,-0.800000012,0.25,-0.059999999,0,0,0.209999993,51
26.09,693,-851,649,-834,-0.560000002,0.300000012,0.109999999,0.01,0,0.209999993,51
26.1,697,-848,647,-822,-0.610000014,-0.300000012,0.090000004,0.01,0,0.209999993,51
26.11,689,-834,648,-817,-0.610000014,-0.300000012,0.090000004,0.01,0,0.209999993,51
26.12,676,-838,645,-818,-0.629999995,0.230000004,0.239999995,0.02,0,0.200000003,51
26.13,679,-840,641,-809,-0.239999995,-0.109999999,0.140000001,0,0,0.209999993,51
26.14,678,-826,640,-803,-0.400000006,0,-0.189999998,-0.02,0,0.200000003,50
26.15,674,-823,636,-800,-0.460000008,0.5,0.189999998,0,0,0.200000003,50
26.16,673,-815,634,-793,-0.620000005,0.029999999,0.25,0,0,0.189999998,50
26.17,671,-809,633,-787,-0.409999996,0.319999993,0.209999993,-0.01,0,0.189999998,49
26.18,669,-808,631,-788,-0.409999996,0.319999993,0.209999993,-0.01,0,0.189999998,49
26.19,666,-791,623,-778,-0.709999979,0.129999995,-0.5,0,0,0.180000007,49
26.2,662,-795,626,-767,-0.460000008,0.100000002,-0.119999997,0,0,0.180000007,48
26.21,655,-783,622,-773,-0.790000022,0.259999991,0.189999998,0,0,0.170000002,48
26.22,653,-779,620,-764,-0.469999999,0.029999999,0.230000004,0,0,0.170000002,48
26.23,652,-777,619,-757,-0.689999998,0,0.239999995,-0.01,0,0.170000002,48
26.24,650,-771,612,-757,-0.689999998,0,0.239999995,-0.01,0,0.170000002,48
26.25,645,-766,600,-756,-0.550000012,-0.07,0.319999993,-0.02,0,0.170000002,47
26.26,645,-766,610,-743,-0.620000005,0.039999999,0.180000007,-0.01,0,0.170000002,47
26.27,641,-758,604,-740,-0.610000014,0.150000006,-0.509999991,0,0,0.159999996,47
26.28,637,-757,598,-736,-0.49000001,0.01,-0.119999997,0,0,0.170000002,47
26.29,630,-754,595,-732,-0.460000008,-0.02,-0.090000004,0.01,0,0.159999996,46
26.3,630,-752,594,-731,-0.660000026,-0.170000002,0.170000002,0,0,0.159999996,46
26.31,622,-742,586,-729,-0.5,-0.029999999,0.180000007,0,0,0.159999996,45
26.32,625,-738,580,-720,-0.529999971,0.01,-0.01,0,0,0.159999996,45
26.33,616,-735,584,-721,-0.74000001,-0.219999999,-0.280000001,-0.01,0,0.159999996,45
26.34,616,-728,578,-718,-0.550000012,-0.100000002,0.050000001,0,0,0.159999996,44
26.35,620,-725,576,-709,-0.629999995,-0.189999998,0.349999994,0.01,0,0.150000006,44
26.36,613,-722,579,-713,-0.629999995,-0.189999998,0.349999994,0.01,0,0.150000006,44
26.37,607,-718,571,-704,-0.370000005,0.07,0.25,0.02,0,0.150000006,43
26.38,609,-706,573,-699,-0.790000022,0,0.039999999,0,0,0.140000001,43
26.39,601,-705,565,-695,-0.790000022,0,0.039999999,0,0,0.140000001,43
26.4,597,-699,571,-682,-0.600000024,0.039999999,-0.209999993,0,0,0.140000001,42
26.41,587,-695,564,-686,-0.600000024,0.039999999,-0.209999993,0,0,0.140000001,42
26.42,593,-693,562,-672,-0.230000004,0.100000002,0.150000006,0,0,0.129999995,41
26.43,589,-687,555,-670,-0.959999979,0.039999999,-0.129999995,-0.01,0,0.129999995,41
26.44,590,-680,553,-674,-0.959999979,0.039999999,-0.129999995,-0.01,0,0.129999995,41
26.45,586,-680,553,-668,-0.460000008,0.059999999,-0.170000002,0,0,0.129999995,40
26.46,587,-677,550,-662,-0.680000007,0.02,0.219999999,0,0,0.129999995,40
26.47,579,-656,543,-661,-0.469999999,-0.01,0.370000005,0,-0.01,0.119999997,39
26.48,570,-653,537,-651,-0.509999991,0.059999999,-0.050000001,0,-0.01,0.119999997,39
26.49,567,-661,541,-651,-0.509999991,0.059999999,-0.050000001,0,-0.01,0.119999997,39
26.5,562,-660,536,-643,-0.74000001,0.360000014,0,-0.01,-0.01,0.119999997,38
26.51,558,-644,540,-640,-0.419999987,0.140000001,-0.219999999,0,0,0.119999997,37
26.52,558,-645,531,-641,-0.419999987,0.140000001,-0.219999999,0,0,0.119999997,37
26.53,559,-639,530,-629,-0.409999996,-0.119999997,0.07,0,0,0.109999999,37
26.54,556,-633,534,-630,-0.569999993,0.129999995,0.230000004,0,-0.01,0.109999999,36
26.55,549,-628,527,-624,-0.449999988,-0.050000001,0.209999993,0.01,0,0.109999999,36
26.56,547,-625,520,-617,-0.449999988,0.02,0.090000004,0,0,0.100000002,35
26.57,544,-615,527,-613,-0.660000026,-0.02,-0.159999996,0,0,0.100000002,35
26.58,542,-614,522,-607,-0.330000013,0.050000001,0.389999986,0,0,0.100000002,35
26.59,536,-606,506,-601,-0.600000024,-0.07,0.200000003,0,0,0.100000002,34
26.6,533,-600,512,-593,-0.629999995,-0.050000001,-0.039999999,-0.01,0,0.090000004,34
26.61,530,-595,515,-593,-0.620000005,0.140000001,0.340000004,-0.01,0,0.090000004,33
26.62,531,-585,509,-582,-0.49000001,0.050000001,0,0,0,0.090000004,33
26.63,525,-583,504,-590,-0.730000019,-0.159999996,-0.059999999,-0.01,0,0.090000004,33
26.64,526,-578,504,-576,-0.790000022,-0.050000001,0.119999997,0,0,0.079999998,32
26.65,514,-577,499,-576,-0.790000022,-0.050000001,0.119999997,0,0,0.079999998,32
26.66,519,-569,495,-577,-0.280000001,-0.200000003,0.180000007,-0.01,0,0.079999998,32
26.67,515,-562,495,-572,-0.689999998,-0.100000002,-0.059999999,0,-0.01,0.079999998,31
26.68,509,-573,492,-560,-0.699999988,-0.200000003,0,0,0,0.079999998,31
26.69,501,-561,490,-557,-0.529999971,-0.050000001,0.200000003,0,0,0.079999998,30
26.7,497,-553,482,-553,-0.560000002,-0.200000003,-0.090000004,0,0,0.07,29
26.71,493,-548,477,-544,-0.569999993,-0.090000004,0.209999993,0,0,0.079999998,29
26.72,483,-542,473,-540,-0.569999993,-0.090000004,0.209999993,0,0,0.079999998,29
26.73,489,-531,468,-538,-0.810000002,-0.059999999,-0.02,0,0,0.07,28
26.74,482,-522,469,-530,-0.75,-0.02,-0.119999997,0,0,0.07,27
26.75,477,-522,461,-529,-0.75,-0.02,-0.119999997,0,0,0.07,27
26.76,473,-512,457,-518,-0.689999998,0,-0.289999992,0,0,0.059999999,26
26.77,470,-509,455,-516,-0.899999976,-0.07,0.039999999,0,0,0.059999999,26
26.78,471,-500,451,-513,-0.579999983,-0.079999998,0,0,0,0.059999999,25
26.79,467,-499,451,-505,-0.579999983,-0.079999998,0,0,0,0.059999999,25
26.8,459,-492,446,-494,-0.709999979,-0.01,0.129999995,0,0,0.050000001,25
26.81,455,-486,438,-486,-0.75,0,0.230000004,0,0,0.050000001,24
26.82,449,-480,438,-488,-0.759999991,0.029999999,0.100000002,0,0,0.050000001,24
26.83,447,-468,430,-483,-0.949999988,-0.140000001,-0.050000001,0,0,0.050000001,24
26.84,443,-470,426,-474,-0.949999988,-0.140000001,-0.050000001,0,0,0.050000001,24
26.85,437,-463,420,-472,-0.519999981,-0.090000004,0.460000008,0.01,0,0.050000001,23
26.86,433,-452,409,-462,-0.889999986,-0.02,0.119999997,0,0,0.039999999,23
26.87,424,-448,406,-456,-0.879999995,-0.100000002,-0.140000001,0,0,0.039999999,22
26.88,420,-444,404,-452,-0.879999995,-0.100000002,-0.140000001,0,0,0.039999999,22
26.89,415,-439,402,-444,-0.850000024,-0.180000007,-0.170000002,0,0,0.039999999,21
26.9,410,-431,397,-442,-0.889999986,-0.079999998,-0.090000004,0.01,0,0.039999999,20
26.91,408,-423,392,-431,-0.800000012,-0.050000001,0.129999995,0,0,0.039999999,20
26.92,404,-419,388,-424,-0.75,-0.050000001,-0.140000001,0.01,0,0.029999999,20
26.93,398,-412,387,-421,-1.059999943,-0.059999999,-0.02,0,0,0.039999999,19
26.94,390,-407,381,-414,-0.879999995,0.029999999,0.050000001,0,0,0.029999999,19
26.95,388,-401,376,-408,-0.629999995,0.090000004,0.100000002,0,0,0.029999999,18
26.96,378,-397,375,-402,-0.629999995,0.090000004,0.100000002,0,0,0.029999999,18
26.97,380,-391,370,-402,-1.129999995,0.039999999,0.059999999,0,0,0.029999999,18
26.98,369,-384,361,-381,-0.649999976,0.059999999,0.259999991,0,0,0.029999999,18
26.99,359,-373,351,-385,-1.00999999,-0.029999999,0,0,0.01,0.02,17
27,362,-360,350,-377,-1.00999999,-0.029999999,0,0,0.01,0.02,17
27.01,347,-360,345,-363,-0.560000002,-0.150000006,0.119999997,0,0,0.02,16
27.02,352,-354,341,-364,-1.25999999,-0.07,0.119999997,0,0,0.02,16
27.03,343,-349,331,-349,-0.889999986,-0.180000007,-0.059999999,0,0,0.02,15
27.04,332,-342,326,-349,-1.080000043,-0.150000006,-0.119999997,0,0,0.02,15
27.05,334,-332,322,-342,-0.769999981,-0.109999999,0.01,0,0,0.02,14
27.06,321,-334,314,-334,-1.070000052,0,-0.119999997,0,0,0.02,14
27.07,322,-327,313,-334,-1.070000052,0,-0.119999997,0,0,0.02,14
27.08,313,-316,302,-321,-1.159999967,-0.029999999,0.319999993,-0.01,0,0.01,13
27.09,311,-311,302,-318,-1.159999967,-0.029999999,0.319999993,-0.01,0,0.01,13
27.1,302,-303,294,-310,-1.110000014,-0.119999997,0.159999996,0,0,0.01,12
27.11,295,-299,287,-302,-0.75,0.050000001,0.039999999,0.01,0,0.01,12
27.12,287,-293,286,-297,-0.930000007,-0.079999998,0.029999999,0,0,0.01,12
27.13,284,-284,276,-289,-0.930000007,0.079999998,-0.140000001,0,0,0.01,12
27.14,281,-280,273,-285,-0.930000007,0.079999998,-0.140000001,0,0,0.01,12
27.15,272,-266,267,-276,-0.939999998,0.039999999,0.100000002,0,0,0.01,11
27.16,265,-261,263,-267,-0.850000024,-0.079999998,0.189999998,0,0,0,11
27.17,258,-259,255,-262,-0.910000026,0.029999999,0,0,0,0,11
27.18,251,-256,252,-256,-0.910000026,0.029999999,0,0,0,0,11
27.19,250,-248,247,-251,-1.00999999,0.039999999,0.059999999,0,0,0,11
27.2,248,-231,240,-244,-1,0.090000004,-0.050000001,0,0,0,10
27.21,237,-233,230,-237,-0.99000001,-0.01,0.100000002,0,0,0,10
27.22,227,-224,225,-227,-1.019999981,-0.170000002,0.07,0,0,0,10
27.23,221,-221,217,-223,-1.019999981,-0.170000002,0.07,0,0,0,10
27.24,218,-216,209,-220,-0.860000014,-0.180000007,0.07,0,0,0,10
27.25,204,-202,204,-208,-0.899999976,-0.180000007,-0.159999996,0,0,0,10
27.26,198,-200,197,-206,-0.899999976,-0.180000007,-0.159999996,0,0,0,10
27.27,198,-200,191,-200,-0.949999988,-0.029999999,0,0,0,0,10
27.28,182,-183,181,-190,-0.850000024,-0.02,0.050000001,0,0,0,10
27.29,178,-181,175,-187,-0.850000024,-0.02,0.050000001,0,0,0,10
27.3,178,-184,174,-180,-1.049999952,-0.159999996,-0.01,0,0,0,10
27.31,165,-163,162,-170,-1.029999971,0,-0.159999996,0,0,0,10
27.32,163,-163,161,-168,-1.029999971,0,-0.159999996,0,0,0,10
27.33,155,-154,150,-154,-1.00999999,0.02,0.090000004,0,0,0,10
27.34,149,-144,142,-150,-0.970000029,0.050000001,0.090000004,0,0,0,10
27.35,143,-139,141,-140,-1.120000005,0.029999999,-0.01,0,0,0,10
27.36,133,-129,136,-137,-1.070000052,0.029999999,0.079999998,0,0,0,10
27.37,133,-125,128,-133,-1.070000052,0.029999999,0.079999998,0,0,0,10
27.38,124,-119,117,-117,-1.200000048,0,0.109999999,0,0,0,10
27.39,119,-117,115,-116,-1.200000048,0,0.109999999,0,0,0,10
27.4,112,-104,111,-112,-0.970000029,-0.079999998,0.230000004,0,0,0,10
27.41,103,-103,100,-102,-0.939999998,-0.02,0.310000002,0,0,0,10
27.42,91,-91,90,-93,-1.110000014,-0.050000001,-0.079999998,0,0,0,10
27.43,88,-83,82,-86,-0.889999986,-0.050000001,-0.050000001,0,0,0,10
27.44,86,-81,78,-85,-0.889999986,-0.050000001,-0.050000001,0,0,0,10
27.45,68,-68,70,-71,-0.889999986,-0.109999999,-0.02,0,0,0,10
27.46,67,-64,63,-68,-1.019999981,-0.090000004,0.100000002,0,0,0,10
27.47,58,-60,56,-57,-1.169999957,-0.129999995,0,0,0,0,10
27.48,44,-47,47,-53,-0.790000022,0.02,-0.01,0,0,0,10
27.49,46,-44,44,-50,-0.790000022,0.02,-0.01,0,0,0,10
27.5,39,-39,39,-44,-1.190000057,-0.029999999,-0.129999995,0,0,0,10
27.51,30,-30,29,-30,-0.879999995,-0.07,0.180000007,0,0,0,10
27.52,28,-28,23,-28,-0.879999995,-0.07,0.180000007,0,0,0,10
27.53,13,-11,16,-20,-0.810000002,-0.090000004,0.159999996,0,0,0,10
27.54,9,-10,12,-14,-0.810000002,-0.090000004,0.159999996,0,0,0,10
27.55,0,0,1,-3,-0.970000029,0,-0.090000004,0,0,0,10
27.56,0,0,0,0,-0.970000029,0,-0.090000004,0,0,0,10
27.57,0,0,-1,1,-1.179999948,0,0.01,0,0,0,10
27.58,0,0,0,0,-0.99000001,-0.029999999,0.02,0,0,0,10
27.59,0,0,0,1,-0.49000001,-0.029999999,-0.129999995,0,0,0,10
27.6,-1,0,-1,0,-0.49000001,-0.029999999,-0.129999995,0,0,0,10
27.61,-1,1,-2,2,-0.200000003,-0.029999999,-0.079999998,0,0,0,10
27.62,0,0,-4,0,-0.109999999,0.01,-0.140000001,0,0,0,10
27.63,-1,0,-7,3,0.07,-0.029999999,-0.039999999,0,0,0,10
27.64,-1,0,-12,18,-0.189999998,-0.029999999,0.25,0,-0.01,0,10
27.65,-1,0,-15,16,0.270000011,-0.109999999,0.330000013,0,0,0,10
27.66,0,0,-13,17,0.079999998,0.01,0.430000007,0,0,0,10
27.67,-1,0,-8,10,0.400000006,-0.100000002,0.07,0,0,0,10
27.68,-1,0,-6,8,0.540000022,0.01,0.059999999,0,0,0,10
27.69,-1,0,-3,3,0.5,-0.079999998,-0.090000004,0,0,0,10
27.7,0,0,0,0,0.74000001,-0.039999999,-0.029999999,0,0,0,10
27.71,0,0,0,0,0.550000012,-0.109999999,0.159999996,0,0,0,10
27.72,0,0,1,0,0.730000019,-0.100000002,0.109999999,0,0,0,10
27.73,0,0,0,0,0.430000007,-0.039999999,0.189999998,0,0,0,10
27.74,0,0,0,0,0.349999994,-0.02,0.039999999,0,0,0,10
27.75,0,0,1,0,0.159999996,0.050000001,0.100000002,0,0,0,10
27.76,0,0,1,0,0.039999999,-0.01,0.050000001,0,0,0,10
27.77,0,0,0,0,-0.100000002,-0.01,0.170000002,0,0,0,10
27.78,0,0,0,0,-0.109999999,-0.050000001,0.200000003,0,0,0,10
27.79,0,0,0,0,-0.159999996,-0.059999999,-0.02,0,0,0,10
27.8,0,0,0,0,-0.189999998,-0.07,-0.140000001,0,0,0,10
27.81,0,0,0,0,-0.219999999,0.029999999,-0.150000006,0,0,0,10
27.82,0,0,0,0,-0.200000003,-0.02,-0.129999995,0,0,0,10
27.83,0,0,0,0,-0.180000007,-0.079999998,0,0,0,0,10
27.84,0,0,0,0,-0.140000001,-0.059999999,0.109999999,0,0,0,10
27.85,0,0,0,0,-0.150000006,-0.039999999,0.189999998,0,0,0,10
27.86,0,0,0,0,-0.109999999,0,0.100000002,0,0,0,10
27.87,0,0,0,0,-0.159999996,0,0.029999999,0,0,0,10
27.88,0,0,0,0,-0.129999995,-0.01,0.059999999,0,0,0,10
27.89,0,0,0,0,-0.029999999,-0.02,0.170000002,0,0,0,10
27.9,0,0,0,0,0.02,-0.039999999,0.159999996,0,0,0,10
27.91,0,0,0,0,0.129999995,-0.050000001,0.029999999,0,0,0,10
27.92,0,0,0,0,0.189999998,-0.07,-0.029999999,0,0,0,10
27.93,0,0,0,0,0.230000004,-0.050000001,-0.189999998,0,0,0,10
27.94,0,0,0,0,0.230000004,-0.039999999,-0.079999998,0,0,0,10
27.95,0,0,0,0,0.219999999,-0.07,0.079999998,0,0,0,10
27.96,0,0,0,0,0.200000003,-0.090000004,0.170000002,0,0,0,10
27.97,0,0,0,0,0.140000001,-0.100000002,0.219999999,0,0,0,10
27.98,0,0,0,0,0.109999999,-0.059999999,0.150000006,0,0,0,10
27.99,0,0,0,0,0.029999999,0,0.029999999,0,0,0,10
28,0,0,0,0,0,0.050000001,-0.050000001,0,0,0,10
28.01,0,0,0,0,0,0,0.059999999,0,0,0,10
28.02,0,0,0,0,-0.02,-0.02,0.129999995,0,0,0,10
28.03,0,0,0,0,-0.039999999,-0.039999999,-0.02,0,0,0,10
28.04,0,0,0,0,-0.029999999,-0.039999999,-0.050000001,0,0,0,10
28.05,0,0,0,0,-0.079999998,-0.01,-0.07,0,0,0,10
28.06,0,0,0,0,-0.100000002,0,-0.02,0,0,0,10
28.07,0,0,0,0,-0.090000004,-0.050000001,0.07,0,0,0,10
28.08,0,0,0,0,-0.02,-0.090000004,0.189999998,0,0,0,10
28.09,0,0,0,0,0,-0.090000004,0.219999999,0,0,0,10
28.1,0,0,0,0,0.01,-0.039999999,0.07,0,0,0,10
28.11,0,0,0,0,0,-0.01,-0.01,0,0,0,10
28.12,0,0,0,0,0.01,0.01,-0.079999998,0,0,0,10
28.13,0,0,0,0,0.07,-0.029999999,0.01,0,0,0,10
28.14,0,0,0,0,0.090000004,-0.029999999,0.119999997,0,0,0,10
28.15,0,0,0,0,0.119999997,-0.059999999,0.140000001,0,0,0,10
28.16,0,0,0,0,0.07,-0.079999998,0.109999999,0,0,0,10
28.17,0,0,0,0,0.02,-0.029999999,-0.029999999,0,0,0,10
28.18,0,0,0,0,0,-0.02,0,0,0,0,10
28.19,0,0,0,0,0.02,-0.029999999,0,0,0,0,10
28.2,0,0,0,0,0.07,-0.050000001,0.170000002,0,0,0,10
28.21,0,0,0,0,0.050000001,-0.079999998,0.180000007,0,0,0,10
28.22,0,0,0,0,0.050000001,-0.050000001,0.02,0,0,0,10
28.23,0,0,0,0,0,0.01,-0.050000001,0,0,0,10
28.24,0,0,0,0,0,0.050000001,-0.140000001,0,0,0,10
28.25,0,0,0,0,0,0,-0.02,0,0,0,10
28.26,0,0,0,0,0.01,-0.02,0.100000002,0,0,0,10
28.27,0,0,0,0,0.02,-0.090000004,0.150000006,0,0,0,10
28.28,0,0,0,0,0.02,-0.079999998,0.100000002,0,0,0,10
28.29,0,0,0,0,-0.01,-0.02,0.01,0,0,0,10
28.3,0,0,0,0,-0.029999999,0,-0.01,0,0,0,10
28.31,0,0,0,0,-0.029999999,0,0,0,0,0,10
28.32,0,0,0,0,0,-0.079999998,0.140000001,0,0,0,10
28.33,0,0,0,0,0.039999999,-0.100000002,0.150000006,0,0,0,10
28.34,0,0,0,0,0.059999999,-0.07,0.050000001,0,0,0,10
28.35,0,0,0,0,0.02,-0.039999999,0.01,0,0,0,10
28.36,0,0,0,0,0,0.01,-0.079999998,0,0,0,10
28.37,0,0,0,0,0,-0.02,-0.029999999,0,0,0,10
28.38,0,0,0,0,0.01,-0.039999999,0.059999999,0,0,0,10
28.39,0,0,0,0,0.059999999,-0.079999998,0.140000001,0,0,0,10
28.4,0,0,0,0,0.059999999,-0.07,0.140000001,0,0,0,10
28.41,0,0,0,0,0.050000001,-0.029999999,0.01,0,0,0,10
28.42,0,0,0,0,0.050000001,-0.029999999,-0.050000001,0,0,0,10
28.43,0,0,0,0,0,0,-0.029999999,0,0,0,10
28.44,0,0,0,0,0.039999999,-0.050000001,0.109999999,0,0,0,10
28.45,0,0,0,0,0.01,-0.079999998,0.200000003,0,0,0,10
28.46,0,0,0,0,0.039999999,-0.07,0.140000001,0,0,0,10
28.47,0,0,0,0,0.02,-0.050000001,0.07,0,0,0,10
28.48,0,0,0,0,-0.02,0,-0.090000004,0,0,0,10
28.49,0,0,0,0,-0.01,0,-0.079999998,0,0,0,10
28.5,0,0,0,0,-0.02,0.01,0.029999999,0,0,0,10
28.51,0,0,0,0,0.029999999,-0.079999998,0.129999995,0,0,0,10
28.52,0,0,0,0,0.059999999,-0.050000001,0.109999999,0,0,0,10
28.53,0,0,0,0,0.059999999,-0.039999999,0.039999999,0,0,0,10
28.54,0,0,0,0,0.01,-0.029999999,-0.01,0,0,0,10
28.55,0,0,0,0,-0.029999999,0.01,-0.039999999,0,0,0,10
28.56,0,0,0,0,0,-0.029999999,0.090000004,0,0,0,10
28.57,0,0,0,0,0.029999999,-0.050000001,0.170000002,0,0,0,10
28.58,0,0,0,0,0.079999998,-0.07,0.159999996,0,0,0,10
28.59,0,0,0,0,0.029999999,-0.090000004,0.050000001,0,0,0,10
28.6,0,0,0,0,0.02,-0.050000001,-0.029999999,0,0,0,10
28.61,0,0,0,0,-0.01,0,0,0,0,0,10
28.62,0,0,0,0,-0.01,-0.01,-0.029999999,0,0,0,10
28.63,0,0,0,0,0.039999999,-0.059999999,0.109999999,0,0,0,10
28.64,0,0,0,0,0.039999999,-0.079999998,0.150000006,0,0,0,10
28.65,0,0,0,0,0.050000001,-0.07,0.090000004,0,0,0,10
28.66,0,0,0,0,0.02,-0.039999999,0.01,0,0,0,10
28.67,0,0,0,0,0.029999999,0.02,-0.059999999,0,0,0,10
28.68,0,0,0,0,0,0,0.029999999,0,0,0,10
28.69,0,0,0,0,0.02,-0.029999999,0.119999997,0,0,0,10
28.7,0,0,0,0,0.059999999,-0.07,0.170000002,0,0,0,10
28.71,0,0,0,0,0.039999999,-0.079999998,0.109999999,0,0,0,10
28.72,0,0,0,0,0.029999999,-0.02,0,0,0,0,10
28.73,0,0,0,0,-0.01,0.01,-0.059999999,0,0,0,10
28.74,0,0,0,0,0.01,0,-0.029999999,0,0,0,10
28.75,0,0,0,0,0.039999999,-0.079999998,0.119999997,0,0,0,10
28.76,0,0,0,0,0.02,-0.059999999,0.180000007,0,0,0,10
28.77,0,0,0,0,0.02,-0.07,0.119999997,0,0,0,10
28.78,0,0,0,0,0.01,-0.039999999,0,0,0,0,10
28.79,0,0,0,0,0.01,0,-0.059999999,0,0,0,10
28.8,0,0,0,0,0,-0.01,0.02,0,0,0,10
28.81,0,0,0,0,0.01,-0.039999999,0.07,0,0,0,10
28.82,0,0,0,0,0.039999999,-0.07,0.159999996,0,0,0,10
28.83,0,0,0,0,0.050000001,-0.059999999,0.079999998,0,0,0,10
28.84,0,0,0,0,0.039999999,-0.01,0.029999999,0,0,0,10
28.85,0,0,0,0,0,0,-0.050000001,0,0,0,10
28.86,0,0,0,0,0.02,0.02,-0.059999999,0,0,0,10
28.87,0,0,0,0,0.029999999,-0.039999999,0.100000002,0,0,0,10
28.88,0,0,0,0,0.01,-0.07,0.150000006,0,0,0,10
28.89,0,0,0,0,0.029999999,-0.079999998,0.159999996,0,0,0,10
28.9,0,0,0,0,0,-0.039999999,0.039999999,0,0,0,10
28.91,0,0,0,0,0.01,0,-0.079999998,0,0,0,10
28.92,0,0,0,0,-0.039999999,-0.01,-0.02,0,0,0,10
28.93,0,0,0,0,0.01,-0.01,0.029999999,0,0,0,10
28.94,0,0,0,0,0.050000001,-0.079999998,0.170000002,0,0,0,10
28.95,0,0,0,0,0.050000001,-0.079999998,0.159999996,0,0,0,10
28.96,0,0,0,0,0.039999999,-0.029999999,0.029999999,0,0,0,10
28.97,0,0,0,0,-0.01,0,-0.059999999,0,0,0,10
28.98,0,0,0,0,-0.01,0,-0.039999999,0,0,0,10
28.99,0,0,0,0,-0.02,-0.029999999,0.090000004,0,0,0,10
29,0,0,0,0,0,-0.039999999,0.109999999,0,0,0,10
29.01,0,0,0,0,0.050000001,-0.07,0.129999995,0,0,0,10
29.02,0,0,0,0,0.050000001,-0.059999999,0.050000001,0,0,0,10
29.03,0,0,0,0,0.039999999,-0.02,0,0,0,0,10
29.04,0,0,0,0,0,0,-0.029999999,0,0,0,10
29.05,0,0,0,0,0,-0.01,0.01,0,0,0,10
29.06,0,0,0,0,0.050000001,-0.059999999,0.150000006,0,0,0,10
29.07,0,0,0,0,0.059999999,-0.090000004,0.150000006,0,0,0,10
29.08,0,0,0,0,0.050000001,-0.039999999,0.109999999,0,0,0,10
29.09,0,0,0,0,0,-0.039999999,0,0,0,0,10
29.1,0,0,0,0,-0.01,0.01,-0.050000001,0,0,0,10
29.11,0,0,0,0,0,-0.02,0.050000001,0,0,0,10
29.12,0,0,0,0,0.029999999,-0.039999999,0.119999997,0,0,0,10
29.13,0,0,0,0,0.039999999,-0.090000004,0.170000002,0,0,0,10
29.14,0,0,0,0,0.02,-0.050000001,0.079999998,0,0,0,10
29.15,0,0,0,0,0,-0.029999999,0,0,0,0,10
29.16,0,0,0,0,0,0.039999999,-0.079999998,0,0,0,10
29.17,0,0,0,0,0,0,-0.01,0,0,0,10
29.18,0,0,0,0,0.02,-0.039999999,0.119999997,0,0,0,10
29.19,0,0,0,0,0.039999999,-0.029999999,0.170000002,0,0,0,10
29.2,0,0,0,0,0.050000001,-0.059999999,0.140000001,0,0,0,10
29.21,0,0,0,0,0,-0.050000001,0,0,0,0,10
29.22,0,0,0,0,0,0.01,-0.07,0,0,0,10
29.23,0,0,0,0,0,-0.01,-0.029999999,0,0,0,10
29.24,0,0,0,0,0.01,-0.029999999,0.090000004,0,0,0,10
29.25,0,0,0,0,0.039999999,-0.090000004,0.230000004,0,0,0,10
29.26,0,0,0,0,0.029999999,-0.059999999,0.079999998,0,0,0,10
29.27,0,0,0,0,0.029999999,-0.029999999,0,0,0,0,10
29.28,0,0,0,0,0.01,-0.01,-0.07,0,0,0,10
29.29,0,0,0,0,0.01,0.02,-0.059999999,0,0,0,10
29.3,0,0,0,0,0,-0.029999999,0.079999998,0,0,0,10
29.31,0,0,0,0,0.039999999,-0.039999999,0.150000006,0,0,0,10
29.32,0,0,0,0,0.039999999,-0.079999998,0.170000002,0,0,0,10
29.33,0,0,0,0,0.02,-0.01,0.050000001,0,0,0,10
29.34,0,0,0,0,0,0.029999999,-0.029999999,0,0,0,10
29.35,0,0,0,0,-0.01,0,-0.02,0,0,0,10
29.36,0,0,0,0,0,-0.01,0.079999998,0,0,0,10
29.37,0,0,0,0,0,-0.059999999,0.180000007,0,0,0,10
29.38,0,0,0,0,0.039999999,-0.050000001,0.100000002,0,0,0,10
29.39,0,0,0,0,0.029999999,-0.07,0.029999999,0,0,0,10
29.4,0,0,0,0,-0.01,0,-0.100000002,0,0,0,10
29.41,0,0,0,0,0,0.02,-0.050000001,0,0,0,10
29.42,0,0,0,0,0,-0.02,0.02,0,0,0,10
29.43,0,0,0,0,0.050000001,-0.039999999,0.159999996,0,0,0,10
29.44,0,0,0,0,0.090000004,-0.07,0.189999998,0,0,0,10
29.45,0,0,0,0,0.029999999,-0.039999999,0.07,0,0,0,10
29.46,0,0,0,0,0.039999999,-0.02,-0.02,0,0,0,10
29.47,0,0,0,0,0,0.01,-0.039999999,0,0,0,10
29.48,0,0,0,0,0.01,-0.02,0.039999999,0,0,0,10
29.49,0,0,0,0,0,-0.050000001,0.150000006,0,0,0,10
29.5,0,0,0,0,0.02,-0.039999999,0.100000002,0,0,0,10
29.51,0,0,0,0,0,-0.059999999,0.100000002,0,0,0,10
29.52,0,0,0,0,-0.01,-0.02,-0.01,0,0,0,10
29.53,0,0,0,0,-0.02,0.029999999,-0.01,0,0,0,10
29.54,0,0,0,0,-0.02,0,0,0,0,0,10
29.55,0,0,0,0,0.02,-0.050000001,0.129999995,0,0,0,10
29.56,0,0,0,0,0.050000001,-0.100000002,0.180000007,0,0,0,10
29.57,0,0,0,0,0.029999999,-0.039999999,0.039999999,0,0,0,10
29.58,0,0,0,0,0.02,-0.039999999,-0.01,0,0,0,10
29.59,0,0,0,0,0.02,0.039999999,-0.07,0,0,0,10
29.6,0,0,0,0,0.02,0.029999999,-0.029999999,0,0,0,10
29.61,0,0,0,0,0.059999999,-0.029999999,0.129999995,0,0,0,10
29.62,0,0,0,0,0.039999999,-0.059999999,0.170000002,0,0,0,10
29.63,0,0,0,0,0.050000001,-0.059999999,0.100000002,0,0,0,10
29.64,0,0,0,0,0.029999999,0,0.02,0,0,0,10
29.65,0,0,0,0,0,0.01,-0.050000001,0,0,0,10
29.66,0,0,0,0,-0.01,0.01,-0.02,0,0,0,10
29.67,0,0,0,0,0,-0.050000001,0.059999999,0,0,0,10
29.68,0,0,0,0,0.059999999,-0.050000001,0.129999995,0,0,0,10
29.69,0,0,0,0,0.029999999,-0.039999999,0.109999999,0,0,0,10
29.7,0,0,0,0,0,-0.029999999,0.029999999,0,0,0,10
29.71,0,0,0,0,-0.01,0.01,-0.059999999,0,0,0,10
29.72,0,0,0,0,-0.01,0,-0.02,0,0,0,10
29.73,0,0,0,0,0,-0.01,0.150000006,0,0,0,10
29.74,0,0,0,0,0,-0.029999999,0.180000007,0,0,0,10
29.75,0,0,0,0,0.029999999,-0.07,0.100000002,0,0,0,10
29.76,0,0,0,0,0,0,0.02,0,0,0,10
29.77,0,0,0,0,-0.01,0,-0.07,0,0,0,10
29.78,0,0,0,0,-0.01,0.01,-0.039999999,0,0,0,10
29.79,0,0,0,0,0.029999999,-0.029999999,0.07,0,0,0,10
29.8,0,0,0,0,0.029999999,-0.050000001,0.140000001,0,0,0,10
29.81,0,0,0,0,0.07,-0.07,0.090000004,0,0,0,10
29.82,0,0,0,0,0.02,-0.02,0.079999998,0,0,0,10
29.83,0,0,0,0,0.01,-0.01,-0.050000001,0,0,0,10
29.84,0,0,0,0,0,0,-0.029999999,0,0,0,10
29.85,0,0,0,0,0,-0.02,0.079999998,0,0,0,10
29.86,0,0,0,0,0.02,-0.07,0.150000006,0,0,0,10
29.87,0,0,0,0,0.029999999,-0.079999998,0.150000006,0,0,0,10
29.88,0,0,0,0,0.01,-0.02,0.050000001,0,0,0,10
29.89,0,0,0,0,-0.01,0.01,-0.029999999,0,0,0,10
29.9,0,0,0,0,-0.029999999,0.02,-0.039999999,0,0,0,10
29.91,0,0,0,0,-0.02,0,0.029999999,0,0,0,10
29.92,0,0,0,0,0,-0.039999999,0.140000001,0,0,0,10
29.93,0,0,0,0,0.050000001,-0.050000001,0.170000002,0,0,0,10
29.94,0,0,0,0,0.01,-0.029999999,0.07,0,0,0,10
29.95,0,0,0,0,0.01,0.01,-0.059999999,0,0,0,10
29.96,0,0,0,0,0.01,0.01,-0.039999999,0,0,0,10
29.97,0,0,0,0,0.01,0.02,0.039999999,0,0,0,10
29.98,0,0,0,0,0.029999999,-0.050000001,0.119999997,0,0,0,10
29.99,0,0,0,0,0.029999999,-0.07,0.189999998,0,0,0,10
30,0,0,0,0,0.059999999,-0.050000001,0.100000002,0,0,0,10
30.01,0,0,0,0,0.01,-0.02,-0.01,0,0,0,10
30.02,0,0,0,0,0,0,-0.07,0,0,0,10
30.03,0,0,0,0,0,0.02,-0.01,0,0,0,10
30.04,0,0,0,0,0.01,-0.059999999,0.07,0,0,0,10
30.05,0,0,0,0,0.039999999,-0.059999999,0.079999998,0,0,0,10
30.06,0,0,0,0,0.01,-0.059999999,0.109999999,0,0,0,10
30.07,0,0,0,0,-0.01,-0.02,0.02,0,0,0,10
30.08,0,0,0,0,-0.01,0.029999999,0.01,0,0,0,10
30.09,0,0,0,0,-0.01,0.02,-0.050000001,0,0,0,10
30.1,0,0,0,0,0.059999999,-0.02,0.029999999,0,0,0,10
30.11,0,0,0,0,0.029999999,-0.059999999,0.109999999,0,0,0,10
30.12,0,0,0,0,0.02,-0.07,0.170000002,0,0,0,10
30.13,0,0,0,0,0.02,-0.07,0.170000002,0,0,0,10
30.14,0,0,0,0,-0.01,0,-0.050000001,0,0,0,10
30.15,0,0,0,0,-0.01,0,-0.050000001,0,0,0,10
30.16,0,0,0,0,0.07,-0.029999999,0.039999999,0,0,0,10
30.17,0,0,0,0,0.07,-0.029999999,0.039999999,0,0,0,10
30.18,0,0,0,0,0.01,-0.02,0.119999997,0,0,0,10
30.19,0,0,0,0,0.01,-0.02,0.119999997,0,0,0,10
30.2,0,0,0,0,-0.01,0.029999999,-0.029999999,0,0,0,10
30.21,0,0,0,0,-0.01,0.029999999,-0.029999999,0,0,0,10
30.22,0,0,0,0,0.039999999,-0.059999999,0.140000001,0,0,0,10
30.23,0,0,0,0,0.039999999,-0.059999999,0.140000001,0,0,0,10
30.24,0,0,0,0,0,-0.029999999,0.150000006,0,0,0,10
30.25,0,0,0,0,0,-0.029999999,0.150000006,0,0,0,10
30.26,0,0,0,0,-0.01,0.02,-0.029999999,0,0,0,10
30.27,0,0,0,0,-0.01,0.02,-0.029999999,0,0,0,10
30.28,0,0,0,0,0.059999999,-0.07,0.050000001,0,0,0,10
30.29,0,0,0,0,0.059999999,-0.07,0.050000001,0,0,0,10
30.3,0,0,0,0,0,-0.029999999,0.119999997,0,0,0,10
30.31,0,0,0,0,0,-0.029999999,0.119999997,0,0,0,10
30.32,0,0,0,0,-0.029999999,0.02,-0.07,0,0,0,10
30.33,0,0,0,0,-0.029999999,0.02,-0.07,0,0,0,10
30.34,0,0,0,0,0.039999999,-0.029999999,0.059999999,0,0,0,10
30.35,0,0,0,0,0.039999999,-0.029999999,0.059999999,0,0,0,10
30.36,0,0,0,0,0.02,-0.039999999,0.109999999,0,0,0,10
30.37,0,0,0,0,0.02,-0.039999999,0.109999999,0,0,0,10
30.38,0,0,0,0,0,0.02,-0.02,0,0,0,10
30.39,0,0,0,0,0,0.02,-0.02,0,0,0,10
30.4,0,0,0,0,0.01,-0.050000001,0.159999996,0,0,0,10
30.41,0,0,0,0,0.01,-0.050000001,0.159999996,0,0,0,10
30.42,0,0,0,0,0,-0.059999999,0.029999999,0,0,0,10
30.43,0,0,0,0,0,-0.059999999,0.029999999,0,0,0,10
30.44,0,0,0,0,-0.01,0.050000001,-0.109999999,0,0,0,10
30.45,0,0,0,0,-0.01,0.050000001,-0.109999999,0,0,0,10
30.46,0,0,0,0,0.029999999,-0.029999999,0.140000001,0,0,0,10
30.47,0,0,0,0,0.029999999,-0.029999999,0.140000001,0,0,0,10
30.48,0,0,0,0,0.029999999,-0.050000001,0.079999998,0,0,0,10
30.49,0,0,0,0,0.029999999,-0.050000001,0.079999998,0,0,0,10
30.5,0,0,0,0,-0.039999999,-0.02,-0.01,0,0,0,10
30.51,0,0,0,0,-0.039999999,-0.02,-0.01,0,0,0,10
30.52,0,0,0,0,-0.02,-0.059999999,0.170000002,0,0,0,10
30.53,0,0,0,0,-0.02,-0.059999999,0.170000002,0,0,0,10
30.54,0,0,0,0,0.02,-0.050000001,0.079999998,0,0,0,10
30.55,0,0,0,0,0.02,-0.050000001,0.079999998,0,0,0,10
30.56,0,0,0,0,0.01,0.039999999,-0.07,0,0,0,10
30.57,0,0,0,0,0.01,0.039999999,-0.07,0,0,0,10
30.58,0,0,0,0,0.039999999,-0.039999999,0.119999997,0,0,0,10
30.59,0,0,0,0,0.039999999,-0.039999999,0.119999997,0,0,0,10
30.6,0,0,0,0,0.02,-0.050000001,0.140000001,0,0,0,10
30.61,0,0,0,0,0.02,-0.050000001,0.140000001,0,0,0,10
30.62,0,0,0,0,-0.01,0.029999999,-0.039999999,0,0,0,10
30.63,0,0,0,0,-0.01,0.029999999,-0.039999999,0,0,0,10
30.64,0,0,0,0,0,-0.039999999,0.150000006,0,0,0,10
30.65,0,0,0,0,0,-0.039999999,0.150000006,0,0,0,10
30.66,0,0,0,0,0.02,-0.039999999,0.100000002,0,0,0,10
30.67,0,0,0,0,0.02,-0.039999999,0.100000002,0,0,0,10
30.68,0,0,0,0,-0.029999999,0.02,-0.07,0,0,0,10
30.69,0,0,0,0,-0.029999999,0.02,-0.07,0,0,0,10
30.7,0,0,0,0,0,-0.02,0.119999997,0,0,0,10
30.71,0,0,0,0,0,-0.02,0.119999997,0,0,0,10
30.72,0,0,0,0,0.059999999,-0.029999999,0.109999999,0,0,0,10
30.73,0,0,0,0,0.059999999,-0.029999999,0.109999999,0,0,0,10
30.74,0,0,0,0,0.01,-0.01,-0.029999999,0,0,0,10
30.75,0,0,0,0,0.01,-0.01,-0.029999999,0,0,0,10
30.76,0,0,0,0,0.02,-0.029999999,0.109999999,0,0,0,10
30.77,0,0,0,0,0.02,-0.029999999,0.109999999,0,0,0,10
30.78,0,0,0,0,0.050000001,-0.059999999,0.129999995,0,0,0,10
30.79,0,0,0,0,0.050000001,-0.059999999,0.129999995,0,0,0,10
30.8,0,0,0,0,-0.02,-0.01,-0.059999999,0,0,0,10
30.81,0,0,0,0,-0.02,-0.01,-0.059999999,0,0,0,10
30.82,0,0,0,0,0,0.01,0.07,0,0,0,10
30.83,0,0,0,0,0,0.01,0.07,0,0,0,10
30.84,0,0,0,0,0.029999999,-0.02,0.109999999,0,0,0,10
30.85,0,0,0,0,0.029999999,-0.02,0.109999999,0,0,0,10
30.86,0,0,0,0,-0.01,0.02,-0.059999999,0,0,0,10
30.87,0,0,0,0,-0.01,0.02,-0.059999999,0,0,0,10
30.88,0,0,0,0,0,-0.02,0.079999998,0,0,0,10
30.89,0,0,0,0,0,-0.02,0.079999998,0,0,0,10
30.9,0,0,0,0,0.01,-0.079999998,0.180000007,0,0,0,10
30.91,0,0,0,0,0.01,-0.079999998,0.180000007,0,0,0,10
30.92,0,0,0,0,-0.029999999,-0.029999999,-0.07,0,0,0,10
30.93,0,0,0,0,-0.029999999,-0.029999999,-0.07,0,0,0,10
30.94,0,0,0,0,-0.02,-0.01,0,0,0,0,10
30.95,0,0,0,0,-0.02,-0.01,0,0,0,0,10
30.96,0,0,0,0,0.029999999,-0.050000001,0.119999997,0,0,0,10
30.97,0,0,0,0,0.029999999,-0.050000001,0.119999997,0,0,0,10
30.98,0,0,0,0,0,0.01,-0.02,0,0,0,10
30.99,0,0,0,0,0,0.01,-0.02,0,0,0,10
31,0,0,0,0,0.01,0,0.059999999,0,0,0,10
31.01,0,0,0,0,0.01,0,0.059999999,0,0,0,10
31.02,0,0,0,0,0.029999999,-0.050000001,0.180000007,0,0,0,10
31.03,0,0,0,0,0.029999999,-0.050000001,0.180000007,0,0,0,10
31.04,0,0,0,0,-0.029999999,-0.01,-0.02,0,0,0,10
31.05,0,0,0,0,-0.029999999,-0.01,-0.02,0,0,0,10
31.06,0,0,0,0,-0.02,0,0.02,0,0,0,10
31.07,0,0,0,0,-0.02,0,0.02,0,0,0,10
31.08,0,0,0,0,0.01,-0.029999999,0.159999996,0,0,0,10
31.09,0,0,0,0,0.01,-0.029999999,0.159999996,0,0,0,10
31.1,0,0,0,0,-0.02,-0.01,-0.02,0,0,0,10
31.11,0,0,0,0,-0.02,-0.01,-0.02,0,0,0,10
31.12,0,0,0,0,-0.01,-0.01,0,0,0,0,10
31.13,0,0,0,0,-0.01,-0.01,0,0,0,0,10
31.14,0,0,0,0,0.02,-0.059999999,0.170000002,0,0,0,10
31.15,0,0,0,0,0.02,-0.059999999,0.170000002,0,0,0,10
31.16,0,0,0,0,0,-0.01,0,0,0,0,10
31.17,0,0,0,0,0,-0.01,0,0,0,0,10
31.18,0,0,0,0,-0.029999999,-0.02,-0.039999999,0,0,0,10
31.19,0,0,0,0,-0.029999999,-0.02,-0.039999999,0,0,0,10
31.2,0,0,0,0,0.01,-0.029999999,0.159999996,0,0,0,10
31.21,0,0,0,0,0.01,-0.029999999,0.159999996,0,0,0,10
31.22,0,0,0,0,-0.02,0,0,0,0,0,10
31.23,0,0,0,0,-0.02,0,0,0,0,0,10
31.24,0,0,0,0,-0.01,0.02,-0.039999999,0,0,0,10
31.25,0,0,0,0,-0.01,0.02,-0.039999999,0,0,0,10
31.26,0,0,0,0,0.029999999,-0.050000001,0.119999997,0,0,0,10
31.27,0,0,0,0,0.029999999,-0.050000001,0.119999997,0,0,0,10
31.28,0,0,0,0,0.01,-0.029999999,0.029999999,0,0,0,10
31.29,0,0,0,0,0.01,-0.029999999,0.029999999,0,0,0,10
31.3,0,0,0,0,-0.01,0.01,-0.029999999,0,0,0,10
31.31,0,0,0,0,-0.01,0.01,-0.029999999,0,0,0,10
31.32,0,0,0,0,0.02,-0.050000001,0.109999999,0,0,0,10
31.33,0,0,0,0,0.02,-0.050000001,0.109999999,0,0,0,10
31.34,0,0,0,0,0,0,0.01,0,0,0,10
31.35,0,0,0,0,0,0,0.01,0,0,0,10
31.36,0,0,0,0,0.01,0.01,-0.07,0,0,0,10
31.37,0,0,0,0,0.01,0.01,-0.07,0,0,0,10
31.38,0,0,0,0,0.02,-0.039999999,0.200000003,0,0,0,10
31.39,0,0,0,0,0.02,-0.039999999,0.200000003,0,0,0,10
31.4,0,0,0,0,0,-0.029999999,0.050000001,0,0,0,10
31.41,0,0,0,0,0,-0.029999999,0.050000001,0,0,0,10
31.42,0,0,0,0,0,0,-0.059999999,0,0,0,10
31.43,0,0,0,0,0,0,-0.059999999,0,0,0,10
31.44,0,0,0,0,0.01,-0.059999999,0.159999996,0,0,0,10
31.45,0,0,0,0,0.01,-0.059999999,0.159999996,0,0,0,10
31.46,0,0,0,0,-0.029999999,0,0.050000001,0,0,0,10
31.47,0,0,0,0,-0.029999999,0,0.050000001,0,0,0,10
31.48,0,0,0,0,-0.02,0.039999999,-0.059999999,0,0,0,10
31.49,0,0,0,0,-0.02,0.039999999,-0.059999999,0,0,0,10
31.5,0,0,0,0,0.029999999,-0.02,0.150000006,0,0,0,10
31.51,0,0,0,0,0.029999999,-0.02,0.150000006,0,0,0,10
31.52,0,0,0,0,0.050000001,-0.029999999,0.059999999,0,0,0,10
31.53,0,0,0,0,0.050000001,-0.029999999,0.059999999,0,0,0,10
31.54,0,0,0,0,0,0.02,-0.01,0,0,0,10
31.55,0,0,0,0,0,0.02,-0.01,0,0,0,10
31.56,0,0,0,0,0.029999999,-0.07,0.219999999,0,0,0,10
31.57,0,0,0,0,0.029999999,-0.07,0.219999999,0,0,0,10
31.58,0,0,0,0,0.02,-0.039999999,0.07,0,0,0,10
31.59,0,0,0,0,0.02,-0.039999999,0.07,0,0,0,10
31.6,0,0,0,0,0,0.029999999,-0.079999998,0,0,0,10
31.61,0,0,0,0,0,0.029999999,-0.079999998,0,0,0,10
31.62,0,0,0,0,0.02,-0.02,0.129999995,0,0,0,10
31.63,0,0,0,0,0.02,-0.02,0.129999995,0,0,0,10
31.64,0,0,0,0,0.01,-0.01,0.090000004,0,0,0,10
31.65,0,0,0,0,0.01,-0.01,0.090000004,0,0,0,10
31.66,0,0,0,0,0,0.02,-0.050000001,0,0,0,10
31.67,0,0,0,0,0,0.02,-0.050000001,0,0,0,10
31.68,0,0,0,0,0.039999999,-0.039999999,0.189999998,0,0,0,10
31.69,0,0,0,0,0.039999999,-0.039999999,0.189999998,0,0,0,10
31.7,0,0,0,0,0.02,-0.039999999,0.079999998,0,0,0,10
31.71,0,0,0,0,0.02,-0.039999999,0.079999998,0,0,0,10
31.72,0,0,0,0,0,0.02,-0.100000002,0,0,0,10
31.73,0,0,0,0,0,0.02,-0.100000002,0,0,0,10
31.74,0,0,0,0,0.01,-0.029999999,0.109999999,0,0,0,10
31.75,0,0,0,0,0.01,-0.029999999,0.109999999,0,0,0,10
31.76,0,0,0,0,0.029999999,-0.02,0.079999998,0,0,0,10
31.77,0,0,0,0,0.029999999,-0.02,0.079999998,0,0,0,10
31.78,0,0,0,0,-0.01,0.01,-0.039999999,0,0,0,10
31.79,0,0,0,0,-0.01,0.01,-0.039999999,0,0,0,10
31.8,0,0,0,0,0.02,-0.029999999,0.170000002,0,0,0,10
31.81,0,0,0,0,0.02,-0.029999999,0.170000002,0,0,0,10
31.82,0,0,0,0,0.039999999,-0.050000001,0.109999999,0,0,0,10
31.83,0,0,0,0,0.039999999,-0.050000001,0.109999999,0,0,0,10
31.84,0,0,0,0,-0.029999999,0.029999999,-0.050000001,0,0,0,10
31.85,0,0,0,0,-0.029999999,0.029999999,-0.050000001,0,0,0,10
31.86,0,0,0,0,-0.01,0,0.059999999,0,0,0,10
31.87,0,0,0,0,-0.01,0,0.059999999,0,0,0,10
31.88,0,0,0,0,0.01,-0.050000001,0.100000002,0,0,0,10
31.89,0,0,0,0,0.01,-0.050000001,0.100000002,0,0,0,10
31.9,0,0,0,0,-0.02,0.039999999,-0.059999999,0,0,0,10
31.91,0,0,0,0,-0.02,0.039999999,-0.059999999,0,0,0,10
31.92,0,0,0,0,0.02,-0.029999999,0.129999995,0,0,0,10
31.93,0,0,0,0,0.02,-0.029999999,0.129999995,0,0,0,10
31.94,0,0,0,0,0.050000001,-0.07,0.159999996,0,0,0,10
31.95,0,0,0,0,0.050000001,-0.07,0.159999996,0,0,0,10
31.96,0,0,0,0,0,0.01,-0.059999999,0,0,0,10
31.97,0,0,0,0,0,0.01,-0.059999999,0,0,0,10
31.98,0,0,0,0,0,-0.01,0.079999998,0,0,0,10
31.99,0,0,0,0,0,-0.01,0.079999998,0,0,0,10
32,0,0,0,0,0,-0.02,0.07,0,0,0,10
32.01,0,0,0,0,0,-0.02,0.07,0,0,0,10
32.02,0,0,0,0,0,0.039999999,-0.059999999,0,0,0,10
32.03,0,0,0,0,0,0.039999999,-0.059999999,0,0,0,10
32.04,0,0,0,0,-0.01,-0.01,0.090000004,0,0,0,10
32.05,0,0,0,0,-0.01,-0.01,0.090000004,0,0,0,10
32.06,0,0,0,0,0.01,-0.079999998,0.150000006,0,0,0,10
32.07,0,0,0,0,0.01,-0.079999998,0.150000006,0,0,0,10
32.08,0,0,0,0,-0.01,0,-0.050000001,0,0,0,10
32.09,0,0,0,0,-0.01,0,-0.050000001,0,0,0,10
32.1,0,0,0,0,0,0,0.029999999,0,0,0,10
32.11,0,0,0,0,0,0,0.029999999,0,0,0,10
32.12,0,0,0,0,0.039999999,0,0.100000002,0,0,0,10
32.13,0,0,0,0,0.039999999,0,0.100000002,0,0,0,10
32.14,0,0,0,0,0.01,0.02,-0.059999999,0,0,0,10
32.15,0,0,0,0,0.01,0.02,-0.059999999,0,0,0,10
32.16,0,0,0,0,0,0.01,0.02,0,0,0,10
32.17,0,0,0,0,0,0.01,0.02,0,0,0,10
32.18,0,0,0,0,0.039999999,-0.029999999,0.170000002,0,0,0,10
32.19,0,0,0,0,0.039999999,-0.029999999,0.170000002,0,0,0,10
32.2,0,0,0,0,0,-0.01,-0.050000001,0,0,0,10
32.21,0,0,0,0,0,-0.01,-0.050000001,0,0,0,10
32.22,0,0,0,0,-0.01,0,0.059999999,0,0,0,10
32.23,0,0,0,0,-0.01,0,0.059999999,0,0,0,10
32.24,0,0,0,0,0,-0.029999999,0.129999995,0,0,0,10
32.25,0,0,0,0,0,-0.029999999,0.129999995,0,0,0,10
32.26,0,0,0,0,-0.029999999,0,0,0,0,0,10
32.27,0,0,0,0,-0.029999999,0,0,0,0,0,10
32.28,0,0,0,0,-0.01,0,-0.02,0,0,0,10
32.29,0,0,0,0,-0.01,0,-0.02,0,0,0,10
32.3,0,0,0,0,0.02,-0.029999999,0.189999998,0,0,0,10
32.31,0,0,0,0,0.02,-0.029999999,0.189999998,0,0,0,10
32.32,0,0,0,0,0.02,0,0,0,0,0,10
32.33,0,0,0,0,0.02,0,0,0,0,0,10
32.34,0,0,0,0,0,0,0.039999999,0,0,0,10
32.35,0,0,0,0,0,0,0.039999999,0,0,0,10
32.36,0,0,0,0,0.050000001,-0.029999999,0.170000002,0,0,0,10
32.37,0,0,0,0,0.050000001,-0.029999999,0.170000002,0,0,0,10
32.38,0,0,0,0,-0.01,0.01,-0.029999999,0,0,0,10
32.39,0,0,0,0,-0.01,0.01,-0.029999999,0,0,0,10
32.4,0,0,0,0,-0.029999999,0.039999999,0,0,0,0,10
32.41,0,0,0,0,-0.029999999,0.039999999,0,0,0,0,10
32.42,0,0,0,0,0.050000001,-0.050000001,0.07,0,0,0,10
32.43,0,0,0,0,0.050000001,-0.050000001,0.07,0,0,0,10
32.44,0,0,0,0,-0.01,0,0.090000004,0,0,0,10
32.45,0,0,0,0,-0.01,0,0.090000004,0,0,0,10
32.46,0,0,0,0,-0.039999999,0.01,-0.01,0,0,0,10
32.47,0,0,0,0,-0.039999999,0.01,-0.01,0,0,0,10
32.48,0,0,0,0,0.029999999,-0.050000001,0.109999999,0,0,0,10
32.49,0,0,0,0,0.029999999,-0.050000001,0.109999999,0,0,0,10
32.5,0,0,0,0,0,-0.01,0.039999999,0,0,0,10
32.51,0,0,0,0,0,-0.01,0.039999999,0,0,0,10
32.52,0,0,0,0,-0.02,0.059999999,-0.059999999,0,0,0,10
32.53,0,0,0,0,-0.02,0.059999999,-0.059999999,0,0,0,10
32.54,0,0,0,0,0.07,-0.02,0.100000002,0,0,0,10
32.55,0,0,0,0,0.07,-0.02,0.100000002,0,0,0,10
32.56,0,0,0,0,0,-0.01,0.129999995,0,0,0,10
32.57,0,0,0,0,0,-0.01,0.129999995,0,0,0,10
32.58,0,0,0,0,-0.029999999,0.02,-0.01,0,0,0,10
32.59,0,0,0,0,-0.029999999,0.02,-0.01,0,0,0,10
32.6,0,0,0,0,0.01,-0.029999999,0.109999999,0,0,0,10
32.61,0,0,0,0,0.01,-0.029999999,0.109999999,0,0,0,10
32.62,0,0,0,0,0,0,0.01,0,0,0,10
32.63,0,0,0,0,0,0,0.01,0,0,0,10
32.64,0,0,0,0,-0.050000001,0.07,-0.059999999,0,0,0,10
32.65,0,0,0,0,-0.050000001,0.07,-0.059999999,0,0,0,10
32.66,0,0,0,0,0.02,-0.059999999,0.180000007,0,0,0,10
32.67,0,0,0,0,0.02,-0.059999999,0.180000007,0,0,0,10
32.68,0,0,0,0,0,0,0.059999999,0,0,0,10
32.69,0,0,0,0,0,0,0.059999999,0,0,0,10
32.7,0,0,0,0,0,0.01,-0.029999999,0,0,0,10
32.71,0,0,0,0,0,0.01,-0.029999999,0,0,0,10
32.72,0,0,0,0,0.039999999,-0.07,0.170000002,0,0,0,10
32.73,0,0,0,0,0.039999999,-0.07,0.170000002,0,0,0,10
32.74,0,0,0,0,0.029999999,-0.02,0.029999999,0,0,0,10
32.75,0,0,0,0,0.029999999,-0.02,0.029999999,0,0,0,10
32.76,0,0,0,0,-0.029999999,0.059999999,-0.07,0,0,0,10
32.77,0,0,0,0,-0.029999999,0.059999999,-0.07,0,0,0,10
32.78,0,0,0,0,-0.01,-0.029999999,0.119999997,0,0,0,10
32.79,0,0,0,0,-0.01,-0.029999999,0.119999997,0,0,0,10
32.8,0,0,0,0,0.02,-0.039999999,0.100000002,0,0,0,10
32.81,0,0,0,0,0.02,-0.039999999,0.100000002,0,0,0,10
32.82,0,0,0,0,-0.039999999,0.02,-0.029999999,0,0,0,10
32.83,0,0,0,0,-0.039999999,0.02,-0.029999999,0,0,0,10
32.84,0,0,0,0,0.029999999,-0.059999999,0.170000002,0,0,0,10
32.85,0,0,0,0,0.029999999,-0.059999999,0.170000002,0,0,0,10
32.86,0,0,0,0,0.02,-0.039999999,0.100000002,0,0,0,10
32.87,0,0,0,0,0.02,-0.039999999,0.100000002,0,0,0,10
32.88,0,0,0,0,-0.039999999,0.07,-0.07,0,0,0,10
32.89,0,0,0,0,-0.039999999,0.07,-0.07,0,0,0,10
32.9,0,0,0,0,0.02,-0.01,0.079999998,0,0,0,10
32.91,0,0,0,0,0.02,-0.01,0.079999998,0,0,0,10
32.92,0,0,0,0,0.050000001,-0.029999999,0.090000004,0,0,0,10
32.93,0,0,0,0,0.050000001,-0.029999999,0.090000004,0,0,0,10
32.94,0,0,0,0,0,0.02,-0.07,0,0,0,10
32.95,0,0,0,0,0,0.02,-0.07,0,0,0,10
32.96,0,0,0,0,0,-0.039999999,0.150000006,0,0,0,10
32.97,0,0,0,0,0,-0.039999999,0.150000006,0,0,0,10
32.98,0,0,0,0,0.039999999,-0.029999999,0.090000004,0,0,0,10
32.99,0,0,0,0,0.039999999,-0.029999999,0.090000004,0,0,0,10
33,0,0,0,0,-0.01,0.050000001,-0.100000002,0,0,0,10
33.01,0,0,0,0,-0.01,0.050000001,-0.100000002,0,0,0,10
33.02,0,0,0,0,0,0,0.140000001,0,0,0,10
33.03,0,0,0,0,0,0,0.140000001,0,0,0,10
33.04,0,0,0,0,0.02,-0.039999999,0.119999997,0,0,0,10
33.05,0,0,0,0,0.02,-0.039999999,0.119999997,0,0,0,10
33.06,0,0,0,0,0,0.01,-0.050000001,0,0,0,10
33.07,0,0,0,0,0,0.01,-0.050000001,0,0,0,10
33.08,0,0,0,0,0.050000001,-0.02,0.119999997,0,0,0,10
33.09,0,0,0,0,0.050000001,-0.02,0.119999997,0,0,0,10
33.1,0,0,0,0,0.039999999,-0.07,0.119999997,0,0,0,10
33.11,0,0,0,0,0.039999999,-0.07,0.119999997,0,0,0,10
33.12,0,0,0,0,-0.01,0.059999999,-0.079999998,0,0,0,10
33.13,0,0,0,0,-0.01,0.059999999,-0.079999998,0,0,0,10
33.14,0,0,0,0,0,0,0.090000004,0,0,0,10
33.15,0,0,0,0,0,0,0.090000004,0,0,0,10
33.16,0,0,0,0,0.02,-0.02,0.170000002,0,0,0,10
33.17,0,0,0,0,0.02,-0.02,0.170000002,0,0,0,10
33.18,0,0,0,0,-0.039999999,0.050000001,-0.079999998,0,0,0,10
33.19,0,0,0,0,-0.039999999,0.050000001,-0.079999998,0,0,0,10
33.2,0,0,0,0,0,-0.01,0.159999996,0,0,0,10
33.21,0,0,0,0,0,-0.01,0.159999996,0,0,0,10
33.22,0,0,0,0,0.039999999,-0.059999999,0.129999995,0,0,0,10
33.23,0,0,0,0,0.039999999,-0.059999999,0.129999995,0,0,0,10
33.24,0,0,0,0,-0.01,0.029999999,-0.050000001,0,0,0,10
33.25,0,0,0,0,-0.01,0.029999999,-0.050000001,0,0,0,10
33.26,0,0,0,0,-0.01,0,0.079999998,0,0,0,10
33.27,0,0,0,0,-0.01,0,0.079999998,0,0,0,10
33.28,0,0,0,0,0.039999999,-0.029999999,0.100000002,0,0,0,10
33.29,0,0,0,0,0.039999999,-0.029999999,0.100000002,0,0,0,10
33.3,0,0,0,0,-0.02,0.029999999,-0.079999998,0,0,0,10
33.31,0,0,0,0,-0.02,0.029999999,-0.079999998,0,0,0,10
33.32,0,0,0,0,-0.01,-0.01,0.109999999,0,0,0,10
33.33,0,0,0,0,-0.01,-0.01,0.109999999,0,0,0,10
33.34,0,0,0,0,0.059999999,-0.059999999,0.159999996,0,0,0,10
33.35,0,0,0,0,0.059999999,-0.059999999,0.159999996,0,0,0,10
33.36,0,0,0,0,0,0,-0.07,0,0,0,10
33.37,0,0,0,0,0,0,-0.07,0,0,0,10
33.38,0,0,0,0,-0.01,-0.01,0.059999999,0,0,0,10
33.39,0,0,0,0,-0.01,-0.01,0.059999999,0,0,0,10
33.4,0,0,0,0,0.029999999,-0.029999999,0.119999997,0,0,0,10
33.41,0,0,0,0,0.029999999,-0.029999999,0.119999997,0,0,0,10
33.42,0,0,0,0,-0.02,0.01,-0.050000001,0,0,0,10
33.43,0,0,0,0,-0.02,0.01,-0.050000001,0,0,0,10
33.44,0,0,0,0,-0.02,0.029999999,0.050000001,0,0,0,10
33.45,0,0,0,0,-0.02,0.029999999,0.050000001,0,0,0,10
33.46,0,0,0,0,0.01,-0.050000001,0.140000001,0,0,0,10
33.47,0,0,0,0,0.01,-0.050000001,0.140000001,0,0,0,10
33.48,0,0,0,0,0.01,0.01,-0.059999999,0,0,0,10
33.49,0,0,0,0,0.01,0.01,-0.059999999,0,0,0,10
33.5,0,0,0,0,-0.01,0,0.029999999,0,0,0,10
33.51,0,0,0,0,-0.01,0,0.029999999,0,0,0,10
33.52,0,0,0,0,0.029999999,-0.050000001,0.200000003,0,0,0,10
33.53,0,0,0,0,0.029999999,-0.050000001,0.200000003,0,0,0,10
33.54,0,0,0,0,0,0,-0.07,0,0,0,10
33.55,0,0,0,0,0,0,-0.07,0,0,0,10
33.56,0,0,0,0,-0.050000001,0.01,-0.02,0,0,0,10
33.57,0,0,0,0,-0.050000001,0.01,-0.02,0,0,0,10
33.58,0,0,0,0,0.029999999,-0.039999999,0.109999999,0,0,0,10
33.59,0,0,0,0,0.029999999,-0.039999999,0.109999999,0,0,0,10
33.6,0,0,0,0,0,0,0.039999999,0,0,0,10
33.61,0,0,0,0,0,0,0.039999999,0,0,0,10
33.62,0,0,0,0,-0.039999999,0,0,0,0,0,10
33.63,0,0,0,0,-0.039999999,0,0,0,0,0,10
33.64,0,0,0,0,0.01,-0.039999999,0.200000003,0,0,0,10
33.65,0,0,0,0,0.01,-0.039999999,0.200000003,0,0,0,10
33.66,0,0,0,0,0,0.02,0.01,0,0,0,10
33.67,0,0,0,0,0,0.02,0.01,0,0,0,10
33.68,0,0,0,0,0,0.02,-0.100000002,0,0,0,10
33.69,0,0,0,0,0,0.02,-0.100000002,0,0,0,10
33.7,0,0,0,0,0.02,-0.039999999,0.170000002,0,0,0,10
33.71,0,0,0,0,0.02,-0.039999999,0.170000002,0,0,0,10
33.72,0,0,0,0,0.029999999,-0.01,0.029999999,0,0,0,10
33.73,0,0,0,0,0.029999999,-0.01,0.029999999,0,0,0,10
33.74,0,0,0,0,-0.01,0.01,-0.01,0,0,0,10
33.75,0,0,0,0,-0.01,0.01,-0.01,0,0,0,10
33.76,0,0,0,0,0.02,-0.039999999,0.189999998,0,0,0,10
33.77,0,0,0,0,0.02,-0.039999999,0.189999998,0,0,0,10
33.78,0,0,0,0,0.02,0,0.02,0,0,0,10
33.79,0,0,0,0,0.02,0,0.02,0,0,0,10
33.8,0,0,0,0,-0.050000001,0.039999999,-0.07,0,0,0,10
33.81,0,0,0,0,-0.050000001,0.039999999,-0.07,0,0,0,10
33.82,0,0,0,0,0,-0.029999999,0.159999996,0,0,0,10
33.83,0,0,0,0,0,-0.029999999,0.159999996,0,0,0,10
33.84,0,0,0,0,0.029999999,-0.01,0.059999999,0,0,0,10
33.85,0,0,0,0,0.029999999,-0.01,0.059999999,0,0,0,10
33.86,0,0,0,0,-0.02,0.059999999,0,0,0,0,10
33.87,0,0,0,0,-0.02,0.059999999,0,0,0,0,10
33.88,0,0,0,0,0.050000001,-0.050000001,0.159999996,0,0,0,10
33.89,0,0,0,0,0.050000001,-0.050000001,0.159999996,0,0,0,10
33.9,0,0,0,0,0.039999999,-0.01,0.090000004,0,0,0,10
33.91,0,0,0,0,0.039999999,-0.01,0.090000004,0,0,0,10
33.92,0,0,0,0,-0.039999999,0.050000001,-0.100000002,0,0,0,10
33.93,0,0,0,0,-0.039999999,0.050000001,-0.100000002,0,0,0,10
33.94,0,0,0,0,0,-0.02,0.159999996,0,0,0,10
33.95,0,0,0,0,0,-0.02,0.159999996,0,0,0,10
33.96,0,0,0,0,0,-0.01,0.050000001,0,0,0,10
33.97,0,0,0,0,0,-0.01,0.050000001,0,0,0,10
33.98,0,0,0,0,-0.01,0.07,-0.079999998,0,0,0,10
33.99,0,0,0,0,-0.01,0.07,-0.079999998,0,0,0,10
34,0,0,0,0,0.01,-0.029999999,0.170000002,0,0,0,10
34.01,0,0,0,0,0.01,-0.029999999,0.170000002,0,0,0,10
34.02,0,0,0,0,0.029999999,-0.059999999,0.109999999,0,0,0,10
34.03,0,0,0,0,0.029999999,-0.059999999,0.109999999,0,0,0,10
34.04,0,0,0,0,-0.039999999,0.050000001,-0.050000001,0,0,0,10
34.05,0,0,0,0,-0.039999999,0.050000001,-0.050000001,0,0,0,10
34.06,0,0,0,0,-0.02,0,0.109999999,0,0,0,10
34.07,0,0,0,0,-0.02,0,0.109999999,0,0,0,10
34.08,0,0,0,0,0.02,-0.059999999,0.059999999,0,0,0,10
34.09,0,0,0,0,0.02,-0.059999999,0.059999999,0,0,0,10
34.1,0,0,0,0,-0.02,0.039999999,-0.07,0,0,0,10
34.11,0,0,0,0,-0.02,0.039999999,-0.07,0,0,0,10
34.12,0,0,0,0,0.029999999,-0.02,0.189999998,0,0,0,10
34.13,0,0,0,0,0.029999999,-0.02,0.189999998,0,0,0,10
34.14,0,0,0,0,0.059999999,-0.050000001,0.100000002,0,0,0,10
34.15,0,0,0,0,0.059999999,-0.050000001,0.100000002,0,0,0,10
34.16,0,0,0,0,-0.02,0.039999999,-0.090000004,0,0,0,10
34.17,0,0,0,0,-0.02,0.039999999,-0.090000004,0,0,0,10
34.18,0,0,0,0,-0.029999999,0,0.119999997,0,0,0,10
34.19,0,0,0,0,-0.029999999,0,0.119999997,0,0,0,10
34.2,0,0,0,0,0,-0.02,0.090000004,0,0,0,10
34.21,0,0,0,0,0,-0.02,0.090000004,0,0,0,10
34.22,0,0,0,0,-0.050000001,0.039999999,-0.079999998,0,0,0,10
34.23,0,0,0,0,-0.050000001,0.039999999,-0.079999998,0,0,0,10
34.24,0,0,0,0,0,-0.01,0.150000006,0,0,0,10
34.25,0,0,0,0,0,-0.01,0.150000006,0,0,0,10
34.26,0,0,0,0,0.029999999,-0.07,0.109999999,0,0,0,10
34.27,0,0,0,0,0.029999999,-0.07,0.109999999,0,0,0,10
34.28,0,0,0,0,0.01,0,-0.059999999,0,0,0,10
34.29,0,0,0,0,0.01,0,-0.059999999,0,0,0,10
34.3,0,0,0,0,0,0,0.07,0,0,0,10
34.31,0,0,0,0,0,0,0.07,0,0,0,10
34.32,0,0,0,0,0.029999999,-0.01,0.109999999,0,0,0,10
34.33,0,0,0,0,0.029999999,-0.01,0.109999999,0,0,0,10
34.34,0,0,0,0,-0.029999999,0.02,-0.07,0,0,0,10
34.35,0,0,0,0,-0.029999999,0.02,-0.07,0,0,0,10
34.36,0,0,0,0,-0.02,0.02,0.090000004,0,0,0,10
34.37,0,0,0,0,-0.02,0.02,0.090000004,0,0,0,10
34.38,0,0,0,0,0.039999999,-0.029999999,0.170000002,0,0,0,10
34.39,0,0,0,0,0.039999999,-0.029999999,0.170000002,0,0,0,10
34.4,0,0,0,0,-0.01,0.01,-0.02,0,0,0,10
34.41,0,0,0,0,-0.01,0.01,-0.02,0,0,0,10
34.42,0,0,0,0,0,0,0.059999999,0,0,0,10
34.43,0,0,0,0,0,0,0.059999999,0,0,0,10
34.44,0,0,0,0,0.01,-0.029999999,0.170000002,0,0,0,10
34.45,0,0,0,0,0.01,-0.029999999,0.170000002,0,0,0,10
34.46,0,0,0,0,-0.02,0.02,-0.100000002,0,0,0,10
34.47,0,0,0,0,-0.02,0.02,-0.100000002,0,0,0,10
34.48,0,0,0,0,0,0.02,0.039999999,0,0,0,10
34.49,0,0,0,0,0,0.02,0.039999999,0,0,0,10
34.5,0,0,0,0,0.039999999,-0.029999999,0.159999996,0,0,0,10
34.51,0,0,0,0,0.039999999,-0.029999999,0.159999996,0,0,0,10
34.52,0,0,0,0,0.01,0,0,0,0,0,10
34.53,0,0,0,0,0.01,0,0,0,0,0,10
34.54,0,0,0,0,0,-0.01,0.059999999,0,0,0,10
34.55,0,0,0,0,0,-0.01,0.059999999,0,0,0,10
34.56,0,0,0,0,0,-0.029999999,0.159999996,0,0,0,10
34.57,0,0,0,0,0,-0.029999999,0.159999996,0,0,0,10
34.58,0,0,0,0,-0.01,0.02,-0.02,0,0,0,10
34.59,0,0,0,0,-0.01,0.02,-0.02,0,0,0,10
34.6,0,0,0,0,-0.059999999,0.029999999,0,0,0,0,10
34.61,0,0,0,0,-0.059999999,0.029999999,0,0,0,0,10
34.62,0,0,0,0,0.029999999,-0.029999999,0.200000003,0,0,0,10
34.63,0,0,0,0,0.029999999,-0.029999999,0.200000003,0,0,0,10
34.64,0,0,0,0,0,-0.02,-0.039999999,0,0,0,10
34.65,0,0,0,0,0,-0.02,-0.039999999,0,0,0,10
34.66,0,0,0,0,0,0.01,-0.039999999,0,0,0,10
34.67,0,0,0,0,0,0.01,-0.039999999,0,0,0,10
34.68,0,0,0,0,0.029999999,-0.02,0.159999996,0,0,0,10
34.69,0,0,0,0,0.029999999,-0.02,0.159999996,0,0,0,10
34.7,0,0,0,0,0.029999999,0,0,0,0,0,10
34.71,0,0,0,0,0.029999999,0,0,0,0,0,10
34.72,0,0,0,0,-0.029999999,0.029999999,-0.039999999,0,0,0,10
34.73,0,0,0,0,-0.029999999,0.029999999,-0.039999999,0,0,0,10
34.74,0,0,0,0,0.01,-0.039999999,0.170000002,0,0,0,10
34.75,0,0,0,0,0.01,-0.039999999,0.170000002,0,0,0,10
34.76,0,0,0,0,0.01,0.029999999,0.02,0,0,0,10
34.77,0,0,0,0,0.01,0.029999999,0.02,0,0,0,10
34.78,0,0,0,0,-0.039999999,0.039999999,-0.029999999,0,0,0,10
34.79,0,0,0,0,-0.039999999,0.039999999,-0.029999999,0,0,0,10
34.8,0,0,0,0,0.01,-0.059999999,0.180000007,0,0,0,10
34.81,0,0,0,0,0.01,-0.059999999,0.180000007,0,0,0,10
34.82,0,0,0,0,0,-0.01,0.039999999,0,0,0,10
34.83,0,0,0,0,0,-0.01,0.039999999,0,0,0,10
34.84,0,0,0,0,-0.039999999,0.039999999,-0.039999999,0,0,0,10
34.85,0,0,0,0,-0.039999999,0.039999999,-0.039999999,0,0,0,10
34.86,0,0,0,0,0.029999999,0,0.129999995,0,0,0,10
34.87,0,0,0,0,0.029999999,0,0.129999995,0,0,0,10
34.88,0,0,0,0,0.039999999,-0.02,0.059999999,0,0,0,10
34.89,0,0,0,0,0.039999999,-0.02,0.059999999,0,0,0,10
34.9,0,0,0,0,-0.01,0.029999999,-0.029999999,0,0,0,10
34.91,0,0,0,0,-0.01,0.029999999,-0.029999999,0,0,0,10
34.92,0,0,0,0,0.01,-0.050000001,0.140000001,0,0,0,10
34.93,0,0,0,0,0.01,-0.050000001,0.140000001,0,0,0,10
34.94,0,0,0,0,0.050000001,-0.02,0.029999999,0,0,0,10
34.95,0,0,0,0,0.050000001,-0.02,0.029999999,0,0,0,10
34.96,0,0,0,0,-0.029999999,0.050000001,-0.059999999,0,0,0,10
34.97,0,0,0,0,-0.029999999,0.050000001,-0.059999999,0,0,0,10
34.98,0,0,0,0,0,-0.01,0.129999995,0,0,0,10
34.99,0,0,0,0,0,-0.01,0.129999995,0,0,0,10
35,0,0,0,0,0.029999999,-0.02,0.090000004,0,0,0,10
35.01,0,0,0,0,0.029999999,-0.02,0.090000004,0,0,0,10
35.02,0,0,0,0,-0.029999999,0.100000002,-0.039999999,0,0,0,10
35.03,0,0,0,0,-0.029999999,0.100000002,-0.039999999,0,0,0,10
35.04,0,0,0,0,0,0.01,0.150000006,0,0,0,10
35.05,0,0,0,0,0,0.01,0.150000006,0,0,0,10
35.06,0,0,0,0,-0.029999999,-0.01,0.02,0,0,0,10
35.07,0,0,0,0,-0.029999999,-0.02,-0.050000001,0,0,0,10
35.08,0,0,0,0,-0.050000001,-0.029999999,-0.100000002,0,0,0,10
35.09,0,0,0,0,-0.050000001,-0.029999999,-0.100000002,0,0,0,10
35.1,0,0,0,0,0,-0.059999999,0.189999998,0,0,0,10
35.11,0,0,0,0,0,-0.059999999,0.189999998,0,0,0,10
35.12,0,0,0,0,0.029999999,-0.07,0.100000002,0,0,0,10
35.13,0,0,0,0,0.029999999,-0.07,0.100000002,0,0,0,10
35.14,0,0,0,0,0.059999999,0.050000001,0,0,0,0,10
35.15,0,0,0,0,0.059999999,0.050000001,0,0,0,0,10
35.16,0,0,0,0,0.050000001,0,0.170000002,0,0,0,10
35.17,0,0,0,0,0.039999999,0.01,0.129999995,0,0,0,10
35.18,0,0,0,0,0.059999999,0.01,0.100000002,0,0,0,10
35.19,0,0,0,0,0.059999999,0.01,0.100000002,0,0,0,10
35.2,0,0,0,0,-0.039999999,0.050000001,-0.100000002,0,0,0,10
35.21,0,0,0,0,-0.039999999,0.050000001,-0.100000002,0,0,0,10
35.22,0,0,0,0,-0.07,0,0.119999997,0,0,0,10
35.23,0,0,0,0,-0.07,0,0.119999997,0,0,0,10
35.24,0,0,0,0,-0.01,-0.050000001,0.129999995,0,0,0,10
35.25,0,0,0,0,-0.01,-0.050000001,0.129999995,0,0,0,10
35.26,0,0,0,0,-0.029999999,0.02,-0.100000002,0,0,0,10
35.27,0,0,0,0,0.01,0.01,-0.039999999,0,0,0,10
35.28,0,0,0,0,0.029999999,-0.02,0.159999996,0,0,0,10
35.29,0,0,0,0,0.029999999,-0.02,0.159999996,0,0,0,10
35.3,0,0,0,0,0.090000004,-0.050000001,0.140000001,0,0,0,10
35.31,0,0,0,0,0.090000004,-0.050000001,0.140000001,0,0,0,10
35.32,0,0,0,0,0.02,0.01,-0.07,0,0,0,10
35.33,0,0,0,0,0.02,0.01,-0.07,0,0,0,10
35.34,0,0,0,0,-0.02,0.029999999,0.07,0,0,0,10
35.35,0,0,0,0,-0.02,0.029999999,0.07,0,0,0,10
35.36,0,0,0,0,0,-0.01,0.100000002,0,0,0,10
35.37,0,0,0,0,-0.02,0.01,0.039999999,0,0,0,10
35.38,0,0,0,0,-0.050000001,0.039999999,-0.090000004,0,0,0,10
35.39,0,0,0,0,-0.050000001,0.039999999,-0.090000004,0,0,0,10
35.4,0,0,0,0,-0.02,0.039999999,0.109999999,0,0,0,10
35.41,0,0,0,0,-0.02,0.039999999,0.109999999,0,0,0,10
35.42,0,0,0,0,0.050000001,-0.059999999,0.159999996,0,0,0,10
35.43,0,0,0,0,0.050000001,-0.059999999,0.159999996,0,0,0,10
35.44,0,0,0,0,-0.02,-0.01,-0.07,0,0,0,10
35.45,0,0,0,0,-0.02,-0.01,-0.07,0,0,0,10
35.46,0,0,0,0,0.029999999,0,0.050000001,0,0,0,10
35.47,0,0,0,0,0.039999999,-0.029999999,0.230000004,0,0,0,10
35.48,0,0,0,0,0.039999999,-0.01,0.140000001,0,0,0,10
35.49,0,0,0,0,0.039999999,-0.01,0.140000001,0,0,0,10
35.5,0,0,0,0,0,0,-0.109999999,0,0,0,10
35.51,0,0,0,0,0,0,-0.109999999,0,0,0,10
35.52,0,0,0,0,-0.039999999,0.01,0.07,0,0,0,10
35.53,0,0,0,0,-0.039999999,0.01,0.07,0,0,0,10
35.54,0,0,0,0,0.01,-0.039999999,0.140000001,0,0,0,10
35.55,0,0,0,0,0.01,-0.039999999,0.140000001,0,0,0,10
35.56,0,0,0,0,-0.01,0.01,0,0,0,0,10
35.57,0,0,0,0,-0.01,0.07,-0.02,0,0,0,10
35.58,0,0,0,0,-0.029999999,0.039999999,0.050000001,0,0,0,10
35.59,0,0,0,0,-0.029999999,0.039999999,0.050000001,0,0,0,10
35.6,0,0,0,0,0.029999999,0,0.159999996,0,0,0,10
35.61,0,0,0,0,0.029999999,0,0.159999996,0,0,0,10
35.62,0,0,0,0,0,0.039999999,-0.050000001,0,0,0,10
35.63,0,0,0,0,0,0.039999999,-0.050000001,0,0,0,10
35.64,0,0,0,0,-0.039999999,0,-0.039999999,0,0,0,10
35.65,0,0,0,0,-0.039999999,0,-0.039999999,0,0,0,10
35.66,0,0,0,0,0.050000001,-0.059999999,0.170000002,0,0,0,10
35.67,0,0,0,0,0.029999999,-0.039999999,0.07,0,0,0,10
35.68,0,0,0,0,0.01,-0.01,0.01,0,0,0,10
35.69,0,0,0,0,0.01,-0.01,0.01,0,0,0,10
35.7,0,0,0,0,0.01,0.02,0,0,0,0,10
35.71,0,0,0,0,0.01,0.02,0,0,0,0,10
35.72,0,0,0,0,0.029999999,0,0.150000006,0,0,0,10
35.73,0,0,0,0,0.029999999,0,0.150000006,0,0,0,10
35.74,0,0,0,0,-0.02,0,-0.039999999,0,0,0,10
35.75,0,0,0,0,-0.02,0,-0.039999999,0,0,0,10
35.76,0,0,0,0,-0.039999999,0.029999999,-0.029999999,0,0,0,10
35.77,0,0,0,0,0.02,0.029999999,0.119999997,0,0,0,10
35.78,0,0,0,0,0,0,0.209999993,0,0,0,10
35.79,0,-7,0,0,0,0,0.209999993,0,0,0,10
35.8,19,-90,28,-58,-0.02,0.01,-0.01,0,0,0,10
35.81,77,-42,91,-80,-0.02,0.01,-0.01,0,0,0,10
35.82,30,-107,36,-40,3.059999943,-0.430000007,-1,0.01,-0.02,0,10
35.83,93,-113,69,-126,3.059999943,-0.430000007,-1,-0.01,0,0.01,10
35.84,103,-197,109,-141,5.239999771,-0.430000007,-0.949999988,0.01,-0.07,0.01,10
35.85,180,-240,135,-181,5.239999771,-0.430000007,-0.949999988,0,-0.029999999,0.02,10
35.86,206,-281,202,-234,8.109999657,-0.159999996,-0.620000005,0,-0.109999999,0.029999999,10
35.87,274,-414,248,-297,8.100000381,0.209999993,-2.299999952,0,-0.109999999,0.029999999,10
35.88,341,-752,307,-354,8.609999657,0.230000004,-0.620000005,-0.01,-0.119999997,0.029999999,10
35.89,400,-1281,368,-370,8.609999657,0.230000004,-0.620000005,0.02,-0.119999997,0.02,10
35.9,438,-1909,429,-440,9.800000191,1.50999999,0.589999974,0.039999999,-0.119999997,0.02,10
35.91,537,-2559,482,-497,9.800000191,1.50999999,0.589999974,0.059999999,-0.140000001,0.01,10
35.92,581,-3333,538,-537,9.010000229,0.769999981,1.899999976,0.01,-0.100000002,0.01,10
35.93,656,-4114,596,-605,9.010000229,0.769999981,1.899999976,0.01,-0.119999997,0,10
35.94,747,-4860,642,-652,8.010000229,-0.209999993,1.620000005,-0.029999999,-0.100000002,0,10
35.95,844,-5724,695,-705,8.010000229,-0.209999993,1.620000005,-0.029999999,-0.07,0.01,10
35.96,1053,-6582,735,-752,7.630000114,-1.059999943,2.559999943,-0.059999999,-0.079999998,0.01,10
35.97,1292,-7529,782,-816,7.650000095,-0.529999971,1.840000033,-0.059999999,-0.079999998,0.01,10
35.98,1591,-8503,829,-854,7.619999886,-0.75,1.179999948,-0.029999999,-0.039999999,0.02,11
35.99,1899,-9446,869,-917,7.619999886,-0.75,1.179999948,0,0,0.02,12
36,2276,-10397,920,-990,6.75,-0.680000007,-0.600000024,0,0.01,0.029999999,13
36.01,2647,-11322,970,-1063,6.75,-0.680000007,-0.600000024,0.059999999,0,0.039999999,14
36.02,3002,-12359,1027,-1189,5.929999828,-0.079999998,-1.879999995,0.07,0.01,0.039999999,15
36.03,3346,-13130,1093,-1291,5.929999828,-0.079999998,-1.879999995,0.01,0,0.039999999,16
36.04,3703,-13820,1153,-1369,8.119999886,0.100000002,-2.329999924,0.079999998,0,0.050000001,17
36.05,4139,-14505,1204,-1460,8.119999886,0.100000002,-2.329999924,0.029999999,0.02,0.050000001,18
36.06,4445,-15198,1233,-1444,8.920000076,0.389999986,-1.809999943,0.050000001,-0.02,0.07,18
36.07,4729,-15761,1272,-1436,7.150000095,1.350000024,-1.809999943,0.050000001,-0.02,0.07,19
36.08,4871,-16400,1325,-1416,8.630000114,0.910000026,-1.190000057,0,0,0.079999998,19
36.09,5096,-16847,1379,-1483,8.630000114,0.910000026,-1.190000057,0,-0.02,0.090000004,19
36.1,5234,-17289,1411,-1556,8.149999619,0.01,-0.259999991,0.039999999,0,0.109999999,19
36.11,5371,-17718,1481,-1622,8.149999619,0.01,-0.259999991,-0.02,0,0.109999999,19
36.12,5407,-18118,1512,-1657,8.449999809,0.75,0.310000002,0.050000001,-0.029999999,0.119999997,19
36.13,5497,-18500,1578,-1700,8.449999809,0.75,0.310000002,-0.029999999,0,0.119999997,19
36.14,5528,-18684,1620,-1835,9.640000343,0.460000008,1.970000029,0.07,0,0.129999995,19
36.15,5508,-18946,1689,-2003,9.640000343,0.460000008,1.970000029,0.01,0,0.140000001,19
36.16,5645,-19184,1744,-2145,9.430000305,0.910000026,0.629999995,0.050000001,0,0.140000001,19
36.17,5471,-19287,1784,-2060,9.130000114,1.399999976,1.370000005,0.050000001,0,0.140000001,19
36.18,5303,-19349,1871,-2027,8.869999886,1.299999952,-0.330000013,-0.02,0.039999999,0.150000006,19
36.19,5098,-19389,1914,-2121,8.869999886,1.299999952,-0.330000013,0.02,-0.039999999,0.150000006,19
36.2,4917,-19370,1984,-2234,7.53000021,1.149999976,0.02,0.059999999,-0.01,0.159999996,19
36.21,4791,-19390,2025,-2322,7.53000021,1.149999976,0.02,0.02,-0.039999999,0.170000002,19
36.22,4585,-19467,2064,-2435,7.889999866,1.580000043,-0.600000024,0.01,-0.029999999,0.170000002,19
36.23,4482,-19385,2130,-2519,7.889999866,1.580000043,-0.600000024,0,-0.039999999,0.180000007,19
36.24,4358,-19444,2200,-2612,9.68999958,0.720000029,-0.200000003,0.039999999,-0.02,0.189999998,19
36.25,4218,-19643,2224,-2732,9.68999958,0.720000029,-0.200000003,0.02,-0.029999999,0.200000003,19
36.26,4127,-19660,2275,-2714,9.18999958,0.5,-0.5,-0.039999999,-0.029999999,0.209999993,19
36.27,4018,-19521,2348,-2704,7.079999924,1.450000048,1.279999971,-0.039999999,-0.029999999,0.209999993,19
36.28,3948,-19586,2365,-2722,10.17000008,0.340000004,-0.150000006,-0.01,0.01,0.239999995,19
36.29,3773,-19593,2470,-2719,10.17000008,0.340000004,-0.150000006,0.01,-0.039999999,0.25,19
36.3,3603,-19555,2480,-2729,7.480000019,0.529999971,-2.049999952,-0.039999999,0.029999999,0.270000011,19
36.31,3377,-19546,2515,-2838,7.480000019,0.529999971,-2.049999952,-0.029999999,0,0.270000011,19
36.32,3150,-19643,2617,-2907,9.18999958,-0.319999993,-1.139999986,-0.01,-0.029999999,0.289999992,19
36.33,2782,-19596,2660,-2985,9.18999958,-0.319999993,-1.139999986,-0.07,0,0.300000012,19
36.34,2601,-19503,2667,-3090,10.55000019,1.139999986,-0.170000002,-0.01,0.01,0.310000002,19
36.35,2796,-19267,2742,-3060,10.55000019,1.139999986,-0.170000002,0.039999999,-0.039999999,0.319999993,19
36.36,2822,-18844,2793,-3109,8.930000305,0.050000001,-2.039999962,-0.01,-0.02,0.349999994,19
36.37,2833,-18474,2801,-3186,8.140000343,1.450000048,0.589999974,-0.01,-0.02,0.349999994,19
36.38,2922,-18267,2915,-3272,6.159999847,0.579999983,0.109999999,0.039999999,-0.01,0.379999995,19
36.39,2939,-18069,2927,-3371,6.159999847,0.579999983,0.109999999,0,-0.029999999,0.389999986,19
36.4,2993,-17615,2958,-3309,8.300000191,1.529999971,1.629999995,0.01,-0.039999999,0.400000006,19
36.41,3050,-17343,3010,-3372,8.300000191,1.529999971,1.629999995,0.039999999,0.01,0.409999996,19
36.42,3094,-17048,3080,-3457,7.630000114,2.24000001,2.529999971,0,-0.059999999,0.409999996,19
36.43,3150,-16688,3140,-3486,7.630000114,2.24000001,2.529999971,0.01,-0.01,0.409999996,19
36.44,3182,-16491,3222,-3553,6.829999924,2.960000038,1.419999957,0.01,0,0.409999996,19
36.45,3244,-16237,3306,-3642,6.829999924,2.960000038,1.419999957,-0.01,0,0.419999987,19
36.46,3309,-15918,3341,-3677,7.090000153,1.049999952,1.049999952,-0.01,0.01,0.430000007,19
36.47,3338,-15793,3354,-3782,8.079999924,1.529999971,-0.479999989,-0.01,0.01,0.430000007,19
36.48,3421,-15653,3365,-3795,8.819999695,0.910000026,0.910000026,-0.02,-0.01,0.439999998,19
36.49,3452,-15471,3451,-3906,8.819999695,0.910000026,0.910000026,-0.039999999,0.039999999,0.449999988,19
36.5,3484,-15206,3478,-4042,9.180000305,1.799999952,-1.019999981,0,0,0.449999988,19
36.51,3588,-14996,3579,-4114,9.180000305,1.799999952,-1.019999981,0.029999999,0.029999999,0.449999988,19
36.52,3611,-14746,3627,-4136,9.819999695,1.799999952,0.039999999,0.059999999,0.01,0.460000008,19
36.53,3652,-14396,3668,-4237,9.819999695,1.799999952,0.039999999,0.090000004,0,0.449999988,18
36.54,3741,-14085,3748,-4262,8.010000229,1.169999957,-1.360000014,0,0.029999999,0.460000008,17
36.55,3766,-13611,3848,-4150,8.010000229,1.169999957,-1.360000014,0,-0.01,0.469999999,16
36.56,3839,-13111,3812,-4234,8.289999962,1.860000014,0.400000006,0,0.059999999,0.469999999,15
36.57,3887,-12706,3842,-4300,9.520000458,1.840000033,2.25999999,0,0.059999999,0.469999999,15
36.58,3963,-12392,3960,-4321,6.199999809,3.069999933,-1.090000033,-0.029999999,0.02,0.449999988,15
36.59,3990,-12167,3993,-4332,6.199999809,3.069999933,-1.090000033,-0.029999999,-0.02,0.419999987,14
36.6,4078,-11871,4019,-4394,5.590000153,4.170000076,-0.379999995,0.039999999,0.050000001,0.400000006,14
36.61,4137,-11524,4128,-4429,5.590000153,4.170000076,-0.379999995,0,0.039999999,0.379999995,14
36.62,4168,-11065,4186,-4426,8.300000191,2.529999971,-0.709999979,0.029999999,0.059999999,0.360000014,14
36.63,4234,-10467,4220,-4542,8.300000191,2.529999971,-0.709999979,-0.01,0.059999999,0.349999994,14
36.64,4273,-9950,4320,-4597,7.420000076,2.279999971,0.670000017,0,0.059999999,0.349999994,14
36.65,4331,-9618,4391,-4586,7.420000076,2.279999971,0.670000017,0,0.029999999,0.340000004,14
36.66,4379,-9197,4415,-4656,6.690000057,2.160000086,-0.469999999,-0.02,0.039999999,0.330000013,14
36.67,4424,-8808,4537,-4748,8.300000191,2.200000048,-0.230000004,-0.02,0.039999999,0.330000013,14
36.68,4499,-8534,4546,-4764,8.31000042,1.730000019,-0.449999988,-0.01,0.02,0.330000013,14
36.69,4563,-8228,4563,-4915,8.31000042,1.730000019,-0.449999988,-0.02,0.050000001,0.330000013,14
36.7,4626,-7870,4610,-4962,9.630000114,1.50999999,-0.74000001,0.02,0,0.340000004,13
36.71,4674,-7494,4710,-4952,9.630000114,1.50999999,-0.74000001,0.039999999,0,0.349999994,13
36.72,4749,-7074,4734,-5063,8.640000343,1.809999943,0.109999999,-0.01,0.02,0.349999994,12
36.73,4795,-6703,4764,-5085,8.640000343,1.809999943,0.109999999,0.039999999,-0.039999999,0.349999994,11
36.74,4843,-6363,4822,-5138,6.449999809,2,-1.870000005,-0.050000001,0.02,0.349999994,10
36.75,4906,-6240,4993,-5184,6.449999809,2,-1.870000005,-0.059999999,-0.039999999,0.340000004,8
36.76,4968,-6167,5027,-5202,6.050000191,2.559999943,-0.5,-0.050000001,0.01,0.319999993,8
36.77,5026,-6116,5004,-5185,6.050000191,2.559999943,-0.5,-0.050000001,0.01,0.319999993,7
36.78,5026,-6116,5004,-5185,6.050000191,2.559999943,-0.5,-0.050000001,0.01,0.319999993,7
36.79,5178,-5925,5165,-5262,8.229999542,2.539999962,1.820000052,0,0,0.209999993,7
36.8,5182,-5791,5258,-5310,6.070000172,2.430000067,-2,0,0.039999999,0.170000002,7
36.81,5262,-5621,5330,-5352,6.070000172,2.430000067,-2,0.039999999,0.059999999,0.129999995,7
36.82,5292,-5463,5354,-5349,6.829999924,0.560000002,0.910000026,-0.01,0.02,0.100000002,7
36.83,5368,-5515,5442,-5444,6.829999924,0.560000002,0.910000026,0,0.059999999,0.07,7
36.84,5434,-5597,5452,-5448,4.820000172,0.519999981,-0.349999994,-0.050000001,0.02,0.039999999,7
36.85,5459,-5569,5572,-5532,4.820000172,0.519999981,-0.349999994,-0.029999999,0.039999999,0.02,7
36.86,5592,-5643,5557,-5588,6.320000172,-0.330000013,0.379999995,-0.02,-0.02,0.01,7
36.87,5585,-5759,5575,-5621,6.5,0.670000017,-2.230000019,-0.02,-0.02,0.01,7
36.88,5665,-5858,5598,-5726,8.680000305,0.159999996,2.269999981,0.039999999,-0.059999999,0,6
36.89,5730,-6136,5629,-5684,8.680000305,0.159999996,2.269999981,0.059999999,0.02,-0.01,4
36.9,5730,-5942,5695,-5702,8.239999771,0.219999999,1.25999999,0.119999997,0.01,-0.02,2
36.91,5814,-5598,5893,-5813,8.239999771,0.219999999,1.25999999,0.150000006,0.02,-0.02,2
36.92,5867,-5794,5926,-5768,5.880000114,-1.269999981,0.289999992,-0.029999999,0.07,-0.029999999,2
36.93,5911,-5967,5931,-5842,5.880000114,-1.269999981,0.289999992,-0.200000003,-0.02,-0.07,2
36.94,5996,-6109,5938,-5912,4.71999979,-0.639999986,-0.07,-0.230000004,0.02,-0.100000002,2
36.95,6015,-6209,5994,-6027,4.71999979,-0.639999986,-0.07,-0.209999993,0,-0.119999997,2
36.96,6062,-6134,6082,-6110,7.460000038,2.900000095,-0.810000002,0,-0.059999999,-0.159999996,2
36.97,6139,-6193,6176,-6066,5.590000153,0.25,-2.650000095,0,-0.059999999,-0.159999996,2
36.98,6167,-6113,6193,-6042,9,0.980000019,0.589999974,0.200000003,-0.050000001,-0.200000003,2
36.99,6319,-6042,6199,-6119,9,0.980000019,0.589999974,0.209999993,-0.050000001,-0.200000003,2
37,6538,-6145,6278,-6153,3.849999905,-1.909999967,-1.25,0.01,0,-0.189999998,2
37.01,6291,-6200,6274,-6269,3.849999905,-1.909999967,-1.25,-0.100000002,-0.050000001,-0.180000007,6
37.02,6253,-6236,6294,-6440,6.170000076,-0.790000022,1.169999957,-0.029999999,0,-0.170000002,7
37.03,6517,-6350,6319,-6453,6.170000076,-0.790000022,1.169999957,-0.059999999,-0.01,-0.119999997,8
37.04,6542,-6388,6341,-6494,7.679999828,1.110000014,0.959999979,0.109999999,-0.050000001,-0.07,9
37.05,6588,-6386,6419,-6543,7.679999828,1.110000014,0.959999979,0.219999999,-0.07,-0.02,10
37.06,6644,-6526,6422,-6624,6.789999962,-1.690000057,-3.299999952,0.159999996,-0.050000001,0.02,10
37.07,6703,-6600,6506,-6597,6.880000114,-1.730000019,0.550000012,0.159999996,-0.050000001,0.02,11
37.08,6739,-6644,6483,-6555,10.67000008,-1.830000043,0.759999991,0.140000001,-0.090000004,0.119999997,12
37.09,6763,-6709,6507,-6770,10.67000008,-1.830000043,0.759999991,-0.050000001,-0.059999999,0.170000002,12
37.1,6793,-6821,6519,-6747,8.729999542,-0.109999999,2.430000067,-0.219999999,-0.039999999,0.219999999,12
37.11,6748,-6845,6559,-6802,8.729999542,-0.109999999,2.430000067,-0.029999999,0,0.259999991,12
37.12,6733,-6871,6597,-6942,6.139999866,2.150000095,0.939999998,-0.109999999,0.01,0.289999992,12
37.13,6775,-6936,6667,-6957,6.139999866,2.150000095,0.939999998,0.01,0.059999999,0.310000002,12
37.14,6817,-7001,6678,-6995,6.880000114,2.460000038,-0.02,0,0.039999999,0.330000013,12
37.15,6842,-7051,6792,-7068,6.880000114,2.460000038,-0.02,0.140000001,0.039999999,0.360000014,12
37.16,6919,-7093,6990,-7099,5.099999905,-0.959999979,-1.779999971,-0.029999999,0.02,0.400000006,12
37.17,7001,-7187,6662,-7170,8.93999958,1.100000024,-3.230000019,-0.029999999,0.02,0.400000006,12
37.18,6992,-7230,6768,-7193,6.760000229,3.200000048,3.609999895,0.01,0,0.409999996,12
37.19,6994,-7266,6969,-7171,6.760000229,3.200000048,3.609999895,0.109999999,0.07,0.409999996,12
37.2,7058,-7259,6975,-7196,6.519999981,5.349999905,1.460000038,0.050000001,0.07,0.389999986,12
37.21,7112,-7280,7029,-7298,6.519999981,5.349999905,1.460000038,0.039999999,0.090000004,0.379999995,12
37.22,7166,-7363,7015,-7316,7.21999979,4.760000229,0.379999995,0.01,0.109999999,0.379999995,12
37.23,7153,-7363,7208,-7345,7.21999979,4.760000229,0.379999995,0.039999999,0.119999997,0.370000005,12
37.24,7218,-7391,7289,-7408,5.070000172,3.710000038,-0.800000012,-0.059999999,0.140000001,0.379999995,12
37.25,7249,-7459,7330,-7473,5.070000172,3.710000038,-0.800000012,-0.079999998,0.100000002,0.389999986,12
37.26,7308,-7514,7222,-7561,6.489999771,3.25,-1.139999986,-0.119999997,0.029999999,0.400000006,12
37.27,7436,-7603,7264,-7618,6.670000076,3.839999914,-3.470000029,-0.119999997,0.029999999,0.400000006,12
37.28,7341,-7629,7363,-7632,6.739999771,4.159999847,-1.919999957,-0.02,0.059999999,0.409999996,12
37.29,7321,-7646,7394,-7622,6.739999771,4.159999847,-1.919999957,0.01,0.059999999,0.400000006,12
37.3,7430,-7716,7487,-7674,6.78000021,4.019999981,-0.920000017,0.02,0.039999999,0.400000006,12
37.31,7546,-7769,7495,-7719,6.78000021,4.019999981,-0.920000017,0.07,-0.029999999,0.389999986,12
37.32,7546,-7830,7604,-7774,5.420000076,2.900000095,-1.809999943,0.059999999,-0.02,0.379999995,12
37.33,7516,-7891,7614,-7796,5.420000076,2.900000095,-1.809999943,0.029999999,-0.02,0.349999994,12
37.34,7597,-7946,7679,-7849,5.28000021,3.960000038,1.029999971,0.01,-0.01,0.319999993,12
37.35,7672,-7910,7753,-7885,5.28000021,3.960000038,1.029999971,0.039999999,0.01,0.300000012,11
37.36,7740,-7862,7788,-7921,8.050000191,4.070000172,1.769999981,0.029999999,0,0.289999992,11
37.37,7781,-7958,7806,-7952,6.579999924,3.730000019,2.349999905,0.029999999,0,0.289999992,10
37.38,7828,-8043,7786,-7996,5.840000153,3.950000048,0.059999999,-0.090000004,-0.029999999,0.239999995,9
37.39,7919,-8004,7844,-8035,5.840000153,3.950000048,0.059999999,-0.07,-0.02,0.219999999,8
37.4,7897,-8073,8008,-8039,5.150000095,4.480000019,-0.479999989,-0.07,0,0.200000003,7
37.41,7981,-8213,8053,-8046,5.150000095,4.480000019,-0.479999989,-0.109999999,0,0.159999996,6
37.42,8076,-8333,8063,-8074,4.760000229,2.269999981,-0.689999998,-0.090000004,-0.039999999,0.140000001,5
37.43,8076,-8329,8068,-8060,4.760000229,2.269999981,-0.689999998,0,-0.050000001,0.109999999,2
37.44,8115,-8198,8063,-8081,6.940000057,2.319999933,2.180000067,0.079999998,-0.100000002,0.07,1
37.45,8185,-8136,8252,-8155,6.940000057,2.319999933,2.180000067,0.07,-0.079999998,0.02,0
37.46,8267,-8131,8259,-8186,4.079999924,1.279999971,-0.219999999,-0.039999999,-0.059999999,-0.039999999,0
37.47,8287,-8197,8213,-8208,3.279999971,0.129999995,-0.790000022,-0.039999999,-0.059999999,-0.039999999,0
37.48,8319,-8262,8263,-8176,3.839999914,0.289999992,0.159999996,-0.159999996,0.029999999,-0.159999996,0
37.49,8383,-8255,8302,-8132,3.839999914,0.289999992,0.159999996,-0.159999996,0.029999999,-0.159999996,0
37.5,8406,-8185,8376,-8088,2.24000001,1.830000043,1.559999943,-0.090000004,0,-0.219999999,0
37.51,8444,-8158,8400,-8100,4.110000134,0.800000012,2.410000086,-0.059999999,0.039999999,-0.270000011,0
37.52,8481,-8192,8413,-8096,3.220000029,1.029999971,2.880000114,0,0.01,-0.319999993,0
37.53,8443,-8204,8428,-8129,3.089999914,-1.110000014,-0.140000001,0,0.050000001,-0.349999994,0
37.54,8461,-8151,8454,-8209,3.319999933,-1.539999962,0.259999991,-0.02,0.059999999,-0.379999995,0
37.55,8479,-8113,8458,-8324,2.029999971,-2.589999914,-0.680000007,-0.059999999,0.109999999,-0.389999986,0
37.56,8573,-8135,8493,-8266,1.779999971,-1.019999981,0.159999996,0.02,0.159999996,-0.409999996,0
37.57,8550,-8129,8524,-8230,1.820000052,-1.059999943,0.49000001,0.039999999,0.180000007,-0.430000007,0
37.58,8591,-8172,8521,-8228,3.480000019,-2.630000114,-0.469999999,0.059999999,0.180000007,-0.439999998,0
37.59,8584,-8165,8525,-8216,3.319999933,-2.660000086,-1.50999999,-0.029999999,0.140000001,-0.449999988,0
37.6,8640,-8211,8595,-8296,2.940000057,-4.679999828,-2.769999981,-0.170000002,0.140000001,-0.439999998,0
37.61,8640,-8302,8572,-8362,2.099999905,-4.010000229,0.270000011,-0.230000004,0.119999997,-0.419999987,0
37.62,8653,-8298,8591,-8410,1.850000024,-2.470000029,-0.550000012,-0.209999993,0.129999995,-0.409999996,0
37.63,8633,-8287,8632,-8409,2.579999924,-3.099999905,-1.49000001,-0.109999999,0.129999995,-0.409999996,0
37.64,8689,-8283,8586,-8412,2.619999886,-4.440000057,-1.220000029,-0.01,0.100000002,-0.400000006,0
37.65,8698,-8278,8559,-8428,2.769999981,-6.820000172,-1.899999976,0.140000001,0.109999999,-0.400000006,0
37.66,8752,-8254,8607,-8399,1.970000029,-6.360000134,-2.529999971,0.200000003,0.079999998,-0.400000006,0
37.67,8745,-8311,8605,-8388,1.629999995,-7.039999962,-1.110000014,0.129999995,0.039999999,-0.409999996,0
37.68,8734,-8326,8614,-8399,2.779999971,-7.119999886,-1.860000014,0.079999998,0,-0.419999987,0
37.69,8763,-8352,8647,-8395,1.549999952,-6.079999924,-0.620000005,0,-0.029999999,-0.419999987,0
37.7,8791,-8400,8678,-8382,0.920000017,-6.190000057,-0.029999999,-0.119999997,-0.059999999,-0.400000006,0
37.71,8778,-8304,8677,-8380,1.409999967,-4,-1.440000057,-0.01,-0.059999999,-0.379999995,0
37.72,8744,-8398,8719,-8408,1.360000014,-3.539999962,-1.929999948,0,-0.090000004,-0.349999994,0
37.73,8739,-8444,8719,-8418,-0.910000026,-5.679999828,-0.550000012,0,-0.119999997,-0.330000013,0
37.74,8739,-8468,8642,-8417,0.720000029,-5.78000021,2.380000114,0.050000001,-0.119999997,-0.300000012,0
37.75,8735,-8398,8674,-8502,2.190000057,-6.449999809,1.110000014,0.129999995,-0.140000001,-0.270000011,0
37.76,8722,-8412,8676,-8501,-0.119999997,-6.409999847,1.389999986,0.090000004,-0.150000006,-0.25,0
37.77,8697,-8395,8596,-8467,0.569999993,-5.650000095,1.74000001,0.050000001,-0.119999997,-0.219999999,0
37.78,8665,-8429,8589,-8419,2.029999971,-5.989999771,4.579999924,0.090000004,-0.079999998,-0.219999999,0
37.79,8700,-8350,8618,-8363,0.409999996,-5.599999905,4.139999866,0.07,-0.059999999,-0.209999993,0
37.8,8660,-8356,8573,-8332,0.449999988,-4.639999866,3.440000057,0,-0.02,-0.209999993,0
37.81,8675,-8331,8631,-8373,-0.879999995,-3.549999952,1.429999948,0,0,-0.219999999,-1
37.82,8672,-8328,8624,-8309,-1.299999952,-3.599999905,1.539999962,-0.119999997,0.039999999,-0.239999995,-2
37.83,8719,-8284,8630,-8256,-1.360000014,-2.289999962,-0.829999983,0,0.039999999,-0.270000011,-3
37.84,8710,-8240,8617,-8255,-1.570000052,0.400000006,-1.789999962,0.050000001,0.050000001,-0.330000013,-4
37.85,8732,-8243,8592,-8268,-2.069999933,-5.639999866,1.580000043,0.01,0.050000001,-0.370000005,-5
37.86,8768,-8190,8630,-8205,-0.219999999,-3.190000057,2.109999895,0.119999997,0.059999999,-0.430000007,-6
37.87,8765,-8171,8642,-8160,-3.789999962,-3.50999999,0.449999988,-0.02,0.029999999,-0.479999989,-6
37.88,8749,-8131,8632,-8132,-0.310000002,-3.24000001,-1.940000057,-0.100000002,0.039999999,-0.550000012,-6
37.89,8756,-8094,8638,-8071,-1.559999943,-3.859999895,0.620000005,-0.02,0,-0.610000014,-6
37.9,8788,-8040,8656,-8026,-1.50999999,-4.949999809,-1.99000001,-0.219999999,-0.02,-0.639999986,-6
37.91,8831,-8039,8737,-7948,-0.529999971,-4.059999943,-2.059999943,-0.07,0,-0.680000007,-6
37.92,8779,-8037,8752,-7984,-3.319999933,-4.369999886,-1.409999967,-0.180000007,-0.039999999,-0.699999988,-6
37.93,8744,-8027,8657,-7938,-0.550000012,-5.349999905,-1.049999952,-0.050000001,-0.029999999,-0.730000019,-6
37.94,8773,-7967,8730,-7934,-2.539999962,-7.110000134,1.230000019,-0.02,-0.039999999,-0.74000001,-6
37.95,8767,-7981,8684,-7922,-0.620000005,-6.900000095,1.570000052,0.01,0,-0.75,-6
37.96,8735,-7919,8582,-7912,-2.450000048,-8.75,0.689999998,0.079999998,-0.029999999,-0.75,-6
37.97,8710,-7912,8648,-7939,-1.169999957,-7.119999886,0.579999983,0.02,0.039999999,-0.759999991,-6
37.98,8706,-7895,8643,-7927,-0.540000022,-9.630000114,1.710000038,0,0.01,-0.759999991,-6
37.99,8680,-7924,8582,-7887,-2.859999895,-9.449999809,0.189999998,0.02,0.050000001,-0.75,-6
38,8713,-7895,8616,-7864,0.079999998,-8.779999733,0.519999981,-0.059999999,0.059999999,-0.75,-6
38.01,8655,-7887,8618,-7844,-1.00999999,-9.090000153,-0.209999993,-0.059999999,0.050000001,-0.74000001,-6
38.02,8641,-7885,8578,-7818,-1.440000057,-9.220000267,-0.579999983,-0.129999995,0.039999999,-0.730000019,-6
38.03,8635,-7865,8553,-7791,-1.169999957,-8.369999886,-1.159999967,-0.150000006,0.059999999,-0.730000019,-6
38.04,8643,-7857,8531,-7783,-2.069999933,-9.270000458,-1.00999999,-0.01,0.029999999,-0.720000029,-6
38.05,8641,-7870,8495,-7794,-1.450000048,-8.510000229,-0.079999998,0.029999999,0.07,-0.720000029,-6
38.06,8607,-7837,8470,-7772,-1.460000038,-10.02999973,-0.469999999,0.01,0.029999999,-0.709999979,-6
38.07,8634,-7820,8479,-7770,-1.399999976,-8.539999962,-0.810000002,0.02,0.039999999,-0.709999979,-6
38.08,8622,-7787,8497,-7771,-1.549999952,-9.31000042,-0.360000014,0.039999999,0,-0.720000029,-6
38.09,8558,-7817,8455,-7783,-1.570000052,-9.770000458,-1.120000005,0.039999999,-0.01,-0.720000029,-6
38.1,8624,-7806,8517,-7776,-1.539999962,-8.119999886,-1.379999995,0.050000001,-0.02,-0.720000029,-6
38.11,8507,-7797,8488,-7735,-2.289999962,-9.390000343,-1.169999957,-0.029999999,-0.039999999,-0.720000029,-7
38.12,8563,-7767,8451,-7754,0.079999998,-10.64999962,-0.239999995,0.02,-0.050000001,-0.709999979,-7
38.13,8482,-7762,8444,-7714,-2.049999952,-10.34000015,0.01,-0.02,-0.029999999,-0.699999988,-8
38.14,8508,-7734,8405,-7703,-0.759999991,-9.949999809,0.959999979,-0.01,-0.039999999,-0.680000007,-8
38.15,8494,-7705,8365,-7712,-1.110000014,-8.649999619,0.409999996,0.01,-0.050000001,-0.680000007,-9
38.16,8443,-7715,8356,-7704,-2.369999886,-9.25,0.370000005,-0.029999999,-0.01,-0.670000017,-11
38.17,8447,-7679,8374,-7691,-0.99000001,-10.44999981,0.980000019,-0.039999999,0,-0.670000017,-11
38.18,8451,-7653,8367,-7676,-2.180000067,-8.890000343,1.850000024,0,0.02,-0.680000007,-12
38.19,8441,-7621,8348,-7666,-1.110000014,-9.960000038,0.25,0,0.029999999,-0.699999988,-12
38.2,8460,-7637,8426,-7613,-2.299999952,-8.890000343,0.649999976,-0.01,0.050000001,-0.709999979,-12
38.21,8371,-7608,8374,-7576,-1.230000019,-8.270000458,0.800000012,0.01,0.07,-0.730000019,-12
38.22,8433,-7598,8330,-7554,-1.25999999,-8.789999962,-0.140000001,0.079999998,0.039999999,-0.75,-12
38.23,8403,-7591,8336,-7547,-2.289999962,-9.479999542,-0.709999979,0.059999999,0.07,-0.769999981,-12
38.24,8452,-7601,8314,-7496,-1.820000052,-9.430000305,0,0.050000001,0.039999999,-0.790000022,-12
38.25,8420,-7545,8277,-7453,-2.160000086,-8.960000038,-0.119999997,0.090000004,0.050000001,-0.810000002,-12
38.26,8398,-7489,8252,-7456,-0.939999998,-8.390000343,-1.419999957,0.029999999,0.02,-0.829999983,-12
38.27,8428,-7517,8311,-7442,-1.580000043,-8.739999771,-0.49000001,0.02,0.02,-0.850000024,-13
38.28,8420,-7480,8296,-7416,-2.779999971,-9.350000381,-1.190000057,-0.01,0.02,-0.879999995,-14
38.29,8440,-7446,8297,-7433,-0.899999976,-8.850000381,-0.230000004,-0.050000001,-0.039999999,-0.899999976,-14
38.3,8417,-7420,8377,-7414,-2.539999962,-8.619999886,-1.590000033,-0.029999999,-0.02,-0.920000017,-15
38.31,8353,-7403,8319,-7396,-1.940000057,-10.98999977,-0.800000012,-0.150000006,-0.050000001,-0.930000007,-15
38.32,8356,-7395,8318,-7383,-0.920000017,-9.109999657,-0.509999991,0.01,-0.050000001,-0.939999998,-16
38.33,8354,-7354,8291,-7380,-1.580000043,-11.85000038,0.239999995,-0.029999999,-0.059999999,-0.939999998,-16
38.34,8323,-7353,8248,-7351,-2.160000086,-10.94999981,0.289999992,0.01,-0.029999999,-0.939999998,-17
38.35,8300,-7315,8229,-7312,-1.200000048,-11.56000042,2.450000048,-0.02,-0.02,-0.949999988,-18
38.36,8188,-7300,8212,-7278,-2.339999914,-10.97999954,1.570000052,-0.029999999,0,-0.949999988,-19
38.37,8324,-7271,8201,-7266,-0.460000008,-11.13000011,1.600000024,-0.039999999,0.029999999,-0.949999988,-21
38.38,8230,-7220,8206,-7240,-2.880000114,-10.57999992,1.789999962,-0.039999999,0.039999999,-0.949999988,-22
38.39,8206,-7199,8180,-7172,-1.340000033,-11.86999989,0.509999991,-0.01,0.059999999,-0.970000029,-23
38.4,8206,-7157,8236,-7128,-1.080000043,-9.020000458,-0.469999999,0.02,0.039999999,-1,-24
38.41,8165,-7120,8230,-7156,-2.960000038,-10.85999966,-2.309999943,0.01,0.07,-1.029999971,-26
38.42,8144,-7079,8143,-7120,-1.75,-11.67000008,-0.959999979,-0.02,0,-1.059999943,-28
38.43,8110,-7062,8176,-7097,-3.269999981,-11,-1.320000052,0.02,0.029999999,-1.080000043,-29
38.44,8106,-7038,8145,-7056,-2.200000048,-10.27999973,0.769999981,-0.079999998,0.029999999,-1.100000024,-31
38.45,8094,-6956,8123,-7021,-1.580000043,-10.92000008,0.649999976,-0.01,0.02,-1.120000005,-33
38.46,8018,-6930,8089,-6989,-3.339999914,-10.92000008,-0.689999998,-0.109999999,0.02,-1.139999986,-34
38.47,8007,-6886,8121,-6944,-1.539999962,-11.56000042,-0.560000002,-0.150000006,0.02,-1.149999976,-36
38.48,7947,-6824,8075,-6914,-3.289999962,-10.96000004,-0.360000014,-0.090000004,0.01,-1.159999967,-38
38.49,7914,-6756,8019,-6880,-2.579999924,-10.01000023,-1.289999962,-0.059999999,0.029999999,-1.179999948,-40
38.5,7866,-6725,8131,-6859,-1.50999999,-11.77999973,-0.720000029,-0.059999999,0.01,-1.179999948,-41
38.51,7797,-6661,8064,-6837,-2.75,-13.82999992,0.949999988,-0.050000001,0.02,-1.179999948,-42
38.52,7783,-6632,8000,-6789,-2.75999999,-12.14000034,-0.280000001,0.050000001,0.059999999,-1.190000057,-43
38.53,7764,-6577,7979,-6799,-3.24000001,-12.77999973,0.569999993,-0.050000001,0.050000001,-1.200000048,-43
38.54,7686,-6569,7935,-6754,-2.460000038,-11.75,-0.920000017,0.100000002,0.050000001,-1.210000038,-43
38.55,7728,-6549,7919,-6721,-3.700000048,-12.60999966,-0.050000001,0,0.059999999,-1.220000029,-43
38.56,7715,-6534,7873,-6698,-1.820000052,-11.02000046,-1.070000052,0.050000001,0.039999999,-1.220000029,-43
38.57,7653,-6502,7849,-6657,-2.950000048,-11.36999989,-0.620000005,0.02,0.02,-1.230000019,-43
38.58,7686,-6476,7847,-6639,-3.150000095,-11.53999996,-0.930000007,-0.02,0.050000001,-1.25999999,-43
38.59,7646,-6496,7839,-6587,-3,-11.64000034,-0.839999974,-0.050000001,0,-1.269999981,-43
38.6,7706,-6402,7837,-6542,-3.799999952,-11.75,0,-0.109999999,0.039999999,-1.289999962,-43
38.61,7685,-6393,7859,-6517,-2.539999962,-11.61999989,-0.730000019,-0.079999998,0.02,-1.309999943,-43
38.62,7578,-6363,7826,-6479,-3.289999962,-13.39999962,-0.239999995,-0.100000002,-0.01,-1.320000052,-43
38.63,7581,-6339,7801,-6419,-3.380000114,-12.89999962,-1.230000019,-0.090000004,0.02,-1.340000033,-43
38.64,7542,-6261,7767,-6380,-1.840000033,-11.96000004,0.800000012,-0.07,-0.01,-1.360000014,-43
38.65,7549,-6206,7744,-6344,-3.200000048,-13.32999992,-2.00999999,0.050000001,0,-1.370000005,-43
38.66,7487,-6172,7667,-6314,-3.180000067,-12.60000038,-0.25,0.029999999,0,-1.370000005,-43
38.67,7503,-6131,7595,-6315,-2.799999952,-12.97999954,-1.100000024,0.140000001,-0.029999999,-1.379999995,-43
38.68,7365,-6106,7597,-6304,-1.830000043,-11.15999985,-0.340000004,0.200000003,-0.01,-1.370000005,-43
38.69,7399,-6120,7601,-6294,-2.710000038,-13.06999969,-0.170000002,0.189999998,0.01,-1.379999995,-43
38.7,7330,-6033,7546,-6303,-1.960000038,-11.53999996,0.079999998,0.150000006,-0.01,-1.379999995,-43
38.71,7299,-6047,7552,-6279,-1.350000024,-12.35999966,-0.319999993,0.129999995,-0.02,-1.360000014,-43
38.72,7256,-6027,7607,-6246,-2.930000067,-11.22000027,0.050000001,0.01,0.01,-1.360000014,-43
38.73,7198,-5983,7514,-6228,-1.629999995,-13.23999977,0.75,-0.090000004,0.029999999,-1.340000033,-43
38.74,7231,-5963,7487,-6207,-2.630000114,-14.35000038,1.649999976,-0.140000001,0.02,-1.309999943,-43
38.75,7166,-5921,7386,-6181,-1.409999967,-15.03999996,1.899999976,-0.119999997,0.079999998,-1.279999971,-43
38.76,7163,-5903,7374,-6142,-2,-16.30999947,0.74000001,-0.180000007,0.079999998,-1.24000001,-43
38.77,7159,-5872,7342,-6104,-2.670000076,-11.76000023,0.670000017,-0.090000004,0.109999999,-1.230000019,-43
38.78,7173,-5869,7268,-6061,-2.529999971,-14.81999969,-1.860000014,-0.109999999,0.090000004,-1.220000029,-43
38.79,7138,-5845,7264,-6045,-3.420000076,-11.89000034,-1.149999976,0.090000004,0.119999997,-1.220000029,-43
38.8,7119,-5849,7224,-6006,-3.150000095,-15.22000027,-0.389999986,0.07,0.109999999,-1.210000038,-42
38.81,7122,-5878,7234,-5980,-1.779999971,-10.51000023,-0.839999974,0.330000013,0.100000002,-1.220000029,-41
38.82,7087,-5891,7184,-5942,-3.109999895,-10.89000034,-0.810000002,0.200000003,0.059999999,-1.24000001,-39
38.83,7175,-5929,7230,-5934,-1.24000001,-8.960000038,-2.059999943,0.280000001,0.059999999,-1.269999981,-38
38.84,7117,-5898,7215,-5906,-3.690000057,-10.15999985,-1.519999981,0.059999999,0.01,-1.289999962,-38
38.85,7109,-5868,7172,-5876,-1.860000014,-12.31999969,-1.879999995,0.079999998,0.039999999,-1.309999943,-38
38.86,7128,-5866,7165,-5844,-3.069999933,-9.289999962,0.109999999,-0.050000001,-0.01,-1.330000043,-38
38.87,7091,-5806,7178,-5804,-1.570000052,-10.63000011,-1.600000024,-0.150000006,-0.01,-1.360000014,-38
38.88,7079,-5751,7139,-5800,-2.319999933,-12.10000038,-2.75999999,-0.07,-0.039999999,-1.379999995,-38
38.89,7086,-5733,7115,-5779,-0.839999974,-11.64999962,1.460000038,-0.150000006,-0.039999999,-1.389999986,-38
38.9,7040,-5698,7072,-5731,-2.069999933,-15.75,-0.409999996,-0.129999995,-0.029999999,-1.379999995,-38
38.91,6983,-5672,7063,-5708,-1.600000024,-13.56000042,0.529999971,-0.059999999,-0.02,-1.370000005,-38
38.92,6973,-5631,7032,-5672,-1.460000038,-14.09000015,1.480000019,-0.029999999,0,-1.360000014,-38
38.93,6892,-5611,7016,-5671,-1.690000057,-14.06999969,-0.389999986,0.059999999,0.02,-1.350000024,-38
38.94,6891,-5570,6977,-5641,-1.340000033,-12.36999989,0.400000006,0.109999999,0.02,-1.340000033,-38
38.95,6831,-5568,7006,-5612,-1.929999948,-12.82999992,0,0.079999998,0.039999999,-1.340000033,-38
38.96,6842,-5592,6911,-5595,-1.799999952,-12.90999985,-0.409999996,0.07,0.039999999,-1.340000033,-38
38.97,6792,-5575,6928,-5583,-2.170000076,-11.14000034,-0.280000001,0.039999999,0.029999999,-1.340000033,-38
38.98,6820,-5527,6928,-5537,-2.25999999,-11.34000015,-0.400000006,-0.039999999,0.029999999,-1.370000005,-38
38.99,6836,-5545,6951,-5541,-2.309999943,-14.38000011,-0.340000004,-0.050000001,0,-1.370000005,-38
39,6952,-5526,7022,-5552,-2.390000105,-11.44999981,0.649999976,-0.029999999,0.059999999,-1.379999995,-38
39.01,6922,-5538,7005,-5599,-0.389999986,-13.64000034,0.090000004,-0.050000001,-0.01,-1.389999986,-38
39.02,6966,-5555,7025,-5576,-1.899999976,-11.77000046,-1.720000029,0.029999999,-0.01,-1.389999986,-38
39.03,6980,-5519,7063,-5641,0.029999999,-12.81000042,-0.389999986,-0.029999999,0,-1.409999967,-38
39.04,7051,-5548,7119,-5721,0.150000006,-13.14999962,-0.970000029,0.07,-0.02,-1.409999967,-38
39.05,7172,-5595,7167,-5774,1.019999981,-12.55000019,0.569999993,0.100000002,0,-1.419999957,-38
39.06,7031,-5648,7223,-5848,1.49000001,-11.97999954,-2.720000029,0.109999999,-0.02,-1.429999948,-38
39.07,6940,-5592,7254,-5889,3.809999943,-9.220000267,-0.670000017,0.159999996,0,-1.419999957,-38
39.08,7083,-5551,7253,-5879,1.450000048,-10.85999966,-1.340000033,0.100000002,0,-1.429999948,-38
39.09,7146,-5520,7194,-5911,1.179999948,-13.07999992,-0.649999976,0.029999999,0.029999999,-1.450000048,-38
39.1,7072,-5628,7218,-5913,1.24000001,-11.61999989,0.970000029,0.07,-0.02,-1.519999981,-38
39.11,7149,-5647,7272,-5866,1.779999971,-12.81000042,1.649999976,-0.140000001,-0.07,-1.559999943,-37
39.12,7107,-5621,7216,-5887,1.960000038,-11.75,-0.079999998,-0.109999999,-0.02,-1.570000052,-36
39.13,7070,-5653,7154,-5888,2.559999943,-11.94999981,1.299999952,-0.230000004,-0.079999998,-1.580000043,-35
39.14,7112,-5654,7102,-5888,2.410000086,-13.89000034,-0.449999988,-0.150000006,-0.029999999,-1.580000043,-34
39.15,7072,-5691,7157,-5918,2.789999962,-14.68999958,1.299999952,-0.209999993,-0.02,-1.570000052,-33
39.16,7114,-5780,7241,-5938,3.869999886,-14.67000008,1.970000029,-0.01,-0.02,-1.570000052,-33
39.17,7085,-5791,7185,-5945,1.299999952,-15.80000019,-0.129999995,-0.07,0,-1.549999952,-32
39.18,7103,-5833,7222,-6026,4,-12.80000019,0.460000008,0.050000001,0.039999999,-1.529999971,-31
39.19,7115,-5880,7299,-6086,1.75,-13.47999954,-0.310000002,0.119999997,0.01,-1.519999981,-31
39.2,7098,-5871,7391,-6120,2.799999952,-11.22999954,-1.370000005,0.189999998,0.079999998,-1.50999999,-31
39.21,7117,-5869,7312,-6104,3.789999962,-10.10999966,-1.710000038,0.239999995,0.01,-1.529999971,-31
39.22,7134,-5798,7196,-6102,2.99000001,-9.289999962,-2.799999952,0.25,0.01,-1.559999943,-31
39.23,7130,-5780,7287,-6171,4.159999847,-14.34000015,0.029999999,0.059999999,0,-1.549999952,-31
39.24,7174,-5775,7258,-6287,1.460000038,-11.86999989,-0.5,0.200000003,0.039999999,-1.549999952,-30
39.25,7139,-5783,7244,-6060,4.409999847,-8.43999958,1.659999967,0.159999996,0.02,-1.559999943,-29
39.26,7143,-5739,7271,-5865,5.849999905,-14.27999973,-1.299999952,0.07,0.01,-1.549999952,-28
39.27,7098,-5783,7230,-5950,2.559999943,-16.45000076,-0.109999999,0.02,0.039999999,-1.529999971,-27
39.28,7031,-5829,7231,-6009,3.920000076,-15.78999996,4.110000134,-0.119999997,0.039999999,-1.480000019,-25
39.29,7062,-5834,7174,-6087,2.569999933,-10.06999969,1.940000057,-0.090000004,0.100000002,-1.470000029,-23
39.3,7042,-5868,7209,-6158,4.28000021,-13.77999973,0.920000017,-0.25,0.079999998,-1.460000038,-21
39.31,7026,-5916,7188,-6196,1.669999957,-12.98999977,-2.279999971,-0.090000004,0.140000001,-1.450000048,-18
39.32,6976,-5946,7160,-6278,3.880000114,-13.31999969,1.5,-0.129999995,0.090000004,-1.429999948,-15
39.33,7017,-5953,7216,-6372,2.559999943,-14.82999992,-2.950000048,0.029999999,0.140000001,-1.419999957,-12
39.34,6992,-5908,7231,-6448,4.320000172,-11.31000042,0.230000004,0.140000001,0.059999999,-1.409999967,-9
39.35,6975,-5848,7239,-6496,3.109999895,-13.14999962,-2.559999943,0.200000003,0.059999999,-1.399999976,-6
39.36,7004,-5833,7162,-6500,3.609999895,-11.94999981,-2.569999933,0.230000004,0.02,-1.379999995,-4
39.37,6971,-5857,7172,-6428,3.400000095,-12.28999996,0.930000007,0.209999993,0,-1.350000024,-2
39.38,6959,-5896,7197,-6390,4.460000038,-13.06999969,-1.059999943,0.219999999,0.02,-1.320000052,0
39.39,6960,-5942,7161,-6379,4.119999886,-11.46000004,0.200000003,0.200000003,-0.029999999,-1.279999971,0
39.4,6939,-6032,7065,-6379,3.950000048,-12.28999996,-0.209999993,-0.039999999,-0.050000001,-1.220000029,0
39.41,6909,-6058,7023,-6419,3.029999971,-12.60999966,-0.579999983,-0.029999999,-0.02,-1.159999967,0
39.42,6906,-6137,7021,-6474,4.159999847,-12.81999969,1.190000057,-0.07,-0.01,-1.070000052,0
39.43,6874,-6241,6999,-6494,4.03000021,-13.71000004,0.270000011,-0.01,-0.01,-0.99000001,0
39.44,6801,-6284,6914,-6515,1.860000014,-13.14000034,-0.180000007,-0.109999999,-0.01,-0.910000026,0
39.45,6805,-6406,6864,-6580,4.510000229,-14.31000042,0.699999988,-0.02,0.01,-0.829999983,0
39.46,6770,-6421,6856,-6642,1.960000038,-14.73999977,0.920000017,0.02,0.02,-0.759999991,0
39.47,6777,-6446,6854,-6649,3.039999962,-13.89999962,0.090000004,0.059999999,0.07,-0.689999998,0
39.48,6773,-6457,6778,-6635,3.630000114,-13.25,-0.579999983,0.07,0.039999999,-0.649999976,-1
39.49,6759,-6410,6766,-6665,2.599999905,-14.43000031,0.560000002,0.059999999,0.059999999,-0.610000014,-2
39.5,6764,-6348,6794,-6649,2.269999981,-13.47999954,0.25,0.02,0.079999998,-0.569999993,-2
39.51,6753,-6342,6797,-6585,1.480000019,-14.17000008,0.689999998,-0.029999999,0.07,-0.540000022,-2
39.52,6762,-6371,6756,-6553,1.779999971,-12.73999977,-0.310000002,0,0.079999998,-0.519999981,-3
39.53,6759,-6390,6752,-6578,1.360000014,-13.72999954,-0.689999998,-0.059999999,0.059999999,-0.5,-3
39.54,6753,-6429,6752,-6569,2.299999952,-12.13000011,0.219999999,-0.050000001,0.050000001,-0.469999999,-4
39.55,6797,-6375,6747,-6521,1.269999981,-12.22000027,-0.75,0,0.039999999,-0.449999988,-5
39.56,6730,-6273,6737,-6487,1.559999943,-12.40999985,-1.950000048,-0.029999999,0.050000001,-0.439999998,-6
39.57,6772,-6314,6741,-6478,2.789999962,-11.96000004,-1.080000043,0.07,0,-0.430000007,-7
39.58,6789,-6379,6742,-6487,-0.090000004,-12.80000019,0.039999999,-0.029999999,0.02,-0.439999998,-7
39.59,6752,-6386,6774,-6519,0.980000019,-11.09000015,-0.07,0,0,-0.449999988,-7
39.6,6839,-6362,6761,-6503,0.709999979,-9.050000191,-0.589999974,-0.050000001,-0.02,-0.460000008,-8
39.61,6839,-6364,6759,-6504,0.99000001,-9.539999962,-0.280000001,-0.029999999,-0.039999999,-0.469999999,-10
39.62,6831,-6339,6784,-6469,0.800000012,-9.699999809,-0.670000017,-0.01,-0.02,-0.479999989,-11
39.63,6863,-6286,6814,-6423,1.039999962,-8.239999771,0.479999989,0.109999999,-0.029999999,-0.5,-12
39.64,6865,-6304,6814,-6374,0.889999986,-9.170000076,0.400000006,0.029999999,-0.029999999,-0.529999971,-12
39.65,6899,-6338,6843,-6359,0.74000001,-8.489999771,0.519999981,0.079999998,0,-0.550000012,-14
39.66,6865,-6331,6853,-6393,1.580000043,-7.889999866,-0.25,0.029999999,-0.02,-0.569999993,-15
39.67,6926,-6282,6850,-6359,-0.100000002,-7.659999847,0.720000029,0,0,-0.589999974,-16
39.68,6958,-6277,6894,-6324,0.579999983,-6.420000076,-0.730000019,0.01,0.029999999,-0.620000005,-17
39.69,6931,-6241,6907,-6294,0.610000014,-6.5,0.02,0.079999998,0.01,-0.660000026,-18
39.7,6984,-6236,6905,-6283,0.910000026,-7.340000153,-0.5,0.109999999,0,-0.720000029,-18
39.71,7012,-6266,6926,-6290,-0.939999998,-7.050000191,0.039999999,0.059999999,-0.02,-0.769999981,-18
39.72,7056,-6227,6974,-6212,0.239999995,-7.099999905,-1,0.050000001,0,-0.810000002,-18
39.73,7103,-6216,6982,-6191,0.959999979,-5.630000114,0,0.07,-0.029999999,-0.870000005,-19
39.74,7073,-6227,6967,-6258,0.550000012,-9.050000191,-0.699999988,-0.039999999,-0.02,-0.899999976,-19
39.75,7097,-6221,6983,-6283,-0.159999996,-8.729999542,2.00999999,-0.07,-0.02,-0.920000017,-19
39.76,7140,-6234,7036,-6257,1.620000005,-9.119999886,1.149999976,-0.090000004,-0.02,-0.939999998,-19
39.77,7118,-6221,7063,-6199,-0.02,-7.269999981,1.179999948,-0.119999997,-0.02,-0.959999979,-19
39.78,7143,-6225,7079,-6192,2.25,-8.100000381,-1.340000033,-0.079999998,-0.02,-0.980000019,-19
39.79,7143,-6215,7032,-6199,-0.930000007,-8.239999771,-1.220000029,-0.07,-0.039999999,-0.980000019,-20
39.8,7118,-6227,7045,-6205,0.529999971,-9.029999733,-0.49000001,-0.050000001,0,-0.980000019,-20
39.81,7134,-6203,7065,-6229,2.589999914,-9.090000153,1.5,0.02,-0.059999999,-0.99000001,-20
39.82,7126,-6203,7062,-6207,0.529999971,-9.81000042,-0.039999999,0.039999999,-0.029999999,-0.99000001,-20
39.83,7133,-6246,7086,-6183,0.029999999,-9.229999542,-0.01,0,-0.029999999,-0.99000001,-20
39.84,7139,-6220,7025,-6202,0.509999991,-11.22000027,2.549999952,0.02,0.01,-0.99000001,-20
39.85,7136,-6222,7055,-6226,1.919999957,-9.31000042,2.819999933,0.119999997,0,-0.99000001,-20
39.86,7118,-6235,7073,-6234,1.190000057,-10.18000031,2.069999933,0,0.01,-0.99000001,-20
39.87,7146,-6206,7072,-6261,0.219999999,-9.670000076,-0.709999979,0,0.059999999,-0.99000001,-20
39.88,7163,-6223,7076,-6291,1.690000057,-7.989999771,1.110000014,0.050000001,0.07,-1,-20
39.89,7153,-6234,7102,-6279,-0.119999997,-10.52000046,-0.159999996,0.029999999,0.079999998,-1,-20
39.9,7184,-6221,7111,-6253,1.350000024,-6.96999979,-0.209999993,0.07,0.090000004,-1.019999981,-20
39.91,7162,-6211,7109,-6262,1.039999962,-8.979999542,-1.950000048,0.050000001,0.029999999,-1.019999981,-20
39.92,7130,-6241,7091,-6255,-0.349999994,-9.68999958,-2.140000105,0,0.050000001,-1.019999981,-19
39.93,7160,-6264,7091,-6280,2.359999895,-8.510000229,-0.419999987,0.100000002,0.02,-1,-18
39.94,7143,-6262,7101,-6311,0.949999988,-9.289999962,-1.190000057,0.07,0.02,-0.980000019,-18
39.95,7158,-6253,7092,-6294,1.039999962,-8.470000267,-2.150000095,0.039999999,0,-0.939999998,-18
39.96,7153,-6297,7069,-6302,1.070000052,-10.52999973,0.039999999,0.059999999,0,-0.910000026,-18
39.97,7126,-6332,7064,-6328,1.950000048,-10.40999985,1.100000024,0.050000001,0.01,-0.879999995,-18
39.98,7145,-6349,7063,-6362,1.029999971,-9.590000153,0.930000007,0.01,0.02,-0.850000024,-18
39.99,7121,-6364,7060,-6375,1.600000024,-10.13000011,-0.779999971,-0.029999999,0.039999999,-0.819999993,-18
40,7101,-6363,7061,-6402,2.400000095,-8.430000305,-1.370000005,0,0.029999999,-0.810000002,-18
40.01,7114,-6322,7056,-6415,0.769999981,-10.81000042,-1.019999981,-0.039999999,0.039999999,-0.790000022,-18
40.02,7149,-6302,7058,-6418,1.080000043,-8.31000042,-0.870000005,0.07,0.079999998,-0.779999971,-18
40.03,7140,-6307,7069,-6403,1.080000043,-8.31000042,-0.870000005,0.07,0.079999998,-0.779999971,-18
40.04,7083,-6424,7094,-6366,-0.059999999,-9.869999886,1.340000033,-0.02,0.079999998,-0.819999993,-18
40.05,7111,-6375,7064,-6404,2.069999933,-9.319999695,2.849999905,-0.100000002,0.02,-0.819999993,-18
40.06,7144,-6331,7076,-6394,0.439999998,-7.059999943,0.469999999,-0.129999995,0.050000001,-0.839999974,-18
40.07,7258,-6345,7090,-6392,-1.120000005,-7.300000191,-1.75999999,-0.140000001,0.050000001,-0.860000014,-18
40.08,7220,-6327,7138,-6389,0.660000026,-7.070000172,-0.460000008,0,0.039999999,-0.879999995,-18
40.09,7201,-6304,7160,-6365,-0.029999999,-8.319999695,0.930000007,0.140000001,0.039999999,-0.920000017,-18
40.1,7240,-6342,7155,-6367,0.400000006,-8.739999771,0.330000013,0.170000002,-0.01,-0.949999988,-18
40.11,7262,-6339,7199,-6367,0.400000006,-8.739999771,0.330000013,0.170000002,-0.01,-0.949999988,-18
40.12,7278,-6350,7212,-6368,1.480000019,-9.170000076,-1.179999948,0.059999999,-0.07,-1.00999999,-18
40.13,7284,-6325,7214,-6379,1.480000019,-9.170000076,-1.179999948,0.059999999,-0.07,-1.00999999,-18
40.14,7318,-6376,7222,-6412,0.579999983,-9.539999962,0.209999993,0,-0.050000001,-1.029999971,-18
40.15,7310,-6345,7241,-6427,1.190000057,-7.389999866,-1.279999971,-0.029999999,-0.119999997,-1.070000052,-19
40.16,7305,-6345,7282,-6431,1.190000057,-7.389999866,-1.279999971,-0.029999999,-0.119999997,-1.070000052,-19
40.17,7286,-6307,7294,-6398,1.299999952,-9.640000343,-1.49000001,0.059999999,-0.119999997,-1.080000043,-20
40.18,7321,-6334,7264,-6259,0.689999998,-8.170000076,1.029999971,0.109999999,-0.100000002,-1.090000033,-21
40.19,7320,-6348,7179,-6284,3.660000086,-14.43000031,2.619999886,-0.109999999,-0.119999997,-1.059999943,-22
40.2,7306,-6355,7175,-6364,-0.949999988,-10.48999977,-0.02,-0.039999999,-0.07,-1.059999943,-23
40.21,7300,-6373,7288,-6349,0.670000017,-9.210000038,3.150000095,-0.349999994,-0.039999999,-1.029999971,-25
40.22,7266,-6395,7228,-6357,1.139999986,-13.35999966,3,-0.059999999,0.039999999,-1.019999981,-27
40.23,7270,-6375,7188,-6360,0.699999988,-10.25,2.420000076,-0.050000001,0.090000004,-1.00999999,-28
40.24,7262,-6384,7246,-6385,1.929999948,-10.05000019,0.980000019,-0.050000001,0.119999997,-1,-29
40.25,7270,-6375,7242,-6383,1.929999948,-10.05000019,0.980000019,-0.050000001,0.119999997,-1,-29
40.26,7239,-6313,7208,-6356,1.289999962,-10.55000019,-1.200000048,0.050000001,0.200000003,-1,-31
40.27,7225,-6267,7235,-6386,0,-11.86999989,-0.059999999,0.059999999,0.219999999,-1.00999999,-32
40.28,7226,-6238,7180,-6338,-0.649999976,-9.460000038,-1.450000048,0.119999997,0.219999999,-1.039999962,-32
40.29,7249,-6183,7189,-6344,0.660000026,-8.869999886,-0.529999971,0,0.209999993,-1.059999943,-32
40.3,7300,-6173,7194,-6295,-1.590000033,-10.57999992,-1.970000029,-0.039999999,0.200000003,-1.090000033,-32
40.31,7296,-6205,7213,-6265,-0.540000022,-9.539999962,-0.680000007,-0.150000006,0.180000007,-1.139999986,-32
40.32,7345,-6184,7260,-6281,-1.080000043,-11.47999954,0.029999999,-0.189999998,0.140000001,-1.169999957,-32
40.33,7336,-6170,7264,-6276,-1.080000043,-11.47999954,0.029999999,-0.189999998,0.140000001,-1.169999957,-32
40.34,7342,-6156,7308,-6269,-0.529999971,-8.170000076,-1.370000005,-0.100000002,0.140000001,-1.220000029,-32
40.35,7395,-6122,7325,-6276,-1.519999981,-10.09000015,-5.070000172,-0.119999997,0.07,-1.309999943,-32
40.36,7426,-6130,7363,-6300,-0.889999986,-10.25,-1.409999967,-0.029999999,0.050000001,-1.350000024,-32
40.37,7430,-6097,7353,-6299,-0.889999986,-10.25,-1.409999967,-0.029999999,0.050000001,-1.350000024,-32
40.38,7403,-6069,7364,-6363,-0.839999974,-10.14999962,-2.779999971,0.059999999,0,-1.429999948,-32
40.39,7434,-6087,7415,-6336,-0.839999974,-10.14999962,-2.779999971,0.059999999,0,-1.429999948,-32
40.4,7411,-6045,7389,-6323,-1.389999986,-9.979999542,-2.279999971,0,-0.050000001,-1.480000019,-32
40.41,7423,-6066,7394,-6285,1.49000001,-11.06000042,-0.829999983,0.039999999,-0.090000004,-1.50999999,-32
40.42,7511,-6049,7390,-6225,1.75999999,-14.65999985,-0.610000014,-0.029999999,-0.109999999,-1.559999943,-32
40.43,7462,-6011,7383,-6107,-0.540000022,-14.17000008,0.529999971,0.01,-0.129999995,-1.559999943,-32
40.44,7447,-6006,7386,-6077,1.99000001,-13.13000011,0.189999998,0.090000004,-0.090000004,-1.539999962,-32
40.45,7393,-5992,7402,-6083,0.419999987,-14.56000042,1.950000048,0,-0.100000002,-1.50999999,-32
40.46,7369,-5989,7379,-6056,0.569999993,-12.85999966,2.559999943,0.039999999,-0.050000001,-1.50999999,-32
40.47,7379,-5987,7358,-6053,0.569999993,-12.85999966,2.559999943,0.039999999,-0.050000001,-1.50999999,-32
40.48,7346,-6013,7324,-6041,0.769999981,-13.97000027,2.25999999,0.01,-0.02,-1.460000038,-32
40.49,7298,-5960,7294,-6030,0.07,-15.18000031,1.590000033,-0.140000001,0,-1.429999948,-32
40.5,7285,-5974,7309,-6051,0.07,-15.18000031,1.590000033,-0.140000001,0,-1.429999948,-32
40.51,7263,-5966,7272,-6057,0.769999981,-13.48999977,1.419999957,-0.029999999,0.059999999,-1.399999976,-32
40.52,7237,-5950,7261,-6053,-0.159999996,-13.39999962,-0.01,0.079999998,0.079999998,-1.399999976,-32
40.53,7249,-5933,7192,-6062,0.839999974,-12.98999977,-1.179999948,0.07,0.059999999,-1.389999986,-32
40.54,7257,-5924,7177,-6064,-0.330000013,-10.93999958,-1.940000057,0.090000004,0.079999998,-1.389999986,-32
40.55,7231,-5922,7231,-6026,0,-11.43999958,-1.139999986,0.100000002,0.090000004,-1.399999976,-32
40.56,7216,-5901,7244,-6036,0.860000014,-14.56000042,0.129999995,0.07,0.090000004,-1.379999995,-32
40.57,7200,-5890,7220,-6017,-0.850000024,-10.97000027,1.019999981,0.090000004,0.100000002,-1.379999995,-32
40.58,7194,-5889,7214,-5976,1.350000024,-12.48999977,-0.810000002,-0.029999999,0.079999998,-1.379999995,-32
40.59,7245,-5906,7221,-6022,-1.100000024,-10.35000038,-1.389999986,0,0.109999999,-1.379999995,-32
40.6,7207,-5891,7196,-6064,0.059999999,-8.569999695,-2.079999924,-0.050000001,0.100000002,-1.409999967,-31
40.61,7188,-5855,7195,-6015,0.850000024,-10.48999977,-3.529999971,0,0.050000001,-1.429999948,-30
40.62,7189,-5876,7190,-5972,-0.319999993,-12.51000023,-2.99000001,0,0.059999999,-1.429999948,-29
40.63,7174,-5882,7190,-5993,0.74000001,-13.39999962,1.100000024,0,0.029999999,-1.440000057,-28
40.64,7224,-5856,7189,-5998,1.129999995,-10.21000004,1.120000005,-0.02,0.039999999,-1.429999948,-28
40.65,7194,-5880,7153,-6011,-0.07,-13.43999958,-1.100000024,-0.07,0.059999999,-1.429999948,-27
40.66,7193,-5849,7158,-6019,0.74000001,-12.82999992,-1.730000019,0,0.07,-1.429999948,-27
40.67,7143,-5848,7169,-6023,1.799999952,-11.64999962,0.07,0.059999999,0.039999999,-1.409999967,-27
40.68,7172,-5871,7183,-6032,-0.540000022,-14.59000015,0.409999996,0,0.090000004,-1.399999976,-26
40.69,7157,-5853,7155,-6009,2.279999971,-10.38000011,1.210000038,0.059999999,0.07,-1.399999976,-26
40.7,7136,-5848,7164,-5988,1.309999943,-15.42000008,-1.460000038,-0.029999999,0.050000001,-1.389999986,-26
40.71,7143,-5853,7142,-6011,0.839999974,-12.73999977,-0.330000013,0.02,0.059999999,-1.379999995,-26
40.72,7123,-5827,7145,-5995,0.07,-12.64000034,1.25999999,-0.119999997,0.059999999,-1.379999995,-25
40.73,7113,-5877,7163,-5985,1.460000038,-13.13000011,-1.809999943,-0.01,0.079999998,-1.360000014,-24
40.74,7105,-5865,7137,-6004,0.970000029,-12.85000038,0.899999976,0,0.039999999,-1.360000014,-23
40.75,7106,-5863,7113,-5996,1.049999952,-11.64999962,-2.529999971,0.029999999,0.100000002,-1.370000005,-22
40.76,7129,-5861,7085,-5993,1.429999948,-11.96000004,-0.939999998,0.02,0.02,-1.350000024,-21
40.77,7099,-5860,7099,-5999,0.829999983,-11.60000038,-0.810000002,0.059999999,0.059999999,-1.350000024,-19
40.78,7113,-5889,7104,-6015,1.129999995,-12.56000042,-1.830000043,0.059999999,0.050000001,-1.340000033,-18
40.79,7095,-5859,7103,-6051,1.700000048,-10.96000004,0.219999999,0.07,0.029999999,-1.330000043,-17
40.8,7095,-5870,7106,-6056,0.439999998,-11.18999958,-1.769999981,0.129999995,0.01,-1.320000052,-15
40.81,7079,-5914,7082,-6061,1.230000019,-11.23999977,-0.469999999,0.059999999,0.01,-1.309999943,-13
40.82,7062,-5926,7102,-6075,2.150000095,-12.93000031,0.079999998,0.109999999,-0.01,-1.279999971,-12
40.83,7047,-5936,7080,-6077,1.039999962,-11,-0.400000006,0.059999999,-0.02,-1.25999999,-11
40.84,7021,-5951,7037,-6090,2.829999924,-13.56999969,0.25,0,-0.050000001,-1.210000038,-9
40.85,7016,-5980,7030,-6107,1.320000052,-12.01000023,-0.910000026,0.039999999,-0.07,-1.169999957,-9
40.86,6966,-5987,7023,-6113,1.909999967,-13.75,0.730000019,-0.01,-0.07,-1.100000024,-9
40.87,6968,-6054,6992,-6166,2.289999962,-11.67000008,0.280000001,0.039999999,-0.039999999,-1.039999962,-9
40.88,6954,-6095,6926,-6202,2.190000057,-14.13000011,1.470000029,-0.029999999,-0.059999999,-0.980000019,-9
40.89,6908,-6105,6916,-6243,2.779999971,-13.03999996,-0.230000004,0.01,-0.02,-0.920000017,-9
40.9,6872,-6164,6904,-6253,2.019999981,-13.81999969,0.509999991,-0.02,-0.01,-0.850000024,-9
40.91,6893,-6160,6898,-6313,2.140000105,-13.71000004,1.120000005,-0.07,0.02,-0.790000022,-9
40.92,6872,-6209,6837,-6378,0.689999998,-12.39999962,-0.810000002,0,0.059999999,-0.75,-10
40.93,6827,-6187,6871,-6398,2.450000048,-12.39999962,-0.100000002,-0.039999999,0.050000001,-0.720000029,-11
40.94,6856,-6214,6867,-6426,0.230000004,-13.07999992,-0.460000008,0.119999997,0.039999999,-0.699999988,-12
40.95,6827,-6210,6816,-6468,1.830000043,-12.57999992,-0.109999999,0.02,0.039999999,-0.680000007,-12
40.96,6813,-6238,6829,-6425,0.759999991,-11.34000015,-1.00999999,0.059999999,0.029999999,-0.680000007,-13
40.97,6838,-6226,6825,-6337,-0.02,-12.39999962,-1.799999952,-0.01,0.01,-0.670000017,-14
40.98,6801,-6198,6803,-6292,1.580000043,-12.06000042,-0.209999993,0.07,0.02,-0.649999976,-15
40.99,6836,-6174,6810,-6264,0.839999974,-12.38000011,0.270000011,0.100000002,0.029999999,-0.639999986,-16
41,6838,-6145,6790,-6278,0.07,-11.53999996,1.549999952,0.029999999,0.029999999,-0.639999986,-17
41.01,6862,-6212,6821,-6256,0.289999992,-11.60999966,1.799999952,-0.02,0.039999999,-0.670000017,-18
41.02,6894,-6206,6812,-6233,0.699999988,-11.35999966,0.720000029,-0.029999999,0.02,-0.680000007,-19
41.03,6866,-6173,6812,-6217,0.689999998,-10.18999958,0.280000001,-0.059999999,0.02,-0.699999988,-20
41.04,6919,-6198,6850,-6242,-0.090000004,-9.43999958,-0.949999988,-0.109999999,0,-0.720000029,-20
41.05,6925,-6210,6870,-6277,-0.519999981,-7.760000229,-2.190000057,-0.079999998,0,-0.75,-20
41.06,6958,-6189,6922,-6259,0.99000001,-8.199999809,-1.49000001,0,-0.02,-0.779999971,-20
41.07,6971,-6196,6901,-6228,-0.289999992,-8.880000114,-1.409999967,0.059999999,-0.050000001,-0.819999993,-20
41.08,6933,-6172,6912,-6234,0.709999979,-8.43999958,-0.639999986,0.140000001,-0.02,-0.839999974,-20
41.09,6960,-6152,6935,-6176,0.270000011,-8.420000076,-0.460000008,0.200000003,-0.029999999,-0.860000014,-20
41.1,6964,-6143,6911,-6141,1.049999952,-10.60000038,0.839999974,0.200000003,-0.02,-0.879999995,-20
41.11,6974,-6140,6903,-6165,1.639999986,-10.19999981,1.049999952,0.140000001,-0.01,-0.889999986,-20
41.12,7019,-6135,6894,-6157,-0.07,-10.35000038,1.809999943,0.029999999,-0.02,-0.899999976,-20
41.13,6993,-6141,6928,-6174,1.190000057,-7.960000038,1.25,-0.039999999,0,-0.910000026,-20
41.14,7003,-6150,6953,-6213,-0.159999996,-7.739999771,0.150000006,-0.029999999,0.02,-0.930000007,-20
41.15,7032,-6149,6952,-6134,1.100000024,-5.400000095,-1.220000029,0.02,0.039999999,-0.959999979,-20
41.16,7039,-6116,6971,-6080,0.699999988,-8.989999771,-1.289999962,0.02,0.029999999,-0.980000019,-20
41.17,7027,-6111,6961,-6152,0.680000007,-10.21000004,-1.039999962,0.029999999,0.059999999,-0.980000019,-20
41.18,7038,-6119,6986,-6155,1.070000052,-10.77999973,2.380000114,-0.029999999,0.059999999,-0.970000029,-20
41.19,7039,-6154,6986,-6199,0.759999991,-7.96999979,0.939999998,0,0.100000002,-0.99000001,-20
41.2,7046,-6137,7005,-6198,0.889999986,-8.729999542,-0.349999994,-0.109999999,0.079999998,-1,-20
41.21,7072,-6139,7021,-6216,0.170000002,-7.78000021,-1.230000019,-0.050000001,0.100000002,-1.019999981,-20
41.22,7059,-6130,7019,-6240,1.659999967,-9.680000305,-1.059999943,0.029999999,0.079999998,-1.019999981,-20
41.23,7087,-6139,7024,-6213,0.25,-7.800000191,-0.49000001,0.039999999,0.07,-1.049999952,-20
41.24,7138,-6137,7037,-6189,0.839999974,-9.869999886,-1.169999957,0,0.039999999,-1.059999943,-20
41.25,7159,-6106,7053,-6188,0.899999976,-8.409999847,0.340000004,0.029999999,0.029999999,-1.090000033,-20
41.26,7150,-6124,7075,-6187,1.200000048,-11.34000015,0.159999996,0.01,0.039999999,-1.090000033,-20
41.27,7168,-6137,7097,-6179,1.559999943,-9.520000458,0.870000005,0.02,0,-1.110000014,-21
41.28,7174,-6140,7094,-6202,0.600000024,-9.140000343,-0.889999986,-0.029999999,-0.01,-1.120000005,-21
41.29,7172,-6163,7123,-6203,0.759999991,-9.600000381,-2.24000001,-0.090000004,-0.01,-1.120000005,-21
41.3,7228,-6172,7132,-6178,1.350000024,-10.14999962,0.239999995,-0.039999999,-0.02,-1.129999995,-22
41.31,7179,-6173,7120,-6219,1.679999948,-9.93999958,-0.02,-0.01,-0.039999999,-1.120000005,-22
41.32,7168,-6182,7123,-6253,0.970000029,-10.46000004,-0.779999971,-0.050000001,-0.029999999,-1.120000005,-23
41.33,7174,-6205,7155,-6240,-0.059999999,-10.27000046,-0.589999974,-0.059999999,-0.039999999,-1.120000005,-23
41.34,7179,-6195,7166,-6255,1.399999976,-10.69999981,0.419999987,0.029999999,-0.029999999,-1.120000005,-24
41.35,7201,-6183,7140,-6275,1.600000024,-11.21000004,0.800000012,0.029999999,-0.02,-1.120000005,-24
41.36,7199,-6204,7106,-6222,1.539999962,-10.65999985,0.079999998,0.07,-0.029999999,-1.120000005,-25
41.37,7204,-6184,7132,-6222,0.829999983,-11.67000008,0.790000022,-0.059999999,0,-1.120000005,-26
41.38,7195,-6176,7162,-6199,1.129999995,-11.64000034,0.360000014,0.039999999,0.01,-1.110000014,-26
41.39,7205,-6160,7179,-6175,1.139999986,-11.31000042,2.25,-0.039999999,0.029999999,-1.110000014,-27
41.4,7218,-6149,7123,-6213,1.669999957,-11.67000008,0.439999998,-0.01,0.050000001,-1.110000014,-27
41.41,7182,-6171,7153,-6229,0.519999981,-10.15999985,-0.920000017,-0.02,0.050000001,-1.120000005,-27
41.42,7213,-6152,7166,-6210,0.01,-11.09000015,-0.970000029,-0.02,0.079999998,-1.120000005,-27
41.43,7202,-6153,7180,-6195,1.360000014,-10.96000004,0.090000004,0.02,0.059999999,-1.120000005,-27
41.44,7202,-6133,7165,-6210,1.24000001,-11.01000023,-0.029999999,0.079999998,0.079999998,-1.129999995,-27
41.45,7202,-6151,7133,-6213,0.419999987,-10.85999966,-1.409999967,0.07,0.050000001,-1.139999986,-27
41.46,7203,-6124,7158,-6228,0.870000005,-9.680000305,-1.039999962,0.059999999,0.029999999,-1.159999967,-27
41.47,7268,-6149,7188,-6228,-0.379999995,-10.07999992,-0.699999988,0.02,0.029999999,-1.179999948,-27
41.48,7240,-6133,7170,-6229,1.320000052,-10.44999981,-0.910000026,0.02,0.029999999,-1.190000057,-27
41.49,7255,-6136,7161,-6218,0.759999991,-10.81000042,-0.379999995,0.029999999,0,-1.200000048,-27
41.5,7265,-6144,7181,-6208,0.589999974,-10.02999973,-0.5,0,0.029999999,-1.210000038,-27
41.51,7261,-6145,7207,-6184,1.24000001,-11.60000038,-0.509999991,0,0,-1.210000038,-27
41.52,7269,-6137,7204,-6181,0.389999986,-11.67000008,-0.189999998,-0.07,0.02,-1.210000038,-27
41.53,7271,-6152,7222,-6207,2.420000076,-12.46000004,1.559999943,-0.050000001,0.01,-1.200000048,-27
41.54,7264,-6155,7216,-6210,-0.680000007,-11.78999996,-0.050000001,-0.059999999,0.02,-1.200000048,-27
41.55,7228,-6230,7204,-6199,1.340000033,-11.25,0.409999996,-0.079999998,0.050000001,-1.190000057,-27
41.56,7232,-6121,7230,-6209,1.039999962,-12.10999966,-0.289999992,0.039999999,0.02,-1.179999948,-27
41.57,7270,-6115,7221,-6208,0.670000017,-11.18999958,0.5,0.170000002,0.079999998,-1.159999967,-27
41.58,7266,-6054,7218,-6213,2.559999943,-12.21000004,0.460000008,0.090000004,0.050000001,-1.169999957,-27
41.59,7178,-6197,7205,-6232,-0.689999998,-10.13000011,-0.310000002,0.100000002,0.07,-1.190000057,-27
41.6,7323,-6159,7213,-6249,2.039999962,-10.56999969,1.080000043,-0.109999999,0.079999998,-1.190000057,-27
41.61,7329,-6144,7244,-6300,-0.819999993,-11.18000031,-0.670000017,-0.01,0.029999999,-1.220000029,-27
41.62,7287,-6165,7275,-6329,1.450000048,-11.25,-0.579999983,-0.050000001,0.039999999,-1.230000019,-27
41.63,7320,-6143,7261,-6335,1.620000005,-9.159999847,-2.289999962,0.059999999,0.02,-1.25999999,-27
41.64,7345,-6169,7321,-6302,0.460000008,-10.36999989,-1.600000024,0.01,-0.01,-1.279999971,-27
41.65,7341,-6129,7333,-6294,-0.340000004,-12.02999973,-0.889999986,0,0,-1.289999962,-27
41.66,7302,-6113,7334,-6275,2.630000114,-10.53999996,1,0.050000001,-0.01,-1.299999952,-27
41.67,7368,-6130,7307,-6255,0.860000014,-12.14000034,0.050000001,0.02,-0.029999999,-1.320000052,-27
41.68,7343,-6137,7303,-6264,1,-10.80000019,-0.150000006,-0.01,-0.059999999,-1.330000043,-28
41.69,7336,-6146,7332,-6245,0.769999981,-11.63000011,0.660000026,-0.050000001,-0.050000001,-1.340000033,-28
41.7,7369,-6152,7350,-6229,0.939999998,-12.60999966,0.579999983,-0.059999999,-0.039999999,-1.340000033,-28
41.71,7373,-6172,7349,-6296,1.889999986,-12.10000038,1.919999957,0,-0.029999999,-1.330000043,-28
41.72,7355,-6144,7353,-6389,1.360000014,-11.27000046,-0.790000022,0.029999999,-0.029999999,-1.340000033,-28
41.73,7364,-6169,7304,-6306,0.660000026,-7.590000153,-4.199999809,0.109999999,-0.02,-1.370000005,-28
41.74,7407,-6165,7361,-6209,2.960000038,-10.22000027,-2.200000048,0.039999999,-0.050000001,-1.379999995,-29
41.75,7344,-6159,7341,-6234,-0.449999988,-18.51000023,-1.179999948,0.039999999,-0.01,-1.340000033,-29
41.76,7360,-6170,7391,-6224,3.24000001,-11.53999996,5.150000095,0.159999996,-0.01,-1.309999943,-29
41.77,7329,-6163,7291,-6240,1.399999976,-14.82999992,2.670000076,-0.050000001,0.029999999,-1.269999981,-29
41.78,7283,-6162,7280,-6249,1.25999999,-10,-0.319999993,0.059999999,0.050000001,-1.269999981,-29
41.79,7262,-6151,7295,-6196,0.870000005,-12.73999977,2.039999962,-0.119999997,0.059999999,-1.25999999,-29
41.8,7258,-6138,7300,-6233,1.210000038,-14.10000038,-1.149999976,-0.01,0.100000002,-1.230000019,-29
41.81,7281,-6136,7286,-6259,1.070000052,-11.05000019,2.359999895,0.02,0.129999995,-1.220000029,-29
41.82,7264,-6123,7238,-6251,2.390000105,-11.80000019,-1.110000014,-0.039999999,0.129999995,-1.220000029,-29
41.83,7285,-6124,7256,-6232,-0.259999991,-11.93999958,-0.259999991,-0.029999999,0.109999999,-1.230000019,-29
41.84,7286,-6098,7283,-6248,1.139999986,-12.69999981,-0.779999971,-0.07,0.150000006,-1.24000001,-29
41.85,7299,-6102,7318,-6284,0.100000002,-11.92000008,-0.790000022,0,0.109999999,-1.24000001,-29
41.86,7311,-6099,7303,-6328,0.430000007,-10.96000004,-0.829999983,0,0.129999995,-1.25999999,-29
41.87,7339,-6101,7337,-6353,0.970000029,-10.31999969,-1.330000043,0.02,0.090000004,-1.289999962,-29
41.88,7342,-6118,7383,-6388,-0.379999995,-12.31000042,-1.700000048,-0.02,0.059999999,-1.309999943,-29
41.89,7316,-6121,7382,-6392,1.480000019,-10.85999966,-1.24000001,0.039999999,0.039999999,-1.340000033,-29
41.9,7362,-6114,7412,-6404,1.360000014,-12.78999996,-1.220000029,0.02,0,-1.360000014,-29
41.91,7425,-6131,7418,-6400,0.889999986,-11.68999958,-1.139999986,0.090000004,-0.01,-1.389999986,-29
41.92,7393,-6136,7434,-6389,1.980000019,-11.28999996,-0.779999971,0.029999999,-0.050000001,-1.409999967,-29
41.93,7456,-6139,7448,-6396,0.879999995,-11.02000046,-1,0.02,-0.059999999,-1.429999948,-29
41.94,7463,-6144,7444,-6411,0.959999979,-11.88000011,0.310000002,-0.029999999,-0.050000001,-1.450000048,-29
41.95,7465,-6174,7472,-6398,3.059999943,-11.67000008,0.310000002,0.07,-0.090000004,-1.450000048,-29
41.96,7458,-6198,7486,-6363,1.74000001,-12.18999958,-0.209999993,0.059999999,-0.079999998,-1.450000048,-29
41.97,7480,-6203,7461,-6343,2.930000067,-12.23999977,-0.709999979,0.02,-0.090000004,-1.450000048,-29
41.98,7482,-6226,7478,-6342,1.299999952,-13.14000034,-0.550000012,-0.01,-0.079999998,-1.419999957,-29
41.99,7435,-6234,7516,-6374,1.889999986,-13.32999992,1.549999952,0,-0.029999999,-1.399999976,-29
42,7410,-6272,7500,-6363,3.420000076,-13.36999989,1.320000052,0.090000004,-0.02,-1.389999986,-29
42.01,7429,-6279,7462,-6347,3.299999952,-13.19999981,1.519999981,0.059999999,-0.01,-1.370000005,-29
42.02,7417,-6290,7420,-6357,2.609999895,-13.23999977,-0.430000007,0.050000001,0,-1.350000024,-29
42.03,7403,-6285,7430,-6379,2.440000057,-11.73999977,0.01,0,0.01,-1.330000043,-29
42.04,7416,-6333,7433,-6367,1.600000024,-13.68000031,-0.100000002,0,0.050000001,-1.299999952,-29
42.05,7407,-6334,7406,-6354,2.369999886,-12.32999992,1.539999962,0,0.059999999,-1.289999962,-29
42.06,7385,-6301,7432,-6412,3.069999933,-14.23999977,2.25999999,0.02,0.079999998,-1.269999981,-29
42.07,7390,-6296,7438,-6419,2.269999981,-11.64999962,0.519999981,0.050000001,0.090000004,-1.269999981,-29
42.08,7395,-6277,7414,-6431,2.789999962,-12.02999973,-0.439999998,-0.050000001,0.079999998,-1.269999981,-29
42.09,7386,-6283,7436,-6462,1.059999943,-11.27999973,-2.539999962,-0.039999999,0.090000004,-1.269999981,-29
42.1,7425,-6279,7500,-6501,1.860000014,-13.14000034,-0.340000004,-0.050000001,0.100000002,-1.269999981,-28
42.11,7389,-6245,7487,-6523,2.75999999,-11.21000004,-0.970000029,0.109999999,0.079999998,-1.279999971,-26
42.12,7395,-6239,7483,-6563,2.359999895,-11.17000008,-0.620000005,0.01,0.050000001,-1.299999952,-24
42.13,7418,-6227,7476,-6589,1.429999948,-11.31000042,-3.460000038,0.039999999,0.059999999,-1.309999943,-23
42.14,7422,-6266,7501,-6596,2.75,-10.47000027,-1.480000019,0.07,0,-1.330000043,-22
42.15,7464,-6257,7518,-6565,1.399999976,-12.06000042,-1.679999948,0.079999998,0.02,-1.340000033,-22
42.16,7449,-6275,7472,-6552,2.829999924,-11.14999962,0.200000003,0,-0.01,-1.340000033,-22
42.17,7453,-6299,7484,-6558,3.039999962,-14.76000023,0.660000026,0,-0.02,-1.320000052,-22
42.18,7432,-6313,7501,-6544,2.75999999,-12.56000042,1.539999962,0.02,0,-1.309999943,-22
42.19,7437,-6346,7494,-6571,3.25999999,-13.89000034,1.919999957,-0.050000001,-0.01,-1.289999962,-22
42.2,7429,-6336,7469,-6598,2.390000105,-12.5,0.540000022,-0.100000002,0.01,-1.269999981,-22
42.21,7454,-6374,7508,-6631,3.789999962,-14.48999977,1.360000014,-0.059999999,0.01,-1.24000001,-22
42.22,7420,-6407,7490,-6642,2.400000095,-12.65999985,-0.280000001,-0.01,0.01,-1.220000029,-22
42.23,7382,-6434,7472,-6681,1.960000038,-13.06000042,-0.230000004,-0.079999998,0.02,-1.200000048,-22
42.24,7380,-6448,7485,-6748,1.889999986,-13.14999962,-0.759999991,-0.01,0.029999999,-1.179999948,-22
42.25,7407,-6475,7499,-6807,2.619999886,-12.39000034,0.680000007,0.07,0.039999999,-1.179999948,-22
42.26,7418,-6468,7494,-6833,1.700000048,-12.67000008,-0.670000017,0.050000001,0.059999999,-1.169999957,-23
42.27,7427,-6448,7438,-6860,3.950000048,-11.52999973,-0.550000012,0.090000004,0.050000001,-1.169999957,-25
42.28,7417,-6450,7449,-6832,1.269999981,-13.09000015,-1.409999967,0.039999999,0.029999999,-1.169999957,-27
42.29,7454,-6417,7510,-6774,1.940000057,-12.15999985,-1.519999981,0.02,0.050000001,-1.169999957,-28
42.3,7474,-6403,7524,-6748,1.230000019,-12.28999996,0.310000002,0,0.029999999,-1.159999967,-29
42.31,7462,-6381,7510,-6741,1.950000048,-11.63000011,0.100000002,-0.02,0.07,-1.159999967,-30
42.32,7439,-6348,7521,-6753,3.859999895,-11.47000027,1.299999952,-0.07,0.02,-1.159999967,-31
42.33,7445,-6366,7510,-6760,0.300000012,-13,-1.440000057,-0.159999996,0.02,-1.190000057,-31
42.34,7439,-6321,7511,-6777,0.479999989,-11.10000038,-2.200000048,-0.200000003,0.02,-1.220000029,-31
42.35,7445,-6363,7551,-6808,0.289999992,-12.57999992,-1.129999995,-0.140000001,0.01,-1.230000019,-31
42.36,7491,-6361,7587,-6851,0.769999981,-12.61999989,-0.479999989,0,0.01,-1.25,-31
42.37,7495,-6336,7582,-6888,1.440000057,-12.05000019,0.200000003,0.039999999,0,-1.279999971,-31
42.38,7506,-6313,7513,-6852,2.119999886,-12.14999962,-1.899999976,0.109999999,-0.029999999,-1.299999952,-31
42.39,7524,-6324,7517,-6767,2.410000086,-13.82999992,-0.720000029,0.100000002,-0.039999999,-1.309999943,-31
42.4,7524,-6299,7568,-6668,0.5,-12.72000027,-1.059999943,0.119999997,-0.02,-1.309999943,-31
42.41,7523,-6310,7602,-6601,1.409999967,-13.56000042,0.560000002,0,-0.02,-1.299999952,-31
42.42,7533,-6321,7561,-6565,1.409999967,-13.56000042,0.560000002,0,-0.02,-1.299999952,-31
42.43,7492,-6341,7557,-6519,2.380000114,-12.77000046,1.649999976,0.02,-0.02,-1.279999971,-31
42.44,7473,-6336,7588,-6549,3.5,-14.30000019,2.140000105,0.02,-0.02,-1.279999971,-31
42.45,7449,-6366,7542,-6518,2.25,-12.57999992,0.059999999,-0.100000002,-0.02,-1.279999971,-31
42.46,7500,-6323,7557,-6483,1.120000005,-10.72999954,-0.579999983,-0.07,0.01,-1.279999971,-30
42.47,7471,-6357,7524,-6487,1.340000033,-14.93999958,-1.710000038,-0.07,0.01,-1.279999971,-30
42.48,7477,-6347,7507,-6505,1.799999952,-13.39000034,1.299999952,0.01,0,-1.269999981,-28
42.49,7491,-6350,7485,-6506,1.269999981,-14.26000023,1.860000014,-0.01,0.059999999,-1.25,-28
42.5,7473,-6344,7474,-6542,1.370000005,-12.60999966,0.460000008,-0.01,0.059999999,-1.25,-26
42.51,7467,-6358,7519,-6591,2.569999933,-13.30000019,0.879999995,0.07,0.07,-1.24000001,-22
42.52,7447,-6338,7534,-6632,1.460000038,-13.26000023,-0.389999986,0.050000001,0.090000004,-1.230000019,-20
42.53,7472,-6363,7505,-6632,2.74000001,-13.65999985,-0.180000007,0.159999996,0.079999998,-1.230000019,-20
42.54,7434,-6382,7528,-6647,2.74000001,-10.92000008,-0.779999971,0.02,0.07,-1.220000029,-17
42.55,7422,-6395,7547,-6675,2.559999943,-13.63000011,-1.74000001,0.109999999,0.039999999,-1.200000048,-17
42.56,7416,-6412,7518,-6671,2.559999943,-11.26000023,-1.230000019,0.109999999,0.039999999,-1.200000048,-16
42.57,7401,-6434,7488,-6745,1.789999962,-11.39000034,-1.230000019,0.01,0.079999998,-1.190000057,-15
42.58,7426,-6448,7447,-6762,3.019999981,-11.65999985,-1.110000014,0.100000002,0.079999998,-1.179999948,-14
42.59,7407,-6473,7488,-6728,2.819999933,-10.52000046,-0.810000002,0,0.039999999,-1.139999986,-13
42.6,7410,-6516,7474,-6694,2.609999895,-14.02000046,-2.230000019,0,0.039999999,-1.139999986,-12
42.61,7396,-6504,7427,-6721,3.109999895,-11.51000023,-2.099999905,-0.029999999,0.07,-1.049999952,-12
42.62,7378,-6511,7412,-6778,1.590000033,-13.35999966,-0.319999993,-0.029999999,0.07,-1.049999952,-12
42.63,7367,-6568,7403,-6786,2.869999886,-13.10999966,0.349999994,-0.01,0.109999999,-0.980000019,-12
42.64,7337,-6643,7395,-6774,2.039999962,-12.46000004,1.429999948,-0.039999999,0.100000002,-0.930000007,-12
42.65,7324,-6771,7383,-6815,4.190000057,-13.63000011,-0.039999999,-0.02,0.109999999,-0.889999986,-12
42.66,7354,-6783,7379,-6839,2.049999952,-11.72000027,-1.899999976,-0.07,0.140000001,-0.829999983,-13
42.67,7343,-6596,7357,-6846,1.070000052,-12.78999996,-2.359999895,-0.07,0.140000001,-0.829999983,-13
42.68,7295,-6575,7328,-6831,2.619999886,-12.34000015,-1.320000052,0.01,0.170000002,-0.800000012,-13
42.69,7258,-6638,7324,-6839,1.75,-13.89000034,0.759999991,-0.029999999,0.129999995,-0.800000012,-13
42.7,7359,-6717,7341,-6869,1.789999962,-11.03999996,0.939999998,-0.170000002,0.140000001,-0.779999971,-13
42.71,7389,-6667,7332,-6878,1.919999957,-11.18999958,-0.730000019,-0.150000006,0.100000002,-0.790000022,-14
42.72,7367,-6621,7291,-6884,-0.189999998,-11.84000015,-2.269999981,-0.07,0.079999998,-0.790000022,-14
42.73,7402,-6584,7345,-6903,2.069999933,-12.22000027,-0.5,-0.050000001,0.090000004,-0.800000012,-14
42.74,7381,-6649,7365,-6919,-0.519999981,-13.68999958,-0.349999994,0.079999998,0.050000001,-0.819999993,-14
42.75,7418,-6609,7392,-6969,2.450000048,-11.43000031,0.180000007,0.109999999,0.050000001,-0.829999983,-15
42.76,7415,-6587,7403,-6998,-0.449999988,-11.44999981,-1.289999962,0.129999995,0,-0.850000024,-15
42.77,7463,-6573,7436,-6972,2.309999943,-9.800000191,-2.980000019,0.129999995,0,-0.850000024,-15
42.78,7447,-6622,7415,-6834,-0.980000019,-11.60000038,-2.119999886,0.100000002,0,-0.870000005,-15
42.79,7430,-6620,7418,-6757,2.410000086,-10.47999954,-1.25,0.039999999,-0.100000002,-0.910000026,-15
42.8,7485,-6635,7463,-6845,0.769999981,-11.90999985,0.349999994,-0.01,-0.090000004,-0.920000017,-15
42.81,7486,-6660,7487,-6972,-0.699999988,-12.67000008,0.519999981,0.100000002,-0.140000001,-0.930000007,-15
42.82,7506,-6681,7510,-6776,2.440000057,-9.109999657,1.340000033,0.100000002,-0.140000001,-0.930000007,-15
42.83,7506,-6666,7428,-6560,0.649999976,-10.23999977,-2.049999952,0.039999999,-0.150000006,-0.949999988,-15
42.84,7541,-6679,7408,-6661,4.199999809,-11.39000034,-2.400000095,0.039999999,-0.150000006,-0.949999988,-15
42.85,7451,-6741,7486,-6737,0.600000024,-13.75,3.230000019,-0.059999999,-0.119999997,-0.899999976,-15
42.86,7473,-6753,7472,-6770,2.390000105,-13.81999969,2.369999886,0,-0.100000002,-0.870000005,-15
42.87,7455,-6804,7425,-6785,1.279999971,-9.859999657,4.28000021,0,-0.100000002,-0.870000005,-15
42.88,7447,-6823,7436,-6767,1.669999957,-10.73999977,0.079999998,0.029999999,0,-0.860000014,-15
42.89,7418,-6831,7418,-6786,2.640000105,-9.670000076,0.379999995,0.109999999,0.039999999,-0.790000022,-15
42.9,7380,-6782,7393,-6769,2.200000048,-13.84000015,0.25,0.189999998,0.059999999,-0.769999981,-15
42.91,7397,-6767,7400,-6748,1.450000048,-10.82999992,-0.189999998,0.050000001,0.090000004,-0.75,-15
42.92,7390,-6768,7317,-6748,1.00999999,-12.43000031,0.699999988,0.129999995,0.109999999,-0.730000019,-15
42.93,7397,-6746,7297,-6736,1.809999943,-11.14000034,0.850000024,0.01,0.129999995,-0.720000029,-15
42.94,7418,-6741,7328,-6727,1.799999952,-10.31000042,2.109999895,0.01,0.129999995,-0.720000029,-15
42.95,7375,-6727,7330,-6726,1.039999962,-10.23999977,-0.560000002,0,0.170000002,-0.699999988,-15
42.96,7371,-6690,7302,-6720,-0.01,-8.81000042,-0.949999988,-0.029999999,0.189999998,-0.699999988,-15
42.97,7404,-6658,7318,-6714,0.310000002,-8.68999958,-0.180000007,-0.029999999,0.189999998,-0.699999988,-15
42.98,7413,-6683,7335,-6730,-1.029999971,-9.31000042,-0.980000019,0.029999999,0.200000003,-0.74000001,-15
42.99,7463,-6665,7368,-6752,0.980000019,-6.900000095,-0.379999995,0,0.180000007,-0.759999991,-15
43,7473,-6674,7401,-6747,0.029999999,-7.460000038,-2.25,0.100000002,0.170000002,-0.790000022,-16
43.01,7458,-6621,7410,-6751,-1.399999976,-7.010000229,-4.199999809,0.150000006,0.140000001,-0.819999993,-16
43.02,7501,-6598,7387,-6736,0.579999983,-6.980000019,-3.349999905,0.239999995,0.07,-0.839999974,-16
43.03,7416,-6603,7393,-6672,0.140000001,-8.010000229,-2.24000001,0.109999999,0.039999999,-0.899999976,-17
43.04,7542,-6738,7444,-6652,-0.660000026,-8.199999809,-0.219999999,-0.159999996,0,-0.930000007,-18
43.05,7717,-6645,7455,-6669,1.169999957,-9.949999809,-0.140000001,-0.129999995,-0.01,-0.939999998,-18
43.06,7574,-6633,7434,-6673,-2.519999981,-8.020000458,-0.769999981,-0.209999993,-0.02,-0.980000019,-19
43.07,7560,-6668,7520,-6669,1.230000019,-8.960000038,0.569999993,-0.209999993,-0.02,-0.980000019,-19
43.08,7668,-6637,7525,-6633,-1.830000043,-8.130000114,0.639999986,-0.02,-0.100000002,-1.039999962,-19
43.09,7627,-6562,7535,-6614,0.670000017,-8.100000381,-0.200000003,0.039999999,-0.140000001,-1.080000043,-19
43.1,7612,-6574,7549,-6633,0.910000026,-9.170000076,0.49000001,0.050000001,-0.129999995,-1.090000033,-20
43.11,7666,-6591,7566,-6605,0.150000006,-10.25,-1.309999943,0,-0.150000006,-1.100000024,-20
43.12,7593,-6605,7572,-6617,-1.399999976,-10.06000042,-0.059999999,0.039999999,-0.150000006,-1.100000024,-20
43.13,7635,-6586,7580,-6650,0.850000024,-11.07999992,0.74000001,0.090000004,-0.189999998,-1.110000014,-20
43.14,7595,-6565,7550,-6643,1.799999952,-10.64999962,2.069999933,0.090000004,-0.189999998,-1.110000014,-20
43.15,7581,-6560,7563,-6601,-0.239999995,-12.89000034,2.069999933,0,-0.140000001,-1.100000024,-20
43.16,7610,-6570,7569,-6600,1.769999981,-11.35000038,1.629999995,0.059999999,-0.159999996,-1.090000033,-20
43.17,7580,-6564,7431,-6542,-1.129999995,-11.52000046,1.769999981,0.059999999,-0.159999996,-1.090000033,-22
43.18,7572,-6536,7482,-6525,0.25,-9.069999695,-0.25,-0.140000001,-0.109999999,-1.080000043,-22
43.19,7517,-6524,7593,-6525,0.629999995,-14.31000042,1.879999995,-0.050000001,-0.079999998,-1.049999952,-23
43.2,7532,-6532,7443,-6534,-1.450000048,-14.5,4.03000021,0,-0.029999999,-1.059999943,-25
43.21,7496,-6488,7457,-6519,2.559999943,-7.650000095,5.599999905,-0.180000007,0.029999999,-1.039999962,-25
43.22,7469,-6458,7470,-6498,-1.710000038,-16.06999969,0.349999994,0.050000001,0.07,-1.029999971,-25
43.23,7474,-6445,7417,-6487,-1.49000001,-10,0.889999986,-0.129999995,0.090000004,-1.039999962,-26
43.24,7444,-6429,7433,-6488,0.49000001,-11.31000042,3.640000105,0.039999999,0.119999997,-1.049999952,-26
43.25,7470,-6424,7432,-6487,-1.120000005,-11.78999996,-0.819999993,0.07,0.079999998,-1.070000052,-26
43.26,7478,-6388,7441,-6463,-0.629999995,-8.670000076,-0.629999995,0.01,0.109999999,-1.110000014,-26
43.27,7520,-6390,7424,-6446,-0.839999974,-9.43999958,-1.840000033,0.01,0.109999999,-1.110000014,-26
43.28,7488,-6340,7390,-6434,-1.50999999,-11.01000023,-2.74000001,0.02,0.090000004,-1.159999967,-26
43.29,7506,-6382,7416,-6404,-1.059999943,-9.380000114,0.219999999,0.079999998,0.07,-1.190000057,-26
43.3,7492,-6339,7463,-6374,-0.5,-11.77000046,-1.909999967,0.079999998,0.07,-1.190000057,-26
43.31,7501,-6351,7471,-6350,-2.039999962,-10.17000008,-1.669999957,-0.050000001,0.050000001,-1.230000019,-26
43.32,7531,-6329,7452,-6351,0.660000026,-10.27999973,-0.689999998,-0.07,0.039999999,-1.25,-26
43.33,7536,-6331,7445,-6336,-1.269999981,-9.949999809,-2.220000029,-0.100000002,0.059999999,-1.25999999,-26
43.34,7487,-6306,7443,-6311,-0.75,-12.47000027,-0.319999993,-0.029999999,0,-1.269999981,-26
43.35,7466,-6258,7445,-6285,0.699999988,-10.80000019,-1.879999995,0,0.029999999,-1.289999962,-26
43.36,7508,-6261,7460,-6291,-1.289999962,-12.18000031,-0.699999988,0,0.029999999,-1.289999962,-26
43.37,7476,-6245,7456,-6272,-1.120000005,-12.15999985,-0.939999998,0,0.029999999,-1.289999962,-26
43.38,7479,-6227,7404,-6263,-0.689999998,-11.40999985,1.210000038,0.050000001,0.02,-1.309999943,-26
43.39,7509,-6211,7348,-6262,-0.280000001,-12.88000011,-0.119999997,-0.01,0.039999999,-1.320000052,-27
43.4,7440,-6185,7400,-6246,-0.800000012,-13.25,1.279999971,0.01,0.029999999,-1.299999952,-27
43.41,7427,-6194,7433,-6231,0.280000001,-13.76000023,0.569999993,0,0.059999999,-1.320000052,-27
43.42,7435,-6180,7409,-6218,-1.389999986,-12.19999981,0.610000014,-0.02,0.059999999,-1.320000052,-27
43.43,7422,-6183,7368,-6196,-0.460000008,-13.48999977,0.07,-0.050000001,0.050000001,-1.309999943,-27
43.44,7469,-6145,7388,-6178,-1.129999995,-12.93000031,-0.219999999,-0.079999998,0.079999998,-1.309999943,-27
43.45,7383,-6161,7343,-6179,-0.509999991,-14.60000038,1,0,0.039999999,-1.309999943,-27
43.46,7395,-6146,7348,-6161,0.170000002,-12.39999962,-0.419999987,-0.039999999,0.039999999,-1.320000052,-27
43.47,7358,-6137,7333,-6135,-0.930000007,-12.47999954,-1.389999986,-0.039999999,0.039999999,-1.320000052,-27
43.48,7370,-6119,7321,-6136,-1.100000024,-12.69999981,-1.860000014,0.029999999,0.02,-1.340000033,-27
43.49,7388,-6091,7310,-6119,-1.320000052,-11.89999962,-0.99000001,0.02,0.01,-1.350000024,-27
43.5,7358,-6047,7280,-6069,-1.409999967,-12.89999962,-0.289999992,0.100000002,0.01,-1.360000014,-27
43.51,7363,-6043,7264,-6085,-0.340000004,-11.55000019,-0.959999979,0.039999999,0,-1.360000014,-27
43.52,7346,-6047,7282,-6060,-0.340000004,-13.38000011,-0.370000005,0.050000001,-0.01,-1.370000005,-27
43.53,7356,-6046,7288,-6050,-0.610000014,-12.56000042,-1.100000024,0.029999999,-0.01,-1.370000005,-27
43.54,7294,-5996,7274,-6045,-1.00999999,-13.69999981,-0.810000002,0.059999999,-0.02,-1.370000005,-27
43.55,7302,-5982,7257,-6029,-0.769999981,-12.52999973,-0.949999988,0.029999999,0,-1.370000005,-27
43.56,7292,-5986,7231,-6003,-1.080000043,-13.38000011,-0.159999996,0.01,-0.02,-1.350000024,-28
43.57,7213,-5988,7201,-5989,-0.720000029,-13.11999989,0.029999999,0.01,-0.02,-1.350000024,-28
43.58,7200,-5984,7219,-5976,0.090000004,-13.40999985,1.210000038,-0.050000001,0.01,-1.330000043,-28
43.59,7225,-5963,7199,-5970,-0.360000014,-14.71000004,-0.319999993,-0.059999999,0,-1.320000052,-28
43.6,7193,-5956,7161,-5954,-1.529999971,-12.80000019,0.519999981,-0.07,0.039999999,-1.309999943,-28
43.61,7226,-5942,7120,-5942,-1.049999952,-14.14000034,0.170000002,0.02,0.059999999,-1.299999952,-28
43.62,7166,-5913,7057,-5902,-0.660000026,-13.60999966,0.430000007,0,0.059999999,-1.299999952,-28
43.63,7151,-5895,7099,-5913,-1.600000024,-14.96000004,1.639999986,0.059999999,0.07,-1.289999962,-28
43.64,7128,-5889,7125,-5900,-0.170000002,-13.34000015,-0.449999988,0.050000001,0.059999999,-1.289999962,-28
43.65,7129,-5860,7073,-5883,-2.730000019,-12.88000011,0.330000013,0.050000001,0.079999998,-1.299999952,-28
43.66,7127,-5851,7033,-5884,-0.949999988,-12.82999992,-1.24000001,0.07,0.039999999,-1.309999943,-28
43.67,7136,-5861,7095,-5886,-0.519999981,-12.93000031,0.200000003,0.07,0.039999999,-1.309999943,-28
43.68,7072,-5864,7068,-5873,-1.080000043,-14.96000004,-0.180000007,0.150000006,0.02,-1.320000052,-28
43.69,7096,-5844,7081,-5870,0.519999981,-11.72999954,-1.360000014,0,0.01,-1.330000043,-28
43.7,7088,-5875,7058,-5879,-2.130000114,-12.47000027,-1.5,0.059999999,0.02,-1.330000043,-28
43.71,7103,-5853,7049,-5856,-0.720000029,-12.06000042,-1.409999967,0.01,0.02,-1.350000024,-28
43.72,7138,-5846,7045,-5858,-1.220000029,-12.07999992,-0.460000008,0.02,0,-1.350000024,-28
43.73,7125,-5847,7052,-5883,-0.219999999,-12.52000046,-1.940000057,0.01,0,-1.350000024,-28
43.74,7105,-5814,7048,-5893,-0.050000001,-11.02999973,-1.559999943,0.01,0,-1.350000024,-28
43.75,7134,-5827,7076,-5912,0.49000001,-12.96000004,-0.99000001,0,0.01,-1.370000005,-28
43.76,7140,-5880,7094,-5916,-0.560000002,-12.71000004,0.219999999,-0.029999999,0.01,-1.370000005,-28
43.77,7122,-5872,7095,-5935,1.340000033,-14.09000015,1.710000038,-0.029999999,0.01,-1.370000005,-28
43.78,7148,-5862,7087,-5965,0.360000014,-13.51000023,-0.300000012,-0.079999998,0,-1.370000005,-28
43.79,7117,-5893,7119,-6022,1.019999981,-12.61999989,0.219999999,-0.07,0,-1.360000014,-28
43.8,7095,-5878,7111,-6037,0.310000002,-13.84000015,-0.340000004,0,0.02,-1.360000014,-28
43.81,7138,-5889,7136,-6050,1.379999995,-12.69999981,0.419999987,0.029999999,0.02,-1.360000014,-28
43.82,7130,-5899,7109,-6071,0.649999976,-14.28999996,0.75,0.170000002,-0.01,-1.360000014,-28
43.83,7140,-5873,7098,-6051,3.269999981,-11.93999958,-0.129999995,0.059999999,0.01,-1.360000014,-28
43.84,7085,-5889,7093,-6035,1.25,-13.72999954,0.280000001,0.029999999,0.039999999,-1.360000014,-28
43.85,7162,-5922,7089,-6048,1.49000001,-12.82999992,-0.879999995,0.01,0.02,-1.360000014,-28
43.86,7162,-5902,7097,-6078,2.5,-11.72999954,1.019999981,0.01,0.029999999,-1.360000014,-28
43.87,7149,-5929,7114,-6099,0.930000007,-14.02000046,-0.25,0.01,0.029999999,-1.360000014,-28
43.88,7165,-5921,7123,-6134,0.829999983,-12.35999966,-0.449999988,0.029999999,0.039999999,-1.370000005,-28
43.89,7157,-5936,7152,-6173,3.420000076,-12.38000011,0.560000002,0.029999999,0.02,-1.379999995,-28
43.9,7188,-5932,7169,-6216,1.169999957,-12.44999981,-1.389999986,-0.059999999,0.029999999,-1.379999995,-28
43.91,7180,-5914,7183,-6281,1.210000038,-11.89000034,-1.600000024,0.059999999,0,-1.389999986,-28
43.92,7160,-5897,7178,-6210,1.799999952,-11.73999977,-2.029999971,0.059999999,0,-1.399999976,-28
43.93,7158,-5905,7170,-6170,1.019999981,-11.51000023,-1.50999999,-0.029999999,0.01,-1.399999976,-28
43.94,7201,-5933,7183,-6157,1.450000048,-14.57999992,-0.170000002,0.079999998,-0.029999999,-1.409999967,-28
43.95,7191,-5917,7213,-6171,2.619999886,-10.85999966,1.309999943,-0.100000002,0,-1.409999967,-28
43.96,7199,-5918,7188,-6136,1.220000029,-14.14000034,-0.730000019,-0.02,0.02,-1.399999976,-28
43.97,7195,-5930,7147,-6107,2.109999895,-11.81999969,-0.709999979,-0.02,0.02,-1.399999976,-28
43.98,7203,-5957,7135,-6098,0.629999995,-13.14000034,0.109999999,-0.050000001,0.02,-1.399999976,-28
43.99,7203,-5959,7140,-6079,3.299999952,-13.68999958,1.330000043,-0.02,0.02,-1.389999986,-28
44,7167,-5969,7220,-6093,1.710000038,-13.09000015,0.829999983,-0.090000004,0.039999999,-1.370000005,-28
44.01,7179,-5965,7163,-6110,1.649999976,-15.10999966,-0.100000002,-0.029999999,0.050000001,-1.350000024,-28
44.02,7182,-5968,7180,-6109,2.00999999,-14.27000046,0.310000002,-0.02,0.109999999,-1.340000033,-28
44.03,7143,-5981,7186,-6112,0.519999981,-14.52999973,0.670000017,0.07,0.050000001,-1.340000033,-28
44.04,7151,-5951,7183,-6136,2.789999962,-13.06999969,-0.620000005,-0.029999999,0.07,-1.340000033,-28
44.05,7159,-5947,7186,-6154,0.889999986,-12.71000004,-0.01,0.01,0.07,-1.350000024,-28
44.06,7211,-5940,7184,-6190,1.639999986,-13.36999989,-0.980000019,0,0.050000001,-1.360000014,-28
44.07,7198,-5942,7182,-6227,1.019999981,-12.52999973,0,0,0.050000001,-1.360000014,-28
44.08,7273,-5948,7204,-6252,0.310000002,-11.53999996,-0.839999974,0.029999999,0,-1.389999986,-28
44.09,7242,-5943,7195,-6253,3.309999943,-11.40999985,-1.600000024,0.039999999,0.01,-1.419999957,-28
44.1,7245,-5926,7207,-6240,-0.529999971,-12.60000038,-1.299999952,0,0,-1.429999948,-28
44.11,7290,-5949,7268,-6199,2.460000038,-12.06999969,-1.809999943,0.02,-0.029999999,-1.429999948,-28
44.12,7251,-5964,7277,-6173,-0.189999998,-13.97999954,0.589999974,0.02,0,-1.440000057,-28
44.13,7313,-5972,7252,-6147,1.74000001,-11.85999966,-0.050000001,0,-0.07,-1.440000057,-28
44.14,7263,-5998,7273,-6142,3.569999933,-12.89000034,0.509999991,-0.07,-0.029999999,-1.429999948,-28
44.15,7233,-6023,7275,-6159,0.560000002,-13.81999969,0.209999993,0,-0.059999999,-1.419999957,-28
44.16,7253,-6028,7274,-6153,4.579999924,-12.47000027,-0.230000004,-0.059999999,-0.050000001,-1.409999967,-28
44.17,7232,-6044,7286,-6142,0.49000001,-14.23999977,-0.560000002,-0.059999999,-0.050000001,-1.409999967,-26
44.18,7277,-6064,7274,-6166,3.029999971,-12.82999992,0.389999986,0.050000001,-0.059999999,-1.370000005,-26
44.19,7222,-6035,7231,-6188,3.200000048,-12.98999977,-0.140000001,0.029999999,0,-1.350000024,-24
44.2,7245,-6048,7198,-6203,0.600000024,-13.02000046,-1.169999957,0.01,-0.02,-1.330000043,-23
44.21,7214,-6065,7240,-6236,4.320000172,-12.61999989,0.610000014,0.170000002,0,-1.309999943,-19
44.22,7175,-6100,7262,-6262,2.460000038,-13.88000011,-0.01,0.079999998,-0.01,-1.269999981,-19
44.23,7194,-6121,7238,-6242,2.730000019,-12.06999969,-0.610000014,0.029999999,0.039999999,-1.230000019,-16
44.24,7127,-6147,7194,-6266,2.400000095,-12.77999973,-1.090000033,0.150000006,0.039999999,-1.169999957,-16
44.25,7142,-6111,7178,-6275,4.050000191,-13.22999954,-0.600000024,0.039999999,0.050000001,-1.110000014,-15
44.26,7101,-6202,7179,-6277,3.829999924,-14.53999996,2.160000086,0.039999999,0.079999998,-1.039999962,-15
44.27,7090,-6256,7163,-6357,2.430000067,-14.68999958,0.319999993,0.039999999,0.079999998,-1.039999962,-15
44.28,7083,-6259,7104,-6395,2.130000114,-10.84000015,-0.170000002,-0.059999999,0.090000004,-0.939999998,-15
44.29,7057,-6288,7047,-6389,1.799999952,-13.28999996,-0.02,0.050000001,0.079999998,-0.889999986,-15
44.3,7111,-6346,7072,-6411,3.400000095,-12.02000046,0.959999979,0,0.100000002,-0.850000024,-15
44.31,7097,-6350,7074,-6460,2.339999914,-13,1.149999976,0.039999999,0.059999999,-0.810000002,-15
44.32,7053,-6366,7038,-6496,2.900000095,-10.96000004,-1.039999962,-0.02,0.039999999,-0.779999971,-15
44.33,7083,-6385,7057,-6550,1.840000033,-10.81000042,-0.699999988,0.01,0.090000004,-0.759999991,-15
44.34,7086,-6422,7049,-6613,0.579999983,-11.34000015,-1.899999976,0.059999999,0.059999999,-0.75,-15
44.35,7101,-6414,7109,-6612,1.450000048,-9.829999924,-0.680000007,0.079999998,0.039999999,-0.74000001,-15
44.36,7120,-6414,7106,-6585,3.430000067,-11.31999969,-0.200000003,0.090000004,0.02,-0.75,-15
44.37,7132,-6426,7095,-6560,0.660000026,-10.36999989,-1.779999971,0.090000004,0.02,-0.75,-15
44.38,7144,-6454,7114,-6550,2.640000105,-9.850000381,-0.860000014,-0.02,-0.039999999,-0.769999981,-15
44.39,7175,-6481,7128,-6555,1.710000038,-10.18000031,-0.699999988,-0.079999998,-0.02,-0.779999971,-15
44.4,7164,-6507,7133,-6532,0.959999979,-10.76000023,-0.610000014,-0.059999999,-0.050000001,-0.790000022,-15
44.41,7175,-6528,7131,-6533,1.559999943,-9.420000076,-0.219999999,-0.039999999,-0.039999999,-0.790000022,-15
44.42,7232,-6504,7135,-6530,1.299999952,-10.06000042,-0.469999999,0.050000001,-0.02,-0.790000022,-15
44.43,7216,-6525,7161,-6497,1.470000029,-9.979999542,1.710000038,0.07,-0.02,-0.800000012,-16
44.44,7216,-6518,7144,-6520,2.190000057,-9.569999695,1.610000014,0.059999999,0,-0.790000022,-16
44.45,7233,-6477,7155,-6558,1.710000038,-10.93000031,1.570000052,0.059999999,0.01,-0.800000012,-16
44.46,7235,-6484,7187,-6573,2.019999981,-9.210000038,1.700000048,0.059999999,0.01,-0.810000002,-16
44.47,7256,-6479,7205,-6587,1.350000024,-9.229999542,0.409999996,0.059999999,0.01,-0.810000002,-16
44.48,7343,-6514,7225,-6624,1.75999999,-7.989999771,-0.889999986,0.029999999,-0.029999999,-0.850000024,-16
44.49,7314,-6531,7254,-6613,1.840000033,-9.090000153,-1.090000033,0.050000001,-0.01,-0.870000005,-16
44.5,7295,-6534,7264,-6597,0.230000004,-8.069999695,-1.639999986,0.050000001,-0.050000001,-0.879999995,-16
44.51,7307,-6538,7291,-6569,3.869999886,-9.100000381,-0.829999983,0.090000004,-0.07,-0.899999976,-16
44.52,7338,-6581,7302,-6546,1.149999976,-9.079999924,-0.079999998,0,-0.039999999,-0.899999976,-16
44.53,7391,-6607,7304,-6558,2.450000048,-9.340000153,-0.090000004,0.01,-0.050000001,-0.899999976,-16
44.54,7367,-6618,7297,-6581,1.460000038,-8.75,0.140000001,0,-0.029999999,-0.879999995,-16
44.55,7380,-6604,7267,-6606,2.049999952,-9.409999847,0.259999991,-0.01,0,-0.870000005,-16
44.56,7290,-6668,7288,-6602,2.900000095,-9.93999958,1.710000038,0,0.039999999,-0.870000005,-16
44.57,7424,-6743,7322,-6625,2.00999999,-8.300000191,1.039999962,0,0.039999999,-0.870000005,-17
44.58,7388,-6536,7314,-6681,1.99000001,-7.5,0.310000002,0.059999999,0.079999998,-0.839999974,-17
44.59,7422,-6504,7324,-6689,2.599999905,-7.670000076,-1.450000048,0,0.079999998,-0.860000014,-17
44.6,7434,-6594,7359,-6686,0.75,-10.09000015,-1.220000029,0.02,0.079999998,-0.889999986,-17
44.61,7399,-6700,7371,-6684,0.230000004,-9.239999771,1.690000057,0.140000001,0,-0.899999976,-17
44.62,7442,-6567,7410,-6660,4.5,-8.880000114,0.709999979,-0.029999999,0.02,-0.910000026,-17
44.63,7422,-6606,7404,-6620,-0.389999986,-9.25,0.079999998,0,0.039999999,-0.910000026,-17
44.64,7459,-6617,7372,-6615,2.630000114,-8.829999924,0.340000004,-0.01,0.039999999,-0.910000026,-17
44.65,7520,-6646,7385,-6667,1.149999976,-10.53999996,1.659999967,-0.01,0.050000001,-0.910000026,-17
44.66,7473,-6634,7389,-6704,1.029999971,-9.390000343,2.230000019,-0.02,0.029999999,-0.920000017,-17
44.67,7507,-6635,7423,-6715,2.690000057,-8.800000191,-0.620000005,-0.02,0.029999999,-0.920000017,-17
44.68,7540,-6666,7457,-6697,0.600000024,-7.75,-0.259999991,0.02,0.029999999,-0.949999988,-17
44.69,7530,-6646,7513,-6734,1.75,-8.5,-1.389999986,0.039999999,0,-0.970000029,-18
44.7,7552,-6631,7465,-6774,1.620000005,-8.640000343,-0.939999998,-0.01,0,-1,-18
44.71,7612,-6640,7495,-6794,0.620000005,-7.179999828,-2.049999952,-0.090000004,-0.050000001,-1.019999981,-18
44.72,7569,-6671,7581,-6845,2.819999933,-7.619999886,-2.890000105,0.029999999,-0.07,-1.039999962,-18
44.73,7559,-6682,7572,-6731,0.219999999,-9.909999847,-2.089999914,0.079999998,-0.029999999,-1.059999943,-18
44.74,7588,-6647,7541,-6557,0.959999979,-7.190000057,-0.449999988,0.079999998,-0.039999999,-1.029999971,-19
44.75,7556,-6614,7507,-6679,4.110000134,-13.28999996,0.819999993,0.140000001,0.02,-1.019999981,-20
44.76,7580,-6644,7528,-6691,-1.789999962,-11.97000027,2.420000076,-0.170000002,0.01,-1,-21
44.77,7574,-6655,7495,-6719,3.420000076,-11.5,5.079999924,-0.170000002,0.01,-1,-21
44.78,7572,-6697,7505,-6716,0.159999996,-12.25,1.870000005,-0.109999999,0.090000004,-1,-22
44.79,7618,-6683,7532,-6704,1.090000033,-8.920000076,0.479999989,-0.150000006,0.109999999,-1.00999999,-23
44.8,7603,-6638,7535,-6709,0.519999981,-8.920000076,0.219999999,0.050000001,0.150000006,-1.029999971,-23
44.81,7637,-6669,7544,-6698,1.440000057,-9.819999695,-1.320000052,0,0.079999998,-1.059999943,-23
44.82,7645,-6596,7591,-6727,0.930000007,-9.260000229,-0.349999994,0.039999999,0.119999997,-1.080000043,-23
44.83,7623,-6597,7601,-6747,0.550000012,-11.86999989,-3.160000086,0.079999998,0.079999998,-1.110000014,-23
44.84,7671,-6591,7620,-6726,0.059999999,-9.090000153,-2.24000001,-0.02,0.100000002,-1.139999986,-23
44.85,7686,-6624,7609,-6724,-0.670000017,-11.56000042,-1.549999952,0.090000004,0.01,-1.149999976,-23
44.86,7701,-6606,7591,-6718,1.940000057,-10.82999992,-0.620000005,0.02,0,-1.179999948,-23
44.87,7731,-6599,7618,-6702,0.280000001,-10.56999969,0.910000026,0.02,0,-1.179999948,-23
44.88,7737,-6564,7650,-6668,1.580000043,-11.36999989,-1.860000014,0.01,0,-1.210000038,-23
44.89,7702,-6594,7660,-6651,0.050000001,-11.06999969,-1.669999957,-0.01,0,-1.220000029,-23
44.9,7759,-6601,7667,-6653,-0.170000002,-11.15999985,0.289999992,-0.050000001,0,-1.230000019,-23
44.91,7739,-6593,7681,-6673,-0.170000002,-11.15999985,0.289999992,-0.050000001,0,-1.230000019,-23
44.92,7735,-6644,7636,-6661,-0.079999998,-12.19999981,0.620000005,-0.050000001,0,-1.230000019,-23
44.93,7732,-6640,7675,-6645,1.840000033,-13.10999966,0.370000005,-0.02,0,-1.220000029,-23
44.94,7661,-6645,7679,-6678,2.579999924,-14.05000019,1.559999943,0.039999999,-0.01,-1.210000038,-23
44.95,7685,-6557,7670,-6690,1.179999948,-13.19999981,-0.379999995,0.109999999,0,-1.179999948,-23
44.96,7710,-6507,7687,-6678,1.110000014,-12.18000031,-0.310000002,0.02,0.02,-1.169999957,-23
44.97,7725,-6622,7655,-6680,0.25,-12.27000046,-0.779999971,0.109999999,0.01,-1.190000057,-23
44.98,7742,-6596,7613,-6718,0.219999999,-13.13000011,0.649999976,0.01,0.01,-1.200000048,-23
44.99,7712,-6587,7641,-6694,0.790000022,-13.01000023,0.829999983,-0.01,0.02,-1.200000048,-23
45,7714,-6591,7645,-6667,0.270000011,-11.64000034,1.00999999,-0.090000004,0,-1.210000038,-23
45.01,7734,-6550,7689,-6705,1.74000001,-11.84000015,-0.460000008,-0.029999999,0.02,-1.220000029,-23
45.02,7735,-6564,7720,-6732,-0.180000007,-11.67000008,-0.129999995,-0.090000004,0,-1.230000019,-23
45.03,7743,-6594,7675,-6718,0.230000004,-11.78999996,0.109999999,-0.079999998,0.02,-1.25,-23
45.04,7708,-6569,7712,-6695,1.299999952,-12.02999973,0,-0.039999999,0,-1.25999999,-23
45.05,7643,-6564,7722,-6654,1.299999952,-12.02999973,0,-0.039999999,0,-1.25999999,-23
45.06,7663,-6583,7689,-6667,1.360000014,-13.06000042,-0.5,-0.029999999,0,-1.25,-23
45.07,7708,-6590,7700,-6704,0.629999995,-11.93000031,0.389999986,-0.100000002,0.039999999,-1.24000001,-23
45.08,7718,-6525,7661,-6769,0.99000001,-11.27999973,0.579999983,-0.050000001,0.029999999,-1.24000001,-23
45.09,7734,-6521,7649,-6861,0.180000007,-11.93000031,-0.99000001,0,0.059999999,-1.25,-23
45.1,7729,-6524,7655,-6965,0.129999995,-11.35000038,-1.830000043,0.039999999,0.07,-1.25999999,-23
45.11,7739,-6493,7688,-6891,0.140000001,-11.68999958,-3.269999981,0.090000004,0.050000001,-1.289999962,-23
45.12,7722,-6483,7736,-6747,1.149999976,-10.57999992,-2.160000086,0.209999993,0.02,-1.320000052,-23
45.13,7731,-6482,7731,-6626,-0.029999999,-13.52000046,-0.74000001,0.140000001,0.02,-1.320000052,-23
45.14,7773,-6516,7678,-6584,1.830000043,-13.86999989,0.860000014,-0.02,0,-1.320000052,-23
45.15,7734,-6514,7686,-6593,0.079999998,-15.03999996,0.959999979,-0.039999999,0,-1.309999943,-24
45.16,7716,-6545,7699,-6609,0.379999995,-14.47000027,2.289999962,-0.150000006,0,-1.299999952,-24
45.17,7712,-6525,7709,-6593,2.720000029,-12.35999966,1.899999976,-0.140000001,-0.029999999,-1.299999952,-24
45.18,7710,-6546,7727,-6588,-0.649999976,-13.72000027,-2.369999886,-0.189999998,0,-1.289999962,-24
45.19,7717,-6549,7670,-6604,0.209999993,-12.64999962,-1.289999962,-0.189999998,0,-1.289999962,-24
45.2,7751,-6523,7639,-6610,-0.100000002,-12.44999981,-0.670000017,-0.079999998,-0.02,-1.289999962,-24
45.21,7701,-6522,7645,-6618,1.090000033,-13.88000011,-0.540000022,0.02,-0.029999999,-1.289999962,-24
45.22,7708,-6505,7638,-6617,1.090000033,-13.88000011,-0.540000022,0.02,-0.029999999,-1.289999962,-24
45.23,7690,-6504,7671,-6612,1.019999981,-15.06000042,1.379999995,0.01,-0.029999999,-1.299999952,-24
45.24,7667,-6505,7659,-6557,0.980000019,-14.61999989,-0.800000012,0.150000006,-0.050000001,-1.279999971,-24
45.25,7654,-6485,7633,-6516,1,-14.14999962,0.629999995,0.039999999,-0.029999999,-1.25999999,-24
45.26,7603,-6474,7622,-6540,1.210000038,-16.45999908,-0.059999999,0.129999995,0.029999999,-1.220000029,-24
45.27,7574,-6487,7562,-6546,0.079999998,-15.01000023,1.610000014,0.059999999,0.02,-1.190000057,-24
45.28,7560,-6495,7562,-6527,1.279999971,-14.78999996,2.230000019,0.02,0.050000001,-1.179999948,-24
45.29,7562,-6468,7559,-6528,-0.059999999,-13.72000027,0.460000008,0.059999999,0.039999999,-1.159999967,-24
45.3,7570,-6482,7539,-6534,0,-12.82999992,0.379999995,0.029999999,0.090000004,-1.149999976,-25
45.31,7543,-6463,7519,-6532,0.850000024,-13.90999985,-0.430000007,0.029999999,0.059999999,-1.149999976,-25
45.32,7575,-6467,7482,-6523,-1,-11.43000031,-0.850000024,0.090000004,0.100000002,-1.139999986,-25
45.33,7549,-6451,7484,-6551,0.180000007,-11.76000023,-1.659999967,0.029999999,0.100000002,-1.149999976,-25
45.34,7565,-6424,7508,-6564,-0.569999993,-12.17000008,-0.319999993,0.050000001,0.100000002,-1.159999967,-25
45.35,7569,-6400,7515,-6571,0.059999999,-12.64999962,-2.180000067,0.02,0.07,-1.179999948,-25
45.36,7561,-6412,7531,-6517,0.059999999,-12.64999962,-2.180000067,0.02,0.07,-1.179999948,-25
45.37,7548,-6395,7521,-6528,0.219999999,-11.60000038,-2.890000105,0.119999997,0.07,-1.190000057,-25
45.38,7530,-6403,7531,-6485,-0.620000005,-12.09000015,-0.349999994,-0.039999999,0.050000001,-1.200000048,-25
45.39,7528,-6404,7522,-6452,1.210000038,-12.27000046,-0.980000019,0.059999999,0.050000001,-1.200000048,-25
45.4,7522,-6396,7518,-6477,-0.289999992,-11.96000004,-1.360000014,-0.02,0.02,-1.210000038,-25
45.41,7581,-6351,7479,-6451,-0.280000001,-11.97999954,-1.110000014,-0.039999999,0.07,-1.200000048,-25
45.42,7568,-6331,7469,-6425,0.790000022,-13.18999958,-0.610000014,0,0.02,-1.200000048,-25
45.43,7563,-6374,7444,-6410,-2.049999952,-12.52999973,0.910000026,0,0.090000004,-1.220000029,-25
45.44,7532,-6394,7478,-6413,0.819999993,-13.75,-0.170000002,0,0.029999999,-1.230000019,-25
45.45,7444,-6371,7500,-6416,0.400000006,-12.27000046,1.50999999,-0.050000001,0.029999999,-1.24000001,-25
45.46,7630,-6361,7501,-6432,-0.910000026,-13.52999973,-0.090000004,-0.100000002,0.059999999,-1.24000001,-25
45.47,7632,-6356,7468,-6438,-0.680000007,-11.94999981,0.469999999,-0.180000007,0.07,-1.24000001,-25
45.48,7462,-6304,7518,-6468,-0.400000006,-13.94999981,1.019999981,-0.07,0.029999999,-1.24000001,-25
45.49,7565,-6330,7501,-6476,1.039999962,-12.67000008,-0.720000029,0.119999997,0,-1.289999962,-25
45.5,7545,-6353,7519,-6476,1.039999962,-12.67000008,-0.720000029,0.119999997,0,-1.289999962,-25
45.51,7547,-6296,7535,-6431,-1.539999962,-11.82999992,-2.079999924,0.150000006,-0.029999999,-1.299999952,-25
45.52,7534,-6295,7494,-6381,-0.159999996,-12.55000019,-0.980000019,0.109999999,-0.039999999,-1.309999943,-25
45.53,7576,-6314,7456,-6361,0.100000002,-13.56000042,0.879999995,0.100000002,-0.050000001,-1.309999943,-25
45.54,7527,-6308,7427,-6366,0.560000002,-12.82999992,1.419999957,0.100000002,-0.07,-1.330000043,-25
45.55,7518,-6321,7479,-6363,0.150000006,-12.90999985,0.939999998,-0.01,-0.079999998,-1.330000043,-25
45.56,7514,-6291,7544,-6374,1.080000043,-12.02999973,0.02,0,-0.050000001,-1.330000043,-25
45.57,7482,-6282,7525,-6345,-0.07,-13.32999992,-0.479999989,0.01,-0.079999998,-1.320000052,-25
45.58,7514,-6304,7464,-6290,0.569999993,-12.09000015,-0.889999986,0.050000001,-0.02,-1.309999943,-25
45.59,7461,-6294,7415,-6351,1.970000029,-12.67000008,-0.180000007,-0.01,-0.029999999,-1.299999952,-25
45.6,7437,-6284,7459,-6363,-0.050000001,-13.72999954,-0.790000022,-0.059999999,-0.039999999,-1.279999971,-25
45.61,7392,-6280,7458,-6356,1.409999967,-11.96000004,1.440000057,-0.140000001,-0.039999999,-1.269999981,-25
45.62,7384,-6286,7380,-6382,0.01,-16.73999977,0.800000012,-0.100000002,0.01,-1.230000019,-25
45.63,7414,-6302,7353,-6373,0.910000026,-10.53999996,1.629999995,0.02,0.079999998,-1.210000038,-25
45.64,7344,-6258,7317,-6338,1.049999952,-13.93999958,0.660000026,-0.07,0.059999999,-1.190000057,-25
45.65,7340,-6251,7304,-6335,0.129999995,-13.06000042,-1.850000024,0.079999998,0.140000001,-1.159999967,-25
45.66,7314,-6256,7300,-6377,1.399999976,-13.18000031,1.309999943,-0.01,0.150000006,-1.120000005,-25
45.67,7333,-6271,7325,-6357,0.910000026,-14.56000042,-0.270000011,0.079999998,0.180000007,-1.110000014,-25
45.68,7331,-6255,7306,-6351,-1.669999957,-12.26000023,0,0.090000004,0.200000003,-1.110000014,-25
45.69,7365,-6249,7304,-6354,1.840000033,-10.38000011,-1.230000019,0.01,0.230000004,-1.110000014,-25
45.7,7354,-6223,7300,-6365,-0.07,-13.09000015,-0.319999993,0.029999999,0.170000002,-1.120000005,-25
45.71,7349,-6281,7325,-6366,-0.059999999,-11.43999958,-1.75,-0.029999999,0.189999998,-1.139999986,-25
45.72,7366,-6281,7326,-6416,-0.379999995,-12.01000023,-1.429999948,-0.079999998,0.140000001,-1.159999967,-25
45.73,7429,-6235,7346,-6473,-2.029999971,-10.38000011,-2.650000095,-0.079999998,0.150000006,-1.190000057,-25
45.74,7478,-6247,7384,-6504,1.129999995,-9.890000343,-1.149999976,-0.07,0.090000004,-1.230000019,-25
45.75,7491,-6221,7428,-6560,-0.709999979,-11.98999977,-2.559999943,-0.039999999,0.050000001,-1.269999981,-25
45.76,7511,-6219,7444,-6633,0.860000014,-8.699999809,-2.880000114,0.050000001,0.02,-1.320000052,-25
45.77,7508,-6233,7439,-6619,-0.379999995,-11.21000004,-2.549999952,-0.050000001,-0.039999999,-1.360000014,-25
45.78,7471,-6221,7445,-6547,0.259999991,-10.47999954,-2.50999999,0.07,-0.039999999,-1.389999986,-25
45.79,7503,-6198,7475,-6504,0.330000013,-11.32999992,0.5,-0.01,-0.07,-1.409999967,-25
45.8,7602,-6247,7497,-6471,2.049999952,-12.52999973,-0.050000001,-0.01,-0.07,-1.419999957,-25
45.81,7543,-6256,7510,-6411,0.200000003,-14.02000046,0.850000024,-0.01,-0.090000004,-1.419999957,-25
45.82,7447,-6262,7517,-6351,3.170000076,-14.25,-0.330000013,0,-0.100000002,-1.409999967,-25
45.83,7441,-6286,7483,-6358,0.519999981,-15.68999958,0.430000007,0.029999999,-0.129999995,-1.379999995,-25
45.84,7468,-6244,7453,-6382,1.360000014,-13.93999958,0.959999979,0.059999999,-0.050000001,-1.350000024,-25
45.85,7434,-6215,7461,-6385,2.420000076,-13.85999966,2.559999943,0.109999999,-0.119999997,-1.320000052,-25
45.86,7476,-6298,7482,-6364,0.759999991,-14.67000008,1.679999948,0.07,-0.050000001,-1.320000052,-25
45.87,7459,-6303,7447,-6380,2.519999981,-13.97999954,1.029999971,0.029999999,-0.059999999,-1.309999943,-25
45.88,7425,-6266,7359,-6387,0.159999996,-15.43999958,0.980000019,-0.100000002,-0.029999999,-1.269999981,-25
45.89,7434,-6301,7362,-6394,1.980000019,-12.63000011,2.869999886,-0.01,0,-1.269999981,-25
45.9,7397,-6313,7395,-6397,0.5,-14.86999989,1.799999952,-0.100000002,0,-1.24000001,-25
45.91,7424,-6315,7413,-6374,2.150000095,-13.39000034,1.159999967,0.029999999,0.02,-1.230000019,-25
45.92,7394,-6332,7374,-6404,0.340000004,-13.69999981,-0.230000004,-0.029999999,0.02,-1.210000038,-25
45.93,7378,-6333,7364,-6438,1.789999962,-13.14000034,-1.5,-0.02,0.059999999,-1.190000057,-25
45.94,7390,-6338,7393,-6428,0.800000012,-11.02999973,-0.300000012,0.02,0.039999999,-1.190000057,-25
45.95,7364,-6354,7397,-6420,0.839999974,-13.96000004,-0.430000007,-0.02,0.079999998,-1.179999948,-25
45.96,7345,-6316,7381,-6423,2.980000019,-13.34000015,1,0.100000002,0.050000001,-1.169999957,-25
45.97,7377,-6304,7344,-6441,0.509999991,-12.67000008,0.170000002,0.050000001,0.07,-1.159999967,-25
45.98,7379,-6307,7353,-6535,1.019999981,-12.34000015,-1.460000038,0.059999999,0.109999999,-1.149999976,-25
45.99,7399,-6274,7319,-6590,0.230000004,-9.43999958,-1.00999999,0.039999999,0.100000002,-1.169999957,-25
46,7406,-6268,7349,-6446,1.730000019,-9.920000076,-3,0.129999995,0.090000004,-1.190000057,-25
46.01,7397,-6256,7372,-6405,0.949999988,-11.81000042,-2.319999933,0,0.059999999,-1.200000048,-25
46.02,7366,-6278,7369,-6463,2.039999962,-14.35000038,-1.429999948,0.059999999,0.090000004,-1.200000048,-25
46.03,7405,-6283,7341,-6448,0.74000001,-11.19999981,3.200000048,-0.109999999,0.01,-1.190000057,-25
46.04,7379,-6276,7386,-6438,0.330000013,-11.03999996,-1.360000014,-0.170000002,0.109999999,-1.200000048,-25
46.05,7373,-6257,7410,-6473,1.309999943,-14.06999969,-0.920000017,-0.100000002,0.079999998,-1.190000057,-25
46.06,7381,-6278,7380,-6474,0.769999981,-11.14000034,-0.25,0.01,0.090000004,-1.200000048,-25
46.07,7362,-6279,7376,-6455,-0.219999999,-14.35999966,-1.629999995,-0.180000007,0.090000004,-1.200000048,-25
46.08,7415,-6267,7346,-6434,0.289999992,-10.55000019,-1.049999952,0.07,0.129999995,-1.210000038,-25
46.09,7414,-6266,7343,-6446,0.540000022,-13.15999985,1.169999957,-0.02,0.079999998,-1.220000029,-25
46.1,7413,-6254,7371,-6454,1.159999967,-12.34000015,-0.970000029,0.079999998,0.090000004,-1.230000019,-25
46.11,7423,-6257,7380,-6457,1.039999962,-11.67000008,-0.360000014,0.059999999,0.050000001,-1.24000001,-25
46.12,7423,-6266,7399,-6471,0.829999983,-11.05000019,-1.539999962,0.039999999,0.079999998,-1.25999999,-25
46.13,7445,-6226,7404,-6482,0.75,-10.92000008,-1.549999952,0.090000004,0.050000001,-1.269999981,-25
46.14,7472,-6242,7413,-6430,0.439999998,-12.09000015,-1.169999957,-0.02,0.039999999,-1.289999962,-25
46.15,7455,-6234,7437,-6395,1.980000019,-10.81999969,-0.330000013,0.050000001,0.01,-1.309999943,-25
46.16,7434,-6251,7446,-6391,0.879999995,-13.05000019,-2.24000001,-0.02,0,-1.309999943,-25
46.17,7427,-6257,7445,-6345,0.469999999,-11.97999954,-0.74000001,-0.039999999,-0.01,-1.320000052,-25
46.18,7465,-6297,7415,-6375,0.059999999,-12.65999985,-0.469999999,-0.109999999,0,-1.320000052,-25
46.19,7446,-6249,7404,-6383,1.210000038,-13.52000046,0.930000007,-0.02,0,-1.299999952,-25
46.2,7454,-6266,7419,-6374,1.360000014,-12.69999981,1.620000005,0.029999999,-0.02,-1.299999952,-25
46.21,7445,-6251,7433,-6351,2.25,-14.10999966,-0.800000012,0.02,0,-1.289999962,-25
46.22,7418,-6259,7377,-6339,0.389999986,-12.46000004,-0.150000006,0.029999999,0,-1.289999962,-25
46.23,7452,-6247,7382,-6366,1.929999948,-13.26000023,1.320000052,0,0.01,-1.289999962,-25
46.24,7409,-6264,7406,-6397,-0.25,-14.06000042,0,0.029999999,0.01,-1.269999981,-25
46.25,7456,-6263,7410,-6403,1.809999943,-13.02000046,1.590000033,0,0.029999999,-1.269999981,-25
46.26,7403,-6244,7391,-6432,1.620000005,-12.64000034,-0.959999979,0.07,0.02,-1.269999981,-25
46.27,7375,-6239,7429,-6435,0.850000024,-12.84000015,-1.049999952,-0.02,0.01,-1.25999999,-25
46.28,7405,-6238,7416,-6446,1.230000019,-11.46000004,0.029999999,-0.01,0.039999999,-1.269999981,-25
46.29,7434,-6262,7423,-6442,1.389999986,-12.81000042,-0.720000029,-0.01,0.029999999,-1.269999981,-25
46.3,7457,-6253,7425,-6434,1.039999962,-13.56000042,0.469999999,-0.02,0.02,-1.269999981,-25
46.31,7449,-6252,7392,-6452,1.590000033,-12.81999969,-0.310000002,0.029999999,0,-1.269999981,-25
46.32,7433,-6251,7420,-6460,1.590000033,-12.81999969,-0.310000002,0.029999999,0,-1.269999981,-25
46.33,7423,-6246,7385,-6439,-0.300000012,-12.21000004,-0.889999986,0.059999999,0.01,-1.279999971,-25
46.34,7430,-6246,7393,-6429,1.480000019,-12.28999996,-0.779999971,0.050000001,0.01,-1.279999971,-25
46.35,7414,-6277,7412,-6448,0.899999976,-13.60999966,1.149999976,0.07,0,-1.269999981,-25
46.36,7413,-6276,7434,-6451,1.440000057,-12.14000034,-0.02,0.119999997,0.01,-1.25999999,-25
46.37,7418,-6240,7400,-6456,1.139999986,-12.17000008,-1.309999943,0.119999997,0.01,-1.24000001,-25
46.38,7385,-6219,7438,-6438,2.559999943,-12.35999966,-0.939999998,0.140000001,0,-1.230000019,-25
46.39,7401,-6293,7448,-6400,0.340000004,-13.39999962,0.25,0.140000001,0.02,-1.24000001,-25
46.4,7442,-6297,7447,-6390,1.190000057,-13.73999977,0.540000022,-0.01,0,-1.25,-25
46.41,7434,-6264,7440,-6425,3.119999886,-11.35999966,0.360000014,0.01,-0.02,-1.25,-25
46.42,7469,-6303,7421,-6417,-0.319999993,-11.03999996,-0.920000017,-0.180000007,-0.02,-1.269999981,-25
46.43,7460,-6318,7419,-6382,1.700000048,-12.81999969,-0.829999983,-0.25,-0.02,-1.25,-25
46.44,7412,-6326,7360,-6411,0.460000008,-13.02999973,1.559999943,-0.140000001,-0.029999999,-1.25,-24
46.45,7411,-6319,7384,-6436,2.650000095,-14.03999996,0.970000029,-0.02,0,-1.230000019,-23
46.46,7399,-6330,7434,-6419,2.160000086,-13.63000011,1.919999957,0,-0.01,-1.200000048,-21
46.47,7368,-6331,7391,-6406,0.949999988,-14.23999977,-0.039999999,0.109999999,0.01,-1.169999957,-20
46.48,7341,-6348,7374,-6446,2.089999914,-13.68999958,0.340000004,0.150000006,0.029999999,-1.090000033,-18
46.49,7329,-6357,7343,-6486,2.089999914,-13.68999958,0.340000004,0.150000006,0.029999999,-1.090000033,-18
46.5,7299,-6386,7350,-6504,2.5,-13.19999981,0.899999976,0.140000001,0.029999999,-1.059999943,-17
46.51,7296,-6412,7361,-6547,2.940000057,-12.18999958,-0.689999998,0.140000001,0.029999999,-1.029999971,-17
46.52,7319,-6416,7334,-6594,0.860000014,-10.14999962,-2.670000076,0.119999997,0.02,-1.00999999,-17
46.53,7340,-6412,7296,-6516,1.600000024,-11.14000034,-1.809999943,0.07,0.029999999,-0.99000001,-17
46.54,7314,-6440,7269,-6523,1.539999962,-11.64999962,-0.170000002,0.050000001,0.039999999,-0.959999979,-17
46.55,7290,-6466,7263,-6572,2.349999905,-14.53999996,0.289999992,-0.029999999,0.050000001,-0.920000017,-17
46.56,7305,-6522,7256,-6572,1.850000024,-10.56000042,1.600000024,-0.07,0.02,-0.889999986,-17
46.57,7292,-6511,7263,-6609,1.730000019,-12.14999962,0.059999999,-0.150000006,0.07,-0.870000005,-17
46.58,7274,-6542,7270,-6616,0.579999983,-10.40999985,-0.959999979,-0.090000004,0.059999999,-0.839999974,-17
46.59,7322,-6500,7251,-6624,1.269999981,-10.35000038,-0.180000007,-0.050000001,0.079999998,-0.829999983,-17
46.6,7277,-6540,7259,-6618,1.460000038,-11.68000031,-1.429999948,0.02,0.079999998,-0.810000002,-17
46.61,7268,-6537,7283,-6644,0.670000017,-11.31000042,-0.479999989,0.050000001,0.079999998,-0.800000012,-17
46.62,7297,-6537,7260,-6664,1.309999943,-11.90999985,-0.600000024,0.039999999,0.07,-0.800000012,-17
46.63,7322,-6541,7286,-6649,0.639999986,-10.19999981,-0.680000007,0.079999998,0.059999999,-0.800000012,-17
46.64,7368,-6553,7300,-6659,1.629999995,-10.51000023,-1.230000019,0.090000004,0.029999999,-0.819999993,-17
46.65,7369,-6559,7299,-6678,0.949999988,-10.68999958,-1.179999948,0.059999999,0,-0.839999974,-17
46.66,7390,-6535,7313,-6631,0.769999981,-8.81000042,-1.529999971,0.029999999,0,-0.850000024,-17
46.67,7385,-6548,7300,-6607,0.699999988,-10.28999996,-0.910000026,-0.079999998,-0.01,-0.870000005,-17
46.68,7421,-6586,7304,-6600,1.610000014,-10.25,-0.509999991,0,-0.039999999,-0.879999995,-17
46.69,7418,-6587,7340,-6622,0.579999983,-10.43999958,1.159999967,-0.07,-0.050000001,-0.889999986,-17
46.7,7413,-6565,7372,-6620,1.549999952,-10.02000046,0.75,-0.029999999,-0.029999999,-0.889999986,-17
46.71,7413,-6582,7329,-6599,0.99000001,-9.279999733,0.189999998,0.02,-0.039999999,-0.899999976,-18
46.72,7373,-6580,7361,-6607,1.129999995,-10.89000034,-0.170000002,0,-0.029999999,-0.899999976,-18
46.73,7391,-6592,7375,-6583,1.309999943,-10.92000008,1.299999952,0.029999999,-0.02,-0.889999986,-19
46.74,7421,-6601,7370,-6597,1.330000043,-10.44999981,1.74000001,0.050000001,-0.02,-0.889999986,-20
46.75,7417,-6591,7392,-6646,0.430000007,-10.57999992,-0.01,0.050000001,0,-0.889999986,-20
46.76,7445,-6590,7338,-6640,0.759999991,-8.890000343,0.620000005,0.01,0,-0.899999976,-21
46.77,7418,-6571,7348,-6622,0.550000012,-10.11999989,0.330000013,0.059999999,0.01,-0.920000017,-21
46.78,7472,-6552,7376,-6619,0.540000022,-10.46000004,0.579999983,0.029999999,0.059999999,-0.930000007,-21
46.79,7482,-6538,7396,-6609,1.799999952,-8.039999962,-0.119999997,0.090000004,0.01,-0.949999988,-22
46.8,7492,-6534,7418,-6580,-0.07,-9.369999886,-1.25,0,0.039999999,-0.970000029,-22
46.81,7501,-6544,7427,-6546,1.25,-9.31000042,-0.280000001,0.039999999,0.039999999,-0.99000001,-22
46.82,7504,-6550,7414,-6596,-0.090000004,-9.479999542,-0.689999998,-0.029999999,0.039999999,-1.00999999,-22
46.83,7517,-6539,7437,-6623,1.299999952,-9.93999958,-0.540000022,-0.039999999,0.039999999,-1.029999971,-22
46.84,7508,-6543,7472,-6575,0.920000017,-8.25,-0.670000017,0,0.02,-1.049999952,-22
46.85,7522,-6556,7478,-6542,0.680000007,-10.47999954,-1.610000014,-0.02,0.029999999,-1.059999943,-22
46.86,7531,-6551,7465,-6583,0.600000024,-9.979999542,-1.429999948,-0.01,0.029999999,-1.070000052,-22
46.87,7554,-6548,7455,-6595,0.790000022,-10.39999962,0.360000014,-0.02,0.029999999,-1.080000043,-22
46.88,7531,-6526,7450,-6583,0.860000014,-10.27000046,0.689999998,0.039999999,0.02,-1.080000043,-22
46.89,7548,-6549,7480,-6579,0.949999988,-10.21000004,0.079999998,0.029999999,0.050000001,-1.090000033,-22
46.9,7562,-6551,7493,-6604,2.160000086,-10.42000008,-0.449999988,0.01,0.01,-1.100000024,-22
46.91,7540,-6570,7480,-6599,-0.610000014,-11.31999969,-1.350000024,0,0.029999999,-1.100000024,-22
46.92,7548,-6460,7490,-6580,1.25,-9.829999924,0.259999991,0.02,0.059999999,-1.100000024,-22
46.93,7574,-6414,7490,-6566,1.600000024,-12.07999992,0.209999993,0.100000002,0.07,-1.080000043,-23
46.94,7472,-6531,7505,-6563,0.540000022,-11.92000008,1.730000019,0.029999999,0.059999999,-1.090000033,-23
46.95,7597,-6536,7522,-6584,1.480000019,-11.19999981,0.930000007,-0.039999999,0.059999999,-1.110000014,-23
46.96,7634,-6517,7492,-6593,1.230000019,-9.859999657,-0.259999991,-0.119999997,0.050000001,-1.110000014,-23
46.97,7560,-6490,7501,-6593,-1.179999948,-10.80000019,-1.039999962,-0.180000007,0.050000001,-1.120000005,-23
46.98,7565,-6500,7532,-6575,0.910000026,-10.97999954,-1.659999967,-0.079999998,0.059999999,-1.139999986,-23
46.99,7645,-6512,7549,-6593,-0.860000014,-10.60999966,1.039999962,0,0.02,-1.149999976,-23
47,7581,-6469,7557,-6603,0.460000008,-9.850000381,-1.080000043,0.119999997,0.02,-1.169999957,-23
47.01,7604,-6446,7544,-6577,0.5,-10.43000031,-0.680000007,0.090000004,-0.01,-1.200000048,-23
47.02,7630,-6459,7544,-6574,0.419999987,-10.98999977,-0.970000029,0.119999997,0.01,-1.210000038,-23
47.03,7631,-6485,7565,-6592,0.920000017,-12.42000008,0.340000004,0.02,-0.02,-1.230000019,-23
47.04,7638,-6441,7582,-6561,0.860000014,-10.67000008,0.059999999,0.07,-0.039999999,-1.25,-23
47.05,7600,-6452,7595,-6553,0.540000022,-11.98999977,0.310000002,-0.109999999,-0.059999999,-1.25,-23
47.06,7616,-6483,7647,-6601,1.419999957,-11.84000015,-0.779999971,-0.059999999,-0.029999999,-1.25999999,-23
47.07,7607,-6481,7619,-6651,-0.209999993,-11.56000042,0.289999992,-0.050000001,-0.050000001,-1.25999999,-23
47.08,7619,-6462,7530,-6536,1.309999943,-9.399999619,-1.639999986,0.029999999,-0.039999999,-1.269999981,-23
47.09,7654,-6476,7578,-6464,0.460000008,-9.460000038,-2.799999952,0.02,-0.079999998,-1.279999971,-24
47.1,7570,-6467,7625,-6480,1.429999948,-14.73999977,-0.920000017,-0.039999999,-0.050000001,-1.269999981,-24
47.11,7593,-6478,7565,-6501,1.320000052,-14.82999992,3.089999914,0.109999999,-0.079999998,-1.24000001,-24
47.12,7539,-6481,7526,-6499,0.589999974,-12.28999996,2.650000095,0.01,0,-1.220000029,-24
47.13,7528,-6471,7505,-6541,0.800000012,-12.67000008,0.430000007,0.01,0.029999999,-1.190000057,-25
47.14,7517,-6470,7494,-6546,0.280000001,-11.22999954,2.5,0.07,0.079999998,-1.169999957,-25
47.15,7493,-6446,7482,-6531,1.909999967,-13.32999992,0.270000011,0.039999999,0.109999999,-1.139999986,-25
47.16,7487,-6439,7487,-6529,1.190000057,-13.82999992,-0.180000007,0.039999999,0.100000002,-1.129999995,-25
47.17,7487,-6432,7499,-6551,1.120000005,-10.80000019,-1.080000043,0.079999998,0.119999997,-1.120000005,-25
47.18,7484,-6385,7493,-6523,0.039999999,-13.10999966,-1.730000019,-0.079999998,0.100000002,-1.110000014,-25
47.19,7499,-6425,7465,-6482,0.039999999,-11.48999977,0.180000007,-0.01,0.140000001,-1.129999995,-25
47.2,7526,-6415,7458,-6533,-0.330000013,-12.56000042,0.280000001,-0.129999995,0.129999995,-1.129999995,-25
47.21,7543,-6389,7458,-6540,-0.810000002,-11.11999989,-0.189999998,-0.029999999,0.109999999,-1.149999976,-25
47.22,7524,-6370,7488,-6504,0.079999998,-11.10999966,-0.379999995,-0.079999998,0.079999998,-1.169999957,-25
47.23,7537,-6384,7469,-6471,-0.469999999,-10.57999992,-2.039999962,0,0.079999998,-1.190000057,-25
47.24,7539,-6353,7463,-6477,-0.180000007,-11.72999954,-0.920000017,0,0.07,-1.210000038,-25
47.25,7529,-6365,7491,-6495,-0.389999986,-12.65999985,0.239999995,0.01,0.01,-1.220000029,-25
47.26,7544,-6345,7506,-6505,0.189999998,-11.11999989,-0.649999976,0.090000004,0.02,-1.230000019,-25
47.27,7529,-6348,7504,-6501,-0.289999992,-11.89000034,-1.840000033,0.07,0,-1.25,-25
47.28,7534,-6340,7519,-6504,0.340000004,-10.27999973,-2.00999999,0.079999998,-0.02,-1.269999981,-25
47.29,7525,-6320,7503,-6481,-0.759999991,-12.73999977,-1.269999981,0.050000001,-0.029999999,-1.289999962,-25
47.3,7532,-6316,7527,-6440,2.289999962,-10.51000023,-0.330000013,0.129999995,-0.059999999,-1.309999943,-25
47.31,7538,-6301,7528,-6404,-0.300000012,-13.69999981,-0.01,0,-0.079999998,-1.320000052,-25
47.32,7530,-6301,7523,-6365,0.469999999,-12.17000008,-1.389999986,-0.01,-0.079999998,-1.320000052,-26
47.33,7519,-6309,7510,-6390,0.109999999,-12.76000023,1.200000048,-0.029999999,-0.079999998,-1.299999952,-26
47.34,7475,-6299,7445,-6362,0.709999979,-13.77000046,0.140000001,-0.02,-0.059999999,-1.289999962,-26
47.35,7470,-6297,7424,-6359,0.479999989,-12.21000004,1.75999999,0,-0.029999999,-1.269999981,-26
47.36,7424,-6274,7452,-6349,0.889999986,-14.97999954,1.519999981,-0.01,0,-1.24000001,-26
47.37,7435,-6302,7443,-6347,0.889999986,-14.97999954,1.519999981,-0.01,0,-1.24000001,-26
47.38,7383,-6288,7398,-6354,0.419999987,-12.42000008,0.289999992,0.029999999,0.07,-1.169999957,-26
47.39,7350,-6267,7403,-6383,0.419999987,-12.42000008,0.289999992,0.01,0.07,-1.159999967,-26
47.4,7353,-6264,7358,-6381,1.110000014,-12.43000031,0.01,0.059999999,0.079999998,-1.149999976,-26
47.41,7363,-6265,7360,-6375,1.110000014,-12.43000031,0.01,0.079999998,0.07,-1.149999976,-26
47.42,7384,-6258,7379,-6368,0.119999997,-11.17000008,-0.699999988,0.039999999,0.079999998,-1.159999967,-26
47.43,7358,-6218,7353,-6360,0.119999997,-11.17000008,-0.699999988,0.050000001,0.050000001,-1.159999967,-26
47.44,7369,-6203,7325,-6331,-0.99000001,-12.02000046,-0.550000012,0,0.059999999,-1.179999948,-26
47.45,7360,-6204,7285,-6299,-0.99000001,-12.02000046,-0.550000012,-0.050000001,0.059999999,-1.190000057,-26
47.46,7374,-6220,7304,-6323,0.140000001,-11.80000019,0,-0.02,0.02,-1.200000048,-26
47.47,7364,-6175,7360,-6292,0.140000001,-11.80000019,0,-0.02,0.02,-1.200000048,-26
47.48,7375,-6172,7349,-6262,0.109999999,-11.64999962,-1.190000057,0,0.029999999,-1.210000038,-26
47.49,7331,-6172,7320,-6262,0.109999999,-11.64999962,-1.190000057,0,0.02,-1.220000029,-26
47.5,7322,-6173,7337,-6261,-0.310000002,-13.52000046,0.939999998,0,0.050000001,-1.210000038,-26
47.51,7313,-6155,7317,-6230,-0.310000002,-13.52000046,0.939999998,0.059999999,0.01,-1.220000029,-26
47.52,7341,-6138,7320,-6250,-0.810000002,-11.56999969,-1.730000019,0.01,0.02,-1.230000019,-26
47.53,7316,-6148,7316,-6266,-0.810000002,-11.56999969,-1.730000019,0.059999999,0,-1.24000001,-26
47.54,7339,-6133,7277,-6235,-0.550000012,-12.68999958,-0.479999989,0.059999999,0.02,-1.24000001,-26
47.55,7319,-6132,7280,-6223,-0.550000012,-12.68999958,-0.479999989,0.029999999,0.029999999,-1.25,-26
47.56,7301,-6111,7275,-6234,0.980000019,-12.17000008,0.01,0.029999999,0,-1.25,-27
47.57,7313,-6098,7262,-6180,0.980000019,-12.17000008,0.01,0.029999999,0,-1.25,-27
47.58,7279,-6079,7257,-6164,0.439999998,-13.42000008,-0.430000007,-0.039999999,0.039999999,-1.25,-27
47.59,7304,-6104,7256,-6192,0.439999998,-13.42000008,-0.430000007,-0.079999998,0.02,-1.24000001,-27
47.6,7281,-6087,7253,-6166,-0.819999993,-13.06999969,-0.860000014,-0.059999999,0.059999999,-1.24000001,-27
47.61,7230,-6071,7258,-6150,-0.819999993,-13.06999969,-0.860000014,-0.01,0.050000001,-1.24000001,-27
47.62,7230,-6060,7261,-6151,-0.980000019,-12.60000038,0.639999986,0,0.039999999,-1.24000001,-27
47.63,7239,-6067,7208,-6161,-0.980000019,-12.60000038,0.639999986,0.01,0.039999999,-1.24000001,-27
47.64,7242,-6055,7246,-6162,-0.649999976,-11.86999989,-0.109999999,0.02,0.050000001,-1.25,-27
47.65,7273,-6060,7255,-6165,-0.649999976,-11.86999989,-0.109999999,0,0.059999999,-1.25,-27
47.66,7298,-6035,7262,-6169,-1.450000048,-12,-1.419999957,0.050000001,0.059999999,-1.269999981,-27
47.67,7250,-6021,7233,-6180,-1.450000048,-12,-1.419999957,0.050000001,0.059999999,-1.269999981,-27
47.68,7289,-6045,7200,-6192,-0.129999995,-11,0.300000012,0.150000006,0.01,-1.309999943,-27
47.69,7307,-6027,7246,-6181,-0.129999995,-11,0.300000012,0.059999999,0,-1.340000033,-27
47.7,7297,-6011,7286,-6165,1.24000001,-12.77000046,-1.159999967,0.07,-0.039999999,-1.350000024,-27
47.71,7328,-6028,7310,-6152,1.24000001,-12.77000046,-1.159999967,-0.029999999,-0.02,-1.360000014,-27
47.72,7310,-6026,7257,-6145,0.730000019,-13.18999958,-1.399999976,-0.07,-0.02,-1.360000014,-27
47.73,7291,-6052,7294,-6176,0.730000019,-13.18999958,-1.399999976,-0.01,-0.039999999,-1.360000014,-27
47.74,7285,-6087,7312,-6190,2.279999971,-13.63000011,0.639999986,0.01,-0.050000001,-1.350000024,-27
47.75,7281,-6034,7315,-6185,2.279999971,-13.63000011,0.639999986,0,-0.029999999,-1.340000033,-27
47.76,7327,-6037,7325,-6169,1.460000038,-14.23999977,0.74000001,-0.039999999,-0.02,-1.340000033,-27
47.77,7329,-6065,7274,-6182,1.460000038,-14.23999977,0.74000001,-0.039999999,-0.02,-1.340000033,-27
47.78,7326,-6125,7259,-6209,1.110000014,-12.39000034,0.419999987,-0.140000001,-0.01,-1.350000024,-27
47.79,7318,-6114,7275,-6264,1.110000014,-12.39000034,0.419999987,-0.150000006,-0.02,-1.360000014,-27
47.8,7284,-6112,7271,-6293,1.100000024,-12.55000019,-0.939999998,0,-0.01,-1.350000024,-27
47.81,7295,-6127,7301,-6302,1.100000024,-12.55000019,-0.939999998,-0.029999999,0.039999999,-1.330000043,-27
47.82,7296,-6119,7304,-6286,2.900000095,-12.31000042,1.059999943,0.119999997,0.039999999,-1.330000043,-27
47.83,7281,-6127,7279,-6286,2.900000095,-12.31000042,1.059999943,0.059999999,0.029999999,-1.309999943,-27
47.84,7255,-6080,7312,-6277,1.99000001,-13.93999958,-0.100000002,0.039999999,0.050000001,-1.299999952,-27
47.85,7263,-6108,7319,-6260,1.99000001,-13.93999958,-0.100000002,0.029999999,0.02,-1.289999962,-27
47.86,7295,-6125,7303,-6285,2.329999924,-12.31999969,-0.219999999,0.050000001,0.059999999,-1.289999962,-27
47.87,7266,-6110,7282,-6309,2.329999924,-12.31999969,-0.219999999,0.050000001,0.059999999,-1.289999962,-27
47.88,7302,-6145,7287,-6333,0.620000005,-11.72000027,-1.480000019,-0.01,0.050000001,-1.299999952,-27
47.89,7295,-6142,7309,-6399,0.620000005,-11.72000027,-1.480000019,0.029999999,0.039999999,-1.299999952,-27
47.9,7309,-6146,7314,-6427,1.039999962,-10.96000004,-1.629999995,0.090000004,0.029999999,-1.320000052,-27
47.91,7341,-6130,7277,-6350,1.039999962,-10.96000004,-1.629999995,0.079999998,0.039999999,-1.320000052,-27
47.92,7303,-6159,7286,-6304,2.779999971,-13.15999985,-0.259999991,0.039999999,0.01,-1.299999952,-27
47.93,7309,-6138,7319,-6306,2.779999971,-13.15999985,-0.259999991,0.039999999,0.050000001,-1.299999952,-27
47.94,7302,-6168,7310,-6282,2.779999971,-12.97999954,0.709999979,-0.109999999,0.050000001,-1.269999981,-27
47.95,7279,-6173,7264,-6327,2.779999971,-12.97999954,0.709999979,0,0.059999999,-1.25999999,-27
47.96,7285,-6208,7289,-6345,1.059999943,-13.43999958,1.75999999,-0.180000007,0.059999999,-1.25,-27
47.97,7262,-6229,7282,-6325,1.059999943,-13.43999958,1.75999999,-0.180000007,0.059999999,-1.25,-26
47.98,7262,-6251,7302,-6316,1.070000052,-12.86999989,-0.529999971,-0.07,0.090000004,-1.220000029,-26
47.99,7294,-6238,7307,-6348,1.070000052,-12.86999989,-0.529999971,-0.079999998,0.119999997,-1.200000048,-26
48,7286,-6258,7262,-6372,2.5,-13.02000046,-1,0.07,0.109999999,-1.190000057,-26
48.01,7295,-6251,7223,-6362,2.5,-13.02000046,-1,0.07,0.150000006,-1.179999948,-26
48.02,7266,-6231,7230,-6344,3.660000086,-12.76000023,-0.400000006,0.07,0.150000006,-1.179999948,-26
48.03,7297,-6273,7261,-6358,3.660000086,-12.76000023,-0.400000006,0.119999997,0.109999999,-1.169999957,-26
48.04,7262,-6313,7296,-6382,0.959999979,-12.27000046,-2,0.02,0.159999996,-1.159999967,-26
48.05,7343,-6259,7312,-6421,0.959999979,-12.27000046,-2,0.109999999,0.129999995,-1.149999976,-26
48.06,7345,-6153,7287,-6433,0.5,-11.15999985,-2,0.119999997,0.150000006,-1.169999957,-26
48.07,7265,-6174,7321,-6448,0.5,-11.15999985,-2,0.119999997,0.150000006,-1.169999957,-26
48.08,7291,-6265,7364,-6462,0.74000001,-10.25,-2.49000001,0,0.07,-1.210000038,-26
48.09,7379,-6281,7361,-6473,0.74000001,-10.25,-2.49000001,-0.25,0.090000004,-1.220000029,-26
48.1,7426,-6243,7354,-6465,2.119999886,-12.03999996,-0.649999976,0,0.039999999,-1.24000001,-26
48.11,7398,-6206,7338,-6466,2.119999886,-12.03999996,-0.649999976,-0.079999998,0.029999999,-1.25999999,-26
48.12,7450,-6231,7406,-6497,2.170000076,-12.76000023,-0.419999987,-0.079999998,0.029999999,-1.289999962,-26
48.13,7441,-6281,7421,-6500,2.170000076,-12.76000023,-0.419999987,0.039999999,-0.029999999,-1.299999952,-26
48.14,7447,-6288,7407,-6524,1.029999971,-12.68999958,-1.669999957,-0.01,0,-1.299999952,-26
48.15,7455,-6262,7447,-6527,1.029999971,-12.68999958,-1.669999957,0.050000001,0,-1.309999943,-26
48.16,7472,-6288,7484,-6506,3.25,-12.59000015,1.370000005,0.129999995,-0.029999999,-1.299999952,-26
48.17,7474,-6280,7486,-6508,3.25,-12.59000015,1.370000005,0.129999995,-0.029999999,-1.299999952,-26
48.18,7442,-6331,7475,-6540,4.329999924,-12.75,0.610000014,0.02,-0.07,-1.299999952,-26
48.19,7480,-6339,7540,-6571,4.329999924,-12.75,0.610000014,0.050000001,-0.039999999,-1.289999962,-26
48.2,7509,-6361,7570,-6663,3.50999999,-12.46000004,0.150000006,0.039999999,-0.059999999,-1.279999971,-26
48.21,7508,-6393,7568,-6719,3.50999999,-12.46000004,0.150000006,0.159999996,-0.090000004,-1.309999943,-26
48.22,7583,-6424,7489,-6520,2.400000095,-12.05000019,-3.089999914,-0.02,-0.129999995,-1.309999943,-26
48.23,7537,-6441,7532,-6417,2.400000095,-12.05000019,-3.089999914,-0.01,-0.100000002,-1.289999962,-26
48.24,7531,-6442,7569,-6445,2.890000105,-13.89000034,3.619999886,0.129999995,-0.109999999,-1.25,-26
48.25,7545,-6507,7455,-6524,2.890000105,-13.89000034,3.619999886,-0.159999996,-0.050000001,-1.220000029,-26
48.26,7509,-6574,7461,-6571,3.539999962,-13.23999977,1.610000014,0.01,0,-1.179999948,-26
48.27,7492,-6609,7530,-6530,3.539999962,-13.23999977,1.610000014,0.01,0,-1.179999948,-26
48.28,7483,-6662,7483,-6546,3.619999886,-16.34000015,-0.340000004,-0.050000001,0.079999998,-1.100000024,-26
48.29,7444,-6695,7490,-6625,3.619999886,-16.34000015,-0.340000004,0.029999999,0.100000002,-1.059999943,-26
48.3,7481,-6704,7514,-6670,2.160000086,-12.68000031,0.5,0,0.109999999,-1.039999962,-25
48.31,7452,-6740,7468,-6702,2.160000086,-12.68000031,0.5,0.150000006,0.140000001,-1.029999971,-25
48.32,7495,-6728,7467,-6722,3.230000019,-11.69999981,0.25,0.07,0.109999999,-1.029999971,-24
48.33,7509,-6760,7484,-6760,3.230000019,-11.69999981,0.25,0.059999999,0.119999997,-1.00999999,-23
48.34,7521,-6716,7532,-6737,3.390000105,-10.97000027,-2.210000038,0.159999996,0.150000006,-1,-23
48.35,7506,-6658,7504,-6692,3.390000105,-10.97000027,-2.210000038,0.150000006,0.129999995,-1,-22
48.36,7520,-6641,7492,-6673,2.089999914,-11.60000038,0.419999987,-0.01,0.150000006,-0.99000001,-22
48.37,7505,-6645,7437,-6738,2.089999914,-11.60000038,0.419999987,-0.01,0.150000006,-0.99000001,-21
48.38,7532,-6650,7505,-6782,1.549999952,-10.60999966,-0.310000002,-0.029999999,0.150000006,-0.970000029,-19
48.39,7550,-6673,7546,-6816,1.549999952,-10.60999966,-0.310000002,-0.029999999,0.140000001,-0.959999979,-17
48.4,7534,-6697,7546,-6852,1.379999995,-8.420000076,-3.660000086,0.050000001,0.109999999,-0.959999979,-15
48.41,7547,-6721,7562,-6891,1.379999995,-8.420000076,-3.660000086,0.109999999,0.100000002,-0.949999988,-12
48.42,7431,-6671,7548,-6933,4.349999905,-10.57999992,-1.529999971,0.219999999,0.059999999,-0.920000017,-12
48.43,7589,-6700,7572,-6968,4.349999905,-10.57999992,-1.529999971,0.140000001,0.039999999,-0.899999976,-10
48.44,7666,-6812,7552,-6930,2.160000086,-11.90999985,-1.049999952,0.109999999,-0.01,-0.860000014,-8
48.45,7506,-6832,7555,-7000,2.160000086,-11.90999985,-1.049999952,0.109999999,-0.029999999,-0.829999983,-7
48.46,7622,-6867,7568,-7033,1.789999962,-8.720000267,0.01,0.109999999,-0.079999998,-0.790000022,-6
48.47,7572,-6942,7511,-6999,1.789999962,-8.720000267,0.01,0.109999999,-0.079999998,-0.790000022,-6
48.48,7563,-6977,7509,-7059,4.099999905,-10.72999954,2.74000001,0.029999999,-0.150000006,-0.649999976,-6
48.49,7564,-6978,7486,-7115,4.099999905,-10.72999954,2.74000001,0,-0.159999996,-0.579999983,-6
48.5,7551,-7032,7504,-7136,3.529999971,-9.760000229,-0.620000005,-0.01,-0.159999996,-0.519999981,-6
48.51,7538,-7109,7496,-7158,3.529999971,-9.760000229,-0.620000005,0,-0.189999998,-0.469999999,-6
48.52,7531,-7178,7532,-7162,2.809999943,-10.60000038,1.730000019,0.07,-0.189999998,-0.409999996,-6
48.53,7513,-7189,7486,-7201,2.809999943,-10.60000038,1.730000019,0.180000007,-0.180000007,-0.349999994,-6
48.54,7511,-7182,7506,-7232,2.559999943,-8.329999924,1.960000038,0.180000007,-0.129999995,-0.310000002,-6
48.55,7536,-7235,7495,-7273,2.559999943,-8.329999924,1.960000038,0.150000006,-0.129999995,-0.280000001,-6
48.56,7538,-7267,7405,-7316,2.960000038,-4.760000229,-1.450000048,0.109999999,-0.119999997,-0.280000001,-6
48.57,7561,-7301,7534,-7290,2.960000038,-4.760000229,-1.450000048,0.109999999,-0.119999997,-0.280000001,-6
48.58,7550,-7281,7522,-7294,2.049999952,-6.900000095,3.400000095,0.039999999,-0.090000004,-0.259999991,-6
48.59,7566,-7302,7425,-7289,2.049999952,-6.900000095,3.400000095,0.100000002,-0.02,-0.259999991,-6
48.6,7568,-7300,7546,-7268,1.549999952,-4.21999979,2.50999999,0.02,-0.02,-0.259999991,-6
48.61,7571,-7253,7544,-7317,1.549999952,-4.21999979,2.50999999,0.039999999,0.02,-0.270000011,-6
48.62,7578,-7288,7544,-7330,2.339999914,-4,1.070000052,-0.140000001,0.02,-0.270000011,-5
48.63,7596,-7308,7579,-7329,2.339999914,-4,1.070000052,0.07,0.039999999,-0.280000001,-5
48.64,7600,-7309,7574,-7299,2.829999924,-2.200000048,0.389999986,0.01,0.039999999,-0.289999992,-4
48.65,7670,-7323,7613,-7316,2.829999924,-2.200000048,0.389999986,0.100000002,0.039999999,-0.319999993,-4
48.66,7667,-7314,7626,-7388,1.649999976,-1.570000052,-0.850000024,0.059999999,0.029999999,-0.319999993,-3
48.67,7684,-7329,7631,-7397,1.649999976,-1.570000052,-0.850000024,0.059999999,0.029999999,-0.319999993,-2
48.68,7685,-7361,7641,-7395,1.230000019,-3.420000076,-1.340000033,0.059999999,0.039999999,-0.340000004,-2
48.69,7698,-7400,7627,-7407,1.230000019,-3.420000076,-1.340000033,0.079999998,0.02,-0.340000004,0
48.7,7708,-7420,7622,-7408,2.619999886,-2.900000095,0.170000002,-0.01,0.01,-0.319999993,2
48.71,7688,-7439,7660,-7438,2.619999886,-2.900000095,0.170000002,0.02,0.01,-0.300000012,4
48.72,7682,-7437,7683,-7483,1.960000038,-2.059999943,-1.419999957,-0.02,0,-0.259999991,7
48.73,7636,-7462,7667,-7519,1.960000038,-2.059999943,-1.419999957,0.01,0.039999999,-0.219999999,10
48.74,7652,-7544,7659,-7532,2.930000067,-3.150000095,0.200000003,0.07,0.01,-0.150000006,12
48.75,7610,-7568,7609,-7553,2.930000067,-3.150000095,0.200000003,0.170000002,0.02,-0.07,14
48.76,7633,-7626,7579,-7624,2.349999905,-3.200000048,0.689999998,0.059999999,0.01,0.01,18
48.77,7557,-7685,7523,-7689,2.349999905,-3.200000048,0.689999998,0.059999999,0.01,0.01,19
48.78,7509,-7705,7489,-7757,2.029999971,-1.309999943,-0.460000008,0.109999999,0.050000001,0.200000003,21
48.79,7532,-7761,7457,-7797,2.029999971,-1.309999943,-0.460000008,0.090000004,0.07,0.300000012,23
48.8,7485,-7794,7389,-7802,2.950000048,1.059999943,0.850000024,0.150000006,0.07,0.400000006,24
48.81,7457,-7873,7354,-7867,2.950000048,1.059999943,0.850000024,0.100000002,0.039999999,0.49000001,25
48.82,7393,-7891,7355,-7889,2.74000001,1.460000038,-0.660000026,0.079999998,0.050000001,0.569999993,26
48.83,7395,-7932,7370,-7957,2.74000001,1.460000038,-0.660000026,0.07,0.029999999,0.660000026,27
48.84,7386,-7993,7327,-8003,0.519999981,2.430000067,-0.449999988,0.059999999,0.029999999,0.74000001,27
48.85,7316,-8035,7308,-8014,0.519999981,2.430000067,-0.449999988,0.100000002,0.039999999,0.810000002,27
48.86,7304,-8063,7322,-8043,1.440000057,5.480000019,1.210000038,0.079999998,-0.01,0.879999995,28
48.87,7333,-8096,7289,-8066,1.440000057,5.480000019,1.210000038,0.079999998,-0.01,0.879999995,28
48.88,7287,-8154,7252,-8083,1.75,7.760000229,-0.059999999,0.090000004,-0.029999999,0.99000001,28
48.89,7281,-8140,7229,-8163,1.75,7.760000229,-0.059999999,0.140000001,-0.050000001,1.029999971,28
48.9,7274,-8165,7234,-8182,1.570000052,6.980000019,0.389999986,0.07,-0.059999999,1.080000043,28
48.91,7297,-8186,7205,-8208,1.570000052,6.980000019,0.389999986,0.129999995,-0.01,1.110000014,28
48.92,7250,-8222,7186,-8217,1.220000029,10.17000008,0.629999995,0.100000002,-0.01,1.120000005,28
48.93,7242,-8184,7173,-8188,1.220000029,10.17000008,0.629999995,0.090000004,0,1.120000005,28
48.94,7230,-8173,7222,-8195,1.74000001,10.72999954,1.340000033,0.059999999,0.01,1.120000005,28
48.95,7209,-8159,7254,-8157,1.74000001,10.72999954,1.340000033,0.029999999,0,1.129999995,28
48.96,7215,-8167,7240,-8168,0.730000019,12.57999992,-1.700000048,0.01,0.02,1.139999986,28
48.97,7200,-8178,7234,-8154,0.730000019,12.57999992,-1.700000048,0.01,0.02,1.139999986,28
48.98,7231,-8152,7240,-8186,1.220000029,10.28999996,0,-0.01,0.01,1.129999995,28
48.99,7229,-8204,7231,-8232,1.220000029,10.28999996,0,0.119999997,0.02,1.120000005,28
49,7217,-8171,7261,-8237,0.540000022,13.10999966,-0.74000001,0,0.01,1.120000005,28
49.01,7244,-8195,7293,-8243,0.540000022,13.10999966,-0.74000001,-0.029999999,0.050000001,1.129999995,28
49.02,7205,-8220,7252,-8195,0.579999983,13.06999969,0.029999999,0.039999999,0.050000001,1.120000005,28
49.03,7228,-8182,7212,-8191,0.579999983,13.06999969,0.029999999,-0.029999999,0.07,1.129999995,28
49.04,7234,-8156,7229,-8189,2.569999933,13.36999989,-0.660000026,0.140000001,0.039999999,1.120000005,28
49.05,7216,-8170,7242,-8164,2.569999933,13.36999989,-0.660000026,0,0.029999999,1.100000024,28
49.06,7212,-8158,7239,-8156,0.689999998,10.81000042,-2.619999886,-0.029999999,0.029999999,1.110000014,28
49.07,7202,-8126,7209,-8180,0.689999998,10.81000042,-2.619999886,-0.029999999,0.029999999,1.110000014,28
49.08,7208,-8192,7194,-8208,1.559999943,12.13000011,-1.299999952,0.01,0.02,1.110000014,28
49.09,7178,-8177,7228,-8231,1.559999943,12.13000011,-1.299999952,0,0.029999999,1.110000014,28
49.1,7209,-8158,7218,-8220,0.74000001,13.14999962,-2.049999952,0,0.059999999,1.120000005,28
49.11,7212,-8168,7201,-8168,0.74000001,13.14999962,-2.049999952,0.059999999,0.059999999,1.100000024,28
49.12,7175,-8218,7188,-8136,0.389999986,13.02999973,0.560000002,0.050000001,0.07,1.100000024,28
49.13,7218,-8118,7167,-8143,0.389999986,13.02999973,0.560000002,0,0.059999999,1.090000033,29
49.14,7198,-8021,7185,-8153,1.669999957,12.98999977,-0.259999991,-0.029999999,0.079999998,1.070000052,29
49.15,7155,-8095,7168,-8128,1.669999957,12.98999977,-0.259999991,-0.079999998,0.119999997,1.039999962,30
49.16,7168,-8164,7172,-8131,0,14.31000042,0.029999999,-0.039999999,0.159999996,1.029999971,31
49.17,7139,-8033,7176,-8137,0,14.31000042,0.029999999,-0.039999999,0.159999996,1.029999971,31
49.18,7218,-8080,7177,-8170,0.059999999,13.31000042,-1.529999971,0.01,0.129999995,1.059999943,31
49.19,7140,-8224,7147,-8162,0.059999999,13.31000042,-1.529999971,-0.039999999,0.109999999,1.090000033,31
49.2,7145,-8120,7159,-8174,0.99000001,13.56000042,-1.799999952,0.129999995,0.07,1.110000014,31
49.21,7138,-8174,7180,-8164,0.99000001,13.56000042,-1.799999952,0.059999999,0.029999999,1.129999995,31
49.22,7142,-8202,7153,-8127,0.980000019,12.56999969,-2.059999943,0.100000002,0,1.169999957,31
49.23,7147,-8185,7130,-8155,0.980000019,12.56999969,-2.059999943,0,-0.01,1.190000057,31
49.24,7130,-8192,7110,-8219,1.299999952,11.75,0.079999998,0,-0.059999999,1.210000038,31
49.25,7130,-8178,7102,-8208,1.299999952,11.75,0.079999998,-0.029999999,-0.01,1.210000038,31
49.26,7131,-8183,7116,-8195,1.00999999,12.26000023,-1.220000029,-0.07,-0.029999999,1.210000038,31
49.27,7115,-8106,7126,-8211,1.00999999,12.26000023,-1.220000029,-0.07,-0.029999999,1.210000038,31
49.28,7102,-8198,7105,-8258,-1.769999981,13.52999973,1.74000001,0,-0.039999999,1.200000048,31
49.29,7090,-8203,7113,-8196,-1.769999981,13.52999973,1.74000001,-0.189999998,-0.07,1.210000038,31
49.3,7065,-8163,7096,-8218,0.970000029,15.68999958,0.699999988,0.02,-0.050000001,1.200000048,31
49.31,7067,-8149,7095,-8216,0.970000029,15.68999958,0.699999988,-0.180000007,-0.109999999,1.190000057,31
49.32,7049,-8119,7111,-8131,-0.74000001,16.30999947,0.970000029,-0.059999999,-0.039999999,1.169999957,31
49.33,7071,-8116,7094,-8158,-0.74000001,16.30999947,0.970000029,-0.059999999,-0.01,1.149999976,32
49.34,7064,-8104,7079,-8120,-0.540000022,17.95000076,2.700000048,0.159999996,0,1.120000005,33
49.35,7060,-8048,7092,-8098,-0.540000022,17.95000076,2.700000048,-0.01,0.100000002,1.120000005,33
49.36,7058,-8054,7090,-8107,0.479999989,15.14999962,1.049999952,0.129999995,0.059999999,1.100000024,33
49.37,7006,-8025,7056,-8064,0.479999989,15.14999962,1.049999952,0.129999995,0.059999999,1.100000024,33
49.38,7048,-8033,7054,-8064,0.839999974,12.23999977,-1.360000014,0.100000002,0.109999999,1.110000014,34
49.39,7043,-8061,7083,-8073,0.839999974,12.23999977,-1.360000014,0.079999998,0.100000002,1.120000005,34
49.4,7016,-8062,7067,-8112,0.579999983,11.52000046,-2,0.050000001,0.090000004,1.139999986,34
49.41,7007,-8063,7076,-8141,0.579999983,11.52000046,-2,0.059999999,0.07,1.179999948,34
49.42,7007,-8065,7090,-8133,0.680000007,11.03999996,-1.370000005,0.02,0.079999998,1.200000048,34
49.43,6973,-8132,7085,-8117,0.680000007,11.03999996,-1.370000005,-0.039999999,0.079999998,1.230000019,34
49.44,6941,-8071,7068,-8096,-0.949999988,14.47000027,-1.299999952,-0.050000001,0.090000004,1.24000001,35
49.45,6959,-8039,7056,-8074,-0.949999988,14.47000027,-1.299999952,-0.090000004,0.059999999,1.25,35
49.46,6959,-8066,7047,-8067,0.629999995,13.02999973,-1.5,0.02,0.02,1.25999999,35
49.47,6917,-8098,7024,-8070,0.629999995,13.02999973,-1.5,0.02,0.02,1.25999999,36
49.48,6924,-8000,6963,-8090,1.350000024,13.36999989,-2.230000019,-0.029999999,0.050000001,1.269999981,36
49.49,6932,-8093,6997,-8117,1.350000024,13.36999989,-2.230000019,-0.029999999,0.07,1.269999981,37
49.5,6861,-8026,6982,-8137,0.330000013,10.97999954,-2.980000019,-0.01,0.090000004,1.279999971,37
49.51,6874,-7995,6961,-8163,0.330000013,10.97999954,-2.980000019,-0.02,0.090000004,1.279999971,38
49.52,6855,-7971,6915,-8117,1.090000033,12.10000038,-1.649999976,0,0.090000004,1.279999971,38
49.53,6778,-8095,6886,-8032,1.090000033,12.10000038,-1.649999976,0.050000001,0.109999999,1.25999999,38
49.54,6791,-8049,6865,-8024,0.129999995,14.86999989,-0.059999999,-0.07,0.100000002,1.269999981,38
49.55,6819,-7935,6863,-8060,0.129999995,14.86999989,-0.059999999,0.129999995,0.029999999,1.330000043,38
49.56,6896,-8089,6852,-8034,-1.789999962,13.64999962,0.680000007,0.01,0.059999999,1.340000033,38
49.57,6792,-8088,6822,-8030,-1.789999962,13.64999962,0.680000007,0.01,0.059999999,1.340000033,38
49.58,6764,-7996,6808,-8104,-1.559999943,13.81999969,-0.200000003,0.129999995,0,1.389999986,38
49.59,6793,-8072,6781,-8116,-1.559999943,13.81999969,-0.200000003,0.100000002,0,1.389999986,38
49.6,6753,-8142,6763,-8085,-1.070000052,13.31999969,-0.610000014,-0.029999999,0.01,1.419999957,38
49.61,6770,-8139,6733,-8114,-1.070000052,13.31999969,-0.610000014,0.029999999,0,1.440000057,38
49.62,6756,-8052,6751,-8128,0.280000001,13.64000034,-0.509999991,-0.07,-0.050000001,1.450000048,38
49.63,6736,-8107,6735,-8081,0.280000001,13.64000034,-0.509999991,-0.039999999,-0.059999999,1.450000048,38
49.64,6738,-8020,6705,-8025,0.970000029,12.34000015,-0.730000019,-0.189999998,-0.100000002,1.460000038,38
49.65,6720,-8053,6712,-8080,0.970000029,12.34000015,-0.730000019,-0.090000004,-0.039999999,1.440000057,38
49.66,6705,-8010,6707,-8115,-1.110000014,15.76000023,3.150000095,-0.219999999,-0.039999999,1.429999948,38
49.67,6697,-7932,6708,-8039,-1.110000014,15.76000023,3.150000095,-0.219999999,-0.039999999,1.429999948,38
49.68,6662,-7951,6709,-7985,1.710000038,17.07999992,0.479999989,-0.189999998,-0.050000001,1.399999976,38
49.69,6673,-7859,6695,-7972,1.710000038,17.07999992,0.479999989,-0.180000007,-0.029999999,1.350000024,38
49.7,6682,-7882,6697,-7922,0.839999974,14.39000034,2.269999981,-0.129999995,0,1.330000043,38
49.71,6679,-7862,6731,-7940,0.839999974,14.39000034,2.269999981,0.140000001,0.059999999,1.289999962,38
49.72,6671,-7854,6694,-7940,-0.170000002,14.78999996,2.630000114,0.01,0.07,1.269999981,38
49.73,6644,-7859,6704,-7918,-0.170000002,14.78999996,2.630000114,0.050000001,0.129999995,1.25999999,38
49.74,6651,-7816,6694,-7881,0.129999995,16.06999969,0.270000011,0.059999999,0.129999995,1.230000019,38
49.75,6666,-7765,6689,-7838,0.129999995,16.06999969,0.270000011,0.01,0.150000006,1.230000019,38
49.76,6636,-7791,6686,-7808,1.74000001,13.47999954,-1.909999967,0.02,0.140000001,1.230000019,38
49.77,6636,-7777,6664,-7802,1.74000001,13.47999954,-1.909999967,0.02,0.140000001,1.230000019,38
49.78,6620,-7781,6698,-7823,-0.280000001,11.34000015,-3.170000076,-0.119999997,0.129999995,1.25,38
49.79,6619,-7782,6691,-7837,-0.280000001,11.34000015,-3.170000076,-0.07,0.100000002,1.269999981,38
49.8,6610,-7741,6683,-7878,-1.159999967,12.86999989,-3.450000048,-0.039999999,0.140000001,1.289999962,38
49.81,6579,-7762,6672,-7880,1.379999995,11.13000011,-1.659999967,-0.050000001,0.079999998,1.320000052,38
49.82,6592,-7838,6662,-7911,-1.830000043,14.47000027,-2.50999999,0.050000001,0.119999997,1.330000043,38
49.83,6579,-7799,6628,-7902,2.289999962,11.56000042,-1.25999999,-0.07,0.039999999,1.350000024,38
49.84,6564,-7838,6656,-7895,0.059999999,13.23999977,-1.090000033,0.180000007,0.039999999,1.370000005,38
49.85,6569,-7832,6664,-7874,0.970000029,12.85000038,-0.959999979,-0.029999999,0.050000001,1.399999976,38
49.86,6552,-7769,6660,-7863,0.920000017,13.92000008,-1.409999967,0.059999999,0.02,1.409999967,38
49.87,6532,-7765,6649,-7842,-0.340000004,14.57999992,-0.629999995,0.050000001,0.090000004,1.409999967,38
49.88,6538,-7777,6642,-7855,3.079999924,13.38000011,-0.910000026,0.02,0.050000001,1.409999967,38
49.89,6507,-7751,6638,-7846,-0.209999993,14.22999954,1.00999999,0.079999998,0.050000001,1.399999976,38
49.9,6492,-7729,6629,-7864,0.550000012,13.42000008,-1.029999971,-0.039999999,0.079999998,1.399999976,38
49.91,6485,-7819,6603,-7863,1.590000033,14.36999989,-0.119999997,0.079999998,0.039999999,1.409999967,38
49.92,6468,-7774,6606,-7889,-0.569999993,15.67000008,-0.579999983,0.07,0.059999999,1.419999957,38
49.93,6470,-7757,6628,-7898,1.149999976,14.86999989,0.689999998,0.02,0.039999999,1.429999948,38
49.94,6458,-7796,6587,-7845,0.100000002,15.19999981,-0.939999998,0.079999998,0.07,1.429999948,38
49.95,6447,-7739,6555,-7865,1.389999986,16.71999931,1.309999943,0.050000001,0.029999999,1.429999948,38
49.96,6454,-7747,6560,-7853,0.540000022,15.82999992,-0.529999971,0.050000001,0.050000001,1.429999948,38
49.97,6438,-7735,6593,-7815,0.509999991,14.81000042,0.74000001,-0.029999999,0.050000001,1.419999957,38
49.98,6448,-7679,6568,-7794,0.460000008,14.78999996,-0.02,0.01,0.109999999,1.409999967,38
49.99,6463,-7666,6573,-7792,1.720000029,13.64999962,-0.639999986,0.050000001,0.100000002,1.409999967,38
50,6412,-7702,6608,-7804,0.759999991,14.14999962,-1.190000057,0.02,0.07,1.419999957,38
50.01,6462,-7654,6620,-7832,1.460000038,11.47000027,-0.75,-0.039999999,0.090000004,1.429999948,38
50.02,6443,-7741,6644,-7883,1.779999971,12.47999954,-1.440000057,0.050000001,0.07,1.450000048,38
50.03,6420,-7742,6710,-7912,-0.670000017,13.56999969,-1.649999976,0,0.079999998,1.460000038,38
50.04,6399,-7733,6733,-7899,3.75,11.13000011,-1.080000043,-0.100000002,0.01,1.49000001,38
50.05,6392,-7788,6736,-7858,0.239999995,15.56999969,-2.230000019,0.02,0.039999999,1.480000019,38
50.06,6377,-7692,6701,-7844,2.130000114,12.59000015,-1.289999962,-0.170000002,0.02,1.49000001,38
50.07,6378,-7749,6673,-7830,3.289999962,13.89000034,-2.210000038,0.059999999,0.039999999,1.5,38
50.08,6404,-7769,6647,-7857,0.790000022,16,0.07,0,0.029999999,1.5,37
50.09,6380,-7751,6628,-7909,2.140000105,13.44999981,-0.509999991,-0.039999999,0.039999999,1.5,36
50.1,6397,-7752,6614,-7907,1.610000014,15.36999989,0.270000011,0.150000006,0.050000001,1.50999999,35
50.11,6395,-7754,6630,-7944,2.430000067,12.32999992,-0.090000004,0,0.01,1.529999971,33
50.12,6408,-7771,6667,-7923,1.779999971,13.92000008,-1.850000024,0.050000001,0,1.539999962,31
50.13,6431,-7796,6647,-7926,2.670000076,14.31999969,-0.910000026,-0.039999999,-0.039999999,1.549999952,29
50.14,6425,-7765,6643,-7936,1.309999943,13.56000042,-1.610000014,-0.02,-0.029999999,1.549999952,27
50.15,6460,-7754,6662,-7903,2.920000076,13.35000038,-2.119999886,-0.050000001,-0.02,1.559999943,25
50.16,6485,-7799,6648,-7876,2.220000029,14.78999996,0.389999986,-0.059999999,-0.059999999,1.529999971,24
50.17,6504,-7645,6670,-7925,2.730000019,16.43000031,-0.230000004,-0.059999999,-0.01,1.480000019,23
50.18,6488,-7634,6694,-7848,2.809999943,16.93000031,1.950000048,-0.050000001,-0.07,1.440000057,21
50.19,6554,-7673,6676,-7802,3.140000105,17.14999962,1.029999971,-0.039999999,-0.059999999,1.370000005,21
50.2,6580,-7591,6680,-7755,1.120000005,18.88999939,1.730000019,-0.119999997,-0.07,1.279999971,21
50.21,6645,-7526,6723,-7695,1.840000033,16.73999977,0.720000029,-0.129999995,0,1.200000048,21
50.22,6673,-7536,6782,-7667,0.980000019,16.80999947,2.619999886,-0.079999998,0.07,1.120000005,21
50.23,6702,-7482,6830,-7657,2.779999971,15.56000042,1.25,-0.029999999,0.059999999,1.049999952,21
50.24,6764,-7499,6840,-7669,1.539999962,16.62999916,0.99000001,-0.02,0.100000002,0.980000019,21
50.25,6758,-7470,6872,-7624,3.25999999,15.55000019,0.870000005,-0.02,0.090000004,0.920000017,21
50.26,6805,-7482,6925,-7587,1.230000019,14.85000038,0.449999988,0,0.119999997,0.879999995,21
50.27,6851,-7501,6997,-7579,2.789999962,12.21000004,-0.300000012,-0.050000001,0.090000004,0.850000024,21
50.28,6841,-7430,7045,-7571,1.029999971,13.90999985,-2.039999962,0.01,0.109999999,0.819999993,21
50.29,6831,-7444,7049,-7586,2.210000038,12.5,-2.150000095,-0.109999999,0.100000002,0.800000012,21
50.3,6836,-7459,7069,-7541,2.269999981,14.26000023,-2.299999952,-0.02,0.07,0.779999971,21
50.31,6852,-7481,7085,-7550,1.860000014,11.30000019,-1.539999962,-0.140000001,0.029999999,0.769999981,21
50.32,6856,-7467,7072,-7532,0.889999986,11.27000046,-3.690000057,-0.02,0.050000001,0.75,21
50.33,6885,-7488,7061,-7576,2.559999943,12.88000011,-1.450000048,0,0.039999999,0.74000001,21
50.34,6912,-7467,7081,-7601,0.850000024,11.77000046,-1.450000048,-0.01,0.01,0.720000029,21
50.35,6900,-7499,7079,-7601,2.460000038,12.64999962,-1.269999981,0,0,0.699999988,21
50.36,6944,-7487,7039,-7571,2.569999933,11.88000011,-0.25,-0.01,-0.07,0.689999998,21
50.37,6987,-7519,7003,-7507,1.450000048,12.68999958,-1.74000001,0.050000001,-0.02,0.670000017,21
50.38,6997,-7540,7047,-7536,0.870000005,14.15999985,0.370000005,-0.02,-0.029999999,0.629999995,22
50.39,7014,-7414,7101,-7563,0.300000012,14.38000011,0.649999976,0,0,0.600000024,24
50.4,7055,-7467,7082,-7537,2.650000095,12.75,2.410000086,-0.02,-0.029999999,0.579999983,26
50.41,7049,-7490,7055,-7500,2.480000019,12.68999958,0.730000019,0,-0.01,0.560000002,28
50.42,7029,-7445,7036,-7494,0.409999996,12.34000015,0.639999986,-0.100000002,0,0.560000002,30
50.43,7007,-7456,6979,-7480,1.799999952,12.30000019,-0.109999999,-0.050000001,0.01,0.569999993,32
50.44,6968,-7494,6963,-7485,-0.340000004,11.97999954,0.600000024,0.01,0.059999999,0.579999983,33
50.45,6980,-7505,6958,-7553,1,10.22000027,0.07,0,0.059999999,0.600000024,35
50.46,6910,-7541,6939,-7609,-0.129999995,9.369999886,1.169999957,0,0.100000002,0.639999986,36
50.47,6938,-7587,6914,-7561,2.279999971,9.680000305,1.870000005,0.01,0.050000001,0.689999998,36
50.48,6889,-7615,6886,-7600,2.019999981,8.359999657,-0.239999995,-0.01,0.079999998,0.74000001,37
50.49,6850,-7661,6846,-7593,0.100000002,10.55000019,-0.270000011,-0.01,0.079999998,0.790000022,37
50.5,6827,-7650,6829,-7629,1.070000052,8.239999771,-1.179999948,-0.079999998,0.079999998,0.860000014,37
50.51,6834,-7668,6842,-7686,1.139999986,8.699999809,-0.779999971,-0.02,0.079999998,0.920000017,38
50.52,6799,-7712,6816,-7668,0.75,7.480000019,-2.019999981,0,0.059999999,0.99000001,38
50.53,6754,-7735,6787,-7686,1.169999957,8.789999962,-1.870000005,-0.039999999,0.07,1.049999952,38
50.54,6733,-7744,6777,-7727,-0.460000008,10.85999966,-0.569999993,-0.02,0.050000001,1.090000033,38
50.55,6710,-7789,6753,-7772,1.49000001,8.510000229,-1.019999981,-0.02,0.039999999,1.149999976,38
50.56,6701,-7754,6709,-7800,0.569999993,10.15999985,-1.669999957,0.059999999,0.01,1.200000048,38
50.57,6686,-7860,6708,-7804,0.389999986,10.36999989,-1.590000033,0.039999999,0.029999999,1.24000001,38
50.58,6680,-7809,6661,-7827,0.629999995,10.34000015,0.519999981,0.050000001,-0.02,1.279999971,38
50.59,6654,-7851,6641,-7794,0.230000004,10.60000038,-0.5,0.029999999,0.01,1.309999943,38
50.6,6650,-7866,6616,-7801,0.479999989,11.32999992,-0.280000001,0,0,1.330000043,38
50.61,6603,-7830,6621,-7859,-0.589999974,12.55000019,-0.689999998,0.029999999,0.039999999,1.340000033,38
50.62,6613,-7738,6598,-7840,1.399999976,13.03999996,1.570000052,0.02,0.039999999,1.340000033,38
50.63,6625,-7784,6593,-7858,1.950000048,12.84000015,0.920000017,0.079999998,0.050000001,1.350000024,38
50.64,6576,-7774,6599,-7837,0.140000001,13.07999992,-1.139999986,0,0.039999999,1.360000014,38
50.65,6566,-7719,6594,-7813,0.920000017,10.90999985,-1.860000014,-0.090000004,0.01,1.379999995,38
50.66,6567,-7830,6567,-7812,-0.980000019,13.35000038,-1.840000033,0.01,0.079999998,1.389999986,38
50.67,6540,-7833,6571,-7879,0.360000014,13.19999981,-0.300000012,0,0.039999999,1.409999967,38
50.68,6520,-7824,6560,-7884,-0.730000019,14.19999981,1.159999967,0.02,0.07,1.419999957,38
50.69,6533,-7818,6545,-7894,1.860000014,14.03999996,1.00999999,-0.01,0.02,1.440000057,38
50.7,6521,-7829,6507,-7901,-0.939999998,14.14000034,-0.660000026,0.039999999,0,1.460000038,38
50.71,6512,-7865,6514,-7854,1.950000048,14.65999985,1.289999962,-0.01,-0.02,1.460000038,38
50.72,6516,-7871,6523,-7852,0.270000011,13.39999962,-0.340000004,-0.01,-0.029999999,1.480000019,38
50.73,6504,-7793,6502,-7841,-1.49000001,14.14999962,-0.709999979,-0.090000004,0.02,1.480000019,38
50.74,6534,-7779,6484,-7821,0.870000005,14.85999966,0.300000012,0,0,1.470000029,38
50.75,6497,-7823,6518,-7827,1.5,12.89000034,1,0.050000001,-0.01,1.480000019,38
50.76,6513,-7782,6496,-7866,2.019999981,12.32999992,-0.769999981,-0.02,-0.039999999,1.470000029,37
50.77,6511,-7770,6479,-7832,-0.050000001,13.02000046,-0.920000017,-0.039999999,-0.050000001,1.450000048,37
50.78,6514,-7798,6517,-7814,1.970000029,13.71000004,-1.409999967,-0.039999999,-0.050000001,1.450000048,36
50.79,6507,-7719,6515,-7818,0.74000001,15.85000038,0.720000029,0.02,-0.050000001,1.419999957,36
50.8,6513,-7707,6517,-7789,1.379999995,12.65999985,1.159999967,-0.090000004,-0.02,1.399999976,36
50.81,6482,-7735,6517,-7758,0.560000002,17.20999908,0.959999979,0.050000001,0.02,1.350000024,36
50.82,6513,-7671,6534,-7763,-0.07,15.63000011,1.629999995,-0.100000002,0.050000001,1.309999943,36
50.83,6512,-7667,6542,-7699,1.519999981,15.28999996,1.970000029,-0.039999999,0.07,1.279999971,36
50.84,6496,-7652,6557,-7705,0.600000024,15.18000031,0.200000003,-0.129999995,0.079999998,1.25,36
50.85,6535,-7602,6557,-7676,-1.100000024,14.75,0.02,-0.140000001,0.140000001,1.220000029,36
50.86,6528,-7611,6585,-7673,2.519999981,13.60999966,0.289999992,-0.109999999,0.159999996,1.200000048,36
50.87,6535,-7616,6580,-7709,0.540000022,14.56999969,0.620000005,0,0.180000007,1.190000057,36
50.88,6538,-7571,6596,-7730,2.559999943,10.68000031,-0.74000001,-0.129999995,0.129999995,1.190000057,36
50.89,6546,-7697,6618,-7774,-0.189999998,13,-3.059999943,-0.07,0.170000002,1.200000048,36
50.9,6554,-7668,6626,-7770,2.650000095,10.67000008,-1.549999952,-0.109999999,0.079999998,1.230000019,36
50.91,6526,-7701,6640,-7768,1.090000033,11.06000042,-3.380000114,0.01,0.109999999,1.25999999,36
50.92,6541,-7734,6663,-7774,0.07,11.72000027,-2.74000001,-0.07,0.100000002,1.269999981,36
50.93,6526,-7690,6659,-7791,3.160000086,9.43999958,-2.960000038,0.07,0.050000001,1.309999943,36
50.94,6529,-7744,6637,-7776,1.25,13.43000031,-2.930000067,0.239999995,0.050000001,1.330000043,36
50.95,6538,-7799,6663,-7825,2.329999924,12.40999985,-1.350000024,0.02,-0.01,1.350000024,36
50.96,6532,-7739,6697,-7825,-0.360000014,14.52999973,0.680000007,0.059999999,-0.01,1.350000024,36
50.97,6523,-7679,6678,-7822,1.039999962,13.76000023,-0.150000006,-0.079999998,0,1.360000014,36
50.98,6540,-7757,6618,-7794,2.00999999,13.80000019,0.680000007,0,-0.01,1.370000005,36
50.99,6519,-7703,6626,-7816,1.669999957,14.03999996,-0.409999996,-0.02,0,1.370000005,36
51,6514,-7732,6620,-7838,-0.079999998,15.47000027,-0.01,-0.039999999,0.039999999,1.360000014,36
51.01,6553,-7726,6607,-7837,3.24000001,14.69999981,1.269999981,0.039999999,0,1.360000014,36
51.02,6529,-7715,6630,-7816,0.699999988,15.43000031,0.790000022,0.090000004,0.01,1.360000014,36
51.03,6539,-7779,6660,-7821,2.720000029,12.60000038,0.400000006,0.02,0.01,1.360000014,36
51.04,6538,-7686,6680,-7809,0.670000017,15.76000023,0.720000029,0.039999999,0.039999999,1.350000024,36
51.05,6529,-7685,6684,-7772,1.919999957,11.67000008,-0.620000005,-0.079999998,0.029999999,1.350000024,36
51.06,6523,-7731,6703,-7803,3.079999924,13.36999989,-1.5,0.02,0.07,1.350000024,36
51.07,6515,-7709,6706,-7804,0.99000001,14.39999962,1.169999957,-0.029999999,0.059999999,1.340000033,36
51.08,6508,-7657,6672,-7814,1.029999971,14.68000031,0.400000006,-0.140000001,0.090000004,1.330000043,36
51.09,6521,-7698,6637,-7806,2.089999914,15.42000008,1.110000014,-0.100000002,0.090000004,1.320000052,36
51.1,6533,-7699,6676,-7832,0.930000007,14.11999989,-1.139999986,-0.109999999,0.090000004,1.309999943,36
51.11,6489,-7677,6676,-7808,0.850000024,13.06000042,-0.02,-0.170000002,0.090000004,1.320000052,36
51.12,6513,-7715,6604,-7783,1.970000029,13.42000008,-1.669999957,-0.079999998,0.100000002,1.320000052,36
51.13,6526,-7676,6606,-7801,1.860000014,13.01000023,-1.980000019,-0.090000004,0.100000002,1.309999943,36
51.14,6479,-7722,6636,-7820,1.159999967,13.46000004,-2.579999924,-0.01,0.109999999,1.299999952,36
51.15,6465,-7690,6607,-7788,1.610000014,10.71000004,-1.549999952,-0.039999999,0.100000002,1.330000043,36
51.16,6439,-7694,6595,-7760,1.710000038,14.06999969,-1.590000033,0.170000002,0.07,1.350000024,36
51.17,6505,-7728,6614,-7801,0.920000017,12.77000046,-1.789999962,0.159999996,0.109999999,1.370000005,36
51.18,6467,-7754,6647,-7814,3.200000048,11.28999996,-0.74000001,0.270000011,0.02,1.399999976,36
51.19,6474,-7741,6671,-7876,0.239999995,11.85000038,-2.25999999,0.25,0.07,1.419999957,36
51.2,6476,-7741,6741,-7905,2.200000048,14.02999973,0.119999997,0.189999998,0.02,1.440000057,36
51.21,6483,-7746,6798,-7932,1.909999967,13.94999981,0.709999979,0.140000001,0.01,1.450000048,35
51.22,6454,-7838,6819,-7900,0.100000002,15.30000019,1,-0.039999999,0.02,1.450000048,33
51.23,6501,-7852,6785,-7855,2.390000105,16.20999908,1.24000001,-0.059999999,-0.039999999,1.450000048,32
51.24,6506,-7752,6765,-7850,1.090000033,16.37999916,1.49000001,-0.230000004,0,1.450000048,29
51.25,6506,-7735,6764,-7894,3.359999895,15.22000027,0.059999999,-0.200000003,-0.059999999,1.440000057,28
51.26,6555,-7788,6769,-7900,2.420000076,12.44999981,-1.379999995,-0.25,-0.100000002,1.440000057,28
51.27,6515,-7745,6772,-7917,2.079999924,14.47999954,-0.709999979,-0.219999999,-0.119999997,1.419999957,28
51.28,6529,-7718,6782,-7900,1,14.81000042,-2.00999999,-0.200000003,-0.140000001,1.419999957,28
51.29,6577,-7692,6791,-7907,3.630000114,14.72000027,0.389999986,-0.150000006,-0.159999996,1.409999967,28
51.3,6584,-7704,6807,-7890,2.859999895,12.60999966,-0.230000004,-0.059999999,-0.200000003,1.389999986,28
51.31,6580,-7717,6712,-7852,1.99000001,12.40999985,-3.25,-0.01,-0.129999995,1.370000005,28
51.32,6626,-7705,6641,-7850,2.890000105,16.04000092,-1.700000048,0.119999997,-0.129999995,1.330000043,28
51.33,6631,-7702,6673,-7830,0.090000004,18.12999916,1.070000052,0.170000002,-0.090000004,1.279999971,30
51.34,6727,-7677,6709,-7731,3.230000019,13.28999996,1.019999981,0.280000001,-0.050000001,1.24000001,31
51.35,6746,-7687,6742,-7772,2.049999952,15.68999958,2.569999933,0.310000002,-0.01,1.190000057,33
51.36,6804,-7607,6768,-7704,-0.519999981,16.81999969,4.53000021,0.200000003,0.01,1.149999976,33
51.37,6875,-7589,6750,-7684,3.109999895,16.69000053,3.420000076,0.02,0.050000001,1.100000024,34
51.38,6892,-7561,6747,-7671,0.01,19,4.929999828,0.039999999,0.159999996,1.029999971,35
51.39,6932,-7535,6791,-7629,0.699999988,16.63999939,1.74000001,-0.159999996,0.189999998,0.99000001,35
51.4,6887,-7525,6809,-7671,1.49000001,13.60000038,1,-0.219999999,0.230000004,0.970000029,35
51.41,6835,-7527,6824,-7687,2.160000086,15.56999969,-0.189999998,-0.150000006,0.25,0.949999988,35
51.42,6724,-7536,6820,-7718,2.279999971,11.73999977,-0.529999971,-0.270000011,0.209999993,0.949999988,35
51.43,6649,-7570,6795,-7744,2.279999971,11.46000004,-4.690000057,-0.200000003,0.200000003,0.980000019,35
51.44,6606,-7645,6788,-7698,-0.360000014,11.35000038,-5.309999943,-0.140000001,0.180000007,1.029999971,35
51.45,6601,-7623,6806,-7676,3.059999943,10.34000015,-3.819999933,0,0.140000001,1.090000033,35
51.46,6609,-7682,6828,-7737,0,11.44999981,-2.119999886,0.159999996,0.150000006,1.129999995,35
51.47,6602,-7654,6883,-7722,1.690000057,11.02999973,-2.720000029,0.140000001,0.079999998,1.169999957,35
51.48,6605,-7701,6915,-7734,1.429999948,11.86999989,-0.670000017,0.170000002,0.039999999,1.220000029,35
51.49,6603,-7769,6927,-7774,1.75,11.5,-1.080000043,0.140000001,0.039999999,1.24000001,35
51.5,6610,-7693,7006,-7786,-0.75,12.72999954,-1.429999948,0.07,0.039999999,1.269999981,35
51.51,6599,-7723,7095,-7838,1.320000052,12.64000034,-0.07,-0.01,0.039999999,1.299999952,35
51.52,6608,-7748,7061,-7864,2.559999943,12.15999985,-0.550000012,-0.02,-0.050000001,1.320000052,35
51.53,6604,-7701,6961,-7880,1.639999986,13.25,-1.120000005,-0.140000001,-0.039999999,1.330000043,35
51.54,6553,-7756,6888,-7867,2.880000114,14.31000042,0.140000001,-0.180000007,-0.059999999,1.340000033,35
51.55,6562,-7780,6814,-7814,2.400000095,12.85999966,-1.049999952,-0.079999998,-0.059999999,1.340000033,35
51.56,6593,-7814,6741,-7831,2.349999905,14.90999985,-0.759999991,-0.029999999,-0.029999999,1.360000014,35
51.57,6586,-7798,6718,-7860,0.759999991,15.98999977,-0.119999997,0.029999999,-0.01,1.330000043,35
51.58,6589,-7711,6723,-7826,2.950000048,13.57999992,0.639999986,-0.050000001,-0.02,1.299999952,35
51.59,6550,-7654,6704,-7839,2.220000029,16.32999992,0.519999981,0.109999999,0.01,1.279999971,35
51.6,6572,-7780,6671,-7821,2.180000067,15.27000046,0.589999974,0.059999999,0,1.289999962,35
51.61,6591,-7773,6655,-7794,-0.680000007,18.79000092,1.799999952,0.119999997,0.029999999,1.289999962,35
51.62,6604,-7678,6699,-7758,0.819999993,14.51000023,2.069999933,0,0.07,1.279999971,35
51.63,6622,-7742,6744,-7777,2.390000105,13.47000027,1.059999943,0.140000001,0.07,1.279999971,35
51.64,6580,-7709,6754,-7837,-0.699999988,14.18999958,1.470000029,0.050000001,0.090000004,1.279999971,35
51.65,6575,-7742,6761,-7859,2.220000029,13.65999985,-1.120000005,-0.059999999,0.059999999,1.289999962,35
51.66,6608,-7740,6797,-7848,0.730000019,17.34000015,1.00999999,-0.01,0.050000001,1.289999962,35
51.67,6591,-7760,6813,-7837,3.190000057,11.86999989,-0.629999995,-0.200000003,0.029999999,1.309999943,35
51.68,6584,-7801,6804,-7830,1.350000024,13.96000004,-1.669999957,0,0,1.309999943,35
51.69,6561,-7751,6810,-7842,1.809999943,11.17000008,-2.680000067,-0.219999999,0.02,1.330000043,35
51.7,6575,-7750,6791,-7883,2.420000076,12.81999969,-1.429999948,-0.050000001,0.039999999,1.350000024,35
51.71,6600,-7756,6801,-7896,2.119999886,13.55000019,-0.889999986,0,0.01,1.350000024,35
51.72,6589,-7784,6813,-7860,3.210000038,9.010000229,-2.440000057,-0.07,-0.029999999,1.370000005,35
51.73,6588,-7761,6872,-7873,1.129999995,11.05000019,-2.519999981,0.01,-0.02,1.389999986,35
51.74,6581,-7797,6781,-7905,1.049999952,16.20999908,-0.509999991,-0.059999999,-0.01,1.389999986,35
51.75,6552,-7789,6668,-7916,2.960000038,14.72999954,0.689999998,-0.01,-0.029999999,1.379999995,35
51.76,6573,-7808,6643,-7854,1.450000048,17.27000046,0.730000019,0.140000001,0.029999999,1.370000005,35
51.77,6620,-7804,6688,-7870,2.460000038,14.39000034,2.230000019,0.090000004,0,1.360000014,35
51.78,6617,-7759,6734,-7887,0.99000001,15.06000042,0.370000005,0.159999996,0.050000001,1.330000043,35
51.79,6618,-7728,6725,-7821,2.890000105,14.06999969,2.109999895,0.059999999,0.01,1.299999952,35
51.8,6641,-7732,6707,-7802,1.370000005,15.22000027,-1.50999999,0.140000001,0.079999998,1.289999962,35
51.81,6647,-7694,6736,-7790,0.170000002,16.12000084,1.75,0,0.100000002,1.24000001,35
51.82,6666,-7691,6794,-7761,2.569999933,14.10999966,-0.050000001,0.029999999,0.140000001,1.230000019,35
51.83,6648,-7727,6814,-7821,1.970000029,13.06999969,0.629999995,-0.039999999,0.150000006,1.230000019,35
51.84,6650,-7694,6852,-7869,2.039999962,13.81999969,-1.690000057,-0.090000004,0.129999995,1.230000019,35
51.85,6636,-7692,6855,-7891,1.5,12.72999954,-1.440000057,-0.180000007,0.129999995,1.24000001,35
51.86,6620,-7788,6833,-7870,3.349999905,12.88000011,-1.129999995,-0.140000001,0.090000004,1.25999999,35
51.87,6621,-7765,6812,-7827,1.50999999,13.36999989,-0.689999998,-0.07,0.07,1.269999981,35
51.88,6626,-7773,6802,-7842,1.49000001,13.46000004,-0.870000005,-0.109999999,0.090000004,1.289999962,35
51.89,6611,-7783,6752,-7861,0.5,15.03999996,-1.850000024,-0.02,0.100000002,1.289999962,35
51.9,6659,-7771,6767,-7873,2.539999962,14.17000008,-1.529999971,0.039999999,0.07,1.289999962,35
51.91,6616,-7776,6777,-7898,1.940000057,12.64999962,-0.370000005,0.109999999,0.07,1.299999952,35
51.92,6624,-7813,6769,-7898,2.450000048,11.38000011,-1.679999948,0.150000006,0.059999999,1.320000052,35
51.93,6664,-7800,6771,-7905,2.880000114,15.02999973,-0.289999992,0.209999993,-0.01,1.320000052,34
51.94,6640,-7799,6800,-7894,1.409999967,12.40999985,-0.589999974,0.109999999,0.01,1.340000033,33
51.95,6662,-7752,6870,-7916,3.099999905,12.22000027,-1.620000005,0.02,-0.02,1.350000024,31
51.96,6736,-7712,6890,-7917,0.119999997,12.64000034,-0.689999998,-0.07,0.01,1.330000043,30
51.97,6699,-7898,6860,-7886,2.930000067,13.27999973,-1.090000033,-0.150000006,0.01,1.299999952,29
51.98,6635,-7748,6817,-7883,0.810000002,17.59000015,0.759999991,-0.209999993,0,1.25,27
51.99,6634,-7712,6816,-7911,3.50999999,14.85000038,0.810000002,-0.370000005,0.029999999,1.25999999,26
52,6766,-7827,6812,-7873,2.559999943,15.11999989,0.310000002,-0.129999995,-0.029999999,1.25,25
52.01,6758,-7698,6803,-7820,1.649999976,14.40999985,0.02,-0.100000002,0,1.220000029,25
52.02,6742,-7682,6831,-7814,2,14.39999962,-1.549999952,0.02,-0.01,1.179999948,25
52.03,6784,-7714,6904,-7805,2.400000095,15.40999985,0.810000002,0.150000006,-0.01,1.129999995,25
52.04,6813,-7711,6934,-7811,1.210000038,13.11999989,0.579999983,0.079999998,-0.01,1.090000033,25
52.05,6831,-7656,6947,-7814,1.769999981,15.56000042,-1.529999971,0.129999995,0.029999999,1.049999952,25
52.06,6855,-7680,6967,-7810,1.679999948,14.25,2.119999886,0.050000001,0,1.00999999,25
52.07,6872,-7677,7005,-7790,1.629999995,15.10000038,0.589999974,0.109999999,0.01,0.970000029,25
52.08,6915,-7660,7055,-7737,0.99000001,13.43999958,0.140000001,0,0.02,0.930000007,25
52.09,6966,-7671,7075,-7711,3.109999895,11.81999969,-0.319999993,-0.059999999,-0.029999999,0.899999976,25
52.1,6955,-7649,7141,-7794,0.270000011,13.68000031,-0.920000017,0.01,0.029999999,0.870000005,25
52.11,6975,-7629,7203,-7737,3.049999952,12.68999958,2.089999914,-0.159999996,-0.01,0.850000024,25
52.12,6984,-7643,7085,-7716,0.74000001,12.77000046,-1.840000033,-0.129999995,0.059999999,0.839999974,26
52.13,6975,-7616,7012,-7694,1.440000057,16.10000038,-1.129999995,-0.189999998,0.029999999,0.810000002,28
52.14,6974,-7639,7065,-7674,2.210000038,14.5,-1.320000052,0,0.050000001,0.800000012,30
52.15,6999,-7692,7073,-7693,1.480000019,10.76000023,0.970000029,0.039999999,0.07,0.800000012,32
52.16,7001,-7668,7038,-7730,1.110000014,11.32999992,-2.769999981,0.100000002,0.07,0.810000002,33
52.17,6961,-7664,7028,-7763,1.279999971,13.39000034,-0.569999993,0.170000002,0.090000004,0.819999993,34
52.18,6962,-7695,7017,-7760,1.50999999,11.51000023,0.340000004,0.159999996,0.07,0.829999983,34
52.19,6954,-7739,7030,-7734,1.129999995,11.35000038,0.930000007,0.129999995,0.109999999,0.860000014,34
52.2,6925,-7751,7024,-7729,1,10.39999962,0.949999988,0.050000001,0.079999998,0.899999976,34
52.21,6914,-7723,6992,-7754,-0.01,12.43999958,-0.949999988,-0.039999999,0.129999995,0.930000007,34
52.22,6903,-7797,6969,-7752,2.190000057,12.43999958,1.070000052,-0.059999999,0.109999999,0.949999988,34
52.23,6844,-7806,6965,-7848,0.829999983,11.14999962,-0.970000029,-0.050000001,0.090000004,0.980000019,34
52.24,6861,-7775,7010,-7805,0.829999983,11.14999962,-0.970000029,-0.050000001,0.090000004,0.980000019,34
52.25,6870,-7829,6959,-7773,0.829999983,11.14999962,-0.970000029,-0.050000001,0.029999999,1.090000033,34
52.26,6864,-7873,6960,-7868,0.850000024,11.67000008,-1.929999948,0.090000004,0,1.129999995,34
52.27,6852,-7829,6955,-7925,1.25,10.60000038,-1.75,0.090000004,0,1.129999995,34
52.28,6845,-7863,6910,-7948,0.75,12.14000034,-2.210000038,-0.029999999,-0.01,1.179999948,34
52.29,6836,-7922,6847,-7914,0.75,12.14000034,-2.210000038,-0.050000001,-0.029999999,1.190000057,34
52.3,6817,-7919,6832,-7911,0.289999992,13.06000042,-0.349999994,0.02,0,1.210000038,34
52.31,6807,-7908,6837,-7901,0.289999992,13.06000042,-0.349999994,-0.029999999,-0.029999999,1.220000029,34
52.32,6830,-7900,6837,-7926,-0.300000012,13.15999985,0.560000002,0,-0.01,1.220000029,34
52.33,6824,-7873,6845,-7905,-0.300000012,13.15999985,0.560000002,0.01,0,1.220000029,34
52.34,6827,-7910,6819,-7917,2.670000076,13.93999958,1.870000005,0.039999999,-0.02,1.220000029,34
52.35,6826,-7911,6829,-7909,2.670000076,13.93999958,1.870000005,0,0.01,1.210000038,34
52.36,6810,-7869,6850,-7912,1.00999999,13.34000015,0.709999979,-0.100000002,0.039999999,1.210000038,34
52.37,6829,-7838,6815,-7896,0.680000007,13.81999969,0.99000001,-0.100000002,0.039999999,1.210000038,34
52.38,6804,-7903,6795,-7937,1.720000029,14.06000042,-0.779999971,0.01,0.059999999,1.220000029,34
52.39,6805,-7860,6847,-7924,1.720000029,14.06000042,-0.779999971,-0.029999999,0.01,1.210000038,34
52.4,6840,-7921,6838,-7926,0.879999995,11.47999954,-1.470000029,-0.050000001,0.059999999,1.220000029,34
52.41,6782,-7900,6831,-7912,0.879999995,11.47999954,-1.470000029,-0.050000001,0.02,1.220000029,34
52.42,6796,-7914,6837,-7920,0.579999983,12.75,-0.629999995,-0.07,0.059999999,1.24000001,34
52.43,6790,-7993,6848,-7900,0.579999983,12.75,-0.629999995,-0.059999999,0.02,1.24000001,34
52.44,6777,-7899,6822,-7898,1.399999976,12.52000046,-1.269999981,-0.07,0,1.25999999,34
52.45,6813,-7903,6813,-7912,1.399999976,12.52000046,-1.269999981,-0.119999997,-0.01,1.279999971,34
52.46,6806,-7924,6796,-7943,3.539999962,13.39000034,-2.00999999,-0.050000001,-0.039999999,1.279999971,34
52.47,6806,-7935,6821,-7992,-0.930000007,11.96000004,-1.690000057,-0.050000001,-0.039999999,1.279999971,34
52.48,6829,-7880,6862,-8003,1.019999981,12.97000027,-2.410000086,-0.07,0.01,1.289999962,34
52.49,6808,-7913,6819,-8010,1.019999981,12.97000027,-2.410000086,0,-0.029999999,1.269999981,34
52.5,6834,-7944,6837,-7971,2.450000048,13.31000042,-0.980000019,0.079999998,0,1.269999981,34
52.51,6851,-7890,6863,-7936,2.450000048,13.31000042,-0.980000019,0.029999999,-0.02,1.24000001,34
52.52,6838,-7905,6849,-7934,2.650000095,13.22000027,0.289999992,-0.01,-0.029999999,1.220000029,34
52.53,6817,-7879,6850,-7957,2.650000095,13.22000027,0.289999992,-0.039999999,0,1.190000057,34
52.54,6836,-7877,6846,-7895,2.170000076,13.75,0.850000024,-0.090000004,0.029999999,1.179999948,34
52.55,6825,-7895,6861,-7943,2.170000076,13.75,0.850000024,-0.050000001,0.050000001,1.169999957,34
52.56,6824,-7872,6894,-7960,-0.209999993,13.06000042,0.319999993,-0.050000001,0.07,1.159999967,34
52.57,6844,-7871,6876,-7936,2.180000067,13.77000046,-0.050000001,-0.050000001,0.07,1.159999967,34
52.58,6867,-7833,6871,-7927,1.559999943,13.59000015,1.299999952,0.050000001,0.07,1.149999976,34
52.59,6864,-7862,6901,-7930,1.559999943,13.59000015,1.299999952,0.059999999,0.109999999,1.149999976,34
52.6,6839,-7855,6938,-7920,1.029999971,12.61999989,0.790000022,0.039999999,0.079999998,1.159999967,34
52.61,6868,-7928,6939,-7941,1.029999971,12.61999989,0.790000022,0.039999999,0.109999999,1.169999957,34
52.62,6846,-7907,6928,-7952,1.309999943,12.40999985,0.230000004,-0.039999999,0.039999999,1.179999948,34
52.63,6853,-7916,6944,-7943,1.309999943,12.40999985,0.230000004,-0.01,0.059999999,1.190000057,34
52.64,6822,-7968,6952,-7932,1.149999976,12.09000015,-1.149999976,-0.100000002,0.02,1.210000038,34
52.65,6819,-7890,6875,-7922,1.149999976,12.09000015,-1.149999976,-0.01,0.050000001,1.220000029,34
52.66,6835,-7861,6884,-7936,0.769999981,14.35999966,0.059999999,-0.02,0.02,1.24000001,34
52.67,6809,-7945,6899,-7942,1.75,11.77999973,-0.310000002,-0.02,0.02,1.24000001,34
52.68,6792,-7967,6848,-7978,0.029999999,11.92000008,-0.610000014,0.029999999,0,1.269999981,34
52.69,6790,-7847,6897,-8003,0.029999999,11.92000008,-0.610000014,-0.01,0,1.279999971,34
52.7,6787,-7919,6884,-7992,-1.100000024,14.86999989,-0.759999991,0.039999999,0.039999999,1.279999971,34
52.71,6806,-7948,6844,-7965,-1.100000024,14.86999989,-0.759999991,0,0,1.279999971,34
52.72,6753,-7915,6852,-7905,0.800000012,15.31000042,-0.039999999,0.159999996,0,1.279999971,35
52.73,6767,-7921,6812,-7934,0.800000012,15.31000042,-0.039999999,-0.079999998,0.01,1.279999971,35
52.74,6784,-7904,6844,-7999,0.400000006,15.42000008,-0.409999996,-0.050000001,0.01,1.269999981,36
52.75,6745,-7885,6816,-7951,0.400000006,15.42000008,-0.409999996,-0.02,0.050000001,1.269999981,36
52.76,6765,-7902,6828,-7972,1.370000005,11.75,0.079999998,-0.059999999,0.059999999,1.279999971,37
52.77,6730,-7887,6775,-7966,0.239999995,16.54000092,0.759999991,-0.059999999,0.059999999,1.279999971,38
52.78,6728,-7832,6766,-7947,0.430000007,14.63000011,0.810000002,-0.079999998,0.100000002,1.25,38
52.79,6694,-7836,6753,-7878,0.430000007,14.63000011,0.810000002,0.050000001,0.100000002,1.25,39
52.8,6687,-7843,6759,-7903,1.480000019,13.78999996,0.529999971,0.100000002,0.07,1.25999999,39
52.81,6660,-7795,6730,-7901,1.480000019,13.78999996,0.529999971,0.129999995,0.07,1.269999981,39
52.82,6690,-7871,6743,-7901,-0.5,13.64000034,-0.170000002,0.090000004,0.129999995,1.289999962,39
52.83,6649,-7876,6741,-7910,-0.5,13.64000034,-0.170000002,0,0.059999999,1.289999962,39
52.84,6620,-7855,6758,-7929,0.050000001,13.55000019,-1.159999967,0.079999998,0.100000002,1.330000043,39
52.85,6644,-7909,6774,-7909,0.050000001,13.55000019,-1.159999967,-0.109999999,0.119999997,1.340000033,39
52.86,6602,-7852,6778,-7891,1.190000057,13.13000011,-1.919999957,-0.07,0.07,1.370000005,39
52.87,6598,-7814,6722,-7909,-0.560000002,14.17000008,-1.710000038,-0.07,0.07,1.370000005,39
52.88,6587,-7911,6691,-7902,3,13,-2.279999971,-0.119999997,0,1.409999967,39
52.89,6553,-7875,6679,-7938,3,13,-2.279999971,-0.090000004,-0.029999999,1.429999948,39
52.9,6565,-7829,6618,-7948,-0.579999983,13.78999996,-2.049999952,-0.119999997,0.01,1.440000057,40
52.91,6549,-7869,6626,-7965,-0.579999983,13.78999996,-2.049999952,0.02,0.02,1.460000038,40
52.92,6521,-7850,6613,-7948,1.25,13.21000004,-0.620000005,0.07,-0.01,1.470000029,40
52.93,6493,-7850,6585,-7896,1.25,13.21000004,-0.620000005,0.059999999,0.029999999,1.480000019,40
52.94,6500,-7830,6592,-7901,0.949999988,13.72000027,0.779999971,-0.01,0.01,1.470000029,40
52.95,6483,-7824,6559,-7915,0.949999988,13.72000027,0.779999971,0.079999998,0.029999999,1.450000048,40
52.96,6470,-7795,6547,-7884,1.49000001,14.22000027,0.949999988,0.01,0.050000001,1.440000057,40
52.97,6440,-7802,6542,-7874,0.529999971,16.80999947,0.889999986,0.01,0.050000001,1.440000057,40
52.98,6459,-7712,6519,-7838,-0.289999992,14.85999966,0.300000012,-0.100000002,0.090000004,1.409999967,40
52.99,6433,-7711,6527,-7827,-0.289999992,14.85999966,0.300000012,-0.050000001,0.119999997,1.409999967,40
53,6434,-7749,6500,-7802,1.220000029,16.30999947,0.660000026,0,0.090000004,1.409999967,40
53.01,6428,-7702,6496,-7829,1.220000029,16.30999947,0.660000026,-0.039999999,0.079999998,1.419999957,40
53.02,6411,-7731,6512,-7844,-0.99000001,16.44000053,-0.99000001,-0.02,0.090000004,1.419999957,40
53.03,6408,-7741,6506,-7847,-0.99000001,16.44000053,-0.99000001,-0.079999998,0.079999998,1.440000057,40
53.04,6392,-7757,6471,-7810,-0.129999995,14.55000019,-0.259999991,0.059999999,0.090000004,1.450000048,40
53.05,6374,-7720,6479,-7780,-0.129999995,14.55000019,-0.259999991,0.029999999,0.100000002,1.460000038,40
53.06,6366,-7746,6491,-7768,-0.670000017,14.48999977,-1.870000005,0,0.059999999,1.470000029,40
53.07,6354,-7739,6473,-7764,1.299999952,15.07999992,0.02,0,0.059999999,1.470000029,40
53.08,6352,-7781,6454,-7773,1.379999995,14.5,-0.259999991,0.02,0.01,1.50999999,39
53.09,6371,-7741,6437,-7784,1.379999995,14.5,-0.259999991,-0.090000004,0.050000001,1.519999981,39
53.1,6340,-7686,6449,-7839,-0.189999998,14.47999954,-0.699999988,-0.129999995,0.039999999,1.529999971,39
53.11,6344,-7734,6419,-7827,-0.189999998,14.47999954,-0.699999988,-0.050000001,0.029999999,1.549999952,39
53.12,6347,-7713,6450,-7844,1.200000048,13.98999977,-0.889999986,-0.059999999,0,1.549999952,39
53.13,6322,-7669,6412,-7838,1.200000048,13.98999977,-0.889999986,-0.100000002,0,1.539999962,39
53.14,6363,-7736,6417,-7819,2.109999895,13.92000008,-0.540000022,-0.129999995,-0.029999999,1.539999962,39
53.15,6342,-7719,6367,-7811,2.109999895,13.92000008,-0.540000022,-0.039999999,0,1.519999981,39
53.16,6321,-7684,6400,-7824,2.829999924,15.28999996,-0.200000003,-0.050000001,0,1.5,39
53.17,6304,-7717,6426,-7784,-0.509999991,15.89999962,0.01,-0.050000001,0,1.5,39
53.18,6301,-7653,6403,-7767,3.119999886,16.5,1.139999986,0.02,0.07,1.470000029,39
53.19,6289,-7649,6453,-7773,3.119999886,16.5,1.139999986,0.140000001,0.059999999,1.450000048,39
53.2,6316,-7684,6472,-7730,1.600000024,15.19999981,-0.980000019,0.119999997,0.07,1.450000048,38
53.21,6352,-7626,6474,-7758,1.600000024,15.19999981,-0.980000019,0.090000004,0.079999998,1.429999948,38
53.22,6332,-7644,6466,-7763,3.549999952,15.63000011,1.399999976,0.180000007,0.119999997,1.419999957,37
53.23,6337,-7652,6530,-7816,3.549999952,15.63000011,1.399999976,0.07,0.079999998,1.419999957,36
53.24,6352,-7617,6563,-7789,1.860000014,15.14000034,-1.080000043,-0.059999999,0.100000002,1.419999957,35
53.25,6380,-7707,6600,-7774,1.860000014,15.14000034,-1.080000043,-0.059999999,0.059999999,1.419999957,33
53.26,6379,-7690,6634,-7795,0,16.20000076,-0.219999999,-0.079999998,0.090000004,1.419999957,33
53.27,6407,-7680,6659,-7831,5.460000038,11.23999977,-1.419999957,-0.079999998,0.090000004,1.419999957,33
53.28,6401,-7677,6683,-7818,0.370000005,14.63000011,-1.809999943,-0.039999999,0.039999999,1.429999948,33
53.29,6431,-7649,6710,-7831,0.370000005,14.63000011,-1.809999943,-0.159999996,0.02,1.429999948,33
53.3,6439,-7686,6784,-7844,3.089999914,12.89000034,-1.820000052,0.039999999,0,1.450000048,33
53.31,6425,-7773,6854,-7847,3.089999914,12.89000034,-1.820000052,0.090000004,-0.02,1.460000038,33
53.32,6436,-7716,6867,-7854,2.420000076,12.21000004,-1.779999971,0,-0.050000001,1.480000019,33
53.33,6448,-7708,6956,-7900,2.420000076,12.21000004,-1.779999971,0.029999999,-0.039999999,1.49000001,33
53.34,6484,-7738,6986,-7941,2.319999933,12.26000023,-1.399999976,0.039999999,-0.100000002,1.49000001,32
53.35,6481,-7667,7108,-7922,2.319999933,12.26000023,-1.399999976,0.059999999,-0.029999999,1.5,33
53.36,6466,-7721,7015,-7849,2.230000019,14.92000008,0.259999991,0,-0.059999999,1.480000019,32
53.37,6532,-7716,6896,-7878,2.5,16.79000092,-0.389999986,0,-0.059999999,1.480000019,32
53.38,6524,-7716,6850,-7854,3.980000019,17.57999992,2.549999952,0.050000001,0,1.389999986,32
53.39,6522,-7739,6836,-7804,3.980000019,17.57999992,2.549999952,0.050000001,0,1.360000014,32
53.4,6575,-7653,6775,-7828,2.539999962,16.28000069,0.419999987,0.039999999,0.039999999,1.330000043,32
53.41,6566,-7645,6788,-7837,2.539999962,16.28000069,0.419999987,0,0.039999999,1.299999952,32
53.42,6605,-7691,6804,-7874,2.140000105,14.17000008,-0.829999983,0.129999995,0.090000004,1.289999962,32
53.43,6598,-7701,6856,-7862,2.140000105,14.17000008,-0.829999983,0.029999999,0.050000001,1.279999971,32
53.44,6583,-7643,6842,-7876,1.25999999,16,-0.519999981,0.150000006,0.150000006,1.25999999,32
53.45,6618,-7664,6867,-7876,1.25999999,16,-0.519999981,0.050000001,0.119999997,1.230000019,32
53.46,6618,-7675,6909,-7819,2.339999914,15.96000004,1.210000038,0.129999995,0.119999997,1.210000038,32
53.47,6625,-7696,6962,-7807,4.289999962,14.26000023,0.850000024,0.129999995,0.119999997,1.210000038,31
53.48,6668,-7688,7008,-7859,1.820000052,15.55000019,-0.340000004,0.029999999,0.07,1.200000048,30
53.49,6644,-7692,7023,-7863,1.820000052,15.55000019,-0.340000004,-0.079999998,0.090000004,1.220000029,30
53.5,6663,-7773,7068,-7852,3.720000029,14.43000031,-1.519999981,-0.01,0.029999999,1.230000019,30
53.51,6676,-7739,7094,-7854,3.720000029,14.43000031,-1.519999981,-0.050000001,0.02,1.25,29
53.52,6695,-7682,7081,-7877,2.160000086,14.13000011,-1.950000048,-0.050000001,0.01,1.25999999,29
53.53,6730,-7731,7050,-7939,2.160000086,14.13000011,-1.950000048,-0.01,-0.050000001,1.25999999,29
53.54,6731,-7783,7056,-7935,2.609999895,11.59000015,-1.340000033,-0.050000001,-0.090000004,1.269999981,29
53.55,6721,-7725,7008,-7960,2.609999895,11.59000015,-1.340000033,-0.07,-0.07,1.25999999,29
53.56,6759,-7753,6932,-7935,2.890000105,13.28999996,-1.720000029,-0.039999999,-0.059999999,1.25,29
53.57,6798,-7769,6897,-7870,3.660000086,16.21999931,-0.259999991,-0.039999999,-0.059999999,1.25,29
53.58,6814,-7741,6924,-7852,2.059999943,16.06999969,1.080000043,0.029999999,-0.02,1.179999948,29
53.59,6875,-7737,6940,-7858,2.059999943,16.06999969,1.080000043,0.050000001,-0.050000001,1.139999986,29
53.6,6940,-7715,6983,-7822,1.24000001,15.76000023,1.710000038,-0.029999999,-0.01,1.090000033,29
53.61,7003,-7713,6988,-7868,1.24000001,15.76000023,1.710000038,-0.109999999,0.02,1.049999952,29
53.62,7085,-7658,6961,-7847,2.799999952,16.70000076,0.930000007,-0.100000002,0.050000001,1,29
53.63,7064,-7659,6967,-7851,2.799999952,16.70000076,0.930000007,-0.200000003,0.119999997,0.959999979,29
53.64,7015,-7661,6949,-7800,3.24000001,16.87999916,-1.210000038,-0.07,0.140000001,0.930000007,29
53.65,6990,-7674,6939,-7775,3.24000001,16.87999916,-1.210000038,-0.039999999,0.129999995,0.899999976,29
53.66,7008,-7663,6988,-7838,3.609999895,13.81000042,0.109999999,0.059999999,0.109999999,0.899999976,29
53.67,6988,-7681,7043,-7753,1.590000033,13.18999958,-0.660000026,0.059999999,0.109999999,0.899999976,29
53.68,6959,-7729,7061,-7780,2.460000038,12.06999969,-1.460000038,0.039999999,0.090000004,0.910000026,30
53.69,6978,-7766,7082,-7802,2.460000038,12.06999969,-1.460000038,0.109999999,0.119999997,0.920000017,30
53.7,6988,-7772,7161,-7791,2.859999895,11.86999989,-0.959999979,0,0.090000004,0.930000007,30
53.71,7000,-7786,7248,-7775,2.859999895,11.86999989,-0.959999979,0.050000001,0.100000002,0.949999988,30
53.72,6987,-7757,7254,-7801,1.970000029,12.10999966,0.100000002,-0.140000001,0.07,0.970000029,30
53.73,6954,-7826,7203,-7815,1.970000029,12.10999966,0.100000002,-0.079999998,0,1,30
53.74,6985,-7835,7239,-7873,-0.109999999,13.13000011,-1.919999957,-0.259999991,0,1,30
53.75,6949,-7818,7187,-7931,-0.109999999,13.13000011,-1.919999957,-0.219999999,-0.02,1.039999962,30
53.76,6954,-7881,7113,-7966,0.07,13.14999962,-1.649999976,-0.07,-0.01,1.070000052,30
53.77,6972,-7877,7037,-7954,4.300000191,12.39000034,-0.589999974,-0.07,-0.01,1.070000052,30
53.78,6974,-7847,7008,-7923,2.74000001,14.03999996,0.469999999,0.079999998,-0.059999999,1.070000052,30
53.79,6990,-7904,7018,-7930,2.74000001,14.03999996,0.469999999,0.029999999,-0.029999999,1.059999943,30
53.8,6993,-7924,7059,-7950,2.74000001,13.22999954,0.790000022,0.059999999,-0.050000001,1.059999943,30
53.81,6979,-7915,7026,-7907,2.74000001,13.22999954,0.790000022,0.140000001,0,1.059999943,30
53.82,7032,-7910,7111,-7959,2.039999962,12.89000034,1.200000048,0.079999998,0.02,1.049999952,30
53.83,7030,-7900,7115,-7959,2.039999962,12.89000034,1.200000048,0,0.029999999,1.049999952,30
53.84,7024,-7899,7109,-7965,1.99000001,12.22999954,1.649999976,-0.079999998,0.029999999,1.070000052,30
53.85,7017,-7952,7130,-7959,1.99000001,12.22999954,1.649999976,-0.079999998,0,1.080000043,30
53.86,7040,-7976,7109,-7991,1.860000014,12.13000011,0.219999999,-0.140000001,0.01,1.080000043,30
53.87,7028,-7922,7071,-8023,3.799999952,13.77000046,-0.980000019,-0.140000001,0.01,1.080000043,30
53.88,7058,-7957,7083,-8014,0,13.01000023,-1.919999957,-0.039999999,0.01,1.090000033,31
53.89,7076,-7989,7094,-8005,0,13.01000023,-1.919999957,-0.039999999,0,1.100000024,31
53.9,7045,-7987,7126,-8037,0.319999993,13.06000042,0.74000001,0.07,0.039999999,1.090000033,31
53.91,7046,-7993,7094,-7992,0.319999993,13.06000042,0.74000001,-0.02,0.039999999,1.100000024,31
53.92,7042,-8023,7106,-7969,2.980000019,13.31000042,-0.810000002,0.059999999,0,1.110000014,31
53.93,7015,-8000,7089,-8006,2.980000019,13.31000042,-0.810000002,0,0,1.120000005,31
53.94,7040,-8021,7096,-8014,3.220000029,11.57999992,-1.399999976,0,0,1.139999986,31
53.95,7042,-8035,7111,-8049,3.220000029,11.57999992,-1.399999976,0,0,1.149999976,31
53.96,7055,-8028,7105,-8048,1.620000005,11.76000023,-2.069999933,-0.01,0.050000001,1.159999967,31
53.97,7042,-8007,7098,-8170,0.819999993,13.47000027,1.730000019,-0.01,0.050000001,1.159999967,31
53.98,7031,-8044,7064,-8125,2.230000019,11.43000031,0,-0.090000004,0.039999999,1.169999957,31
53.99,7043,-8002,7079,-8085,2.230000019,11.43000031,0,0.02,0.109999999,1.159999967,31
54,7054,-8067,7082,-8064,2.50999999,13.61999989,1.789999962,-0.079999998,0.050000001,1.159999967,31
54.01,7039,-8070,7092,-8069,2.50999999,13.61999989,1.789999962,0.159999996,0.059999999,1.159999967,31
54.02,7065,-8096,7103,-8068,2.099999905,12.98999977,1.610000014,-0.029999999,0.029999999,1.169999957,31
54.03,7055,-8131,7145,-8109,2.099999905,12.98999977,1.610000014,0.029999999,0.059999999,1.169999957,31
54.04,7052,-8070,7135,-8120,1.899999976,12.44999981,0.340000004,-0.050000001,0.029999999,1.190000057,31
54.05,7046,-8058,7157,-8175,1.899999976,12.44999981,0.340000004,-0.079999998,0.079999998,1.200000048,31
54.06,7077,-8116,7160,-8176,3.910000086,12.61999989,-1.379999995,-0.02,0.029999999,1.210000038,31
54.07,7100,-8133,7110,-8197,0,12.40999985,-1.539999962,-0.02,0.029999999,1.210000038,31
54.08,7102,-8056,7099,-8169,2.730000019,12.25,-2.920000076,-0.029999999,0.029999999,1.200000048,31
54.09,7115,-8102,7163,-8146,2.730000019,12.25,-2.920000076,0.059999999,0.01,1.190000057,31
54.1,7136,-8120,7147,-8145,3.480000019,11.46000004,0.790000022,-0.02,0,1.190000057,31
54.11,7133,-8127,7153,-8172,3.480000019,11.46000004,0.790000022,0.079999998,0.039999999,1.169999957,31
54.12,7185,-8139,7137,-8132,2.220000029,13.56000042,0.5,-0.02,0.059999999,1.149999976,31
54.13,7178,-8116,7140,-8144,2.220000029,13.56000042,0.5,0.07,0.090000004,1.129999995,32
54.14,7172,-8025,7152,-8139,0.879999995,13.80000019,0.670000017,-0.02,0.129999995,1.100000024,33
54.15,7184,-8082,7174,-8135,0.879999995,13.80000019,0.670000017,0,0.140000001,1.090000033,34
54.16,7091,-8118,7149,-8111,1.409999967,14.72999954,0.699999988,0.039999999,0.140000001,1.090000033,34
54.17,7068,-8104,7179,-8134,1.409999967,13.28999996,-1.460000038,0.039999999,0.140000001,1.090000033,35
54.18,7116,-8099,7227,-8171,1.25999999,12.30000019,0.680000007,-0.039999999,0.109999999,1.139999986,35
54.19,7119,-8147,7196,-8178,1.25999999,12.30000019,0.680000007,0.029999999,0.119999997,1.159999967,35
54.2,7045,-8193,7202,-8195,2.160000086,11.65999985,-1.210000038,0,0.059999999,1.200000048,35
54.21,7083,-8176,7197,-8246,2.160000086,11.65999985,-1.210000038,-0.01,0.090000004,1.220000029,35
54.22,7077,-8223,7182,-8224,2.539999962,12.67000008,-1.710000038,0.01,0.07,1.25,35
54.23,7053,-8215,7140,-8209,2.539999962,12.67000008,-1.710000038,0.07,0.029999999,1.279999971,35
54.24,7050,-8210,7162,-8232,2.670000076,12.68000031,-0.349999994,0.059999999,0,1.299999952,35
54.25,7043,-8231,7139,-8257,2.670000076,12.68000031,-0.349999994,0.119999997,-0.039999999,1.340000033,35
54.26,7035,-8287,7134,-8237,1.340000033,12.22999954,-0.620000005,0,-0.059999999,1.360000014,35
54.27,7006,-8254,7173,-8278,0.930000007,12.34000015,-3.220000029,0,-0.059999999,1.360000014,35
54.28,7009,-8181,7138,-8343,-0.759999991,14.97000027,1.120000005,-0.01,-0.050000001,1.399999976,35
54.29,7008,-8264,7131,-8318,-0.759999991,14.97000027,1.120000005,-0.109999999,-0.090000004,1.419999957,35
54.3,6985,-8205,7078,-8324,0.449999988,16.37000084,1.970000029,-0.07,-0.090000004,1.409999967,35
54.31,6947,-8240,7017,-8321,0.449999988,16.37000084,1.970000029,-0.209999993,-0.029999999,1.389999986,35
54.32,6944,-8204,7017,-8276,1.769999981,19.12999916,2.059999943,-0.039999999,-0.02,1.350000024,35
54.33,6922,-8206,7033,-8229,1.769999981,19.12999916,2.059999943,-0.01,0,1.350000024,35
54.34,6970,-8161,7022,-8245,0.029999999,16.10000038,0.419999987,0.140000001,0.039999999,1.340000033,35
54.35,6947,-8182,7030,-8220,0.029999999,16.10000038,0.419999987,0.029999999,0.02,1.330000043,35
54.36,6941,-8144,7017,-8173,0.419999987,13.27000046,1.49000001,0.170000002,0.029999999,1.320000052,35
54.37,6986,-8146,7034,-8228,0.680000007,15.47000027,0.109999999,0.170000002,0.029999999,1.320000052,35
54.38,6969,-8109,7065,-8219,1.440000057,14.35000038,1.75,0.079999998,0.029999999,1.309999943,35
54.39,6937,-8148,7078,-8230,1.440000057,14.35000038,1.75,0.090000004,0.119999997,1.330000043,35
54.4,6951,-8096,7071,-8211,1.940000057,14.71000004,1.879999995,0,0.059999999,1.320000052,35
54.41,6935,-8136,7115,-8213,1.940000057,14.71000004,1.879999995,0.029999999,0.150000006,1.320000052,35
54.42,6973,-8163,7193,-8181,1.870000005,13.15999985,-0.469999999,-0.07,0.100000002,1.309999943,35
54.43,6918,-8129,7200,-8184,1.870000005,13.15999985,-0.469999999,-0.029999999,0.100000002,1.330000043,35
54.44,6911,-8142,7214,-8175,0.219999999,13.52999973,-2.829999924,-0.209999993,0.079999998,1.330000043,35
54.45,6930,-8116,7209,-8194,0.219999999,13.52999973,-2.829999924,-0.189999998,0.100000002,1.330000043,35
54.46,6908,-8116,7206,-8238,1.00999999,10.72000027,-0.769999981,-0.109999999,0.079999998,1.340000033,35
54.47,6921,-8115,7145,-8263,0.949999988,11.61999989,-4.71999979,-0.109999999,0.079999998,1.340000033,35
54.48,6888,-8104,7106,-8291,1.909999967,12.18000031,-1.799999952,-0.079999998,0.07,1.360000014,35
54.49,6883,-8068,7064,-8259,1.909999967,12.18000031,-1.799999952,0.039999999,0.119999997,1.370000005,35
54.5,6871,-8031,7015,-8214,2.470000029,13.06000042,-0.360000014,0.07,0.109999999,1.360000014,35
54.51,6900,-8221,6959,-8189,2.470000029,13.06000042,-0.360000014,0.189999998,0.109999999,1.350000024,35
54.52,6787,-8138,7000,-8139,0.219999999,15.56000042,0.469999999,0.039999999,0.079999998,1.330000043,35
54.53,6820,-8093,7027,-8124,0.219999999,15.56000042,0.469999999,0.129999995,0.07,1.360000014,35
54.54,6860,-8219,6987,-8192,-0.100000002,15.93999958,1.429999948,0.140000001,0.079999998,1.399999976,35
54.55,6915,-8196,6997,-8177,-0.100000002,15.93999958,1.429999948,0.079999998,0.07,1.409999967,35
54.56,6833,-8088,7002,-8240,-1.649999976,16.38999939,-1.419999957,0,0.079999998,1.429999948,35
54.57,6849,-8193,6976,-8292,4.170000076,10.13000011,-2.289999962,0,0.079999998,1.429999948,35
54.58,6854,-8230,6949,-8327,-0.389999986,17.34000015,-1.75,0.119999997,-0.029999999,1.470000029,35
54.59,6840,-8118,6967,-8311,-0.389999986,17.34000015,-1.75,-0.239999995,-0.01,1.480000019,35
54.6,6875,-8127,6980,-8271,2.210000038,13.96000004,-1.950000048,0.050000001,-0.029999999,1.49000001,34
54.61,6860,-8194,6950,-8259,2.210000038,13.96000004,-1.950000048,0.029999999,-0.07,1.470000029,33
54.62,6840,-8175,6953,-8251,2.720000029,14.34000015,0.100000002,-0.140000001,-0.109999999,1.470000029,33
54.63,6891,-8131,6953,-8151,2.720000029,14.34000015,0.100000002,-0.059999999,-0.100000002,1.450000048,33
54.64,6846,-8144,6960,-8193,0.879999995,16.56999969,0.709999979,-0.170000002,-0.079999998,1.419999957,33
54.65,6872,-8029,7011,-8234,0.879999995,16.56999969,0.709999979,-0.109999999,-0.090000004,1.389999986,33
54.66,6881,-8061,6920,-8218,0.5,15.15999985,1.840000033,-0.310000002,-0.029999999,1.370000005,33
54.67,6855,-8041,6895,-8185,4.880000114,19.19000053,-1.379999995,-0.310000002,-0.029999999,1.370000005,33
54.68,6906,-7972,6943,-8177,-3.319999933,20.65999985,2.470000029,-0.180000007,0,1.25999999,33
54.69,6882,-7972,6936,-8130,-3.319999933,20.65999985,2.470000029,-0.170000002,0.039999999,1.230000019,33
54.7,6944,-7944,6964,-8048,0.209999993,20.21999931,0.25,0.230000004,0.059999999,1.179999948,33
54.71,6944,-7902,6999,-8077,0.209999993,20.21999931,0.25,0.230000004,0.059999999,1.179999948,33
54.72,6964,-7919,7014,-8059,1.610000014,14.75,3.210000038,0.129999995,0.090000004,1.129999995,33
54.73,6970,-7938,7023,-8035,2.069999933,13.35999966,-2.309999943,0.129999995,0.090000004,1.129999995,33
54.74,6983,-7930,7059,-8037,-0.730000019,16.68000031,0.310000002,-0.059999999,0.150000006,1.120000005,33
54.75,6964,-7935,7142,-8043,2.200000048,10.64000034,-3.609999895,-0.059999999,0.150000006,1.120000005,33
54.76,6951,-7961,7144,-8019,1.75999999,15.19999981,-2.25999999,-0.090000004,0.159999996,1.129999995,33
54.77,6937,-7953,7181,-8035,0.289999992,12.32999992,-2.549999952,-0.090000004,0.159999996,1.129999995,33
54.78,6931,-7950,7241,-8054,1.899999976,10.77999973,-3.069999933,0,0.129999995,1.169999957,33
54.79,6905,-7953,7262,-8071,1.230000019,12.51000023,-1.019999981,0,0.129999995,1.169999957,33
54.8,6880,-7955,7288,-8058,3.470000029,11.90999985,-2.99000001,0,0.059999999,1.210000038,34
54.81,6911,-7973,7272,-8099,1.360000014,13.88000011,-1.570000052,0,0.059999999,1.210000038,34
54.82,6880,-7959,7254,-8138,1.169999957,14.15999985,-2.329999924,-0.01,0.07,1.24000001,34
54.83,6869,-8007,7242,-8103,0.189999998,13.47999954,-2.309999943,-0.01,0.07,1.24000001,34
54.84,6872,-8014,7276,-8109,-0.100000002,11.77000046,-1.179999948,0.07,0.079999998,1.279999971,35
54.85,6856,-8025,7320,-8109,2.849999905,12.31000042,-0.430000007,0.07,0.079999998,1.279999971,35
54.86,6854,-8038,7273,-8110,1.230000019,14.07999992,0.300000012,0.059999999,0.059999999,1.289999962,35
54.87,6828,-8006,7218,-8077,2.450000048,14.53999996,-1.600000024,0.059999999,0.059999999,1.289999962,35
54.88,6827,-7963,7193,-8117,1.5,15,0.079999998,0.109999999,0.029999999,1.320000052,36
54.89,6813,-8026,7212,-8140,3.799999952,13.61999989,-0.560000002,0.109999999,0.029999999,1.320000052,36
54.9,6813,-8025,7189,-8150,1.269999981,14.80000019,0.050000001,-0.01,0.059999999,1.330000043,36
54.91,6817,-7961,7168,-8144,0.819999993,14.52999973,-1.269999981,-0.01,0.059999999,1.330000043,36
54.92,6806,-7985,7127,-8123,0.99000001,16.59000015,0.370000005,0.029999999,0.07,1.330000043,36
54.93,6790,-7999,7064,-8100,0.189999998,15.53999996,0.620000005,0.029999999,0.07,1.330000043,36
54.94,6806,-7993,7019,-8076,1.5,16.95000076,0.340000004,0.039999999,0.07,1.299999952,36
54.95,6783,-7968,7025,-8067,2.319999933,15.88000011,1.970000029,0.039999999,0.07,1.299999952,37
54.96,6817,-7974,7059,-8048,-1.159999967,14.78999996,-0.790000022,-0.029999999,0.059999999,1.299999952,37
54.97,6770,-7958,7053,-8080,3.599999905,13.55000019,0.649999976,-0.029999999,0.059999999,1.299999952,37
54.98,6753,-7931,7051,-8099,0.569999993,13.43999958,-0.920000017,-0.039999999,0.090000004,1.299999952,37
54.99,6782,-7976,7039,-8123,1.629999995,12.39000034,-1.629999995,-0.039999999,0.090000004,1.299999952,38
55,6727,-7953,7112,-8119,0.899999976,13.93999958,-1.639999986,0.109999999,0.109999999,1.340000033,38
55.01,6714,-7977,7194,-8068,1.149999976,14.47999954,-0.74000001,0.109999999,0.109999999,1.340000033,38
55.02,6733,-7997,7235,-8078,1.889999986,14.06000042,-0.899999976,0,0.07,1.379999995,38
55.03,6689,-7993,7268,-8084,-1.00999999,15.47999954,-1.429999948,0,0.07,1.379999995,38
55.04,6728,-8016,7311,-8100,1.50999999,14.01000023,-1.720000029,-0.059999999,0.01,1.429999948,38
55.05,6668,-8026,7266,-8144,1.169999957,12.56999969,1.830000043,-0.059999999,0.01,1.429999948,38
55.06,6670,-7999,7193,-8152,0.49000001,14.77000046,-4.570000172,-0.180000007,-0.039999999,1.470000029,38
55.07,6674,-8082,7120,-8204,3.299999952,14.86999989,-0.170000002,-0.180000007,-0.039999999,1.470000029,38
55.08,6654,-8022,7029,-8201,-1.190000057,11.27000046,-2.799999952,-0.079999998,-0.02,1.529999971,38
55.09,6626,-7982,6931,-8187,2.470000029,12.52999973,-1.49000001,-0.079999998,-0.02,1.529999971,38
55.1,6630,-8028,6931,-8172,1.389999986,11.64999962,-0.910000026,0.170000002,-0.100000002,1.570000052,38
55.11,6623,-8049,6872,-8148,4.119999886,15.30000019,-1.070000052,0.170000002,-0.100000002,1.570000052,38
55.12,6635,-7985,6827,-8128,2.089999914,14.97000027,-0.330000013,0.119999997,-0.050000001,1.549999952,38
55.13,6623,-7967,6783,-8154,0.74000001,17.34000015,-0.419999987,0.119999997,-0.050000001,1.549999952,38
55.14,6613,-7999,6792,-8127,2.690000057,17.53000069,2.74000001,0.170000002,0.02,1.480000019,38
55.15,6651,-7959,6829,-8098,-0.280000001,18.27000046,0.629999995,0.170000002,0.02,1.480000019,38
55.16,6631,-7942,6825,-8078,1.669999957,19.51000023,3.75999999,0,0.100000002,1.389999986,38
55.17,6635,-7901,6786,-8062,0.720000029,17.13999939,2.029999971,0,0.100000002,1.389999986,38
55.18,6653,-7856,6785,-7990,0.07,19.20999908,2.039999962,-0.119999997,0.109999999,1.350000024,38
55.19,6621,-7836,6806,-7981,3.319999933,15.52999973,2.410000086,-0.119999997,0.109999999,1.350000024,38
55.2,6632,-7887,6821,-8007,1.909999967,16.77000046,0.349999994,-0.259999991,0.100000002,1.320000052,38
55.21,6632,-7845,6831,-7988,0.670000017,14.77999973,0.649999976,-0.259999991,0.100000002,1.320000052,38
55.22,6582,-7800,6835,-8011,1.080000043,13.43999958,-3.200000048,-0.109999999,0.090000004,1.340000033,38
55.23,6612,-7871,6818,-8006,1.649999976,15.44999981,-1.129999995,-0.109999999,0.090000004,1.340000033,38
55.24,6578,-7797,6797,-8002,1.330000043,12.48999977,-2.319999933,-0.01,0.119999997,1.370000005,38
55.25,6578,-7882,6808,-7974,1,13.97999954,-3.029999971,-0.01,0.119999997,1.370000005,38
55.26,6567,-7883,6814,-7985,2.079999924,13.89000034,-0.159999996,0.129999995,0.079999998,1.419999957,38
55.27,6580,-7867,6846,-7984,1.549999952,12.81000042,-3.319999933,0.129999995,0.079999998,1.419999957,38
55.28,6568,-7920,6881,-8018,2.450000048,14.19999981,-0.150000006,0.07,0.01,1.440000057,37
55.29,6576,-7912,6900,-8058,0.360000014,12.60000038,-0.910000026,0.07,0.01,1.440000057,37
55.3,6558,-7817,6853,-8062,1.169999957,14.22000027,-1.879999995,0.01,-0.02,1.470000029,37
55.31,6573,-7888,6816,-8062,2.680000067,15.22000027,-0.129999995,0.01,-0.02,1.470000029,36
55.32,6558,-7885,6816,-7998,1.090000033,14.35999966,-0.889999986,-0.07,0.02,1.440000057,36
55.33,6550,-7797,6833,-7987,2.769999981,16,1.169999957,-0.07,0.02,1.440000057,36
55.34,6598,-7845,6840,-7972,1.25999999,15.56000042,-0.709999979,-0.079999998,-0.01,1.419999957,35
55.35,6558,-7832,6800,-7980,3.410000086,15.27999973,0.850000024,-0.079999998,-0.01,1.419999957,35
55.36,6565,-7872,6807,-7987,1.659999967,15.55000019,-0.300000012,-0.109999999,0.02,1.399999976,35
55.37,6565,-7808,6829,-7999,1.659999967,15.55000019,-0.300000012,-0.109999999,0.02,1.399999976,35
55.38,6537,-7830,6806,-8049,1.75999999,15.43000031,-1.370000005,0,0.039999999,1.389999986,35
55.39,6546,-7852,6796,-7998,1.75999999,15.43000031,-1.370000005,0,0.039999999,1.389999986,35
55.4,6578,-7848,6805,-8000,0.340000004,14.35999966,-0.280000001,0.02,0.059999999,1.389999986,35
55.41,6562,-7820,6823,-7964,0.340000004,14.35999966,-0.280000001,0.02,0.059999999,1.389999986,35
55.42,6606,-7776,6833,-7939,1.669999957,15.06999969,1.210000038,0.050000001,0.01,1.370000005,34
55.43,6588,-7832,6836,-7927,1.669999957,15.06999969,1.210000038,0.050000001,0.01,1.370000005,34
55.44,6600,-7791,6873,-7973,1.779999971,14.73999977,0.180000007,-0.029999999,0,1.350000024,33
55.45,6625,-7740,6942,-7965,1.779999971,14.73999977,0.180000007,-0.029999999,0,1.350000024,33
55.46,6620,-7840,6938,-7958,1.320000052,15.26000023,0.129999995,-0.090000004,0.029999999,1.350000024,33
55.47,6616,-7847,6907,-7939,1.320000052,15.26000023,0.129999995,-0.090000004,0.029999999,1.350000024,32
55.48,6601,-7802,6948,-7924,3.710000038,14.57999992,0.270000011,-0.050000001,0.02,1.350000024,32
55.49,6633,-7835,7019,-7949,3.710000038,14.57999992,0.270000011,-0.050000001,0.02,1.350000024,32
55.5,6637,-7762,7013,-7948,3,14.89000034,-2.5,-0.029999999,0,1.350000024,32
55.51,6614,-7786,6993,-7981,3,14.89000034,-2.5,-0.029999999,0,1.350000024,32
55.52,6643,-7820,6978,-7969,2.029999971,14.21000004,-0.150000006,0,0.01,1.340000033,32
55.53,6656,-7789,6922,-7958,2.029999971,14.21000004,-0.150000006,0,0.01,1.340000033,32
55.54,6673,-7759,6879,-7929,2.730000019,15.85000038,0.430000007,0.050000001,0.029999999,1.289999962,32
55.55,6687,-7772,6898,-7889,2.730000019,15.85000038,0.430000007,0.050000001,0.029999999,1.289999962,32
55.56,6733,-7742,6938,-7893,2.589999914,15.93999958,0.709999979,0.059999999,0.079999998,1.25,31
55.57,6747,-7773,6991,-7929,2.589999914,15.93999958,0.709999979,0.059999999,0.079999998,1.25,31
55.58,6791,-7768,6995,-7917,3.420000076,13.30000019,-0.949999988,-0.090000004,0.07,1.220000029,30
55.59,6797,-7770,6980,-7950,3.420000076,13.30000019,-0.949999988,-0.090000004,0.07,1.220000029,30
55.6,6799,-7803,7010,-7959,2.869999886,13.23999977,-1.059999943,-0.119999997,0.090000004,1.190000057,30
55.61,6809,-7764,7088,-7966,2.869999886,13.23999977,-1.059999943,-0.119999997,0.090000004,1.190000057,29
55.62,6775,-7716,7048,-7963,4.96999979,12.51000023,-2.180000067,-0.07,0.079999998,1.190000057,29
55.63,6769,-7776,7035,-7914,4.96999979,12.51000023,-2.180000067,-0.07,0.079999998,1.190000057,28
55.64,6776,-7808,7041,-7961,1.919999957,11.60999966,-0.790000022,-0.079999998,0.02,1.210000038,28
55.65,6818,-7789,7053,-7958,1.919999957,11.60999966,-0.790000022,-0.079999998,0.02,1.210000038,27
55.66,6866,-7809,7077,-7948,2.299999952,13.06000042,-0.370000005,0.07,0.050000001,1.179999948,26
55.67,6881,-7812,7102,-7927,2.299999952,13.06000042,-0.370000005,0.07,0.050000001,1.179999948,26
55.68,6911,-7800,7147,-7892,3.799999952,14.38000011,1.330000043,0.039999999,0.039999999,1.129999995,25
55.69,6920,-7753,7179,-7886,3.799999952,14.38000011,1.330000043,0.039999999,0.039999999,1.129999995,25
55.7,6967,-7751,7176,-7863,2.130000114,16.56999969,-0.800000012,0,0.050000001,1.070000052,25
55.71,7005,-7735,7180,-7905,2.130000114,16.56999969,-0.800000012,0,0.050000001,1.070000052,25
55.72,6966,-7794,7213,-7942,0.039999999,14.68999958,0.949999988,-0.079999998,0.050000001,1,25
55.73,6967,-7741,7256,-7969,0.039999999,14.68999958,0.949999988,-0.079999998,0.050000001,1,25
55.74,7002,-7714,7253,-7942,2.940000057,13.73999977,-0.74000001,-0.07,0,0.959999979,24
55.75,6980,-7779,7293,-7920,4.380000114,14.60000038,0.479999989,-0.07,0,0.959999979,24
55.76,7011,-7754,7297,-7921,4.510000229,12.44999981,-1.659999967,-0.140000001,-0.07,0.930000007,24
55.77,7080,-7778,7243,-7891,4.510000229,12.44999981,-1.659999967,-0.140000001,-0.07,0.930000007,24
55.78,7106,-7788,7227,-7915,2.859999895,13.28999996,-0.360000014,-0.140000001,-0.090000004,0.879999995,24
55.79,7146,-7798,7249,-7889,2.859999895,13.28999996,-0.360000014,-0.140000001,-0.090000004,0.879999995,25
55.8,7184,-7819,7284,-7933,0.99000001,13.13000011,-0.540000022,0,-0.050000001,0.829999983,25
55.81,7252,-7810,7231,-7931,0.99000001,13.13000011,-0.540000022,0,-0.050000001,0.829999983,25
55.82,7292,-7814,7197,-7935,1.669999957,14.47999954,-0.660000026,0.140000001,-0.02,0.779999971,25
55.83,7373,-7775,7239,-7881,1.669999957,14.47999954,-0.660000026,0.140000001,-0.02,0.779999971,27
55.84,7472,-7775,7308,-7801,1.279999971,13.43000031,-0.349999994,0.209999993,0,0.720000029,29
55.85,7522,-7801,7331,-7832,1.279999971,13.43000031,-0.349999994,0.209999993,0,0.720000029,31
55.86,7554,-7788,7342,-7888,0,15.81000042,0.310000002,0.079999998,0.050000001,0.689999998,32
55.87,7558,-7813,7321,-7805,0,15.81000042,0.310000002,0.079999998,0.050000001,0.689999998,33
55.88,7577,-7791,7250,-7795,3.700000048,13.97999954,2.579999924,-0.050000001,0.090000004,0.670000017,33
55.89,7511,-7867,7207,-7813,3.700000048,13.97999954,2.579999924,-0.050000001,0.090000004,0.670000017,35
55.9,7394,-7883,7211,-7758,3.25,11.13000011,-1.25999999,-0.300000012,0.150000006,0.639999986,37
55.91,7302,-7895,7189,-7799,3.25,11.13000011,-1.25999999,-0.300000012,0.150000006,0.639999986,38
55.92,7265,-7881,7201,-7853,3.420000076,9.539999962,-2.230000019,-0.07,0.209999993,0.670000017,38
55.93,7237,-7826,7193,-7904,3.420000076,9.539999962,-2.230000019,-0.07,0.209999993,0.670000017,38
55.94,7150,-7834,7181,-7937,0.150000006,9.109999657,-3.230000019,-0.050000001,0.200000003,0.769999981,38
55.95,7132,-7943,7191,-7902,0.150000006,9.109999657,-3.230000019,-0.050000001,0.200000003,0.769999981,38
55.96,7112,-7987,7212,-7927,-0.25,7.760000229,-1.629999995,0.050000001,0.150000006,0.920000017,38
55.97,7080,-7947,7180,-7942,-0.25,7.760000229,-1.629999995,0.050000001,0.150000006,0.920000017,38
55.98,7040,-8020,7165,-8008,3.069999933,9.100000381,-3.529999971,0,0.01,1.049999952,38
55.99,6997,-8085,7121,-8071,0.409999996,10.22999954,-2.089999914,0,0.01,1.049999952,38
56,7025,-8123,7079,-8126,1.029999971,10.93999958,0.879999995,0,0.01,1.179999948,38
56.01,7020,-8123,7084,-8162,1.029999971,10.93999958,0.879999995,0,0.01,1.179999948,38
56.02,7017,-8164,7077,-8166,2.410000086,10.03999996,-1.879999995,0.109999999,0,1.289999962,38
56.03,7021,-8147,7050,-8188,2.410000086,10.03999996,-1.879999995,0.109999999,0,1.289999962,38
56.04,6981,-8184,7038,-8203,3.279999971,11.02000046,-1.220000029,0.140000001,-0.050000001,1.340000033,38
56.05,6978,-8223,7051,-8210,3.279999971,11.02000046,-1.220000029,0.140000001,-0.050000001,1.340000033,38
56.06,7045,-8187,7046,-8222,2.25,13.56999969,2.980000019,-0.050000001,0,1.360000014,38
56.07,6956,-8152,7028,-8248,2.25,13.56999969,2.980000019,-0.050000001,0,1.360000014,38
56.08,6935,-8179,7000,-8212,0.560000002,13.31000042,1.080000043,-0.270000011,0.050000001,1.389999986,38
56.09,6917,-8177,6974,-8238,0.560000002,13.31000042,1.080000043,-0.270000011,0.050000001,1.389999986,38
56.1,6913,-8192,6990,-8237,0.870000005,15.36999989,-0.109999999,-0.079999998,0.050000001,1.389999986,38
56.11,6920,-8210,6989,-8249,0.870000005,15.36999989,-0.109999999,-0.079999998,0.050000001,1.389999986,38
56.12,6912,-8205,6955,-8231,1.809999943,13.64000034,-0.039999999,0.059999999,0.029999999,1.399999976,38
56.13,6899,-8192,6946,-8246,1.809999943,13.64000034,-0.039999999,0.059999999,0.029999999,1.399999976,38
56.14,6956,-8169,6969,-8258,2.450000048,13.72999954,-0.920000017,0.140000001,0.07,1.379999995,38
56.15,6921,-8184,6964,-8236,2.450000048,13.72999954,-0.920000017,0.140000001,0.07,1.379999995,38
56.16,6901,-8145,6935,-8212,1.809999943,13.68999958,-1.169999957,0.109999999,0.119999997,1.360000014,38
56.17,6837,-8154,7007,-8282,1.809999943,13.68999958,-1.169999957,0.109999999,0.119999997,1.360000014,38
56.18,6947,-8213,7024,-8245,0.730000019,13.77999973,0.540000022,0.129999995,0.140000001,1.409999967,38
56.19,6933,-8175,7048,-8235,0.730000019,13.77999973,0.540000022,0.129999995,0.140000001,1.409999967,38
56.2,6874,-8261,7037,-8247,-0.430000007,13.14000034,1.370000005,0,0.079999998,1.429999948,36
56.21,6875,-8243,7058,-8258,-0.430000007,13.14000034,1.370000005,0,0.079999998,1.429999948,36
56.22,6862,-8106,7071,-8249,1.820000052,13.27000046,0.99000001,-0.07,0.050000001,1.450000048,33
56.23,6912,-8300,7090,-8289,1.820000052,13.27000046,0.99000001,-0.07,0.050000001,1.450000048,33
56.24,6944,-8243,7095,-8327,2.559999943,16.32999992,0.600000024,-0.07,-0.029999999,1.470000029,32
56.25,6941,-8172,7120,-8321,2.559999943,16.32999992,0.600000024,-0.07,-0.029999999,1.470000029,30
56.26,6963,-8242,7184,-8359,0.090000004,11.03999996,-1.529999971,-0.150000006,-0.140000001,1.49000001,30
56.27,6942,-8232,7222,-8385,4.050000191,12.55000019,-0.670000017,-0.150000006,-0.140000001,1.49000001,29
56.28,6954,-8157,7187,-8362,0.980000019,13.35000038,-3.480000019,-0.280000001,-0.140000001,1.470000029,29
56.29,7001,-8181,7174,-8338,0.980000019,13.35000038,-3.480000019,-0.280000001,-0.140000001,1.470000029,29
56.3,6979,-8194,7173,-8328,2.150000095,12.93999958,0.779999971,-0.050000001,-0.170000002,1.440000057,29
56.31,6977,-8174,7137,-8311,2.150000095,12.93999958,0.779999971,-0.050000001,-0.170000002,1.440000057,29
56.32,7019,-8189,7027,-8284,2.519999981,17.55999947,-1.269999981,0.150000006,-0.170000002,1.370000005,29
56.33,7040,-8185,7034,-8285,2.519999981,17.55999947,-1.269999981,0.150000006,-0.170000002,1.370000005,29
56.34,7058,-8102,7092,-8196,1.970000029,14.13000011,2.599999905,0.270000011,-0.119999997,1.25999999,29
56.35,7110,-8104,7147,-8190,1.970000029,14.13000011,2.599999905,0.270000011,-0.119999997,1.25999999,29
56.36,7154,-8086,7171,-8202,0.079999998,18.32999992,5.5,0.230000004,-0.07,1.159999967,29
56.37,7254,-8061,7147,-8109,0.079999998,18.32999992,5.5,0.230000004,-0.07,1.159999967,29
56.38,7279,-7965,7137,-8159,-0.159999996,19.68000031,4.380000114,0.059999999,0.090000004,1.029999971,29
56.39,7390,-7961,7198,-8033,-0.159999996,19.68000031,4.380000114,0.059999999,0.090000004,1.029999971,29
56.4,7365,-7975,7250,-8034,-0.419999987,16.65999985,1.549999952,-0.129999995,0.219999999,0.910000026,29
56.41,7331,-7941,7235,-7997,-0.419999987,16.65999985,1.549999952,-0.129999995,0.219999999,0.910000026,30
56.42,7284,-7930,7245,-8011,1.450000048,13.15999985,-0.699999988,-0.180000007,0.25,0.860000014,32
56.43,7213,-7936,7263,-8075,1.450000048,13.15999985,-0.699999988,-0.180000007,0.25,0.860000014,32
56.44,7174,-7929,7307,-8108,3.349999905,12.14000034,-2.609999895,-0.02,0.189999998,0.879999995,35
56.45,7125,-7929,7357,-8073,1.919999957,12.78999996,-4.170000076,-0.02,0.189999998,0.879999995,36
56.46,7094,-8008,7376,-8042,0.689999998,11.52999973,-3.849999905,0.119999997,0.180000007,0.970000029,36
56.47,7076,-8013,7386,-8063,0.689999998,11.52999973,-3.849999905,0.119999997,0.180000007,0.970000029,36
56.48,7064,-7996,7424,-8106,1.690000057,10.85999966,-0.389999986,0.079999998,0.119999997,1.059999943,36
56.49,7079,-8064,7521,-8077,1.690000057,10.85999966,-0.389999986,0.079999998,0.119999997,1.059999943,36
56.5,7012,-8036,7587,-8129,-0.589999974,11.60000038,-3.299999952,-0.02,0.059999999,1.159999967,36
56.51,7036,-8098,7566,-8152,-0.589999974,11.60000038,-3.299999952,-0.02,0.059999999,1.159999967,36
56.52,6986,-8124,7549,-8212,0.419999987,12.39000034,-4.400000095,-0.059999999,0.029999999,1.230000019,36
56.53,6956,-8118,7536,-8248,-0.730000019,12.96000004,-1.360000014,-0.059999999,0.029999999,1.230000019,37
56.54,6963,-8144,7555,-8267,-1.419999957,11.97999954,-1.830000043,-0.02,-0.01,1.309999943,37
56.55,6953,-8155,7370,-8259,-1.419999957,11.97999954,-1.830000043,-0.02,-0.01,1.309999943,37
56.56,6977,-8165,7242,-8196,-0.219999999,17.56999969,-1.309999943,0.119999997,-0.050000001,1.320000052,38
56.57,6869,-8140,7155,-8177,-0.219999999,17.56999969,-1.309999943,0.119999997,-0.050000001,1.320000052,39
56.58,6860,-8105,7085,-8207,0.600000024,16.03000069,-0.100000002,0.100000002,-0.090000004,1.320000052,39
56.59,6956,-8081,7024,-8175,0.600000024,16.03000069,-0.100000002,0.100000002,-0.090000004,1.320000052,39
56.6,6894,-8086,6993,-8209,-0.569999993,16.57999992,2.460000038,0.119999997,0,1.330000043,39
56.61,6887,-8183,7005,-8215,-0.569999993,16.57999992,2.460000038,0.119999997,0,1.330000043,39
56.62,6886,-8057,6980,-8223,1.470000029,15.14999962,1.75,0.039999999,0.050000001,1.320000052,39
56.63,6841,-8082,6983,-8187,1.470000029,15.14999962,1.75,0.039999999,0.050000001,1.320000052,39
56.64,6874,-8169,6988,-8225,-3.75999999,16.28000069,0.119999997,-0.059999999,0.109999999,1.330000043,39
56.65,6839,-8083,6968,-8185,-3.75999999,16.28000069,0.119999997,-0.059999999,0.109999999,1.330000043,39
56.66,6816,-8013,6987,-8120,-0.07,16.46999931,1.75999999,0.01,0.079999998,1.330000043,39
56.67,6813,-8032,7012,-8096,-0.07,16.46999931,1.75999999,0.01,0.079999998,1.330000043,39
56.68,6791,-8077,6975,-8168,-0.400000006,15.43999958,-2.089999914,-0.039999999,0.050000001,1.360000014,39
56.69,6784,-8031,6933,-8155,-0.400000006,15.43999958,-2.089999914,-0.039999999,0.050000001,1.360000014,39
56.7,6753,-8020,6946,-8152,1.50999999,13.55000019,-2.430000067,0,0.059999999,1.379999995,40
56.71,6748,-8078,6991,-8105,1.50999999,13.55000019,-2.430000067,0,0.059999999,1.379999995,40
56.72,6753,-8074,7010,-8171,0.819999993,13.28999996,-2.109999895,-0.01,0.039999999,1.440000057,40
56.73,6723,-8093,6895,-8145,0.819999993,13.28999996,-2.109999895,-0.01,0.039999999,1.440000057,40
56.74,6691,-8084,6841,-8154,0.259999991,16.59000015,-2.519999981,0.039999999,0.07,1.450000048,40
56.75,6769,-8051,6855,-8129,0.259999991,16.59000015,-2.519999981,0.039999999,0.07,1.450000048,40
56.76,6720,-8027,6852,-8144,1.440000057,12.75,-0.730000019,0.180000007,0.029999999,1.450000048,40
56.77,6710,-8038,6856,-8142,1.440000057,12.75,-0.730000019,0.180000007,0.029999999,1.450000048,40
56.78,6714,-7993,6872,-8139,-0.310000002,14.85000038,-0.270000011,0.02,0.129999995,1.419999957,40
56.79,6691,-7946,6881,-8077,-0.310000002,14.85000038,-0.270000011,0.02,0.129999995,1.419999957,40
56.8,6702,-7960,6910,-8061,0.980000019,14.93999958,1.950000048,0,0.109999999,1.399999976,40
56.81,6651,-7947,6945,-8058,0.980000019,14.93999958,1.950000048,0,0.109999999,1.399999976,40
56.82,6652,-7969,6915,-8049,1.25999999,16.73999977,-1.899999976,-0.129999995,0.050000001,1.419999957,40
56.83,6616,-7970,6880,-8041,1.25999999,16.73999977,-1.899999976,-0.129999995,0.050000001,1.419999957,40
56.84,6627,-7973,6896,-8084,2.440000057,12.92000008,0.050000001,-0.119999997,0.039999999,1.460000038,40
56.85,6577,-7984,6915,-8132,2.440000057,12.92000008,0.050000001,-0.119999997,0.039999999,1.460000038,40
56.86,6606,-7991,6815,-8130,-0.939999998,14.38000011,-3.440000057,-0.059999999,0.059999999,1.5,40
56.87,6581,-7962,6763,-8114,-0.939999998,14.38000011,-3.440000057,-0.059999999,0.059999999,1.5,40
56.88,6598,-7926,6716,-8076,0.980000019,16.98999977,1.159999967,0.219999999,0.079999998,1.480000019,40
56.89,6561,-7945,6709,-8000,0.980000019,16.98999977,1.159999967,0.219999999,0.079999998,1.480000019,40
56.9,6579,-7915,6741,-7982,0.920000017,13.85000038,0.75,0.239999995,0.039999999,1.5,40
56.91,6587,-7918,6761,-8016,0.920000017,13.85000038,0.75,0.239999995,0.039999999,1.5,40
56.92,6562,-8014,6788,-7999,0.959999979,17.22999954,0.930000007,0.079999998,0.039999999,1.5,39
56.93,6568,-7939,6832,-8014,0.959999979,17.22999954,0.930000007,0.079999998,0.039999999,1.5,39
56.94,6597,-7888,6821,-8049,0.419999987,15.72999954,-2.920000076,-0.119999997,0.039999999,1.480000019,39
56.95,6510,-7969,6748,-8083,0.419999987,15.72999954,-2.920000076,-0.119999997,0.039999999,1.480000019,39
56.96,6494,-7887,6733,-8056,2.710000038,16.40999985,3.569999933,-0.200000003,0.059999999,1.480000019,39
56.97,6542,-7843,6760,-8013,2.710000038,16.40999985,3.569999933,-0.200000003,0.059999999,1.480000019,39
56.98,6542,-7906,6719,-7992,0.360000014,15.96000004,-0.140000001,-0.180000007,0.01,1.49000001,39
56.99,6483,-7922,6654,-8032,0.360000014,15.96000004,-0.140000001,-0.180000007,0.01,1.49000001,39
57,6518,-7851,6641,-8005,2.230000019,17.15999985,-0.519999981,0.079999998,0.02,1.5,38
57.01,6561,-7857,6653,-8010,2.230000019,17.15999985,-0.519999981,0.079999998,0.02,1.5,38
57.02,6576,-7879,6672,-7980,-0.029999999,15.30000019,-1.289999962,0.180000007,0.02,1.50999999,38
57.03,6545,-7915,6667,-8000,-0.029999999,15.30000019,-1.289999962,0.180000007,0.02,1.50999999,37
57.04,6513,-7847,6692,-7960,1.769999981,16,1.190000057,0.109999999,0.02,1.480000019,37
57.05,6523,-7804,6742,-8013,1.769999981,16,1.190000057,0.109999999,0.02,1.480000019,36
57.06,6512,-7879,6741,-7971,1.879999995,13.72000027,-2.390000105,-0.029999999,-0.02,1.5,35
57.07,6546,-7892,6715,-7961,1.879999995,13.72000027,-2.390000105,-0.029999999,-0.02,1.5,35
57.08,6529,-7810,6724,-8007,2.49000001,17.52000046,2.559999943,-0.039999999,-0.01,1.480000019,34
57.09,6542,-7825,6795,-8001,2.49000001,17.52000046,2.559999943,-0.039999999,-0.01,1.480000019,34
57.1,6564,-7793,6846,-7975,0.639999986,15.28999996,-0.109999999,-0.189999998,0.02,1.429999948,34
57.11,6570,-7783,6781,-7933,0.639999986,15.28999996,-0.109999999,-0.189999998,0.02,1.429999948,34
57.12,6559,-7775,6719,-7936,3.180000067,20.54999924,-0.300000012,-0.01,0.039999999,1.379999995,34
57.13,6585,-7848,6796,-7889,3.180000067,20.54999924,-0.300000012,-0.01,0.039999999,1.379999995,34
57.14,6599,-7801,6823,-7919,2.289999962,12.80000019,-3.839999914,-0.039999999,0.059999999,1.340000033,34
57.15,6601,-7821,6810,-7943,2.289999962,12.80000019,-3.839999914,-0.039999999,0.059999999,1.340000033,34
57.16,6637,-7746,6806,-7969,2.809999943,13.30000019,-2.859999895,0.109999999,0.079999998,1.330000043,34
57.17,6625,-7696,6882,-7972,2.809999943,13.30000019,-2.859999895,0.109999999,0.079999998,1.330000043,34
57.18,6647,-7780,7063,-7902,2.539999962,13.96000004,0.200000003,0.090000004,0.090000004,1.320000052,34
57.19,6630,-7758,7096,-7927,1.210000038,13.89999962,-1.99000001,0.039999999,0.119999997,1.320000052,33
57.2,6632,-7750,7000,-7928,3.700000048,16.85000038,0.01,0,0.029999999,1.320000052,33
57.21,6625,-7749,6921,-7884,2,16.53000069,-1.340000033,-0.01,0.02,1.309999943,33
57.22,6640,-7700,6916,-7891,1.029999971,15.97000027,-0.370000005,-0.079999998,0.050000001,1.279999971,33
57.23,6665,-7784,6967,-7856,2.900000095,15.97999954,0.819999993,-0.01,0.059999999,1.269999981,33
57.24,6682,-7771,7003,-7879,1.570000052,15.18000031,0.620000005,0.029999999,0.079999998,1.25,32
57.25,6671,-7775,7029,-7939,4.110000134,13.59000015,-0.140000001,-0.039999999,0.059999999,1.25999999,32
57.26,6707,-7825,7047,-7994,1.090000033,15.76000023,-1.519999981,0,0.090000004,1.25,31
57.27,6702,-7748,7010,-7998,2.670000076,13.34000015,-1.110000014,0,0.090000004,1.25,30
57.28,6719,-7758,7004,-7956,2.799999952,15.60000038,-2.630000114,0.01,0,1.25999999,29
57.29,6734,-7825,7003,-7918,3.00999999,13.11999989,0.039999999,-0.159999996,-0.050000001,1.269999981,28
57.3,6731,-7801,6974,-7891,2.5,14.31000042,-3.460000038,0.039999999,0,1.25999999,27
57.31,6766,-7748,6938,-7898,2.309999943,15.36999989,0,-0.090000004,-0.039999999,1.25,26
57.32,6758,-7766,6925,-7932,3.619999886,16.96999931,0.259999991,0.109999999,0,1.220000029,25
57.33,6798,-7724,6928,-7911,1.669999957,15.42000008,1.769999981,-0.039999999,-0.050000001,1.179999948,23
57.34,6851,-7715,6971,-7881,1.769999981,16.37999916,0.319999993,-0.039999999,0.01,1.129999995,22
57.35,6871,-7693,6987,-7801,2.480000019,15.78999996,2.029999971,-0.079999998,-0.039999999,1.070000052,21
57.36,6909,-7678,6991,-7793,2.74000001,15.10000038,-0.07,-0.079999998,-0.01,1.00999999,21
57.37,6949,-7701,7033,-7785,2.069999933,15.71000004,0.460000008,-0.079999998,-0.01,1.00999999,21
57.38,6992,-7626,7099,-7767,1.75,14.82999992,-0.660000026,-0.170000002,0.02,0.889999986,21
57.39,7026,-7615,7135,-7779,1.690000057,16.28000069,0.379999995,-0.109999999,0.050000001,0.829999983,21
57.4,7044,-7608,7177,-7759,3.029999971,14.93000031,0.5,-0.150000006,0.02,0.779999971,21
57.41,7053,-7635,7171,-7719,3.420000076,14.35999966,0.07,-0.109999999,-0.02,0.74000001,21
57.42,7106,-7603,7163,-7716,1.649999976,14.28999996,-0.99000001,-0.129999995,0,0.689999998,21
57.43,7129,-7596,7185,-7663,2.480000019,14.18999958,-0.090000004,-0.100000002,0,0.639999986,21
57.44,7142,-7607,7201,-7626,1.529999971,14.47000027,0.180000007,0.02,0.02,0.600000024,21
57.45,7151,-7593,7180,-7675,2.630000114,12.65999985,-0.689999998,0.01,0.050000001,0.569999993,21
57.46,7191,-7588,7184,-7662,1.039999962,13.14000034,-0.300000012,0.07,0.039999999,0.540000022,21
57.47,7221,-7637,7239,-7660,2.200000048,12.39000034,-0.759999991,0.07,0.039999999,0.540000022,21
57.48,7267,-7660,7292,-7646,2.349999905,10.81000042,1.590000033,0.059999999,-0.02,0.509999991,23
57.49,7296,-7637,7326,-7644,2.230000019,9.279999733,-0.550000012,-0.02,0.01,0.509999991,24
57.5,7265,-7615,7295,-7678,1.419999957,10.89000034,0.460000008,-0.090000004,0.01,0.509999991,25
57.51,7262,-7668,7221,-7691,3.140000105,10.38000011,-0.239999995,-0.119999997,0.02,0.529999971,26
57.52,7266,-7697,7216,-7701,2.710000038,10.81999969,0.469999999,-0.129999995,0,0.540000022,27
57.53,7206,-7669,7169,-7693,1.559999943,9.100000381,-1.50999999,-0.159999996,0.01,0.569999993,29
57.54,7203,-7747,7137,-7712,0.800000012,10.38000011,-0.769999981,-0.129999995,0.039999999,0.600000024,30
57.55,7185,-7752,7152,-7722,1.629999995,10.27999973,1.549999952,0,0.050000001,0.629999995,31
57.56,7154,-7775,7148,-7757,1.950000048,7.849999905,1.75,0.050000001,0.050000001,0.680000007,32
57.57,7142,-7815,7125,-7840,1.419999957,7.769999981,-0.660000026,0.050000001,0.050000001,0.680000007,33
57.58,7099,-7864,7105,-7849,0.720000029,7.710000038,-0.300000012,-0.02,0.079999998,0.790000022,33
57.59,7092,-7885,7066,-7851,3.519999981,6.170000076,0.600000024,0.029999999,0.029999999,0.870000005,33
57.6,7059,-7931,7039,-7895,-0.25,7.420000076,-2.099999905,0.01,0.090000004,0.939999998,33
57.61,7038,-7907,7047,-7902,2.059999943,7.269999981,-0.140000001,-0.059999999,0.059999999,0.99000001,33
57.62,6983,-7961,7019,-7930,0.319999993,8.649999619,0.209999993,0.02,0.090000004,1.049999952,33
57.63,7008,-7995,7007,-7971,2.119999886,9.479999542,-0.709999979,0.01,0.07,1.110000014,33
57.64,7018,-7972,7007,-7995,2.700000048,8.970000267,-0.180000007,0.01,0.01,1.159999967,33
57.65,6948,-8025,6969,-8034,-0.200000003,9.630000114,-1.590000033,-0.029999999,0.029999999,1.200000048,33
57.66,6924,-8095,6947,-8041,1.230000019,11.18999958,-1.360000014,-0.050000001,0,1.25,33
57.67,6954,-8099,6951,-8050,-0.280000001,10.71000004,-0.039999999,-0.050000001,0,1.25,33
57.68,6934,-8094,6983,-8111,2.460000038,9.930000305,-1.399999976,0.07,0,1.320000052,33
57.69,6944,-8176,6990,-8119,0.25,11.60000038,0.620000005,0.140000001,-0.01,1.340000033,33
57.7,6940,-8070,6955,-8146,2.779999971,10.64999962,0.059999999,0.029999999,0,1.350000024,33
57.71,6920,-8068,6946,-8170,1.870000005,13.76000023,1.029999971,0.109999999,-0.039999999,1.350000024,33
57.72,6931,-8114,6957,-8161,2.400000095,12.40999985,-0.189999998,-0.029999999,-0.050000001,1.360000014,33
57.73,6926,-8093,6990,-8122,1.529999971,12.61999989,-0.579999983,-0.050000001,-0.050000001,1.360000014,33
57.74,6919,-8037,6977,-8097,-0.330000013,14.31000042,-1.210000038,-0.050000001,0.02,1.340000033,33
57.75,6922,-8069,6958,-8094,2.569999933,13.77000046,-0.01,0.02,0,1.330000043,33
57.76,6944,-8105,6946,-8069,0.689999998,13.89000034,1.289999962,0.07,0.01,1.309999943,33
57.77,6946,-8070,6949,-8063,0.550000012,13.10999966,-1.409999967,0.07,0.01,1.309999943,33
57.78,6908,-8077,6968,-8113,0.479999989,15.25,0.310000002,0.02,0.039999999,1.289999962,33
57.79,6924,-8083,6967,-8153,0.479999989,15.25,0.310000002,0.039999999,0.159999996,1.279999971,33
57.8,6923,-8039,6967,-8151,3.940000057,14.28999996,2.599999905,0.090000004,0.07,1.269999981,33
57.81,6919,-8047,7007,-8115,0.550000012,14.27999973,1.110000014,0.079999998,0.119999997,1.25999999,33
57.82,6933,-8080,7001,-8080,4.71999979,12.72000027,-0.310000002,-0.039999999,0.050000001,1.25999999,33
57.83,6915,-8030,6972,-8099,-1.059999943,15.57999992,-0.730000019,0.01,0.140000001,1.25,33
57.84,6926,-8017,7021,-8075,0.389999986,12.60999966,-2.319999933,-0.119999997,0.140000001,1.25999999,33
57.85,6945,-8116,7101,-8126,1.610000014,12.30000019,-1.49000001,0,0.109999999,1.279999971,33
57.86,6915,-8058,7098,-8125,0.059999999,11.92000008,-0.970000029,0,0.090000004,1.299999952,33
57.87,6929,-8113,7087,-8170,1.980000019,12.52999973,-2.670000076,0,0.090000004,1.299999952,33
57.88,6926,-8119,7094,-8195,1.269999981,13.28999996,-1.039999962,0.01,0.02,1.330000043,33
57.89,6930,-8139,7070,-8213,2.470000029,12.22000027,-2.819999933,0.01,0,1.360000014,33
57.9,6936,-8159,7043,-8215,2.460000038,14.46000004,-0.439999998,0.050000001,-0.050000001,1.370000005,33
57.91,6918,-8151,7041,-8167,0.670000017,14.05000019,-1.700000048,-0.01,-0.01,1.379999995,33
57.92,6922,-8106,7054,-8183,1.379999995,14,0.409999996,-0.01,-0.01,1.370000005,33
57.93,6949,-8118,7041,-8201,-0.050000001,15.86999989,0.879999995,0.090000004,0.050000001,1.370000005,33
57.94,6950,-8125,7042,-8190,3.880000114,14.34000015,1.340000033,0.029999999,-0.01,1.350000024,33
57.95,6955,-8080,7026,-8210,2.839999914,15.77000046,1.639999986,0.090000004,0,1.330000043,33
57.96,6944,-8054,7050,-8209,0.74000001,14.71000004,0.540000022,-0.050000001,0.039999999,1.309999943,33
57.97,6992,-8126,7085,-8225,2.5,16.03000069,-0.649999976,-0.050000001,0.039999999,1.309999943,33
57.98,6959,-8119,7079,-8206,1.220000029,14.57999992,0,-0.029999999,0.039999999,1.289999962,33
57.99,6979,-8082,7071,-8189,2.869999886,14.10000038,-1.610000014,-0.07,0.07,1.289999962,34
58,6987,-8134,7076,-8148,1.00999999,14.01000023,0.219999999,-0.07,0.050000001,1.279999971,34
58.01,6968,-8084,7077,-8126,1.149999976,13.68000031,-3.49000001,-0.02,0.119999997,1.269999981,35
58.02,6968,-8061,7100,-8199,0.360000014,15.63000011,0.519999981,-0.02,0.100000002,1.25999999,35
58.03,6972,-8074,7106,-8176,1.220000029,13.90999985,0.150000006,0.039999999,0.150000006,1.269999981,35
58.04,6944,-8105,7105,-8166,4.190000057,13.53999996,0,0.07,0.050000001,1.279999971,35
58.05,6944,-8079,7115,-8211,0.759999991,13.75,-0.340000004,0.050000001,0.079999998,1.279999971,35
58.06,6969,-8067,7156,-8193,1.190000057,14.55000019,-1.850000024,-0.07,0.059999999,1.289999962,35
58.07,6939,-8140,7153,-8215,3.25,14.25,0.219999999,-0.07,0.059999999,1.289999962,35
58.08,6931,-8139,7155,-8208,0.74000001,12.85999966,-1.669999957,0,0.059999999,1.320000052,35
58.09,6937,-8180,7145,-8215,2.559999943,12.92000008,-2.25,-0.129999995,0.029999999,1.350000024,35
58.1,6944,-8176,7132,-8233,-0.870000005,14.23999977,-2.609999895,-0.079999998,0.02,1.360000014,35
58.11,6927,-8139,7131,-8215,0.029999999,14.64000034,-3.130000114,-0.100000002,0.039999999,1.379999995,35
58.12,6942,-8111,7115,-8221,1.909999967,12.72000027,0.829999983,-0.02,0,1.389999986,35
58.13,6953,-8193,7070,-8241,2.809999943,14.17000008,-0.980000019,0.07,0,1.389999986,35
58.14,6945,-8143,7035,-8219,2.829999924,16.19000053,0.589999974,0,-0.039999999,1.370000005,35
58.15,6955,-8075,7033,-8201,-0.079999998,15.43000031,-0.02,-0.039999999,0.02,1.360000014,36
58.16,6943,-8109,7046,-8200,1.470000029,16.19000053,-1.74000001,-0.029999999,0.039999999,1.350000024,36
58.17,6955,-8104,7010,-8187,2.480000019,14.84000015,1.370000005,-0.029999999,0.039999999,1.350000024,36
58.18,7000,-8099,6998,-8143,-0.400000006,15.19999981,0.170000002,0,0.109999999,1.309999943,36
58.19,6928,-8086,7036,-8174,2.900000095,15.40999985,0.800000012,-0.100000002,0.079999998,1.279999971,37
58.2,6898,-8086,7058,-8164,-0.860000014,15.48999977,-0.759999991,0,0.140000001,1.25999999,37
58.21,6878,-8079,7031,-8184,3.390000105,13.56000042,-0.389999986,-0.079999998,0.140000001,1.279999971,37
58.22,6907,-8084,7018,-8151,1.679999948,17.01000023,-0.589999974,0.150000006,0.119999997,1.279999971,37
58.23,6877,-8110,7032,-8190,0.620000005,15.21000004,-0.02,-0.050000001,0.129999995,1.269999981,37
58.24,6871,-8066,7042,-8162,1.210000038,14.60999966,-1.120000005,0.07,0.090000004,1.279999971,37
58.25,6868,-8052,7084,-8143,-1.850000024,15.88000011,-1.200000048,0.079999998,0.140000001,1.299999952,37
58.26,6871,-8109,7133,-8154,3.230000019,13.32999992,-0.379999995,0,0.079999998,1.320000052,37
58.27,6853,-8095,7175,-8164,-0.660000026,14.18000031,0.49000001,0,0.079999998,1.320000052,37
58.28,6853,-8123,7179,-8181,1.24000001,12.39999962,-2.329999924,-0.02,0.090000004,1.379999995,37
58.29,6857,-8149,7220,-8240,1.909999967,13.31000042,-1.889999986,0.07,0.01,1.409999967,37
58.3,6829,-8153,7240,-8270,0.090000004,14.27000046,-2.369999886,0.109999999,0.07,1.440000057,37
58.31,6855,-8249,7284,-8301,4.28000021,13.01000023,0.389999986,0.039999999,-0.050000001,1.460000038,37
58.32,6815,-8222,7369,-8316,0.239999995,14.75,-0.409999996,0.100000002,0,1.49000001,37
58.33,6843,-8146,7445,-8324,2.769999981,13.14999962,-0.779999971,-0.129999995,-0.059999999,1.519999981,37
58.34,6835,-8166,7475,-8282,1.299999952,13.81000042,-2.849999905,-0.050000001,-0.059999999,1.529999971,37
58.35,6791,-8200,7500,-8281,1.809999943,14.40999985,-2.210000038,-0.079999998,-0.079999998,1.549999952,37
58.36,6819,-8176,7391,-8284,1.600000024,13.94999981,0.680000007,-0.189999998,-0.079999998,1.539999962,37
58.37,6803,-8170,7292,-8260,2.019999981,15.80000019,-1.289999962,-0.189999998,-0.079999998,1.539999962,37
58.38,6788,-8184,7202,-8273,2.24000001,14.71000004,0.550000012,-0.090000004,0,1.5,37
58.39,6815,-8183,7100,-8302,3.440000057,14.68000031,0.02,0.07,0.029999999,1.470000029,37
58.4,6824,-8175,7060,-8336,2.329999924,17.04999924,0.07,0.180000007,0.029999999,1.450000048,37
58.41,6835,-8206,7094,-8304,3.180000067,14.56000042,0.389999986,0.119999997,0.01,1.450000048,37
58.42,6864,-8141,7105,-8237,1.120000005,15.77000046,-0.529999971,0.310000002,0.090000004,1.429999948,37
58.43,6850,-8103,7137,-8277,3.549999952,16.04999924,4.510000229,0.119999997,0.050000001,1.419999957,35
58.44,6933,-8140,7152,-8292,1.970000029,16.43000031,0.379999995,0.239999995,0.119999997,1.399999976,33
58.45,6879,-8149,7164,-8259,1.919999957,17.72999954,2.319999933,-0.050000001,0.119999997,1.379999995,29
58.46,6919,-8077,7201,-8264,3.5,14.52999973,-0.219999999,-0.109999999,0.140000001,1.370000005,26
58.47,6925,-8097,7233,-8274,2.029999971,13.73999977,-1.429999948,-0.109999999,0.140000001,1.370000005,22
58.48,6972,-8135,7270,-8372,3.130000114,14.68999958,-1.570000052,-0.170000002,0.090000004,1.370000005,19
58.49,6979,-8102,7328,-8449,4.440000057,12.56999969,-0.970000029,-0.159999996,0.029999999,1.360000014,19
58.5,7019,-8116,7400,-8491,2.50999999,11.90999985,-2.799999952,-0.119999997,0.01,1.340000033,13
58.51,7046,-8134,7472,-8438,4.699999809,11.14999962,-2.640000105,-0.170000002,-0.059999999,1.320000052,12
58.52,7103,-8105,7525,-8322,3.589999914,12.19999981,-3.25999999,-0.039999999,-0.119999997,1.279999971,12
58.53,7163,-8110,7547,-8306,3.24000001,14.61999989,-1.620000005,-0.090000004,-0.109999999,1.200000048,12
58.54,7300,-8073,7603,-8223,3.440000057,14.07999992,-0.140000001,-0.07,-0.159999996,1.110000014,12
58.55,7375,-8073,7650,-8158,2.880000114,14.06000042,-0.050000001,-0.050000001,-0.119999997,1.019999981,12
58.56,7492,-8016,7629,-8126,2.710000038,16.07999992,0.610000014,0,-0.090000004,0.910000026,12
58.57,7578,-7980,7670,-8089,4.039999962,17.97999954,1.659999967,0,-0.090000004,0.910000026,12
58.58,7620,-7979,7672,-8093,3.210000038,17.82999992,1.899999976,0.079999998,-0.029999999,0.709999979,13
58.59,7649,-7969,7666,-8149,2.940000057,18.42000008,1.029999971,0.119999997,0.02,0.639999986,13
58.6,7767,-7962,7737,-8144,3.849999905,16.65999985,2.74000001,0.180000007,0.02,0.560000002,13
58.61,7942,-7980,7829,-8121,3.329999924,15.18000031,2.529999971,0.180000007,-0.01,0.509999991,13
58.62,8011,-7993,7935,-8054,2.789999962,14.10000038,1.190000057,0.100000002,0.029999999,0.460000008,13
58.63,8092,-8003,8047,-8062,5.199999809,13.47000027,1.799999952,-0.07,0,0.419999987,13
58.64,8121,-7999,8121,-8081,1.899999976,12.82999992,1.090000033,-0.140000001,0.090000004,0.400000006,13
58.65,8123,-7999,8161,-8039,3.900000095,11.93999958,-1.149999976,-0.319999993,0.059999999,0.370000005,13
58.66,8027,-8043,8163,-8122,5.699999809,12.71000004,-1.100000024,-0.239999995,0.050000001,0.360000014,13
58.67,7935,-8040,8110,-8115,4.119999886,11.89000034,-2.369999886,-0.239999995,0.050000001,0.360000014,13
58.68,7989,-8088,8027,-8180,4.53000021,11.02999973,-3.49000001,-0.310000002,0.029999999,0.340000004,13
58.69,7983,-8134,7871,-8198,4.960000038,10.88000011,-1.799999952,-0.119999997,-0.02,0.340000004,13
58.7,8032,-8142,7921,-8212,4.610000134,10.84000015,-3.119999886,-0.01,-0.039999999,0.319999993,13
58.71,8089,-8196,8034,-8193,3.24000001,9.319999695,-0.07,0.050000001,-0.029999999,0.310000002,13
58.72,8136,-8209,8072,-8196,4.920000076,6.679999828,0.449999988,0.050000001,-0.079999998,0.300000012,13
58.73,8171,-8223,8036,-8240,3.369999886,7.21999979,0.589999974,0.050000001,0,0.300000012,13
58.74,8216,-8233,8041,-8264,4.510000229,6.659999847,1.929999948,-0.029999999,0,0.289999992,14
58.75,8221,-8267,8070,-8286,4.989999771,6.900000095,2.730000019,-0.100000002,0.01,0.289999992,15
58.76,8196,-8282,8061,-8332,4.730000019,6.53000021,-0.150000006,-0.159999996,0.02,0.300000012,15
58.77,8172,-8347,8060,-8378,4.199999809,6.860000134,-1.870000005,-0.159999996,0.02,0.300000012,15
58.78,8193,-8371,8112,-8429,4.090000153,6.699999809,-0.150000006,-0.150000006,0.02,0.340000004,15
58.79,8203,-8453,8143,-8484,4.699999809,5.599999905,-0.779999971,-0.100000002,0.01,0.370000005,15
58.8,8212,-8471,8196,-8507,5.110000134,5.110000134,-0.839999974,0.02,0,0.389999986,15
58.81,8290,-8550,8246,-8529,4.489999771,2.880000114,-0.529999971,0.01,0,0.430000007,15
58.82,8299,-8601,8249,-8619,4.230000019,2.450000048,-1.309999943,0.02,0,0.460000008,15
58.83,8291,-8625,8239,-8604,5.840000153,2.349999905,-0.280000001,0,0,0.479999989,15
58.84,8272,-8660,8231,-8646,4.989999771,3.650000095,1.090000033,-0.01,0.01,0.509999991,15
58.85,8341,-8710,8296,-8682,5.730000019,5,0.910000026,-0.039999999,0,0.529999971,15
58.86,8356,-8738,8342,-8732,4.96999979,5.070000172,0.039999999,-0.059999999,-0.01,0.560000002,15
58.87,8362,-8791,8311,-8776,5.559999943,6.539999962,0.050000001,-0.059999999,-0.01,0.560000002,15
58.88,8385,-8824,8389,-8848,5.170000076,7.130000114,-0.159999996,-0.01,0,0.579999983,15
58.89,8459,-8854,8439,-8944,5.309999943,8.130000114,0.930000007,0.119999997,-0.029999999,0.589999974,15
58.9,8518,-8894,8468,-8955,5.989999771,6.420000076,-0.050000001,0.159999996,-0.050000001,0.600000024,15
58.91,8524,-8931,8500,-8985,5.599999905,7.010000229,2.180000067,0.129999995,-0.059999999,0.589999974,15
58.92,8506,-8930,8486,-9016,4.920000076,5.550000191,0.720000029,0.050000001,-0.029999999,0.589999974,15
58.93,8535,-8943,8461,-9013,5.039999962,7.199999809,1.710000038,0.02,-0.01,0.589999974,15
58.94,8541,-8944,8512,-9023,4.929999828,7.579999924,2.069999933,-0.01,-0.01,0.579999983,15
58.95,8567,-8969,8558,-9028,3.019999981,7.099999905,1.25,-0.059999999,-0.01,0.569999993,15
58.96,8604,-8959,8578,-9002,3.369999886,7.139999866,-0.550000012,-0.109999999,0.039999999,0.560000002,15
58.97,8584,-8952,8555,-9014,3.460000038,6.239999771,0.100000002,-0.109999999,0.039999999,0.560000002,15
58.98,8608,-8967,8603,-9035,0.730000019,7.309999943,-1.840000033,-0.059999999,0.050000001,0.540000022,15
58.99,8567,-8962,8583,-9014,2.299999952,5.820000172,1.049999952,-0.100000002,0,0.529999971,15
59,8598,-8937,8570,-8960,1.519999981,6.800000191,-1.580000043,0.059999999,0.029999999,0.509999991,13
59.01,8564,-8936,8557,-8917,-0.050000001,7.210000038,0.509999991,-0.02,0.050000001,0.469999999,12
59.02,8565,-8869,8520,-8961,0.389999986,5.690000057,-0.680000007,0,0.050000001,0.430000007,12
59.03,8524,-8869,8484,-8866,-1.519999981,7.360000134,-0.379999995,-0.01,0.079999998,0.389999986,12
59.04,8531,-8786,8470,-8806,-1.139999986,5.5,-0.25,-0.079999998,0.109999999,0.349999994,11
59.05,8503,-8752,8458,-8758,-1.629999995,6.78000021,0.860000014,-0.050000001,0.07,0.319999993,11
59.06,8487,-8689,8420,-8739,-3.200000048,5.96999979,0.349999994,-0.109999999,0.100000002,0.270000011,10
59.07,8427,-8597,8325,-8639,-1.590000033,5.409999847,-0.029999999,-0.109999999,0.100000002,0.270000011,9
59.08,8400,-8545,8429,-8586,-4.800000191,6.570000172,-0.790000022,-0.090000004,0.100000002,0.209999993,8
59.09,8586,-8657,8392,-8673,-5.090000153,3.710000038,-1.519999981,-0.180000007,0.129999995,0.180000007,8
59.1,8462,-8563,8386,-8615,-5.269999981,5.239999771,-0.589999974,0,0.119999997,0.150000006,7
59.11,8402,-8537,8353,-8489,-2.390000105,4.360000134,0.059999999,-0.02,0.119999997,0.109999999,7
59.12,8402,-8499,8331,-8501,-4.539999962,3.089999914,-0.230000004,-0.050000001,0.129999995,0.079999998,7
59.13,8552,-8426,8302,-8451,-5.5,1.960000038,-1.299999952,-0.129999995,0.119999997,0.059999999,7
59.14,8455,-8429,8268,-8366,-3.299999952,2.880000114,-1.00999999,-0.029999999,0.090000004,0.050000001,7
59.15,8455,-8413,8262,-8354,-6.369999886,2.440000057,-1.690000057,-0.02,0.100000002,0.02,7
59.16,8460,-8299,8241,-8343,-3.470000029,1.330000043,-1.350000024,-0.02,0.050000001,0.01,7
59.17,8407,-8319,8272,-8318,-5.420000076,0.409999996,-1.769999981,-0.02,0.050000001,0.01,6
59.18,8397,-8482,8225,-8308,-6.760000229,1.470000029,-0.99000001,0.039999999,0.059999999,-0.02,6
59.19,8444,-8340,8201,-8309,-2.930000067,-0.389999986,-0.029999999,-0.090000004,-0.029999999,-0.02,6
59.2,8387,-8220,8230,-8238,-5.789999962,1.00999999,-0.170000002,-0.090000004,-0.090000004,-0.029999999,6
59.21,8368,-8242,8228,-8181,-4.28000021,0.180000007,-0.370000005,-0.150000006,-0.100000002,-0.039999999,6
59.22,8329,-8197,8193,-8196,-4.050000191,2.049999952,0.620000005,-0.090000004,-0.129999995,-0.050000001,6
59.23,8321,-8135,8135,-8124,-5.46999979,0.689999998,-0.330000013,-0.090000004,-0.129999995,-0.079999998,6
59.24,8283,-8086,8116,-8082,-2.529999971,0.569999993,-0.430000007,-0.039999999,-0.140000001,-0.090000004,6
59.25,8262,-8105,8216,-8048,-5.800000191,-0.889999986,0.469999999,-0.050000001,-0.140000001,-0.090000004,5
59.26,8255,-8010,8178,-8037,-4.150000095,0.769999981,2.49000001,0.079999998,-0.140000001,-0.109999999,5
59.27,8191,-8001,8123,-8019,-4.519999981,-0.720000029,1.549999952,0.079999998,-0.140000001,-0.109999999,5
59.28,8153,-7958,8134,-7900,-3.519999981,0.150000006,-0.189999998,0.129999995,-0.090000004,-0.150000006,4
59.29,8161,-7924,8084,-7953,-5.389999866,-1.070000052,-0.059999999,0.059999999,-0.079999998,-0.170000002,4
59.3,8142,-7849,8069,-7994,-3.329999924,-0.460000008,0.550000012,0.129999995,-0.02,-0.189999998,4
59.31,8071,-7885,8046,-7881,-4,-2.470000029,5.079999924,0.02,-0.100000002,-0.200000003,4
59.32,8054,-7804,7990,-7759,-3.410000086,-1.309999943,4.590000153,-0.079999998,0.02,-0.200000003,4
59.33,7999,-7758,7964,-7798,-2.99000001,-2.039999962,1.460000038,-0.180000007,0.029999999,-0.200000003,4
59.34,7982,-7712,7932,-7692,-4.53000021,-0.870000005,0.860000014,-0.140000001,0.079999998,-0.209999993,4
59.35,8000,-7704,7908,-7660,-2.799999952,-1.169999957,-0.230000004,-0.140000001,0.100000002,-0.209999993,4
59.36,8025,-7692,7869,-7637,-5.630000114,-1.809999943,-0.600000024,-0.07,0.100000002,-0.219999999,3
59.37,7965,-7613,7857,-7568,-2.819999933,-0.889999986,-2.25,-0.07,0.100000002,-0.219999999,2
59.38,7934,-7632,7845,-7552,-4.559999943,-2.220000029,-1.24000001,0.050000001,0.079999998,-0.230000004,2
59.39,7965,-7592,7832,-7587,-3.700000048,-0.720000029,-1.899999976,0.050000001,0.090000004,-0.259999991,2
59.4,7911,-7558,7796,-7570,-4.5,-3.579999924,-2.019999981,0.02,0.039999999,-0.280000001,1
59.41,7908,-7551,7786,-7497,-3.630000114,-2.880000114,-2.650000095,0,0.059999999,-0.300000012,1
59.42,7887,-7535,7787,-7454,-4.210000038,-4.119999886,-0.509999991,-0.059999999,0.01,-0.310000002,0
59.43,7862,-7478,7767,-7407,-3.289999962,-2.299999952,0.150000006,-0.090000004,0,-0.330000013,0
59.44,7876,-7385,7752,-7379,-4.329999924,-3.599999905,-0.74000001,-0.129999995,-0.01,-0.349999994,-1
59.45,7809,-7343,7742,-7343,-3.470000029,-2.549999952,-1.970000029,-0.109999999,-0.01,-0.370000005,-1
59.46,7853,-7305,7736,-7289,-4.559999943,-2.960000038,0.090000004,-0.07,-0.02,-0.400000006,-2
59.47,7821,-7255,7719,-7290,-4.449999809,-3.579999924,-0.360000014,-0.07,-0.02,-0.400000006,-3
59.48,7723,-7224,7769,-7256,-3.49000001,-4.079999924,0.959999979,-0.109999999,0,-0.439999998,-5
59.49,7871,-7182,7729,-7191,-6.230000019,-5.349999905,-0.159999996,-0.100000002,0.01,-0.449999988,-6
59.5,7789,-7085,7695,-7196,-2.210000038,-4.440000057,0.689999998,0.059999999,0,-0.479999989,-7
59.51,7702,-6994,7683,-7143,-5.409999847,-5.519999981,1.470000029,0,0,-0.509999991,-8
59.52,7724,-7027,7628,-7106,-3.75999999,-4.559999943,-0.680000007,0.109999999,0.02,-0.529999971,-8
59.53,7694,-7045,7622,-7037,-5.590000153,-5.579999924,1.549999952,0,0.029999999,-0.560000002,-9
59.54,7618,-6921,7591,-7000,-3.130000114,-7.409999847,-0.01,0.01,0.039999999,-0.589999974,-10
59.55,7688,-6783,7543,-6978,-4.03000021,-6.960000038,0.540000022,-0.050000001,0.01,-0.600000024,-11
59.56,7623,-6908,7544,-6889,-5.96999979,-5.039999962,2.069999933,-0.100000002,0.02,-0.629999995,-12
59.57,7667,-6840,7552,-6834,-3.809999943,-6.699999809,-0.920000017,-0.100000002,0.02,-0.629999995,-12
59.58,7715,-6707,7517,-6764,-5.449999809,-6.320000172,0.800000012,-0.129999995,-0.01,-0.709999979,-12
59.59,7624,-6561,7564,-6729,-3.880000114,-6.769999981,-2.220000029,-0.140000001,0.029999999,-0.74000001,-13
59.6,7548,-6532,7530,-6676,-5.710000038,-6.090000153,-0.419999987,-0.059999999,-0.029999999,-0.769999981,-13
59.61,7613,-6619,7428,-6630,-4.210000038,-5.670000076,-0.920000017,0,-0.02,-0.800000012,-13
59.62,7603,-6564,7503,-6646,-4.210000038,-5.670000076,-0.920000017,0,-0.02,-0.800000012,-13
59.63,7534,-6528,7534,-6675,-5.449999809,-7,-0.509999991,0,-0.02,-0.800000012,-13
59.64,7515,-6460,7393,-6604,-4.610000134,-9.840000153,0.189999998,0.100000002,-0.029999999,-0.870000005,-13
59.65,7457,-6425,7391,-6559,-3.119999886,-7.25,2.049999952,0.100000002,-0.029999999,-0.870000005,-14
59.66,7456,-6484,7390,-6512,-5.710000038,-7.849999905,0.100000002,0.029999999,-0.029999999,-0.899999976,-14
59.67,7426,-6483,7331,-6491,-3.109999895,-8.859999657,-1.120000005,0.029999999,-0.029999999,-0.899999976,-14
59.68,7463,-6389,7312,-6454,-3.680000067,-10.56000042,1.399999976,-0.050000001,-0.01,-0.899999976,-14
59.69,7392,-6337,7338,-6347,-3.190000057,-9.56000042,1.25999999,-0.050000001,-0.01,-0.899999976,-15
59.7,7363,-6305,7315,-6376,-3.910000086,-7.739999771,-0.529999971,-0.029999999,-0.01,-0.930000007,-16
59.71,7342,-6216,7339,-6424,-3.059999943,-7.920000076,-1.330000043,-0.029999999,-0.01,-0.930000007,-16
59.72,7279,-6140,7273,-6357,-4.010000229,-13.32999992,1.139999986,0.079999998,0,-0.889999986,-16
59.73,7210,-6186,7231,-6306,-0.970000029,-9.470000267,1.350000024,0.079999998,0,-0.889999986,-18
59.74,7264,-6225,7195,-6263,-5.789999962,-9.119999886,0.610000014,-0.039999999,0.07,-0.899999976,-19
59.75,7252,-6177,7173,-6230,-2.700000048,-10.68000031,-1.789999962,-0.039999999,0.07,-0.899999976,-20
59.76,7254,-6144,7138,-6242,-3.390000105,-8.960000038,1.070000052,0,0.029999999,-0.930000007,-20
59.77,7173,-6158,7129,-6221,-2.819999933,-10.61999989,-0.550000012,0,0.029999999,-0.930000007,-20
59.78,7110,-6155,7110,-6176,-2.890000105,-9.420000076,-1.889999986,-0.029999999,0.01,-0.99000001,-20
59.79,7231,-6139,7120,-6129,-3.180000067,-9.199999809,-0.779999971,-0.029999999,0.01,-0.99000001,-20
59.8,7229,-6112,7097,-6113,-3.599999905,-10.11999989,-1.409999967,-0.079999998,0.029999999,-1.019999981,-20
59.81,7186,-6106,7102,-6076,-2.680000067,-9.899999619,0.230000004,-0.079999998,0.029999999,-1.019999981,-20
59.82,7145,-6082,7152,-6035,-2.869999886,-9.880000114,-0.239999995,-0.079999998,0.029999999,-1.070000052,-20
59.83,7174,-6062,7132,-6002,-2.690000057,-9.739999771,-1,-0.079999998,0.029999999,-1.070000052,-20
59.84,7190,-6056,7097,-5966,-2.690000057,-9.920000076,-0.259999991,-0.059999999,0.039999999,-1.110000014,-20
59.85,7132,-6041,7086,-5958,-2.690000057,-9.920000076,-0.259999991,-0.059999999,0.039999999,-1.110000014,-20
59.86,7157,-6050,7081,-5958,-1.230000019,-11.40999985,0.079999998,0.039999999,0.02,-1.110000014,-20
59.87,7121,-6038,7032,-5919,-2.900000095,-10.97000027,-0.02,0.039999999,0.02,-1.110000014,-20
59.88,7075,-6014,7002,-5907,-1.25999999,-9.550000191,-0.349999994,0.059999999,0.01,-1.139999986,-20
59.89,7123,-6017,6985,-5943,-2.019999981,-10.27999973,-1.700000048,0.059999999,0.01,-1.139999986,-20
59.9,7054,-5999,6977,-5918,-1.25999999,-10.96000004,0.319999993,0.050000001,0,-1.129999995,-21
59.91,7075,-5982,7022,-5927,-1.49000001,-13.15999985,0.159999996,0.050000001,0,-1.129999995,-21
59.92,7073,-5984,6990,-5912,-1.559999943,-12.52000046,-0.879999995,-0.07,0,-1.139999986,-21
59.93,7036,-5979,6918,-5897,-1.559999943,-12.52000046,-0.879999995,-0.07,0,-1.139999986,-21
59.94,7031,-5973,6988,-5895,-1.460000038,-12.14999962,1.980000019,-0.170000002,-0.01,-1.129999995,-21
59.95,7017,-5954,7030,-5860,-1.460000038,-12.14999962,1.980000019,-0.170000002,-0.01,-1.129999995,-22
59.96,7007,-5921,6930,-5836,-0.769999981,-11.68999958,-0.540000022,-0.100000002,0.01,-1.110000014,-22
59.97,7023,-5891,6904,-5822,-1.720000029,-10.25,0.230000004,-0.100000002,0.01,-1.110000014,-22
59.98,6989,-5885,6907,-5807,-1.159999967,-10.60999966,-1.799999952,0.039999999,0.01,-1.120000005,-22
59.99,6912,-5900,6898,-5810,-2.420000076,-11.38000011,-0.569999993,0.039999999,0.01,-1.120000005,-22
60,6921,-5885,6851,-5820,-1.120000005,-12.28999996,0.779999971,0.119999997,0.01,-1.100000024,-22
60.01,6934,-5873,6817,-5817,-0.689999998,-12.34000015,0.810000002,0.119999997,0.01,-1.100000024,-22
60.02,6878,-5861,6810,-5795,-1.049999952,-11.07999992,0.819999993,0,0.039999999,-1.110000014,-22
60.03,6910,-5841,6803,-5800,-1.049999952,-11.07999992,0.819999993,0,0.039999999,-1.110000014,-22
60.04,6895,-5830,6832,-5794,-1.169999957,-11,0.479999989,-0.02,0.050000001,-1.100000024,-24
60.05,6882,-5825,6785,-5767,-1.700000048,-12.27000046,-0.349999994,-0.02,0.050000001,-1.100000024,-24
60.06,6882,-5806,6775,-5738,-1.159999967,-10.14999962,-0.829999983,0,0.02,-1.110000014,-24
60.07,6881,-5779,6842,-5715,-1.200000048,-11.22999954,-0.910000026,0,0.02,-1.110000014,-24
60.08,6867,-5787,6783,-5707,-2.390000105,-10.77999973,-1.889999986,-0.01,0.039999999,-1.120000005,-24
60.09,6888,-5759,6736,-5684,-1.179999948,-10.67000008,-0.49000001,-0.01,0.039999999,-1.120000005,-24
60.1,6868,-5739,6733,-5696,-1.730000019,-12.14999962,-1.519999981,0.07,0.01,-1.120000005,-24
60.11,6790,-5725,6729,-5680,-3.039999962,-10.42000008,-0.769999981,0.07,0.01,-1.120000005,-24
60.12,6802,-5697,6711,-5665,-0.879999995,-12.53999996,0.159999996,0.140000001,-0.01,-1.129999995,-24
60.13,6785,-5708,6713,-5660,-1.909999967,-11.06999969,1.320000052,0.140000001,-0.01,-1.129999995,-24
60.14,6771,-5729,6648,-5649,-1.799999952,-12.23999977,-0.170000002,0,0,-1.129999995,-24
60.15,6775,-5716,6664,-5632,-1.799999952,-12.23999977,-0.170000002,0,0,-1.129999995,-24
60.16,6767,-5687,6673,-5623,-1.159999967,-11.92000008,1.580000043,0.01,0.01,-1.120000005,-24
60.17,6757,-5686,6652,-5616,-1.090000033,-11.27000046,0.550000012,0.01,0.01,-1.120000005,-24
60.18,6713,-5680,6621,-5615,-2.289999962,-10.47000027,-1.100000024,0.01,0.02,-1.120000005,-24
60.19,6713,-5609,6634,-5597,-0.400000006,-10.28999996,-0.899999976,0.01,0.02,-1.120000005,-24
60.2,6693,-5610,6625,-5583,-2.440000057,-11.02999973,-1.600000024,0.07,0.039999999,-1.110000014,-24
60.21,6713,-5636,6552,-5571,-0.469999999,-10,0.129999995,0.07,0.039999999,-1.110000014,-24
60.22,6733,-5667,6615,-5543,-2.549999952,-10.60000038,-1.200000048,0,0.01,-1.139999986,-24
60.23,6661,-5623,6567,-5540,-2.549999952,-10.60000038,-1.200000048,0,0.01,-1.139999986,-24
60.24,6646,-5596,6559,-5516,-2.119999886,-10.27999973,0.219999999,0,0.02,-1.129999995,-24
60.25,6693,-5575,6587,-5502,-2.119999886,-10.27999973,0.219999999,0,0.02,-1.129999995,-24
60.26,6579,-5580,6531,-5492,-2.079999924,-10.06000042,1.110000014,0.090000004,0.02,-1.149999976,-24
60.27,6622,-5551,6526,-5462,0.050000001,-9.869999886,-0.059999999,0.090000004,0.02,-1.149999976,-24
60.28,6652,-5535,6531,-5444,-0.980000019,-10.61999989,0.389999986,0.059999999,0.039999999,-1.149999976,-24
60.29,6617,-5541,6519,-5430,-0.980000019,-10.61999989,0.389999986,0.059999999,0.039999999,-1.149999976,-24
60.3,6588,-5543,6484,-5426,-1.570000052,-10.48999977,-0.769999981,0.029999999,0.050000001,-1.159999967,-24
60.31,6604,-5516,6506,-5416,-1.570000052,-10.48999977,-0.769999981,0.029999999,0.050000001,-1.159999967,-24
60.32,6600,-5491,6540,-5400,-2.069999933,-9.760000229,-1.070000052,0.090000004,0.029999999,-1.149999976,-24
60.33,6583,-5500,6487,-5432,-2.069999933,-9.760000229,-1.070000052,0.090000004,0.029999999,-1.149999976,-24
60.34,6538,-5469,6448,-5426,-0.930000007,-11.25,-0.870000005,0.090000004,0,-1.139999986,-24
60.35,6548,-5479,6466,-5430,-0.930000007,-11.25,-0.870000005,0.090000004,0,-1.139999986,-24
60.36,6523,-5465,6413,-5398,-0.310000002,-10.72000027,-0.519999981,0.02,0.01,-1.129999995,-24
60.37,6491,-5469,6394,-5368,-0.310000002,-10.72000027,-0.519999981,0.02,0.01,-1.129999995,-24
60.38,6499,-5420,6421,-5364,-0.939999998,-11.43000031,-1,0,0,-1.120000005,-24
60.39,6462,-5423,6377,-5375,-0.939999998,-11.43000031,-1,0,0,-1.120000005,-24
60.4,6475,-5444,6342,-5338,-1.899999976,-9.93999958,1.399999976,-0.029999999,0,-1.110000014,-24
60.41,6480,-5422,6367,-5326,-1.899999976,-9.93999958,1.399999976,-0.029999999,0,-1.110000014,-24
60.42,6482,-5376,6331,-5338,-1.25,-11.52000046,-0.5,-0.07,0.02,-1.110000014,-24
60.43,6423,-5400,6319,-5326,-1.25,-11.52000046,-0.5,-0.07,0.02,-1.110000014,-24
60.44,6432,-5409,6306,-5304,-1.559999943,-10.46000004,-0.370000005,-0.050000001,0.029999999,-1.090000033,-24
60.45,6411,-5392,6359,-5304,-1.529999971,-10.10000038,0.680000007,-0.050000001,0.029999999,-1.090000033,-24
60.46,6385,-5377,6307,-5305,-0.819999993,-10.36999989,-0.100000002,0.029999999,0.039999999,-1.080000043,-24
60.47,6402,-5380,6302,-5303,-0.819999993,-10.36999989,-0.100000002,0.029999999,0.039999999,-1.080000043,-24
60.48,6364,-5364,6275,-5282,-1.590000033,-9.510000229,-0.649999976,0.050000001,0.039999999,-1.070000052,-24
60.49,6330,-5323,6306,-5283,-1.590000033,-9.510000229,-0.649999976,0.050000001,0.039999999,-1.070000052,-24
60.5,6320,-5336,6242,-5246,-1.279999971,-9.140000343,0.360000014,0.189999998,0.050000001,-1.080000043,-24
60.51,6339,-5348,6216,-5259,-0.779999971,-8.010000229,-1.590000033,0.189999998,0.050000001,-1.080000043,-24
60.52,6302,-5376,6231,-5245,-1.769999981,-10.89999962,-1.039999962,-0.01,0.01,-1.110000014,-24
60.53,6393,-5346,6220,-5216,-1.769999981,-10.89999962,-1.039999962,-0.01,0.01,-1.110000014,-24
60.54,6363,-5324,6219,-5201,-1.629999995,-10.97999954,1.25,-0.209999993,-0.029999999,-1.110000014,-24
60.55,6340,-5309,6211,-5164,-1.629999995,-10.97999954,1.25,-0.209999993,-0.029999999,-1.110000014,-24
60.56,6332,-5257,6241,-5125,-0.519999981,-7.199999809,-1.25999999,-0.090000004,-0.01,-1.129999995,-24
60.57,6325,-5237,6215,-5113,-0.519999981,-7.199999809,-1.25999999,-0.090000004,-0.01,-1.129999995,-24
60.58,6322,-5231,6252,-5121,-1.25999999,-10.27999973,0.920000017,0.100000002,-0.050000001,-1.129999995,-24
60.59,6249,-5267,6261,-5138,-1.25999999,-10.27999973,0.920000017,0.100000002,-0.050000001,-1.129999995,-24
60.6,6253,-5239,6171,-5146,-1.919999957,-10.93999958,-0.039999999,0.100000002,-0.029999999,-1.100000024,-24
60.61,6262,-5266,6157,-5152,-1.919999957,-10.93999958,-0.039999999,0.100000002,-0.029999999,-1.100000024,-24
60.62,6218,-5253,6144,-5135,-1.169999957,-10.18999958,1,0,0,-1.070000052,-24
60.63,6202,-5230,6120,-5138,-1.169999957,-10.18999958,1,0,0,-1.070000052,-24
60.64,6206,-5202,6111,-5144,-0.639999986,-8.729999542,0.25,0,-0.01,-1.059999943,-24
60.65,6128,-5210,6104,-5170,-0.800000012,-8.819999695,-1.850000024,0,-0.01,-1.059999943,-24
60.66,6169,-5202,6056,-5146,-1.059999943,-8.430000305,0.02,0,0,-1.029999971,-24
60.67,6203,-5191,6068,-5122,-1.059999943,-8.430000305,0.02,0,0,-1.029999971,-24
60.68,6117,-5205,6065,-5102,-1.549999952,-9.470000267,-1.5,0.039999999,0.01,-1.019999981,-24
60.69,6140,-5198,6042,-5109,-1.549999952,-9.470000267,-1.5,0.039999999,0.01,-1.019999981,-24
60.7,6135,-5173,6009,-5127,-2.24000001,-11.60999966,0.769999981,-0.01,-0.02,-1,-24
60.71,6071,-5168,6024,-5108,-2.24000001,-11.60999966,0.769999981,-0.01,-0.02,-1,-24
60.72,6086,-5177,6041,-5113,-1.519999981,-10.30000019,2.289999962,-0.159999996,0,-0.959999979,-24
60.73,6085,-5177,5981,-5107,-1.519999981,-10.30000019,2.289999962,-0.159999996,0,-0.959999979,-24
60.74,6029,-5173,5941,-5089,-0.550000012,-8.319999695,0.939999998,-0.129999995,0.059999999,-0.930000007,-24
60.75,6034,-5174,5980,-5073,-0.550000012,-8.319999695,0.939999998,-0.129999995,0.059999999,-0.930000007,-24
60.76,6027,-5159,5932,-5064,-1.049999952,-7.489999771,0.670000017,0.059999999,0.079999998,-0.910000026,-24
60.77,5930,-5156,5891,-5061,-1.049999952,-7.489999771,0.670000017,0.059999999,0.079999998,-0.910000026,-23
60.78,5977,-5139,5915,-5050,-1.399999976,-7.940000057,-1.5,0.200000003,0.059999999,-0.910000026,-22
60.79,5979,-5167,5884,-5066,-1.399999976,-7.940000057,-1.5,0.200000003,0.059999999,-0.910000026,-22
60.8,5967,-5176,5852,-5066,-1.620000005,-8.75,-0.100000002,0.140000001,0.029999999,-0.879999995,-21
60.81,6002,-5175,5829,-5105,-1.620000005,-8.75,-0.100000002,0.140000001,0.029999999,-0.879999995,-20
60.82,5896,-5194,5806,-5096,-0.519999981,-7.440000057,-0.589999974,0.07,-0.039999999,-0.850000024,-20
60.83,5939,-5193,5828,-5086,-0.519999981,-7.440000057,-0.589999974,0.07,-0.039999999,-0.850000024,-20
60.84,5976,-5186,5846,-5104,0.029999999,-7.179999828,-1.99000001,0,-0.079999998,-0.800000012,-20
60.85,5909,-5162,5785,-5107,0.029999999,-7.179999828,-1.99000001,0,-0.079999998,-0.800000012,-20
60.86,5873,-5167,5838,-5101,-1.75999999,-7.710000038,-0.219999999,-0.01,-0.090000004,-0.759999991,-20
60.87,5883,-5146,5800,-5118,-1.75999999,-7.710000038,-0.219999999,-0.01,-0.090000004,-0.759999991,-20
60.88,5840,-5138,5770,-5130,-1.889999986,-7.960000038,1.389999986,0.029999999,-0.119999997,-0.720000029,-20
60.89,5785,-5139,5740,-5114,-1.889999986,-7.960000038,1.389999986,0.029999999,-0.119999997,-0.720000029,-20
60.9,5797,-5154,5742,-5095,-0.289999992,-6.809999943,1.350000024,0.02,-0.07,-0.680000007,-20
60.91,5775,-5132,5698,-5091,-0.289999992,-6.809999943,1.350000024,0.02,-0.07,-0.680000007,-20
60.92,5743,-5133,5687,-5085,0.230000004,-5.320000172,-0.219999999,0,-0.01,-0.660000026,-20
60.93,5750,-5127,5668,-5079,0.230000004,-5.320000172,-0.219999999,0,-0.01,-0.660000026,-20
60.94,5764,-5098,5676,-5086,-1.590000033,-6.050000191,0.860000014,-0.02,0.029999999,-0.639999986,-20
60.95,5734,-5110,5621,-5083,-1.590000033,-6.050000191,0.860000014,-0.02,0.029999999,-0.639999986,-20
60.96,5724,-5097,5606,-5058,-2.140000105,-4.71999979,-0.409999996,0.02,0.039999999,-0.639999986,-20
60.97,5700,-5089,5624,-5045,-2.140000105,-4.71999979,-0.409999996,0.02,0.039999999,-0.639999986,-20
60.98,5689,-5064,5633,-5059,-1.299999952,-5.159999847,0.720000029,0.039999999,0.07,-0.660000026,-20
60.99,5687,-5051,5619,-5024,-1.299999952,-5.159999847,0.720000029,0.039999999,0.07,-0.660000026,-20
61,5704,-5071,5611,-5007,-0.810000002,-4.920000076,0.649999976,0.079999998,0.100000002,-0.680000007,-20
61.01,5672,-5049,5628,-4988,-0.810000002,-4.920000076,0.649999976,0.079999998,0.100000002,-0.680000007,-20
61.02,5667,-5022,5633,-4963,-0.819999993,-5.210000038,1.25,0,0.109999999,-0.689999998,-20
61.03,5669,-5034,5596,-4949,-0.819999993,-5.210000038,1.25,0,0.109999999,-0.689999998,-20
61.04,5652,-5035,5586,-4937,-1.570000052,-4.900000095,-0.07,-0.059999999,0.100000002,-0.680000007,-20
61.05,5661,-5031,5570,-4943,-1.570000052,-4.900000095,-0.07,-0.059999999,0.100000002,-0.680000007,-19
61.06,5691,-5000,5573,-4923,-1.519999981,-4.21999979,-1.850000024,0,0.07,-0.699999988,-19
61.07,5640,-5012,5543,-4908,-1.519999981,-4.21999979,-1.850000024,0,0.07,-0.699999988,-19
61.08,5635,-5022,5561,-4913,-1.399999976,-5,-1.629999995,0.029999999,0,-0.720000029,-19
61.09,5716,-5006,5567,-4911,-1.399999976,-5,-1.629999995,0.029999999,0,-0.720000029,-19
61.1,5655,-4995,5523,-4911,-1.269999981,-6.320000172,0.839999974,0.02,-0.029999999,-0.699999988,-18
61.11,5635,-5008,5527,-4918,-1.269999981,-6.320000172,0.839999974,0.02,-0.029999999,-0.699999988,-17
61.12,5642,-4990,5546,-4932,-0.99000001,-6.28000021,0.879999995,0.07,-0.050000001,-0.670000017,-17
61.13,5619,-4983,5533,-4931,-0.99000001,-6.28000021,0.879999995,0.07,-0.050000001,-0.670000017,-17
61.14,5586,-4989,5501,-4958,-0.039999999,-6.420000076,-0.349999994,0.050000001,-0.050000001,-0.639999986,-17
61.15,5579,-4980,5502,-4971,-0.039999999,-6.420000076,-0.349999994,0.050000001,-0.050000001,-0.639999986,-17
61.16,5565,-4953,5527,-4966,-0.660000026,-6.230000019,0.25,0,-0.050000001,-0.600000024,-17
61.17,5542,-4989,5454,-4975,-0.660000026,-6.230000019,0.25,0,-0.050000001,-0.600000024,-17
61.18,5538,-4965,5437,-4948,-1.090000033,-5.320000172,-0.730000019,-0.02,-0.050000001,-0.560000002,-17
61.19,5506,-4950,5471,-4936,-1.090000033,-5.320000172,-0.730000019,-0.02,-0.050000001,-0.560000002,-17
61.2,5469,-4948,5395,-4940,-1.070000052,-4.730000019,-0.709999979,0.02,-0.059999999,-0.529999971,-16
61.21,5489,-4970,5379,-4939,-1.070000052,-4.730000019,-0.709999979,0.02,-0.059999999,-0.529999971,-16
61.22,5465,-4944,5385,-4956,-1.309999943,-4.079999924,-0.090000004,0.050000001,-0.029999999,-0.509999991,-16
61.23,5438,-4951,5385,-4941,-1.309999943,-4.079999924,-0.090000004,0.050000001,-0.029999999,-0.509999991,-16
61.24,5470,-4949,5364,-4917,-1.080000043,-4.739999771,1.080000043,0.02,0.01,-0.5,-16
61.25,5462,-4972,5342,-4903,-1.080000043,-4.739999771,1.080000043,0.02,0.01,-0.5,-16
61.26,5418,-4939,5336,-4896,-1.019999981,-4.260000229,1.269999981,0.01,0,-0.5,-15
61.27,5422,-4916,5322,-4896,-1.019999981,-4.260000229,1.269999981,0.01,0,-0.5,-15
61.28,5434,-4944,5324,-4899,-1.899999976,-3.609999895,-1.419999957,-0.039999999,0,-0.5,-15
61.29,5422,-4944,5334,-4889,-1.899999976,-3.609999895,-1.419999957,-0.039999999,0,-0.5,-14
61.3,5403,-4926,5329,-4878,-1.549999952,-3.029999971,0.620000005,0.07,0,-0.5,-13
61.31,5397,-4909,5369,-4883,-1.549999952,-3.029999971,0.620000005,0.07,0,-0.5,-13
61.32,5387,-4905,5355,-4882,-0.180000007,-3.359999895,0.930000007,0.180000007,0.01,-0.5,-12
61.33,5363,-4935,5319,-4871,-0.180000007,-3.359999895,0.930000007,0.180000007,0.01,-0.5,-12
61.34,5351,-4926,5280,-4889,-0.560000002,-4.019999981,-0.379999995,0.079999998,0.01,-0.49000001,-11
61.35,5350,-4915,5295,-4880,-0.560000002,-4.019999981,-0.379999995,0.079999998,0.01,-0.49000001,-10
61.36,5339,-4913,5309,-4859,-0.910000026,-3.49000001,-0.140000001,0.02,0,-0.449999988,-10
61.37,5311,-4915,5291,-4844,-0.910000026,-3.49000001,-0.140000001,0.02,0,-0.449999988,-9
61.38,5301,-4895,5241,-4862,-1.039999962,-2.5,-0.469999999,-0.02,-0.02,-0.419999987,-9
61.39,5291,-4894,5243,-4881,-1.039999962,-2.5,-0.469999999,-0.02,-0.02,-0.419999987,-9
61.4,5283,-4914,5220,-4870,-0.829999983,-2.529999971,-0.059999999,0.01,-0.01,-0.389999986,-9
61.41,5289,-4914,5208,-4868,-0.829999983,-2.529999971,-0.059999999,0.01,-0.01,-0.389999986,-9
61.42,5317,-4918,5213,-4887,-1.460000038,-2.630000114,0.449999988,0.02,0,-0.379999995,-9
61.43,5279,-4915,5206,-4899,-1.460000038,-2.630000114,0.449999988,0.02,0,-0.379999995,-9
61.44,5232,-4908,5198,-4880,-0.720000029,-3.720000029,1.24000001,-0.050000001,0.02,-0.360000014,-9
61.45,5240,-4902,5191,-4868,-0.720000029,-3.720000029,1.24000001,-0.050000001,0.02,-0.360000014,-9
61.46,5239,-4902,5166,-4874,-0.180000007,-3.059999943,0.200000003,-0.079999998,0.02,-0.340000004,-8
61.47,5224,-4908,5204,-4869,-0.180000007,-3.059999943,0.200000003,-0.079999998,0.02,-0.340000004,-8
61.48,5235,-4911,5193,-4860,-0.189999998,-1.649999976,-0.850000024,-0.029999999,0.029999999,-0.340000004,-8
61.49,5224,-4900,5162,-4866,-0.189999998,-1.649999976,-0.850000024,-0.029999999,0.029999999,-0.340000004,-8
61.5,5184,-4892,5170,-4858,-1.00999999,-2.289999962,-1.120000005,0.100000002,0.050000001,-0.340000004,-8
61.51,5177,-4897,5150,-4855,-1.00999999,-2.289999962,-1.120000005,0.100000002,0.050000001,-0.340000004,-8
61.52,5193,-4867,5139,-4854,-0.649999976,-3.25999999,0.159999996,0.170000002,0.050000001,-0.319999993,-8
61.53,5174,-4825,5126,-4847,-0.649999976,-3.25999999,0.159999996,0.170000002,0.050000001,-0.319999993,-8
61.54,5171,-4832,5119,-4848,-1.080000043,-3.690000057,0.419999987,0.079999998,0.059999999,-0.310000002,-8
61.55,5187,-4843,5094,-4827,-1.080000043,-3.690000057,0.419999987,0.079999998,0.059999999,-0.310000002,-8
61.56,5209,-4859,5072,-4848,-1.559999943,-2.900000095,-0.109999999,-0.119999997,0.039999999,-0.289999992,-8
61.57,5166,-4881,5081,-4857,-1.559999943,-2.900000095,-0.109999999,-0.119999997,0.039999999,-0.289999992,-8
61.58,5170,-4906,5079,-4841,-0.939999998,-0.920000017,-0.230000004,-0.159999996,0,-0.289999992,-8
61.59,5198,-4905,5087,-4826,-0.939999998,-0.920000017,-0.230000004,-0.159999996,0,-0.289999992,-8
61.6,5198,-4880,5125,-4816,-0.230000004,-1.25,-0.819999993,0,-0.039999999,-0.300000012,-8
61.61,5191,-4859,5135,-4823,-0.230000004,-1.25,-0.819999993,0,-0.039999999,-0.300000012,-7
61.62,5201,-4874,5122,-4830,-0.449999988,-2.349999905,0.200000003,0.059999999,-0.07,-0.310000002,-7
61.63,5166,-4876,5147,-4836,-0.449999988,-2.349999905,0.200000003,0.059999999,-0.07,-0.310000002,-7
61.64,5159,-4867,5101,-4843,-0.5,-2.890000105,0.029999999,0,-0.059999999,-0.310000002,-7
61.65,5154,-4850,5081,-4859,-0.5,-2.890000105,0.029999999,0,-0.059999999,-0.310000002,-7
61.66,5111,-4863,5118,-4849,-0.25,-2.910000086,2.450000048,-0.07,-0.039999999,-0.280000001,-6
61.67,5103,-4857,5099,-4842,-0.25,-2.910000086,2.450000048,-0.07,-0.039999999,-0.280000001,-6
61.68,5084,-4855,5073,-4848,-0.620000005,-1.419999957,0.899999976,-0.07,-0.029999999,-0.259999991,-6
61.69,5055,-4851,5050,-4853,-0.620000005,-1.419999957,0.899999976,-0.07,-0.029999999,-0.259999991,-6
61.7,5047,-4839,5021,-4825,-0.389999986,-0.600000024,-1.029999971,-0.07,0,-0.259999991,-6
61.71,5118,-4836,5025,-4802,-0.389999986,-0.600000024,-1.029999971,-0.01,0.01,-0.25,-6
61.72,5157,-4833,5024,-4808,0.219999999,-0.810000002,-1.5,0.059999999,0,-0.25,-6
61.73,5096,-4812,5051,-4770,0.219999999,-0.810000002,-1.5,0.059999999,0,-0.25,-6
61.74,5115,-4828,5072,-4754,0.349999994,-0.449999988,-2.119999886,0.219999999,-0.029999999,-0.280000001,-6
61.75,5109,-4832,5053,-4800,0.349999994,-0.449999988,-2.119999886,0.219999999,-0.079999998,-0.289999992,-5
61.76,5125,-4816,5028,-4756,0.379999995,-3.059999943,0.170000002,0.109999999,-0.029999999,-0.300000012,-5
61.77,5089,-4834,5044,-4786,0.379999995,-3.059999943,0.170000002,0.109999999,-0.029999999,-0.300000012,-5
61.78,5074,-4791,5026,-4820,-0.25,-3.690000057,2.299999952,-0.140000001,-0.039999999,-0.259999991,-5
61.79,5084,-4797,5016,-4785,-0.25,-3.690000057,2.299999952,-0.189999998,-0.039999999,-0.239999995,-5
61.8,5070,-4833,5065,-4786,-0.99000001,-1.919999957,1.730000019,-0.159999996,-0.01,-0.230000004,-5
61.81,5068,-4816,5012,-4795,-0.99000001,-1.919999957,1.730000019,-0.07,0,-0.219999999,-5
61.82,5043,-4782,5015,-4780,-1.059999943,-1.200000048,-0.330000013,0.039999999,0,-0.219999999,-5
61.83,5052,-4790,4973,-4816,-1.059999943,-1.200000048,-0.330000013,0.039999999,0,-0.219999999,-5
61.84,5045,-4800,4968,-4795,-1.129999995,-1.889999986,0.400000006,0.079999998,0.01,-0.219999999,-5
61.85,5030,-4794,5020,-4790,-1.129999995,-1.889999986,0.400000006,0.100000002,0,-0.230000004,-5
61.86,5052,-4785,4979,-4769,-0.699999988,-2.529999971,0.579999983,0,-0.02,-0.25,-5
61.87,5077,-4773,4971,-4754,-0.699999988,-2.529999971,0.579999983,0,-0.02,-0.25,-5
61.88,5085,-4745,4987,-4734,-0.379999995,-1.899999976,-0.409999996,-0.170000002,-0.050000001,-0.289999992,-5
61.89,5087,-4732,4968,-4749,-0.379999995,-1.899999976,-0.409999996,-0.259999991,-0.029999999,-0.310000002,-5
61.9,5141,-4723,4954,-4736,-0.050000001,-2.079999924,-1.080000043,-0.239999995,-0.029999999,-0.319999993,-6
61.91,5103,-4713,5002,-4714,-0.050000001,-2.079999924,-1.080000043,-0.159999996,-0.039999999,-0.340000004,-8
61.92,5111,-4688,5065,-4679,0.529999971,-2.00999999,-0.270000011,0,-0.039999999,-0.370000005,-9
61.93,5135,-4664,5046,-4665,0.529999971,-2.00999999,-0.270000011,0.059999999,-0.039999999,-0.400000006,-10
61.94,5101,-4626,5035,-4653,0.119999997,-2.579999924,-0.460000008,0.159999996,0.02,-0.419999987,-11
61.95,5092,-4637,5026,-4630,0.119999997,-2.579999924,-0.460000008,0.150000006,0.01,-0.449999988,-11
61.96,5107,-4647,5042,-4630,-1.50999999,-4.710000038,1.120000005,0.059999999,0.079999998,-0.469999999,-11
61.97,5114,-4632,5019,-4613,-1.50999999,-4.710000038,1.120000005,0.059999999,0.079999998,-0.469999999,-11
61.98,5098,-4615,5063,-4621,-1.409999967,-4.650000095,0.939999998,-0.059999999,0.059999999,-0.49000001,-11
61.99,5103,-4632,5075,-4587,-1.409999967,-4.650000095,0.939999998,-0.02,0.059999999,-0.509999991,-11
62,5133,-4595,5056,-4563,-1.049999952,-0.479999989,-1.970000029,0.01,0.039999999,-0.550000012,-11
62.01,5120,-4581,5049,-4569,-1.049999952,-0.479999989,-1.970000029,0.029999999,0.050000001,-0.569999993,-11
62.02,5122,-4603,5044,-4594,-1.129999995,-2.210000038,-0.949999988,0.079999998,0.039999999,-0.589999974,-11
62.03,5148,-4602,5053,-4574,-1.129999995,-2.210000038,-0.949999988,0.079999998,0.039999999,-0.589999974,-11
62.04,5174,-4598,5081,-4562,0.170000002,-5.010000229,1.970000029,-0.01,0.029999999,-0.589999974,-11
62.05,5129,-4600,5083,-4546,0.170000002,-5.010000229,1.970000029,-0.079999998,0,-0.579999983,-11
62.06,5147,-4596,5053,-4557,-0.029999999,-4.550000191,-0.730000019,-0.119999997,-0.01,-0.579999983,-11
62.07,5141,-4575,5018,-4559,-0.029999999,-4.550000191,-0.730000019,-0.119999997,-0.01,-0.579999983,-11
62.08,5132,-4568,5001,-4537,-0.200000003,-3.789999962,-0.620000005,-0.039999999,0.059999999,-0.569999993,-11
62.09,5119,-4588,5065,-4531,-0.200000003,-3.789999962,-0.620000005,0.050000001,0.039999999,-0.569999993,-11
62.1,5135,-4585,5085,-4558,-0.800000012,-3.710000038,1.169999957,0.050000001,0.039999999,-0.569999993,-11
62.11,5134,-4565,5019,-4542,1.039999962,-4.230000019,0.189999998,0.050000001,0.039999999,-0.569999993,-11
62.12,5089,-4563,5047,-4556,-0.310000002,-5.090000153,-0.519999981,0.07,0.029999999,-0.569999993,-11
62.13,5104,-4562,5028,-4552,0.370000005,-4.929999828,-1.200000048,0.07,0.029999999,-0.569999993,-11
62.14,5112,-4584,5051,-4543,0.029999999,-5.059999943,-0.050000001,-0.050000001,0.090000004,-0.560000002,-11
62.15,5087,-4607,5066,-4539,-0.029999999,-4.920000076,-0.259999991,-0.050000001,0.090000004,-0.560000002,-11
62.16,5062,-4588,5045,-4553,0.400000006,-4.550000191,-0.189999998,-0.100000002,0.059999999,-0.540000022,-11
62.17,5103,-4577,5022,-4552,-1.110000014,-3.869999886,0.029999999,-0.100000002,0.059999999,-0.540000022,-11
62.18,5085,-4577,5020,-4540,0.419999987,-3.160000086,-1.080000043,0.02,0.039999999,-0.550000012,-11
62.19,5102,-4558,5023,-4561,-0.5,-2.50999999,-0.059999999,0.02,0.039999999,-0.550000012,-11
62.2,5132,-4551,5067,-4549,0.49000001,-3.730000019,-1.610000014,0.090000004,0.029999999,-0.569999993,-11
62.21,5113,-4589,5039,-4530,-0.959999979,-3.460000038,-1.059999943,0.090000004,0.029999999,-0.569999993,-11
62.22,5115,-4603,4996,-4536,-0.349999994,-4.130000114,-0.819999993,0.01,0.039999999,-0.569999993,-11
62.23,5097,-4463,5003,-4542,-0.07,-4.860000134,0.589999974,0.01,0.039999999,-0.569999993,-11
62.24,5124,-4495,4986,-4550,0.540000022,-6.019999981,1.450000048,-0.01,0.029999999,-0.560000002,-12
62.25,5122,-4583,5054,-4527,1.620000005,-5.019999981,0,-0.01,0.029999999,-0.560000002,-12
62.26,5101,-4556,5067,-4503,-2.309999943,-3.730000019,-0.209999993,-0.050000001,0.079999998,-0.569999993,-12
62.27,5124,-4566,5067,-4563,1.24000001,-4.239999771,-0.790000022,-0.050000001,0.079999998,-0.569999993,-12
62.28,5141,-4595,5056,-4560,-1.590000033,-4.199999809,0.850000024,-0.079999998,0.02,-0.569999993,-12
62.29,5129,-4552,5070,-4547,-0.639999986,-4.059999943,-0.319999993,-0.079999998,0.02,-0.569999993,-12
62.3,5131,-4549,5040,-4528,-1.139999986,-4.059999943,0.550000012,0.029999999,0.01,-0.579999983,-12
62.31,5147,-4578,5060,-4518,0.759999991,-3.900000095,0.059999999,0.029999999,0.01,-0.579999983,-12
62.32,5113,-4548,5064,-4511,-0.209999993,-4.760000229,0.639999986,0.079999998,-0.039999999,-0.600000024,-12
62.33,5079,-4553,5054,-4523,1.110000014,-4.070000172,-0.050000001,0.079999998,-0.039999999,-0.600000024,-12
62.34,5078,-4572,5073,-4524,0.140000001,-4.579999924,-0.620000005,-0.039999999,-0.01,-0.610000014,-12
62.35,5201,-4573,5047,-4556,-0.439999998,-4.25,-0.889999986,-0.039999999,-0.01,-0.610000014,-13
62.36,5166,-4549,5014,-4531,-0.460000008,-4.510000229,-0.5,-0.039999999,-0.039999999,-0.600000024,-13
62.37,5133,-4572,5080,-4545,-0.170000002,-4.460000038,-0.560000002,-0.039999999,-0.039999999,-0.600000024,-14
62.38,5191,-4547,5063,-4531,0.379999995,-4.210000038,0.620000005,0.039999999,-0.07,-0.620000005,-14
62.39,5153,-4553,4992,-4545,0.100000002,-4.21999979,-1.309999943,0.039999999,-0.07,-0.620000005,-15
62.4,5137,-4555,5080,-4546,-1.299999952,-3.940000057,-0.680000007,0,-0.039999999,-0.620000005,-15
62.41,5172,-4554,5042,-4542,-0.25,-5.110000134,0.029999999,0,-0.039999999,-0.620000005,-15
62.42,5151,-4529,5020,-4500,-0.439999998,-5.429999828,2.779999971,0,-0.029999999,-0.629999995,-16
62.43,5144,-4547,5104,-4491,0.889999986,-5.739999771,1.860000014,0,-0.029999999,-0.629999995,-16
62.44,5153,-4508,5109,-4527,0.300000012,-5.119999886,0.439999998,0.01,-0.029999999,-0.649999976,-16
62.45,5183,-4538,5094,-4483,0.639999986,-4.079999924,-1.49000001,0.01,-0.029999999,-0.649999976,-16
62.46,5168,-4530,5106,-4439,-0.529999971,-3.680000067,-2.420000076,0.109999999,0,-0.689999998,-16
62.47,5172,-4503,5116,-4467,0.25,-1.919999957,-2.140000105,0.109999999,0,-0.689999998,-16
62.48,5165,-4505,5102,-4475,-0.540000022,-4.510000229,-0.769999981,0.079999998,-0.01,-0.709999979,-16
62.49,5159,-4516,5112,-4486,-1.230000019,-5.610000134,0.920000017,0.079999998,-0.01,-0.709999979,-16
62.5,5153,-4529,5091,-4484,0.5,-6.349999905,2.440000057,-0.01,-0.01,-0.699999988,-16
62.51,5148,-4528,5086,-4481,-0.899999976,-6.619999886,2.039999962,-0.01,-0.01,-0.699999988,-16
62.52,5191,-4513,5063,-4470,0.419999987,-5.03000021,1.820000052,-0.079999998,-0.01,-0.699999988,-16
62.53,5193,-4523,5058,-4479,0.419999987,-4.869999886,-0.300000012,-0.079999998,-0.01,-0.699999988,-16
62.54,5170,-4514,5022,-4492,-0.959999979,-4.139999866,-1.110000014,-0.059999999,-0.01,-0.699999988,-16
62.55,5189,-4498,5108,-4494,1,-4.420000076,-1.019999981,-0.059999999,-0.01,-0.699999988,-16
62.56,5156,-4486,5156,-4494,-1.429999948,-5.019999981,0.550000012,0.140000001,0.01,-0.699999988,-16
62.57,5163,-4503,5069,-4481,1.470000029,-5.21999979,1.590000033,0.140000001,0.01,-0.699999988,-16
62.58,5152,-4511,5067,-4459,0.330000013,-5.03000021,0.720000029,0.119999997,0.029999999,-0.709999979,-16
62.59,5157,-4498,5093,-4475,-1.50999999,-5.860000134,-0.430000007,0.119999997,0.029999999,-0.709999979,-16
62.6,5159,-4523,5090,-4490,0.560000002,-5.510000229,1.220000029,-0.029999999,0.039999999,-0.689999998,-16
62.61,5140,-4527,5050,-4470,-1.179999948,-6.360000134,0.980000019,-0.029999999,0.039999999,-0.689999998,-16
62.62,5195,-4511,5067,-4450,-0.219999999,-4.829999924,1.179999948,-0.119999997,0.029999999,-0.689999998,-16
62.63,5148,-4493,5076,-4463,-0.129999995,-4.690000057,0.75,-0.119999997,0.029999999,-0.689999998,-16
62.64,5148,-4515,5113,-4482,0.759999991,-3.460000038,-0.400000006,0.01,0,-0.699999988,-16
62.65,5144,-4509,5093,-4464,0.280000001,-3.779999971,-1.25,0.01,0,-0.699999988,-16
62.66,5152,-4496,5083,-4448,-0.579999983,-4.119999886,-2.640000105,0.129999995,0.029999999,-0.709999979,-16
62.67,5138,-4498,5087,-4451,0.419999987,-4.5,-1.080000043,0.129999995,0.029999999,-0.709999979,-16
62.68,5136,-4517,5072,-4467,-0.439999998,-5.050000191,-0.159999996,0.039999999,0.02,-0.689999998,-16
62.69,5179,-4526,5035,-4470,0.509999991,-5.639999866,1.409999967,0.039999999,0.02,-0.689999998,-16
62.7,5129,-4552,5074,-4478,0.319999993,-6.340000153,0.879999995,-0.109999999,0.02,-0.670000017,-16
62.71,5154,-4519,5021,-4488,-0.159999996,-5.210000038,0.389999986,-0.109999999,0.02,-0.670000017,-16
62.72,5133,-4517,5010,-4490,0.550000012,-4.679999828,-1.00999999,-0.059999999,0.029999999,-0.660000026,-16
62.73,5153,-4532,5048,-4477,-1.529999971,-3.599999905,-0.759999991,-0.059999999,0.029999999,-0.660000026,-16
62.74,5143,-4508,5071,-4489,0.569999993,-3.640000105,0.589999974,0.090000004,0.01,-0.660000026,-16
62.75,5117,-4512,5102,-4518,0.219999999,-4.579999924,1.029999971,0.090000004,0.01,-0.660000026,-16
62.76,5154,-4546,5096,-4503,1.169999957,-5.510000229,0.400000006,0.059999999,0,-0.660000026,-16
62.77,5115,-4559,5074,-4496,0,-4.929999828,-1.809999943,0.059999999,0,-0.660000026,-16
62.78,5141,-4536,5056,-4492,0.170000002,-4.960000038,-1.769999981,-0.029999999,0.029999999,-0.649999976,-16
62.79,5110,-4544,5060,-4503,0.620000005,-5.050000191,0.170000002,-0.029999999,0.029999999,-0.649999976,-16
62.8,5133,-4563,5070,-4515,-0.819999993,-4.449999809,0,-0.109999999,0.02,-0.629999995,-16
62.81,5100,-4559,5069,-4494,-0.109999999,-4.690000057,-0.150000006,-0.109999999,0.02,-0.629999995,-16
62.82,5086,-4554,5074,-4502,-0.270000011,-3.869999886,-0.129999995,0.02,0,-0.600000024,-16
62.83,5100,-4572,5048,-4531,1.179999948,-4.210000038,0.660000026,0.02,0,-0.600000024,-16
62.84,5117,-4543,5034,-4542,0.090000004,-3.890000105,-0.059999999,0.090000004,0,-0.589999974,-16
62.85,5144,-4526,5000,-4539,-0.150000006,-3.900000095,-1.820000052,0.090000004,0,-0.589999974,-16
62.86,5082,-4566,5011,-4526,-0.449999988,-4.489999771,-1.299999952,0.159999996,0.029999999,-0.560000002,-16
62.87,5090,-4624,5044,-4542,-0.109999999,-4.869999886,0.49000001,0.159999996,0.029999999,-0.560000002,-16
62.88,5024,-4615,5036,-4548,0.5,-4.909999847,2.980000019,-0.079999998,-0.02,-0.540000022,-16
62.89,5156,-4636,5009,-4560,0.949999988,-5.5,2.150000095,-0.079999998,-0.02,-0.540000022,-16
62.9,5104,-4609,4959,-4572,0.090000004,-4.889999866,0.419999987,-0.170000002,-0.01,-0.509999991,-15
62.91,5064,-4583,5049,-4592,-0.779999971,-2.869999886,-1.100000024,-0.170000002,-0.01,-0.509999991,-15
62.92,5100,-4591,5025,-4574,-0.430000007,-2.069999933,-1.379999995,0.059999999,-0.029999999,-0.509999991,-15
62.93,5087,-4594,5037,-4577,-0.140000001,-1.860000014,-0.090000004,0.059999999,-0.029999999,-0.509999991,-15
62.94,5090,-4596,5034,-4577,0.100000002,-3.519999981,1.169999957,0.150000006,-0.039999999,-0.509999991,-14
62.95,5077,-4602,5076,-4589,1.700000048,-4.5,-0.280000001,0.150000006,-0.039999999,-0.509999991,-14
62.96,5057,-4607,5010,-4596,-0.270000011,-4.869999886,0.839999974,0.029999999,0,-0.5,-14
62.97,5056,-4591,5017,-4588,1.639999986,-4.579999924,-0.759999991,0.029999999,0,-0.5,-13
62.98,5040,-4623,5000,-4565,-0.899999976,-4,-0.430000007,-0.059999999,0.02,-0.479999989,-13
62.99,5031,-4608,4999,-4573,0.560000002,-4.010000229,-0.439999998,-0.059999999,0.02,-0.479999989,-13
63,5055,-4614,5019,-4611,-0.109999999,-3.869999886,1.289999962,-0.02,0.02,-0.449999988,-13
63.01,5070,-4616,4960,-4602,0.479999989,-3.559999943,0.49000001,-0.02,0.02,-0.449999988,-13
63.02,5065,-4615,4974,-4578,0.02,-2.680000067,0.300000012,0.050000001,0.029999999,-0.449999988,-13
63.03,5050,-4583,5006,-4575,0.540000022,-2.089999914,-1.919999957,0.050000001,0.029999999,-0.449999988,-13
63.04,5060,-4611,4944,-4579,-0.300000012,-2.49000001,-1.059999943,0.050000001,0.039999999,-0.449999988,-13
63.05,5035,-4617,4946,-4577,-0.720000029,-3.319999933,-0.07,0.050000001,0.039999999,-0.449999988,-13
63.06,5040,-4626,5022,-4584,0.239999995,-4.380000114,1.659999967,0.090000004,0.029999999,-0.439999998,-13
63.07,5064,-4607,4959,-4576,0.449999988,-3.480000019,2,0.090000004,0.029999999,-0.439999998,-12
63.08,5058,-4626,4935,-4564,0.800000012,-2.789999962,-1.580000043,-0.029999999,0.01,-0.460000008,-12
63.09,5064,-4626,4925,-4604,-1.25999999,-1.549999952,-3.069999933,-0.029999999,0.01,-0.460000008,-12
63.1,5015,-4633,5029,-4606,-0.479999989,-3.029999971,-1.590000033,-0.01,0,-0.449999988,-11
63.11,5052,-4624,4977,-4627,-0.200000003,-3.920000076,2.579999924,-0.01,0,-0.449999988,-10
63.12,5016,-4652,4998,-4628,0,-3.559999943,4.940000057,-0.039999999,0.029999999,-0.409999996,-10
63.13,5001,-4623,4997,-4622,0.850000024,-3.599999905,2.089999914,-0.039999999,0.029999999,-0.409999996,-9
63.14,5000,-4635,4968,-4632,0.389999986,-2.940000057,0.569999993,0,0.059999999,-0.370000005,-9
63.15,4976,-4644,4929,-4605,0.74000001,-3.819999933,-2,0,0.059999999,-0.370000005,-9
63.16,4968,-4659,4931,-4601,-0.129999995,-2.380000114,-0.819999993,0.050000001,0.07,-0.349999994,-9
63.17,4979,-4625,4940,-4637,-0.670000017,-2.480000019,0.259999991,0.050000001,0.07,-0.349999994,-8
63.18,4995,-4658,4937,-4641,-0.119999997,-3.00999999,-0.810000002,0.059999999,0.039999999,-0.330000013,-8
63.19,5003,-4695,4907,-4617,0.349999994,-2.880000114,1.029999971,0.059999999,0.039999999,-0.330000013,-8
63.2,4991,-4669,4881,-4613,-0.140000001,-2.289999962,-1.480000019,0.02,0,-0.330000013,-7
63.21,4986,-4658,4880,-4632,0.930000007,-2.410000086,-1.820000052,0.02,0,-0.330000013,-7
63.22,5009,-4664,4944,-4649,-1.440000057,-1.629999995,-1.429999948,0.02,0.01,-0.310000002,-7
63.23,4984,-4666,4880,-4655,0.280000001,-1.879999995,-1.039999962,0.02,0.01,-0.310000002,-7
63.24,4976,-4712,4896,-4640,-0.039999999,-1.840000033,1.210000038,0.059999999,0,-0.310000002,-7
63.25,4987,-4695,4895,-4649,0.310000002,-2.24000001,-0.310000002,0.059999999,0,-0.310000002,-6
63.26,4971,-4692,4890,-4667,-0.819999993,-2.390000105,-0.860000014,0.029999999,0,-0.280000001,-5
63.27,4962,-4707,4906,-4681,0.340000004,-1.899999976,0.109999999,0.029999999,0,-0.280000001,-4
63.28,4944,-4723,4905,-4681,-0.509999991,-2.25,0.959999979,-0.01,-0.01,-0.25,-4
63.29,4948,-4712,4945,-4718,0.819999993,-1.820000052,1.289999962,-0.01,-0.01,-0.25,-4
63.3,4919,-4730,4933,-4726,-0.25,-2.329999924,0.550000012,-0.029999999,-0.01,-0.219999999,-3
63.31,4908,-4745,4902,-4732,1.019999981,-2.029999971,-0.800000012,-0.029999999,-0.01,-0.219999999,-3
63.32,4915,-4710,4856,-4720,0.259999991,-0.99000001,-0.839999974,0.02,0,-0.189999998,-3
63.33,4909,-4730,4860,-4709,-0.660000026,-1.120000005,-1.419999957,0.02,0,-0.189999998,-2
63.34,4902,-4760,4898,-4710,0.720000029,-0.930000007,0.230000004,0.050000001,-0.029999999,-0.150000006,-2
63.35,4903,-4737,4867,-4747,-0.209999993,-1.799999952,1.809999943,0.050000001,-0.029999999,-0.150000006,-2
63.36,4893,-4756,4808,-4754,0.850000024,-1.860000014,1.279999971,-0.029999999,-0.01,-0.129999995,-1
63.37,4912,-4765,4806,-4745,-0.959999979,-0.819999993,-1.029999971,-0.029999999,-0.01,-0.129999995,-1
63.38,4883,-4764,4839,-4718,-0.379999995,-0.430000007,-1.74000001,-0.01,0,-0.100000002,-1
63.39,4891,-4761,4853,-4726,0.49000001,-0.800000012,0.819999993,-0.01,0,-0.100000002,-1
63.4,4887,-4752,4828,-4729,1.309999943,-0.600000024,0.910000026,0,-0.02,-0.100000002,-1
63.41,4867,-4754,4786,-4739,-0.159999996,-0.119999997,-0.239999995,0,-0.02,-0.100000002,0
63.42,4834,-4727,4804,-4739,-0.079999998,0.759999991,-2.50999999,-0.01,0.050000001,-0.090000004,0
63.43,4838,-4768,4810,-4732,-1.320000052,-0.209999993,-0.469999999,-0.01,0.050000001,-0.090000004,0
63.44,4881,-4773,4857,-4745,1.450000048,-0.170000002,0.829999983,-0.029999999,0.059999999,-0.079999998,1
63.45,4892,-4761,4824,-4758,-1.24000001,-1.639999986,1.529999971,-0.029999999,0.059999999,-0.079999998,1
63.46,4830,-4806,4845,-4778,1.769999981,-0.119999997,-0.209999993,0.029999999,0.059999999,-0.07,2
63.47,4881,-4796,4846,-4757,-0.720000029,-0.050000001,-0.899999976,0.029999999,0.059999999,-0.07,2
63.48,4836,-4805,4797,-4782,-0.340000004,0.649999976,-1.919999957,0.050000001,0.039999999,-0.039999999,2
63.49,4829,-4820,4827,-4800,-0.629999995,-0.610000014,-0.230000004,0.050000001,0.039999999,-0.039999999,2
63.5,4833,-4798,4827,-4809,-0.310000002,-0.439999998,1.25,0.02,0,-0.01,2
63.51,4870,-4806,4799,-4796,0.300000012,-1.700000048,2.319999933,0.02,0,-0.01,2
63.52,4872,-4804,4802,-4787,-0.029999999,0.189999998,1.25,-0.02,-0.029999999,0,2
63.53,4819,-4830,4757,-4772,-0.119999997,-0.01,0.079999998,-0.02,-0.029999999,0,2
63.54,4846,-4820,4822,-4817,-0.360000014,0.850000024,0.430000007,-0.050000001,-0.039999999,0.01,2
63.55,4871,-4824,4800,-4811,0.600000024,-0.579999983,0.920000017,-0.050000001,-0.039999999,0.01,2
63.56,4841,-4779,4749,-4801,-1.029999971,0.540000022,0.319999993,0.029999999,0,0.01,2
63.57,4817,-4827,4757,-4794,0.129999995,0.529999971,-0.839999974,0.029999999,0,0.01,2
63.58,4882,-4806,4792,-4782,-0.819999993,1.450000048,0.349999994,0.07,-0.02,0,2
63.59,4836,-4808,4817,-4778,0.230000004,-0.709999979,1.50999999,0.07,-0.02,0,2
63.6,4843,-4783,4796,-4784,0.920000017,-0.340000004,2.319999933,-0.02,-0.029999999,0,2
63.61,4822,-4826,4772,-4789,0.189999998,-0.560000002,-0.829999983,-0.02,-0.029999999,0,2
63.62,4863,-4780,4747,-4789,-0.340000004,0.300000012,-2.470000029,-0.07,-0.02,0,2
63.63,4829,-4827,4797,-4801,-0.419999987,0.400000006,-2.950000048,-0.07,-0.02,0,2
63.64,4837,-4786,4791,-4805,-0.889999986,-0.170000002,-2.839999914,-0.01,-0.07,0.01,2
63.65,4838,-4843,4805,-4835,1.139999986,-0.090000004,-3.190000057,-0.01,-0.07,0.01,2
63.66,4826,-4795,4862,-4801,-2.029999971,-0.99000001,-4.110000134,0.119999997,-0.079999998,0.01,2
63.67,4828,-4795,4774,-4794,0.709999979,1.399999976,-0.899999976,0.119999997,-0.079999998,0.01,2
63.68,4817,-4809,4768,-4801,-0.800000012,-0.129999995,2.349999905,0.059999999,-0.02,0.01,2
63.69,4836,-4767,4825,-4794,-0.529999971,0.860000014,2.630000114,0.059999999,-0.02,0.01,2
63.7,4819,-4749,4750,-4791,0.550000012,-1.25,3.069999933,-0.050000001,0.01,0,2
63.71,4807,-4768,4727,-4776,-0.670000017,0.029999999,2.50999999,-0.050000001,0.01,0,2
63.72,4814,-4768,4738,-4749,-0.689999998,0.170000002,0.930000007,-0.059999999,0.100000002,0,2
63.73,4838,-4745,4774,-4738,-0.569999993,0.930000007,0.899999976,-0.059999999,0.100000002,0,2
63.74,4821,-4757,4790,-4735,0.419999987,0.289999992,1.909999967,0.029999999,0.050000001,-0.01,2
63.75,4832,-4752,4740,-4736,0.419999987,0.300000012,1.950000048,0.029999999,0.050000001,-0.01,2
63.76,4819,-4796,4696,-4751,-0.189999998,0.419999987,-0.819999993,-0.01,0.090000004,-0.02,2
63.77,4846,-4775,4787,-4742,-1.149999976,0,-1.74000001,-0.01,0.090000004,-0.02,2
63.78,4825,-4780,4786,-4754,-0.039999999,-0.579999983,0.600000024,-0.029999999,0.039999999,-0.01,2
63.79,4849,-4776,4771,-4784,0.180000007,-0.600000024,1.019999981,-0.029999999,0.039999999,-0.01,2
63.8,4830,-4807,4798,-4757,0.039999999,-0.759999991,-0.75,-0.02,-0.01,-0.01,2
63.81,4830,-4762,4787,-4773,-0.119999997,-0.129999995,-1.210000038,-0.02,-0.01,-0.01,2
63.82,4838,-4790,4761,-4783,-0.140000001,0.159999996,-1.429999948,0.02,-0.039999999,-0.01,2
63.83,4816,-4813,4805,-4770,-0.529999971,0.109999999,-0.449999988,0.02,-0.039999999,-0.01,2
63.84,4829,-4761,4828,-4787,-0.850000024,0.079999998,-0.75,0.039999999,-0.059999999,-0.02,2
63.85,4822,-4764,4778,-4761,0.629999995,-0.509999991,0.620000005,0.039999999,-0.059999999,-0.02,2
63.86,4829,-4766,4759,-4734,-0.829999983,0.180000007,0.49000001,-0.01,-0.029999999,-0.02,2
63.87,4831,-4740,4758,-4743,-0.980000019,0.129999995,-0.790000022,-0.01,-0.029999999,-0.02,2
63.88,4827,-4741,4790,-4736,-0.180000007,0.090000004,1.460000038,-0.029999999,-0.02,-0.02,2
63.89,4804,-4766,4760,-4764,0.439999998,-0.360000014,1.379999995,-0.029999999,-0.02,-0.02,2
63.9,4811,-4721,4729,-4735,-0.170000002,0.129999995,0.560000002,-0.07,0,-0.029999999,2
63.91,4812,-4745,4729,-4709,-1.100000024,0.280000001,-1.639999986,-0.07,0,-0.029999999,2
63.92,4829,-4735,4763,-4706,-0.059999999,0.730000019,-1.139999986,0.07,0.029999999,-0.029999999,2
63.93,4806,-4709,4761,-4702,-0.159999996,0.119999997,0.930000007,0.07,0.029999999,-0.029999999,2
63.94,4798,-4723,4768,-4692,0.910000026,-0.209999993,0.239999995,0.07,0.02,-0.050000001,2
63.95,4734,-4641,4724,-4700,-0.469999999,0.239999995,-1.100000024,0.07,0.02,-0.050000001,2
63.96,4782,-4733,4747,-4706,0.310000002,-0.579999983,-2.50999999,0,0.079999998,-0.039999999,2
63.97,4901,-4857,4725,-4718,-0.910000026,-0.870000005,-0.479999989,0,0.079999998,-0.039999999,2
63.98,4820,-4721,4751,-4730,-3.119999886,-0.959999979,0.610000014,-0.029999999,0.02,-0.039999999,2
63.99,4779,-4784,4802,-4762,1.5,-1.00999999,0.620000005,-0.029999999,0.02,-0.039999999,2
64,4877,-4781,4738,-4705,-2.569999933,-0.209999993,1.289999962,0,-0.090000004,-0.039999999,2
64.01,4808,-4752,4766,-4743,0.939999998,-0.379999995,-1.340000033,0,-0.090000004,-0.039999999,2
64.02,4800,-4739,4775,-4753,-1.529999971,0.49000001,0.920000017,-0.029999999,-0.129999995,-0.039999999,2
64.03,4846,-4742,4792,-4735,-0.74000001,-0.460000008,-0.07,-0.029999999,-0.129999995,-0.039999999,2
64.04,4846,-4719,4766,-4719,-0.039999999,-0.079999998,3.630000114,0.050000001,-0.129999995,-0.039999999,2
64.05,4779,-4703,4722,-4704,-0.560000002,-0.230000004,2.079999924,0.050000001,-0.129999995,-0.039999999,2
64.06,4823,-4729,4726,-4700,-0.660000026,0.159999996,1.629999995,-0.029999999,-0.079999998,-0.050000001,2
64.07,4800,-4702,4719,-4721,0.230000004,-0.550000012,2.349999905,-0.029999999,-0.079999998,-0.050000001,2
64.08,4787,-4679,4756,-4711,-0.75,-0.699999988,1.929999948,-0.02,-0.07,-0.050000001,2
64.09,4808,-4680,4741,-4680,0.959999979,-0.680000007,0.680000007,-0.02,-0.07,-0.050000001,2
64.1,4814,-4700,4700,-4675,-1.590000033,0.180000007,-0.550000012,0.01,-0.01,-0.07,2
64.11,4783,-4687,4720,-4661,-0.109999999,0.209999993,-0.939999998,0.01,-0.01,-0.07,2
64.12,4792,-4679,4766,-4659,-0.670000017,-0.860000014,0.610000014,0.02,-0.050000001,-0.079999998,2
64.13,4792,-4678,4753,-4666,0.569999993,-0.980000019,0.469999999,0.02,-0.050000001,-0.079999998,2
64.14,4789,-4672,4730,-4651,-0.25,-0.600000024,-1.129999995,-0.050000001,-0.059999999,-0.079999998,2
64.15,4774,-4661,4708,-4668,0.270000011,-0.129999995,-3.190000057,-0.050000001,-0.059999999,-0.079999998,2
64.16,4772,-4654,4757,-4669,-1.610000014,0.370000005,-3.059999943,-0.01,-0.039999999,-0.079999998,2
64.17,4771,-4651,4704,-4606,-0.170000002,-0.189999998,-3.819999933,-0.01,-0.039999999,-0.079999998,2
64.18,4776,-4677,4664,-4659,-1.049999952,-0.340000004,-3.119999886,0.100000002,-0.039999999,-0.100000002,2
64.19,4752,-4630,4774,-4707,-1.230000019,-0.230000004,-1.049999952,0.100000002,-0.039999999,-0.100000002,2
64.2,4739,-4620,4822,-4611,0.910000026,-1.779999971,6.039999962,-0.039999999,0,-0.100000002,2
64.21,4724,-4592,4708,-4595,-2.539999962,-0.959999979,5.510000229,-0.039999999,0,-0.100000002,2
64.22,4696,-4571,4678,-4608,0.370000005,-1.600000024,2.24000001,-0.079999998,0.090000004,-0.090000004,2
64.23,4678,-4551,4642,-4607,-2.039999962,-0.99000001,5.829999924,-0.079999998,0.090000004,-0.090000004,2
64.24,4695,-4533,4646,-4563,-0.090000004,-1.00999999,0.100000002,-0.090000004,0.119999997,-0.079999998,2
64.25,4719,-4527,4636,-4509,-0.769999981,-0.100000002,0.670000017,-0.090000004,0.119999997,-0.079999998,2
64.26,4727,-4597,4596,-4480,-0.860000014,-0.310000002,-0.330000013,0,0.129999995,-0.100000002,2
64.27,4729,-4568,4617,-4534,-0.620000005,0,-1.889999986,0,0.129999995,-0.100000002,2
64.28,4724,-4553,4658,-4535,-0.99000001,-0.439999998,-0.920000017,0.07,0.090000004,-0.119999997,2
64.29,4751,-4581,4656,-4522,-1.350000024,-0.670000017,-1.659999967,0.07,0.090000004,-0.119999997,2
64.3,4747,-4574,4634,-4515,-0.540000022,-1.470000029,-1.049999952,0.02,0.01,-0.140000001,2
64.31,4719,-4547,4643,-4518,-1.440000057,-1.149999976,0.109999999,0.02,0.01,-0.140000001,2
64.32,4736,-4569,4641,-4541,-1.470000029,-1.75,-1.210000038,-0.059999999,-0.02,-0.150000006,2
64.33,4749,-4567,4689,-4524,-0.730000019,-1.139999986,-0.349999994,-0.059999999,-0.02,-0.150000006,2
64.34,4698,-4521,4661,-4496,-2.24000001,-1.580000043,-0.310000002,0,-0.050000001,-0.159999996,2
64.35,4709,-4507,4652,-4537,0.430000007,-0.790000022,-0.649999976,0,-0.050000001,-0.159999996,2
64.36,4696,-4513,4663,-4508,-2.440000057,-0.819999993,-0.340000004,0.029999999,-0.029999999,-0.159999996,2
64.37,4693,-4488,4648,-4496,-0.819999993,-1.049999952,-0.600000024,0.029999999,-0.029999999,-0.159999996,2
64.38,4690,-4460,4629,-4499,-1.149999976,-1.139999986,1.24000001,0.059999999,-0.01,-0.159999996,0
64.39,4684,-4465,4637,-4467,-1,-1.899999976,0.579999983,0.059999999,-0.01,-0.159999996,0
64.4,4668,-4451,4598,-4446,-0.469999999,-1.230000019,1.200000048,-0.039999999,0,-0.180000007,0
64.41,4673,-4427,4600,-4439,-1.99000001,-1.220000029,0.319999993,-0.039999999,0,-0.180000007,-1
64.42,4667,-4410,4613,-4430,-0.449999988,-1.659999967,0.170000002,-0.079999998,0.029999999,-0.189999998,-1
64.43,4668,-4407,4587,-4417,-1.179999948,-1.629999995,0.839999974,-0.079999998,0.029999999,-0.189999998,-2
64.44,4677,-4403,4584,-4377,-0.540000022,-1,-0.769999981,-0.02,0.039999999,-0.230000004,-2
64.45,4706,-4408,4585,-4358,-1.5,-0.340000004,-1.389999986,-0.02,0.039999999,-0.230000004,-2
64.46,4683,-4373,4607,-4336,-1.179999948,-0.529999971,-2.029999971,0.029999999,0.02,-0.270000011,-2
64.47,4672,-4367,4593,-4330,-1.440000057,-1.299999952,-1.00999999,0.029999999,0.02,-0.270000011,-2
64.48,4712,-4377,4599,-4335,-0.930000007,-1.519999981,-0.939999998,0.02,0,-0.319999993,-2
64.49,4690,-4371,4614,-4309,-1.549999952,-1.879999995,-1.129999995,0.02,0,-0.319999993,-2
64.5,4662,-4370,4599,-4311,-1.24000001,-1.960000038,-0.07,-0.100000002,0,-0.330000013,-2
64.51,4685,-4331,4641,-4316,-0.720000029,-2.299999952,-0.379999995,-0.100000002,0,-0.330000013,-2
64.52,4670,-4329,4646,-4298,-1.460000038,-2.410000086,-0.200000003,0,-0.01,-0.340000004,-2
64.53,4653,-4342,4601,-4292,-0.430000007,-1.610000014,-1,0,-0.01,-0.340000004,-2
64.54,4627,-4298,4631,-4311,-2.029999971,-1.710000038,-0.150000006,0.100000002,0,-0.340000004,-2
64.55,4645,-4321,4622,-4288,-1.169999957,-2.5,1.409999967,0.100000002,0,-0.340000004,-2
64.56,4651,-4321,4577,-4307,-0.759999991,-3.359999895,2.50999999,0.079999998,0,-0.340000004,-2
64.57,4629,-4306,4565,-4292,-1.159999967,-3.25,2.039999962,0.079999998,0,-0.340000004,-3
64.58,4612,-4299,4544,-4263,-1.440000057,-2.819999933,0.589999974,-0.050000001,0,-0.319999993,-3
64.59,4616,-4283,4562,-4242,-0.600000024,-2.690000057,0.460000008,-0.07,0.01,-0.310000002,-3
64.6,4589,-4274,4533,-4247,-1.159999967,-2.230000019,0.469999999,-0.02,0,-0.310000002,-3
64.61,4598,-4267,4501,-4241,-0.670000017,-1.370000005,-0.189999998,0,0,-0.319999993,-2
64.62,4603,-4276,4518,-4225,-0.670000017,-1.370000005,-0.189999998,0,0,-0.319999993,-2
64.63,4603,-4242,4528,-4222,-0.959999979,-1.659999967,-0.629999995,0.07,0,-0.330000013,-3
64.64,4587,-4265,4490,-4217,-0.689999998,-2.089999914,-0.460000008,0.109999999,0,-0.330000013,-3
64.65,4567,-4250,4496,-4201,-1.860000014,-2.099999905,-0.620000005,0.07,0,-0.340000004,-3
64.66,4575,-4243,4514,-4198,-0.959999979,-2.269999981,-0.300000012,0.02,0.01,-0.340000004,-3
64.67,4586,-4239,4512,-4194,-0.689999998,-2.869999886,0.419999987,-0.02,-0.01,-0.330000013,-3
64.68,4539,-4245,4470,-4199,-1.179999948,-2.410000086,0.239999995,-0.07,-0.02,-0.330000013,-3
64.69,4523,-4240,4494,-4211,-1,-2.329999924,-0.709999979,-0.129999995,0,-0.330000013,-3
64.7,4537,-4225,4497,-4198,-0.769999981,-1.720000029,-0.959999979,-0.07,-0.01,-0.319999993,-3
64.71,4563,-4214,4497,-4177,-1.350000024,-2.130000114,-0.660000026,-0.02,-0.02,-0.319999993,-3
64.72,4534,-4213,4478,-4177,-1.350000024,-2.130000114,-0.660000026,-0.02,-0.02,-0.319999993,-3
64.73,4505,-4202,4473,-4199,-0.839999974,-1.779999971,-1.360000014,0.02,-0.02,-0.319999993,-4
64.74,4537,-4205,4464,-4189,-1.559999943,-2.470000029,-0.170000002,0.039999999,-0.02,-0.319999993,-4
64.75,4548,-4188,4433,-4162,-0.610000014,-2.890000105,0.639999986,0.02,-0.02,-0.319999993,-5
64.76,4483,-4159,4429,-4169,-0.5,-2.640000105,0.589999974,-0.01,-0.02,-0.330000013,-5
64.77,4501,-4175,4440,-4160,-1.809999943,-2.099999905,-0.209999993,-0.039999999,-0.01,-0.340000004,-5
64.78,4492,-4155,4439,-4128,-1.159999967,-1.960000038,0.660000026,-0.07,0.01,-0.340000004,-5
64.79,4508,-4118,4412,-4110,-0.400000006,-2.420000076,1.409999967,-0.059999999,0.01,-0.349999994,-5
64.8,4469,-4099,4399,-4101,-1.159999967,-2.279999971,1.690000057,-0.01,0.029999999,-0.349999994,-6
64.81,4484,-4109,4395,-4107,-1.269999981,-2.019999981,0.649999976,-0.02,0.059999999,-0.360000014,-6
64.82,4466,-4100,4415,-4080,-0.910000026,-1.75,0.170000002,0.01,0.07,-0.370000005,-6
64.83,4472,-4099,4389,-4051,-0.889999986,-2.859999895,0.349999994,0.050000001,0.059999999,-0.370000005,-6
64.84,4464,-4089,4380,-4054,-1.460000038,-1.99000001,-0.180000007,0.07,0.07,-0.379999995,-6
64.85,4463,-4088,4388,-4040,-1.340000033,-2.49000001,-0.769999981,0.07,0.079999998,-0.379999995,-6
64.86,4472,-4101,4395,-4029,-0.430000007,-2.029999971,-0.159999996,0.050000001,0.050000001,-0.379999995,-6
64.87,4473,-4076,4370,-4028,-1.289999962,-2.75999999,-0.370000005,0.039999999,0.02,-0.389999986,-6
64.88,4424,-4082,4411,-4032,-1.440000057,-2.019999981,-1.360000014,-0.039999999,0,-0.389999986,-6
64.89,4445,-4087,4385,-4027,-1.320000052,-2.25,-0.540000022,-0.02,0,-0.400000006,-6
64.9,4452,-4073,4414,-4029,-0.879999995,-2.079999924,-0.039999999,-0.039999999,-0.01,-0.400000006,-6
64.91,4429,-4063,4373,-4033,-1.049999952,-2.75,-0.07,0,-0.029999999,-0.400000006,-6
64.92,4425,-4072,4385,-4022,-1.049999952,-2.75,-0.07,0,-0.029999999,-0.400000006,-6
64.93,4444,-4056,4367,-4013,-0.779999971,-1.850000024,-0.200000003,-0.01,-0.039999999,-0.400000006,-7
64.94,4426,-4028,4383,-4038,-0.779999971,-2.630000114,1.440000057,-0.01,-0.01,-0.389999986,-7
64.95,4413,-4052,4318,-4003,-0.200000003,-3.400000095,1.559999943,0.02,-0.01,-0.400000006,-7
64.96,4380,-4014,4331,-4012,-1.75999999,-2.700000048,0.389999986,-0.02,0,-0.389999986,-8
64.97,4395,-3985,4348,-3991,-0.689999998,-2.930000067,0.289999992,-0.029999999,0.039999999,-0.389999986,-8
64.98,4377,-3974,4310,-3969,-0.259999991,-2.980000019,0.980000019,0,0.01,-0.389999986,-9
64.99,4407,-3988,4283,-3957,-1.74000001,-2.549999952,0.370000005,0,0.02,-0.400000006,-9
65,4383,-3969,4325,-3941,-0.709999979,-2.220000029,-0.649999976,-0.059999999,0.029999999,-0.409999996,-10
65.01,4381,-3967,4299,-3913,-1.889999986,-1.830000043,0.039999999,-0.050000001,0.029999999,-0.419999987,-10
65.02,4391,-3975,4291,-3927,-0.360000014,-1.879999995,-0.270000011,-0.059999999,0.029999999,-0.439999998,-10
65.03,4417,-3960,4346,-3913,-0.360000014,-1.879999995,-0.270000011,-0.059999999,0.029999999,-0.439999998,-10
65.04,4406,-3952,4322,-3878,-1.139999986,-1.980000019,-1.769999981,-0.029999999,0,-0.469999999,-10
65.05,4380,-3950,4301,-3878,-0.430000007,-1.950000048,-1.00999999,0,-0.029999999,-0.479999989,-11
65.06,4388,-3900,4308,-3868,-1.070000052,-2.210000038,-2.369999886,0.039999999,-0.029999999,-0.5,-11
65.07,4355,-3909,4377,-3859,-1.279999971,-3.289999962,-0.600000024,-0.029999999,-0.029999999,-0.509999991,-11
65.08,4357,-3898,4305,-3862,-0.970000029,-3.559999943,0.340000004,-0.02,-0.01,-0.509999991,-12
65.09,4360,-3898,4313,-3846,-0.340000004,-3.279999971,0.419999987,0,0,-0.509999991,-12
65.1,4339,-3868,4313,-3832,-1.49000001,-4.110000134,0,-0.029999999,0,-0.5,-12
65.11,4337,-3858,4291,-3828,-1.190000057,-3.289999962,0.379999995,-0.029999999,0.029999999,-0.509999991,-13
65.12,4384,-3851,4274,-3831,-1.25999999,-4.300000191,0.270000011,-0.01,0.07,-0.5,-14
65.13,4356,-3853,4295,-3816,-1.25999999,-4.300000191,0.270000011,-0.01,0.07,-0.5,-14
65.14,4341,-3828,4260,-3815,-2,-3.900000095,-0.129999995,0.059999999,0.039999999,-0.519999981,-15
65.15,4331,-3788,4255,-3816,-1.289999962,-3.329999924,-0.519999981,0.039999999,0.109999999,-0.529999971,-15
65.16,4323,-3820,4248,-3802,0.159999996,-4.699999809,0.430000007,0.109999999,0.079999998,-0.529999971,-15
65.17,4336,-3844,4236,-3782,-2.119999886,-3.569999933,-0.370000005,0.079999998,0.07,-0.540000022,-15
65.18,4337,-3825,4221,-3787,-0.759999991,-4.420000076,-0.090000004,0,0.079999998,-0.540000022,-15
65.19,4333,-3840,4237,-3792,-1.120000005,-3.369999886,1.139999986,-0.029999999,0.07,-0.550000012,-15
65.2,4339,-3818,4216,-3766,-0.939999998,-4.230000019,0.370000005,-0.029999999,0.050000001,-0.540000022,-15
65.21,4333,-3807,4239,-3768,-1.340000033,-2.849999905,0.620000005,-0.07,0.01,-0.540000022,-15
65.22,4341,-3803,4240,-3761,-1.200000048,-3.319999933,-0.310000002,-0.039999999,0.02,-0.540000022,-15
65.23,4348,-3821,4264,-3765,-1.200000048,-3.319999933,-0.310000002,-0.039999999,0.02,-0.540000022,-15
65.24,4412,-3847,4323,-3812,-1.629999995,-2.960000038,0.180000007,0.050000001,-0.01,-0.540000022,-15
65.25,4294,-3873,4194,-3843,0.389999986,-3.25,-0.079999998,0.039999999,-0.02,-0.540000022,-15
65.26,4294,-3867,4248,-3781,-1.190000057,-2.859999895,0.349999994,0.079999998,-0.050000001,-0.540000022,-15
65.27,4313,-3785,4286,-3777,-0.670000017,-4.599999905,0.759999991,0.02,-0.01,-0.519999981,-15
65.28,4266,-3841,4217,-3804,1.269999981,-3.690000057,3.279999971,0.07,-0.029999999,-0.509999991,-15
65.29,4267,-3826,4236,-3784,-0.239999995,-3.950000048,2.420000076,-0.02,-0.029999999,-0.5,-15
65.3,4295,-3814,4231,-3798,1.25,-3.74000001,-0.5,-0.039999999,-0.029999999,-0.49000001,-15
65.31,4316,-3824,4212,-3805,-0.829999983,-3.180000067,-1.49000001,-0.109999999,-0.029999999,-0.479999989,-15
65.32,4288,-3852,4204,-3798,1.350000024,-2.970000029,-2.170000076,-0.059999999,0,-0.469999999,-15
65.33,4295,-3822,4213,-3808,-0.119999997,-1.909999967,-1.799999952,0,-0.029999999,-0.479999989,-15
65.34,4315,-3817,4216,-3813,0.050000001,-2.160000086,-3.079999924,-0.01,-0.02,-0.479999989,-15
65.35,4311,-3834,4211,-3803,0.75,-2.410000086,-2.069999933,0.07,-0.039999999,-0.49000001,-15
65.36,4305,-3821,4220,-3819,-0.170000002,-2.190000057,-1.50999999,0.119999997,-0.039999999,-0.5,-15
65.37,4306,-3845,4240,-3827,-0.639999986,-3.180000067,-1.169999957,0.059999999,-0.01,-0.509999991,-15
65.38,4305,-3830,4224,-3808,1.830000043,-3.289999962,0.560000002,0.090000004,-0.01,-0.509999991,-15
65.39,4301,-3820,4202,-3803,-0.779999971,-3.650000095,0.340000004,0.029999999,-0.02,-0.509999991,-15
65.4,4301,-3811,4231,-3804,-0.01,-3.49000001,-0.620000005,-0.02,0.029999999,-0.509999991,-15
65.41,4314,-3819,4251,-3802,0.25,-3.470000029,0.930000007,-0.01,0.039999999,-0.509999991,-15
65.42,4314,-3794,4219,-3786,0.540000022,-3.019999981,0.289999992,0.029999999,0.01,-0.509999991,-15
65.43,4333,-3821,4248,-3785,-0.689999998,-1.230000019,-0.860000014,0.029999999,0.01,-0.529999971,-15
65.44,4341,-3834,4286,-3778,-0.920000017,-1.090000033,-2.109999895,0,0.02,-0.550000012,-15
65.45,4317,-3841,4277,-3771,0.280000001,-2.970000029,0.949999988,0.050000001,-0.01,-0.560000002,-15
65.46,4324,-3839,4295,-3804,-0.270000011,-3.220000029,2.700000048,0.01,0,-0.569999993,-15
65.47,4325,-3821,4260,-3805,0.779999971,-3.630000114,1.200000048,-0.02,-0.01,-0.560000002,-15
65.48,4339,-3839,4282,-3781,0.02,-3.049999952,1.389999986,-0.07,-0.02,-0.550000012,-15
65.49,4328,-3826,4290,-3807,0.150000006,-3.940000057,0.519999981,-0.059999999,0,-0.550000012,-15
65.5,4336,-3830,4265,-3811,0.649999976,-3.230000019,1.950000048,-0.039999999,0,-0.540000022,-15
65.51,4342,-3862,4280,-3797,-0.170000002,-3.950000048,2.230000019,-0.029999999,0,-0.529999971,-15
65.52,4324,-3851,4267,-3810,0.689999998,-3.700000048,1.809999943,-0.01,0.01,-0.509999991,-15
65.53,4329,-3861,4248,-3803,-0.109999999,-3.059999943,2.00999999,0.01,0,-0.509999991,-15
65.54,4306,-3864,4273,-3820,0.170000002,-3.49000001,0.430000007,-0.01,0.029999999,-0.5,-15
65.55,4339,-3845,4260,-3830,1.370000005,-3.119999886,0.649999976,0.029999999,0,-0.5,-15
65.56,4339,-3860,4226,-3848,-0.479999989,-2.380000114,-0.870000005,0.02,-0.01,-0.509999991,-15
65.57,4338,-3853,4279,-3810,0.170000002,-1.549999952,-2.150000095,0.039999999,0.02,-0.519999981,-15
65.58,4344,-3827,4299,-3827,0.029999999,-2.130000114,-1.159999967,0.029999999,0,-0.529999971,-15
65.59,4360,-3873,4255,-3851,0.800000012,-2.380000114,-0.419999987,0.119999997,0,-0.540000022,-15
65.6,4353,-3871,4261,-3848,0.02,-2.849999905,-0.850000024,0.039999999,-0.029999999,-0.550000012,-15
65.61,4363,-3848,4310,-3847,0.360000014,-2.75,-2.210000038,0,-0.02,-0.550000012,-15
65.62,4365,-3867,4267,-3848,0.360000014,-2.75,-2.210000038,0,-0.02,-0.550000012,-15
65.63,4367,-3868,4298,-3846,0.349999994,-2.75,-1.320000052,-0.039999999,-0.039999999,-0.540000022,-15
65.64,4353,-3865,4289,-3828,0.939999998,-2.480000019,-1.980000019,-0.039999999,-0.059999999,-0.540000022,-15
65.65,4345,-3855,4320,-3844,-1,-2.609999895,-1.570000052,-0.07,-0.050000001,-0.540000022,-15
65.66,4332,-3873,4328,-3826,1.559999943,-3.49000001,-0.460000008,-0.01,-0.01,-0.529999971,-15
65.67,4331,-3869,4295,-3813,0.600000024,-3.789999962,1.549999952,-0.01,-0.050000001,-0.519999981,-15
65.68,4342,-3859,4321,-3852,-0.670000017,-4.420000076,0,-0.050000001,0,-0.509999991,-15
65.69,4309,-3856,4267,-3846,0.889999986,-3.880000114,0.899999976,-0.039999999,0.039999999,-0.49000001,-15
65.7,4351,-3870,4264,-3851,0.349999994,-4.940000057,2.200000048,0,0.039999999,-0.479999989,-15
65.71,4331,-3880,4262,-3860,-1.669999957,-5.21999979,1.899999976,-0.059999999,0.079999998,-0.460000008,-15
65.72,4325,-3881,4241,-3842,-1.669999957,-5.21999979,1.899999976,-0.059999999,0.079999998,-0.460000008,-15
65.73,4324,-3900,4223,-3857,-1.320000052,-3.710000038,2.00999999,-0.01,0.079999998,-0.449999988,-15
65.74,4325,-3904,4245,-3840,0.769999981,-3.059999943,-0.980000019,0.01,0.090000004,-0.449999988,-15
65.75,4332,-3893,4285,-3839,-1.139999986,-2.49000001,0.109999999,0.01,0.039999999,-0.460000008,-15
65.76,4359,-3879,4240,-3841,0,-2.99000001,-0.810000002,0.02,0.079999998,-0.469999999,-15
65.77,4345,-3891,4232,-3861,1.230000019,-1.860000014,0.090000004,0.059999999,0.029999999,-0.479999989,-15
65.78,4336,-3923,4280,-3866,-1.75999999,-2.220000029,-1,-0.01,-0.01,-0.49000001,-15
65.79,4364,-3906,4302,-3876,0.409999996,-2.059999943,-0.529999971,-0.07,0.01,-0.49000001,-15
65.8,4368,-3916,4263,-3895,0.939999998,-3,1.700000048,0.039999999,-0.039999999,-0.5,-15
65.81,4350,-3903,4276,-3864,-0.920000017,-2.859999895,0.300000012,-0.029999999,-0.079999998,-0.5,-15
65.82,4344,-3911,4294,-3876,-0.920000017,-2.859999895,0.300000012,-0.029999999,-0.079999998,-0.5,-15
65.83,4337,-3904,4305,-3893,0.01,-2.859999895,0,0.07,-0.050000001,-0.469999999,-14
65.84,4344,-3892,4261,-3881,0.49000001,-3.869999886,0.889999986,0.150000006,-0.07,-0.460000008,-14
65.85,4317,-3923,4283,-3923,0.400000006,-2.789999962,0,0.090000004,-0.100000002,-0.449999988,-14
65.86,4286,-3923,4257,-3896,-1.279999971,-2.920000076,-1.059999943,0.07,-0.090000004,-0.430000007,-14
65.87,4305,-3925,4272,-3913,1.179999948,-3.190000057,0.550000012,-0.029999999,-0.059999999,-0.409999996,-14
65.88,4317,-3934,4245,-3935,-0.620000005,-3.069999933,1.120000005,-0.029999999,-0.079999998,-0.389999986,-14
65.89,4319,-3941,4246,-3924,0.419999987,-2.819999933,0.02,-0.170000002,-0.07,-0.370000005,-14
65.9,4308,-3924,4221,-3928,0.699999988,-2.289999962,-0.259999991,-0.090000004,-0.07,-0.360000014,-14
65.91,4292,-3923,4226,-3938,-0.519999981,-1.340000033,-1.690000057,-0.02,-0.059999999,-0.360000014,-14
65.92,4294,-3915,4227,-3911,-0.519999981,-1.340000033,-1.690000057,-0.02,-0.059999999,-0.360000014,-14
65.93,4292,-3916,4247,-3900,-0.5,-2.359999895,0.620000005,0.100000002,-0.039999999,-0.360000014,-14
65.94,4296,-3897,4214,-3892,-0.349999994,-2.50999999,0.579999983,0.159999996,0,-0.360000014,-14
65.95,4282,-3899,4211,-3897,-0.389999986,-2.339999914,-0.02,0.200000003,0.01,-0.379999995,-14
65.96,4301,-3906,4246,-3884,-0.870000005,-2.910000086,0.670000017,0.129999995,0.02,-0.379999995,-14
65.97,4300,-3928,4193,-3892,0.839999974,-2.880000114,1.120000005,0.100000002,0.029999999,-0.389999986,-14
65.98,4300,-3899,4198,-3888,-0.449999988,-2.660000086,0.629999995,0.050000001,0,-0.400000006,-14
65.99,4300,-3908,4235,-3883,-1.190000057,-2.569999933,-1.129999995,-0.079999998,0.029999999,-0.400000006,-14
66,4311,-3923,4218,-3877,0.810000002,-2.24000001,-0.75,-0.039999999,0.029999999,-0.400000006,-14
66.01,4304,-3923,4214,-3908,-0.589999974,-1.549999952,0.460000008,0,0,-0.409999996,-14
66.02,4296,-3932,4265,-3902,-0.589999974,-1.549999952,0.460000008,0,0,-0.409999996,-14
66.03,4300,-3944,4262,-3904,0.370000005,-2.079999924,-1.370000005,-0.02,-0.01,-0.400000006,-13
66.04,4279,-3929,4229,-3930,-0.109999999,-2.380000114,0.349999994,0,-0.059999999,-0.389999986,-12
66.05,4300,-3946,4233,-3924,0.540000022,-2.75999999,-0.439999998,-0.01,-0.079999998,-0.389999986,-12
66.06,4274,-3920,4247,-3907,-1.049999952,-2.50999999,-0.140000001,-0.059999999,-0.090000004,-0.370000005,-12
66.07,4271,-3912,4252,-3913,-0.059999999,-2.769999981,0.49000001,-0.01,-0.039999999,-0.360000014,-12
66.08,4277,-3919,4215,-3917,-0.370000005,-2.390000105,2.470000029,0.07,-0.029999999,-0.349999994,-12
66.09,4280,-3930,4218,-3890,0.439999998,-2.950000048,2.710000038,0.090000004,-0.02,-0.349999994,-12
66.1,4249,-3924,4202,-3909,-0.419999987,-3.079999924,2.74000001,0.029999999,-0.01,-0.330000013,-12
66.11,4251,-3921,4174,-3919,-0.01,-2.109999895,1.399999976,0.07,0.01,-0.340000004,-12
66.12,4243,-3911,4185,-3923,-0.01,-2.109999895,1.399999976,0.07,0.01,-0.340000004,-12
66.13,4259,-3895,4184,-3878,-0.479999989,-1.889999986,0.5,0,0.039999999,-0.330000013,-12
66.14,4252,-3893,4138,-3899,0.649999976,-2.00999999,0.300000012,0,0.050000001,-0.330000013,-12
66.15,4239,-3916,4173,-3896,-0.819999993,-0.800000012,-0.649999976,0.059999999,0.050000001,-0.330000013,-12
66.16,4237,-3942,4197,-3884,-0.610000014,-1.370000005,-0.569999993,0.02,0.050000001,-0.330000013,-12
66.17,4261,-3914,4149,-3885,0.649999976,-1.24000001,0.839999974,0.02,0.029999999,-0.330000013,-12
66.18,4254,-3932,4153,-3887,-0.730000019,-1.049999952,-0.280000001,0.07,0,-0.340000004,-12
66.19,4242,-3944,4198,-3869,-1.779999971,-1.330000043,-2.220000029,-0.039999999,0.02,-0.330000013,-12
66.2,4231,-3906,4156,-3887,0.819999993,-1.340000033,-0.209999993,0,0,-0.330000013,-12
66.21,4232,-3908,4151,-3883,-0.939999998,-1.419999957,-0.189999998,0.039999999,-0.029999999,-0.340000004,-12
66.22,4233,-3894,4209,-3857,-1.059999943,-1.429999948,-2.200000048,0,-0.02,-0.340000004,-12
66.23,4208,-3888,4193,-3877,-0.050000001,-1.220000029,-0.850000024,0.02,-0.029999999,-0.340000004,-12
66.24,4192,-3866,4140,-3869,-0.529999971,-1.74000001,-0.100000002,0.059999999,-0.07,-0.349999994,-12
66.25,4180,-3838,4161,-3844,-1.669999957,-1.730000019,-1.309999943,0.029999999,-0.039999999,-0.349999994,-12
66.26,4135,-3849,4141,-3799,0.270000011,-1.809999943,-0.550000012,0.02,-0.039999999,-0.349999994,-12
66.27,4181,-3888,4110,-3848,-1.980000019,-1.809999943,0.550000012,0.029999999,-0.059999999,-0.349999994,-12
66.28,4225,-3874,4172,-3861,-0.419999987,-2.119999886,0.660000026,-0.059999999,-0.02,-0.349999994,-12
66.29,4184,-3851,4126,-3836,-1.409999967,-2.730000019,1.570000052,-0.109999999,-0.059999999,-0.340000004,-12
66.3,4170,-3860,4121,-3829,-0.579999983,-2.230000019,1.529999971,-0.109999999,-0.02,-0.330000013,-12
66.31,4190,-3858,4154,-3820,-1.710000038,-2.450000048,1.850000024,-0.150000006,0,-0.319999993,-12
66.32,4172,-3830,4127,-3805,-1.710000038,-2.450000048,1.850000024,-0.150000006,0,-0.319999993,-12
66.33,4171,-3832,4094,-3809,-0.959999979,-1.279999971,0.790000022,0.029999999,0,-0.330000013,-12
66.34,4162,-3837,4123,-3789,-1.929999948,-2.089999914,-0.620000005,0.090000004,0.02,-0.330000013,-12
66.35,4143,-3805,4080,-3766,0.150000006,-2.200000048,0.920000017,0.119999997,0.01,-0.330000013,-12
66.36,4159,-3831,4053,-3775,-1.809999943,-2.220000029,0.379999995,0.079999998,0,-0.340000004,-11
66.37,4121,-3841,4088,-3775,-1.549999952,-2.390000105,0.180000007,0,0.039999999,-0.340000004,-11
66.38,4105,-3822,4059,-3757,0.509999991,-2.130000114,1.529999971,-0.039999999,0,-0.340000004,-11
66.39,4141,-3828,4047,-3746,-2.109999895,-1.879999995,0.209999993,-0.109999999,-0.01,-0.340000004,-10
66.4,4148,-3814,4071,-3741,-0.180000007,-1.100000024,-1.690000057,-0.090000004,0,-0.330000013,-9
66.41,4096,-3782,4057,-3731,-1.039999962,-0.109999999,-1.679999948,-0.01,-0.039999999,-0.330000013,-9
66.42,4101,-3798,4070,-3766,-1.210000038,-0.660000026,-2.109999895,0.07,-0.02,-0.340000004,-9
66.43,4088,-3800,4060,-3760,-1.549999952,-1.110000014,-1.629999995,0.129999995,-0.02,-0.340000004,-9
66.44,4064,-3765,4012,-3769,0.090000004,-2.690000057,0.589999974,0.119999997,-0.02,-0.330000013,-8
66.45,4031,-3803,4041,-3791,-1.960000038,-2.529999971,1.519999981,0.059999999,-0.029999999,-0.319999993,-8
66.46,4013,-3805,4008,-3763,-0.75,-3.519999981,0.939999998,-0.079999998,0,-0.289999992,-8
66.47,4019,-3778,3992,-3792,0.479999989,-2.670000076,1.870000005,-0.119999997,0,-0.259999991,-7
66.48,4014,-3801,3986,-3761,-1.600000024,-2.299999952,-0.419999987,-0.170000002,0,-0.25,-7
66.49,4010,-3766,3952,-3751,-0.660000026,-0.819999993,-1.419999957,-0.159999996,0.039999999,-0.230000004,-7
66.5,3980,-3751,3957,-3745,-0.349999994,-1.139999986,-0.409999996,-0.090000004,0.02,-0.219999999,-7
66.51,4002,-3759,3935,-3720,-1.269999981,-0.319999993,-0.870000005,0.050000001,0.029999999,-0.209999993,-7
66.52,3981,-3753,3953,-3740,-0.99000001,-0.850000024,-0.5,0.079999998,0.02,-0.209999993,-7
66.53,3986,-3756,3927,-3734,-1.25999999,-1.080000043,0.370000005,0.090000004,0.029999999,-0.219999999,-7
66.54,3965,-3761,3915,-3728,-0.49000001,-1.519999981,0.800000012,0.119999997,0,-0.219999999,-7
66.55,3986,-3782,3950,-3760,-2.400000095,-2.180000067,1.299999952,0,0,-0.219999999,-6
66.56,4014,-3813,3960,-3776,-0.310000002,-1.960000038,0.899999976,-0.029999999,0.02,-0.209999993,-6
66.57,4062,-3828,3939,-3808,-0.670000017,-1.950000048,2.079999924,-0.07,-0.029999999,-0.200000003,-6
66.58,3990,-3838,3909,-3768,-0.910000026,-1.289999962,1.090000033,-0.090000004,-0.01,-0.200000003,-6
66.59,3931,-3753,3939,-3721,0.07,-0.759999991,0.469999999,-0.059999999,-0.02,-0.189999998,-6
66.6,3969,-3760,3902,-3748,0.5,-0.699999988,0.889999986,0,-0.01,-0.189999998,-6
66.61,3974,-3780,3880,-3736,-0.839999974,-0.639999986,0.119999997,0.059999999,-0.01,-0.189999998,-6
66.62,3927,-3752,3935,-3729,-0.01,-0.689999998,-0.509999991,0.059999999,-0.02,-0.189999998,-6
66.63,3958,-3750,3937,-3737,-0.449999988,-1.389999986,0.180000007,0.039999999,0,-0.180000007,-6
66.64,3943,-3767,3886,-3753,0.860000014,-1.570000052,0.02,0.050000001,-0.029999999,-0.180000007,-6
66.65,3928,-3764,3909,-3763,-0.589999974,-1.549999952,-0.620000005,0,-0.050000001,-0.180000007,-6
66.66,3945,-3752,3936,-3773,0,-1.379999995,-1.720000029,-0.059999999,-0.02,-0.180000007,-6
66.67,3931,-3764,3871,-3784,0.340000004,-0.819999993,0.259999991,0,-0.039999999,-0.180000007,-6
66.68,3949,-3756,3916,-3736,-0.870000005,-1.090000033,-0.800000012,-0.050000001,-0.029999999,-0.170000002,-6
66.69,3957,-3768,3919,-3749,0.079999998,-0.529999971,-2.460000038,-0.01,0,-0.170000002,-6
66.7,3973,-3752,3907,-3772,-0.239999995,-0.330000013,-0.980000019,0.02,-0.050000001,-0.180000007,-6
66.71,3955,-3733,3929,-3745,-0.509999991,-1.309999943,-1.299999952,0.039999999,-0.02,-0.189999998,-6
66.72,3967,-3754,3906,-3747,1.210000038,-0.769999981,-0.370000005,0.050000001,-0.039999999,-0.189999998,-6
66.73,3947,-3729,3897,-3738,-1.169999957,-0.959999979,-0.569999993,0,-0.050000001,-0.200000003,-6
66.74,3953,-3752,3898,-3729,-0.109999999,-1.309999943,-0.74000001,-0.059999999,-0.01,-0.200000003,-6
66.75,3982,-3753,3870,-3739,0.07,-1.100000024,0.419999987,-0.039999999,0,-0.200000003,-6
66.76,3936,-3726,3918,-3746,-0.660000026,-1.679999948,0.639999986,-0.059999999,0,-0.189999998,-6
66.77,3949,-3749,3892,-3739,0.150000006,-1.379999995,1.190000057,-0.059999999,0.01,-0.189999998,-6
66.78,3973,-3716,3857,-3723,0.680000007,-1.149999976,0.779999971,0,0,-0.189999998,-6
66.79,3942,-3726,3908,-3726,-1.110000014,-1.110000014,0.090000004,0.050000001,0.01,-0.189999998,-6
66.8,3953,-3729,3894,-3721,0.07,-1.529999971,1.149999976,0.050000001,0.07,-0.189999998,-6
66.81,3944,-3719,3862,-3729,0.620000005,-1.230000019,2.140000105,0.159999996,0.050000001,-0.189999998,-6
66.82,3930,-3745,3906,-3726,-1.570000052,-1.279999971,1.960000038,0.07,0.059999999,-0.200000003,-6
66.83,3937,-3755,3888,-3709,0.920000017,-1.549999952,2.119999886,0,0.090000004,-0.189999998,-6
66.84,3921,-3772,3873,-3726,0.280000001,-0.99000001,2.950000048,-0.02,0.029999999,-0.200000003,-6
66.85,3933,-3734,3900,-3728,-1.049999952,-1.360000014,-1.25,-0.129999995,0.050000001,-0.200000003,-6
66.86,3961,-3733,3883,-3740,0.74000001,-1.090000033,-1.710000038,-0.129999995,0.050000001,-0.189999998,-6
66.87,3930,-3737,3903,-3738,-0.270000011,-0.569999993,-0.930000007,0.02,0.01,-0.189999998,-6
66.88,3951,-3740,3925,-3725,-0.579999983,-0.689999998,-1.909999967,0.02,0,-0.189999998,-6
66.89,3975,-3755,3904,-3764,0.310000002,-0.759999991,-0.560000002,0.109999999,0,-0.189999998,-6
66.9,3948,-3748,3925,-3741,-0.079999998,-1.179999948,-0.090000004,0.129999995,-0.039999999,-0.200000003,-6
66.91,3960,-3761,3910,-3755,-0.790000022,-1.50999999,-1.029999971,0.090000004,-0.029999999,-0.189999998,-6
66.92,3958,-3738,3894,-3752,0.330000013,-1.549999952,0.319999993,0.02,-0.02,-0.189999998,-6
66.93,3960,-3755,3901,-3726,-0.389999986,-1,-0.059999999,0.059999999,-0.050000001,-0.189999998,-6
66.94,3935,-3755,3907,-3744,-1.090000033,-1.25999999,-0.209999993,-0.07,-0.02,-0.189999998,-6
66.95,3946,-3713,3896,-3737,1.330000043,-0.860000014,1.220000029,-0.01,-0.02,-0.189999998,-6
66.96,3945,-3734,3891,-3730,-0.980000019,-0.569999993,1.080000043,-0.050000001,-0.029999999,-0.200000003,-6
66.97,3949,-3734,3898,-3719,0.07,-0.759999991,0.140000001,-0.059999999,0.02,-0.189999998,-6
66.98,3947,-3714,3866,-3707,0.330000013,-0.189999998,-0.02,0.01,0.02,-0.200000003,-6
66.99,3938,-3713,3908,-3716,-0.829999983,-0.409999996,-1.159999967,0.039999999,0.029999999,-0.200000003,-6
67,3931,-3720,3889,-3721,-0.090000004,-0.879999995,0.189999998,0.029999999,0.07,-0.200000003,-6
67.01,3943,-3724,3866,-3714,1.169999957,-1.029999971,-0.370000005,0.129999995,0.039999999,-0.209999993,-6
67.02,3948,-3711,3900,-3695,-1.019999981,-1.100000024,-0.529999971,0.02,0.029999999,-0.209999993,-6
67.03,3952,-3715,3855,-3693,-1.019999981,-1.100000024,-0.529999971,0.02,0.029999999,-0.209999993,-6
67.04,3938,-3733,3889,-3720,-0.02,-0.790000022,-0.939999998,0,0.029999999,-0.219999999,-6
67.05,3945,-3740,3902,-3705,-0.02,-0.790000022,-0.939999998,-0.050000001,0.02,-0.219999999,-6
67.06,3957,-3745,3924,-3704,0.159999996,-1.169999957,-0.479999989,-0.079999998,0.039999999,-0.209999993,-6
67.07,3948,-3717,3898,-3709,0.75,-1.330000043,-0.600000024,-0.079999998,0.039999999,-0.209999993,-6
67.08,3957,-3737,3937,-3704,-1.049999952,-0.850000024,-0.649999976,0,-0.02,-0.219999999,-6
67.09,3953,-3753,3961,-3728,-1.049999952,-0.850000024,-0.649999976,0,0,-0.219999999,-6
67.1,3960,-3722,3901,-3723,0.270000011,-0.870000005,0.699999988,0.059999999,-0.050000001,-0.230000004,-6
67.11,3978,-3760,3934,-3756,0.270000011,-0.870000005,0.699999988,-0.01,-0.01,-0.230000004,-6
67.12,3975,-3766,3917,-3751,-0.01,-1.960000038,1.100000024,-0.050000001,-0.01,-0.219999999,-6
67.13,3943,-3740,3902,-3719,-0.01,-1.960000038,1.100000024,-0.039999999,-0.029999999,-0.209999993,-6
67.14,3960,-3739,3930,-3744,-1.200000048,-1.299999952,-0.509999991,-0.01,0,-0.209999993,-6
67.15,3966,-3731,3906,-3732,-1.200000048,-1.299999952,-0.509999991,0,0,-0.200000003,-6
67.16,3947,-3723,3907,-3712,0,-0.769999981,1.860000014,0.079999998,0,-0.209999993,-6
67.17,3951,-3735,3904,-3727,-0.439999998,-1.580000043,0.800000012,0.079999998,0,-0.209999993,-6
67.18,3940,-3716,3882,-3717,0.829999983,-1.049999952,0.730000019,0.059999999,0.01,-0.209999993,-6
67.19,3944,-3725,3910,-3707,0.829999983,-1.049999952,0.730000019,-0.02,0.01,-0.209999993,-6
67.2,3959,-3748,3888,-3717,0.449999988,-1.029999971,-0.270000011,-0.039999999,0.050000001,-0.209999993,-6
67.21,3950,-3722,3879,-3712,0.449999988,-1.029999971,-0.270000011,-0.039999999,0.02,-0.209999993,-6
67.22,3952,-3742,3917,-3700,-0.550000012,-0.629999995,-1.269999981,-0.01,0.02,-0.219999999,-6
67.23,3956,-3726,3892,-3725,-0.550000012,-0.629999995,-1.269999981,-0.039999999,0.01,-0.209999993,-6
67.24,3970,-3742,3876,-3712,0.560000002,-0.400000006,-0.540000022,0.059999999,-0.01,-0.219999999,-6
67.25,3956,-3726,3933,-3707,0.560000002,-0.400000006,-0.540000022,0.050000001,0,-0.219999999,-6
67.26,3960,-3720,3913,-3713,1.059999943,-1.090000033,-0.620000005,0.029999999,-0.01,-0.219999999,-6
67.27,3948,-3753,3904,-3716,-0.479999989,-1.299999952,0.02,0.029999999,-0.01,-0.219999999,-6
67.28,3938,-3736,3915,-3721,0.079999998,-1.929999948,-0.860000014,0,-0.01,-0.219999999,-6
67.29,3959,-3734,3907,-3719,0.079999998,-1.929999948,-0.860000014,-0.039999999,-0.029999999,-0.209999993,-6
67.3,3931,-3730,3913,-3731,0,-1.460000038,-0.219999999,-0.029999999,-0.02,-0.200000003,-6
67.31,3943,-3741,3909,-3722,0,-1.460000038,-0.219999999,-0.02,-0.01,-0.200000003,-6
67.32,3956,-3740,3914,-3744,-0.509999991,-1.149999976,-0.600000024,-0.01,0,-0.200000003,-6
67.33,3959,-3747,3924,-3728,-0.509999991,-1.149999976,-0.600000024,0.02,0,-0.200000003,-6
67.34,3956,-3746,3905,-3742,-0.860000014,-0.709999979,0.810000002,0.050000001,0,-0.200000003,-6
67.35,3958,-3739,3906,-3747,-0.860000014,-0.709999979,0.810000002,0,0,-0.200000003,-6
67.36,3948,-3755,3899,-3725,-0.879999995,-0.720000029,0.699999988,0.02,0,-0.200000003,-6
67.37,3935,-3742,3899,-3746,0.200000003,-1.200000048,0.550000012,0.02,0,-0.200000003,-6
67.38,3970,-3739,3882,-3739,-0.509999991,-0.879999995,1.809999943,-0.039999999,0,-0.200000003,-6
67.39,3949,-3734,3901,-3742,-0.509999991,-0.879999995,1.809999943,-0.079999998,0.01,-0.200000003,-6
67.4,3948,-3717,3907,-3726,0.189999998,-0.660000026,0.870000005,-0.090000004,0.02,-0.200000003,-6
67.41,3944,-3749,3862,-3717,0.189999998,-0.660000026,0.870000005,-0.050000001,0,-0.200000003,-6
67.42,3968,-3737,3888,-3708,-0.670000017,-0.050000001,-0.209999993,-0.01,0.01,-0.209999993,-6
67.43,3968,-3715,3910,-3706,-0.670000017,-0.050000001,-0.209999993,-0.01,0.02,-0.209999993,-6
67.44,3956,-3727,3893,-3725,0.75,-0.75,-0.159999996,0.100000002,0,-0.219999999,-6
67.45,3965,-3723,3908,-3711,0.75,-0.75,-0.159999996,0.01,0,-0.219999999,-6
67.46,3948,-3728,3910,-3697,1.279999971,-0.980000019,-0.870000005,0.050000001,0.02,-0.219999999,-6
67.47,3961,-3725,3904,-3713,-0.180000007,-1.480000019,0.529999971,0.050000001,0.02,-0.219999999,-6
67.48,3944,-3751,3922,-3708,-0.910000026,-1.320000052,-0.389999986,-0.029999999,0,-0.230000004,-6
67.49,3939,-3725,3940,-3720,-0.910000026,-1.320000052,-0.389999986,-0.07,0,-0.230000004,-6
67.5,3939,-3723,3885,-3712,-0.409999996,-1.340000033,0.639999986,-0.07,-0.01,-0.219999999,-6
67.51,3953,-3746,3935,-3710,-0.409999996,-1.340000033,0.639999986,-0.039999999,0.01,-0.219999999,-6
67.52,3951,-3728,3932,-3713,0.159999996,-1.019999981,-0.180000007,-0.02,0.01,-0.209999993,-6
67.53,3948,-3718,3901,-3709,0.159999996,-1.019999981,-0.180000007,0.029999999,0,-0.219999999,-6
67.54,3957,-3735,3942,-3714,-0.189999998,-1.370000005,-0.49000001,0.039999999,0.02,-0.209999993,-6
67.55,3937,-3727,3906,-3721,-0.189999998,-1.370000005,-0.49000001,0.050000001,0,-0.209999993,-6
67.56,3953,-3756,3926,-3695,0.270000011,-1.210000038,0.07,0.01,0,-0.219999999,-6
67.57,3974,-3768,3915,-3736,-1.620000005,-0.790000022,-0.479999989,0.01,0,-0.219999999,-6
67.58,3929,-3742,3908,-3726,1.649999976,-1.419999957,-0.529999971,-0.02,0,-0.219999999,-6
67.59,3973,-3748,3925,-3734,1.649999976,-1.419999957,-0.529999971,-0.02,-0.029999999,-0.219999999,-6
67.6,3965,-3736,3905,-3737,-0.140000001,-1.299999952,-0.680000007,-0.02,-0.02,-0.219999999,-6
67.61,3955,-3733,3913,-3731,-0.140000001,-1.299999952,-0.680000007,-0.01,-0.02,-0.219999999,-5
67.62,3959,-3726,3925,-3725,-1.820000052,-1.519999981,-0.159999996,0.01,-0.029999999,-0.219999999,-5
67.63,3932,-3727,3906,-3713,-1.820000052,-1.519999981,-0.159999996,-0.02,0.02,-0.209999993,-5
67.64,3943,-3754,3879,-3741,0.790000022,-1.929999948,2.089999914,0.01,0,-0.200000003,-5
67.65,3935,-3745,3896,-3721,0.790000022,-1.929999948,2.089999914,-0.050000001,0,-0.189999998,-5
67.66,3925,-3731,3885,-3730,0.819999993,-1.809999943,0.790000022,-0.109999999,0.059999999,-0.180000007,-5
67.67,3923,-3747,3865,-3735,0.079999998,-0.639999986,-0.920000017,-0.109999999,0.059999999,-0.180000007,-5
67.68,3922,-3728,3900,-3728,-0.509999991,-1.100000024,-0.419999987,0,0.029999999,-0.180000007,-5
67.69,3915,-3744,3885,-3727,-0.509999991,-1.100000024,-0.419999987,-0.01,0.050000001,-0.170000002,-5
67.7,3932,-3751,3891,-3733,0,-0.839999974,-0.800000012,0.07,0,-0.180000007,-5
67.71,3910,-3768,3896,-3726,0,-0.839999974,-0.800000012,0,0.01,-0.170000002,-4
67.72,3907,-3763,3896,-3729,0.140000001,-0.889999986,-0.939999998,-0.029999999,0.01,-0.170000002,-4
67.73,3928,-3749,3904,-3726,0.140000001,-0.889999986,-0.939999998,-0.050000001,-0.01,-0.170000002,-4
67.74,3936,-3758,3893,-3715,-0.779999971,-0.879999995,-0.560000002,-0.050000001,0,-0.170000002,-4
67.75,3944,-3778,3889,-3725,-0.779999971,-0.879999995,-0.560000002,-0.07,0,-0.170000002,-4
67.76,3934,-3759,3889,-3739,-0.74000001,-0.949999988,-0.389999986,-0.029999999,-0.029999999,-0.159999996,-4
67.77,3916,-3739,3917,-3748,-0.150000006,-0.730000019,-0.680000007,-0.029999999,-0.029999999,-0.159999996,-4
67.78,3935,-3774,3882,-3731,-0.07,-0.959999979,0.300000012,0.029999999,0,-0.159999996,-4
67.79,3921,-3756,3892,-3757,-0.07,-0.959999979,0.300000012,0.07,-0.01,-0.159999996,-3
67.8,3907,-3753,3889,-3752,0.119999997,-1.830000043,1.429999948,0.02,0,-0.150000006,-3
67.81,3907,-3760,3826,-3740,0.119999997,-1.830000043,1.429999948,0.029999999,0.02,-0.150000006,-3
67.82,3905,-3751,3853,-3756,-0.479999989,-1.139999986,0.769999981,-0.050000001,0,-0.150000006,-3
67.83,3911,-3760,3856,-3757,-0.479999989,-1.139999986,0.769999981,-0.079999998,0.029999999,-0.129999995,-3
67.84,3894,-3746,3828,-3749,1.129999995,-0.589999974,2.019999981,-0.07,0.029999999,-0.129999995,-2
67.85,3900,-3753,3878,-3763,1.129999995,-0.589999974,2.019999981,-0.090000004,0.02,-0.119999997,-2
67.86,3875,-3804,3831,-3749,-0.079999998,-0.370000005,0.920000017,-0.109999999,0.050000001,-0.119999997,-2
67.87,3886,-3744,3832,-3732,0.769999981,0.119999997,0.389999986,-0.109999999,0.050000001,-0.119999997,-2
67.88,3907,-3752,3853,-3743,-1.679999948,-0.140000001,-1.590000033,0.01,0.029999999,-0.109999999,-2
67.89,3874,-3768,3826,-3741,-1.679999948,-0.140000001,-1.590000033,0.090000004,0.02,-0.109999999,-2
67.9,3872,-3773,3853,-3733,-0.769999981,-0.219999999,-1.24000001,0.129999995,-0.01,-0.119999997,-2
67.91,3883,-3786,3876,-3749,-0.769999981,-0.219999999,-1.24000001,0.059999999,0,-0.119999997,-1
67.92,3853,-3756,3841,-3740,1.519999981,-1.590000033,-0.180000007,0.029999999,-0.029999999,-0.109999999,-1
67.93,3878,-3780,3834,-3739,1.519999981,-1.590000033,-0.180000007,0,-0.039999999,-0.109999999,0
67.94,3856,-3777,3860,-3756,-0.189999998,-0.769999981,-1.929999948,-0.079999998,0,-0.090000004,0
67.95,3853,-3784,3824,-3761,-0.189999998,-0.769999981,-1.929999948,-0.02,-0.029999999,-0.079999998,0
67.96,3875,-3770,3828,-3768,-1.370000005,-0.540000022,-0.209999993,-0.029999999,-0.01,-0.07,0
67.97,3880,-3780,3841,-3769,0.610000014,-0.550000012,-0.860000014,-0.029999999,-0.01,-0.07,0
67.98,3856,-3786,3811,-3758,-0.209999993,-0.449999988,0.310000002,0.039999999,-0.02,-0.039999999,0
67.99,3850,-3787,3826,-3765,-0.209999993,-0.449999988,0.310000002,0,0.01,-0.039999999,0
68,3852,-3794,3799,-3777,0.449999988,-0.239999995,-0.629999995,0.050000001,0.029999999,-0.029999999,0
68.01,3823,-3789,3792,-3791,0.449999988,-0.239999995,-0.629999995,0.059999999,0,-0.029999999,0
68.02,3876,-3786,3788,-3809,-1,-0.620000005,0.639999986,-0.02,0.01,-0.029999999,0
68.03,3835,-3789,3765,-3782,-1,-0.620000005,0.639999986,-0.01,0.029999999,-0.02,0
68.04,3830,-3790,3817,-3788,-0.090000004,0.340000004,0.939999998,-0.02,0.01,-0.029999999,0
68.05,3855,-3818,3794,-3789,-0.090000004,0.340000004,0.939999998,-0.119999997,0.01,-0.02,0
68.06,3837,-3785,3765,-3777,2.5,0.800000012,0.430000007,-0.02,0.01,-0.029999999,0
68.07,3867,-3774,3828,-3781,-2.089999914,0.540000022,0.839999974,-0.02,0.01,-0.029999999,0
68.08,3832,-3802,3792,-3770,0.170000002,0,-0.589999974,-0.039999999,0.029999999,-0.02,0
68.09,3841,-3761,3796,-3759,0.170000002,0,-0.589999974,0.079999998,-0.01,-0.029999999,0
68.1,3858,-3764,3802,-3770,-1.950000048,-0.550000012,-0.109999999,0.050000001,0,-0.029999999,0
68.11,3849,-3768,3765,-3765,-1.950000048,-0.550000012,-0.109999999,0.059999999,0.039999999,-0.029999999,0
68.12,3824,-3773,3800,-3768,-0.790000022,-0.239999995,1.340000033,0.090000004,-0.01,-0.039999999,0
68.13,3835,-3790,3808,-3783,-0.790000022,-0.239999995,1.340000033,-0.050000001,0.02,-0.029999999,0
68.14,3791,-3768,3775,-3774,2.349999905,-1.220000029,2.200000048,-0.079999998,0.029999999,-0.02,0
68.15,3830,-3798,3772,-3743,2.349999905,-1.220000029,2.200000048,-0.039999999,0,-0.029999999,0
68.16,3835,-3753,3796,-3773,-0.300000012,-0.330000013,-1.940000057,-0.129999995,0.02,-0.02,0
68.17,3826,-3771,3774,-3760,0.670000017,0.589999974,0.109999999,-0.129999995,0.02,-0.02,0
68.18,3841,-3785,3798,-3755,-1.519999981,-0.150000006,-1.639999986,0,0,-0.02,0
68.19,3833,-3767,3792,-3759,-1.519999981,-0.150000006,-1.639999986,0.050000001,0.029999999,-0.01,0
68.2,3810,-3779,3776,-3747,0.629999995,-0.079999998,-1.50999999,0.159999996,-0.01,-0.01,0
68.21,3845,-3781,3788,-3765,0.629999995,-0.079999998,-1.50999999,0.059999999,0,-0.02,0
68.22,3823,-3796,3752,-3755,1.220000029,-0.519999981,-1.519999981,0.059999999,0,-0.02,0
68.23,3804,-3786,3794,-3773,1.220000029,-0.519999981,-1.519999981,0.039999999,-0.039999999,-0.02,0
68.24,3838,-3782,3796,-3794,-1.039999962,-1.039999962,0.529999971,-0.090000004,-0.02,-0.02,0
68.25,3832,-3769,3753,-3759,-1.039999962,-1.039999962,0.529999971,-0.02,-0.01,-0.02,0
68.26,3823,-3757,3802,-3771,-1.230000019,0.419999987,0.699999988,-0.029999999,-0.029999999,-0.029999999,0
68.27,3833,-3760,3762,-3765,-0.430000007,0.409999996,0.340000004,-0.029999999,-0.029999999,-0.029999999,0
68.28,3809,-3730,3760,-3747,1.389999986,0.49000001,1.409999967,0.050000001,-0.01,-0.029999999,0
68.29,3831,-3737,3801,-3749,1.389999986,0.49000001,1.409999967,0.01,-0.01,-0.039999999,0
68.3,3806,-3756,3742,-3731,0.949999988,0.140000001,1.429999948,0.02,0.059999999,-0.039999999,0
68.31,3812,-3747,3765,-3724,0.949999988,0.140000001,1.429999948,0.039999999,0,-0.039999999,0
68.32,3806,-3739,3753,-3738,-1.74000001,-0.74000001,1.00999999,-0.07,0.029999999,-0.039999999,0
68.33,3786,-3733,3776,-3745,-1.74000001,-0.74000001,1.00999999,-0.059999999,0.050000001,-0.039999999,0
68.34,3796,-3740,3771,-3735,-2.079999924,-0.469999999,-0.129999995,-0.059999999,0.01,-0.039999999,0
68.35,3806,-3712,3754,-3726,-2.079999924,-0.469999999,-0.129999995,-0.090000004,0.050000001,-0.029999999,0
68.36,3792,-3740,3757,-3716,0.759999991,0.699999988,-0.439999998,0.050000001,0,-0.029999999,0
68.37,3797,-3766,3776,-3724,-2.269999981,0,-2.450000048,0.050000001,0,-0.029999999,0
68.38,3797,-3745,3778,-3710,0.600000024,-0.200000003,-0.779999971,0.01,0,-0.039999999,0
68.39,3816,-3749,3769,-3715,0.600000024,-0.200000003,-0.779999971,0.109999999,-0.059999999,-0.050000001,0
68.4,3825,-3734,3769,-3724,-1.519999981,-0.449999988,0.219999999,-0.029999999,-0.039999999,-0.050000001,0
68.41,3798,-3736,3765,-3709,-1.519999981,-0.449999988,0.219999999,-0.109999999,-0.02,-0.039999999,0
68.42,3783,-3734,3779,-3710,-0.939999998,-0.039999999,-0.039999999,-0.02,-0.050000001,-0.050000001,0
68.43,3818,-3703,3752,-3731,-0.939999998,-0.039999999,-0.039999999,-0.100000002,-0.029999999,-0.039999999,0
68.44,3806,-3683,3743,-3708,0.810000002,0.550000012,-0.270000011,0.039999999,-0.029999999,-0.050000001,0
68.45,3776,-3671,3725,-3669,0.810000002,0.550000012,-0.270000011,0.07,-0.029999999,-0.059999999,0
68.46,3730,-3627,3698,-3664,0.469999999,-0.310000002,-0.469999999,0.100000002,0,-0.07,0
68.47,3721,-3640,3673,-3625,-1.210000038,-0.419999987,0.779999971,0.100000002,0,-0.07,0
68.48,3815,-3698,3737,-3636,-1.190000057,-1.179999948,0.050000001,0.02,-0.01,-0.090000004,0
68.49,3806,-3640,3749,-3693,-1.190000057,-1.179999948,0.050000001,0,-0.01,-0.090000004,0
68.5,3769,-3619,3684,-3668,1.360000014,-1.370000005,0.759999991,-0.029999999,0,-0.090000004,0
68.51,3793,-3619,3709,-3654,1.360000014,-1.370000005,0.759999991,-0.029999999,-0.01,-0.100000002,0
68.52,3799,-3602,3718,-3641,-0.829999983,-1.139999986,0.090000004,-0.050000001,0.01,-0.100000002,0
68.53,3777,-3599,3693,-3607,-0.829999983,-1.139999986,0.090000004,0.01,0.01,-0.100000002,0
68.54,3791,-3592,3708,-3601,-1.99000001,-0.529999971,-0.419999987,0.07,0.02,-0.119999997,-1
68.55,3764,-3604,3685,-3578,-1.99000001,-0.529999971,-0.419999987,0.07,0.029999999,-0.129999995,-1
68.56,3732,-3606,3696,-3588,-0.600000024,-0.759999991,-0.430000007,0.079999998,0.01,-0.150000006,-1
68.57,3770,-3579,3698,-3598,-2.00999999,-1.559999943,-0.239999995,0.079999998,0.01,-0.150000006,-1
68.58,3782,-3580,3690,-3565,-0.560000002,-1.519999981,0.460000008,0,-0.01,-0.159999996,-1
68.59,3742,-3576,3715,-3554,-0.560000002,-1.519999981,0.460000008,-0.029999999,-0.050000001,-0.170000002,-1
68.6,3768,-3584,3686,-3550,-1.75,-1.090000033,-0.159999996,-0.109999999,-0.039999999,-0.180000007,-1
68.61,3782,-3555,3709,-3537,-1.75,-1.090000033,-0.159999996,0,-0.059999999,-0.180000007,-2
68.62,3772,-3541,3700,-3535,-2.650000095,-1.049999952,-0.509999991,-0.02,-0.079999998,-0.180000007,-2
68.63,3792,-3514,3696,-3523,-2.650000095,-1.049999952,-0.509999991,0.01,-0.039999999,-0.180000007,-2
68.64,3760,-3506,3690,-3513,-1.340000033,-1.029999971,0.449999988,0.129999995,-0.079999998,-0.189999998,-3
68.65,3742,-3501,3666,-3530,-1.340000033,-1.029999971,0.449999988,0.050000001,-0.039999999,-0.180000007,-4
68.66,3740,-3497,3636,-3536,0.150000006,-1.539999962,1.279999971,0.079999998,-0.02,-0.180000007,-5
68.67,3735,-3469,3640,-3508,-1.580000043,-2.089999914,1.399999976,0.079999998,-0.02,-0.180000007,-6
68.68,3740,-3482,3639,-3497,-1.679999948,-1.850000024,0.550000012,-0.029999999,0.01,-0.180000007,-7
68.69,3718,-3437,3613,-3524,-1.679999948,-1.850000024,0.550000012,0,0.01,-0.189999998,-8
68.7,3733,-3435,3626,-3505,-1.870000005,-1.879999995,0.189999998,-0.02,0,-0.189999998,-9
68.71,3733,-3437,3592,-3476,-1.870000005,-1.879999995,0.189999998,-0.059999999,0.039999999,-0.200000003,-10
68.72,3703,-3408,3621,-3476,-0.670000017,-1.080000043,-1.200000048,0.029999999,0,-0.209999993,-11
68.73,3727,-3403,3611,-3461,-0.670000017,-1.080000043,-1.200000048,0,0.02,-0.230000004,-11
68.74,3716,-3375,3597,-3421,0.75,-1.309999943,-0.119999997,0.07,0.029999999,-0.239999995,-12
68.75,3713,-3378,3609,-3408,0.75,-1.309999943,-0.119999997,0.100000002,-0.01,-0.259999991,-12
68.76,3708,-3374,3587,-3398,-1.029999971,-2.039999962,-0.639999986,0.039999999,0.039999999,-0.270000011,-12
68.77,3708,-3377,3613,-3383,-0.560000002,-1.50999999,0.709999979,0.039999999,0.039999999,-0.270000011,-12
68.78,3721,-3347,3611,-3360,-2.710000038,-2.190000057,-0.389999986,0.079999998,0.01,-0.300000012,-12
68.79,3680,-3347,3607,-3358,-2.710000038,-2.190000057,-0.389999986,0.100000002,0.02,-0.310000002,-12
68.8,3707,-3355,3604,-3346,-2.059999943,-1.74000001,-1.120000005,0.150000006,-0.01,-0.319999993,-12
68.81,3700,-3329,3590,-3335,-2.059999943,-1.74000001,-1.120000005,0.090000004,0,-0.330000013,-12
68.82,3698,-3337,3605,-3326,-1.25999999,-1.580000043,0.129999995,0.109999999,-0.029999999,-0.340000004,-13
68.83,3714,-3311,3599,-3338,-1.25999999,-1.580000043,0.129999995,0,0,-0.340000004,-14
68.84,3709,-3309,3608,-3334,-0.370000005,-1.549999952,1.100000024,0.01,-0.01,-0.349999994,-14
68.85,3704,-3306,3625,-3295,-0.370000005,-1.549999952,1.100000024,-0.07,-0.01,-0.360000014,-15
68.86,3710,-3299,3596,-3289,-0.209999993,-1.590000033,0.769999981,-0.079999998,0.01,-0.360000014,-15
68.87,3696,-3275,3609,-3277,-2.049999952,-0.959999979,1.120000005,-0.079999998,0.01,-0.360000014,-16
68.88,3695,-3261,3605,-3268,-1.100000024,-2.049999952,0.340000004,0,0.039999999,-0.379999995,-16
68.89,3655,-3247,3587,-3262,-1.100000024,-2.049999952,0.340000004,0.119999997,0.029999999,-0.389999986,-16
68.9,3682,-3236,3569,-3250,-1.980000019,-2.140000105,1.179999948,0.100000002,0.039999999,-0.400000006,-16
68.91,3660,-3245,3556,-3232,-1.980000019,-2.140000105,1.179999948,0.119999997,0.07,-0.409999996,-17
68.92,3667,-3232,3585,-3220,-0.959999979,-2.49000001,0.419999987,0.07,0.029999999,-0.419999987,-17
68.93,3672,-3263,3539,-3235,-0.959999979,-2.49000001,0.419999987,0,0.050000001,-0.419999987,-17
68.94,3668,-3211,3553,-3239,0.639999986,-2.309999943,-0.300000012,-0.01,0.039999999,-0.430000007,-17
68.95,3650,-3228,3577,-3220,0.639999986,-2.309999943,-0.300000012,0,0,-0.430000007,-17
68.96,3665,-3196,3535,-3201,-0.879999995,-1.919999957,-2.089999914,-0.02,0.01,-0.430000007,-17
68.97,3675,-3206,3563,-3198,-0.439999998,-1.529999971,-1.720000029,-0.02,0.01,-0.430000007,-17
68.98,3650,-3183,3550,-3180,-2.75,-2.279999971,-1.960000038,0.090000004,0,-0.439999998,-17
68.99,3642,-3182,3543,-3179,-2.75,-2.279999971,-1.960000038,0.129999995,-0.029999999,-0.439999998,-18
69,3633,-3164,3532,-3168,-3.210000038,-2.190000057,-0.07,0.119999997,-0.039999999,-0.449999988,-18
69.01,3641,-3157,3523,-3168,-3.210000038,-2.190000057,-0.07,0.059999999,-0.01,-0.449999988,-19
69.02,3632,-3170,3532,-3153,-2.450000048,-2.390000105,1.629999995,0.029999999,-0.050000001,-0.460000008,-19
69.03,3613,-3149,3524,-3141,-2.450000048,-2.390000105,1.629999995,-0.050000001,0,-0.460000008,-20
69.04,3616,-3158,3534,-3133,-1.529999971,-1.980000019,1.159999967,-0.039999999,-0.02,-0.460000008,-20
69.05,3601,-3133,3523,-3142,-1.529999971,-1.980000019,1.159999967,-0.07,0.02,-0.469999999,-20
69.06,3617,-3132,3517,-3107,-0.150000006,-1.679999948,0.219999999,0,0,-0.479999989,-20
69.07,3624,-3115,3568,-3085,-2.50999999,-1.820000052,-0.180000007,0,0,-0.479999989,-20
69.08,3603,-3110,3520,-3068,0.059999999,-2.609999895,-0.109999999,0.07,0.050000001,-0.5,-20
69.09,3603,-3106,3529,-3063,0.059999999,-2.609999895,-0.109999999,0.100000002,0.01,-0.509999991,-20
69.1,3611,-3105,3547,-3054,-1.570000052,-3,-0.469999999,0.059999999,0.050000001,-0.519999981,-20
69.11,3594,-3103,3513,-3028,-1.570000052,-3,-0.469999999,0.07,0.02,-0.529999971,-20
69.12,3601,-3089,3530,-3026,-1.700000048,-2.619999886,-0.100000002,0.029999999,0.01,-0.540000022,-20
69.13,3602,-3094,3511,-3033,-1.700000048,-2.619999886,-0.100000002,0,0.029999999,-0.540000022,-20
69.14,3595,-3088,3526,-3021,-0.079999998,-2.079999924,-0.259999991,0.050000001,0,-0.560000002,-20
69.15,3587,-3096,3516,-3020,-0.079999998,-2.079999924,-0.259999991,-0.02,0,-0.550000012,-20
69.16,3587,-3091,3497,-3015,0.090000004,-1.629999995,-0.779999971,0.050000001,0.02,-0.560000002,-20
69.17,3586,-3064,3525,-3024,-1.960000038,-2.309999943,-0.029999999,0.050000001,0.02,-0.560000002,-20
69.18,3554,-3071,3488,-3022,-0.550000012,-2.25999999,0.300000012,0.039999999,0.01,-0.550000012,-20
69.19,3564,-3071,3481,-3010,-0.550000012,-2.25999999,0.300000012,0.090000004,-0.039999999,-0.540000022,-20
69.2,3542,-3078,3462,-3037,-2.180000067,-2.49000001,0.579999983,0,-0.02,-0.519999981,-20
69.21,3548,-3054,3453,-3034,-2.180000067,-2.49000001,0.579999983,0.01,0,-0.509999991,-20
69.22,3520,-3067,3436,-3022,-1.519999981,-2.519999981,0.819999993,0.01,-0.01,-0.5,-20
69.23,3494,-3051,3425,-3031,-1.519999981,-2.519999981,0.819999993,-0.01,0,-0.479999989,-20
69.24,3485,-3053,3426,-3020,-0.529999971,-2.220000029,0.939999998,0,-0.02,-0.469999999,-20
69.25,3469,-3035,3408,-3034,-0.529999971,-2.220000029,0.939999998,-0.029999999,0.01,-0.460000008,-20
69.26,3486,-3039,3415,-3009,-0.02,-2.140000105,-0.330000013,0,0,-0.460000008,-20
69.27,3458,-3032,3400,-3005,-1.789999962,-1.429999948,0.050000001,0,0,-0.460000008,-20
69.28,3452,-3026,3424,-2999,0.02,-1.320000052,-0.310000002,0,0.01,-0.460000008,-20
69.29,3469,-3019,3390,-2975,0.02,-1.320000052,-0.310000002,-0.02,0,-0.460000008,-20
69.3,3454,-3007,3407,-2977,0.01,-1.49000001,-0.140000001,0,0.02,-0.469999999,-20
69.31,3484,-3005,3431,-2943,0.01,-1.49000001,-0.140000001,0,0,-0.469999999,-20
69.32,3454,-3017,3420,-2956,-0.730000019,-1.669999957,0.159999996,-0.02,0.02,-0.479999989,-20
69.33,3461,-3018,3419,-2956,-0.730000019,-1.669999957,0.159999996,-0.01,0,-0.49000001,-20
69.34,3459,-2994,3399,-2947,-1.309999943,-1.879999995,-0.819999993,-0.050000001,0.01,-0.49000001,-20
69.35,3441,-2974,3397,-2930,-1.309999943,-1.879999995,-0.819999993,0,0,-0.5,-20
69.36,3451,-2969,3387,-2922,-1.480000019,-2.190000057,-0.389999986,-0.050000001,0,-0.5,-20
69.37,3436,-2966,3382,-2918,-0.779999971,-1.549999952,-0.389999986,-0.050000001,0,-0.5,-20
69.38,3435,-2970,3388,-2903,-1.049999952,-2.140000105,-0.409999996,0,0,-0.509999991,-20
69.39,3432,-2964,3359,-2904,-1.049999952,-2.140000105,-0.409999996,0,0.029999999,-0.5,-20
69.4,3420,-2952,3370,-2893,-0.460000008,-2.359999895,0.270000011,0.01,0.01,-0.509999991,-20
69.41,3421,-2945,3354,-2887,-0.460000008,-2.359999895,0.270000011,-0.039999999,0.02,-0.5,-20
69.42,3401,-2957,3369,-2891,-0.100000002,-2.230000019,0.129999995,0,0.029999999,-0.5,-20
69.43,3412,-2951,3337,-2882,-0.100000002,-2.230000019,0.129999995,-0.029999999,0.01,-0.5,-20
69.44,3384,-2955,3333,-2884,-0.430000007,-2.400000095,-0.389999986,-0.039999999,0.029999999,-0.5,-20
69.45,3390,-2939,3325,-2883,-0.430000007,-2.400000095,-0.389999986,-0.02,0.01,-0.5,-20
69.46,3379,-2946,3322,-2878,-1.120000005,-1.970000029,-0.100000002,-0.029999999,0.02,-0.49000001,-20
69.47,3386,-2932,3310,-2861,-0.49000001,-1.669999957,-0.340000004,-0.029999999,0.02,-0.49000001,-20
69.48,3353,-2941,3307,-2897,-1.24000001,-2.190000057,0.430000007,-0.029999999,0,-0.49000001,-20
69.49,3339,-2914,3323,-2889,-1.24000001,-2.190000057,0.430000007,0.039999999,0.01,-0.49000001,-20
69.5,3329,-2939,3317,-2873,-0.579999983,-2.430000067,0.360000014,0.039999999,0.01,-0.49000001,-20
69.51,3324,-2925,3311,-2888,-0.579999983,-2.430000067,0.360000014,-0.02,0,-0.479999989,-20
69.52,3346,-2932,3284,-2873,-0.360000014,-2.549999952,0.050000001,-0.059999999,-0.01,-0.469999999,-20
69.53,3317,-2907,3290,-2874,-0.360000014,-2.549999952,0.050000001,-0.050000001,-0.01,-0.469999999,-20
69.54,3339,-2913,3272,-2865,-0.330000013,-2.390000105,-0.699999988,-0.050000001,-0.01,-0.449999988,-20
69.55,3301,-2894,3300,-2862,-0.330000013,-2.390000105,-0.699999988,-0.029999999,-0.01,-0.439999998,-20
69.56,3331,-2909,3274,-2860,-0.610000014,-1.889999986,-0.200000003,0.02,-0.01,-0.439999998,-19
69.57,3275,-2909,3248,-2859,-0.899999976,-1.590000033,0.129999995,0.02,-0.01,-0.439999998,-19
69.58,3300,-2904,3275,-2852,-0.649999976,-2.380000114,0.079999998,0,0,-0.430000007,-19
69.59,3276,-2896,3236,-2855,-0.649999976,-2.380000114,0.079999998,-0.039999999,0,-0.409999996,-19
69.6,3240,-2905,3229,-2843,0.289999992,-2.25999999,0.920000017,-0.01,0.01,-0.409999996,-19
69.61,3268,-2914,3213,-2855,0.289999992,-2.25999999,0.920000017,-0.07,0,-0.400000006,-19
69.62,3255,-2886,3202,-2852,-0.189999998,-1.710000038,0.109999999,-0.029999999,0.039999999,-0.389999986,-18
69.63,3241,-2912,3191,-2838,-0.189999998,-1.710000038,0.109999999,0,0.01,-0.389999986,-18
69.64,3243,-2882,3204,-2842,-1.370000005,-1.210000038,-0.460000008,0,0.02,-0.379999995,-18
69.65,3227,-2884,3194,-2840,-1.370000005,-1.210000038,-0.460000008,0,0.01,-0.379999995,-18
69.66,3232,-2889,3179,-2829,-0.839999974,-1.360000014,0.02,0,0,-0.379999995,-18
69.67,3227,-2892,3177,-2824,-1.139999986,-1.399999976,0.259999991,0,0,-0.379999995,-18
69.68,3219,-2870,3182,-2825,-0.910000026,-1.370000005,-0.02,-0.079999998,0,-0.370000005,-18
69.69,3214,-2894,3158,-2828,-0.910000026,-1.370000005,-0.02,-0.079999998,-0.01,-0.370000005,-18
69.7,3204,-2870,3146,-2837,-1.200000048,-1.629999995,-0.319999993,-0.090000004,-0.01,-0.360000014,-18
69.71,3188,-2870,3170,-2811,-1.200000048,-1.629999995,-0.319999993,-0.07,-0.01,-0.360000014,-18
69.72,3192,-2861,3146,-2817,-1.379999995,-1.350000024,-0.430000007,-0.02,-0.02,-0.360000014,-18
69.73,3171,-2850,3143,-2803,-1.379999995,-1.350000024,-0.430000007,0.01,-0.02,-0.360000014,-18
69.74,3216,-2839,3140,-2813,-1.700000048,-1.860000014,-1.070000052,0.059999999,-0.029999999,-0.370000005,-18
69.75,3173,-2855,3138,-2808,-1.700000048,-1.860000014,-1.070000052,0,-0.029999999,-0.370000005,-18
69.76,3189,-2854,3139,-2789,-0.709999979,-2.109999895,-0.449999988,0.059999999,-0.050000001,-0.379999995,-18
69.77,3155,-2847,3149,-2826,-1.419999957,-2.130000114,0.159999996,0.059999999,-0.050000001,-0.379999995,-18
69.78,3175,-2819,3128,-2830,-0.479999989,-2.079999924,0.779999971,-0.050000001,-0.059999999,-0.379999995,-18
69.79,3160,-2838,3125,-2823,-0.479999989,-2.079999924,0.779999971,-0.129999995,-0.07,-0.370000005,-18
69.8,3193,-2815,3114,-2803,-1.190000057,-1.929999948,0.159999996,-0.079999998,-0.050000001,-0.370000005,-18
69.81,3152,-2815,3123,-2800,-1.190000057,-1.929999948,0.159999996,-0.090000004,-0.050000001,-0.360000014,-18
69.82,3170,-2792,3135,-2790,-1.539999962,-1.419999957,0.550000012,-0.01,-0.029999999,-0.370000005,-18
69.83,3126,-2798,3111,-2773,-1.539999962,-1.419999957,0.550000012,0,-0.02,-0.370000005,-18
69.84,3155,-2771,3093,-2770,-1.169999957,-1.809999943,0.589999974,0.039999999,-0.01,-0.370000005,-18
69.85,3132,-2785,3121,-2760,-1.169999957,-1.809999943,0.589999974,0.029999999,-0.01,-0.370000005,-18
69.86,3117,-2777,3081,-2753,-1.090000033,-2.089999914,1.139999986,0.01,0,-0.370000005,-18
69.87,3131,-2789,3073,-2738,-0.360000014,-2.319999933,0.879999995,0.01,0,-0.370000005,-18
69.88,3107,-2776,3072,-2732,-1.370000005,-1.690000057,0.430000007,-0.050000001,0,-0.370000005,-18
69.89,3115,-2776,3060,-2729,-1.370000005,-1.690000057,0.430000007,-0.050000001,0,-0.370000005,-18
69.9,3099,-2774,3044,-2728,-1.580000043,-1.360000014,-0.310000002,-0.039999999,0,-0.360000014,-18
69.91,3110,-2758,3070,-2732,-1.580000043,-1.360000014,-0.310000002,0,0,-0.360000014,-18
69.92,3094,-2762,3030,-2730,-2.440000057,-1.059999943,-1.129999995,0,-0.01,-0.360000014,-18
69.93,3101,-2753,3042,-2721,-2.440000057,-1.059999943,-1.129999995,0.029999999,0,-0.360000014,-17
69.94,3077,-2759,3043,-2717,-2.289999962,-1.50999999,0.479999989,0.029999999,-0.039999999,-0.360000014,-17
69.95,3081,-2758,3026,-2717,-2.289999962,-1.50999999,0.479999989,0.02,0,-0.349999994,-17
69.96,3056,-2750,3005,-2720,-0.949999988,-1.840000033,0.74000001,0,-0.039999999,-0.340000004,-17
69.97,3083,-2751,2987,-2712,-0.769999981,-1.690000057,0.709999979,0,-0.039999999,-0.340000004,-17
69.98,3049,-2748,2980,-2701,-1.080000043,-1.840000033,0.980000019,-0.050000001,-0.02,-0.330000013,-17
69.99,3049,-2742,2974,-2699,-1.080000043,-1.840000033,0.980000019,-0.050000001,-0.01,-0.319999993,-17
70,3000,-2742,2980,-2693,-1.470000029,-1.5,1.029999971,-0.01,0,-0.319999993,-17
70.01,3024,-2738,2974,-2693,-1.470000029,-1.5,1.029999971,0,0,-0.310000002,-17
70.02,3004,-2729,2952,-2699,-1.169999957,-1.129999995,1,0.039999999,0,-0.310000002,-17
70.03,3028,-2721,2966,-2696,-1.169999957,-1.129999995,1,0.029999999,0,-0.310000002,-17
70.04,2978,-2712,2933,-2699,-1.600000024,-1.429999948,0.370000005,0.01,-0.01,-0.300000012,-17
70.05,3006,-2720,2947,-2709,-1.600000024,-1.429999948,0.370000005,0,0,-0.300000012,-17
70.06,2990,-2717,2944,-2685,-2.119999886,-1.450000048,-0.129999995,-0.029999999,-0.02,-0.300000012,-17
70.07,3000,-2715,2954,-2682,0.200000003,-1.059999943,-0.689999998,-0.029999999,-0.02,-0.300000012,-17
70.08,2996,-2687,2913,-2693,-2.019999981,-1.169999957,0.529999971,-0.039999999,-0.02,-0.300000012,-17
70.09,3019,-2691,2952,-2661,-2.019999981,-1.169999957,0.529999971,0,0,-0.310000002,-17
70.1,2953,-2674,2943,-2664,-1.49000001,-1.320000052,0.409999996,0.01,-0.01,-0.310000002,-17
70.11,2993,-2660,2920,-2670,-1.49000001,-1.320000052,0.409999996,0.02,-0.01,-0.319999993,-17
70.12,2972,-2667,2923,-2668,-2.150000095,-1.269999981,0.029999999,0.02,0,-0.319999993,-17
70.13,2962,-2649,2945,-2638,-2.150000095,-1.269999981,0.029999999,0.02,0,-0.319999993,-17
70.14,2957,-2657,2898,-2644,-2.309999943,-1.769999981,0.860000014,0.01,-0.01,-0.319999993,-17
70.15,2980,-2634,2912,-2616,-2.309999943,-1.769999981,0.860000014,0,0,-0.319999993,-17
70.16,2943,-2639,2888,-2621,-1.75,-1.720000029,0.759999991,-0.02,-0.01,-0.319999993,-17
70.17,2955,-2635,2896,-2606,-0.270000011,-0.879999995,-0.430000007,-0.02,-0.01,-0.319999993,-17
70.18,2958,-2623,2873,-2605,-1.519999981,-1.75999999,0.610000014,-0.029999999,0,-0.319999993,-17
70.19,2944,-2621,2894,-2596,-1.519999981,-1.75999999,0.610000014,0.01,0.02,-0.330000013,-17
70.2,2923,-2636,2877,-2576,-1.440000057,-1.470000029,0.479999989,-0.01,0,-0.330000013,-17
70.21,2934,-2641,2880,-2581,-1.440000057,-1.470000029,0.479999989,0.01,0.02,-0.330000013,-17
70.22,2923,-2597,2853,-2582,-0.970000029,-1.480000019,-0.140000001,-0.01,0,-0.330000013,-17
70.23,2910,-2605,2879,-2580,-0.970000029,-1.480000019,-0.140000001,0,0.02,-0.340000004,-17
70.24,2909,-2606,2846,-2573,-1.039999962,-1.720000029,-0.460000008,-0.02,0.02,-0.340000004,-17
70.25,2916,-2591,2846,-2568,-1.039999962,-1.720000029,-0.460000008,0,0,-0.340000004,-17
70.26,2903,-2603,2844,-2551,-1.559999943,-1.870000005,-0.300000012,-0.01,0,-0.340000004,-17
70.27,2928,-2594,2842,-2555,-0.550000012,-1.190000057,-0.449999988,-0.01,0,-0.340000004,-17
70.28,2889,-2598,2823,-2542,-1.590000033,-1.850000024,0.439999998,0.029999999,-0.02,-0.330000013,-17
70.29,2881,-2585,2832,-2546,-1.590000033,-1.850000024,0.439999998,0.039999999,-0.02,-0.330000013,-17
70.3,2876,-2594,2828,-2547,-1.429999948,-1.730000019,1.019999981,0.039999999,-0.02,-0.330000013,-17
70.31,2874,-2570,2803,-2553,-1.429999948,-1.730000019,1.019999981,0,-0.02,-0.319999993,-17
70.32,2856,-2592,2822,-2543,-1,-1.409999967,1.389999986,-0.01,-0.029999999,-0.310000002,-17
70.33,2855,-2581,2790,-2540,-1,-1.409999967,1.389999986,-0.01,-0.01,-0.310000002,-17
70.34,2848,-2575,2799,-2540,-0.449999988,-1.120000005,0.660000026,-0.029999999,-0.01,-0.300000012,-17
70.35,2834,-2571,2773,-2535,-0.449999988,-1.120000005,0.660000026,-0.029999999,-0.01,-0.289999992,-17
70.36,2830,-2558,2785,-2540,-0.569999993,-0.629999995,-0.119999997,-0.02,0.01,-0.289999992,-17
70.37,2833,-2565,2765,-2530,-0.920000017,-1.169999957,-0.129999995,-0.02,0.01,-0.289999992,-17
70.38,2820,-2547,2778,-2520,-0.730000019,-0.519999981,-0.460000008,0.029999999,0.01,-0.280000001,-16
70.39,2801,-2558,2774,-2531,-0.730000019,-0.519999981,-0.460000008,0.01,0.01,-0.280000001,-16
70.4,2829,-2532,2759,-2536,-0.99000001,-0.589999974,0.07,0.039999999,0.01,-0.280000001,-16
70.41,2784,-2542,2754,-2534,-0.99000001,-0.589999974,0.07,0,0,-0.270000011,-16
70.42,2789,-2546,2759,-2517,-1.200000048,-0.680000007,-0.389999986,0.01,0.01,-0.280000001,-16
70.43,2791,-2526,2740,-2517,-1.200000048,-0.680000007,-0.389999986,-0.02,0.01,-0.280000001,-16
70.44,2791,-2519,2739,-2514,-0.649999976,-0.439999998,-0.439999998,0,0,-0.280000001,-16
70.45,2773,-2506,2744,-2497,-0.649999976,-0.439999998,-0.439999998,-0.029999999,-0.01,-0.280000001,-16
70.46,2792,-2509,2712,-2499,-0.579999983,-0.569999993,-0.379999995,0.01,0,-0.280000001,-16
70.47,2783,-2501,2733,-2493,-1.269999981,-0.949999988,0.159999996,0.01,0,-0.280000001,-16
70.48,2767,-2503,2713,-2477,-1.179999948,-0.579999983,0.300000012,0.02,0,-0.280000001,-16
70.49,2758,-2511,2730,-2481,-1.179999948,-0.579999983,0.300000012,0.02,-0.01,-0.280000001,-15
70.5,2770,-2496,2703,-2481,-1.539999962,-0.819999993,1.200000048,0.02,-0.01,-0.270000011,-15
70.51,2736,-2485,2707,-2467,-1.539999962,-0.819999993,1.200000048,0,0,-0.270000011,-15
70.52,2731,-2492,2697,-2466,-1.340000033,-0.689999998,0.629999995,0.01,-0.01,-0.270000011,-15
70.53,2747,-2479,2687,-2455,-1.340000033,-0.689999998,0.629999995,0,0.01,-0.259999991,-15
70.54,2719,-2498,2668,-2457,-0.949999988,-0.699999988,0.310000002,0,0.01,-0.259999991,-15
70.55,2720,-2461,2670,-2441,-0.949999988,-0.699999988,0.310000002,0.02,0.01,-0.259999991,-15
70.56,2694,-2476,2659,-2453,-0.970000029,-1.25,-0.340000004,0,0.02,-0.25,-15
70.57,2713,-2475,2649,-2435,-0.810000002,-0.680000007,-0.730000019,0,0.02,-0.25,-15
70.58,2691,-2440,2654,-2439,-0.660000026,-1.070000052,-0.389999986,0,0,-0.25,-15
70.59,2693,-2464,2633,-2442,-0.660000026,-1.070000052,-0.389999986,0,0,-0.25,-15
70.6,2703,-2460,2630,-2429,-1.129999995,-0.800000012,-0.670000017,-0.039999999,-0.01,-0.25,-15
70.61,2683,-2457,2623,-2426,-1.129999995,-0.800000012,-0.670000017,-0.02,-0.01,-0.25,-15
70.62,2679,-2445,2634,-2423,-1.059999943,-0.829999983,-0.090000004,-0.029999999,-0.02,-0.25,-15
70.63,2674,-2442,2643,-2401,-1.059999943,-0.829999983,-0.090000004,0,-0.02,-0.25,-15
70.64,2673,-2435,2634,-2408,-0.99000001,-0.639999986,0.270000011,0,-0.01,-0.25,-15
70.65,2667,-2431,2632,-2393,-0.99000001,-0.639999986,0.270000011,0.02,-0.02,-0.25,-15
70.66,2675,-2418,2614,-2388,-1.080000043,-1.220000029,0.730000019,0.01,0,-0.25,-15
70.67,2661,-2408,2611,-2400,-0.810000002,-1.289999962,0.620000005,0.01,0,-0.25,-15
70.68,2662,-2412,2596,-2378,-1.100000024,-1.299999952,1.139999986,0,0.01,-0.25,-15
70.69,2646,-2393,2611,-2376,-1.100000024,-1.299999952,1.139999986,-0.01,0.02,-0.259999991,-15
70.7,2655,-2400,2630,-2381,-1.129999995,-1.110000014,0.529999971,-0.029999999,0.01,-0.259999991,-15
70.71,2663,-2390,2591,-2356,-1.129999995,-1.110000014,0.529999971,-0.02,0.01,-0.270000011,-15
70.72,2650,-2380,2605,-2348,-0.529999971,-0.720000029,-0.439999998,-0.029999999,0.01,-0.280000001,-15
70.73,2654,-2377,2615,-2348,-0.529999971,-0.720000029,-0.439999998,-0.01,0.01,-0.280000001,-15
70.74,2648,-2362,2601,-2347,-0.810000002,-0.49000001,-0.319999993,0.01,0,-0.289999992,-15
70.75,2652,-2346,2579,-2349,-0.810000002,-0.49000001,-0.319999993,0,0,-0.300000012,-15
70.76,2644,-2365,2615,-2337,-0.879999995,-1.120000005,-0.479999989,0.029999999,-0.01,-0.300000012,-15
70.77,2645,-2331,2589,-2320,-1.110000014,-1.419999957,0.170000002,0.029999999,-0.01,-0.300000012,-15
70.78,2634,-2347,2571,-2318,-0.759999991,-1.519999981,-0.180000007,0,-0.01,-0.310000002,-15
70.79,2650,-2330,2587,-2315,-0.759999991,-1.519999981,-0.180000007,0.01,-0.01,-0.319999993,-15
70.8,2637,-2306,2568,-2310,-0.939999998,-1.75,0.270000011,0,0,-0.319999993,-15
70.81,2610,-2310,2577,-2305,-0.939999998,-1.75,0.270000011,0.01,0,-0.319999993,-15
70.82,2631,-2303,2558,-2303,-1.379999995,-1.840000033,0.239999995,0,0,-0.330000013,-15
70.83,2609,-2280,2569,-2277,-1.379999995,-1.840000033,0.239999995,0,0.02,-0.330000013,-15
70.84,2618,-2295,2553,-2279,-0.639999986,-1.49000001,0.689999998,0,0.01,-0.330000013,-16
70.85,2606,-2275,2533,-2256,-0.639999986,-1.49000001,0.689999998,0,0.02,-0.330000013,-16
70.86,2612,-2282,2542,-2244,-0.49000001,-1.370000005,-0.01,0,0.029999999,-0.330000013,-16
70.87,2606,-2287,2528,-2243,-1.169999957,-1.370000005,-0.449999988,0,0.029999999,-0.330000013,-16
70.88,2581,-2265,2527,-2238,-0.870000005,-1.429999948,0.050000001,0.039999999,0.02,-0.340000004,-17
70.89,2598,-2285,2527,-2240,-0.870000005,-1.429999948,0.050000001,0.01,0.01,-0.349999994,-17
70.9,2574,-2252,2521,-2238,-0.860000014,-1.389999986,-0.219999999,0.02,0,-0.349999994,-17
70.91,2590,-2266,2519,-2234,-0.860000014,-1.389999986,-0.219999999,0,0,-0.349999994,-17
70.92,2582,-2268,2511,-2231,-1.649999976,-1.360000014,-0.75,0,0,-0.349999994,-17
70.93,2588,-2243,2524,-2227,-1.649999976,-1.360000014,-0.75,-0.01,0,-0.360000014,-18
70.94,2580,-2252,2501,-2208,-1.840000033,-1.340000033,0.109999999,-0.02,-0.02,-0.360000014,-18
70.95,2558,-2243,2505,-2200,-1.840000033,-1.340000033,0.109999999,0,0,-0.360000014,-18
70.96,2581,-2225,2512,-2198,-1.470000029,-1.080000043,0,0,-0.02,-0.370000005,-19
70.97,2566,-2224,2490,-2200,-0.689999998,-1.389999986,-1.080000043,0,-0.02,-0.370000005,-19
70.98,2573,-2223,2522,-2181,-0.980000019,-1.179999948,0.479999989,0,-0.02,-0.370000005,-19
70.99,2577,-2213,2490,-2168,-0.980000019,-1.179999948,0.479999989,0,-0.01,-0.370000005,-19
71,2561,-2211,2482,-2177,-0.289999992,-1.230000019,0.349999994,0.01,-0.02,-0.370000005,-19
71.01,2562,-2214,2480,-2165,-0.289999992,-1.230000019,0.349999994,-0.02,-0.01,-0.379999995,-20
71.02,2532,-2202,2477,-2143,-0.189999998,-1.360000014,0.02,0.01,0,-0.379999995,-20
71.03,2555,-2202,2495,-2160,-0.189999998,-1.360000014,0.02,-0.02,0,-0.379999995,-20
71.04,2534,-2188,2459,-2145,-0.930000007,-1.159999967,-0.400000006,0.01,0.01,-0.379999995,-20
71.05,2529,-2181,2490,-2132,-0.930000007,-1.159999967,-0.400000006,0,0,-0.379999995,-20
71.06,2522,-2164,2467,-2146,-1.419999957,-1.629999995,0.300000012,0,0,-0.379999995,-20
71.07,2523,-2177,2451,-2142,-0.790000022,-1.230000019,0.449999988,0,0,-0.379999995,-20
71.08,2529,-2180,2467,-2124,-1.120000005,-1.429999948,0.079999998,0,0.01,-0.379999995,-20
71.09,2496,-2158,2444,-2118,-1.120000005,-1.429999948,0.079999998,0.02,-0.01,-0.379999995,-20
71.1,2517,-2176,2442,-2126,-0.839999974,-1.269999981,0.689999998,0,0,-0.379999995,-20
71.11,2512,-2161,2423,-2130,-0.839999974,-1.269999981,0.689999998,0,-0.02,-0.379999995,-20
71.12,2492,-2139,2436,-2128,-0.730000019,-0.99000001,0.270000011,0,-0.01,-0.379999995,-20
71.13,2492,-2161,2425,-2127,-0.730000019,-0.99000001,0.270000011,0,-0.02,-0.379999995,-20
71.14,2483,-2141,2413,-2128,-0.910000026,-0.870000005,-0.059999999,0.01,-0.02,-0.370000005,-20
71.15,2506,-2124,2431,-2118,-0.910000026,-0.870000005,-0.059999999,0,-0.029999999,-0.379999995,-20
71.16,2467,-2143,2404,-2098,-1.110000014,-1.210000038,-0.610000014,0.01,-0.029999999,-0.370000005,-20
71.17,2466,-2122,2408,-2105,-0.469999999,-0.800000012,0.280000001,0.01,-0.029999999,-0.370000005,-20
71.18,2472,-2117,2401,-2105,-1.480000019,-1.340000033,-0.270000011,0,-0.029999999,-0.370000005,-20
71.19,2452,-2121,2397,-2077,-1.480000019,-1.340000033,-0.270000011,0.01,-0.02,-0.370000005,-20
71.2,2457,-2104,2389,-2081,-1.360000014,-1.399999976,-0.189999998,-0.01,-0.02,-0.370000005,-20
71.21,2433,-2099,2368,-2080,-1.360000014,-1.399999976,-0.189999998,0,0,-0.370000005,-20
71.22,2441,-2108,2366,-2061,-0.610000014,-0.949999988,0.439999998,0,-0.01,-0.370000005,-20
71.23,2416,-2084,2372,-2061,-0.610000014,-0.949999988,0.439999998,0.01,0,-0.370000005,-20
71.24,2410,-2077,2344,-2058,-0.310000002,-1.070000052,0.660000026,0,0,-0.370000005,-20
71.25,2422,-2094,2360,-2037,-0.310000002,-1.070000052,0.660000026,0,0,-0.370000005,-20
71.26,2401,-2075,2343,-2039,-1,-1.299999952,-0.270000011,0.02,0.01,-0.370000005,-20
71.27,2405,-2090,2351,-2024,-0.910000026,-0.790000022,0.419999987,0.02,0.01,-0.370000005,-20
71.28,2407,-2063,2353,-2010,-1.019999981,-1.539999962,0.090000004,0.029999999,0.01,-0.370000005,-20
71.29,2391,-2067,2327,-2018,-1.019999981,-1.539999962,0.090000004,0,0.01,-0.370000005,-20
71.3,2416,-2060,2350,-2022,-0.769999981,-1.210000038,-0.209999993,0,0,-0.379999995,-20
71.31,2384,-2063,2335,-2018,-0.769999981,-1.210000038,-0.209999993,0,-0.01,-0.370000005,-20
71.32,2390,-2054,2324,-2021,-0.769999981,-0.839999974,-0.319999993,0,-0.01,-0.379999995,-20
71.33,2397,-2057,2336,-2026,-0.769999981,-0.839999974,-0.319999993,-0.029999999,-0.01,-0.379999995,-20
71.34,2381,-2060,2320,-2000,-0.430000007,-0.75,-0.150000006,0,-0.02,-0.370000005,-20
71.35,2379,-2057,2322,-2001,-0.430000007,-0.75,-0.150000006,-0.02,-0.029999999,-0.379999995,-20
71.36,2368,-2041,2320,-1990,-0.699999988,-1.159999967,-0.090000004,0.01,-0.01,-0.370000005,-20
71.37,2360,-2042,2315,-1992,-0.959999979,-1.139999986,0.509999991,0.01,-0.01,-0.370000005,-20
71.38,2346,-2039,2318,-1992,-0.899999976,-1.279999971,0.189999998,0.02,-0.01,-0.360000014,-20
71.39,2333,-2023,2281,-1979,-0.899999976,-1.279999971,0.189999998,0.02,-0.02,-0.349999994,-20
71.4,2333,-2037,2295,-1991,-0.889999986,-1.330000043,0.639999986,0,-0.01,-0.349999994,-20
71.41,2328,-2027,2280,-1992,-0.889999986,-1.330000043,0.639999986,0.01,0,-0.340000004,-20
71.42,2306,-2028,2267,-1978,-0.129999995,-1.00999999,0.75,0,0,-0.330000013,-20
71.43,2301,-2031,2270,-1983,-0.129999995,-1.00999999,0.75,0.01,0,-0.319999993,-20
71.44,2300,-2024,2239,-1979,-0.899999976,-0.790000022,0.090000004,0.01,0,-0.319999993,-20
71.45,2298,-2024,2236,-1977,-0.899999976,-0.790000022,0.090000004,-0.01,0,-0.310000002,-20
71.46,2276,-2006,2250,-1981,-1.210000038,-0.589999974,-0.119999997,0,0,-0.300000012,-20
71.47,2272,-2008,2208,-1970,-0.800000012,-0.720000029,0.039999999,0,0,-0.300000012,-20
71.48,2269,-2020,2225,-1974,-0.569999993,-0.300000012,0.180000007,0.01,0,-0.289999992,-20
71.49,2251,-1992,2215,-1967,-0.569999993,-0.300000012,0.180000007,0.01,-0.01,-0.289999992,-20
71.5,2258,-1993,2209,-1957,-0.540000022,-0.319999993,-0.330000013,0.02,0,-0.289999992,-20
71.51,2256,-2007,2220,-1955,-0.540000022,-0.319999993,-0.330000013,0.02,-0.01,-0.289999992,-20
71.52,2232,-1978,2190,-1959,-1.039999962,-0.379999995,-0.050000001,0.02,0,-0.289999992,-20
71.53,2245,-1980,2183,-1965,-1.039999962,-0.379999995,-0.050000001,0,0,-0.289999992,-19
71.54,2222,-1989,2205,-1938,-1.049999952,-0.74000001,0.209999993,0,0,-0.280000001,-19
71.55,2204,-1961,2173,-1947,-1.049999952,-0.74000001,0.209999993,0,0,-0.280000001,-19
71.56,2224,-1959,2168,-1946,-0.930000007,-0.509999991,-0.050000001,-0.01,0,-0.280000001,-18
71.57,2187,-1961,2163,-1931,-0.860000014,-0.649999976,-0.360000014,-0.01,0,-0.280000001,-18
71.58,2192,-1946,2151,-1940,-0.419999987,-0.529999971,-0.129999995,0,0.01,-0.259999991,-17
71.59,2183,-1946,2157,-1943,-0.419999987,-0.529999971,-0.129999995,0.01,0.01,-0.259999991,-17
71.6,2158,-1956,2135,-1930,-0.529999971,-0.629999995,0.200000003,0,0.01,-0.25,-17
71.61,2174,-1948,2121,-1919,-0.529999971,-0.629999995,0.200000003,-0.02,0.01,-0.25,-17
71.62,2156,-1941,2133,-1929,-0.540000022,-0.620000005,-0.150000006,0,0.02,-0.239999995,-17
71.63,2143,-1952,2113,-1922,-0.540000022,-0.620000005,-0.150000006,-0.029999999,0.01,-0.239999995,-16
71.64,2157,-1942,2092,-1912,-0.469999999,-0.709999979,-0.409999996,-0.01,0.02,-0.230000004,-16
71.65,2140,-1930,2116,-1920,-0.469999999,-0.709999979,-0.409999996,0,0.01,-0.230000004,-16
71.66,2130,-1931,2099,-1918,-0.949999988,-0.800000012,0,-0.01,0.01,-0.219999999,-16
71.67,2143,-1932,2081,-1901,-0.589999974,-0.560000002,0.340000004,-0.01,0.01,-0.219999999,-16
71.68,2118,-1920,2104,-1904,-0.910000026,-0.810000002,0.319999993,-0.01,0.01,-0.209999993,-16
71.69,2120,-1938,2081,-1901,-0.910000026,-0.810000002,0.319999993,0,0.029999999,-0.209999993,-16
71.7,2132,-1908,2063,-1890,-0.920000017,-0.730000019,0.620000005,0,0.02,-0.209999993,-16
71.71,2094,-1927,2094,-1898,-0.920000017,-0.730000019,0.620000005,0,0.029999999,-0.209999993,-16
71.72,2101,-1916,2066,-1894,-1.370000005,-0.370000005,0.219999999,0,0.029999999,-0.209999993,-16
71.73,2107,-1897,2040,-1887,-1.370000005,-0.370000005,0.219999999,0,0.01,-0.209999993,-16
71.74,2091,-1911,2081,-1884,-1.639999986,-0.330000013,-0.07,0,0.01,-0.209999993,-15
71.75,2093,-1899,2059,-1874,-1.639999986,-0.330000013,-0.07,-0.02,0,-0.209999993,-15
71.76,2092,-1901,2060,-1866,-0.879999995,-0.170000002,-0.02,0.01,0,-0.209999993,-15
71.77,2077,-1909,2069,-1878,-1.029999971,-0.449999988,-0.660000026,0.01,0,-0.209999993,-15
71.78,2086,-1890,2030,-1866,-0.74000001,-0.340000004,-0.100000002,-0.01,-0.01,-0.209999993,-15
71.79,2070,-1890,2053,-1861,-0.74000001,-0.340000004,-0.100000002,-0.029999999,-0.029999999,-0.200000003,-14
71.8,2070,-1897,2060,-1856,-1.120000005,-0.419999987,-0.569999993,-0.02,-0.02,-0.200000003,-14
71.81,2063,-1881,2015,-1861,-1.120000005,-0.419999987,-0.569999993,-0.02,-0.029999999,-0.200000003,-14
71.82,2055,-1864,2018,-1854,-0.589999974,-0.49000001,0.119999997,-0.01,-0.02,-0.189999998,-14
71.83,2049,-1880,2020,-1845,-0.589999974,-0.49000001,0.119999997,0,-0.01,-0.189999998,-14
71.84,2038,-1858,1982,-1852,-0.699999988,-0.409999996,0.790000022,0,0,-0.189999998,-14
71.85,2023,-1859,2006,-1835,-0.699999988,-0.409999996,0.790000022,0,0.01,-0.180000007,-14
71.86,2018,-1857,1989,-1827,-1.179999948,-0.730000019,0.209999993,0,0.02,-0.170000002,-14
71.87,2010,-1837,1945,-1838,-0.5,-0.759999991,0.600000024,0,0.02,-0.170000002,-14
71.88,1989,-1848,1982,-1823,-0.939999998,-0.779999971,0.259999991,0.01,0.039999999,-0.159999996,-14
71.89,1995,-1840,1976,-1821,-0.939999998,-0.779999971,0.259999991,0,0.050000001,-0.159999996,-14
71.9,1996,-1830,1937,-1827,-0.589999974,-0.330000013,-0.07,0.02,0.039999999,-0.159999996,-14
71.91,1989,-1840,1970,-1818,-0.589999974,-0.330000013,-0.07,0,0.039999999,-0.159999996,-13
71.92,1981,-1845,1958,-1805,-0.800000012,-0.5,-0.769999981,0.02,0.02,-0.159999996,-13
71.93,2001,-1816,1937,-1807,-0.800000012,-0.5,-0.769999981,0.02,0.01,-0.170000002,-13
71.94,1982,-1818,1970,-1797,-1.110000014,-0.319999993,-0.550000012,0.01,0,-0.170000002,-13
71.95,1968,-1818,1956,-1791,-1.110000014,-0.319999993,-0.550000012,0.02,0,-0.170000002,-13
71.96,1993,-1798,1929,-1805,-0.879999995,-0.289999992,0.430000007,0,-0.01,-0.180000007,-13
71.97,1962,-1793,1948,-1801,-0.959999979,-0.300000012,0,0,-0.01,-0.180000007,-13
71.98,1944,-1816,1939,-1785,-0.939999998,-0.379999995,0.310000002,-0.029999999,-0.01,-0.180000007,-13
71.99,1974,-1798,1910,-1776,-0.939999998,-0.379999995,0.310000002,-0.01,0,-0.180000007,-13
72,1933,-1778,1926,-1786,-0.639999986,-0.540000022,0.449999988,-0.02,-0.01,-0.180000007,-13
72.01,1945,-1786,1926,-1777,-1.00999999,-0.270000011,0.340000004,0,0,-0.170000002,-13
72.02,1945,-1780,1885,-1759,-0.600000024,-0.800000012,0.439999998,0.01,0,-0.170000002,-13
72.03,1905,-1746,1910,-1764,-0.829999983,-0.200000003,0.090000004,0,0,-0.170000002,-13
72.04,1920,-1755,1904,-1760,-0.839999974,-0.910000026,-0.119999997,0.01,0.01,-0.159999996,-13
72.05,1917,-1761,1866,-1757,-0.930000007,-0.119999997,0.050000001,0,0.01,-0.159999996,-13
72.06,1882,-1743,1872,-1743,-0.529999971,-0.74000001,-0.540000022,0,0.01,-0.159999996,-13
72.07,1898,-1738,1886,-1743,-1.460000038,-0.25,-0.159999996,-0.02,0.02,-0.159999996,-13
72.08,1906,-1757,1858,-1743,-0.519999981,-0.589999974,-0.540000022,-0.039999999,0.02,-0.159999996,-12
72.09,1880,-1742,1842,-1727,-1.340000033,-0.200000003,-0.779999971,-0.02,0.01,-0.159999996,-12
72.1,1893,-1729,1869,-1724,-0.560000002,-0.310000002,-0.930000007,-0.050000001,0.01,-0.159999996,-12
72.11,1907,-1738,1861,-1721,-1.559999943,-0.180000007,-0.469999999,-0.01,0,-0.159999996,-12
72.12,1873,-1730,1827,-1710,-0.759999991,-0.389999986,-0.810000002,-0.01,0,-0.150000006,-12
72.13,1863,-1720,1852,-1706,-0.819999993,-0.370000005,0.029999999,0.01,0,-0.150000006,-12
72.14,1872,-1719,1853,-1695,-1.399999976,-0.74000001,0.219999999,0,-0.01,-0.150000006,-12
72.15,1849,-1714,1809,-1700,-0.910000026,-0.5,0.579999983,0,0,-0.150000006,-12
72.16,1826,-1699,1815,-1696,-0.839999974,-0.800000012,0.460000008,0,0,-0.150000006,-12
72.17,1847,-1705,1832,-1680,-1.330000043,-0.589999974,0.959999979,0,0,-0.140000001,-11
72.18,1810,-1696,1799,-1681,-1.110000014,-0.769999981,1.169999957,0.01,0.01,-0.140000001,-11
72.19,1804,-1680,1800,-1686,-0.970000029,-0.389999986,0.550000012,0,0,-0.140000001,-11
72.2,1813,-1692,1805,-1658,-1.480000019,-0.370000005,0.550000012,0,0.02,-0.129999995,-10
72.21,1790,-1666,1771,-1664,-0.720000029,-0.289999992,0.370000005,0.01,0.01,-0.129999995,-10
72.22,1778,-1672,1773,-1658,-1.50999999,-0.079999998,0,0,0.01,-0.129999995,-9
72.23,1781,-1666,1782,-1641,-1.279999971,-0.230000004,-0.230000004,0,0.01,-0.119999997,-8
72.24,1759,-1661,1759,-1648,-0.800000012,0.059999999,-0.170000002,0.02,0,-0.119999997,-8
72.25,1760,-1652,1744,-1641,-1.720000029,0.039999999,-0.49000001,0,-0.01,-0.119999997,-8
72.26,1750,-1645,1745,-1631,-0.689999998,-0.090000004,-0.07,0.01,0,-0.109999999,-7
72.27,1741,-1653,1736,-1627,-1.370000005,0.219999999,-0.810000002,0.01,-0.02,-0.109999999,-7
72.28,1716,-1641,1703,-1614,-1.600000024,-0.02,-0.579999983,0,-0.01,-0.109999999,-6
72.29,1707,-1618,1699,-1622,-1.190000057,0.310000002,-0.379999995,0,-0.01,-0.100000002,-6
72.3,1704,-1624,1703,-1603,-1.690000057,-0.039999999,-0.039999999,0,-0.01,-0.090000004,-5
72.31,1689,-1620,1678,-1585,-1.210000038,-0.100000002,0.769999981,0.01,0,-0.090000004,-4
72.32,1667,-1590,1645,-1603,-1.590000033,-0.25,0.730000019,-0.01,0,-0.079999998,-4
72.33,1648,-1593,1657,-1585,-1.190000057,0.090000004,0.529999971,0.01,0.01,-0.079999998,-3
72.34,1642,-1591,1642,-1564,-1.75999999,-0.170000002,0.310000002,0,0.01,-0.07,-3
72.35,1626,-1574,1610,-1575,-1.399999976,0.050000001,0.270000011,0,0.029999999,-0.059999999,-2
72.36,1600,-1562,1604,-1562,-1.919999957,-0.129999995,0.219999999,-0.01,0.029999999,-0.050000001,-2
72.37,1585,-1570,1603,-1549,-1.309999943,-0.140000001,0.050000001,-0.01,0.039999999,-0.039999999,-2
72.38,1601,-1552,1578,-1551,-1.639999986,-0.090000004,0.340000004,0,0.029999999,-0.039999999,-1
72.39,1575,-1544,1551,-1545,-1.450000048,-0.090000004,-0.230000004,-0.01,0.02,-0.029999999,-1
72.4,1549,-1549,1555,-1536,-1.779999971,0.119999997,-0.870000005,0,0.02,-0.02,0
72.41,1559,-1541,1560,-1530,-1.679999948,-0.090000004,-0.889999986,0,0.01,-0.02,0
72.42,1561,-1529,1527,-1518,-1.809999943,-0.090000004,-0.939999998,0.029999999,0,-0.01,0
72.43,1521,-1518,1511,-1518,-1.600000024,-0.180000007,-0.409999996,0.02,0,-0.01,0
72.44,1505,-1503,1511,-1500,-1.350000024,0,-0.119999997,0.050000001,0,0,1
72.45,1504,-1511,1504,-1494,-2.029999971,-0.219999999,0.259999991,0.01,0,0,1
72.46,1494,-1485,1478,-1491,-1.590000033,0.039999999,0.340000004,0.02,0,0,2
72.47,1474,-1463,1466,-1485,-1.75999999,0.029999999,0.620000005,0,0,0,2
72.48,1469,-1467,1457,-1466,-1.75999999,0.230000004,0.600000024,0,0,0,2
72.49,1470,-1462,1457,-1451,-1.610000014,0.140000001,0.769999981,-0.01,0,0,2
72.5,1461,-1434,1435,-1453,-1.669999957,0.389999986,0.569999993,0,0.01,0,2
72.51,1453,-1435,1420,-1445,-1.539999962,0.419999987,0.330000013,0,0,0,2
72.52,1438,-1423,1418,-1435,-1.169999957,0.200000003,0.159999996,0.01,0,0,2
72.53,1435,-1428,1426,-1431,-1.769999981,0.330000013,-0.02,0,0,0,2
72.54,1428,-1419,1404,-1416,-1.24000001,0.180000007,-0.529999971,0,0,0,2
72.55,1426,-1411,1396,-1404,-1.139999986,0.259999991,-0.509999991,0,0,0,2
72.56,1405,-1395,1393,-1405,-1.50999999,-0.01,-0.430000007,0,-0.01,0,2
72.57,1396,-1394,1387,-1397,-1.090000033,0.059999999,-0.090000004,-0.01,-0.01,0,2
72.58,1418,-1395,1385,-1383,-1.279999971,0.059999999,-0.469999999,0,-0.02,0,2
72.59,1397,-1381,1376,-1375,-1.5,0.01,-0.400000006,0,-0.01,0,2
72.6,1378,-1373,1360,-1375,-0.730000019,0.109999999,0.140000001,0,-0.01,0,2
72.61,1384,-1373,1356,-1366,-1.399999976,0.090000004,0.07,0,-0.02,0,2
72.62,1382,-1361,1360,-1356,-0.800000012,-0.100000002,0.479999989,0,0,0,2
72.63,1373,-1350,1357,-1357,-0.910000026,0.01,0.469999999,0,0,0,2
72.64,1360,-1347,1327,-1343,-0.790000022,0.100000002,0.209999993,0,0,0,2
72.65,1341,-1341,1327,-1344,-0.529999971,0.02,0.340000004,-0.01,0.02,0,2
72.66,1352,-1345,1336,-1335,-0.920000017,0.039999999,0.07,0,0.01,0,2
72.67,1352,-1339,1333,-1329,-0.670000017,-0.109999999,-0.180000007,0,0.029999999,0,2
72.68,1346,-1336,1323,-1322,-0.349999994,-0.01,-0.07,0.01,0.02,0,2
72.69,1332,-1341,1308,-1319,-0.959999979,-0.230000004,-0.379999995,0.01,0.02,0,2
72.7,1326,-1323,1308,-1316,-0.509999991,0,-0.289999992,0.02,0.029999999,0,2
72.71,1336,-1318,1311,-1316,-0.819999993,-0.25,-0.270000011,0.02,0.01,0,2
72.72,1327,-1323,1323,-1311,-0.899999976,-0.079999998,-0.039999999,0.01,0.01,0,2
72.73,1304,-1322,1298,-1303,-0.829999983,-0.07,0.370000005,0.01,0,0,2
72.74,1319,-1305,1301,-1314,-0.560000002,0.119999997,0.170000002,0,0.01,0,2
72.75,1321,-1307,1305,-1313,-0.720000029,0,0.140000001,0,0,0,2
72.76,1307,-1304,1298,-1295,-0.74000001,0.349999994,-0.109999999,0,0,0,2
72.77,1295,-1298,1286,-1294,-0.469999999,0.289999992,0.189999998,-0.01,0.01,0,2
72.78,1301,-1291,1286,-1290,-1.00999999,0.449999988,0.100000002,-0.01,0,0,2
72.79,1296,-1290,1289,-1286,-0.379999995,0.200000003,0.039999999,0,0.02,0,2
72.8,1288,-1283,1296,-1279,-0.879999995,0.340000004,0.600000024,0,0,0,2
72.81,1290,-1285,1275,-1265,-0.5,0.050000001,0.059999999,0,0.02,0,2
72.82,1290,-1282,1262,-1270,-0.550000012,0.180000007,0.150000006,0,0.02,0,2
72.83,1276,-1270,1263,-1265,-0.910000026,0.170000002,-0.230000004,-0.01,0.02,0,2
72.84,1274,-1260,1266,-1259,-0.5,0.07,-0.449999988,-0.01,0.029999999,0,2
72.85,1276,-1271,1259,-1253,-0.899999976,0.109999999,0,-0.01,0.029999999,0,2
72.86,1264,-1267,1257,-1251,-0.5,0.090000004,-0.029999999,0,0.02,0,2
72.87,1257,-1259,1247,-1248,-0.920000017,0.090000004,-0.01,-0.01,0.02,0,3
72.88,1253,-1252,1231,-1246,-0.360000014,0.01,-0.140000001,0,0.02,0,3
72.89,1256,-1255,1241,-1246,-0.870000005,0.090000004,0.01,0,0.01,0,3
72.9,1244,-1253,1239,-1237,-0.899999976,-0.059999999,0.050000001,0,0.02,0,3
72.91,1246,-1253,1226,-1227,-0.660000026,0.050000001,0.310000002,0,0.01,0.01,3
72.92,1232,-1237,1212,-1230,-0.920000017,-0.200000003,0.349999994,0,0.01,0.01,4
72.93,1226,-1238,1213,-1232,-0.419999987,0.079999998,0.509999991,0,0.01,0.01,4
72.94,1235,-1245,1226,-1218,-0.980000019,-0.02,0.300000012,-0.01,0.01,0.01,4
72.95,1230,-1234,1218,-1215,-0.649999976,0.02,0,0,0.02,0.01,5
72.96,1228,-1224,1197,-1217,-0.730000019,0.090000004,-0.059999999,0,0,0.01,5
72.97,1213,-1219,1200,-1223,-0.899999976,0.159999996,0.01,0,0.01,0.01,5
72.98,1204,-1230,1200,-1208,-0.629999995,-0.01,0.230000004,0,0,0.01,6
72.99,1209,-1216,1203,-1206,-0.670000017,0.129999995,-0.050000001,0.01,0,0.01,6
73,1208,-1216,1188,-1206,-0.829999983,-0.090000004,0.170000002,0,0,0.02,6
73.01,1200,-1215,1182,-1209,-0.779999971,0.319999993,-0.239999995,0.01,0,0.02,7
73.02,1184,-1208,1173,-1201,-0.699999988,-0.119999997,-0.159999996,0,0,0.02,7
73.03,1180,-1213,1177,-1201,-0.589999974,0,-0.129999995,0.02,0,0.02,7
73.04,1178,-1212,1176,-1197,-0.709999979,-0.129999995,-0.059999999,0.01,0,0.029999999,7
73.05,1176,-1210,1164,-1194,-0.550000012,-0.02,-0.239999995,0.01,0,0.029999999,8
73.06,1171,-1199,1157,-1193,-0.620000005,-0.109999999,-0.219999999,0.01,0,0.029999999,8
73.07,1157,-1188,1140,-1193,-0.620000005,0.159999996,-0.230000004,0.01,0,0.039999999,8
73.08,1149,-1197,1139,-1184,-0.709999979,0.219999999,-0.119999997,0,0,0.039999999,9
73.09,1160,-1196,1146,-1182,-0.860000014,0.589999974,0.409999996,0,0,0.039999999,9
73.1,1152,-1179,1136,-1178,-0.689999998,0.189999998,0.270000011,0,0,0.039999999,9
73.11,1138,-1173,1126,-1184,-0.610000014,0.600000024,0.340000004,0,0.01,0.039999999,9
73.12,1142,-1173,1119,-1183,-0.639999986,0.310000002,0.189999998,0,0,0.039999999,9
73.13,1128,-1174,1118,-1167,-0.790000022,0.409999996,0.140000001,0,0.01,0.039999999,9
73.14,1135,-1169,1118,-1156,-0.550000012,0.259999991,-0.230000004,0.01,0.01,0.039999999,9
73.15,1135,-1160,1119,-1167,-0.769999981,0.039999999,-0.129999995,0,0,0.050000001,9
73.16,1127,-1160,1103,-1163,-0.600000024,0.129999995,0.07,0.01,0,0.050000001,9
73.17,1128,-1150,1100,-1159,-0.479999989,-0.039999999,-0.180000007,0,0,0.050000001,9
73.18,1114,-1158,1107,-1158,-0.730000019,0.079999998,-0.479999989,0.01,0,0.050000001,9
73.19,1129,-1163,1114,-1183,-0.670000017,0.050000001,-0.540000022,0,0,0.050000001,9
73.2,1149,-1198,1147,-1247,-0.479999989,0.189999998,-0.409999996,0.01,0,0.050000001,9
73.21,1165,-1253,1157,-1193,-0.389999986,0.100000002,-0.119999997,0.01,-0.01,0.050000001,9
73.22,1156,-1145,1096,-1133,-0.180000007,-0.029999999,-0.029999999,0.01,-0.01,0.050000001,9
73.23,1118,-1147,1104,-1170,0.800000012,0.059999999,-0.150000006,0.029999999,0,0.050000001,9
73.24,1128,-1160,1130,-1162,-0.709999979,0.280000001,0.150000006,0,-0.029999999,0.050000001,9
73.25,1124,-1162,1101,-1133,0.319999993,-0.119999997,0.289999992,0,-0.02,0.039999999,9
73.26,1127,-1149,1098,-1165,-0.180000007,0.340000004,-0.01,-0.01,0,0.039999999,9
73.27,1120,-1153,1094,-1138,-0.01,0.129999995,0.119999997,0,0,0.039999999,9
73.28,1132,-1144,1106,-1136,-0.159999996,0.25,1.029999971,0,0.01,0.039999999,9
73.29,1125,-1139,1111,-1148,0.150000006,0.01,0.99000001,-0.02,0.01,0.039999999,9
73.3,1123,-1140,1115,-1145,-0.079999998,0.239999995,0.970000029,0.029999999,0.01,0.029999999,9
73.31,1133,-1144,1104,-1150,0.059999999,0.159999996,0.629999995,-0.01,0.02,0.029999999,9
73.32,1130,-1136,1101,-1134,0.119999997,0.310000002,0.310000002,0.01,0.02,0.029999999,9
73.33,1128,-1142,1116,-1134,-0.150000006,-0.129999995,0.589999974,-0.02,0.029999999,0.029999999,9
73.34,1132,-1138,1128,-1144,0.170000002,0.140000001,-0.079999998,0,0.029999999,0.029999999,9
73.35,1125,-1136,1111,-1142,0.02,-0.219999999,0.400000006,0,0.02,0.029999999,9
73.36,1137,-1147,1111,-1149,0.119999997,0.180000007,-0.170000002,-0.01,0.02,0.029999999,9
73.37,1141,-1143,1116,-1147,-0.150000006,-0.050000001,-0.400000006,-0.01,0.01,0.029999999,9
73.38,1149,-1142,1122,-1143,0.109999999,0.090000004,-0.400000006,-0.01,0.01,0.029999999,9
73.39,1148,-1141,1135,-1147,0.039999999,-0.25,-0.310000002,-0.01,0,0.029999999,9
73.4,1150,-1144,1128,-1150,0.170000002,-0.039999999,0.150000006,0,0,0.02,9
73.41,1158,-1147,1124,-1149,0.059999999,-0.119999997,-0.129999995,0,0,0.02,9
73.42,1158,-1151,1133,-1148,0.170000002,-0.310000002,-0.270000011,0,0,0.02,8
73.43,1151,-1153,1131,-1151,-0.100000002,0.100000002,-0.140000001,0.01,0,0.01,7
73.44,1165,-1133,1149,-1144,-0.079999998,-0.209999993,-0.280000001,0,0,0.01,7
73.45,1157,-1138,1154,-1141,0.180000007,-0.090000004,0.029999999,0,0,0,7
73.46,1160,-1143,1148,-1144,-0.409999996,-0.029999999,0.209999993,0,0,0,6
73.47,1177,-1124,1145,-1139,0.460000008,-0.259999991,0.140000001,-0.01,0.01,0,5
73.48,1173,-1144,1147,-1134,0.140000001,0.239999995,0.170000002,0.02,0.01,-0.01,4
73.49,1173,-1132,1155,-1138,-0.07,-0.129999995,-0.439999998,-0.01,0.01,-0.01,3
73.5,1183,-1124,1167,-1138,0.389999986,0.239999995,0.01,0,0.01,-0.02,2
73.51,1185,-1134,1169,-1140,-0.100000002,-0.150000006,-0.209999993,0,0,-0.02,2
73.52,1196,-1132,1163,-1139,0.230000004,-0.25,-0.239999995,0,0,-0.02,1
73.53,1201,-1138,1163,-1136,0.059999999,0,0.079999998,0.01,0,-0.029999999,0
73.54,1198,-1130,1181,-1138,0.150000006,-0.330000013,-0.49000001,0,0,-0.029999999,0
73.55,1201,-1123,1182,-1143,0.029999999,-0.109999999,0.07,0,0,-0.039999999,-1
73.56,1208,-1141,1181,-1134,0.07,-0.170000002,0.180000007,0,0,-0.039999999,-2
73.57,1203,-1136,1184,-1136,-0.200000003,-0.159999996,0.079999998,0,0,-0.050000001,-2
73.58,1210,-1134,1185,-1133,0.219999999,-0.259999991,0.419999987,0,0,-0.050000001,-3
73.59,1215,-1135,1187,-1132,-0.07,-0.300000012,0.409999996,0,0,-0.050000001,-4
73.6,1219,-1122,1193,-1134,0.01,-0.209999993,0.379999995,0,0,-0.059999999,-5
73.61,1217,-1121,1199,-1131,0.289999992,-0.230000004,0.310000002,0.01,0,-0.07,-6
73.62,1230,-1128,1199,-1123,-0.230000004,-0.119999997,-0.200000003,0.01,0,-0.07,-7
73.63,1234,-1125,1198,-1126,0.039999999,-0.170000002,0.159999996,0,0,-0.079999998,-8
73.64,1234,-1123,1203,-1126,0.119999997,-0.340000004,0.180000007,0,0,-0.079999998,-9
73.65,1243,-1117,1217,-1124,-0.02,-0.349999994,-0.439999998,0,-0.01,-0.090000004,-11
73.66,1244,-1119,1220,-1116,0.100000002,-0.119999997,-0.25,0,0,-0.100000002,-12
73.67,1260,-1124,1219,-1125,0.189999998,-0.400000006,-0.090000004,-0.01,-0.01,-0.109999999,-12
73.68,1266,-1118,1222,-1118,-0.050000001,-0.280000001,-0.379999995,0,-0.01,-0.109999999,-13
73.69,1264,-1120,1230,-1112,0.07,-0.419999987,-0.300000012,-0.01,-0.01,-0.119999997,-15
73.7,1275,-1117,1240,-1116,-0.159999996,-0.259999991,-0.300000012,-0.01,-0.01,-0.129999995,-16
73.71,1273,-1104,1241,-1109,0.25,-0.330000013,0.159999996,0,-0.01,-0.140000001,-17
73.72,1277,-1118,1238,-1113,-0.100000002,-0.479999989,-0.050000001,0,-0.01,-0.150000006,-18
73.73,1286,-1116,1237,-1111,0.170000002,-0.49000001,0.379999995,0,-0.01,-0.150000006,-19
73.74,1285,-1113,1241,-1104,-0.289999992,-0.449999988,0.02,0,-0.01,-0.159999996,-20
73.75,1293,-1107,1255,-1100,0,-0.509999991,-0.02,0,0,-0.170000002,-20
73.76,1296,-1103,1263,-1097,-0.050000001,-0.610000014,0.400000006,0,0,-0.180000007,-21
73.77,1301,-1110,1256,-1095,0.209999993,-0.779999971,-0.050000001,0,0,-0.180000007,-22
73.78,1293,-1111,1239,-1095,0.01,-0.790000022,0.230000004,0,0,-0.189999998,-23
73.79,1301,-1100,1278,-1093,0.360000014,-0.74000001,0.509999991,0,0,-0.200000003,-24
73.8,1313,-1103,1272,-1092,-0.910000026,-0.720000029,-0.150000006,0.01,0,-0.200000003,-24
73.81,1319,-1100,1270,-1092,0.689999998,-0.670000017,0.340000004,0,0,-0.209999993,-25
73.82,1324,-1102,1266,-1084,-0.400000006,-0.759999991,0.360000014,0.02,0,-0.219999999,-26
73.83,1326,-1101,1267,-1087,-0.109999999,-0.639999986,0.189999998,0,0.01,-0.219999999,-27
73.84,1320,-1099,1293,-1091,-0.039999999,-0.389999986,0.879999995,0,0,-0.230000004,-28
73.85,1327,-1094,1287,-1083,-0.370000005,-0.49000001,-0.050000001,0,0.01,-0.239999995,-29
73.86,1331,-1104,1282,-1077,0.140000001,-0.300000012,0.49000001,0,0.01,-0.239999995,-29
73.87,1338,-1090,1274,-1077,-0.280000001,-0.519999981,0.090000004,0,0.01,-0.25,-30
73.88,1338,-1094,1282,-1071,-0.039999999,-0.360000014,0.029999999,0,0.01,-0.259999991,-30
73.89,1326,-1101,1301,-1076,-0.140000001,-0.620000005,-0.180000007,0,0,-0.259999991,-31
73.9,1356,-1094,1307,-1073,-0.300000012,-0.449999988,-0.289999992,0.01,0,-0.270000011,-32
73.91,1365,-1085,1301,-1066,0.02,-0.550000012,-0.050000001,0,0,-0.280000001,-33
73.92,1352,-1088,1292,-1062,-0.300000012,-0.49000001,-0.360000014,0,0,-0.280000001,-33
73.93,1360,-1096,1313,-1063,0.07,-0.519999981,-0.01,0,0,-0.289999992,-34
73.94,1369,-1089,1308,-1064,-0.150000006,-0.689999998,-0.159999996,0,-0.01,-0.289999992,-35
73.95,1375,-1099,1317,-1056,0.039999999,-0.419999987,-0.150000006,0,0,-0.300000012,-35
73.96,1382,-1090,1313,-1058,-0.239999995,-0.699999988,0,0,0,-0.310000002,-36
73.97,1385,-1085,1312,-1054,-0.07,-0.589999974,-0.029999999,0,0,-0.310000002,-36
73.98,1381,-1093,1332,-1055,-0.300000012,-0.759999991,0.02,0,0,-0.319999993,-37
73.99,1382,-1090,1322,-1045,-0.059999999,-0.629999995,0.209999993,0,0,-0.319999993,-38
74,1393,-1088,1319,-1053,-0.119999997,-0.870000005,-0.039999999,0,0,-0.319999993,-38
74.01,1376,-1097,1318,-1045,-0.259999991,-0.74000001,0.479999989,0,0,-0.330000013,-39
74.02,1395,-1093,1336,-1039,0.180000007,-0.910000026,0.159999996,0,0,-0.330000013,-39
74.03,1399,-1090,1334,-1045,-0.400000006,-0.870000005,0.159999996,0,0,-0.340000004,-40
74.04,1401,-1091,1337,-1034,0.349999994,-0.680000007,-0.129999995,0,0,-0.340000004,-40
74.05,1392,-1094,1335,-1042,-0.509999991,-0.74000001,0.159999996,0,0,-0.349999994,-41
74.06,1407,-1097,1334,-1048,0.129999995,-0.670000017,-0.209999993,0,0,-0.349999994,-41
74.07,1405,-1090,1341,-1034,-0.219999999,-0.779999971,-0.02,0.01,0,-0.349999994,-42
74.08,1415,-1090,1336,-1040,-0.180000007,-0.930000007,-0.079999998,0.01,0,-0.360000014,-42
74.09,1413,-1091,1342,-1020,0.01,-0.899999976,0.25,0.01,0,-0.360000014,-42
74.1,1416,-1095,1344,-1035,-0.219999999,-0.970000029,0.180000007,0,0,-0.360000014,-43
74.11,1421,-1099,1360,-1033,-0.360000014,-0.759999991,0.289999992,0,0.01,-0.370000005,-43
74.12,1417,-1099,1353,-1031,0.209999993,-0.899999976,-0.01,0,0,-0.370000005,-43
74.13,1423,-1095,1344,-1031,-0.090000004,-0.709999979,0.07,0,0,-0.370000005,-44
74.14,1419,-1093,1344,-1026,0,-0.779999971,-0.259999991,0,0,-0.379999995,-44
74.15,1423,-1090,1357,-1022,-0.01,-0.610000014,0.159999996,0,0,-0.379999995,-44
74.16,1429,-1088,1363,-1031,-0.119999997,-0.680000007,0.039999999,0,0,-0.379999995,-45
74.17,1421,-1093,1360,-1034,-0.219999999,-0.589999974,-0.189999998,0,0,-0.379999995,-45
74.18,1422,-1099,1361,-1026,-0.07,-0.639999986,-0.050000001,0,0,-0.379999995,-45
74.19,1437,-1100,1352,-1028,0.079999998,-0.720000029,0.07,0.01,0,-0.389999986,-46
74.2,1438,-1096,1364,-1019,-0.209999993,-0.660000026,-0.140000001,0.01,0,-0.389999986,-46
74.21,1427,-1095,1368,-1024,-0.090000004,-0.800000012,0.219999999,0,0,-0.389999986,-47
74.22,1437,-1099,1366,-1027,-0.180000007,-0.779999971,0.389999986,0,0,-0.389999986,-47
74.23,1436,-1101,1364,-1027,0,-0.920000017,0.170000002,0,0,-0.389999986,-48
74.24,1435,-1102,1367,-1027,-0.100000002,-0.680000007,0.270000011,0,0,-0.400000006,-48
74.25,1439,-1099,1371,-1024,0.109999999,-0.879999995,0.189999998,0,0,-0.400000006,-48
74.26,1441,-1096,1366,-1016,-0.140000001,-0.610000014,0.280000001,0.01,0,-0.400000006,-49
74.27,1431,-1094,1362,-1020,-0.150000006,-0.810000002,0.079999998,0,0,-0.409999996,-49
74.28,1449,-1095,1357,-1021,-0.150000006,-0.769999981,0.090000004,0,0,-0.409999996,-49
74.29,1442,-1093,1373,-1024,-0.289999992,-0.899999976,0.02,0,0,-0.409999996,-50
74.3,1443,-1091,1376,-1014,-0.360000014,-0.730000019,-0.300000012,0,0,-0.409999996,-50
74.31,1449,-1088,1368,-1016,0.029999999,-0.810000002,0.140000001,-0.01,0,-0.409999996,-50
74.32,1457,-1085,1368,-1008,-0.050000001,-0.839999974,0.07,0.01,0,-0.419999987,-51
74.33,1448,-1092,1371,-1009,-0.400000006,-0.899999976,-0.330000013,0,0,-0.419999987,-51
74.34,1454,-1100,1381,-1015,-0.090000004,-0.689999998,-0.02,0,0,-0.430000007,-51
74.35,1460,-1100,1371,-1016,-0.209999993,-0.670000017,0.100000002,0.01,0,-0.430000007,-51
74.36,1452,-1096,1364,-1005,-0.25,-0.810000002,-0.300000012,0,0,-0.430000007,-52
74.37,1460,-1096,1371,-1001,-0.259999991,-0.889999986,0.219999999,0,0,-0.439999998,-52
74.38,1452,-1100,1381,-1001,-0.039999999,-0.870000005,0.219999999,0,0,-0.439999998,-52
74.39,1460,-1101,1379,-1002,-0.439999998,-0.970000029,0.039999999,0,0,-0.439999998,-52
74.4,1451,-1101,1355,-993,0.079999998,-0.910000026,-0.150000006,0,0,-0.439999998,-52
74.41,1459,-1099,1374,-987,-0.430000007,-0.930000007,0.310000002,0,0,-0.439999998,-53
74.42,1461,-1094,1374,-987,-0.239999995,-1.00999999,0.090000004,0,0.01,-0.439999998,-53
74.43,1455,-1100,1380,-989,0.460000008,-0.939999998,0.180000007,0.01,0,-0.439999998,-53
74.44,1457,-1105,1377,-990,-0.389999986,-0.829999983,-0.200000003,0.02,0,-0.439999998,-53
74.45,1474,-1100,1362,-991,-0.300000012,-0.610000014,-0.159999996,0,0,-0.449999988,-53
74.46,1454,-1096,1386,-991,0.029999999,-0.720000029,-0.039999999,0.01,0,-0.449999988,-53
74.47,1466,-1105,1388,-998,-0.560000002,-1.070000052,-0.109999999,0.01,0,-0.449999988,-53
74.48,1466,-1107,1381,-998,-0.560000002,-1.070000052,-0.109999999,0.01,0,-0.449999988,-53
74.49,1467,-1105,1370,-1000,-0.01,-0.829999983,0.469999999,0.01,0,-0.449999988,-54
74.5,1481,-1107,1373,-996,-0.360000014,-0.759999991,-0.310000002,0,0,-0.449999988,-54
74.51,1464,-1108,1385,-997,-0.150000006,-0.730000019,0.230000004,0,0,-0.449999988,-54
74.52,1463,-1106,1389,-993,-0.039999999,-0.949999988,-0.259999991,0,0,-0.449999988,-54
74.53,1480,-1111,1368,-997,-0.610000014,-0.810000002,-0.25,0,0,-0.449999988,-54
74.54,1470,-1108,1364,-1002,0.170000002,-0.589999974,0.090000004,0,0,-0.449999988,-54
74.55,1458,-1097,1366,-998,-0.540000022,-0.689999998,-0.050000001,0,0,-0.449999988,-54
74.56,1480,-1097,1388,-997,0,-0.759999991,-0.050000001,0,0,-0.460000008,-54
74.57,1471,-1102,1390,-999,-0.239999995,-0.949999988,0.230000004,0.01,0,-0.449999988,-54
74.58,1473,-1100,1363,-1002,0.02,-0.910000026,-0.230000004,0.01,0,-0.449999988,-54
74.59,1450,-1097,1357,-992,-0.509999991,-0.800000012,0.02,0,0,-0.449999988,-54
74.6,1470,-1094,1381,-1007,-0.209999993,-0.699999988,0.100000002,0,0,-0.449999988,-54
74.61,1442,-1093,1363,-1000,-0.699999988,-0.959999979,0.109999999,0,0,-0.439999998,-54
74.62,1455,-1094,1355,-986,0.270000011,-0.75,0.119999997,0,0,-0.439999998,-54
74.63,1450,-1093,1365,-992,-1.190000057,-0.860000014,0,0,0,-0.439999998,-54
74.64,1422,-1085,1349,-996,-0.49000001,-0.629999995,0.310000002,-0.01,0,-0.439999998,-54
74.65,1416,-1093,1345,-984,-0.319999993,-0.479999989,0.259999991,0,0,-0.439999998,-54
74.66,1423,-1073,1357,-992,-1.389999986,-0.759999991,-0.25,0,0,-0.430000007,-54
74.67,1415,-1072,1316,-988,-0.180000007,-0.660000026,0.800000012,0,0,-0.430000007,-54
74.68,1360,-1074,1261,-982,-0.730000019,-0.689999998,0.07,0.01,0,-0.430000007,-54
74.69,1371,-1073,1263,-974,-0.939999998,-0.610000014,0.01,0,0,-0.430000007,-54
74.7,1435,-1066,1338,-980,-0.610000014,-0.660000026,0.140000001,0,0.01,-0.430000007,-54
74.71,1395,-1060,1339,-972,-1.440000057,-0.579999983,0.039999999,0,0,-0.419999987,-54
74.72,1387,-1066,1314,-972,-0.200000003,-0.529999971,0.02,0,0,-0.419999987,-54
74.73,1414,-1052,1309,-964,-1.019999981,-0.620000005,-0.509999991,0,0,-0.419999987,-54
74.74,1386,-1045,1306,-960,-0.680000007,-0.479999989,-0.039999999,0,0,-0.419999987,-54
74.75,1382,-1045,1311,-956,-0.550000012,-0.409999996,-0.280000001,0,0.01,-0.419999987,-54
74.76,1385,-1032,1298,-946,-0.819999993,-0.639999986,-0.460000008,0,0,-0.419999987,-54
74.77,1374,-1033,1285,-951,-0.959999979,-0.370000005,-0.219999999,0,0.01,-0.419999987,-54
74.78,1380,-1034,1290,-947,-0.959999979,-0.370000005,-0.219999999,0,0.01,-0.419999987,-54
74.79,1359,-1027,1294,-939,-0.769999981,-0.460000008,0.07,0.02,0.01,-0.419999987,-54
74.8,1361,-1022,1291,-929,-0.819999993,-1.019999981,0.059999999,0.01,0,-0.419999987,-54
74.81,1356,-1016,1270,-929,-0.930000007,-0.49000001,0.449999988,0,0.01,-0.419999987,-54
74.82,1355,-1011,1268,-927,-0.75,-0.850000024,0.280000001,0,0.01,-0.409999996,-54
74.83,1344,-1010,1259,-926,-0.99000001,-0.649999976,0.270000011,0,0.01,-0.409999996,-54
74.84,1338,-1011,1251,-913,-0.649999976,-0.589999974,0.259999991,0,0.01,-0.409999996,-54
74.85,1332,-1003,1261,-920,-0.889999986,-0.540000022,0.409999996,0,0.01,-0.409999996,-54
74.86,1326,-999,1254,-920,-0.889999986,-0.540000022,0.409999996,0,0.01,-0.409999996,-54
74.87,1332,-1003,1230,-903,-0.610000014,-0.540000022,0.289999992,0.01,0.01,-0.400000006,-54
74.88,1332,-994,1227,-902,-1.019999981,-0.379999995,0.119999997,0,0,-0.400000006,-54
74.89,1299,-1010,1241,-898,-0.74000001,-0.449999988,-0.029999999,-0.01,0.01,-0.400000006,-54
74.9,1302,-988,1222,-895,-0.779999971,-0.349999994,0,0,0.01,-0.400000006,-54
74.91,1299,-960,1216,-892,-1.059999943,-0.330000013,0.029999999,-0.01,0,-0.400000006,-54
74.92,1298,-982,1213,-894,-0.419999987,-0.460000008,0.079999998,0,0,-0.400000006,-54
74.93,1287,-975,1208,-881,-1.129999995,-0.289999992,-0.319999993,0,0,-0.400000006,-54
74.94,1284,-958,1214,-879,-0.479999989,-0.569999993,-0.07,-0.01,0,-0.400000006,-54
74.95,1269,-969,1216,-876,-1.070000052,-0.370000005,-0.419999987,0,0,-0.389999986,-54
74.96,1278,-964,1192,-872,-0.680000007,-0.540000022,-0.389999986,0,0,-0.389999986,-54
74.97,1268,-955,1194,-872,-1.080000043,-0.469999999,0.01,0,0,-0.389999986,-54
74.98,1237,-955,1183,-872,-0.579999983,-0.709999979,-0.07,0,0,-0.379999995,-54
74.99,1257,-947,1179,-861,-1.059999943,-0.280000001,0.109999999,0,0,-0.379999995,-54
75,1231,-940,1177,-852,-0.709999979,-0.600000024,-0.07,-0.01,-0.01,-0.379999995,-54
75.01,1246,-939,1173,-847,-1.110000014,-0.529999971,0.319999993,0,-0.01,-0.379999995,-54
75.02,1221,-935,1149,-856,-1.059999943,-0.439999998,0.090000004,0,0,-0.370000005,-54
75.03,1219,-930,1149,-845,-0.850000024,-0.550000012,0.25,0.01,-0.01,-0.370000005,-54
75.04,1200,-919,1153,-841,-1.110000014,-0.670000017,0.529999971,0.02,-0.01,-0.370000005,-54
75.05,1202,-920,1151,-835,-0.870000005,-0.759999991,0.289999992,0.029999999,-0.01,-0.370000005,-54
75.06,1219,-919,1126,-835,-0.829999983,-0.439999998,0.230000004,0.01,-0.02,-0.370000005,-54
75.07,1204,-908,1119,-832,-1.080000043,-0.600000024,-0.059999999,0,-0.01,-0.370000005,-54
75.08,1174,-915,1122,-823,-0.99000001,-0.5,0.01,0,-0.01,-0.360000014,-54
75.09,1193,-900,1116,-824,-0.800000012,-0.389999986,0.02,0,-0.01,-0.360000014,-54
75.1,1181,-892,1109,-818,-1.120000005,-0.330000013,0.029999999,0,-0.01,-0.360000014,-54
75.11,1177,-887,1101,-805,-0.870000005,-0.340000004,-0.129999995,-0.01,-0.01,-0.360000014,-54
75.12,1167,-881,1090,-801,-0.829999983,-0.319999993,-0.129999995,0.01,-0.01,-0.360000014,-54
75.13,1152,-874,1085,-799,-1.220000029,-0.379999995,-0.230000004,0,-0.01,-0.360000014,-54
75.14,1144,-869,1080,-791,-0.889999986,-0.270000011,-0.400000006,0.02,0,-0.360000014,-54
75.15,1146,-862,1070,-778,-1.100000024,-0.430000007,-0.02,0.02,-0.01,-0.349999994,-54
75.16,1146,-859,1069,-780,-1.129999995,-0.430000007,0.029999999,0.01,0,-0.349999994,-54
75.17,1137,-857,1064,-775,-0.970000029,-0.529999971,0.239999995,0.01,-0.01,-0.349999994,-54
75.18,1119,-848,1043,-774,-0.930000007,-0.409999996,0.050000001,0,0,-0.349999994,-54
75.19,1117,-845,1046,-765,-0.860000014,-0.479999989,-0.090000004,0,0,-0.340000004,-54
75.2,1110,-840,1034,-757,-1.090000033,-0.319999993,0.01,0,0,-0.340000004,-54
75.21,1106,-835,1033,-761,-0.899999976,-0.289999992,-0.200000003,0,0,-0.340000004,-54
75.22,1093,-833,1029,-748,-1.049999952,-0.310000002,0.319999993,0,0,-0.330000013,-54
75.23,1093,-822,1023,-746,-0.75,-0.319999993,0.059999999,0.01,-0.01,-0.330000013,-54
75.24,1076,-817,1006,-741,-1.220000029,-0.310000002,0.219999999,0,-0.01,-0.330000013,-54
75.25,1079,-814,1001,-735,-0.779999971,-0.090000004,-0.01,-0.01,0,-0.330000013,-54
75.26,1057,-809,999,-735,-1.169999957,-0.189999998,0.029999999,0,0,-0.330000013,-54
75.27,1074,-801,994,-720,-0.930000007,-0.150000006,0,0,0,-0.319999993,-54
75.28,1048,-785,986,-714,-0.980000019,-0.219999999,0.519999981,0,0,-0.319999993,-54
75.29,1040,-797,981,-717,-1.059999943,-0.289999992,0.219999999,0,0,-0.319999993,-54
75.3,1037,-780,974,-713,-1.059999943,-0.289999992,0.219999999,0,0,-0.319999993,-54
75.31,1025,-771,965,-703,-1.149999976,-0.259999991,-0.330000013,0,0,-0.319999993,-54
75.32,1021,-768,955,-703,-1.070000052,-0.209999993,-0.239999995,0,0.01,-0.310000002,-54
75.33,1010,-766,952,-695,-0.829999983,-0.259999991,0.029999999,0,0,-0.310000002,-54
75.34,1004,-760,954,-693,-1.419999957,-0.430000007,-0.119999997,0,0,-0.310000002,-54
75.35,991,-754,933,-684,-0.759999991,-0.49000001,0.01,0,0,-0.300000012,-54
75.36,976,-749,920,-684,-1.370000005,-0.200000003,-0.039999999,0,0,-0.300000012,-54
75.37,984,-738,916,-676,-1.029999971,-0.419999987,-0.119999997,0,0,-0.300000012,-54
75.38,973,-732,909,-671,-1.309999943,-0.239999995,0.129999995,0,-0.01,-0.289999992,-54
75.39,951,-722,902,-667,-1.370000005,-0.310000002,-0.07,0,-0.01,-0.289999992,-54
75.4,947,-718,898,-654,-1.100000024,-0.270000011,0.050000001,0,-0.01,-0.289999992,-54
75.41,937,-714,883,-650,-1.24000001,-0.230000004,0.439999998,0,-0.01,-0.280000001,-54
75.42,921,-702,884,-640,-1.409999967,-0.219999999,0.150000006,0,-0.01,-0.280000001,-54
75.43,918,-700,852,-632,-1.389999986,-0.25,0.259999991,0,0,-0.280000001,-54
75.44,909,-684,850,-624,-1.24000001,0.01,-0.029999999,0.01,0,-0.270000011,-54
75.45,892,-674,847,-623,-1.590000033,-0.219999999,0.039999999,0,0,-0.270000011,-54
75.46,883,-675,840,-608,-1.210000038,-0.109999999,0.349999994,0,0,-0.270000011,-54
75.47,870,-658,828,-611,-1.49000001,-0.230000004,0.119999997,0,0,-0.270000011,-54
75.48,859,-651,818,-595,-1.309999943,-0.109999999,-0.230000004,0,0,-0.259999991,-54
75.49,845,-647,812,-588,-1.320000052,-0.079999998,-0.310000002,0,0,-0.259999991,-54
75.5,832,-637,784,-586,-1.970000029,-0.050000001,-0.300000012,0,0,-0.25,-54
75.51,830,-624,771,-579,-1.279999971,-0.090000004,-0.219999999,0,0,-0.25,-54
75.52,804,-612,770,-567,-1.809999943,-0.039999999,0.029999999,0,-0.01,-0.25,-54
75.53,790,-597,760,-560,-1.559999943,-0.159999996,0.059999999,0,0,-0.239999995,-54
75.54,782,-604,748,-551,-1.769999981,0.100000002,0.170000002,0,-0.01,-0.239999995,-54
75.55,763,-579,726,-541,-1.960000038,-0.059999999,-0.259999991,0,-0.01,-0.230000004,-54
75.56,744,-567,713,-529,-2.089999914,0.129999995,-0.200000003,0,-0.01,-0.219999999,-54
75.57,725,-560,699,-514,-1.860000014,-0.109999999,0.029999999,0,0,-0.219999999,-54
75.58,715,-548,676,-510,-1.960000038,0.07,0.680000007,0.01,-0.01,-0.209999993,-54
75.59,705,-530,670,-500,-1.970000029,-0.07,0.349999994,0,0,-0.209999993,-54
75.6,685,-521,655,-486,-1.620000005,0.029999999,0.310000002,0,0,-0.209999993,-54
75.61,668,-515,641,-474,-2.190000057,0.050000001,0.029999999,0,0,-0.200000003,-54
75.62,657,-500,627,-465,-2.00999999,0.02,-0.200000003,0,0,-0.200000003,-54
75.63,637,-487,611,-456,-2.170000076,0.129999995,0.090000004,0,0,-0.189999998,-54
75.64,622,-477,599,-441,-1.950000048,-0.039999999,0.059999999,0,0,-0.189999998,-54
75.65,611,-463,574,-427,-2.220000029,0.07,0.349999994,0,0,-0.180000007,-54
75.66,590,-445,562,-418,-2.089999914,-0.090000004,0.159999996,0,0,-0.180000007,-54
75.67,571,-436,541,-405,-2.109999895,0.039999999,-0.039999999,0,0,-0.180000007,-54
75.68,562,-422,523,-389,-2.190000057,0.079999998,-0.189999998,0,0,-0.170000002,-54
75.69,541,-407,509,-384,-2.25,0.079999998,-0.150000006,0,0,-0.170000002,-54
75.7,521,-394,496,-367,-2.25999999,0.039999999,-0.02,0,0,-0.159999996,-54
75.71,517,-386,477,-356,-2.160000086,0.140000001,0.01,0,0,-0.159999996,-54
75.72,496,-371,462,-347,-2.279999971,0.029999999,0.01,0,-0.01,-0.150000006,-54
75.73,477,-360,459,-330,-2.170000076,0.219999999,0.029999999,0,0,-0.150000006,-54
75.74,466,-352,441,-326,-2.170000076,0.219999999,0.029999999,0,0,-0.150000006,-54
75.75,436,-328,412,-308,-2.319999933,0.270000011,-0.159999996,0,0,-0.140000001,-54
75.76,428,-318,399,-295,-2.170000076,0.159999996,0.170000002,0,0,-0.129999995,-54
75.77,404,-303,381,-284,-2.089999914,0.189999998,0.189999998,0,0,-0.129999995,-54
75.78,384,-293,378,-269,-2.279999971,0.230000004,0,0.01,0,-0.119999997,-54
75.79,372,-278,347,-259,-2.119999886,0.07,0.170000002,0,0,-0.109999999,-54
75.8,349,-265,328,-246,-2.180000067,0.349999994,-0.170000002,0,0,-0.109999999,-54
75.81,334,-255,311,-236,-2.119999886,0.050000001,-0.150000006,0,0,-0.109999999,-54
75.82,319,-238,306,-221,-2.230000019,0.289999992,0.219999999,0,0,-0.100000002,-54
75.83,300,-229,280,-213,-2.019999981,0.02,0.059999999,0,0,-0.090000004,-54
75.84,290,-223,274,-206,-2.019999981,0.02,0.059999999,0,0,-0.090000004,-54
75.85,269,-198,245,-190,-2.150000095,0.109999999,-0.219999999,0,0,-0.079999998,-54
75.86,251,-191,232,-178,-2.170000076,0.259999991,0.109999999,0,0,-0.07,-54
75.87,235,-178,215,-166,-2.24000001,0.209999993,0.029999999,0,0,-0.07,-54
75.88,214,-161,198,-156,-2.140000105,0.259999991,0.090000004,0,0,-0.059999999,-54
75.89,202,-151,182,-142,-1.970000029,0.159999996,0.25,0,0,-0.059999999,-54
75.9,183,-139,169,-129,-2.109999895,0.159999996,0.119999997,0,0,-0.059999999,-54
75.91,169,-122,153,-117,-2.140000105,0.230000004,0.090000004,0,0,-0.050000001,-54
75.92,149,-114,139,-109,-2,0.25,0.07,0,0,-0.050000001,-54
75.93,136,-99,128,-96,-2.079999924,0.300000012,-0.100000002,0,0,-0.039999999,-54
75.94,124,-91,119,-85,-2.079999924,0.150000006,-0.119999997,0,0,-0.039999999,-54
75.95,104,-74,95,-72,-1.940000057,0.140000001,0.170000002,0,0,-0.029999999,-54
75.96,88,-64,79,-65,-1.929999948,0.150000006,0.059999999,0,0,-0.029999999,-54
75.97,76,-54,63,-51,-2.150000095,0.230000004,-0.109999999,0,0,-0.02,-54
75.98,56,-38,53,-41,-1.919999957,0.219999999,0.059999999,0,0,-0.02,-54
75.99,43,-31,35,-27,-2.019999981,0.280000001,-0.109999999,0,0,-0.02,-54
76,26,-15,20,-20,-1.889999986,0.140000001,-0.079999998,0,0,-0.01,-54
76.01,13,-4,11,-11,-1.820000052,0.129999995,0.230000004,0,0,0,-54
76.02,-2,0,-2,1,-1.919999957,0.159999996,0.039999999,0,0,0,-54
76.03,0,0,0,1,-1.909999967,0.230000004,0.180000007,0,0,0,-54
76.04,0,0,0,0,-1.700000048,0.289999992,-0.079999998,0,0,0,-54
76.05,0,1,-6,0,-1.389999986,0.159999996,-0.159999996,0,0,0,-54
76.06,0,0,-10,5,-0.850000024,0.100000002,0.02,0,-0.01,0,-54
76.07,0,0,-15,17,-0.550000012,0.029999999,-0.319999993,-0.01,0,0,-54
76.08,-2,1,-24,38,-0.109999999,-0.029999999,-0.140000001,-0.01,-0.01,0,-54
76.09,0,0,-27,32,-0.330000013,0.050000001,-0.159999996,0,-0.01,0,-54
76.1,0,0,-22,32,0,0.100000002,0.01,0,-0.02,0,-54
76.11,0,0,-22,37,0.270000011,-0.100000002,0,0,-0.02,0,-54
76.12,-1,0,-20,25,0.680000007,-0.180000007,0.340000004,0,-0.01,-0.01,-54
76.13,-2,0,-11,19,0.759999991,-0.289999992,0.340000004,0,-0.01,-0.01,-54
76.14,0,0,-8,17,0.879999995,-0.270000011,0.389999986,0,-0.01,-0.01,-54
76.15,0,1,-2,10,0.800000012,-0.119999997,0.400000006,0,-0.01,-0.01,-54
76.16,0,0,0,3,0.879999995,-0.050000001,0.280000001,0,0,0,-54
76.17,0,0,0,0,0.75,0.01,0.170000002,0,0,0,-54
76.18,0,0,1,-1,0.829999983,-0.01,0.119999997,0.01,0,0,-54
76.19,0,0,0,0,0.560000002,0.02,0.170000002,0.01,0,0,-54
76.2,0,0,0,0,0.49000001,0.170000002,0.119999997,0,0,0,-54
76.21,0,0,0,-1,0.170000002,0.209999993,0,0,0.01,0,-54
76.22,0,0,0,0,0.02,0.360000014,-0.159999996,0,0.01,0,-54
76.23,0,0,0,-2,-0.140000001,0.300000012,-0.209999993,0,0,0,-54
76.24,0,0,0,-2,-0.239999995,0.379999995,-0.150000006,0,0.01,0,-54
76.25,0,0,0,-4,-0.230000004,0.25,-0.039999999,0,0,0,-54
76.26,0,0,1,-8,-0.230000004,0.25,-0.039999999,0,0,0,-54
76.27,0,0,0,-7,-0.400000006,0.059999999,-0.090000004,0,0,0,-54
76.28,0,0,0,-4,-0.379999995,0.01,-0.050000001,0,0,0,-54
76.29,0,0,0,-2,-0.519999981,-0.029999999,0.07,0,0,0,-54
76.3,0,0,0,0,-0.409999996,-0.100000002,0.150000006,0,0,0,-54
76.31,0,0,0,0,-0.419999987,-0.119999997,0.300000012,0,0,0,-54
76.32,0,0,0,0,-0.360000014,-0.180000007,0.200000003,0,0,0,-54
76.33,0,0,0,0,-0.289999992,-0.119999997,0.170000002,0,0,0,-54
76.34,0,0,0,0,-0.289999992,-0.119999997,0.170000002,0,0,0,-54
76.35,0,0,0,0,-0.280000001,-0.079999998,0,0,0,0,-54
76.36,0,0,0,1,-0.159999996,0,0.100000002,0,0,0,-54
76.37,0,0,0,-1,-0.100000002,-0.059999999,0.079999998,0,0,0,-54
76.38,0,0,0,1,0.029999999,-0.039999999,0.039999999,0,0,0,-54
76.39,0,0,0,0,-0.02,0.039999999,-0.079999998,0,0,0,-54
76.4,0,0,0,0,0.07,0.029999999,-0.170000002,0,0,0,-54
76.41,0,0,0,0,0.050000001,0.090000004,-0.100000002,0,0,0,-54
76.42,0,0,0,1,0.200000003,0,0.039999999,0,0,0,-54
76.43,0,0,0,0,0.180000007,0,0.119999997,0,0,0,-54
76.44,0,0,0,0,0.230000004,0.07,0.140000001,0,0,0,-54
76.45,0,0,0,0,0.150000006,0.109999999,0.090000004,0,0,0,-54
76.46,0,0,0,0,0.100000002,0.219999999,-0.029999999,0,0,0,-54
76.47,0,0,0,0,0.01,0.200000003,0.07,0,0,0,-54
76.48,0,0,0,0,0,0.200000003,0.150000006,0,0,0,-54
76.49,0,0,0,0,0,0.140000001,0.280000001,0,0,0,-54
76.5,0,0,0,0,0,0.129999995,0.129999995,0,0,0,-54
76.51,0,0,0,0,-0.079999998,0.119999997,-0.029999999,0,0,0,-54
76.52,0,0,0,0,-0.119999997,0.07,-0.109999999,0,0,0,-54
76.53,0,0,0,0,-0.180000007,0.050000001,-0.119999997,0,0,0,-54
76.54,0,0,0,0,-0.150000006,-0.039999999,0.07,0,0,0,-54
76.55,0,0,0,0,-0.200000003,-0.090000004,0.109999999,0,0,0,-54
76.56,0,0,0,0,-0.140000001,-0.140000001,0.159999996,0,0,0,-54
76.57,0,0,0,0,-0.189999998,-0.100000002,0.050000001,0,0,0,-54
76.58,0,0,0,0,-0.209999993,-0.07,-0.050000001,0,0,0,-54
76.59,0,0,0,0,-0.189999998,-0.02,-0.039999999,0,0,0,-54
76.6,0,0,0,0,-0.140000001,-0.050000001,0.059999999,0,0,0,-54
76.61,0,0,0,0,-0.100000002,-0.050000001,0.189999998,0,0,0,-54
76.62,0,0,0,0,-0.07,-0.039999999,0.129999995,0,0,0,-54
76.63,0,0,0,0,-0.079999998,0.02,0,0,0,0,-54
76.64,0,0,0,0,-0.059999999,0.090000004,-0.090000004,0,0,0,-54
76.65,0,0,0,0,-0.059999999,0.109999999,-0.07,0,0,0,-54
76.66,0,0,0,0,-0.039999999,0.07,0.07,0,0,0,-54
76.67,0,0,0,0,0.01,0.07,0.180000007,0,0,0,-54
76.68,0,0,0,0,0.059999999,0.07,0.189999998,0,0,0,-54
76.69,0,0,0,0,0.039999999,0.100000002,0.050000001,0,0,0,-54
76.7,0,0,0,0,0.029999999,0.140000001,-0.039999999,0,0,0,-54
76.71,0,0,0,0,0.01,0.119999997,-0.050000001,0,0,0,-54
76.72,0,0,0,0,0.01,0.119999997,-0.050000001,0,0,0,-54
76.73,0,0,0,0,0,0,0.209999993,0,0,0,-54
76.74,0,0,0,0,-0.029999999,0.050000001,0.180000007,0,0,0,-54
76.75,0,0,0,0,-0.039999999,0.050000001,0.050000001,0,0,0,-54
76.76,0,0,0,0,-0.090000004,0.059999999,-0.079999998,0,0,0,-54
76.77,0,0,0,0,-0.100000002,0.07,-0.07,0,0,0,-54
76.78,0,0,0,0,-0.159999996,0.01,0.090000004,0,0,0,-54
76.79,-1,0,0,0,-0.140000001,-0.039999999,0.159999996,0,0,0,-54
76.8,0,0,0,0,-0.090000004,-0.07,0.159999996,0,0,0,-54
76.81,-1,0,0,0,-0.07,0,-0.01,0,0,0,-54
76.82,0,0,0,0,-0.090000004,0,-0.07,0,0,0,-54
76.83,0,0,0,0,-0.090000004,0.01,-0.079999998,0,0,0,-54
76.84,0,0,0,0,-0.050000001,0.02,0,0,0,0,-54
76.85,0,0,0,0,-0.050000001,-0.029999999,0.209999993,0,0,0,-54
76.86,0,0,0,0,-0.02,0,0.170000002,0,0,0,-54
76.87,0,0,0,0,-0.039999999,0.029999999,0.109999999,0,0,0,-54
76.88,0,0,0,0,-0.059999999,0.039999999,-0.029999999,0,0,0,-54
76.89,0,0,0,0,-0.07,0.079999998,-0.059999999,0,0,0,-54
76.9,0,0,0,0,-0.07,0.050000001,0.07,0,0,0,-54
76.91,0,0,0,0,-0.050000001,0.01,0.100000002,0,0,0,-54
76.92,0,0,0,0,-0.050000001,0.01,0.100000002,0,0,0,-54
76.93,0,0,0,0,-0.029999999,0.059999999,0.02,0,0,0,-54
76.94,0,0,0,0,-0.059999999,0.079999998,-0.07,0,0,0,-54
76.95,0,0,0,0,-0.100000002,0.07,-0.100000002,0,0,0,-54
76.96,0,0,0,0,-0.100000002,0.07,-0.100000002,0,0,0,-54
76.97,0,0,0,0,-0.050000001,0,0.170000002,0,0,0,-54
76.98,0,0,0,0,-0.02,0.029999999,0.170000002,0,0,0,-54
76.99,0,0,0,0,-0.02,0.029999999,0.170000002,0,0,0,-54
77,0,0,0,0,-0.059999999,0.039999999,-0.059999999,0,0,0,-54
77.01,0,0,0,0,-0.059999999,0.039999999,-0.059999999,0,0,0,-54
77.02,0,0,0,0,-0.059999999,0.029999999,0.050000001,0,0,0,-54
77.03,0,0,0,0,-0.059999999,0.029999999,0.050000001,0,0,0,-54
77.04,0,0,0,0,-0.01,0,0.189999998,0,0,0,-54
77.05,0,0,0,0,-0.01,0,0.189999998,0,0,0,-54
77.06,0,0,0,0,-0.039999999,0.02,-0.050000001,0,0,0,-54
77.07,0,0,0,0,-0.079999998,0.059999999,-0.059999999,0,0,0,-54
77.08,0,0,0,0,-0.07,0.050000001,0,0,0,0,-54
77.09,0,0,0,0,-0.07,0.050000001,0,0,0,0,-54
77.1,0,0,0,0,-0.039999999,0.029999999,0.170000002,0,0,0,-54
77.11,0,0,0,0,-0.039999999,0.029999999,0.170000002,0,0,0,-54
77.12,0,0,0,0,-0.090000004,0.079999998,-0.050000001,0,0,0,-54
77.13,0,0,0,0,-0.090000004,0.079999998,-0.050000001,0,0,0,-54
77.14,0,0,0,0,-0.109999999,0.039999999,-0.02,0,0,0,-54
77.15,0,0,0,0,-0.109999999,0.039999999,-0.02,0,0,0,-54
77.16,0,0,0,0,-0.039999999,-0.02,0.230000004,0,0,0,-54
77.17,0,0,0,0,0,0.029999999,0.050000001,0,0,0,-54
77.18,0,0,0,0,-0.050000001,0.029999999,0,0,0,0,-54
77.19,0,0,0,0,-0.050000001,0.029999999,0,0,0,0,-54
77.2,0,0,0,0,-0.07,0.07,-0.01,0,0,0,-54
77.21,0,0,0,0,-0.07,0.07,-0.01,0,0,0,-54
77.22,0,0,0,0,-0.02,0.01,0.239999995,0,0,0,-54
77.23,-1,0,0,0,-0.02,0.01,0.239999995,0,0,0,-54
77.24,0,0,0,0,-0.050000001,0.039999999,-0.039999999,0,0,0,-54
77.25,0,0,0,0,-0.050000001,0.039999999,-0.039999999,0,0,0,-54
77.26,0,0,0,0,-0.07,0.039999999,-0.02,0,0,0,-54
77.27,0,0,0,0,-0.079999998,0.029999999,0.129999995,0,0,0,-54
77.28,0,0,0,0,-0.029999999,0,0.230000004,0,0,0,-54
77.29,0,0,0,0,-0.029999999,0,0.230000004,0,0,0,-54
77.3,0,0,0,0,-0.07,0.039999999,0,0,0,0,-54
77.31,0,0,0,0,-0.07,0.039999999,0,0,0,0,-54
77.32,-1,0,0,0,-0.090000004,0.02,-0.02,0,0,0,-54
77.33,-1,0,0,0,-0.090000004,0.02,-0.02,0,0,0,-54
77.34,-1,0,0,0,-0.029999999,-0.01,0.140000001,0,0,0,-54
77.35,-1,0,0,0,-0.029999999,-0.01,0.140000001,0,0,0,-54
77.36,-1,0,0,0,-0.050000001,0.029999999,-0.029999999,0,0,0,-54
77.37,-1,0,0,0,-0.079999998,0.050000001,0,0,0,0,-54
77.38,-1,0,0,0,-0.07,0.090000004,-0.059999999,0,0,0,-54
77.39,-1,0,0,0,-0.07,0.090000004,-0.059999999,0,0,0,-54
77.4,-2,0,0,0,-0.039999999,-0.01,0.180000007,0,0,0,-54
77.41,-2,1,0,0,-0.039999999,-0.01,0.180000007,0,0,0,-54
77.42,-2,1,0,0,-0.059999999,0.07,0.02,0,0,0,-54
77.43,-2,1,0,0,-0.059999999,0.07,0.02,0,0,0,-54
77.44,-3,1,0,0,-0.109999999,0.079999998,-0.029999999,0,0,0,-54
77.45,-3,1,0,0,-0.109999999,0.079999998,-0.029999999,0,0,0,-54
77.46,-3,1,-1,0,-0.039999999,0,0.209999993,0,0,0,-54
77.47,-3,1,-2,0,-0.039999999,0,0.140000001,0,0,0,-54
77.48,-3,2,-3,1,-0.07,0.02,-0.039999999,0,0,0,-54
77.49,-3,2,-3,1,-0.07,0.02,-0.039999999,0,0,0,-54
77.5,-3,2,-3,1,-0.07,0.050000001,-0.079999998,0,0,0,-54
77.51,-3,2,-3,1,-0.07,0.050000001,-0.079999998,0,0,0,-54
77.52,-4,2,-3,1,-0.02,0,0.200000003,0,0,0,-54
77.53,-4,2,-3,1,-0.02,0,0.200000003,0,0,0,-54
77.54,-3,2,-3,1,-0.02,0.02,0.02,0,0,0,-54
77.55,-4,2,-3,1,-0.02,0.02,0.02,0,0,0,-54
77.56,-3,2,-3,1,-0.039999999,0.039999999,-0.02,0,0,0,-54
77.57,-3,2,-3,1,-0.07,0.01,0.109999999,0,0,0,-54
77.58,-4,2,-3,1,-0.029999999,-0.029999999,0.209999993,0,0,0,-54
77.59,-4,2,-3,1,-0.029999999,-0.029999999,0.209999993,0,0,0,-54
77.6,-4,2,-3,1,-0.029999999,0,0.029999999,0,0,0,-54
77.61,-4,2,-3,1,-0.029999999,0,0.029999999,0,0,0,-54
77.62,-4,2,-3,1,-0.050000001,0.079999998,-0.079999998,0,0,0,-54
77.63,-4,2,0,1,-0.050000001,0.079999998,-0.079999998,0,0,0,-54
77.64,3,0,25,-2,-0.02,0.029999999,0.200000003,0,0,0,-54
77.65,45,-1,33,-1,-0.02,0.029999999,0.200000003,0,0,0,-54
77.66,20,-1,26,-2,0.519999981,0.439999998,-0.159999996,0,0,0,-54
77.67,45,-7,58,-6,0.769999981,0.370000005,-0.370000005,0,0,0,-54
77.68,61,-21,58,-10,0.970000029,0.560000002,-0.280000001,0,-0.01,-0.02,-54
77.69,73,-30,79,-18,0.970000029,0.560000002,-0.280000001,0,0,-0.039999999,-54
77.7,105,-41,109,-28,1.789999962,0.270000011,-0.129999995,0,-0.02,-0.050000001,-54
77.71,154,-61,106,-39,1.789999962,0.270000011,-0.129999995,0,-0.02,-0.07,-54
77.72,148,-74,157,-57,2.190000057,-0.170000002,-0.029999999,-0.01,-0.02,-0.079999998,-54
77.73,170,-94,163,-71,2.190000057,-0.170000002,-0.029999999,0,-0.029999999,-0.090000004,-54
77.74,182,-119,190,-92,2.569999933,-0.759999991,0.129999995,-0.029999999,-0.02,-0.090000004,-54
77.75,199,-132,207,-111,2.569999933,-0.759999991,0.129999995,0,-0.029999999,-0.090000004,-54
77.76,235,-157,227,-140,3.559999943,-0.959999979,0.529999971,0,-0.029999999,-0.090000004,-54
77.77,251,-179,253,-163,3.539999962,-0.970000029,-0.079999998,0,-0.029999999,-0.090000004,-54
77.78,267,-210,271,-186,3.519999981,-0.920000017,0.109999999,-0.01,-0.029999999,-0.090000004,-54
77.79,302,-225,295,-211,3.519999981,-0.920000017,0.109999999,0,-0.029999999,-0.090000004,-54
77.8,314,-251,320,-234,3.349999905,-0.720000029,-0.029999999,0.01,-0.02,-0.090000004,-54
77.81,374,-273,347,-257,3.349999905,-0.720000029,-0.029999999,0,-0.02,-0.090000004,-54
77.82,386,-295,374,-279,3.75999999,-0.340000004,0.379999995,0.01,-0.02,-0.100000002,-54
77.83,457,-322,407,-295,3.75999999,-0.340000004,0.379999995,0.01,-0.02,-0.109999999,-54
77.84,478,-342,456,-323,4.150000095,0.02,0.059999999,0.01,-0.02,-0.119999997,-54
77.85,534,-367,490,-341,4.150000095,0.02,0.059999999,0,-0.01,-0.140000001,-54
77.86,556,-400,527,-364,4.400000095,0.319999993,-0.170000002,0,-0.01,-0.159999996,-54
77.87,627,-420,571,-382,4.389999866,0.189999998,0.029999999,0,-0.01,-0.159999996,-54
77.88,651,-453,604,-408,4.630000114,0.039999999,-0.479999989,0,-0.02,-0.200000003,-54
77.89,687,-480,643,-436,4.630000114,0.039999999,-0.479999989,0,-0.01,-0.219999999,-54
77.9,733,-507,692,-459,4.739999771,-0.170000002,-0.219999999,-0.01,-0.02,-0.239999995,-54
77.91,784,-542,723,-487,4.739999771,-0.170000002,-0.219999999,-0.01,-0.02,-0.259999991,-54
77.92,806,-569,766,-521,4.760000229,-0.649999976,-0.300000012,-0.01,-0.02,-0.270000011,-54
77.93,847,-597,795,-546,4.760000229,-0.649999976,-0.300000012,-0.01,-0.02,-0.280000001,-54
77.94,890,-631,842,-580,4.96999979,-1.080000043,-0.01,0,-0.02,-0.289999992,-54
77.95,986,-662,884,-609,4.96999979,-1.080000043,-0.01,0,-0.02,-0.300000012,-54
77.96,1025,-699,916,-644,5,-1.269999981,0.140000001,0,-0.02,-0.300000012,-54
77.97,1063,-729,959,-668,5.110000134,-0.879999995,0.119999997,0,-0.02,-0.300000012,-54
77.98,1115,-763,1000,-703,5.010000229,-0.949999988,-0.119999997,0,-0.02,-0.319999993,-54
77.99,1131,-799,1042,-738,5.010000229,-0.949999988,-0.119999997,0,-0.02,-0.330000013,-54
78,1175,-833,1079,-765,5.429999828,-0.639999986,-0.100000002,0,-0.02,-0.340000004,-54
78.01,1213,-867,1109,-798,5.429999828,-0.639999986,-0.100000002,-0.029999999,-0.01,-0.349999994,-54
78.02,1236,-902,1160,-825,5.400000095,-0.550000012,0.189999998,-0.039999999,-0.01,-0.370000005,-54
78.03,1257,-929,1186,-850,5.400000095,-0.550000012,0.189999998,-0.050000001,-0.02,-0.389999986,-54
78.04,1293,-959,1261,-877,5.449999809,-0.439999998,-0.07,-0.039999999,-0.01,-0.400000006,-54
78.05,1366,-987,1309,-904,5.449999809,-0.439999998,-0.07,-0.02,-0.02,-0.419999987,-53
78.06,1404,-1026,1362,-929,5.570000172,-0.589999974,-0.159999996,-0.01,-0.01,-0.439999998,-52
78.07,1518,-1059,1399,-960,5.480000019,-0.660000026,0.090000004,-0.01,-0.01,-0.439999998,-51
78.08,1566,-1091,1432,-1000,5.559999943,-0.759999991,-0.300000012,0,-0.02,-0.479999989,-50
78.09,1589,-1136,1477,-1035,5.559999943,-0.759999991,-0.300000012,0,-0.02,-0.5,-48
78.1,1643,-1175,1517,-1069,5.889999866,-0.959999979,-0.07,0,-0.029999999,-0.509999991,-46
78.11,1676,-1215,1576,-1119,5.889999866,-0.959999979,-0.07,0.01,-0.02,-0.509999991,-44
78.12,1707,-1256,1604,-1170,6.28000021,-1.24000001,0.159999996,0.02,-0.039999999,-0.519999981,-43
78.13,1731,-1283,1655,-1211,6.28000021,-1.24000001,0.159999996,0.02,-0.029999999,-0.509999991,-42
78.14,1747,-1339,1695,-1260,6.159999847,-1.50999999,0.49000001,0.02,-0.029999999,-0.509999991,-40
78.15,1813,-1381,1705,-1300,6.159999847,-1.50999999,0.49000001,0.039999999,-0.039999999,-0.5,-39
78.16,1867,-1427,1776,-1361,6.579999924,-1.649999976,0.469999999,0.02,-0.02,-0.479999989,-39
78.17,1881,-1469,1825,-1409,6.710000038,-1.159999967,0.670000017,0.02,-0.02,-0.479999989,-38
78.18,1909,-1512,1856,-1462,6.989999771,-1.340000033,0.529999971,0.029999999,-0.02,-0.460000008,-37
78.19,1996,-1558,1895,-1504,6.989999771,-1.340000033,0.529999971,0.029999999,-0.02,-0.449999988,-36
78.2,2086,-1600,1947,-1545,7.050000191,-0.920000017,0.330000013,0.01,-0.01,-0.449999988,-36
78.21,2143,-1651,2009,-1598,7.050000191,-0.920000017,0.330000013,0,-0.01,-0.449999988,-35
78.22,2160,-1704,2064,-1653,6.849999905,-0.769999981,0.289999992,0,0,-0.449999988,-33
78.23,2269,-1744,2124,-1694,6.849999905,-0.769999981,0.289999992,0,-0.02,-0.460000008,-32
78.24,2297,-1782,2137,-1753,6.96999979,-0.289999992,-0.259999991,0,-0.01,-0.469999999,-31
78.25,2364,-1831,2194,-1794,6.96999979,-0.289999992,-0.259999991,0,-0.01,-0.469999999,-29
78.26,2406,-1899,2274,-1847,6.909999847,-0.930000007,-0.5,0,-0.029999999,-0.479999989,-27
78.27,2530,-1940,2342,-1902,7.170000076,-0.5,-0.670000017,0,-0.029999999,-0.479999989,-25
78.28,2574,-1995,2386,-1966,7.800000191,-1.120000005,-0.059999999,0.01,-0.029999999,-0.469999999,-24
78.29,2657,-2048,2410,-2007,7.800000191,-1.120000005,-0.059999999,0,-0.029999999,-0.460000008,-22
78.3,2726,-2099,2441,-2075,7.849999905,-1.710000038,-0.170000002,-0.01,-0.02,-0.449999988,-20
78.31,2734,-2163,2503,-2126,7.849999905,-1.710000038,-0.170000002,0,-0.029999999,-0.430000007,-19
78.32,2761,-2236,2513,-2199,7.71999979,-1.620000005,-0.289999992,-0.01,-0.02,-0.409999996,-17
78.33,2826,-2264,2568,-2257,7.71999979,-1.620000005,-0.289999992,0,-0.02,-0.379999995,-16
78.34,2848,-2314,2625,-2329,7.71999979,-1.620000005,0.349999994,0.02,-0.01,-0.360000014,-15
78.35,2804,-2388,2646,-2362,7.71999979,-1.620000005,0.349999994,0.029999999,0,-0.340000004,-15
78.36,2810,-2431,2692,-2434,8.630000114,-1.330000043,0.879999995,0.029999999,0,-0.319999993,-14
78.37,2801,-2491,2756,-2498,6.789999962,-0.879999995,0.550000012,0.029999999,0,-0.319999993,-14
78.38,2847,-2531,2815,-2540,8.630000114,-1.059999943,0.509999991,0.01,0.01,-0.280000001,-14
78.39,2882,-2604,2854,-2613,8.630000114,-1.059999943,0.509999991,0.01,0.01,-0.270000011,-14
78.4,2995,-2654,2896,-2675,7.849999905,-0.620000005,-0.07,-0.02,0.01,-0.259999991,-14
78.41,3050,-2692,2972,-2721,7.849999905,-0.620000005,-0.07,-0.02,0,-0.259999991,-14
78.42,3071,-2765,3022,-2762,7.269999981,-0.460000008,-0.49000001,-0.029999999,0,-0.259999991,-14
78.43,3130,-2824,3065,-2847,7.269999981,-0.460000008,-0.49000001,-0.02,0,-0.270000011,-14
78.44,3205,-2869,3138,-2895,7.230000019,-0.25,-0.25,0,0,-0.289999992,-14
78.45,3268,-2906,3164,-2923,7.230000019,-0.25,-0.25,-0.01,0,-0.300000012,-14
78.46,3281,-2978,3258,-2976,8.220000267,-0.090000004,-0.360000014,-0.01,0,-0.310000002,-14
78.47,3385,-3014,3320,-3031,6.760000229,-0.649999976,-0.779999971,-0.01,0,-0.310000002,-14
78.48,3403,-3047,3325,-3054,8.029999733,-1.110000014,-0.219999999,0,0,-0.340000004,-14
78.49,3429,-3121,3432,-3117,8.029999733,-1.110000014,-0.219999999,-0.01,0,-0.349999994,-14
78.5,3555,-3197,3495,-3172,7.300000191,-1.519999981,1.24000001,0,0,-0.360000014,-14
78.51,3595,-3202,3505,-3220,7.300000191,-1.519999981,1.24000001,-0.050000001,0,-0.370000005,-14
78.52,3667,-3293,3605,-3279,7.78000021,-1.879999995,-0.059999999,-0.050000001,0.01,-0.370000005,-14
78.53,3691,-3370,3636,-3341,7.78000021,-1.879999995,-0.059999999,-0.039999999,0,-0.379999995,-14
78.54,3744,-3406,3694,-3384,7.940000057,-1.710000038,-0.239999995,-0.029999999,0.02,-0.389999986,-14
78.55,3832,-3487,3804,-3449,7.940000057,-1.710000038,-0.239999995,0,0.02,-0.379999995,-14
78.56,3839,-3526,3865,-3490,7.610000134,-1.950000048,0.430000007,0.039999999,0.029999999,-0.379999995,-14
78.57,3948,-3552,3829,-3534,9.029999733,-2.460000038,-0.07,0.039999999,0.029999999,-0.379999995,-14
78.58,3967,-3585,3921,-3610,8.329999924,-2.440000057,-0.170000002,0.02,0.029999999,-0.389999986,-14
78.59,3976,-3627,3992,-3648,8.329999924,-2.440000057,-0.170000002,-0.01,0.02,-0.400000006,-14
78.6,4089,-3722,4042,-3687,7.889999866,-2.440000057,0.01,-0.050000001,0.029999999,-0.400000006,-14
78.61,4149,-3772,4085,-3764,7.889999866,-2.440000057,0.01,-0.029999999,0.01,-0.409999996,-14
78.62,4193,-3826,4174,-3768,7.309999943,-2.220000029,-0.280000001,-0.029999999,0.029999999,-0.419999987,-14
78.63,4281,-3839,4187,-3855,7.309999943,-2.220000029,-0.280000001,-0.02,0.029999999,-0.430000007,-14
78.64,4352,-3875,4245,-3894,8.510000229,-1.639999986,0.560000002,0.02,0,-0.449999988,-13
78.65,4367,-3975,4313,-3997,8.510000229,-1.639999986,0.560000002,0.01,0.039999999,-0.449999988,-12
78.66,4514,-3997,4359,-4050,8.449999809,-1.49000001,-0.680000007,-0.02,0.02,-0.460000008,-11
78.67,4604,-4054,4423,-4091,8.119999886,-2.24000001,-0.430000007,-0.02,0.02,-0.460000008,-9
78.68,4667,-4129,4482,-4196,7.679999828,-1.850000024,-0.819999993,0.01,0.029999999,-0.469999999,-7
78.69,4734,-4173,4496,-4232,7.679999828,-1.850000024,-0.819999993,0.039999999,0,-0.460000008,-5
78.7,4733,-4245,4572,-4301,7.860000134,-2.069999933,-1.200000048,0.039999999,0.02,-0.439999998,-3
78.71,4929,-4319,4614,-4332,7.860000134,-2.069999933,-1.200000048,0.050000001,-0.01,-0.419999987,-2
78.72,5050,-4378,4636,-4452,7.869999886,-2.940000057,-0.920000017,0.029999999,0.01,-0.379999995,-1
78.73,5130,-4444,4688,-4493,7.869999886,-2.940000057,-0.920000017,0,0,-0.340000004,0
78.74,5162,-4567,4728,-4567,8.949999809,-3.170000076,-0.100000002,-0.02,0,-0.289999992,2
78.75,5064,-4623,4805,-4632,8.949999809,-3.170000076,-0.100000002,-0.02,0,-0.239999995,3
78.76,4938,-4746,4781,-4751,8.630000114,-2.329999924,0.200000003,-0.01,0,-0.200000003,3
78.77,4977,-4826,4820,-4782,8.869999886,-1.639999986,-0.319999993,-0.01,0,-0.200000003,3
78.78,4924,-4920,4892,-4857,8.390000343,-1.620000005,-0.170000002,0.050000001,0.01,-0.090000004,3
78.79,5016,-4901,4909,-4907,8.390000343,-1.620000005,-0.170000002,0.129999995,0.029999999,-0.039999999,3
78.8,5033,-4962,4972,-4996,8.779999733,-1.75,1.029999971,0.100000002,0.02,0,3
78.81,5146,-5085,5018,-5022,8.779999733,-1.75,1.029999971,0.109999999,0.02,0.02,3
78.82,5183,-5122,5062,-5107,7.78000021,-1.299999952,-0.540000022,-0.029999999,0.01,0.050000001,3
78.83,5197,-5215,5116,-5166,7.78000021,-1.299999952,-0.540000022,-0.029999999,0.02,0.050000001,3
78.84,5192,-5330,5168,-5232,7.389999866,-0.379999995,-1.25999999,-0.100000002,0.02,0.050000001,3
78.85,5261,-5552,5247,-5301,7.389999866,-0.379999995,-1.25999999,-0.02,0,0.029999999,3
78.86,5334,-5762,5283,-5325,7.079999924,0.310000002,-1.330000043,-0.01,0.02,0.02,2
78.87,5369,-6045,5375,-5371,9.130000114,2.049999952,0.629999995,-0.01,0.02,0.02,1
78.88,5445,-6029,5473,-5381,6.5,0.649999976,-1.720000029,0.100000002,0.02,-0.01,0
78.89,5461,-5687,5581,-5463,6.5,0.649999976,-1.720000029,0.050000001,0,-0.02,-1
78.9,5582,-5498,5599,-5509,7.170000076,-0.949999988,1.059999943,0,-0.01,-0.039999999,-1
78.91,5696,-5650,5632,-5536,7.170000076,-0.949999988,1.059999943,-0.230000004,0.02,-0.07,-1
78.92,5719,-5860,5727,-5592,6.400000095,0.150000006,2.910000086,-0.150000006,-0.07,-0.119999997,-1
78.93,5803,-6096,5765,-5620,6.400000095,0.150000006,2.910000086,-0.180000007,0.02,-0.159999996,-1
78.94,5783,-6107,5836,-5686,10.48999977,1.059999943,1.299999952,0.02,-0.07,-0.200000003,-2
78.95,5908,-6166,5928,-5710,10.48999977,1.059999943,1.299999952,0.059999999,-0.029999999,-0.230000004,-2
78.96,5950,-6214,5963,-5734,9.420000076,-0.180000007,-0.07,0.140000001,-0.02,-0.25,-2
78.97,6081,-6050,6012,-5828,8.93999958,-1.639999986,2.170000076,0.140000001,-0.02,-0.25,-2
78.98,6224,-5997,6093,-5864,6.25,-1.799999952,-1.700000048,0.059999999,0.01,-0.280000001,-2
78.99,6316,-6103,6113,-5972,6.25,-1.799999952,-1.700000048,0,-0.059999999,-0.289999992,-2
79,6414,-6175,6184,-6059,7.199999809,-1.980000019,2.190000057,-0.079999998,-0.039999999,-0.310000002,-2
79.01,6489,-6355,6216,-6150,7.199999809,-1.980000019,2.190000057,-0.209999993,0.029999999,-0.319999993,-2
79.02,6369,-6641,6292,-6273,9.399999619,0.140000001,0.660000026,-0.150000006,-0.029999999,-0.349999994,-3
79.03,6316,-6679,6392,-6378,9.399999619,0.140000001,0.660000026,-0.090000004,0.02,-0.370000005,-3
79.04,6506,-6629,6428,-6389,6.420000076,-0.75,-2.700000048,0.02,0.02,-0.389999986,-3
79.05,6552,-6588,6525,-6379,6.420000076,-0.75,-2.700000048,0.180000007,-0.039999999,-0.409999996,-3
79.06,6599,-6376,6592,-6200,7.019999981,-3.400000095,-3.269999981,0.239999995,-0.07,-0.430000007,-3
79.07,6666,-6221,6634,-6239,8.81000042,-5.550000191,-0.079999998,0.239999995,-0.07,-0.430000007,-3
79.08,6667,-6386,6666,-6419,7,-5.769999981,5.300000191,0.01,-0.059999999,-0.419999987,-3
79.09,6715,-6520,6677,-6496,7,-5.769999981,5.300000191,-0.150000006,-0.079999998,-0.400000006,-2
79.1,6811,-6550,6714,-6531,8.300000191,-3.99000001,2.730000019,-0.219999999,-0.02,-0.370000005,-2
79.11,6793,-6714,6767,-6618,8.300000191,-3.99000001,2.730000019,-0.280000001,0,-0.340000004,-1
79.12,6871,-6900,6765,-6790,8.260000229,-1.200000048,-0.059999999,-0.07,0.02,-0.310000002,-1
79.13,6930,-6970,6815,-6806,8.260000229,-1.200000048,-0.059999999,0.050000001,0.059999999,-0.280000001,-1
79.14,6929,-6941,6867,-6811,9.170000076,-1.539999962,-1.5,0.189999998,0.059999999,-0.259999991,-1
79.15,7077,-6864,6963,-6786,9.170000076,-1.539999962,-1.5,0.209999993,0.079999998,-0.219999999,-1
79.16,7192,-6787,7047,-6865,9.399999619,-3.559999943,-0.75,0.159999996,0.029999999,-0.200000003,-1
79.17,7188,-6875,7025,-6915,6.550000191,-3.5,-2.299999952,0.159999996,0.029999999,-0.200000003,0
79.18,7126,-7000,7010,-6935,7.289999962,-4.329999924,-1.299999952,-0.209999993,0.039999999,-0.159999996,0
79.19,7042,-7101,7096,-6994,7.289999962,-4.329999924,-1.299999952,-0.170000002,0.050000001,-0.140000001,0
79.2,7093,-7130,7051,-7042,6.110000134,-2.480000019,3.319999933,-0.079999998,0.029999999,-0.109999999,0
79.21,7157,-7102,7092,-7087,6.110000134,-2.480000019,3.319999933,-0.01,0.100000002,-0.090000004,0
79.22,7170,-7072,7145,-7101,4.75,-1.220000029,2.410000086,0.050000001,0.109999999,-0.07,0
79.23,7221,-7131,7178,-7120,4.75,-1.220000029,2.410000086,0.07,0.140000001,-0.050000001,0
79.24,7262,-7196,7198,-7249,6.739999771,-2.309999943,0.709999979,0.079999998,0.100000002,-0.050000001,0
79.25,7351,-7231,7226,-7308,6.739999771,-2.309999943,0.709999979,0.02,0.109999999,-0.050000001,0
79.26,7439,-7278,7301,-7353,6.360000134,0.039999999,-2.49000001,0,0.109999999,-0.059999999,0
79.27,7407,-7319,7402,-7372,5.349999905,0.430000007,-1.649999976,0,0.109999999,-0.059999999,0
79.28,7416,-7371,7429,-7418,7.090000153,-0.800000012,-2.809999943,-0.090000004,0.059999999,-0.07,0
79.29,7534,-7450,7464,-7442,7.090000153,-0.800000012,-2.809999943,-0.01,0.039999999,-0.07,0
79.3,7541,-7488,7497,-7483,5.949999809,-0.280000001,-2.410000086,0.02,0,-0.07,0
79.31,7545,-7480,7562,-7531,5.949999809,-0.280000001,-2.410000086,0.090000004,0,-0.07,0
79.32,7635,-7542,7624,-7512,5.599999905,-0.419999987,-1.370000005,0.07,-0.02,-0.07,0
79.33,7670,-7615,7636,-7550,5.599999905,-0.419999987,-1.370000005,0.129999995,-0.050000001,-0.07,0
79.34,7734,-7666,7653,-7632,6.21999979,-2.230000019,2.119999886,0.029999999,-0.029999999,-0.059999999,0
79.35,7758,-7722,7672,-7714,6.21999979,-2.230000019,2.119999886,0.029999999,-0.02,-0.059999999,0
79.36,7818,-7650,7708,-7764,5.639999866,-0.07,0.930000007,-0.02,0,-0.059999999,0
79.37,7840,-7727,7762,-7769,6.389999866,-0.800000012,1.519999981,-0.02,0,-0.059999999,0
79.38,7881,-7865,7860,-7751,4.159999847,-0.389999986,0.029999999,-0.050000001,-0.02,-0.07,0
79.39,7881,-7808,7876,-7794,4.159999847,-0.389999986,0.029999999,-0.07,-0.02,-0.07,0
79.4,7934,-7836,7934,-7838,5.769999981,-0.910000026,-0.660000026,-0.02,-0.01,-0.079999998,0
79.41,7957,-7940,7905,-7870,5.769999981,-0.910000026,-0.660000026,-0.039999999,-0.029999999,-0.090000004,0
79.42,7983,-7973,7941,-7912,4.690000057,-0.550000012,-2.849999905,-0.02,-0.029999999,-0.100000002,0
79.43,8062,-7949,7993,-7909,4.690000057,-0.550000012,-2.849999905,0.079999998,-0.059999999,-0.109999999,0
79.44,8091,-7911,8018,-7871,3.970000029,-1.070000052,0.670000017,0.180000007,-0.039999999,-0.119999997,0
79.45,8141,-7918,8089,-7915,4.28000021,-1.299999952,2.980000019,0.119999997,-0.02,-0.129999995,0
79.46,8101,-7954,8069,-8000,4.380000114,-1.929999948,0.99000001,0.029999999,-0.01,-0.140000001,0
79.47,8155,-8015,8090,-8120,3.849999905,-1.940000057,-0.200000003,-0.090000004,0.029999999,-0.140000001,1
79.48,8202,-8047,8138,-8170,5.5,0.259999991,1.039999962,-0.039999999,0.029999999,-0.150000006,2
79.49,8247,-8088,8149,-8101,4.940000057,1.029999971,-2.160000086,0,0,-0.150000006,2
79.5,8266,-8093,8202,-8149,4.880000114,0.889999986,-2.400000095,-0.059999999,-0.01,-0.140000001,2
79.51,8259,-8128,8217,-8138,3.269999981,0.209999993,0.07,0.07,-0.01,-0.119999997,2
79.52,8265,-8153,8204,-8132,4.28000021,-1.860000014,-0.340000004,0.02,0,-0.090000004,3
79.53,8270,-8188,8227,-8148,3.789999962,-2.75,1.399999976,0.090000004,0.02,-0.07,4
79.54,8268,-8169,8216,-8175,3.549999952,-3.390000105,3.5,0,0.029999999,-0.029999999,5
79.55,8222,-8180,8208,-8179,3.269999981,-2.089999914,3.470000029,0,0.090000004,-0.01,6
79.56,8229,-8208,8191,-8241,2.609999895,-1.50999999,-0.090000004,-0.02,0.140000001,0.01,6
79.57,8239,-8217,8119,-8274,1.529999971,-0.039999999,-0.25,0.050000001,0.180000007,0.029999999,6
79.58,8249,-8229,8149,-8290,3.25999999,0.270000011,-1.389999986,0.059999999,0.170000002,0.050000001,6
79.59,8233,-8246,8170,-8301,0.140000001,-0.460000008,-3.309999943,-0.01,0.159999996,0.079999998,6
79.6,8279,-8306,8195,-8308,1.309999943,1.169999957,-0.839999974,-0.07,0.150000006,0.100000002,6
79.61,8249,-8264,8211,-8277,1.049999952,-0.140000001,1.5,-0.150000006,0.140000001,0.119999997,6
79.62,8194,-8305,8207,-8297,2.25,0,0,-0.050000001,0.140000001,0.140000001,6
79.63,8222,-8293,8219,-8285,0.829999983,0.769999981,-1.909999967,0.01,0.109999999,0.129999995,6
79.64,8319,-8291,8189,-8260,0.330000013,1.070000052,-1.769999981,0.100000002,0.119999997,0.119999997,6
79.65,8309,-8271,8168,-8280,0.560000002,0.430000007,-2.849999905,0.150000006,0.129999995,0.119999997,6
79.66,8295,-8324,8153,-8310,-0.49000001,-1.120000005,-1.820000052,0.140000001,0.07,0.119999997,6
79.67,8307,-8316,8147,-8337,-0.519999981,-0.540000022,-1.769999981,0.109999999,0.039999999,0.109999999,6
79.68,8313,-8299,8166,-8329,-1.100000024,-0.02,-0.419999987,0,-0.02,0.109999999,6
79.69,8309,-8349,8190,-8274,-0.560000002,0.230000004,-1.49000001,-0.02,-0.059999999,0.100000002,6
79.7,8332,-8264,8170,-8260,-1.799999952,0.25,-0.300000012,-0.129999995,-0.079999998,0.090000004,6
79.71,8326,-8238,8199,-8269,0.379999995,0.119999997,-2.849999905,-0.029999999,-0.090000004,0.090000004,6
79.72,8282,-8271,8208,-8273,-2.640000105,2.74000001,0.819999993,0.059999999,-0.079999998,0.079999998,6
79.73,8244,-8274,8191,-8235,0.01,1.649999976,3.00999999,0.039999999,-0.109999999,0.039999999,5
79.74,8293,-8216,8158,-8169,-1.710000038,1.610000014,1.539999962,0.039999999,-0.109999999,0.02,4
79.75,8402,-8154,8111,-8138,-2,0.879999995,0.899999976,0,-0.119999997,-0.01,3
79.76,8294,-8070,8197,-8098,-1.549999952,-0.509999991,0.150000006,-0.01,-0.109999999,-0.029999999,2
79.77,8289,-8155,8247,-8154,-2.200000048,0.370000005,1.679999948,-0.039999999,-0.079999998,-0.059999999,2
79.78,8364,-8167,8223,-8158,-1.580000043,0.879999995,3.299999952,0.02,-0.079999998,-0.119999997,1
79.79,8319,-8036,8233,-8060,-2.549999952,0.670000017,2.799999952,0,-0.039999999,-0.159999996,1
79.8,8338,-8059,8264,-8024,-0.509999991,-0.100000002,2.130000114,0,-0.01,-0.209999993,1
79.81,8330,-8053,8279,-7996,-3.119999886,-0.569999993,2.640000105,-0.029999999,-0.01,-0.239999995,1
79.82,8316,-8019,8257,-7966,-1.309999943,-1.340000033,1.419999957,-0.059999999,0.029999999,-0.270000011,1
79.83,8327,-7964,8254,-7857,-2.210000038,-0.439999998,-0.99000001,0,0.029999999,-0.289999992,1
79.84,8409,-7966,8285,-7921,-2.190000057,2.480000019,-1.299999952,0.119999997,0.01,-0.349999994,0
79.85,8350,-7875,8227,-7921,-2.519999981,-3.839999914,3.059999943,0,0.02,-0.370000005,0
79.86,8362,-7894,8216,-7832,-0.25,-2.220000029,1.899999976,0.07,0.029999999,-0.400000006,-1
79.87,8341,-7898,8238,-7837,-3.480000019,-5.260000229,0.629999995,-0.140000001,0,-0.409999996,-1
79.88,8377,-7877,8198,-7835,-1.370000005,-1.120000005,-1.5,-0.050000001,0.02,-0.439999998,-2
79.89,8369,-7835,8242,-7826,-2.579999924,-3.140000105,-0.439999998,-0.140000001,0,-0.469999999,-3
79.9,8387,-7783,8235,-7777,-1.879999995,-3.710000038,-2.25999999,-0.119999997,-0.029999999,-0.49000001,-5
79.91,8346,-7777,8267,-7738,-1.460000038,-4.639999866,-1.309999943,-0.150000006,-0.02,-0.509999991,-6
79.92,8338,-7752,8291,-7709,-2.349999905,-4.380000114,-1.409999967,-0.119999997,-0.050000001,-0.529999971,-8
79.93,8352,-7696,8272,-7719,-2.130000114,-5.110000134,-0.649999976,-0.140000001,-0.039999999,-0.550000012,-10
79.94,8344,-7677,8268,-7652,-2.50999999,-5.059999943,1.049999952,-0.079999998,-0.059999999,-0.579999983,-11
79.95,8352,-7631,8246,-7614,-1.529999971,-5.849999905,-0.159999996,-0.050000001,-0.01,-0.620000005,-12
79.96,8340,-7575,8255,-7605,-2.5,-6.889999866,1.480000019,-0.050000001,-0.02,-0.639999986,-12
79.97,8298,-7540,8246,-7561,-1.269999981,-7.130000114,0.589999974,-0.039999999,0,-0.680000007,-13
79.98,8324,-7545,8242,-7538,-2.539999962,-6.860000134,1.519999981,-0.029999999,0.029999999,-0.720000029,-13
79.99,8309,-7501,8266,-7545,-2.279999971,-6.599999905,-0.379999995,-0.02,0.059999999,-0.75,-13
80,8314,-7485,8223,-7528,-1.730000019,-8.130000114,0.300000012,-0.029999999,0.050000001,-0.779999971,-13
80.01,8351,-7454,8278,-7470,-2,-7.380000114,-0.389999986,-0.07,0.090000004,-0.810000002,-13
80.02,8273,-7457,8251,-7424,-1.799999952,-9.369999886,0.230000004,-0.129999995,0.050000001,-0.829999983,-13
80.03,8311,-7425,8226,-7385,-1.879999995,-9.180000305,-0.970000029,-0.100000002,0.079999998,-0.850000024,-13
80.04,8306,-7389,8210,-7362,-1.620000005,-7.949999809,-0.610000014,-0.039999999,0.050000001,-0.850000024,-14
80.05,8338,-7400,8203,-7332,-3.059999943,-8.090000153,-0.790000022,-0.059999999,0.059999999,-0.879999995,-14
80.06,8330,-7342,8196,-7291,-0.939999998,-9.409999847,-0.200000003,-0.02,0.050000001,-0.899999976,-14
80.07,8285,-7331,8147,-7286,-2.730000019,-10.43000031,-0.720000029,-0.02,0.029999999,-0.920000017,-14
80.08,8292,-7300,8193,-7269,-1.519999981,-10.02999973,-0.720000029,0,0.039999999,-0.930000007,-14
80.09,8287,-7300,8196,-7233,-1.909999967,-9.460000038,-0.5,0,-0.01,-0.949999988,-14
80.1,8303,-7306,8164,-7264,-1.899999976,-9.329999924,-1.690000057,0,0.01,-0.959999979,-14
80.11,8252,-7266,8219,-7229,-1.00999999,-10.56000042,-1.210000038,-0.02,0,-0.970000029,-14
80.12,8218,-7261,8178,-7231,-2.289999962,-10.75,-1.730000019,0.059999999,-0.029999999,-0.970000029,-14
80.13,8238,-7248,8147,-7221,-2.079999924,-11.19999981,-0.970000029,-0.01,-0.01,-0.970000029,-14
80.14,8254,-7240,8154,-7214,-0.660000026,-13.02999973,0.550000012,0.02,-0.039999999,-0.949999988,-14
80.15,8187,-7222,8083,-7210,-2.039999962,-12,0.419999987,0.039999999,-0.039999999,-0.939999998,-15
80.16,8173,-7211,8069,-7170,-0.519999981,-11.47000027,0.100000002,-0.029999999,-0.039999999,-0.930000007,-15
80.17,8116,-7206,8049,-7167,-2.220000029,-11.69999981,0.100000002,-0.02,-0.039999999,-0.920000017,-16
80.18,8130,-7157,8042,-7167,-2.170000076,-12.28999996,0.419999987,-0.039999999,0.01,-0.910000026,-17
80.19,8089,-7154,8073,-7158,-0.310000002,-12.35999966,2.910000086,-0.039999999,0,-0.889999986,-17
80.2,8084,-7120,7990,-7141,-2.450000048,-12.10999966,1.590000033,-0.02,0.039999999,-0.889999986,-18
80.21,8077,-7110,8016,-7106,-0.730000019,-10.77999973,0.02,-0.079999998,0.039999999,-0.889999986,-19
80.22,8008,-7115,8051,-7123,-2.910000086,-10.38000011,-0.07,0,0.039999999,-0.899999976,-19
80.23,8047,-7064,7960,-7080,-1.169999957,-11.17000008,-0.400000006,0.059999999,0.059999999,-0.899999976,-20
80.24,8003,-7062,7952,-7059,-1.899999976,-11.35000038,-0.550000012,0.079999998,0.050000001,-0.920000017,-20
80.25,8028,-7045,7942,-7035,-2.960000038,-10.84000015,-0.879999995,0.07,0.039999999,-0.939999998,-20
80.26,8052,-7046,7936,-6993,-2.019999981,-11.93000031,-0.200000003,0.01,0.039999999,-0.949999988,-21
80.27,7992,-7009,7912,-6990,-2.299999952,-10.72000027,1.25999999,0.029999999,0.029999999,-0.980000019,-21
80.28,7992,-6989,7918,-6933,-1.75,-11.30000019,-0.469999999,0.029999999,0.039999999,-1,-22
80.29,8000,-6963,7916,-6896,-1.75999999,-9.979999542,-0.959999979,0.039999999,0.02,-1.019999981,-22
80.3,7995,-6876,7903,-6896,-2.00999999,-10.69999981,-1.360000014,0,0.01,-1.039999962,-22
80.31,8005,-6840,7891,-6894,-1.649999976,-10.72000027,-0.829999983,0.02,0.029999999,-1.049999952,-22
80.32,7949,-6902,7957,-6852,-2.99000001,-11,-0.349999994,0,0.01,-1.070000052,-22
80.33,8011,-6896,7924,-6840,-2.130000114,-11.80000019,-0.610000014,-0.039999999,0.01,-1.100000024,-22
80.34,7967,-6848,7880,-6843,-1.659999967,-11.02000046,-0.090000004,-0.029999999,-0.02,-1.120000005,-22
80.35,7955,-6811,7904,-6828,-3.099999905,-11.34000015,-0.579999983,-0.029999999,0,-1.129999995,-22
80.36,7991,-6794,7867,-6782,-1.039999962,-11.59000015,0.430000007,-0.029999999,-0.02,-1.149999976,-22
80.37,7960,-6802,7841,-6759,-2.890000105,-12.56999969,0.370000005,0.01,0,-1.159999967,-22
80.38,7874,-6761,7822,-6740,-0.74000001,-12.92000008,0.879999995,-0.01,0.01,-1.169999957,-22
80.39,7889,-6738,7847,-6721,-1.570000052,-12.21000004,1.980000019,-0.01,0.01,-1.169999957,-22
80.4,7814,-6753,7828,-6693,-1.120000005,-12.13000011,0.720000029,0.01,0.029999999,-1.179999948,-23
80.41,7971,-6706,7777,-6655,-2.029999971,-12.27999973,0.509999991,-0.050000001,0.050000001,-1.179999948,-23
80.42,7880,-6686,7798,-6626,-1.820000052,-12.55000019,-0.340000004,-0.039999999,0.050000001,-1.169999957,-23
80.43,7773,-6653,7821,-6601,-2.74000001,-12.60000038,-0.349999994,-0.029999999,0.039999999,-1.179999948,-23
80.44,7830,-6651,7766,-6547,-1.929999948,-11.13000011,0.029999999,0.039999999,0.050000001,-1.200000048,-23
80.45,7831,-6634,7765,-6503,-1.620000005,-10.86999989,-1.470000029,0.090000004,0,-1.220000029,-23
80.46,7824,-6621,7744,-6508,-2.440000057,-10.86999989,-2.799999952,0.090000004,0,-1.25,-23
80.47,7829,-6579,7723,-6510,-1.580000043,-11.77999973,-3.170000076,0.059999999,-0.01,-1.25999999,-23
80.48,7750,-6570,7691,-6502,-2.180000067,-12.56000042,-1.299999952,0.109999999,-0.039999999,-1.279999971,-23
80.49,7757,-6556,7708,-6502,-1.350000024,-10.35000038,2.420000076,-0.02,0,-1.299999952,-24
80.5,7755,-6519,7687,-6462,-1.110000014,-13.93000031,0.649999976,-0.079999998,-0.01,-1.289999962,-24
80.51,7757,-6527,7692,-6465,-1.789999962,-11.93999958,0.25,-0.02,0,-1.279999971,-24
80.52,7743,-6469,7657,-6447,-1.269999981,-12.22000027,1.419999957,-0.200000003,0,-1.279999971,-24
80.53,7656,-6485,7632,-6407,-1.25,-13.80000019,-2.579999924,-0.140000001,0.01,-1.269999981,-24
80.54,7709,-6453,7702,-6395,-1.799999952,-11.52000046,0.379999995,-0.140000001,0.01,-1.269999981,-24
80.55,7641,-6397,7658,-6371,-1.970000029,-16.14999962,0.550000012,-0.109999999,0.029999999,-1.25,-24
80.56,7604,-6388,7563,-6370,-0.720000029,-13.40999985,1.49000001,0.01,0.039999999,-1.230000019,-24
80.57,7656,-6379,7541,-6347,-1.460000038,-13.32999992,1.429999948,0,0.07,-1.230000019,-24
80.58,7628,-6374,7519,-6310,-2.119999886,-13.90999985,-1.049999952,0.07,0.07,-1.220000029,-24
80.59,7562,-6379,7476,-6318,-1.110000014,-12.88000011,0.189999998,0.07,0.07,-1.230000019,-24
80.6,7557,-6368,7491,-6304,-1.75,-13.39999962,-0.360000014,0.100000002,0.079999998,-1.24000001,-24
80.61,7592,-6370,7503,-6300,-1.460000038,-11.84000015,-0.419999987,0.109999999,0.050000001,-1.25,-24
80.62,7650,-6375,7563,-6314,-2.289999962,-11.93999958,-0.419999987,0.01,0.050000001,-1.25999999,-24
80.63,7663,-6393,7570,-6342,-1.070000052,-11.40999985,-1.75999999,0.02,0.050000001,-1.269999981,-24
80.64,7560,-6414,7535,-6357,-1.120000005,-11.94999981,-0.319999993,-0.029999999,0,-1.279999971,-24
80.65,7585,-6427,7529,-6326,-1.039999962,-13.10000038,-1.139999986,-0.059999999,0.01,-1.289999962,-24
80.66,7579,-6385,7542,-6348,-0.340000004,-13.36999989,-0.230000004,-0.050000001,-0.029999999,-1.289999962,-24
80.67,7579,-6383,7532,-6344,-0.219999999,-12.06999969,-0.75,-0.02,-0.029999999,-1.299999952,-24
80.68,7594,-6332,7471,-6349,0.170000002,-13.07999992,-1.00999999,-0.039999999,-0.059999999,-1.289999962,-24
80.69,7558,-6366,7480,-6377,-0.209999993,-12.21000004,0.119999997,0,-0.059999999,-1.279999971,-23
80.7,7539,-6355,7499,-6386,-0.280000001,-12.81999969,-0.819999993,0,-0.059999999,-1.269999981,-23
80.71,7522,-6370,7500,-6413,1.429999948,-13.15999985,1.029999971,0.039999999,-0.079999998,-1.25,-23
80.72,7504,-6356,7488,-6455,0.119999997,-13.35000038,0.660000026,0.090000004,-0.050000001,-1.220000029,-23
80.73,7448,-6380,7487,-6467,1.679999948,-14.27000046,0.800000012,0.079999998,-0.039999999,-1.179999948,-23
80.74,7479,-6369,7434,-6446,1.179999948,-12.77000046,-0.319999993,0.159999996,-0.039999999,-1.159999967,-23
80.75,7424,-6401,7412,-6471,0.879999995,-13.68999958,-0.860000014,0.050000001,0,-1.120000005,-23
80.76,7376,-6405,7410,-6468,0.709999979,-13.39999962,0.050000001,0.059999999,0,-1.100000024,-23
80.77,7393,-6418,7401,-6437,0.540000022,-12.55000019,1,-0.029999999,0.02,-1.059999943,-23
80.78,7364,-6405,7375,-6464,1.220000029,-13.06999969,0.970000029,-0.050000001,0.029999999,-1.049999952,-23
80.79,7371,-6413,7347,-6495,-0.330000013,-13.65999985,0.330000013,-0.100000002,0.059999999,-1.019999981,-23
80.8,7386,-6421,7304,-6474,1.5,-12.22000027,0.239999995,-0.059999999,0.079999998,-1,-24
80.81,7363,-6402,7318,-6457,-0.189999998,-12.97000027,-0.620000005,-0.059999999,0.079999998,-0.99000001,-24
80.82,7363,-6380,7307,-6481,-0.689999998,-12.81999969,0.330000013,-0.050000001,0.119999997,-0.99000001,-24
80.83,7331,-6395,7318,-6497,0.879999995,-12.18000031,0.670000017,0.02,0.109999999,-0.99000001,-24
80.84,7352,-6377,7330,-6496,-1.129999995,-12.43000031,-0.939999998,0.059999999,0.129999995,-0.99000001,-25
80.85,7348,-6346,7315,-6475,0.370000005,-10.5,-1.370000005,0.07,0.119999997,-1.00999999,-25
80.86,7348,-6340,7322,-6479,-0.090000004,-12.68000031,-1.940000057,0.07,0.100000002,-1.019999981,-25
80.87,7351,-6338,7331,-6475,-0.5,-10.57999992,-0.970000029,0.109999999,0.100000002,-1.039999962,-26
80.88,7339,-6325,7331,-6428,-0.209999993,-10.81000042,-1.129999995,0.07,0.059999999,-1.070000052,-26
80.89,7391,-6304,7360,-6392,-1.549999952,-12.89000034,-1.289999962,-0.01,0.050000001,-1.100000024,-26
80.9,7413,-6309,7347,-6362,-0.230000004,-10.30000019,0.039999999,-0.02,0.02,-1.139999986,-27
80.91,7466,-6324,7348,-6383,-0.879999995,-11.23999977,-0.540000022,-0.119999997,0,-1.169999957,-27
80.92,7463,-6292,7373,-6361,-0.889999986,-11.73999977,-1.330000043,-0.100000002,-0.01,-1.210000038,-27
80.93,7453,-6275,7342,-6324,0.079999998,-9.539999962,-0.689999998,-0.090000004,-0.059999999,-1.25,-27
80.94,7465,-6243,7359,-6302,-1.370000005,-13.01000023,-2.230000019,-0.109999999,-0.02,-1.25999999,-27
80.95,7431,-6236,7405,-6291,-0.629999995,-11.61999989,1.230000019,0,-0.029999999,-1.269999981,-27
80.96,7443,-6228,7417,-6270,0.230000004,-13.07999992,2.069999933,0.050000001,-0.01,-1.279999971,-27
80.97,7426,-6240,7347,-6285,0.439999998,-14.47999954,1.470000029,0.059999999,-0.02,-1.279999971,-27
80.98,7401,-6204,7383,-6292,0.860000014,-11.76000023,0.430000007,0.100000002,-0.01,-1.279999971,-27
80.99,7378,-6203,7355,-6283,-1.549999952,-15.22000027,0.059999999,0.02,-0.02,-1.269999981,-27
81,7396,-6182,7366,-6261,0.349999994,-10.90999985,-0.370000005,0.159999996,0.01,-1.289999962,-27
81.01,7445,-6217,7381,-6259,-0.639999986,-13.67000008,1.360000014,0.01,-0.01,-1.289999962,-27
81.02,7422,-6202,7314,-6240,0.379999995,-12.51000023,-0.980000019,0.129999995,0,-1.289999962,-27
81.03,7399,-6185,7309,-6206,0.340000004,-12.89999962,0.889999986,-0.029999999,-0.039999999,-1.299999952,-27
81.04,7375,-6207,7308,-6237,0.01,-10.84000015,-2.529999971,0.050000001,0,-1.299999952,-27
81.05,7381,-6190,7314,-6215,0.360000014,-11.71000004,-0.779999971,-0.01,0,-1.289999962,-27
81.06,7405,-6197,7331,-6180,0.239999995,-13.43000031,0.870000005,0,0.01,-1.269999981,-27
81.07,7361,-6184,7339,-6203,1.25,-14.42000008,1.169999957,0.01,0.01,-1.25,-27
81.08,7363,-6178,7299,-6229,0.519999981,-13.26000023,0.140000001,0,0.029999999,-1.24000001,-27
81.09,7219,-6204,7310,-6227,1.5,-11.44999981,-1.370000005,0,0.050000001,-1.230000019,-27
81.1,7382,-6236,7311,-6269,0.920000017,-11.27000046,-1.75,-0.01,0.050000001,-1.210000038,-27
81.11,7385,-6167,7289,-6288,-0.129999995,-12.35000038,-1.429999948,0,0.100000002,-1.179999948,-26
81.12,7301,-6153,7302,-6290,0.730000019,-13.13000011,-0.280000001,0.090000004,0.079999998,-1.190000057,-25
81.13,7336,-6233,7263,-6297,-0.5,-13.23999977,0.239999995,0.109999999,0.050000001,-1.200000048,-24
81.14,7381,-6248,7268,-6267,2.460000038,-11.64999962,0.689999998,0.090000004,0,-1.200000048,-23
81.15,7324,-6205,7291,-6226,-1.070000052,-13.81999969,-1.200000048,0.01,0.02,-1.200000048,-22
81.16,7304,-6247,7240,-6248,2.529999971,-12.71000004,1.169999957,0,0.01,-1.190000057,-22
81.17,7318,-6251,7224,-6308,-0.079999998,-13.77000046,1.429999948,-0.01,0,-1.139999986,-21
81.18,7288,-6261,7230,-6293,1.25,-11.89000034,0.819999993,0.07,0.029999999,-1.120000005,-21
81.19,7282,-6285,7227,-6296,1.960000038,-12.18999958,0.100000002,0.050000001,0,-1.090000033,-21
81.2,7258,-6292,7229,-6325,0.810000002,-12.68999958,-1.289999962,0.090000004,0,-1.049999952,-21
81.21,7219,-6292,7224,-6342,1.269999981,-13.02999973,0.239999995,0.090000004,0,-1.019999981,-21
81.22,7205,-6306,7223,-6365,0.699999988,-11.85000038,-0.99000001,0.119999997,0,-0.980000019,-21
81.23,7232,-6327,7229,-6396,0.579999983,-10.19999981,-0.720000029,0.039999999,-0.02,-0.959999979,-21
81.24,7267,-6358,7175,-6430,0.970000029,-8.369999886,-2.559999943,0.039999999,-0.039999999,-0.959999979,-21
81.25,7264,-6351,7232,-6457,0.920000017,-10.86999989,-0.879999995,-0.07,-0.07,-0.949999988,-21
81.26,7219,-6356,7174,-6460,1.879999995,-11.21000004,-1.5,0.150000006,-0.039999999,-0.930000007,-21
81.27,7228,-6348,7147,-6325,0.400000006,-8.369999886,0.529999971,0.109999999,-0.050000001,-0.939999998,-21
81.28,7215,-6334,7157,-6356,1.389999986,-14.14999962,-0.949999988,0.050000001,0.01,-0.910000026,-21
81.29,7161,-6375,7155,-6397,-0.289999992,-13.40999985,4.059999943,0.090000004,0.02,-0.879999995,-21
81.3,7209,-6369,7132,-6418,2.00999999,-12.47000027,5.059999943,-0.079999998,0.090000004,-0.850000024,-21
81.31,7181,-6380,7098,-6413,1.669999957,-11.85999966,1.49000001,-0.090000004,0.079999998,-0.829999983,-21
81.32,7149,-6422,7135,-6418,0.050000001,-9.449999809,-0.689999998,-0.090000004,0.100000002,-0.829999983,-21
81.33,7206,-6387,7167,-6424,-0.25,-8.670000076,-0.759999991,-0.129999995,0.129999995,-0.829999983,-21
81.34,7192,-6374,7146,-6406,1.669999957,-10.22999954,-0.289999992,0.050000001,0.119999997,-0.829999983,-21
81.35,7230,-6361,7154,-6424,0.100000002,-8.970000267,-0.910000026,0.090000004,0.090000004,-0.850000024,-21
81.36,7257,-6351,7142,-6448,-0.01,-9.359999657,-2.349999905,0.109999999,0.07,-0.870000005,-21
81.37,7240,-6368,7154,-6420,0.400000006,-9.079999924,-2.539999962,0.119999997,0.059999999,-0.899999976,-21
81.38,7290,-6375,7189,-6406,0.430000007,-8.739999771,-0.560000002,0.100000002,0.050000001,-0.930000007,-21
81.39,7288,-6363,7166,-6413,0.610000014,-10.27999973,-1.299999952,0.050000001,0,-0.939999998,-21
81.4,7292,-6362,7186,-6389,0.319999993,-8.619999886,0.119999997,0.029999999,0,-0.959999979,-21
81.41,7285,-6390,7212,-6357,0.920000017,-10.36999989,-1.00999999,0,-0.02,-0.970000029,-21
81.42,7304,-6364,7231,-6381,0.140000001,-9.149999619,0.600000024,0.01,-0.01,-0.959999979,-21
81.43,7277,-6350,7227,-6395,1.039999962,-10.05000019,0.529999971,0,0,-0.959999979,-21
81.44,7261,-6339,7235,-6371,1.129999995,-9.25,-0.620000005,-0.01,-0.02,-0.970000029,-21
81.45,7269,-6386,7235,-6353,-0.150000006,-9.899999619,-0.039999999,-0.050000001,-0.039999999,-0.970000029,-21
81.46,7292,-6385,7239,-6369,-0.400000006,-11.38000011,-1.019999981,-0.090000004,-0.02,-0.980000019,-22
81.47,7292,-6369,7222,-6360,0.720000029,-10.82999992,1.429999948,-0.01,0,-0.980000019,-23
81.48,7312,-6365,7200,-6345,0.140000001,-11.15999985,1.110000014,0,0.01,-0.980000019,-24
81.49,7271,-6308,7215,-6364,0.109999999,-9.819999695,1.080000043,0.01,0.02,-0.99000001,-24
81.5,7289,-6263,7211,-6368,0.529999971,-9.989999771,-0.039999999,0.07,0.02,-1,-25
81.51,7316,-6249,7213,-6328,-0.980000019,-9.93999958,-0.219999999,0.050000001,0.050000001,-1.039999962,-25
81.52,7309,-6315,7238,-6324,-0.180000007,-11.44999981,0.259999991,0.029999999,0.029999999,-1.080000043,-25
81.53,7379,-6252,7232,-6303,-0.860000014,-9.399999619,0.589999974,0.01,0.039999999,-1.110000014,-25
81.54,7340,-6246,7268,-6258,-0.519999981,-10.5,0.07,-0.079999998,0.029999999,-1.149999976,-25
81.55,7356,-6279,7294,-6251,-0.419999987,-10.31000042,-0.349999994,-0.100000002,0.01,-1.179999948,-25
81.56,7375,-6222,7296,-6257,-0.660000026,-10.18000031,0.980000019,-0.119999997,0.01,-1.210000038,-25
81.57,7375,-6213,7302,-6237,0.810000002,-9.81000042,-0.449999988,-0.039999999,-0.01,-1.25,-25
81.58,7425,-6222,7309,-6217,-0.949999988,-10.14999962,-1.320000052,-0.059999999,-0.02,-1.279999971,-25
81.59,7427,-6203,7326,-6179,-1.389999986,-10.43999958,-1.25999999,-0.07,-0.01,-1.299999952,-25
81.6,7346,-6178,7343,-6154,0.479999989,-11.35999966,0.509999991,-0.029999999,0,-1.320000052,-25
81.61,7371,-6172,7325,-6160,0.280000001,-12.02000046,1.159999967,0,0,-1.309999943,-25
81.62,7392,-6174,7277,-6186,0.870000005,-11.63000011,1.080000043,-0.079999998,0.02,-1.299999952,-25
81.63,7368,-6161,7289,-6240,0.680000007,-11.01000023,0.150000006,-0.029999999,0.02,-1.299999952,-25
81.64,7358,-6166,7329,-6281,-0.330000013,-9.840000153,-1.600000024,0.039999999,0.050000001,-1.299999952,-25
81.65,7374,-6134,7357,-6310,1.340000033,-11.43999958,-0.479999989,0.090000004,0.050000001,-1.299999952,-25
81.66,7359,-6130,7329,-6233,-0.469999999,-9.979999542,-2.359999895,0.180000007,0.02,-1.320000052,-25
81.67,7356,-6175,7358,-6167,1.49000001,-14.60999966,-2.25,0.07,0,-1.309999943,-25
81.68,7340,-6166,7313,-6182,-0.479999989,-15.32999992,0.469999999,0.07,-0.02,-1.299999952,-25
81.69,7374,-6187,7308,-6179,1.570000052,-11.53999996,0.769999981,-0.02,0.02,-1.299999952,-25
81.7,7394,-6188,7324,-6216,0.379999995,-15.15999985,1.620000005,-0.180000007,-0.02,-1.279999971,-25
81.71,7361,-6203,7294,-6216,0.870000005,-12.21000004,0.430000007,-0.109999999,-0.01,-1.269999981,-25
81.72,7367,-6216,7273,-6218,1.090000033,-13.02000046,0.860000014,-0.180000007,0,-1.25,-25
81.73,7340,-6212,7270,-6230,1.49000001,-12.85999966,-1.370000005,-0.02,-0.01,-1.230000019,-25
81.74,7336,-6214,7275,-6239,-0.140000001,-13,-0.720000029,-0.039999999,0,-1.200000048,-25
81.75,7346,-6212,7278,-6263,2.25999999,-11.85000038,-1.470000029,-0.02,-0.01,-1.190000057,-25
81.76,7364,-6246,7282,-6318,0.360000014,-12.64000034,-0.610000014,0,-0.029999999,-1.179999948,-25
81.77,7345,-6274,7270,-6326,1.620000005,-13.44999981,-1.200000048,0,-0.01,-1.159999967,-25
81.78,7316,-6271,7294,-6324,1.899999976,-12.53999996,-0.25,0.039999999,-0.059999999,-1.149999976,-25
81.79,7282,-6295,7270,-6335,0,-14.01000023,-0.170000002,0.07,-0.039999999,-1.120000005,-25
81.8,7307,-6299,7265,-6334,2.630000114,-12.10000038,0.949999988,0.100000002,0,-1.100000024,-25
81.81,7284,-6333,7267,-6311,1.600000024,-15.67000008,1.75999999,0.079999998,-0.029999999,-1.059999943,-25
81.82,7287,-6332,7203,-6326,1.75,-13.34000015,1.789999962,0.090000004,-0.01,-1.019999981,-25
81.83,7274,-6338,7209,-6373,1.090000033,-12.88000011,2.440000057,-0.01,0.029999999,-1,-25
81.84,7256,-6362,7236,-6383,1.139999986,-12.10000038,0.829999983,0.02,0.050000001,-0.980000019,-25
81.85,7279,-6348,7187,-6349,0.629999995,-11.06999969,0.839999974,0.059999999,0.07,-0.980000019,-25
81.86,7253,-6371,7188,-6355,2.450000048,-11.03999996,0.649999976,0.100000002,0.07,-0.980000019,-25
81.87,7303,-6316,7230,-6381,0.569999993,-11.22999954,-1.110000014,0.140000001,0.079999998,-0.99000001,-25
81.88,7299,-6325,7231,-6383,0.649999976,-9.850000381,-1.049999952,0.029999999,0.079999998,-0.99000001,-25
81.89,7274,-6339,7243,-6430,0.829999983,-10.30000019,-1.870000005,0.039999999,0.079999998,-1.00999999,-25
81.9,7306,-6352,7260,-6441,0.49000001,-9.260000229,-1.110000014,0.039999999,0.07,-1.039999962,-25
81.91,7339,-6345,7271,-6410,2.039999962,-9.68999958,-2.450000048,0.07,0.029999999,-1.059999943,-25
81.92,7349,-6345,7318,-6412,0.310000002,-10.76000023,-2.930000067,0.02,0.02,-1.059999943,-25
81.93,7377,-6374,7321,-6404,0.610000014,-10.32999992,-0.800000012,0,0.029999999,-1.070000052,-25
81.94,7381,-6403,7304,-6376,1.860000014,-10.64999962,-0.07,0.01,0.029999999,-1.070000052,-25
81.95,7357,-6418,7280,-6396,1.950000048,-10.57999992,-0.140000001,0.01,0.01,-1.070000052,-25
81.96,7376,-6439,7277,-6421,1.169999957,-10.06000042,-1.879999995,-0.02,0.02,-1.070000052,-25
81.97,7379,-6357,7289,-6420,1.620000005,-9.930000305,-0.99000001,0.01,0.029999999,-1.059999943,-25
81.98,7400,-6326,7326,-6395,1.419999957,-10.60000038,-0.189999998,0.090000004,0.050000001,-1.049999952,-25
81.99,7439,-6355,7349,-6363,0.879999995,-12.81999969,2.599999905,0.039999999,0.039999999,-1.070000052,-25
82,7327,-6412,7300,-6389,0.75,-12.56000042,2.49000001,-0.029999999,0.039999999,-1.080000043,-25
82.01,7357,-6360,7345,-6426,2.470000029,-10.81999969,0.389999986,-0.079999998,0.029999999,-1.080000043,-25
82.02,7420,-6426,7367,-6483,-0.959999979,-10.53999996,0.509999991,-0.230000004,0.029999999,-1.090000033,-25
82.03,7486,-6408,7375,-6496,1.049999952,-10.13000011,-0.769999981,-0.159999996,0.090000004,-1.090000033,-25
82.04,7469,-6363,7390,-6516,1.049999952,-10.10999966,1.570000052,-0.02,0.01,-1.120000005,-25
82.05,7436,-6346,7397,-6533,1.450000048,-10.72999954,-0.99000001,0.129999995,0.01,-1.139999986,-25
82.06,7507,-6375,7405,-6504,0.230000004,-10.47999954,-0.699999988,0.100000002,0,-1.179999948,-25
82.07,7508,-6371,7436,-6430,1.659999967,-11.10000038,-1.049999952,0.119999997,-0.02,-1.210000038,-25
82.08,7527,-6374,7439,-6406,-0.529999971,-12.56999969,-0.899999976,0.029999999,-0.059999999,-1.230000019,-25
82.09,7511,-6380,7456,-6452,1.440000057,-11.61999989,1.450000048,-0.039999999,-0.029999999,-1.25,-25
82.1,7545,-6387,7462,-6452,0.779999971,-9.920000076,1.570000052,-0.029999999,-0.079999998,-1.279999971,-26
82.11,7542,-6387,7476,-6454,0.529999971,-10.06000042,-2.059999943,-0.07,-0.050000001,-1.299999952,-27
82.12,7520,-6364,7507,-6488,0.889999986,-11.35999966,-0.389999986,-0.07,-0.079999998,-1.309999943,-27
82.13,7497,-6323,7543,-6417,-0.389999986,-12.22000027,-0.769999981,0.01,-0.029999999,-1.309999943,-28
82.14,7496,-6297,7470,-6250,2.599999905,-10.72000027,0.709999979,0.079999998,-0.079999998,-1.320000052,-28
82.15,7538,-6331,7408,-6334,-0.419999987,-16.07999992,-1.700000048,-0.129999995,-0.039999999,-1.299999952,-29
82.16,7490,-6330,7430,-6370,0.400000006,-10.28999996,-0.310000002,-0.029999999,-0.029999999,-1.289999962,-29
82.17,7475,-6322,7518,-6354,-0.99000001,-12.60999966,2.50999999,-0.230000004,0.01,-1.269999981,-31
82.18,7449,-6289,7408,-6360,2.140000105,-15.57999992,1.580000043,0.02,0.02,-1.25,-31
82.19,7425,-6315,7357,-6376,0.289999992,-10.43000031,2.650000095,0.02,0.090000004,-1.230000019,-32
82.2,7406,-6288,7373,-6342,2.789999962,-14.72000027,0.109999999,0.01,0.119999997,-1.220000029,-32
82.21,7401,-6251,7381,-6321,-0.170000002,-12.61999989,-0.920000017,0.129999995,0.129999995,-1.200000048,-32
82.22,7411,-6255,7391,-6347,0.129999995,-13.97000027,1.019999981,-0.01,0.219999999,-1.179999948,-32
82.23,7368,-6268,7387,-6358,1.50999999,-14.11999989,-1.389999986,0.039999999,0.180000007,-1.169999957,-32
82.24,7392,-6247,7371,-6335,-0.949999988,-11.25,0.090000004,0.059999999,0.230000004,-1.179999948,-32
82.25,7430,-6268,7372,-6335,1.110000014,-11.22000027,-1.879999995,-0.07,0.189999998,-1.210000038,-32
82.26,7462,-6232,7387,-6347,-1.149999976,-12.02000046,-2.190000057,-0.07,0.170000002,-1.24000001,-32
82.27,7528,-6253,7413,-6368,-0.579999983,-11.43999958,-1.159999967,-0.140000001,0.200000003,-1.269999981,-32
82.28,7523,-6243,7456,-6409,-0.02,-11.65999985,-0.800000012,-0.129999995,0.129999995,-1.309999943,-32
82.29,7550,-6240,7475,-6462,-0.07,-9.609999657,-3.039999962,-0.050000001,0.109999999,-1.360000014,-32
82.3,7629,-6221,7463,-6546,0.439999998,-9.590000153,-3.599999905,-0.07,0.059999999,-1.409999967,-32
82.31,7600,-6207,7515,-6661,0.050000001,-10.43000031,-3.170000076,0.02,0.050000001,-1.450000048,-31
82.32,7681,-6203,7628,-6746,2.130000114,-10.71000004,-2.349999905,0.100000002,0,-1.49000001,-30
82.33,7679,-6246,7704,-6707,0.730000019,-12.15999985,-2.480000019,0.119999997,-0.050000001,-1.529999971,-30
82.34,7656,-6262,7711,-6618,3.529999971,-11.56000042,-0.759999991,0.07,-0.090000004,-1.559999943,-30
82.35,7645,-6266,7721,-6550,2.660000086,-12.27000046,-0.349999994,-0.01,-0.119999997,-1.590000033,-30
82.36,7717,-6337,7709,-6527,3.849999905,-13.31999969,-0.870000005,-0.029999999,-0.129999995,-1.590000033,-30
82.37,7770,-6369,7730,-6486,2.589999914,-13.43000031,-0.300000012,-0.100000002,-0.159999996,-1.590000033,-30
82.38,7717,-6433,7727,-6472,2.609999895,-15.01000023,-0.670000017,-0.059999999,-0.109999999,-1.570000052,-30
82.39,7718,-6490,7746,-6504,3.180000067,-15.38000011,2.289999962,-0.039999999,-0.159999996,-1.529999971,-30
82.4,7699,-6440,7723,-6532,2.720000029,-12.84000015,1.899999976,0.07,-0.100000002,-1.5,-30
82.41,7682,-6417,7652,-6551,5.730000019,-15.26000023,2.150000095,0.050000001,-0.100000002,-1.460000038,-30
82.42,7684,-6475,7673,-6539,3.650000095,-15.97999954,1.49000001,0.059999999,-0.050000001,-1.450000048,-30
82.43,7701,-6558,7702,-6547,3.380000114,-17.01000023,1.700000048,-0.039999999,-0.039999999,-1.409999967,-30
82.44,7669,-6585,7700,-6579,3.410000086,-15.17000008,2.450000048,-0.050000001,-0.01,-1.370000005,-30
82.45,7659,-6639,7697,-6624,1.149999976,-14.73999977,0.589999974,-0.079999998,0.050000001,-1.340000033,-30
82.46,7654,-6634,7705,-6647,3.039999962,-14.97000027,0.779999971,-0.029999999,0.050000001,-1.309999943,-30
82.47,7641,-6692,7689,-6648,4.119999886,-14.69999981,0.879999995,0.029999999,0.050000001,-1.299999952,-30
82.48,7676,-6723,7671,-6686,2.420000076,-14.01000023,-0.07,-0.02,0.07,-1.289999962,-30
82.49,7692,-6728,7633,-6736,3.650000095,-10.09000015,-1.75,0.01,0.079999998,-1.279999971,-30
82.5,7724,-6752,7679,-6739,0.839999974,-13.47000027,-1.230000019,-0.079999998,0.079999998,-1.279999971,-30
82.51,7713,-6725,7731,-6711,3.309999943,-13.68000031,-0.479999989,0.079999998,0.119999997,-1.269999981,-30
82.52,7697,-6663,7667,-6759,2.089999914,-13.75,2.059999943,0.050000001,0.079999998,-1.25,-30
82.53,7728,-6619,7699,-6870,3.109999895,-13.06999969,-0.349999994,0.059999999,0.140000001,-1.25,-30
82.54,7729,-6597,7743,-7022,3.00999999,-10.06000042,-1.25,0.119999997,0.100000002,-1.269999981,-30
82.55,7742,-6595,7738,-7063,0.850000024,-9.319999695,-3.710000038,0.029999999,0.129999995,-1.299999952,-30
82.56,7751,-6585,7799,-6898,3.230000019,-11.72000027,-3.170000076,0,0.07,-1.320000052,-30
82.57,7774,-6574,7819,-6898,1.440000057,-14.56000042,-1.399999976,0.01,0.100000002,-1.309999943,-30
82.58,7767,-6612,7825,-6931,3.309999943,-13.05000019,4.139999866,-0.029999999,0.050000001,-1.320000052,-30
82.59,7772,-6603,7794,-6929,4.039999962,-11.43000031,0.730000019,-0.100000002,0.07,-1.330000043,-30
82.6,7825,-6629,7766,-6975,2.089999914,-15.15999985,-2.029999971,-0.129999995,0.059999999,-1.340000033,-30
82.61,7800,-6665,7780,-6993,2.00999999,-10.81000042,-2.190000057,-0.050000001,0.090000004,-1.340000033,-30
82.62,7819,-6660,7795,-7002,2.799999952,-13.52999973,-0.25,-0.090000004,0.109999999,-1.350000024,-30
82.63,7825,-6669,7799,-6999,1.980000019,-13.43000031,0.01,0.039999999,0.090000004,-1.350000024,-30
82.64,7844,-6651,7887,-6999,2.980000019,-13.52000046,2.210000038,-0.039999999,0.079999998,-1.350000024,-30
82.65,7825,-6662,7924,-7053,3.369999886,-14.85999966,-0.109999999,0.029999999,0.059999999,-1.350000024,-30
82.66,7816,-6665,7872,-7097,2.420000076,-12.73999977,-1.080000043,0,0.079999998,-1.360000014,-30
82.67,7838,-6672,7942,-7130,3.980000019,-11.53999996,-1.950000048,0.059999999,0.07,-1.379999995,-30
82.68,7892,-6679,7949,-7143,0.5,-12.65999985,-3.450000048,0.029999999,0.059999999,-1.399999976,-30
82.69,7930,-6705,7977,-7097,3.359999895,-10.10000038,-0.469999999,0.039999999,0.059999999,-1.419999957,-30
82.7,7919,-6688,7983,-7025,2.119999886,-13.78999996,-1.080000043,0,0,-1.429999948,-30
82.71,7954,-6708,7998,-6961,2.390000105,-13.42000008,0.059999999,0,0.02,-1.429999948,-30
82.72,7906,-6777,7980,-6954,4.739999771,-12.30000019,1.049999952,0.01,0,-1.440000057,-30
82.73,7951,-6777,7925,-6976,1.00999999,-13.56999969,-1.350000024,-0.059999999,0.02,-1.440000057,-30
82.74,7936,-6744,7956,-6951,4.929999828,-12.22000027,0.569999993,-0.01,0.01,-1.440000057,-30
82.75,7948,-6753,8002,-6927,2.049999952,-15.40999985,-1.889999986,0,0.01,-1.440000057,-30
82.76,7935,-6767,8028,-6934,1.929999948,-14.31999969,0.639999986,-0.039999999,0.039999999,-1.429999948,-30
82.77,7930,-6731,8023,-6991,2.289999962,-14.03999996,0.660000026,-0.07,0.01,-1.440000057,-30
82.78,7947,-6725,8069,-7035,1.730000019,-15.35999966,0.07,-0.029999999,0.02,-1.440000057,-30
82.79,7950,-6772,8062,-7059,4.789999962,-13.63000011,0.589999974,0.029999999,0,-1.450000048,-30
82.8,8016,-6795,8035,-7101,2.269999981,-14.90999985,-1.149999976,-0.01,-0.01,-1.450000048,-30
82.81,7985,-6767,8011,-7130,4.369999886,-12.63000011,-0.200000003,0,0,-1.450000048,-30
82.82,7957,-6806,8010,-7125,2.019999981,-13.13000011,-2.230000019,0.059999999,0.01,-1.440000057,-30
82.83,7987,-6801,8022,-7111,2.720000029,-13.72999954,0.680000007,-0.02,0.01,-1.440000057,-30
82.84,7997,-6812,8010,-7084,2.299999952,-15.09000015,0.720000029,0.039999999,0.01,-1.440000057,-30
82.85,8024,-6837,8085,-7109,1.75999999,-15.64000034,1.960000038,0,0.029999999,-1.419999957,-30
82.86,7957,-6817,8135,-7121,3.869999886,-14.64000034,1.360000014,0.100000002,0.029999999,-1.409999967,-30
82.87,7935,-6822,8094,-7131,2.74000001,-14.01000023,-0.430000007,0.029999999,0.029999999,-1.409999967,-30
82.88,7925,-6862,8054,-7158,4.179999828,-13.97999954,-0.600000024,0.039999999,0.050000001,-1.409999967,-30
82.89,7962,-6890,8060,-7231,2.940000057,-12.69999981,-2.079999924,0.090000004,0,-1.409999967,-30
82.9,7976,-6799,8072,-7307,-0.25,-12.68999958,-3.579999924,0.02,0.050000001,-1.409999967,-30
82.91,8027,-6736,8092,-7340,3.00999999,-11.85000038,-1.460000038,0.119999997,0.029999999,-1.419999957,-30
82.92,8025,-6725,8196,-7216,1.279999971,-13.21000004,0.230000004,0.170000002,0.029999999,-1.440000057,-30
82.93,8024,-6752,8202,-7082,3.890000105,-13.35000038,-0.319999993,0.07,0,-1.450000048,-30
82.94,8047,-6705,8106,-7047,3.720000029,-12.77999973,1.610000014,-0.029999999,-0.039999999,-1.460000038,-30
82.95,8011,-6759,8087,-7052,3,-14.43000031,-0.589999974,-0.119999997,-0.029999999,-1.460000038,-30
82.96,8007,-6780,8099,-7046,3.019999981,-14.72999954,0.550000012,-0.200000003,-0.02,-1.450000048,-30
82.97,7960,-6782,8072,-7033,3.630000114,-15.77000046,-0.230000004,-0.140000001,0.029999999,-1.429999948,-29
82.98,7970,-6893,8095,-7032,2.980000019,-15.80000019,-0.07,-0.170000002,0.02,-1.409999967,-28
82.99,7951,-6902,8049,-7073,2.109999895,-16.72999954,0.360000014,-0.129999995,0.039999999,-1.379999995,-27
83,7955,-6945,8076,-7176,2.75,-14.65999985,0.219999999,-0.059999999,0.039999999,-1.370000005,-26
83.01,7960,-6954,8072,-7293,2.039999962,-15.06999969,-0.699999988,0.07,0.039999999,-1.360000014,-25
83.02,7988,-6961,8074,-7364,2.440000057,-13.36999989,-1.50999999,0.129999995,0.059999999,-1.350000024,-24
83.03,7982,-6950,8058,-7408,3.170000076,-13.78999996,0,0.180000007,0.050000001,-1.350000024,-22
83.04,7950,-6894,8002,-7327,4.670000076,-12.30000019,-1.409999967,0.330000013,0.039999999,-1.340000033,-21
83.05,7976,-6851,8023,-7118,3.50999999,-14.98999977,-0.829999983,0.200000003,0.039999999,-1.320000052,-20
83.06,7932,-6856,8053,-7055,3.730000019,-15.96000004,-0.180000007,0.100000002,0.059999999,-1.279999971,-19
83.07,7897,-6853,8047,-7113,1.399999976,-12.56000042,2.089999914,0.029999999,0.07,-1.25999999,-17
83.08,7873,-6885,8028,-7170,3.319999933,-11.10000038,0.779999971,-0.079999998,0.100000002,-1.25,-15
83.09,7876,-6906,8041,-7228,2.609999895,-14.84000015,1.049999952,-0.189999998,0.07,-1.24000001,-12
83.1,7879,-6977,8013,-7286,4.590000153,-12.10999966,-1.49000001,-0.02,0.07,-1.230000019,-11
83.11,7890,-6987,7985,-7377,3.359999895,-13.55000019,-1.169999957,-0.159999996,0.050000001,-1.210000038,-9
83.12,7900,-7022,7930,-7538,2.329999924,-11.52999973,-3.700000048,0,0.079999998,-1.179999948,-8
83.13,7885,-7038,7952,-7662,2.369999886,-11.71000004,-2.450000048,0.02,0.050000001,-1.169999957,-7
83.14,7881,-7020,7951,-7698,3.24000001,-12.10000038,-1.830000043,0.200000003,0.02,-1.139999986,-7
83.15,7879,-6998,7975,-7644,1.879999995,-14.13000011,-1.279999971,0.159999996,0,-1.100000024,-7
83.16,7851,-7004,8035,-7498,4.980000019,-13.72999954,1.450000048,0.189999998,-0.02,-1.059999943,-7
83.17,7872,-7034,8008,-7380,2.75,-14.34000015,-0.360000014,0.100000002,-0.02,-1.019999981,-7
83.18,7838,-7100,7929,-7390,3.380000114,-14.05000019,0.039999999,-0.039999999,-0.02,-0.99000001,-7
83.19,7800,-7092,7891,-7401,3.190000057,-12.22999954,0.389999986,-0.090000004,-0.02,-0.970000029,-10
83.2,7780,-7167,7876,-7378,1.980000019,-15.86999989,-1.220000029,-0.189999998,0,-0.930000007,-13
83.21,7783,-7218,7849,-7334,2.980000019,-12.88000011,0.689999998,-0.189999998,-0.01,-0.910000026,-17
83.22,7759,-7253,7848,-7340,0.790000022,-15.59000015,0.340000004,-0.259999991,-0.01,-0.879999995,-20
83.23,7769,-7322,7863,-7380,0.699999988,-14.82999992,0.779999971,-0.239999995,0.02,-0.850000024,-24
83.24,7714,-7277,7820,-7409,0.280000001,-14.56999969,1.120000005,-0.150000006,0.050000001,-0.829999983,-27
83.25,7726,-7271,7728,-7401,2.24000001,-14.43999958,-0.239999995,-0.01,0.07,-0.819999993,-29
83.26,7640,-7161,7758,-7352,1.470000029,-15.97999954,1.039999962,0.079999998,0.059999999,-0.800000012,-32
83.27,7663,-7134,7789,-7285,0.270000011,-16.12000084,-0.340000004,0.090000004,0.07,-0.779999971,-34
83.28,7620,-7072,7777,-7207,0.330000013,-14.94999981,1.690000057,0.109999999,0.119999997,-0.769999981,-36
83.29,7608,-6931,7757,-7168,0.779999971,-14.85999966,-0.699999988,0.209999993,0.109999999,-0.75,-37
83.3,7605,-6873,7763,-7124,-0.300000012,-13.68000031,1.75,0.119999997,0.090000004,-0.75,-38
83.31,7617,-6834,7729,-7078,1.149999976,-13.47000027,-1.080000043,0.159999996,0.059999999,-0.759999991,-38
83.32,7614,-6774,7708,-7028,-2.190000057,-10.68999958,-1.129999995,0.050000001,0.039999999,-0.790000022,-39
83.33,7576,-6720,7682,-6985,-0.239999995,-12.18999958,-1.549999952,0.059999999,0.059999999,-0.800000012,-39
83.34,7586,-6713,7694,-6957,-1.00999999,-10.72000027,-0.639999986,0.050000001,0.02,-0.810000002,-39
83.35,7597,-6668,7694,-6954,-0.620000005,-11.18000031,-0.829999983,0.039999999,0.029999999,-0.819999993,-39
83.36,7613,-6634,7670,-6917,-0.449999988,-10.35999966,-2.019999981,0.01,0.01,-0.839999974,-39
83.37,7604,-6602,7664,-6909,-0.49000001,-11.17000008,-1.169999957,0.050000001,0.01,-0.860000014,-39
83.38,7572,-6596,7680,-6891,-0.660000026,-10.40999985,-1.909999967,0.050000001,0.01,-0.879999995,-39
83.39,7587,-6574,7678,-6852,-1.169999957,-11.27000046,-1.139999986,0.02,0.02,-0.889999986,-39
83.4,7573,-6604,7673,-6824,0.330000013,-11.43999958,-0.200000003,0,0,-0.899999976,-39
83.41,7582,-6577,7692,-6786,-1.340000033,-13.38000011,0.610000014,0,0.01,-0.899999976,-39
83.42,7613,-6545,7674,-6803,0.649999976,-11.46000004,-0.930000007,0.01,0.02,-0.899999976,-39
83.43,7620,-6523,7661,-6791,0.300000012,-11.72000027,-0.800000012,0.039999999,0.01,-0.899999976,-39
83.44,7613,-6536,7604,-6769,-1.190000057,-10.80000019,-0.670000017,0.059999999,0.050000001,-0.899999976,-39
83.45,7515,-6548,7611,-6729,-0.600000024,-12,-0.02,0.050000001,0.050000001,-0.930000007,-39
83.46,7590,-6581,7641,-6726,0.330000013,-10.82999992,2.599999905,0.02,0.079999998,-0.939999998,-39
83.47,7699,-6544,7643,-6761,-3.109999895,-14.47000027,1.620000005,-0.150000006,0.079999998,-0.980000019,-39
83.48,7653,-6544,7648,-6734,0.430000007,-9.56000042,0.029999999,0.02,0.059999999,-1,-39
83.49,7644,-6529,7668,-6712,-0.430000007,-10.35999966,0.879999995,-0.07,0.039999999,-1.049999952,-39
83.5,7719,-6509,7666,-6740,-1.950000048,-12.06000042,-3.529999971,0,0.059999999,-1.100000024,-39
83.51,7704,-6515,7695,-6729,0.050000001,-9.319999695,0.180000007,0.01,0.01,-1.139999986,-39
83.52,7729,-6488,7740,-6656,-2.74000001,-13.60999966,-2.75999999,0,0.050000001,-1.190000057,-39
83.53,7798,-6532,7779,-6625,0.850000024,-11.19999981,1.590000033,0.029999999,-0.039999999,-1.24000001,-39
83.54,7825,-6512,7813,-6661,-1.129999995,-12.14000034,2.720000029,-0.059999999,-0.02,-1.279999971,-39
83.55,7905,-6524,7790,-6680,-0.059999999,-12.15999985,-1.309999943,-0.029999999,-0.050000001,-1.320000052,-39
83.56,7870,-6516,7813,-6686,1.919999957,-9.899999619,1.149999976,0.039999999,-0.079999998,-1.370000005,-39
83.57,7886,-6527,7848,-6731,0.259999991,-11.17000008,-2.170000076,0.059999999,-0.07,-1.399999976,-39
83.58,7925,-6511,7856,-6745,0.07,-9.289999962,-2.730000019,0.07,-0.079999998,-1.440000057,-39
83.59,7938,-6517,7890,-6649,1.100000024,-8.81000042,-3.460000038,0.140000001,-0.140000001,-1.49000001,-39
83.6,7969,-6528,7949,-6630,0.689999998,-15.81999969,1.549999952,0.039999999,-0.07,-1.470000029,-39
83.61,7929,-6533,7933,-6609,3.960000038,-13.43999958,4.269999981,0.259999991,-0.109999999,-1.460000038,-39
83.62,7899,-6531,7930,-6627,2.019999981,-14.52000046,3.099999905,-0.090000004,-0.079999998,-1.440000057,-39
83.63,7903,-6557,7881,-6629,2.180000067,-14.10000038,-1.399999976,0.050000001,0.02,-1.419999957,-39
83.64,7898,-6536,7892,-6617,2.579999924,-10.72000027,2.049999952,-0.039999999,-0.01,-1.399999976,-39
83.65,7857,-6576,7867,-6614,1.960000038,-15.64000034,0.579999983,-0.039999999,0.059999999,-1.360000014,-39
83.66,7843,-6572,7897,-6641,2.609999895,-13.11999989,2.299999952,-0.02,0.07,-1.340000033,-39
83.67,7854,-6573,7824,-6645,1.049999952,-13.03999996,1.110000014,-0.07,0.109999999,-1.320000052,-39
83.68,7810,-6545,7766,-6649,3.279999971,-12.31000042,-1.279999971,-0.029999999,0.109999999,-1.320000052,-39
83.69,7836,-6557,7800,-6658,0.74000001,-13.89999962,0.209999993,0.01,0.159999996,-1.309999943,-39
83.7,7786,-6526,7819,-6672,1.559999943,-13.02000046,-1.049999952,0,0.159999996,-1.299999952,-39
83.71,7817,-6514,7864,-6695,0.280000001,-12.03999996,-0.75,0.01,0.180000007,-1.309999943,-39
83.72,7783,-6474,7876,-6746,1.350000024,-10.59000015,-1.090000033,0.029999999,0.159999996,-1.330000043,-39
83.73,7818,-6494,7910,-6760,0.389999986,-12.72999954,-0.620000005,-0.02,0.129999995,-1.360000014,-39
83.74,7827,-6477,7908,-6770,2.460000038,-11.89000034,-1.049999952,0.02,0.100000002,-1.399999976,-39
83.75,7865,-6437,7906,-6778,-0.649999976,-11.89999962,-3.289999962,0,0.050000001,-1.440000057,-39
83.76,7913,-6429,7902,-6811,1.309999943,-11.23999977,-3.049999952,0,0.059999999,-1.470000029,-39
83.77,7929,-6411,7945,-6818,0.059999999,-11.27000046,-0.560000002,0.050000001,0,-1.50999999,-38
83.78,7935,-6415,7953,-6787,0.340000004,-11.21000004,-1.690000057,-0.029999999,0,-1.549999952,-38
83.79,7940,-6406,7987,-6791,2.50999999,-12.59000015,0.209999993,0,-0.059999999,-1.590000033,-38
83.8,7967,-6417,8043,-6777,-0.75,-13.43999958,-0.769999981,0,-0.050000001,-1.610000014,-38
83.81,7968,-6401,8059,-6744,3.920000076,-13.03999996,0.460000008,0.01,-0.059999999,-1.629999995,-38
83.82,7947,-6437,8022,-6668,1.899999976,-14.77999973,0.620000005,0.02,-0.090000004,-1.629999995,-38
83.83,7899,-6430,8037,-6632,2.50999999,-14.36999989,-0.090000004,0,-0.039999999,-1.629999995,-38
83.84,7883,-6422,8009,-6655,2.170000076,-15.35000038,0.330000013,0,-0.07,-1.610000014,-38
83.85,7913,-6455,7996,-6648,2.180000067,-13.82999992,0.709999979,0.059999999,-0.02,-1.600000024,-38
83.86,7887,-6449,7988,-6612,1.860000014,-14.55000019,0.920000017,0.029999999,-0.01,-1.580000043,-38
83.87,7929,-6452,8003,-6633,0.680000007,-15.38000011,1.279999971,-0.01,-0.01,-1.559999943,-38
83.88,7878,-6449,7982,-6632,2.220000029,-14.65999985,2.289999962,0.029999999,0.02,-1.539999962,-38
83.89,7870,-6455,7893,-6584,4.269999981,-15.39000034,0.540000022,0.109999999,0.029999999,-1.50999999,-38
83.9,7826,-6448,7896,-6560,3.25,-14.46000004,1.360000014,0.059999999,0.02,-1.49000001,-38
83.91,7813,-6443,7930,-6630,1.090000033,-14.68999958,0.01,0,0.07,-1.460000038,-37
83.92,7822,-6449,7921,-6644,2.25,-11.93999958,-0.349999994,0.02,0.119999997,-1.440000057,-37
83.93,7793,-6440,7926,-6637,1.960000038,-13.06000042,-0.330000013,0.050000001,0.090000004,-1.450000048,-36
83.94,7773,-6463,7951,-6631,1.120000005,-13.60999966,-1.25999999,0,0.100000002,-1.440000057,-35
83.95,7770,-6412,7955,-6674,1.309999943,-13.02000046,-0.029999999,0.01,0.079999998,-1.440000057,-34
83.96,7779,-6437,7915,-6714,1.730000019,-11.76000023,-1.970000029,0.07,0.090000004,-1.450000048,-32
83.97,7794,-6410,7904,-6749,1.889999986,-11.23999977,-1.25,0.07,0.07,-1.480000019,-31
83.98,7841,-6417,7920,-6773,1.210000038,-11.18999958,-3.190000057,0.079999998,0.059999999,-1.5,-29
83.99,7805,-6416,7923,-6785,1.690000057,-11.39999962,-1.570000052,0.029999999,0.039999999,-1.50999999,-27
84,7814,-6432,7937,-6780,2.210000038,-11.90999985,-1.330000043,0.07,0.029999999,-1.529999971,-24
84.01,7832,-6404,7957,-6775,1.299999952,-13.67000008,0.460000008,-0.02,0.01,-1.539999962,-22
84.02,7807,-6440,7973,-6769,3.75,-12.85000038,0.839999974,0.01,0.02,-1.539999962,-20
84.03,7819,-6449,7910,-6795,2.660000086,-14.69999981,-0.25,-0.07,0,-1.539999962,-18
84.04,7748,-6488,7914,-6814,4.110000134,-14.14999962,-0.310000002,-0.07,0.01,-1.519999981,-16
84.05,7743,-6522,7888,-6859,2.819999933,-13.68999958,-1.139999986,-0.059999999,0,-1.50999999,-14
84.06,7763,-6548,7872,-6888,1.429999948,-14.31999969,-2.00999999,-0.109999999,0.01,-1.480000019,-13
84.07,7728,-6573,7875,-6917,3.059999943,-15.38000011,0.529999971,-0.050000001,0.01,-1.450000048,-12
84.08,7723,-6618,7881,-6982,2.289999962,-15.97000027,1.129999995,0.02,0.02,-1.409999967,-12
84.09,7705,-6619,7837,-7043,3.180000067,-15.18000031,1.100000024,0.029999999,0.029999999,-1.370000005,-12
84.1,7687,-6657,7715,-7077,4.730000019,-14.86999989,1.549999952,0.100000002,0.02,-1.330000043,-12
84.11,7653,-6665,7721,-7110,4.849999905,-16.17000008,0.709999979,0.100000002,0.02,-1.289999962,-12
84.12,7633,-6687,7746,-7114,2.309999943,-14.85000038,-0.180000007,0.059999999,0.01,-1.25,-12
84.13,7658,-6706,7759,-7137,1.879999995,-14.72000027,-1.090000033,-0.039999999,0.059999999,-1.220000029,-12
84.14,7646,-6683,7743,-7167,2.069999933,-13.61999989,0.379999995,0.02,0.07,-1.179999948,-12
84.15,7598,-6685,7746,-7211,1.840000033,-15.65999985,1.769999981,-0.079999998,0.07,-1.159999967,-12
84.16,7587,-6706,7749,-7278,4,-14.61999989,0.660000026,-0.01,0.039999999,-1.159999967,-12
84.17,7633,-6726,7733,-7338,1.600000024,-13.39999962,-0.870000005,-0.050000001,0,-1.159999967,-13
84.18,7652,-6774,7710,-7380,1.24000001,-13.03999996,-2.900000095,-0.090000004,0.02,-1.169999957,-13
84.19,7652,-6774,7708,-7418,1.330000043,-13.06999969,-2.150000095,0,-0.01,-1.159999967,-14
84.2,7638,-6783,7716,-7463,1.120000005,-13.59000015,-1,0.01,0,-1.169999957,-15
84.21,7621,-6801,7676,-7468,3.099999905,-14.80000019,0.349999994,0.029999999,-0.02,-1.159999967,-15
84.22,7635,-6803,7699,-7421,2.890000105,-14.02999973,0.209999993,0.090000004,-0.029999999,-1.159999967,-16
84.23,7620,-6866,7713,-7385,1.840000033,-15.01000023,-0.819999993,0.07,-0.029999999,-1.139999986,-17
84.24,7626,-6803,7710,-7288,2.210000038,-12.94999981,-1.529999971,0.029999999,-0.02,-1.120000005,-17
84.25,7604,-6856,7707,-7162,2.49000001,-14.60000038,-1.340000033,0.039999999,-0.01,-1.100000024,-18
84.26,7563,-6775,7687,-7064,2.349999905,-14.43000031,0.99000001,0,0,-1.080000043,-19
84.27,7572,-6809,7693,-7044,2.650000095,-16.77000046,1.799999952,-0.050000001,0,-1.059999943,-20
84.28,7567,-6825,7668,-7059,2.099999905,-16.39999962,2.269999981,-0.119999997,-0.039999999,-1.039999962,-20
84.29,7590,-6841,7601,-7057,1.659999967,-15.28999996,0.560000002,-0.090000004,0.02,-1.029999971,-20
84.3,7585,-6864,7622,-7051,1.50999999,-15.60000038,0.140000001,-0.090000004,0,-1.00999999,-21
84.31,7592,-6890,7611,-7074,0.419999987,-16.09000015,0.970000029,-0.050000001,0.02,-0.99000001,-21
84.32,7540,-6899,7564,-7119,1.830000043,-15.48999977,0.980000019,0,0.039999999,-0.970000029,-21
84.33,7566,-6872,7627,-7169,1.440000057,-15.53999996,1.360000014,0.059999999,0.079999998,-0.959999979,-21
84.34,7543,-6916,7625,-7209,3.099999905,-14.09000015,0.140000001,0.200000003,0.059999999,-0.949999988,-21
84.35,7579,-6903,7590,-7230,1.110000014,-13.84000015,-2.470000029,0.119999997,0.059999999,-0.930000007,-21
84.36,7583,-6855,7619,-7244,2.339999914,-12.69999981,-2.019999981,0.129999995,0.079999998,-0.930000007,-21
84.37,7529,-6832,7665,-7260,0.800000012,-13.02999973,-1.669999957,0.209999993,0.079999998,-0.930000007,-21
84.38,7589,-6767,7657,-7206,2,-11.59000015,-1.059999943,0.119999997,0.07,-0.949999988,-21
84.39,7615,-6791,7638,-6928,4.289999962,-11.77999973,-0.430000007,0.119999997,0,-0.949999988,-21
84.4,7613,-6784,7571,-6927,1.200000048,-16.31999969,-1.649999976,-0.119999997,0.039999999,-0.939999998,-21
84.41,7599,-6856,7553,-6939,2.819999933,-9.81000042,0.039999999,-0.029999999,0.029999999,-0.939999998,-21
84.42,7605,-6914,7573,-6966,0.620000005,-13.65999985,-0.150000006,-0.219999999,0.050000001,-0.930000007,-21
84.43,7578,-6980,7543,-7007,1.480000019,-11.78999996,-1.320000052,-0.100000002,0.07,-0.910000026,-21
84.44,7598,-7058,7617,-7060,1.519999981,-12.59000015,1.529999971,-0.079999998,0.079999998,-0.889999986,-21
84.45,7585,-6998,7607,-7098,1.720000029,-13.48999977,-0.730000019,0.119999997,0.109999999,-0.870000005,-21
84.46,7609,-7010,7566,-7108,3.539999962,-13.38000011,-1.159999967,0.100000002,0.129999995,-0.850000024,-21
84.47,7570,-7092,7594,-7061,2.380000114,-11.5,-1.50999999,0.109999999,0.109999999,-0.839999974,-21
84.48,7526,-7091,7596,-7020,1.409999967,-13.56999969,-2.75,0.079999998,0.129999995,-0.819999993,-21
84.49,7590,-6873,7594,-6987,2.930000067,-11,-0.319999993,0.140000001,0.150000006,-0.800000012,-21
84.5,7655,-6746,7601,-7001,2.319999933,-13.96000004,-1.649999976,0.090000004,0.119999997,-0.800000012,-21
84.51,7645,-6881,7577,-6985,-0.280000001,-10.82999992,-0.439999998,0,0.159999996,-0.829999983,-21
84.52,7618,-6933,7612,-6973,3.069999933,-9.630000114,0.800000012,-0.090000004,0.079999998,-0.829999983,-21
84.53,7685,-6901,7571,-7006,1.049999952,-11.21000004,-0.959999979,-0.170000002,0.109999999,-0.839999974,-21
84.54,7726,-6883,7588,-7039,0.74000001,-11.14000034,-0.090000004,-0.150000006,0.090000004,-0.860000014,-21
84.55,7667,-6876,7662,-7075,1.929999948,-10.56000042,-0.649999976,-0.07,0.07,-0.879999995,-21
84.56,7736,-6891,7690,-7120,1.320000052,-10.71000004,0.140000001,0.079999998,0.059999999,-0.920000017,-21
84.57,7796,-6845,7683,-7154,0.759999991,-10.59000015,-1.700000048,0.079999998,0.059999999,-0.949999988,-21
84.58,7752,-6819,7741,-7184,1.649999976,-11.13000011,-1.50999999,0.129999995,0.01,-0.980000019,-21
84.59,7782,-6824,7784,-7088,-0.259999991,-11.17000008,-1.909999967,0.109999999,0.02,-1.00999999,-21
84.6,7787,-6841,7811,-6954,3.25999999,-11.80000019,0.540000022,0.079999998,-0.02,-1.049999952,-21
84.61,7843,-6863,7798,-6911,1.450000048,-11.98999977,0.479999989,0,-0.100000002,-1.070000052,-22
84.62,7902,-6894,7784,-7027,0.550000012,-12.56000042,0.370000005,-0.140000001,-0.059999999,-1.110000014,-22
84.63,7928,-6885,7879,-7187,1.629999995,-9.840000153,0.660000026,-0.100000002,-0.109999999,-1.129999995,-22
84.64,7928,-6865,7825,-7071,0.100000002,-7.929999828,-1.830000043,0.07,-0.07,-1.179999948,-22
84.65,7943,-6894,7813,-6774,4.96999979,-11.27000046,-2.400000095,0.039999999,-0.150000006,-1.190000057,-23
84.66,7940,-6941,7886,-6875,0.219999999,-13.40999985,-0.689999998,-0.01,-0.109999999,-1.190000057,-23
84.67,7918,-6982,7950,-6949,1.330000043,-14.94999981,3.650000095,-0.039999999,-0.159999996,-1.169999957,-24
84.68,7930,-7000,7910,-7000,2.079999924,-11.56000042,3.210000038,0.079999998,-0.039999999,-1.149999976,-25
84.69,7885,-7035,7920,-6974,3.710000038,-13.84000015,2.529999971,0.07,-0.059999999,-1.139999986,-25
84.7,7878,-7048,7876,-6958,1.190000057,-12.30000019,-0.370000005,0.150000006,0.01,-1.129999995,-26
84.71,7897,-7081,7842,-6970,3.75999999,-13.31999969,0.170000002,0.050000001,0.029999999,-1.110000014,-27
84.72,7922,-7046,7829,-6945,0.75,-12.51000023,0.050000001,0.079999998,0.050000001,-1.090000033,-27
84.73,7917,-7048,7842,-6931,2.529999971,-12.67000008,0.159999996,0,0.100000002,-1.059999943,-27
84.74,7854,-7044,7828,-6973,1.75,-13.5,0.319999993,-0.07,0.100000002,-1.049999952,-27
84.75,7883,-7063,7806,-6953,1.529999971,-11.38000011,0.280000001,-0.02,0.129999995,-1.049999952,-27
84.76,7892,-7020,7809,-6955,2.079999924,-11.85000038,-0.07,-0.050000001,0.150000006,-1.029999971,-27
84.77,7883,-7016,7810,-6957,0.769999981,-12.10999966,-0.99000001,0.039999999,0.170000002,-1.029999971,-27
84.78,7870,-6978,7827,-6987,2.25,-10.67000008,-1.5,0,0.180000007,-1.029999971,-27
84.79,7877,-6977,7842,-7021,0.270000011,-11.56999969,-2.150000095,0.01,0.209999993,-1.039999962,-27
84.8,7834,-6922,7868,-7028,1.639999986,-10.07999992,-0.349999994,0.039999999,0.189999998,-1.049999952,-27
84.81,7884,-6894,7892,-7062,0.519999981,-11.07999992,-1.559999943,0.039999999,0.209999993,-1.070000052,-27
84.82,7943,-6918,7886,-7119,0.720000029,-11.90999985,-2.730000019,0.039999999,0.170000002,-1.110000014,-27
84.83,8035,-6798,7918,-7116,0.419999987,-9.100000381,-2.5,0.090000004,0.150000006,-1.149999976,-27
84.84,7977,-6772,7902,-7059,1.330000043,-10.47999954,-3.529999971,0.079999998,0.100000002,-1.179999948,-27
84.85,8014,-6884,7971,-6987,-1.120000005,-10.32999992,-1.370000005,-0.029999999,0.079999998,-1.230000019,-27
84.86,8164,-6810,7977,-7023,0.879999995,-11.27999973,0.529999971,-0.100000002,0.07,-1.269999981,-27
84.87,8118,-6768,7994,-7074,-0.970000029,-13.73999977,-0.469999999,-0.109999999,0.029999999,-1.299999952,-27
84.88,8073,-6810,8081,-7038,0.800000012,-9.770000458,0.930000007,-0.090000004,0,-1.370000005,-27
84.89,8170,-6865,8059,-7021,1.379999995,-14.60000038,-0.479999989,-0.109999999,-0.07,-1.389999986,-27
84.9,8149,-6820,8083,-7069,0.330000013,-11.5,0.189999998,-0.01,-0.059999999,-1.399999976,-27
84.91,8073,-6791,8084,-7128,1.769999981,-11.92000008,-1.769999981,-0.029999999,-0.140000001,-1.429999948,-27
84.92,8130,-6785,8130,-7121,-0.49000001,-12.35999966,-3.839999914,0.07,-0.119999997,-1.429999948,-27
84.93,8180,-6855,8098,-7061,2.390000105,-13.47000027,1.75,0.090000004,-0.180000007,-1.440000057,-27
84.94,8167,-6827,8166,-7030,-0.699999988,-16.27000046,1.909999967,0.079999998,-0.189999998,-1.440000057,-27
84.95,8111,-6816,8132,-6979,3.150000095,-14.39999962,3.75999999,0.079999998,-0.189999998,-1.440000057,-27
84.96,8083,-6815,8060,-6902,2.309999943,-15.61999989,2.170000076,0.07,-0.189999998,-1.409999967,-27
84.97,8056,-6800,8023,-6903,2.720000029,-16.44000053,2.640000105,0.01,-0.150000006,-1.389999986,-27
84.98,8021,-6800,7968,-6850,0.589999974,-12.21000004,1.850000024,0.01,-0.159999996,-1.389999986,-27
84.99,8013,-6740,8030,-6819,-0.140000001,-15.80000019,1.029999971,-0.230000004,-0.079999998,-1.350000024,-27
85,7930,-6744,7977,-6810,0.899999976,-20.84000015,2.960000038,-0.029999999,-0.090000004,-1.299999952,-28
85.01,7901,-6707,7963,-6772,-1.480000019,-12.23999977,4.690000057,-0.01,0,-1.279999971,-28
85.02,7868,-6677,7938,-6756,1.059999943,-19.37000084,2.809999943,-0.159999996,0.039999999,-1.220000029,-28
85.03,7844,-6677,7885,-6758,-0.600000024,-15.42000008,2.200000048,0.07,0.029999999,-1.200000048,-28
85.04,7862,-6656,7830,-6790,0.200000003,-14.40999985,3.210000038,-0.01,0.109999999,-1.169999957,-28
85.05,7825,-6636,7767,-6796,-0.439999998,-13.46000004,-2.670000076,0.059999999,0.129999995,-1.169999957,-28
85.06,7838,-6653,7784,-6777,-0.779999971,-12.40999985,-0.519999981,0.109999999,0.140000001,-1.179999948,-28
85.07,7800,-6589,7793,-6758,-1.019999981,-11.89000034,-1.570000052,0.100000002,0.170000002,-1.190000057,-28
85.08,7807,-6617,7824,-6740,-1.029999971,-14.94999981,-1.779999971,0.090000004,0.140000001,-1.190000057,-28
85.09,7804,-6602,7839,-6744,-0.620000005,-10.77000046,-1.389999986,0.129999995,0.150000006,-1.210000038,-28
85.1,7824,-6614,7789,-6733,-0.660000026,-12.77000046,-0.449999988,0.050000001,0.109999999,-1.230000019,-28
85.11,7798,-6581,7802,-6717,0.159999996,-11.13000011,-3.279999971,0.01,0.090000004,-1.25999999,-28
85.12,7789,-6557,7818,-6726,-1.440000057,-11.73999977,-2.900000095,-0.029999999,0.07,-1.289999962,-28
85.13,7886,-6547,7842,-6736,-2.190000057,-10.81000042,-2.119999886,-0.109999999,0.07,-1.330000043,-28
85.14,7848,-6551,7846,-6755,-0.479999989,-11.72000027,-1.399999976,-0.039999999,0.050000001,-1.360000014,-28
85.15,7924,-6508,7841,-6762,-1.360000014,-12.47999954,-1.059999943,-0.01,0,-1.389999986,-28
85.16,7873,-6505,7861,-6797,0.349999994,-11.15999985,-2.299999952,0.029999999,0.01,-1.419999957,-28
85.17,7902,-6493,7854,-6812,-0.469999999,-13.22999954,-2.569999933,0.029999999,-0.02,-1.429999948,-28
85.18,7862,-6492,7824,-6796,0.200000003,-13.52000046,0.25,0.039999999,0.02,-1.450000048,-28
85.19,7840,-6506,7873,-6702,1.200000048,-14.64999962,0.569999993,0.090000004,-0.059999999,-1.460000038,-28
85.2,7866,-6477,7866,-6634,-1.080000043,-16.10000038,0.730000019,-0.059999999,0.01,-1.440000057,-28
85.21,7811,-6503,7836,-6645,2.400000095,-15.89000034,2.180000067,0,0,-1.419999957,-28
85.22,7815,-6524,7874,-6626,-0.529999971,-16.05999947,2.390000105,-0.079999998,0.02,-1.409999967,-28
85.23,7779,-6521,7834,-6633,2.289999962,-15.93000031,1.389999986,-0.079999998,0.029999999,-1.409999967,-28
85.24,7821,-6544,7832,-6662,0.569999993,-14.96000004,0.319999993,-0.119999997,0,-1.399999976,-28
85.25,7886,-6564,7805,-6709,0.25,-15.64000034,-0.610000014,-0.090000004,0.07,-1.389999986,-28
85.26,7933,-6598,7896,-6769,1.25999999,-14.65999985,-0.959999979,-0.02,0.02,-1.399999976,-28
85.27,7931,-6633,7889,-6846,-0.810000002,-14.06000042,-0.079999998,0.02,0.039999999,-1.409999967,-28
85.28,7930,-6689,7915,-6962,2.869999886,-14.14999962,-0.930000007,0.079999998,0.02,-1.429999948,-28
85.29,7955,-6697,8035,-7047,0.409999996,-13.97999954,0.239999995,0.150000006,0.01,-1.440000057,-28
85.3,7985,-6717,8050,-7102,4.599999905,-13.97000027,-0.07,0.189999998,0,-1.460000038,-28
85.31,8034,-6738,8056,-7095,2.130000114,-12.81999969,-2.130000114,0.140000001,-0.02,-1.480000019,-28
85.32,8001,-6757,8118,-7039,4.820000172,-12.31999969,-2.25999999,0.119999997,-0.029999999,-1.49000001,-28
85.33,8014,-6794,8114,-6996,2,-13.77000046,-2.450000048,0.059999999,-0.029999999,-1.5,-28
85.34,8028,-6814,8064,-6967,3,-12.19999981,-0.200000003,0.02,-0.02,-1.5,-28
85.35,8026,-6828,8019,-6971,2.480000019,-13.02999973,0.090000004,-0.050000001,-0.050000001,-1.5,-28
85.36,8028,-6852,8082,-6978,2.700000048,-14.18000031,1.059999943,-0.079999998,-0.029999999,-1.480000019,-28
85.37,8029,-6923,7958,-6959,3.910000086,-13.52000046,1.460000038,-0.07,-0.029999999,-1.480000019,-28
85.38,8035,-6971,7945,-6971,3.599999905,-15.75,0.170000002,-0.119999997,-0.02,-1.460000038,-28
85.39,8005,-7016,7980,-7018,4.360000134,-15.30000019,2.769999981,-0.079999998,0.01,-1.429999948,-28
85.4,8004,-7069,8102,-7112,2.430000067,-16.67000008,-0.230000004,-0.029999999,0.039999999,-1.399999976,-28
85.41,8035,-7151,8050,-7205,2.130000114,-14.56999969,-1.149999976,0,0.079999998,-1.370000005,-28
85.42,8006,-7139,8066,-7259,3.609999895,-13.27000046,-0.5,0.090000004,0.079999998,-1.360000014,-28
85.43,7994,-7130,8068,-7276,0.899999976,-15.80000019,-2.130000114,0.07,0.100000002,-1.350000024,-28
85.44,8023,-7093,8140,-7244,4.579999924,-14.82999992,0.409999996,0.150000006,0.07,-1.350000024,-28
85.45,8028,-7109,8147,-7201,2.910000086,-15.13000011,-0.949999988,0.170000002,0.050000001,-1.340000033,-28
85.46,8067,-7048,8123,-7192,3.769999981,-13.64000034,-0.569999993,0.119999997,0.079999998,-1.350000024,-28
85.47,8071,-6939,8161,-7172,4.210000038,-11.48999977,-1.24000001,0.100000002,0.029999999,-1.360000014,-28
85.48,8118,-6920,8107,-7134,0.860000014,-13.39999962,-2.079999924,-0.039999999,0.050000001,-1.379999995,-28
85.49,8105,-6950,8075,-7131,4.329999924,-13.39000034,-0.579999983,-0.050000001,0.01,-1.389999986,-28
85.5,8101,-6983,8140,-7167,-0.370000005,-14.93999958,0.629999995,-0.100000002,0.02,-1.389999986,-28
85.51,8125,-7009,8103,-7214,4.079999924,-13.76000023,2.25,-0.150000006,0.050000001,-1.389999986,-28
85.52,8106,-7057,8184,-7267,2.75999999,-14.88000011,1.149999976,-0.109999999,-0.02,-1.389999986,-28
85.53,8080,-7088,8182,-7329,3.369999886,-15.65999985,0,-0.109999999,0.01,-1.389999986,-28
85.54,8069,-7123,8218,-7414,4.440000057,-16.19000053,-0.400000006,-0.050000001,0,-1.389999986,-28
85.55,8147,-7126,8231,-7430,1.669999957,-13.57999992,-2.460000038,0.059999999,0.050000001,-1.389999986,-28
85.56,8091,-7121,8264,-7389,4.110000134,-14.64000034,-0.819999993,0,0.050000001,-1.389999986,-28
85.57,8171,-7110,8213,-7328,2.809999943,-14.82999992,0.5,0.109999999,0.039999999,-1.379999995,-28
85.58,8182,-7071,8134,-7311,2.420000076,-15.39000034,1.480000019,0.039999999,0.039999999,-1.379999995,-28
85.59,8190,-7065,8137,-7343,3.089999914,-15.77000046,0.509999991,0.039999999,0.01,-1.379999995,-28
85.6,8174,-7020,8226,-7390,1.779999971,-15.56999969,0.600000024,0.050000001,0.050000001,-1.370000005,-28
85.61,8176,-7017,8224,-7453,3.789999962,-15.11999989,0.449999988,0.050000001,0.029999999,-1.379999995,-28
85.62,8210,-7030,8254,-7607,1.909999967,-13.89999962,-0.449999988,0.02,0.01,-1.379999995,-28
85.63,8178,-7053,8305,-7641,3.829999924,-11.23999977,-1.049999952,0.079999998,0,-1.399999976,-28
85.64,8227,-7025,8325,-7551,3.849999905,-14.63000011,-3.039999962,0.039999999,-0.02,-1.409999967,-28
85.65,8244,-7013,8311,-7547,2.079999924,-14.77000046,-2.49000001,0.050000001,0.02,-1.409999967,-28
85.66,8254,-7093,8335,-7518,4.110000134,-11.52000046,0.059999999,0.02,-0.029999999,-1.419999957,-28
85.67,8259,-7093,8339,-7467,1.50999999,-15.14000034,-0.379999995,-0.07,0.01,-1.409999967,-28
85.68,8278,-7134,8307,-7410,3.930000067,-12.76000023,0.230000004,-0.059999999,-0.029999999,-1.409999967,-28
85.69,8270,-7172,8239,-7398,2.529999971,-15.71000004,0.389999986,-0.140000001,-0.02,-1.409999967,-29
85.7,8287,-7218,8248,-7416,2.519999981,-14.27000046,-0.49000001,-0.129999995,0.039999999,-1.389999986,-29
85.71,8230,-7301,8295,-7403,4.980000019,-16.04999924,2.809999943,-0.100000002,-0.02,-1.370000005,-29
85.72,8206,-7286,8290,-7396,2.190000057,-17.69000053,-0.349999994,-0.079999998,0.07,-1.340000033,-29
85.73,8132,-7278,8279,-7423,5.079999924,-15.03999996,0.920000017,-0.090000004,0.079999998,-1.309999943,-30
85.74,8144,-7253,8252,-7494,1.600000024,-16.17000008,-0.910000026,-0.02,0.079999998,-1.299999952,-30
85.75,8184,-7237,8283,-7564,0.349999994,-15.25,-1.600000024,-0.039999999,0.140000001,-1.289999962,-30
85.76,8152,-7213,8242,-7589,3.269999981,-13.76000023,0.610000014,0.059999999,0.090000004,-1.289999962,-30
85.77,8194,-7119,8283,-7589,0.259999991,-14.38000011,-0.579999983,0.100000002,0.109999999,-1.299999952,-30
85.78,8196,-7054,8163,-7547,3.650000095,-14.85000038,-0.860000014,0.01,0.07,-1.309999943,-30
85.79,8193,-7033,8260,-7497,0.99000001,-14.75,-1.129999995,0.050000001,0.059999999,-1.320000052,-31
85.8,8190,-6984,8258,-7497,1.529999971,-14.97000027,-0.479999989,-0.01,0.100000002,-1.330000043,-31
85.81,8192,-6960,8311,-7472,3.00999999,-14.09000015,-0.529999971,0.059999999,0.039999999,-1.340000033,-31
85.82,8206,-6959,8331,-7431,1.879999995,-13.93999958,-1.629999995,0,0.059999999,-1.350000024,-31
85.83,8188,-6949,8341,-7379,2.289999962,-13.27000046,-1.710000038,-0.039999999,0.039999999,-1.379999995,-31
85.84,8180,-6895,8278,-7391,0.330000013,-13.01000023,-1.610000014,-0.090000004,0,-1.399999976,-31
85.85,8150,-6898,8323,-7447,-0.550000012,-14.02000046,-1.659999967,-0.150000006,0.02,-1.419999957,-31
85.86,8195,-6919,8277,-7493,0.620000005,-13.97999954,-0.219999999,-0.090000004,0,-1.460000038,-31
85.87,8233,-6901,8313,-7506,0.779999971,-15.75,0.419999987,-0.07,-0.029999999,-1.460000038,-31
85.88,8215,-6931,8194,-7463,1.669999957,-16.27000046,0.100000002,-0.029999999,-0.039999999,-1.470000029,-31
85.89,8200,-6927,8225,-7393,2.849999905,-16.29000092,1.700000048,0.01,-0.050000001,-1.460000038,-31
85.9,8189,-6942,8252,-7316,2.339999914,-17.22999954,0.519999981,0.059999999,-0.01,-1.450000048,-31
85.91,8142,-6952,8237,-7274,2.75999999,-16.59000015,-0.540000022,0.150000006,-0.02,-1.419999957,-31
85.92,8165,-6961,8246,-7227,2.700000048,-15.77999973,-0.790000022,0.059999999,0.039999999,-1.389999986,-31
85.93,8125,-6947,8266,-7168,2.400000095,-16.06999969,0.150000006,0.07,0.029999999,-1.360000014,-31
85.94,8073,-6991,8216,-7126,1.879999995,-15.89999962,-0.340000004,0.029999999,0.039999999,-1.330000043,-31
85.95,8075,-6981,8215,-7126,1.980000019,-15.97000027,0.540000022,-0.01,0.079999998,-1.320000052,-31
85.96,8089,-6990,8156,-7166,2.25999999,-14.77000046,-0.529999971,0.059999999,0.079999998,-1.299999952,-31
85.97,8088,-6980,8142,-7185,0.899999976,-14.55000019,0.479999989,-0.029999999,0.090000004,-1.289999962,-31
85.98,8105,-7006,8114,-7204,2.24000001,-14.44999981,-1.230000019,-0.029999999,0.090000004,-1.279999971,-31
85.99,8105,-7032,8103,-7249,1.340000033,-14.93999958,0.400000006,-0.02,0.07,-1.279999971,-31
86,8074,-7034,8133,-7260,3.369999886,-14.22000027,-0.529999971,0.050000001,0.109999999,-1.279999971,-31
86.01,8085,-7034,8224,-7260,0.879999995,-14.43999958,-1.929999948,0.129999995,0.100000002,-1.279999971,-30
86.02,8086,-6945,8227,-7263,1.960000038,-13.40999985,-1.559999943,0.050000001,0.140000001,-1.269999981,-29
86.03,8101,-6897,8234,-7265,1.49000001,-12.47999954,-2.150000095,0.159999996,0.119999997,-1.289999962,-27
86.04,8061,-6891,8211,-7294,0.600000024,-12.35999966,-1.679999948,0.07,0.090000004,-1.320000052,-24
86.05,8115,-6895,8216,-7281,2.279999971,-13.01000023,-1.100000024,0.039999999,0.079999998,-1.350000024,-22
86.06,8147,-6889,8174,-7285,2.069999933,-13.32999992,-1.75999999,0.01,0.02,-1.370000005,-18
86.07,8157,-6903,8189,-7295,2.720000029,-13.14999962,-0.409999996,-0.039999999,0,-1.389999986,-15
86.08,8163,-6881,8192,-7372,3,-14.13000011,-1.419999957,-0.059999999,0.01,-1.399999976,-12
86.09,8100,-6904,8131,-7421,2.960000038,-13.28999996,-1.029999971,-0.01,-0.029999999,-1.409999967,-9
86.1,8083,-6933,8234,-7429,5.019999981,-15.18000031,-1.049999952,0.059999999,-0.039999999,-1.379999995,-8
86.11,8080,-6994,8211,-7416,0.959999979,-16.36000061,-1.389999986,0.039999999,-0.050000001,-1.320000052,-7
86.12,8047,-7031,8144,-7388,2.920000076,-15.97999954,1.029999971,0.050000001,-0.039999999,-1.24000001,-7
86.13,8050,-7049,8122,-7402,3.099999905,-16.19000053,1.909999967,0.159999996,-0.059999999,-1.159999967,-8
86.14,7971,-7142,8100,-7454,1.779999971,-17.20000076,1.370000005,0.140000001,-0.079999998,-1.080000043,-8
86.15,7959,-7226,8112,-7477,4.78000021,-15.78999996,3.420000076,0.090000004,-0.100000002,-1.019999981,-8
86.16,7925,-7308,8009,-7448,2.440000057,-17.30999947,1.669999957,0.090000004,-0.100000002,-0.949999988,-8
86.17,7929,-7390,7984,-7384,4.880000114,-15.52999973,2.140000105,0,-0.100000002,-0.889999986,-10
86.18,7914,-7513,7944,-7405,2.50999999,-17.14999962,1.75999999,-0.090000004,-0.07,-0.829999983,-13
86.19,7920,-7604,7872,-7478,3.460000038,-14.84000015,0.790000022,-0.129999995,-0.02,-0.779999971,-16
86.2,7920,-7713,7926,-7542,1.340000033,-15.28999996,0.379999995,-0.170000002,0.029999999,-0.730000019,-18
86.21,7831,-7896,7941,-7608,1.379999995,-14.56000042,-0.349999994,-0.150000006,0.100000002,-0.680000007,-21
86.22,7818,-7959,7876,-7636,3.019999981,-13.09000015,0.759999991,-0.02,0.090000004,-0.629999995,-22
86.23,7936,-7835,7892,-7604,0.550000012,-15.39000034,-1.669999957,-0.07,0.119999997,-0.639999986,-23
86.24,7841,-7630,7912,-7569,1.809999943,-15.35999966,-2.140000105,0.039999999,0.119999997,-0.620000005,-24
86.25,7883,-7536,7912,-7582,-0.239999995,-14.06999969,-1.75,0.07,0.159999996,-0.639999986,-25
86.26,7861,-7469,7886,-7511,2.420000076,-12.72999954,0.949999988,0.150000006,0.109999999,-0.670000017,-25
86.27,7892,-7315,7861,-7421,0.370000005,-14.02000046,-1.049999952,0.170000002,0.090000004,-0.680000007,-25
86.28,7891,-7286,7844,-7327,0.579999983,-12.26000023,0.759999991,0.029999999,0.07,-0.709999979,-26
86.29,7947,-7177,7888,-7301,0.340000004,-13.27999973,-1.389999986,0.01,0.059999999,-0.730000019,-26
86.3,7995,-7198,7902,-7338,-1.549999952,-11.68000031,-0.589999974,-0.02,0.090000004,-0.769999981,-27
86.31,7959,-7116,7964,-7370,2.279999971,-10.47999954,-0.449999988,0.059999999,0.050000001,-0.810000002,-27
86.32,8012,-7120,8038,-7419,-2.380000114,-9.409999847,-2.460000038,0.029999999,0.050000001,-0.870000005,-28
86.33,8039,-7109,8018,-7440,0.769999981,-9.680000305,-3.150000095,0,0.039999999,-0.920000017,-28
86.34,8098,-7086,7972,-7384,-0.400000006,-7.960000038,-3.839999914,0.039999999,-0.029999999,-0.970000029,-29
86.35,8084,-7088,8090,-7349,0.769999981,-9.779999733,-4.130000114,-0.01,-0.02,-1.029999971,-29
86.36,8072,-7102,8087,-7376,-0.180000007,-12.89000034,0.759999991,-0.02,-0.109999999,-1.070000052,-29
86.37,8133,-7071,8072,-7083,-0.02,-8.970000267,1.25999999,0.219999999,-0.029999999,-1.120000005,-30
86.38,8129,-7045,8078,-6974,3.769999981,-16.23999977,1.179999948,-0.029999999,-0.059999999,-1.129999995,-31
86.39,8127,-7013,8032,-7060,-2.200000048,-13.31000042,1.120000005,0.219999999,0,-1.139999986,-31
86.4,8118,-7035,8045,-7064,3.539999962,-11.86999989,4.21999979,-0.059999999,0,-1.139999986,-32
86.41,8123,-7041,7995,-7074,-1.659999967,-13.89999962,0.239999995,-0.050000001,0.079999998,-1.149999976,-32
86.42,8114,-6963,8092,-7113,0.079999998,-11.10000038,2.420000076,-0.07,0.090000004,-1.159999967,-32
86.43,8135,-6977,8033,-7120,0.280000001,-11.47000027,2.369999886,-0.050000001,0.079999998,-1.190000057,-32
86.44,8153,-6963,8101,-7118,0.439999998,-14.02999973,-1.590000033,0,0.140000001,-1.210000038,-32
86.45,8144,-6937,8117,-7088,0.839999974,-11.77999973,1.299999952,-0.02,0.059999999,-1.230000019,-32
86.46,8151,-6917,8109,-7061,1.320000052,-14.53999996,-1.960000038,0.01,0.079999998,-1.269999981,-32
86.47,8152,-6924,8153,-7067,0.050000001,-13.52000046,-2.380000114,0.01,0.090000004,-1.289999962,-32
86.48,8180,-6930,8179,-7071,0.879999995,-12.71000004,-0.670000017,0,0.090000004,-1.320000052,-32
86.49,8220,-6940,8111,-7029,-0.039999999,-12.97999954,-0.959999979,0.02,0.059999999,-1.350000024,-32
86.5,8249,-6880,8129,-7018,1.289999962,-12.25,-0.870000005,0.039999999,0.050000001,-1.379999995,-32
86.51,8217,-6878,8159,-7024,-1.49000001,-13.77999973,-0.699999988,-0.029999999,0.029999999,-1.399999976,-32
86.52,8224,-6863,8196,-7058,1.799999952,-12.89000034,-0.939999998,0.039999999,0.050000001,-1.429999948,-32
86.53,8261,-6876,8204,-7065,-0.479999989,-12.96000004,0.050000001,0.059999999,0.02,-1.460000038,-32
86.54,8280,-6853,8213,-7048,1.789999962,-12.98999977,-1.75999999,-0.01,0.01,-1.480000019,-32
86.55,8234,-6880,8252,-7054,0.639999986,-13.88000011,-0.939999998,-0.039999999,-0.02,-1.5,-32
86.56,8227,-6837,8263,-7074,0.620000005,-14.93000031,-1.379999995,0,0,-1.50999999,-32
86.57,8200,-6805,8255,-7053,1.320000052,-13.76000023,-0.330000013,0.050000001,0,-1.50999999,-32
86.58,8229,-6767,8224,-6990,0.879999995,-14.72999954,-1.059999943,0.07,0,-1.519999981,-32
86.59,8262,-6841,8268,-6933,1.669999957,-16.12999916,1.210000038,0.029999999,-0.02,-1.529999971,-32
86.6,8284,-6790,8140,-6958,0.5,-16.31999969,0.980000019,-0.059999999,-0.029999999,-1.529999971,-32
86.61,8222,-6792,8160,-6955,0.300000012,-15.78999996,0.879999995,-0.100000002,0,-1.529999971,-32
86.62,8209,-6796,8244,-6956,2.170000076,-14.72000027,2.220000029,-0.02,0,-1.539999962,-32
86.63,8237,-6783,8242,-6959,0.839999974,-16.84000015,0.100000002,-0.02,0.02,-1.529999971,-32
86.64,8250,-6804,8192,-6998,2.00999999,-14.39000034,-0.370000005,-0.059999999,0.039999999,-1.529999971,-32
86.65,8262,-6789,8286,-7060,0.660000026,-14.64999962,-0.519999981,-0.119999997,0.02,-1.539999962,-32
86.66,8145,-6781,8274,-7109,1.549999952,-13.27000046,-2.25999999,0.02,0.039999999,-1.539999962,-32
86.67,8138,-6780,8266,-7134,0.519999981,-13.94999981,-2.049999952,-0.050000001,0.029999999,-1.539999962,-31
86.68,8178,-6774,8187,-7159,1.700000048,-14.22000027,-0.340000004,0.01,0.029999999,-1.529999971,-29
86.69,8221,-6767,8262,-7183,1.210000038,-14.39999962,2.410000086,0.029999999,0.02,-1.529999971,-28
86.7,8180,-6748,8111,-7206,0.709999979,-16.10000038,-0.699999988,-0.01,0.050000001,-1.529999971,-28
86.71,8186,-6763,8136,-7310,2.99000001,-15.22999954,-1.029999971,0.039999999,0,-1.529999971,-28
86.72,8180,-6759,8251,-7395,1.830000043,-13.86999989,-0.560000002,0.209999993,0.039999999,-1.529999971,-28
86.73,8165,-6738,8262,-7299,1.110000014,-14.93000031,-3,0.109999999,0.01,-1.539999962,-28
86.74,8178,-6749,8201,-7157,3.25999999,-15.18000031,-2.450000048,0.109999999,0.029999999,-1.529999971,-28
86.75,8182,-6774,8244,-7042,1.5,-15.67000008,2.930000067,0.02,0.02,-1.519999981,-28
86.76,8122,-6795,8250,-6994,2.579999924,-17.06999969,-0.01,-0.01,0.01,-1.5,-28
86.77,8112,-6845,8211,-7037,1.25999999,-15.82999992,1.480000019,-0.129999995,0,-1.480000019,-28
86.78,8150,-6852,8196,-7066,1.860000014,-14.11999989,-0.039999999,-0.100000002,0.01,-1.470000029,-28
86.79,8154,-6875,8232,-7050,0.529999971,-14.18999958,-1.00999999,-0.180000007,0,-1.470000029,-28
86.8,8199,-6864,8104,-7069,1.480000019,-13.73999977,-1.75,-0.07,-0.01,-1.460000038,-28
86.81,8177,-6884,8103,-7079,2.589999914,-14.97000027,0.409999996,-0.109999999,-0.029999999,-1.470000029,-27
86.82,8168,-6908,8221,-7067,3.359999895,-19.37999916,-0.629999995,-0.02,0,-1.450000048,-27
86.83,8120,-6951,8180,-7046,1.529999971,-16.45999908,1.379999995,0,0,-1.429999948,-27
86.84,8116,-6974,8126,-7021,3.49000001,-16.96999931,0.449999988,-0.01,0.02,-1.379999995,-27
86.85,8101,-7023,8193,-7038,1.950000048,-16.88999939,-0.389999986,0,0.01,-1.350000024,-27
86.86,8023,-7040,8112,-7056,1.590000033,-17.79000092,0.839999974,0.039999999,0.050000001,-1.309999943,-27
86.87,8049,-7036,8108,-7082,3.00999999,-17.30999947,-0.370000005,0.029999999,0.090000004,-1.269999981,-27
86.88,8046,-7057,8085,-7110,1.429999948,-16.70999908,1.879999995,0.140000001,0.07,-1.24000001,-27
86.89,8063,-7023,8102,-7163,2.650000095,-16.37999916,1.269999981,0.07,0.090000004,-1.230000019,-27
86.9,8069,-7036,8102,-7210,1.25999999,-13.75,-0.07,0.140000001,0.090000004,-1.230000019,-27
86.91,8084,-6999,8004,-7254,3.630000114,-14.14000034,-1.789999962,0.100000002,0.079999998,-1.230000019,-27
86.92,8045,-6982,8126,-7277,0.529999971,-14.01000023,-2.029999971,0.159999996,0.079999998,-1.24000001,-27
86.93,8066,-6966,8117,-7275,1.279999971,-14.03999996,-1.139999986,0.02,0.079999998,-1.230000019,-27
86.94,8075,-6977,8150,-7271,2.480000019,-14.03999996,0.509999991,0.109999999,0.050000001,-1.24000001,-27
86.95,8094,-7006,8104,-7286,1.570000052,-13.60999966,-1.080000043,0.07,0.039999999,-1.24000001,-27
86.96,8058,-7003,8120,-7259,3.880000114,-14.84000015,-0.01,-0.039999999,0.029999999,-1.230000019,-27
86.97,8063,-7055,8173,-7244,2.220000029,-13.5,-2.579999924,0.050000001,0.02,-1.230000019,-27
86.98,8061,-7112,8133,-7198,2.049999952,-14.5,-2.079999924,-0.079999998,0.029999999,-1.230000019,-27
86.99,8037,-7176,8057,-7206,3.180000067,-12.84000015,-1.590000033,0.01,0.029999999,-1.210000038,-27
87,8091,-7023,8053,-7232,1.330000043,-12.5,-1.600000024,0.029999999,0.029999999,-1.210000038,-27
87.01,8126,-6964,8037,-7242,2.220000029,-14.67000008,-1.320000052,0.02,0.07,-1.200000048,-27
87.02,8095,-6980,8055,-7232,1.24000001,-16.31999969,0.029999999,-0.02,0.039999999,-1.210000038,-27
87.03,8011,-7028,8090,-7249,1.279999971,-16.04999924,1.850000024,0,0.090000004,-1.200000048,-27
87.04,8119,-7003,8138,-7256,4.809999943,-15.31999969,2.779999971,-0.059999999,0.02,-1.179999948,-27
87.05,8147,-6995,8117,-7247,1.480000019,-15.72000027,-0.119999997,-0.109999999,0.059999999,-1.159999967,-27
87.06,8065,-7008,8116,-7250,2.180000067,-16.63999939,-0.109999999,-0.180000007,0.029999999,-1.159999967,-26
87.07,8050,-7033,8146,-7302,2.74000001,-13.73999977,-1.809999943,0.029999999,0.029999999,-1.159999967,-26
87.08,8103,-7037,8147,-7352,-0.699999988,-15.18000031,-2.359999895,-0.01,0.050000001,-1.169999957,-26
87.09,8091,-7012,8112,-7364,2.809999943,-13.06999969,-1.100000024,0.159999996,0.01,-1.179999948,-26
87.1,8136,-7014,8122,-7322,1.460000038,-14.93999958,-0.259999991,0.140000001,0,-1.200000048,-26
87.11,8184,-7043,8068,-7289,1.669999957,-15.05000019,-0.289999992,0.059999999,-0.039999999,-1.210000038,-26
87.12,8137,-7029,8099,-7345,1.909999967,-13.96000004,1.049999952,0.07,-0.059999999,-1.210000038,-26
87.13,8149,-7055,8212,-7412,2.130000114,-13.38000011,-0.090000004,0.090000004,-0.059999999,-1.230000019,-26
87.14,8156,-7023,8221,-7498,1.50999999,-14.15999985,-1.019999981,0.090000004,-0.050000001,-1.24000001,-26
87.15,8169,-7046,8214,-7377,2.289999962,-12.05000019,-1.539999962,0.100000002,-0.07,-1.24000001,-26
87.16,8182,-7065,8153,-7040,3.789999962,-11.19999981,-3.730000019,0.059999999,-0.100000002,-1.25,-26
87.17,8125,-7139,8181,-7129,-0.059999999,-19.23999977,0.259999991,-0.219999999,-0.079999998,-1.220000029,-26
87.18,8105,-7168,8159,-7232,1.99000001,-13.03999996,3.609999895,-0.059999999,-0.029999999,-1.179999948,-26
87.19,8123,-7244,8162,-7239,2.109999895,-14.07999992,4.269999981,-0.07,0,-1.159999967,-26
87.2,8126,-7326,8059,-7239,3.460000038,-15.94999981,1.269999981,-0.109999999,-0.01,-1.129999995,-27
87.21,8113,-7394,8066,-7209,1.519999981,-12.59000015,0.829999983,0.039999999,0.090000004,-1.100000024,-28
87.22,8080,-7374,7993,-7216,4.289999962,-15.80000019,0.109999999,-0.029999999,0.079999998,-1.059999943,-29
87.23,8072,-7383,8115,-7254,1.49000001,-14.98999977,-2.529999971,0.170000002,0.189999998,-1.029999971,-29
87.24,8087,-7298,8060,-7291,0.059999999,-13.94999981,-0.779999971,0.02,0.219999999,-1.00999999,-30
87.25,8040,-7215,8024,-7294,1.889999986,-12.65999985,-1.620000005,0.170000002,0.239999995,-0.99000001,-30
87.26,8036,-7098,8037,-7300,1.720000029,-12.51000023,0.180000007,0.170000002,0.209999993,-0.980000019,-30
87.27,8021,-7056,8019,-7278,0.889999986,-13.61999989,0.370000005,0,0.219999999,-0.99000001,-30
87.28,8015,-7031,8059,-7257,1.799999952,-12.78999996,-1.950000048,-0.029999999,0.150000006,-1.00999999,-30
87.29,8031,-7049,8054,-7232,-0.49000001,-12.21000004,-1.389999986,-0.170000002,0.159999996,-1.029999971,-30
87.3,8055,-6985,8063,-7278,0.430000007,-11.02999973,-1.200000048,-0.200000003,0.150000006,-1.070000052,-30
87.31,8155,-6974,8103,-7351,-1.419999957,-10.92000008,-3.359999895,-0.150000006,0.119999997,-1.110000014,-30
87.32,8170,-6970,8118,-7442,0.059999999,-9.659999847,-2.25,-0.129999995,0.109999999,-1.169999957,-30
87.33,8200,-6991,8154,-7549,-0.920000017,-12.02999973,-4.03000021,-0.029999999,0.07,-1.230000019,-30
87.34,8098,-6937,8160,-7662,-0.529999971,-9.779999733,-1.389999986,-0.039999999,0.039999999,-1.279999971,-30
87.35,8277,-6921,8193,-7798,0.600000024,-11.26000023,-2.440000057,0.039999999,-0.029999999,-1.320000052,-30
87.36,8317,-6936,8233,-7924,-1.74000001,-12.57999992,-2.849999905,-0.01,-0.029999999,-1.370000005,-30
87.37,8265,-6955,8267,-7970,1.330000043,-13.18000031,-0.259999991,0.059999999,-0.079999998,-1.429999948,-30
87.38,8252,-6944,8287,-7828,2.430000067,-13.11999989,-2.099999905,0.129999995,-0.140000001,-1.450000048,-30
87.39,8234,-6831,8297,-7539,1.649999976,-14.18000031,-1,0.159999996,-0.100000002,-1.460000038,-30
87.4,8238,-6875,8277,-7176,4,-14.85000038,1.100000024,0.059999999,-0.170000002,-1.450000048,-30
87.41,8291,-6927,8234,-7026,1.080000043,-17.36000061,1.340000033,-0.029999999,-0.150000006,-1.470000029,-30
87.42,8270,-6954,8213,-7010,1.49000001,-16.40999985,2.230000019,-0.150000006,-0.140000001,-1.450000048,-30
87.43,8232,-6973,8172,-7043,-0.300000012,-16.10000038,4.769999981,-0.25,-0.079999998,-1.409999967,-30
87.44,8167,-6955,8248,-7033,1.590000033,-16.51000023,4.739999771,-0.140000001,-0.02,-1.389999986,-30
87.45,8172,-7021,8187,-7030,2.619999886,-16.68000031,3.160000086,-0.039999999,-0.039999999,-1.350000024,-30
87.46,8176,-7017,8163,-7066,2.519999981,-17.56999969,1.120000005,-0.100000002,0.029999999,-1.320000052,-30
87.47,8138,-7023,8102,-7113,1.100000024,-13.98999977,-0.25,0.01,0.050000001,-1.299999952,-30
87.48,8071,-7017,8179,-7136,2.019999981,-14.64999962,-1.019999981,0.01,0.100000002,-1.279999971,-30
87.49,8046,-6991,8095,-7104,-1.100000024,-17.23999977,-0.540000022,0.07,0.109999999,-1.269999981,-30
87.5,8052,-6957,8090,-7077,2.069999933,-13.67000008,2.339999914,0.170000002,0.140000001,-1.25,-30
87.51,8046,-6894,7999,-7116,1.440000057,-15.03999996,1.120000005,0.189999998,0.150000006,-1.220000029,-30
87.52,8034,-6863,7950,-7161,-0.300000012,-11.73999977,-0.709999979,0.100000002,0.140000001,-1.24000001,-30
87.53,7989,-6826,7978,-7152,0.800000012,-11.30000019,-0.550000012,0.059999999,0.109999999,-1.25,-30
87.54,7973,-6783,8020,-7024,-0.579999983,-13.52999973,-3.319999933,0.090000004,0.119999997,-1.25,-31
87.55,7950,-6738,8042,-7003,1.769999981,-14.35000038,-3.150000095,0.129999995,0.159999996,-1.230000019,-31
87.56,7945,-6763,7953,-7022,-0.620000005,-10.02000046,-0.709999979,0.07,0.119999997,-1.24000001,-31
87.57,7973,-6716,8034,-7014,-0.930000007,-10.23999977,-1.220000029,-0.180000007,0.159999996,-1.25999999,-31
87.58,7903,-6694,8000,-7027,-0.150000006,-13.27000046,-4.480000019,0,0.119999997,-1.25999999,-31
87.59,7934,-6676,8023,-7071,-1.220000029,-11.71000004,-1.100000024,-0.02,0.100000002,-1.279999971,-31
87.6,7939,-6700,7958,-7124,-0.109999999,-13.42000008,-1.230000019,-0.079999998,0.07,-1.299999952,-31
87.61,7966,-6666,7981,-7126,-1.159999967,-10.59000015,-2.50999999,0.029999999,0.059999999,-1.320000052,-31
87.62,7957,-6620,8030,-7148,-0.07,-11.72000027,-2.609999895,-0.050000001,0.07,-1.350000024,-31
87.63,7980,-6633,7985,-7104,0.670000017,-13.89000034,-2.220000029,0.029999999,0.039999999,-1.360000014,-31
87.64,7953,-6624,7944,-7030,1.690000057,-12.5,-1.100000024,0.090000004,0.050000001,-1.370000005,-31
87.65,7932,-6602,8017,-6947,-0.74000001,-15.10999966,-0.75,-0.079999998,0.02,-1.370000005,-31
87.66,7938,-6567,7977,-6874,0.02,-12.56999969,-1.169999957,0,0.050000001,-1.370000005,-31
87.67,7924,-6626,7972,-6826,0,-15.25,1.200000048,-0.159999996,0.039999999,-1.360000014,-31
87.68,7915,-6566,7951,-6813,-0.5,-16.51000023,1.179999948,-0.090000004,0.059999999,-1.350000024,-31
87.69,7855,-6579,7961,-6779,1.220000029,-15.23999977,2.670000076,-0.129999995,0.039999999,-1.340000033,-31
87.7,7856,-6555,7951,-6789,-1.460000038,-17.30999947,0.180000007,-0.119999997,0.059999999,-1.330000043,-31
87.71,7895,-6560,7930,-6827,-0.039999999,-13.10000038,0.579999983,-0.039999999,0.07,-1.350000024,-31
87.72,7895,-6539,7896,-6853,-0.310000002,-16.38999939,-0.330000013,-0.039999999,0.039999999,-1.360000014,-31
87.73,7918,-6512,7825,-6823,-0.519999981,-14.27999973,-0.519999981,0.079999998,0.039999999,-1.379999995,-31
87.74,7873,-6503,7889,-6804,-0.319999993,-16.17000008,0.970000029,-0.02,0.01,-1.389999986,-31
87.75,7884,-6502,7933,-6830,-0.629999995,-16.22999954,-1.590000033,0.109999999,0.050000001,-1.399999976,-31
87.76,7859,-6456,7919,-6813,-0.200000003,-14.31000042,1.570000052,0.079999998,0.01,-1.419999957,-31
87.77,7841,-6479,7937,-6775,2.140000105,-13.47999954,-2.190000057,0.100000002,0.01,-1.429999948,-31
87.78,7879,-6474,7938,-6759,-0.800000012,-14.47000027,-0.560000002,0,0,-1.429999948,-31
87.79,7803,-6445,7907,-6791,0.660000026,-12.85000038,-1.679999948,0.01,0,-1.440000057,-31
87.8,7862,-6476,7896,-6822,-1.070000052,-15.30000019,-1.429999948,-0.039999999,0,-1.450000048,-31
87.81,7856,-6487,7853,-6845,0.25,-12.18999958,0.889999986,0.029999999,0.01,-1.470000029,-31
87.82,7865,-6476,7961,-6883,0.5,-15.40999985,-0.560000002,-0.01,-0.02,-1.480000019,-31
87.83,7849,-6473,7892,-6909,1.320000052,-12.10000038,0.330000013,0.170000002,-0.02,-1.480000019,-31
87.84,7869,-6475,7838,-6965,2.380000114,-14.56999969,-1.289999962,0.050000001,-0.050000001,-1.5,-31
87.85,7812,-6489,7932,-6960,1.389999986,-12.93000031,-3.670000076,0.280000001,-0.01,-1.49000001,-31
87.86,7811,-6432,7882,-6898,0.949999988,-14.10000038,-0.790000022,0.079999998,-0.02,-1.470000029,-31
87.87,7830,-6388,7920,-6819,1.820000052,-14.85999966,-0.959999979,0.259999991,0,-1.450000048,-31
87.88,7859,-6467,7944,-6750,0.540000022,-13.78999996,2.339999914,0.140000001,0,-1.450000048,-31
87.89,7881,-6470,7992,-6699,1.980000019,-16.93000031,2.269999981,-0.050000001,0.01,-1.440000057,-31
87.9,7793,-6502,7929,-6718,4.230000019,-12.51000023,0.930000007,0.02,-0.029999999,-1.429999948,-31
87.91,7819,-6519,7918,-6758,0.829999983,-12.43000031,1.370000005,-0.349999994,-0.029999999,-1.450000048,-31
87.92,7871,-6604,7960,-6803,3.119999886,-14.68000031,-3.829999924,-0.289999992,0.02,-1.460000038,-31
87.93,7861,-6617,7895,-6858,1.149999976,-14.22000027,0.910000026,-0.200000003,-0.039999999,-1.450000048,-31
87.94,7863,-6680,7880,-6932,1.600000024,-16.03000069,-0.5,-0.180000007,0.07,-1.450000048,-31
87.95,7881,-6756,7866,-6998,0.709999979,-15.97000027,0.509999991,-0.119999997,0.02,-1.440000057,-31
87.96,7852,-6773,7943,-7081,4.570000172,-15.69999981,1.889999986,0.059999999,0.039999999,-1.409999967,-31
87.97,7858,-6814,7979,-7159,0.74000001,-15.90999985,-1.019999981,0.159999996,0.07,-1.409999967,-31
87.98,7883,-6790,7954,-7213,3.789999962,-14.53999996,-2.220000029,0.159999996,0.059999999,-1.389999986,-31
87.99,7897,-6741,7985,-7201,2.700000048,-12.39000034,-1.100000024,0.270000011,0.059999999,-1.389999986,-31
88,7883,-6692,8039,-7185,3.160000086,-14.01000023,-1.5,0.289999992,0.050000001,-1.379999995,-31
88.01,7934,-6641,8007,-7012,2.940000057,-12.34000015,-0.079999998,0.140000001,0.059999999,-1.379999995,-31
88.02,7941,-6665,7951,-6854,3.670000076,-14.43999958,0.159999996,0.109999999,0.029999999,-1.379999995,-31
88.03,7866,-6657,7929,-6853,3.059999943,-15.31999969,0.759999991,-0.039999999,0.029999999,-1.350000024,-31
88.04,7879,-6689,7933,-6889,3.569999933,-11.72000027,2.460000038,-0.119999997,0.029999999,-1.360000014,-31
88.05,7915,-6733,7886,-6952,3.130000114,-13.23999977,-1.100000024,-0.270000011,0.059999999,-1.350000024,-31
88.06,7837,-6789,7964,-7056,2.849999905,-13.07999992,-0.899999976,-0.159999996,0.079999998,-1.340000033,-31
88.07,7872,-6822,7938,-7177,1.059999943,-13.78999996,-2.099999905,-0.180000007,0.079999998,-1.350000024,-31
88.08,7880,-6845,7933,-7273,2.74000001,-14.07999992,-0.230000004,-0.07,0.119999997,-1.340000033,-31
88.09,7898,-6875,7993,-7322,2.519999981,-12.68999958,-1.899999976,0.059999999,0.07,-1.350000024,-31
88.1,7866,-6861,8084,-7357,1.889999986,-15.77999973,-1.25999999,0,0.07,-1.350000024,-31
88.11,7866,-6826,8025,-7370,4.25,-12.65999985,-0.639999986,0.239999995,0.039999999,-1.370000005,-29
88.12,7923,-6696,8108,-7338,1.700000048,-14.26000023,-0.939999998,0.079999998,0.090000004,-1.389999986,-28
88.13,7953,-6710,8160,-7251,5.260000229,-12.68999958,-2.609999895,0.180000007,0.059999999,-1.419999957,-25
88.14,7934,-6667,8031,-7134,3.680000067,-10.85000038,-1.809999943,0.230000004,-0.01,-1.429999948,-23
88.15,7984,-6682,8029,-7054,2.24000001,-13.13000011,-0.579999983,-0.079999998,0,-1.450000048,-21
88.16,7952,-6690,8006,-7072,3.920000076,-13.34000015,-0.560000002,-0.01,-0.059999999,-1.460000038,-19
88.17,7940,-6771,8037,-7156,1.24000001,-14.59000015,0.289999992,-0.090000004,-0.01,-1.450000048,-17
88.18,7954,-6819,8029,-7209,4.619999886,-13.85999966,0.970000029,-0.100000002,-0.01,-1.440000057,-16
88.19,7915,-6886,8057,-7233,3.970000029,-13.72000027,0.409999996,-0.01,-0.07,-1.419999957,-15
88.2,7918,-6993,8053,-7289,5.269999981,-17.04000092,0.170000002,-0.079999998,-0.039999999,-1.370000005,-15
88.21,7881,-7063,8042,-7299,3.619999886,-14.47999954,-0.899999976,0.039999999,-0.029999999,-1.320000052,-15
88.22,7873,-7126,8047,-7273,3.559999943,-17.13999939,-1.269999981,0,0,-1.25999999,-15
88.23,7809,-7163,7948,-7278,4.159999847,-15.53999996,0.340000004,0.119999997,0,-1.200000048,-15
88.24,7828,-7185,7979,-7294,3.74000001,-16.02000046,2.380000114,0.090000004,-0.01,-1.159999967,-15
88.25,7856,-7259,7872,-7302,4.21999979,-17.01000023,2.089999914,0.039999999,0.039999999,-1.110000014,-15
88.26,7852,-7277,7839,-7311,5,-15.81999969,1.940000057,0.029999999,0.01,-1.059999943,-15
88.27,7835,-7344,7919,-7350,3.619999886,-16.93000031,0.709999979,-0.01,0.050000001,-1.019999981,-17
88.28,7825,-7443,7914,-7430,3.369999886,-14.94999981,0.649999976,-0.059999999,0.039999999,-0.980000019,-19
88.29,7849,-7506,7873,-7571,1.450000048,-13.82999992,-1.649999976,-0.059999999,0.079999998,-0.959999979,-21
88.3,7823,-7602,7921,-7674,2.940000057,-13.02999973,-1.539999962,-0.01,0.100000002,-0.939999998,-23
88.31,7847,-7586,7913,-7731,1.769999981,-14.72000027,-0.879999995,0.02,0.100000002,-0.920000017,-25
88.32,7805,-7598,7920,-7705,3.730000019,-12.28999996,-1.940000057,0.109999999,0.090000004,-0.920000017,-26
88.33,7844,-7560,7930,-7606,3.00999999,-14.55000019,-1.190000057,0.029999999,0.050000001,-0.920000017,-28
88.34,7905,-7501,7890,-7514,2.869999886,-13.35000038,-1.799999952,0.100000002,0.079999998,-0.920000017,-28
88.35,7899,-7441,7954,-7469,1.720000029,-11.94999981,-0.419999987,0.050000001,0.039999999,-0.920000017,-29
88.36,7939,-7329,7893,-7440,0.449999988,-12.43999958,-2.089999914,0,0.079999998,-0.920000017,-29
88.37,7915,-7266,7900,-7359,3.319999933,-12.36999989,0.509999991,0.07,0.050000001,-0.930000007,-29
88.38,7944,-7263,7946,-7296,2.829999924,-14.65999985,0.469999999,0,0.039999999,-0.920000017,-29
88.39,7948,-7337,7965,-7291,2.460000038,-13.85000038,1.450000048,-0.07,0.029999999,-0.930000007,-29
88.4,7965,-7338,7937,-7334,3.029999971,-12.97000027,-0.569999993,-0.050000001,0,-0.920000017,-29
88.41,7969,-7264,7984,-7377,2.720000029,-12.48999977,-1.639999986,0.029999999,0.039999999,-0.910000026,-29
88.42,7858,-7130,7993,-7395,1.629999995,-13.59000015,-2.170000076,0.039999999,0.059999999,-0.899999976,-30
88.43,7874,-7153,7997,-7344,1.610000014,-9.859999657,-0.779999971,0.050000001,0.090000004,-0.920000017,-30
88.44,7974,-7113,7975,-7291,1.179999948,-16.14999962,0.959999979,-0.079999998,0.029999999,-0.959999979,-30
88.45,8011,-7119,7920,-7276,0.970000029,-12.68999958,-0.029999999,0.07,0.050000001,-0.970000029,-30
88.46,7998,-7092,7952,-7316,0.259999991,-12.59000015,1.789999962,-0.100000002,0.02,-1,-30
88.47,8074,-7069,7970,-7326,2.640000105,-12.72999954,-0.550000012,0,0.02,-1.029999971,-30
88.48,8061,-7036,8061,-7315,1.820000052,-12.94999981,0.660000026,0.07,0,-1.059999943,-30
88.49,8060,-7043,8060,-7263,3.730000019,-12.47000027,0.200000003,0.039999999,-0.01,-1.090000033,-30
88.5,8124,-7039,8085,-7256,1.360000014,-14.23999977,-1.309999943,-0.01,0,-1.110000014,-30
88.51,8120,-7043,8158,-7312,1.620000005,-10.75,-0.74000001,0,0,-1.149999976,-30
88.52,8141,-7089,8150,-7361,-0.200000003,-13.21000004,-0.629999995,-0.02,-0.01,-1.159999967,-30
88.53,8120,-7108,8182,-7422,3.680000067,-10.81999969,0.300000012,0.079999998,-0.02,-1.190000057,-30
88.54,8140,-7118,8228,-7582,0.819999993,-12.27000046,-0.230000004,0.07,-0.059999999,-1.220000029,-30
88.55,8218,-7175,8201,-7613,2.150000095,-9.609999657,-2.410000086,0.079999998,-0.079999998,-1.25999999,-30
88.56,8255,-7147,8211,-7248,3.660000086,-8.899999619,-3.779999971,0.180000007,-0.119999997,-1.299999952,-30
88.57,8253,-7205,8156,-7154,2.150000095,-18,-0.939999998,0.050000001,-0.050000001,-1.269999981,-30
88.58,8280,-7208,8219,-7157,4.519999981,-11.90999985,6.210000038,0.270000011,-0.039999999,-1.25999999,-30
88.59,8226,-7226,8192,-7162,2.079999924,-15.26000023,1.950000048,-0.119999997,-0.050000001,-1.220000029,-30
88.6,8235,-7265,8158,-7175,3.309999943,-14.09000015,1.080000043,0,0.029999999,-1.190000057,-30
88.61,8195,-7293,8166,-7203,3.5,-13.28999996,3.059999943,-0.059999999,0.01,-1.169999957,-30
88.62,8162,-7364,8154,-7234,2.269999981,-15.43999958,-0.300000012,-0.090000004,0.090000004,-1.129999995,-30
88.63,8117,-7357,8160,-7301,4,-12.07999992,1.720000029,0,0.109999999,-1.120000005,-30
88.64,8147,-7342,8174,-7347,2.25,-12.35999966,-1.220000029,-0.07,0.119999997,-1.120000005,-30
88.65,8199,-7339,8222,-7380,2.569999933,-13.77999973,-1.710000038,-0.01,0.140000001,-1.120000005,-30
88.66,8183,-7282,8221,-7382,2.319999933,-11.31000042,-0.07,0.07,0.129999995,-1.129999995,-30
88.67,8251,-7253,8172,-7348,1.169999957,-12.77000046,-1.659999967,0,0.129999995,-1.139999986,-30
88.68,8238,-7188,8175,-7352,1.960000038,-12.55000019,-0.709999979,0.02,0.109999999,-1.159999967,-30
88.69,8247,-7194,8244,-7406,0.600000024,-12.31999969,-0.930000007,0.01,0.100000002,-1.169999957,-30
88.7,8246,-7126,8220,-7448,0.939999998,-12.35999966,0.050000001,-0.079999998,0.100000002,-1.200000048,-30
88.71,8296,-7137,8251,-7453,2.519999981,-12.22999954,-0.159999996,0.02,0.050000001,-1.220000029,-30
88.72,8297,-7129,8306,-7439,2.029999971,-12.77999973,0.02,-0.07,0.039999999,-1.25,-30
88.73,8290,-7135,8338,-7481,2.359999895,-13.15999985,-3.269999981,-0.01,0,-1.279999971,-30
88.74,8291,-7126,8334,-7568,0.620000005,-9.880000114,-3.25,-0.100000002,0,-1.320000052,-30
88.75,8355,-7158,8420,-7631,0.759999991,-11.86999989,-3.039999962,0.01,0,-1.350000024,-30
88.76,8368,-7137,8424,-7637,1.879999995,-11.57999992,-1.99000001,0.07,-0.029999999,-1.389999986,-30
88.77,8415,-7183,8357,-7556,1.279999971,-11.94999981,-0.709999979,0.159999996,-0.07,-1.409999967,-30
88.78,8407,-7149,8388,-7394,2.640000105,-14.11999989,-0.189999998,0.01,-0.109999999,-1.419999957,-30
88.79,8372,-7174,8418,-7268,1.75999999,-15.52000046,2.029999971,0.100000002,-0.100000002,-1.389999986,-30
88.8,8358,-7198,8406,-7262,1.679999948,-15.53999996,1.830000043,-0.050000001,-0.050000001,-1.370000005,-30
88.81,8331,-7219,8360,-7268,2.839999914,-15.09000015,4.010000229,0.050000001,-0.059999999,-1.350000024,-30
88.82,8326,-7214,8331,-7260,2.519999981,-15.72000027,1.879999995,-0.07,-0.01,-1.309999943,-31
88.83,8267,-7217,8321,-7230,3.529999971,-15.93000031,1.980000019,0,0,-1.289999962,-31
88.84,8249,-7265,8338,-7239,1.659999967,-15.13000011,0.180000007,-0.129999995,0.01,-1.25999999,-31
88.85,8249,-7251,8330,-7283,1.080000043,-13.85999966,0.409999996,-0.02,0.07,-1.25,-31
88.86,8245,-7239,8265,-7325,1.090000033,-13.76000023,-0.449999988,-0.01,0.079999998,-1.24000001,-31
88.87,8228,-7256,8200,-7350,1.149999976,-12.22000027,-0.230000004,0.129999995,0.100000002,-1.220000029,-31
88.88,8255,-7211,8250,-7354,0.800000012,-14.71000004,-0.389999986,0.050000001,0.100000002,-1.220000029,-31
88.89,8220,-7185,8310,-7326,1.830000043,-13.46000004,0.879999995,0.219999999,0.109999999,-1.200000048,-31
88.9,8212,-7119,8245,-7307,1.149999976,-14.19999981,-0.529999971,0.079999998,0.100000002,-1.190000057,-31
88.91,8203,-7071,8257,-7295,2.420000076,-12.64000034,-0.970000029,0.150000006,0.090000004,-1.200000048,-31
88.92,8212,-7081,8288,-7279,0.899999976,-12.35999966,-0.01,0,0.090000004,-1.200000048,-31
88.93,8179,-7056,8297,-7284,2.150000095,-12.86999989,-2.400000095,0.029999999,0.100000002,-1.220000029,-31
88.94,8211,-7033,8254,-7300,-0.600000024,-11.19999981,-1.600000024,-0.090000004,0.07,-1.24000001,-31
88.95,8208,-7002,8335,-7318,1.320000052,-11.98999977,-1.99000001,-0.07,0.090000004,-1.25999999,-31
88.96,8215,-7016,8300,-7347,-0.430000007,-11.68999958,-0.74000001,-0.100000002,0.039999999,-1.279999971,-31
88.97,8273,-7006,8226,-7395,0.01,-11.44999981,-0.379999995,-0.090000004,0.050000001,-1.309999943,-31
88.98,8247,-7008,8256,-7444,0.270000011,-13.40999985,-1.809999943,-0.050000001,0,-1.330000043,-31
88.99,8247,-6977,8360,-7483,0,-13.78999996,-0.280000001,0.01,0.039999999,-1.330000043,-31
89,8234,-6973,8267,-7461,1.919999957,-12.28999996,1.409999967,0.07,0.01,-1.350000024,-31
89.01,8268,-6955,8299,-7390,2.019999981,-14.52000046,-1.190000057,0.039999999,-0.01,-1.360000014,-31
89.02,8222,-6960,8310,-7309,1.779999971,-15.03999996,-0.610000014,0.01,0,-1.350000024,-31
89.03,8216,-6940,8321,-7308,1.5,-14.85999966,-0.620000005,-0.01,0,-1.350000024,-31
89.04,8211,-6941,8285,-7299,0.039999999,-13.72000027,-1.00999999,-0.059999999,0.050000001,-1.350000024,-31
89.05,8204,-6937,8338,-7279,2.839999914,-13.93999958,0.839999974,0.02,0.029999999,-1.350000024,-31
89.06,8146,-6930,8284,-7242,1.519999981,-14.25,1.279999971,-0.039999999,0.029999999,-1.340000033,-31
89.07,8184,-6934,8194,-7239,1.610000014,-14.65999985,1.210000038,-0.079999998,0,-1.340000033,-31
89.08,8240,-6912,8225,-7295,-0.469999999,-16.22999954,0.519999981,-0.159999996,0.02,-1.350000024,-31
89.09,8195,-6916,8279,-7380,-0.889999986,-14.64000034,-0.610000014,-0.02,0.059999999,-1.350000024,-31
89.1,8179,-6913,8260,-7457,1.830000043,-14.18999958,0.370000005,0.01,0.029999999,-1.370000005,-31
89.11,8162,-6887,8281,-7475,-0.059999999,-13.69999981,-1.600000024,0.180000007,0.029999999,-1.370000005,-31
89.12,8217,-6891,8271,-7454,2.279999971,-13.47999954,-0.379999995,0.059999999,0,-1.379999995,-31
89.13,8134,-6859,8286,-7393,1.159999967,-14.68999958,-1.549999952,0.200000003,-0.01,-1.399999976,-31
89.14,8116,-6868,8258,-7329,0.200000003,-13.84000015,-2.769999981,0.07,0.029999999,-1.389999986,-31
89.15,8118,-6792,8232,-7222,1.370000005,-14,1.269999981,0.07,0.01,-1.389999986,-31
89.16,8083,-6761,8217,-7114,2.74000001,-13.22999954,-1.080000043,0.170000002,-0.02,-1.379999995,-31
89.17,8129,-6788,8133,-7033,-1.190000057,-14.78999996,2.049999952,-0.079999998,-0.01,-1.399999976,-31
89.18,8130,-6752,8103,-7019,2.339999914,-13.93999958,0.289999992,-0.119999997,0,-1.409999967,-31
89.19,8087,-6736,8156,-7048,-1,-13.86999989,1.370000005,-0.230000004,-0.02,-1.399999976,-31
89.2,8037,-6744,8180,-7087,1.649999976,-15.98999977,0.25,-0.230000004,0.02,-1.399999976,-31
89.21,8042,-6765,8188,-7110,1.090000033,-16.12000084,-0.01,-0.159999996,0,-1.379999995,-31
89.22,8045,-6730,8189,-7155,0.479999989,-16.5,-0.870000005,-0.129999995,0.050000001,-1.360000014,-31
89.23,8006,-6767,8155,-7188,1.309999943,-16.73999977,-1.049999952,0,0.01,-1.350000024,-31
89.24,7930,-6744,8133,-7190,-1.059999943,-15.43999958,-0.879999995,0.100000002,0.07,-1.320000052,-31
89.25,7949,-6733,8040,-7183,1.24000001,-15.93000031,1.460000038,0.100000002,0.059999999,-1.320000052,-31
89.26,7953,-6724,8014,-7186,0.090000004,-14.80000019,-0.289999992,0.289999992,0.039999999,-1.320000052,-31
89.27,7943,-6683,7991,-7224,0.330000013,-14,-1.850000024,0.170000002,0.059999999,-1.309999943,-31
89.28,7962,-6680,8012,-7190,0.699999988,-11.28999996,0.059999999,0.259999991,0.029999999,-1.330000043,-31
89.29,7948,-6627,8068,-7036,1.049999952,-14.53999996,-1.379999995,0.209999993,0.050000001,-1.330000043,-31
89.3,7892,-6598,8047,-6947,2.769999981,-14.56999969,-0.409999996,0.219999999,0.02,-1.309999943,-31
89.31,7881,-6584,8007,-6918,0,-12.85000038,-0.949999988,-0.01,0.050000001,-1.299999952,-31
89.32,7874,-6595,7979,-6883,0.959999979,-12.25,0.050000001,-0.129999995,0.079999998,-1.299999952,-31
89.33,7834,-6597,7949,-6882,-0.629999995,-14.46000004,0.409999996,-0.259999991,0.059999999,-1.269999981,-31
89.34,7794,-6603,7910,-6917,0.230000004,-13.27000046,0.720000029,-0.239999995,0.100000002,-1.25999999,-31
89.35,7785,-6608,7943,-6896,0.230000004,-13.27000046,0.720000029,-0.239999995,0.100000002,-1.25999999,-31
89.36,7777,-6634,7902,-6909,0.569999993,-15.53999996,-0.200000003,-0.129999995,0.119999997,-1.210000038,-31
89.37,7750,-6643,7885,-6924,1.860000014,-14.27000046,0.400000006,-0.059999999,0.079999998,-1.210000038,-31
89.38,7786,-6644,7815,-6981,-0.49000001,-15.05000019,-3.220000029,0.039999999,0.159999996,-1.200000048,-31
89.39,7793,-6657,7874,-7047,1.580000043,-14.14000034,-1.950000048,0.090000004,0.150000006,-1.190000057,-31
89.4,7737,-6665,7866,-6988,-1.090000033,-14.55000019,-2.470000029,0.180000007,0.170000002,-1.169999957,-31
89.41,7735,-6684,7853,-7003,1.850000024,-13.64000034,-0.400000006,0.180000007,0.180000007,-1.169999957,-31
89.42,7709,-6571,7863,-6971,2.24000001,-12.61999989,-0.239999995,0.25,0.109999999,-1.159999967,-31
89.43,7770,-6521,7862,-6956,0.899999976,-13.43000031,-2.589999914,0.159999996,0.129999995,-1.149999976,-31
89.44,7746,-6528,7873,-6949,0.460000008,-12.72000027,-2.119999886,0.079999998,0.129999995,-1.190000057,-31
89.45,7601,-6561,7846,-6960,0.219999999,-10.5,-2.99000001,0.090000004,0.140000001,-1.210000038,-31
89.46,7775,-6526,7856,-6927,-0.100000002,-13.01000023,0.550000012,-0.219999999,0.100000002,-1.220000029,-31
89.47,7832,-6550,7869,-6984,-0.289999992,-13.52000046,-1.600000024,-0.170000002,0.059999999,-1.269999981,-31
89.48,7882,-6552,7873,-7055,-0.560000002,-14.05000019,-1.309999943,-0.230000004,0.029999999,-1.289999962,-31
89.49,7935,-6654,7967,-7246,1.809999943,-13.76000023,1.149999976,-0.270000011,0.07,-1.330000043,-31
89.5,8032,-6697,8072,-7449,1.340000033,-15.67000008,-1.799999952,-0.119999997,-0.01,-1.379999995,-31
89.51,7951,-6753,8159,-7684,2.180000067,-14.22000027,-1.49000001,0.01,-0.01,-1.379999995,-31
89.52,8034,-6815,8192,-7748,1.799999952,-14.90999985,-2.170000076,-0.07,0,-1.419999957,-31
89.53,8089,-6834,8223,-7836,1.570000052,-13.26000023,-3.910000086,0.159999996,-0.039999999,-1.450000048,-31
89.54,8108,-6834,8218,-7768,3.50999999,-14.14000034,-0.239999995,0.140000001,-0.050000001,-1.480000019,-31
89.55,8162,-6813,8219,-7682,3.630000114,-16.31999969,2.140000105,0.059999999,-0.090000004,-1.50999999,-31
89.56,8107,-6826,8234,-7783,5.130000114,-13.35000038,1.659999967,0.170000002,-0.109999999,-1.539999962,-31
89.57,8119,-6860,8367,-7823,2.980000019,-17.45999908,1.519999981,-0.02,-0.129999995,-1.559999943,-31
89.58,8189,-6924,8209,-7464,5.610000134,-8.050000191,-1.779999971,0.25,-0.150000006,-1.600000024,-31
89.59,8272,-6916,8088,-7248,5.329999924,-15.36999989,-1.950000048,-0.150000006,-0.200000003,-1.639999986,-31
89.6,8228,-7047,8274,-7085,6.059999943,-20.38999939,-0.730000019,0.039999999,-0.090000004,-1.580000043,-31
89.61,8187,-7154,8301,-7087,1.830000043,-17.84000015,7.150000095,-0.100000002,-0.150000006,-1.50999999,-31
89.62,8213,-7295,8219,-7116,5.449999809,-18.45999908,1.929999948,-0.059999999,-0.02,-1.460000038,-31
89.63,8163,-7456,8211,-7152,3.690000057,-16.72999954,3.150000095,-0.050000001,-0.02,-1.389999986,-31
89.64,8114,-7686,8164,-7204,3.940000057,-15.81000042,2.269999981,-0.059999999,0.059999999,-1.350000024,-31
89.65,8100,-7881,8171,-7325,5.090000153,-18.06999969,-0.170000002,0.02,0.039999999,-1.299999952,-31
89.66,8104,-8114,8125,-7352,2.279999971,-14.07999992,0.800000012,0.109999999,0.119999997,-1.269999981,-31
89.67,8165,-8274,8185,-7400,5.199999809,-14.80000019,-0.970000029,0.090000004,0.109999999,-1.25,-31
89.68,8198,-8375,8211,-7376,3.920000076,-13.19999981,-1.889999986,0.300000012,0.159999996,-1.220000029,-31
89.69,8201,-8354,8097,-7345,4.960000038,-11.72000027,-1.730000019,0.300000012,0.140000001,-1.200000048,-31
89.7,8255,-8243,8092,-7252,3.789999962,-15.01000023,-2.880000114,0.119999997,0.150000006,-1.169999957,-31
89.71,8152,-8084,8153,-7213,3.99000001,-13.81000042,-0.189999998,0.239999995,0.180000007,-1.120000005,-31
89.72,8108,-7877,8147,-7223,2.549999952,-15.52000046,-0.349999994,-0.029999999,0.219999999,-1.080000043,-31
89.73,8039,-7701,8056,-7260,3.670000076,-10.22000027,-1.039999962,0.119999997,0.230000004,-1.070000052,-31
89.74,8037,-7535,8134,-7274,3.900000095,-13.72999954,0.02,-0.200000003,0.200000003,-1.059999943,-31
89.75,8026,-7424,8168,-7416,3.369999886,-12.85000038,-3.180000067,-0.029999999,0.230000004,-1.090000033,-29
89.76,8043,-7349,8110,-7436,1.870000005,-11.30000019,-2.99000001,-0.25,0.140000001,-1.090000033,-27
89.77,8081,-7186,8186,-7671,2.430000067,-11.15999985,-4.079999924,-0.170000002,0.219999999,-1.139999986,-23
89.78,8107,-7128,8194,-7754,1.639999986,-11.40999985,-3.730000019,-0.050000001,0.090000004,-1.179999948,-18
89.79,8270,-7060,8164,-7850,1.889999986,-13.59000015,-1.75999999,-0.059999999,0.140000001,-1.220000029,-12
89.8,8217,-6983,8159,-7901,1.190000057,-14.89999962,-3.180000067,0.090000004,0.039999999,-1.24000001,-5
89.81,8096,-6994,8272,-7937,5.699999809,-13.40999985,1.450000048,0.159999996,-0.01,-1.25,1
89.82,8047,-7123,8278,-7835,4.260000229,-14.46000004,-1.659999967,0.289999992,-0.039999999,-1.24000001,7
89.83,8081,-7199,8210,-7794,4.03000021,-12.34000015,-3.440000057,0.189999998,-0.119999997,-1.200000048,12
89.84,8029,-7234,8197,-7792,6.929999828,-13.63000011,-0.01,0.270000011,-0.200000003,-1.090000033,13
89.85,8032,-7369,8136,-7750,3.690000057,-13.27000046,-3.200000048,0.300000012,-0.180000007,-0.939999998,14
89.86,7992,-7474,8038,-7776,7.599999905,-12.90999985,2.839999914,0.219999999,-0.25,-0.75,14
89.87,7939,-7588,7935,-7813,5.010000229,-15.94999981,2.059999943,0.200000003,-0.289999992,-0.550000012,14
89.88,7900,-7722,7827,-7987,4.599999905,-16.18000031,3.789999962,0.07,-0.25,-0.349999994,14
89.89,7875,-7877,7732,-7991,5.670000076,-14.90999985,4.150000095,0,-0.280000001,-0.180000007,11
89.9,7874,-8132,7724,-8137,4.099999905,-20,4.320000172,-0.140000001,-0.230000004,-0.050000001,7
89.91,7799,-8345,7820,-7963,7.099999905,-16.32999992,3.809999943,0.039999999,-0.189999998,0.039999999,4
89.92,7794,-8476,7788,-7861,4.28000021,-14.11999989,3.609999895,-0.100000002,-0.230000004,0.119999997,1
89.93,7791,-8602,7743,-8070,4.960000038,-16.89999962,1.75,-0.029999999,-0.079999998,0.200000003,0
89.94,7784,-8572,7794,-7945,1.929999948,-8.220000267,2.470000029,0.100000002,-0.07,0.230000004,-1
89.95,7779,-8461,7739,-7933,2.650000095,-10.78999996,0.930000007,0.090000004,0.039999999,0.270000011,-1
89.96,7784,-8287,7741,-7951,5.019999981,-7.519999981,5.619999886,0.209999993,0.039999999,0.280000001,-1
89.97,7768,-8132,7807,-7953,2.980000019,-4.809999943,6.400000095,0.100000002,0.100000002,0.259999991,-1
89.98,7824,-8034,7799,-7963,4.519999981,-3.660000086,-0.819999993,0.090000004,0.079999998,0.219999999,-1
89.99,7903,-7968,7873,-8003,1.25,-0.01,-0.689999998,0.150000006,0.100000002,0.150000006,-1
90,7928,-7901,7919,-7974,2.269999981,0.699999988,-2.75999999,0.180000007,0.109999999,0.079999998,-1
90.01,8018,-7925,7921,-7940,2.099999905,1.200000048,-1.440000057,0.270000011,0.07,0.01,-1
90.02,8013,-7916,7989,-7890,2.029999971,1.320000052,-2.289999962,0.180000007,0.050000001,-0.050000001,0
90.03,8073,-7909,8072,-7891,1.980000019,0.239999995,-1.610000014,0.170000002,0.039999999,-0.090000004,0
90.04,8104,-7960,8089,-7950,2.50999999,0.660000026,-1.720000029,0.109999999,0.039999999,-0.109999999,1
90.05,8112,-7958,8100,-7976,2.430000067,1.019999981,-1.279999971,0.059999999,0.02,-0.129999995,1
90.06,8119,-7971,8104,-7972,2.49000001,0.860000014,-1.980000019,0,0,-0.129999995,1
90.07,8097,-7957,8065,-7962,1.889999986,0.560000002,-1.669999957,-0.02,-0.01,-0.109999999,1
90.08,8096,-7976,8033,-7968,1.840000033,0.589999974,0.850000024,-0.02,-0.02,-0.100000002,1
90.09,8079,-7936,8012,-7965,0.870000005,-0.759999991,1.860000014,0,-0.01,-0.090000004,1
90.1,8115,-7988,8045,-8033,0.540000022,-0.74000001,1.059999943,0.029999999,0,-0.079999998,2
90.11,8079,-7969,8048,-7974,0.170000002,-2.559999943,1.110000014,0,0,-0.090000004,2
90.12,8101,-7963,8030,-7982,0.460000008,-1,-0.680000007,0.090000004,0.059999999,-0.090000004,4
90.13,8063,-7999,8034,-7940,0.920000017,-1.720000029,1.019999981,-0.02,0.059999999,-0.07,6
90.14,8088,-8038,8006,-7975,-0.529999971,-0.660000026,-0.050000001,0.039999999,0.079999998,-0.059999999,7
90.15,8035,-8087,7998,-8021,0.800000012,-0.680000007,0.419999987,-0.029999999,0.039999999,-0.02,9
90.16,8032,-8079,7981,-8032,0.059999999,-0.409999996,0.219999999,0,0.07,0.01,12
90.17,8008,-8154,7941,-8050,1.799999952,-0.180000007,-1.470000029,0.059999999,0.050000001,0.059999999,15
90.18,7947,-8196,7943,-8108,0.540000022,0.800000012,0.479999989,0.090000004,0.01,0.109999999,18
90.19,7943,-8212,7909,-8167,0.280000001,1.350000024,-1.570000052,0.109999999,0.02,0.189999998,20
90.2,7903,-8216,7831,-8229,-0.280000001,2.390000105,-1.110000014,0.150000006,-0.02,0.270000011,22
90.21,7886,-8276,7777,-8247,-0.910000026,1.909999967,-0.180000007,0.170000002,0,0.360000014,24
90.22,7842,-8282,7718,-8275,0.02,1.399999976,2.200000048,0.200000003,-0.02,0.449999988,25
90.23,7789,-8293,7695,-8268,0.270000011,2.49000001,3.369999886,0.159999996,-0.029999999,0.529999971,26
90.24,7727,-8343,7650,-8278,-0.610000014,1.850000024,2.289999962,0.02,-0.01,0.610000014,27
90.25,7656,-8359,7610,-8337,0.400000006,2.930000067,2.019999981,-0.01,-0.01,0.699999988,27
90.26,7660,-8348,7603,-8343,-1.659999967,5.849999905,-1.129999995,-0.059999999,0,0.779999971,28
90.27,7598,-8371,7555,-8311,-0.280000001,7.550000191,-1.360000014,0.050000001,-0.01,0.850000024,28
90.28,7570,-8417,7506,-8336,-1.860000014,7.349999905,1.100000024,0.079999998,0.01,0.899999976,29
90.29,7530,-8411,7461,-8400,0.469999999,6.71999979,0.99000001,0.170000002,0.01,0.949999988,29
90.3,7485,-8400,7441,-8466,-1.190000057,8.06000042,1.720000029,0.230000004,0.01,0.99000001,30
90.31,7455,-8388,7379,-8418,-0.649999976,6.949999809,2.059999943,0.090000004,0.029999999,1.029999971,30
90.32,7433,-8407,7363,-8411,-0.170000002,6.5,1.100000024,0.02,0.029999999,1.070000052,30
90.33,7424,-8366,7326,-8394,-2.309999943,10.89999962,-0.280000001,0.039999999,0.079999998,1.100000024,30
90.34,7398,-8403,7303,-8378,-0.270000011,8.520000458,-0.439999998,-0.01,0.050000001,1.129999995,30
90.35,7371,-8439,7301,-8393,-0.02,11.18000031,0.319999993,0.150000006,0.07,1.149999976,30
90.36,7367,-8395,7244,-8352,-1.25,10.77000046,-0.349999994,0.02,0.079999998,1.159999967,30
90.37,7342,-8410,7233,-8360,0.519999981,9.170000076,-2.700000048,0,0.050000001,1.200000048,30
90.38,7302,-8420,7226,-8346,-1.679999948,12.77999973,-2.200000048,0.050000001,0.029999999,1.210000038,30
90.39,7270,-8364,7204,-8351,-0.460000008,11.40999985,-3.329999924,-0.029999999,0.01,1.210000038,30
90.4,7247,-8395,7199,-8398,-1.879999995,12.26000023,-3.640000105,0.07,0.029999999,1.230000019,30
90.41,7265,-8333,7186,-8383,0.769999981,13.30000019,-0.949999988,0.119999997,-0.02,1.230000019,31
90.42,7255,-8348,7168,-8358,-0.529999971,12.07999992,-0.170000002,0.170000002,0,1.220000029,31
90.43,7247,-8291,7169,-8338,-1.179999948,12.27999973,-1.00999999,0.02,0,1.220000029,31
90.44,7231,-8292,7161,-8318,-1.690000057,14.68999958,-0.600000024,0.039999999,0.02,1.190000057,32
90.45,7206,-8297,7157,-8284,-0.419999987,13.85999966,0.730000019,0.050000001,0.059999999,1.169999957,33
90.46,7153,-8098,7144,-8260,-1.25999999,14.59000015,0.860000014,0,0.090000004,1.149999976,33
90.47,7124,-8264,7150,-8227,0.439999998,14.09000015,-0.059999999,-0.050000001,0.109999999,1.110000014,36
90.48,7132,-8208,7145,-8221,-1.450000048,13.56000042,0.560000002,-0.02,0.119999997,1.090000033,37
90.49,7123,-8133,7139,-8201,-1.649999976,15.73999977,-0.910000026,-0.050000001,0.159999996,1.090000033,39
90.5,7093,-8118,7106,-8250,-1.070000052,14.39999962,-0.889999986,-0.029999999,0.129999995,1.110000014,41
90.51,7087,-8196,7088,-8252,-1.389999986,13.09000015,-0.610000014,0.02,0.129999995,1.149999976,42
90.52,7062,-8150,7045,-8202,-1.700000048,13.97000027,-0.259999991,0.079999998,0.109999999,1.159999967,43
90.53,6981,-8081,7020,-8222,-2.079999924,13.13000011,-0.920000017,0.090000004,0.119999997,1.190000057,45
90.54,6949,-8153,6994,-8193,-1.080000043,13.52999973,-0.02,0.109999999,0.129999995,1.230000019,45
90.55,6950,-8220,6956,-8183,-0.899999976,14.21000004,0.519999981,0.090000004,0.079999998,1.269999981,45
90.56,6932,-8176,6916,-8206,-3.00999999,13.85999966,-1.769999981,0.07,0.100000002,1.309999943,45
90.57,6895,-8178,6885,-8206,0.239999995,14.48999977,-0.180000007,0.01,0.039999999,1.360000014,45
90.58,6876,-8222,6858,-8143,-3.599999905,15.18000031,0.839999974,0.050000001,0.029999999,1.389999986,45
90.59,6866,-8199,6831,-8250,-1.639999986,12.5,-2.720000029,-0.079999998,0.029999999,1.450000048,45
90.6,6830,-8155,6814,-8329,0.769999981,11.43999958,-0.349999994,0.02,-0.079999998,1.50999999,45
90.61,6787,-8172,6794,-8259,-2.210000038,15.05000019,-1.230000019,-0.02,-0.079999998,1.539999962,45
90.62,6737,-8190,6749,-8258,-0.680000007,12.13000011,-4.190000057,-0.319999993,-0.109999999,1.570000052,45
90.63,6702,-8110,6727,-8259,-2.950000048,16.95999908,0.589999974,-0.050000001,-0.039999999,1.590000033,45
90.64,6672,-8089,6719,-8221,-0.270000011,17.71999931,0.050000001,-0.079999998,-0.090000004,1.590000033,45
90.65,6636,-8174,6723,-8260,-0.589999974,17.89999962,3.74000001,0.039999999,-0.109999999,1.570000052,45
90.66,6652,-8166,6711,-8200,-0.649999976,15.39000034,1.840000033,-0.029999999,-0.050000001,1.559999943,45
90.67,6666,-8141,6691,-8215,0.680000007,16.97999954,1.940000057,0.079999998,-0.02,1.559999943,45
90.68,6668,-8194,6728,-8195,-0.889999986,16.29000092,1.929999948,0.059999999,0,1.559999943,45
90.69,6657,-8136,6717,-8223,2.339999914,15.92000008,0.379999995,0.07,-0.01,1.559999943,45
90.7,6665,-8172,6758,-8252,-0.079999998,15.89000034,1.309999943,0.079999998,0.01,1.559999943,45
90.71,6701,-8214,6790,-8293,2.25999999,13.64999962,-0.449999988,0,0.029999999,1.570000052,45
90.72,6696,-8203,6807,-8304,-0.25,15.14000034,0.49000001,0.029999999,0.02,1.590000033,45
90.73,6710,-8182,6816,-8264,2.75999999,14.40999985,-0.689999998,-0.029999999,0.059999999,1.600000024,45
90.74,6707,-8239,6859,-8293,2.390000105,15.27999973,1.220000029,-0.029999999,0,1.600000024,45
90.75,6709,-8279,6899,-8317,1.149999976,12.71000004,-2.349999905,-0.109999999,0.079999998,1.600000024,45
90.76,6696,-8266,6901,-8282,3.359999895,15.22999954,-1.320000052,-0.109999999,0.050000001,1.600000024,45
90.77,6700,-8273,6898,-8297,2.690000057,14.02999973,-0.540000022,-0.07,0.059999999,1.580000043,45
90.78,6707,-8245,6918,-8323,1.950000048,13.36999989,-2.329999924,-0.100000002,0.090000004,1.580000043,45
90.79,6719,-8234,6925,-8330,4.099999905,12.18000031,-0.100000002,-0.090000004,0.050000001,1.580000043,45
90.8,6667,-8183,6912,-8375,1.559999943,12.40999985,-2.49000001,-0.02,0.100000002,1.570000052,45
90.81,6685,-8125,6863,-8397,3.579999924,13.10999966,-3.019999981,-0.090000004,0.119999997,1.559999943,45
90.82,6679,-8169,6851,-8338,1.429999948,14.68999958,-2,-0.01,0.109999999,1.570000052,45
90.83,6646,-8139,6878,-8360,1.120000005,12.97999954,-2.420000076,0,0.150000006,1.580000043,45
90.84,6685,-8188,6865,-8332,2.450000048,15.31000042,0.200000003,0.07,0.119999997,1.600000024,45
90.85,6635,-8155,6839,-8301,1.690000057,15.68999958,-0.879999995,0.079999998,0.129999995,1.580000043,45
90.86,6637,-8164,6826,-8344,2.819999933,16.47999954,-1.470000029,0.059999999,0.129999995,1.559999943,45
90.87,6578,-8169,6816,-8326,1.970000029,15.64000034,0.829999983,0.109999999,0.100000002,1.590000033,45
90.88,6655,-8214,6812,-8359,1.529999971,16.64999962,0.209999993,0.129999995,0.129999995,1.639999986,44
90.89,6632,-8258,6827,-8463,6.070000172,14.85999966,1.139999986,0.150000006,0.029999999,1.669999957,41
90.9,6615,-8285,6802,-8428,-0.439999998,13.17000008,-2.960000038,0.150000006,0.07,1.710000038,38
90.91,6621,-8236,6844,-8470,3.150000095,17.39999962,-2.720000029,0.159999996,0.01,1.75,35
90.92,6634,-8243,6891,-8448,3.079999924,14.10000038,1.559999943,0,-0.029999999,1.769999981,31
90.93,6676,-8237,6889,-8453,2.940000057,14.72999954,-2.869999886,0.109999999,-0.029999999,1.789999962,26
90.94,6680,-8177,6917,-8418,2.329999924,17.29000092,1.99000001,-0.170000002,-0.07,1.779999971,21
90.95,6741,-8104,6991,-8303,1.950000048,14.35000038,-1.269999981,-0.219999999,0.01,1.75,17
90.96,6760,-8107,7034,-8329,4.940000057,16.79999924,1.769999981,-0.209999993,-0.100000002,1.720000029,12
90.97,6818,-8006,7076,-8309,1.75,18.15999985,3.650000095,-0.330000013,-0.059999999,1.620000005,10
90.98,6851,-7999,7163,-8236,4.039999962,18.48999977,1.710000038,-0.460000008,-0.109999999,1.50999999,9
90.99,6886,-8024,7089,-8180,1.409999967,15.42000008,2.190000057,-0.509999991,-0.090000004,1.419999957,9
91,6933,-7901,6994,-8149,3.589999914,15.35000038,-1.389999986,-0.419999987,-0.079999998,1.340000033,9
91.01,6993,-7877,7087,-8094,3.529999971,25.04000092,-0.519999981,-0.07,-0.02,1.200000048,9
91.02,7041,-7848,7204,-8063,0.870000005,17.07999992,5.610000134,-0.189999998,-0.059999999,1.100000024,12
91.03,7173,-7813,7308,-7983,4.010000229,15.26000023,-2.910000086,0.310000002,0.059999999,1.029999971,16
91.04,7259,-7772,7426,-7954,1.340000033,19.44000053,4.550000191,0.289999992,0,0.939999998,19
91.05,7429,-7752,7489,-7944,1.769999981,14.60000038,-1.610000014,0.270000011,0.150000006,0.889999986,23
91.06,7493,-7800,7588,-7914,2.190000057,16.76000023,0.170000002,0.310000002,0.090000004,0.829999983,25
91.07,7591,-7780,7690,-7917,0.75,14.75,-0.270000011,0.189999998,0.159999996,0.800000012,27
91.08,7655,-7816,7747,-7938,1.620000005,12.72999954,-2.730000019,0.109999999,0.150000006,0.790000022,28
91.09,7686,-7820,7809,-7957,1.870000005,14.44999981,-0.670000017,0.050000001,0.140000001,0.790000022,31
91.1,7661,-7806,7847,-7977,1.730000019,14.46000004,-1.860000014,-0.039999999,0.140000001,0.769999981,32
91.11,7548,-7835,7838,-8010,3.24000001,11.40999985,-2.289999962,-0.079999998,0.129999995,0.790000022,34
91.12,7421,-7871,7785,-8015,0.050000001,16.77000046,-2.869999886,-0.079999998,0.140000001,0.779999971,36
91.13,7278,-7888,7766,-8016,2.519999981,12.72000027,-2.119999886,-0.159999996,0.129999995,0.800000012,37
91.14,7211,-7851,7713,-7971,2.529999971,13.60000038,-1.070000052,0,0.109999999,0.819999993,39
91.15,7171,-7920,7699,-8012,2.099999905,13.65999985,-1.25,-0.01,0.100000002,0.829999983,40
91.16,7093,-7859,7669,-7999,3.609999895,12.64999962,-0.720000029,0.01,0.02,0.839999974,41
91.17,7081,-7913,7681,-8024,0.270000011,13.27999973,-2.519999981,0.059999999,0.07,0.870000005,42
91.18,7022,-7929,7622,-8015,0.400000006,13.32999992,-2.809999943,-0.050000001,0.039999999,0.889999986,43
91.19,7006,-7934,7545,-8012,0.680000007,11.81000042,-0.189999998,0.02,0.050000001,0.910000026,43
91.2,6969,-7979,7453,-8002,1.570000052,13.56999969,-1.220000029,0.039999999,0.079999998,0.930000007,43
91.21,6919,-7953,7348,-8001,1.639999986,12.90999985,-0.090000004,0.02,0.01,0.939999998,44
91.22,6910,-7939,7272,-8014,2.450000048,13.89000034,-1.340000033,0.119999997,0.050000001,0.959999979,43
91.23,6903,-7933,7203,-8046,3.049999952,15.43999958,1,0.100000002,-0.02,0.99000001,44
91.24,6876,-7970,7140,-8085,-0.370000005,14.02000046,-0.629999995,0.090000004,0.039999999,1.00999999,44
91.25,6894,-7945,7125,-8071,1.25999999,14.63000011,0.939999998,0.02,0.02,1.039999962,44
91.26,6888,-7974,7114,-8060,-0.25,15.39999962,0.790000022,0.090000004,0.090000004,1.059999943,44
91.27,6898,-8045,7092,-8023,1.570000052,14.07999992,1.029999971,0.039999999,0.059999999,1.070000052,43
91.28,6887,-8048,7058,-8023,1.610000014,14.60999966,1.710000038,0.029999999,0.07,1.070000052,43
91.29,6864,-7997,7091,-8027,0.479999989,13.18999958,0.230000004,0,0.109999999,1.090000033,44
91.3,6911,-8056,7093,-8062,2.119999886,13.06000042,0.029999999,-0.079999998,0.079999998,1.110000014,44
91.31,6883,-8040,7096,-8128,2.799999952,13.06999969,-1.169999957,0.029999999,0.059999999,1.139999986,43
91.32,6893,-8052,7116,-8156,2.089999914,11.43000031,-2.140000105,-0.029999999,0.07,1.169999957,43
91.33,6865,-8120,7117,-8172,1.220000029,11.31000042,-1.919999957,-0.02,0.050000001,1.200000048,43
91.34,6866,-8085,7111,-8138,-0.050000001,12.61999989,-3.450000048,0,0.07,1.230000019,43
91.35,6847,-8075,7082,-8127,3.119999886,12.98999977,-0.140000001,0.029999999,0.059999999,1.25999999,43
91.36,6847,-8090,7064,-8133,1.220000029,12.92000008,0.589999974,0.079999998,0.07,1.279999971,43
91.37,6823,-8113,7071,-8156,0.600000024,14.02999973,-0.720000029,0,0.050000001,1.309999943,43
91.38,6809,-8148,7074,-8180,1.74000001,14.65999985,-0.469999999,0.039999999,0.039999999,1.350000024,43
91.39,6807,-8138,7037,-8210,0.150000006,14.60000038,0.109999999,0.01,0.029999999,1.360000014,43
91.4,6823,-8144,7047,-8272,2.279999971,13.35000038,-1.179999948,-0.02,0.050000001,1.389999986,43
91.41,6782,-8168,7067,-8284,0.759999991,12.73999977,-0.610000014,-0.039999999,0.029999999,1.429999948,43
91.42,6798,-8227,7051,-8260,1.809999943,11.81999969,-3.289999962,-0.039999999,0.029999999,1.470000029,43
91.43,6786,-8218,7037,-8284,1.039999962,14.68999958,-2.170000076,-0.029999999,0.02,1.5,43
91.44,6763,-8188,6975,-8254,2.470000029,13.89000034,-1.539999962,0,0,1.519999981,43
91.45,6777,-8165,6909,-8268,4.239999771,14.02000046,-1.210000038,0.079999998,-0.07,1.549999952,44
91.46,6778,-8238,6892,-8275,1.070000052,15.48999977,-0.340000004,0.050000001,-0.050000001,1.559999943,43
91.47,6748,-8148,6887,-8271,2.589999914,15.72999954,0.839999974,0.039999999,-0.039999999,1.549999952,43
91.48,6744,-8183,6874,-8284,1.840000033,16.70000076,-0.059999999,0.079999998,-0.039999999,1.559999943,43
91.49,6747,-8147,6842,-8274,0.219999999,17.18000031,0.699999988,0.01,0,1.539999962,43
91.5,6722,-8129,6879,-8300,2.539999962,16.37000084,2.650000095,-0.039999999,0,1.529999971,43
91.51,6724,-8101,6853,-8254,-1.25,17.84000015,1.600000024,-0.029999999,0.079999998,1.5,43
91.52,6676,-8099,6825,-8254,1.080000043,15.61999989,1.149999976,-0.200000003,0.090000004,1.480000019,44
91.53,6692,-8046,6826,-8229,-0.100000002,16.67000008,0.430000007,-0.050000001,0.140000001,1.460000038,43
91.54,6689,-7997,6818,-8142,3.519999981,15.36999989,0.860000014,-0.159999996,0.100000002,1.450000048,43
91.55,6646,-8029,6822,-8140,1.700000048,16.54000092,-0.370000005,-0.07,0.119999997,1.429999948,43
91.56,6677,-8015,6837,-8164,0.569999993,14.81999969,-0.639999986,-0.219999999,0.159999996,1.419999957,43
91.57,6654,-7998,6833,-8163,3.460000038,14.34000015,-0.170000002,-0.050000001,0.090000004,1.429999948,44
91.58,6618,-8057,6804,-8167,-0.99000001,14.27999973,-2.789999962,-0.039999999,0.109999999,1.460000038,43
91.59,6623,-8110,6802,-8179,1.210000038,13.17000008,-2.99000001,-0.119999997,0.07,1.480000019,43
91.6,6620,-8032,6843,-8218,1.299999952,13.76000023,-1.120000005,0.059999999,0.090000004,1.5,43
91.61,6593,-8127,6837,-8224,-1.340000033,13.47000027,-2.839999914,0.029999999,0.119999997,1.519999981,43
91.62,6601,-8055,6836,-8236,3.630000114,11.07999992,-1.279999971,0.050000001,0.02,1.570000052,43
91.63,6589,-8038,6878,-8235,0.230000004,15.81999969,-0.959999979,0.209999993,0.059999999,1.590000033,43
91.64,6604,-8117,6888,-8212,2.890000105,12.06000042,-1.070000052,-0.050000001,0.01,1.610000014,43
91.65,6592,-8116,6901,-8223,-0.310000002,16.69000053,-1.25999999,0.159999996,0.029999999,1.620000005,43
91.66,6553,-8033,6870,-8260,2.339999914,14.11999989,0.49000001,-0.129999995,0.029999999,1.639999986,42
91.67,6602,-8050,6845,-8229,2.690000057,14.85999966,-0.75,0.029999999,-0.02,1.649999976,41
91.68,6557,-8105,6826,-8225,0.469999999,16.14999962,0.200000003,-0.119999997,0.01,1.639999986,40
91.69,6554,-8055,6791,-8197,2.25,14.72000027,-0.980000019,-0.159999996,0.01,1.649999976,39
91.7,6586,-8020,6753,-8198,1.600000024,17.81999969,0.330000013,0.02,0.029999999,1.620000005,39
91.71,6553,-8032,6721,-8159,2.670000076,16.63999939,0.129999995,-0.07,0.01,1.620000005,39
91.72,6564,-8014,6741,-8177,2.819999933,14.38000011,1.190000057,0.01,-0.01,1.610000014,39
91.73,6552,-7987,6754,-8187,1.330000043,16.40999985,-0.349999994,0.039999999,0.079999998,1.600000024,39
91.74,6564,-8046,6740,-8180,3.25,15.28999996,-0.159999996,-0.01,0.01,1.590000033,39
91.75,6573,-7973,6718,-8198,0.839999974,18.84000015,-0.360000014,0.170000002,0.059999999,1.590000033,39
91.76,6588,-7958,6773,-8193,3.369999886,14.31000042,1.539999962,-0.100000002,0.01,1.590000033,39
91.77,6573,-8010,6853,-8189,2.190000057,15.11999989,-1.110000014,0.100000002,0.050000001,1.580000043,39
91.78,6611,-7950,6889,-8197,0.649999976,14.94999981,-0.370000005,-0.090000004,0.119999997,1.570000052,38
91.79,6598,-8031,6887,-8183,3.170000076,16.03000069,-1.100000024,-0.050000001,0.090000004,1.580000043,37
91.8,6610,-8013,6908,-8177,1.799999952,15.38000011,0.159999996,-0.079999998,0.07,1.570000052,36
91.81,6598,-8004,6913,-8205,3.170000076,12.76000023,-2.430000067,-0.159999996,0.079999998,1.580000043,35
91.82,6602,-8027,6878,-8309,3.380000114,14.17000008,-0.400000006,-0.100000002,0.059999999,1.590000033,33
91.83,6611,-8020,6848,-8276,3.470000029,14.73999977,-1.74000001,-0.02,0.050000001,1.600000024,32
91.84,6608,-8017,6886,-8281,4.230000019,14.94999981,0.25,-0.059999999,0,1.620000005,31
91.85,6612,-7995,6896,-8245,4.03000021,12.80000019,-1.909999967,-0.01,0,1.629999995,29
91.86,6628,-8014,6892,-8258,3.019999981,16.20000076,-1,-0.01,0.02,1.620000005,28
91.87,6656,-7983,6961,-8218,1.879999995,12.84000015,-1.720000029,-0.029999999,0.039999999,1.629999995,27
91.88,6688,-7989,7031,-8205,3.839999914,16.76000023,-1.129999995,0.140000001,0.029999999,1.620000005,25
91.89,6763,-7987,7104,-8272,3.269999981,13.86999989,2.25999999,-0.02,0.02,1.600000024,25
91.9,6780,-7984,7143,-8201,3.799999952,15.94999981,-0.930000007,0.109999999,0.029999999,1.559999943,24
91.91,6816,-7963,7157,-8263,4.519999981,15.35000038,1.110000014,-0.07,0.01,1.529999971,23
91.92,6864,-7954,7177,-8211,3.430000067,15.13000011,-0.629999995,-0.029999999,0.050000001,1.5,23
91.93,6875,-7822,7199,-8230,4.889999866,15.65999985,-0.660000026,0,0.039999999,1.470000029,23
91.94,6906,-7869,7228,-8189,2.660000086,15.64999962,0,-0.090000004,0.07,1.450000048,23
91.95,6916,-7887,7261,-8102,3.480000019,15.64000034,-0.99000001,0.059999999,0.07,1.409999967,23
91.96,6935,-7942,7291,-8152,2.079999924,17.36000061,1.960000038,-0.079999998,0.090000004,1.389999986,23
91.97,6916,-7854,7331,-8166,3.940000057,15.19999981,-1.450000048,0.02,0.07,1.370000005,23
91.98,6906,-7886,7346,-8179,3.930000067,17.55999947,1.929999948,-0.029999999,0.039999999,1.340000033,22
91.99,6922,-7858,7345,-8156,4.840000153,14.52999973,-0.230000004,-0.02,0.07,1.330000043,22
92,6932,-7923,7388,-8163,3.619999886,18.37000084,-0.439999998,0.01,0,1.299999952,20
92.01,6983,-7880,7518,-8210,2.180000067,14.48999977,0,-0.180000007,0.01,1.279999971,20
92.02,7003,-7910,7612,-8173,4.75,11.89999962,-1.789999962,-0.129999995,-0.039999999,1.299999952,19
92.03,7025,-7981,7671,-8214,2.200000048,13.89999962,-2.089999914,-0.109999999,0,1.289999962,19
92.04,7067,-7915,7665,-8212,2.690000057,11.43999958,-2.910000086,-0.270000011,-0.059999999,1.299999952,19
92.05,7034,-7908,7594,-8212,4.789999962,14.94999981,-3.5,-0.029999999,-0.039999999,1.289999962,19
92.06,7107,-7931,7519,-8234,4.139999866,14.47999954,-0.270000011,-0.109999999,-0.090000004,1.269999981,19
92.07,7170,-7920,7473,-8212,3.019999981,12.81000042,-2.339999914,0.07,-0.050000001,1.24000001,19
92.08,7238,-7858,7442,-8191,5.179999828,15.14000034,-0.340000004,0.100000002,-0.090000004,1.210000038,19
92.09,7362,-7877,7425,-8145,4.400000095,14.40999985,0.029999999,0.200000003,-0.079999998,1.169999957,19
92.1,7429,-7921,7440,-8044,3.299999952,16.29999924,-1.559999943,0.239999995,-0.029999999,1.129999995,19
92.11,7557,-7913,7494,-8051,3.529999971,17.21999931,1.350000024,0.090000004,-0.050000001,1.080000043,19
92.12,7761,-7882,7575,-7972,0.100000002,17.29000092,-0.699999988,0.100000002,0,1.029999971,19
92.13,7902,-7853,7616,-8003,3.900000095,16.18000031,3.420000076,-0.07,0,0.99000001,19
92.14,8118,-7868,7632,-8012,1.580000043,16.87999916,2.170000076,0,0.059999999,0.930000007,19
92.15,8204,-7818,7644,-7985,3.809999943,16.70999908,2.329999924,-0.150000006,0.07,0.870000005,19
92.16,8256,-7798,7593,-7999,2.619999886,18.70000076,1.559999943,-0.170000002,0.140000001,0.800000012,19
92.17,8289,-7785,7558,-7956,4.340000153,18.37000084,1.409999967,-0.219999999,0.159999996,0.74000001,19
92.18,8212,-7764,7564,-7909,4.309999943,16.67000008,1.879999995,-0.140000001,0.109999999,0.699999988,19
92.19,8026,-7775,7559,-7887,3.119999886,15.25,-1.74000001,-0.150000006,0.189999998,0.649999976,19
92.2,7831,-7768,7561,-7937,4.110000134,15.68000031,-0.460000008,-0.150000006,0.140000001,0.610000014,19
92.21,7641,-7794,7600,-7938,4.5,13.43999958,-1.049999952,0,0.170000002,0.589999974,19
92.22,7601,-7834,7679,-7941,2.640000105,11.93000031,-3.549999952,0.039999999,0.170000002,0.569999993,19
92.23,7607,-7883,7820,-7935,3.059999943,11.25,-2.769999981,0.059999999,0.140000001,0.579999983,19
92.24,7581,-7935,7904,-7940,1.980000019,12.14999962,-2.25999999,0.090000004,0.100000002,0.600000024,19
92.25,7563,-7835,7976,-7973,2.920000076,12.78999996,-1.919999957,-0.01,0.050000001,0.600000024,19
92.26,7535,-7860,7986,-7966,2.880000114,12.21000004,-0.49000001,-0.109999999,0.01,0.600000024,19
92.27,7540,-7906,7898,-7975,4.03000021,12.78999996,-0.800000012,-0.129999995,-0.01,0.600000024,19
92.28,7498,-7911,7804,-7995,0.980000019,13.47000027,-2.190000057,-0.119999997,0,0.589999974,19
92.29,7505,-7840,7738,-7965,3.519999981,13.90999985,-0.920000017,-0.100000002,-0.02,0.569999993,21
92.3,7539,-7907,7715,-8018,5.150000095,13.35000038,0.239999995,0.050000001,-0.059999999,0.569999993,24
92.31,7569,-7953,7710,-7977,0.039999999,13.28999996,-0.769999981,0.050000001,-0.02,0.550000012,27
92.32,7619,-7963,7681,-7985,4.639999866,11.57999992,-0.790000022,0.050000001,-0.02,0.560000002,30
92.33,7665,-8006,7693,-7984,1.799999952,12.03999996,1.279999971,0.150000006,-0.059999999,0.560000002,34
92.34,7730,-8046,7752,-8027,4.099999905,8.720000267,-2.309999943,0.079999998,0,0.569999993,38
92.35,7713,-7975,7712,-8041,-0.050000001,9.890000343,-0.439999998,-0.02,0,0.579999983,42
92.36,7626,-7968,7619,-8058,1.730000019,10.43999958,-0.01,-0.159999996,0.090000004,0.610000014,45
92.37,7563,-7956,7458,-8066,1.059999943,11.01000023,3.660000086,-0.170000002,0.059999999,0.639999986,48
92.38,7428,-8061,7352,-8076,1.730000019,12.59000015,2.329999924,-0.200000003,0.150000006,0.660000026,50
92.39,7362,-8104,7310,-8051,2.089999914,11.27999973,1.669999957,-0.289999992,0.07,0.680000007,52
92.4,7211,-8145,7308,-8024,0.839999974,9.520000458,-2.410000086,-0.180000007,0.109999999,0.709999979,54
92.41,7091,-8082,7271,-8050,1.539999962,9.649999619,-0.759999991,-0.219999999,0.109999999,0.709999979,54
92.42,7054,-8092,7233,-8022,1.00999999,10.18999958,-2.049999952,-0.01,0.150000006,0.74000001,54
92.43,7001,-8098,7228,-8075,0.74000001,10.06000042,-2.349999905,0.159999996,0.159999996,0.800000012,54
92.44,7047,-8144,7213,-8126,-0.600000024,10.35999966,-1.179999948,0.270000011,0.129999995,0.860000014,54
92.45,7026,-8161,7186,-8196,-0.100000002,7.710000038,-1.669999957,0.379999995,0.150000006,0.939999998,54
92.46,6966,-8199,7195,-8187,1.700000048,6.340000153,1.070000052,0.319999993,0.059999999,1.019999981,54
92.47,6970,-8169,7185,-8244,0.219999999,6.579999924,-2.299999952,0.330000013,0.100000002,1.110000014,54
92.48,6883,-8097,7180,-8260,0.759999991,9.289999962,0.449999988,0.129999995,0.01,1.200000048,54
92.49,6889,-8208,7112,-8261,-0.01,7.170000076,-1.50999999,-0.050000001,0.050000001,1.289999962,54
92.5,6855,-8065,7032,-8288,-1.25999999,12.98999977,-0.219999999,-0.090000004,0.059999999,1.360000014,54
92.51,6816,-8132,6990,-8323,-1.970000029,13.22999954,3.359999895,-0.079999998,0.029999999,1.440000057,54
92.52,6770,-8294,6995,-8319,2.049999952,8.989999771,0.029999999,-0.140000001,-0.01,1.5,54
92.53,6731,-8322,6955,-8394,-2.450000048,14.02000046,-1.519999981,0,0.02,1.559999943,54
92.54,6708,-8264,6931,-8433,2.470000029,10.67000008,-1.710000038,-0.200000003,-0.079999998,1.620000005,54
92.55,6696,-8361,6905,-8461,-2.859999895,14.38000011,-3.119999886,0.100000002,-0.07,1.679999948,54
92.56,6653,-8327,6886,-8463,3.960000038,12.90999985,0.800000012,-0.100000002,-0.170000002,1.730000019,54
92.57,6645,-8274,6815,-8438,0.569999993,12.02000046,0.370000005,0.079999998,-0.170000002,1.75999999,54
92.58,6613,-8256,6736,-8399,0.730000019,15.10000038,-3.200000048,-0.100000002,-0.189999998,1.779999971,54
92.59,6589,-8272,6709,-8368,-0.050000001,18.23999977,0.769999981,0.059999999,-0.170000002,1.75,54
92.6,6571,-8185,6657,-8352,-0.889999986,13.56999969,3.430000067,0.050000001,-0.07,1.730000019,54
92.61,6520,-8208,6686,-8261,1.409999967,17.03000069,0.75,0.239999995,-0.039999999,1.700000048,54
92.62,6501,-8207,6671,-8301,1.360000014,14.47000027,3.460000038,0.109999999,-0.079999998,1.679999948,54
92.63,6487,-8119,6627,-8236,-2.309999943,18.10000038,2.049999952,0.180000007,0.039999999,1.629999995,54
92.64,6430,-8083,6664,-8323,3.829999924,17.42000008,5.349999905,-0.039999999,0.039999999,1.590000033,53
92.65,6404,-8049,6643,-8308,-3.650000095,20.52000046,2.309999943,0.090000004,0.140000001,1.519999981,51
92.66,6405,-8048,6625,-8185,3.440000057,15.5,4.869999886,-0.25,0.059999999,1.480000019,50
92.67,6373,-8007,6635,-8131,-0.959999979,18.97999954,-0.449999988,0.039999999,0.200000003,1.440000057,48
92.68,6374,-7956,6616,-8094,0.74000001,14.52000046,2.440000057,-0.360000014,0.159999996,1.409999967,47
92.69,6460,-7973,6623,-8087,0.469999999,13.25,-3.400000095,-0.119999997,0.259999991,1.399999976,45
92.7,6532,-7927,6610,-8085,-0.170000002,11.72000027,-2.019999981,-0.25,0.230000004,1.419999957,44
92.71,6590,-7967,6644,-8085,0.660000026,11.01000023,-4.230000019,-0.059999999,0.230000004,1.450000048,43
92.72,6583,-7995,6627,-8107,1.090000033,12.48999977,-1.940000057,0.02,0.209999993,1.480000019,42
92.73,6560,-8036,6638,-8145,1.139999986,10.02000046,-3.349999905,0.029999999,0.159999996,1.519999981,42
92.74,6580,-8025,6660,-8162,-0.050000001,12.81000042,-3.940000057,0.109999999,0.129999995,1.549999952,41
92.75,6538,-8040,6678,-8183,1.929999948,11.01000023,-2.369999886,0.079999998,0.079999998,1.610000014,41
92.76,6526,-8037,6712,-8176,1.549999952,12.18999958,-2.599999905,0.140000001,0.039999999,1.649999976,41
92.77,6507,-8072,6715,-8141,-0.469999999,12.27000046,-1.120000005,0.039999999,0.050000001,1.679999948,41
92.78,6479,-8036,6795,-8142,1.980000019,14.27999973,-0.920000017,0.01,0.029999999,1.710000038,41
92.79,6463,-7973,6814,-8179,0.439999998,14.72999954,-1.49000001,0.02,0,1.730000019,41
92.8,6408,-7967,6804,-8191,3.359999895,13.22000027,-0.129999995,-0.079999998,-0.059999999,1.74000001,41
92.81,6396,-8001,6799,-8190,1.289999962,14.86999989,-0.699999988,-0.039999999,-0.01,1.74000001,41
92.82,6406,-7967,6776,-8175,1.120000005,14.56999969,-1.419999957,-0.119999997,0,1.75999999,40
92.83,6378,-7974,6716,-8160,2.609999895,16.47999954,-1.769999981,-0.01,-0.029999999,1.769999981,40
92.84,6335,-7927,6656,-8107,1.350000024,16.02000046,0.850000024,-0.090000004,-0.079999998,1.74000001,40
92.85,6321,-7870,6610,-8112,2.049999952,14.27999973,-0.159999996,-0.059999999,-0.029999999,1.730000019,40
92.86,6301,-7968,6563,-8095,0.050000001,18.04999924,0.02,0.07,0.029999999,1.720000029,40
92.87,6328,-7934,6522,-8046,0.159999996,19.85000038,1.299999952,0.109999999,0.050000001,1.720000029,40
92.88,6311,-7916,6506,-8083,2.74000001,18.96999931,3.50999999,0.170000002,0.029999999,1.720000029,39
92.89,6295,-7848,6510,-8060,0.280000001,17.39999962,0.379999995,0.219999999,0.039999999,1.690000057,39
92.9,6305,-7871,6530,-8030,1.080000043,18.01000023,2.619999886,0.109999999,0.050000001,1.659999967,38
92.91,6289,-7785,6569,-8026,1.559999943,18.26000023,1.980000019,0.140000001,0.100000002,1.659999967,38
92.92,6301,-7794,6598,-8010,1.919999957,18.79000092,2.25,0.029999999,0.029999999,1.649999976,37
92.93,6337,-7845,6660,-8021,2.130000114,14.73999977,0.460000008,-0.090000004,0.07,1.659999967,35
92.94,6303,-7875,6744,-8001,1,14.98999977,-0.870000005,-0.090000004,0.090000004,1.669999957,34
92.95,6327,-7839,6831,-8091,1.889999986,11.93999958,-1.309999943,-0.230000004,0.039999999,1.679999948,33
92.96,6339,-7829,6891,-8179,3.839999914,13.31000042,-4.110000134,-0.209999993,0.039999999,1.710000038,31
92.97,6355,-7857,6932,-8189,2.230000019,11.77000046,-1.419999957,-0.259999991,0,1.720000029,29
92.98,6341,-7855,6958,-8121,4.880000114,11.5,-3.24000001,-0.230000004,0.050000001,1.75,28
92.99,6370,-7816,6995,-8098,2.690000057,15.46000004,-0.939999998,-0.100000002,-0.01,1.75999999,27
93,6326,-7781,6990,-8090,4.559999943,15.67000008,-0.360000014,-0.180000007,-0.07,1.75999999,26
93.01,6329,-7795,6870,-8063,2.380000114,12.5,-2.140000105,-0.159999996,-0.039999999,1.769999981,26
93.02,6353,-7770,6708,-8032,3.630000114,17.30999947,-0.930000007,0,-0.01,1.75999999,25
93.03,6388,-7710,6656,-7988,2.450000048,16.30999947,0.879999995,0.100000002,0,1.710000038,25
93.04,6404,-7737,6754,-7998,3.730000019,14.26000023,-0.119999997,0.270000011,0.029999999,1.679999948,25
93.05,6480,-7722,6864,-8011,1.840000033,14.44999981,0.119999997,0.209999993,0.059999999,1.659999967,25
93.06,6556,-7706,6967,-8014,2.940000057,15.02999973,-0.709999979,0.300000012,0.079999998,1.629999995,25
93.07,6662,-7712,6995,-8002,3.640000105,14.96000004,1.059999943,0.170000002,0.059999999,1.610000014,25
93.08,6739,-7643,7103,-7948,3.599999905,17.45000076,0.289999992,0.180000007,0.100000002,1.570000052,25
93.09,6827,-7670,7315,-7943,3.789999962,14.07999992,0.5,-0.079999998,0.07,1.549999952,25
93.1,6853,-7688,7453,-7959,1.820000052,14.27000046,-0.899999976,-0.109999999,0.109999999,1.549999952,25
93.11,6819,-7646,7409,-7970,3.819999933,16.28000069,-1.590000033,-0.209999993,0.140000001,1.549999952,24
93.12,6739,-7623,7326,-7992,5.510000229,17.27000046,1.159999967,-0.219999999,0.090000004,1.519999981,24
93.13,6571,-7635,7323,-7995,3.059999943,13.06000042,-1.730000019,-0.239999995,0.119999997,1.5,23
93.14,6516,-7634,7341,-8026,5.119999886,14.19999981,-1.190000057,-0.189999998,0.109999999,1.5,21
93.15,6482,-7668,7247,-8048,3.349999905,13.72999954,-1.620000005,-0.079999998,0.07,1.519999981,19
93.16,6449,-7674,7094,-8046,3.609999895,13.34000015,-3.619999886,-0.059999999,0.090000004,1.529999971,18
93.17,6485,-7646,7017,-8010,5.360000134,12.56000042,-1.950000048,0.079999998,0.050000001,1.529999971,15
93.18,6488,-7700,7089,-7947,2.309999943,15.05000019,-3.359999895,0.270000011,0.090000004,1.539999962,12
93.19,6516,-7626,7202,-7929,4.699999809,14.13000011,0.029999999,0.200000003,0.050000001,1.529999971,8
93.2,6584,-7569,7339,-7904,3.690000057,16.26000023,0.930000007,0.300000012,0.02,1.519999981,5
93.21,6682,-7503,7510,-7852,2.880000114,15.64999962,1.100000024,0.090000004,0,1.470000029,1
93.22,6775,-7527,7667,-7793,4.289999962,14.56999969,0.699999988,-0.039999999,0,1.419999957,-2
93.23,6954,-7542,7703,-7731,1.610000014,16.12000084,1.279999971,-0.150000006,-0.029999999,1.340000033,-4
93.24,7071,-7392,7652,-7689,2.470000029,16.29999924,1.720000029,-0.409999996,-0.02,1.24000001,-6
93.25,6800,-7402,7571,-7694,3.539999962,14.21000004,0.790000022,-0.509999991,0.02,1.139999986,-7
93.26,6594,-7417,7453,-7735,4.099999905,15.43999958,-0.129999995,-0.529999971,0,1.019999981,-7
93.27,6755,-7369,7322,-7738,4.75,14.68999958,-1.879999995,-0.340000004,0.02,0.930000007,-7
93.28,6962,-7385,7303,-7725,3.849999905,14.71000004,-1.049999952,-0.059999999,-0.01,0.870000005,-7
93.29,7039,-7385,7363,-7580,2.890000105,14.78999996,-2.359999895,0.100000002,0.02,0.790000022,-7
93.3,7024,-7328,7447,-7457,3.609999895,14.06999969,-2.799999952,0.259999991,-0.059999999,0.699999988,-7
93.31,7121,-7326,7591,-7459,2.49000001,17.04999924,-1.580000043,0.370000005,0.01,0.610000014,-7
93.32,7309,-7331,7781,-7422,2.480000019,16.59000015,1.049999952,0.370000005,-0.02,0.509999991,-5
93.33,7509,-7307,7930,-7395,2.299999952,16.51000023,-0.109999999,0.310000002,0.02,0.430000007,-3
93.34,7724,-7263,8037,-7337,2.130000114,15.39999962,0.920000017,0.159999996,-0.029999999,0.349999994,-2
93.35,7860,-7227,8151,-7270,2.00999999,15.09000015,-0.850000024,0.059999999,-0.039999999,0.270000011,0
93.36,7897,-7209,8233,-7332,3.50999999,17.63999939,1.75,0.039999999,-0.01,0.189999998,2
93.37,8017,-7247,8363,-7325,2.160000086,17.70999908,1.840000033,-0.059999999,-0.029999999,0.119999997,5
93.38,8040,-7271,8477,-7352,2.450000048,14.69999981,-0.259999991,-0.100000002,0.059999999,0.079999998,8
93.39,7998,-7237,8252,-7294,3.869999886,15.88000011,0.639999986,-0.109999999,-0.029999999,0.039999999,11
93.4,7915,-7291,7895,-7319,4.980000019,17.77000046,-0.319999993,-0.059999999,0.050000001,-0.01,16
93.41,7799,-7305,7696,-7286,4.829999924,16.85000038,0.709999979,-0.07,-0.02,-0.07,20
93.42,7740,-7240,7666,-7257,0.029999999,15.10999966,-2.420000076,-0.01,0.109999999,-0.100000002,25
93.43,7660,-7184,7537,-7244,4.630000114,12.5,0.509999991,0.059999999,0,-0.109999999,29
93.44,7665,-7203,7415,-7191,0.050000001,12.80000019,-0.49000001,0.159999996,0.090000004,-0.119999997,33
93.45,7608,-7266,7464,-7264,1.220000029,11.34000015,1.860000014,0.039999999,0.109999999,-0.109999999,37
93.46,7486,-7240,7529,-7282,1.320000052,7.53000021,4.059999943,-0.039999999,0.07,-0.059999999,40
93.47,7381,-7340,7398,-7309,1.210000038,5.829999924,-1.120000005,-0.119999997,0.140000001,0.01,42
93.48,7192,-7347,7153,-7344,3.200000048,8.850000381,-0.980000019,-0.25,0.079999998,0.079999998,45
93.49,7092,-7404,7034,-7385,1,6.800000191,-1.730000019,-0.230000004,0.100000002,0.159999996,46
93.5,6982,-7480,7030,-7415,0.709999979,7.639999866,-2.00999999,-0.150000006,0.07,0.230000004,47
93.51,6944,-7459,7014,-7396,0.709999979,7.639999866,-2.00999999,-0.150000006,0.07,0.230000004,47
93.52,6930,-7502,7014,-7475,1.230000019,4.710000038,-1.950000048,-0.159999996,0.050000001,0.319999993,49
93.53,6810,-7542,6935,-7487,1.809999943,5.039999962,-1.679999948,-0.029999999,0.01,0.529999971,50
93.54,6760,-7544,6868,-7521,-0.039999999,4.599999905,-0.280000001,-0.01,-0.01,0.629999995,50
93.55,6738,-7638,6823,-7587,-0.629999995,5.829999924,-2.549999952,0.02,0,0.730000019,50
93.56,6702,-7667,6792,-7601,-0.49000001,6.03000021,-1.610000014,0.059999999,-0.01,0.819999993,50
93.57,6691,-7665,6739,-7596,-1.399999976,6.5,-1.620000005,0.159999996,0.01,0.910000026,50
93.58,6660,-7699,6690,-7684,2.769999981,5.230000019,-0.270000011,0.170000002,-0.050000001,1.019999981,50
93.59,6610,-7738,6634,-7738,-2.720000029,9.180000305,0.259999991,0.170000002,-0.02,1.090000033,50
93.6,6591,-7754,6605,-7759,1.669999957,7.130000114,0.949999988,0,-0.029999999,1.169999957,50
93.61,6530,-7806,6561,-7784,-2.74000001,10.75,2.059999943,0.050000001,0,1.24000001,50
93.62,6496,-7775,6518,-7811,1.99000001,8.579999924,1.389999986,-0.059999999,0.050000001,1.309999943,50
93.63,6468,-7834,6528,-7794,-1.330000043,11.64999962,1.970000029,0,0.050000001,1.350000024,50
93.64,6424,-7866,6490,-7797,-0.140000001,10.71000004,-0.270000011,-0.090000004,0.100000002,1.409999967,50
93.65,6425,-7765,6476,-7807,2.450000048,12.14999962,1.590000033,0.01,0,1.450000048,50
93.66,6387,-7879,6447,-7819,-1.580000043,12,-0.519999981,0.059999999,0.109999999,1.5,50
93.67,6381,-7890,6417,-7861,0.519999981,11.93999958,-0.819999993,-0.01,0.050000001,1.549999952,50
93.68,6382,-7838,6379,-7863,-1.889999986,14.72999954,0.600000024,0.180000007,0.109999999,1.600000024,50
93.69,6349,-7883,6383,-7924,1.75999999,12.18000031,0.529999971,0.050000001,0.039999999,1.649999976,50
93.7,6323,-7935,6325,-7909,-1.070000052,13.14999962,0.439999998,0.129999995,0.029999999,1.679999948,50
93.71,6319,-7950,6333,-7947,0.860000014,14.02999973,0.439999998,0,0.050000001,1.720000029,50
93.72,6291,-7892,6307,-7927,-0.370000005,14.56000042,0.910000026,0,-0.029999999,1.74000001,50
93.73,6264,-7897,6281,-7925,0.759999991,14.68000031,-1.49000001,-0.090000004,0.050000001,1.769999981,50
93.74,6272,-7919,6269,-7950,2.769999981,14.77999973,1.409999967,-0.07,-0.050000001,1.779999971,49
93.75,6262,-7942,6252,-7953,-2.210000038,15.10999966,-2.569999933,-0.050000001,0.079999998,1.779999971,48
93.76,6255,-7908,6247,-7936,2.00999999,14.93000031,-0.720000029,-0.119999997,0,1.799999952,47
93.77,6249,-7875,6244,-7945,1.669999957,13.85999966,-0.879999995,0.050000001,-0.029999999,1.820000052,46
93.78,6229,-7875,6250,-7931,1.710000038,13.75,-2.289999962,-0.050000001,-0.059999999,1.820000052,45
93.79,6224,-7871,6242,-7932,0.680000007,16.12999916,-0.230000004,-0.109999999,-0.02,1.809999943,43
93.8,6244,-7825,6259,-7924,0.829999983,13.42000008,-1.539999962,-0.140000001,0.02,1.809999943,42
93.81,6221,-7882,6256,-7965,2.619999886,16.79999924,-1.179999948,0.02,0,1.799999952,41
93.82,6246,-7857,6276,-8004,0.289999992,15.72000027,0.889999986,-0.090000004,0.01,1.779999971,39
93.83,6264,-7826,6299,-7993,3.299999952,15.53999996,-1.080000043,-0.01,0.01,1.75,39
93.84,6255,-7836,6312,-7948,1.370000005,18.32999992,1.039999962,0,0.029999999,1.710000038,38
93.85,6316,-7760,6382,-7927,4.230000019,14.72999954,0.879999995,-0.039999999,0.029999999,1.690000057,38
93.86,6324,-7775,6432,-7917,2.519999981,16.67000008,0.509999991,0.029999999,0.039999999,1.659999967,38
93.87,6340,-7799,6444,-7901,1.620000005,15.81999969,0.07,-0.100000002,0.079999998,1.620000005,37
93.88,6385,-7780,6507,-7933,3.140000105,14.72000027,-0.930000007,-0.029999999,0.119999997,1.600000024,37
93.89,6431,-7737,6596,-7958,2.380000114,15.72000027,-0.610000014,0.01,0.100000002,1.600000024,37
93.9,6405,-7779,6637,-8013,3.180000067,13.05000019,-1.799999952,-0.059999999,0.100000002,1.590000033,37
93.91,6409,-7766,6648,-8009,3.339999914,15.71000004,-0.779999971,0,0.079999998,1.580000043,37
93.92,6392,-7801,6682,-8009,3.230000019,16.68000031,-0.769999981,0,0.079999998,1.570000052,36
93.93,6410,-7817,6705,-7982,3.319999933,13.76000023,-0.419999987,-0.050000001,0.01,1.580000043,35
93.94,6433,-7800,6720,-7954,3.059999943,16.06999969,-1.360000014,0.050000001,0.050000001,1.580000043,33
93.95,6449,-7894,6748,-7976,2.369999886,15.69999981,0.189999998,-0.059999999,0.029999999,1.580000043,32
93.96,6465,-7794,6772,-8006,1.190000057,16.26000023,-1.590000033,0.029999999,0.079999998,1.559999943,31
93.97,6522,-7762,6805,-7986,5.099999905,14.56000042,1.350000024,-0.02,0,1.559999943,29
93.98,6531,-7822,6827,-8009,4.380000114,15.55000019,-0.289999992,0.050000001,-0.02,1.539999962,27
93.99,6614,-7784,6862,-8005,1.049999952,15.94999981,-1.070000052,-0.100000002,-0.01,1.50999999,25
94,6643,-7721,6937,-8000,4.760000229,15.97999954,0.209999993,-0.090000004,-0.029999999,1.470000029,24
94.01,6685,-7755,7060,-7965,2.839999914,13.52999973,0.439999998,-0.039999999,-0.039999999,1.429999948,22
94.02,6734,-7787,7139,-8003,4.429999828,12.52000046,-0.790000022,-0.180000007,-0.039999999,1.389999986,21
94.03,6791,-7719,7035,-8047,3.74000001,14.84000015,-2.49000001,-0.109999999,-0.059999999,1.340000033,21
94.04,6829,-7723,6995,-8006,3.74000001,17.54000092,-1.580000043,-0.170000002,-0.050000001,1.269999981,21
94.05,6851,-7712,7020,-7927,4.309999943,17.40999985,0.720000029,-0.029999999,-0.029999999,1.190000057,21
94.06,6932,-7687,7025,-7884,3.940000057,17.26000023,0.970000029,0.050000001,-0.02,1.110000014,21
94.07,7042,-7668,7089,-7816,3.369999886,18.09000015,1.200000048,0.129999995,-0.01,1.029999971,21
94.08,7109,-7640,7182,-7761,1.110000014,16.78000069,1.24000001,0.090000004,0.050000001,0.949999988,21
94.09,7205,-7630,7226,-7795,3.799999952,15.47999954,2.230000019,0.039999999,0.050000001,0.889999986,21
94.1,7257,-7622,7244,-7776,2.74000001,15.97999954,0.839999974,0.109999999,0.100000002,0.819999993,21
94.11,7338,-7610,7295,-7812,3.25,14.77999973,-0.759999991,0,0.119999997,0.779999971,22
94.12,7374,-7641,7382,-7804,2.25,15.85999966,-1.470000029,-0.029999999,0.119999997,0.730000019,23
94.13,7369,-7688,7454,-7802,2.650000095,14.84000015,-0.810000002,-0.039999999,0.129999995,0.709999979,24
94.14,7305,-7720,7465,-7756,3.99000001,13.55000019,-0.180000007,-0.029999999,0.07,0.699999988,25
94.15,7268,-7722,7483,-7744,3.539999962,12.76000023,-1.379999995,0.01,0.090000004,0.699999988,27
94.16,7267,-7762,7486,-7789,3.160000086,13.43999958,-1.840000033,-0.07,0.07,0.699999988,28
94.17,7222,-7763,7455,-7823,3.150000095,13.19999981,-1.889999986,0,0.07,0.720000029,30
94.18,7225,-7835,7421,-7826,2.069999933,12.27000046,-1.909999967,-0.01,0.050000001,0.730000019,31
94.19,7232,-7846,7457,-7832,1.899999976,13.06999969,-0.529999971,0.029999999,0.07,0.75,32
94.2,7227,-7845,7427,-7862,2.950000048,10.43000031,1.080000043,-0.01,0.01,0.779999971,33
94.21,7239,-7892,7331,-7857,4.239999771,11.02000046,-0.209999993,0.01,0.01,0.810000002,34
94.22,7204,-7911,7245,-7895,2.329999924,10.59000015,0.610000014,-0.100000002,0.02,0.850000024,35
94.23,7179,-7942,7218,-7963,2.450000048,12.52999973,-1.559999943,-0.059999999,0.029999999,0.879999995,36
94.24,7175,-8007,7220,-8009,1.590000033,11.47999954,-0.01,-0.039999999,0.039999999,0.910000026,37
94.25,7177,-8067,7212,-8033,3.170000076,11.28999996,-0.540000022,0.01,0.02,0.949999988,37
94.26,7171,-8073,7175,-8027,3.420000076,10.59000015,-0.370000005,0.01,0.039999999,0.99000001,38
94.27,7143,-8132,7178,-8039,2.74000001,12.51000023,0.330000013,-0.01,0.029999999,1.029999971,38
94.28,7128,-8102,7131,-8080,3.329999924,10.75,0.389999986,-0.02,0,1.070000052,39
94.29,7108,-8100,7099,-8090,1.909999967,12.82999992,-0.460000008,-0.039999999,0.050000001,1.100000024,39
94.3,7100,-8162,7107,-8129,2.960000038,11.85000038,0.140000001,-0.01,0.07,1.129999995,39
94.31,7091,-8156,7110,-8141,0.660000026,12.15999985,0.159999996,0,0.090000004,1.169999957,39
94.32,7069,-8155,7070,-8100,0.660000026,12.15999985,0.159999996,0,0.090000004,1.169999957,39
94.33,7078,-8170,7069,-8216,0.660000026,12.15999985,0.159999996,0.029999999,0.059999999,1.230000019,39
94.34,7085,-8151,7064,-8230,2.589999914,12.14000034,-1.639999986,0.02,0.100000002,1.25999999,39
94.35,7045,-8240,7131,-8221,2.589999914,12.14000034,-1.639999986,0,0.050000001,1.299999952,39
94.36,7043,-8268,7167,-8230,1.549999952,11.10000038,-1.840000033,-0.01,0.100000002,1.340000033,39
94.37,7046,-8297,7140,-8265,2.700000048,11.85000038,-1.00999999,-0.01,0.100000002,1.340000033,39
94.38,7021,-8336,7116,-8342,2.369999886,12.81999969,-2.339999914,0,0.079999998,1.409999967,39
94.39,7039,-8350,7137,-8367,2.369999886,12.81999969,-2.339999914,-0.050000001,0.059999999,1.429999948,39
94.4,7064,-8326,7129,-8435,3.210000038,13.57999992,-1.139999986,0,0.039999999,1.460000038,38
94.41,7030,-8347,7126,-8452,3.210000038,13.57999992,-1.139999986,0,0.02,1.470000029,37
94.42,7055,-8347,7125,-8501,5.53000021,13.60999966,-0.709999979,0,-0.01,1.49000001,36
94.43,6987,-8357,7130,-8510,5.53000021,13.60999966,-0.709999979,0.01,-0.02,1.480000019,34
94.44,7060,-8324,7149,-8504,2.019999981,14.48999977,-1.289999962,-0.109999999,0,1.480000019,33
94.45,7094,-8375,7143,-8483,2.019999981,14.48999977,-1.289999962,-0.02,-0.050000001,1.49000001,32
94.46,7125,-8364,7148,-8415,2.430000067,15.69999981,-0.349999994,0.050000001,-0.029999999,1.460000038,31
94.47,7150,-8309,7195,-8405,4.079999924,14.77000046,0.910000026,0.050000001,-0.029999999,1.460000038,31
94.48,7184,-8352,7261,-8441,0.039999999,15.17000008,-0.07,0.01,0.02,1.379999995,30
94.49,7225,-8312,7305,-8412,0.039999999,15.17000008,-0.07,-0.059999999,-0.01,1.340000033,30
94.5,7249,-8271,7388,-8436,3.160000086,15.77999973,1.779999971,0.050000001,0.02,1.279999971,30
94.51,7261,-8278,7431,-8438,3.160000086,15.77999973,1.779999971,-0.059999999,0.039999999,1.24000001,30
94.52,7285,-8296,7427,-8464,5.429999828,15.23999977,0.349999994,-0.050000001,0.039999999,1.210000038,30
94.53,7303,-8311,7460,-8476,5.429999828,15.23999977,0.349999994,0.07,0.029999999,1.179999948,30
94.54,7369,-8311,7525,-8483,3.640000105,13.47000027,-1.480000019,0.01,0.07,1.149999976,30
94.55,7366,-8320,7599,-8459,3.640000105,13.47000027,-1.480000019,0.039999999,0.029999999,1.129999995,30
94.56,7432,-8327,7656,-8419,2.640000105,12.55000019,-1.139999986,0,0.050000001,1.129999995,30
94.57,7435,-8349,7708,-8422,4.039999962,12.38000011,-0.870000005,0,0.050000001,1.129999995,30
94.58,7402,-8396,7797,-8444,1.289999962,13.05000019,-2.380000114,-0.02,0.079999998,1.120000005,31
94.59,7418,-8369,7747,-8444,1.289999962,13.05000019,-2.380000114,-0.100000002,0.07,1.120000005,31
94.6,7419,-8425,7654,-8497,4.170000076,14.90999985,-1.409999967,0.119999997,0.079999998,1.110000014,31
94.61,7447,-8393,7683,-8462,4.170000076,14.90999985,-1.409999967,0.170000002,0.079999998,1.100000024,32
94.62,7429,-8392,7723,-8490,3.960000038,11.80000019,1.029999971,0.150000006,0.090000004,1.129999995,33
94.63,7472,-8447,7745,-8592,3.960000038,11.80000019,1.029999971,0.340000004,0.050000001,1.139999986,33
94.64,7486,-8438,7786,-8602,0.920000017,14.18000031,0.129999995,0.259999991,0.07,1.149999976,34
94.65,7475,-8496,7877,-8642,0.920000017,14.18000031,0.129999995,0.180000007,0.059999999,1.179999948,34
94.66,7508,-8513,7937,-8620,1.559999943,15.35000038,2.519999981,0.140000001,0.050000001,1.190000057,35
94.67,7515,-8511,7938,-8623,4.400000095,11.68000031,2.289999962,0.140000001,0.050000001,1.190000057,35
94.68,7450,-8575,7890,-8604,2.380000114,15.19999981,0.319999993,-0.090000004,0.050000001,1.24000001,35
94.69,7409,-8572,7866,-8624,2.380000114,15.19999981,0.319999993,-0.239999995,0.079999998,1.25999999,35
94.7,7401,-8594,7834,-8664,2.619999886,13.14999962,-3.109999895,-0.109999999,0.039999999,1.289999962,36
94.71,7411,-8608,7778,-8653,2.619999886,13.14999962,-3.109999895,-0.01,0.07,1.340000033,37
94.72,7392,-8624,7758,-8704,1.980000019,12.77000046,-2.710000038,0.02,0.02,1.350000024,37
94.73,7379,-8604,7731,-8743,1.980000019,12.77000046,-2.710000038,0.219999999,-0.01,1.379999995,37
94.74,7401,-8651,7664,-8717,0.519999981,14.31999969,-0.730000019,0.180000007,0.02,1.399999976,37
94.75,7373,-8692,7622,-8662,0.519999981,14.31999969,-0.730000019,0.219999999,0.039999999,1.409999967,37
94.76,7406,-8640,7598,-8708,3.089999914,15.26000023,2.269999981,0.259999991,-0.050000001,1.419999957,37
94.77,7404,-8663,7619,-8763,-1.159999967,16.75,0.620000005,0.259999991,-0.050000001,1.419999957,37
94.78,7404,-8600,7646,-8680,2.359999895,17.10000038,2.829999924,-0.02,0,1.409999967,37
94.79,7370,-8573,7610,-8714,2.359999895,17.10000038,2.829999924,0.059999999,0.050000001,1.419999957,37
94.8,7385,-8590,7572,-8740,3.150000095,15.90999985,0.529999971,-0.100000002,0.01,1.409999967,37
94.81,7353,-8605,7556,-8747,3.150000095,15.90999985,0.529999971,-0.140000001,0.01,1.399999976,37
94.82,7338,-8540,7533,-8750,0.180000007,16.12000084,-2.670000076,-0.219999999,0.090000004,1.399999976,37
94.83,7330,-8560,7516,-8754,0.180000007,16.12000084,-2.670000076,-0.180000007,0.07,1.409999967,37
94.84,7312,-8639,7491,-8747,2.279999971,13.68999958,-0.150000006,-0.059999999,0,1.429999948,37
94.85,7331,-8628,7473,-8670,2.279999971,13.68999958,-0.150000006,0,0.039999999,1.419999957,37
94.86,7324,-8589,7479,-8668,2.670000076,16.29999924,1.590000033,-0.119999997,0.02,1.409999967,37
94.87,7282,-8635,7444,-8676,0.419999987,14.68000031,0.259999991,-0.119999997,0.02,1.409999967,37
94.88,7324,-8539,7437,-8616,1.029999971,16.98999977,-0.689999998,-0.01,0.100000002,1.389999986,37
94.89,7304,-8513,7409,-8610,1.029999971,16.98999977,-0.689999998,-0.02,0.079999998,1.379999995,37
94.9,7289,-8487,7409,-8608,0.109999999,16.87000084,-0.219999999,0.109999999,0.109999999,1.370000005,38
94.91,7281,-8522,7410,-8608,0.109999999,16.87000084,-0.219999999,0.050000001,0.079999998,1.360000014,38
94.92,7265,-8479,7422,-8653,3.069999933,13.18000031,-0.600000024,0.100000002,0.079999998,1.370000005,37
94.93,7276,-8451,7425,-8669,3.069999933,13.18000031,-0.600000024,0.02,0.100000002,1.370000005,37
94.94,7227,-8536,7442,-8675,2.25,15.72000027,-0.720000029,-0.07,0.100000002,1.379999995,37
94.95,7227,-8503,7446,-8660,2.25,15.72000027,-0.720000029,0.059999999,0.039999999,1.389999986,37
94.96,7186,-8497,7454,-8678,0.209999993,16.25,-1.190000057,-0.079999998,0.079999998,1.399999976,37
94.97,7171,-8530,7472,-8639,3.430000067,15.64999962,0.379999995,-0.079999998,0.079999998,1.399999976,37
94.98,7184,-8520,7514,-8661,0.259999991,15.14999962,-0.75,-0.01,0.02,1.440000057,37
94.99,7169,-8490,7442,-8642,0.259999991,15.14999962,-0.75,-0.189999998,0.01,1.440000057,37
95,7165,-8455,7397,-8645,1.159999967,17.57999992,-1.610000014,-0.029999999,0.029999999,1.429999948,37
95.01,7147,-8465,7365,-8599,1.159999967,17.57999992,-1.610000014,-0.07,0.02,1.429999948,37
95.02,7138,-8499,7375,-8610,3.069999933,14.77999973,-1.169999957,-0.039999999,0,1.450000048,37
95.03,7162,-8423,7395,-8595,3.069999933,14.77999973,-1.169999957,0,0,1.440000057,37
95.04,7116,-8495,7388,-8566,0.970000029,15.34000015,-2.410000086,-0.050000001,0.079999998,1.450000048,37
95.05,7130,-8449,7364,-8565,0.970000029,15.34000015,-2.410000086,0.109999999,0.02,1.440000057,37
95.06,7138,-8447,7360,-8578,-0.209999993,16.44000053,0.310000002,0.02,0.079999998,1.440000057,37
95.07,7098,-8475,7331,-8564,2.680000067,16.53000069,-0.779999971,0.02,0.079999998,1.440000057,37
95.08,7123,-8488,7343,-8605,2.74000001,18.51000023,1.409999967,0.100000002,0,1.440000057,37
95.09,7082,-8485,7385,-8600,2.74000001,18.51000023,1.409999967,-0.029999999,0.02,1.460000038,37
95.1,7115,-8453,7374,-8627,0.790000022,17.68000031,-0.460000008,-0.039999999,0.059999999,1.450000048,37
95.11,7118,-8395,7316,-8627,0.790000022,17.68000031,-0.460000008,-0.01,0.02,1.460000038,37
95.12,7108,-8494,7345,-8633,2.910000086,16.56999969,-1.080000043,0.029999999,0,1.460000038,37
95.13,7144,-8405,7397,-8607,2.910000086,16.56999969,-1.080000043,-0.039999999,-0.039999999,1.460000038,37
95.14,7124,-8474,7443,-8560,-0.800000012,16.61000061,-3.099999905,-0.159999996,0.029999999,1.460000038,37
95.15,7164,-8430,7416,-8543,-0.800000012,16.61000061,-3.099999905,-0.189999998,-0.02,1.460000038,37
95.16,7105,-8439,7393,-8527,1.379999995,15.81999969,-1.080000043,-0.029999999,0,1.440000057,37
95.17,7139,-8413,7352,-8505,0.660000026,15.51000023,-1.590000033,-0.029999999,0,1.440000057,37
95.18,7133,-8395,7299,-8489,4.960000038,16.77000046,0.129999995,-0.02,0,1.399999976,37
95.19,7123,-8354,7257,-8475,4.960000038,16.77000046,0.129999995,0.079999998,0.029999999,1.379999995,37
95.2,7133,-8358,7292,-8467,1.350000024,17.02000046,-0.469999999,0.039999999,0.079999998,1.360000014,37
95.21,7118,-8338,7356,-8549,1.350000024,17.02000046,-0.469999999,0.140000001,0.07,1.350000024,37
95.22,7113,-8340,7356,-8586,-0.129999995,16.39999962,-0.230000004,0.159999996,0.119999997,1.350000024,37
95.23,7154,-8361,7360,-8550,-0.129999995,16.39999962,-0.230000004,0.039999999,0.029999999,1.340000033,37
95.24,7115,-8355,7382,-8515,-0.850000024,19.02000046,-0.170000002,0.07,0.109999999,1.309999943,37
95.25,7147,-8346,7412,-8521,-0.850000024,19.02000046,-0.170000002,-0.119999997,0.059999999,1.320000052,37
95.26,7118,-8342,7430,-8494,1.049999952,16.27000046,1.110000014,-0.079999998,0.050000001,1.320000052,37
95.27,7130,-8342,7406,-8475,0.519999981,15.28999996,-3.960000038,-0.079999998,0.050000001,1.320000052,37
95.28,7115,-8322,7399,-8474,2.380000114,17.45000076,0.74000001,-0.159999996,0.050000001,1.340000033,37
95.29,7107,-8368,7376,-8488,2.380000114,17.45000076,0.74000001,-0.01,0.029999999,1.350000024,37
95.3,7126,-8325,7365,-8475,-0.159999996,16.81999969,-3.390000105,-0.02,0.050000001,1.350000024,37
95.31,7119,-8343,7349,-8508,-0.159999996,16.81999969,-3.390000105,-0.079999998,0.029999999,1.379999995,37
95.32,7111,-8391,7342,-8523,0.930000007,15.69999981,-3.380000114,0.150000006,0.02,1.379999995,37
95.33,7126,-8371,7369,-8530,0.930000007,15.69999981,-3.380000114,0.01,0.01,1.379999995,37
95.34,7152,-8384,7377,-8530,1.659999967,17.22999954,-0.25,0.140000001,0.050000001,1.370000005,37
95.35,7204,-8392,7343,-8518,1.659999967,17.22999954,-0.25,0.100000002,0.039999999,1.350000024,37
95.36,7252,-8368,7354,-8482,3.910000086,16.25,0.949999988,0.079999998,0.02,1.320000052,37
95.37,7265,-8365,7402,-8485,1.25999999,17.63999939,0.860000014,0.079999998,0.02,1.320000052,37
95.38,7347,-8324,7432,-8468,1.399999976,15.93000031,-1.570000052,-0.219999999,0.059999999,1.269999981,37
95.39,7309,-8275,7465,-8477,1.399999976,15.93000031,-1.570000052,-0.159999996,0.100000002,1.24000001,37
95.4,7259,-8329,7447,-8476,0.219999999,16.05999947,-1.269999981,-0.209999993,0.119999997,1.25,37
95.41,7188,-8334,7391,-8479,0.219999999,16.05999947,-1.269999981,-0.209999993,0.140000001,1.25,37
95.42,7239,-8389,7368,-8499,3.769999981,15.68999958,-0.219999999,-0.07,0.059999999,1.25999999,37
95.43,7190,-8379,7389,-8472,3.769999981,15.68999958,-0.219999999,0,0.119999997,1.279999971,37
95.44,7180,-8429,7450,-8495,2.460000038,15.34000015,-1.090000033,0,0.07,1.289999962,37
95.45,7214,-8413,7437,-8551,2.460000038,15.34000015,-1.090000033,0.150000006,0.079999998,1.309999943,37
95.46,7200,-8425,7434,-8538,3.660000086,15.46000004,-1.059999943,0.129999995,0.039999999,1.330000043,37
95.47,7233,-8412,7494,-8578,2.690000057,15.75,0.230000004,0.129999995,0.039999999,1.330000043,36
95.48,7238,-8423,7580,-8624,1.99000001,16.63999939,-0.810000002,0.07,0,1.350000024,36
95.49,7274,-8448,7595,-8698,1.99000001,16.63999939,-0.810000002,-0.050000001,-0.07,1.370000005,36
95.5,7297,-8432,7628,-8654,1.25,14.23999977,-2.74000001,-0.01,-0.029999999,1.370000005,36
95.51,7281,-8390,7684,-8621,1.25,14.23999977,-2.74000001,-0.209999993,-0.039999999,1.389999986,36
95.52,7282,-8433,7743,-8588,4.320000172,17.70999908,2.25999999,-0.059999999,-0.109999999,1.399999976,36
95.53,7280,-8496,7495,-8613,4.320000172,17.70999908,2.25999999,-0.330000013,-0.079999998,1.399999976,36
95.54,7231,-8459,7326,-8536,4.820000172,22.67000008,-0.949999988,-0.02,-0.07,1.360000014,36
95.55,7274,-8445,7345,-8539,4.820000172,22.67000008,-0.949999988,-0.150000006,-0.039999999,1.309999943,36
95.56,7227,-8447,7357,-8493,2.029999971,14.44999981,-1.639999986,-0.029999999,0.07,1.279999971,36
95.57,7271,-8343,7349,-8496,3.50999999,20.47999954,3.549999952,-0.029999999,0.07,1.279999971,36
95.58,7297,-8338,7371,-8462,-0.569999993,16.96999931,2.539999962,0.059999999,0.079999998,1.230000019,36
95.59,7345,-8378,7417,-8462,-0.569999993,16.96999931,2.539999962,0.140000001,0.07,1.200000048,36
95.6,7340,-8299,7432,-8517,1.370000005,17.84000015,3.480000019,0.109999999,0.079999998,1.179999948,36
95.61,7362,-8275,7459,-8524,1.370000005,17.84000015,3.480000019,0.029999999,0.159999996,1.159999967,36
95.62,7379,-8301,7502,-8494,3.049999952,17.61000061,1.059999943,0,0.090000004,1.139999986,36
95.63,7298,-8373,7526,-8465,3.049999952,17.61000061,1.059999943,-0.050000001,0.100000002,1.149999976,36
95.64,7266,-8361,7543,-8442,1.080000043,14.75,-2.069999933,-0.150000006,0.109999999,1.159999967,36
95.65,7248,-8359,7550,-8426,1.080000043,14.75,-2.069999933,-0.109999999,0.100000002,1.179999948,36
95.66,7227,-8410,7529,-8423,1.669999957,13.03999996,-3.089999914,0,0.109999999,1.190000057,36
95.67,7235,-8353,7548,-8444,0.959999979,14.46000004,-1.429999948,0,0.109999999,1.190000057,36
95.68,7193,-8300,7629,-8410,1.820000052,13.71000004,-1.840000033,0.039999999,0.100000002,1.210000038,36
95.69,7217,-8376,7697,-8470,1.820000052,13.71000004,-1.840000033,-0.01,0.079999998,1.24000001,36
95.7,7225,-8389,7704,-8512,2.75999999,12.73999977,-1.200000048,0.07,0.050000001,1.269999981,36
95.71,7189,-8326,7624,-8525,2.75999999,12.73999977,-1.200000048,0,0.07,1.25999999,36
95.72,7235,-8332,7575,-8506,2.789999962,14.72000027,-1.179999948,0.01,0.059999999,1.25999999,36
95.73,7238,-8366,7550,-8501,2.789999962,14.72000027,-1.179999948,0.050000001,0.039999999,1.25,36
95.74,7270,-8395,7504,-8490,1.360000014,15.10000038,-0.899999976,-0.01,0.07,1.25,36
95.75,7188,-8343,7521,-8445,1.360000014,15.10000038,-0.899999976,-0.059999999,0.050000001,1.230000019,37
95.76,7168,-8292,7576,-8432,0.879999995,14.60999966,-2.470000029,-0.119999997,0.100000002,1.210000038,37
95.77,7147,-8321,7578,-8464,-0.209999993,13.85000038,-2.529999971,-0.119999997,0.100000002,1.210000038,37
95.78,7146,-8363,7470,-8463,0.540000022,15.35000038,-0.720000029,-0.029999999,0.079999998,1.309999943,37
95.79,7116,-8403,7386,-8447,0.540000022,15.35000038,-0.720000029,-0.01,0.039999999,1.330000043,37
95.8,7114,-8415,7368,-8478,2.420000076,14.61999989,-2.49000001,0.090000004,-0.029999999,1.370000005,37
95.81,7129,-8351,7366,-8504,2.420000076,14.61999989,-2.49000001,0.07,0.01,1.379999995,37
95.82,7139,-8389,7342,-8548,2.200000048,13.34000015,-1.559999943,0.090000004,0.029999999,1.389999986,37
95.83,7091,-8473,7331,-8536,2.200000048,13.34000015,-1.559999943,0.230000004,-0.01,1.409999967,37
95.84,7157,-8422,7322,-8526,0.720000029,16.85000038,2.710000038,0.02,-0.01,1.399999976,37
95.85,7121,-8397,7295,-8486,0.720000029,16.85000038,2.710000038,0.039999999,-0.07,1.409999967,37
95.86,7130,-8445,7265,-8514,-1.100000024,18.69000053,0.239999995,-0.02,-0.02,1.399999976,37
95.87,7138,-8352,7318,-8517,0.850000024,15.34000015,-3.730000019,-0.02,-0.02,1.399999976,37
95.88,7110,-8312,7413,-8505,1.029999971,16.54000092,1.720000029,-0.090000004,0,1.399999976,37
95.89,7116,-8390,7289,-8458,1.029999971,16.54000092,1.720000029,-0.230000004,-0.050000001,1.440000057,37
95.9,7061,-8382,7123,-8480,4.880000114,19.90999985,-2.109999895,-0.029999999,-0.100000002,1.409999967,37
95.91,7094,-8280,7143,-8443,4.880000114,19.90999985,-2.109999895,-0.270000011,-0.07,1.379999995,37
95.92,7120,-8278,7181,-8412,2.339999914,15.18000031,-1.200000048,-0.090000004,0.050000001,1.340000033,37
95.93,7098,-8330,7200,-8395,2.339999914,15.18000031,-1.200000048,0,0.059999999,1.309999943,37
95.94,7124,-8266,7209,-8395,0.790000022,16.46999931,1.370000005,-0.059999999,0.090000004,1.269999981,37
95.95,7100,-8243,7200,-8354,0.790000022,16.46999931,1.370000005,-0.07,0.079999998,1.25,37
95.96,7110,-8251,7213,-8368,1.429999948,16.98999977,2.220000029,-0.100000002,0.109999999,1.210000038,37
95.97,7119,-8221,7219,-8358,0.219999999,14.17000008,-3.190000057,-0.100000002,0.109999999,1.210000038,37
95.98,7096,-8182,7249,-8359,1.850000024,16.05999947,0.050000001,-0.07,0.140000001,1.200000048,37
95.99,7105,-8214,7292,-8340,1.850000024,16.05999947,0.050000001,-0.02,0.150000006,1.210000038,37
96,7092,-8247,7309,-8337,1.99000001,11.85000038,-2.930000067,-0.039999999,0.100000002,1.24000001,37
96.01,7068,-8190,7324,-8346,1.99000001,11.85000038,-2.930000067,-0.02,0.100000002,1.25999999,37
96.02,7064,-8226,7349,-8316,0.560000002,12.26000023,-4.400000095,0.02,0.150000006,1.279999971,37
96.03,7035,-8272,7401,-8337,0.560000002,12.26000023,-4.400000095,0.01,0.119999997,1.299999952,37
96.04,7069,-8276,7467,-8369,0.159999996,13.36999989,-1.269999981,0.039999999,0.119999997,1.309999943,37
96.05,7030,-8274,7512,-8391,0.159999996,13.36999989,-1.269999981,0.02,0.090000004,1.330000043,37
96.06,7025,-8311,7548,-8410,2.049999952,14.07999992,-2.720000029,0.059999999,0.059999999,1.340000033,37
96.07,7057,-8245,7596,-8429,1.230000019,13.22000027,-2.359999895,0.059999999,0.059999999,1.340000033,37
96.08,6994,-8248,7533,-8453,3.170000076,13.02000046,-0.99000001,0,0.02,1.379999995,37
96.09,7011,-8271,7479,-8442,3.170000076,13.02000046,-0.99000001,0.059999999,0.02,1.389999986,37
96.1,7005,-8291,7477,-8440,2.450000048,13.68000031,-0.449999988,-0.02,-0.02,1.399999976,37
96.11,6987,-8223,7438,-8435,2.450000048,13.68000031,-0.449999988,0.050000001,0.02,1.399999976,37
96.12,6994,-8246,7339,-8380,1.49000001,16.25,-1.220000029,0.07,0.039999999,1.399999976,37
96.13,7008,-8289,7296,-8356,1.49000001,16.25,-1.220000029,0.079999998,0.029999999,1.389999986,37
96.14,7005,-8277,7283,-8393,-0.409999996,17.84000015,0.330000013,0.140000001,0.07,1.370000005,37
96.15,7013,-8256,7310,-8371,-0.409999996,17.84000015,0.330000013,0.079999998,0.090000004,1.360000014,37
96.16,7018,-8270,7341,-8395,2.220000029,15.64999962,3.089999914,0.119999997,0.090000004,1.340000033,37
96.17,7044,-8217,7365,-8382,0.660000026,16.64999962,-1.24000001,0.119999997,0.090000004,1.340000033,37
96.18,7022,-8206,7387,-8423,3.329999924,16.67000008,1.330000043,-0.050000001,0.090000004,1.330000043,37
96.19,7065,-8250,7394,-8431,3.329999924,16.67000008,1.330000043,0.02,0.07,1.330000043,37
96.2,7047,-8226,7384,-8434,1.480000019,16.77000046,-2.130000114,-0.029999999,0.109999999,1.320000052,37
96.21,7019,-8222,7387,-8416,1.480000019,16.77000046,-2.130000114,-0.119999997,0.090000004,1.330000043,37
96.22,7041,-8280,7421,-8360,1.570000052,15.51000023,-2.640000105,0.079999998,0.109999999,1.330000043,37
96.23,7033,-8324,7466,-8371,1.570000052,15.51000023,-2.640000105,-0.039999999,0.079999998,1.350000024,37
96.24,7018,-8287,7513,-8423,0.050000001,14.64999962,-1.860000014,0.079999998,0.140000001,1.370000005,37
96.25,7024,-8360,7575,-8423,0.050000001,14.64999962,-1.860000014,0,0.109999999,1.379999995,37
96.26,7034,-8389,7695,-8513,3.650000095,14.19999981,0.150000006,0.079999998,0.079999998,1.409999967,36
96.27,7056,-8369,7804,-8525,1.5,14.68000031,-1.269999981,0.079999998,0.079999998,1.409999967,35
96.28,7065,-8360,7801,-8593,5.019999981,13.34000015,-1.610000014,-0.079999998,-0.02,1.480000019,34
96.29,7092,-8374,7791,-8668,5.019999981,13.34000015,-1.610000014,-0.07,-0.07,1.50999999,33
96.3,7088,-8400,7730,-8742,2.549999952,12.44999981,-1.389999986,-0.159999996,-0.079999998,1.519999981,33
96.31,7088,-8345,7626,-8652,2.549999952,12.44999981,-1.389999986,-0.180000007,-0.090000004,1.549999952,33
96.32,7150,-8417,7525,-8603,6.019999981,17.14999962,-1.639999986,0.050000001,-0.150000006,1.549999952,33
96.33,7142,-8432,7412,-8634,6.019999981,17.14999962,-1.639999986,-0.079999998,-0.129999995,1.539999962,33
96.34,7185,-8403,7380,-8545,4.670000076,18.73999977,-1.529999971,0.189999998,-0.100000002,1.5,33
96.35,7263,-8385,7380,-8525,4.670000076,18.73999977,-1.529999971,-0.059999999,-0.079999998,1.440000057,33
96.36,7325,-8396,7411,-8495,2.869999886,18.64999962,-0.039999999,0.189999998,0.01,1.399999976,33
96.37,7373,-8288,7423,-8442,3.529999971,18.85000038,3.940000057,0.189999998,0.01,1.399999976,33
96.38,7421,-8308,7456,-8432,2.200000048,17.25,2.519999981,0.100000002,0.109999999,1.289999962,33
96.39,7523,-8320,7450,-8486,2.200000048,17.25,2.519999981,0.039999999,0.039999999,1.25,33
96.4,7574,-8273,7498,-8525,1.019999981,18.92000008,1.529999971,0,0.129999995,1.200000048,33
96.41,7615,-8237,7548,-8483,1.019999981,18.92000008,1.529999971,-0.170000002,0.129999995,1.169999957,33
96.42,7604,-8281,7581,-8481,1.860000014,19.18000031,0.629999995,0,0.159999996,1.139999986,33
96.43,7566,-8311,7641,-8499,1.860000014,19.18000031,0.629999995,-0.239999995,0.159999996,1.129999995,33
96.44,7531,-8317,7698,-8471,3.440000057,15.19999981,-0.090000004,-0.090000004,0.090000004,1.120000005,33
96.45,7486,-8341,7713,-8488,3.440000057,15.19999981,-0.090000004,-0.159999996,0.150000006,1.139999986,33
96.46,7417,-8349,7711,-8436,4.409999847,14.36999989,-3.289999962,-0.129999995,0.079999998,1.139999986,33
96.47,7376,-8290,7665,-8491,1.970000029,13.18999958,-2.5,-0.129999995,0.079999998,1.139999986,33
96.48,7311,-8331,7667,-8451,3.559999943,14.89000034,-2.849999905,0.029999999,0.079999998,1.159999967,34
96.49,7337,-8333,7707,-8463,3.559999943,14.89000034,-2.849999905,0.100000002,0.059999999,1.190000057,35
96.5,7326,-8315,7752,-8484,2.220000029,14.09000015,-2.650000095,0.180000007,0.050000001,1.210000038,35
96.51,7323,-8334,7823,-8522,2.220000029,14.09000015,-2.650000095,0.090000004,0.07,1.220000029,35
96.52,7358,-8347,7858,-8532,3.890000105,14.06999969,0.519999981,0.109999999,0.029999999,1.24000001,35
96.53,7329,-8412,7819,-8553,3.890000105,14.06999969,0.519999981,0.07,0.02,1.24000001,35
96.54,7367,-8357,7780,-8501,2.839999914,16.25,1.179999948,-0.050000001,0.01,1.220000029,35
96.55,7346,-8370,7757,-8527,2.839999914,16.25,1.179999948,-0.02,0,1.220000029,35
96.56,7359,-8418,7793,-8521,-1.029999971,17.29999924,-1.529999971,-0.119999997,0.050000001,1.220000029,36
96.57,7331,-8315,7808,-8520,4.150000095,13.73999977,-1.429999948,-0.119999997,0.050000001,1.220000029,36
96.58,7286,-8368,7771,-8512,0.670000017,15.77000046,-0.25,-0.100000002,0.039999999,1.24000001,36
96.59,7265,-8412,7753,-8492,0.670000017,15.77000046,-0.25,-0.140000001,-0.02,1.25,36
96.6,7213,-8385,7674,-8499,1.629999995,13.81000042,-1,-0.090000004,-0.02,1.25,36
96.61,7208,-8318,7597,-8473,1.629999995,13.81000042,-1,-0.039999999,0.07,1.25999999,36
96.62,7222,-8395,7546,-8466,2.039999962,16.13999939,0.709999979,-0.039999999,0,1.25,36
96.63,7213,-8384,7529,-8486,2.039999962,16.13999939,0.709999979,0.119999997,0.07,1.24000001,36
96.64,7228,-8342,7538,-8472,1.25999999,15.89999962,0.689999998,0,0,1.24000001,36
96.65,7205,-8376,7597,-8474,1.25999999,15.89999962,0.689999998,0.100000002,0.07,1.230000019,36
96.66,7250,-8385,7613,-8492,1.470000029,14.06999969,0.02,0,0.01,1.230000019,36
96.67,7211,-8291,7633,-8521,1.950000048,14.81000042,-0.479999989,0,0.01,1.230000019,36
96.68,7179,-8327,7620,-8528,2.299999952,15.21000004,0.200000003,0,0,1.24000001,36
96.69,7199,-8382,7650,-8528,2.299999952,15.21000004,0.200000003,-0.029999999,0.050000001,1.25,36
96.7,7183,-8388,7684,-8543,3.24000001,13.77999973,1.720000029,-0.100000002,-0.039999999,1.279999971,36
96.71,7194,-8318,7665,-8467,3.24000001,13.77999973,1.720000029,-0.059999999,0.050000001,1.269999981,36
96.72,7143,-8334,7657,-8457,4.96999979,14.09000015,0.01,-0.090000004,0,1.289999962,36
96.73,7176,-8401,7636,-8482,4.96999979,14.09000015,0.01,0.039999999,0.039999999,1.279999971,36
96.74,7186,-8384,7531,-8469,3.75999999,14.82999992,-1.440000057,-0.059999999,0.039999999,1.279999971,36
96.75,7187,-8344,7476,-8490,3.75999999,14.82999992,-1.440000057,0.050000001,0.029999999,1.25999999,36
96.76,7202,-8397,7492,-8441,0.449999988,15.47000027,-0.319999993,0.059999999,0.100000002,1.25,36
96.77,7183,-8308,7554,-8505,3.650000095,13.47999954,1.309999943,0.059999999,0.100000002,1.25,36
96.78,7225,-8322,7596,-8539,0.090000004,17.81999969,1.950000048,0.119999997,0.07,1.269999981,36
96.79,7221,-8367,7581,-8553,0.090000004,17.81999969,1.950000048,-0.039999999,0.090000004,1.279999971,36
96.8,7207,-8372,7555,-8525,3.75,16.17000008,0.289999992,0.029999999,0,1.289999962,36
96.81,7241,-8357,7589,-8477,0.400000006,15.72999954,-0.07,-0.090000004,0.090000004,1.279999971,36
96.82,7186,-8290,7558,-8455,3.559999943,12.73999977,-1.320000052,-0.170000002,0.039999999,1.279999971,36
96.83,7158,-8344,7521,-8449,0.870000005,17.46999931,-1.889999986,0,0.090000004,1.289999962,36
96.84,7181,-8360,7487,-8414,1.529999971,12.47000027,-1.200000048,-0.170000002,0.050000001,1.289999962,36
96.85,7168,-8355,7481,-8441,2.410000086,13.15999985,-1.769999981,0.039999999,0.100000002,1.309999943,36
96.86,7164,-8366,7482,-8429,0.409999996,13.97999954,-1.700000048,0.01,0.07,1.309999943,36
96.87,7145,-8389,7481,-8475,2.25999999,12.56999969,-1.820000052,0.01,0.090000004,1.320000052,36
96.88,7167,-8324,7471,-8515,2.950000048,14.89999962,1.210000038,0.100000002,0.039999999,1.330000043,36
96.89,7171,-8339,7415,-8540,0.449999988,14.88000011,-3.150000095,0.079999998,0.100000002,1.330000043,36
96.9,7142,-8363,7454,-8546,4.550000191,16.29999924,1.200000048,0.079999998,0.029999999,1.330000043,36
96.91,7170,-8299,7492,-8516,-0.129999995,16.67000008,1.169999957,0.129999995,0.07,1.309999943,36
96.92,7152,-8198,7518,-8497,3.579999924,14.60999966,0.419999987,0.01,0.109999999,1.299999952,36
96.93,7139,-8288,7548,-8477,2.00999999,16.80999947,1.629999995,0.079999998,0.050000001,1.309999943,36
96.94,7113,-8315,7573,-8447,0.949999988,16,-1.679999948,0,0.100000002,1.299999952,36
96.95,7084,-8322,7593,-8467,1.730000019,16.19000053,-0.620000005,-0.090000004,0.059999999,1.330000043,36
96.96,7109,-8384,7585,-8468,2.380000114,15.15999985,-1.950000048,-0.039999999,0.050000001,1.350000024,36
96.97,7085,-8394,7578,-8468,-2.400000095,15.97999954,-2.569999933,-0.100000002,0.090000004,1.360000014,36
96.98,7090,-8357,7637,-8510,3.24000001,13.32999992,0.879999995,-0.140000001,0.01,1.409999967,36
96.99,7077,-8327,7640,-8542,1.090000033,14.27999973,0.310000002,0.02,-0.039999999,1.429999948,36
97,7063,-8373,7587,-8557,4.369999886,12.84000015,-1.289999962,-0.150000006,-0.050000001,1.460000038,36
97.01,7082,-8414,7523,-8547,1.879999995,15.77000046,-2.430000067,0,-0.059999999,1.460000038,36
97.02,7074,-8393,7515,-8584,0.479999989,16.39999962,-1.50999999,-0.119999997,0,1.460000038,36
97.03,7083,-8369,7479,-8563,4.829999924,14.96000004,0.5,0.029999999,-0.090000004,1.470000029,36
97.04,7101,-8343,7418,-8547,1.850000024,15.56000042,-0.509999991,0.059999999,-0.090000004,1.460000038,36
97.05,7107,-8295,7389,-8518,3.130000114,13.35000038,-3.50999999,-0.039999999,-0.07,1.440000057,36
97.06,7148,-8391,7374,-8463,1.919999957,17.04999924,-0.050000001,0.029999999,-0.039999999,1.429999948,36
97.07,7139,-8353,7312,-8418,1.899999976,13.26000023,-1.879999995,-0.01,-0.02,1.419999957,36
97.08,7202,-8310,7271,-8430,1.919999957,19.32999992,1.539999962,0.059999999,0.01,1.399999976,36
97.09,7223,-8248,7257,-8403,2.480000019,15.39999962,2.880000114,-0.059999999,0,1.350000024,36
97.1,7246,-8187,7289,-8381,1.779999971,17.38999939,0.850000024,0.02,0.07,1.289999962,36
97.11,7250,-8171,7288,-8362,1.850000024,18.20999908,3.960000038,-0.109999999,0.140000001,1.25999999,36
97.12,7237,-8163,7277,-8393,1.710000038,18.35000038,-0.430000007,-0.02,0.189999998,1.220000029,36
97.13,7260,-8213,7272,-8343,2.670000076,19.70000076,3.869999886,-0.150000006,0.150000006,1.190000057,36
97.14,7249,-8189,7306,-8350,1.899999976,15.96000004,1.210000038,-0.129999995,0.170000002,1.149999976,36
97.15,7164,-8173,7336,-8382,1.590000033,15.5,-0.039999999,-0.200000003,0.159999996,1.149999976,36
97.16,7162,-8208,7364,-8424,1.950000048,13.67000008,-1.720000029,-0.270000011,0.140000001,1.159999967,36
97.17,7125,-8246,7370,-8422,1.539999962,14.05000019,-4.619999886,-0.119999997,0.180000007,1.179999948,36
97.18,7074,-8208,7384,-8392,2.660000086,10.68000031,-2.49000001,-0.219999999,0.07,1.230000019,36
97.19,7029,-8236,7364,-8414,1.629999995,11.96000004,-5.130000114,0.050000001,0.119999997,1.25999999,36
97.2,7048,-8280,7378,-8394,2.670000076,10.75,-3.25999999,-0.039999999,0.039999999,1.299999952,36
97.21,7071,-8286,7450,-8364,0.920000017,10.56999969,-3.789999962,0.159999996,0.090000004,1.340000033,36
97.22,7063,-8244,7494,-8412,2.630000114,12.56000042,-4.070000172,0.200000003,0.07,1.350000024,36
97.23,7104,-8342,7504,-8429,1.679999948,16.48999977,0.870000005,0.219999999,0.02,1.360000014,36
97.24,7088,-8317,7549,-8441,2.789999962,14.93000031,0.74000001,0.189999998,0.039999999,1.350000024,36
97.25,7114,-8316,7602,-8476,2.25999999,17.21999931,0.49000001,0.059999999,0.029999999,1.360000014,36
97.26,7185,-8340,7668,-8508,2.119999886,15.28999996,0.209999993,-0.029999999,0.050000001,1.350000024,35
97.27,7178,-8324,7655,-8515,2.339999914,17.29000092,-0.25,-0.119999997,0.029999999,1.360000014,35
97.28,7180,-8254,7658,-8530,2.609999895,15.42000008,-0.129999995,-0.170000002,0.02,1.360000014,35
97.29,7134,-8338,7613,-8537,5.590000153,14.10000038,0.330000013,-0.239999995,-0.050000001,1.350000024,35
97.3,7146,-8358,7511,-8493,1.649999976,14,-2.779999971,-0.170000002,0.039999999,1.360000014,35
97.31,7230,-8317,7443,-8490,3.980000019,16.45999908,-0.649999976,-0.200000003,0,1.360000014,35
97.32,7192,-8289,7404,-8504,2.680000067,11.56000042,-1.850000024,-0.059999999,0.039999999,1.340000033,35
97.33,7288,-8357,7359,-8456,4.010000229,13.40999985,-3.049999952,-0.01,0.039999999,1.350000024,35
97.34,7289,-8336,7331,-8476,3.200000048,17.92000008,0.109999999,0.119999997,0.029999999,1.299999952,35
97.35,7416,-8297,7399,-8482,1.830000043,14.36999989,1.409999967,0,0.090000004,1.269999981,35
97.36,7444,-8348,7462,-8530,4.5,14.36999989,1.190000057,0.109999999,0.109999999,1.25999999,35
97.37,7393,-8318,7488,-8551,2.660000086,15.81000042,-1.460000038,-0.039999999,0.109999999,1.24000001,35
97.38,7231,-8298,7481,-8555,2.74000001,15.64999962,-0.800000012,-0.02,0.129999995,1.25,35
97.39,7265,-8344,7495,-8543,5.090000153,14.43999958,-0.140000001,0,0.01,1.25999999,35
97.4,7220,-8352,7519,-8486,1.120000005,17.06999969,-1.549999952,0.119999997,0.079999998,1.25999999,35
97.41,7196,-8234,7576,-8469,3.890000105,14.27999973,-0.610000014,0,0.079999998,1.25999999,35
97.42,7178,-8258,7666,-8471,2.769999981,14.77000046,-0.259999991,0.200000003,0.059999999,1.25999999,35
97.43,7202,-8411,7781,-8461,1.00999999,14.72000027,-0.02,0.079999998,0.100000002,1.289999962,35
97.44,7159,-8433,7851,-8480,3.549999952,14.27000046,-0.550000012,0.059999999,0.050000001,1.309999943,35
97.45,7229,-8410,7951,-8506,2.75,16.37000084,0.119999997,0.170000002,0.050000001,1.340000033,35
97.46,7237,-8467,8081,-8577,2.059999943,13.63000011,-1.470000029,-0.059999999,0.01,1.379999995,35
97.47,7190,-8464,8259,-8637,2.220000029,13.92000008,-1.590000033,-0.090000004,-0.02,1.399999976,35
97.48,7205,-8411,8440,-8721,3.970000029,14.80000019,-0.059999999,-0.090000004,-0.090000004,1.450000048,35
97.49,7192,-8498,8548,-8752,4.289999962,11.97000027,-1.139999986,-0.200000003,-0.150000006,1.49000001,35
97.5,7145,-8465,8603,-8727,2.480000019,15.71000004,-1.659999967,-0.170000002,-0.129999995,1.5,35
97.51,7129,-8480,8464,-8747,2.24000001,14.89000034,0.180000007,-0.310000002,-0.150000006,1.519999981,35
97.52,7144,-8463,7877,-8734,5.869999886,14.85999966,-2.619999886,-0.050000001,-0.219999999,1.539999962,35
97.53,7179,-8512,7477,-8701,4.380000114,21.51000023,0.810000002,0.170000002,-0.189999998,1.49000001,35
97.54,7206,-8467,7382,-8600,0.649999976,14.52999973,0.560000002,0.01,-0.140000001,1.460000038,35
97.55,7279,-8447,7413,-8519,4.099999905,15.30000019,1.529999971,0.360000014,-0.100000002,1.429999948,35
97.56,7375,-8392,7470,-8481,1.039999962,17.64999962,3.700000048,0.25,-0.059999999,1.370000005,35
97.57,7455,-8373,7490,-8607,0.850000024,14.81000042,1.129999995,0.090000004,0.029999999,1.350000024,36
97.58,7590,-8305,7460,-8476,2.640000105,22.64999962,7.050000191,0.209999993,0,1.279999971,36
97.59,7659,-8322,7428,-8457,2.569999933,16.46999931,1.919999957,-0.200000003,0.180000007,1.210000038,36
97.6,7814,-8320,7446,-8496,3.440000057,20.13999939,2.799999952,0.059999999,0.180000007,1.149999976,36
97.61,7808,-8242,7473,-8467,1.120000005,16.73999977,1.529999971,-0.239999995,0.239999995,1.080000043,36
97.62,7817,-8231,7493,-8453,4.559999943,14.96000004,-1.659999967,-0.180000007,0.25,1.039999962,36
97.63,7593,-8303,7506,-8492,0.850000024,17.71999931,-0.939999998,-0.180000007,0.230000004,1.029999971,36
97.64,7462,-8303,7548,-8477,2.119999886,12.27999973,-4.489999771,-0.280000001,0.280000001,1.039999962,36
97.65,7398,-8299,7594,-8503,4.559999943,12.73999977,-0.360000014,-0.039999999,0.200000003,1.080000043,36
97.66,7340,-8349,7664,-8546,0.779999971,11.07999992,-2.839999914,-0.07,0.200000003,1.120000005,36
97.67,7303,-8339,7727,-8569,3.440000057,11.98999977,-4.510000229,0,0.170000002,1.159999967,36
97.68,7260,-8360,7809,-8569,2.140000105,11.52000046,-2.369999886,0,0.109999999,1.210000038,36
97.69,7276,-8381,7943,-8515,2.700000048,9.409999847,-5.5,0.059999999,0.100000002,1.25999999,36
97.7,7259,-8451,8068,-8535,2.74000001,11.07999992,-2,0.039999999,0.039999999,1.330000043,36
97.71,7252,-8450,8138,-8615,1.039999962,13.10999966,-4.75,0.029999999,0.050000001,1.370000005,36
97.72,7238,-8392,8205,-8610,2.950000048,11.46000004,-4,-0.079999998,0.039999999,1.399999976,36
97.73,7187,-8529,8219,-8646,4.820000172,11.89000034,0.660000026,0.059999999,-0.050000001,1.440000057,36
97.74,7228,-8539,8123,-8640,0.02,13.75,-3.170000076,0.01,-0.039999999,1.470000029,36
97.75,7254,-8482,7981,-8675,5.639999866,16.29999924,-0.059999999,0.029999999,-0.050000001,1.49000001,36
97.76,7216,-8447,7875,-8729,2.859999895,14.60000038,0.680000007,0.07,-0.079999998,1.470000029,36
97.77,7224,-8489,7709,-8738,3.109999895,17.76000023,0.509999991,0.109999999,-0.02,1.450000048,36
97.78,7158,-8513,7584,-8700,4.630000114,19.04000092,2.609999895,0.129999995,-0.07,1.450000048,36
97.79,7235,-8441,7562,-8676,2.210000038,20.71999931,2.75999999,0.180000007,-0.039999999,1.440000057,36
97.8,7290,-8438,7563,-8644,5.269999981,16.52000046,2.00999999,0.059999999,-0.079999998,1.440000057,36
97.81,7267,-8448,7555,-8600,0.769999981,18.94000053,0.870000005,0.090000004,-0.039999999,1.399999976,36
97.82,7291,-8394,7569,-8574,-0.340000004,20.17000008,1.110000014,-0.01,0.059999999,1.360000014,36
97.83,7309,-8439,7592,-8607,4.03000021,16.87000084,4.239999771,-0.050000001,-0.01,1.340000033,36
97.84,7343,-8423,7559,-8551,1.730000019,17.68000031,1.799999952,0.050000001,0.07,1.309999943,36
97.85,7337,-8425,7569,-8525,3.640000105,16.03000069,0.280000001,-0.119999997,0.039999999,1.309999943,36
97.86,7322,-8391,7639,-8591,3.599999905,14.06000042,-0.419999987,-0.050000001,0.029999999,1.289999962,36
97.87,7323,-8413,7662,-8637,0.699999988,15.61999989,-2.339999914,-0.090000004,0.079999998,1.289999962,36
97.88,7391,-8395,7661,-8573,2.160000086,14.39000034,-4.25,-0.170000002,0.109999999,1.279999971,36
97.89,7373,-8431,7694,-8563,4.179999828,13.60000038,1.25,-0.01,0.07,1.299999952,36
97.9,7342,-8370,7795,-8636,2.359999895,16.09000015,-0.119999997,0.050000001,0.079999998,1.289999962,36
97.91,7264,-8462,7740,-8627,3.599999905,15.02999973,0.569999993,-0.189999998,0.039999999,1.289999962,36
97.92,7288,-8462,7539,-8637,3.5,17.76000023,-3.279999971,-0.039999999,0.07,1.279999971,36
97.93,7309,-8462,7528,-8600,0.889999986,19.02000046,-1.909999967,-0.039999999,0.059999999,1.269999981,36
97.94,7320,-8436,7591,-8622,2.960000038,11.82999992,0.079999998,-0.01,0.01,1.25999999,36
97.95,7296,-8426,7639,-8636,1.090000033,13.86999989,-1.75999999,0.159999996,0.109999999,1.25999999,36
97.96,7383,-8358,7625,-8591,4.840000153,13.59000015,0.289999992,0.109999999,0.01,1.25999999,36
97.97,7369,-8405,7653,-8552,2.220000029,13.39999962,-2.569999933,0.129999995,0.059999999,1.25999999,36
97.98,7405,-8401,7780,-8543,1.649999976,14.77999973,-2.230000019,0.029999999,0.079999998,1.25999999,36
97.99,7434,-8415,7850,-8544,2.75999999,13.57999992,-0.819999993,0,0.090000004,1.279999971,36
98,7451,-8396,7860,-8560,1.25,14.13000011,-1.809999943,0.050000001,0.109999999,1.289999962,36
98.01,7437,-8415,7896,-8535,3.299999952,16.13999939,-0.469999999,-0.090000004,0.07,1.269999981,36
98.02,7427,-8438,7926,-8600,2.74000001,13.57999992,0.769999981,-0.090000004,0.090000004,1.279999971,36
98.03,7381,-8443,7886,-8591,2.75,16.34000015,-1.980000019,-0.059999999,0.090000004,1.269999981,36
98.04,7375,-8464,7775,-8643,2.630000114,15.65999985,0.259999991,-0.170000002,0.07,1.269999981,36
98.05,7325,-8484,7631,-8710,4.539999962,16.44000053,-0.889999986,0,0.059999999,1.279999971,36
98.06,7315,-8379,7555,-8687,1.269999981,15,-1.090000033,0,0.059999999,1.25999999,36
98.07,7305,-8426,7553,-8619,5.210000038,14.92000008,-0.910000026,0.150000006,0.07,1.269999981,36
98.08,7325,-8489,7589,-8612,2.160000086,15.5,1.330000043,0.219999999,0.02,1.279999971,36
98.09,7347,-8427,7655,-8598,1.769999981,15.21000004,-0.620000005,0.200000003,0.109999999,1.289999962,36
98.1,7404,-8345,7752,-8576,3.539999962,16.15999985,0.860000014,0.129999995,0,1.299999952,36
98.11,7513,-8408,7800,-8553,0.899999976,14.60000038,-0.620000005,0.039999999,0.07,1.279999971,36
98.12,7483,-8479,7840,-8553,0.949999988,17.87000084,0.800000012,-0.039999999,0.109999999,1.25,36
98.13,7372,-8447,7850,-8559,3.069999933,16.21999931,2.200000048,-0.159999996,0.079999998,1.25999999,36
98.14,7390,-8492,7825,-8611,2.49000001,15.30000019,-0.75,-0.170000002,0.090000004,1.269999981,36
98.15,7391,-8534,7760,-8645,2.960000038,15.64999962,-1.320000052,-0.270000011,0.07,1.299999952,36
98.16,7311,-8434,7611,-8696,2.269999981,14.88000011,-2.079999924,-0.140000001,0.029999999,1.309999943,36
98.17,7297,-8424,7563,-8664,2.910000086,14.21000004,-2.779999971,-0.079999998,0.02,1.309999943,36
98.18,7300,-8490,7605,-8664,3.400000095,16.10000038,1.049999952,0.059999999,0.01,1.309999943,36
98.19,7289,-8491,7612,-8670,0.779999971,12.89000034,-2.279999971,0.129999995,0.079999998,1.340000033,36
98.2,7300,-8411,7567,-8671,4.889999866,18.65999985,3.660000086,0.270000011,-0.02,1.340000033,36
98.21,7314,-8451,7607,-8720,3.599999905,14.64000034,-0.039999999,0.180000007,0,1.350000024,36
98.22,7351,-8525,7695,-8645,1.340000033,15.71000004,-3.059999943,0.150000006,0,1.360000014,36
98.23,7400,-8510,7870,-8685,1.870000005,13.85999966,-0.5,0.01,0,1.379999995,36
98.24,7441,-8476,8011,-8672,1.480000019,17.20999908,1.110000014,0.059999999,-0.02,1.370000005,36
98.25,7405,-8535,8093,-8711,2.900000095,13.47000027,1.960000038,-0.230000004,0.029999999,1.379999995,36
98.26,7396,-8505,7885,-8665,2.410000086,17.23999977,-0.99000001,-0.140000001,-0.039999999,1.379999995,36
98.27,7352,-8522,7691,-8624,4.150000095,19.40999985,-2.630000114,-0.300000012,0.02,1.340000033,36
98.28,7359,-8435,7636,-8590,2.710000038,16.40999985,2.920000076,-0.230000004,-0.029999999,1.320000052,36
98.29,7279,-8421,7599,-8599,1.620000005,14.77999973,-2.950000048,-0.050000001,0.159999996,1.289999962,37
98.3,7287,-8373,7578,-8550,1.75,15.64000034,-0.620000005,-0.01,0.050000001,1.25999999,38
98.31,7277,-8365,7594,-8531,3.730000019,16.81999969,0.109999999,0.200000003,0.119999997,1.25,39
98.32,7265,-8411,7683,-8531,0.259999991,14.93999958,0.550000012,0.170000002,0.090000004,1.24000001,39
98.33,7287,-8400,7736,-8545,2.029999971,12.48999977,-0.579999983,0.109999999,0.140000001,1.25,39
98.34,7253,-8376,7741,-8609,3.150000095,16.27000046,-0.170000002,0.200000003,0.079999998,1.269999981,39
98.35,7254,-8391,7666,-8626,-1.269999981,16.10000038,-1.620000005,-0.01,0.129999995,1.25999999,39
98.36,7224,-8384,7675,-8573,3.809999943,17.20000076,-0.910000026,0.050000001,0.109999999,1.25,39
98.37,7233,-8319,7715,-8545,-0.109999999,16.07999992,2.630000114,-0.039999999,0.050000001,1.25,39
98.38,7201,-8293,7733,-8534,3.00999999,12.69999981,-2.309999943,-0.059999999,0.129999995,1.279999971,39
98.39,7155,-8352,7681,-8534,0.930000007,18.62999916,1.840000033,-0.050000001,0.01,1.289999962,39
98.4,7141,-8366,7650,-8525,0.129999995,11.85999966,-4.03000021,-0.270000011,0.109999999,1.279999971,39
98.41,7115,-8279,7604,-8561,2.200000048,14.46000004,-2.569999933,-0.090000004,0.059999999,1.299999952,39
98.42,7089,-8409,7518,-8483,0.449999988,11.80000019,-3.00999999,-0.07,0.059999999,1.340000033,39
98.43,7090,-8394,7452,-8481,3.24000001,13.05000019,-3.470000029,0.059999999,0,1.360000014,39
98.44,7063,-8377,7456,-8565,1.539999962,16.30999947,0.419999987,0.100000002,-0.01,1.389999986,39
98.45,7101,-8404,7468,-8574,-1.190000057,16.43000031,-3.170000076,0.07,0.029999999,1.379999995,39
98.46,7079,-8402,7452,-8571,3.279999971,16.30999947,0.100000002,0.050000001,0,1.399999976,39
98.47,7097,-8328,7451,-8569,0.430000007,18.52000046,2.289999962,0.150000006,0.01,1.389999986,39
98.48,7112,-8340,7424,-8560,3.069999933,15.77000046,0.829999983,0.02,0,1.379999995,39
98.49,7096,-8344,7380,-8518,3.730000019,18.36000061,1.690000057,0.01,-0.039999999,1.360000014,39
98.5,7141,-8329,7351,-8477,0.209999993,17.71999931,-0.430000007,-0.029999999,0.059999999,1.340000033,39
98.51,7107,-8270,7372,-8496,1.440000057,17.45999908,-0.860000014,-0.159999996,0.02,1.330000043,39
98.52,7118,-8363,7421,-8499,2.200000048,17.06999969,0.670000017,-0.079999998,0.02,1.340000033,38
98.53,7095,-8325,7378,-8440,0.409999996,15.77999973,-0.939999998,-0.170000002,0.02,1.340000033,38
98.54,7099,-8315,7336,-8462,3.430000067,16.42000008,-0.790000022,-0.200000003,0.029999999,1.350000024,38
98.55,7091,-8378,7334,-8471,0.330000013,17.18000031,-0.330000013,-0.129999995,0,1.340000033,38
98.56,7061,-8334,7354,-8446,-0.039999999,15.39999962,-2.730000019,-0.150000006,0.090000004,1.340000033,38
98.57,7094,-8285,7328,-8468,3.769999981,17.13999939,0.949999988,-0.050000001,0.01,1.350000024,38
98.58,7108,-8302,7329,-8490,1.679999948,16.04000092,-1.419999957,0.039999999,0.01,1.340000033,38
98.59,7104,-8333,7337,-8457,2.960000038,14.68000031,0.319999993,-0.079999998,0.01,1.340000033,38
98.6,7144,-8284,7343,-8478,2.529999971,16.36000061,-0.819999993,0.059999999,0.029999999,1.330000043,38
98.61,7117,-8258,7335,-8466,1.529999971,15.78999996,-1.429999948,0,-0.01,1.320000052,38
98.62,7150,-8328,7345,-8493,3.559999943,15.97999954,-0.039999999,0,0.02,1.320000052,38
98.63,7179,-8318,7356,-8462,0.959999979,16.35000038,0,0.029999999,0,1.320000052,38
98.64,7170,-8281,7362,-8473,2.460000038,15.25,-1.649999976,-0.079999998,0.02,1.320000052,38
98.65,7171,-8337,7391,-8444,1.49000001,16.73999977,1.100000024,-0.050000001,0.02,1.309999943,38
98.66,7157,-8285,7382,-8415,1.210000038,15.5,-0.569999993,-0.07,0.050000001,1.299999952,38
98.67,7158,-8270,7372,-8407,3.529999971,17.44000053,0.529999971,-0.059999999,0.050000001,1.289999962,38
98.68,7167,-8273,7348,-8435,1.519999981,15.40999985,-0.239999995,-0.039999999,0.07,1.279999971,38
98.69,7149,-8298,7351,-8395,3.029999971,15.93000031,-1.620000005,-0.090000004,0.079999998,1.25999999,38
98.7,7160,-8284,7407,-8450,2.180000067,17.18000031,0.980000019,-0.029999999,0.07,1.25,38
98.71,7122,-8190,7427,-8443,2.289999962,13.22000027,-1.720000029,-0.039999999,0.079999998,1.24000001,38
98.72,7169,-8297,7409,-8478,3.700000048,16.29000092,-1.00999999,0,0.07,1.25,38
98.73,7144,-8285,7392,-8480,2.019999981,15.27999973,-0.189999998,0.01,0.050000001,1.25,38
98.74,7139,-8305,7402,-8469,2.25,15.69999981,-1.429999948,0.039999999,0.090000004,1.25999999,38
98.75,7166,-8354,7454,-8446,2.799999952,15.44999981,0.74000001,0.02,0.039999999,1.269999981,38
98.76,7143,-8311,7473,-8396,0.090000004,15.44999981,-1.24000001,0,0.07,1.279999971,37
98.77,7116,-8274,7465,-8395,4.150000095,15.10000038,-0.119999997,-0.07,0.050000001,1.299999952,37
98.78,7099,-8323,7492,-8424,2.579999924,15.75,0.289999992,0.029999999,0.039999999,1.309999943,37
98.79,7105,-8365,7525,-8428,1.210000038,14.40999985,-1.710000038,-0.050000001,0.100000002,1.320000052,36
98.8,7135,-8327,7517,-8476,2.25999999,16.45999908,-1.480000019,-0.050000001,0.059999999,1.330000043,36
98.81,7135,-8286,7569,-8493,2.109999895,16.98999977,0.029999999,0.059999999,0.039999999,1.340000033,35
98.82,7158,-8413,7616,-8556,4.050000191,13.06999969,-0.660000026,-0.059999999,-0.01,1.360000014,35
98.83,7174,-8408,7633,-8621,1.100000024,15.42000008,-0.689999998,0.029999999,0.02,1.379999995,35
98.84,7182,-8381,7576,-8625,4.579999924,14.65999985,-0.879999995,-0.059999999,-0.02,1.389999986,34
98.85,7254,-8452,7503,-8599,4.96999979,15.23999977,-0.810000002,0.059999999,-0.079999998,1.389999986,34
98.86,7245,-8380,7492,-8547,0.889999986,18.85000038,-0.300000012,0.029999999,-0.01,1.370000005,34
98.87,7255,-8345,7508,-8522,5.139999866,15.19999981,0.939999998,-0.109999999,-0.050000001,1.360000014,34
98.88,7295,-8342,7467,-8494,2.339999914,17.80999947,0.730000019,0.109999999,-0.029999999,1.340000033,34
98.89,7299,-8347,7469,-8471,2.230000019,16.36000061,0.400000006,-0.059999999,0.02,1.299999952,34
98.9,7322,-8339,7483,-8478,2.569999933,16.97999954,0.850000024,-0.050000001,0.079999998,1.269999981,34
98.91,7330,-8310,7476,-8451,3.390000105,16.95999908,0.810000002,0.059999999,0.07,1.24000001,34
98.92,7357,-8353,7490,-8451,1.940000057,16.21999931,-1.279999971,0,0.090000004,1.220000029,34
98.93,7387,-8379,7515,-8514,4.03000021,14.09000015,0.419999987,-0.01,0.039999999,1.210000038,34
98.94,7402,-8338,7518,-8558,0.349999994,17.95999908,-2.119999886,0.050000001,0.159999996,1.179999948,34
98.95,7465,-8427,7566,-8562,4.650000095,14.89999962,0.059999999,-0.079999998,0.109999999,1.179999948,34
98.96,7437,-8383,7621,-8561,2.299999952,15.13000011,0.270000011,0.090000004,0.090000004,1.179999948,34
98.97,7433,-8372,7684,-8566,2.859999895,14.75,-1.340000033,-0.050000001,0.109999999,1.179999948,34
98.98,7444,-8384,7722,-8531,5.800000191,13.72999954,0.140000001,-0.039999999,-0.01,1.190000057,34
98.99,7441,-8412,7744,-8525,2.299999952,14.32999992,-3.24000001,0.02,0.079999998,1.200000048,34
99,7444,-8426,7778,-8537,2.369999886,13.94999981,-2.089999914,-0.200000003,0.039999999,1.200000048,34
99.01,7416,-8410,7804,-8560,3.930000067,14.14999962,-1.720000029,0,0.039999999,1.220000029,34
99.02,7411,-8494,7747,-8556,2.549999952,13.39000034,-2.829999924,-0.059999999,-0.01,1.230000019,34
99.03,7451,-8497,7732,-8562,2.50999999,14.90999985,-1.690000057,-0.059999999,0.029999999,1.230000019,34
99.04,7485,-8479,7700,-8583,3.369999886,13.84000015,-0.759999991,-0.029999999,-0.02,1.24000001,34
99.05,7529,-8507,7686,-8572,1.539999962,15.22999954,-2.819999933,0.02,0.07,1.220000029,34
99.06,7550,-8523,7657,-8591,4.619999886,15.28999996,2.25,0.01,0.01,1.210000038,34
99.07,7600,-8465,7627,-8639,1.419999957,16.43000031,-0.340000004,0.079999998,0.090000004,1.179999948,34
99.08,7621,-8477,7629,-8601,6.639999866,16.12999916,1.840000033,0.02,0.02,1.169999957,34
99.09,7682,-8461,7677,-8621,3.289999962,17.09000015,0.259999991,0.07,0.039999999,1.139999986,34
99.1,7658,-8510,7693,-8655,1.679999948,15.48999977,0.02,-0.109999999,0.100000002,1.120000005,34
99.11,7656,-8475,7730,-8666,5.380000114,16.18000031,0.870000005,-0.029999999,0.090000004,1.100000024,34
99.12,7646,-8542,7741,-8689,3.450000048,14.57999992,0.310000002,0.029999999,0.090000004,1.100000024,34
99.13,7639,-8535,7742,-8674,4.079999924,14.93999958,-2.670000076,-0.07,0.079999998,1.090000033,34
99.14,7688,-8553,7794,-8677,4.260000229,15.27999973,0.850000024,-0.059999999,0.039999999,1.100000024,34
99.15,7660,-8543,7800,-8652,2.470000029,12.47999954,-2.420000076,-0.07,0.079999998,1.110000014,34
99.16,7734,-8587,7803,-8651,3.549999952,15.55000019,-1.049999952,-0.119999997,0.050000001,1.110000014,34
99.17,7720,-8608,7833,-8682,0.560000002,15,-1.029999971,-0.100000002,0.100000002,1.120000005,34
99.18,7700,-8601,7831,-8670,3.609999895,12.77999973,-1.049999952,-0.129999995,0.07,1.120000005,34
99.19,7692,-8575,7794,-8709,5.170000076,14.86999989,0.170000002,0.050000001,0.029999999,1.120000005,33
99.2,7696,-8662,7801,-8700,3.190000057,13.21000004,-1.779999971,-0.02,0.01,1.129999995,33
99.21,7704,-8691,7856,-8737,2.470000029,13.68999958,-2.130000114,-0.01,0.059999999,1.120000005,33
99.22,7667,-8719,7925,-8820,4.590000153,14.15999985,-0.189999998,0.059999999,0.01,1.149999976,33
99.23,7711,-8748,7924,-8849,1.840000033,13.15999985,-1.019999981,0.100000002,0,1.159999967,33
99.24,7742,-8790,7951,-8881,6.170000076,13.76000023,-0.980000019,0.079999998,0,1.169999957,33
99.25,7788,-8699,7991,-8887,1.909999967,15.67000008,1.590000033,0.100000002,-0.029999999,1.169999957,32
99.26,7805,-8716,7951,-8906,6.53000021,13.31000042,0.5,-0.01,-0.029999999,1.169999957,32
99.27,7847,-8758,7952,-8880,3.579999924,17.30999947,2.650000095,0.059999999,-0.079999998,1.139999986,32
99.28,7893,-8776,7988,-8909,2.230000019,14.38000011,-0.300000012,-0.129999995,0.02,1.139999986,32
99.29,7886,-8731,7994,-8937,2.900000095,15.84000015,0.129999995,-0.109999999,0.01,1.120000005,32
99.3,7921,-8784,7973,-8947,5.349999905,14.56000042,2.150000095,0,0,1.110000014,32
99.31,7921,-8830,7953,-8830,5.349999905,14.56000042,2.150000095,0,0,1.110000014,32
99.32,7942,-8828,8040,-8965,5.269999981,14.32999992,0.07,-0.039999999,0.050000001,1.080000043,32
99.33,7960,-8878,8137,-8960,5.269999981,14.32999992,0.07,0,-0.01,1.080000043,32
99.34,7976,-8885,8260,-8945,3.339999914,11.72000027,-3.019999981,-0.01,0.050000001,1.100000024,32
99.35,7983,-8878,8361,-8963,3.339999914,11.72000027,-3.019999981,-0.109999999,0.01,1.120000005,32
99.36,7954,-8911,8229,-9001,1.070000052,11.89999962,-4.179999828,-0.059999999,0.059999999,1.129999995,32
99.37,7989,-8929,8129,-8974,4.75,15.77000046,-3.089999914,-0.059999999,0.059999999,1.129999995,32
99.38,7960,-8916,8188,-8994,2.789999962,13.96000004,1.909999967,0.07,0.07,1.110000014,32
99.39,8012,-8929,8257,-8987,2.789999962,13.96000004,1.909999967,0.159999996,0.029999999,1.120000005,32
99.4,8052,-8941,8256,-9001,3.210000038,12.80000019,-0.930000007,0.180000007,0.100000002,1.120000005,32
99.41,8099,-8985,8288,-9039,3.210000038,12.80000019,-0.930000007,0.189999998,0.029999999,1.129999995,32
99.42,8117,-8982,8373,-9070,2.460000038,13.15999985,-1.549999952,0.239999995,0.059999999,1.129999995,32
99.43,8127,-9022,8474,-9107,2.460000038,13.15999985,-1.549999952,-0.059999999,0.119999997,1.149999976,32
99.44,8097,-8992,8499,-9143,4.690000057,14.02000046,0.970000029,-0.039999999,0.039999999,1.159999967,32
99.45,8087,-9053,8487,-9177,4.690000057,14.02000046,0.970000029,-0.090000004,0.159999996,1.159999967,31
99.46,8083,-9079,8431,-9191,6.980000019,13.51000023,-0.349999994,-0.180000007,0.01,1.169999957,31
99.47,8068,-9087,8410,-9234,1.769999981,15.26000023,-3.460000038,-0.180000007,0.01,1.169999957,31
99.48,8134,-9078,8415,-9222,3.660000086,12.17000008,-3.069999933,-0.079999998,0.039999999,1.179999948,31
99.49,8156,-9148,8428,-9251,3.660000086,12.17000008,-3.069999933,0.200000003,0.029999999,1.190000057,31
99.5,8204,-9162,8425,-9301,2.75,14.75,1.019999981,0.209999993,0,1.200000048,31
99.51,8221,-9168,8402,-9295,2.75,14.75,1.019999981,0.119999997,0.02,1.200000048,31
99.52,8261,-9191,8456,-9252,3.960000038,12.57999992,-1.210000038,0.170000002,0.039999999,1.190000057,30
99.53,8295,-9209,8512,-9279,3.960000038,12.57999992,-1.210000038,0.129999995,-0.02,1.200000048,30
99.54,8338,-9196,8542,-9340,2.670000076,14.40999985,-0.159999996,0.050000001,0.02,1.190000057,30
99.55,8358,-9208,8562,-9284,2.670000076,14.40999985,-0.159999996,-0.050000001,0,1.159999967,30
99.56,8436,-9187,8504,-9319,2.980000019,13.90999985,-1.559999943,-0.109999999,0,1.149999976,30
99.57,8443,-9179,8479,-9318,2.609999895,18.18000031,-0.310000002,-0.109999999,0,1.149999976,30
99.58,8494,-9214,8518,-9328,2.680000067,14.23999977,1.019999981,-0.189999998,0.029999999,1.090000033,30
99.59,8517,-9272,8527,-9349,2.680000067,14.23999977,1.019999981,0,-0.01,1.090000033,30
99.6,8490,-9242,8480,-9361,1.00999999,15.22000027,-2.069999933,-0.02,0.02,1.059999943,30
99.61,8460,-9270,8505,-9343,1.00999999,15.22000027,-2.069999933,-0.050000001,0.059999999,1.049999952,30
99.62,8516,-9279,8546,-9348,4.050000191,15.17000008,1.909999967,0.109999999,0.02,1.039999962,30
99.63,8573,-9271,8560,-9381,4.050000191,15.17000008,1.909999967,-0.01,0.079999998,1.039999962,30
99.64,8544,-9281,8597,-9341,5.769999981,14.63000011,-0.529999971,0.02,0.01,1.00999999,29
99.65,8576,-9265,8633,-9377,5.769999981,14.63000011,-0.529999971,-0.039999999,0.090000004,1,29
99.66,8580,-9245,8629,-9387,5.28000021,14.02999973,-0.980000019,-0.050000001,0.07,1,28
99.67,8581,-9297,8633,-9410,2.769999981,14.77999973,-0.469999999,-0.050000001,0.07,1,27
99.68,8567,-9364,8707,-9448,4.349999905,13.13000011,-1.129999995,-0.100000002,0.02,1,27
99.69,8601,-9328,8789,-9478,4.349999905,13.13000011,-1.129999995,-0.159999996,0.02,0.99000001,25
99.7,8605,-9361,8780,-9454,2.460000038,13,-2.700000048,-0.209999993,0.039999999,1,25
99.71,8641,-9364,8718,-9460,2.460000038,13,-2.700000048,-0.109999999,-0.02,1,25
99.72,8636,-9364,8737,-9475,2.970000029,14.90999985,-1.419999957,-0.029999999,-0.029999999,0.980000019,25
99.73,8671,-9375,8740,-9463,2.970000029,14.90999985,-1.419999957,-0.079999998,-0.029999999,0.949999988,25
99.74,8741,-9362,8816,-9477,3.180000067,15.73999977,0.589999974,0.029999999,-0.01,0.910000026,25
99.75,8822,-9331,8870,-9528,3.180000067,15.73999977,0.589999974,0.02,-0.039999999,0.889999986,25
99.76,8867,-9395,8892,-9533,1.519999981,13.61999989,-1.100000024,-0.01,0.01,0.860000014,25
99.77,8973,-9382,8912,-9536,6.880000114,13.92000008,1.730000019,-0.01,0.01,0.860000014,25
99.78,8951,-9398,8910,-9554,2.549999952,13.26000023,0.170000002,-0.039999999,-0.029999999,0.800000012,25
99.79,8982,-9408,8902,-9523,2.549999952,13.26000023,0.170000002,-0.150000006,0.07,0.769999981,25
99.8,8951,-9402,8932,-9510,6.690000057,15.07999992,2.769999981,-0.079999998,0.02,0.74000001,25
99.81,8934,-9385,8979,-9468,6.690000057,15.07999992,2.769999981,-0.02,0.07,0.730000019,25
99.82,8881,-9397,8981,-9488,4.869999886,12.15999985,-1.289999962,-0.129999995,0.07,0.720000029,24
99.83,8862,-9395,8982,-9480,4.869999886,12.15999985,-1.289999962,-0.059999999,0.07,0.709999979,24
99.84,8809,-9356,8950,-9469,2.930000067,12.51000023,-1.419999957,-0.039999999,0.07,0.709999979,23
99.85,8794,-9359,8852,-9495,2.930000067,12.51000023,-1.419999957,0.029999999,0.100000002,0.699999988,22
99.86,8697,-9352,8815,-9493,1.470000029,12.80000019,0.389999986,0,0.050000001,0.689999998,20
99.87,8738,-9354,8860,-9438,0.200000003,12.06999969,-0.029999999,0,0.050000001,0.689999998,19
99.88,8715,-9331,8781,-9403,0.100000002,10.88000011,-0.100000002,-0.01,0.050000001,0.680000007,17
99.89,8704,-9328,8746,-9386,0.100000002,10.88000011,-0.100000002,0,0.039999999,0.660000026,17
99.9,8576,-9228,8717,-9303,-0.379999995,10.51000023,2.329999924,-0.050000001,0,0.620000005,13
99.91,8591,-9214,8676,-9238,-0.379999995,10.51000023,2.329999924,-0.109999999,0.02,0.569999993,13
99.92,8672,-9130,8674,-9200,-3.109999895,11.35999966,0.349999994,-0.200000003,0,0.509999991,12
99.93,8661,-9090,8650,-9114,-3.109999895,11.35999966,0.349999994,-0.25,0.029999999,0.469999999,12
99.94,8660,-9038,8640,-9117,-2.359999895,11.61999989,-0.200000003,-0.109999999,0.059999999,0.409999996,12
99.95,8623,-8999,8609,-9056,-2.359999895,11.61999989,-0.200000003,-0.02,0.059999999,0.349999994,12
99.96,8615,-8982,8559,-8977,-2.50999999,9.270000458,1.570000052,0.01,0.039999999,0.289999992,12
99.97,8650,-8969,8522,-8941,-5.170000076,7.349999905,0,0.01,0.039999999,0.289999992,12
99.98,8665,-8966,8512,-8937,-4.019999981,8.43999958,1.399999976,0,0.079999998,0.230000004,12
99.99,8647,-8929,8541,-8856,-4.019999981,8.43999958,1.399999976,-0.07,0.050000001,0.209999993,12
100,8628,-8843,8530,-8809,-4.619999886,8.130000114,0.899999976,-0.090000004,0.059999999,0.180000007,12
100.01,8613,-8804,8497,-8798,-4.619999886,8.130000114,0.899999976,-0.150000006,0.039999999,0.170000002,12
100.02,8631,-8789,8478,-8751,-3.49000001,5.400000095,-0.469999999,-0.170000002,0.01,0.159999996,12
100.03,8617,-8758,8495,-8743,-3.49000001,5.400000095,-0.469999999,-0.180000007,0.01,0.159999996,12
100.04,8588,-8748,8503,-8769,-3.700000048,4.449999809,-2.519999981,-0.170000002,0,0.150000006,12
100.05,8581,-8723,8508,-8691,-3.700000048,4.449999809,-2.519999981,-0.039999999,-0.02,0.140000001,12
100.06,8570,-8673,8490,-8644,-3.599999905,3.650000095,-1.379999995,-0.039999999,-0.01,0.129999995,12
100.07,8544,-8659,8438,-8635,-3.25999999,3.829999924,0.159999996,-0.039999999,-0.01,0.129999995,12
100.08,8511,-8668,8405,-8627,-3.549999952,3.190000057,0.769999981,-0.01,-0.029999999,0.119999997,12
100.09,8478,-8610,8402,-8565,-3.549999952,3.190000057,0.769999981,-0.039999999,0,0.109999999,12
100.1,8475,-8547,8386,-8567,-3.119999886,2.589999914,0.519999981,-0.059999999,0,0.109999999,12
100.11,8459,-8527,8358,-8540,-3.119999886,2.589999914,0.519999981,-0.079999998,0.01,0.119999997,12
100.12,8374,-8493,8367,-8503,-2.200000048,2.640000105,0.150000006,-0.129999995,0.02,0.119999997,12
100.13,8333,-8451,8355,-8489,-2.200000048,2.640000105,0.150000006,-0.109999999,0.029999999,0.119999997,12
100.14,8454,-8432,8309,-8493,-3.380000114,1.75,-2.890000105,-0.02,0.039999999,0.129999995,12
100.15,8500,-8457,8273,-8489,-3.380000114,1.75,-2.890000105,0.01,0.059999999,0.140000001,12
100.16,8403,-8477,8269,-8406,-3.150000095,2.619999886,-0.370000005,0.119999997,0.029999999,0.140000001,12
100.17,8310,-8444,8212,-8396,-2.720000029,1.110000014,-0.730000019,0.119999997,0.029999999,0.140000001,12
100.18,8288,-8417,8169,-8401,-2.680000067,0.01,-0.029999999,0.059999999,0,0.150000006,12
100.19,8366,-8512,8140,-8403,-2.680000067,0.01,-0.029999999,0.039999999,-0.01,0.129999995,12
100.2,8331,-8496,8110,-8392,-1.320000052,0.119999997,0.649999976,-0.159999996,0,0.159999996,12
100.21,8301,-8426,8144,-8350,-1.320000052,0.119999997,0.649999976,-0.180000007,-0.100000002,0.159999996,11
100.22,8235,-8308,8227,-8277,-2.539999962,1.370000005,-1.370000005,-0.219999999,-0.079999998,0.170000002,11
100.23,8285,-8226,8195,-8253,-2.539999962,1.370000005,-1.370000005,0,-0.109999999,0.170000002,10
100.24,8238,-8286,8104,-8314,-4.090000153,2.599999905,-1.720000029,0.02,-0.129999995,0.140000001,9
100.25,8240,-8331,8093,-8311,-4.090000153,2.599999905,-1.720000029,0.090000004,-0.129999995,0.119999997,9
100.26,8204,-8299,8157,-8296,-5.579999924,1.950000048,-1.279999971,0.140000001,-0.129999995,0.100000002,9
100.27,8147,-8255,8130,-8231,-2.690000057,1.549999952,3.220000029,0.140000001,-0.129999995,0.100000002,9
100.28,8118,-8192,8077,-8169,-2.299999952,2.279999971,4.360000134,0.119999997,-0.100000002,0.059999999,9
100.29,8120,-8103,8016,-8082,-2.299999952,2.279999971,4.360000134,-0.050000001,-0.059999999,0.039999999,9
100.3,8118,-8015,8059,-7991,-2.119999886,1.299999952,0.509999991,0.01,-0.01,0.02,8
100.31,8089,-7960,8058,-8160,-2.119999886,1.299999952,0.509999991,-0.059999999,0,0,8
100.32,8053,-8017,8044,-8103,-0.970000029,0.25,4.460000038,-0.129999995,0.129999995,0,8
100.33,8028,-8002,8032,-8001,-0.970000029,0.25,4.460000038,-0.079999998,0.039999999,-0.01,7
100.34,8011,-7925,7973,-7931,-4.159999847,0.280000001,-1.330000043,-0.100000002,0.119999997,-0.02,7
100.35,8039,-7884,7923,-7895,-4.159999847,0.280000001,-1.330000043,-0.039999999,0.119999997,-0.029999999,6
100.36,8039,-7887,7921,-7853,-6.079999924,0.300000012,-0.360000014,-0.029999999,0.109999999,-0.059999999,5
100.37,7993,-7900,7878,-7813,-3.119999886,-0.469999999,-1.25999999,-0.029999999,0.109999999,-0.059999999,4
100.38,7991,-7861,7847,-7809,-4.050000191,-1.460000038,-0.670000017,-0.050000001,0.090000004,-0.090000004,3
100.39,7976,-7772,7852,-7755,-4.050000191,-1.460000038,-0.670000017,-0.07,0.050000001,-0.109999999,3
100.4,7956,-7687,7844,-7690,-3.829999924,-0.699999988,-1.879999995,-0.079999998,0.029999999,-0.140000001,2
100.41,7978,-7666,7811,-7628,-3.829999924,-0.699999988,-1.879999995,-0.119999997,0.02,-0.170000002,2
100.42,7936,-7702,7854,-7634,-3.769999981,-1.889999986,-2.369999886,-0.100000002,0,-0.189999998,1
100.43,7926,-7636,7897,-7607,-3.769999981,-1.889999986,-2.369999886,0,0,-0.219999999,0
100.44,7873,-7556,7861,-7573,-2.630000114,-0.970000029,-1.429999948,0,-0.029999999,-0.25,-1
100.45,7896,-7487,7828,-7586,-2.630000114,-0.970000029,-1.429999948,0,-0.039999999,-0.280000001,-2
100.46,7896,-7452,7831,-7531,-3.910000086,-2.019999981,-0.079999998,0,-0.01,-0.319999993,-2
100.47,7836,-7406,7778,-7462,-4.849999905,-3.549999952,1.100000024,0,-0.01,-0.319999993,-4
100.48,7730,-7367,7757,-7370,-3.660000086,-2.99000001,0.879999995,-0.119999997,0,-0.370000005,-6
100.49,7979,-7313,7782,-7381,-3.660000086,-2.99000001,0.879999995,-0.219999999,0.02,-0.409999996,-8
100.5,7944,-7199,7743,-7317,-6.239999771,-4.130000114,1.080000043,-0.140000001,0.039999999,-0.439999998,-10
100.51,7828,-7092,7756,-7210,-6.239999771,-4.130000114,1.080000043,-0.150000006,0.059999999,-0.479999989,-11
100.52,7826,-7080,7773,-7117,-5.320000172,-3.359999895,0.569999993,-0.039999999,0.07,-0.550000012,-12
100.53,7864,-6976,7802,-7119,-5.320000172,-3.359999895,0.569999993,0.01,0.01,-0.610000014,-12
100.54,7867,-6854,7766,-7089,-5.019999981,-5.480000019,-1.799999952,0.029999999,0.029999999,-0.660000026,-13
100.55,7788,-7047,7737,-7066,-5.019999981,-5.480000019,-1.799999952,0.079999998,0.029999999,-0.689999998,-13
100.56,7886,-7106,7719,-7034,-6.059999943,-6.349999905,0.629999995,0,0,-0.759999991,-13
100.57,7904,-7029,7728,-6999,-3.910000086,-6.78000021,-0.270000011,0,0,-0.759999991,-13
100.58,7834,-6912,7734,-6944,-3.799999952,-7.440000057,0.759999991,-0.180000007,-0.050000001,-0.850000024,-13
100.59,7878,-6812,7727,-6877,-3.799999952,-7.440000057,0.759999991,-0.170000002,-0.059999999,-0.879999995,-13
100.6,7895,-6868,7717,-6840,-3.730000019,-6.829999924,0.029999999,-0.140000001,-0.090000004,-0.899999976,-13
100.61,7871,-6858,7672,-6824,-3.730000019,-6.829999924,0.029999999,-0.079999998,-0.090000004,-0.930000007,-13
100.62,7828,-6841,7751,-6815,-2.529999971,-8.350000381,-1.210000038,-0.07,-0.100000002,-0.949999988,-13
100.63,7785,-6788,7774,-6786,-2.529999971,-8.350000381,-1.210000038,0.02,-0.07,-0.939999998,-13
100.64,7744,-6845,7749,-6788,-0.109999999,-11.35000038,4.670000076,0.059999999,-0.059999999,-0.930000007,-13
100.65,7733,-6832,7638,-6805,-0.109999999,-11.35000038,4.670000076,0.07,-0.079999998,-0.930000007,-13
100.66,7727,-6817,7675,-6796,-1.159999967,-10.47999954,0.360000014,0.02,-0.039999999,-0.910000026,-14
100.67,7713,-6797,7623,-6772,-1.769999981,-10.76000023,1.080000043,0.02,-0.039999999,-0.910000026,-15
100.68,7721,-6794,7599,-6741,-0.899999976,-9.06000042,-0.449999988,0.050000001,-0.02,-0.889999986,-15
100.69,7688,-6784,7602,-6753,-0.899999976,-9.06000042,-0.449999988,0.050000001,-0.02,-0.899999976,-16
100.7,7624,-6722,7558,-6779,-1.120000005,-10.84000015,-1.50999999,0.050000001,-0.01,-0.899999976,-17
100.71,7621,-6717,7532,-6758,-1.120000005,-10.84000015,-1.50999999,0.100000002,-0.029999999,-0.879999995,-17
100.72,7626,-6733,7552,-6706,-1.470000029,-12,2.109999895,-0.079999998,0,-0.860000014,-18
100.73,7641,-6701,7532,-6693,-1.470000029,-12,2.109999895,-0.050000001,0.029999999,-0.870000005,-18
100.74,7545,-6673,7517,-6658,-1.570000052,-10.25,-1.49000001,-0.140000001,0.039999999,-0.879999995,-18
100.75,7587,-6658,7575,-6620,-1.570000052,-10.25,-1.49000001,-0.079999998,0.079999998,-0.889999986,-18
100.76,7558,-6622,7526,-6606,-1.629999995,-8.930000305,-1.120000005,-0.07,0.050000001,-0.910000026,-18
100.77,7596,-6628,7492,-6587,-2.890000105,-8.710000038,-1.289999962,-0.07,0.050000001,-0.910000026,-18
100.78,7603,-6633,7511,-6561,-1.679999948,-9.979999542,-1.409999967,-0.059999999,0.07,-0.949999988,-18
100.79,7597,-6603,7477,-6540,-1.679999948,-9.979999542,-1.409999967,0.02,0.050000001,-0.959999979,-18
100.8,7520,-6597,7489,-6545,-2.019999981,-9.829999924,-0.49000001,-0.01,0.07,-0.980000019,-18
100.81,7593,-6572,7469,-6516,-2.019999981,-9.829999924,-0.49000001,0.039999999,0.050000001,-1.00999999,-19
100.82,7590,-6559,7467,-6505,-2.480000019,-10.14000034,-0.680000007,0.050000001,0.059999999,-1.029999971,-19
100.83,7545,-6546,7463,-6476,-2.480000019,-10.14000034,-0.680000007,0.039999999,0.07,-1.029999971,-19
100.84,7554,-6521,7464,-6445,-1.159999967,-10.80000019,1.179999948,0.079999998,0.07,-1.049999952,-19
100.85,7528,-6531,7455,-6430,-1.159999967,-10.80000019,1.179999948,0.02,0.050000001,-1.059999943,-19
100.86,7526,-6505,7509,-6420,-1.070000052,-10.76000023,-0.829999983,-0.02,0.039999999,-1.070000052,-19
100.87,7524,-6465,7467,-6374,-1.899999976,-10.53999996,-1.110000014,-0.02,0.039999999,-1.070000052,-20
100.88,7541,-6454,7430,-6362,-2,-9.479999542,-1.25,-0.090000004,0.029999999,-1.100000024,-20
100.89,7530,-6448,7423,-6357,-2,-9.479999542,-1.25,-0.039999999,0,-1.110000014,-20
100.9,7522,-6427,7415,-6355,-2.769999981,-10.44999981,-0.330000013,-0.050000001,0,-1.110000014,-20
100.91,7463,-6422,7409,-6327,-2.769999981,-10.44999981,-0.330000013,-0.059999999,0.01,-1.110000014,-21
100.92,7475,-6377,7385,-6321,-1.549999952,-10.67000008,-0.219999999,0,-0.02,-1.120000005,-21
100.93,7481,-6378,7352,-6341,-1.549999952,-10.67000008,-0.219999999,0.039999999,0,-1.129999995,-22
100.94,7457,-6358,7327,-6326,-2.019999981,-12.59000015,0.259999991,0,0,-1.120000005,-22
100.95,7384,-6336,7381,-6332,-2.019999981,-12.59000015,0.259999991,0.050000001,0.02,-1.120000005,-22
100.96,7420,-6338,7331,-6313,-1.909999967,-13.81000042,0.610000014,-0.01,0,-1.110000014,-22
100.97,7374,-6315,7336,-6290,-0.899999976,-12.40999985,0.560000002,-0.01,0,-1.110000014,-23
100.98,7357,-6286,7338,-6254,-2.210000038,-12.53999996,1.289999962,-0.050000001,0.02,-1.100000024,-23
100.99,7335,-6282,7303,-6249,-2.210000038,-12.53999996,1.289999962,-0.029999999,0.059999999,-1.100000024,-23
101,7404,-6245,7266,-6225,-1.309999943,-11.98999977,0.150000006,-0.02,0.02,-1.090000033,-23
101.01,7345,-6214,7278,-6173,-1.309999943,-11.98999977,0.150000006,-0.029999999,0.07,-1.100000024,-23
101.02,7342,-6225,7221,-6167,-0.839999974,-11.69999981,0.039999999,0.01,0.059999999,-1.100000024,-23
101.03,7337,-6217,7204,-6160,-0.839999974,-11.69999981,0.039999999,0.079999998,0.039999999,-1.120000005,-23
101.04,7339,-6205,7195,-6129,-2.059999943,-11.64000034,-2.049999952,0.109999999,0.029999999,-1.129999995,-23
101.05,7309,-6188,7197,-6130,-2.059999943,-11.64000034,-2.049999952,0.059999999,0.029999999,-1.129999995,-23
101.06,7337,-6152,7203,-6153,-1.620000005,-11.92000008,-1.470000029,0.170000002,0.02,-1.139999986,-23
101.07,7266,-6175,7193,-6134,-2.359999895,-12.10000038,-0.280000001,0.170000002,0.02,-1.139999986,-23
101.08,7252,-6176,7190,-6147,-0.920000017,-12.52000046,0.449999988,0.050000001,0,-1.149999976,-23
101.09,7286,-6167,7214,-6127,-0.920000017,-12.52000046,0.449999988,-0.029999999,0,-1.149999976,-23
101.1,7236,-6131,7167,-6089,-0.340000004,-12.47999954,0.259999991,-0.02,0,-1.149999976,-23
101.11,7259,-6153,7150,-6082,-0.340000004,-12.47999954,0.259999991,-0.100000002,-0.01,-1.149999976,-23
101.12,7263,-6110,7134,-6072,-1.649999976,-12.22999954,0.100000002,-0.079999998,0.01,-1.129999995,-23
101.13,7237,-6045,7079,-6037,-1.649999976,-12.22999954,0.100000002,0.039999999,0,-1.120000005,-23
101.14,7150,-6030,7043,-6032,-1.330000043,-11.27000046,-1.100000024,0.100000002,0.01,-1.100000024,-23
101.15,7163,-6040,7055,-6030,-1.330000043,-11.27000046,-1.100000024,0.059999999,0.029999999,-1.110000014,-23
101.16,7173,-6090,7073,-6009,-1.419999957,-12.02999973,0.270000011,0.100000002,0.02,-1.120000005,-23
101.17,7142,-6059,7039,-6008,-1.940000057,-13.15999985,-0.109999999,0.100000002,0.02,-1.120000005,-23
101.18,7140,-6014,7042,-6010,-0.939999998,-10.43000031,0.99000001,0.029999999,0.029999999,-1.100000024,-23
101.19,7089,-6015,7027,-5983,-0.939999998,-10.43000031,0.99000001,0,0.029999999,-1.100000024,-23
101.2,7082,-6017,7044,-5986,-0.370000005,-10.81000042,0.540000022,0.079999998,0.039999999,-1.120000005,-23
101.21,7043,-5999,7036,-5962,-0.370000005,-10.81000042,0.540000022,0.059999999,0.039999999,-1.110000014,-23
101.22,7078,-5992,7002,-5940,-0.899999976,-9.699999809,-0.629999995,0.059999999,0.050000001,-1.120000005,-23
101.23,7097,-6003,6969,-5921,-0.899999976,-9.699999809,-0.629999995,0,0.02,-1.129999995,-23
101.24,7053,-5981,6969,-5904,-1.970000029,-12.02999973,-1.279999971,0,0.050000001,-1.129999995,-23
101.25,7039,-5969,6936,-5872,-1.970000029,-12.02999973,-1.279999971,-0.02,0.039999999,-1.139999986,-23
101.26,7084,-5919,6927,-5876,-1.730000019,-9.930000305,-0.860000014,0.029999999,0.050000001,-1.129999995,-23
101.27,7031,-5891,6906,-5854,-2.130000114,-11.22999954,-1.100000024,0.029999999,0.050000001,-1.129999995,-23
101.28,6972,-5883,6905,-5826,-0.819999993,-11.30000019,-0.159999996,0.090000004,0.039999999,-1.139999986,-23
101.29,7017,-5909,6913,-5794,-0.819999993,-11.30000019,-0.159999996,0.100000002,0.029999999,-1.149999976,-23
101.3,7035,-5887,6884,-5784,-1.820000052,-9.619999886,-0.660000026,0.059999999,0.02,-1.169999957,-23
101.31,6954,-5862,6910,-5806,-1.820000052,-9.619999886,-0.660000026,0.01,0.01,-1.169999957,-23
101.32,6938,-5851,6888,-5814,-1.210000038,-12.11999989,-0.519999981,0.039999999,0,-1.159999967,-23
101.33,6954,-5839,6896,-5796,-1.210000038,-12.11999989,-0.519999981,0.050000001,0,-1.139999986,-23
101.34,6946,-5847,6881,-5781,-1.330000043,-10.07999992,0.400000006,0.07,0.01,-1.149999976,-23
101.35,6941,-5824,6838,-5787,-1.330000043,-10.07999992,0.400000006,-0.039999999,0.01,-1.149999976,-23
101.36,6925,-5799,6789,-5802,-1.340000033,-12,-1.74000001,-0.01,0,-1.139999986,-23
101.37,6895,-5804,6805,-5775,-1.620000005,-11.67000008,0.560000002,-0.01,0,-1.139999986,-23
101.38,6883,-5771,6770,-5749,-1.340000033,-10.80000019,-0.259999991,0.01,0.029999999,-1.120000005,-23
101.39,6905,-5784,6729,-5751,-1.340000033,-10.80000019,-0.259999991,0,0.029999999,-1.110000014,-23
101.4,6836,-5754,6748,-5738,-1,-11.64999962,1.039999962,0.039999999,0.050000001,-1.110000014,-23
101.41,6849,-5747,6776,-5722,-1,-11.64999962,1.039999962,0.07,0.039999999,-1.090000033,-23
101.42,6816,-5696,6725,-5704,-1.309999943,-11.27000046,1.320000052,0.119999997,0.059999999,-1.080000043,-23
101.43,6765,-5719,6682,-5668,-1.309999943,-11.27000046,1.320000052,0.109999999,0.059999999,-1.090000033,-23
101.44,6838,-5778,6706,-5653,-2.569999933,-10.31000042,-1.090000033,0.039999999,0.059999999,-1.110000014,-23
101.45,6805,-5750,6767,-5646,-2.569999933,-10.31000042,-1.090000033,-0.01,0.01,-1.120000005,-23
101.46,6763,-5716,6700,-5659,-0.920000017,-10.36999989,0.540000022,-0.029999999,0.01,-1.139999986,-23
101.47,6825,-5704,6676,-5622,-1.659999967,-11.09000015,-0.01,-0.029999999,0.01,-1.139999986,-23
101.48,6870,-5685,6702,-5589,-2.130000114,-8.199999809,-1.370000005,0,0.01,-1.139999986,-23
101.49,6784,-5685,6709,-5589,-2.130000114,-8.199999809,-1.370000005,0.029999999,-0.02,-1.159999967,-23
101.5,6755,-5638,6656,-5567,-1.070000052,-10.85999966,-1.710000038,0.129999995,-0.039999999,-1.169999957,-23
101.51,6820,-5671,6687,-5599,-1.070000052,-10.85999966,-1.710000038,0.140000001,-0.050000001,-1.179999948,-23
101.52,6834,-5670,6673,-5592,-1.389999986,-12.56000042,-0.930000007,0.07,-0.079999998,-1.190000057,-23
101.53,6824,-5671,6656,-5570,-1.389999986,-12.56000042,-0.930000007,0.01,-0.079999998,-1.190000057,-23
101.54,6764,-5668,6665,-5541,-1.679999948,-10.81000042,1.799999952,-0.090000004,-0.079999998,-1.190000057,-23
101.55,6726,-5642,6702,-5543,-1.679999948,-10.81000042,1.799999952,-0.109999999,-0.059999999,-1.190000057,-23
101.56,6731,-5617,6683,-5548,-0.540000022,-10.39000034,0.340000004,-0.079999998,-0.079999998,-1.179999948,-23
101.57,6727,-5604,6655,-5556,-1.139999986,-10.92000008,-1.50999999,-0.079999998,-0.079999998,-1.179999948,-23
101.58,6680,-5622,6643,-5582,-0.150000006,-11.22999954,0.439999998,0.029999999,-0.059999999,-1.149999976,-23
101.59,6736,-5662,6643,-5564,-0.150000006,-11.22999954,0.439999998,0.079999998,-0.039999999,-1.139999986,-23
101.6,6681,-5671,6639,-5545,-0.270000011,-12.27000046,-0.600000024,0.039999999,-0.02,-1.139999986,-23
101.61,6685,-5620,6592,-5576,-0.270000011,-12.27000046,-0.600000024,0.07,-0.02,-1.139999986,-23
101.62,6682,-5624,6542,-5603,-0.01,-13.02999973,0.519999981,-0.039999999,-0.02,-1.120000005,-23
101.63,6669,-5645,6605,-5594,-0.01,-13.02999973,0.519999981,0.059999999,0.01,-1.120000005,-23
101.64,6645,-5624,6593,-5593,-0.610000014,-9.260000229,1.669999957,-0.01,0,-1.120000005,-23
101.65,6664,-5627,6541,-5597,-0.610000014,-9.260000229,1.669999957,0,0.07,-1.110000014,-23
101.66,6656,-5607,6567,-5579,0.509999991,-9.539999962,1.889999986,0.07,0.039999999,-1.110000014,-23
101.67,6612,-5594,6580,-5593,0.259999991,-11.40999985,-0.119999997,0.07,0.039999999,-1.110000014,-23
101.68,6636,-5593,6572,-5564,0,-10.60999966,-0.330000013,0.02,0.079999998,-1.100000024,-23
101.69,6631,-5644,6544,-5575,0,-10.60999966,-0.330000013,-0.039999999,0.059999999,-1.100000024,-23
101.7,6667,-5650,6549,-5601,-0.129999995,-12.11999989,-0.5,-0.050000001,0.059999999,-1.100000024,-23
101.71,6682,-5647,6573,-5601,-0.129999995,-12.11999989,-0.5,-0.079999998,0.039999999,-1.100000024,-23
101.72,6682,-5646,6593,-5602,-0.109999999,-10.01000023,-0.560000002,-0.100000002,0.029999999,-1.110000014,-23
101.73,6682,-5648,6565,-5612,-0.109999999,-10.01000023,-0.560000002,0,0.02,-1.110000014,-23
101.74,6704,-5656,6577,-5615,0.090000004,-9,-0.550000012,0.029999999,-0.01,-1.120000005,-23
101.75,6721,-5657,6615,-5643,0.090000004,-9,-0.550000012,0.090000004,-0.039999999,-1.129999995,-23
101.76,6710,-5674,6621,-5636,-0.050000001,-9.449999809,-1.470000029,0.129999995,-0.050000001,-1.120000005,-23
101.77,6690,-5678,6620,-5662,2.210000038,-9.630000114,0,0.129999995,-0.050000001,-1.120000005,-23
101.78,6706,-5728,6626,-5684,0.660000026,-11.61999989,-0.389999986,0.140000001,-0.090000004,-1.120000005,-23
101.79,6683,-5742,6615,-5692,0.660000026,-11.61999989,-0.389999986,0.07,-0.090000004,-1.100000024,-23
101.8,6673,-5717,6616,-5741,2.089999914,-11.43000031,0.209999993,0,-0.109999999,-1.080000043,-23
101.81,6703,-5744,6625,-5738,2.089999914,-11.43000031,0.209999993,-0.029999999,-0.059999999,-1.059999943,-23
101.82,6660,-5753,6599,-5723,2.50999999,-11.14000034,-0.730000019,-0.02,-0.059999999,-1.029999971,-23
101.83,6668,-5755,6622,-5749,0.949999988,-10.27000046,0.409999996,0.02,-0.059999999,-1.00999999,-23
101.84,6677,-5760,6607,-5745,2.380000114,-11.21000004,0.850000024,0,-0.059999999,-0.980000019,-23
101.85,6673,-5728,6591,-5767,1.25,-8.829999924,0.370000005,0.050000001,-0.050000001,-0.959999979,-23
101.86,6657,-5742,6594,-5764,1.360000014,-10.60999966,1.200000048,-0.059999999,0.01,-0.949999988,-23
101.87,6637,-5763,6569,-5759,2.059999943,-9.409999847,0.759999991,0.059999999,0.029999999,-0.939999998,-23
101.88,6693,-5782,6594,-5779,0.889999986,-9.470000267,3.039999962,-0.059999999,0.050000001,-0.939999998,-23
101.89,6656,-5791,6585,-5807,0.870000005,-8.920000076,0.349999994,-0.109999999,0.100000002,-0.939999998,-23
101.9,6613,-5753,6616,-5816,1.49000001,-7.130000114,0.370000005,-0.079999998,0.129999995,-0.949999988,-23
101.91,6681,-5763,6640,-5831,1.399999976,-7.170000076,1,-0.07,0.150000006,-0.959999979,-23
101.92,6714,-5763,6638,-5861,1.080000043,-7.46999979,0.07,0.039999999,0.159999996,-0.980000019,-23
101.93,6691,-5758,6676,-5854,-0.270000011,-6.300000191,-0.720000029,0.059999999,0.159999996,-1.00999999,-23
101.94,6733,-5787,6693,-5871,1.49000001,-8.569999695,-2.460000038,0.029999999,0.150000006,-1.039999962,-23
101.95,6771,-5781,6709,-5873,0.800000012,-7.880000114,-1.50999999,0.140000001,0.07,-1.070000052,-23
101.96,6793,-5793,6743,-5870,0.469999999,-8.869999886,-1.870000005,-0.01,0.059999999,-1.100000024,-23
101.97,6816,-5841,6783,-5837,1.340000033,-8.979999542,-1.25,-0.01,0.039999999,-1.110000014,-23
101.98,6826,-5816,6749,-5811,1.970000029,-9.050000191,0.509999991,0,0,-1.110000014,-22
101.99,6834,-5800,6747,-5868,1.289999962,-9.75,-1.730000019,0,0.01,-1.110000014,-22
102,6806,-5808,6783,-5845,1.840000033,-7.309999943,-0.239999995,0.029999999,0,-1.110000014,-21
102.01,6773,-5822,6790,-5829,2.349999905,-10.26000023,-2.059999943,-0.029999999,-0.01,-1.090000033,-21
102.02,6881,-5929,6757,-5845,1.070000052,-9.399999619,-0.860000014,-0.02,-0.01,-1.070000052,-20
102.03,6889,-5931,6742,-5860,1.360000014,-10.47000027,0.409999996,-0.170000002,-0.039999999,-1.039999962,-19
102.04,6814,-5934,6756,-5908,1.769999981,-9.43999958,-0.819999993,-0.079999998,-0.079999998,-1.019999981,-18
102.05,6843,-5963,6738,-5961,1.769999981,-9.489999771,0.449999988,-0.230000004,-0.129999995,-0.99000001,-18
102.06,6808,-5982,6749,-6000,2.289999962,-9.600000381,-0.720000029,-0.059999999,-0.150000006,-0.959999979,-18
102.07,6804,-5998,6786,-6000,1.730000019,-9.659999847,0.039999999,-0.01,-0.159999996,-0.920000017,-18
102.08,6787,-6047,6744,-6025,2.50999999,-12.48999977,1.690000057,0,-0.129999995,-0.860000014,-18
102.09,6785,-6053,6718,-6041,2.579999924,-11.76000023,2.25,0.159999996,-0.109999999,-0.810000002,-18
102.1,6748,-6057,6711,-6079,1.980000019,-12.61999989,2.390000105,0.090000004,-0.039999999,-0.75,-18
102.11,6720,-6119,6643,-6093,2.890000105,-12.23999977,1.549999952,0.109999999,-0.029999999,-0.699999988,-18
102.12,6739,-6134,6649,-6101,1.669999957,-10.31999969,1.809999943,0.050000001,-0.01,-0.660000026,-18
102.13,6725,-6130,6686,-6145,2.369999886,-10.22000027,0.879999995,0,0.039999999,-0.629999995,-18
102.14,6731,-6144,6650,-6162,2.170000076,-7.059999943,0.01,0.059999999,0.02,-0.610000014,-18
102.15,6766,-6146,6661,-6183,1.889999986,-7.039999962,-0.889999986,0,0.02,-0.600000024,-17
102.16,6769,-6161,6688,-6182,1.730000019,-4.579999924,-2.369999886,0.050000001,0.02,-0.620000005,-17
102.17,6767,-6172,6764,-6132,1.629999995,-4.599999905,-3.019999981,0.050000001,0,-0.639999986,-17
102.18,6781,-6169,6763,-6125,0.670000017,-7.150000095,-2.869999886,0.090000004,0,-0.649999976,-17
102.19,6759,-6143,6730,-6179,1.559999943,-6.489999771,1.860000014,0.170000002,-0.02,-0.649999976,-17
102.2,6801,-6178,6778,-6201,2.140000105,-8.220000267,3.50999999,0.119999997,0.050000001,-0.660000026,-17
102.21,6822,-6201,6749,-6216,1.190000057,-7.440000057,2.730000019,0.059999999,0.029999999,-0.649999976,-17
102.22,6823,-6189,6756,-6253,0.680000007,-7.239999771,0.389999986,-0.079999998,0.050000001,-0.639999986,-17
102.23,6812,-6215,6757,-6225,1.320000052,-5.389999866,-0.460000008,-0.100000002,0.090000004,-0.639999986,-17
102.24,6831,-6192,6772,-6197,2.160000086,-5.420000076,-0.180000007,0,0.07,-0.649999976,-17
102.25,6881,-6213,6790,-6213,0.550000012,-4.400000095,-0.439999998,0,0.090000004,-0.660000026,-17
102.26,6865,-6190,6775,-6210,1.25,-3.789999962,-1.75,0.02,0.07,-0.680000007,-17
102.27,6869,-6177,6807,-6197,1.549999952,-4.869999886,-1.419999957,0.090000004,0.059999999,-0.689999998,-17
102.28,6900,-6196,6800,-6200,0.5,-5.840000153,-0.289999992,0.090000004,0.059999999,-0.699999988,-16
102.29,6877,-6235,6825,-6187,1.789999962,-6.130000114,-0.360000014,0.090000004,0.039999999,-0.720000029,-16
102.3,6891,-6224,6855,-6204,0.519999981,-6.150000095,-0.159999996,0.01,0.050000001,-0.720000029,-16
102.31,6895,-6213,6834,-6216,0.860000014,-7.099999905,-0.479999989,-0.050000001,0.02,-0.720000029,-16
102.32,6902,-6236,6861,-6235,1.389999986,-6.070000172,0.219999999,-0.059999999,0.02,-0.720000029,-16
102.33,6954,-6224,6843,-6242,0.140000001,-6.78000021,-0.910000026,-0.059999999,0.01,-0.709999979,-16
102.34,6920,-6229,6853,-6250,1.25999999,-6.449999809,-0.49000001,0,0.02,-0.699999988,-16
102.35,6910,-6258,6832,-6256,0.629999995,-6.980000019,0.270000011,0.02,0.01,-0.699999988,-16
102.36,6929,-6228,6812,-6249,0.370000005,-6.960000038,-0.670000017,0.050000001,0.01,-0.689999998,-16
102.37,6917,-6249,6829,-6242,0.059999999,-6.5,1.700000048,0.02,0,-0.689999998,-16
102.38,6920,-6297,6838,-6226,1.399999976,-8.899999619,-0.180000007,0.01,0.01,-0.680000007,-16
102.39,6914,-6304,6809,-6213,-0.129999995,-7.090000153,1,0,0,-0.670000017,-15
102.4,6917,-6307,6823,-6262,0,-8.039999962,-0.600000024,-0.079999998,0,-0.660000026,-15
102.41,6891,-6306,6821,-6248,0.379999995,-6.28000021,0.400000006,0,0.01,-0.649999976,-15
102.42,6879,-6220,6844,-6256,1.559999943,-6.659999847,-0.879999995,0.07,0.029999999,-0.639999986,-15
102.43,6867,-6217,6796,-6260,0.670000017,-6.789999962,-1.629999995,0.140000001,0.02,-0.620000005,-15
102.44,6863,-6319,6822,-6263,0.529999971,-6.190000057,-1.139999986,0.159999996,0.039999999,-0.600000024,-15
102.45,6901,-6326,6812,-6266,-1.549999952,-7.809999943,0.660000026,0.059999999,0.029999999,-0.600000024,-15
102.46,6906,-6303,6826,-6291,0.540000022,-7.900000095,1.450000048,-0.059999999,0,-0.600000024,-15
102.47,6881,-6305,6806,-6275,-0.400000006,-7,-0.059999999,-0.150000006,-0.01,-0.610000014,-15
102.48,6912,-6245,6761,-6254,-0.819999993,-4.400000095,-0.449999988,-0.159999996,-0.02,-0.620000005,-15
102.49,6873,-6197,6776,-6227,-0.790000022,-4.809999943,-1.360000014,-0.090000004,-0.02,-0.629999995,-14
102.5,6849,-6153,6766,-6163,-0.280000001,-3.75,-0.389999986,0.029999999,-0.029999999,-0.649999976,-14
102.51,6839,-6236,6775,-6135,-1.669999957,-6.570000172,-0.509999991,0.07,-0.029999999,-0.649999976,-13
102.52,6846,-6277,6783,-6145,-0.059999999,-6.590000153,2.140000105,0.079999998,-0.02,-0.639999986,-13
102.53,6806,-6225,6739,-6181,-0.699999988,-7.28000021,1.960000038,0.059999999,-0.01,-0.620000005,-13
102.54,6749,-6170,6737,-6201,0,-6.579999924,1.360000014,-0.050000001,0.029999999,-0.610000014,-13
102.55,6758,-6178,6738,-6178,-1.600000024,-6.730000019,-0.310000002,-0.079999998,0.039999999,-0.589999974,-13
102.56,6806,-6223,6725,-6153,-0.289999992,-5.949999809,-0.819999993,-0.07,0.07,-0.579999983,-13
102.57,6846,-6218,6708,-6138,-1.519999981,-5.650000095,-0.259999991,0.07,0.039999999,-0.579999983,-13
102.58,6792,-6230,6670,-6100,-0.850000024,-3.549999952,-1.789999962,0.119999997,0,-0.600000024,-12
102.59,6800,-6194,6700,-6058,-2.00999999,-3.24000001,-3.440000057,0.189999998,-0.02,-0.629999995,-12
102.6,6819,-6175,6729,-6122,-0.970000029,-2.460000038,-3.779999971,0.209999993,-0.050000001,-0.670000017,-12
102.61,6789,-6198,6690,-6227,-3.140000105,-9.020000458,1.269999981,0.039999999,-0.079999998,-0.660000026,-12
102.62,6777,-6197,6650,-6160,0.319999993,-7.460000038,3.670000076,-0.039999999,-0.059999999,-0.639999986,-12
102.63,6747,-6226,6653,-6118,-1.360000014,-10.60000038,2.619999886,-0.25,-0.059999999,-0.600000024,-12
102.64,6759,-6170,6654,-6100,-0.349999994,-4.349999905,1.149999976,-0.150000006,-0.050000001,-0.579999983,-12
102.65,6736,-6145,6635,-6109,-1.570000052,-6.880000114,1.179999948,-0.209999993,-0.029999999,-0.560000002,-12
102.66,6648,-6156,6635,-6098,-0.769999981,-5.230000019,-0.860000014,-0.059999999,0,-0.540000022,-12
102.67,6694,-6120,6607,-6096,-1.179999948,-6.949999809,1.860000014,0.02,0,-0.529999971,-12
102.68,6650,-6121,6492,-6083,-1.470000029,-4.420000076,-1.679999948,0.039999999,0,-0.519999981,-12
102.69,6662,-6125,6646,-6068,-0.680000007,-5.650000095,-2.230000019,0,-0.029999999,-0.519999981,-12
102.7,6682,-6115,6630,-6052,-2.359999895,-6.019999981,-1.080000043,-0.01,-0.02,-0.519999981,-12
102.71,6630,-6099,6535,-6039,-0.779999971,-5.880000114,-0.300000012,0.039999999,0,-0.519999981,-12
102.72,6618,-6093,6570,-6052,-0.340000004,-5.159999847,1.360000014,0.07,0,-0.519999981,-12
102.73,6602,-6053,6537,-6062,-1.789999962,-5.389999866,0.360000014,0.119999997,0.01,-0.529999971,-12
102.74,6595,-6089,6496,-6061,-1.450000048,-6.139999866,1.210000038,0.07,0.029999999,-0.529999971,-12
102.75,6596,-6104,6490,-6087,-0.670000017,-6.46999979,2.039999962,0.01,0.07,-0.519999981,-12
102.76,6569,-6071,6457,-6053,-1.720000029,-7.119999886,0.819999993,-0.059999999,0.039999999,-0.5,-12
102.77,6562,-6054,6474,-6022,-0.680000007,-4.789999962,0.039999999,-0.07,0.079999998,-0.5,-12
102.78,6573,-6072,6477,-5996,-1.370000005,-4.010000229,-1.110000014,-0.07,0.050000001,-0.5,-12
102.79,6510,-6048,6483,-5964,-1.639999986,-3.230000019,-0.819999993,-0.02,0.079999998,-0.519999981,-12
102.8,6555,-6005,6468,-5965,-0.75,-4.679999828,-1.029999971,0,0.07,-0.519999981,-12
102.81,6541,-6011,6448,-5963,-1.850000024,-4.059999943,-1.620000005,0.029999999,0.050000001,-0.519999981,-12
102.82,6521,-5975,6492,-5942,-0.879999995,-4.380000114,-0.610000014,0.050000001,0.050000001,-0.540000022,-12
102.83,6557,-5975,6460,-5936,-1.669999957,-4.809999943,-1.129999995,-0.01,0.039999999,-0.540000022,-12
102.84,6528,-6001,6439,-5924,-0.360000014,-4.630000114,-0.300000012,0,0.050000001,-0.550000012,-12
102.85,6487,-5985,6439,-5915,-1.539999962,-5.510000229,-0.389999986,-0.100000002,0.02,-0.550000012,-12
102.86,6512,-5961,6431,-5906,-1.110000014,-5.559999943,-0.899999976,-0.07,0.059999999,-0.550000012,-12
102.87,6527,-5957,6432,-5896,-0.720000029,-4.110000134,0.079999998,-0.050000001,0.039999999,-0.550000012,-12
102.88,6504,-5943,6403,-5870,-1.649999976,-3.609999895,-1.129999995,0,0.039999999,-0.560000002,-12
102.89,6505,-5933,6386,-5913,-1.710000038,-3.859999895,-1.909999967,0.01,0.050000001,-0.569999993,-12
102.9,6497,-5956,6430,-5889,-0.579999983,-5.389999866,-0.819999993,0,0.02,-0.569999993,-12
102.91,6466,-5893,6405,-5874,-1.370000005,-5.329999924,-0.550000012,0.129999995,0.029999999,-0.569999993,-12
102.92,6421,-5821,6358,-5889,-0.529999971,-7.010000229,-0.379999995,0.050000001,0.029999999,-0.560000002,-12
102.93,6449,-5983,6364,-5868,-1.379999995,-5.429999828,0.039999999,0.100000002,0.079999998,-0.540000022,-12
102.94,6428,-5928,6365,-5851,-0.759999991,-7.179999828,0.829999983,0,0.050000001,-0.529999971,-12
102.95,6449,-5901,6354,-5901,-1.879999995,-6.300000191,2,-0.07,0.039999999,-0.519999981,-12
102.96,6435,-5917,6339,-5871,-0.439999998,-7.760000229,0.720000029,-0.189999998,0.02,-0.5,-12
102.97,6426,-5882,6335,-5826,-1.269999981,-4.550000191,0.259999991,-0.140000001,0.01,-0.5,-12
102.98,6325,-5879,6330,-5817,-0.879999995,-4.369999886,-1.279999971,-0.159999996,0.02,-0.509999991,-12
102.99,6474,-5892,6318,-5793,-1,-3.200000048,-0.889999986,-0.090000004,0.02,-0.509999991,-12
103,6526,-5848,6286,-5800,-2.440000057,-4.800000191,-1.399999976,0.079999998,0,-0.509999991,-12
103.01,6408,-5850,6316,-5820,-1.129999995,-4.03000021,-1.129999995,0.159999996,0.01,-0.529999971,-12
103.02,6311,-5894,6278,-5813,-0.980000019,-5.03000021,-0.419999987,0.25,-0.029999999,-0.540000022,-12
103.03,6439,-5863,6271,-5843,-2.400000095,-5.699999809,-0.079999998,0.170000002,-0.079999998,-0.550000012,-12
103.04,6350,-5878,6282,-5851,-0.379999995,-6.909999847,1.309999943,0.02,-0.090000004,-0.540000022,-12
103.05,6330,-5872,6264,-5835,-1.940000057,-6.349999905,-0.090000004,-0.050000001,-0.090000004,-0.529999971,-12
103.06,6357,-5855,6260,-5824,-0.790000022,-6.019999981,1.200000048,-0.159999996,-0.050000001,-0.509999991,-12
103.07,6338,-5838,6280,-5780,-0.519999981,-5.150000095,-0.059999999,-0.059999999,-0.090000004,-0.5,-12
103.08,6360,-5815,6288,-5785,-0.99000001,-3.75,-0.189999998,-0.059999999,-0.090000004,-0.5,-12
103.09,6354,-5777,6269,-5700,-2.00999999,-3.970000029,-1.129999995,0,-0.090000004,-0.49000001,-12
103.1,6318,-5761,6277,-5748,-0.850000024,-1.769999981,-1.25,0.180000007,-0.039999999,-0.509999991,-12
103.11,6303,-5766,6219,-5793,-1.480000019,-6.360000134,1.230000019,0.189999998,-0.07,-0.519999981,-12
103.12,6284,-5784,6204,-5729,-0.939999998,-5.460000038,1.850000024,0.170000002,-0.059999999,-0.529999971,-12
103.13,6282,-5794,6184,-5742,-0.899999976,-6.980000019,2.430000067,-0.02,-0.039999999,-0.519999981,-12
103.14,6282,-5782,6087,-5745,-1.309999943,-5.550000191,-0.200000003,-0.119999997,-0.01,-0.509999991,-12
103.15,6272,-5750,6209,-5720,-0.25,-5.25,-0.100000002,-0.189999998,0,-0.5,-12
103.16,6276,-5721,6225,-5702,-1.820000052,-4.429999828,-1.120000005,-0.159999996,-0.01,-0.5,-12
103.17,6241,-5720,6109,-5709,-0.180000007,-3.829999924,0.75,0.059999999,0.029999999,-0.49000001,-12
103.18,6203,-5695,6141,-5711,-1.50999999,-2.819999933,1.039999962,0.109999999,0.02,-0.5,-12
103.19,6215,-5697,6168,-5696,-0.639999986,-5.400000095,-0.409999996,0.270000011,0.050000001,-0.509999991,-12
103.2,6192,-5705,6100,-5690,-1.549999952,-4.989999771,1.840000033,0.180000007,0.039999999,-0.509999991,-12
103.21,6197,-5731,6118,-5675,-0.389999986,-6.559999943,-0.370000005,0.109999999,0.059999999,-0.509999991,-12
103.22,6217,-5685,6130,-5639,-1.649999976,-5.710000038,1.419999957,-0.07,0.039999999,-0.509999991,-12
103.23,6187,-5678,6116,-5628,-0.540000022,-5.260000229,0,-0.140000001,0.059999999,-0.509999991,-12
103.24,6202,-5659,6112,-5621,-1.220000029,-3.910000086,-0.07,-0.200000003,0.050000001,-0.519999981,-12
103.25,6207,-5622,6106,-5587,-0.870000005,-2.589999914,-0.649999976,-0.109999999,0.050000001,-0.529999971,-12
103.26,6220,-5621,6116,-5565,-1.940000057,-3.029999971,-1.710000038,-0.039999999,0.050000001,-0.540000022,-12
103.27,6192,-5629,6108,-5559,-0.430000007,-3.410000086,-0.170000002,0.07,0.039999999,-0.560000002,-12
103.28,6191,-5623,6076,-5550,-1.360000014,-4.519999981,-0.680000007,0.109999999,0,-0.579999983,-12
103.29,6191,-5603,6064,-5558,-1.929999948,-4.78000021,-0.419999987,0.07,0.039999999,-0.579999983,-12
103.3,6163,-5613,6082,-5555,-0.289999992,-5.679999828,0.5,0.02,0.02,-0.579999983,-12
103.31,6144,-5598,6068,-5552,-1.100000024,-5.300000191,0.439999998,0.050000001,0.01,-0.589999974,-12
103.32,6142,-5601,6054,-5563,-1.49000001,-5.980000019,-0.340000004,-0.01,0.02,-0.579999983,-12
103.33,6136,-5605,6077,-5563,-0.170000002,-5.179999828,-0.109999999,-0.059999999,0,-0.579999983,-12
103.34,6155,-5574,6063,-5543,-1.100000024,-4.989999771,-0.529999971,-0.01,0,-0.579999983,-12
103.35,6158,-5543,6091,-5522,-1.269999981,-4.409999847,-0.579999983,-0.07,0.01,-0.579999983,-12
103.36,6133,-5587,6075,-5501,-0.810000002,-5.679999828,-0.280000001,0,0.01,-0.579999983,-12
103.37,6117,-5555,6043,-5485,-0.680000007,-4.710000038,0.779999971,0.01,0,-0.579999983,-12
103.38,6088,-5531,6035,-5482,-1.210000038,-5.730000019,-0.449999988,0.029999999,0.01,-0.579999983,-12
103.39,6100,-5533,6020,-5493,-1.019999981,-5.46999979,0.150000006,0,0.02,-0.569999993,-12
103.4,6156,-5472,5986,-5475,-0.389999986,-5.360000134,-0.259999991,0.059999999,0,-0.569999993,-12
103.41,6087,-5523,5985,-5460,-1.730000019,-5.659999847,-1.25999999,0.039999999,0.01,-0.560000002,-12
103.42,6019,-5594,5984,-5462,-1.230000019,-4.28000021,0.409999996,0.059999999,0.02,-0.560000002,-12
103.43,6057,-5581,5957,-5458,-0.839999974,-5.590000153,0.800000012,-0.059999999,-0.02,-0.569999993,-12
103.44,6137,-5534,5936,-5471,-2.230000019,-6.28000021,0.899999976,-0.119999997,0,-0.550000012,-12
103.45,6031,-5531,5984,-5453,0.129999995,-4.980000019,0.610000014,-0.100000002,-0.029999999,-0.540000022,-12
103.46,5991,-5525,5985,-5466,-1.24000001,-4.190000057,-0.140000001,-0.07,-0.050000001,-0.550000012,-12
103.47,6041,-5486,5948,-5458,-1.320000052,-4.190000057,-1.870000005,0.029999999,-0.039999999,-0.550000012,-12
103.48,6050,-5488,5955,-5471,-0.819999993,-4.289999962,-0.479999989,0.039999999,-0.039999999,-0.550000012,-12
103.49,6028,-5507,5966,-5468,-0.07,-6.03000021,-0.090000004,0.109999999,-0.039999999,-0.540000022,-12
103.5,5984,-5463,5932,-5466,-2.49000001,-6.079999924,0.699999988,0.050000001,-0.050000001,-0.529999971,-12
103.51,5977,-5491,5910,-5448,0.839999974,-6.260000229,0.810000002,0.039999999,0,-0.519999981,-12
103.52,5958,-5486,5882,-5443,-1.190000057,-5.570000172,0.910000026,0.02,-0.039999999,-0.5,-12
103.53,5953,-5474,5877,-5428,-0.920000017,-5.840000153,0.790000022,-0.059999999,0,-0.49000001,-12
103.54,5953,-5454,5843,-5441,-0.230000004,-4.920000076,1.139999986,-0.059999999,0.01,-0.479999989,-12
103.55,5937,-5439,5834,-5427,-1.159999967,-4.519999981,-0.670000017,-0.01,0.02,-0.469999999,-12
103.56,5923,-5451,5830,-5402,-0.949999988,-4.230000019,-0.239999995,-0.029999999,0.039999999,-0.460000008,-12
103.57,5933,-5445,5846,-5376,-0.74000001,-3.690000057,-0.119999997,0.039999999,0.029999999,-0.460000008,-11
103.58,5902,-5450,5823,-5344,-1.539999962,-3.269999981,-0.230000004,0.079999998,0.050000001,-0.469999999,-11
103.59,5872,-5450,5760,-5341,-0.319999993,-2.599999905,-1.659999967,0.180000007,0.059999999,-0.479999989,-10
103.6,5901,-5415,5820,-5418,-0.930000007,-2.869999886,-1.919999957,0.129999995,0.02,-0.5,-10
103.61,5871,-5447,5874,-5417,-1.559999943,-5.659999847,0.600000024,0.059999999,0.029999999,-0.49000001,-9
103.62,5828,-5456,5773,-5384,0.170000002,-5.170000076,2.029999971,-0.02,0.029999999,-0.469999999,-8
103.63,5888,-5434,5746,-5445,-1.309999943,-5.170000076,1.99000001,-0.170000002,0.079999998,-0.449999988,-8
103.64,5842,-5420,5764,-5395,-0.430000007,-4.679999828,0.680000007,-0.189999998,0.090000004,-0.419999987,-8
103.65,5806,-5429,5786,-5379,-0.550000012,-2.940000057,-0.879999995,-0.07,0.109999999,-0.400000006,-8
103.66,5815,-5416,5714,-5362,-0.219999999,-3.309999943,-1.779999971,-0.029999999,0.07,-0.389999986,-8
103.67,5829,-5404,5715,-5335,-1.659999967,-2.849999905,-1.970000029,0.119999997,0.079999998,-0.389999986,-8
103.68,5797,-5405,5739,-5354,-0.469999999,-3.140000105,-1.159999967,0.119999997,0.090000004,-0.379999995,-8
103.69,5772,-5419,5669,-5355,-0.970000029,-4.050000191,-0.970000029,0.170000002,0.050000001,-0.379999995,-7
103.7,5804,-5412,5673,-5358,-1.220000029,-3.450000048,-0.629999995,0.090000004,0.039999999,-0.370000005,-7
103.71,5776,-5402,5710,-5358,-0.689999998,-4.090000153,-1.00999999,0.039999999,0.02,-0.370000005,-6
103.72,5762,-5444,5673,-5363,-1.149999976,-3.369999886,-0.589999974,0,0,-0.370000005,-5
103.73,5747,-5424,5661,-5359,-1.210000038,-3.289999962,0.400000006,-0.029999999,-0.02,-0.349999994,-5
103.74,5742,-5413,5666,-5364,-0.829999983,-3.460000038,0.180000007,-0.02,-0.01,-0.330000013,-5
103.75,5713,-5424,5651,-5377,-0.5,-2.609999895,0.610000014,0.039999999,-0.02,-0.319999993,-5
103.76,5730,-5407,5636,-5396,-1.169999957,-3.200000048,0.300000012,0.02,-0.039999999,-0.300000012,-5
103.77,5715,-5422,5631,-5383,-0.610000014,-3.150000095,0.189999998,0.01,-0.02,-0.289999992,-5
103.78,5687,-5420,5634,-5404,-0.509999991,-3.200000048,-0.439999998,0.039999999,-0.039999999,-0.270000011,-5
103.79,5692,-5431,5614,-5411,-1.590000033,-2.720000029,0.319999993,0.01,-0.02,-0.259999991,-5
103.8,5674,-5419,5629,-5408,-0.180000007,-3.059999943,-0.189999998,0,-0.01,-0.239999995,-5
103.81,5702,-5420,5671,-5418,-0.620000005,-2.380000114,-0.349999994,0.01,-0.02,-0.239999995,-5
103.82,5742,-5456,5656,-5462,-0.140000001,-2.549999952,-0.050000001,0.029999999,-0.02,-0.230000004,-5
103.83,5719,-5472,5546,-5415,-1.00999999,-2,0.059999999,0,-0.02,-0.230000004,-5
103.84,5626,-5410,5560,-5349,0.170000002,-1.830000043,-0.409999996,0.01,0,-0.230000004,-4
103.85,5666,-5411,5575,-5386,-0.860000014,-1.970000029,0,-0.02,0,-0.230000004,-4
103.86,5663,-5373,5538,-5392,0.449999988,-2.190000057,0.159999996,0.01,-0.01,-0.230000004,-4
103.87,5627,-5404,5588,-5355,-0.25,-1.679999948,0.039999999,0,-0.02,-0.230000004,-4
103.88,5610,-5393,5566,-5364,0.720000029,-1.889999986,-0.819999993,-0.01,0.01,-0.230000004,-4
103.89,5524,-5300,5558,-5356,-0.439999998,-1.24000001,0.300000012,0.01,0.01,-0.239999995,-4
103.9,5549,-5368,5606,-5351,2.289999962,-1.679999948,-0.889999986,0.02,0.07,-0.230000004,-4
103.91,5711,-5433,5544,-5358,-3.650000095,-1.820000052,-0.469999999,-0.039999999,0.100000002,-0.230000004,-3
103.92,5637,-5403,5595,-5363,1.450000048,-1.090000033,-0.469999999,0.029999999,0.150000006,-0.219999999,-3
103.93,5593,-5411,5604,-5374,-0.850000024,-2.269999981,1.809999943,-0.02,0.059999999,-0.209999993,-3
103.94,5650,-5404,5579,-5379,-0.400000006,-0.980000019,-1.230000019,0.100000002,0.07,-0.219999999,-2
103.95,5635,-5404,5589,-5381,-0.899999976,-2.289999962,0.259999991,-0.050000001,0,-0.209999993,-2
103.96,5614,-5386,5548,-5394,0.039999999,-0.430000007,-1.840000033,0.07,0.050000001,-0.209999993,-2
103.97,5670,-5453,5536,-5392,-1.129999995,-2.769999981,0.629999995,0,0,-0.189999998,-2
103.98,5617,-5441,5537,-5380,0.769999981,-1.450000048,2.289999962,0.079999998,0.01,-0.189999998,-2
103.99,5606,-5418,5544,-5409,0.360000014,-2.650000095,1.950000048,0.039999999,-0.059999999,-0.180000007,-2
104,5648,-5475,5536,-5430,0.059999999,-1.149999976,1.00999999,0,-0.029999999,-0.170000002,-2
104.01,5614,-5424,5531,-5439,1.360000014,-2.210000038,0.800000012,-0.029999999,-0.059999999,-0.159999996,-2
104.02,5607,-5464,5586,-5428,0.100000002,-1.360000014,-0.159999996,-0.02,-0.050000001,-0.150000006,-2
104.03,5611,-5455,5574,-5441,1.99000001,-1.480000019,0.949999988,0.01,-0.029999999,-0.150000006,-1
104.04,5602,-5437,5574,-5444,-0.810000002,-0.07,-0.730000019,0.02,-0.079999998,-0.150000006,-1
104.05,5628,-5472,5592,-5454,0.649999976,-1.529999971,-0.409999996,-0.02,-0.01,-0.129999995,-1
104.06,5625,-5458,5573,-5457,1.340000033,-0.709999979,-0.029999999,0.029999999,-0.079999998,-0.129999995,-1
104.07,5663,-5474,5589,-5496,-0.200000003,-2.279999971,-1.940000057,-0.02,-0.059999999,-0.119999997,-1
104.08,5635,-5498,5603,-5469,1.620000005,-0.870000005,-2.769999981,-0.07,-0.079999998,-0.119999997,-1
104.09,5644,-5480,5648,-5493,1.120000005,-0.49000001,-5.96999979,-0.02,-0.129999995,-0.119999997,-1
104.1,5678,-5487,5614,-5522,-1.429999948,-1.25,-1.210000038,-0.039999999,-0.119999997,-0.119999997,-1
104.11,5638,-5487,5576,-5493,2.819999933,-0.400000006,1.649999976,0.059999999,-0.079999998,-0.129999995,-1
104.12,5645,-5506,5581,-5516,-1.24000001,-1.25999999,3.059999943,0.02,-0.07,-0.119999997,-2
104.13,5650,-5478,5532,-5478,1.620000005,-1.399999976,2.210000038,0.039999999,-0.02,-0.119999997,-1
104.14,5626,-5482,5557,-5473,1.080000043,-1.870000005,3.039999962,0.029999999,-0.029999999,-0.119999997,-1
104.15,5636,-5456,5570,-5457,-0.400000006,-1.970000029,1.600000024,-0.050000001,0.029999999,-0.109999999,-1
104.16,5620,-5470,5558,-5488,2.380000114,-0.99000001,1.309999943,0.029999999,0.079999998,-0.109999999,-1
104.17,5616,-5483,5583,-5457,-0.519999981,-1.529999971,0.899999976,-0.01,0.079999998,-0.109999999,-1
104.18,5634,-5484,5605,-5461,1.200000048,-0.759999991,0.180000007,-0.01,0.140000001,-0.119999997,-1
104.19,5616,-5484,5607,-5482,0.600000024,-0.300000012,0.720000029,0,0.109999999,-0.129999995,-1
104.2,5671,-5479,5613,-5455,-0.340000004,-1.25,-0.090000004,-0.039999999,0.109999999,-0.129999995,-1
104.21,5688,-5512,5619,-5472,0.980000019,-0.620000005,0.259999991,-0.02,0.119999997,-0.140000001,-1
104.22,5690,-5519,5668,-5508,0.419999987,-1.070000052,-1.580000043,0,0.07,-0.140000001,-1
104.23,5735,-5519,5669,-5484,-0.180000007,0.039999999,-0.920000017,0.02,0.050000001,-0.150000006,-1
104.24,5694,-5523,5694,-5533,2.119999886,-0.49000001,-1.460000038,0.050000001,0.02,-0.159999996,-1
104.25,5727,-5530,5679,-5536,-1.620000005,-0.939999998,-1.710000038,0.039999999,-0.02,-0.170000002,-1
104.26,5758,-5548,5652,-5517,1.059999943,-0.949999988,-1.169999957,0.029999999,0,-0.170000002,-1
104.27,5729,-5557,5653,-5530,0.129999995,-1.559999943,0.150000006,0.07,-0.079999998,-0.170000002,-1
104.28,5736,-5553,5636,-5505,-0.330000013,-1.610000014,0.330000013,0.01,-0.059999999,-0.159999996,-1
104.29,5742,-5562,5629,-5524,1.580000043,-2.109999895,1.179999948,-0.02,-0.079999998,-0.159999996,-1
104.3,5722,-5542,5648,-5523,0.370000005,-2.059999943,0.759999991,-0.029999999,-0.079999998,-0.150000006,-1
104.31,5704,-5563,5650,-5546,1.370000005,-2.210000038,0.930000007,-0.059999999,-0.050000001,-0.140000001,-1
104.32,5730,-5545,5662,-5542,1.370000005,-2.210000038,0.930000007,-0.059999999,-0.050000001,-0.140000001,-1
104.33,5711,-5561,5683,-5545,0.610000014,-1.25,-0.349999994,0,-0.02,-0.129999995,-1
104.34,5631,-5557,5685,-5540,1.690000057,-0.689999998,-0.560000002,0.050000001,0,-0.140000001,-1
104.35,5695,-5527,5689,-5547,1.690000057,-0.689999998,-0.560000002,0.059999999,0.01,-0.140000001,-1
104.36,5780,-5576,5646,-5551,0.349999994,-2.569999933,-1.080000043,0.059999999,0.059999999,-0.129999995,-1
104.37,5706,-5618,5680,-5568,-0.819999993,-0.680000007,1.450000048,0.059999999,0.059999999,-0.129999995,-1
104.38,5815,-5601,5716,-5602,1.100000024,-1.610000014,0.870000005,0.01,0.01,-0.129999995,-1
104.39,5762,-5619,5713,-5604,-0.419999987,-1.929999948,0.400000006,-0.039999999,-0.050000001,-0.129999995,-1
104.4,5749,-5606,5740,-5614,1.24000001,-1.49000001,-0.200000003,-0.059999999,-0.100000002,-0.129999995,-1
104.41,5812,-5633,5677,-5603,1.24000001,-1.49000001,-0.200000003,-0.150000006,-0.079999998,-0.129999995,-1
104.42,5780,-5615,5717,-5596,0.479999989,-0.109999999,-1.399999976,-0.02,-0.079999998,-0.129999995,-1
104.43,5780,-5591,5717,-5598,-0.140000001,-0.670000017,1.629999995,0.01,-0.109999999,-0.140000001,-1
104.44,5803,-5608,5698,-5601,-0.5,-0.409999996,0.400000006,0.02,-0.07,-0.150000006,-1
104.45,5766,-5573,5740,-5573,-0.5,-0.409999996,0.400000006,0.109999999,-0.100000002,-0.140000001,-1
104.46,5757,-5594,5704,-5605,-0.769999981,-1.980000019,2.549999952,0.029999999,-0.079999998,-0.150000006,-1
104.47,5781,-5610,5670,-5592,2.180000067,-2.289999962,0.479999989,0.050000001,-0.059999999,-0.150000006,-1
104.48,5767,-5615,5747,-5589,-0.430000007,-1.610000014,1.279999971,0,-0.100000002,-0.150000006,-1
104.49,5789,-5604,5735,-5589,-0.430000007,-1.610000014,1.279999971,-0.059999999,-0.039999999,-0.150000006,-1
104.5,5828,-5611,5724,-5600,1.929999948,-1.429999948,0.610000014,-0.050000001,-0.090000004,-0.150000006,-1
104.51,5779,-5604,5733,-5613,-1.25,-1.909999967,-1.370000005,-0.109999999,-0.059999999,-0.150000006,-1
104.52,5816,-5602,5686,-5636,2.220000029,-0.660000026,-2.210000038,-0.090000004,-0.059999999,-0.150000006,-1
104.53,5813,-5617,5792,-5594,-0.449999988,0.550000012,-2.539999962,0.01,-0.119999997,-0.159999996,-1
104.54,5794,-5593,5842,-5597,-1.080000043,-0.170000002,-5.380000114,0.039999999,-0.059999999,-0.170000002,-1
104.55,5815,-5591,5702,-5644,1.840000033,0.01,3.150000095,0.289999992,-0.090000004,-0.189999998,-1
104.56,5795,-5601,5788,-5608,0.430000007,-2.690000057,6.070000172,0.189999998,-0.029999999,-0.200000003,-1
104.57,5755,-5618,5736,-5631,0.01,-3.390000105,4.690000057,0,0.02,-0.180000007,-1
104.58,5773,-5584,5697,-5586,1.629999995,-2.059999943,4.019999981,0.029999999,0.059999999,-0.180000007,-1
104.59,5760,-5589,5693,-5568,1.629999995,-2.059999943,4.019999981,-0.319999993,0.109999999,-0.159999996,-1
104.6,5754,-5568,5707,-5601,1.200000048,-1.399999976,-0.439999998,-0.140000001,0.159999996,-0.140000001,-1
104.61,5769,-5570,5711,-5570,-0.349999994,-0.980000019,-0.189999998,-0.129999995,0.119999997,-0.140000001,-1
104.62,5772,-5587,5728,-5568,-0.079999998,-0.180000007,-1.970000029,0,0.150000006,-0.150000006,-1
104.63,5814,-5592,5736,-5571,0.419999987,-0.150000006,-1.450000048,0.100000002,0.109999999,-0.150000006,-1
104.64,5811,-5586,5738,-5566,-0.759999991,-1.24000001,-1.070000052,0.170000002,0.090000004,-0.170000002,-1
104.65,5812,-5597,5741,-5579,0.340000004,-1.950000048,-0.800000012,0.129999995,0.059999999,-0.170000002,-1
104.66,5836,-5648,5780,-5599,-0.600000024,-1.470000029,-0.460000008,0.090000004,0.039999999,-0.180000007,-1
104.67,5799,-5635,5748,-5611,-0.300000012,-2.660000086,-0.409999996,0.090000004,0.039999999,-0.180000007,-1
104.68,5850,-5612,5761,-5632,0.349999994,-1.389999986,0.25,-0.050000001,0,-0.180000007,-1
104.69,5846,-5626,5751,-5636,-0.140000001,-2.549999952,-1.419999957,-0.100000002,-0.01,-0.170000002,-1
104.7,5822,-5615,5745,-5616,-0.529999971,-1.559999943,-0.550000012,-0.079999998,-0.029999999,-0.170000002,-1
104.71,5841,-5599,5738,-5621,0.129999995,-1.090000033,-1.580000043,0,-0.01,-0.170000002,-1
104.72,5822,-5643,5741,-5612,0.680000007,-1.139999986,-0.400000006,0.059999999,-0.02,-0.170000002,-1
104.73,5839,-5609,5733,-5617,-0.090000004,-1.730000019,0.709999979,0.109999999,-0.029999999,-0.180000007,-1
104.74,5795,-5604,5737,-5607,0.680000007,-2.099999905,-0.519999981,0.029999999,-0.01,-0.180000007,-1
104.75,5805,-5631,5746,-5622,0.349999994,-2.390000105,0.310000002,0.02,0,-0.170000002,-1
104.76,5799,-5605,5723,-5615,0.289999992,-2.089999914,0.680000007,-0.029999999,0,-0.170000002,-1
104.77,5783,-5617,5725,-5593,0.270000011,-1.899999976,-0.150000006,-0.029999999,0,-0.170000002,-1
104.78,5852,-5618,5787,-5611,0.769999981,-1.559999943,-0.400000006,-0.100000002,0,-0.170000002,-1
104.79,5811,-5612,5745,-5596,-0.550000012,-1.029999971,-1.570000052,-0.039999999,0,-0.170000002,-1
104.8,5830,-5611,5785,-5584,1,-1.230000019,-1.129999995,-0.050000001,0.02,-0.170000002,-1
104.81,5838,-5601,5782,-5607,0.140000001,-1.149999976,0.340000004,0.02,0.01,-0.180000007,-1
104.82,5830,-5628,5785,-5603,0.050000001,-1.309999943,-0.409999996,0.039999999,0.01,-0.189999998,-1
104.83,5839,-5606,5814,-5614,0.629999995,-1.600000024,0.620000005,0.059999999,0.02,-0.189999998,-1
104.84,5857,-5618,5778,-5635,-0.150000006,-1.330000043,-0.109999999,0.079999998,0.02,-0.200000003,-1
104.85,5838,-5636,5790,-5625,0.579999983,-2,0.589999974,0.050000001,0.01,-0.200000003,-1
104.86,5837,-5614,5794,-5616,-0.930000007,-1.74000001,-0.430000007,0,0.01,-0.209999993,-1
104.87,5864,-5649,5781,-5604,0.170000002,-1.50999999,-0.689999998,-0.01,0.029999999,-0.209999993,-1
104.88,5844,-5626,5802,-5611,-0.270000011,-1.610000014,0.980000019,0,0,-0.209999993,-1
104.89,5842,-5617,5765,-5579,-0.270000011,-1.610000014,0.980000019,-0.029999999,-0.01,-0.209999993,-1
104.9,5858,-5624,5787,-5610,0.449999988,-1.559999943,0.610000014,0,-0.02,-0.219999999,-1
104.91,5853,-5604,5805,-5600,-0.330000013,-2.24000001,-0.230000004,0.02,-0.039999999,-0.219999999,-1
104.92,5880,-5614,5794,-5596,0.460000008,-1.659999967,0.660000026,0.039999999,-0.029999999,-0.230000004,-1
104.93,5897,-5610,5809,-5603,0.230000004,-2.099999905,0.680000007,0,-0.039999999,-0.230000004,-1
104.94,5855,-5598,5818,-5602,-0.360000014,-2.089999914,0.02,-0.029999999,-0.039999999,-0.230000004,-2
104.95,5884,-5636,5835,-5602,0.439999998,-2.769999981,1.230000019,-0.079999998,-0.029999999,-0.230000004,-2
104.96,5920,-5590,5818,-5601,-0.540000022,-2.569999933,1.149999976,-0.059999999,-0.02,-0.230000004,-2
104.97,5886,-5604,5827,-5597,0.159999996,-2.319999933,0.270000011,-0.079999998,0,-0.239999995,-2
104.98,5918,-5599,5817,-5622,0.349999994,-1.480000019,-0.850000024,-0.059999999,-0.02,-0.25,-2
104.99,5920,-5585,5850,-5609,0.349999994,-1.480000019,-0.850000024,-0.02,-0.039999999,-0.270000011,-3
105,5900,-5555,5806,-5583,-0.170000002,-2.769999981,0.02,-0.07,-0.02,-0.280000001,-4
105.01,5915,-5553,5815,-5573,0.730000019,-1.820000052,-0.980000019,0.050000001,0,-0.310000002,-5
105.02,5922,-5540,5855,-5540,-0.759999991,-3.079999924,-0.259999991,-0.02,-0.02,-0.330000013,-6
105.03,5902,-5537,5841,-5523,-0.039999999,-2.839999914,0.259999991,0,0.039999999,-0.370000005,-7
105.04,5900,-5487,5840,-5499,1.350000024,-3.819999933,1.070000052,-0.039999999,0.039999999,-0.389999986,-7
105.05,5904,-5470,5855,-5503,1.350000024,-3.819999933,1.070000052,-0.029999999,0.050000001,-0.409999996,-8
105.06,5961,-5468,5875,-5472,0.219999999,-3.599999905,-0.239999995,-0.07,0.07,-0.439999998,-9
105.07,5974,-5477,5917,-5450,-0.970000029,-2.930000067,0.270000011,-0.07,0.07,-0.439999998,-9
105.08,5999,-5432,5874,-5415,-0.5,-3.420000076,0.029999999,-0.039999999,0.07,-0.5,-9
105.09,6008,-5429,5920,-5398,-0.5,-3.420000076,0.029999999,-0.02,0.079999998,-0.540000022,-10
105.1,5988,-5411,5929,-5381,-1.129999995,-4.630000114,-0.259999991,0,0.050000001,-0.560000002,-10
105.11,6013,-5436,5944,-5391,-1.129999995,-4.630000114,-0.259999991,0.02,0.059999999,-0.600000024,-10
105.12,6025,-5410,5966,-5373,-1.50999999,-4.21999979,-0.140000001,-0.039999999,0.050000001,-0.620000005,-10
105.13,6016,-5399,5955,-5384,0.079999998,-4.369999886,0.400000006,-0.02,0.029999999,-0.639999986,-10
105.14,6040,-5397,5924,-5385,-0.5,-5.429999828,0.300000012,0,0.02,-0.660000026,-10
105.15,6030,-5368,5936,-5362,-1.159999967,-5.809999943,-0.419999987,-0.059999999,0.02,-0.660000026,-10
105.16,6001,-5369,5952,-5344,0.720000029,-4.570000172,0.430000007,0.01,0.02,-0.670000017,-10
105.17,6024,-5398,5934,-5339,-0.649999976,-5.170000076,-0.930000007,0,0,-0.680000007,-10
105.18,5995,-5410,5949,-5330,-0.280000001,-5.599999905,0.340000004,-0.01,0.01,-0.689999998,-10
105.19,5988,-5402,5936,-5339,-0.280000001,-5.599999905,0.340000004,-0.059999999,-0.050000001,-0.689999998,-10
105.2,6093,-5390,5954,-5344,-1.110000014,-6.139999866,-0.689999998,-0.07,-0.029999999,-0.689999998,-11
105.21,6066,-5385,5933,-5335,-1.110000014,-6.139999866,-0.689999998,-0.079999998,-0.039999999,-0.689999998,-11
105.22,5997,-5333,5958,-5325,0.07,-4.539999962,-1.460000038,-0.02,-0.07,-0.699999988,-11
105.23,6017,-5355,5975,-5318,-0.419999987,-5.53000021,-1.549999952,-0.079999998,-0.050000001,-0.699999988,-12
105.24,5975,-5339,5961,-5315,0.419999987,-6.360000134,-0.340000004,-0.039999999,-0.039999999,-0.689999998,-12
105.25,5986,-5296,5947,-5315,1.289999962,-6.679999828,0.239999995,0.02,-0.029999999,-0.680000007,-13
105.26,5975,-5304,5924,-5323,-1.279999971,-6.599999905,-0.300000012,-0.02,0.01,-0.660000026,-14
105.27,5951,-5321,5909,-5305,0.389999986,-6.170000076,0.059999999,0,0.059999999,-0.660000026,-14
105.28,5961,-5335,5883,-5318,-0.819999993,-5.860000134,0.330000013,0.079999998,0.079999998,-0.660000026,-15
105.29,5968,-5281,5858,-5307,-0.819999993,-5.860000134,0.330000013,0.059999999,0.100000002,-0.660000026,-15
105.3,5909,-5261,5871,-5324,0.400000006,-5.179999828,-0.289999992,0.140000001,0.109999999,-0.649999976,-15
105.31,5907,-5273,5821,-5314,0.400000006,-5.179999828,-0.289999992,0.079999998,0.109999999,-0.639999986,-15
105.32,5943,-5301,5844,-5275,-1.139999986,-5.920000076,-0.469999999,0.059999999,0.140000001,-0.649999976,-15
105.33,5935,-5300,5866,-5259,-1.049999952,-7.329999924,0.159999996,0.01,0.119999997,-0.660000026,-15
105.34,5966,-5302,5874,-5232,-1.429999948,-6.75,0.620000005,-0.059999999,0.119999997,-0.680000007,-15
105.35,6004,-5301,5876,-5224,-0.370000005,-6.360000134,0.74000001,-0.079999998,0.100000002,-0.689999998,-15
105.36,5991,-5294,5865,-5222,-1.039999962,-5.28000021,-0.670000017,-0.090000004,0.07,-0.709999979,-15
105.37,5970,-5284,5927,-5240,-1.220000029,-5.170000076,0.150000006,-0.109999999,0.059999999,-0.709999979,-15
105.38,5978,-5279,5960,-5249,-1.220000029,-6.429999828,1.090000033,-0.050000001,0.059999999,-0.709999979,-15
105.39,5978,-5269,5833,-5236,-1.220000029,-6.429999828,1.090000033,0.029999999,0.050000001,-0.720000029,-15
105.4,5979,-5262,5871,-5216,-0.879999995,-5.78000021,-0.790000022,0.090000004,0.029999999,-0.709999979,-15
105.41,5960,-5293,5840,-5218,-0.889999986,-6.019999981,-1.690000057,0.059999999,0.02,-0.709999979,-15
105.42,5959,-5306,5798,-5222,0.280000001,-5.900000095,-0.409999996,0.059999999,-0.029999999,-0.699999988,-15
105.43,5948,-5305,5854,-5245,-1.059999943,-6.070000172,-1.809999943,0.039999999,-0.039999999,-0.689999998,-15
105.44,5920,-5301,5836,-5243,-0.709999979,-4.46999979,-0.980000019,0.029999999,-0.050000001,-0.689999998,-15
105.45,5904,-5290,5810,-5249,0.280000001,-5.460000038,-1.590000033,0.090000004,-0.059999999,-0.689999998,-15
105.46,5888,-5264,5824,-5265,-0.889999986,-5.46999979,0.029999999,0.090000004,-0.059999999,-0.680000007,-15
105.47,5893,-5245,5799,-5264,1.220000029,-6.010000229,0.330000013,0.140000001,-0.059999999,-0.670000017,-15
105.48,5917,-5232,5820,-5235,-1.019999981,-5.5,-0.289999992,0.07,-0.079999998,-0.660000026,-15
105.49,5924,-5251,5855,-5226,-1.019999981,-5.5,-0.289999992,0.090000004,-0.029999999,-0.670000017,-15
105.5,5916,-5298,5829,-5208,-0.550000012,-4.010000229,0.029999999,0.02,-0.07,-0.689999998,-15
105.51,5891,-5273,5811,-5209,-0.589999974,-7.150000095,0.029999999,-0.029999999,-0.059999999,-0.689999998,-15
105.52,5886,-5260,5852,-5209,-0.310000002,-5.630000114,2,-0.119999997,-0.039999999,-0.689999998,-15
105.53,5901,-5224,5821,-5202,-0.430000007,-6.869999886,0.620000005,-0.159999996,-0.039999999,-0.680000007,-15
105.54,5905,-5216,5828,-5199,-0.649999976,-4.820000172,0.980000019,-0.109999999,0,-0.680000007,-15
105.55,5864,-5206,5825,-5182,-0.649999976,-4.820000172,0.980000019,-0.07,0,-0.670000017,-15
105.56,5863,-5220,5786,-5155,-0.610000014,-5.320000172,1.480000019,0,0.02,-0.670000017,-15
105.57,5865,-5226,5748,-5155,-0.970000029,-6.019999981,1.909999967,0.02,0.050000001,-0.670000017,-15
105.58,5822,-5221,5773,-5164,0,-5.960000038,0.159999996,0.050000001,0.07,-0.670000017,-15
105.59,5815,-5209,5761,-5160,0,-5.960000038,0.159999996,0.090000004,0.059999999,-0.680000007,-15
105.6,5835,-5187,5763,-5147,-0.560000002,-4.650000095,-0.689999998,0.07,0.07,-0.699999988,-15
105.61,5842,-5182,5779,-5141,-0.479999989,-5.320000172,-0.569999993,0.07,0.050000001,-0.709999979,-15
105.62,5872,-5196,5763,-5156,-0.379999995,-4.900000095,-0.680000007,0.039999999,0.029999999,-0.720000029,-15
105.63,5901,-5200,5790,-5145,-0.829999983,-5.260000229,-1.75999999,0.01,0.02,-0.74000001,-15
105.64,5887,-5196,5789,-5141,-1.039999962,-3.930000067,-1.899999976,-0.050000001,0,-0.74000001,-15
105.65,5874,-5197,5797,-5100,0.699999988,-5.210000038,-2.309999943,-0.029999999,-0.02,-0.75,-15
105.66,5862,-5180,5828,-5086,-1.179999948,-4.789999962,-2.160000086,-0.059999999,-0.050000001,-0.75,-15
105.67,5858,-5150,5793,-5084,0.150000006,-6.079999924,-0.579999983,-0.059999999,-0.01,-0.75,-15
105.68,5843,-5144,5761,-5091,0.159999996,-6.369999886,0.330000013,-0.01,-0.02,-0.730000019,-15
105.69,5820,-5133,5772,-5119,0.159999996,-6.369999886,0.330000013,-0.079999998,-0.01,-0.709999979,-15
105.7,5842,-5124,5734,-5142,-0.330000013,-7.630000114,1.100000024,-0.050000001,0.01,-0.689999998,-15
105.71,5824,-5156,5718,-5125,-0.629999995,-6.070000172,2.369999886,-0.029999999,0.029999999,-0.680000007,-15
105.72,5790,-5180,5718,-5102,-0.720000029,-6.46999979,0.529999971,0,0.029999999,-0.670000017,-15
105.73,5736,-5169,5696,-5079,-0.259999991,-6.139999866,0.170000002,0.050000001,0.029999999,-0.670000017,-15
105.74,5745,-5153,5697,-5084,-0.730000019,-6.110000134,0.709999979,0.01,0.02,-0.670000017,-15
105.75,5784,-5135,5690,-5113,-0.730000019,-6.090000153,0.129999995,-0.01,0.050000001,-0.670000017,-15
105.76,5799,-5177,5674,-5141,-1.120000005,-6.659999847,1.860000014,-0.02,0.039999999,-0.670000017,-15
105.77,5811,-5195,5687,-5146,0.079999998,-7.619999886,1.350000024,-0.029999999,0.029999999,-0.660000026,-15
105.78,5796,-5199,5694,-5126,-1.029999971,-4.619999886,0.360000014,0.029999999,0.02,-0.660000026,-15
105.79,5777,-5190,5695,-5120,-1.029999971,-4.619999886,0.360000014,0.090000004,-0.01,-0.649999976,-15
105.8,5799,-5150,5697,-5131,-1.480000019,-4.079999924,-1.230000019,0.150000006,-0.01,-0.660000026,-15
105.81,5779,-5184,5694,-5142,0.189999998,-6.460000038,-1.389999986,0.07,-0.029999999,-0.649999976,-15
105.82,5778,-5191,5694,-5141,-0.709999979,-6.039999962,-0.039999999,0.079999998,-0.059999999,-0.639999986,-15
105.83,5786,-5188,5702,-5145,-0.709999979,-6.039999962,-0.039999999,-0.039999999,-0.079999998,-0.629999995,-15
105.84,5773,-5192,5682,-5154,0.170000002,-5.130000114,-0.839999974,-0.059999999,-0.100000002,-0.610000014,-15
105.85,5775,-5185,5692,-5155,0.280000001,-4.590000153,-1.230000019,-0.090000004,-0.109999999,-0.610000014,-15
105.86,5764,-5168,5690,-5151,0.340000004,-5.010000229,-1.269999981,-0.02,-0.119999997,-0.589999974,-15
105.87,5750,-5156,5712,-5150,0.899999976,-3.75,-0.49000001,0.119999997,-0.119999997,-0.579999983,-15
105.88,5718,-5139,5678,-5165,-0.680000007,-4.050000191,-0.409999996,0.259999991,-0.109999999,-0.569999993,-15
105.89,5695,-5191,5648,-5180,0.439999998,-4.480000019,0.649999976,0.270000011,-0.079999998,-0.560000002,-15
105.9,5707,-5205,5631,-5181,-0.259999991,-5.980000019,2.440000057,0.280000001,-0.059999999,-0.550000012,-15
105.91,5697,-5216,5613,-5205,0.949999988,-6.989999771,2,0.140000001,-0.050000001,-0.529999971,-15
105.92,5733,-5251,5594,-5200,-0.469999999,-6.409999847,3.24000001,-0.01,-0.050000001,-0.509999991,-15
105.93,5730,-5224,5621,-5227,0.709999979,-5.239999771,0.479999989,-0.189999998,-0.029999999,-0.5,-15
105.94,5740,-5215,5658,-5236,0.759999991,-3.779999971,-1.24000001,-0.189999998,-0.02,-0.5,-15
105.95,5734,-5232,5670,-5248,-0.129999995,-3.779999971,-0.839999974,-0.200000003,-0.050000001,-0.49000001,-15
105.96,5731,-5186,5670,-5220,0.479999989,-2.299999952,-0.200000003,-0.050000001,-0.01,-0.5,-15
105.97,5731,-5212,5668,-5199,0.319999993,-2.890000105,-0.75,0.100000002,0.01,-0.5,-15
105.98,5725,-5204,5663,-5193,-0.239999995,-3.359999895,0.209999993,0.219999999,0.01,-0.509999991,-15
105.99,5725,-5200,5646,-5185,0.49000001,-4.389999866,1.860000014,0.230000004,0.029999999,-0.519999981,-15
106,5738,-5215,5646,-5199,0.449999988,-4.880000114,1.75,0.140000001,0.029999999,-0.529999971,-15
106.01,5707,-5212,5656,-5188,0.560000002,-5.849999905,1.629999995,0.039999999,0.039999999,-0.529999971,-14
106.02,5732,-5251,5665,-5188,1.24000001,-4.980000019,1.830000043,-0.07,0.029999999,-0.529999971,-14
106.03,5731,-5248,5680,-5190,0.360000014,-3.819999933,-0.129999995,-0.079999998,0.029999999,-0.529999971,-14
106.04,5728,-5237,5698,-5193,0.25,-2.50999999,-0.029999999,-0.109999999,0.02,-0.529999971,-13
106.05,5759,-5224,5675,-5203,0.25,-2.50999999,-0.029999999,-0.050000001,0.02,-0.540000022,-13
106.06,5762,-5243,5708,-5194,-0.109999999,-2.029999971,-0.319999993,0.050000001,0.01,-0.540000022,-13
106.07,5756,-5240,5724,-5203,0.109999999,-1.980000019,0.930000007,0.119999997,0,-0.540000022,-13
106.08,5812,-5212,5721,-5209,0.629999995,-3.069999933,-0.920000017,0.180000007,-0.02,-0.550000012,-13
106.09,5757,-5269,5725,-5242,-0.379999995,-2.839999914,-0.970000029,0.129999995,-0.029999999,-0.560000002,-13
106.1,5775,-5245,5737,-5263,1.080000043,-4.190000057,-0.330000013,0.129999995,-0.029999999,-0.560000002,-13
106.11,5761,-5258,5722,-5249,1.080000043,-4.190000057,-0.330000013,0,-0.07,-0.560000002,-13
106.12,5774,-5289,5729,-5269,0.850000024,-4.659999847,0.230000004,-0.090000004,-0.029999999,-0.550000012,-13
106.13,5766,-5289,5709,-5266,0.579999983,-4.610000134,0.540000022,-0.170000002,-0.07,-0.540000022,-13
106.14,5808,-5282,5704,-5267,0.07,-4.619999886,0.090000004,-0.200000003,-0.02,-0.529999971,-13
106.15,5783,-5260,5702,-5242,1.389999986,-4.179999828,0.74000001,-0.189999998,-0.039999999,-0.519999981,-13
106.16,5781,-5270,5701,-5233,-0.07,-2.960000038,-0.99000001,0,-0.02,-0.519999981,-13
106.17,5788,-5231,5711,-5247,1.649999976,-3.890000105,0.180000007,0.039999999,-0.02,-0.529999971,-13
106.18,5756,-5276,5702,-5236,0.759999991,-4.480000019,0.119999997,0.180000007,-0.029999999,-0.529999971,-13
106.19,5756,-5283,5729,-5260,0.759999991,-4.480000019,0.119999997,0.109999999,-0.02,-0.540000022,-13
106.2,5824,-5278,5738,-5250,0.829999983,-5.349999905,0.720000029,0.029999999,-0.02,-0.540000022,-13
106.21,5822,-5295,5740,-5259,0.330000013,-4.730000019,0.200000003,-0.039999999,0,-0.540000022,-13
106.22,5813,-5275,5776,-5280,0.899999976,-4.119999886,-0.090000004,-0.059999999,0.01,-0.540000022,-13
106.23,5808,-5319,5754,-5292,0.560000002,-4.460000038,0.050000001,-0.100000002,0.02,-0.540000022,-13
106.24,5828,-5298,5767,-5283,0.660000026,-4.559999943,1.230000019,-0.090000004,0.02,-0.540000022,-13
106.25,5811,-5299,5777,-5316,1.710000038,-5.25,0.620000005,-0.079999998,0.02,-0.540000022,-13
106.26,5806,-5312,5771,-5323,0.769999981,-3.819999933,-0.479999989,-0.029999999,0.02,-0.529999971,-13
106.27,5812,-5301,5794,-5331,1.169999957,-3.720000029,-0.759999991,-0.029999999,0.02,-0.529999971,-13
106.28,5819,-5319,5777,-5315,0.550000012,-2.829999924,-1.889999986,0.01,0.02,-0.529999971,-13
106.29,5845,-5329,5739,-5284,0.550000012,-2.829999924,-1.889999986,0,0.02,-0.529999971,-13
106.3,5824,-5311,5770,-5306,0.419999987,-4.039999962,-1.299999952,0.059999999,0.029999999,-0.529999971,-12
106.31,5807,-5338,5776,-5296,-0.079999998,-5.199999809,0.180000007,0.01,0,-0.529999971,-12
106.32,5828,-5365,5765,-5306,0.119999997,-5.099999905,1.929999948,-0.02,0,-0.519999981,-12
106.33,5833,-5352,5743,-5311,0.400000006,-5.110000134,1.840000033,-0.02,-0.029999999,-0.519999981,-12
106.34,5803,-5360,5751,-5323,0.209999993,-4.889999866,2.710000038,-0.090000004,-0.050000001,-0.509999991,-12
106.35,5846,-5358,5783,-5324,0.209999993,-4.889999866,2.710000038,-0.07,-0.029999999,-0.5,-12
106.36,5837,-5348,5753,-5324,1.090000033,-4.599999905,1.370000005,-0.01,-0.050000001,-0.49000001,-12
106.37,5821,-5356,5760,-5345,0.200000003,-4.369999886,0.140000001,0,-0.01,-0.479999989,-12
106.38,5857,-5364,5782,-5352,1.25999999,-4.460000038,-1.24000001,0,0,-0.469999999,-12
106.39,5846,-5384,5820,-5365,1.25999999,-4.460000038,-1.24000001,0.059999999,0,-0.460000008,-12
106.4,5832,-5374,5776,-5378,0.639999986,-5.050000191,0.25,0.02,0,-0.460000008,-12
106.41,5833,-5391,5776,-5380,1.149999976,-4.550000191,0.479999989,0.059999999,0,-0.449999988,-12
106.42,5847,-5409,5766,-5385,-0.460000008,-3.349999905,-1.340000033,0.07,-0.01,-0.449999988,-12
106.43,5855,-5383,5767,-5388,2.349999905,-4.079999924,-0.910000026,0.039999999,-0.02,-0.449999988,-12
106.44,5808,-5413,5729,-5386,0.150000006,-3.529999971,-1.210000038,0.039999999,-0.050000001,-0.449999988,-12
106.45,5835,-5400,5764,-5380,0.150000006,-3.529999971,-1.210000038,-0.050000001,-0.029999999,-0.449999988,-11
106.46,5821,-5370,5761,-5384,0.330000013,-3.609999895,-1.389999986,-0.050000001,-0.039999999,-0.449999988,-11
106.47,5812,-5387,5776,-5409,0.230000004,-4.489999771,-0.74000001,-0.07,-0.02,-0.439999998,-11
106.48,5847,-5391,5803,-5394,0.389999986,-3.549999952,0.839999974,0,0,-0.430000007,-11
106.49,5842,-5392,5721,-5378,0.389999986,-3.549999952,0.839999974,0.01,0,-0.430000007,-11
106.5,5830,-5371,5744,-5376,0,-3.809999943,0.330000013,0.059999999,0.029999999,-0.430000007,-11
106.51,5808,-5383,5754,-5375,0,-3.809999943,0.330000013,0.059999999,0.07,-0.419999987,-11
106.52,5800,-5388,5721,-5372,0.779999971,-3.769999981,2.289999962,0.050000001,0.07,-0.419999987,-11
106.53,5823,-5395,5782,-5380,0.079999998,-4.409999847,1.919999957,-0.029999999,0.059999999,-0.419999987,-11
106.54,5842,-5380,5778,-5377,-0.219999999,-3.910000086,-0.319999993,-0.090000004,0.07,-0.400000006,-11
106.55,5811,-5414,5766,-5378,0.029999999,-2.319999933,-0.259999991,0,0.07,-0.409999996,-11
106.56,5826,-5412,5783,-5395,-1.059999943,-2.420000076,-0.629999995,0,0.079999998,-0.419999987,-10
106.57,5842,-5379,5747,-5397,0.610000014,-2.190000057,-1.019999981,0.119999997,0.07,-0.430000007,-10
106.58,5810,-5381,5743,-5366,-1.309999943,-3.24000001,-0.560000002,0.119999997,0.01,-0.430000007,-9
106.59,5810,-5395,5757,-5367,-1.309999943,-3.24000001,-0.560000002,0.170000002,0.059999999,-0.439999998,-9
106.6,5788,-5427,5725,-5390,-0.419999987,-3.289999962,0.560000002,0.100000002,-0.01,-0.439999998,-8
106.61,5795,-5412,5749,-5375,-0.419999987,-3.289999962,0.560000002,0.059999999,0,-0.439999998,-8
106.62,5785,-5422,5712,-5356,0.860000014,-4.039999962,1.419999957,-0.07,-0.01,-0.419999987,-7
106.63,5801,-5420,5736,-5380,0.860000014,-4.039999962,1.419999957,-0.059999999,-0.02,-0.409999996,-7
106.64,5817,-5376,5703,-5373,0.330000013,-3.289999962,-0.150000006,-0.090000004,-0.01,-0.389999986,-7
106.65,5769,-5406,5724,-5363,-0.519999981,-2.269999981,-0.620000005,-0.02,0,-0.370000005,-7
106.66,5769,-5407,5732,-5364,-0.100000002,-1.99000001,-0.75,0.039999999,0,-0.370000005,-7
106.67,5750,-5368,5682,-5361,-0.270000011,-2.839999914,-0.600000024,0.079999998,0.01,-0.360000014,-7
106.68,5751,-5363,5714,-5343,-0.07,-3.75,0,0.07,0.01,-0.349999994,-7
106.69,5743,-5366,5690,-5344,-0.07,-3.75,0,0.079999998,0.01,-0.340000004,-7
106.7,5693,-5350,5636,-5318,-0.529999971,-3.230000019,-0.829999983,0.01,0.029999999,-0.330000013,-7
106.71,5661,-5381,5617,-5308,-0.529999971,-3.230000019,-0.829999983,-0.029999999,0.01,-0.330000013,-6
106.72,5695,-5431,5607,-5371,-0.810000002,-3.619999886,-0.180000007,-0.07,0.02,-0.319999993,-6
106.73,5748,-5389,5645,-5372,-1.700000048,-1.950000048,-0.280000001,-0.039999999,0.029999999,-0.319999993,-6
106.74,5700,-5362,5663,-5376,-0.239999995,-3.099999905,0.159999996,0,0.029999999,-0.300000012,-5
106.75,5651,-5408,5619,-5349,-0.239999995,-3.099999905,0.159999996,0.079999998,0,-0.300000012,-5
106.76,5687,-5400,5610,-5338,-1.230000019,-2.75999999,-0.479999989,0.029999999,0,-0.300000012,-5
106.77,5657,-5361,5595,-5341,-0.769999981,-2.619999886,-0.810000002,0.059999999,0.02,-0.289999992,-5
106.78,5679,-5393,5574,-5347,-0.860000014,-3.279999971,1.070000052,0.039999999,0.02,-0.280000001,-5
106.79,5684,-5401,5542,-5368,-0.860000014,-3.279999971,1.070000052,0,0.02,-0.270000011,-4
106.8,5650,-5350,5556,-5358,-1.019999981,-2.75,0.180000007,-0.059999999,0,-0.25,-4
106.81,5631,-5379,5573,-5320,-0.460000008,-2.019999981,-0.509999991,-0.100000002,0,-0.239999995,-4
106.82,5647,-5383,5553,-5308,-1.100000024,-1.960000038,-1.440000057,-0.039999999,-0.02,-0.239999995,-4
106.83,5662,-5374,5586,-5316,-1.210000038,-1.360000014,-0.629999995,-0.02,-0.02,-0.239999995,-4
106.84,5635,-5349,5575,-5318,-1.330000043,-1.809999943,-0.810000002,0.059999999,-0.029999999,-0.239999995,-4
106.85,5627,-5365,5553,-5310,-0.629999995,-1.149999976,-0.109999999,0.090000004,-0.039999999,-0.25,-4
106.86,5635,-5375,5545,-5312,-1.330000043,-2.24000001,-0.129999995,0.090000004,-0.059999999,-0.25,-4
106.87,5601,-5329,5542,-5319,-1.019999981,-2.49000001,0.280000001,0.039999999,-0.059999999,-0.239999995,-4
106.88,5571,-5351,5527,-5340,-0.610000014,-2.49000001,0.560000002,0.01,-0.039999999,-0.239999995,-4
106.89,5574,-5334,5516,-5329,-1.179999948,-2.210000038,0.5,-0.02,-0.039999999,-0.230000004,-4
106.9,5559,-5321,5508,-5334,-0.730000019,-1.879999995,0.340000004,-0.039999999,-0.01,-0.230000004,-4
106.91,5547,-5330,5496,-5322,-0.879999995,-2.039999962,1.330000043,-0.059999999,-0.01,-0.219999999,-4
106.92,5548,-5292,5472,-5276,0.140000001,-2.359999895,0.889999986,0,-0.01,-0.219999999,-4
106.93,5547,-5279,5464,-5274,-0.910000026,-1.710000038,0.600000024,0,0,-0.219999999,-4
106.94,5535,-5270,5454,-5247,-1.370000005,-1.519999981,-0.209999993,0,0.029999999,-0.219999999,-4
106.95,5526,-5271,5452,-5260,-0.300000012,-1.24000001,-0.629999995,0.050000001,0.050000001,-0.219999999,-4
106.96,5527,-5281,5436,-5236,-2.670000076,-1.820000052,-0.289999992,-0.01,0.050000001,-0.219999999,-4
106.97,5522,-5282,5464,-5224,0.319999993,-1.580000043,-0.150000006,0.02,0.059999999,-0.219999999,-4
106.98,5504,-5308,5473,-5216,-1.789999962,-1.629999995,0.330000013,0.01,0,-0.219999999,-3
106.99,5567,-5308,5467,-5226,-0.959999979,-1.559999943,-0.280000001,-0.059999999,0.029999999,-0.219999999,-3
107,5576,-5305,5503,-5244,-0.319999993,-1.019999981,-0.49000001,-0.02,0,-0.230000004,-3
107.01,5581,-5300,5533,-5284,-1.389999986,-1.75999999,-0.270000011,-0.039999999,-0.01,-0.219999999,-3
107.02,5540,-5308,5458,-5323,-0.680000007,-1.519999981,0.409999996,-0.01,-0.02,-0.219999999,-3
107.03,5512,-5358,5445,-5273,-0.409999996,-1.070000052,-0.529999971,0.059999999,-0.029999999,-0.219999999,-2
107.04,5499,-5323,5473,-5282,-0.910000026,-1.74000001,1.059999943,0.050000001,-0.029999999,-0.209999993,-2
107.05,5500,-5273,5459,-5283,0.639999986,-2.059999943,1.090000033,0.079999998,-0.050000001,-0.209999993,-2
107.06,5472,-5306,5440,-5292,0.170000002,-2.230000019,0.689999998,0.039999999,-0.050000001,-0.200000003,-2
107.07,5475,-5301,5428,-5282,0.170000002,-1.929999948,-0.109999999,0.01,-0.050000001,-0.200000003,-2
107.08,5508,-5275,5416,-5260,1.00999999,-2.140000105,0.519999981,-0.029999999,-0.050000001,-0.180000007,-1
107.09,5477,-5292,5381,-5251,-0.079999998,-1.25999999,0.720000029,-0.039999999,-0.039999999,-0.180000007,-1
107.1,5467,-5286,5400,-5249,-0.819999993,-0.779999971,0.02,-0.129999995,-0.02,-0.159999996,-1
107.11,5464,-5275,5414,-5274,0.259999991,-0.759999991,-0.379999995,-0.029999999,0.02,-0.150000006,-1
107.12,5482,-5306,5398,-5258,-0.939999998,-0.479999989,-0.540000022,-0.059999999,0,-0.150000006,-1
107.13,5444,-5290,5412,-5264,0.49000001,-0.140000001,-1.200000048,0.039999999,0.01,-0.140000001,-1
107.14,5467,-5257,5417,-5275,-0.239999995,-0.409999996,-0.829999983,0.050000001,-0.01,-0.140000001,0
107.15,5457,-5292,5427,-5264,0.07,-0.529999971,-0.219999999,0.029999999,0.01,-0.140000001,0
107.16,5434,-5311,5437,-5268,0.050000001,-1.889999986,0.469999999,-0.01,0,-0.129999995,0
107.17,5432,-5300,5411,-5286,0.49000001,-1.600000024,0.649999976,-0.029999999,0.02,-0.119999997,0
107.18,5437,-5306,5388,-5283,-0.219999999,-2.029999971,-0.159999996,-0.059999999,0.02,-0.109999999,0
107.19,5415,-5307,5347,-5300,0.620000005,-0.930000007,-0.109999999,-0.050000001,0.050000001,-0.100000002,0
107.2,5416,-5300,5347,-5318,-0.779999971,-0.150000006,-0.150000006,0,0.059999999,-0.100000002,1
107.21,5399,-5318,5365,-5315,-0.050000001,-1.059999943,0.01,0,0.059999999,-0.090000004,1
107.22,5414,-5353,5374,-5311,-0.239999995,-0.509999991,1.929999948,0.079999998,0.059999999,-0.090000004,1
107.23,5426,-5350,5353,-5313,-0.529999971,-1.600000024,1.470000029,0.039999999,0.039999999,-0.07,1
107.24,5411,-5321,5375,-5288,0.910000026,-0.600000024,1.909999967,0.050000001,0.050000001,-0.059999999,2
107.25,5406,-5323,5382,-5293,-0.389999986,-1.100000024,1.190000057,-0.029999999,0.029999999,-0.050000001,2
107.26,5397,-5305,5347,-5298,0.379999995,-0.790000022,0.209999993,-0.050000001,0.039999999,-0.039999999,2
107.27,5400,-5361,5363,-5301,0.400000006,-0.469999999,-0.709999979,-0.059999999,0.039999999,-0.029999999,2
107.28,5420,-5335,5339,-5309,-0.02,-0.400000006,-2.039999962,-0.090000004,0.02,-0.02,2
107.29,5418,-5353,5365,-5306,0,0.02,-1.50999999,-0.050000001,0.02,-0.02,2
107.3,5414,-5358,5348,-5316,0.449999988,0.349999994,-1.580000043,-0.02,0,-0.02,2
107.31,5433,-5333,5341,-5329,-0.879999995,-0.239999995,-0.959999979,-0.02,-0.01,-0.01,2
107.32,5391,-5389,5352,-5322,0.519999981,0.479999989,-1.190000057,0.02,-0.02,-0.01,2
107.33,5402,-5375,5362,-5343,-0.649999976,-0.610000014,-0.449999988,0,-0.07,0,2
107.34,5400,-5364,5376,-5336,-0.74000001,-0.25,-0.050000001,0,-0.039999999,0,2
107.35,5369,-5372,5359,-5355,1.929999948,-0.910000026,0.07,0.039999999,-0.07,0,2
107.36,5379,-5355,5319,-5359,-1.879999995,-0.360000014,0.209999993,-0.02,-0.059999999,0,2
107.37,5363,-5387,5315,-5363,2.200000048,-0.899999976,-1.039999962,0.02,-0.02,0,2
107.38,5407,-5379,5307,-5372,-1.190000057,-0.159999996,1.049999952,0.01,-0.050000001,0.01,2
107.39,5392,-5361,5307,-5337,-0.180000007,-0.02,-0.07,0.029999999,0.01,0.01,2
107.4,5367,-5329,5275,-5365,0.680000007,0.400000006,2.059999943,0,0,0.01,2
107.41,5395,-5364,5330,-5358,-1.399999976,0.540000022,1.909999967,0,0.029999999,0.01,2
107.42,5334,-5341,5358,-5341,0.930000007,-0.090000004,1.190000057,-0.02,0.039999999,0.02,2
107.43,5344,-5333,5317,-5342,0.01,0.720000029,1.629999995,-0.039999999,0.01,0.02,2
107.44,5382,-5342,5349,-5313,-0.319999993,0.230000004,-2.230000019,-0.079999998,0.059999999,0.02,2
107.45,5388,-5311,5348,-5315,0.800000012,0.289999992,-1.100000024,-0.07,0.039999999,0.029999999,2
107.46,5390,-5381,5315,-5324,-0.280000001,0.730000019,-1.350000024,0,0.029999999,0.02,2
107.47,5383,-5350,5319,-5323,0.569999993,0.029999999,-1.779999971,-0.02,0.059999999,0.02,2
107.48,5407,-5377,5297,-5335,-0.5,0.870000005,-0.720000029,0.050000001,0.01,0.01,2
107.49,5380,-5348,5312,-5357,-0.819999993,0.059999999,-0.779999971,0.01,0.039999999,0.01,2
107.5,5367,-5374,5334,-5353,0.25,0.469999999,0.959999979,0.050000001,0,0.01,2
107.51,5380,-5376,5328,-5372,-1.5,0.319999993,1.309999943,0.02,0,0.01,2
107.52,5346,-5352,5331,-5352,1.779999971,-0.519999981,1.370000005,0,-0.02,0.01,2
107.53,5362,-5386,5320,-5340,-1.429999948,-0.400000006,0.810000002,-0.01,-0.029999999,0.01,2
107.54,5381,-5346,5303,-5341,1.169999957,0.109999999,-0.479999989,-0.059999999,0.02,0.01,2
107.55,5388,-5341,5305,-5321,-0.5,0.579999983,0.280000001,-0.01,0,0.01,2
107.56,5356,-5354,5283,-5311,-0.74000001,0.680000007,-0.059999999,-0.039999999,0.050000001,0.01,2
107.57,5405,-5305,5299,-5330,0.370000005,0.270000011,0.680000007,0,0.029999999,0.01,2
107.58,5384,-5357,5332,-5353,-1.159999967,0.629999995,0.07,0.059999999,0.039999999,0.01,2
107.59,5370,-5338,5317,-5323,0.730000019,0.540000022,-0.079999998,0.059999999,0.02,0,2
107.6,5400,-5340,5347,-5320,-0.01,0.170000002,-0.029999999,0.039999999,-0.01,0,2
107.61,5388,-5343,5348,-5325,-0.759999991,0.029999999,-0.910000026,0,0,0,2
107.62,5381,-5351,5338,-5303,1.029999971,-0.649999976,-0.389999986,-0.079999998,-0.02,0,2
107.63,5388,-5387,5334,-5330,-0.529999971,-0.560000002,-1.230000019,-0.050000001,-0.039999999,0,2
107.64,5384,-5355,5335,-5332,0.050000001,-0.319999993,-1.299999952,-0.109999999,-0.050000001,0.01,2
107.65,5382,-5353,5320,-5332,-0.200000003,0.920000017,-1.210000038,0,-0.039999999,0,2
107.66,5372,-5363,5299,-5318,-0.219999999,0.569999993,-1.070000052,0.039999999,-0.029999999,0,2
107.67,5396,-5318,5311,-5367,-1.269999981,1.00999999,0.790000022,0.140000001,-0.029999999,0,2
107.68,5370,-5384,5345,-5348,0.419999987,-0.699999988,1.519999981,0.119999997,-0.029999999,0,2
107.69,5377,-5349,5341,-5341,-0.479999989,-0.449999988,2.019999981,0.119999997,-0.07,0,2
107.7,5377,-5322,5314,-5350,0.050000001,-1.330000043,1.779999971,0.01,-0.059999999,0,2
107.71,5334,-5328,5289,-5328,1.25,-0.239999995,1.179999948,-0.02,-0.02,0.01,2
107.72,5370,-5346,5297,-5300,-0.649999976,-0.029999999,0.180000007,-0.129999995,-0.01,0.01,2
107.73,5392,-5299,5273,-5314,0.079999998,-0.159999996,-1.559999943,-0.140000001,0.02,0.02,2
107.74,5382,-5363,5292,-5322,-0.209999993,0.680000007,-0.889999986,-0.07,0.01,0.02,2
107.75,5367,-5344,5282,-5308,-0.939999998,0.800000012,-1.549999952,0,0.02,0.02,2
107.76,5351,-5318,5327,-5312,0.660000026,0.460000008,-0.49000001,0.050000001,0,0.01,2
107.77,5373,-5338,5329,-5325,-0.839999974,0.759999991,0.310000002,0.090000004,-0.01,0.01,2
107.78,5351,-5347,5324,-5309,0.090000004,-0.159999996,0.689999998,0.02,0,0.01,2
107.79,5354,-5378,5327,-5304,-0.029999999,0.100000002,0.910000026,0,-0.01,0.01,2
107.8,5341,-5324,5299,-5337,0.189999998,-0.579999983,1.25999999,-0.050000001,0,0.01,2
107.81,5325,-5322,5279,-5308,0.01,0.119999997,1.049999952,-0.07,-0.01,0.02,2
107.82,5325,-5331,5269,-5333,0,0.879999995,-0.790000022,-0.050000001,0.01,0.02,2
107.83,5326,-5286,5249,-5331,-0.889999986,0.699999988,-0.370000005,0,0.01,0.01,2
107.84,5348,-5339,5285,-5318,-0.340000004,0.610000014,-0.050000001,0.039999999,0.050000001,0.01,2
107.85,5346,-5308,5295,-5321,-0.01,0.319999993,1.00999999,0.109999999,0.029999999,0.01,2
107.86,5342,-5314,5292,-5292,-0.939999998,0.059999999,1.809999943,0.109999999,0.029999999,0,2
107.87,5341,-5300,5274,-5291,0.660000026,-0.270000011,2.24000001,0.050000001,0.079999998,0,2
107.88,5355,-5280,5271,-5281,-0.400000006,-0.180000007,1.830000043,0.039999999,0.059999999,0,2
107.89,5316,-5302,5272,-5252,-0.150000006,-0.300000012,-0.509999991,-0.01,0.079999998,0,2
107.9,5317,-5311,5238,-5269,0,0.189999998,-1.960000038,-0.039999999,0.07,0,2
107.91,5347,-5317,5238,-5270,-0.949999988,-0.01,-2.779999971,-0.059999999,0.039999999,0,2
107.92,5337,-5288,5327,-5251,-1.169999957,0.649999976,-2.880000114,-0.029999999,0.039999999,0,2
107.93,5328,-5294,5270,-5263,0.029999999,0.300000012,-0.430000007,0.029999999,-0.01,0.01,3
107.94,5330,-5277,5258,-5282,-0.970000029,0.959999979,0.259999991,0.150000006,-0.01,0.01,3
107.95,5301,-5257,5237,-5263,-0.75,0.050000001,-0.050000001,0.109999999,-0.01,0.02,3
107.96,5272,-5250,5232,-5259,0.100000002,-0.219999999,0.25,0.180000007,-0.01,0.029999999,3
107.97,5247,-5302,5209,-5262,-1.00999999,-1.179999948,0.560000002,0.100000002,-0.039999999,0.039999999,3
107.98,5251,-5319,5173,-5290,-0.870000005,-0.600000024,0.509999991,0.029999999,-0.02,0.059999999,3
107.99,5249,-5281,5128,-5299,0.180000007,-1.019999981,0.670000017,0,-0.039999999,0.079999998,3
108,5257,-5325,5113,-5319,-2.00999999,-0.059999999,0,-0.029999999,-0.039999999,0.100000002,3
108.01,5281,-5279,5148,-5318,0.100000002,-0.479999989,-0.289999992,-0.02,-0.02,0.109999999,3
108.02,5265,-5256,5147,-5288,-1.409999967,0.029999999,0.349999994,0.050000001,-0.039999999,0.119999997,3
108.03,5212,-5260,5100,-5273,0.109999999,0.270000011,0.439999998,0.07,-0.029999999,0.129999995,3
108.04,5240,-5255,5112,-5301,-1.440000057,0.800000012,0.050000001,0.119999997,-0.039999999,0.129999995,3
108.05,5228,-5263,5103,-5300,-1.320000052,-0.340000004,-0.49000001,0.150000006,-0.02,0.140000001,3
108.06,5212,-5272,5088,-5277,-0.419999987,0,0.300000012,0.140000001,-0.029999999,0.150000006,3
108.07,5213,-5276,5111,-5273,-0.720000029,-0.449999988,-0.100000002,0.140000001,-0.039999999,0.150000006,3
108.08,5210,-5264,5089,-5266,-1.070000052,-0.02,0.129999995,0.119999997,-0.029999999,0.159999996,3
108.09,5191,-5261,5076,-5270,-0.430000007,0.709999979,-0.509999991,0.090000004,-0.050000001,0.170000002,3
108.1,5181,-5242,5034,-5274,-2.019999981,0.150000006,-0.07,0.01,-0.039999999,0.180000007,3
108.11,5182,-5245,5038,-5290,0.029999999,1.029999971,0.529999971,0.039999999,-0.02,0.189999998,3
108.12,5164,-5243,5045,-5272,-2.160000086,0.709999979,0.629999995,0.07,-0.050000001,0.189999998,3
108.13,5135,-5246,5056,-5268,-0.119999997,0.910000026,-0.649999976,0.129999995,-0.02,0.200000003,3
108.14,5161,-5224,5031,-5310,-1.460000038,2.109999895,0.980000019,0.189999998,-0.059999999,0.189999998,3
108.15,5133,-5222,5001,-5258,-0.579999983,0.800000012,0.469999999,0.209999993,-0.039999999,0.189999998,3
108.16,5110,-5243,4999,-5253,-0.560000002,1.409999967,0.319999993,0.200000003,-0.029999999,0.180000007,3
108.17,5138,-5193,4985,-5265,-2.00999999,1.049999952,0.610000014,0.109999999,-0.029999999,0.180000007,3
108.18,5143,-5174,4986,-5210,-0.620000005,1.389999986,1.25999999,0.100000002,0,0.170000002,3
108.19,5118,-5179,4995,-5206,-1.220000029,1.549999952,2.230000019,0.039999999,0,0.159999996,3
108.2,5122,-5131,4977,-5225,-0.980000019,1.460000038,1.090000033,0.050000001,0,0.150000006,3
108.21,5130,-5128,4983,-5198,-0.529999971,2.140000105,0.409999996,0.079999998,-0.01,0.140000001,3
108.22,5142,-5137,4989,-5148,-1.600000024,2.099999905,-0.819999993,0.100000002,0,0.119999997,3
108.23,5132,-5168,4985,-5138,-0.74000001,1.450000048,-1.340000033,0.129999995,0,0.109999999,3
108.24,5135,-5110,5013,-5143,-1.970000029,1.129999995,-0.449999988,0.129999995,-0.01,0.100000002,3
108.25,5117,-5086,5013,-5118,-0.720000029,0.610000014,0.090000004,0.140000001,0,0.100000002,3
108.26,5128,-5094,4998,-5123,-0.460000008,0.170000002,0.569999993,0.129999995,-0.039999999,0.090000004,3
108.27,5121,-5088,4988,-5119,-1.279999971,0.370000005,-1.330000043,0.119999997,-0.02,0.07,3
108.28,5128,-5067,4995,-5112,-0.920000017,0.5,-0.280000001,0.100000002,-0.039999999,0.059999999,3
108.29,5105,-5053,5004,-5106,-1.379999995,1.110000014,-0.460000008,0.119999997,-0.01,0.050000001,3
108.3,5115,-5048,5023,-5108,-1.620000005,1.110000014,0.270000011,0.119999997,0,0.029999999,2
108.31,5102,-4981,5010,-5063,-0.330000013,0.540000022,1.25,0.159999996,-0.01,0.01,2
108.32,5121,-5000,5012,-5053,-0.970000029,-0.180000007,0.600000024,0.129999995,-0.02,0,0
108.33,5133,-4975,5002,-5043,-1.639999986,0.49000001,1.070000052,0.090000004,0,-0.029999999,0
108.34,5157,-4941,4995,-5000,-0.810000002,0.180000007,0.400000006,0.039999999,0.02,-0.059999999,-1
108.35,5151,-4914,5014,-4965,-1.929999948,0.680000007,1.25999999,0.029999999,0.02,-0.090000004,-2
108.36,5177,-4892,5035,-4928,-1.690000057,-0.189999998,0.509999991,-0.02,0.029999999,-0.129999995,-2
108.37,5158,-4880,5040,-4921,-1.070000052,-0.119999997,0.479999989,0.050000001,0.01,-0.159999996,-2
108.38,5186,-4878,5037,-4903,-2.049999952,-0.730000019,0.360000014,0.039999999,0,-0.200000003,-3
108.39,5188,-4858,5053,-4867,-0.579999983,-0.970000029,-0.829999983,0.07,-0.01,-0.230000004,-3
108.4,5199,-4869,5063,-4846,-1.889999986,-0.980000019,-0.980000019,0.100000002,-0.029999999,-0.259999991,-3
108.41,5189,-4841,5096,-4843,-1.220000029,-1.309999943,-0.829999983,0.109999999,-0.01,-0.270000011,-3
108.42,5195,-4817,5092,-4838,-1.399999976,-1.480000019,0.790000022,0.119999997,-0.039999999,-0.289999992,-3
108.43,5209,-4809,5094,-4835,-1.100000024,-2.269999981,1.269999981,0.079999998,-0.050000001,-0.300000012,-3
108.44,5146,-4811,5082,-4824,-1.129999995,-2.400000095,0.939999998,0.079999998,-0.039999999,-0.300000012,-3
108.45,5135,-4805,5050,-4812,-0.879999995,-2.140000105,0.699999988,0.050000001,-0.029999999,-0.310000002,-3
108.46,5148,-4794,5052,-4816,-0.879999995,-2.230000019,-0.959999979,0.100000002,-0.02,-0.310000002,-3
108.47,5144,-4806,5049,-4824,-1.980000019,-1.340000033,0.259999991,0.07,-0.02,-0.319999993,-3
108.48,5112,-4769,5032,-4788,-0.289999992,-1.779999971,-0.150000006,0.079999998,-0.02,-0.319999993,-3
108.49,5150,-4789,5043,-4794,-2.089999914,-1.950000048,0,0.059999999,-0.039999999,-0.330000013,-3
108.5,5160,-4767,5034,-4784,-0.949999988,-2.400000095,-0.200000003,0.050000001,-0.02,-0.330000013,-3
108.51,5113,-4768,5020,-4748,-0.910000026,-1.879999995,0.319999993,0.07,-0.029999999,-0.340000004,-3
108.52,5115,-4770,5004,-4718,-1,-1.870000005,0.639999986,0.029999999,-0.029999999,-0.340000004,-3
108.53,5119,-4728,5013,-4725,-1.389999986,-1.450000048,-0.189999998,0.029999999,-0.029999999,-0.349999994,-3
108.54,5114,-4708,5032,-4731,-1.25999999,-2.210000038,0.140000001,0,-0.029999999,-0.360000014,-3
108.55,5115,-4760,5029,-4712,-1.129999995,-1.99000001,0.02,0.050000001,-0.029999999,-0.360000014,-3
108.56,5127,-4730,5019,-4695,-1.149999976,-2.130000114,0.079999998,0.059999999,-0.039999999,-0.360000014,-3
108.57,5101,-4718,5044,-4685,-0.550000012,-1.929999948,0.180000007,0.079999998,-0.059999999,-0.370000005,-3
108.58,5085,-4725,5035,-4674,-1.50999999,-2.200000048,0.629999995,0.07,-0.050000001,-0.370000005,-3
108.59,5078,-4730,4992,-4678,-0.839999974,-2.279999971,0.759999991,0.050000001,-0.039999999,-0.370000005,-3
108.6,5066,-4700,5006,-4680,-0.970000029,-3.059999943,1.139999986,0.039999999,-0.02,-0.360000014,-3
108.61,5036,-4722,4997,-4673,-1.289999962,-2.099999905,0.680000007,0.039999999,-0.02,-0.360000014,-3
108.62,5014,-4684,4984,-4667,-0.829999983,-2.369999886,1.299999952,0.01,-0.01,-0.349999994,-3
108.63,5043,-4679,4992,-4641,-0.379999995,-1.600000024,0.879999995,0.07,-0.029999999,-0.340000004,-3
108.64,5037,-4697,4952,-4664,-1.419999957,-1.700000048,-0.02,0.109999999,-0.02,-0.349999994,-3
108.65,4999,-4673,4933,-4664,-0.829999983,-1.919999957,-1.529999971,0.090000004,-0.029999999,-0.349999994,-3
108.66,5001,-4709,4937,-4635,-1.129999995,-1.309999943,-0.910000026,0.079999998,-0.02,-0.349999994,-3
108.67,5024,-4694,4930,-4654,-0.980000019,-2,-0.170000002,0.02,-0.029999999,-0.349999994,-3
108.68,5001,-4634,4936,-4653,-1.289999962,-2.609999895,0.899999976,-0.02,-0.039999999,-0.340000004,-3
108.69,4986,-4661,4905,-4625,0.389999986,-3.029999971,1.570000052,-0.07,-0.050000001,-0.330000013,-3
108.7,4970,-4667,4888,-4600,-1.679999948,-1.74000001,0.550000012,-0.059999999,-0.029999999,-0.330000013,-3
108.71,4976,-4620,4925,-4597,-0.920000017,-1.649999976,-0.670000017,-0.050000001,0,-0.319999993,-3
108.72,4963,-4616,4916,-4626,-1.370000005,-1.539999962,-0.469999999,0,-0.01,-0.310000002,-3
108.73,4950,-4633,4857,-4608,-0.509999991,-2,0.509999991,0.029999999,0,-0.319999993,-3
108.74,4947,-4626,4921,-4587,-0.870000005,-2.519999981,0.469999999,0.07,-0.02,-0.310000002,-3
108.75,4928,-4642,4884,-4574,-0.949999988,-2.819999933,0.569999993,0.050000001,-0.01,-0.300000012,-3
108.76,4912,-4620,4862,-4574,-0.889999986,-2.170000076,0.389999986,0.02,0,-0.300000012,-3
108.77,4904,-4610,4864,-4581,-0.970000029,-2.920000076,0.409999996,0.029999999,0.02,-0.300000012,-3
108.78,4892,-4622,4851,-4578,-1.210000038,-2.599999905,1.370000005,0,0.029999999,-0.289999992,-3
108.79,4863,-4631,4831,-4563,-0.699999988,-2.569999933,0.790000022,0,0.039999999,-0.280000001,-3
108.8,4855,-4600,4826,-4576,-0.519999981,-2.049999952,0.879999995,0.01,0.02,-0.280000001,-3
108.81,4874,-4618,4796,-4562,-1.120000005,-1.539999962,-0.219999999,-0.029999999,0.01,-0.270000011,-3
108.82,4866,-4628,4794,-4568,-0.829999983,-0.980000019,-1.460000038,0,0.02,-0.280000001,-3
108.83,4859,-4582,4799,-4584,-1.679999948,-1.179999948,-0.430000007,-0.039999999,0,-0.270000011,-3
108.84,4857,-4610,4774,-4555,-0.460000008,-1.580000043,-0.920000017,0.02,0.02,-0.259999991,-3
108.85,4862,-4581,4806,-4559,-1.080000043,-1.039999962,0.610000014,0.01,-0.01,-0.259999991,-3
108.86,4822,-4571,4783,-4549,-0.75,-1.809999943,-0.029999999,0.07,-0.01,-0.259999991,-3
108.87,4830,-4575,4729,-4532,-0.589999974,-1.539999962,0.310000002,0,-0.01,-0.259999991,-3
108.88,4808,-4568,4757,-4534,-1.700000048,-1.899999976,-0.119999997,-0.029999999,0,-0.259999991,-3
108.89,4818,-4547,4784,-4531,-0.759999991,-2.549999952,-0.039999999,-0.079999998,0,-0.25,-3
108.9,4794,-4565,4737,-4526,-0.01,-1.720000029,1.070000052,-0.039999999,-0.02,-0.239999995,-3
108.91,4799,-4551,4711,-4508,-1.070000052,-1.789999962,-0.720000029,-0.079999998,-0.039999999,-0.239999995,-3
108.92,4780,-4528,4775,-4508,-1.570000052,-0.769999981,-1.190000057,-0.059999999,-0.01,-0.230000004,-3
108.93,4782,-4565,4734,-4506,-0.479999989,-1.639999986,-0.800000012,0.01,0,-0.230000004,-3
108.94,4747,-4557,4728,-4492,-1.639999986,-1.370000005,0.259999991,0.039999999,0.01,-0.219999999,-2
108.95,4722,-4528,4700,-4498,0.5,-2.279999971,0.99000001,0.100000002,0,-0.209999993,-2
108.96,4716,-4538,4672,-4500,-1.409999967,-1.25999999,0.720000029,0.07,-0.02,-0.200000003,-2
108.97,4710,-4563,4674,-4501,-1.100000024,-2.180000067,-0.540000022,0.01,0.01,-0.189999998,-2
108.98,4668,-4548,4676,-4517,-1.070000052,-1.179999948,0.49000001,0.01,0.02,-0.170000002,-1
108.99,4682,-4530,4637,-4513,-0.340000004,-2.180000067,0.639999986,0,0.02,-0.150000006,-1
109,4700,-4562,4610,-4515,-0.540000022,-0.810000002,-0.360000014,0,0,-0.140000001,-1
109.01,4677,-4532,4603,-4542,-1.289999962,-0.730000019,-0.709999979,-0.01,0,-0.129999995,0
109.02,4641,-4551,4599,-4520,-0.970000029,-0.360000014,-1.019999981,-0.039999999,0.01,-0.109999999,0
109.03,4662,-4558,4591,-4523,-0.720000029,-0.600000024,-0.01,0,0.01,-0.100000002,0
109.04,4633,-4508,4551,-4521,-0.560000002,-1.200000048,0.759999991,0.01,-0.01,-0.090000004,0
109.05,4626,-4532,4578,-4512,-0.709999979,-0.379999995,-0.109999999,0,0,-0.079999998,0
109.06,4629,-4525,4578,-4490,-1.669999957,-0.469999999,-0.649999976,-0.02,0.02,-0.07,0
109.07,4601,-4495,4537,-4483,-0.25,-0.629999995,0.920000017,-0.029999999,0.01,-0.07,0
109.08,4615,-4492,4527,-4488,-0.589999974,-1.029999971,1.120000005,-0.039999999,0,-0.059999999,0
109.09,4602,-4509,4562,-4504,-1.820000052,-0.550000012,-0.560000002,-0.059999999,0,-0.059999999,0
109.1,4588,-4493,4573,-4474,-1,-0.379999995,-0.209999993,-0.039999999,0.01,-0.059999999,0
109.11,4596,-4491,4530,-4460,-0.039999999,-0.140000001,0.540000022,0,0,-0.059999999,0
109.12,4597,-4494,4539,-4449,-1.730000019,-0.479999989,0.360000014,0,-0.01,-0.059999999,0
109.13,4557,-4486,4522,-4440,-0.99000001,-0.209999993,-0.779999971,0,0.01,-0.07,0
109.14,4545,-4471,4513,-4441,-0.610000014,-0.519999981,0.079999998,0.050000001,0.01,-0.07,0
109.15,4564,-4467,4517,-4442,-1.809999943,-0.649999976,0.769999981,0.029999999,0.01,-0.07,0
109.16,4545,-4459,4503,-4441,0.270000011,-0.759999991,0.800000012,0.029999999,0,-0.07,0
109.17,4523,-4461,4477,-4434,-1.200000048,-0.340000004,0.129999995,0,-0.02,-0.07,0
109.18,4546,-4462,4484,-4421,-1.00999999,-0.810000002,-1.419999957,-0.039999999,0.01,-0.07,0
109.19,4552,-4461,4477,-4450,-1.139999986,-0.349999994,-0.310000002,-0.029999999,0.02,-0.059999999,0
109.2,4534,-4424,4456,-4444,-0.560000002,-0.330000013,0.129999995,0.01,0,-0.059999999,0
109.21,4532,-4465,4454,-4412,-1.019999981,-0.02,0.230000004,0.01,0,-0.059999999,0
109.22,4521,-4436,4463,-4422,-0.74000001,0.300000012,-0.430000007,0.039999999,-0.01,-0.059999999,0
109.23,4508,-4404,4441,-4411,-1.75999999,-0.409999996,-0.129999995,0.029999999,-0.01,-0.059999999,0
109.24,4510,-4422,4427,-4404,0.150000006,-0.629999995,0.119999997,0.029999999,0,-0.059999999,0
109.25,4498,-4410,4445,-4394,-1.720000029,0.079999998,0.699999988,0.02,-0.01,-0.059999999,0
109.26,4487,-4400,4427,-4372,-0.939999998,-0.629999995,-0.280000001,-0.079999998,0,-0.059999999,0
109.27,4474,-4378,4402,-4381,-0.389999986,-0.449999988,0.920000017,-0.109999999,-0.01,-0.050000001,0
109.28,4479,-4380,4430,-4395,-1.120000005,-0.289999992,-0.629999995,-0.059999999,0,-0.050000001,0
109.29,4456,-4367,4452,-4351,-1.120000005,0.01,-1.059999943,-0.059999999,0.01,-0.050000001,0
109.3,4456,-4382,4401,-4333,-0.189999998,0.370000005,-1.00999999,0,0,-0.050000001,0
109.31,4470,-4352,4410,-4335,-1.580000043,0.029999999,-0.589999974,0.050000001,0.01,-0.050000001,0
109.32,4411,-4356,4401,-4316,-1.580000043,0.029999999,-0.589999974,0.050000001,0.01,-0.050000001,0
109.33,4430,-4364,4357,-4332,-0.850000024,-0.569999993,0.479999989,0.079999998,0.029999999,-0.059999999,0
109.34,4423,-4367,4371,-4331,-1.830000043,-0.589999974,0.620000005,0.039999999,0.02,-0.059999999,0
109.35,4413,-4340,4372,-4338,-0.519999981,-1.210000038,1.269999981,-0.029999999,0.029999999,-0.050000001,0
109.36,4417,-4342,4364,-4319,-0.49000001,-0.620000005,1.179999948,-0.029999999,0.01,-0.050000001,0
109.37,4424,-4355,4340,-4309,-1.480000019,-0.629999995,-1.190000057,-0.07,0.01,-0.050000001,0
109.38,4414,-4352,4338,-4330,-1.159999967,0.119999997,-0.74000001,-0.050000001,0.029999999,-0.050000001,0
109.39,4419,-4309,4341,-4308,-0.449999988,-0.079999998,0.259999991,0,0.01,-0.039999999,0
109.4,4388,-4340,4339,-4313,-1.100000024,0.100000002,-0.029999999,0.059999999,0,-0.050000001,0
109.41,4389,-4331,4314,-4306,-0.920000017,0.230000004,-0.379999995,0.059999999,0,-0.050000001,0
109.42,4384,-4315,4336,-4290,-1.330000043,-0.270000011,0.159999996,0.029999999,-0.01,-0.050000001,0
109.43,4389,-4301,4331,-4289,-0.769999981,-0.170000002,1.059999943,0.02,0,-0.050000001,0
109.44,4362,-4290,4309,-4288,-0.959999979,-0.029999999,1.200000048,0.02,0,-0.050000001,0
109.45,4363,-4287,4316,-4262,-1.889999986,-0.639999986,1.330000043,-0.100000002,0,-0.050000001,0
109.46,4357,-4268,4304,-4257,0.159999996,-0.189999998,1.289999962,-0.059999999,0.02,-0.039999999,0
109.47,4354,-4273,4308,-4267,-1.710000038,-0.050000001,-0.129999995,-0.029999999,0,-0.050000001,0
109.48,4348,-4247,4287,-4244,-0.680000007,0.039999999,-0.519999981,-0.01,0.02,-0.039999999,0
109.49,4340,-4265,4313,-4220,-0.300000012,-0.059999999,-0.200000003,0,-0.01,-0.039999999,0
109.5,4311,-4291,4266,-4213,-1.460000038,-0.25,-1.470000029,0.059999999,0.01,-0.039999999,0
109.51,4320,-4257,4243,-4225,-0.409999996,-0.079999998,-0.870000005,0.050000001,0.01,-0.039999999,0
109.52,4317,-4242,4253,-4227,-0.730000019,-0.829999983,-1.019999981,0.029999999,-0.02,-0.039999999,0
109.53,4283,-4270,4275,-4210,-1.379999995,-0.610000014,-0.340000004,0,-0.02,-0.029999999,0
109.54,4291,-4259,4254,-4209,-0.050000001,-0.419999987,-0.870000005,-0.01,-0.02,-0.039999999,0
109.55,4312,-4247,4237,-4223,-1.539999962,0.059999999,-1.159999967,-0.01,-0.029999999,-0.039999999,0
109.56,4315,-4229,4247,-4206,-0.819999993,0,-0.449999988,-0.029999999,-0.02,-0.029999999,1
109.57,4267,-4239,4241,-4226,-0.509999991,0.140000001,-0.01,0,-0.029999999,-0.029999999,1
109.58,4279,-4221,4209,-4219,-1.830000043,0.400000006,-0.100000002,0.02,-0.01,-0.039999999,1
109.59,4265,-4216,4211,-4194,-0.159999996,-0.079999998,0.460000008,0,0,-0.029999999,1
109.6,4260,-4224,4209,-4207,-1.460000038,0.109999999,0.600000024,0.050000001,0,-0.029999999,1
109.61,4245,-4192,4188,-4197,-0.479999989,0.050000001,0.589999974,0.02,0.02,-0.029999999,1
109.62,4243,-4198,4190,-4175,-1.179999948,-0.079999998,1.220000029,0.01,0,-0.029999999,1
109.63,4241,-4219,4187,-4165,-0.889999986,-0.25,0.769999981,-0.02,0.02,-0.02,2
109.64,4234,-4179,4162,-4176,-0.620000005,0,1.320000052,-0.029999999,0.01,-0.02,2
109.65,4220,-4171,4158,-4172,-1.279999971,-0.090000004,0.300000012,-0.059999999,0.01,-0.01,2
109.66,4221,-4185,4198,-4157,-0.550000012,-0.170000002,0.479999989,-0.090000004,0.01,0,2
109.67,4216,-4187,4162,-4155,-0.810000002,0.349999994,0.07,0,0,0,2
109.68,4224,-4171,4140,-4163,-1.379999995,0.360000014,-0.839999974,0,0,0,2
109.69,4208,-4174,4173,-4144,-0.469999999,-0.230000004,-0.370000005,0.02,-0.01,0.01,2
109.7,4163,-4176,4144,-4127,-1.24000001,-0.090000004,0.230000004,0.100000002,-0.039999999,0,2
109.71,4189,-4170,4106,-4138,-0.899999976,-0.209999993,-0.349999994,0.090000004,-0.02,0,2
109.72,4164,-4151,4113,-4135,-0.509999991,-0.519999981,0.74000001,0.07,-0.029999999,0,2
109.73,4143,-4159,4137,-4124,-1.379999995,-0.479999989,0.930000007,0,-0.039999999,0.01,2
109.74,4140,-4147,4093,-4135,-0.230000004,-0.310000002,0.449999988,-0.039999999,-0.01,0.01,2
109.75,4144,-4131,4086,-4130,-1.590000033,0.159999996,0.100000002,-0.079999998,-0.01,0.01,2
109.76,4158,-4115,4100,-4095,0.029999999,0.07,-0.689999998,-0.090000004,0,0.02,2
109.77,4123,-4119,4064,-4113,-1.360000014,0.709999979,-0.620000005,-0.059999999,0,0.02,2
109.78,4113,-4089,4052,-4118,-1.049999952,1.080000043,-1.799999952,0,0.029999999,0.01,2
109.79,4115,-4105,4075,-4075,-0.589999974,0.430000007,-0.330000013,0,0.029999999,0.01,2
109.8,4111,-4103,4047,-4090,-1,0.579999983,-0.870000005,0.090000004,0.039999999,0,2
109.81,4104,-4082,4022,-4078,-1.360000014,0.150000006,-0.519999981,0.050000001,0.029999999,0,2
109.82,4100,-4069,4060,-4062,-0.649999976,0.200000003,0.289999992,0.02,0.02,0,2
109.83,4109,-4084,4041,-4051,-0.949999988,-0.379999995,0.280000001,0,0.01,0,2
109.84,4093,-4066,4025,-4045,-1.480000019,-0.01,-0.200000003,-0.059999999,0.01,0,2
109.85,4098,-4055,4047,-4033,-1.179999948,-0.239999995,0.200000003,-0.129999995,0,0,2
109.86,4099,-4033,4021,-4047,-0.699999988,0.74000001,0.49000001,-0.059999999,0,0,2
109.87,4063,-4034,4055,-4045,-2.059999943,0.239999995,-0.720000029,-0.029999999,-0.01,0,2
109.88,4077,-4019,4042,-3996,-1.200000048,0.430000007,0.939999998,-0.029999999,0,0,2
109.89,4082,-4031,4036,-3997,-0.270000011,0.629999995,0.850000024,0.090000004,-0.02,0,2
109.9,4023,-4029,4014,-3997,-2.839999914,-0.02,-0.150000006,0.059999999,0,-0.01,2
109.91,4024,-3968,4002,-3974,-0.150000006,-0.270000011,1.679999948,0.07,0.01,-0.01,2
109.92,4018,-3992,3994,-3962,-1.360000014,0.039999999,2.099999905,0.050000001,-0.02,-0.02,2
109.93,4005,-3983,3970,-3954,-2.289999962,-0.189999998,1.440000057,0,0.02,-0.02,2
109.94,3997,-3961,3990,-3949,-0.759999991,-0.129999995,1.409999967,-0.02,0.02,-0.02,2
109.95,4006,-3944,3969,-3928,-1.75,-0.25,0.889999986,-0.02,0.02,-0.029999999,2
109.96,3989,-3923,3939,-3923,-1.309999943,0.119999997,0.02,0,0.02,-0.029999999,2
109.97,3991,-3941,3938,-3904,-1.809999943,0.050000001,-0.939999998,0,0.029999999,-0.029999999,2
109.98,3982,-3917,3928,-3917,-0.629999995,0.259999991,-1.700000048,0.050000001,0.01,-0.029999999,2
109.99,3954,-3893,3892,-3910,-2.75,0.170000002,-1.159999967,0.029999999,0.01,-0.039999999,2
110,3934,-3913,3909,-3888,-0.519999981,-0.699999988,-1.120000005,0.01,0.02,-0.029999999,2
110.01,3945,-3888,3896,-3892,-1.110000014,-0.280000001,-0.75,0.029999999,-0.029999999,-0.039999999,2
110.02,3934,-3882,3864,-3870,-2.400000095,-0.370000005,-2.24000001,-0.02,0,-0.029999999,2
110.03,3929,-3869,3896,-3861,-1,-0.129999995,-1.649999976,-0.07,-0.01,-0.029999999,2
110.04,3933,-3848,3862,-3847,-1.669999957,-0.02,-0.529999971,-0.029999999,-0.039999999,-0.039999999,2
110.05,3894,-3808,3876,-3835,-2.50999999,-0.400000006,-0.709999979,-0.039999999,-0.039999999,-0.029999999,2
110.06,3884,-3804,3877,-3821,-1.409999967,-0.270000011,0.100000002,-0.07,-0.029999999,-0.029999999,2
110.07,3882,-3796,3820,-3813,-1.75,0.300000012,0.340000004,0.01,-0.050000001,-0.039999999,2
110.08,3853,-3759,3867,-3795,-3.430000067,-0.109999999,0.709999979,-0.039999999,-0.02,-0.039999999,2
110.09,3831,-3745,3824,-3769,-1.039999962,-0.180000007,1.799999952,-0.01,0,-0.050000001,2
110.1,3799,-3743,3801,-3744,-2.609999895,0.129999995,1.360000014,0.029999999,-0.02,-0.059999999,2
110.11,3786,-3754,3823,-3707,-3.160000086,-0.790000022,1.379999995,-0.059999999,0.029999999,-0.059999999,2
110.12,3777,-3690,3751,-3691,-1.450000048,0.090000004,1.799999952,0.01,0.029999999,-0.059999999,2
110.13,3772,-3662,3722,-3668,-3.059999943,-0.519999981,1.25,0,0.02,-0.07,2
110.14,3736,-3647,3747,-3644,-2.460000038,-0.319999993,0.699999988,-0.01,0.059999999,-0.07,2
110.15,3701,-3633,3705,-3627,-2.369999886,-0.389999986,0.259999991,0.02,0.050000001,-0.079999998,2
110.16,3718,-3615,3689,-3616,-2.789999962,-0.509999991,-0.509999991,0.01,0.039999999,-0.079999998,2
110.17,3707,-3602,3683,-3586,-3.779999971,-0.379999995,-0.300000012,-0.01,0.059999999,-0.090000004,2
110.18,3675,-3563,3636,-3570,-1.809999943,-0.219999999,-0.899999976,0,0.029999999,-0.090000004,2
110.19,3649,-3554,3634,-3540,-4.920000076,-0.449999988,-0.939999998,-0.02,0.01,-0.090000004,2
110.2,3647,-3519,3616,-3548,-1.840000033,-0.600000024,-1.639999986,-0.02,0.039999999,-0.090000004,2
110.21,3616,-3504,3579,-3526,-3.589999914,-0.289999992,-0.180000007,0.029999999,-0.02,-0.100000002,2
110.22,3578,-3479,3573,-3483,-4.369999886,-0.930000007,-0.800000012,-0.01,0,-0.100000002,2
110.23,3568,-3471,3543,-3472,-1.840000033,-0.100000002,-0.280000001,0.02,0,-0.100000002,2
110.24,3554,-3436,3528,-3452,-5.150000095,-0.689999998,-0.419999987,0.02,-0.01,-0.109999999,2
110.25,3509,-3409,3500,-3409,-2.440000057,-0.419999987,0.02,0.01,0.02,-0.109999999,2
110.26,3501,-3399,3484,-3389,-3.480000019,-0.720000029,0.07,0.01,-0.02,-0.109999999,2
110.27,3486,-3375,3453,-3354,-4.570000172,-0.519999981,-0.460000008,-0.039999999,0,-0.109999999,2
110.28,3447,-3326,3423,-3336,-2.50999999,-0.280000001,0.360000014,-0.050000001,0,-0.109999999,2
110.29,3429,-3298,3440,-3326,-4.489999771,-0.649999976,-0.079999998,-0.050000001,-0.02,-0.109999999,2
110.3,3415,-3306,3383,-3281,-3.220000029,-0.300000012,0.129999995,-0.07,0,-0.109999999,2
110.31,3378,-3248,3405,-3274,-3.859999895,-0.280000001,0.059999999,-0.02,-0.01,-0.109999999,2
110.32,3383,-3243,3355,-3252,-3.269999981,-0.589999974,0.579999983,0.01,0.01,-0.109999999,2
110.33,3320,-3211,3319,-3217,-3.25999999,-0.319999993,0.449999988,0.050000001,-0.01,-0.109999999,2
110.34,3295,-3198,3330,-3195,-4.5,-0.860000014,0.059999999,0.02,0.01,-0.109999999,2
110.35,3260,-3189,3271,-3174,-2.180000067,-0.689999998,0.689999998,0.07,0.02,-0.109999999,2
110.36,3265,-3153,3236,-3142,-4.829999924,-0.879999995,0.980000019,0.029999999,0,-0.109999999,2
110.37,3231,-3123,3208,-3119,-2.5,-0.980000019,0.460000008,-0.01,0.039999999,-0.109999999,2
110.38,3200,-3118,3195,-3103,-4.070000172,-0.660000026,1.080000043,-0.039999999,0,-0.100000002,2
110.39,3168,-3078,3152,-3079,-3.470000029,-0.670000017,0.219999999,-0.050000001,0.039999999,-0.100000002,2
110.4,3142,-3044,3148,-3059,-3.420000076,-0.479999989,-0.25,-0.059999999,0.01,-0.100000002,2
110.41,3152,-3045,3107,-3035,-4,-0.270000011,-0.779999971,-0.039999999,0.029999999,-0.090000004,2
110.42,3110,-3018,3090,-3010,-2.799999952,-0.150000006,-0.720000029,0.01,0,-0.090000004,2
110.43,3106,-2987,3071,-2990,-4.829999924,-0.259999991,-1.330000043,0,0,-0.090000004,2
110.44,3049,-2987,3040,-2961,-2.450000048,-0.029999999,-1.470000029,0.07,0,-0.090000004,2
110.45,3055,-2960,3009,-2948,-4.809999943,-0.25,-0.819999993,0.050000001,-0.01,-0.090000004,2
110.46,3007,-2923,2998,-2959,-2.109999895,-0.730000019,-0.769999981,0.059999999,0,-0.090000004,2
110.47,2986,-2923,2960,-2917,-5.070000172,-0.49000001,0.479999989,0,-0.039999999,-0.079999998,2
110.48,2962,-2901,2960,-2898,-1.690000057,-0.629999995,-0.209999993,0,0,-0.079999998,2
110.49,2965,-2888,2919,-2877,-4.900000095,-0.409999996,0.400000006,-0.050000001,-0.039999999,-0.079999998,2
110.5,2916,-2852,2896,-2847,-2.049999952,-0.170000002,-0.07,-0.029999999,0,-0.079999998,2
110.51,2906,-2827,2884,-2833,-4.119999886,-0.090000004,0.439999998,-0.029999999,-0.029999999,-0.079999998,2
110.52,2889,-2790,2884,-2806,-2.799999952,0.289999992,-0.259999991,0,0,-0.079999998,2
110.53,2855,-2782,2830,-2777,-3.900000095,-0.200000003,0.540000022,0.02,-0.01,-0.07,2
110.54,2822,-2765,2829,-2751,-2.49000001,0.219999999,0.109999999,0.02,0,-0.079999998,2
110.55,2827,-2740,2793,-2740,-3.619999886,-0.469999999,1.00999999,0.01,-0.01,-0.07,2
110.56,2794,-2721,2765,-2714,-3.079999924,-0.129999995,0,-0.02,0,-0.07,2
110.57,2770,-2689,2745,-2700,-2.940000057,-0.310000002,0.660000026,-0.029999999,0,-0.07,2
110.58,2738,-2676,2771,-2669,-3.150000095,-0.119999997,0.469999999,-0.050000001,0,-0.07,2
110.59,2733,-2644,2732,-2661,-3.140000105,-0.140000001,0.129999995,-0.029999999,0.01,-0.07,2
110.6,2723,-2629,2673,-2633,-2.730000019,-0.090000004,-0.239999995,0,0,-0.07,2
110.61,2690,-2614,2704,-2612,-3.329999924,0.01,-0.360000014,0,0.01,-0.07,2
110.62,2673,-2592,2668,-2588,-2.319999933,-0.370000005,-0.129999995,0.029999999,0,-0.07,2
110.63,2631,-2592,2629,-2576,-3.49000001,0.090000004,-0.289999992,0.050000001,0,-0.07,2
110.64,2640,-2568,2609,-2556,-3.210000038,-0.790000022,-0.509999991,0,0.01,-0.07,2
110.65,2608,-2537,2614,-2533,-2.5,0,0.379999995,0.029999999,0,-0.07,2
110.66,2589,-2528,2564,-2517,-3.470000029,-0.850000024,0.200000003,0,0,-0.07,2
110.67,2568,-2509,2542,-2493,-2.170000076,-0.129999995,0.74000001,-0.01,0,-0.059999999,2
110.68,2546,-2490,2541,-2476,-3.480000019,-0.219999999,-0.330000013,-0.02,-0.01,-0.07,2
110.69,2535,-2458,2525,-2456,-3.019999981,-0.150000006,-0.300000012,-0.029999999,0,-0.059999999,2
110.7,2500,-2449,2489,-2440,-2.650000095,0.319999993,-0.01,0,0,-0.059999999,2
110.71,2492,-2429,2476,-2414,-3.25,-0.310000002,-0.5,0,0,-0.059999999,2
110.72,2471,-2406,2470,-2403,-2.75999999,0.280000001,0.219999999,0.01,0,-0.059999999,2
110.73,2458,-2387,2428,-2397,-3.140000105,-0.509999991,-0.689999998,0,0,-0.059999999,2
110.74,2433,-2376,2417,-2367,-2.670000076,0.349999994,-0.280000001,0.01,0,-0.059999999,2
110.75,2420,-2353,2400,-2350,-3.029999971,-0.340000004,-0.159999996,0,0,-0.059999999,2
110.76,2419,-2350,2370,-2332,-2.680000067,-0.02,-0.680000007,0.01,0,-0.059999999,2
110.77,2366,-2316,2356,-2327,-2.769999981,-0.170000002,0.230000004,0,-0.01,-0.059999999,2
110.78,2354,-2304,2337,-2313,-2.589999914,-0.439999998,0.119999997,0,0,-0.059999999,2
110.79,2351,-2288,2325,-2279,-3.00999999,0.189999998,0.589999974,0,0,-0.059999999,2
110.8,2329,-2262,2316,-2275,-2.230000019,-0.280000001,-0.150000006,0,0,-0.050000001,2
110.81,2299,-2252,2282,-2268,-3.180000067,0.189999998,0.529999971,0.01,0,-0.059999999,2
110.82,2290,-2242,2259,-2228,-2.50999999,0,0.389999986,-0.01,0,-0.050000001,2
110.83,2280,-2226,2259,-2211,-2.470000029,0.039999999,0.050000001,0.01,0,-0.050000001,2
110.84,2261,-2194,2225,-2210,-2.970000029,-0.129999995,0.920000017,0,0,-0.050000001,2
110.85,2229,-2190,2218,-2188,-1.980000019,-0.02,0.330000013,0,0,-0.050000001,2
110.86,2221,-2167,2203,-2156,-3.049999952,0.029999999,0.140000001,-0.02,-0.01,-0.050000001,2
110.87,2199,-2142,2176,-2148,-2.710000038,0.02,-0.550000012,-0.02,0,-0.050000001,2
110.88,2183,-2139,2185,-2131,-2.029999971,0.059999999,0.07,-0.02,0,-0.050000001,2
110.89,2174,-2105,2147,-2103,-2.970000029,-0.079999998,0.219999999,-0.01,0,-0.050000001,2
110.9,2155,-2088,2113,-2098,-2.380000114,0,-0.150000006,-0.02,0,-0.050000001,2
110.91,2132,-2073,2134,-2073,-2.119999886,0.07,-0.280000001,-0.01,0,-0.050000001,2
110.92,2126,-2060,2102,-2050,-2.710000038,-0.150000006,-0.319999993,0.01,0,-0.050000001,2
110.93,2095,-2036,2095,-2042,-2.279999971,-0.140000001,0.050000001,0,0.01,-0.050000001,2
110.94,2078,-2026,2079,-2022,-2.410000086,-0.050000001,-0.319999993,0,0,-0.050000001,2
110.95,2083,-2010,2054,-2015,-2.339999914,-0.170000002,-0.300000012,0.01,0,-0.050000001,2
110.96,2041,-1996,2060,-2007,-2.730000019,0,-0.150000006,-0.01,0,-0.050000001,2
110.97,2041,-1985,2036,-1982,-2.430000067,-0.270000011,-0.310000002,0,0,-0.050000001,2
110.98,2042,-1962,2004,-1972,-2.160000086,-0.01,0.059999999,-0.01,-0.01,-0.050000001,2
110.99,1993,-1955,2009,-1951,-2.869999886,0,-0.400000006,-0.01,-0.01,-0.050000001,2
111,1997,-1941,1992,-1925,-2.069999933,-0.050000001,0.050000001,0,0,-0.050000001,2
111.01,1996,-1934,1951,-1918,-2.049999952,0.039999999,0.400000006,0.02,-0.01,-0.050000001,2
111.02,1943,-1919,1953,-1901,-2.480000019,-0.059999999,0.219999999,0.01,0,-0.050000001,2
111.03,1938,-1883,1937,-1877,-1.730000019,-0.02,0.439999998,0.01,0,-0.050000001,2
111.04,1932,-1888,1897,-1874,-2.480000019,-0.059999999,0.280000001,0,0.01,-0.050000001,2
111.05,1882,-1852,1912,-1857,-1.74000001,0.100000002,0.400000006,0,0.01,-0.050000001,2
111.06,1892,-1838,1889,-1835,-2.5,0.039999999,0.100000002,-0.01,0.01,-0.050000001,2
111.07,1895,-1839,1850,-1815,-2.170000076,0.090000004,-0.02,-0.02,0.029999999,-0.050000001,2
111.08,1857,-1812,1862,-1806,-2.339999914,-0.02,-0.200000003,-0.02,0.02,-0.039999999,2
111.09,1843,-1794,1849,-1797,-2.079999924,-0.039999999,-0.529999971,0,0.029999999,-0.039999999,2
111.1,1856,-1804,1809,-1781,-2.440000057,0.07,-0.379999995,0,0.01,-0.039999999,2
111.11,1828,-1775,1815,-1770,-2.529999971,0.050000001,-0.460000008,0,0.02,-0.050000001,2
111.12,1790,-1761,1807,-1763,-1.99000001,-0.189999998,-0.090000004,0.01,0,-0.050000001,2
111.13,1809,-1757,1770,-1737,-2.710000038,0,-0.180000007,0.01,0,-0.039999999,2
111.14,1783,-1743,1767,-1730,-2.059999943,-0.109999999,0.029999999,0,0,-0.039999999,2
111.15,1752,-1711,1762,-1714,-2.289999962,-0.180000007,0.289999992,0.01,-0.02,-0.039999999,2
111.16,1768,-1711,1728,-1701,-2.200000048,0.059999999,-0.259999991,0,-0.01,-0.039999999,2
111.17,1740,-1702,1709,-1686,-2.269999981,-0.180000007,0.529999971,0,-0.02,-0.039999999,2
111.18,1699,-1666,1719,-1678,-2.619999886,0.289999992,0.330000013,0,-0.01,-0.039999999,2
111.19,1703,-1654,1692,-1656,-1.980000019,-0.200000003,0.660000026,0,-0.01,-0.039999999,2
111.2,1693,-1657,1651,-1648,-2.210000038,0.330000013,0.860000014,0.01,-0.01,-0.039999999,2
111.21,1656,-1613,1652,-1633,-2.289999962,-0.230000004,0.519999981,0.01,0,-0.039999999,2
111.22,1646,-1612,1649,-1607,-1.860000014,0.180000007,0.230000004,0,0,-0.039999999,2
111.23,1638,-1609,1617,-1597,-2.74000001,-0.01,-0.430000007,0,0,-0.039999999,2
111.24,1619,-1576,1600,-1587,-1.860000014,0.129999995,-0.360000014,0,0.01,-0.039999999,2
111.25,1598,-1574,1590,-1569,-2.319999933,0.059999999,-0.02,0,0,-0.039999999,2
111.26,1596,-1551,1588,-1557,-2.019999981,-0.059999999,-0.419999987,0,0,-0.029999999,2
111.27,1578,-1549,1558,-1543,-1.940000057,-0.129999995,-0.02,0,0,-0.029999999,2
111.28,1557,-1528,1548,-1524,-2.549999952,-0.039999999,-0.74000001,0,0,-0.029999999,2
111.29,1547,-1498,1534,-1517,-2.069999933,0.119999997,-0.289999992,0,0,-0.029999999,2
111.3,1531,-1492,1527,-1496,-2.440000057,0.02,-0.319999993,0,0,-0.029999999,2
111.31,1521,-1487,1502,-1470,-2.400000095,-0.209999993,0.050000001,0,0,-0.029999999,2
111.32,1501,-1466,1477,-1468,-2.390000105,0.090000004,0.239999995,-0.01,0,-0.029999999,2
111.33,1472,-1438,1472,-1442,-2.039999962,-0.02,0.360000014,0,-0.01,-0.029999999,2
111.34,1459,-1432,1471,-1428,-2.690000057,0.07,0.200000003,-0.01,-0.01,-0.029999999,2
111.35,1457,-1424,1439,-1411,-2.279999971,0.200000003,0.349999994,-0.02,0,-0.029999999,2
111.36,1435,-1393,1414,-1388,-2.5,0.219999999,0.379999995,-0.01,0,-0.029999999,2
111.37,1405,-1372,1409,-1371,-2.299999952,-0.039999999,0.280000001,-0.01,0,-0.029999999,2
111.38,1395,-1358,1400,-1362,-2.24000001,0.239999995,0.699999988,0,0.01,-0.029999999,2
111.39,1385,-1339,1384,-1345,-2.230000019,-0.159999996,0.360000014,0,0,-0.029999999,2
111.4,1376,-1329,1352,-1321,-2.769999981,0.090000004,-0.119999997,0,0.01,-0.029999999,2
111.41,1348,-1309,1335,-1308,-2.109999895,-0.100000002,-0.300000012,0,0.01,-0.029999999,2
111.42,1324,-1294,1344,-1305,-2.599999905,-0.039999999,-0.340000004,0,0,-0.029999999,2
111.43,1320,-1278,1322,-1278,-2.349999905,-0.109999999,-0.479999989,0,0,-0.029999999,2
111.44,1317,-1271,1288,-1262,-2.369999886,0.079999998,-0.409999996,0,-0.01,-0.029999999,2
111.45,1281,-1254,1280,-1258,-2.549999952,-0.059999999,-0.629999995,0,0,-0.029999999,2
111.46,1260,-1238,1280,-1241,-2.210000038,0.07,-0.479999989,0,-0.01,-0.029999999,2
111.47,1249,-1221,1260,-1221,-2.75,0.050000001,-0.479999989,0,-0.01,-0.029999999,2
111.48,1235,-1212,1231,-1208,-2.130000114,0.039999999,-0.119999997,0,-0.01,-0.029999999,2
111.49,1219,-1190,1219,-1189,-2.519999981,0.02,0.25,0,-0.02,-0.029999999,2
111.5,1199,-1177,1206,-1171,-2.220000029,0.029999999,0.170000002,0.02,-0.01,-0.029999999,2
111.51,1172,-1154,1194,-1158,-2.299999952,-0.01,0.589999974,0,-0.01,-0.029999999,2
111.52,1172,-1145,1167,-1145,-2.329999924,0.01,0.170000002,0,0,-0.029999999,2
111.53,1157,-1129,1157,-1124,-2.559999943,0.079999998,0.170000002,0,0,-0.029999999,2
111.54,1141,-1102,1128,-1107,-2.200000048,0.059999999,0.170000002,0,0.01,-0.02,2
111.55,1125,-1097,1111,-1085,-2.029999971,0.140000001,0.519999981,0.01,0.01,-0.029999999,2
111.56,1103,-1079,1100,-1078,-2.50999999,0.01,0.239999995,-0.01,0.01,-0.029999999,2
111.57,1087,-1061,1094,-1063,-1.870000005,0.239999995,-0.100000002,0.01,0.01,-0.029999999,2
111.58,1081,-1070,1075,-1045,-2.460000038,0.140000001,-0.050000001,0,0,-0.02,2
111.59,1062,-1028,1047,-1022,-2.410000086,0.180000007,-0.200000003,0,0.01,-0.02,2
111.6,1046,-1011,1032,-1011,-2.279999971,0.170000002,0.039999999,-0.01,0,-0.02,2
111.61,1023,-1018,1022,-1003,-2.269999981,0.140000001,-0.100000002,0,0,-0.02,2
111.62,1002,-994,1016,-987,-2.549999952,0.100000002,0.140000001,0,0,-0.02,2
111.63,993,-966,995,-966,-2.109999895,-0.039999999,-0.02,0,0,-0.02,2
111.64,980,-967,975,-953,-2.789999962,0.189999998,0.050000001,0,0,-0.02,2
111.65,965,-935,957,-937,-2.140000105,0.109999999,-0.409999996,-0.01,0,-0.02,2
111.66,945,-924,943,-922,-2.720000029,0.270000011,0.219999999,0,0,-0.02,2
111.67,929,-917,931,-899,-2.150000095,-0.140000001,0.039999999,-0.01,0,-0.02,2
111.68,901,-887,918,-889,-2.339999914,0.159999996,0.059999999,0.01,0,-0.02,2
111.69,895,-874,898,-870,-2.470000029,-0.07,-0.050000001,0,0,-0.02,2
111.7,885,-859,879,-858,-2.380000114,0.140000001,-0.340000004,0,0,-0.02,2
111.71,869,-842,861,-842,-2.609999895,0.050000001,-0.059999999,0,0,-0.02,2
111.72,854,-828,844,-828,-2.329999924,0.140000001,-0.150000006,0,0,-0.02,2
111.73,838,-817,828,-807,-2.5,-0.129999995,0.100000002,0,0,-0.02,2
111.74,813,-792,813,-792,-2.440000057,0.180000007,0.219999999,0,0,-0.02,2
111.75,797,-783,801,-777,-2.220000029,-0.039999999,-0.239999995,0,0,-0.01,2
111.76,777,-766,782,-768,-2.660000086,0.189999998,-0.059999999,0,0,-0.02,2
111.77,766,-750,764,-746,-2.440000057,-0.01,-0.270000011,0,0,-0.02,2
111.78,753,-734,748,-727,-2.529999971,0.209999993,-0.109999999,0,0,-0.01,2
111.79,731,-715,726,-717,-2.380000114,0.079999998,0.01,0,0,-0.01,2
111.8,713,-695,709,-702,-2.339999914,0.109999999,0.300000012,0,0,-0.01,2
111.81,701,-688,693,-682,-2.50999999,0.029999999,0.239999995,0,-0.01,-0.01,2
111.82,678,-674,679,-668,-2.50999999,0.029999999,0.239999995,0,-0.01,-0.01,2
111.83,661,-653,668,-657,-2.390000105,0.140000001,-0.029999999,0,0,-0.01,2
111.84,650,-638,652,-640,-2.309999943,0.200000003,-0.100000002,0,0,-0.01,2
111.85,629,-621,630,-614,-2.329999924,-0.02,0.209999993,0,0,-0.01,2
111.86,616,-606,614,-604,-2.430000067,0.239999995,0.140000001,0,0,-0.01,2
111.87,608,-587,599,-587,-2.00999999,-0.029999999,0,0,0,-0.01,2
111.88,584,-576,577,-570,-2.710000038,0.319999993,0,0.01,0,-0.01,2
111.89,565,-555,564,-555,-2.25999999,-0.059999999,0,0,0,-0.01,2
111.9,556,-541,551,-541,-2.380000114,0.310000002,0.370000005,0,0,-0.01,2
111.91,531,-527,534,-519,-2.440000057,-0.159999996,0.090000004,0,0,-0.01,2
111.92,517,-514,517,-506,-2.200000048,0.170000002,0.109999999,0,0,-0.01,2
111.93,500,-493,506,-491,-2.400000095,0.119999997,0.25,0,0,-0.01,2
111.94,492,-476,487,-480,-2.319999933,0.25,0.140000001,0,0,-0.01,2
111.95,465,-463,471,-461,-2.450000048,0.239999995,0.01,0,0,-0.01,2
111.96,455,-439,454,-441,-2.339999914,0.129999995,-0.02,0,0,-0.01,2
111.97,437,-429,435,-430,-2.339999914,0.129999995,0.230000004,0,0,-0.01,2
111.98,421,-416,418,-414,-2.329999924,0.109999999,-0.259999991,0,0,-0.01,2
111.99,404,-397,405,-395,-2.470000029,0.170000002,0,0,0,0,2
112,387,-379,384,-384,-2.380000114,0.129999995,-0.039999999,0,0,0,2
112.01,365,-368,372,-366,-2.349999905,0.159999996,-0.280000001,0,0,0,2
112.02,355,-353,355,-349,-2.549999952,0,0.059999999,0,0,0,2
112.03,336,-333,336,-333,-2.309999943,0.129999995,0.319999993,0,0,0,2
112.04,317,-325,319,-316,-2.390000105,0.029999999,0.029999999,0,0,0,2
112.05,308,-301,304,-303,-2.329999924,0.129999995,0.039999999,0,0,0,2
112.06,285,-285,289,-284,-2.460000038,0.039999999,-0.050000001,0,0,0,2
112.07,271,-268,272,-270,-2.410000086,0.159999996,0,0,0,0,2
112.08,257,-255,256,-254,-2.339999914,0.119999997,0,0,0,0,2
112.09,236,-234,246,-236,-2.400000095,0.129999995,0.109999999,0,0,0,2
112.1,225,-220,223,-220,-2.420000076,0.079999998,0.159999996,0,0,0,2
112.11,205,-205,209,-202,-2.380000114,0.150000006,0,0,0,0,2
112.12,187,-185,195,-185,-2.380000114,0.140000001,-0.200000003,0,0,0,2
112.13,178,-172,177,-172,-2.539999962,0.150000006,-0.059999999,0,0,0,2
112.14,155,-155,156,-152,-2.380000114,0.159999996,0,0,0,0,2
112.15,135,-137,146,-135,-2.390000105,0.170000002,0.119999997,0,0,0,2
112.16,126,-121,127,-125,-2.420000076,0.109999999,-0.01,0,0,0,2
112.17,108,-104,107,-105,-2.539999962,0.100000002,0.050000001,0,0,0,2
112.18,86,-88,91,-90,-2.410000086,0.170000002,-0.01,0,0,0,2
112.19,72,-75,76,-72,-2.470000029,0.119999997,-0.07,0,0,0,2
112.2,53,-53,55,-53,-2.50999999,0.07,0.159999996,0,0,0,2
112.21,36,-43,38,-42,-2.400000095,0.079999998,0.180000007,0,0,0,2
112.22,15,-22,23,-22,-2.450000048,0.029999999,0.189999998,0,0,0,2
112.23,0,-5,10,-3,-2.410000086,0.150000006,-0.01,0,0,0,2
112.24,0,0,-1,0,-2.640000105,0.119999997,-0.050000001,0,0,0,2
112.25,0,0,-3,3,-2.529999971,0.200000003,-0.039999999,0,0,0,2
112.26,-1,0,-13,1,-1.870000005,0.150000006,-0.050000001,0,0,0,2
112.27,0,0,-23,9,-1.580000043,0.129999995,-0.189999998,0,0,0,2
112.28,0,0,-34,31,-0.75,0.109999999,-0.409999996,0,-0.01,0,2
112.29,0,0,-29,38,-0.419999987,0.230000004,-0.439999998,0,-0.02,0,2
112.3,0,1,-24,37,0.389999986,-0.039999999,-0.870000005,-0.01,-0.02,0,2
112.31,-2,2,-35,28,0.379999995,0.349999994,0.150000006,0,-0.029999999,0,2
112.32,0,1,-28,30,0.029999999,-0.01,0.01,0,-0.029999999,0,2
112.33,0,0,-26,30,0.879999995,0.25,0.270000011,0,-0.02,0,2
112.34,0,0,-22,18,0.860000014,0.029999999,0.409999996,0,-0.029999999,0,2
112.35,-1,0,-9,12,1.169999957,0.189999998,0.259999991,0,-0.02,0,2
112.36,0,0,-4,7,1.299999952,-0.02,0.389999986,0,-0.02,0,2
112.37,0,0,0,-1,1.549999952,0.119999997,0.230000004,0,-0.01,0,2
112.38,0,0,1,-1,1.399999976,-0.050000001,0.509999991,0,0,0,2
112.39,0,0,0,-3,1.25,0.090000004,0.769999981,0,0,0,2
112.4,0,0,1,0,0.589999974,-0.039999999,0.5,0,0,0,2
112.41,0,0,0,0,0.560000002,0.140000001,0.209999993,0,0.01,0,2
112.42,0,0,1,0,0.209999993,0.129999995,0.01,0,0.01,0,2
112.43,0,0,1,-3,0.109999999,0.219999999,-0.100000002,0,0.02,0,2
112.44,0,0,0,-3,-0.079999998,0.170000002,-0.07,0,0.01,0,2
112.45,0,0,0,-1,-0.119999997,0.119999997,-0.259999991,0,0.01,0,2
112.46,0,0,4,-1,-0.209999993,0.159999996,-0.330000013,0,0.01,0,2
112.47,0,0,9,-4,-0.050000001,0.219999999,-0.610000014,0,0.01,0,2
112.48,0,0,9,-7,-0.300000012,0.200000003,-0.419999987,0,0,0,2
112.49,1,0,9,-6,-0.059999999,0.180000007,-0.270000011,0,0,0,2
112.5,0,-1,9,-6,-0.140000001,0.159999996,0.039999999,0,0,0,2
112.51,0,0,6,-3,-0.140000001,0.119999997,0.200000003,0,0,0,2
112.52,0,0,5,-1,-0.119999997,0.100000002,0.389999986,0,0,0,2
112.53,0,0,1,0,-0.270000011,0.170000002,0.379999995,0,0,0,2
112.54,0,0,0,0,-0.259999991,0.109999999,0.25,0,0,0,2
112.55,0,0,0,0,-0.330000013,0.109999999,0.280000001,0,0,0,2
112.56,0,0,0,1,-0.119999997,-0.01,0.319999993,0,0,0,2
112.57,0,0,0,0,-0.01,0.029999999,0.280000001,0,0,0,2
112.58,0,0,-1,0,0.02,0.01,-0.059999999,0,0,0,2
112.59,0,0,0,0,0.01,0.100000002,-0.180000007,0,0,0,2
112.6,0,0,0,0,-0.050000001,0.159999996,-0.289999992,0,0,0,2
112.61,0,0,0,0,-0.02,0.150000006,-0.239999995,0,0,0,2
112.62,0,0,0,0,0,0.119999997,0,0,0,0,2
112.63,0,0,0,0,0,0.140000001,0.119999997,0,0,0,2
112.64,0,0,0,0,0.050000001,0.119999997,0.140000001,0,0,0,2
112.65,-1,0,0,0,-0.02,0.180000007,0.07,0,0,0,2
112.66,0,0,-1,0,0,0.140000001,0.079999998,0,0,0,2
112.67,0,0,-2,0,0.02,0.159999996,0.090000004,0,0,0,2
112.68,0,0,-4,1,0.129999995,0.119999997,0.170000002,0,0,0,2
112.69,0,0,-3,1,0.280000001,0.079999998,0.209999993,0,0,0,2
112.7,0,0,-1,2,0.430000007,0.059999999,-0.050000001,0,0,0,2
112.71,0,0,0,0,0.49000001,0.079999998,-0.200000003,0,0,0,2
112.72,0,0,0,0,0.449999988,0.129999995,-0.129999995,0,0,0,2
112.73,0,0,0,-1,0.379999995,0.109999999,0.02,0,0,0,2
112.74,0,0,0,0,0.259999991,0.109999999,0.259999991,0,0,0,2
112.75,0,0,0,0,0.159999996,0.109999999,0.340000004,0,0,0,2
112.76,0,0,0,0,0.109999999,0.119999997,0.209999993,0,0,0,2
112.77,0,0,0,0,-0.02,0.180000007,0.07,0,0,0,2
112.78,0,0,0,0,-0.029999999,0.200000003,-0.050000001,0,0,0,2
112.79,0,0,0,0,-0.100000002,0.129999995,-0.090000004,0,0,0,2
112.8,0,0,0,0,-0.059999999,0.090000004,-0.01,0,0,0,2
112.81,0,0,0,0,0.01,0.029999999,0.050000001,0,0,0,2
112.82,0,0,0,0,0.01,0.050000001,-0.100000002,0,0,0,2
112.83,0,0,0,0,0.02,0.079999998,-0.109999999,0,0,0,2
112.84,0,0,0,0,0,0.079999998,-0.119999997,0,0,0,2
112.85,0,0,0,0,0.039999999,0.07,0.039999999,0,0,0,2
112.86,0,0,0,0,0.059999999,0.050000001,0.239999995,0,0,0,2
112.87,0,0,0,0,0.079999998,0.07,0.300000012,0,0,0,2
112.88,0,0,0,0,0.119999997,0.109999999,0.219999999,0,0,0,2
112.89,0,0,0,0,0.059999999,0.189999998,-0.02,0,0,0,2
112.9,0,0,0,0,0.079999998,0.219999999,-0.090000004,0,0,0,2
112.91,0,0,0,0,0.079999998,0.200000003,-0.059999999,0,0,0,2
112.92,0,0,0,0,0.129999995,0.150000006,0.109999999,0,0,0,2
112.93,0,0,0,0,0.119999997,0.100000002,0.07,0,0,0,2
112.94,0,0,0,0,0.050000001,-0.039999999,0,0,0,0,2
112.95,0,0,0,0,0.119999997,0.230000004,-0.02,0,0,0,2
112.96,0,0,0,0,0.090000004,0.119999997,-0.200000003,0,0,0,2
112.97,0,0,0,0,0.01,0.129999995,0.150000006,0,0,0,2
112.98,0,0,0,0,0.140000001,0.039999999,0.25,0,0,0,2
112.99,0,0,0,0,0.090000004,0.109999999,0.170000002,0,0,0,2
113,0,0,0,0,0.109999999,0.07,0.109999999,0,0,0,2
113.01,0,0,0,0,0.07,0.170000002,-0.050000001,0,0,0,2
113.02,0,0,0,0,0.079999998,0.109999999,-0.090000004,0,0,0,2
113.03,0,0,0,0,0.059999999,0.140000001,-0.01,0,0,0,2
113.04,0,0,0,0,0.090000004,0.059999999,0.119999997,0,0,0,2
113.05,0,0,0,0,0.059999999,0.100000002,0.140000001,0,0,0,2
113.06,0,0,0,0,0.07,0.07,0.039999999,0,0,0,2
113.07,0,0,0,0,0.029999999,0.140000001,-0.029999999,0,0,0,2
113.08,0,0,0,0,0.02,0.170000002,-0.119999997,0,0,0,2
113.09,0,0,0,0,0.039999999,0.100000002,0.02,0,0,0,2
113.1,0,0,0,0,0.100000002,0.100000002,0.180000007,0,0,0,2
113.11,0,0,0,0,0.159999996,0.090000004,0.189999998,0,0,0,2
113.12,0,0,0,0,0.059999999,0.059999999,0.109999999,0,0,0,2
113.13,0,0,0,0,0.109999999,0.129999995,-0.150000006,0,0,0,2
113.14,0,0,0,0,0.029999999,0.180000007,-0.050000001,0,0,0,2
113.15,0,0,0,0,0.029999999,0.129999995,0.039999999,0,0,0,2
113.16,0,0,0,0,0.100000002,0.050000001,0.189999998,0,0,0,2
113.17,0,0,0,0,0.109999999,0.07,0.150000006,0,0,0,2
113.18,0,0,0,0,0.090000004,0.119999997,0.050000001,0,0,0,2
113.19,0,0,0,0,0.059999999,0.170000002,-0.100000002,0,0,0,2
113.2,0,0,0,0,0.050000001,0.159999996,-0.150000006,0,0,0,2
113.21,0,0,0,0,0.059999999,0.090000004,0.07,0,0,0,2
113.22,0,0,0,0,0.100000002,0.059999999,0.150000006,0,0,0,2
113.23,0,0,0,0,0.140000001,0.029999999,0.200000003,0,0,0,2
113.24,0,0,0,0,0.129999995,0.059999999,0.090000004,0,0,0,2
113.25,0,0,0,0,0.129999995,0.109999999,-0.050000001,0,0,0,2
113.26,0,0,0,0,0.109999999,0.109999999,-0.029999999,0,0,0,2
113.27,0,0,0,0,0.090000004,0.129999995,0.050000001,0,0,0,2
113.28,0,0,0,0,0.119999997,0.079999998,0.219999999,0,0,0,2
113.29,0,0,0,0,0.079999998,0.100000002,0.129999995,0,0,0,2
113.3,0,0,0,0,0.100000002,0.119999997,0.029999999,0,0,0,2
113.31,0,0,0,0,0.050000001,0.170000002,-0.129999995,0,0,0,2
113.32,0,0,0,0,0.01,0.180000007,-0.150000006,0,0,0,2
113.33,0,0,0,0,0.02,0.150000006,0.079999998,0,0,0,2
113.34,0,0,0,0,0.050000001,0.100000002,0.150000006,0,0,0,2
113.35,0,0,0,0,0.090000004,0.07,0.180000007,0,0,0,2
113.36,0,0,0,0,0.079999998,0.109999999,0.02,0,0,0,2
113.37,0,0,0,0,0.050000001,0.159999996,-0.07,0,0,0,2
113.38,0,0,0,0,0.050000001,0.159999996,0,0,0,0,2
113.39,0,0,0,0,0.07,0.109999999,0.050000001,0,0,0,2
113.4,0,0,0,0,0.119999997,0.039999999,0.180000007,0,0,0,2
113.41,0,0,0,0,0.150000006,0.039999999,0.119999997,0,0,0,2
113.42,0,0,0,0,0.140000001,0.100000002,0.039999999,0,0,0,2
113.43,0,0,0,0,0.079999998,0.100000002,-0.079999998,0,0,0,2
113.44,0,0,0,0,0.079999998,0.140000001,-0.109999999,0,0,0,2
113.45,0,0,0,0,0.090000004,0.090000004,0.100000002,0,0,0,2
113.46,0,0,0,0,0.090000004,0.07,0.119999997,0,0,0,2
113.47,0,0,0,0,0.119999997,0.079999998,0.170000002,0,0,0,2
113.48,0,0,0,0,0.029999999,0.119999997,0.029999999,0,0,0,2
113.49,0,0,0,0,0.050000001,0.200000003,-0.07,0,0,0,2
113.5,0,0,0,0,0.029999999,0.170000002,-0.029999999,0,0,0,2
113.51,0,0,0,0,0.039999999,0.140000001,0.039999999,0,0,0,2
113.52,0,0,0,0,0.090000004,0.059999999,0.230000004,0,0,0,2
113.53,0,0,0,0,0.119999997,0.059999999,0.109999999,0,0,0,2
113.54,0,0,0,0,0.090000004,0.100000002,0.039999999,0,0,0,2
113.55,0,0,0,0,0.07,0.140000001,-0.100000002,0,0,0,2
113.56,0,0,0,0,0.039999999,0.129999995,-0.07,0,0,0,2
113.57,0,0,0,0,0.029999999,0.090000004,0.109999999,0,0,0,2
113.58,0,0,0,0,0.090000004,0.079999998,0.100000002,0,0,0,2
113.59,0,0,0,0,0.129999995,0.059999999,0.150000006,0,0,0,2
113.6,0,0,0,0,0.100000002,0.140000001,0,0,0,0,2
113.61,0,0,0,0,0.090000004,0.170000002,-0.119999997,0,0,0,2
113.62,0,0,0,0,0.050000001,0.170000002,-0.07,0,0,0,2
113.63,0,0,0,0,0.07,0.140000001,0.07,0,0,0,2
113.64,0,0,0,0,0.090000004,0.059999999,0.239999995,0,0,0,2
113.65,0,0,0,0,0.119999997,0.079999998,0.129999995,0,0,0,2
113.66,0,0,0,0,0.07,0.090000004,0,0,0,0,2
113.67,0,0,0,0,0.039999999,0.140000001,-0.119999997,0,0,0,2
113.68,0,0,0,0,0.059999999,0.119999997,-0.039999999,0,0,0,2
113.69,0,0,0,0,0.039999999,0.07,0.109999999,0,0,0,2
113.7,0,0,0,0,0.07,0.059999999,0.159999996,0,0,0,2
113.71,0,0,0,0,0.100000002,0.039999999,0.140000001,0,0,0,2
113.72,0,0,0,0,0.079999998,0.109999999,-0.029999999,0,0,0,2
113.73,0,0,0,0,0.07,0.150000006,-0.090000004,0,0,0,2
113.74,0,0,0,0,0.050000001,0.140000001,-0.059999999,0,0,0,2
113.75,0,0,0,0,0.079999998,0.090000004,0.109999999,0,0,0,2
113.76,0,0,0,0,0.109999999,0.059999999,0.189999998,0,0,0,2
113.77,0,0,0,0,0.109999999,0.059999999,0.07,0,0,0,2
113.78,0,0,0,0,0.050000001,0.090000004,0.050000001,0,0,0,2
113.79,0,0,0,0,0.050000001,0.129999995,-0.07,0,0,0,2
113.8,0,0,0,0,0.07,0.150000006,-0.059999999,0,0,0,2
113.81,0,0,0,0,0.07,0.079999998,0.119999997,0,0,0,2
113.82,0,0,0,0,0.090000004,0.07,0.180000007,0,0,0,2
113.83,0,0,0,0,0.119999997,0.050000001,0.140000001,0,0,0,2
113.84,0,0,0,0,0.090000004,0.100000002,-0.050000001,0,0,0,2
113.85,0,0,0,0,0.079999998,0.170000002,-0.100000002,0,0,0,2
113.86,0,0,0,0,0.029999999,0.119999997,-0.039999999,0,0,0,2
113.87,0,0,0,0,0.07,0.100000002,0.159999996,0,0,0,2
113.88,0,0,0,0,0.090000004,0.059999999,0.209999993,0,0,0,2
113.89,0,0,0,0,0.07,0.079999998,0.090000004,0,0,0,2
113.9,0,0,0,0,0.039999999,0.109999999,0.02,0,0,0,2
113.91,0,0,0,0,0.02,0.180000007,-0.059999999,0,0,0,2
113.92,0,0,0,0,0.02,0.129999995,-0.039999999,0,0,0,2
113.93,0,0,0,0,0.029999999,0.090000004,0.129999995,0,0,0,2
113.94,0,0,0,0,0.059999999,0.059999999,0.189999998,0,0,0,2
113.95,0,0,0,0,0.079999998,0.050000001,0.159999996,0,0,0,2
113.96,0,0,0,0,0.090000004,0.090000004,-0.059999999,0,0,0,2
113.97,0,0,0,0,0.100000002,0.119999997,-0.079999998,0,0,0,2
113.98,0,0,0,0,0.079999998,0.119999997,-0.079999998,0,0,0,2
113.99,0,0,0,0,0.129999995,0.050000001,0.090000004,0,0,0,2
114,0,0,0,0,0.129999995,0.050000001,0.180000007,0,0,0,2
114.01,0,0,0,0,0.150000006,0.059999999,0.100000002,0,0,0,2
114.02,0,0,0,0,0.090000004,0.109999999,0.01,0,0,0,2
114.03,0,0,0,0,0.029999999,0.140000001,-0.119999997,0,0,0,2
114.04,0,0,0,0,0.039999999,0.150000006,-0.02,0,0,0,2
114.05,0,0,0,0,0.039999999,0.090000004,0.129999995,0,0,0,2
114.06,0,0,0,0,0.059999999,0.050000001,0.150000006,0,0,0,2
114.07,0,0,0,0,0.07,0.079999998,0.150000006,0,0,0,2
114.08,0,0,0,0,0.01,0.119999997,-0.039999999,0,0,0,2
114.09,0,0,0,0,0.039999999,0.119999997,-0.090000004,0,0,0,2
114.1,0,0,0,0,0,0.119999997,-0.029999999,0,0,0,2
114.11,0,0,0,0,0.059999999,0.050000001,0.159999996,0,0,0,2
114.12,0,0,0,0,0.07,0.07,0.209999993,0,0,0,2
114.13,0,0,0,0,0.100000002,0.07,0.109999999,0,0,0,2
114.14,0,0,0,0,0.079999998,0.079999998,-0.01,0,0,0,2
114.15,0,0,0,0,0.050000001,0.140000001,-0.150000006,0,0,0,2
114.16,0,0,0,0,0.100000002,0.109999999,-0.07,0,0,0,2
114.17,0,0,0,0,0.090000004,0.059999999,0.150000006,0,0,0,2
114.18,0,0,0,0,0.119999997,0.02,0.219999999,0,0,0,2
114.19,0,0,0,0,0.090000004,0.079999998,0.150000006,0,0,0,2
114.2,0,0,0,0,0.02,0.109999999,-0.01,0,0,0,2
114.21,0,0,0,0,0.029999999,0.140000001,-0.059999999,0,0,0,2
114.22,0,0,0,0,0,0.119999997,-0.02,0,0,0,2
114.23,0,0,0,0,0.039999999,0.050000001,0.150000006,0,0,0,2
114.24,0,0,0,0,0.050000001,0.029999999,0.209999993,0,0,0,2
114.25,0,0,0,0,0.090000004,0.079999998,0.079999998,0,0,0,2
114.26,0,0,0,0,0.100000002,0.100000002,-0.01,0,0,0,2
114.27,0,0,0,0,0.050000001,0.119999997,-0.150000006,0,0,0,2
114.28,0,0,0,0,0.050000001,0.119999997,-0.050000001,0,0,0,2
114.29,0,0,0,0,0.059999999,0.090000004,0.129999995,0,0,0,2
114.3,0,0,0,0,0.100000002,0.059999999,0.180000007,0,0,0,2
114.31,0,0,0,0,0.119999997,0.079999998,0.140000001,0,0,0,2
114.32,0,0,0,0,0.090000004,0.129999995,-0.029999999,0,0,0,2
114.33,0,0,0,0,0.059999999,0.129999995,-0.050000001,0,0,0,2
114.34,0,0,0,0,0.029999999,0.140000001,-0.01,0,0,0,2
114.35,0,0,0,0,0.059999999,0.039999999,0.159999996,0,0,0,2
114.36,0,0,0,0,0.100000002,0.050000001,0.189999998,0,0,0,2
114.37,0,0,0,0,0.100000002,0.059999999,0.100000002,0,0,0,2
114.38,0,0,0,0,0.07,0.079999998,0,0,0,0,2
114.39,0,0,0,0,0.02,0.150000006,-0.140000001,0,0,0,2
114.4,0,0,0,0,0,0.100000002,-0.029999999,0,0,0,2
114.41,0,0,0,0,0.07,0.050000001,0.100000002,0,0,0,2
114.42,0,0,0,0,0.079999998,0.02,0.140000001,0,0,0,2
114.43,0,0,0,0,0.07,0.07,0.119999997,0,0,0,2
114.44,0,0,0,0,0.029999999,0.100000002,0.039999999,0,0,0,2
114.45,0,0,0,0,0.02,0.140000001,0.01,0,0,0,2
114.46,0,0,0,0,0.050000001,0.109999999,-0.100000002,0,0,0,2
114.47,0,0,0,0,0.119999997,0.059999999,0.039999999,0,0,0,2
114.48,0,0,0,0,0.140000001,0.02,0.109999999,0,0,0,2
114.49,0,0,0,0,0.090000004,0.039999999,0.140000001,0,0,0,2
114.5,0,0,0,0,0.039999999,0.119999997,0.109999999,0,0,0,2
114.51,0,0,0,0,-0.029999999,0.150000006,-0.02,0,0,0,2
114.52,0,0,0,0,0.059999999,0.109999999,-0.090000004,0,0,0,2
114.53,0,0,0,0,0.100000002,0.090000004,-0.039999999,0,0,0,2
114.54,0,0,0,0,0.109999999,-0.01,0.119999997,0,0,0,2
114.55,0,0,0,0,0.079999998,0.059999999,0.200000003,0,0,0,2
114.56,0,0,0,0,-0.01,0.100000002,0.129999995,0,0,0,2
114.57,0,0,0,0,0,0.140000001,0.100000002,0,0,0,2
114.58,0,0,0,0,0,0.119999997,-0.07,0,0,0,2
114.59,0,0,0,0,0.119999997,0.059999999,-0.01,0,0,0,2
114.6,0,0,0,0,0.100000002,0.01,0,0,0,0,2
114.61,0,0,0,0,0.07,0.029999999,0.039999999,0,0,0,2
114.62,0,0,0,0,0.029999999,0.119999997,0.100000002,0,0,0,2
114.63,0,0,0,0,-0.01,0.159999996,0.050000001,0,0,0,2
114.64,0,0,0,0,0.059999999,0.109999999,0.01,0,0,0,2
114.65,0,0,0,0,0.129999995,0.07,0,0,0,0,2
114.66,0,0,0,0,0.150000006,0,0.059999999,0,0,0,2
114.67,0,0,0,0,0.109999999,0.029999999,0.109999999,0,0,0,2
114.68,0,0,0,0,0.039999999,0.119999997,0.140000001,0,0,0,2
114.69,0,0,0,0,0,0.170000002,0.129999995,0,0,0,2
114.7,0,0,0,0,0,0.150000006,-0.079999998,0,0,0,2
114.71,0,0,0,0,0.109999999,0.059999999,0,0,0,0,2
114.72,0,0,0,0,0.079999998,0.02,-0.029999999,0,0,0,2
114.73,0,0,0,0,0.07,0.02,0.059999999,0,0,0,2
114.74,0,0,0,0,0,0.109999999,0.119999997,0,0,0,2
114.75,0,0,0,0,-0.039999999,0.150000006,0.059999999,0,0,0,2
114.76,0,0,0,0,0,0.119999997,0.01,0,0,0,2
114.77,0,0,0,0,0.07,0.039999999,0,0,0,0,2
114.78,0,0,0,0,0.100000002,-0.01,0.07,0,0,0,2
114.79,0,0,0,0,0.079999998,0.039999999,0.079999998,0,0,0,2
114.8,0,0,0,0,0.01,0.109999999,0.079999998,0,0,0,2
114.81,0,0,0,0,0.029999999,0.150000006,0.039999999,0,0,0,2
114.82,0,0,0,0,0.07,0.140000001,-0.029999999,0,0,0,2
114.83,0,0,0,0,0.119999997,0.059999999,-0.01,0,0,0,2
114.84,0,0,0,0,0.129999995,0,0.02,0,0,0,2
114.85,0,0,0,0,0.090000004,0.029999999,0.109999999,0,0,0,2
114.86,0,0,0,0,0.01,0.119999997,0.109999999,0,0,0,2
114.87,0,0,0,0,-0.02,0.159999996,0,0,0,0,2
114.88,0,0,0,0,0.039999999,0.119999997,-0.059999999,0,0,0,2
114.89,0,0,0,0,0.079999998,0.050000001,0,0,0,0,2
114.9,0,0,0,0,0.119999997,0.01,0.109999999,0,0,0,2
114.91,0,0,0,0,0.079999998,0.029999999,0.109999999,0,0,0,2
114.92,0,0,0,0,0,0.090000004,0.119999997,0,0,0,2
114.93,0,0,0,0,-0.029999999,0.159999996,0,0,0,0,2
114.94,0,0,0,0,-0.02,0.129999995,-0.07,0,0,0,2
114.95,0,0,0,0,0.090000004,0.059999999,-0.02,0,0,0,2
114.96,0,0,0,0,0.079999998,0.01,0,0,0,0,2
114.97,0,0,0,0,0.090000004,0.02,0.129999995,0,0,0,2
114.98,0,0,0,0,0.029999999,0.109999999,0.109999999,0,0,0,2
114.99,0,0,0,0,0.02,0.159999996,0.050000001,0,0,0,2
115,0,0,0,0,0.039999999,0.119999997,0.029999999,0,0,0,2
115.01,0,0,0,0,0.129999995,0.029999999,-0.01,0,0,0,2
115.02,0,0,0,0,0.150000006,0.01,0.059999999,0,0,0,2
115.03,0,0,0,0,0.100000002,0.029999999,0.090000004,0,0,0,2
115.04,0,0,0,0,0,0.119999997,0.100000002,0,0,0,2
115.05,0,0,0,0,0,0.150000006,-0.01,0,0,0,2
115.06,0,0,0,0,0,0.090000004,-0.050000001,0,0,0,2
115.07,0,0,0,0,0.109999999,0.02,-0.01,0,0,0,2
115.08,0,0,0,0,0.050000001,0,0.07,0,0,0,2
115.09,0,0,0,0,0.059999999,0,0.170000002,0,0,0,2
115.1,0,0,0,0,0,0.079999998,0.189999998,0,0,0,2
115.11,0,0,0,0,-0.039999999,0.159999996,0.07,0,0,0,2
115.12,0,0,0,0,0.02,0.129999995,-0.02,0,0,0,2
115.13,0,0,0,0,0.129999995,0.02,-0.039999999,0,0,0,2
115.14,0,0,0,0,0.159999996,0.02,0.01,0,0,0,2
115.15,0,0,0,0,0.100000002,0.07,0.050000001,0,0,0,2
115.16,0,0,0,0,0.059999999,0.129999995,0.129999995,0,0,0,2
115.17,0,0,0,0,0.01,0.170000002,0.07,0,0,0,2
115.18,0,0,0,0,0,0.140000001,-0.01,0,0,0,2
115.19,0,0,0,0,0.119999997,0.029999999,0,0,0,0,2
115.2,0,0,0,0,0.07,-0.029999999,0.02,0,0,0,2
115.21,0,0,0,0,0.02,0.01,0.100000002,0,0,0,2
115.22,0,0,0,0,-0.01,0.100000002,0.119999997,0,0,0,2
115.23,0,0,0,0,0,0.140000001,0.090000004,0,0,0,2
115.24,0,0,0,0,0.02,0.090000004,-0.050000001,0,0,0,2
115.25,0,0,0,0,0.079999998,0,0,0,0,0,2
115.26,0,0,0,0,0.119999997,-0.01,0.059999999,0,0,0,2
115.27,0,0,0,0,0.029999999,0.029999999,0.119999997,0,0,0,2
115.28,0,0,0,0,0,0.090000004,0.100000002,0,0,0,2
115.29,0,0,0,0,-0.02,0.140000001,-0.02,0,0,0,2
115.3,0,0,0,0,0.050000001,0.100000002,-0.039999999,0,0,0,2
115.31,0,0,0,0,0.129999995,0.050000001,-0.01,0,0,0,2
115.32,0,0,0,0,0.090000004,0.02,0.02,0,0,0,2
115.33,0,0,0,0,0.109999999,0.059999999,0.159999996,0,0,0,2
115.34,0,0,0,0,0.01,0.119999997,0.109999999,0,0,0,2
115.35,0,0,0,0,0.01,0.150000006,0.100000002,0,0,0,2
115.36,0,0,0,0,0.059999999,0.090000004,-0.029999999,0,0,0,2
115.37,0,0,0,0,0.129999995,0,0,0,0,0,2
115.38,0,0,0,0,0.119999997,-0.02,0.109999999,0,0,0,2
115.39,0,0,0,0,0.050000001,0.01,0.140000001,0,0,0,2
115.4,0,0,0,0,0.050000001,0.100000002,0.050000001,0,0,0,2
115.41,0,0,0,0,-0.01,0.119999997,-0.07,0,0,0,2
115.42,0,0,0,0,0.039999999,0.079999998,-0.039999999,0,0,0,2
115.43,0,0,0,0,0.059999999,0.029999999,0.039999999,0,0,0,2
115.44,0,0,0,0,0.039999999,0,0.140000001,0,0,0,2
115.45,0,0,0,0,0.039999999,0.02,0.239999995,0,0,0,2
115.46,0,0,0,0,-0.02,0.119999997,0.119999997,0,0,0,2
115.47,0,0,0,0,0,0.150000006,0.01,0,0,0,2
115.48,0,0,0,0,0.039999999,0.100000002,-0.090000004,0,0,0,2
115.49,0,0,0,0,0.109999999,0,0,0,0,0,2
115.5,0,0,0,0,0.109999999,0.02,0.090000004,0,0,0,2
115.51,0,0,0,0,0.050000001,0.029999999,0.07,0,0,0,2
115.52,0,0,0,0,0.050000001,0.100000002,0.059999999,0,0,0,2
115.53,0,0,0,0,0,0.119999997,-0.02,0,0,0,2
115.54,0,0,0,0,0.059999999,0.050000001,0,0,0,0,2
115.55,0,0,0,0,0.090000004,0,0.090000004,0,0,0,2
115.56,0,0,0,0,0.100000002,-0.039999999,0.150000006,0,0,0,2
115.57,0,0,0,0,0.050000001,0.01,0.170000002,0,0,0,2
115.58,0,0,0,0,0,0.119999997,0.039999999,0,0,0,2
115.59,0,0,0,0,0,0.159999996,-0.059999999,0,0,0,2
115.6,0,0,0,0,0.039999999,0.100000002,-0.100000002,0,0,0,2
115.61,0,0,0,0,0.140000001,0.02,0,0,0,0,2
115.62,0,0,0,0,0.119999997,0,0.100000002,0,0,0,2
115.63,0,0,0,0,0.02,0.059999999,0.189999998,0,0,0,2
115.64,0,0,0,0,0,0.119999997,0.129999995,0,0,0,2
115.65,0,0,0,0,-0.039999999,0.159999996,0,0,0,0,2
115.66,0,0,0,0,0.02,0.090000004,-0.02,0,0,0,2
115.67,0,0,0,0,0.02,0.029999999,-0.01,0,0,0,2
115.68,0,0,0,0,0.059999999,0.02,0.079999998,0,0,0,2
115.69,0,0,0,0,0.01,0.029999999,0.100000002,0,0,0,2
115.7,0,0,0,0,-0.029999999,0.100000002,0,0,0,0,2
115.71,0,0,0,0,0.039999999,0.119999997,0,0,0,0,2
115.72,0,0,0,0,0.100000002,0.100000002,-0.050000001,0,0,0,2
115.73,0,0,0,0,0.189999998,0.01,0.029999999,0,0,0,2
115.74,0,0,0,0,0.150000006,0,0.189999998,0,0,0,2
115.75,0,0,0,0,0.07,0.01,0.200000003,0,0,0,2
115.76,0,0,0,0,0.039999999,0.100000002,0.119999997,0,0,0,2
115.77,0,0,0,0,-0.01,0.119999997,-0.029999999,0,0,0,2
115.78,0,0,0,0,0.02,0.059999999,-0.029999999,0,0,0,2
115.79,0,0,0,0,0.039999999,0.029999999,-0.02,0,0,0,2
115.8,0,0,0,0,0.039999999,-0.01,0.050000001,0,0,0,2
115.81,0,0,0,0,-0.01,0.039999999,0.170000002,0,0,0,2
115.82,0,0,0,0,-0.050000001,0.119999997,0.029999999,0,0,0,2
115.83,0,0,0,0,0,0.109999999,-0.039999999,0,0,0,2
115.84,0,0,0,0,0.039999999,0.119999997,-0.079999998,0,0,0,2
115.85,0,0,0,0,0.109999999,0.029999999,0.050000001,0,0,0,2
115.86,0,0,0,0,0.109999999,0.059999999,0.159999996,0,0,0,2
115.87,0,0,0,0,0.07,0.039999999,0.159999996,0,0,0,2
115.88,0,0,0,0,0.02,0.100000002,0.109999999,0,0,0,2
115.89,0,0,0,0,-0.029999999,0.100000002,-0.02,0,0,0,2
115.9,0,0,0,0,0.029999999,0.079999998,-0.01,0,0,0,2
115.91,0,0,0,0,0.039999999,0,0.050000001,0,0,0,2
115.92,0,0,0,0,0.059999999,-0.029999999,0.159999996,0,0,0,2
115.93,0,0,0,0,0.01,0.02,0.170000002,0,0,0,2
115.94,0,0,0,0,-0.01,0.059999999,0.02,0,0,0,2
115.95,0,0,0,0,0.02,0.100000002,-0.050000001,0,0,0,2
115.96,0,0,0,0,0.050000001,0.079999998,-0.090000004,0,0,0,2
115.97,0,0,0,0,0.129999995,0,0,0,0,0,2
115.98,0,0,0,0,0.129999995,0.039999999,0.129999995,0,0,0,2
115.99,0,0,0,0,0.059999999,0.039999999,0.189999998,0,0,0,2
116,0,0,0,0,-0.039999999,0.119999997,0.039999999,0,0,0,2
116.01,0,0,0,0,-0.02,0.079999998,0,0,0,0,2
116.02,0,0,0,0,-0.01,0.059999999,-0.01,0,0,0,2
116.03,0,0,0,0,0.029999999,0.01,0.02,0,0,0,2
116.04,0,0,0,0,0.059999999,0,0.119999997,0,0,0,2
116.05,0,0,0,0,-0.01,0.059999999,0.140000001,0,0,0,2
116.06,0,0,0,0,-0.01,0.109999999,0.039999999,0,0,0,2
116.07,0,0,0,0,0.02,0.140000001,-0.059999999,0,0,0,2
116.08,0,0,0,0,0.079999998,0.050000001,-0.059999999,0,0,0,2
116.09,0,0,0,0,0.170000002,0.01,0.079999998,0,0,0,2
116.1,0,0,0,0,0.180000007,0.01,0.079999998,0,0,0,2
116.11,0,0,0,0,0.109999999,0.02,0.159999996,0,0,0,2
116.12,0,0,0,0,0.039999999,0.059999999,0.01,0,0,0,2
116.13,0,0,0,0,0,0.039999999,-0.090000004,0,0,0,2
116.14,0,0,0,0,-0.01,0.029999999,-0.01,0,0,0,2
116.15,0,0,0,0,0.02,-0.02,0.100000002,0,0,0,2
116.16,0,0,0,0,0.029999999,-0.029999999,0.150000006,0,0,0,2
116.17,0,0,0,0,-0.029999999,0.02,0.079999998,0,0,0,2
116.18,0,0,0,0,-0.059999999,0.059999999,0.029999999,0,0,0,2
116.19,0,0,0,0,-0.050000001,0.100000002,-0.039999999,0,0,0,2
116.2,0,0,0,0,-0.029999999,0.090000004,0.01,0,0,0,2
116.21,0,0,0,0,0,0.079999998,0.189999998,0,0,0,2
116.22,0,0,0,0,0.079999998,0.100000002,0.159999996,0,0,0,2
116.23,0,0,0,0,0.059999999,0.100000002,0.029999999,0,0,0,2
116.24,0,0,0,0,0.07,0.119999997,-0.140000001,0,0,0,2
116.25,0,0,0,0,0.059999999,0.150000006,-0.050000001,0,0,0,2
116.26,0,0,0,0,0.100000002,0.07,0,0,0,0,2
116.27,0,0,0,0,0.109999999,0,0.170000002,0,0,0,2
116.28,0,0,0,0,0.100000002,-0.039999999,0.159999996,0,0,0,2
116.29,0,0,0,0,0.059999999,-0.029999999,0.029999999,0,0,0,2
116.3,0,0,0,0,0,0.02,-0.059999999,0,0,0,2
116.31,0,0,0,0,-0.079999998,0.039999999,-0.029999999,0,0,0,2
116.32,0,0,0,0,-0.01,0.029999999,0.150000006,0,0,0,2
116.33,0,0,0,0,0.02,0.01,0.230000004,0,0,0,2
116.34,0,0,0,0,0.039999999,0.039999999,0.189999998,0,0,0,2
116.35,0,0,0,0,0.02,0.07,0.029999999,0,0,0,2
116.36,0,0,0,0,0.01,0.150000006,-0.129999995,0,0,0,2
116.37,0,0,0,0,0,0.109999999,-0.100000002,0,0,0,2
116.38,0,0,0,0,0.01,0.100000002,0.050000001,0,0,0,2
116.39,0,0,0,0,0.050000001,0,0.159999996,0,0,0,2
116.4,0,0,0,0,0.050000001,0,0.140000001,0,0,0,2
116.41,0,0,0,0,0.050000001,0.039999999,0.050000001,0,0,0,2
116.42,0,0,0,0,0.01,0.039999999,-0.079999998,0,0,0,2
116.43,0,0,0,0,0.01,0.029999999,-0.079999998,0,0,0,2
116.44,0,0,0,0,0.02,0,0.100000002,0,0,0,2
116.45,0,0,0,0,0.059999999,-0.01,0.189999998,0,0,0,2
116.46,0,0,0,0,0.090000004,0.01,0.189999998,0,0,0,2
116.47,0,0,0,0,0.050000001,0.029999999,0.01,0,0,0,2
116.48,0,0,0,0,0.050000001,0.109999999,-0.090000004,0,0,0,2
116.49,0,0,0,0,0.029999999,0.119999997,-0.039999999,0,0,0,2
116.5,0,0,0,0,0.029999999,0.109999999,0.07,0,0,0,2
116.51,0,0,0,0,0.050000001,0.02,0.189999998,0,0,0,2
116.52,0,0,0,0,0.079999998,0.039999999,0.119999997,0,0,0,2
116.53,0,0,0,0,0.079999998,0.079999998,0.01,0,0,0,2
116.54,0,0,0,0,0.01,0.090000004,-0.119999997,0,0,0,2
116.55,0,0,0,0,-0.01,0.079999998,-0.100000002,0,0,0,2
116.56,0,0,0,0,0,0.029999999,0.100000002,0,0,0,2
116.57,0,0,0,0,0.029999999,0,0.219999999,0,0,0,2
116.58,0,0,0,0,0.039999999,-0.01,0.200000003,0,0,0,2
116.59,0,0,0,0,0.059999999,0.01,0.07,0,0,0,2
116.6,0,0,0,0,0,0.090000004,-0.079999998,0,0,0,2
116.61,0,0,0,0,0,0.07,-0.050000001,0,0,0,2
116.62,0,0,0,0,0.02,0.050000001,0.059999999,0,0,0,2
116.63,0,0,0,0,0.059999999,0,0.170000002,0,0,0,2
116.64,0,0,0,0,0.090000004,0.01,0.159999996,0,0,0,2
116.65,0,0,0,0,0.079999998,0.039999999,0.02,0,0,0,2
116.66,0,0,0,0,0.01,0.059999999,-0.090000004,0,0,0,2
116.67,0,0,0,0,-0.029999999,0.100000002,-0.090000004,0,0,0,2
116.68,0,0,0,0,0,0.059999999,0.090000004,0,0,0,2
116.69,0,0,0,0,0.039999999,0.01,0.140000001,0,0,0,2
116.7,0,0,0,0,0.079999998,-0.01,0.159999996,0,0,0,2
116.71,0,0,0,0,0.029999999,0.050000001,0.01,0,0,0,2
116.72,0,0,0,0,0.02,0.100000002,-0.079999998,0,0,0,2
116.73,0,0,0,0,-0.01,0.059999999,-0.02,0,0,0,2
116.74,0,0,0,0,-0.01,0.01,0.079999998,0,0,0,2
116.75,0,0,0,0,0.039999999,-0.029999999,0.219999999,0,0,0,2
116.76,0,0,0,0,0.100000002,0.029999999,0.150000006,0,0,0,2
116.77,0,0,0,0,0.07,0.029999999,0.039999999,0,0,0,2
116.78,0,0,0,0,0,0.059999999,-0.109999999,0,0,0,2
116.79,0,0,0,0,0,0.07,-0.109999999,0,0,0,2
116.8,0,0,0,0,0,0.07,-0.109999999,0,0,0,2
116.81,0,0,0,0,0.039999999,0,0.159999996,0,0,0,2
116.82,0,0,0,0,0.079999998,-0.01,0.209999993,0,0,0,2
116.83,0,0,0,0,0.059999999,0.039999999,0.02,0,0,0,2
116.84,0,0,0,0,0.029999999,0.059999999,-0.059999999,0,0,0,2
116.85,0,0,0,0,0,0.100000002,-0.039999999,0,0,0,2
116.86,0,0,0,0,0.01,0.050000001,0.039999999,0,0,0,2
116.87,0,0,0,0,0.07,0,0.189999998,0,0,0,2
116.88,0,0,0,0,0.050000001,0.01,0.159999996,0,0,0,2
116.89,0,0,0,0,0.039999999,0.029999999,0.02,0,0,0,2
116.9,0,0,0,0,0,0.090000004,-0.109999999,0,0,0,2
116.91,0,0,0,0,-0.02,0.079999998,-0.100000002,0,0,0,2
116.92,0,0,0,0,0,0.01,0.100000002,0,0,0,2
116.93,0,0,0,0,0.01,0,0.180000007,0,0,0,2
116.94,0,0,0,0,0.039999999,0,0.150000006,0,0,0,2
116.95,0,0,0,0,0.039999999,0.02,0.02,0,0,0,2
116.96,0,0,0,0,0.01,0.050000001,-0.100000002,0,0,0,2
116.97,0,0,0,0,0,0.079999998,-0.039999999,0,0,0,2
116.98,0,0,0,0,0.01,0.039999999,0.07,0,0,0,2
116.99,0,0,0,0,0.02,-0.02,0.180000007,0,0,0,2
117,0,0,0,0,0.07,0,0.109999999,0,0,0,2
117.01,0,0,0,0,0.039999999,0.050000001,0.050000001,0,0,0,2
117.02,0,0,0,0,0,0.07,-0.059999999,0,0,0,2
117.03,0,0,0,0,0,0.090000004,-0.07,0,0,0,2
117.04,0,0,0,0,-0.02,0.029999999,0.100000002,0,0,0,2
117.05,0,0,0,0,0.02,0,0.200000003,0,0,0,2
117.06,0,0,0,0,0.059999999,-0.029999999,0.150000006,0,0,0,2
117.07,0,0,0,0,0,0.039999999,0.039999999,0,0,0,2
117.08,0,0,0,0,-0.029999999,0.079999998,-0.039999999,0,0,0,2
117.09,0,0,0,0,-0.029999999,0.109999999,-0.050000001,0,0,0,2
117.1,0,0,0,0,0.01,0.029999999,-0.039999999,0,0,0,2
117.11,0,0,0,0,0.079999998,-0.01,0.059999999,0,0,0,2
117.12,0,0,0,0,0.07,-0.02,0.100000002,0,0,0,2
117.13,0,0,0,0,0.029999999,-0.01,0.119999997,0,0,0,2
117.14,0,0,0,0,0.02,0.059999999,0.029999999,0,0,0,2
117.15,0,0,0,0,0.02,0.079999998,-0.07,0,0,0,2
117.16,0,0,0,0,0.029999999,0,0,0,0,0,2
117.17,0,0,0,0,0.059999999,-0.01,0.059999999,0,0,0,2
117.18,0,0,0,0,0.07,-0.029999999,0.180000007,0,0,0,2
117.19,0,0,0,0,-0.01,0.039999999,0.180000007,0,0,0,2
117.2,0,0,0,0,-0.039999999,0.07,0.029999999,0,0,0,2
117.21,0,0,0,0,-0.029999999,0.090000004,-0.07,0,0,0,2
117.22,0,0,0,0,0,0.050000001,-0.039999999,0,0,0,2
117.23,0,0,0,0,0.050000001,-0.01,0.050000001,0,0,0,2
117.24,0,0,0,0,0.059999999,-0.02,0.119999997,0,0,0,2
117.25,0,0,0,0,0,0.02,0.159999996,0,0,0,2
117.26,0,0,0,0,-0.02,0.079999998,0,0,0,0,2
117.27,0,0,0,0,-0.01,0.100000002,-0.059999999,0,0,0,2
117.28,0,0,0,0,0.07,0.02,-0.02,0,0,0,2
117.29,0,0,0,0,0.100000002,-0.039999999,0.059999999,0,0,0,2
117.3,0,0,0,0,0.079999998,-0.050000001,0.129999995,0,0,0,2
117.31,0,0,0,0,0.01,0.029999999,0.159999996,0,0,0,2
117.32,0,0,0,0,-0.01,0.079999998,0.029999999,0,0,0,2
117.33,0,0,0,0,0,0.100000002,-0.090000004,0,0,0,2
117.34,0,0,0,0,0.039999999,0.02,-0.029999999,0,0,0,2
117.35,0,0,0,0,0.109999999,-0.050000001,0.029999999,0,0,0,2
117.36,0,0,0,0,0.059999999,-0.01,0.150000006,0,0,0,2
117.37,0,0,0,0,0.01,0.02,0.150000006,0,0,0,2
117.38,0,0,0,0,-0.02,0.119999997,0.01,0,0,0,2
117.39,0,0,0,0,-0.01,0.079999998,-0.050000001,0,0,0,2
117.4,0,0,0,0,0.059999999,0.02,0,0,0,0,2
117.41,0,0,0,0,0.059999999,-0.039999999,0.07,0,0,0,2
117.42,0,0,0,0,0.039999999,-0.029999999,0.189999998,0,0,0,2
117.43,0,0,0,0,-0.039999999,0.029999999,0.140000001,0,0,0,2
117.44,0,0,0,0,-0.059999999,0.079999998,0.02,0,0,0,2
117.45,0,0,0,0,-0.02,0.090000004,-0.109999999,0,0,0,2
117.46,0,0,0,0,0.029999999,0,-0.090000004,0,0,0,2
117.47,0,0,0,0,0.07,-0.02,0.029999999,0,0,0,2
117.48,0,0,0,0,0.07,-0.02,0.119999997,0,0,0,2
117.49,0,0,0,0,0.050000001,0.01,0.189999998,0,0,0,2
117.5,0,0,0,0,0,0.07,0.059999999,0,0,0,2
117.51,0,0,0,0,0.02,0.029999999,0.01,0,0,0,2
117.52,0,0,0,0,0.050000001,0,-0.02,0,0,0,2
117.53,0,0,0,0,0.07,-0.02,0.079999998,0,0,0,2
117.54,0,0,0,0,0.050000001,0,0.150000006,0,0,0,2
117.55,0,0,0,0,0,0.02,0.100000002,0,0,0,2
117.56,0,0,0,0,-0.02,0.07,0.02,0,0,0,2
117.57,0,0,0,0,-0.039999999,0.079999998,-0.100000002,0,0,0,2
117.58,0,0,0,0,-0.029999999,0.039999999,0.090000004,0,0,0,2
117.59,0,0,0,0,0,-0.01,0.180000007,0,0,0,2
117.6,0,0,0,0,0.02,-0.01,0.129999995,0,0,0,2
117.61,0,0,0,0,0.01,0.02,-0.01,0,0,0,2
117.62,0,0,0,0,0,0.059999999,-0.129999995,0,0,0,2
117.63,0,0,0,0,0.02,0.029999999,-0.059999999,0,0,0,2
117.64,0,0,0,0,0.039999999,0,0.079999998,0,0,0,2
117.65,0,0,0,0,0.079999998,-0.039999999,0.230000004,0,0,0,2
117.66,0,0,0,0,0.079999998,-0.029999999,0.189999998,0,0,0,2
117.67,0,0,0,0,0.039999999,0.029999999,0.050000001,0,0,0,2
117.68,0,0,0,0,-0.01,0.059999999,-0.029999999,0,0,0,2
117.69,0,0,0,0,-0.050000001,0.079999998,-0.059999999,0,0,0,2
117.7,0,0,0,0,-0.050000001,0.02,0.079999998,0,0,0,2
117.71,0,0,0,0,0,0.01,0.140000001,0,0,0,2
117.72,0,0,0,0,0.050000001,-0.039999999,0.07,0,0,0,2
117.73,0,0,0,0,0.059999999,0,-0.02,0,0,0,2
117.74,0,0,0,0,0.01,0.039999999,-0.119999997,0,0,0,2
117.75,0,0,0,0,0,0.029999999,0.01,0,0,0,2
117.76,0,0,0,0,-0.01,0.01,0.140000001,0,0,0,2
117.77,0,0,0,0,0.02,-0.01,0.259999991,0,0,0,2
117.78,0,0,0,0,-0.01,-0.01,0.07,0,0,0,2
117.79,0,0,0,0,0,0.029999999,-0.029999999,0,0,0,2
117.8,0,0,0,0,-0.02,0.02,-0.129999995,0,0,0,2
117.81,0,0,0,0,-0.02,0.059999999,-0.119999997,0,0,0,2
117.82,0,0,0,0,0.02,0.01,0.109999999,0,0,0,2
117.83,0,0,0,0,0.029999999,-0.039999999,0.150000006,0,0,0,2
117.84,0,0,0,0,0.109999999,-0.039999999,0.170000002,0,0,0,2
117.85,0,0,0,0,0.050000001,0.02,0.01,0,0,0,2
117.86,0,0,0,0,-0.01,0.050000001,-0.100000002,0,0,0,2
117.87,0,0,0,0,-0.02,0.02,0,0,0,0,2
117.88,0,0,0,0,0.01,0.050000001,0.07,0,0,0,2
117.89,0,0,0,0,0.039999999,-0.01,0.189999998,0,0,0,2
117.9,0,0,0,0,0.039999999,-0.02,0.129999995,0,0,0,2
117.91,0,0,0,0,0.039999999,0.029999999,0,0,0,0,2
117.92,0,0,0,0,-0.02,0.059999999,-0.079999998,0,0,0,2
117.93,0,0,0,0,-0.01,0.059999999,-0.02,0,0,0,2
117.94,0,0,0,0,0,0.02,0.159999996,0,0,0,2
117.95,0,0,0,0,0,0,0.170000002,0,0,0,2
117.96,0,0,0,0,0.029999999,-0.039999999,0.129999995,0,0,0,2
117.97,0,0,0,0,0,0,-0.029999999,0,0,0,2
117.98,0,0,0,0,0.01,0.039999999,-0.129999995,0,0,0,2
117.99,0,0,0,0,0,0.050000001,0,0,0,0,2
118,0,0,0,0,0,0,0.109999999,0,0,0,2
118.01,0,0,0,0,0.029999999,-0.029999999,0.189999998,0,0,0,2
118.02,0,0,0,0,0.050000001,0,0.109999999,0,0,0,2
118.03,0,0,0,0,0.01,0,0.01,0,0,0,2
118.04,0,0,0,0,0,0.059999999,-0.100000002,0,0,0,2
118.05,0,0,0,0,0,0.029999999,-0.07,0,0,0,2
118.06,0,0,0,0,0.02,0.01,0.140000001,0,0,0,2
118.07,0,0,0,0,0.039999999,-0.02,0.150000006,0,0,0,2
118.08,0,0,0,0,0.050000001,-0.01,0.150000006,0,0,0,2
118.09,0,0,0,0,-0.02,0.02,0.01,0,0,0,2
118.1,0,0,0,0,-0.02,0.050000001,-0.059999999,0,0,0,2
118.11,0,0,0,0,-0.039999999,0.07,-0.02,0,0,0,2
118.12,0,0,0,0,0,0.01,0.100000002,0,0,0,2
118.13,0,0,0,0,0.039999999,0,0.180000007,0,0,0,2
118.14,0,0,0,0,0.090000004,0,0.140000001,0,0,0,2
118.15,0,0,0,0,0.07,0.01,0.01,0,0,0,2
118.16,0,0,0,0,0,0.059999999,-0.079999998,0,0,0,2
118.17,0,0,0,0,-0.029999999,0.02,-0.039999999,0,0,0,2
118.18,0,0,0,0,0,0,0.150000006,0,0,0,2
118.19,0,0,0,0,0.01,-0.029999999,0.200000003,0,0,0,2
118.2,0,0,0,0,0.07,-0.039999999,0.140000001,0,0,0,2
118.21,0,0,0,0,0.01,0.02,-0.01,0,0,0,2
118.22,0,0,0,0,0,0.059999999,-0.150000006,0,0,0,2
118.23,0,0,0,0,0,0.02,-0.029999999,0,0,0,2
118.24,0,0,0,0,0.02,0.01,0.029999999,0,0,0,2
118.25,0,0,0,0,0.039999999,-0.02,0.150000006,0,0,0,2
118.26,0,0,0,0,0.039999999,-0.01,0.090000004,0,0,0,2
118.27,0,0,0,0,0.029999999,0,0,0,0,0,2
118.28,0,0,0,0,-0.01,0.059999999,-0.079999998,0,0,0,2
118.29,0,0,0,0,-0.01,0.039999999,0.01,0,0,0,2
118.3,0,0,0,0,-0.029999999,0.01,0.170000002,0,0,0,2
118.31,0,0,0,0,0.01,0,0.219999999,0,0,0,2
118.32,0,0,0,0,0.01,0,0.180000007,0,0,0,2
118.33,0,0,0,0,-0.01,0.02,-0.01,0,0,0,2
118.34,0,0,0,0,-0.01,0.050000001,-0.090000004,0,0,0,2
118.35,0,0,0,0,-0.050000001,0.050000001,-0.039999999,0,0,0,2
118.36,0,0,0,0,0,0,0.090000004,0,0,0,2
118.37,0,0,0,0,0.029999999,0,0.180000007,0,0,0,2
118.38,0,0,0,0,0.050000001,-0.01,0.059999999,0,0,0,2
118.39,0,0,0,0,0.059999999,0.01,-0.01,0,0,0,2
118.4,0,0,0,0,0,0.050000001,-0.090000004,0,0,0,2
118.41,0,0,0,0,0,0.02,0,0,0,0,2
118.42,0,0,0,0,0,0,0.159999996,0,0,0,2
118.43,0,0,0,0,0.02,-0.029999999,0.189999998,0,0,0,2
118.44,0,0,0,0,0.050000001,-0.029999999,0.140000001,0,0,0,2
118.45,0,0,0,0,0.02,0.02,-0.029999999,0,0,0,2
118.46,0,0,0,0,-0.02,0.050000001,-0.079999998,0,0,0,2
118.47,0,0,0,0,-0.02,0.07,-0.029999999,0,0,0,2
118.48,0,0,0,0,0,0.01,0.140000001,0,0,0,2
118.49,0,0,0,0,0.029999999,-0.01,0.180000007,0,0,0,2
118.5,0,0,0,0,0.02,-0.02,0.100000002,0,0,0,2
118.51,0,0,0,0,0,0,0.01,0,0,0,2
118.52,0,0,0,0,-0.01,0.059999999,-0.090000004,0,0,0,2
118.53,0,0,0,0,0,0.029999999,-0.029999999,0,0,0,2
118.54,0,0,0,0,0,0,0.129999995,0,0,0,2
118.55,0,0,0,0,0.029999999,-0.029999999,0.150000006,0,0,0,2
118.56,0,0,0,0,0.050000001,-0.02,0.059999999,0,0,0,2
118.57,0,0,0,0,0.01,0.029999999,-0.039999999,0,0,0,2
118.58,0,0,0,0,0.01,0.02,-0.07,0,0,0,2
118.59,0,0,0,0,0,0.050000001,-0.039999999,0,0,0,2
118.6,0,0,0,0,0.039999999,0,0.159999996,0,0,0,2
118.61,0,0,0,0,0.07,-0.01,0.219999999,0,0,0,2
118.62,0,0,0,0,0.050000001,-0.01,0.100000002,0,0,0,2
118.63,0,0,0,0,0,0.029999999,0.01,0,0,0,2
118.64,0,0,0,0,-0.029999999,0.079999998,-0.090000004,0,0,0,2
118.65,0,0,0,0,0,0.039999999,-0.029999999,0,0,0,2
118.66,0,0,0,0,-0.02,0.01,0.090000004,0,0,0,2
118.67,0,0,0,0,0,-0.01,0.150000006,0,0,0,2
118.68,0,0,0,0,0.039999999,0,0.090000004,0,0,0,2
118.69,0,0,0,0,0,0.02,-0.02,0,0,0,2
118.7,0,0,0,0,-0.01,0.050000001,-0.119999997,0,0,0,2
118.71,0,0,0,0,-0.02,0.029999999,-0.059999999,0,0,0,2
118.72,0,0,0,0,0.029999999,0,0.159999996,0,0,0,2
118.73,0,0,0,0,0.039999999,-0.029999999,0.230000004,0,0,0,2
118.74,0,0,0,0,0.029999999,-0.02,0.109999999,0,0,0,2
118.75,0,0,0,0,0,-0.02,0.050000001,0,0,0,2
118.76,0,0,0,0,0,0.039999999,-0.109999999,0,0,0,2
118.77,0,0,0,0,0,0.02,-0.02,0,0,0,2
118.78,0,0,0,0,0.02,0.02,0.159999996,0,0,0,2
118.79,0,0,0,0,0.029999999,0.01,0.180000007,0,0,0,2
118.8,0,0,0,0,0.050000001,-0.01,0.129999995,0,0,0,2
118.81,0,0,0,0,0.01,0.029999999,-0.039999999,0,0,0,2
118.82,0,0,0,0,0,0.079999998,-0.109999999,0,0,0,2
118.83,0,0,0,0,-0.039999999,0.050000001,0,0,0,0,2
118.84,0,0,0,0,-0.02,0,0.150000006,0,0,0,2
118.85,0,0,0,0,0,0,0.219999999,0,0,0,2
118.86,0,0,0,0,0.039999999,0,0.07,0,0,0,2
118.87,0,0,0,0,0.01,-0.01,0.02,0,0,0,2
118.88,0,0,0,0,-0.02,0.059999999,-0.07,0,0,0,2
118.89,0,0,0,0,-0.029999999,0.029999999,-0.01,0,0,0,2
118.9,0,0,0,0,0,-0.01,0.079999998,0,0,0,2
118.91,0,0,0,0,0.029999999,-0.059999999,0.170000002,0,0,0,2
118.92,0,0,0,0,0.029999999,-0.029999999,0.090000004,0,0,0,2
118.93,0,0,0,0,0.039999999,0.01,0,0,0,0,2
118.94,0,0,0,0,0.02,0.059999999,-0.07,0,0,0,2
118.95,0,0,0,0,0,0.039999999,-0.02,0,0,0,2
118.96,0,0,0,0,0.039999999,0,0.180000007,0,0,0,2
118.97,0,0,0,0,0.050000001,-0.039999999,0.200000003,0,0,0,2
118.98,0,0,0,0,0.039999999,-0.02,0.109999999,0,0,0,2
118.99,0,0,0,0,-0.01,0.02,0,0,0,0,2
119,0,0,0,0,-0.029999999,0.07,-0.129999995,0,0,0,2
119.01,0,0,0,0,-0.050000001,0.039999999,0,0,0,0,2
119.02,0,0,0,0,-0.02,-0.02,0.119999997,0,0,0,2
119.03,0,0,0,0,0.029999999,-0.039999999,0.200000003,0,0,0,2
119.04,0,0,0,0,0.050000001,0,0.100000002,0,0,0,2
119.05,0,0,0,0,0.02,0.01,-0.029999999,0,0,0,2
119.06,0,0,0,0,0,0.050000001,-0.059999999,0,0,0,2
119.07,0,0,0,0,0,0.039999999,-0.050000001,0,0,0,2
119.08,0,0,0,0,0.02,-0.01,0.180000007,0,0,0,2
119.09,0,0,0,0,0.050000001,-0.01,0.189999998,0,0,0,2
119.1,0,0,0,0,0.029999999,-0.01,0.129999995,0,0,0,2
119.11,0,0,0,0,0.01,0.029999999,-0.02,0,0,0,2
119.12,0,0,0,0,-0.02,0.050000001,-0.109999999,0,0,0,2
119.13,0,0,0,0,0,0.029999999,0.01,0,0,0,2
119.14,0,0,0,0,0,0.02,0.090000004,0,0,0,2
119.15,0,0,0,0,0.039999999,-0.039999999,0.230000004,0,0,0,2
119.16,0,0,0,0,0.02,0,0.090000004,0,0,0,2
119.17,0,0,0,0,0,0.02,-0.029999999,0,0,0,2
119.18,0,0,0,0,-0.029999999,0.07,-0.079999998,0,0,0,2
119.19,0,0,0,0,-0.029999999,0.039999999,-0.02,0,0,0,2
119.2,0,0,0,0,0,-0.029999999,0.200000003,0,0,0,2
119.21,0,0,0,0,0.01,-0.039999999,0.180000007,0,0,0,2
119.22,0,0,0,0,0.050000001,-0.02,0.090000004,0,0,0,2
119.23,0,0,0,0,0.01,0.01,-0.07,0,0,0,2
119.24,0,0,0,0,0,0.039999999,-0.129999995,0,0,0,2
119.25,0,0,0,0,-0.029999999,0.039999999,-0.029999999,0,0,0,2
119.26,0,0,0,0,0.01,0,0.159999996,0,0,0,2
119.27,0,0,0,0,0.050000001,-0.050000001,0.239999995,0,0,0,2
119.28,0,0,0,0,0.059999999,0,0.170000002,0,0,0,2
119.29,0,0,0,0,0,0.02,-0.029999999,0,0,0,2
119.3,0,0,0,0,-0.01,0.079999998,-0.039999999,0,0,0,2
119.31,0,0,0,0,-0.02,0.029999999,-0.02,0,0,0,2
119.32,0,0,0,0,0,0,0.170000002,0,0,0,2
119.33,0,0,0,0,0.029999999,-0.01,0.159999996,0,0,0,2
119.34,0,0,0,0,0.02,-0.01,0.079999998,0,0,0,2
119.35,0,0,0,0,-0.029999999,0.02,-0.090000004,0,0,0,2
119.36,0,0,0,0,-0.039999999,0.050000001,-0.090000004,0,0,0,2
119.37,0,0,0,0,-0.039999999,0.039999999,0,0,0,0,2
119.38,0,0,0,0,0,0.01,0.150000006,0,0,0,2
119.39,0,0,0,0,0.039999999,-0.02,0.270000011,0,0,0,2
119.4,0,0,0,0,0.039999999,0,0.129999995,0,0,0,2
119.41,0,0,0,0,0.039999999,0.01,0.039999999,0,0,0,2
119.42,0,0,0,0,-0.01,0.059999999,-0.090000004,0,0,0,2
119.43,0,0,0,0,0.02,0,-0.02,0,0,0,2
119.44,0,0,0,0,0.02,-0.01,0.159999996,0,0,0,2
119.45,0,0,0,0,0.07,-0.01,0.170000002,0,0,0,2
119.46,0,0,0,0,0.039999999,-0.029999999,0.100000002,0,0,0,2
119.47,0,0,0,0,-0.02,0.039999999,-0.059999999,0,0,0,2
119.48,0,0,0,0,-0.059999999,0.059999999,-0.100000002,0,0,0,2
119.49,0,0,0,0,-0.059999999,0.050000001,0,0,0,0,2
119.5,0,0,0,0,-0.02,0,0.119999997,0,0,0,2
119.51,0,0,0,0,0.02,0,0.200000003,0,0,0,2
119.52,0,0,0,0,0.029999999,0.01,0.090000004,0,0,0,2
119.53,0,0,0,0,0,0.029999999,-0.050000001,0,0,0,2
119.54,0,0,0,0,-0.01,0.07,-0.07,0,0,0,2
119.55,0,0,0,0,0.02,0.02,0,0,0,0,2
119.56,0,0,0,0,0.039999999,-0.02,0.180000007,0,0,0,2
