Time,FLrpm,FRrpm,RLrpm,RRrpm,Ax,Ay,Az,RollR,PitchR,YawR,Steer
0,0,0,0,0,-0.02,0.02,0,0,0,0,0
0.01,0,0,0,0,-0.02,0.02,0,0,0,0,0
0.02,0,0,0,0,0.02,-0.02,0.02,0,0,0,3
0.03,0,0,0,0,0.029999999,0.01,0.059999999,0,0,0,3
0.04,0,0,0,0,0,-0.02,0.029999999,0,0,0,2
0.05,0,0,0,0,0.02,0.01,-0.029999999,0,0,0,2
0.06,0,0,0,0,-0.02,0.02,0,0,0,0,2
0.07,0,0,0,0,-0.01,-0.02,-0.07,0,0,0,2
0.08,0,0,0,0,0,0,-0.02,0,0,0,3
0.09,0,0,0,0,-0.029999999,0,0.039999999,0,0,0,3
0.1,0,0,0,0,-0.01,0.029999999,0,0,0,0,3
0.11,0,0,0,0,0,-0.01,0.02,0,0,0,3
0.12,0,0,0,0,-0.01,-0.02,-0.01,0,0,0,3
0.13,0,0,0,0,-0.01,0.01,-0.01,0,0,0,3
0.14,0,0,0,0,0,-0.02,-0.029999999,0,0,0,3
0.15,0,0,0,0,0,0.050000001,0.029999999,0,0,0,3
0.16,0,0,0,0,0.01,-0.02,0.01,0,0,0,3
0.17,0,0,0,0,0.02,0,0,0,0,0,3
0.18,0,0,0,0,-0.01,0,0.039999999,0,0,0,3
0.19,0,0,0,0,0,0,-0.029999999,0,0,0,3
0.2,0,0,0,0,0.01,0.01,-0.029999999,0,0,0,3
0.21,0,0,0,0,-0.01,-0.02,-0.02,0,0,0,3
0.22,0,0,0,0,0.02,0.02,0.029999999,0,0,0,3
0.23,0,0,0,0,-0.050000001,-0.02,0,0,0,0,3
0.24,0,0,0,0,0,0.029999999,0,0,0,0,2
0.25,0,0,0,0,0,-0.029999999,-0.01,0,0,0,2
0.26,0,0,0,0,0,0.01,-0.029999999,0,0,0,3
0.27,0,0,0,0,0,0.02,0.07,0,0,0,3
0.28,0,0,0,0,0.029999999,-0.02,-0.01,0,0,0,3
0.29,0,0,0,0,0.01,0.029999999,0.039999999,0,0,0,3
0.3,0,0,0,0,0,-0.039999999,-0.02,0,0,0,3
0.31,0,0,0,0,0,0.02,0.07,0,0,0,3
0.32,0,0,0,0,-0.050000001,-0.01,0,0,0,0,3
0.33,0,0,0,0,-0.029999999,0.039999999,0,0,0,0,3
0.34,0,0,0,0,-0.029999999,-0.01,0.02,0,0,0,3
0.35,0,0,0,0,-0.050000001,0,-0.01,0,0,0,3
0.36,0,0,0,0,-0.01,0,-0.01,0,0,0,2
0.37,0,0,0,0,0,-0.02,0,0,0,0,2
0.38,0,0,0,0,0,0,0,0,0,0,2
0.39,0,0,0,0,0.01,-0.02,0,0,0,0,2
0.4,0,0,0,0,0.02,0.029999999,0.039999999,0,0,0,2
0.41,0,0,0,0,0,0.02,0.07,0,0,0,2
0.42,0,0,0,0,0.02,0.02,0.01,0,0,0,2
0.43,0,0,0,0,0.039999999,0.01,0.02,0,0,0,2
0.44,0,0,0,0,0,0,-0.07,0,0,0,3
0.45,0,0,0,0,0,0.01,0.029999999,0,0,0,3
0.46,0,0,0,0,-0.029999999,-0.039999999,-0.01,0,0,0,3
0.47,0,0,0,0,0,0,0.029999999,0,0,0,3
0.48,0,0,0,0,-0.039999999,-0.02,-0.02,0,0,0,3
0.49,0,0,0,0,-0.02,0,0.050000001,0,0,0,3
0.5,0,0,0,0,0,0,0.029999999,0,0,0,3
0.51,0,0,0,0,0,-0.029999999,-0.02,0,0,0,3
0.52,0,0,0,0,0,0.039999999,0.079999998,0,0,0,3
0.53,0,0,0,0,0,-0.02,-0.01,0,0,0,3
0.54,0,0,0,0,-0.02,0.029999999,0,0,0,0,3
0.55,0,0,0,0,0,-0.02,0.02,0,0,0,3
0.56,0,0,0,0,0,-0.02,-0.050000001,0,0,0,3
0.57,0,0,0,0,0.02,0.02,0.059999999,0,0,0,3
0.58,0,0,0,0,-0.01,-0.050000001,-0.02,0,0,0,3
0.59,0,0,0,0,0.029999999,0.02,0.100000002,0,0,0,3
0.6,0,0,0,0,0,-0.050000001,-0.059999999,0,0,0,3
0.61,0,0,0,0,0.01,0.050000001,0.07,0,0,0,3
0.62,0,0,0,0,0,-0.02,-0.039999999,0,0,0,3
0.63,0,0,0,0,0,0.02,0,0,0,0,3
0.64,0,0,0,0,-0.01,-0.02,0.039999999,0,0,0,3
0.65,0,0,0,0,-0.01,0,-0.07,0,0,0,3
0.66,0,0,0,0,-0.02,0.01,0.01,0,0,0,3
0.67,0,0,0,0,-0.050000001,0,-0.059999999,0,0,0,3
0.68,0,0,0,0,-0.02,0.02,0.050000001,0,0,0,3
0.69,0,0,0,0,-0.02,-0.02,-0.039999999,0,0,0,3
0.7,0,0,0,0,0.01,0.029999999,0.01,0,0,0,3
0.71,0,0,0,0,0.029999999,-0.029999999,0.02,0,0,0,3
0.72,0,0,0,0,0.01,0.039999999,0,0,0,0,3
0.73,0,0,0,0,0.02,-0.01,0.029999999,0,0,0,3
0.74,0,0,0,0,0.02,0.02,-0.029999999,0,0,0,3
0.75,0,0,0,0,-0.02,0.02,-0.01,0,0,0,3
0.76,0,0,0,0,0,0,0,0,0,0,3
0.77,0,0,0,0,-0.029999999,0,0.02,0,0,0,3
0.78,0,0,0,0,-0.029999999,0.02,0,0,0,0,2
0.79,0,0,0,0,-0.039999999,0,-0.039999999,0,0,0,2
0.8,0,0,0,0,-0.029999999,0,-0.02,0,0,0,3
0.81,0,0,0,0,-0.039999999,-0.029999999,-0.059999999,0,0,0,3
0.82,0,0,0,0,-0.02,-0.01,-0.01,0,0,0,3
0.83,0,0,0,0,-0.01,-0.01,0,0,0,0,3
0.84,0,0,0,0,0,-0.039999999,0.059999999,0,0,0,3
0.85,0,0,0,0,0.029999999,0,0.02,0,0,0,3
0.86,0,0,0,0,0.01,-0.01,0.039999999,0,0,0,3
0.87,0,0,0,0,0.039999999,0,0,0,0,0,3
0.88,0,0,0,0,0,-0.039999999,0.01,0,0,0,3
0.89,0,0,0,0,0.01,0.029999999,0,0,0,0,3
0.9,0,0,0,0,0,0,0,0,0,0,3
0.91,0,0,0,0,-0.039999999,0.059999999,0.01,0,0,0,3
0.92,0,0,0,0,-0.039999999,-0.01,-0.039999999,0,0,0,3
0.93,0,0,0,0,0,0.039999999,0.01,0,0,0,3
0.94,0,0,0,0,-0.050000001,-0.02,-0.029999999,0,0,0,3
0.95,0,0,0,0,0.01,0.01,-0.039999999,0,0,0,3
0.96,0,0,0,0,0.01,0,0.129999995,0,0,0,3
0.97,0,0,0,0,-0.029999999,-0.029999999,-0.039999999,0,0,0,3
0.98,0,0,0,0,0.029999999,0.01,0.07,0,0,0,3
0.99,0,0,0,0,0.01,-0.059999999,0.02,0,0,0,3
1,0,0,0,0,0.01,0.039999999,0.059999999,0,0,0,3
1.01,0,0,0,0,0.029999999,-0.039999999,-0.029999999,0,0,0,3
1.02,0,0,0,0,0,0,0,0,0,0,2
1.03,0,0,0,0,0,-0.01,-0.01,0,0,0,2
1.04,0,0,0,0,-0.01,0.02,-0.07,0,0,0,3
1.05,0,0,0,0,0,0,0.01,0,0,0,3
1.06,0,0,0,0,0,0.02,-0.07,0,0,0,2
1.07,0,0,0,0,0.01,0,0.01,0,0,0,2
1.08,0,0,0,0,0.02,-0.039999999,-0.059999999,0,0,0,3
1.09,0,0,0,0,0,0,0.059999999,0,0,0,3
1.1,0,0,0,0,0.02,-0.02,-0.029999999,0,0,0,3
1.11,0,0,0,0,-0.01,0.050000001,0.059999999,0,0,0,3
1.12,0,0,0,0,0,-0.039999999,0.02,0,0,0,3
1.13,0,0,0,0,0.01,0,-0.029999999,0,0,0,3
1.14,0,0,0,0,-0.01,0,0.029999999,0,0,0,3
1.15,0,0,0,0,-0.029999999,-0.02,-0.079999998,0,0,0,3
1.16,0,0,0,0,0,0.029999999,0,0,0,0,3
1.17,0,0,0,0,0,0,-0.050000001,0,0,0,3
1.18,0,0,0,0,0,0.01,0,0,0,0,2
1.19,0,0,0,0,0,0,0.029999999,0,0,0,2
1.2,0,0,0,0,0,-0.01,-0.07,0,0,0,3
1.21,0,0,0,0,-0.01,0.050000001,0.050000001,0,0,0,3
1.22,0,0,0,0,0,0,0,0,0,0,3
1.23,0,0,0,0,0.01,0,0.079999998,0,0,0,3
1.24,0,0,0,0,0,-0.059999999,-0.02,0,0,0,3
1.25,0,0,0,0,0,-0.01,0.050000001,0,0,0,3
1.26,0,0,0,0,-0.01,-0.079999998,0.07,0,0,0,2
1.27,0,0,0,0,-0.029999999,-0.039999999,0.01,0,0,0,2
1.28,0,0,0,0,-0.02,-0.039999999,0.01,0,0,0,3
1.29,0,0,0,0,0,-0.039999999,-0.01,0,0,0,3
1.3,0,0,0,0,-0.02,0.01,0.02,0,0,0,3
1.31,0,0,0,0,0,0,-0.029999999,0,0,0,3
1.32,0,0,0,0,0.02,0.079999998,0.050000001,0,0,0,3
1.33,0,0,0,0,-0.01,0.01,0.029999999,0,0,0,3
1.34,0,0,0,0,0,0.07,0.01,0,0,0,3
1.35,0,0,0,0,0,0.01,0.029999999,0,0,0,3
1.36,0,0,0,0,0,0,0.01,0,0,0,3
1.37,0,0,0,0,0.02,0,0.02,0,0,0,3
1.38,0,0,0,0,0,-0.02,0,0,0,0,3
1.39,0,0,0,0,0.02,-0.01,0.029999999,0,0,0,3
1.4,0,0,0,0,-0.02,-0.02,-0.02,0,0,0,3
1.41,0,0,0,0,0,0,0.039999999,0,0,0,3
1.42,0,0,0,0,0.01,0,-0.100000002,0,0,0,3
1.43,0,0,0,0,-0.039999999,0.039999999,0.02,0,0,0,3
1.44,0,0,0,0,0.029999999,0,-0.029999999,0,0,0,3
1.45,0,0,0,0,0,0.01,0.01,0,0,0,3
1.46,0,0,0,0,0,0.039999999,-0.039999999,0,0,0,3
1.47,0,0,0,0,-0.01,0,-0.07,0,0,0,3
1.48,0,0,0,0,0,0.050000001,0.07,0,0,0,3
1.49,0,0,0,0,-0.02,-0.02,-0.059999999,0,0,0,3
1.5,0,0,0,0,0,0.02,0.050000001,0,0,0,2
1.51,0,0,0,0,-0.059999999,0,-0.02,0,0,0,2
1.52,0,0,0,0,0.029999999,0,0.01,0,0,0,3
1.53,0,0,0,0,0,0,0.050000001,0,0,0,3
1.54,0,0,0,0,0,-0.029999999,0.01,0,0,0,3
1.55,0,0,0,0,0.050000001,0.02,0.02,0,0,0,3
1.56,0,0,0,0,0.039999999,-0.050000001,0.02,0,0,0,3
1.57,0,0,0,0,-0.02,0,-0.029999999,0,0,0,3
1.58,0,0,0,0,0.01,-0.039999999,-0.059999999,0,0,0,3
1.59,0,0,0,0,-0.029999999,0.02,0,0,0,0,3
1.6,0,0,0,0,0,0.01,0.02,0,0,0,3
1.61,0,0,0,0,0,0.01,0,0,0,0,3
1.62,0,0,0,0,-0.01,0.039999999,0.079999998,0,0,0,2
1.63,0,0,0,0,0,0,-0.029999999,0,0,0,2
1.64,0,0,0,0,0,0.050000001,0.050000001,0,0,0,3
1.65,0,0,0,0,0.02,-0.050000001,-0.029999999,0,0,0,3
1.66,0,0,0,0,0.02,0.029999999,0.039999999,0,0,0,3
1.67,0,0,0,0,0,-0.01,0.039999999,0,0,0,3
1.68,0,0,0,0,-0.01,0.029999999,0.01,0,0,0,3
1.69,0,0,0,0,-0.01,0,0,0,0,0,3
1.7,0,0,0,0,0,-0.02,-0.059999999,0,0,0,2
1.71,0,0,0,0,-0.01,0,0.029999999,0,0,0,2
1.72,0,0,0,0,0,-0.050000001,-0.050000001,0,0,0,3
1.73,0,0,0,0,-0.02,0.029999999,0.029999999,0,0,0,3
1.74,0,0,0,0,-0.029999999,-0.029999999,0.02,0,0,0,3
1.75,0,0,0,0,-0.02,0,0,0,0,0,3
1.76,0,0,0,0,0,-0.01,0.01,0,0,0,3
1.77,0,0,0,0,0,0,0.01,0,0,0,3
1.78,0,0,0,0,0,0,-0.02,0,0,0,3
1.79,0,0,0,0,0.01,0.02,0,0,0,0,3
1.8,0,0,0,0,0.01,0,0.02,0,0,0,3
1.81,0,0,0,0,0.029999999,-0.02,0.07,0,0,0,3
1.82,0,0,0,0,0.01,0,-0.01,0,0,0,3
1.83,0,0,0,0,0,0,0,0,0,0,3
1.84,0,0,0,0,0.01,-0.01,0,0,0,0,2
1.85,0,0,0,0,-0.059999999,0,-0.02,0,0,0,2
1.86,0,0,0,0,0.01,-0.01,-0.07,0,0,0,3
1.87,0,0,0,0,0,0.02,-0.01,0,0,0,3
1.88,0,0,0,0,-0.01,-0.01,0,0,0,0,3
1.89,0,0,0,0,-0.01,0,0,0,0,0,3
1.9,0,0,0,0,-0.02,0,-0.01,0,0,0,3
1.91,0,0,0,0,0,0.01,0.01,0,0,0,3
1.92,0,0,0,0,-0.01,0,-0.01,0,0,0,3
1.93,0,0,0,0,-0.01,-0.01,-0.050000001,0,0,0,3
1.94,0,0,0,0,0,0,0,0,0,0,3
1.95,0,0,0,0,0.02,-0.029999999,-0.029999999,0,0,0,3
1.96,0,0,0,0,0.029999999,0.02,0.02,0,0,0,3
1.97,0,0,0,0,0,-0.01,-0.02,0,0,0,3
1.98,0,0,0,0,0,-0.01,-0.01,0,0,0,3
1.99,0,0,0,0,0,0.02,0,0,0,0,3
2,0,0,0,0,-0.059999999,-0.039999999,-0.029999999,0,0,0,3
2.01,0,0,0,0,-0.01,0.01,-0.029999999,0,0,0,3
2.02,0,0,0,0,-0.039999999,-0.029999999,-0.02,0,0,0,3
2.03,0,0,0,0,0,0.029999999,0.100000002,0,0,0,3
2.04,0,0,0,0,0.01,-0.059999999,-0.029999999,0,0,0,3
2.05,0,0,0,0,0.02,0.039999999,0.050000001,0,0,0,3
2.06,0,0,0,0,0.01,0,0,0,0,0,2
2.07,0,0,0,0,0.01,0.050000001,-0.01,0,0,0,2
2.08,0,0,0,0,-0.01,0.01,-0.01,0,0,0,2
2.09,0,0,0,0,0.01,0.029999999,-0.029999999,0,0,0,3
2.1,0,0,0,0,0,-0.01,0.07,0,0,0,3
2.11,0,0,0,0,-0.01,-0.02,-0.07,0,0,0,3
2.12,0,0,0,0,0.01,0.050000001,0.119999997,0,0,0,3
2.13,0,0,0,0,-0.050000001,-0.039999999,-0.039999999,0,0,0,3
2.14,0,0,0,0,0,0.039999999,0.01,0,0,0,3
2.15,0,0,0,0,0,-0.01,0,0,0,0,3
2.16,0,0,0,0,0,0,-0.02,0,0,0,3
2.17,0,0,0,0,-0.01,0.01,0.02,0,0,0,3
2.18,0,0,0,0,-0.02,-0.079999998,-0.02,0,0,0,3
2.19,0,0,0,0,-0.02,0,-0.02,0,0,0,3
2.2,0,0,0,0,-0.02,-0.02,-0.01,0,0,0,2
2.21,0,0,0,0,-0.01,0,-0.029999999,0,0,0,2
2.22,0,0,0,0,0.029999999,0.029999999,0.01,0,0,0,3
2.23,0,0,0,0,0.059999999,0.01,-0.01,0,0,0,3
2.24,0,0,0,0,0.01,0.050000001,0.050000001,0,0,0,3
2.25,0,0,0,0,0.039999999,0,-0.050000001,0,0,0,3
2.26,0,0,0,0,0.01,0.02,0.109999999,0,0,0,3
2.27,0,0,0,0,0,0,-0.02,0,0,0,3
2.28,0,0,0,0,-0.039999999,0.01,0.050000001,0,0,0,3
2.29,0,0,0,0,-0.039999999,0,0.01,0,0,0,3
2.3,0,0,0,0,-0.029999999,-0.050000001,0.029999999,0,0,0,3
2.31,0,0,0,0,-0.029999999,0.01,0,0,0,0,3
2.32,0,0,0,0,-0.029999999,-0.01,-0.01,0,0,0,2
2.33,0,0,0,0,-0.01,0.029999999,-0.039999999,0,0,0,2
2.34,0,0,0,0,0,-0.02,-0.059999999,0,0,0,3
2.35,0,0,0,0,0.02,0.01,-0.029999999,0,0,0,3
2.36,0,0,0,0,0.02,-0.01,0.07,0,0,0,3
2.37,0,0,0,0,0.01,0.01,-0.039999999,0,0,0,3
2.38,0,0,0,0,0.01,0,0.050000001,0,0,0,3
2.39,0,0,0,0,0,-0.01,-0.01,0,0,0,3
2.4,0,0,0,0,0.02,0.01,0,0,0,0,3
2.41,0,0,0,0,0,-0.029999999,0,0,0,0,3
2.42,0,0,0,0,-0.01,0.01,0,0,0,0,3
2.43,0,0,0,0,-0.01,-0.01,-0.039999999,0,0,0,3
2.44,0,0,0,0,-0.029999999,-0.01,0.02,0,0,0,3
2.45,0,0,0,0,-0.02,0.01,-0.029999999,0,0,0,3
2.46,0,0,0,0,-0.01,0,-0.01,0,0,0,3
2.47,0,0,0,0,0,-0.02,-0.01,0,0,0,3
2.48,0,0,0,0,0.01,0.02,-0.02,0,0,0,3
2.49,0,0,0,0,-0.01,0.02,0.090000004,0,0,0,3
2.5,0,0,0,0,-0.02,-0.01,0,0,0,0,3
2.51,0,0,0,0,0,0.01,0.029999999,0,0,0,3
2.52,0,0,0,0,0,0,-0.039999999,0,0,0,3
2.53,0,0,0,0,0.02,0.01,-0.029999999,0,0,0,3
2.54,0,0,0,0,-0.029999999,0,0.02,0,0,0,3
2.55,0,0,0,0,0.029999999,-0.02,0,0,0,0,3
2.56,0,0,0,0,0,-0.02,-0.029999999,0,0,0,3
2.57,0,0,0,0,0,-0.02,0,0,0,0,3
2.58,0,0,0,0,0,0.029999999,0.01,0,0,0,3
2.59,0,0,0,0,-0.02,-0.039999999,0,0,0,0,3
2.6,0,0,0,0,-0.02,0,0.01,0,0,0,3
2.61,0,0,0,0,-0.029999999,0.02,0.029999999,0,0,0,3
2.62,0,0,0,0,-0.02,-0.029999999,0.050000001,0,0,0,3
2.63,0,0,0,0,-0.01,0.02,-0.02,0,0,0,3
2.64,0,0,0,0,0.01,-0.039999999,-0.039999999,0,0,0,3
2.65,0,0,0,0,-0.02,0,-0.029999999,0,0,0,3
2.66,0,0,0,0,0.050000001,-0.01,0.02,0,0,0,3
2.67,0,0,0,0,-0.039999999,-0.01,-0.07,0,0,0,3
2.68,0,0,0,0,-0.01,0.01,0.059999999,0,0,0,3
2.69,0,0,0,0,-0.029999999,0,-0.07,0,0,0,3
2.7,0,0,0,0,-0.02,0.029999999,0.039999999,0,0,0,3
2.71,0,0,0,0,0,-0.050000001,-0.059999999,0,0,0,3
2.72,0,0,0,0,-0.01,0.050000001,0.039999999,0,0,0,3
2.73,0,0,0,0,-0.01,-0.029999999,0.01,0,0,0,3
2.74,0,0,0,0,0.01,0.01,-0.029999999,0,0,0,3
2.75,0,0,0,0,0,0.01,0.079999998,0,0,0,3
2.76,0,0,0,0,0,0.01,0.079999998,0,0,0,3
2.77,0,0,0,0,0.01,0.02,0.050000001,0,0,0,3
2.78,0,0,0,0,0,0,-0.029999999,0,0,0,3
2.79,0,0,0,0,0.02,0.050000001,0.039999999,0,0,0,3
2.8,0,0,0,0,-0.039999999,-0.02,-0.050000001,0,0,0,3
2.81,0,0,0,0,-0.02,0.039999999,-0.039999999,0,0,0,3
2.82,0,0,0,0,-0.02,-0.02,0,0,0,0,3
2.83,0,0,0,0,-0.01,0,0,0,0,0,3
2.84,0,0,0,0,0,0.02,0.02,0,0,0,2
2.85,0,0,0,0,0,-0.01,0,0,0,0,2
2.86,0,0,0,0,0,-0.02,0.039999999,0,0,0,3
2.87,0,0,0,0,0.02,-0.039999999,-0.029999999,0,0,0,3
2.88,0,0,0,0,0,-0.01,-0.01,0,0,0,3
2.89,0,0,0,0,0.050000001,0.02,-0.02,0,0,0,3
2.9,0,0,0,0,-0.01,0,0.01,0,0,0,3
2.91,0,0,0,0,0,0.029999999,0.039999999,0,0,0,3
2.92,0,0,0,0,-0.02,-0.01,-0.029999999,0,0,0,3
2.93,0,0,0,0,-0.029999999,0.01,0.02,0,0,0,3
2.94,0,0,0,0,0,-0.039999999,-0.090000004,0,0,0,3
2.95,0,0,0,0,-0.01,0.01,0.059999999,0,0,0,3
2.96,0,0,0,0,-0.029999999,-0.02,0.01,0,0,0,3
2.97,0,0,0,0,0.01,-0.039999999,-0.039999999,0,0,0,3
2.98,0,0,0,0,-0.01,0,0.039999999,0,0,0,3
2.99,0,0,0,0,0,-0.029999999,-0.02,0,0,0,3
3,0,0,0,0,-0.01,0.039999999,0,0,0,0,3
3.01,0,0,0,0,-0.01,-0.059999999,-0.01,0,0,0,3
3.02,0,0,0,0,-0.01,0.039999999,0,0,0,0,3
3.03,0,0,0,0,0.01,0,-0.01,0,0,0,3
3.04,0,0,0,0,-0.01,0.029999999,0.01,0,0,0,2
3.05,0,0,0,0,0,0.039999999,0,0,0,0,2
3.06,0,0,0,0,-0.029999999,-0.029999999,-0.02,0,0,0,3
3.07,0,0,0,0,0.01,0.029999999,0.039999999,0,0,0,3
3.08,0,0,0,0,-0.01,-0.029999999,-0.059999999,0,0,0,3
3.09,0,0,0,0,-0.02,0.02,0.02,0,0,0,3
3.1,0,0,0,0,0,-0.02,-0.039999999,0,0,0,3
3.11,0,0,0,0,-0.01,0.01,0.039999999,0,0,0,3
3.12,0,0,0,0,-0.029999999,-0.050000001,-0.050000001,0,0,0,2
3.13,0,0,0,0,-0.050000001,0,0,0,0,0,2
3.14,0,0,0,0,0.02,-0.029999999,0,0,0,0,3
3.15,0,0,0,0,-0.01,0.01,-0.029999999,0,0,0,3
3.16,0,0,0,0,-0.01,0,0.07,0,0,0,3
3.17,0,0,0,0,0,-0.02,-0.109999999,0,0,0,3
3.18,0,0,0,0,0.02,0.039999999,0.129999995,0,0,0,3
3.19,0,0,0,0,-0.01,-0.07,-0.050000001,0,0,0,3
3.2,0,0,0,0,0.01,0.039999999,0.050000001,0,0,0,3
3.21,0,0,0,0,-0.02,-0.039999999,0.059999999,0,0,0,3
3.22,0,0,0,0,-0.01,0.039999999,-0.02,0,0,0,3
3.23,0,0,0,0,0,-0.039999999,0.029999999,0,0,0,3
3.24,0,0,0,0,-0.02,0.02,-0.07,0,0,0,3
3.25,0,0,0,0,-0.02,0,0.029999999,0,0,0,3
3.26,0,0,0,0,0,0.01,-0.059999999,0,0,0,2
3.27,0,0,0,0,-0.01,0.02,0.039999999,0,0,0,2
3.28,0,0,0,0,0.02,-0.039999999,-0.07,0,0,0,2
3.29,0,0,0,0,-0.01,0.029999999,-0.01,0,0,0,2
3.3,0,0,0,0,-0.02,-0.01,0.029999999,0,0,0,3
3.31,0,0,0,0,0.02,0.039999999,0.01,0,0,0,3
3.32,0,0,0,0,0,-0.050000001,0.059999999,0,0,0,3
3.33,0,0,0,0,0,0,-0.059999999,0,0,0,3
3.34,0,0,0,0,0,0.029999999,0.079999998,0,0,0,3
3.35,0,0,0,0,0,0,-0.029999999,0,0,0,3
3.36,0,0,0,0,0.01,0,0.01,0,0,0,3
3.37,0,0,0,0,0.01,0,0.02,0,0,0,3
3.38,0,0,0,0,0.02,0,0,0,0,0,3
3.39,0,0,0,0,0,0.01,0.07,0,0,0,3
3.4,0,0,0,0,0,-0.029999999,-0.02,0,0,0,3
3.41,0,0,0,0,-0.02,0.039999999,0.02,0,0,0,3
3.42,0,0,0,0,-0.02,-0.01,0.039999999,0,0,0,3
3.43,0,0,0,0,-0.050000001,0.01,-0.02,0,0,0,3
3.44,0,0,0,0,0.02,0.02,0,0,0,0,3
3.45,0,0,0,0,-0.01,0,0,0,0,0,3
3.46,0,0,0,0,0.029999999,0,0,0,0,0,2
3.47,0,0,0,0,0,0,-0.01,0,0,0,2
3.48,0,0,0,0,-0.02,0.039999999,0.039999999,0,0,0,3
3.49,0,0,0,0,0.02,-0.050000001,-0.029999999,0,0,0,3
3.5,0,0,0,0,0,0.050000001,0.01,0,0,0,2
3.51,0,0,0,0,0.01,-0.029999999,-0.01,0,0,0,2
3.52,0,0,0,0,-0.02,0.029999999,0.050000001,0,0,0,3
3.53,0,0,0,0,-0.02,-0.01,0.01,0,0,0,3
3.54,0,0,0,0,-0.01,-0.01,0,0,0,0,3
3.55,0,0,0,0,0.01,0.01,0,0,0,0,3
3.56,0,0,0,0,-0.02,-0.059999999,-0.059999999,0,0,0,3
3.57,0,0,0,0,0,0.039999999,0.079999998,0,0,0,3
3.58,0,0,0,0,0,-0.029999999,-0.02,0,0,0,3
3.59,0,0,0,0,0.01,0,-0.050000001,0,0,0,3
3.6,0,0,0,0,0,-0.02,0,0,0,0,2
3.61,0,0,0,0,0,0.01,-0.01,0,0,0,2
3.62,0,0,0,0,0.029999999,0.01,0,0,0,0,3
3.63,0,0,0,0,0,-0.039999999,-0.01,0,0,0,3
3.64,0,0,0,0,0.029999999,0.039999999,0.059999999,0,0,0,3
3.65,0,0,0,0,0,-0.02,0.02,0,0,0,3
3.66,0,0,0,0,0.01,-0.01,0.079999998,0,0,0,3
3.67,0,0,0,0,-0.01,-0.01,-0.039999999,0,0,0,3
3.68,0,0,0,0,0,0.029999999,0,0,0,0,3
3.69,0,0,0,0,-0.050000001,0,-0.029999999,0,0,0,3
3.7,0,0,0,0,-0.01,-0.02,0,0,0,0,3
3.71,0,0,0,0,-0.02,0,0.01,0,0,0,3
3.72,0,0,0,0,0.02,0,-0.01,0,0,0,3
3.73,0,0,0,0,0,0.01,0,0,0,0,3
3.74,0,0,0,0,-0.039999999,-0.02,0.02,0,0,0,3
3.75,0,0,0,0,0.01,0.02,0.02,0,0,0,3
3.76,0,0,0,0,-0.01,0,0.050000001,0,0,0,3
3.77,0,0,0,0,0.01,0,0.01,0,0,0,3
3.78,0,0,0,0,-0.02,0,-0.039999999,0,0,0,2
3.79,0,0,0,0,-0.01,0,-0.029999999,0,0,0,2
3.8,0,0,0,0,0.039999999,0,0.039999999,0,0,0,3
3.81,0,0,0,0,0.029999999,0,-0.01,0,0,0,3
3.82,0,0,0,0,-0.02,0.01,-0.029999999,0,0,0,3
3.83,0,0,0,0,0.01,0.01,0.01,0,0,0,3
3.84,0,0,0,0,-0.039999999,0,-0.02,0,0,0,3
3.85,0,0,0,0,-0.029999999,0,-0.02,0,0,0,3
3.86,0,0,0,0,-0.050000001,-0.01,-0.050000001,0,0,0,2
3.87,0,0,0,0,-0.01,0.01,0.02,0,0,0,2
3.88,0,0,0,0,0,-0.01,0,0,0,0,3
3.89,0,0,0,0,0.01,-0.01,0.029999999,0,0,0,3
3.9,0,0,0,0,0.02,0,0.039999999,0,0,0,3
3.91,0,0,0,0,0.01,0.02,0.01,0,0,0,3
3.92,0,0,0,0,0.029999999,0,0,0,0,0,3
3.93,0,0,0,0,0,0.039999999,0.02,0,0,0,3
3.94,0,0,0,0,0.01,0,0.02,0,0,0,3
3.95,0,0,0,0,0.01,0.039999999,-0.02,0,0,0,3
3.96,0,0,0,0,-0.01,0.039999999,0.059999999,0,0,0,3
3.97,0,0,0,0,0,-0.029999999,-0.059999999,0,0,0,3
3.98,0,0,0,0,-0.01,0.01,0.02,0,0,0,3
3.99,0,0,0,0,-0.029999999,-0.01,0,0,0,0,3
4,0,0,0,0,-0.02,0,0.02,0,0,0,3
4.01,0,0,0,0,0,-0.039999999,0.029999999,0,0,0,3
4.02,0,0,0,0,0,-0.02,-0.01,0,0,0,2
4.03,0,0,0,0,0.02,0.039999999,0.039999999,0,0,0,2
4.04,0,0,0,0,0.01,0.01,0.01,0,0,0,3
4.05,0,0,0,0,0,0.029999999,0.01,0,0,0,3
4.06,0,0,0,0,0,-0.01,-0.01,0,0,0,2
4.07,0,0,0,0,-0.02,0.029999999,0,0,0,0,2
4.08,0,0,0,0,0,0,-0.050000001,0,0,0,3
4.09,0,0,0,0,0,0,0.01,0,0,0,3
4.1,0,0,0,0,0,0.02,0.029999999,0,0,0,3
4.11,0,0,0,0,0.01,0.01,0,0,0,0,3
4.12,0,0,0,0,-0.02,0,0.039999999,0,0,0,3
4.13,0,0,0,0,0,-0.01,0.029999999,0,0,0,3
4.14,0,0,0,0,-0.01,0,0.02,0,0,0,3
4.15,0,0,0,0,-0.01,-0.01,-0.039999999,0,0,0,3
4.16,0,0,0,0,0.02,0.01,0,0,0,0,3
4.17,0,0,0,0,-0.029999999,0.01,0.01,0,0,0,3
4.18,0,0,0,0,0.029999999,-0.01,-0.059999999,0,0,0,2
4.19,0,0,0,0,-0.01,0.01,0,0,0,0,2
4.2,0,0,0,0,0,-0.029999999,0,0,0,0,3
4.21,0,0,0,0,0,0.029999999,0.039999999,0,0,0,3
4.22,0,0,0,0,-0.01,0,-0.01,0,0,0,3
4.23,0,0,0,0,0,0,0.039999999,0,0,0,3
4.24,0,0,0,0,0.039999999,0,0,0,0,0,3
4.25,0,0,0,0,0,0.01,0,0,0,0,3
4.26,0,0,0,0,0.02,0.01,0.02,0,0,0,3
4.27,0,0,0,0,-0.01,-0.029999999,-0.02,0,0,0,3
4.28,0,0,0,0,-0.029999999,0,0.039999999,0,0,0,3
4.29,0,0,0,0,-0.02,-0.01,-0.050000001,0,0,0,3
4.3,0,0,0,0,-0.02,0.029999999,0.079999998,0,0,0,3
4.31,0,0,0,0,-0.029999999,-0.039999999,-0.059999999,0,0,0,3
4.32,0,0,0,0,-0.01,0.039999999,0.01,0,0,0,3
4.33,0,0,0,0,0,-0.029999999,0,0,0,0,3
4.34,0,0,0,0,0.01,0.029999999,-0.029999999,0,0,0,3
4.35,0,0,0,0,0.029999999,0.01,0.039999999,0,0,0,3
4.36,0,0,0,0,0.01,0,-0.059999999,0,0,0,3
4.37,0,0,0,0,0.02,0.029999999,0.100000002,0,0,0,3
4.38,0,0,0,0,0,-0.039999999,-0.090000004,0,0,0,3
4.39,0,0,0,0,-0.01,0.02,0.029999999,0,0,0,3
4.4,0,0,0,0,0.01,-0.01,0,0,0,0,3
4.41,0,0,0,0,0,0.029999999,-0.029999999,0,0,0,3
4.42,0,0,0,0,-0.01,-0.01,0,0,0,0,3
4.43,0,0,0,0,-0.02,0.02,-0.02,0,0,0,3
4.44,0,0,0,0,0.02,-0.01,0,0,0,0,3
4.45,0,0,0,0,-0.029999999,0,-0.01,0,0,0,3
4.46,0,0,0,0,0,0,0,0,0,0,2
4.47,0,0,0,0,0,-0.02,0.01,0,0,0,2
4.48,0,0,0,0,-0.01,0.01,0.050000001,0,0,0,3
4.49,0,0,0,0,0.039999999,-0.039999999,0.02,0,0,0,3
4.5,0,0,0,0,0.01,0,0,0,0,0,3
4.51,0,0,0,0,-0.01,-0.029999999,-0.01,0,0,0,3
4.52,0,0,0,0,0,0.02,0,0,0,0,3
4.53,0,0,0,0,-0.02,0.01,-0.050000001,0,0,0,3
4.54,0,0,0,0,-0.029999999,-0.01,0,0,0,0,3
4.55,0,0,0,0,0,0.01,0.02,0,0,0,3
4.56,0,0,0,0,0,-0.02,0,0,0,0,3
4.57,0,0,0,0,-0.01,0,0.059999999,0,0,0,3
4.58,0,0,0,0,0,-0.02,-0.039999999,0,0,0,3
4.59,0,0,0,0,0,0.029999999,0.07,0,0,0,3
4.6,0,0,0,0,0,0,0,0,0,0,3
4.61,0,0,0,0,-0.01,0.01,0,0,0,0,3
4.62,0,0,0,0,0,0,0,0,0,0,3
4.63,0,0,0,0,-0.029999999,-0.01,-0.079999998,0,0,0,3
4.64,0,0,0,0,-0.01,0.01,0.050000001,0,0,0,2
4.65,0,0,0,0,0,-0.01,-0.090000004,0,0,0,2
4.66,0,0,0,0,0,0.029999999,0.090000004,0,0,0,3
4.67,0,0,0,0,-0.029999999,-0.029999999,0,0,0,0,3
4.68,0,0,0,0,0.02,0.02,0,0,0,0,3
4.69,0,0,0,0,0.01,-0.029999999,0,0,0,0,3
4.7,0,0,0,0,0.01,-0.01,-0.050000001,0,0,0,3
4.71,0,0,0,0,0.029999999,0.02,0.029999999,0,0,0,3
4.72,0,0,0,0,0,-0.029999999,-0.059999999,0,0,0,3
4.73,0,0,0,0,0,0.02,0.079999998,0,0,0,3
4.74,0,0,0,0,-0.01,-0.01,-0.059999999,0,0,0,3
4.75,0,0,0,0,-0.02,0.01,0.059999999,0,0,0,3
4.76,0,0,0,0,0.01,0,0.029999999,0,0,0,3
4.77,0,0,0,0,-0.029999999,-0.01,0.01,0,0,0,3
4.78,0,0,0,0,0.02,0.02,0.059999999,0,0,0,3
4.79,0,0,0,0,0.029999999,-0.029999999,-0.01,0,0,0,3
4.8,0,0,0,0,0.029999999,0.01,0.01,0,0,0,3
4.81,0,0,0,0,0.039999999,-0.029999999,-0.039999999,0,0,0,3
4.82,0,0,0,0,-0.01,0.02,0.090000004,0,0,0,3
4.83,0,0,0,0,0.039999999,-0.029999999,-0.01,0,0,0,3
4.84,0,0,0,0,-0.01,0.02,-0.029999999,0,0,0,2
4.85,0,0,0,0,0,0.02,0.039999999,0,0,0,2
4.86,0,0,0,0,-0.01,0.01,-0.039999999,0,0,0,3
4.87,0,0,0,0,-0.029999999,0,0.109999999,0,0,0,3
4.88,0,0,0,0,0,-0.079999998,-0.039999999,0,0,0,3
4.89,0,0,0,0,0,0.039999999,0.01,0,0,0,3
4.9,0,0,0,0,0.029999999,-0.01,0.02,0,0,0,3
4.91,0,0,0,0,0,0,-0.02,0,0,0,3
4.92,0,0,0,0,0.02,0,0.039999999,0,0,0,3
4.93,0,0,0,0,-0.01,-0.01,-0.02,0,0,0,3
4.94,0,0,0,0,0.01,0.029999999,0.039999999,0,0,0,2
4.95,0,0,0,0,-0.01,-0.029999999,0,0,0,0,2
4.96,0,0,0,0,0,0.029999999,-0.02,0,0,0,3
4.97,0,0,0,0,0,-0.039999999,-0.029999999,0,0,0,3
4.98,0,0,0,0,0,0.02,0.01,0,0,0,2
4.99,0,0,0,0,-0.01,0.01,0,0,0,0,2
5,0,0,0,0,-0.02,0.02,0.039999999,0,0,0,3
5.01,0,0,0,0,-0.01,0,0,0,0,0,3
5.02,0,0,0,0,0.01,0.02,0.050000001,0,0,0,2
5.03,0,0,0,0,0,0.02,0.039999999,0,0,0,2
5.04,0,0,0,0,0,-0.050000001,-0.029999999,0,0,0,3
5.05,0,0,0,0,0.02,0.079999998,-0.02,0,0,0,3
5.06,0,0,0,0,-0.02,-0.059999999,0,0,0,0,3
5.07,0,0,0,0,0,0.039999999,-0.059999999,0,0,0,3
5.08,0,0,0,0,-0.02,-0.039999999,0.050000001,0,0,0,3
5.09,0,0,0,0,-0.02,0,0,0,0,0,3
5.1,0,0,0,0,0,-0.01,0.039999999,0,0,0,3
5.11,0,0,0,0,0,-0.029999999,-0.01,0,0,0,3
5.12,0,0,0,0,0.02,0.050000001,0.01,0,0,0,3
5.13,0,0,0,0,0,-0.01,-0.02,0,0,0,3
5.14,0,0,0,0,0,0.029999999,0.01,0,0,0,3
5.15,0,0,0,0,0.01,-0.029999999,0.01,0,0,0,3
5.16,0,0,0,0,0,0.029999999,0,0,0,0,3
5.17,0,0,0,0,-0.02,-0.01,-0.01,0,0,0,3
5.18,0,0,0,0,0,0.02,-0.01,0,0,0,3
5.19,0,0,0,0,-0.01,0.01,0.02,0,0,0,3
5.2,0,0,0,0,-0.02,0,-0.090000004,0,0,0,3
5.21,0,0,0,0,0.01,0,0.059999999,0,0,0,3
5.22,0,0,0,0,0,-0.02,-0.029999999,0,0,0,3
5.23,0,0,0,0,0.01,0.01,0,0,0,0,3
5.24,0,0,0,0,0,0,0.02,0,0,0,3
5.25,0,0,0,0,0,0.01,-0.02,0,0,0,3
5.26,0,0,0,0,0,0.01,0.029999999,0,0,0,3
5.27,0,0,0,0,0,-0.01,-0.039999999,0,0,0,3
5.28,0,0,0,0,0.02,0.039999999,0.02,0,0,0,3
5.29,0,0,0,0,0.02,-0.01,0,0,0,0,3
5.3,0,0,0,0,-0.02,0.01,0.059999999,0,0,0,3
5.31,0,0,0,0,0,0,-0.02,0,0,0,3
5.32,0,0,0,0,-0.01,0,0.02,0,0,0,3
5.33,0,0,0,0,-0.02,0.01,0.039999999,0,0,0,3
5.34,0,0,0,0,0,-0.02,-0.029999999,0,0,0,3
5.35,0,0,0,0,0,0.029999999,0.079999998,0,0,0,3
5.36,0,0,0,0,-0.02,-0.079999998,-0.07,0,0,0,3
5.37,0,0,0,0,-0.01,0,0.01,0,0,0,3
5.38,0,0,0,0,-0.01,0,0.01,0,0,0,2
5.39,0,0,0,0,0.01,0,-0.01,0,0,0,2
5.4,0,0,0,0,0.02,0,-0.02,0,0,0,3
5.41,0,0,0,0,0.01,0,0,0,0,0,3
5.42,0,0,0,0,0.02,0.02,0.039999999,0,0,0,3
5.43,0,0,0,0,0.029999999,-0.02,-0.029999999,0,0,0,3
5.44,0,0,0,0,0,0.050000001,0.02,0,0,0,3
5.45,0,0,0,0,-0.02,0,0,0,0,0,3
5.46,0,0,0,0,-0.01,-0.01,0,0,0,0,2
5.47,0,0,0,0,0,0,0.01,0,0,0,2
5.48,0,0,0,0,-0.050000001,-0.01,-0.01,0,0,0,3
5.49,0,0,0,0,0.01,0.01,0.01,0,0,0,3
5.5,0,0,0,0,0.01,-0.029999999,-0.029999999,0,0,0,3
5.51,0,0,0,0,0,0.01,0.01,0,0,0,3
5.52,0,0,0,0,0.01,-0.050000001,0.01,0,0,0,3
5.53,0,0,0,0,0,0.02,0,0,0,0,3
5.54,0,0,0,0,0,0,0,0,0,0,3
5.55,0,0,0,0,-0.02,0.029999999,-0.01,0,0,0,3
5.56,0,0,0,0,0.01,-0.02,-0.01,0,0,0,3
5.57,0,0,0,0,-0.029999999,0,0.02,0,0,0,3
5.58,0,0,0,0,0.02,0.029999999,0.039999999,0,0,0,3
5.59,0,0,0,0,0,0,0,0,0,0,3
5.6,0,0,0,0,0.029999999,-0.01,0,0,0,0,3
5.61,0,0,0,0,-0.01,-0.029999999,-0.01,0,0,0,3
5.62,0,0,0,0,0.079999998,0.02,0.02,0,0,0,3
5.63,0,0,0,0,0.029999999,-0.02,0.079999998,0,0,0,3
5.64,0,0,0,0,-0.059999999,0,0,0,0,0,3
5.65,0,0,0,0,0.029999999,-0.02,-0.059999999,0,0,0,3
5.66,0,0,0,0,-0.02,0.029999999,0.039999999,0,0,0,3
5.67,0,0,0,0,0.01,0,-0.059999999,0,0,0,3
5.68,0,0,0,0,0,0,-0.07,0,0,0,3
5.69,0,0,0,0,0,0.01,0.050000001,0,0,0,3
5.7,0,0,0,0,-0.02,-0.02,-0.01,0,0,0,3
5.71,0,0,0,0,0.01,0.01,0.090000004,0,0,0,3
5.72,0,0,0,0,-0.02,-0.059999999,0,0,0,0,3
5.73,0,0,0,0,0.01,0.029999999,0.07,0,0,0,3
5.74,0,0,0,0,0.029999999,-0.029999999,-0.02,0,0,0,3
5.75,0,0,0,0,0.029999999,0,-0.059999999,0,0,0,3
5.76,0,0,0,0,0.02,0.01,0,0,0,0,2
5.77,0,0,0,0,-0.01,-0.029999999,-0.090000004,0,0,0,2
5.78,0,0,0,0,0,0.039999999,0.02,0,0,0,3
5.79,0,0,0,0,-0.029999999,-0.029999999,0,0,0,0,3
5.8,0,0,0,0,-0.029999999,0.050000001,-0.050000001,0,0,0,3
5.81,0,0,0,0,-0.02,-0.01,-0.02,0,0,0,3
5.82,0,0,0,0,-0.01,0.039999999,0.039999999,0,0,0,3
5.83,0,0,0,0,-0.01,-0.02,0.01,0,0,0,3
5.84,0,0,0,0,0,0.01,-0.059999999,0,0,0,2
5.85,0,0,0,0,0,0,0.079999998,0,0,0,2
5.86,0,0,0,0,0.029999999,-0.02,-0.01,0,0,0,3
5.87,0,0,0,0,0.029999999,0.039999999,0.07,0,0,0,3
5.88,0,0,0,0,0,-0.02,-0.07,0,0,0,3
5.89,0,0,0,0,0.029999999,0.029999999,0.02,0,0,0,3
5.9,0,0,0,0,0,-0.01,-0.079999998,0,0,0,3
5.91,0,0,0,0,-0.01,0.029999999,0.029999999,0,0,0,3
5.92,0,0,0,0,-0.01,0.01,-0.02,0,0,0,2
5.93,0,0,0,0,-0.029999999,-0.02,-0.029999999,0,0,0,2
5.94,0,0,0,0,0,0.01,0.050000001,0,0,0,3
5.95,0,0,0,0,-0.050000001,-0.029999999,-0.029999999,0,0,0,3
5.96,0,0,0,0,0.02,0,0,0,0,0,3
5.97,0,0,0,0,-0.02,0,0,0,0,0,3
5.98,0,0,0,0,0.01,0,0.029999999,0,0,0,3
5.99,0,0,0,0,0,0,0.02,0,0,0,3
6,0,0,0,0,0.050000001,0.01,0.050000001,0,0,0,3
6.01,0,0,0,0,0.02,0,-0.01,0,0,0,3
6.02,0,0,0,0,0.01,0.039999999,0.02,0,0,0,3
6.03,0,0,0,0,0.01,0.01,0.050000001,0,0,0,3
6.04,0,0,0,0,-0.029999999,0,-0.02,0,0,0,3
6.05,0,0,0,0,-0.01,-0.01,0.050000001,0,0,0,3
6.06,0,0,0,0,-0.029999999,-0.029999999,-0.029999999,0,0,0,3
6.07,0,0,0,0,0,0,0.01,0,0,0,3
6.08,0,0,0,0,-0.01,-0.02,0.050000001,0,0,0,3
6.09,0,0,0,0,0.02,0,0.01,0,0,0,3
6.1,0,0,0,0,0.01,0.01,-0.029999999,0,0,0,3
6.11,0,0,0,0,0,0,-0.01,0,0,0,3
6.12,0,0,0,0,0.050000001,0.01,0.02,0,0,0,3
6.13,0,0,0,0,0,-0.01,-0.050000001,0,0,0,3
6.14,0,0,0,0,0.02,0.01,0.01,0,0,0,3
6.15,0,0,0,0,0.01,-0.039999999,-0.01,0,0,0,3
6.16,0,0,0,0,-0.01,0.059999999,0.02,0,0,0,3
6.17,0,0,0,0,-0.01,0,-0.050000001,0,0,0,3
6.18,0,0,0,0,-0.01,0.029999999,0,0,0,0,3
6.19,0,0,0,0,-0.039999999,0,0,0,0,0,3
6.2,0,0,0,0,-0.01,-0.01,0,0,0,0,3
6.21,0,0,0,0,-0.02,0,0.050000001,0,0,0,3
6.22,0,0,0,0,0,-0.02,-0.039999999,0,0,0,2
6.23,0,0,0,0,0,0,0.01,0,0,0,2
6.24,0,0,0,0,0,-0.02,0,0,0,0,2
6.25,0,0,0,0,0.02,0,0,0,0,0,2
6.26,0,0,0,0,0.01,0.01,0.01,0,0,0,3
6.27,0,0,0,0,0,-0.01,0,0,0,0,3
6.28,0,0,0,0,0,0.039999999,-0.029999999,0,0,0,3
6.29,0,0,0,0,-0.01,0,0.02,0,0,0,3
6.3,0,0,0,0,0,0.02,-0.029999999,0,0,0,3
6.31,0,0,0,0,0,0,-0.039999999,0,0,0,3
6.32,0,0,0,0,-0.01,0,0.079999998,0,0,0,3
6.33,0,0,0,0,-0.01,-0.01,-0.050000001,0,0,0,3
6.34,0,0,0,0,0,0,0.02,0,0,0,3
6.35,0,0,0,0,0,0.01,0,0,0,0,3
6.36,0,0,0,0,0,-0.039999999,0.029999999,0,0,0,3
6.37,0,0,0,0,0.01,0,0,0,0,0,3
6.38,0,0,0,0,-0.02,-0.02,-0.050000001,0,0,0,3
6.39,0,0,0,0,-0.01,0.02,0.039999999,0,0,0,3
6.4,0,0,0,0,0,-0.01,-0.039999999,0,0,0,3
6.41,0,0,0,0,0,0,0.039999999,0,0,0,3
6.42,0,0,0,0,0.01,-0.029999999,0,0,0,0,3
6.43,0,0,0,0,0.01,0,0.02,0,0,0,3
6.44,0,0,0,0,0.029999999,0.02,-0.050000001,0,0,0,3
6.45,0,0,0,0,0,0,0.050000001,0,0,0,3
6.46,0,0,0,0,0.050000001,0,-0.029999999,0,0,0,3
6.47,0,0,0,0,-0.02,-0.01,0,0,0,0,3
6.48,0,0,0,0,-0.01,0.01,0.050000001,0,0,0,3
6.49,0,0,0,0,-0.02,0,-0.029999999,0,0,0,3
6.5,0,0,0,0,-0.029999999,0.029999999,0.050000001,0,0,0,3
6.51,0,0,0,0,-0.01,-0.050000001,0,0,0,0,3
6.52,0,0,0,0,-0.01,0.050000001,0,0,0,0,3
6.53,0,0,0,0,0.02,-0.050000001,-0.01,0,0,0,3
6.54,0,0,0,0,0.01,0.01,0.01,0,0,0,3
6.55,0,0,0,0,0.01,0,0.059999999,0,0,0,3
6.56,0,0,0,0,0,-0.029999999,-0.050000001,0,0,0,3
6.57,0,0,0,0,0.02,0.01,0.050000001,0,0,0,3
6.58,0,0,0,0,0.01,-0.029999999,-0.039999999,0,0,0,3
6.59,0,0,0,0,0.01,0.07,0.059999999,0,0,0,3
6.6,0,0,0,0,0,-0.050000001,0.02,0,0,0,3
6.61,0,0,0,0,0.01,0.029999999,-0.02,0,0,0,3
6.62,0,0,0,0,-0.029999999,-0.01,0.050000001,0,0,0,3
6.63,0,0,0,0,0,0.039999999,-0.02,0,0,0,3
6.64,0,0,0,0,-0.01,0.029999999,0.01,0,0,0,3
6.65,0,0,0,0,0,0.02,-0.02,0,0,0,3
6.66,0,0,0,0,-0.01,0,0.07,0,0,0,3
6.67,0,0,0,0,-0.02,-0.029999999,-0.059999999,0,0,0,3
6.68,0,0,0,0,0.01,0.029999999,0.029999999,0,0,0,3
6.69,0,0,0,0,-0.02,-0.029999999,-0.029999999,0,0,0,3
6.7,0,0,0,0,0.01,-0.01,0,0,0,0,2
6.71,0,0,0,0,0.01,-0.029999999,-0.01,0,0,0,2
6.72,0,0,0,0,0,0,-0.01,0,0,0,3
6.73,0,0,0,0,-0.02,0,0.01,0,0,0,3
6.74,0,0,0,0,-0.01,-0.01,0,0,0,0,3
6.75,0,0,0,0,0.01,-0.02,0.039999999,0,0,0,3
6.76,0,0,0,0,0,-0.01,-0.01,0,0,0,2
6.77,0,0,0,0,0.02,0.01,0.02,0,0,0,2
6.78,0,0,0,0,-0.01,-0.01,0.01,0,0,0,3
6.79,0,0,0,0,0.01,0.01,-0.059999999,0,0,0,3
6.8,0,0,0,0,0,0.02,0.07,0,0,0,3
6.81,0,0,0,0,0,0.01,-0.02,0,0,0,3
6.82,0,0,0,0,-0.029999999,0,0.039999999,0,0,0,3
6.83,0,0,0,0,-0.02,0,-0.029999999,0,0,0,3
6.84,0,0,0,0,-0.01,-0.01,-0.01,0,0,0,3
6.85,0,0,0,0,0.039999999,0,-0.039999999,0,0,0,3
6.86,0,0,0,0,0,-0.02,0,0,0,0,3
6.87,0,0,0,0,0.01,0.01,0,0,0,0,3
6.88,0,0,0,0,-0.02,-0.039999999,0,0,0,0,3
6.89,0,0,0,0,-0.01,0.01,-0.02,0,0,0,3
6.9,0,0,0,0,0.029999999,-0.01,-0.02,0,0,0,3
6.91,0,0,0,0,0.02,0.039999999,0,0,0,0,3
6.92,0,0,0,0,0,0,-0.01,0,0,0,3
6.93,0,0,0,0,-0.01,0.029999999,0.029999999,0,0,0,3
6.94,0,0,0,0,0,-0.01,-0.029999999,0,0,0,3
6.95,0,0,0,0,0,-0.01,0.01,0,0,0,3
6.96,0,0,0,0,-0.039999999,0,0.109999999,0,0,0,3
6.97,0,0,0,0,0,-0.079999998,-0.079999998,0,0,0,3
6.98,0,0,0,0,0,0.050000001,0.07,0,0,0,2
6.99,0,0,0,0,0.01,-0.100000002,-0.039999999,0,0,0,2
7,0,0,0,0,0.029999999,0.050000001,-0.029999999,0,0,0,3
7.01,0,0,0,0,0.02,-0.039999999,-0.02,0,0,0,3
7.02,0,0,0,0,0.02,0.059999999,0,0,0,0,3
7.03,0,0,0,0,0,0,0,0,0,0,3
7.04,0,0,0,0,-0.01,-0.029999999,0,0,0,0,2
7.05,0,0,0,0,0.029999999,0.07,0.090000004,0,0,0,2
7.06,0,0,0,0,-0.039999999,-0.029999999,0.02,0,0,0,3
7.07,0,0,0,0,-0.029999999,0.039999999,0.02,0,0,0,3
7.08,0,0,0,0,0,-0.02,-0.039999999,0,0,0,3
7.09,0,0,0,0,-0.02,0.02,0.07,0,0,0,3
7.1,0,0,0,0,0.01,-0.039999999,-0.02,0,0,0,3
7.11,0,0,0,0,-0.02,0.01,-0.02,0,0,0,3
7.12,0,0,0,0,0,0,0.059999999,0,0,0,3
7.13,0,0,0,0,-0.01,-0.050000001,-0.01,0,0,0,3
7.14,0,0,0,0,0.029999999,0.050000001,-0.050000001,0,0,0,3
7.15,0,0,0,0,0.01,0,-0.029999999,0,0,0,3
7.16,0,0,0,0,0.02,0.039999999,0.02,0,0,0,3
7.17,0,0,0,0,0,-0.039999999,-0.050000001,0,0,0,3
7.18,0,0,0,0,0.02,0.039999999,0,0,0,0,3
7.19,0,0,0,0,-0.02,-0.01,0.02,0,0,0,3
7.2,0,0,0,0,0.029999999,-0.029999999,-0.079999998,0,0,0,3
7.21,0,0,0,0,-0.02,0.01,0.02,0,0,0,3
7.22,0,0,0,0,-0.01,-0.02,0.02,0,0,0,2
7.23,0,0,0,0,0.02,0,-0.01,0,0,0,2
7.24,0,0,0,0,-0.029999999,0,0,0,0,0,3
7.25,0,0,0,0,-0.01,0.029999999,0.039999999,0,0,0,3
7.26,0,0,0,0,-0.02,0.01,0,0,0,0,3
7.27,0,0,0,0,-0.029999999,0,-0.01,0,0,0,3
7.28,0,0,0,0,0.01,0,0.039999999,0,0,0,3
7.29,0,0,0,0,0.01,0.02,-0.01,0,0,0,3
7.3,0,0,0,0,-0.029999999,0.01,0,0,0,0,3
7.31,0,0,0,0,0.050000001,0,-0.02,0,0,0,3
7.32,0,0,0,0,0,-0.02,0.029999999,0,0,0,3
7.33,0,0,0,0,0.01,0,0,0,0,0,3
7.34,0,0,0,0,0.02,-0.029999999,-0.039999999,0,0,0,2
7.35,0,0,0,0,0.02,0,0.100000002,0,0,0,2
7.36,0,0,0,0,0,-0.01,0,0,0,0,3
7.37,0,0,0,0,-0.01,0,0.01,0,0,0,3
7.38,0,0,0,0,-0.050000001,0.01,-0.02,0,0,0,3
7.39,0,0,0,0,-0.029999999,0,-0.01,0,0,0,3
7.4,0,0,0,0,-0.039999999,0,-0.090000004,0,0,0,3
7.41,0,0,0,0,0,-0.01,0.029999999,0,0,0,3
7.42,0,0,0,0,0.01,0.02,0,0,0,0,3
7.43,0,0,0,0,0.01,-0.059999999,-0.039999999,0,0,0,3
7.44,0,0,0,0,0.059999999,0.029999999,0.02,0,0,0,3
7.45,0,0,0,0,0.039999999,-0.039999999,-0.02,0,0,0,3
7.46,0,0,0,0,0.059999999,0.02,0.07,0,0,0,2
7.47,0,0,0,0,0.02,-0.02,0,0,0,0,2
7.48,0,0,0,0,-0.039999999,0,0,0,0,0,3
7.49,0,0,0,0,0,0,0,0,0,0,3
7.5,0,0,0,0,-0.039999999,0,0,0,0,0,3
7.51,0,0,0,0,0,0.01,-0.01,0,0,0,3
7.52,0,0,0,0,-0.029999999,-0.029999999,0,0,0,0,3
7.53,0,0,0,0,-0.02,0.039999999,0,0,0,0,3
7.54,0,0,0,0,0,-0.050000001,0,0,0,0,3
7.55,0,0,0,0,-0.01,0.029999999,0.029999999,0,0,0,3
7.56,0,0,0,0,0.01,-0.059999999,0,0,0,0,3
7.57,0,0,0,0,0,0.02,0,0,0,0,3
7.58,0,0,0,0,0.02,-0.02,0.090000004,0,0,0,3
7.59,0,0,0,0,0.02,0,-0.079999998,0,0,0,3
7.6,0,0,0,0,0,0.029999999,0.029999999,0,0,0,3
7.61,0,0,0,0,0,-0.039999999,-0.059999999,0,0,0,3
7.62,0,0,0,0,0,0.07,0.02,0,0,0,3
7.63,0,0,0,0,0,-0.059999999,-0.050000001,0,0,0,3
7.64,0,0,0,0,0,0.029999999,0.01,0,0,0,3
7.65,0,0,0,0,0,-0.02,0.039999999,0,0,0,3
7.66,0,0,0,0,-0.01,-0.02,-0.02,0,0,0,3
7.67,0,0,0,0,-0.039999999,-0.029999999,0.029999999,0,0,0,3
7.68,0,0,0,0,-0.039999999,-0.029999999,-0.02,0,0,0,3
7.69,0,0,0,0,-0.01,0,0.02,0,0,0,3
7.7,0,0,0,0,0,-0.029999999,-0.01,0,0,0,2
7.71,0,0,0,0,0,0.039999999,0.02,0,0,0,2
7.72,0,0,0,0,0.02,-0.029999999,0,0,0,0,3
7.73,0,0,0,0,0.02,0.01,0,0,0,0,3
7.74,0,0,0,0,0,0,0.02,0,0,0,3
7.75,0,0,0,0,0.039999999,0,-0.059999999,0,0,0,3
7.76,0,0,0,0,-0.01,0.02,0,0,0,0,3
7.77,0,0,0,0,-0.039999999,-0.01,-0.029999999,0,0,0,3
7.78,0,0,0,0,-0.01,0.01,0.039999999,0,0,0,3
7.79,0,0,0,0,-0.01,0,0,0,0,0,3
7.8,0,0,0,0,0,0,0.059999999,0,0,0,3
7.81,0,0,0,0,0,-0.01,-0.029999999,0,0,0,3
7.82,0,0,0,0,0.01,0,0,0,0,0,3
7.83,0,0,0,0,0.02,-0.029999999,0.050000001,0,0,0,3
7.84,0,0,0,0,0.02,-0.039999999,-0.01,0,0,0,3
7.85,0,0,0,0,0,0,0,0,0,0,3
7.86,0,0,0,0,0,0.01,-0.01,0,0,0,3
7.87,0,0,0,0,0,-0.01,0.01,0,0,0,3
7.88,0,0,0,0,0.01,-0.02,-0.039999999,0,0,0,3
7.89,0,0,0,0,-0.029999999,-0.01,0.02,0,0,0,3
7.9,0,0,0,0,0,0,0.02,0,0,0,3
7.91,0,0,0,0,0.01,0,-0.029999999,0,0,0,3
7.92,0,0,0,0,0.02,0.01,-0.02,0,0,0,3
7.93,0,0,0,0,0.029999999,0.02,-0.050000001,0,0,0,3
7.94,0,0,0,0,0.029999999,0.050000001,0.039999999,0,0,0,3
7.95,0,0,0,0,0.039999999,0,0,0,0,0,3
7.96,0,0,0,0,0,0.029999999,0.050000001,0,0,0,3
7.97,0,0,0,0,-0.02,0.01,0,0,0,0,3
7.98,0,0,0,0,-0.01,-0.01,0,0,0,0,2
7.99,0,0,0,0,-0.01,0.01,-0.050000001,0,0,0,2
8,0,0,0,0,-0.02,-0.029999999,-0.079999998,0,0,0,2
8.01,0,0,0,0,-0.02,-0.01,0.090000004,0,0,0,2
8.02,0,0,0,0,0.029999999,-0.050000001,-0.07,0,0,0,2
8.03,0,0,0,0,0,0.050000001,0,0,0,0,2
8.04,0,0,0,0,0,-0.01,-0.01,0,0,0,3
8.05,0,0,0,0,0,0.039999999,0,0,0,0,3
8.06,0,0,0,0,0.02,-0.01,0.01,0,0,0,3
8.07,0,0,0,0,-0.029999999,0.039999999,0,0,0,0,3
8.08,0,0,0,0,0.029999999,-0.01,-0.01,0,0,0,3
8.09,0,0,0,0,0,-0.02,-0.01,0,0,0,3
8.1,0,0,0,0,0,0.01,0.039999999,0,0,0,3
8.11,0,0,0,0,0,-0.059999999,0,0,0,0,3
8.12,0,0,0,0,0.01,0.029999999,0,0,0,0,3
8.13,0,0,0,0,0,-0.050000001,0,0,0,0,3
8.14,0,0,0,0,0.01,0.039999999,0,0,0,0,2
8.15,0,0,0,0,0,-0.050000001,0,0,0,0,2
8.16,0,0,0,0,0,0,-0.039999999,0,0,0,3
8.17,0,0,0,0,0.01,0,-0.01,0,0,0,3
8.18,0,0,0,0,0,-0.01,-0.050000001,0,0,0,3
8.19,0,0,0,0,-0.01,0.039999999,-0.01,0,0,0,3
8.2,0,0,0,0,-0.01,-0.01,0,0,0,0,3
8.21,0,0,0,0,0.029999999,0.01,0.100000002,0,0,0,3
8.22,0,0,0,0,0.01,-0.029999999,0,0,0,0,2
8.23,0,0,0,0,0.02,0.01,0,0,0,0,2
8.24,0,0,0,0,0.02,-0.029999999,0,0,0,0,2
8.25,0,0,0,0,0,0,0,0,0,0,2
8.26,0,0,0,0,0,0,0.01,0,0,0,3
8.27,0,0,0,0,-0.01,0.02,0,0,0,0,3
8.28,0,0,0,0,-0.01,0.02,0,0,0,0,3
8.29,0,0,0,0,-0.029999999,0,-0.050000001,0,0,0,3
8.3,0,0,0,0,-0.01,0.02,0.07,0,0,0,2
8.31,0,0,0,0,-0.029999999,0.01,-0.02,0,0,0,2
8.32,0,0,0,0,0.02,0.029999999,0.01,0,0,0,3
8.33,0,0,0,0,0,-0.02,0,0,0,0,3
8.34,0,0,0,0,0.039999999,0,-0.039999999,0,0,0,2
8.35,0,0,0,0,0.029999999,-0.02,0.050000001,0,0,0,2
8.36,0,0,0,0,0,0,0.01,0,0,0,3
8.37,0,0,0,0,0,0.01,0.050000001,0,0,0,3
8.38,0,0,0,0,0,-0.029999999,-0.029999999,0,0,0,3
8.39,0,0,0,0,0,-0.01,0.039999999,0,0,0,3
8.4,0,0,0,0,-0.01,0,-0.050000001,0,0,0,3
8.41,0,0,0,0,-0.02,0,-0.01,0,0,0,3
8.42,0,0,0,0,-0.050000001,0,0,0,0,0,3
8.43,0,0,0,0,-0.02,0,-0.01,0,0,0,3
8.44,0,0,0,0,-0.029999999,-0.01,0.01,0,0,0,3
8.45,0,0,0,0,0.02,0.01,0.01,0,0,0,3
8.46,0,0,0,0,-0.02,0,0.029999999,0,0,0,3
8.47,0,0,0,0,0.039999999,0,-0.01,0,0,0,3
8.48,0,0,0,0,0.01,0.02,0,0,0,0,3
8.49,0,0,0,0,0.01,-0.029999999,0.02,0,0,0,3
8.5,0,0,0,0,0,0,-0.01,0,0,0,3
8.51,0,0,0,0,0,0,0.079999998,0,0,0,3
8.52,0,0,0,0,0,-0.02,-0.039999999,0,0,0,2
8.53,0,0,0,0,-0.01,0.029999999,0.02,0,0,0,2
8.54,0,0,0,0,0.02,-0.059999999,-0.07,0,0,0,3
8.55,0,0,0,0,0,0.039999999,0.07,0,0,0,3
8.56,0,0,0,0,-0.029999999,-0.039999999,-0.01,0,0,0,3
8.57,0,0,0,0,-0.02,0,-0.039999999,0,0,0,3
8.58,0,0,0,0,0,0.029999999,-0.01,0,0,0,3
8.59,0,0,0,0,-0.059999999,-0.050000001,-0.050000001,0,0,0,3
8.6,0,0,0,0,0.01,0.039999999,0,0,0,0,3
8.61,0,0,0,0,-0.01,-0.050000001,0,0,0,0,3
8.62,0,0,0,0,0.01,0.02,0.100000002,0,0,0,3
8.63,0,0,0,0,0.02,-0.039999999,-0.01,0,0,0,3
8.64,0,0,0,0,0.07,0,0.050000001,0,0,0,3
8.65,0,0,0,0,0.07,-0.02,0,0,0,0,3
8.66,0,0,0,0,0.02,0.029999999,-0.029999999,0,0,0,3
8.67,0,0,0,0,0,0.029999999,0.029999999,0,0,0,3
8.68,0,0,0,0,-0.01,0,-0.059999999,0,0,0,3
8.69,0,0,0,0,-0.050000001,0.02,0,0,0,0,3
8.7,0,0,0,0,-0.050000001,-0.050000001,-0.029999999,0,0,0,3
8.71,0,0,0,0,-0.01,0.029999999,0.01,0,0,0,3
8.72,0,0,0,0,-0.039999999,-0.02,-0.050000001,0,0,0,3
8.73,0,0,0,0,0.029999999,0.02,-0.01,0,0,0,3
8.74,0,0,0,0,0.029999999,-0.029999999,0,0,0,0,3
8.75,0,0,0,0,0.059999999,-0.01,-0.02,0,0,0,3
8.76,0,0,0,0,0.039999999,-0.01,0.059999999,0,0,0,3
8.77,0,0,0,0,0.02,0,0,0,0,0,3
8.78,0,0,0,0,0.039999999,0,0.029999999,0,0,0,2
8.79,0,0,0,0,0,-0.01,0,0,0,0,2
8.8,0,0,0,0,-0.029999999,0.01,0.039999999,0,0,0,3
8.81,0,0,0,0,-0.01,0.02,0,0,0,0,3
8.82,0,0,0,0,-0.039999999,0.01,0.039999999,0,0,0,3
8.83,0,0,0,0,-0.01,0.01,-0.029999999,0,0,0,3
8.84,0,0,0,0,0,0,0.01,0,0,0,2
8.85,0,0,0,0,-0.029999999,0.01,-0.01,0,0,0,2
8.86,0,0,0,0,-0.02,-0.01,-0.029999999,0,0,0,3
8.87,0,0,0,0,0.029999999,-0.01,0.029999999,0,0,0,3
8.88,0,0,0,0,0,-0.029999999,-0.02,0,0,0,3
8.89,0,0,0,0,-0.01,0.02,0.02,0,0,0,3
8.9,0,0,0,0,0.01,-0.01,-0.029999999,0,0,0,3
8.91,0,0,0,0,0,0,0.029999999,0,0,0,3
8.92,0,0,0,0,-0.01,0,0.039999999,0,0,0,2
8.93,0,0,0,0,0,0,-0.01,0,0,0,2
8.94,0,0,0,0,0,0.029999999,0.029999999,0,0,0,3
8.95,0,0,0,0,0.01,-0.01,-0.059999999,0,0,0,3
8.96,0,0,0,0,0,0.029999999,0,0,0,0,3
8.97,0,0,0,0,0,-0.01,-0.01,0,0,0,3
8.98,0,0,0,0,0,0.039999999,0,0,0,0,3
8.99,0,0,0,0,-0.01,-0.059999999,0,0,0,0,3
9,0,0,0,0,0,0.039999999,-0.02,0,0,0,3
9.01,0,0,0,0,0,-0.07,0.01,0,0,0,3
9.02,0,0,0,0,0,0,-0.029999999,0,0,0,3
9.03,0,0,0,0,0,0,0.07,0,0,0,3
9.04,0,0,0,0,0,-0.039999999,0,0,0,0,3
9.05,0,0,0,0,0,0.050000001,0.050000001,0,0,0,3
9.06,0,0,0,0,-0.01,-0.050000001,-0.039999999,0,0,0,3
9.07,0,0,0,0,0,0.050000001,0,0,0,0,3
9.08,0,0,0,0,0.01,-0.059999999,-0.100000002,0,0,0,3
9.09,0,0,0,0,-0.01,0.07,-0.02,0,0,0,3
9.1,0,0,0,0,0,-0.039999999,-0.02,0,0,0,2
9.11,0,0,0,0,0,0.059999999,0,0,0,0,2
9.12,0,0,0,0,-0.029999999,-0.01,0,0,0,0,2
9.13,0,0,0,0,-0.01,-0.01,-0.029999999,0,0,0,2
9.14,0,0,0,0,-0.02,-0.01,0.07,0,0,0,3
9.15,0,0,0,0,0,-0.02,-0.050000001,0,0,0,3
9.16,0,0,0,0,0.02,0.02,0.07,0,0,0,3
9.17,0,0,0,0,0,-0.02,0,0,0,0,3
9.18,0,0,0,0,0.02,0.02,0.029999999,0,0,0,3
9.19,0,0,0,0,0,-0.039999999,-0.02,0,0,0,3
9.2,0,0,0,0,0.01,0.029999999,0.039999999,0,0,0,3
9.21,0,0,0,0,0.02,-0.02,0,0,0,0,3
9.22,0,0,0,0,-0.01,-0.01,-0.01,0,0,0,2
9.23,0,0,0,0,0,-0.02,0.039999999,0,0,0,2
9.24,0,0,0,0,-0.01,0,-0.039999999,0,0,0,3
9.25,0,0,0,0,0,0.01,0.029999999,0,0,0,3
9.26,0,0,0,0,0,0.02,-0.039999999,0,0,0,3
9.27,0,0,0,0,-0.039999999,-0.02,0,0,0,0,3
9.28,0,0,0,0,-0.01,0,0,0,0,0,3
9.29,0,0,0,0,-0.02,0.01,-0.029999999,0,0,0,3
9.3,0,0,0,0,0.01,-0.01,0.050000001,0,0,0,3
9.31,0,0,0,0,0.029999999,-0.039999999,0,0,0,0,3
9.32,0,0,0,0,0,0.01,0.050000001,0,0,0,3
9.33,0,0,0,0,0.01,-0.059999999,0,0,0,0,3
9.34,0,0,0,0,0.02,0,0.109999999,0,0,0,3
9.35,0,0,0,0,0,-0.02,-0.039999999,0,0,0,3
9.36,0,0,0,0,0.01,0,0.039999999,0,0,0,3
9.37,0,0,0,0,0.01,0.01,-0.050000001,0,0,0,3
9.38,0,0,0,0,0,0.02,-0.01,0,0,0,3
9.39,0,0,0,0,0,-0.01,-0.039999999,0,0,0,3
9.4,0,0,0,0,-0.01,0,0.01,0,0,0,2
9.41,0,0,0,0,0.02,0.01,0.039999999,0,0,0,2
9.42,0,0,0,0,0,-0.039999999,0.02,0,0,0,2
9.43,0,0,0,0,0,0,0.029999999,0,0,0,2
9.44,0,0,0,0,-0.029999999,-0.02,-0.050000001,0,0,0,3
9.45,0,0,0,0,-0.02,0.029999999,0.050000001,0,0,0,3
9.46,0,0,0,0,0,-0.050000001,-0.039999999,0,0,0,3
9.47,0,0,0,0,0.02,0,0.07,0,0,0,3
9.48,0,0,0,0,0,-0.039999999,0,0,0,0,3
9.49,0,0,0,0,0.01,-0.01,0,0,0,0,3
9.5,0,0,0,0,0,-0.01,0,0,0,0,3
9.51,0,0,0,0,0,-0.01,-0.02,0,0,0,3
9.52,0,0,0,0,-0.01,0.039999999,0.050000001,0,0,0,3
9.53,0,0,0,0,0.01,-0.01,-0.039999999,0,0,0,3
9.54,0,0,0,0,0,0.02,0.01,0,0,0,3
9.55,0,0,0,0,-0.039999999,-0.029999999,-0.039999999,0,0,0,3
9.56,0,0,0,0,-0.01,0,0,0,0,0,3
9.57,0,0,0,0,0,-0.02,0.050000001,0,0,0,3
9.58,0,0,0,0,-0.029999999,-0.02,-0.07,0,0,0,3
9.59,0,0,0,0,0.029999999,0.01,0,0,0,0,3
9.6,0,0,0,0,0.01,0,0.01,0,0,0,3
9.61,0,0,0,0,0,0,0,0,0,0,3
9.62,0,0,0,0,0,0.02,0.050000001,0,0,0,3
9.63,0,0,0,0,0,-0.029999999,-0.01,0,0,0,3
9.64,0,0,0,0,0.02,0.039999999,0.02,0,0,0,2
9.65,0,0,0,0,0,-0.02,-0.050000001,0,0,0,2
9.66,0,0,0,0,0,0.01,0.090000004,0,0,0,3
9.67,0,0,0,0,0.02,-0.01,-0.02,0,0,0,3
9.68,0,0,0,0,0,0.029999999,0.07,0,0,0,3
9.69,0,0,0,0,0.02,-0.039999999,-0.109999999,0,0,0,3
9.7,0,0,0,0,-0.01,0.02,-0.029999999,0,0,0,3
9.71,0,0,0,0,0.02,-0.02,0.050000001,0,0,0,3
9.72,0,0,0,0,-0.039999999,-0.01,-0.01,0,0,0,3
9.73,0,0,0,0,-0.01,0,0.050000001,0,0,0,3
9.74,0,0,0,0,0,-0.039999999,-0.02,0,0,0,3
9.75,0,0,0,0,0,0.01,0.050000001,0,0,0,3
9.76,0,0,0,0,0,-0.039999999,-0.050000001,0,0,0,3
9.77,0,0,0,0,0.039999999,0.059999999,0.050000001,0,0,0,3
9.78,0,0,0,0,0.029999999,-0.01,-0.01,0,0,0,3
9.79,0,0,0,0,0,0.050000001,-0.01,0,0,0,3
9.8,0,0,0,0,0.01,0.01,0.039999999,0,0,0,3
9.81,0,0,0,0,-0.02,0,-0.029999999,0,0,0,3
9.82,0,0,0,0,-0.02,0,-0.02,0,0,0,3
9.83,0,0,0,0,0.01,-0.01,0,0,0,0,3
9.84,0,0,0,0,0.01,0,0.039999999,0,0,0,3
9.85,0,0,0,0,-0.01,0,0.029999999,0,0,0,3
9.86,0,0,0,0,0,-0.01,0,0,0,0,3
9.87,0,0,0,0,-0.01,0,0.02,0,0,0,3
9.88,0,0,0,0,-0.01,-0.01,-0.039999999,0,0,0,3
9.89,0,0,0,0,-0.01,-0.01,0,0,0,0,3
9.9,0,0,0,0,-0.01,-0.02,0.029999999,0,0,0,2
9.91,0,0,0,0,-0.029999999,0.01,0.01,0,0,0,2
9.92,0,0,0,0,0,0,-0.039999999,0,0,0,3
9.93,0,0,0,0,0,0,0.02,0,0,0,3
9.94,0,0,0,0,0,-0.01,0.039999999,0,0,0,2
9.95,0,0,0,0,-0.01,-0.01,0.01,0,0,0,2
9.96,0,0,0,0,-0.01,0,-0.01,0,0,0,2
9.97,0,0,0,0,0,-0.02,0.02,0,0,0,2
9.98,0,0,0,0,0.02,0,-0.01,0,0,0,3
9.99,0,0,0,0,0.01,-0.059999999,-0.01,0,0,0,3
10,0,0,0,0,0.01,0.02,0,0,0,0,3
10.01,0,0,0,0,0,-0.039999999,-0.02,0,0,0,3
10.02,0,0,0,0,-0.029999999,0.02,0,0,0,0,3
10.03,0,0,0,0,-0.01,0,0.059999999,0,0,0,3
10.04,0,0,0,0,0,0,-0.01,0,0,0,3
10.05,0,0,0,0,0.029999999,0.01,0.02,0,0,0,3
10.06,0,0,0,0,0.01,-0.02,-0.050000001,0,0,0,2
10.07,0,0,0,0,0.02,0.029999999,0.039999999,0,0,0,2
10.08,0,0,0,0,0,-0.01,-0.059999999,0,0,0,3
10.09,0,0,0,0,0.02,0,0.01,0,0,0,3
10.1,0,0,0,0,0,-0.02,-0.01,0,0,0,2
10.11,0,0,0,0,0,0,0.01,0,0,0,2
10.12,0,0,0,0,-0.01,0,0.02,0,0,0,3
10.13,0,0,0,0,0,0.01,-0.059999999,0,0,0,3
10.14,0,0,0,0,0,-0.01,0.039999999,0,0,0,2
10.15,0,0,0,0,0,-0.029999999,-0.079999998,0,0,0,2
10.16,0,0,0,0,-0.02,0.01,0.059999999,0,0,0,2
10.17,0,0,0,0,-0.01,0,0,0,0,0,2
10.18,0,0,0,0,0.02,0,0.01,0,0,0,3
10.19,0,0,0,0,-0.029999999,0,0.039999999,0,0,0,3
10.2,0,0,0,0,0.029999999,-0.01,-0.029999999,0,0,0,3
10.21,0,0,0,0,0,0.039999999,0.059999999,0,0,0,3
10.22,0,0,0,0,0,-0.029999999,-0.039999999,0,0,0,3
10.23,0,0,0,0,0.029999999,0.02,0.02,0,0,0,3
10.24,0,0,0,0,0.01,0,0.02,0,0,0,3
10.25,0,0,0,0,0.01,-0.02,-0.01,0,0,0,3
10.26,0,0,0,0,0.02,-0.02,-0.01,0,0,0,3
10.27,0,0,0,0,-0.01,-0.01,-0.029999999,0,0,0,3
10.28,0,0,0,0,0.029999999,0,0.079999998,0,0,0,3
10.29,0,0,0,0,-0.029999999,-0.07,-0.07,0,0,0,3
10.3,0,0,0,0,-0.01,0,0.029999999,0,0,0,3
10.31,0,0,0,0,0,-0.02,-0.01,0,0,0,3
10.32,0,0,0,0,0,0.02,0,0,0,0,3
10.33,0,0,0,0,0.01,-0.029999999,0,0,0,0,3
10.34,0,0,0,0,0,0.02,-0.07,0,0,0,3
10.35,0,0,0,0,0.01,0,0.050000001,0,0,0,3
10.36,0,0,0,0,0,0,-0.07,0,0,0,3
10.37,0,0,0,0,0.029999999,-0.01,0.01,0,0,0,3
10.38,0,0,0,0,0.01,0,0,0,0,0,3
10.39,0,0,0,0,0,0,-0.01,0,0,0,3
10.4,0,0,0,0,0.01,-0.02,-0.02,0,0,0,3
10.41,0,0,0,0,-0.029999999,0,0.039999999,0,0,0,3
10.42,0,0,0,0,-0.029999999,0,0.02,0,0,0,3
10.43,0,0,0,0,0,0,-0.039999999,0,0,0,3
10.44,0,0,0,0,-0.02,0.02,0.029999999,0,0,0,3
10.45,0,0,0,0,0.02,0,-0.02,0,0,0,3
10.46,0,0,0,0,-0.01,0,0,0,0,0,3
10.47,0,0,0,0,0.02,0.01,0,0,0,0,3
10.48,0,0,0,0,-0.02,-0.029999999,-0.02,0,0,0,3
10.49,0,0,0,0,0,0.02,0,0,0,0,3
10.5,0,0,0,0,0.01,-0.039999999,0.02,0,0,0,3
10.51,0,0,0,0,-0.01,0,0.050000001,0,0,0,3
10.52,0,0,0,0,0,-0.029999999,0.01,0,0,0,3
10.53,0,0,0,0,-0.01,0,0.02,0,0,0,3
10.54,0,0,0,0,0.01,-0.039999999,0.050000001,0,0,0,3
10.55,0,0,0,0,0.01,-0.02,0.01,0,0,0,3
10.56,0,0,0,0,0,-0.01,0.01,0,0,0,3
10.57,0,0,0,0,0.029999999,-0.029999999,-0.039999999,0,0,0,3
10.58,0,0,0,0,0.029999999,0.02,0.029999999,0,0,0,2
10.59,0,0,0,0,-0.02,-0.01,-0.02,0,0,0,2
10.6,0,0,0,0,0,0.039999999,0,0,0,0,3
10.61,0,0,0,0,-0.02,0.01,0,0,0,0,3
10.62,0,0,0,0,0.02,0,-0.039999999,0,0,0,3
10.63,0,0,0,0,0.02,0,0.01,0,0,0,3
10.64,0,0,0,0,0,-0.029999999,0.02,0,0,0,3
10.65,0,0,0,0,-0.02,0,0.01,0,0,0,3
10.66,0,0,0,0,-0.01,-0.02,-0.039999999,0,0,0,2
10.67,0,0,0,0,-0.01,0.029999999,0.07,0,0,0,2
10.68,0,0,0,0,0,0,0,0,0,0,3
10.69,0,0,0,0,-0.02,-0.029999999,0.02,0,0,0,3
10.7,0,0,0,0,0.039999999,0.01,0.01,0,0,0,3
10.71,0,0,0,0,0,-0.039999999,-0.01,0,0,0,3
10.72,0,0,0,0,0.01,-0.01,0.01,0,0,0,2
10.73,0,0,0,0,0.01,-0.01,-0.050000001,0,0,0,2
10.74,0,0,0,0,0,-0.01,0.01,0,0,0,2
10.75,0,0,0,0,-0.01,-0.039999999,-0.02,0,0,0,2
10.76,0,0,0,0,-0.02,-0.02,0.039999999,0,0,0,3
10.77,0,0,0,0,0.029999999,0.02,0,0,0,0,3
10.78,0,0,0,0,0,0,-0.059999999,0,0,0,3
10.79,0,0,0,0,0,0.059999999,0.059999999,0,0,0,3
10.8,0,0,0,0,-0.02,-0.029999999,0.01,0,0,0,3
10.81,0,0,0,0,0,0.02,0,0,0,0,3
10.82,0,0,0,0,-0.01,-0.079999998,-0.039999999,0,0,0,3
10.83,0,0,0,0,-0.01,0.029999999,0.01,0,0,0,3
10.84,0,0,0,0,-0.02,-0.050000001,0.029999999,0,0,0,2
10.85,0,0,0,0,0,0,-0.079999998,0,0,0,2
10.86,0,0,0,0,0,-0.029999999,0,0,0,0,3
10.87,0,0,0,0,-0.029999999,0,-0.039999999,0,0,0,3
10.88,0,0,0,0,0.050000001,0.029999999,0,0,0,0,3
10.89,0,0,0,0,0,-0.050000001,-0.02,0,0,0,3
10.9,0,0,0,0,0,0.01,0.02,0,0,0,3
10.91,0,0,0,0,0.029999999,-0.02,-0.029999999,0,0,0,3
10.92,0,0,0,0,0,0,0.050000001,0,0,0,3
10.93,0,0,0,0,-0.02,0,0.02,0,0,0,3
10.94,0,0,0,0,0.02,0.01,-0.050000001,0,0,0,2
10.95,0,0,0,0,0,0,0.01,0,0,0,2
10.96,0,0,0,0,-0.02,-0.029999999,-0.050000001,0,0,0,3
10.97,0,0,0,0,0,0.01,0.02,0,0,0,3
10.98,0,0,0,0,-0.01,-0.01,0,0,0,0,3
10.99,0,0,0,0,0,-0.01,0,0,0,0,3
11,0,0,0,0,-0.02,-0.02,0,0,0,0,3
11.01,0,0,0,0,0.02,-0.02,-0.039999999,0,0,0,3
11.02,0,0,0,0,-0.01,0.029999999,0.050000001,0,0,0,3
11.03,0,0,0,0,-0.01,0.029999999,0.050000001,0,0,0,3
11.04,0,0,0,0,0.02,0.050000001,0.039999999,0,0,0,3
11.05,0,0,0,0,0,-0.02,0,0,0,0,3
11.06,0,0,0,0,-0.029999999,0.02,-0.059999999,0,0,0,3
11.07,0,0,0,0,0,0,0.039999999,0,0,0,2
11.08,0,0,0,0,0,-0.01,-0.050000001,0,0,0,3
11.09,0,0,0,0,-0.02,0.02,0.039999999,0,0,0,3
11.1,0,0,0,0,0,-0.07,-0.029999999,0,0,0,3
11.11,0,0,0,0,-0.029999999,0.039999999,0.039999999,0,0,0,3
11.12,0,0,0,0,0.01,-0.02,-0.01,0,0,0,3
11.13,0,0,0,0,0,0.01,-0.039999999,0,0,0,3
11.14,0,0,0,0,0.029999999,-0.01,-0.01,0,0,0,3
11.15,0,0,0,0,0,0,-0.02,0,0,0,3
11.16,0,0,0,0,0.02,0.01,0,0,0,0,3
11.17,0,0,0,0,-0.01,0,-0.050000001,0,0,0,3
11.18,0,0,0,0,-0.02,0,0.090000004,0,0,0,3
11.19,0,0,0,0,0,0,-0.02,0,0,0,3
11.2,0,0,0,0,0.039999999,0,0,0,0,0,3
11.21,0,0,0,0,0.039999999,0.02,0.01,0,0,0,3
11.22,0,0,0,0,0.01,0.01,-0.039999999,0,0,0,3
11.23,0,0,0,0,0,0.039999999,0.01,0,0,0,3
11.24,0,0,0,0,0.029999999,-0.039999999,0.01,0,0,0,3
11.25,0,0,0,0,-0.01,0.01,0.07,0,0,0,3
11.26,0,0,0,0,0,-0.050000001,-0.029999999,0,0,0,3
11.27,0,0,0,0,-0.029999999,0,-0.02,0,0,0,3
11.28,0,0,0,0,0.02,0.01,0.050000001,0,0,0,3
11.29,0,0,0,0,-0.029999999,-0.039999999,-0.039999999,0,0,0,3
11.3,0,0,0,0,0,0.079999998,0.029999999,0,0,0,2
11.31,0,0,0,0,0,-0.039999999,-0.039999999,0,0,0,2
11.32,0,0,0,0,0,0.050000001,0.039999999,0,0,0,3
11.33,0,0,0,0,0,-0.02,-0.050000001,0,0,0,3
11.34,0,0,0,0,0.02,0.039999999,0.050000001,0,0,0,3
11.35,0,0,0,0,0.02,-0.02,0.039999999,0,0,0,3
11.36,0,0,0,0,0,0,-0.029999999,0,0,0,3
11.37,0,0,0,0,0.029999999,0,0.02,0,0,0,3
11.38,0,0,0,0,0.01,-0.029999999,-0.01,0,0,0,3
11.39,0,0,0,0,-0.01,0.01,0.050000001,0,0,0,3
11.4,0,0,0,0,0,-0.07,-0.059999999,0,0,0,3
11.41,0,0,0,0,0,0.029999999,0.01,0,0,0,3
11.42,0,0,0,0,-0.039999999,-0.02,-0.039999999,0,0,0,3
11.43,0,0,0,0,0,-0.01,-0.02,0,0,0,3
11.44,0,0,0,0,0,-0.01,0.059999999,0,0,0,2
11.45,0,0,0,0,-0.01,-0.029999999,-0.01,0,0,0,2
11.46,0,0,0,0,0.029999999,0,0.090000004,0,0,0,3
11.47,0,0,0,0,0.01,-0.02,0.02,0,0,0,3
11.48,0,0,0,0,0.029999999,-0.02,0.01,0,0,0,3
11.49,0,0,0,0,0,0.01,0.01,0,0,0,3
11.5,0,0,0,0,0.01,-0.01,-0.050000001,0,0,0,3
11.51,0,0,0,0,-0.01,0.02,0,0,0,0,3
11.52,0,0,0,0,0,-0.01,-0.039999999,0,0,0,3
11.53,0,0,0,0,0,0.01,0.039999999,0,0,0,3
11.54,0,0,0,0,-0.02,-0.02,0.029999999,0,0,0,3
11.55,0,0,0,0,-0.01,0.02,0.02,0,0,0,3
11.56,0,0,0,0,0,0,0.01,0,0,0,3
11.57,0,0,0,0,0,-0.01,0.01,0,0,0,3
11.58,0,0,0,0,0.029999999,-0.01,0,0,0,0,3
11.59,0,0,0,0,0,0,-0.050000001,0,0,0,3
11.6,0,0,0,0,0.01,0,0.079999998,0,0,0,3
11.61,0,0,0,0,0,-0.029999999,-0.039999999,0,0,0,3
11.62,0,0,0,0,0.02,0.029999999,0.02,0,0,0,3
11.63,0,0,0,0,0,-0.01,-0.01,0,0,0,3
11.64,0,0,0,0,0,0.039999999,-0.01,0,0,0,3
11.65,0,0,0,0,-0.01,0.01,0.01,0,0,0,3
11.66,0,0,0,0,-0.01,0.02,-0.02,0,0,0,2
11.67,0,0,0,0,-0.01,0.029999999,-0.02,0,0,0,2
11.68,0,0,0,0,-0.02,-0.039999999,0.039999999,0,0,0,3
11.69,0,0,0,0,0,-0.029999999,0.029999999,0,0,0,3
11.7,0,0,0,0,-0.029999999,-0.050000001,-0.029999999,0,0,0,3
11.71,0,0,0,0,-0.01,-0.039999999,0.050000001,0,0,0,3
11.72,0,0,0,0,-0.01,-0.02,-0.039999999,0,0,0,3
11.73,0,0,0,0,-0.029999999,-0.029999999,0.01,0,0,0,3
11.74,0,0,0,0,0.02,-0.01,0.029999999,0,0,0,3
11.75,0,0,0,0,0.039999999,-0.01,0.029999999,0,0,0,3
11.76,0,0,0,0,0.050000001,0.02,0.02,0,0,0,3
11.77,0,0,0,0,0.050000001,0,0,0,0,0,3
11.78,0,0,0,0,0.059999999,0.039999999,0.059999999,0,0,0,3
11.79,0,0,0,0,0.02,0.01,-0.02,0,0,0,3
11.8,0,0,0,0,0.01,0.039999999,-0.029999999,0,0,0,3
11.81,0,0,0,0,0,0.01,0.01,0,0,0,3
11.82,0,0,0,0,0,-0.029999999,-0.059999999,0,0,0,3
11.83,0,0,0,0,-0.02,0,0.039999999,0,0,0,3
11.84,0,0,0,0,-0.029999999,-0.079999998,-0.090000004,0,0,0,3
11.85,0,0,0,0,0,0.01,0.01,0,0,0,3
11.86,0,0,0,0,0,-0.090000004,0,0,0,0,2
11.87,0,0,0,0,-0.039999999,0,0.02,0,0,0,2
11.88,0,0,0,0,0.029999999,0,0.01,0,0,0,2
11.89,0,0,0,0,0,0.02,0,0,0,0,3
11.9,0,0,0,0,0.029999999,0.029999999,0.02,0,0,0,3
11.91,0,0,0,0,0,0.039999999,-0.02,0,0,0,3
11.92,0,0,0,0,-0.02,0.059999999,0.029999999,0,0,0,3
11.93,0,0,0,0,-0.039999999,-0.029999999,-0.07,0,0,0,3
11.94,0,0,0,0,0,0,0,0,0,0,3
11.95,0,0,0,0,0,-0.050000001,-0.02,0,0,0,3
11.96,0,0,0,0,0.02,-0.01,0.02,0,0,0,3
11.97,0,0,0,0,0.01,-0.029999999,0.02,0,0,0,3
11.98,0,0,0,0,0.01,-0.039999999,0.029999999,0,0,0,3
11.99,0,0,0,0,0.02,-0.029999999,0.029999999,0,0,0,3
12,0,0,0,0,0.029999999,-0.029999999,-0.059999999,0,0,0,3
12.01,0,0,0,0,0.02,0.02,0.039999999,0,0,0,3
12.02,0,0,0,0,0,-0.01,-0.01,0,0,0,3
12.03,0,0,0,0,0.01,0.02,-0.01,0,0,0,3
12.04,0,0,0,0,0.039999999,0,0.02,0,0,0,3
12.05,0,0,0,0,0,-0.01,0.02,0,0,0,3
12.06,0,0,0,0,-0.01,0.01,0,0,0,0,3
12.07,0,0,0,0,0,-0.01,0,0,0,0,3
12.08,0,0,0,0,-0.01,0,0.029999999,0,0,0,3
12.09,0,0,0,0,0,0,0,0,0,0,3
12.1,0,0,0,0,-0.01,0,-0.02,0,0,0,2
12.11,0,0,0,0,0.01,-0.050000001,0.029999999,0,0,0,2
12.12,0,0,0,0,-0.01,-0.029999999,0.050000001,0,0,0,3
12.13,0,0,0,0,0.01,0.01,0.02,0,0,0,3
12.14,0,0,0,0,0,-0.059999999,0.029999999,0,0,0,3
12.15,0,0,0,0,0.02,0.050000001,0,0,0,0,3
12.16,0,0,0,0,0.02,-0.02,0.029999999,0,0,0,3
12.17,0,0,0,0,0,0.039999999,-0.02,0,0,0,3
12.18,0,0,0,0,0.029999999,0.01,-0.07,0,0,0,3
12.19,0,0,0,0,0.02,0.029999999,-0.07,0,0,0,3
12.2,0,0,0,0,0,0.029999999,0.01,0,0,0,3
12.21,0,0,0,0,-0.02,0.01,-0.039999999,0,0,0,3
12.22,0,0,0,0,0,0.02,0.029999999,0,0,0,3
12.23,0,0,0,0,-0.029999999,-0.029999999,-0.01,0,0,0,3
12.24,0,0,0,0,0,0,0.01,0,0,0,3
12.25,0,0,0,0,0.01,-0.029999999,0.029999999,0,0,0,3
12.26,0,0,0,0,0,-0.059999999,0,0,0,0,3
12.27,0,0,0,0,0,-0.02,0,0,0,0,3
12.28,0,0,0,0,0,-0.029999999,0.029999999,0,0,0,3
12.29,0,0,0,0,0.01,0,0.02,0,0,0,3
12.3,0,0,0,0,0.01,0.01,-0.059999999,0,0,0,3
12.31,0,0,0,0,0.01,0.01,0.050000001,0,0,0,3
12.32,0,0,0,0,0.01,-0.01,-0.07,0,0,0,3
12.33,0,0,0,0,-0.02,0.01,0,0,0,0,3
12.34,0,0,0,0,-0.01,0.039999999,0,0,0,0,3
12.35,0,0,0,0,-0.02,-0.039999999,0,0,0,0,3
12.36,0,0,0,0,-0.050000001,0.02,0.079999998,0,0,0,3
12.37,0,0,0,0,0,-0.01,-0.02,0,0,0,3
12.38,0,0,0,0,0,-0.01,0.090000004,0,0,0,3
12.39,0,0,0,0,0.01,-0.039999999,-0.02,0,0,0,3
12.4,0,0,0,0,0,0,0.02,0,0,0,3
12.41,0,0,0,0,0.039999999,0.029999999,0.02,0,0,0,3
12.42,0,0,0,0,0,-0.039999999,0.01,0,0,0,3
12.43,0,0,0,0,0.01,0.029999999,0.029999999,0,0,0,3
12.44,0,0,0,0,0,-0.029999999,-0.059999999,0,0,0,3
12.45,0,0,0,0,0.01,0.02,0.02,0,0,0,3
12.46,0,0,0,0,0,-0.02,-0.050000001,0,0,0,3
12.47,0,0,0,0,-0.050000001,-0.01,0,0,0,0,3
12.48,0,0,0,0,0,0.02,0.01,0,0,0,3
12.49,0,0,0,0,-0.02,0.01,0,0,0,0,3
12.5,0,0,0,0,0.01,0,0.050000001,0,0,0,2
12.51,0,0,0,0,0.02,-0.01,0,0,0,0,2
12.52,0,0,0,0,0.02,0.029999999,0.07,0,0,0,3
12.53,0,0,0,0,0.02,-0.02,-0.029999999,0,0,0,3
12.54,0,0,0,0,0.039999999,0.02,0.02,0,0,0,3
12.55,0,0,0,0,0.029999999,-0.029999999,0.039999999,0,0,0,3
12.56,0,0,0,0,0,-0.02,-0.01,0,0,0,3
12.57,0,0,0,0,0,0,0.029999999,0,0,0,3
12.58,0,0,0,0,0,0,0,0,0,0,3
12.59,0,0,0,0,-0.01,0.029999999,-0.02,0,0,0,3
12.6,0,0,0,0,-0.01,-0.01,-0.039999999,0,0,0,3
12.61,0,0,0,0,-0.02,0.029999999,0.029999999,0,0,0,3
12.62,0,0,0,0,0.01,0,-0.01,0,0,0,3
12.63,0,0,0,0,0,0.02,-0.039999999,0,0,0,3
12.64,0,0,0,0,0.01,0.029999999,0.100000002,0,0,0,3
12.65,0,0,0,0,0.02,-0.02,-0.02,0,0,0,3
12.66,0,0,0,0,-0.02,0,0,0,0,0,3
12.67,0,0,0,0,0.029999999,-0.039999999,0.039999999,0,0,0,3
12.68,0,0,0,0,0.01,0,-0.079999998,0,0,0,3
12.69,0,0,0,0,0.07,0.029999999,0.01,0,0,0,3
12.7,0,0,0,0,-0.01,-0.029999999,-0.039999999,0,0,0,3
12.71,0,0,0,0,0,0.039999999,0.029999999,0,0,0,3
12.72,0,0,0,0,-0.050000001,-0.029999999,-0.059999999,0,0,0,3
12.73,0,0,0,0,-0.050000001,0.029999999,0.029999999,0,0,0,3
12.74,0,0,0,0,-0.029999999,-0.07,0,0,0,0,3
12.75,0,0,0,0,0,0.029999999,0.039999999,0,0,0,3
12.76,0,0,0,0,0,-0.01,0,0,0,0,3
12.77,0,0,0,0,0.039999999,0,-0.02,0,0,0,3
12.78,0,0,0,0,0.02,0.01,0.059999999,0,0,0,3
12.79,0,0,0,0,0.01,-0.01,-0.129999995,0,0,0,3
12.8,0,0,0,0,0.050000001,0.02,0.02,0,0,0,3
12.81,0,0,0,0,0,-0.039999999,0.02,0,0,0,3
12.82,0,0,0,0,0.050000001,0.059999999,0.01,0,0,0,3
12.83,0,0,0,0,-0.039999999,-0.039999999,0,0,0,0,3
12.84,0,0,0,0,0,0,-0.029999999,0,0,0,3
12.85,0,0,0,0,-0.01,-0.01,0,0,0,0,3
12.86,0,0,0,0,0,-0.01,-0.050000001,0,0,0,3
12.87,0,0,0,0,-0.02,0.02,0.029999999,0,0,0,3
12.88,0,0,0,0,0.01,0,-0.07,0,0,0,3
12.89,0,0,0,0,0,-0.02,0.07,0,0,0,3
12.9,0,0,0,0,0,-0.02,0.01,0,0,0,3
12.91,0,0,0,0,0.01,0,0,0,0,0,3
12.92,0,0,0,0,0.02,-0.01,0.050000001,0,0,0,3
12.93,2,-2,0,0,0.039999999,0,-0.029999999,0,0,0,3
12.94,11,0,0,0,0.01,-0.01,0.029999999,0,0,0,3
12.95,23,0,0,0,0.059999999,0.050000001,-0.01,0,0,0,3
12.96,7,0,0,0,-0.01,0.01,0.01,0,0,0,3
12.97,0,0,0,0,0.01,0,-0.029999999,0,0,0,3
12.98,0,0,0,0,0,0.029999999,0.07,0,0,0,3
12.99,0,0,0,0,-0.029999999,-0.029999999,0,0,0,0,3
13,0,0,0,0,0,-0.029999999,-0.039999999,0,0,0,3
13.01,0,0,0,0,-0.059999999,0,0.01,0,0,0,3
13.02,0,0,0,0,-0.01,-0.050000001,0,0,0,0,3
13.03,0,0,0,0,0,0,-0.02,0,0,0,3
13.04,0,0,0,0,0,-0.059999999,-0.050000001,0,0,0,3
13.05,0,0,0,0,0,0,0.02,0,0,0,3
13.06,0,0,0,0,0.039999999,0,0.02,0,0,0,3
13.07,0,0,0,0,0.039999999,-0.01,-0.01,0,0,0,3
13.08,0,0,0,0,0.050000001,0.059999999,0,0,0,0,3
13.09,0,0,0,0,0.029999999,-0.039999999,0,0,0,0,3
13.1,0,0,0,0,0,0.039999999,0,0,0,0,3
13.11,0,0,0,0,0,-0.01,0.01,0,0,0,3
13.12,0,0,0,0,-0.02,0.02,-0.02,0,0,0,3
13.13,0,0,0,0,-0.01,-0.01,-0.02,0,0,0,3
13.14,0,0,0,0,-0.039999999,-0.01,-0.01,0,0,0,3
13.15,0,0,0,0,-0.029999999,-0.029999999,0,0,0,0,3
13.16,0,0,0,0,-0.039999999,-0.02,-0.01,0,0,0,3
13.17,0,0,0,0,0.01,0.02,0.079999998,0,0,0,3
13.18,0,0,0,0,-0.01,-0.039999999,-0.059999999,0,0,0,3
13.19,0,0,0,0,0.029999999,0.050000001,0.050000001,0,0,0,3
13.2,0,0,0,0,0.01,-0.029999999,-0.02,0,0,0,3
13.21,0,0,0,0,0.029999999,0.039999999,0.029999999,0,0,0,3
13.22,0,0,0,0,0,-0.029999999,-0.01,0,0,0,3
13.23,0,0,0,0,0.029999999,0,-0.01,0,0,0,3
13.24,0,0,0,0,0,0.01,0.079999998,0,0,0,3
13.25,0,0,0,0,0,-0.039999999,-0.039999999,0,0,0,3
13.26,0,0,0,0,0.039999999,0.039999999,0.059999999,0,0,0,3
13.27,0,0,0,0,-0.029999999,-0.02,-0.029999999,0,0,0,3
13.28,0,0,0,0,-0.01,0.059999999,0,0,0,0,3
13.29,0,0,0,0,-0.050000001,0.01,-0.029999999,0,0,0,3
13.3,0,0,0,0,-0.039999999,0.02,-0.01,0,0,0,3
13.31,0,0,0,0,-0.01,0,0.029999999,0,0,0,3
13.32,0,0,0,0,0,-0.01,0.02,0,0,0,3
13.33,0,0,0,0,0.02,-0.01,0.050000001,0,0,0,3
13.34,0,0,0,0,0.050000001,-0.050000001,-0.079999998,0,0,0,3
13.35,0,0,0,0,0,0,0.02,0,0,0,3
13.36,0,0,0,0,0.050000001,0,-0.02,0,0,0,3
13.37,0,0,0,0,-0.02,0,0,0,0,0,3
13.38,0,0,0,0,-0.059999999,0.01,-0.01,0,0,0,3
13.39,0,0,0,0,0,-0.01,-0.02,0,0,0,3
13.4,0,0,0,0,-0.029999999,0.050000001,0.109999999,0,0,0,3
13.41,0,0,0,0,0,-0.01,-0.029999999,0,0,0,3
13.42,0,0,0,0,0,0.02,0.050000001,0,0,0,3
13.43,0,0,0,0,0,-0.039999999,-0.01,0,0,0,3
13.44,0,0,0,0,0.02,-0.02,-0.01,0,0,0,3
13.45,0,0,0,0,0.039999999,0,-0.02,0,0,0,3
13.46,0,0,0,0,0.150000006,-0.02,-0.039999999,0,0,0,3
13.47,0,0,0,0,0.140000001,0.039999999,-0.050000001,0,0,0,3
13.48,0,-1,0,0,0.059999999,-0.07,-0.079999998,0,0,0,3
13.49,2,-1,0,0,-0.029999999,0.059999999,-0.07,0,0,0,3
13.5,2,-2,0,0,-0.07,0.01,0.029999999,0,0,0,3
13.51,1,-2,0,0,-0.079999998,0.050000001,0.090000004,0,0,0,3
13.52,0,-2,0,0,-0.050000001,0.039999999,0.109999999,0,0,0,3
13.53,0,-1,0,0,-0.050000001,-0.01,0.129999995,0,0,0,3
13.54,0,-1,0,0,-0.039999999,0.029999999,0.159999996,0,0,0,3
13.55,0,-1,0,0,0,-0.090000004,-0.039999999,0,0,0,3
13.56,0,0,0,0,0.01,0,0,0,0,0,3
13.57,0,0,0,0,0.01,-0.109999999,-0.119999997,0,0,0,3
13.58,0,0,0,0,0.02,0,-0.109999999,0,0,0,3
13.59,2,-2,0,0,0,-0.029999999,-0.079999998,0,0,0,3
13.6,3,-9,0,0,0.029999999,0.059999999,-0.039999999,0,0,0,3
13.61,1,-22,0,0,0,0.01,0.01,0,0,0,3
13.62,0,-37,0,0,0.01,0.02,0.01,0,0,0,3
13.63,1,-66,0,0,0.029999999,0.02,0.07,0,0,0,3
13.64,3,-123,0,0,-0.01,0,0.02,0,0,0,3
13.65,1,-170,0,0,0,0.029999999,0.059999999,0,0,0,3
13.66,1,29,0,0,0,-0.029999999,0.01,0,0,0,3
13.67,2,0,0,0,0.270000011,0.170000002,-0.140000001,0,0,0,3
13.68,3,-14,0,0,0.259999991,0.090000004,0.159999996,0,0,0,3
13.69,0,-5,0,0,-0.039999999,-0.180000007,0.180000007,0,0.01,0,3
13.7,4,-1,0,0,-0.079999998,-0.119999997,-0.219999999,-0.01,0,0,3
13.71,4,-3,0,0,0.370000005,-0.029999999,0.280000001,0,0,0,3
13.72,9,-3,0,0,-0.5,-0.100000002,0.239999995,0,0,0,3
13.73,6,-2,0,0,0.460000008,-0.059999999,-0.469999999,0,0,0,3
13.74,9,-4,0,0,-0.219999999,0.119999997,0.370000005,0,0,0,3
13.75,8,-6,0,0,0.180000007,-0.050000001,-0.200000003,0,0,0,3
13.76,6,-3,0,0,-0.050000001,0.200000003,-0.280000001,-0.01,0,0,3
13.77,8,-12,0,0,0.300000012,-0.029999999,0.25,0.01,0,0,3
13.78,9,-6,0,0,-0.079999998,0.140000001,-0.239999995,0,0,0,3
13.79,6,-10,0,0,0.330000013,0.050000001,0.079999998,0,0,0,3
13.8,11,-13,0,0,0.029999999,-0.059999999,0.090000004,0,0,0,3
13.81,10,-9,0,0,0.140000001,0.039999999,-0.07,0,0,0,3
13.82,11,-11,0,0,0.180000007,-0.170000002,0.180000007,0,0,0,3
13.83,15,-14,0,0,0.189999998,-0.039999999,0.039999999,0,0,0,3
13.84,16,-12,0,0,0.079999998,-0.100000002,-0.079999998,0,0,0,3
13.85,14,-14,0,0,0.25,-0.059999999,0.109999999,0,0,0,3
13.86,16,-15,0,0,0.140000001,0,-0.100000002,0,0,0,3
13.87,16,-15,0,0,0.140000001,-0.02,0.100000002,0,0,0,3
13.88,21,-20,0,0,0.150000006,0.029999999,0,0,0,0,3
13.89,20,-17,0,0,0.170000002,0.039999999,0.01,0,0,0,3
13.9,18,-20,0,0,0.209999993,0.100000002,0.01,0,0,0,3
13.91,21,-22,0,0,0.129999995,0.02,0,0,0,0,3
13.92,19,-22,0,0,0.209999993,0.090000004,-0.039999999,0,0,0,3
13.93,23,-24,0,0,0.079999998,0,0.07,0,0,0,3
13.94,23,-22,0,0,0.170000002,0.02,-0.079999998,0,0,0,3
13.95,22,-24,0,0,0.109999999,-0.01,0.050000001,0,0,0,3
13.96,23,-25,0,0,0.100000002,-0.079999998,-0.01,0,0,0,3
13.97,26,-25,0,0,0.109999999,-0.02,0.07,0,0,0,3
13.98,26,-25,0,0,0.029999999,-0.090000004,0.02,0,0,0,3
13.99,27,-26,0,0,0.119999997,-0.01,0,0,0,0,3
14,26,-28,0,0,0.059999999,-0.02,0,0,0,0,3
14.01,31,-29,0,0,0.059999999,0.01,0,0,0,0,3
14.02,30,-27,0,0,0.079999998,0,-0.01,0,0,0,3
14.03,26,-29,0,0,0.170000002,0.039999999,-0.07,0,0,0,3
14.04,33,-35,0,0,0.129999995,0.050000001,0.07,0,0,0,3
14.05,29,-28,0,0,0.079999998,0.039999999,-0.07,0,0,0,3
14.06,29,-33,0,0,0.230000004,0.059999999,0.090000004,0,0,0,3
14.07,33,-39,0,0,0,-0.01,-0.01,0,0,0,3
14.08,33,-32,0,0,0.170000002,0,0.109999999,0,0,0,3
14.09,33,-37,0,0,0.050000001,-0.01,-0.039999999,0,0,0,3
14.1,35,-35,0,0,0.209999993,-0.039999999,-0.050000001,0,0,0,3
14.11,39,-38,0,0,0.100000002,-0.079999998,0.02,0,0,0,3
14.12,38,-39,0,0,0.100000002,-0.119999997,-0.02,0,0,0,2
14.13,43,-37,0,0,0.310000002,-0.059999999,0.01,0,0,0,2
14.14,40,-37,0,0,0.039999999,0,0,0,0,0,3
14.15,38,-41,0,0,0.340000004,0.02,0.059999999,0,0,0,3
14.16,43,-39,0,0,0.02,0.039999999,0,0,0,0,3
14.17,40,-46,0,0,0.280000001,0.109999999,0.100000002,0,0,0,3
14.18,45,-44,0,0,0.079999998,0,0.02,0,0,0,3
14.19,42,-44,0,0,0.200000003,0.109999999,-0.059999999,0,0,0,3
14.2,45,-45,0,0,0.090000004,-0.039999999,0.039999999,0,0,0,3
14.21,43,-47,0,0,0.150000006,-0.01,-0.090000004,0,0,0,3
14.22,44,-48,0,0,0.02,-0.140000001,0.059999999,0,0,0,3
14.23,49,-46,0,0,0.239999995,-0.01,-0.079999998,0,0,0,3
14.24,46,-48,0,0,0.02,-0.090000004,-0.039999999,0,0,0,3
14.25,50,-48,0,0,0.259999991,-0.01,0.079999998,0,0,0,3
14.26,47,-52,0,0,-0.059999999,0.029999999,-0.02,0,0,0,3
14.27,54,-49,0,0,0.209999993,-0.029999999,0.109999999,0,0,0,3
14.28,48,-50,0,0,0.079999998,0.129999995,-0.050000001,0,0,0,3
14.29,49,-50,0,0,0.100000002,-0.079999998,0.129999995,0,0,0,3
14.3,52,-56,0,0,0.189999998,0.090000004,-0.050000001,0,0,0,3
14.31,54,-52,0,0,-0.079999998,-0.07,-0.029999999,0,0,0,3
14.32,50,-52,0,0,0.259999991,0.159999996,0.050000001,0,0,0,3
14.33,51,-55,0,0,0.01,-0.159999996,-0.170000002,0,0,0,3
14.34,58,-57,0,0,0.119999997,0,0.189999998,-0.01,0,0,3
14.35,55,-53,0,0,0.079999998,-0.100000002,-0.200000003,0.01,0,0,3
14.36,55,-53,0,0,0.129999995,-0.01,0.129999995,0,0,0,3
14.37,53,-61,0,0,0.079999998,-0.079999998,-0.200000003,0,0,0,3
14.38,60,-52,0,0,-0.050000001,0.07,0.090000004,0,0,0,3
14.39,50,-56,0,0,0.239999995,-0.01,0.02,0,0,0,3
14.4,57,-55,0,0,-0.170000002,-0.039999999,-0.039999999,0,0,0,3
14.41,56,-57,0,0,0.200000003,-0.02,0.189999998,0,0,0,3
14.42,60,-57,0,0,-0.129999995,0.01,-0.259999991,0,0,0,2
14.43,56,-52,0,0,0.129999995,0.029999999,0.310000002,0,0,0,2
14.44,57,-58,0,0,0.100000002,-0.02,-0.259999991,0,0,0,3
14.45,63,-55,0,0,-0.200000003,0.050000001,0.330000013,0,0,0,3
14.46,57,-57,0,0,0.550000012,-0.029999999,-0.270000011,0,0,0,3
14.47,58,-61,0,0,-0.319999993,-0.029999999,0.170000002,0,0,0,3
14.48,63,-58,0,0,0.579999983,0,-0.059999999,0,0,0,2
14.49,60,-61,0,0,-0.419999987,-0.090000004,-0.02,0,0,0,2
14.5,61,-56,0,0,0.449999988,0.090000004,0.129999995,0,0,0,2
14.51,62,-72,0,0,-0.01,-0.180000007,-0.039999999,0,0,0,2
14.52,67,-58,0,0,-0.109999999,0.059999999,0.02,0,0,0,2
14.53,62,-59,0,0,0.649999976,-0.02,0.129999995,0,0,0,2
14.54,60,-76,0,0,-0.209999993,-0.050000001,0,0,0,0,2
14.55,79,-66,0,0,0.409999996,0.100000002,0.01,0,0,0,2
14.56,62,-62,0,0,0.079999998,-0.01,0.01,0,0,0,2
14.57,67,-75,0,0,0.170000002,0.059999999,-0.259999991,0,0,0,2
14.58,72,-70,0,0,0.25,-0.029999999,0.180000007,0,0,0,2
14.59,68,-62,0,0,0.280000001,0.029999999,-0.239999995,0,0,0,2
14.6,73,-81,0,0,0.090000004,-0.07,0.129999995,0,0,0,1
14.61,79,-75,0,0,0.219999999,0.050000001,0.039999999,0,0,0,1
14.62,77,-65,0,0,0.180000007,-0.100000002,0.170000002,0,0,0,1
14.63,84,-88,0,0,0.230000004,0.02,-0.219999999,0,0,0,1
14.64,80,-69,0,0,0.289999992,0.02,0.409999996,0,0,0,1
14.65,82,-94,0,0,0.519999981,0.01,0.029999999,0,0,0,1
14.66,95,-96,0,0,0,-0.07,0.140000001,0,0,0,1
14.67,79,-82,0,0,0.74000001,0.07,0.150000006,0,0,0,1
14.68,106,-103,0,0,0.159999996,-0.050000001,-0.159999996,0,0,0,1
14.69,83,-80,0,0,0.439999998,0.100000002,-0.100000002,0,0,0,1
14.7,103,-106,0,0,0.600000024,-0.109999999,-0.090000004,0,0,0,1
14.71,94,-90,0,0,0.07,0.079999998,-0.360000014,0,0,0,1
14.72,105,-105,0,0,1.029999971,-0.029999999,0.159999996,0,0,0,0
14.73,104,-101,0,0,-0.370000005,-0.07,-0.01,0,0,0,0
14.74,112,-118,0,0,1.299999952,0.029999999,0.02,0,0,0,0
14.75,104,-108,0,0,-0.300000012,-0.129999995,0.319999993,0,0,0,0
14.76,127,-114,0,0,1.320000052,0.129999995,-0.140000001,0,0,0,0
14.77,109,-130,0,0,-0.379999995,-0.280000001,0.259999991,0,0,0,0
14.78,126,-107,0,0,1.320000052,0.25,-0.270000011,0,0,0,-1
14.79,128,-143,0,0,-0.469999999,-0.409999996,0.270000011,0,0,0,-1
14.8,114,-117,0,0,1.580000043,0.280000001,-0.439999998,0,0,0,-1
14.81,147,-124,0,0,-0.340000004,-0.170000002,0.49000001,0,0.01,0,-1
14.82,127,-161,0,0,1.100000024,0.01,-0.589999974,0,0,0,-3
14.83,135,-112,0,0,0.560000002,0.270000011,0.479999989,0,0,0,-3
14.84,148,-151,0,0,0.150000006,-0.300000012,-0.519999981,0,0.02,0,-3
14.85,144,-159,0,0,1.360000014,0.300000012,0.029999999,-0.01,-0.029999999,0,-3
14.86,146,-139,0,0,0.109999999,-0.059999999,0.939999998,0.01,0.02,0,-4
14.87,154,-152,0,0,0.620000005,-0.140000001,-1.379999995,0,0,0,-4
14.88,152,-164,0,0,1.159999967,0.180000007,1.24000001,0,-0.02,0,-5
14.89,156,-170,0,0,0.189999998,-0.039999999,-0.129999995,0,0.039999999,0,-5
14.9,174,-173,0,0,0.74000001,-0.039999999,-1.049999952,-0.01,-0.02,0,-6
14.91,169,-168,0,0,1.039999962,-0.07,1.659999967,0,0,0,-6
14.92,178,-170,0,0,0.159999996,0.079999998,-1.159999967,0,0.01,0,-7
14.93,186,-175,0,0,1.110000014,-0.01,0.059999999,0,-0.02,0,-7
14.94,182,-178,0,0,0.600000024,0.050000001,0.720000029,0,0.01,0,-8
14.95,200,-186,0,0,0.639999986,0.050000001,-0.720000029,0,0,0,-8
14.96,199,-200,0,0,0.939999998,0.059999999,0.319999993,-0.01,0,0,-9
14.97,204,-193,0,0,0.699999988,0,0.439999998,0,0.01,-0.01,-9
14.98,213,-206,0,0,0.74000001,0.090000004,-0.74000001,0,0,-0.01,-10
14.99,213,-205,0,0,0.889999986,0.170000002,0.620000005,0,0,-0.01,-10
15,217,-214,0,0,0.800000012,0.090000004,-0.07,0.01,0.01,-0.01,-11
15.01,225,-214,0,0,0.389999986,0.050000001,-0.119999997,0,0,-0.01,-11
15.02,225,-215,0,0,1.269999981,0.109999999,0.310000002,0,0,-0.01,-11
15.03,228,-222,0,0,0.189999998,-0.050000001,0,0,0.01,-0.01,-11
15.04,254,-232,0,0,1.220000029,-0.109999999,-0.200000003,0,0,-0.01,-12
15.05,240,-233,0,0,0.479999989,0.209999993,0.239999995,0,0,-0.01,-12
15.06,255,-235,0,0,1.039999962,-0.310000002,-0.090000004,0.01,0,-0.01,-13
15.07,263,-250,0,0,0.829999983,0.079999998,-0.360000014,0,0,-0.01,-13
15.08,266,-237,0,0,0.289999992,-0.090000004,0.610000014,0,0,-0.02,-14
15.09,274,-252,0,0,1.289999962,-0.270000011,-0.219999999,0,0,-0.02,-14
15.1,280,-257,0,0,0.860000014,0.01,-0.330000013,0,0,-0.02,-15
15.11,287,-257,0,0,0.460000008,-0.01,0.050000001,0,0.01,-0.02,-15
15.12,296,-266,0,0,1,0.02,0.029999999,0,0,-0.029999999,-16
15.13,298,-267,0,0,0.819999993,0.029999999,0.300000012,0,0,-0.029999999,-16
15.14,308,-271,0,0,1.019999981,0.340000004,-0.509999991,0,0,-0.029999999,-17
15.15,315,-285,0,0,1.139999986,0.159999996,0.079999998,-0.01,0,-0.029999999,-17
15.16,322,-293,0,0,0.949999988,0.150000006,-0.07,0,0.01,-0.029999999,-18
15.17,322,-291,0,0,0.600000024,0.129999995,-0.129999995,0,0,-0.029999999,-18
15.18,328,-300,0,0,0.680000007,-0.180000007,0.129999995,0,0,-0.029999999,-19
15.19,341,-302,0,0,0.639999986,0.109999999,0.219999999,0,-0.01,-0.029999999,-19
15.2,346,-302,0,0,0.680000007,0.01,0.259999991,0,-0.01,-0.029999999,-20
15.21,349,-309,0,0,1.139999986,0.209999993,0.340000004,0,0,-0.029999999,-20
15.22,355,-307,0,0,0.959999979,0,0.289999992,-0.01,0,-0.029999999,-21
15.23,367,-324,0,0,0.699999988,-0.01,0.230000004,-0.01,0,-0.039999999,-21
15.24,369,-329,0,0,1.190000057,-0.039999999,0.07,-0.01,0,-0.039999999,-22
15.25,391,-325,0,0,0.639999986,-0.200000003,0.230000004,0,0,-0.039999999,-22
15.26,378,-344,0,0,0.829999983,0.230000004,-0.119999997,0,0,-0.039999999,-23
15.27,405,-345,0,0,1.049999952,-0.259999991,0.119999997,0,0,-0.050000001,-23
15.28,398,-350,0,0,0.720000029,0.25,-0.159999996,0,0,-0.050000001,-24
15.29,424,-369,0,0,1.159999967,0.059999999,-0.050000001,0,0,-0.050000001,-24
15.3,425,-371,0,0,0.829999983,0.230000004,0.01,-0.01,0.01,-0.059999999,-26
15.31,428,-374,0,0,1.149999976,0.219999999,-0.100000002,0,0,-0.059999999,-26
15.32,437,-377,0,0,0.970000029,0.119999997,0.340000004,0,0,-0.059999999,-27
15.33,436,-384,0,0,1.309999943,0.449999988,0.409999996,0.01,0,-0.059999999,-27
15.34,448,-390,0,0,0.939999998,0.109999999,0.239999995,0,0,-0.059999999,-28
15.35,445,-390,0,0,1.470000029,0.170000002,0.189999998,0,0,-0.07,-28
15.36,464,-398,0,0,0.629999995,-0.119999997,0.029999999,0,0,-0.07,-28
15.37,476,-406,0,0,1.120000005,0.180000007,0.200000003,0,-0.01,-0.07,-28
15.38,479,-405,0,0,0.970000029,0,-0.180000007,0.01,0,-0.07,-29
15.39,495,-419,0,0,1.159999967,-0.07,-0.449999988,0,0,-0.079999998,-29
15.4,500,-419,0,0,0.99000001,0.100000002,-0.059999999,0,0,-0.079999998,-30
15.41,508,-422,0,0,1.340000033,0.029999999,-0.300000012,0,0,-0.090000004,-30
15.42,522,-444,0,0,0.730000019,0.01,0.189999998,0,0,-0.090000004,-31
15.43,535,-442,0,0,1.230000019,0.180000007,-0.129999995,0,0,-0.090000004,-31
15.44,520,-459,0,0,1.159999967,0.319999993,0.209999993,0,0,-0.090000004,-32
15.45,548,-463,0,0,0.670000017,0,-0.039999999,0.01,0,-0.100000002,-32
15.46,562,-462,0,0,1.850000024,0.529999971,0.230000004,0,-0.01,-0.100000002,-33
15.47,542,-472,0,0,0.379999995,0.170000002,-0.050000001,0.02,0,-0.100000002,-33
15.48,577,-482,0,0,1.389999986,0.150000006,0.129999995,0,0,-0.100000002,-34
15.49,576,-483,0,0,0.930000007,0.340000004,0.310000002,0,0,-0.100000002,-34
15.5,586,-495,0,0,1.299999952,-0.100000002,0,0,0,-0.109999999,-36
15.51,588,-494,0,0,0.949999988,0.400000006,0,-0.01,0,-0.109999999,-36
15.52,611,-508,0,0,1.129999995,-0.119999997,0.449999988,0.01,0,-0.109999999,-37
15.53,611,-509,0,0,0.899999976,0.119999997,-0.140000001,-0.01,0,-0.119999997,-37
15.54,625,-519,0,0,1.039999962,0.270000011,0.230000004,0,0,-0.119999997,-38
15.55,640,-527,0,0,0.920000017,0.039999999,-0.140000001,0,0,-0.129999995,-38
15.56,650,-532,0,0,1.429999948,0.189999998,-0.310000002,0,0,-0.129999995,-39
15.57,666,-533,0,0,0.219999999,0.430000007,0.300000012,0,0,-0.140000001,-39
15.58,667,-541,0,0,1.940000057,0.5,0.079999998,0.01,0,-0.140000001,-40
15.59,675,-544,0,0,0.800000012,0.340000004,-0.129999995,0,0,-0.150000006,-40
15.6,688,-549,0,0,0.939999998,0.449999988,-0.469999999,0,0,-0.150000006,-42
15.61,684,-551,0,0,1.190000057,0.189999998,0.569999993,-0.01,-0.01,-0.159999996,-42
15.62,690,-561,0,0,0.949999988,0.680000007,-0.119999997,0,0,-0.159999996,-44
15.63,717,-561,0,0,0.49000001,0.150000006,-0.509999991,0,0,-0.159999996,-44
15.64,724,-571,0,0,1.669999957,0.330000013,0.400000006,0,-0.01,-0.170000002,-45
15.65,721,-582,0,0,0.600000024,0.419999987,-0.180000007,0.01,0.02,-0.170000002,-45
15.66,731,-576,0,0,1.429999948,0.01,-0.389999986,0,0,-0.180000007,-46
15.67,745,-593,0,0,1.019999981,0.239999995,0.529999971,0,0,-0.180000007,-46
15.68,757,-599,0,0,0.730000019,0.550000012,0.230000004,0,0.01,-0.189999998,-47
15.69,762,-599,0,0,1.080000043,0.579999983,-0.119999997,0,0,-0.189999998,-47
15.7,767,-613,0,0,1.120000005,0.270000011,0.230000004,0.02,0,-0.200000003,-48
15.71,795,-616,0,0,0.660000026,0.469999999,-0.389999986,0,0,-0.200000003,-48
15.72,797,-625,0,0,1.100000024,0.230000004,0.560000002,0.029999999,-0.01,-0.209999993,-48
15.73,806,-630,0,0,0.860000014,0.289999992,-0.159999996,0,0,-0.209999993,-48
15.74,821,-631,0,0,0.850000024,0.400000006,-0.300000012,0.01,-0.01,-0.209999993,-48
15.75,813,-646,0,0,1.450000048,0.050000001,0.189999998,0,-0.01,-0.209999993,-48
15.76,826,-653,0,0,1.080000043,0.259999991,-0.109999999,0.01,0,-0.219999999,-49
15.77,836,-648,0,0,1.429999948,0.209999993,-0.159999996,0,0.02,-0.219999999,-49
15.78,847,-675,0,0,0.800000012,0.180000007,-0.209999993,0,0.02,-0.219999999,-49
15.79,836,-681,0,0,0.889999986,0.189999998,0.319999993,0,0,-0.230000004,-49
15.8,885,-679,0,0,1.029999971,0.379999995,0.540000022,0,0,-0.239999995,-49
15.81,879,-692,0,0,1.590000033,0.569999993,-0.059999999,0.01,0,-0.239999995,-49
15.82,894,-691,0,0,1.100000024,0.589999974,0.209999993,0,0.01,-0.239999995,-49
15.83,905,-699,0,0,1.440000057,0.540000022,0.280000001,0,0.01,-0.25,-49
15.84,908,-704,0,0,1.00999999,0.5,0.439999998,0.01,0,-0.25,-49
15.85,919,-713,0,0,1.220000029,0.280000001,-0.100000002,0.02,0,-0.25,-49
15.86,927,-713,0,0,1.220000029,0.280000001,-0.100000002,0.02,0,-0.25,-49
15.87,950,-726,0,0,1.730000019,0.150000006,-0.209999993,0,-0.01,-0.25,-49
15.88,939,-736,0,0,1.409999967,0.170000002,-0.200000003,0,0,-0.25,-49
15.89,940,-746,0,0,1.539999962,0.280000001,0.209999993,0,0,-0.25,-49
15.9,928,-741,0,0,1.019999981,0.310000002,-0.400000006,0.01,0,-0.259999991,-50
15.91,979,-746,0,0,0.769999981,0.540000022,0.430000007,0.01,0,-0.270000011,-50
15.92,989,-759,0,0,1.070000052,0.639999986,-0.109999999,0.02,0,-0.270000011,-50
15.93,995,-776,0,0,0.860000014,0.200000003,0.100000002,0,-0.01,-0.280000001,-50
15.94,1025,-779,0,0,1.629999995,0.660000026,0.209999993,-0.01,-0.02,-0.289999992,-50
15.95,1024,-786,0,0,1.169999957,0.720000029,0.170000002,0.01,0,-0.289999992,-50
15.96,1020,-805,0,0,1.669999957,0.540000022,0,0.01,0,-0.289999992,-50
15.97,1047,-807,0,0,1.470000029,0.589999974,0.560000002,0.01,0,-0.300000012,-50
15.98,1052,-813,0,0,0.839999974,0.540000022,0.330000013,0,0.01,-0.300000012,-50
15.99,1077,-820,0,0,1.620000005,0.370000005,-0.140000001,0,0,-0.300000012,-50
16,1057,-828,0,0,1.149999976,0.140000001,0.330000013,0,0,-0.310000002,-50
16.01,1082,-847,0,0,1.230000019,0.239999995,-0.639999986,0,0,-0.310000002,-50
16.02,1105,-833,0,0,1.269999981,0.310000002,-0.159999996,0,0,-0.310000002,-50
16.03,1113,-844,0,0,1.350000024,0.349999994,0.050000001,0.01,0,-0.310000002,-50
16.04,1121,-862,0,0,1.220000029,0.479999989,-0.100000002,0,0,-0.310000002,-50
16.05,1131,-865,0,0,1.24000001,0.449999988,0.449999988,0,0,-0.300000012,-50
16.06,1137,-874,0,0,1.440000057,0.280000001,0.310000002,0.01,0,-0.310000002,-50
16.07,1129,-884,0,0,1.590000033,0.460000008,0.159999996,0,0,-0.310000002,-50
16.08,1139,-886,0,0,1.299999952,0.280000001,-0.230000004,0,0,-0.310000002,-50
16.09,1145,-896,0,0,1.179999948,0.699999988,0.419999987,-0.01,-0.01,-0.319999993,-50
16.1,1175,-909,0,0,1.110000014,0.540000022,-0.230000004,0,0,-0.319999993,-50
16.11,1173,-921,0,0,1.200000048,0.629999995,-0.639999986,0,0,-0.330000013,-50
16.12,1208,-920,0,0,1.179999948,0.879999995,-0.379999995,0.01,0,-0.330000013,-50
16.13,1245,-929,0,0,1.590000033,0.860000014,0.340000004,0.029999999,0.01,-0.330000013,-50
16.14,1251,-941,0,0,0.730000019,0.560000002,-1.169999957,0.01,0.02,-0.330000013,-50
16.15,1218,-945,0,0,1.970000029,0.25,0.709999979,0,0.01,-0.340000004,-50
16.16,1243,-959,0,0,0.970000029,0.769999981,-0.209999993,0.02,0.01,-0.340000004,-50
16.17,1225,-964,0,0,1.870000005,0.939999998,0.25,0.029999999,0.01,-0.330000013,-50
16.18,1283,-965,0,0,0.920000017,0.730000019,0.75,0.029999999,0.02,-0.330000013,-50
16.19,1336,-977,0,0,1.019999981,0.460000008,0.259999991,0.07,0.01,-0.330000013,-50
16.2,1399,-973,0,0,1.269999981,0.569999993,0.910000026,0.01,0,-0.340000004,-50
16.21,1314,-1004,0,0,1.25,0.620000005,0.360000014,0.01,0,-0.340000004,-50
16.22,1293,-1007,0,0,1.99000001,-0.610000014,0.289999992,0,0,-0.340000004,-50
16.23,1346,-999,0,0,1.059999943,0.529999971,-0.589999974,-0.050000001,-0.01,-0.340000004,-50
16.24,1313,-1009,0,0,2.170000076,-0.439999998,-0.370000005,0.02,-0.02,-0.349999994,-50
16.25,1330,-1018,0,0,0.259999991,0.939999998,-0.140000001,-0.02,-0.02,-0.360000014,-50
16.26,1340,-1025,0,0,2.50999999,0.74000001,-0.680000007,0.039999999,-0.01,-0.370000005,-50
16.27,1417,-1044,0,0,-0.079999998,0.519999981,-0.280000001,-0.029999999,0.01,-0.370000005,-50
16.28,1450,-1057,0,0,1.549999952,0.74000001,-1.100000024,0,-0.01,-0.379999995,-50
16.29,1470,-1056,0,0,1.120000005,0.949999988,0.5,-0.039999999,0,-0.370000005,-50
16.3,1407,-1068,0,0,1.710000038,0.730000019,-0.839999974,0.02,0.01,-0.360000014,-50
16.31,1365,-1073,0,0,1.549999952,0.389999986,0.639999986,0,0,-0.360000014,-50
16.32,1356,-1092,0,0,1.960000038,0.75,0.400000006,0.029999999,0,-0.360000014,-50
16.33,1427,-1090,0,0,0.75,0.910000026,0.959999979,-0.02,0.02,-0.360000014,-50
16.34,1431,-1091,0,0,1.470000029,1.070000052,0.419999987,-0.029999999,-0.01,-0.360000014,-50
16.35,1455,-1099,0,0,1.070000052,0.899999976,1.519999981,-0.029999999,0,-0.370000005,-50
16.36,1438,-1110,0,0,0.949999988,0.939999998,-0.439999998,-0.01,-0.01,-0.370000005,-50
16.37,1460,-1123,0,0,1.470000029,0.289999992,0.529999971,0.01,-0.029999999,-0.379999995,-50
16.38,1467,-1135,0,0,1.100000024,0.949999988,-0.379999995,0.01,-0.02,-0.389999986,-50
16.39,1484,-1141,0,0,1.059999943,0.910000026,0.039999999,0.050000001,-0.01,-0.389999986,-50
16.4,1534,-1145,0,0,1.549999952,0.810000002,-0.289999992,0,-0.01,-0.389999986,-50
16.41,1560,-1150,0,0,1.00999999,0.939999998,-0.310000002,0,0,-0.400000006,-50
16.42,1574,-1154,0,0,1.830000043,0.589999974,-0.419999987,0.01,0,-0.400000006,-50
16.43,1510,-1151,0,0,0.74000001,0.829999983,-0.709999979,0,0,-0.400000006,-50
16.44,1526,-1188,0,0,2.410000086,0.300000012,0.449999988,0.01,0,-0.400000006,-50
16.45,1554,-1185,0,0,0.419999987,1.019999981,-0.319999993,0,0,-0.400000006,-50
16.46,1537,-1186,0,0,1.070000052,0.930000007,0.289999992,0.01,0,-0.400000006,-50
16.47,1548,-1199,0,0,2.170000076,0.930000007,0.779999971,0.01,-0.01,-0.400000006,-50
16.48,1615,-1212,0,0,0.349999994,0.980000019,0.129999995,-0.01,0,-0.409999996,-50
16.49,1673,-1232,0,0,1.860000014,1.159999967,-0.5,0,-0.01,-0.409999996,-50
16.5,1565,-1214,0,0,0.349999994,0.99000001,0.529999971,0.01,0,-0.400000006,-50
16.51,1525,-1233,0,0,2.970000029,0.189999998,-0.920000017,0.029999999,0,-0.409999996,-50
16.52,1648,-1242,0,0,0.050000001,0.959999979,0.079999998,-0.01,0,-0.419999987,-50
16.53,1690,-1259,0,0,1.769999981,1.269999981,0.200000003,0.050000001,0,-0.419999987,-50
16.54,1663,-1270,0,0,0.469999999,0.889999986,-0.49000001,-0.01,0,-0.419999987,-50
16.55,1620,-1269,0,0,2.470000029,1.149999976,0.289999992,0.01,-0.01,-0.430000007,-50
16.56,1672,-1275,0,0,0.99000001,0.949999988,-0.74000001,0.01,0.01,-0.430000007,-50
16.57,1662,-1282,0,0,0.519999981,1.409999967,0.419999987,0.01,0,-0.430000007,-50
16.58,1669,-1298,0,0,2.329999924,0.800000012,0.389999986,0.050000001,-0.01,-0.430000007,-50
16.59,1684,-1296,0,0,0.370000005,1.179999948,0.180000007,0.01,0,-0.439999998,-50
16.6,1707,-1320,0,0,1.639999986,1.120000005,0.349999994,0.01,-0.01,-0.439999998,-50
16.61,1734,-1320,0,0,1.159999967,1.200000048,0,0,0,-0.439999998,-50
16.62,1731,-1320,0,0,1.370000005,1.220000029,0.449999988,0.01,0,-0.449999988,-50
16.63,1716,-1342,0,0,1.440000057,1.269999981,-0.509999991,0.01,-0.02,-0.449999988,-50
16.64,1761,-1341,0,0,1.360000014,0.720000029,0.639999986,0.059999999,0,-0.460000008,-50
16.65,1800,-1350,0,0,1.409999967,1.279999971,-0.699999988,0.01,-0.01,-0.460000008,-50
16.66,1831,-1358,0,0,0.970000029,0.860000014,0.389999986,0.039999999,0,-0.460000008,-50
16.67,1860,-1361,0,0,1.610000014,0.910000026,0.029999999,0.01,0,-0.469999999,-50
16.68,1796,-1392,0,0,0.879999995,0.860000014,-0.370000005,0.039999999,0,-0.460000008,-50
16.69,1747,-1395,0,0,2.74000001,0.460000008,0.519999981,0.029999999,0.02,-0.460000008,-50
16.7,1957,-1406,0,0,0.170000002,1.379999995,-0.639999986,0,0.01,-0.460000008,-50
16.71,2048,-1400,0,0,1.799999952,1.230000019,1.24000001,0.059999999,0.01,-0.460000008,-50
16.72,2275,-1422,0,0,0.779999971,1.24000001,0.180000007,0.01,0.02,-0.449999988,-50
16.73,2395,-1402,0,0,1.730000019,-0.109999999,0.550000012,0.02,-0.01,-0.439999998,-50
16.74,2451,-1423,0,0,2.75,-0.100000002,0.850000024,0.02,0,-0.409999996,-50
16.75,2412,-1449,0,0,-0.159999996,-0.01,-0.680000007,0,0.01,-0.409999996,-50
16.76,2506,-1469,0,0,4.21999979,-0.029999999,0.600000024,-0.02,-0.050000001,-0.419999987,-50
16.77,2441,-1457,0,0,-1.5,0.680000007,-0.460000008,-0.02,0.02,-0.419999987,-50
16.78,2280,-1474,0,0,4.409999847,0.860000014,-1.830000043,-0.01,-0.039999999,-0.430000007,-50
16.79,2171,-1480,0,0,0.720000029,0.939999998,1.980000019,-0.059999999,-0.02,-0.449999988,-50
16.8,1937,-1490,0,0,2.640000105,1.590000033,-3.410000086,0.01,0.029999999,-0.469999999,-50
16.81,1858,-1507,0,0,1.169999957,1.399999976,0.600000024,-0.07,-0.050000001,-0.49000001,-50
16.82,1969,-1499,0,0,1.700000048,2.619999886,0.170000002,-0.02,0.01,-0.509999991,-50
16.83,1936,-1516,0,0,0.07,2.599999905,-1.230000019,-0.029999999,-0.02,-0.519999981,-50
16.84,1986,-1535,0,0,1.929999948,2.960000038,0.259999991,-0.01,0,-0.540000022,-50
16.85,1995,-1535,0,0,0.090000004,2.980000019,0.07,0.01,0,-0.540000022,-50
16.86,1964,-1527,0,0,1.419999957,2.829999924,-0.409999996,0.07,-0.01,-0.550000012,-50
16.87,2032,-1537,0,0,1.700000048,2.210000038,0.209999993,0.039999999,0.01,-0.550000012,-50
16.88,2046,-1566,0,0,0.939999998,2.00999999,-0.370000005,0.050000001,0,-0.560000002,-50
16.89,2040,-1561,0,0,1.200000048,1.190000057,1.120000005,0.029999999,0.02,-0.560000002,-50
16.9,2020,-1594,0,0,1.720000029,0.699999988,1.100000024,0,0.01,-0.560000002,-50
16.91,2019,-1560,0,0,1.019999981,0.970000029,-0.259999991,0,0.01,-0.560000002,-50
16.92,2027,-1602,0,0,2.220000029,1.100000024,0.649999976,0,0.01,-0.560000002,-50
16.93,2065,-1585,0,0,0.479999989,0.699999988,0.49000001,-0.029999999,0.029999999,-0.560000002,-50
16.94,2097,-1602,0,0,1.809999943,1.529999971,0.02,-0.01,0.029999999,-0.560000002,-50
16.95,2118,-1628,0,0,0.569999993,0.680000007,1.100000024,-0.029999999,0.039999999,-0.560000002,-50
16.96,2092,-1613,0,0,1.289999962,1.200000048,0.360000014,0,0.029999999,-0.560000002,-50
16.97,2155,-1622,0,0,2.029999971,1.309999943,0.449999988,0.01,0,-0.560000002,-50
16.98,2214,-1618,0,0,0.790000022,1.399999976,0.170000002,-0.01,0.02,-0.550000012,-50
16.99,2210,-1624,0,0,2.519999981,1.779999971,-0.330000013,0.02,0.01,-0.550000012,-50
17,2226,-1645,0,0,0.75,1.50999999,-0.07,0,0.01,-0.550000012,-50
17.01,2305,-1676,0,0,2.329999924,1.279999971,-0.109999999,0.01,0,-0.550000012,-50
17.02,2356,-1678,0,0,0.790000022,1.600000024,-0.079999998,0,0,-0.540000022,-50
17.03,2169,-1694,0,0,1.460000038,1,-0.389999986,-0.01,0,-0.540000022,-50
17.04,2225,-1713,0,0,3.059999943,1.090000033,-0.039999999,-0.029999999,-0.02,-0.550000012,-50
17.05,2330,-1688,0,0,-0.280000001,1.929999948,-0.560000002,-0.02,0.029999999,-0.540000022,-50
17.06,2367,-1692,0,0,2.359999895,1.679999948,-1.370000005,0,0,-0.560000002,-50
17.07,2299,-1722,0,0,0.560000002,1.470000029,0.779999971,0.01,-0.01,-0.550000012,-50
17.08,2347,-1720,0,0,0.980000019,1.970000029,-0.400000006,0.050000001,0.02,-0.560000002,-50
17.09,2375,-1751,0,0,2.079999924,1.720000029,0.370000005,0.039999999,-0.039999999,-0.560000002,-50
17.1,2451,-1748,0,0,0.200000003,1.309999943,0.610000014,0,0.029999999,-0.560000002,-50
17.11,2383,-1767,0,0,2.390000105,1.690000057,-1.350000024,-0.01,-0.039999999,-0.550000012,-50
17.12,2215,-1797,0,0,1.929999948,1.169999957,2.140000105,-0.029999999,0,-0.550000012,-50
17.13,2241,-1799,0,0,2.069999933,1.649999976,-1.820000052,-0.07,0.039999999,-0.560000002,-50
17.14,2290,-1788,0,0,0.560000002,1.830000043,0.230000004,-0.059999999,-0.01,-0.569999993,-50
17.15,2414,-1802,0,0,0.779999971,2.210000038,0.75,-0.02,0.02,-0.579999983,-50
17.16,2432,-1792,0,0,-0.07,2.529999971,-0.430000007,0,-0.01,-0.579999983,-50
17.17,2354,-1794,0,0,2.430000067,1.450000048,0.300000012,0.050000001,-0.01,-0.579999983,-50
17.18,2372,-1825,0,0,0.709999979,2,-0.699999988,0.029999999,0.029999999,-0.589999974,-50
17.19,2372,-1841,0,0,1.600000024,2.230000019,-0.519999981,0.029999999,-0.02,-0.589999974,-50
17.2,2351,-1841,0,0,2.170000076,1.429999948,2.279999971,0.039999999,0,-0.589999974,-49
17.21,2390,-1862,0,0,0.300000012,2.00999999,-2.029999971,0.01,0.039999999,-0.579999983,-49
17.22,2350,-1834,0,0,1.49000001,1.720000029,0.949999988,0,0,-0.579999983,-49
17.23,2390,-1891,0,0,1.610000014,1.529999971,0.949999988,0,0.029999999,-0.589999974,-49
17.24,2357,-1887,0,0,-0.289999992,2.160000086,-1.049999952,0,0.02,-0.579999983,-48
17.25,2321,-1882,0,0,3.200000048,1.480000019,1.179999948,0.059999999,0,-0.579999983,-48
17.26,2384,-1892,0,0,-0.460000008,2.470000029,0,0.02,0.050000001,-0.579999983,-47
17.27,2321,-1904,0,0,1.860000014,1.690000057,-0.239999995,0.079999998,0,-0.579999983,-47
17.28,2435,-1894,0,0,0.920000017,1.50999999,1.669999957,0,0.01,-0.569999993,-44
17.29,2409,-1920,0,0,1.100000024,2.269999981,-1.399999976,0.059999999,0.01,-0.569999993,-44
17.3,2360,-1932,0,0,1.5,0.5,1.379999995,0,-0.01,-0.560000002,-42
17.31,2358,-1947,0,0,1.809999943,1.379999995,-0.870000005,0.01,0.02,-0.550000012,-42
17.32,2380,-1943,0,0,0.100000002,1.370000005,-0.300000012,0.01,0,-0.529999971,-40
17.33,2378,-1936,0,0,3.089999914,1,0.360000014,0.050000001,0,-0.529999971,-40
17.34,2364,-1980,0,0,0.01,1.169999957,-1.139999986,0,0.01,-0.519999981,-38
17.35,2359,-1990,0,0,2.029999971,0.589999974,-0.07,0,-0.029999999,-0.509999991,-38
17.36,2371,-1983,0,0,1.370000005,0.75,0.230000004,-0.01,0.01,-0.49000001,-38
17.37,2379,-1980,0,0,1.309999943,1.24000001,-1.870000005,-0.01,0,-0.479999989,-35
17.38,2380,-1993,0,0,1.320000052,1.159999967,0.239999995,0,0,-0.460000008,-33
17.39,2369,-2032,0,0,1.710000038,1.75999999,-2.470000029,0.090000004,0.039999999,-0.439999998,-33
17.4,2345,-2047,0,0,0.569999993,1,-1.419999957,0.059999999,0.050000001,-0.419999987,-31
17.41,2405,-2053,0,0,1.820000052,1.74000001,0.800000012,0.059999999,0.050000001,-0.409999996,-31
17.42,2360,-2028,0,0,0.529999971,0.709999979,1.110000014,0.050000001,0.079999998,-0.400000006,-29
17.43,2412,-2083,0,0,2.339999914,1.25,0.839999974,0,0.050000001,-0.389999986,-29
17.44,2389,-2055,0,0,0.140000001,0.439999998,1.889999986,-0.01,0.039999999,-0.389999986,-28
17.45,2389,-2074,0,0,1.649999976,0,1.50999999,-0.029999999,0.029999999,-0.379999995,-28
17.46,2396,-2093,0,0,0.49000001,0.839999974,1.840000033,0,0,-0.370000005,-27
17.47,2369,-2083,0,0,0.99000001,-0.519999981,2.069999933,0.01,-0.01,-0.370000005,-27
17.48,2381,-2096,0,0,2.5,-0.300000012,0.25,-0.039999999,0,-0.360000014,-26
17.49,2412,-2111,0,0,1.149999976,0.589999974,0.059999999,-0.029999999,-0.029999999,-0.360000014,-26
17.5,2412,-2134,0,0,0.600000024,0.889999986,0.129999995,-0.050000001,-0.02,-0.360000014,-25
17.51,2402,-2145,0,0,2.309999943,1.409999967,-1.220000029,-0.039999999,-0.02,-0.349999994,-25
17.52,2412,-2134,0,0,0.800000012,1.929999948,-0.610000014,-0.01,0,-0.330000013,-25
17.53,2458,-2168,0,0,1.169999957,2.019999981,-1.539999962,0.039999999,0.02,-0.330000013,-25
17.54,2449,-2179,0,0,1.419999957,1.929999948,-0.980000019,0.039999999,0.02,-0.319999993,-24
17.55,2427,-2194,0,0,1.179999948,2.390000105,-1.25999999,0.02,0.039999999,-0.319999993,-24
17.56,2412,-2184,0,0,0.790000022,0.560000002,-1.440000057,0.050000001,0.050000001,-0.319999993,-24
17.57,2499,-2189,0,0,1.399999976,1.480000019,0.039999999,-0.07,0.039999999,-0.319999993,-24
17.58,2452,-2218,0,0,0.439999998,1.320000052,0.670000017,-0.01,0.039999999,-0.319999993,-24
17.59,2445,-2229,0,0,2.00999999,0.779999971,1.080000043,0.01,0.02,-0.330000013,-24
17.6,2436,-2206,0,0,0.200000003,1.210000038,0.959999979,0.02,0.02,-0.330000013,-24
17.61,2462,-2206,0,0,0.829999983,0.319999993,1.029999971,0.02,0,-0.340000004,-24
17.62,2491,-2248,0,0,1.519999981,0.600000024,1.220000029,-0.02,0,-0.340000004,-24
17.63,2430,-2220,0,0,0.689999998,0.699999988,0.129999995,-0.050000001,0.01,-0.340000004,-24
17.64,2478,-2259,0,0,1.799999952,0.839999974,0.509999991,-0.02,-0.02,-0.340000004,-24
17.65,2546,-2224,0,0,-0.209999993,1.899999976,1.799999952,0.02,-0.02,-0.330000013,-24
17.66,2531,-2231,0,0,2.730000019,1.75,1.590000033,0.079999998,-0.029999999,-0.330000013,-24
17.67,2510,-2249,0,0,0.100000002,0.970000029,-0.200000003,0.029999999,-0.029999999,-0.330000013,-24
17.68,2540,-2283,0,0,2.289999962,1.100000024,0.579999983,0,-0.050000001,-0.340000004,-24
17.69,2544,-2278,0,0,0.509999991,1.679999948,-0.519999981,-0.050000001,-0.039999999,-0.330000013,-24
17.7,2553,-2276,0,0,1.899999976,0.569999993,-1.340000033,0,-0.029999999,-0.340000004,-24
17.71,2568,-2294,0,0,0.469999999,1.529999971,-2.279999971,-0.050000001,-0.01,-0.330000013,-24
17.72,2545,-2305,0,0,1.129999995,1.00999999,-1.269999981,0.059999999,0,-0.340000004,-24
17.73,2629,-2302,0,0,1.129999995,1.110000014,-1.450000048,0.01,0.01,-0.340000004,-24
17.74,2623,-2310,0,0,1.610000014,1.690000057,-1.570000052,0.050000001,0.02,-0.340000004,-24
17.75,2628,-2337,0,0,0.360000014,0.550000012,-1.049999952,-0.01,0.07,-0.349999994,-24
17.76,2596,-2314,0,0,1.559999943,1.25999999,-1.25,-0.02,0.029999999,-0.349999994,-24
17.77,2624,-2333,0,0,1.419999957,1.220000029,0.920000017,-0.029999999,0.029999999,-0.349999994,-24
17.78,2608,-2305,0,0,0.430000007,1.159999967,0.219999999,-0.01,0.02,-0.349999994,-24
17.79,2644,-2342,0,0,2.390000105,1.669999957,1.179999948,0,-0.02,-0.340000004,-24
17.8,2614,-2337,0,0,-0.370000005,1.360000014,1.470000029,0.059999999,-0.02,-0.340000004,-24
17.81,2656,-2353,0,0,1.200000048,1.149999976,0.839999974,0.050000001,-0.059999999,-0.340000004,-24
17.82,2620,-2367,0,0,1.519999981,1.230000019,2.049999952,0.01,-0.090000004,-0.340000004,-24
17.83,2617,-2358,0,0,0.439999998,1.389999986,0.419999987,0.01,-0.059999999,-0.340000004,-24
17.84,2662,-2356,0,0,1.230000019,0.699999988,-0.610000014,0.01,-0.100000002,-0.340000004,-24
17.85,2672,-2400,0,0,1.159999967,1.340000033,-0.02,-0.01,-0.079999998,-0.340000004,-24
17.86,2651,-2414,0,0,0.800000012,0.850000024,-1.379999995,0.050000001,-0.02,-0.349999994,-24
17.87,2668,-2403,0,0,1.169999957,1.340000033,-1.970000029,0,-0.02,-0.349999994,-24
17.88,2713,-2440,0,0,1.149999976,0.910000026,0.119999997,0.07,0,-0.349999994,-23
17.89,2691,-2438,0,0,0.639999986,1.279999971,-0.870000005,0.01,0.039999999,-0.349999994,-23
17.9,2667,-2443,0,0,1.299999952,1.889999986,-0.07,0.050000001,0.02,-0.349999994,-23
17.91,2676,-2428,0,0,1.409999967,1.070000052,0.879999995,0.029999999,0.02,-0.340000004,-23
17.92,2749,-2437,0,0,0.689999998,2.480000019,-0.689999998,0.050000001,0.02,-0.340000004,-22
17.93,2713,-2485,0,0,1.700000048,0.970000029,1.039999962,0.059999999,0.01,-0.330000013,-22
17.94,2693,-2485,0,0,0.259999991,1.529999971,0.660000026,0.01,0,-0.330000013,-22
17.95,2777,-2463,0,0,1.99000001,0.689999998,0.360000014,0.07,0,-0.330000013,-22
17.96,2749,-2503,0,0,0.889999986,1.620000005,0.02,-0.029999999,0,-0.319999993,-22
17.97,2710,-2505,0,0,1.529999971,0.49000001,0.25,0.029999999,0.01,-0.319999993,-22
17.98,2746,-2502,0,0,1.830000043,0.540000022,-0.439999998,0,0,-0.330000013,-22
17.99,2783,-2491,0,0,-0.059999999,1.210000038,-1.019999981,0,-0.01,-0.319999993,-22
18,2792,-2493,0,0,2.150000095,1.210000038,0.059999999,0.029999999,-0.01,-0.330000013,-22
18.01,2791,-2547,0,0,0.460000008,1.679999948,-0.629999995,0.029999999,-0.01,-0.319999993,-22
18.02,2791,-2550,0,0,1.830000043,2.069999933,-0.280000001,0.079999998,0,-0.330000013,-22
18.03,2808,-2517,0,0,0.829999983,1.190000057,-0.469999999,0.050000001,-0.01,-0.330000013,-22
18.04,2786,-2570,0,0,1.970000029,1.350000024,1.070000052,0.01,0,-0.330000013,-22
18.05,2823,-2556,0,0,-0.170000002,1.299999952,1.110000014,-0.02,0.01,-0.340000004,-22
18.06,2845,-2543,0,0,1.940000057,1.100000024,0.49000001,-0.059999999,-0.02,-0.340000004,-22
18.07,2834,-2549,0,0,0.050000001,1.379999995,0.699999988,-0.01,0,-0.330000013,-22
18.08,2825,-2548,0,0,2.180000067,1.110000014,0.180000007,0.02,-0.02,-0.330000013,-22
18.09,2820,-2589,0,0,0.620000005,0.949999988,0.209999993,0.039999999,-0.02,-0.330000013,-22
18.1,2874,-2556,0,0,1.230000019,1.980000019,-0.400000006,0.039999999,0,-0.330000013,-22
18.11,2864,-2578,0,0,1.129999995,0.790000022,-1.399999976,0.050000001,-0.01,-0.340000004,-22
18.12,2873,-2584,0,0,1.070000052,1.460000038,-1.049999952,-0.02,0.01,-0.340000004,-22
18.13,2895,-2623,0,0,1.24000001,1.389999986,-0.589999974,-0.02,0,-0.349999994,-22
18.14,2906,-2616,0,0,0.850000024,1.25,-0.319999993,-0.039999999,0.02,-0.340000004,-22
18.15,2866,-2621,0,0,1.340000033,1.25,0.239999995,-0.02,0.039999999,-0.349999994,-22
18.16,2890,-2612,0,0,2.24000001,1.600000024,-0.379999995,-0.029999999,0,-0.349999994,-22
18.17,2922,-2661,0,0,0.079999998,0.939999998,0.829999983,0,0.02,-0.349999994,-22
18.18,2875,-2642,0,0,0.74000001,1.539999962,-0.540000022,-0.029999999,0,-0.349999994,-22
18.19,2910,-2670,0,0,1.659999967,1.120000005,1.600000024,0,-0.02,-0.349999994,-22
18.2,2955,-2646,0,0,0.720000029,1.840000033,0.759999991,-0.029999999,0,-0.349999994,-22
18.21,2926,-2677,0,0,1.690000057,1.730000019,-1.370000005,0.029999999,-0.02,-0.349999994,-22
18.22,2908,-2662,0,0,0.899999976,1.870000005,0.899999976,0,-0.02,-0.349999994,-22
18.23,3011,-2669,0,0,1.649999976,1.960000038,0.129999995,0.02,-0.039999999,-0.340000004,-22
18.24,2985,-2716,0,0,0.349999994,1.450000048,0.620000005,0.02,-0.050000001,-0.340000004,-22
18.25,2934,-2684,0,0,1.860000014,1.059999943,-0.579999983,0.01,-0.059999999,-0.349999994,-22
18.26,2985,-2717,0,0,0.75,1.299999952,0.039999999,-0.02,-0.059999999,-0.349999994,-22
18.27,3014,-2728,0,0,1.809999943,1.700000048,-0.119999997,-0.029999999,-0.050000001,-0.349999994,-22
18.28,2975,-2720,0,0,0.5,1.610000014,-0.850000024,-0.01,-0.01,-0.349999994,-22
18.29,3002,-2730,0,0,1.360000014,2.839999914,-2.329999924,0.01,0,-0.340000004,-22
18.3,3022,-2734,0,0,0.109999999,1.190000057,1.149999976,0.140000001,0.01,-0.349999994,-22
18.31,3040,-2769,0,0,2.150000095,2.380000114,-0.050000001,0.050000001,0.029999999,-0.349999994,-22
18.32,3058,-2779,0,0,-0.569999993,1.120000005,0.810000002,0.079999998,0.039999999,-0.360000014,-22
18.33,3057,-2737,0,0,2.099999905,1.629999995,1.25999999,-0.02,0.01,-0.360000014,-22
18.34,3025,-2758,0,0,0.819999993,1.289999962,2.25,0,0,-0.360000014,-21
18.35,3030,-2776,0,0,1.049999952,1.419999957,1.139999986,-0.029999999,0,-0.360000014,-21
18.36,3051,-2770,0,0,1.529999971,1.480000019,1.059999943,0,-0.02,-0.349999994,-21
18.37,3087,-2764,0,0,0.189999998,0.829999983,0.879999995,0,-0.01,-0.349999994,-21
18.38,3042,-2788,0,0,2.480000019,2.039999962,-0.5,0.029999999,-0.039999999,-0.340000004,-21
18.39,3091,-2801,0,0,-0.460000008,0.720000029,-0.629999995,0.029999999,0,-0.349999994,-21
18.4,3092,-2752,0,0,2.950000048,2.059999943,-0.689999998,0,-0.02,-0.340000004,-21
18.41,3071,-2824,0,0,-0.569999993,1.769999981,-0.610000014,0.01,0,-0.340000004,-21
18.42,3071,-2831,0,0,2.869999886,1.950000048,-1.25,0.02,0,-0.340000004,-21
18.43,3147,-2839,0,0,0.560000002,1.929999948,-1.039999962,0.029999999,0.01,-0.340000004,-21
18.44,3099,-2854,0,0,0.629999995,1.960000038,-0.01,0.050000001,0.039999999,-0.340000004,-21
18.45,3075,-2825,0,0,2.019999981,2.00999999,0.219999999,0.029999999,0.01,-0.340000004,-21
18.46,3137,-2879,0,0,0.159999996,1.25999999,-0.529999971,0.059999999,0.029999999,-0.349999994,-21
18.47,3157,-2830,0,0,2.670000076,1.909999967,-0.140000001,-0.01,-0.02,-0.349999994,-21
18.48,3089,-2894,0,0,-0.660000026,0.829999983,0,0.02,0.029999999,-0.360000014,-21
18.49,3201,-2882,0,0,4.010000229,0.839999974,-1.00999999,-0.090000004,-0.01,-0.360000014,-21
18.5,3200,-2886,0,0,-2.279999971,1.309999943,1.669999957,-0.090000004,0,-0.360000014,-21
18.51,3109,-2882,0,0,3.799999952,0.889999986,-1.570000052,0,-0.01,-0.370000005,-21
18.52,3196,-2862,0,0,-0.209999993,1.309999943,0.74000001,-0.039999999,-0.029999999,-0.370000005,-21
18.53,3172,-2930,0,0,2.180000067,1.879999995,-0.400000006,0.01,0,-0.370000005,-21
18.54,3217,-2873,0,0,0.680000007,0.920000017,1.25,-0.02,-0.01,-0.370000005,-21
18.55,3183,-2955,0,0,1.230000019,2.440000057,-1.970000029,-0.059999999,-0.029999999,-0.370000005,-21
18.56,3234,-2968,0,0,1.00999999,2.109999895,0.409999996,0,-0.02,-0.360000014,-21
18.57,3195,-2926,0,0,1.100000024,2.390000105,-1.25,0.039999999,0,-0.370000005,-21
18.58,3226,-2928,0,0,0.670000017,2.670000076,-2.390000105,0.029999999,0.02,-0.360000014,-21
18.59,3253,-2988,0,0,1.710000038,1.970000029,0.589999974,0.039999999,0.02,-0.360000014,-21
18.6,3221,-2961,0,0,0.150000006,1.950000048,1.460000038,0.029999999,0.02,-0.360000014,-21
18.61,3257,-2937,0,0,2.039999962,2.450000048,2.069999933,0.02,-0.02,-0.349999994,-21
18.62,3258,-2978,0,0,0.389999986,2.049999952,2.440000057,0.029999999,-0.01,-0.349999994,-21
18.63,3228,-2968,0,0,1.419999957,1.529999971,1.929999948,0.01,-0.059999999,-0.360000014,-21
18.64,3242,-2938,0,0,0.509999991,0.699999988,1.409999967,-0.029999999,-0.07,-0.360000014,-21
18.65,3326,-2990,0,0,1.019999981,1.25,-1.309999943,-0.01,-0.039999999,-0.360000014,-21
18.66,3289,-2969,0,0,1.169999957,1.75,-1.460000038,-0.029999999,-0.039999999,-0.349999994,-21
18.67,3273,-2984,0,0,0.49000001,1.029999971,-0.469999999,0.02,0,-0.360000014,-21
18.68,3302,-3002,0,0,1.019999981,1.960000038,-3.25,0.02,0,-0.360000014,-21
18.69,3253,-3013,0,0,1.149999976,2.430000067,0.949999988,0.090000004,0,-0.349999994,-21
18.7,3260,-3064,0,0,0.469999999,1.330000043,-0.629999995,0.050000001,0.039999999,-0.360000014,-20
18.71,3390,-3020,0,0,2.170000076,2.390000105,0.469999999,0,0.01,-0.360000014,-20
18.72,3287,-3014,0,0,1.590000033,2.089999914,0.49000001,-0.039999999,0.01,-0.360000014,-20
18.73,3257,-3044,0,0,1.590000033,2.089999914,0.49000001,-0.039999999,0.01,-0.360000014,-20
18.74,3399,-3021,0,0,1.220000029,1.220000029,2.25999999,0.01,-0.01,-0.360000014,-20
18.75,3382,-3056,0,0,0.039999999,1.629999995,-0.100000002,0.02,0,-0.360000014,-20
18.76,3266,-3048,0,0,2.400000095,0.860000014,0.620000005,0.039999999,-0.079999998,-0.370000005,-20
18.77,3412,-3086,0,0,-0.409999996,1.690000057,0.560000002,-0.039999999,-0.029999999,-0.370000005,-20
18.78,3353,-3079,0,0,2.730000019,1.080000043,-2.339999914,0,-0.050000001,-0.370000005,-20
18.79,3338,-3120,0,0,-0.140000001,1.269999981,-0.689999998,-0.079999998,-0.029999999,-0.370000005,-20
18.8,3380,-3118,0,0,1.710000038,2.329999924,-1.809999943,0.01,0,-0.360000014,-20
18.81,3368,-3084,0,0,0.540000022,2.170000076,-0.479999989,0.01,0,-0.360000014,-20
18.82,3431,-3159,0,0,0.689999998,2.210000038,-0.319999993,0.050000001,0.02,-0.360000014,-20
18.83,3421,-3144,0,0,1.720000029,2.329999924,0.769999981,0,0.050000001,-0.349999994,-19
18.84,3378,-3114,0,0,1.809999943,2.5,-0.529999971,0.039999999,0.039999999,-0.349999994,-19
18.85,3411,-3150,0,0,-0.330000013,2.140000105,0.949999988,-0.02,0.029999999,-0.340000004,-19
18.86,3412,-3163,0,0,2.339999914,2.410000086,1.00999999,0.039999999,-0.02,-0.340000004,-19
18.87,3437,-3166,0,0,0.74000001,1.379999995,2.039999962,0.050000001,0,-0.340000004,-19
18.88,3427,-3157,0,0,0.529999971,1.820000052,-1.669999957,-0.01,0,-0.340000004,-19
18.89,3464,-3146,0,0,2.579999924,1.730000019,1.950000048,-0.01,-0.029999999,-0.340000004,-19
18.9,3422,-3162,0,0,0.419999987,0.879999995,-1.649999976,0,0.02,-0.349999994,-19
18.91,3390,-3165,0,0,0.039999999,1.269999981,-0.99000001,-0.039999999,-0.039999999,-0.349999994,-19
18.92,3500,-3180,0,0,2.119999886,1.470000029,1.210000038,-0.029999999,-0.02,-0.349999994,-19
18.93,3429,-3187,0,0,0.200000003,1.860000014,-2.470000029,0.02,0.050000001,-0.349999994,-19
18.94,3430,-3176,0,0,1.860000014,1.769999981,-2.579999924,0.029999999,-0.01,-0.360000014,-19
18.95,3517,-3182,0,0,0.660000026,2.339999914,0.889999986,0.029999999,0.039999999,-0.349999994,-19
18.96,3468,-3249,0,0,1.629999995,1.75,-0.469999999,0.059999999,0,-0.360000014,-19
18.97,3572,-3206,0,0,0.540000022,1.529999971,1.330000043,-0.039999999,-0.029999999,-0.360000014,-19
18.98,3612,-3226,0,0,1.74000001,2.369999886,2.24000001,-0.039999999,-0.039999999,-0.349999994,-19
18.99,3449,-3239,0,0,1.429999948,1.129999995,0.389999986,-0.039999999,-0.07,-0.349999994,-19
19,3496,-3205,0,0,1.870000005,1.730000019,0.699999988,-0.02,-0.109999999,-0.360000014,-19
19.01,3543,-3185,0,0,0.560000002,2.529999971,-1,0.01,-0.109999999,-0.349999994,-19
19.02,3482,-3251,0,0,0.769999981,0.280000001,1.230000019,0.059999999,-0.129999995,-0.379999995,-19
19.03,3613,-3238,0,0,1.330000043,2.349999905,-0.99000001,-0.07,-0.129999995,-0.379999995,-19
19.04,3539,-3286,0,0,0.189999998,1.429999948,-1.399999976,-0.02,-0.050000001,-0.379999995,-19
19.05,3572,-3275,0,0,0.600000024,2.440000057,-2.089999914,-0.050000001,-0.079999998,-0.370000005,-19
19.06,3577,-3236,0,0,1.549999952,2.900000095,-0.370000005,0.050000001,0,-0.370000005,-19
19.07,3566,-3353,0,0,-0.090000004,1.529999971,-2.130000114,0.039999999,0.039999999,-0.379999995,-19
19.08,3590,-3321,0,0,0.589999974,2.829999924,0.930000007,0,0,-0.370000005,-19
19.09,3628,-3284,0,0,1.659999967,2.799999952,2.970000029,0.039999999,0.039999999,-0.360000014,-19
19.1,3596,-3330,0,0,0.209999993,2.24000001,0.939999998,0,0.059999999,-0.370000005,-19
19.11,3559,-3338,0,0,1.980000019,2.25,2.619999886,0.02,0.039999999,-0.370000005,-19
19.12,3654,-3288,0,0,0.07,1.799999952,3.589999914,-0.01,0.039999999,-0.370000005,-19
19.13,3598,-3340,0,0,1.179999948,2.130000114,1.5,0.01,0,-0.370000005,-19
19.14,3650,-3329,0,0,-0.479999989,1.940000057,1.720000029,0.050000001,0,-0.370000005,-19
19.15,3620,-3316,0,0,2.539999962,2.380000114,1.50999999,0.050000001,-0.01,-0.370000005,-19
19.16,3567,-3324,0,0,0.460000008,1.450000048,-0.980000019,0.029999999,0.039999999,-0.379999995,-19
19.17,3637,-3334,0,0,0.99000001,1.690000057,-2.019999981,-0.029999999,0.02,-0.379999995,-19
19.18,3703,-3314,0,0,0.99000001,1.690000057,-2.019999981,-0.02,0.02,-0.379999995,-19
19.19,3604,-3367,0,0,0.039999999,1.620000005,-2.920000076,0,0.050000001,-0.389999986,-19
19.2,3735,-3384,0,0,2.470000029,2.039999962,-1.730000019,-0.01,-0.02,-0.379999995,-19
19.21,3669,-3376,0,0,0.039999999,2.099999905,-1.529999971,0.029999999,0.090000004,-0.389999986,-19
19.22,3729,-3381,0,0,2.819999933,1.659999967,-2.839999914,-0.029999999,0,-0.400000006,-19
19.23,3721,-3400,0,0,-1.100000024,1.649999976,1.090000033,-0.079999998,0.02,-0.400000006,-19
19.24,3716,-3406,0,0,1.549999952,2.089999914,-2.940000057,-0.059999999,0,-0.409999996,-19
19.25,3711,-3393,0,0,1.289999962,2.269999981,-1.019999981,-0.02,0,-0.419999987,-19
19.26,3732,-3384,0,0,-0.800000012,1.360000014,-3.359999895,-0.01,0.07,-0.439999998,-20
19.27,3790,-3389,0,0,2.25,3.569999933,-0.730000019,-0.059999999,0,-0.430000007,-20
19.28,3734,-3429,0,0,-1.279999971,2.420000076,1.389999986,0.029999999,0.100000002,-0.449999988,-20
19.29,3744,-3455,0,0,1.75999999,2.269999981,-2.079999924,-0.01,0,-0.460000008,-20
19.3,3772,-3430,0,0,1.210000038,3.75,-0.289999992,0,0.029999999,-0.449999988,-20
19.31,3778,-3431,0,0,-1.019999981,2.960000038,-2.75999999,0.029999999,0.100000002,-0.460000008,-20
19.32,3768,-3427,0,0,2.069999933,2.670000076,4.670000076,0.01,0,-0.460000008,-20
19.33,3780,-3402,0,0,0.649999976,3.369999886,3.230000019,0.01,0.07,-0.449999988,-20
19.34,3722,-3460,0,0,0.01,2.589999914,0.180000007,0.050000001,-0.02,-0.449999988,-20
19.35,3766,-3414,0,0,1.00999999,2.859999895,4.679999828,0.039999999,-0.029999999,-0.439999998,-20
19.36,3777,-3456,0,0,0.759999991,3.049999952,1.379999995,0.129999995,-0.039999999,-0.449999988,-20
19.37,3730,-3434,0,0,-0.310000002,1.980000019,3.450000048,0.059999999,-0.07,-0.439999998,-20
19.38,3830,-3414,0,0,1.519999981,1.809999943,4.269999981,0,-0.039999999,-0.449999988,-20
19.39,3748,-3444,0,0,-1.330000043,1.840000033,-1.620000005,-0.029999999,-0.039999999,-0.449999988,-20
19.4,3686,-3433,0,0,3.460000038,2.359999895,1.549999952,-0.029999999,-0.07,-0.439999998,-20
19.41,3834,-3429,0,0,-0.319999993,2.029999971,0.49000001,0,0.01,-0.449999988,-20
19.42,3858,-3447,0,0,0.670000017,2.559999943,-2.410000086,0.029999999,-0.02,-0.439999998,-20
19.43,3832,-3500,0,0,1.830000043,1.889999986,2.019999981,0,-0.039999999,-0.449999988,-20
19.44,3826,-3490,0,0,0.170000002,2.019999981,-2.779999971,-0.01,0.02,-0.449999988,-20
19.45,3802,-3476,0,0,0.829999983,2.099999905,-2.230000019,-0.059999999,-0.01,-0.439999998,-20
19.46,3822,-3489,0,0,1.179999948,2.799999952,-0.800000012,-0.050000001,0,-0.439999998,-20
19.47,3878,-3502,0,0,0.340000004,2.309999943,-3.309999943,0.01,0.059999999,-0.439999998,-20
19.48,3877,-3490,0,0,-0.319999993,3.220000029,-2.529999971,-0.02,0.039999999,-0.439999998,-20
19.49,3831,-3515,0,0,1.960000038,2.369999886,0.180000007,0.059999999,0.01,-0.449999988,-20
19.5,3845,-3496,0,0,-1.460000038,2.799999952,-1.909999967,0.01,0.079999998,-0.449999988,-20
19.51,3883,-3504,0,0,2.559999943,3.279999971,-1.320000052,0.02,-0.01,-0.449999988,-20
19.52,3827,-3484,0,0,-0.779999971,2.109999895,3.119999886,0.039999999,0.02,-0.449999988,-19
19.53,3836,-3500,0,0,0.239999995,3,-2.339999914,0.050000001,0.050000001,-0.449999988,-19
19.54,3870,-3562,0,0,1.600000024,2.180000067,2.769999981,0.02,-0.07,-0.439999998,-19
19.55,3805,-3490,0,0,-1.110000014,2.269999981,0.720000029,0.079999998,0.02,-0.430000007,-19
19.56,3835,-3510,0,0,2.609999895,3.00999999,-2.430000067,0.039999999,-0.01,-0.409999996,-19
19.57,3865,-3599,0,0,-0.200000003,2.180000067,3.019999981,0.07,-0.039999999,-0.400000006,-16
19.58,3746,-3546,0,0,0.589999974,1.450000048,-0.779999971,0.100000002,0.050000001,-0.389999986,-16
19.59,3860,-3601,0,0,2.00999999,1.799999952,-0.469999999,0.01,-0.039999999,-0.370000005,-13
19.6,3780,-3588,0,0,-0.270000011,1.299999952,1.919999957,0.01,0.01,-0.340000004,-10
19.61,3742,-3559,0,0,1.889999986,1.320000052,-0.759999991,0.029999999,0.01,-0.310000002,-10
19.62,3867,-3627,0,0,1.379999995,1.340000033,1.710000038,0.050000001,-0.039999999,-0.270000011,-10
19.63,3703,-3605,0,0,-0.460000008,-0.189999998,0.289999992,0.100000002,0.01,-0.239999995,-6
19.64,3788,-3645,0,0,2.289999962,0.959999979,0.829999983,0,-0.039999999,-0.200000003,-2
19.65,3778,-3674,0,0,-0.150000006,-0.109999999,0.709999979,0.029999999,-0.02,-0.159999996,-2
19.66,3713,-3708,0,0,0.689999998,-0.540000022,0.119999997,0.029999999,-0.029999999,-0.129999995,0
19.67,3741,-3706,0,0,1.559999943,0.189999998,0.330000013,0.029999999,-0.039999999,-0.079999998,0
19.68,3713,-3763,0,0,0.5,-0.649999976,-0.730000019,0.090000004,0.050000001,-0.050000001,3
19.69,3731,-3737,0,0,-0.079999998,-0.959999979,-0.879999995,0,-0.01,-0.02,3
19.7,3723,-3771,0,0,1.230000019,-0.819999993,1.75,-0.029999999,-0.02,0,6
19.71,3707,-3770,0,0,0.959999979,-1.029999971,-1.480000019,-0.029999999,0.01,0.02,6
19.72,3698,-3786,0,0,1.070000052,-1.039999962,-0.029999999,-0.029999999,-0.01,0.050000001,6
19.73,3705,-3793,0,0,1.639999986,-0.709999979,-0.050000001,0.029999999,0.01,0.079999998,7
19.74,3664,-3821,0,0,-1.220000029,-1.610000014,-0.680000007,0.129999995,-0.02,0.100000002,7
19.75,3743,-3829,0,0,1.230000019,-1.279999971,1.220000029,0.059999999,-0.050000001,0.119999997,7
19.76,3683,-3874,0,0,0.07,-0.879999995,0.059999999,0,0.01,0.119999997,7
19.77,3686,-3773,0,0,0.189999998,-1.289999962,-0.800000012,-0.059999999,0,0.119999997,7
19.78,3735,-3819,0,0,0.879999995,-0.639999986,1.820000052,-0.079999998,-0.01,0.119999997,7
19.79,3652,-3879,0,0,-0.079999998,-1.179999948,-0.920000017,0.02,0.039999999,0.109999999,6
19.8,3695,-3790,0,0,-1.149999976,-0.460000008,-0.689999998,-0.02,0.02,0.090000004,6
19.81,3772,-3809,0,0,1.50999999,-0.649999976,1.120000005,0.01,-0.039999999,0.07,4
19.82,3677,-3779,0,0,-1.809999943,-0.509999991,0.75,-0.02,0.029999999,0.050000001,4
19.83,3841,-3753,0,0,2.549999952,-0.119999997,-0.810000002,-0.100000002,-0.01,0,1
19.84,3761,-3726,0,0,-0.769999981,0.150000006,1.950000048,-0.119999997,0,0,-2
19.85,3813,-3773,0,0,0.409999996,0.730000019,-0.330000013,-0.050000001,0.029999999,-0.039999999,-2
19.86,3852,-3736,0,0,0.02,0.310000002,-0.75,-0.119999997,-0.039999999,-0.090000004,-5
19.87,3815,-3762,0,0,-0.720000029,1.49000001,-0.639999986,-0.059999999,-0.029999999,-0.109999999,-5
19.88,3833,-3711,0,0,0.74000001,2.039999962,-0.050000001,-0.01,-0.01,-0.150000006,-5
19.89,3913,-3736,0,0,0.959999979,1.690000057,-1.860000014,-0.02,-0.01,-0.189999998,-8
19.9,3896,-3712,0,0,-1.309999943,1.74000001,0.180000007,-0.050000001,0,-0.230000004,-8
19.91,3940,-3729,0,0,1.129999995,2.079999924,0.670000017,-0.039999999,-0.02,-0.270000011,-11
19.92,3902,-3680,0,0,-0.039999999,2.789999962,-0.769999981,-0.07,-0.01,-0.289999992,-13
19.93,3933,-3688,0,0,-0.550000012,3.059999943,0.759999991,-0.02,-0.029999999,-0.319999993,-13
19.94,4010,-3669,0,0,0.680000007,3.589999914,1.309999943,0,-0.059999999,-0.349999994,-13
19.95,3974,-3667,0,0,-1.090000033,2.910000086,-0.800000012,0.059999999,-0.01,-0.370000005,-14
19.96,4002,-3691,0,0,1.289999962,2.99000001,0.49000001,-0.039999999,-0.039999999,-0.400000006,-14
19.97,3972,-3679,0,0,-0.769999981,2.789999962,-0.720000029,-0.029999999,0.02,-0.419999987,-14
19.98,3950,-3680,0,0,0.550000012,2.289999962,-1.600000024,-0.039999999,0,-0.430000007,-14
19.99,3961,-3696,0,0,-0.170000002,4.019999981,0.389999986,-0.029999999,-0.02,-0.419999987,-14
20,3899,-3720,0,0,0.280000001,2.920000076,-1.080000043,0.109999999,0.059999999,-0.419999987,-14
20.01,3993,-3672,0,0,0.649999976,3.690000057,-1.75,0.090000004,0,-0.419999987,-14
20.02,3980,-3667,0,0,0.059999999,3.880000114,1.830000043,0.159999996,0.01,-0.400000006,-14
20.03,3929,-3693,0,0,1.25,1.980000019,0.300000012,0.119999997,0.039999999,-0.409999996,-14
20.04,4089,-3701,0,0,0.699999988,3.380000114,1.950000048,-0.029999999,-0.050000001,-0.389999986,-14
20.05,3896,-3701,0,0,0.039999999,1.460000038,2.75,0.02,0.029999999,-0.370000005,-13
20.06,3973,-3692,0,0,2.190000057,0.409999996,-1.870000005,-0.039999999,-0.029999999,-0.360000014,-13
20.07,3995,-3709,0,0,-0.239999995,1.720000029,0.560000002,-0.029999999,-0.050000001,-0.319999993,-11
20.08,3945,-3787,0,0,0.769999981,0.920000017,-1.399999976,0.100000002,0.029999999,-0.289999992,-7
20.09,3971,-3778,0,0,1.5,1.039999962,-1.159999967,0.119999997,-0.039999999,-0.270000011,-7
20.1,3905,-3780,0,0,-0.550000012,1.129999995,0.230000004,0.129999995,0.039999999,-0.219999999,-7
20.11,3935,-3830,0,0,2.150000095,1.00999999,-2.140000105,0.119999997,-0.02,-0.200000003,-3
20.12,3907,-3826,0,0,0.75,0.540000022,2.109999895,0.07,0,-0.150000006,-3
20.13,3888,-3854,0,0,0.790000022,0.209999993,-2.799999952,0,0.090000004,-0.119999997,0
20.14,3872,-3890,0,0,1.350000024,-1.230000019,0.769999981,-0.02,-0.02,-0.090000004,1
20.15,3869,-3872,0,0,-0.189999998,0.029999999,0.870000005,0,0.050000001,-0.039999999,1
20.16,3902,-3912,0,0,1.179999948,-0.689999998,-1.450000048,0.100000002,0.01,-0.02,2
20.17,3886,-3916,0,0,0.790000022,-0.180000007,1.679999948,0.059999999,0,0,2
20.18,3853,-3934,0,0,-0.07,-0.779999971,-0.649999976,0.079999998,0.07,0,2
20.19,3885,-3923,0,0,1.00999999,-0.610000014,0.889999986,-0.039999999,-0.01,0,2
20.2,3798,-3935,0,0,1.340000033,-0.899999976,1.370000005,0.01,0.029999999,0.01,2
20.21,3845,-3965,0,0,-1.080000043,-0.930000007,-0.639999986,-0.02,0.029999999,0.01,2
20.22,3943,-3920,0,0,1.809999943,-0.050000001,1.559999943,-0.02,-0.029999999,0.02,2
20.23,3787,-3914,0,0,-0.689999998,-0.910000026,-0.25,0.02,0.079999998,0.01,1
20.24,3932,-3893,0,0,0.150000006,-0.660000026,-1.460000038,-0.039999999,0,0,1
20.25,3840,-3884,0,0,1,-0.319999993,5.21999979,-0.07,-0.02,0,0
20.26,3980,-3862,0,0,-0.389999986,-1.190000057,-1.789999962,-0.050000001,0.079999998,-0.029999999,-1
20.27,3966,-3871,0,0,0.49000001,0.810000002,-0.219999999,-0.200000003,-0.07,-0.039999999,-1
20.28,3922,-3896,0,0,0.899999976,-0.389999986,2.369999886,-0.07,0.01,-0.079999998,-1
20.29,3955,-3886,0,0,-0.469999999,0.529999971,-4.760000229,-0.119999997,0.01,-0.109999999,-4
20.3,3995,-3861,0,0,0.159999996,1.970000029,0.709999979,-0.100000002,-0.07,-0.140000001,-4
20.31,4075,-3879,0,0,1.860000014,1.019999981,1.320000052,-0.039999999,0,-0.170000002,-7
20.32,4050,-3880,0,0,-1.460000038,2.839999914,-3.430000067,-0.090000004,-0.039999999,-0.209999993,-7
20.33,3979,-3857,0,0,2.069999933,1.5,1.649999976,-0.02,-0.090000004,-0.25,-10
20.34,4110,-3807,0,0,-0.529999971,2.670000076,-0.870000005,-0.079999998,0,-0.270000011,-10
20.35,4065,-3827,0,0,-0.49000001,3.74000001,-2.99000001,-0.02,-0.079999998,-0.300000012,-13
20.36,4065,-3835,0,0,1,2.619999886,3.519999981,0.050000001,-0.059999999,-0.340000004,-13
20.37,4143,-3832,0,0,-1.460000038,2.789999962,-0.730000019,0.01,-0.02,-0.370000005,-14
20.38,4039,-3778,0,0,0.860000014,3.200000048,-0.039999999,-0.02,-0.079999998,-0.389999986,-14
20.39,4179,-3872,0,0,0.340000004,3.210000038,0.07,0.01,-0.029999999,-0.419999987,-14
20.4,4065,-3784,0,0,-1.049999952,4.159999847,0.270000011,0,0.01,-0.419999987,-14
20.41,4140,-3835,0,0,1.590000033,3.450000048,-0.150000006,0.039999999,-0.01,-0.449999988,-14
20.42,4152,-3858,0,0,-0.850000024,3.910000086,3.130000114,0.039999999,0,-0.419999987,-14
20.43,4128,-3838,0,0,1.799999952,2.450000048,-2.940000057,0.090000004,0.07,-0.419999987,-13
20.44,4187,-3857,0,0,-0.01,2.160000086,-0.209999993,0,-0.02,-0.400000006,-9
20.45,4060,-3814,0,0,0.409999996,2.640000105,1.899999976,0.100000002,0.01,-0.349999994,-9
20.46,4054,-3902,0,0,2.650000095,0.600000024,-0.75,0.100000002,0.039999999,-0.319999993,-4
20.47,4092,-3902,0,0,-1.139999986,1.429999948,-0.930000007,0.01,-0.01,-0.259999991,-4
20.48,4015,-3894,0,0,3.109999895,1.669999957,2.859999895,0.140000001,0.02,-0.189999998,0
20.49,4022,-3981,0,0,1.169999957,0.140000001,-2.119999886,0.150000006,-0.01,-0.140000001,0
20.5,3991,-3990,0,0,-0.259999991,-0.200000003,-0.159999996,0.150000006,-0.029999999,-0.079999998,0
20.51,3987,-4056,0,0,3,-0.409999996,0.920000017,0.109999999,-0.039999999,-0.029999999,3
20.52,3958,-4004,0,0,-0.119999997,-1.840000033,-0.709999979,0.029999999,-0.01,0.01,5
20.53,3962,-4003,0,0,1.679999948,-1.350000024,-1.75999999,-0.079999998,-0.01,0.050000001,5
20.54,3983,-4095,0,0,1.320000052,-2.039999962,-0.150000006,-0.129999995,-0.02,0.079999998,5
20.55,3941,-4083,0,0,-0.469999999,-2.410000086,-2.440000057,-0.07,0,0.100000002,5
20.56,3985,-4056,0,0,2.299999952,-0.670000017,-2.069999933,-0.050000001,-0.01,0.100000002,5
20.57,4011,-4094,0,0,2.299999952,-0.670000017,-2.069999933,0.039999999,0,0.07,5
20.58,3979,-4064,0,0,3.200000048,-0.189999998,-1.00999999,0.090000004,0.02,0.059999999,5
20.59,4016,-4119,0,0,-2.220000029,-0.779999971,-0.310000002,0.01,0.029999999,0.029999999,4
20.6,3945,-4007,0,0,1.730000019,0.319999993,2.74000001,0.050000001,-0.029999999,0.029999999,4
20.61,4046,-4095,0,0,0.569999993,-1.00999999,3.099999905,0.050000001,-0.01,0,2
20.62,4031,-4027,0,0,-2.160000086,-0.389999986,-0.119999997,-0.07,-0.02,-0.02,2
20.63,4120,-4060,0,0,2.670000076,0.829999983,2.269999981,-0.07,-0.029999999,-0.039999999,0
20.64,4122,-4045,0,0,-0.970000029,-0.430000007,-0.360000014,-0.07,0,-0.07,0
20.65,4003,-3953,0,0,-0.970000029,-0.430000007,-0.360000014,-0.07,-0.01,-0.100000002,-3
20.66,4165,-3971,0,0,0.340000004,0.319999993,4.980000019,-0.109999999,-0.039999999,-0.150000006,-3
20.67,4100,-3943,0,0,-0.639999986,0.119999997,1.309999943,-0.129999995,-0.059999999,-0.180000007,-5
20.68,4136,-3976,0,0,2.029999971,1.840000033,-1.639999986,-0.109999999,-0.029999999,-0.209999993,-5
20.69,4162,-3983,0,0,-0.25,1.419999957,-1.799999952,-0.109999999,0,-0.239999995,-6
20.7,4172,-3995,0,0,0.779999971,1.710000038,-1.350000024,-0.029999999,0,-0.259999991,-6
20.71,4207,-3945,0,0,0.920000017,3.019999981,-1.279999971,0.07,-0.02,-0.270000011,-7
20.72,4195,-4008,0,0,-0.509999991,3.150000095,-1.139999986,0.039999999,0,-0.270000011,-7
20.73,4197,-4014,0,0,2.75,2.299999952,-1.620000005,0.039999999,0.01,-0.270000011,-7
20.74,4216,-4040,0,0,-0.769999981,3.150000095,-2.809999943,-0.029999999,0.050000001,-0.270000011,-7
20.75,4232,-4009,0,0,0.589999974,1.649999976,0.079999998,-0.029999999,0.01,-0.280000001,-7
20.76,4201,-4026,0,0,2.029999971,2.279999971,3.190000057,-0.119999997,0.039999999,-0.270000011,-7
20.77,4156,-4024,0,0,-1.889999986,1.539999962,-1.139999986,-0.079999998,0.029999999,-0.270000011,-7
20.78,4197,-4052,0,0,3.200000048,1.860000014,1.789999962,-0.01,-0.050000001,-0.259999991,-6
20.79,4147,-4038,0,0,-0.02,2.269999981,0.400000006,0.090000004,0.039999999,-0.239999995,-6
20.8,4200,-3999,0,0,-0.039999999,1.720000029,-1.559999943,0.100000002,-0.02,-0.230000004,-3
20.81,4074,-4133,0,0,2.279999971,2.00999999,2.940000057,0.150000006,-0.109999999,-0.200000003,-3
20.82,4169,-4076,0,0,-0.860000014,0.949999988,-1.769999981,0.180000007,-0.01,-0.170000002,-1
20.83,4169,-4113,0,0,1.820000052,0.439999998,-2.940000057,0.07,-0.090000004,-0.140000001,-1
20.84,4116,-4102,0,0,1.840000033,0.259999991,1.25,0.059999999,-0.079999998,-0.090000004,0
20.85,4178,-4112,0,0,0.119999997,-0.860000014,-1.950000048,0.029999999,0.039999999,-0.059999999,0
20.86,4095,-4167,0,0,1.529999971,-1.5,-2.089999914,-0.090000004,-0.07,-0.029999999,0
20.87,4140,-4101,0,0,0.899999976,-1.899999976,3.50999999,0,-0.02,0,0
20.88,4144,-4172,0,0,-0.610000014,0.079999998,-3.960000038,0,0.02,0.02,0
20.89,4142,-4192,0,0,1.559999943,-1.120000005,2.079999924,0.07,-0.059999999,0.02,0
20.9,4132,-4169,0,0,0.140000001,-0.300000012,2.220000029,0.029999999,0.050000001,0.02,0
20.91,4139,-4204,0,0,1.830000043,0.870000005,-1.570000052,0.01,-0.01,0.02,0
20.92,4237,-4178,0,0,-0.540000022,-0.090000004,3.809999943,-0.02,0.01,0,0
20.93,4215,-4160,0,0,1.120000005,1.200000048,-1.039999962,-0.039999999,0,-0.02,0
20.94,4183,-4188,0,0,-0.589999974,0.379999995,1.309999943,0,-0.029999999,-0.050000001,0
20.95,4206,-4161,0,0,1.340000033,0.129999995,1.980000019,-0.01,0.01,-0.079999998,0
20.96,4211,-4175,0,0,-0.170000002,-0.01,-0.5,-0.050000001,-0.01,-0.100000002,0
20.97,4258,-4165,0,0,1.340000033,-0.239999995,2.269999981,-0.079999998,-0.039999999,-0.119999997,-1
20.98,4161,-4173,0,0,-0.25,1.179999948,-0.579999983,-0.079999998,0.01,-0.140000001,-1
20.99,4250,-4126,0,0,0.200000003,0.449999988,-1.769999981,-0.050000001,-0.029999999,-0.159999996,-3
21,4224,-4196,0,0,0.310000002,1.809999943,1.460000038,0,-0.039999999,-0.170000002,-5
21.01,4237,-4151,0,0,0.100000002,2.380000114,-2.190000057,0.07,0.02,-0.189999998,-5
21.02,4354,-4105,0,0,0.300000012,1.350000024,-1.059999943,0.029999999,-0.02,-0.209999993,-5
21.03,4224,-4131,0,0,1.899999976,2.609999895,-0.180000007,0.029999999,0.050000001,-0.230000004,-7
21.04,4297,-4122,0,0,-1.549999952,1.799999952,-2.960000038,-0.079999998,0.059999999,-0.270000011,-7
21.05,4364,-4091,0,0,2.720000029,1.299999952,0.610000014,-0.140000001,0.01,-0.280000001,-9
21.06,4373,-4067,0,0,-1.299999952,1.720000029,-2.420000076,-0.119999997,0.090000004,-0.300000012,-9
21.07,4341,-4133,0,0,-1.299999952,1.720000029,-2.420000076,-0.109999999,0,-0.319999993,-10
21.08,4401,-4128,0,0,0.209999993,3.329999924,3.109999895,-0.050000001,0.039999999,-0.330000013,-10
21.09,4383,-4135,0,0,0.310000002,2.609999895,-0.800000012,0.059999999,0.07,-0.349999994,-11
21.1,4385,-4094,0,0,0.419999987,3.910000086,0.870000005,-0.029999999,0.01,-0.360000014,-11
21.11,4439,-4113,0,0,-0.620000005,3.349999905,2.059999943,0.050000001,0.01,-0.370000005,-11
21.12,4370,-4109,0,0,1.629999995,3.630000114,1.450000048,0.01,-0.02,-0.370000005,-11
21.13,4420,-4113,0,0,1.629999995,3.630000114,1.450000048,-0.02,0.01,-0.379999995,-11
21.14,4405,-4120,0,0,-0.709999979,3.430000067,0.49000001,-0.059999999,-0.029999999,-0.370000005,-11
21.15,4378,-4131,0,0,1.649999976,3.109999895,1.50999999,0.059999999,-0.090000004,-0.370000005,-11
21.16,4342,-4176,0,0,-0.479999989,3.450000048,-0.479999989,0.01,-0.01,-0.370000005,-11
21.17,4361,-4153,0,0,1.419999957,2.630000114,-0.550000012,0.059999999,-0.02,-0.379999995,-11
21.18,4466,-4154,0,0,-0.039999999,1.769999981,-0.200000003,-0.01,0,-0.379999995,-11
21.19,4340,-4121,0,0,0.670000017,2.569999933,-2.720000029,0,0,-0.379999995,-11
21.2,4492,-4185,0,0,0.759999991,2.079999924,-0.980000019,-0.050000001,0.01,-0.389999986,-11
21.21,4397,-4171,0,0,1.090000033,2.910000086,-2.769999981,0.050000001,0.02,-0.379999995,-11
21.22,4475,-4132,0,0,1.090000033,2.910000086,-2.769999981,0.050000001,0.02,-0.379999995,-11
21.23,4440,-4129,0,0,-0.25,2.960000038,0.779999971,0.109999999,0,-0.379999995,-11
21.24,4445,-4131,0,0,1.279999971,2.150000095,2.059999943,0.119999997,0,-0.389999986,-11
21.25,4450,-4148,0,0,-0.569999993,3.279999971,0.439999998,-0.01,-0.029999999,-0.379999995,-11
21.26,4474,-4173,0,0,0.810000002,2.640000105,2.960000038,0,-0.029999999,-0.379999995,-11
21.27,4447,-4171,0,0,1.230000019,2.289999962,0.200000003,-0.07,-0.02,-0.379999995,-11
21.28,4444,-4170,0,0,0.159999996,2.369999886,-1.899999976,-0.029999999,0,-0.379999995,-11
21.29,4510,-4177,0,0,0.029999999,2.539999962,0.109999999,-0.059999999,0,-0.379999995,-11
21.3,4464,-4180,0,0,0.709999979,2.980000019,-0.270000011,0.079999998,-0.039999999,-0.379999995,-11
21.31,4496,-4226,0,0,0.579999983,1.950000048,-1.230000019,0.150000006,0,-0.389999986,-11
21.32,4457,-4192,0,0,0.119999997,3.190000057,-1.470000029,0.050000001,-0.01,-0.389999986,-11
21.33,4499,-4200,0,0,1.179999948,2.049999952,3.170000076,0.029999999,0.039999999,-0.400000006,-11
21.34,4488,-4236,0,0,0.129999995,2.99000001,-1.029999971,-0.090000004,0.039999999,-0.389999986,-11
21.35,4472,-4204,0,0,0.129999995,2.99000001,-1.029999971,-0.01,0.01,-0.409999996,-11
21.36,4486,-4247,0,0,0.090000004,2.900000095,0.49000001,-0.07,-0.01,-0.400000006,-11
21.37,4435,-4195,0,0,0.800000012,2.319999933,0.920000017,0.079999998,0,-0.400000006,-11
21.38,4595,-4225,0,0,0.839999974,3.230000019,0.400000006,0,-0.01,-0.400000006,-11
21.39,4458,-4244,0,0,0.360000014,2.099999905,0.699999988,0.090000004,-0.029999999,-0.400000006,-11
21.4,4510,-4233,0,0,0.850000024,2.900000095,0.759999991,0,-0.02,-0.400000006,-11
21.41,4519,-4210,0,0,0.550000012,3,-0.270000011,0,-0.029999999,-0.389999986,-11
21.42,4568,-4203,0,0,-0.140000001,2.210000038,-0.449999988,0,0.039999999,-0.409999996,-11
21.43,4522,-4271,0,0,1.340000033,2.920000076,-3.109999895,-0.01,-0.050000001,-0.400000006,-11
21.44,4572,-4174,0,0,-0.379999995,2.200000048,0.670000017,0.02,0.059999999,-0.389999986,-11
21.45,4539,-4261,0,0,1.379999995,3.440000057,-3.440000057,0.01,0.02,-0.389999986,-11
21.46,4561,-4266,0,0,1.25,2.039999962,3.220000029,0.059999999,0.01,-0.389999986,-11
21.47,4587,-4264,0,0,0.219999999,3.390000105,-2.480000019,-0.01,0.109999999,-0.379999995,-11
21.48,4526,-4285,0,0,0.460000008,2.309999943,-0.129999995,0.01,0,-0.379999995,-11
21.49,4553,-4266,0,0,0.180000007,2.789999962,4.079999924,-0.02,-0.01,-0.379999995,-11
21.5,4543,-4282,0,0,1.649999976,3.160000086,-2.180000067,0.039999999,-0.01,-0.370000005,-11
21.51,4544,-4266,0,0,-0.600000024,2.650000095,2.25999999,-0.07,0,-0.379999995,-11
21.52,4458,-4297,0,0,1.639999986,3.24000001,0.460000008,0.01,-0.039999999,-0.370000005,-11
21.53,4613,-4291,0,0,-0.100000002,2.390000105,1.419999957,0.050000001,-0.029999999,-0.379999995,-11
21.54,4505,-4288,0,0,1.909999967,3.170000076,-0.970000029,0.02,-0.039999999,-0.370000005,-11
21.55,4606,-4338,0,0,-0.319999993,1.379999995,1.429999948,0.039999999,0.01,-0.400000006,-11
21.56,4559,-4275,0,0,-0.300000012,2.890000105,-1.190000057,-0.050000001,-0.079999998,-0.389999986,-11
21.57,4624,-4312,0,0,4,2.019999981,1.860000014,0.029999999,-0.039999999,-0.389999986,-11
21.58,4606,-4300,0,0,-2.039999962,2.670000076,-3.609999895,-0.129999995,-0.01,-0.389999986,-11
21.59,4592,-4323,0,0,3.339999914,2.349999905,-0.99000001,-0.02,-0.090000004,-0.389999986,-11
21.6,4568,-4294,0,0,-0.540000022,1.850000024,0.430000007,-0.07,-0.039999999,-0.389999986,-11
21.61,4630,-4301,0,0,1.080000043,3.75999999,-3.900000095,-0.02,-0.050000001,-0.379999995,-11
21.62,4626,-4301,0,0,1.299999952,3.039999962,1.269999981,0.029999999,-0.039999999,-0.379999995,-11
21.63,4574,-4311,0,0,-0.970000029,3.559999943,-1.539999962,0.100000002,0,-0.379999995,-11
21.64,4663,-4328,0,0,1.690000057,3.019999981,1.669999957,0.090000004,-0.02,-0.379999995,-11
21.65,4594,-4378,0,0,-1.850000024,2.779999971,1,0.01,-0.01,-0.379999995,-11
21.66,4647,-4322,0,0,3.720000029,2.549999952,1.75999999,0.02,-0.02,-0.379999995,-11
21.67,4581,-4355,0,0,-1.25999999,2.910000086,-0.289999992,-0.090000004,0,-0.370000005,-11
21.68,4642,-4381,0,0,1.480000019,2.119999886,0.660000026,0.059999999,0,-0.370000005,-11
21.69,4564,-4362,0,0,-0.550000012,3.440000057,-1.50999999,0.01,-0.02,-0.360000014,-11
21.7,4675,-4347,0,0,1.309999943,2.359999895,0.699999988,0.170000002,-0.01,-0.370000005,-11
21.71,4590,-4373,0,0,1.210000038,3.220000029,-2.029999971,0.119999997,0.02,-0.370000005,-11
21.72,4631,-4352,0,0,-0.980000019,1.980000019,0.239999995,0.140000001,0,-0.389999986,-11
21.73,4738,-4384,0,0,1.409999967,3.099999905,2.180000067,-0.01,-0.039999999,-0.379999995,-11
21.74,4647,-4365,0,0,0.930000007,1.110000014,0.870000005,0.050000001,0,-0.389999986,-11
21.75,4656,-4368,0,0,-0.039999999,2.210000038,0.150000006,-0.140000001,-0.029999999,-0.400000006,-11
21.76,4631,-4412,0,0,0.119999997,2.910000086,0.899999976,0,-0.07,-0.389999986,-11
21.77,4701,-4399,0,0,-0.109999999,1.919999957,-0.319999993,0.039999999,0.02,-0.389999986,-11
21.78,4701,-4370,0,0,1.289999962,3.130000114,-2.970000029,-0.02,-0.029999999,-0.379999995,-11
21.79,4673,-4377,0,0,0.370000005,0.439999998,1.570000052,0.01,0.050000001,-0.400000006,-11
21.8,4680,-4376,0,0,-0.349999994,4.159999847,-5.369999886,-0.109999999,0.050000001,-0.379999995,-11
21.81,4755,-4357,0,0,0.589999974,1.610000014,0.560000002,0,0.02,-0.400000006,-11
21.82,4691,-4416,0,0,0.870000005,2.519999981,-2.920000076,-0.129999995,0.079999998,-0.389999986,-11
21.83,4724,-4420,0,0,0.379999995,2.779999971,-1.720000029,-0.039999999,0.039999999,-0.400000006,-11
21.84,4660,-4421,0,0,0.550000012,3.74000001,2.660000086,-0.02,0.059999999,-0.389999986,-11
21.85,4742,-4436,0,0,1.50999999,3.579999924,1.870000005,0.090000004,0.039999999,-0.389999986,-11
21.86,4625,-4417,0,0,-1.580000043,3.369999886,2.720000029,-0.02,-0.01,-0.389999986,-11
21.87,4700,-4411,0,0,2.849999905,3.059999943,2.980000019,0.039999999,-0.02,-0.400000006,-11
21.88,4709,-4400,0,0,-1.529999971,2.839999914,0.959999979,-0.059999999,-0.029999999,-0.389999986,-11
21.89,4672,-4452,0,0,1.480000019,3.079999924,1.950000048,0,-0.059999999,-0.389999986,-11
21.9,4734,-4417,0,0,-1.899999976,2.940000057,3.140000105,0,-0.100000002,-0.389999986,-11
21.91,4682,-4454,0,0,3.440000057,2.799999952,1.25,0.07,-0.100000002,-0.370000005,-11
21.92,4752,-4455,0,0,0.079999998,2.849999905,-1.870000005,0.059999999,-0.01,-0.379999995,-11
21.93,4704,-4424,0,0,0,3.180000067,-2.230000019,0.129999995,-0.029999999,-0.370000005,-11
21.94,4713,-4495,0,0,1.200000048,2.720000029,-0.439999998,0.170000002,0.02,-0.370000005,-11
21.95,4744,-4476,0,0,-2.289999962,3.160000086,-4.360000134,0.07,0.039999999,-0.360000014,-11
21.96,4761,-4445,0,0,-2.289999962,3.160000086,-4.360000134,0.140000001,0.029999999,-0.370000005,-11
21.97,4762,-4493,0,0,-1.919999957,1.980000019,-1.860000014,0,0.140000001,-0.360000014,-11
21.98,4757,-4469,0,0,1.789999962,2.529999971,-2.910000086,0.039999999,0.119999997,-0.360000014,-11
21.99,4739,-4418,0,0,-1.419999957,2.230000019,1.75,0.02,0.059999999,-0.349999994,-11
22,4770,-4469,0,0,2.269999981,2.130000114,1.100000024,0.079999998,0.07,-0.349999994,-11
22.01,4705,-4494,0,0,-0.460000008,2.609999895,0.600000024,-0.02,0.039999999,-0.340000004,-11
22.02,4730,-4459,0,0,1.75999999,1.379999995,1.419999957,0.07,0.050000001,-0.360000014,-11
22.03,4676,-4487,0,0,-1.210000038,2.839999914,-0.100000002,-0.050000001,-0.01,-0.349999994,-11
22.04,4763,-4493,0,0,1.100000024,3.069999933,-0.209999993,0.090000004,-0.039999999,-0.360000014,-11
22.05,4695,-4493,0,0,-0.029999999,2.579999924,2.069999933,-0.02,-0.01,-0.349999994,-11
22.06,4743,-4457,0,0,1.159999967,1.840000033,-0.469999999,0.039999999,-0.039999999,-0.370000005,-11
22.07,4752,-4502,0,0,-0.529999971,2.00999999,2.119999886,-0.109999999,-0.059999999,-0.370000005,-11
22.08,4801,-4494,0,0,0.720000029,1.850000024,-1.220000029,-0.07,-0.050000001,-0.370000005,-11
22.09,4721,-4552,0,0,-0.079999998,1.480000019,1.940000057,-0.159999996,-0.01,-0.370000005,-11
22.1,4775,-4464,0,0,0.730000019,3.00999999,-1.299999952,-0.029999999,-0.050000001,-0.360000014,-11
22.11,4769,-4495,0,0,-0.620000005,2.339999914,2.799999952,0.039999999,-0.01,-0.360000014,-11
22.12,4788,-4494,0,0,-0.449999988,3.150000095,-0.839999974,-0.01,-0.029999999,-0.349999994,-11
22.13,4727,-4533,0,0,0,2.25,3.069999933,0.059999999,-0.02,-0.370000005,-11
22.14,4769,-4460,0,0,1.549999952,4.139999866,0.349999994,-0.050000001,-0.039999999,-0.349999994,-11
22.15,4808,-4495,0,0,-1.110000014,2.730000019,1.159999967,0.02,0.029999999,-0.370000005,-11
22.16,4746,-4484,0,0,0.819999993,3.069999933,-1.620000005,-0.02,-0.050000001,-0.349999994,-11
22.17,4749,-4494,0,0,-1.389999986,1.879999995,2.079999924,0.07,0.01,-0.360000014,-11
22.18,4703,-4485,0,0,1.169999957,3.849999905,-3.180000067,0,0.01,-0.340000004,-11
22.19,4768,-4507,0,0,-0.150000006,1.49000001,0.479999989,0.140000001,0.02,-0.360000014,-11
22.2,4673,-4501,0,0,0.159999996,3.220000029,-1.909999967,-0.029999999,0.039999999,-0.340000004,-11
22.21,4749,-4491,0,0,0.050000001,2.349999905,0.059999999,0.059999999,0.02,-0.360000014,-11
22.22,4695,-4524,0,0,-1.139999986,2.789999962,0.540000022,-0.059999999,0,-0.349999994,-11
22.23,4726,-4463,0,0,1.730000019,2.519999981,-1.470000029,0.090000004,-0.02,-0.349999994,-11
22.24,4694,-4507,0,0,-1.019999981,3.5,-0.49000001,-0.050000001,0.01,-0.340000004,-11
22.25,4787,-4497,0,0,2,2.579999924,-1.379999995,0.109999999,-0.01,-0.349999994,-11
22.26,4691,-4486,0,0,-2.049999952,2.119999886,-0.529999971,0.039999999,0.02,-0.349999994,-11
22.27,4796,-4507,0,0,-0.560000002,2.769999981,-4.119999886,0.059999999,-0.07,-0.349999994,-11
22.28,4704,-4494,0,0,0.090000004,2.109999895,3.440000057,0.029999999,-0.02,-0.349999994,-11
22.29,4762,-4503,0,0,-0.239999995,1.99000001,-2.690000057,-0.079999998,0,-0.360000014,-11
22.3,4749,-4460,0,0,-1.129999995,1.279999971,1.529999971,-0.050000001,-0.02,-0.370000005,-11
22.31,4766,-4461,0,0,-0.079999998,2.819999933,-0.560000002,-0.059999999,-0.050000001,-0.360000014,-11
22.32,4699,-4444,0,0,-0.769999981,2.400000095,1.50999999,0.07,-0.02,-0.360000014,-11
22.33,4704,-4466,0,0,-0.509999991,3.440000057,-0.699999988,0,-0.01,-0.349999994,-10
22.34,4787,-4468,0,0,-1.090000033,2.539999962,2.25999999,0.07,-0.01,-0.340000004,-10
22.35,4653,-4451,0,0,0.340000004,2.980000019,0.170000002,0.029999999,-0.01,-0.330000013,-10
22.36,4656,-4478,0,0,0.370000005,1.889999986,1.309999943,0.039999999,0.01,-0.330000013,-10
22.37,4645,-4484,0,0,-1.720000029,2.410000086,-0.07,-0.07,0,-0.319999993,-10
22.38,4717,-4486,0,0,1.320000052,1.539999962,1.200000048,0.02,-0.029999999,-0.330000013,-10
22.39,4647,-4427,0,0,-1.720000029,2.630000114,-0.550000012,-0.07,0,-0.310000002,-10
22.4,4653,-4453,0,0,0.449999988,1.889999986,1.159999967,0,-0.02,-0.310000002,-10
22.41,4671,-4472,0,0,-1.190000057,1.970000029,1.75999999,-0.100000002,-0.050000001,-0.300000012,-10
22.42,4693,-4466,0,0,0.49000001,1.909999967,-2.279999971,0,-0.02,-0.310000002,-10
22.43,4687,-4408,0,0,-0.400000006,1.840000033,-1.600000024,-0.07,-0.029999999,-0.310000002,-10
22.44,4604,-4356,0,0,-1.309999943,3.359999895,-1.340000033,0.050000001,0.01,-0.300000012,-10
22.45,4544,-4295,0,0,-0.939999998,1.899999976,-1.080000043,0.059999999,0,-0.310000002,-10
22.46,4714,-4225,0,0,-0.850000024,2.390000105,-1.070000052,0.039999999,0.01,-0.310000002,-10
22.47,4697,-4499,0,0,-0.600000024,1.179999948,-1.100000024,0.050000001,0.029999999,-0.330000013,-10
22.48,4662,-4444,0,0,-1.399999976,2.839999914,-1.659999967,-0.109999999,0.029999999,-0.319999993,-10
22.49,4623,-4413,0,0,-0.449999988,2.220000029,1.940000057,0.02,0.039999999,-0.330000013,-10
22.5,4701,-4361,0,0,-1.49000001,2.839999914,-0.930000007,-0.039999999,0.02,-0.310000002,-10
22.51,4608,-4453,0,0,0.270000011,3.079999924,0.75,0.090000004,0.029999999,-0.310000002,-10
22.52,4570,-4384,0,0,-1.090000033,2.519999981,-0.300000012,0.039999999,0.059999999,-0.300000012,-10
22.53,4587,-4403,0,0,-0.589999974,3.029999971,0.579999983,0.090000004,0.029999999,-0.310000002,-10
22.54,4630,-4405,0,0,-1.570000052,2.25,1.049999952,0.039999999,0.02,-0.300000012,-10
22.55,4575,-4377,0,0,-0.400000006,2.720000029,1.450000048,0.029999999,0.01,-0.300000012,-10
22.56,4553,-4376,0,0,-0.550000012,1.74000001,1.99000001,-0.029999999,0.01,-0.310000002,-10
22.57,4595,-4389,0,0,-1.049999952,1.909999967,0.660000026,-0.039999999,0,-0.310000002,-10
22.58,4651,-4414,0,0,-0.529999971,2.599999905,-0.870000005,-0.079999998,-0.01,-0.300000012,-10
22.59,4605,-4371,0,0,-0.600000024,0.819999993,-0.01,0,-0.01,-0.310000002,-10
22.6,4544,-4360,0,0,-0.02,2.390000105,-3.140000105,-0.02,-0.039999999,-0.319999993,-10
22.61,4592,-4346,0,0,-2,2.109999895,-0.140000001,0.029999999,-0.02,-0.319999993,-10
22.62,4593,-4388,0,0,-0.589999974,3.170000076,-1.340000033,0,0.01,-0.310000002,-10
22.63,4604,-4365,0,0,-1.039999962,1.75999999,-0.310000002,0.039999999,-0.02,-0.330000013,-10
22.64,4534,-4299,0,0,-0.029999999,2.579999924,-0.439999998,-0.039999999,0,-0.319999993,-10
22.65,4606,-4345,0,0,-1.169999957,2.319999933,-0.860000014,0.01,0.01,-0.330000013,-10
22.66,4590,-4332,0,0,-1.149999976,2.210000038,1.350000024,-0.059999999,-0.039999999,-0.319999993,-10
22.67,4544,-4324,0,0,-0.310000002,2.839999914,0.360000014,0.059999999,0,-0.310000002,-10
22.68,4498,-4253,0,0,-1.25,2.529999971,-0.660000026,0.029999999,-0.029999999,-0.310000002,-10
22.69,4524,-4327,0,0,-0.479999989,2.549999952,1.529999971,0.07,-0.029999999,-0.310000002,-10
22.7,4514,-4349,0,0,-2.359999895,1.919999957,0.379999995,0.059999999,0,-0.310000002,-10
22.71,4510,-4314,0,0,-0.07,1.860000014,0.140000001,0.02,-0.039999999,-0.300000012,-10
22.72,4470,-4267,0,0,-1.059999943,1.49000001,0.25,0,0,-0.289999992,-10
22.73,4483,-4277,0,0,-0.800000012,1.559999943,-0.49000001,0,0,-0.280000001,-9
22.74,4508,-4362,0,0,-0.769999981,2.400000095,1.190000057,0,0.01,-0.259999991,-9
22.75,4485,-4289,0,0,-1.820000052,0.920000017,1.929999948,0.059999999,-0.01,-0.25,-9
22.76,4466,-4313,0,0,1.059999943,1.529999971,1.039999962,0.01,-0.029999999,-0.239999995,-9
22.77,4406,-4274,0,0,-2.430000067,1.789999962,0.280000001,0,-0.01,-0.230000004,-9
22.78,4504,-4324,0,0,-0.430000007,1.75,0.620000005,-0.039999999,-0.029999999,-0.219999999,-9
22.79,4431,-4336,0,0,-1.419999957,1.769999981,0.039999999,0.01,-0.059999999,-0.209999993,-9
22.8,4342,-4257,0,0,-1.169999957,1.269999981,-1.639999986,0.01,-0.029999999,-0.209999993,-9
22.81,4444,-4270,0,0,-1.00999999,1.710000038,-2.069999933,-0.029999999,-0.02,-0.219999999,-9
22.82,4448,-4251,0,0,-1.789999962,0.419999987,-0.860000014,-0.039999999,0,-0.209999993,-9
22.83,4421,-4322,0,0,-0.779999971,1.340000033,-3.069999933,-0.059999999,0,-0.219999999,-9
22.84,4356,-4273,0,0,-1.299999952,0.370000005,-0.310000002,-0.029999999,0,-0.219999999,-9
22.85,4374,-4187,0,0,-1.779999971,1.460000038,-0.769999981,-0.07,0.050000001,-0.219999999,-9
22.86,4368,-4188,0,0,-1.090000033,2.450000048,-1.289999962,0.02,-0.01,-0.209999993,-9
22.87,4334,-4204,0,0,-1.389999986,0.519999981,0.819999993,0.050000001,0.01,-0.219999999,-9
22.88,4273,-4243,0,0,-0.949999988,2.299999952,-2.140000105,-0.01,-0.02,-0.219999999,-9
22.89,4362,-4175,0,0,-1.799999952,1.059999943,1.620000005,0.01,-0.02,-0.219999999,-9
22.9,4322,-4189,0,0,-1.600000024,2.420000076,-0.649999976,-0.050000001,0.02,-0.200000003,-9
22.91,4282,-4201,0,0,-1,0.639999986,-0.170000002,0.029999999,-0.050000001,-0.209999993,-9
22.92,4278,-4192,0,0,-1.399999976,1.49000001,0.610000014,-0.079999998,-0.01,-0.200000003,-9
22.93,4341,-4203,0,0,-1.919999957,1.129999995,0.109999999,-0.01,-0.029999999,-0.189999998,-9
22.94,4333,-4159,0,0,-0.949999988,1.309999943,1.629999995,-0.01,-0.07,-0.180000007,-9
22.95,4287,-4229,0,0,-1.789999962,1.690000057,-0.899999976,0.119999997,-0.02,-0.159999996,-8
22.96,4266,-4220,0,0,-2.930000067,2.24000001,1.139999986,0.090000004,-0.01,-0.150000006,-8
22.97,4249,-4184,0,0,-0.589999974,1.980000019,2.130000114,0.140000001,0,-0.140000001,-6
22.98,4222,-4166,0,0,-1.610000014,0.430000007,-0.100000002,0.129999995,0.050000001,-0.129999995,-6
22.99,4272,-4176,0,0,-1.899999976,0.07,0.140000001,-0.039999999,0.050000001,-0.129999995,-4
23,4207,-4238,0,0,-1.570000052,-0.300000012,1.299999952,-0.100000002,0.050000001,-0.119999997,-4
23.01,4230,-4140,0,0,-1.409999967,-0.469999999,-0.670000017,-0.029999999,0.059999999,-0.100000002,-4
23.02,4185,-4089,0,0,-1.779999971,0.879999995,-0.649999976,-0.02,0.090000004,-0.090000004,-4
23.03,4183,-4135,0,0,-0.790000022,-0.689999998,1.470000029,0.059999999,0.039999999,-0.090000004,-4
23.04,4146,-4138,0,0,-2.640000105,-0.419999987,0.839999974,0.01,0.050000001,-0.079999998,-4
23.05,4077,-4117,0,0,-0.579999983,-0.189999998,0.189999998,0,0.029999999,-0.090000004,-4
23.06,4108,-4019,0,0,-2.730000019,-0.469999999,0.879999995,-0.109999999,0.01,-0.090000004,-4
23.07,4115,-4078,0,0,0,0.839999974,0.140000001,-0.109999999,0.01,-0.079999998,-4
23.08,4115,-4080,0,0,-2.619999886,0.01,-1.799999952,-0.140000001,0.059999999,-0.090000004,-4
23.09,4062,-4073,0,0,-0.970000029,1.539999962,-3.579999924,-0.100000002,0.01,-0.079999998,-4
23.1,4099,-4027,0,0,-1.529999971,0.5,-2.00999999,0.059999999,0.02,-0.090000004,-4
23.11,4101,-3990,0,0,-1.669999957,1.779999971,-4.150000095,0.039999999,0.050000001,-0.079999998,-4
23.12,4107,-4099,0,0,-0.850000024,0.610000014,-1.649999976,0.059999999,0.059999999,-0.079999998,-4
23.13,4093,-4050,0,0,-2.130000114,0.479999989,2.25999999,-0.07,0.029999999,-0.079999998,-4
23.14,4062,-4043,0,0,-0.340000004,0.200000003,-0.209999993,-0.02,0.029999999,-0.079999998,-4
23.15,4075,-4022,0,0,-2.210000038,-0.75,-1.139999986,-0.170000002,0.01,-0.090000004,-4
23.16,4108,-3993,0,0,-0.479999989,1.230000019,-0.219999999,-0.150000006,0.01,-0.079999998,-4
23.17,4018,-4029,0,0,-1.840000033,0.639999986,0.939999998,0.02,0.07,-0.07,-4
23.18,4011,-3968,0,0,-1.850000024,0.689999998,0.059999999,0.109999999,-0.02,-0.090000004,-4
23.19,4037,-3969,0,0,-1.720000029,1.419999957,4.340000153,0.230000004,-0.100000002,-0.079999998,-4
23.2,4016,-3949,0,0,-1.309999943,1.679999948,4.429999828,0.200000003,-0.050000001,-0.090000004,-4
23.21,4017,-3903,0,0,-1.75999999,0.649999976,0.889999986,0.079999998,-0.100000002,-0.109999999,-3
23.22,3969,-3951,0,0,-1.460000038,0.75,4.079999924,-0.050000001,-0.159999996,-0.100000002,-3
23.23,3992,-3936,0,0,-0.639999986,0.730000019,0.769999981,-0.050000001,-0.100000002,-0.100000002,-3
23.24,3965,-3873,0,0,-2.880000114,1.230000019,-2.75,-0.039999999,-0.100000002,-0.100000002,-3
23.25,3954,-3844,0,0,-2.880000114,1.230000019,-2.75,0.050000001,-0.109999999,-0.090000004,-3
23.26,3938,-3886,0,0,-3.430000067,0.720000029,-1.559999943,0.109999999,-0.02,-0.100000002,-3
23.27,3938,-3950,0,0,-0.540000022,0.460000008,-2.640000105,0.109999999,-0.050000001,-0.100000002,-3
23.28,3932,-3880,0,0,-1.879999995,0.02,0.819999993,0.02,0.01,-0.100000002,-3
23.29,3931,-3862,0,0,-2.730000019,-0.180000007,-3.25,-0.01,0.02,-0.109999999,-3
23.3,3952,-3905,0,0,0.25,-0.200000003,-0.400000006,-0.059999999,0.02,-0.100000002,-3
23.31,3914,-3909,0,0,-3.269999981,0.949999988,-1.679999948,-0.059999999,0.129999995,-0.07,-1
23.32,3890,-3926,0,0,0,-0.879999995,-1.399999976,0,0.059999999,-0.07,-1
23.33,3914,-3862,0,0,-2.069999933,0.270000011,1.820000052,-0.029999999,0.059999999,-0.039999999,0
23.34,3880,-3862,0,0,-1.269999981,0.49000001,-0.059999999,0.050000001,0.07,-0.01,0
23.35,3818,-3919,0,0,-0.860000014,-0.200000003,0.800000012,0,0.029999999,0,0
23.36,3827,-3882,0,0,-1.460000038,0.259999991,1.450000048,0.01,0.02,0,0
23.37,3795,-3858,0,0,-1.120000005,0.449999988,0.379999995,0.01,-0.01,0.01,0
23.38,3800,-3821,0,0,-1.74000001,-0.330000013,-0.439999998,0.02,-0.02,0.01,0
23.39,3833,-3784,0,0,-1.370000005,0.709999979,-0.330000013,-0.02,-0.02,0.01,0
23.4,3795,-3885,0,0,-1.679999948,-0.509999991,-0.509999991,0,-0.01,0,0
23.41,3803,-3803,0,0,-0.579999983,-0.340000004,-1.610000014,-0.01,-0.029999999,0,0
23.42,3782,-3779,0,0,-1.519999981,-0.029999999,-0.769999981,0,-0.01,0,0
23.43,3769,-3775,0,0,-1.159999967,-0.119999997,-1.110000014,0.059999999,0.01,0,0
23.44,3811,-3771,0,0,-1.470000029,-0.509999991,-1.909999967,0.07,-0.029999999,0,0
23.45,3723,-3806,0,0,-2.099999905,0.540000022,0.649999976,0.059999999,0,0,0
23.46,3704,-3731,0,0,-0.680000007,0.300000012,-1.029999971,0.02,0,-0.01,0
23.47,3737,-3734,0,0,-1.350000024,0.059999999,-0.74000001,0.01,0.01,0,0
23.48,3744,-3763,0,0,-1.909999967,0.25,-0.560000002,-0.02,0.059999999,0,0
23.49,3731,-3739,0,0,-1.100000024,-0.100000002,-0.930000007,0.029999999,0.039999999,-0.01,0
23.5,3687,-3769,0,0,-2.140000105,0.5,0.159999996,0.039999999,0.029999999,0,0
23.51,3694,-3729,0,0,-1.110000014,0.170000002,-0.029999999,0.090000004,0.039999999,-0.01,0
23.52,3711,-3687,0,0,-2.25,0.239999995,-1.330000043,0.079999998,0.039999999,0,0
23.53,3699,-3736,0,0,-0.759999991,0.550000012,2.339999914,0.039999999,0.02,0,0
23.54,3704,-3718,0,0,-1.929999948,-0.660000026,2.529999971,-0.02,0.02,-0.02,0
23.55,3671,-3671,0,0,-0.99000001,-0.660000026,2.150000095,-0.050000001,0,-0.02,0
23.56,3670,-3683,0,0,-1,-0.889999986,3.769999981,-0.090000004,-0.029999999,-0.029999999,0
23.57,3680,-3638,0,0,-3.099999905,-0.620000005,2.049999952,-0.059999999,-0.07,-0.059999999,-1
23.58,3670,-3597,0,0,0.02,-0.360000014,1.679999948,0,-0.119999997,-0.059999999,-1
23.59,3671,-3623,0,0,-2.390000105,0.439999998,-0.289999992,-0.01,-0.039999999,-0.079999998,-1
23.6,3688,-3600,0,0,-1.809999943,0.479999989,-2.519999981,-0.01,-0.079999998,-0.100000002,-1
23.61,3684,-3649,0,0,-1.529999971,0.569999993,1.870000005,-0.02,-0.059999999,-0.109999999,-1
23.62,3671,-3578,0,0,-1.169999957,1.529999971,-3.779999971,-0.059999999,-0.029999999,-0.129999995,-1
23.63,3684,-3532,0,0,-0.970000029,1.480000019,-0.259999991,-0.079999998,-0.01,-0.119999997,-2
23.64,3678,-3571,0,0,-1.299999952,1.25999999,-1.460000038,-0.039999999,0,-0.129999995,-2
23.65,3641,-3587,0,0,-1.149999976,1.74000001,-1.75,0.059999999,0,-0.119999997,-2
23.66,3615,-3549,0,0,-2.700000048,1.450000048,-0.649999976,0.029999999,0.02,-0.129999995,-2
23.67,3607,-3520,0,0,-0.439999998,1.309999943,0.209999993,0.050000001,0,-0.140000001,-3
23.68,3648,-3468,0,0,-2.5,1.899999976,0.310000002,0,0.02,-0.129999995,-3
23.69,3596,-3535,0,0,-0.720000029,1.179999948,-0.689999998,0.02,0.029999999,-0.150000006,-4
23.7,3581,-3494,0,0,-1.700000048,0.99000001,-1.129999995,-0.02,0.029999999,-0.150000006,-4
23.71,3621,-3505,0,0,-2.410000086,1.460000038,0.509999991,0.01,0.02,-0.159999996,-4
23.72,3564,-3498,0,0,-1.210000038,0.200000003,0.519999981,0,0.029999999,-0.170000002,-4
23.73,3636,-3415,0,0,-1.210000038,0.200000003,0.519999981,0,0.029999999,-0.170000002,-5
23.74,3613,-3422,0,0,-1.440000057,0.540000022,-0.170000002,0.02,0.059999999,-0.189999998,-6
23.75,3561,-3496,0,0,-0.939999998,1.080000043,-0.660000026,-0.01,0.039999999,-0.200000003,-6
23.76,3609,-3449,0,0,-2.630000114,1.559999943,1.919999957,0,0.01,-0.200000003,-6
23.77,3574,-3423,0,0,0.300000012,1.389999986,1.299999952,0.01,0,-0.209999993,-6
23.78,3578,-3413,0,0,-3.25,1.820000052,0.189999998,-0.02,-0.01,-0.219999999,-6
23.79,3578,-3418,0,0,0.980000019,2.069999933,0.959999979,-0.01,-0.050000001,-0.219999999,-7
23.8,3530,-3398,0,0,-3.25999999,1.24000001,0.790000022,-0.02,0,-0.230000004,-8
23.81,3515,-3433,0,0,-0.170000002,1.149999976,-1.590000033,-0.02,-0.07,-0.25,-8
23.82,3632,-3386,0,0,-2.579999924,2.049999952,0.409999996,-0.029999999,-0.029999999,-0.239999995,-8
23.83,3569,-3328,0,0,-1.50999999,2.470000029,-3.880000114,0.090000004,0.02,-0.25,-9
23.84,3547,-3387,0,0,-1.580000043,1.389999986,0.360000014,0.059999999,-0.02,-0.259999991,-9
23.85,3564,-3346,0,0,-2.190000057,1.769999981,-1.269999981,0.079999998,0.07,-0.270000011,-9
23.86,3521,-3350,0,0,-2.190000057,1.769999981,-1.269999981,0.079999998,0.07,-0.270000011,-10
23.87,3543,-3361,0,0,-1.470000029,1.379999995,2.299999952,-0.02,0.050000001,-0.280000001,-10
23.88,3513,-3320,0,0,-2.140000105,1.720000029,-0.540000022,-0.059999999,0.029999999,-0.280000001,-10
23.89,3498,-3261,0,0,-0.469999999,0.449999988,1.549999952,-0.01,0,-0.289999992,-10
23.9,3514,-3321,0,0,-2.029999971,1.230000019,-0.170000002,-0.039999999,0.029999999,-0.289999992,-10
23.91,3457,-3276,0,0,-1.820000052,1.659999967,-0.779999971,-0.01,0,-0.289999992,-11
23.92,3462,-3227,0,0,0.029999999,1.340000033,3.150000095,0.01,0.01,-0.300000012,-12
23.93,3522,-3286,0,0,-2.359999895,3.079999924,-1.279999971,0,0.039999999,-0.289999992,-12
23.94,3448,-3244,0,0,-1.639999986,1.419999957,0.349999994,0.039999999,0.01,-0.310000002,-12
23.95,3409,-3223,0,0,-0.150000006,2.49000001,0.479999989,-0.029999999,-0.01,-0.310000002,-12
23.96,3506,-3256,0,0,-3.289999962,2.400000095,-0.270000011,0.050000001,0.01,-0.310000002,-12
23.97,3442,-3223,0,0,0.660000026,2.170000076,-2.049999952,0.01,-0.01,-0.310000002,-13
23.98,3464,-3213,0,0,-2.369999886,1.590000033,0.090000004,0.039999999,0,-0.319999993,-13
23.99,3501,-3227,0,0,-0.699999988,2.710000038,-2.119999886,0.039999999,0,-0.319999993,-13
24,3424,-3179,0,0,-2.269999981,1.080000043,1.860000014,0.029999999,-0.01,-0.330000013,-13
24.01,3413,-3225,0,0,0.07,2.190000057,2.099999905,-0.039999999,-0.01,-0.330000013,-13
24.02,3448,-3227,0,0,-2.559999943,1.929999948,1.909999967,0.01,-0.01,-0.319999993,-13
24.03,3369,-3182,0,0,-0.310000002,0.939999998,-0.289999992,0.01,-0.029999999,-0.340000004,-13
24.04,3457,-3160,0,0,-2.24000001,1.899999976,-0.810000002,0,-0.059999999,-0.340000004,-14
24.05,3424,-3167,0,0,-1.220000029,1.879999995,0.109999999,0.050000001,-0.02,-0.340000004,-14
24.06,3365,-3153,0,0,-1.529999971,1.679999948,-1.99000001,-0.01,0.02,-0.340000004,-14
24.07,3447,-3127,0,0,-1.00999999,2.279999971,-1.649999976,0,0,-0.340000004,-14
24.08,3416,-3198,0,0,-1.870000005,1.129999995,0.319999993,-0.01,0.029999999,-0.340000004,-14
24.09,3374,-3174,0,0,-0.189999998,2.25,-3.109999895,-0.02,0.039999999,-0.340000004,-14
24.1,3389,-3111,0,0,-1.539999962,1.960000038,1.049999952,-0.01,0.059999999,-0.340000004,-14
24.11,3334,-3092,0,0,-2.25999999,1.850000024,0.670000017,0.039999999,0.039999999,-0.349999994,-14
24.12,3324,-3117,0,0,0.579999983,2.25999999,3,0.039999999,-0.039999999,-0.330000013,-15
24.13,3346,-3101,0,0,-2.450000048,1.879999995,0.219999999,0.039999999,0.050000001,-0.340000004,-15
24.14,3314,-3095,0,0,-0.829999983,2.309999943,-0.039999999,0,-0.039999999,-0.340000004,-15
24.15,3335,-3066,0,0,-0.939999998,1.5,3.420000076,0,-0.01,-0.340000004,-15
24.16,3328,-3026,0,0,-1.970000029,1.129999995,-1.690000057,-0.050000001,0,-0.360000014,-15
24.17,3293,-3013,0,0,-0.389999986,1.590000033,0.670000017,-0.07,-0.079999998,-0.360000014,-15
24.18,3310,-3097,0,0,-1.730000019,1.549999952,1.25,-0.029999999,0.029999999,-0.360000014,-15
24.19,3302,-3054,0,0,-1.269999981,1.649999976,-3.619999886,0,-0.01,-0.360000014,-15
24.2,3355,-3045,0,0,-0.379999995,2.569999933,0.649999976,0.02,-0.02,-0.349999994,-15
24.21,3299,-3066,0,0,-1.379999995,1.659999967,-1.75999999,0.100000002,0.050000001,-0.360000014,-15
24.22,3290,-3029,0,0,-0.879999995,2.089999914,-0.889999986,0,0,-0.349999994,-15
24.23,3299,-2991,0,0,-0.889999986,1.929999948,0.879999995,0.01,0.01,-0.349999994,-15
24.24,3275,-3051,0,0,-1,1.440000057,-1.149999976,-0.02,0.02,-0.340000004,-15
24.25,3309,-3065,0,0,-0.730000019,2.029999971,-0.5,-0.02,-0.02,-0.340000004,-15
24.26,3269,-3017,0,0,-1.610000014,2.119999886,1.840000033,0.01,0.039999999,-0.330000013,-15
24.27,3203,-3024,0,0,-0.649999976,1.700000048,-0.360000014,0.050000001,-0.029999999,-0.330000013,-15
24.28,3247,-3025,0,0,-0.779999971,1.169999957,2.230000019,0.02,-0.029999999,-0.330000013,-15
24.29,3290,-3003,0,0,-1.590000033,1.720000029,-1.330000043,0.02,0,-0.330000013,-15
24.3,3209,-2975,0,0,-0.910000026,1.059999943,0.860000014,-0.02,-0.059999999,-0.330000013,-15
24.31,3279,-2984,0,0,-1.49000001,1.610000014,0.389999986,0,-0.039999999,-0.330000013,-15
24.32,3268,-2998,0,0,-0.509999991,1.330000043,-1.960000038,0.059999999,-0.02,-0.330000013,-15
24.33,3179,-2957,0,0,-1.25999999,1.610000014,-1.419999957,0,-0.02,-0.330000013,-15
24.34,3180,-2999,0,0,0.059999999,1.549999952,0.680000007,0.02,-0.029999999,-0.330000013,-15
24.35,3281,-3003,0,0,-1.960000038,1.710000038,-1.320000052,0,0.01,-0.319999993,-15
24.36,3188,-2941,0,0,-0.219999999,1.669999957,-0.959999979,0.02,0.01,-0.319999993,-15
24.37,3119,-2971,0,0,-0.910000026,1.580000043,1.49000001,0.029999999,0,-0.300000012,-14
24.38,3196,-3034,0,0,-0.649999976,1.080000043,-0.219999999,0.079999998,0.02,-0.300000012,-14
24.39,3144,-2979,0,0,-1.200000048,1.179999948,-0.280000001,0,0.02,-0.280000001,-14
24.4,3120,-2933,0,0,-0.02,0.660000026,1.429999948,0.02,0.02,-0.280000001,-14
24.41,3150,-2979,0,0,-1.860000014,0.649999976,-0.870000005,-0.039999999,0,-0.270000011,-14
24.42,3149,-2938,0,0,-0.649999976,0.670000017,1.019999981,-0.01,-0.02,-0.259999991,-13
24.43,3088,-2923,0,0,0.039999999,0.930000007,1.330000043,-0.01,0.02,-0.239999995,-13
24.44,3140,-3002,0,0,-1.960000038,0.360000014,0.560000002,0,0.01,-0.239999995,-13
24.45,3119,-2953,0,0,-0.050000001,0.920000017,0.439999998,0,-0.02,-0.219999999,-13
24.46,3095,-2911,0,0,-0.569999993,1.629999995,-0.949999988,0.029999999,0.02,-0.209999993,-13
24.47,3113,-2949,0,0,-1.419999957,0.720000029,-0.680000007,0.029999999,-0.01,-0.209999993,-12
24.48,3122,-2944,0,0,-0.289999992,1.370000005,0.99000001,0.02,-0.02,-0.200000003,-12
24.49,3056,-2927,0,0,-0.689999998,1.049999952,-1.529999971,0.02,0.02,-0.200000003,-11
24.5,3089,-2962,0,0,-0.720000029,1.389999986,-1.179999948,-0.029999999,0,-0.189999998,-11
24.51,3074,-2960,0,0,-1.029999971,0.970000029,0.479999989,0.059999999,0.01,-0.180000007,-11
24.52,3011,-2936,0,0,-0.400000006,1.100000024,-0.150000006,0.039999999,0.02,-0.170000002,-11
24.53,3079,-2906,0,0,-0.870000005,0.579999983,-0.469999999,0.02,0.01,-0.170000002,-10
24.54,3092,-2945,0,0,-1.279999971,-0.059999999,1,-0.01,0,-0.170000002,-10
24.55,3012,-2952,0,0,-0.319999993,0.600000024,-0.689999998,-0.029999999,-0.01,-0.170000002,-9
24.56,3034,-2931,0,0,-1.320000052,0.259999991,0.239999995,-0.029999999,-0.01,-0.170000002,-9
24.57,3069,-2909,0,0,0.389999986,0.709999979,-0.460000008,0,-0.01,-0.150000006,-9
24.58,3006,-2943,0,0,-2.710000038,0.209999993,-0.07,0,0.01,-0.159999996,-9
24.59,2974,-2907,0,0,0.879999995,0.839999974,-0.389999986,-0.01,-0.039999999,-0.159999996,-8
24.6,3074,-2847,0,0,-2.480000019,1.429999948,0.349999994,0.039999999,-0.01,-0.150000006,-8
24.61,3013,-2935,0,0,0,0.579999983,-0.689999998,0.050000001,-0.029999999,-0.140000001,-8
24.62,2921,-2941,0,0,-0.939999998,1.169999957,1.200000048,0,0,-0.140000001,-8
24.63,2952,-2869,0,0,-0.680000007,1.409999967,-0.769999981,0.01,0,-0.129999995,-8
24.64,3012,-2881,0,0,-0.109999999,1.179999948,-0.829999983,0.039999999,0.02,-0.119999997,-7
24.65,2934,-2935,0,0,-2.99000001,-0.090000004,-2.109999895,0.059999999,0.050000001,-0.129999995,-7
24.66,2941,-2873,0,0,0.670000017,-0.159999996,0.769999981,0,-0.02,-0.129999995,-7
24.67,2976,-2874,0,0,-1.799999952,0.560000002,1.50999999,0,0.039999999,-0.109999999,-7
24.68,2920,-2913,0,0,-0.389999986,-0.280000001,-0.670000017,0,0.07,-0.119999997,-7
24.69,2918,-2874,0,0,-0.910000026,-0.340000004,2.24000001,-0.090000004,-0.02,-0.119999997,-6
24.7,2942,-2806,0,0,-1.24000001,0.829999983,2,0,0.039999999,-0.109999999,-6
24.71,2946,-2842,0,0,-0.340000004,-0.100000002,-1.029999971,0,-0.01,-0.100000002,-6
24.72,2938,-2889,0,0,-1.639999986,-0.059999999,2.49000001,-0.02,-0.02,-0.100000002,-6
24.73,2913,-2818,0,0,-0.370000005,0.819999993,-0.430000007,0,-0.01,-0.100000002,-6
24.74,2918,-2845,0,0,-1.080000043,0.99000001,-0.819999993,0,-0.050000001,-0.090000004,-5
24.75,2867,-2883,0,0,-0.5,0.219999999,0.25,0.029999999,0,-0.079999998,-5
24.76,2904,-2830,0,0,-1.149999976,0.930000007,-1.99000001,0.01,0,-0.079999998,-5
24.77,2923,-2792,0,0,-1.080000043,1.019999981,0.769999981,0,-0.01,-0.07,-5
24.78,2854,-2841,0,0,-0.200000003,0.649999976,0,0.02,0.02,-0.07,-5
24.79,2868,-2846,0,0,-1.899999976,0.209999993,-1.440000057,0.02,-0.02,-0.079999998,-5
24.8,2908,-2810,0,0,0.059999999,0.469999999,0.49000001,0.01,0,-0.07,-5
24.81,2842,-2841,0,0,-1.590000033,0.25,-0.07,0,0,-0.079999998,-5
24.82,2865,-2830,0,0,-0.509999991,-0.150000006,-0.709999979,-0.02,-0.01,-0.079999998,-5
24.83,2876,-2815,0,0,-1.5,0.239999995,0.850000024,-0.029999999,-0.01,-0.090000004,-5
24.84,2884,-2765,0,0,0.180000007,0.349999994,0.01,0,-0.01,-0.079999998,-5
24.85,2842,-2786,0,0,-2,-0.180000007,0.560000002,0,-0.01,-0.090000004,-5
24.86,2843,-2836,0,0,0.100000002,0.370000005,0.259999991,0,-0.02,-0.090000004,-5
24.87,2830,-2784,0,0,-1.710000038,0.649999976,-0.200000003,0.02,0.01,-0.090000004,-5
24.88,2844,-2738,0,0,0.319999993,1.139999986,-1.200000048,0,-0.029999999,-0.090000004,-5
24.89,2789,-2807,0,0,-2.099999905,0.680000007,0.769999981,0.01,0,-0.090000004,-5
24.9,2826,-2787,0,0,0.219999999,1.279999971,-1.279999971,0.01,0,-0.090000004,-5
24.91,2846,-2734,0,0,-1.840000033,0.270000011,0.839999974,0,0,-0.090000004,-5
24.92,2781,-2724,0,0,-0.469999999,1.230000019,-0.949999988,0.01,0,-0.079999998,-5
24.93,2759,-2809,0,0,-0.829999983,0,0.810000002,0.029999999,0.02,-0.079999998,-5
24.94,2816,-2756,0,0,-1.00999999,0.649999976,-0.75,-0.02,0.029999999,-0.090000004,-5
24.95,2773,-2711,0,0,-0.769999981,0.090000004,0.800000012,0.029999999,0,-0.090000004,-5
24.96,2763,-2744,0,0,-1.639999986,0.159999996,1.00999999,-0.01,0,-0.090000004,-5
24.97,2793,-2718,0,0,0.529999971,0.25,-0.150000006,0.01,-0.02,-0.090000004,-5
24.98,2783,-2657,0,0,-2.319999933,0.079999998,0.469999999,-0.01,0.02,-0.090000004,-5
24.99,2770,-2700,0,0,0,0.150000006,-0.349999994,0,-0.01,-0.090000004,-5
25,2763,-2752,0,0,-1.919999957,-0.090000004,1.00999999,-0.02,-0.02,-0.090000004,-5
25.01,2778,-2685,0,0,-0.310000002,0.330000013,-0.970000029,0.029999999,-0.02,-0.100000002,-5
25.02,2773,-2671,0,0,-1.419999957,0.330000013,-0.910000026,-0.029999999,-0.029999999,-0.090000004,-5
25.03,2733,-2701,0,0,-0.119999997,0.379999995,-0.720000029,0.039999999,-0.01,-0.090000004,-5
25.04,2793,-2686,0,0,-1.720000029,0.74000001,-1.230000019,-0.029999999,-0.01,-0.090000004,-5
25.05,2776,-2648,0,0,-0.07,0.600000024,-0.050000001,0.039999999,0,-0.090000004,-5
25.06,2701,-2673,0,0,-1.039999962,0.939999998,-0.699999988,0.01,0.029999999,-0.090000004,-5
25.07,2708,-2703,0,0,-0.949999988,1.110000014,-1.149999976,0.039999999,0,-0.090000004,-5
25.08,2767,-2694,0,0,-1.149999976,0.02,2.359999895,0.029999999,0,-0.100000002,-5
25.09,2736,-2647,0,0,-0.639999986,0.74000001,-1.350000024,0.01,0,-0.100000002,-5
25.1,2742,-2651,0,0,-1.220000029,-0.129999995,1.330000043,-0.029999999,0,-0.109999999,-5
25.11,2748,-2662,0,0,-0.239999995,0.180000007,0.730000019,-0.050000001,0,-0.109999999,-6
25.12,2733,-2623,0,0,-1.210000038,0.159999996,-0.170000002,0.01,0,-0.119999997,-6
25.13,2724,-2643,0,0,-1.080000043,0.360000014,-0.730000019,0,-0.059999999,-0.129999995,-6
25.14,2713,-2636,0,0,0.180000007,0.910000026,1.289999962,0.050000001,-0.02,-0.129999995,-6
25.15,2705,-2659,0,0,-2.069999933,0.670000017,-0.949999988,0.02,0,-0.140000001,-6
25.16,2724,-2632,0,0,0.059999999,0.790000022,0.589999974,0,-0.039999999,-0.140000001,-6
25.17,2729,-2574,0,0,-2.24000001,1.080000043,-0.07,0,0,-0.140000001,-6
25.18,2671,-2598,0,0,0.689999998,1.200000048,-1.730000019,0,-0.01,-0.129999995,-6
25.19,2694,-2673,0,0,-1.929999948,1.220000029,0.49000001,-0.01,0.050000001,-0.140000001,-6
25.2,2698,-2597,0,0,-0.170000002,1.289999962,-1.639999986,0.01,0.050000001,-0.140000001,-6
25.21,2673,-2566,0,0,-1.070000052,1.360000014,0.959999979,0.029999999,0.02,-0.129999995,-6
25.22,2664,-2610,0,0,-0.540000022,0.140000001,0.330000013,0.059999999,0.039999999,-0.140000001,-6
25.23,2725,-2607,0,0,-1.299999952,0.680000007,0.939999998,0.01,0.029999999,-0.140000001,-6
25.24,2655,-2569,0,0,-0.689999998,0.180000007,0.360000014,0,0.01,-0.140000001,-6
25.25,2626,-2534,0,0,0,0.319999993,1.120000005,-0.01,0.02,-0.140000001,-6
25.26,2667,-2568,0,0,-1.75999999,-0.01,-0.140000001,-0.02,0,-0.159999996,-6
25.27,2653,-2587,0,0,-1.039999962,0.400000006,0.850000024,-0.029999999,-0.01,-0.150000006,-6
25.28,2662,-2519,0,0,-0.090000004,-0.230000004,0.75,0,0,-0.159999996,-6
25.29,2651,-2478,0,0,-2.369999886,0.810000002,-1.799999952,-0.050000001,-0.01,-0.150000006,-6
25.3,2649,-2578,0,0,1.200000048,0.230000004,1.279999971,0.039999999,-0.02,-0.150000006,-6
25.31,2706,-2535,0,0,-2.730000019,0.879999995,-1.299999952,-0.039999999,0.02,-0.159999996,-6
25.32,2640,-2481,0,0,1.269999981,0.74000001,-1.529999971,0.050000001,-0.02,-0.159999996,-6
25.33,2570,-2539,0,0,-2.25,0.469999999,0.209999993,-0.059999999,0,-0.159999996,-6
25.34,2674,-2558,0,0,0.100000002,1.519999981,-2.210000038,0.029999999,0,-0.150000006,-6
25.35,2664,-2520,0,0,-1.950000048,0.769999981,0.280000001,0.029999999,0,-0.150000006,-6
25.36,2582,-2502,0,0,0.519999981,1.370000005,-0.850000024,0.059999999,0.01,-0.140000001,-6
25.37,2584,-2513,0,0,-1.779999971,0.699999988,0.620000005,0.059999999,0.050000001,-0.140000001,-6
25.38,2664,-2534,0,0,0.189999998,0.629999995,-0.389999986,0.02,0.01,-0.140000001,-6
25.39,2602,-2507,0,0,-1.169999957,0.029999999,0.540000022,0.029999999,0.059999999,-0.140000001,-6
25.4,2552,-2486,0,0,-0.74000001,0.370000005,-1.059999943,-0.029999999,0.01,-0.140000001,-6
25.41,2615,-2534,0,0,-0.769999981,-0.370000005,2.410000086,0.02,0,-0.129999995,-6
25.42,2618,-2517,0,0,-1.549999952,0.01,-0.259999991,0,0.01,-0.129999995,-6
25.43,2552,-2514,0,0,-0.289999992,0.449999988,0.600000024,0,-0.039999999,-0.119999997,-6
25.44,2576,-2507,0,0,-0.560000002,0.07,1.679999948,0.02,0.02,-0.119999997,-6
25.45,2579,-2463,0,0,-1.049999952,0.479999989,-1.529999971,0,0,-0.109999999,-6
25.46,2546,-2493,0,0,-0.810000002,-0.01,0.779999971,0.01,-0.02,-0.109999999,-6
25.47,2526,-2506,0,0,-0.569999993,0.709999979,0.779999971,0,0,-0.100000002,-6
25.48,2519,-2454,0,0,-1.149999976,0.340000004,-1.470000029,0.02,0,-0.100000002,-6
25.49,2523,-2456,0,0,0.150000006,0.430000007,0.620000005,-0.050000001,0,-0.100000002,-6
25.5,2550,-2525,0,0,-2.079999924,1.149999976,-1.980000019,-0.02,0.039999999,-0.100000002,-6
25.51,2536,-2493,0,0,0.589999974,0.310000002,-1.289999962,0.039999999,0,-0.090000004,-6
25.52,2485,-2441,0,0,-2.309999943,0.620000005,0.039999999,0.050000001,0.079999998,-0.090000004,-5
25.53,2498,-2425,0,0,0.730000019,0.029999999,-1.080000043,0.059999999,0.029999999,-0.090000004,-5
25.54,2517,-2489,0,0,-2.059999943,0.180000007,3.569999933,0,0,-0.079999998,-5
25.55,2468,-2468,0,0,-0.219999999,0.079999998,-0.790000022,0.029999999,0.039999999,-0.090000004,-5
25.56,2472,-2441,0,0,-1.139999986,-0.720000029,1.850000024,-0.050000001,-0.029999999,-0.090000004,-5
25.57,2480,-2425,0,0,-1.00999999,0.319999993,1.519999981,-0.01,-0.01,-0.079999998,-5
25.58,2491,-2448,0,0,-1.00999999,-0.639999986,-0.090000004,0.01,-0.02,-0.079999998,-5
25.59,2481,-2429,0,0,-0.920000017,0.150000006,0.469999999,-0.039999999,-0.039999999,-0.07,-5
25.6,2468,-2370,0,0,-0.379999995,-0.439999998,0.289999992,0.01,-0.01,-0.079999998,-5
25.61,2472,-2389,0,0,-1.129999995,0.280000001,-0.99000001,-0.029999999,-0.02,-0.07,-4
25.62,2465,-2455,0,0,-0.479999989,0.270000011,0.090000004,0.01,0,-0.07,-4
25.63,2467,-2424,0,0,-1.289999962,0.259999991,-0.75,-0.029999999,0,-0.07,-4
25.64,2442,-2396,0,0,0.100000002,0.800000012,-0.389999986,-0.01,0,-0.059999999,-4
25.65,2482,-2422,0,0,-1.120000005,0.300000012,-1.159999967,0.02,0.029999999,-0.059999999,-3
25.66,2478,-2424,0,0,-1.330000043,0.920000017,-0.800000012,0.01,0,-0.059999999,-3
25.67,2413,-2388,0,0,0.039999999,0.509999991,1.129999995,0.029999999,0.01,-0.050000001,-3
25.68,2386,-2351,0,0,-1.120000005,0.07,-0.259999991,0.02,0.02,-0.050000001,-3
25.69,2423,-2376,0,0,-1.059999943,0.49000001,-1.440000057,0,0,-0.039999999,-3
25.7,2440,-2415,0,0,-0.49000001,0.310000002,1.25999999,0.029999999,-0.01,-0.039999999,-3
25.71,2396,-2414,0,0,-1.25,-0.519999981,-0.49000001,-0.01,0.01,-0.050000001,-2
25.72,2380,-2364,0,0,-0.519999981,-0.239999995,-1.539999962,0,-0.029999999,-0.050000001,-2
25.73,2429,-2378,0,0,-0.870000005,-0.509999991,0.949999988,-0.039999999,-0.01,-0.039999999,-2
25.74,2427,-2408,0,0,-1.379999995,0.389999986,-0.219999999,0,0,-0.029999999,-2
25.75,2390,-2376,0,0,-0.079999998,0,-0.079999998,0.029999999,-0.02,-0.029999999,-2
25.76,2344,-2366,0,0,-1.309999943,0.059999999,1.340000033,0.02,0,-0.029999999,-2
25.77,2381,-2375,0,0,-0.310000002,0.219999999,0.400000006,0.01,0,-0.029999999,-1
25.78,2388,-2362,0,0,-0.889999986,0.5,0.74000001,-0.01,0,-0.029999999,-1
25.79,2327,-2383,0,0,-0.759999991,-0.319999993,0.75,-0.02,0,-0.029999999,-1
25.8,2350,-2380,0,0,-0.870000005,0.230000004,-0.239999995,-0.02,-0.039999999,-0.029999999,-1
25.81,2378,-2319,0,0,-1,0.519999981,0.920000017,0.01,-0.029999999,-0.02,-1
25.82,2325,-2304,0,0,-0.49000001,0.01,-0.519999981,-0.01,0.01,-0.02,-1
25.83,2324,-2379,0,0,-1.25,0.109999999,-1.269999981,0.039999999,0,-0.029999999,-1
25.84,2325,-2347,0,0,-1.289999962,0.189999998,0.319999993,0.01,0,-0.02,-1
25.85,2301,-2301,0,0,-0.340000004,0.349999994,-0.519999981,0.050000001,0.01,-0.02,0
25.86,2328,-2320,0,0,-1.340000033,-0.189999998,-0.579999983,0.01,0.01,-0.02,0
25.87,2302,-2352,0,0,-1.00999999,-0.25,0.230000004,-0.029999999,0,-0.01,0
25.88,2307,-2342,0,0,-0.779999971,-0.129999995,-1.159999967,0,0.01,-0.01,0
25.89,2304,-2322,0,0,-0.769999981,-0.330000013,-1.190000057,-0.01,0,-0.01,0
25.9,2278,-2285,0,0,-1.110000014,-0.620000005,0.370000005,0,0.01,0,0
25.91,2303,-2277,0,0,-0.790000022,0.150000006,0.310000002,0,0,0,0
25.92,2258,-2315,0,0,-0.939999998,-0.330000013,0.889999986,0,0,0,0
25.93,2286,-2261,0,0,-0.959999979,-0.289999992,-0.079999998,-0.029999999,0,0,0
25.94,2286,-2240,0,0,-1.289999962,-0.379999995,0.870000005,-0.039999999,-0.029999999,0,0
25.95,2265,-2297,0,0,-0.660000026,-0.310000002,0.270000011,-0.029999999,-0.02,-0.01,0
25.96,2286,-2284,0,0,-0.689999998,0.159999996,0.230000004,-0.029999999,-0.01,0,0
25.97,2253,-2260,0,0,-1.340000033,-0.119999997,0.02,-0.02,-0.01,0,0
25.98,2218,-2229,0,0,0.200000003,0.259999991,0.150000006,-0.01,-0.029999999,0,0
25.99,2274,-2249,0,0,-1.539999962,0.769999981,-0.579999983,0,-0.01,0,0
26,2266,-2259,0,0,-1.090000033,0.620000005,-0.5,0.02,0,0,0
26.01,2209,-2252,0,0,-0.25,0.230000004,-0.180000007,0.029999999,0,0,0
26.02,2193,-2241,0,0,-2.279999971,0.050000001,0.209999993,0,0,0,0
26.03,2246,-2218,0,0,0.159999996,0.629999995,-0.239999995,0.01,0,0,0
26.04,2255,-2231,0,0,-1.950000048,-0.230000004,-0.050000001,0,0.02,0,0
26.05,2201,-2254,0,0,-0.129999995,-0.140000001,-1.370000005,-0.02,0,0,0
26.06,2163,-2193,0,0,-1.129999995,-0.349999994,0.400000006,0,0.01,0,0
26.07,2247,-2175,0,0,-0.74000001,-0.029999999,-1.75,0,0.01,0,0
26.08,2212,-2224,0,0,-2.109999895,-0.150000006,0.039999999,0.02,0,0,0
26.09,2193,-2224,0,0,0.509999991,-0.029999999,0.289999992,0.02,0,0,0
26.1,2175,-2211,0,0,-2.380000114,-0.209999993,-0.259999991,0,0,-0.01,0
26.11,2176,-2201,0,0,0.5,0,-0.180000007,-0.039999999,-0.01,-0.01,0
26.12,2201,-2186,0,0,-1.74000001,0.579999983,0.259999991,-0.050000001,0.01,0,0
26.13,2166,-2177,0,0,-0.119999997,0.029999999,0.310000002,0,-0.01,0,0
26.14,2154,-2181,0,0,-1.769999981,-0.159999996,0.970000029,-0.01,0,-0.01,0
26.15,2164,-2165,0,0,-0.300000012,0.540000022,-0.819999993,0,-0.01,-0.01,0
26.16,2130,-2115,0,0,-1.879999995,0.340000004,1.080000043,0,-0.02,-0.01,0
26.17,2133,-2121,0,0,-0.25,0.280000001,1.460000038,0.01,-0.01,-0.02,0
26.18,2151,-2190,0,0,-1.460000038,0.460000008,0.579999983,0,-0.01,-0.02,0
26.19,2114,-2156,0,0,-0.629999995,0.360000014,0.280000001,0.02,0,-0.02,0
26.2,2140,-2109,0,0,-0.680000007,0.469999999,-0.529999971,0,-0.01,-0.029999999,0
26.21,2151,-2103,0,0,-1.50999999,0.280000001,-0.930000007,0.02,0,-0.039999999,-1
26.22,2140,-2122,0,0,-0.469999999,-0.059999999,-0.74000001,0.02,0.01,-0.039999999,-1
26.23,2143,-2113,0,0,-1.450000048,0.629999995,-0.709999979,0.02,0.01,-0.039999999,-1
26.24,2112,-2093,0,0,0,-0.270000011,-0.670000017,0,0.029999999,-0.059999999,-2
26.25,2061,-2081,0,0,0,-0.270000011,-0.670000017,-0.039999999,0.01,-0.059999999,-2
26.26,2151,-2090,0,0,-0.509999991,0.259999991,0.5,-0.02,0,-0.07,-2
26.27,2105,-2081,0,0,-0.509999991,0.259999991,0.5,-0.029999999,-0.01,-0.07,-3
26.28,2136,-2041,0,0,0.209999993,0.75,-0.01,0.01,-0.029999999,-0.079999998,-5
26.29,2126,-2047,0,0,0.209999993,0.75,-0.01,0.01,-0.039999999,-0.079999998,-5
26.3,2109,-2015,0,0,-0.439999998,0.899999976,-0.050000001,0.029999999,-0.059999999,-0.100000002,-5
26.31,2137,-2022,0,0,-0.839999974,0.519999981,0.660000026,-0.02,-0.039999999,-0.109999999,-6
26.32,2163,-2043,0,0,-0.839999974,0.519999981,0.660000026,-0.039999999,-0.029999999,-0.119999997,-6
26.33,2145,-2013,0,0,-1.710000038,0.709999979,0.74000001,-0.029999999,-0.02,-0.129999995,-8
26.34,2098,-2006,0,0,-0.050000001,0.660000026,-0.899999976,-0.01,-0.02,-0.140000001,-8
26.35,2120,-2009,0,0,-1.950000048,0.959999979,0.579999983,0.01,-0.02,-0.150000006,-9
26.36,2139,-2008,0,0,-1.950000048,0.959999979,0.579999983,0.029999999,0,-0.159999996,-9
26.37,2150,-1996,0,0,0.119999997,1.330000043,-0.340000004,0.050000001,0,-0.170000002,-11
26.38,2100,-1997,0,0,-0.600000024,1.120000005,-0.449999988,0.01,0,-0.180000007,-11
26.39,2095,-1989,0,0,-1.299999952,0.889999986,0.439999998,0.02,0.01,-0.180000007,-12
26.4,2111,-1946,0,0,-1.149999976,0.460000008,0.409999996,-0.02,0.01,-0.189999998,-12
26.41,2115,-1929,0,0,-0.119999997,1,0.460000008,-0.02,0,-0.200000003,-14
26.42,2109,-1961,0,0,-1.059999943,0.620000005,-0.680000007,-0.039999999,0.02,-0.200000003,-14
26.43,2108,-1972,0,0,-0.519999981,0.889999986,-0.400000006,-0.01,0,-0.209999993,-16
26.44,2089,-1956,0,0,-1.450000048,0.74000001,-0.039999999,0,0.02,-0.209999993,-16
26.45,2112,-1922,0,0,-0.709999979,0.970000029,-0.639999986,0.059999999,-0.01,-0.219999999,-18
26.46,2136,-1928,0,0,-0.709999979,0.970000029,-0.639999986,0.02,0,-0.230000004,-18
26.47,2118,-1952,0,0,-0.569999993,1.649999976,-0.400000006,0,0,-0.25,-20
26.48,2086,-1921,0,0,-1.070000052,1.190000057,0.109999999,-0.02,0,-0.259999991,-22
26.49,2116,-1894,0,0,-1.230000019,1.059999943,0,-0.039999999,-0.01,-0.280000001,-22
26.5,2108,-1898,0,0,-1.070000052,1.370000005,0.090000004,-0.01,-0.029999999,-0.289999992,-22
26.51,2119,-1875,0,0,-0.629999995,1.460000038,-0.75,0,-0.02,-0.300000012,-25
26.52,2099,-1879,0,0,-0.939999998,1.460000038,-0.670000017,0.01,-0.01,-0.319999993,-25
26.53,2070,-1883,0,0,-1.429999948,1.649999976,-0.579999983,0.039999999,0,-0.319999993,-27
26.54,2131,-1896,0,0,-1.429999948,1.649999976,-0.579999983,0.029999999,0,-0.340000004,-27
26.55,2116,-1853,0,0,-1.070000052,1.789999962,0.200000003,0.02,-0.02,-0.349999994,-29
26.56,2081,-1836,0,0,-1.070000052,1.789999962,0.200000003,0,0,-0.360000014,-29
26.57,2095,-1862,0,0,-0.050000001,1.830000043,0.230000004,-0.039999999,-0.02,-0.370000005,-31
26.58,2128,-1880,0,0,-2.579999924,1.350000024,0.140000001,0,0.02,-0.379999995,-31
26.59,2072,-1841,0,0,0.360000014,2.200000048,-1.360000014,0,-0.01,-0.389999986,-33
26.6,2106,-1794,0,0,-1.049999952,1.75999999,1.830000043,0.02,0,-0.400000006,-35
26.61,2074,-1772,0,0,-1.460000038,2.109999895,-1.549999952,0.050000001,0.029999999,-0.400000006,-35
26.62,2066,-1773,0,0,-0.959999979,1.470000029,0.280000001,0.050000001,-0.01,-0.419999987,-35
26.63,2092,-1825,0,0,-1.059999943,1.980000019,1.409999967,0.01,0,-0.430000007,-38
26.64,2108,-1832,0,0,-1.059999943,1.980000019,1.409999967,0.039999999,0,-0.439999998,-38
26.65,2099,-1785,0,0,-1.039999962,1.840000033,0.469999999,-0.050000001,-0.01,-0.449999988,-40
26.66,2101,-1761,0,0,-1.039999962,1.840000033,0.469999999,0.01,0,-0.460000008,-40
26.67,2076,-1752,0,0,-1.25999999,1.820000052,-0.649999976,0,-0.01,-0.469999999,-43
26.68,2111,-1728,0,0,-1.24000001,1.889999986,0.090000004,0.01,-0.02,-0.479999989,-46
26.69,2121,-1714,0,0,-1.690000057,1.279999971,-0.059999999,0.02,0,-0.5,-46
26.7,2089,-1741,0,0,-1.00999999,1.629999995,-0.419999987,-0.01,-0.01,-0.509999991,-46
26.71,2125,-1713,0,0,-1.629999995,1.360000014,-0.150000006,-0.029999999,0,-0.519999981,-49
26.72,2120,-1698,0,0,-0.699999988,2.019999981,-1.49000001,-0.079999998,0.01,-0.540000022,-49
26.73,2098,-1696,0,0,-2.200000048,2.269999981,-1.110000014,-0.050000001,0.02,-0.550000012,-51
26.74,2119,-1703,0,0,-2.200000048,2.269999981,-1.110000014,0,0.01,-0.560000002,-51
26.75,2112,-1691,0,0,-1.450000048,2.099999905,0.389999986,0.039999999,-0.01,-0.579999983,-53
26.76,2072,-1685,0,0,-1.940000057,2.660000086,0.75,0.079999998,0,-0.589999974,-54
26.77,2070,-1675,0,0,-1.419999957,2.230000019,0.360000014,0.039999999,0,-0.600000024,-54
26.78,2050,-1658,0,0,-1.649999976,2.109999895,1,0.02,-0.01,-0.610000014,-54
26.79,2115,-1654,0,0,-2.200000048,2.269999981,0.540000022,0.01,-0.01,-0.610000014,-54
26.8,2088,-1643,0,0,-1.860000014,1.809999943,0.879999995,0.01,-0.050000001,-0.610000014,-54
26.81,2064,-1628,0,0,-0.680000007,1.830000043,-0.050000001,0.01,-0.01,-0.610000014,-54
26.82,2065,-1625,0,0,-1.679999948,2.329999924,-1.600000024,0.02,0,-0.620000005,-54
26.83,2088,-1622,0,0,-0.759999991,1.700000048,-1.440000057,0.02,0,-0.620000005,-54
26.84,2085,-1623,0,0,-2.710000038,1.980000019,-0.879999995,0.039999999,0.02,-0.620000005,-54
26.85,2029,-1603,0,0,-0.74000001,2.109999895,-1.639999986,0.059999999,0,-0.620000005,-54
26.86,2027,-1612,0,0,-0.74000001,2.109999895,-1.639999986,0.059999999,0,-0.620000005,-54
26.87,2020,-1622,0,0,-1.470000029,1.460000038,0.039999999,0.029999999,0.039999999,-0.610000014,-54
26.88,2022,-1592,0,0,-0.879999995,0.460000008,-0.200000003,0.039999999,0.02,-0.610000014,-54
26.89,2008,-1578,0,0,-0.879999995,0.460000008,-0.200000003,0.02,0,-0.589999974,-54
26.9,2003,-1566,0,0,-0.910000026,1.399999976,0.409999996,0.07,0,-0.589999974,-54
26.91,1963,-1565,0,0,-0.910000026,1.399999976,0.409999996,0.02,0.01,-0.579999983,-54
26.92,1950,-1576,0,0,-1.779999971,1.330000043,0.639999986,0.02,0,-0.579999983,-54
26.93,1961,-1557,0,0,-0.699999988,1.289999962,0.600000024,0.01,0,-0.579999983,-54
26.94,1968,-1556,0,0,-0.699999988,1.289999962,0.600000024,0,-0.01,-0.589999974,-54
26.95,1948,-1563,0,0,-2.210000038,1.850000024,0.349999994,0.029999999,-0.01,-0.589999974,-54
26.96,1916,-1547,0,0,-1.529999971,1.129999995,0.100000002,0.029999999,0,-0.589999974,-54
26.97,1941,-1547,0,0,-1.75999999,1.549999952,-0.670000017,0.01,0,-0.589999974,-54
26.98,1944,-1529,0,0,-1.639999986,1.769999981,0.209999993,0,-0.01,-0.600000024,-54
26.99,1960,-1545,0,0,-1.639999986,1.769999981,0.209999993,0.02,0,-0.600000024,-54
27,1887,-1521,0,0,-1.690000057,1.309999943,-0.610000014,-0.01,0,-0.600000024,-54
27.01,1868,-1534,0,0,-0.029999999,0.959999979,-1.029999971,0.039999999,0.01,-0.579999983,-54
27.02,1892,-1508,0,0,-2.400000095,2.25999999,0.239999995,-0.01,0.02,-0.579999983,-54
27.03,1874,-1465,0,0,0.469999999,1.49000001,-0.469999999,0.039999999,0,-0.579999983,-54
27.04,1882,-1461,0,0,-2.779999971,1.730000019,1.299999952,-0.02,0.029999999,-0.560000002,-54
27.05,1887,-1514,0,0,0.550000012,1.330000043,-0.340000004,0.029999999,-0.01,-0.560000002,-54
27.06,1864,-1496,0,0,0.550000012,1.330000043,-0.340000004,-0.02,0,-0.550000012,-54
27.07,1895,-1482,0,0,0.02,1.149999976,-1.840000033,0.050000001,0,-0.540000022,-54
27.08,1802,-1479,0,0,-1.220000029,0.140000001,2.589999914,0.01,-0.01,-0.540000022,-54
27.09,1787,-1463,0,0,-1.220000029,0.140000001,2.589999914,0,-0.01,-0.529999971,-54
27.1,1850,-1436,0,0,-1.620000005,0.889999986,0.469999999,0.02,0,-0.529999971,-54
27.11,1803,-1460,0,0,-0.75,1.399999976,-1.059999943,-0.029999999,-0.02,-0.529999971,-54
27.12,1798,-1452,0,0,-1.519999981,1.309999943,0.810000002,0,0,-0.529999971,-54
27.13,1812,-1449,0,0,-1.440000057,1.289999962,-1.960000038,0,0.01,-0.540000022,-54
27.14,1830,-1441,0,0,-1.440000057,1.289999962,-1.960000038,0.029999999,0,-0.540000022,-54
27.15,1787,-1428,0,0,-1.139999986,1.25999999,-0.439999998,0.029999999,0,-0.540000022,-54
27.16,1797,-1416,0,0,-1.139999986,1.230000019,-0.280000001,0.050000001,0,-0.550000012,-54
27.17,1797,-1405,0,0,-1.139999986,1.230000019,-0.280000001,0.050000001,0,-0.550000012,-54
27.18,1781,-1391,0,0,-1.909999967,1.75,0.039999999,0.050000001,0,-0.540000022,-54
27.19,1772,-1402,0,0,-1.559999943,1.100000024,0.629999995,0.01,0,-0.540000022,-54
27.2,1747,-1399,0,0,-1.559999943,1.100000024,0.629999995,0.01,0,-0.540000022,-54
27.21,1763,-1388,0,0,-0.769999981,1.50999999,-0.430000007,0.039999999,0,-0.529999971,-54
27.22,1755,-1396,0,0,-1.24000001,1.409999967,0.430000007,0.01,-0.01,-0.529999971,-54
27.23,1709,-1360,0,0,-0.319999993,0.620000005,-0.109999999,0.02,-0.01,-0.519999981,-54
27.24,1715,-1364,0,0,-1.49000001,0.720000029,-0.07,0,0.01,-0.509999991,-54
27.25,1748,-1349,0,0,-1.49000001,0.720000029,-0.07,-0.01,-0.01,-0.509999991,-54
27.26,1720,-1366,0,0,-1.110000014,1,-0.050000001,-0.01,0,-0.5,-54
27.27,1702,-1354,0,0,-0.980000019,0.959999979,0.75,-0.02,0,-0.509999991,-54
27.28,1706,-1338,0,0,-2.190000057,0.720000029,0.680000007,0,0,-0.509999991,-54
27.29,1696,-1334,0,0,-0.579999983,1.179999948,-0.400000006,0.029999999,-0.02,-0.509999991,-54
27.3,1668,-1316,0,0,-1.139999986,0.779999971,0.980000019,0.039999999,0,-0.5,-54
27.31,1669,-1311,0,0,-1.139999986,0.779999971,0.980000019,0.01,0,-0.5,-54
27.32,1639,-1328,0,0,-0.180000007,0.509999991,0.200000003,0.059999999,0,-0.49000001,-54
27.33,1620,-1331,0,0,-2.440000057,1.460000038,0.600000024,-0.039999999,0,-0.49000001,-54
27.34,1639,-1308,0,0,0.01,0.970000029,-0.140000001,0.02,0,-0.479999989,-54
27.35,1601,-1311,0,0,-2.279999971,1.049999952,0.389999986,-0.029999999,0,-0.479999989,-54
27.36,1590,-1292,0,0,-0.479999989,1.269999981,-0.800000012,0.01,-0.01,-0.469999999,-54
27.37,1597,-1294,0,0,-1.629999995,1.129999995,0.300000012,0,0,-0.479999989,-54
27.38,1612,-1281,0,0,-1.629999995,1.129999995,0.300000012,0,0,-0.479999989,-54
27.39,1582,-1251,0,0,-1.480000019,0.759999991,0.870000005,0.029999999,0,-0.469999999,-54
27.4,1586,-1267,0,0,-0.620000005,0.879999995,-0.920000017,0.01,0,-0.469999999,-54
27.41,1549,-1263,0,0,-1.049999952,0.600000024,0.409999996,0.02,0.01,-0.469999999,-54
27.42,1542,-1265,0,0,-1.049999952,0.600000024,0.409999996,0.02,0.01,-0.469999999,-54
27.43,1601,-1247,0,0,-1.480000019,1.070000052,0.980000019,0,0,-0.469999999,-54
27.44,1588,-1232,0,0,-1.559999943,1.320000052,-0.589999974,-0.01,0,-0.469999999,-54
27.45,1536,-1234,0,0,-0.889999986,0.959999979,-0.349999994,0.07,0,-0.469999999,-54
27.46,1557,-1225,0,0,-0.889999986,0.959999979,-0.349999994,0.07,0,-0.469999999,-54
27.47,1499,-1229,0,0,-0.970000029,1.409999967,-0.02,0.059999999,0,-0.460000008,-54
27.48,1492,-1233,0,0,-0.829999983,-0.189999998,0.759999991,0.039999999,0,-0.460000008,-54
27.49,1540,-1227,0,0,-0.829999983,-0.189999998,0.759999991,-0.039999999,-0.01,-0.449999988,-54
27.5,1552,-1229,0,0,-1.730000019,1.620000005,-0.400000006,0.01,-0.02,-0.460000008,-54
27.51,1494,-1200,0,0,-2.380000114,1.350000024,-0.439999998,-0.059999999,0,-0.449999988,-54
27.52,1520,-1217,0,0,0,1.039999962,-0.270000011,0.039999999,-0.02,-0.460000008,-54
27.53,1493,-1187,0,0,-1.039999962,0.689999998,-0.180000007,0,0,-0.449999988,-54
27.54,1498,-1190,0,0,-1.039999962,0.689999998,-0.180000007,0.050000001,0,-0.449999988,-54
27.55,1483,-1192,0,0,-1.350000024,1.210000038,-0.680000007,0.050000001,0,-0.449999988,-54
27.56,1457,-1165,0,0,-1.350000024,0.910000026,-0.029999999,0.01,0.01,-0.439999998,-54
27.57,1474,-1170,0,0,-1.350000024,0.910000026,-0.029999999,0,0,-0.439999998,-54
27.58,1484,-1171,0,0,-1.330000043,1.230000019,-0.340000004,0.01,0,-0.430000007,-54
27.59,1440,-1161,0,0,-0.899999976,0.889999986,0.970000029,-0.02,0,-0.430000007,-54
27.6,1440,-1159,0,0,-1.820000052,1.330000043,0.07,0,0,-0.430000007,-54
27.61,1443,-1147,0,0,-0.970000029,0.769999981,0.419999987,0.039999999,0,-0.430000007,-54
27.62,1458,-1144,0,0,-1.25999999,0.759999991,-0.119999997,0,-0.01,-0.439999998,-54
27.63,1430,-1117,0,0,-1.820000052,1.210000038,0.49000001,0.029999999,-0.02,-0.439999998,-54
27.64,1442,-1107,0,0,-0.519999981,0.400000006,0.189999998,0.02,0,-0.449999988,-54
27.65,1419,-1112,0,0,-2.460000038,0.910000026,-0.340000004,-0.01,-0.01,-0.449999988,-54
27.66,1414,-1117,0,0,-2.460000038,0.910000026,-0.340000004,-0.01,-0.01,-0.449999988,-54
27.67,1406,-1116,0,0,-0.910000026,0.899999976,0.230000004,0.02,0,-0.449999988,-54
27.68,1398,-1104,0,0,-1.590000033,0.709999979,-1,0.029999999,0,-0.439999998,-54
27.69,1389,-1095,0,0,-1.590000033,0.709999979,-1,0.01,0,-0.439999998,-54
27.7,1375,-1097,0,0,-1.289999962,0.649999976,-0.389999986,0.029999999,0.01,-0.430000007,-54
27.71,1372,-1062,0,0,-0.980000019,0.670000017,-0.790000022,0,0.01,-0.430000007,-54
27.72,1344,-1040,0,0,-0.769999981,0.779999971,-0.159999996,0.029999999,0,-0.419999987,-54
27.73,1335,-1058,0,0,-1.330000043,0.610000014,0.379999995,0.029999999,0,-0.409999996,-54
27.74,1335,-1064,0,0,-1.330000043,0.610000014,0.379999995,0.02,0,-0.400000006,-54
27.75,1333,-1051,0,0,-1.080000043,0.639999986,-0.319999993,0.01,0,-0.400000006,-54
27.76,1317,-1059,0,0,-0.639999986,0.349999994,0.430000007,0.01,0,-0.400000006,-54
27.77,1337,-1050,0,0,-1.070000052,0.310000002,0.300000012,0.01,-0.02,-0.389999986,-54
27.78,1328,-1044,0,0,-1.070000052,0.310000002,0.300000012,-0.02,0,-0.389999986,-54
27.79,1311,-1036,0,0,-1.74000001,0.560000002,-0.610000014,0.01,0,-0.400000006,-54
27.8,1300,-1022,0,0,-0.939999998,0.310000002,-0.550000012,0,-0.01,-0.400000006,-54
27.81,1295,-1019,0,0,-0.939999998,0.310000002,-0.550000012,0.01,0,-0.400000006,-54
27.82,1284,-1011,0,0,-0.550000012,0.980000019,-0.509999991,0.029999999,0,-0.400000006,-54
27.83,1285,-993,0,0,-1.539999962,0.910000026,-0.25,0.01,0.01,-0.400000006,-54
27.84,1267,-997,0,0,-0.649999976,0.769999981,-0.25,0.029999999,0.01,-0.400000006,-54
27.85,1258,-999,0,0,-1.299999952,0.280000001,0.01,0.01,0.01,-0.389999986,-54
27.86,1248,-985,0,0,-1.299999952,0.280000001,0.01,0.01,0.01,-0.389999986,-54
27.87,1231,-984,0,0,-0.959999979,1.029999971,0.090000004,0,0.01,-0.379999995,-54
27.88,1242,-976,0,0,-0.879999995,0.680000007,0.170000002,-0.01,0.01,-0.370000005,-54
27.89,1246,-965,0,0,-0.879999995,0.680000007,0.170000002,0,0.01,-0.370000005,-54
27.9,1178,-944,0,0,-0.409999996,0.479999989,0.170000002,0.029999999,0,-0.370000005,-54
27.91,1196,-943,0,0,-1.360000014,-0.079999998,0.090000004,0.02,0.01,-0.360000014,-54
27.92,1193,-941,0,0,-1.279999971,0.529999971,0.07,0.02,0,-0.360000014,-54
27.93,1174,-915,0,0,-1.279999971,0.529999971,0.07,0.02,0,-0.360000014,-54
27.94,1187,-943,0,0,-1.210000038,0.790000022,-0.790000022,0,0.01,-0.360000014,-54
27.95,1182,-943,0,0,-1.210000038,0.790000022,-0.790000022,0,0.01,-0.360000014,-54
27.96,1162,-917,0,0,-1.379999995,0.479999989,-0.389999986,0,0.01,-0.360000014,-54
27.97,1135,-925,0,0,-0.540000022,0.170000002,-0.639999986,-0.01,0,-0.349999994,-54
27.98,1143,-921,0,0,-1.50999999,0.550000012,-0.340000004,0.02,0.01,-0.349999994,-54
27.99,1138,-903,0,0,-0.219999999,0.389999986,-0.209999993,0.01,0.02,-0.340000004,-54
28,1127,-904,0,0,-1.019999981,0.910000026,0.209999993,-0.02,0,-0.340000004,-54
28.01,1193,-888,0,0,-1.00999999,0.159999996,1.179999948,0,0,-0.349999994,-54
28.02,1242,-880,0,0,-1.00999999,0.159999996,1.179999948,-0.029999999,0,-0.340000004,-54
28.03,1291,-885,0,0,-1.330000043,1.00999999,-0.680000007,0,-0.01,-0.340000004,-54
28.04,1086,-882,0,0,-1.320000052,0.340000004,0.439999998,0,0,-0.340000004,-54
28.05,1152,-869,0,0,-1.320000052,0.340000004,0.439999998,0.039999999,-0.029999999,-0.349999994,-54
28.06,1127,-869,0,0,-0.649999976,-0.07,0.289999992,0.029999999,0,-0.340000004,-54
28.07,1094,-873,0,0,-0.259999991,0.170000002,-0.600000024,0.059999999,0.01,-0.340000004,-54
28.08,1089,-859,0,0,-0.939999998,0.25,-0.460000008,0.01,-0.01,-0.330000013,-54
28.09,1101,-861,0,0,-0.460000008,0.469999999,1.179999948,-0.02,0.01,-0.330000013,-54
28.1,1075,-867,0,0,-0.939999998,0.469999999,-0.839999974,-0.029999999,0,-0.319999993,-54
28.11,1071,-846,0,0,-0.649999976,0.119999997,0.620000005,-0.039999999,0,-0.330000013,-54
28.12,1075,-841,0,0,-0.839999974,0.949999988,-0.610000014,-0.02,0,-0.319999993,-54
28.13,1121,-833,0,0,-0.660000026,0.790000022,0.310000002,0.029999999,0,-0.330000013,-54
28.14,1098,-834,0,0,-0.660000026,0.790000022,0.310000002,0.029999999,0,-0.319999993,-54
28.15,1066,-835,0,0,-0.899999976,0.300000012,-0.519999981,0.059999999,-0.01,-0.319999993,-54
28.16,1108,-836,0,0,-0.720000029,0.449999988,0.540000022,0,-0.01,-0.319999993,-54
28.17,1098,-831,0,0,-0.720000029,0.449999988,0.540000022,0.029999999,0,-0.319999993,-54
28.18,1056,-838,0,0,-0.360000014,0.230000004,-0.550000012,-0.050000001,-0.01,-0.310000002,-54
28.19,1051,-835,0,0,0.319999993,0.409999996,-0.349999994,-0.01,-0.01,-0.310000002,-54
28.2,1024,-823,0,0,-1.99000001,0.75,-0.180000007,-0.02,0.01,-0.310000002,-54
28.21,1043,-823,0,0,-1.99000001,0.75,-0.180000007,0,-0.01,-0.310000002,-54
28.22,1043,-827,0,0,0.029999999,0.930000007,-1.00999999,0,-0.01,-0.310000002,-54
28.23,1057,-818,0,0,-0.660000026,0.930000007,-1.25,0,0,-0.319999993,-54
28.24,1059,-810,0,0,-0.660000026,0.930000007,-1.25,0.02,0,-0.319999993,-54
28.25,1037,-814,0,0,-0.759999991,0.270000011,0.050000001,0,0,-0.319999993,-54
28.26,1052,-806,0,0,-0.910000026,0.930000007,-0.319999993,0.01,0,-0.319999993,-54
28.27,1048,-809,0,0,-0.910000026,0.930000007,-0.319999993,0.02,0,-0.319999993,-54
28.28,1039,-801,0,0,-0.899999976,0.629999995,-0.74000001,0,0.01,-0.319999993,-54
28.29,1038,-799,0,0,-0.239999995,0.430000007,-0.310000002,0.02,0,-0.330000013,-54
28.3,1029,-787,0,0,-0.620000005,0.180000007,0.029999999,0,0.01,-0.330000013,-54
28.31,1001,-793,0,0,-0.379999995,0.5,-0.579999983,0.029999999,0,-0.319999993,-54
28.32,1022,-795,0,0,-0.379999995,0.5,-0.579999983,0.02,0,-0.319999993,-54
28.33,1028,-783,0,0,-0.509999991,0.300000012,0.400000006,0.029999999,0.01,-0.319999993,-54
28.34,1025,-791,0,0,-0.07,0.800000012,-0.270000011,0.01,0.01,-0.310000002,-54
28.35,1026,-787,0,0,-0.189999998,0.330000013,-0.059999999,0.029999999,0,-0.310000002,-54
28.36,1006,-789,0,0,-0.219999999,0.25,-0.07,0,0,-0.300000012,-54
28.37,1007,-790,0,0,-0.219999999,0.25,-0.07,-0.02,0,-0.300000012,-54
28.38,1009,-780,0,0,-0.050000001,0.219999999,-0.200000003,0.01,0,-0.300000012,-54
28.39,991,-782,0,0,-0.050000001,0.219999999,-0.200000003,0,0,-0.289999992,-54
28.4,998,-781,0,0,-0.670000017,0.050000001,0.460000008,0,0,-0.289999992,-54
28.41,1003,-766,0,0,0.200000003,0.189999998,0.239999995,0.01,-0.01,-0.289999992,-54
28.42,1006,-770,0,0,-0.889999986,0.529999971,-0.090000004,0.01,-0.02,-0.300000012,-54
28.43,999,-776,0,0,0.379999995,0.589999974,0.409999996,0.01,0,-0.300000012,-54
28.44,984,-766,0,0,-0.560000002,0.49000001,-0.270000011,0,0,-0.300000012,-54
28.45,988,-769,0,0,-0.419999987,-0.039999999,-0.730000019,-0.01,0,-0.300000012,-54
28.46,995,-771,0,0,-0.670000017,0.759999991,-0.349999994,0,0,-0.300000012,-54
28.47,1000,-770,0,0,-0.670000017,0.759999991,-0.349999994,0.01,0,-0.300000012,-54
28.48,992,-774,0,0,-0.639999986,0.680000007,0.079999998,0,0.01,-0.300000012,-54
28.49,1005,-769,0,0,-0.639999986,0.680000007,0.079999998,0.01,0,-0.300000012,-54
28.5,985,-771,0,0,-0.349999994,0.330000013,-0.629999995,0.01,0,-0.300000012,-54
28.51,964,-768,0,0,-0.600000024,0.209999993,0.430000007,0.02,0,-0.300000012,-54
28.52,975,-771,0,0,-0.319999993,0.620000005,-0.330000013,0,-0.02,-0.289999992,-54
28.53,977,-759,0,0,-0.219999999,0.379999995,0.730000019,0,0,-0.289999992,-54
28.54,979,-759,0,0,-0.310000002,0.349999994,0.360000014,0,-0.01,-0.289999992,-54
28.55,980,-756,0,0,-0.5,0.07,-0.159999996,0,0,-0.289999992,-54
28.56,986,-755,0,0,-0.449999988,0.409999996,0.540000022,0,0,-0.289999992,-54
28.57,970,-747,0,0,-0.289999992,0.439999998,0.300000012,0.01,-0.01,-0.289999992,-54
28.58,964,-748,0,0,0.029999999,0.529999971,-0.01,0.039999999,0.01,-0.289999992,-54
28.59,992,-745,0,0,-0.039999999,-0.310000002,0.109999999,0,0,-0.289999992,-54
28.6,925,-753,0,0,0.589999974,0.219999999,0.569999993,0.02,-0.01,-0.280000001,-54
28.61,950,-757,0,0,-0.569999993,0.159999996,0.349999994,-0.01,0.01,-0.289999992,-54
28.62,958,-754,0,0,-0.569999993,0.159999996,0.349999994,0,0,-0.280000001,-54
28.63,946,-745,0,0,-0.639999986,0.409999996,-1,-0.01,0,-0.280000001,-54
28.64,948,-738,0,0,-0.129999995,0.560000002,0.479999989,0.01,0,-0.280000001,-54
28.65,952,-736,0,0,-0.439999998,0.779999971,-0.74000001,0.02,0,-0.289999992,-54
28.66,961,-739,0,0,-0.180000007,0.039999999,-0.200000003,0.02,0,-0.289999992,-54
28.67,943,-736,0,0,-0.959999979,0.620000005,-0.389999986,0.029999999,0,-0.289999992,-54
28.68,922,-732,0,0,-0.189999998,0.129999995,-0.509999991,-0.01,0,-0.280000001,-54
28.69,934,-734,0,0,-0.910000026,0.670000017,-0.400000006,0.02,0.01,-0.280000001,-54
28.7,934,-733,0,0,-0.910000026,0.670000017,-0.400000006,0.01,0,-0.280000001,-54
28.71,939,-731,0,0,0.01,0.680000007,0.479999989,0.039999999,0.01,-0.280000001,-54
28.72,943,-731,0,0,-0.819999993,0.649999976,-0.349999994,0.039999999,0.01,-0.280000001,-54
28.73,942,-738,0,0,-0.140000001,0.259999991,-0.02,0.01,0,-0.270000011,-54
28.74,951,-731,0,0,-0.079999998,-0.180000007,0.439999998,0.029999999,0.01,-0.270000011,-54
28.75,904,-721,0,0,0.150000006,0.310000002,-0.400000006,0.01,0,-0.259999991,-54
28.76,932,-724,0,0,-0.670000017,0.140000001,0.839999974,0.01,0,-0.259999991,-54
28.77,914,-713,0,0,-0.059999999,0.150000006,-0.579999983,0,0,-0.259999991,-54
28.78,897,-706,0,0,-0.720000029,0.079999998,0.430000007,0,0,-0.259999991,-54
28.79,907,-706,0,0,-0.159999996,0.340000004,-0.449999988,-0.01,-0.01,-0.270000011,-54
28.8,900,-702,0,0,-0.980000019,0.439999998,0.550000012,0,-0.01,-0.270000011,-54
28.81,898,-705,0,0,-0.5,0.689999998,-0.409999996,0,-0.01,-0.280000001,-54
28.82,903,-704,0,0,-1.039999962,0.460000008,0.140000001,0.01,-0.01,-0.289999992,-54
28.83,911,-708,0,0,-0.810000002,0.550000012,-0.07,0,0,-0.289999992,-54
28.84,944,-717,0,0,-0.629999995,0.370000005,-0.219999999,0.029999999,0.01,-0.280000001,-54
28.85,907,-735,0,0,-0.300000012,-0.039999999,-0.589999974,0.050000001,0,-0.280000001,-54
28.86,863,-757,0,0,0.629999995,-0.059999999,0.239999995,0.01,0.02,-0.270000011,-54
28.87,930,-774,0,0,-0.870000005,0.310000002,0.270000011,0,0.02,-0.270000011,-54
28.88,900,-749,0,0,0.529999971,0,0.660000026,0,0.02,-0.259999991,-54
28.89,881,-686,0,0,-0.889999986,0.349999994,0.059999999,-0.050000001,0.02,-0.25,-54
28.9,867,-695,0,0,-0.889999986,0.349999994,0.059999999,0.01,0.01,-0.25,-54
28.91,892,-699,0,0,0.01,0.129999995,0.879999995,0,0,-0.25,-54
28.92,872,-685,0,0,-0.090000004,0.430000007,0.469999999,0.039999999,-0.01,-0.259999991,-54
28.93,881,-692,0,0,-1.00999999,0.379999995,0.949999988,0,0,-0.259999991,-54
28.94,866,-684,0,0,-0.219999999,0.310000002,0.079999998,0.029999999,-0.02,-0.270000011,-54
28.95,908,-680,0,0,-0.730000019,0.319999993,-0.119999997,0,-0.01,-0.270000011,-54
28.96,895,-682,0,0,-0.430000007,0.400000006,-0.349999994,0.029999999,0,-0.270000011,-54
28.97,886,-681,0,0,-0.370000005,0.330000013,-0.419999987,0.029999999,0,-0.270000011,-54
28.98,913,-674,0,0,-0.389999986,0.370000005,-0.469999999,0.02,0,-0.270000011,-54
28.99,904,-674,0,0,-0.159999996,0.310000002,-0.209999993,0.02,0,-0.270000011,-54
29,867,-680,0,0,0.25,0.07,0.150000006,0.02,0,-0.259999991,-54
29.01,878,-688,0,0,0.239999995,0.01,0.289999992,0,0,-0.259999991,-54
29.02,872,-679,0,0,0.529999971,0.209999993,0.449999988,0.01,0,-0.25,-54
29.03,847,-675,0,0,-0.389999986,0.649999976,0.74000001,0,0,-0.259999991,-54
29.04,841,-664,0,0,-0.180000007,0.5,0.529999971,0.02,0,-0.259999991,-54
29.05,865,-666,0,0,-0.769999981,0.140000001,0.259999991,0.01,0,-0.259999991,-54
29.06,872,-664,0,0,-0.639999986,0.579999983,0.509999991,0.01,-0.01,-0.259999991,-54
29.07,877,-658,0,0,-0.639999986,0.579999983,0.509999991,0,0,-0.259999991,-54
29.08,859,-655,0,0,-0.829999983,0.02,-0.349999994,0,0.01,-0.259999991,-54
29.09,851,-653,0,0,-0.079999998,0.280000001,-0.079999998,0.01,-0.01,-0.259999991,-54
29.1,872,-657,0,0,-0.920000017,0.469999999,-0.720000029,0.01,0,-0.259999991,-54
29.11,864,-658,0,0,-0.460000008,0.209999993,-0.670000017,0.02,0.02,-0.259999991,-54
29.12,879,-662,0,0,-0.289999992,0.330000013,0.239999995,-0.029999999,0.01,-0.259999991,-54
29.13,863,-659,0,0,-1.129999995,0.059999999,-0.300000012,-0.01,0.029999999,-0.259999991,-54
29.14,850,-668,0,0,-0.389999986,0.150000006,-0.189999998,-0.029999999,0.050000001,-0.259999991,-54
29.15,852,-663,0,0,-0.330000013,0.389999986,0.839999974,0,0.01,-0.259999991,-54
29.16,834,-654,0,0,-0.330000013,0.389999986,0.839999974,0,0.01,-0.259999991,-54
29.17,828,-665,0,0,-0.439999998,0.239999995,0.209999993,-0.01,0.01,-0.25,-54
29.18,865,-650,0,0,0.039999999,0.479999989,0.720000029,0.01,0.01,-0.25,-54
29.19,829,-649,0,0,-0.090000004,0.150000006,-0.119999997,0.01,0,-0.239999995,-54
29.2,829,-658,0,0,-0.230000004,0.300000012,-0.389999986,0.01,0,-0.239999995,-54
29.21,832,-647,0,0,-0.230000004,0.300000012,-0.389999986,0,0.01,-0.239999995,-54
29.22,839,-643,0,0,-0.259999991,0.409999996,-0.310000002,0.01,0.01,-0.230000004,-54
29.23,830,-637,0,0,-0.300000012,0.059999999,-0.340000004,0.01,0,-0.230000004,-54
29.24,802,-638,0,0,-0.300000012,0.059999999,-0.340000004,0,0,-0.239999995,-54
29.25,826,-632,0,0,-0.460000008,0.479999989,-0.289999992,0,0,-0.239999995,-54
29.26,827,-630,0,0,-0.460000008,0.479999989,-0.289999992,0,-0.01,-0.239999995,-54
29.27,812,-634,0,0,-0.800000012,0.419999987,-0.300000012,-0.02,0,-0.239999995,-54
29.28,825,-630,0,0,-1.129999995,0.379999995,-0.319999993,-0.01,0,-0.25,-54
29.29,819,-626,0,0,-0.189999998,0.439999998,0.150000006,0,0,-0.25,-54
29.3,821,-627,0,0,-0.460000008,0.540000022,0.360000014,0.01,-0.01,-0.259999991,-54
29.31,814,-628,0,0,-0.460000008,0.540000022,0.360000014,-0.01,0,-0.259999991,-54
29.32,831,-629,0,0,-0.529999971,0.600000024,0,0,0.01,-0.259999991,-54
29.33,818,-627,0,0,-0.180000007,0.560000002,-0.119999997,0.01,0,-0.259999991,-54
29.34,816,-632,0,0,-0.129999995,0.49000001,-0.059999999,0.01,0,-0.25,-54
29.35,812,-620,0,0,-0.550000012,0.25,-0.239999995,0.01,0.01,-0.25,-54
29.36,798,-615,0,0,-0.029999999,0.180000007,0.189999998,0.02,0.01,-0.239999995,-54
29.37,801,-615,0,0,-0.230000004,0.280000001,0.379999995,0.01,0,-0.239999995,-54
29.38,808,-616,0,0,0.180000007,0.109999999,0.25,0.01,0,-0.239999995,-54
29.39,805,-615,0,0,-0.289999992,-0.129999995,-0.330000013,0,0,-0.239999995,-54
29.4,792,-607,0,0,-0.029999999,-0.01,0.079999998,0,0,-0.230000004,-54
29.41,789,-604,0,0,-0.409999996,0.039999999,-0.189999998,0.01,0,-0.239999995,-54
29.42,782,-605,0,0,-0.140000001,0.02,0.109999999,0,0,-0.239999995,-54
29.43,790,-609,0,0,-0.839999974,-0.079999998,0.140000001,0,0,-0.239999995,-54
29.44,778,-600,0,0,-0.300000012,0.400000006,-0.189999998,-0.01,0,-0.239999995,-54
29.45,782,-602,0,0,-0.109999999,0.419999987,-0.270000011,-0.01,-0.01,-0.239999995,-54
29.46,782,-604,0,0,-0.379999995,0.469999999,-0.02,0.01,-0.01,-0.239999995,-54
29.47,782,-604,0,0,-0.25,0.419999987,-1.00999999,0,0,-0.239999995,-54
29.48,792,-598,0,0,-0.769999981,0.360000014,-0.419999987,0,0,-0.239999995,-54
29.49,774,-602,0,0,-0.189999998,0.529999971,-0.090000004,0,0,-0.239999995,-54
29.5,769,-598,0,0,-0.400000006,0.280000001,-0.01,0,0,-0.239999995,-54
29.51,777,-596,0,0,-0.209999993,0.059999999,0.079999998,0,0,-0.239999995,-54
29.52,768,-601,0,0,-0.230000004,0.300000012,0.140000001,0,0.01,-0.230000004,-54
29.53,755,-598,0,0,0.109999999,0.300000012,0.039999999,0.01,0,-0.230000004,-54
29.54,757,-599,0,0,0.129999995,0.419999987,0.219999999,0,0,-0.230000004,-54
29.55,749,-593,0,0,-0.449999988,0.140000001,0.649999976,0,0,-0.230000004,-54
29.56,752,-587,0,0,-0.189999998,0.07,0.079999998,0,0,-0.230000004,-54
29.57,754,-581,0,0,-0.479999989,0.460000008,0.119999997,0,0,-0.219999999,-54
29.58,757,-580,0,0,-0.660000026,0.280000001,0.379999995,0.039999999,0,-0.219999999,-54
29.59,742,-582,0,0,-0.349999994,0.100000002,0.07,0.029999999,0.01,-0.219999999,-54
29.6,762,-582,0,0,-0.259999991,-0.07,0.140000001,0,0,-0.219999999,-54
29.61,757,-576,0,0,-0.75,0.100000002,0.230000004,-0.01,0.01,-0.219999999,-54
29.62,750,-574,0,0,-0.670000017,0.119999997,-0.360000014,0,0.02,-0.219999999,-54
29.63,748,-579,0,0,-0.670000017,0.119999997,-0.360000014,0,0,-0.219999999,-54
29.64,757,-570,0,0,-0.349999994,0.419999987,0.029999999,0.01,0.01,-0.230000004,-54
29.65,745,-568,0,0,-0.790000022,0.170000002,0.059999999,0,0,-0.239999995,-54
29.66,755,-570,0,0,-0.039999999,0.140000001,-0.079999998,0.01,-0.01,-0.25,-54
29.67,732,-562,0,0,-1.080000043,0.25,-0.379999995,0,0.029999999,-0.25,-54
29.68,745,-561,0,0,0.140000001,0.330000013,-0.660000026,0.02,0.02,-0.239999995,-54
29.69,731,-563,0,0,-0.509999991,0.239999995,0.75,0.01,-0.01,-0.239999995,-54
29.7,725,-563,0,0,0.379999995,0.180000007,0.360000014,0.029999999,0,-0.230000004,-54
29.71,728,-566,0,0,-0.200000003,-0.01,0.409999996,0.01,0,-0.230000004,-54
29.72,723,-557,0,0,0.219999999,0.180000007,0.02,0.01,0,-0.219999999,-54
29.73,718,-562,0,0,0.219999999,0.180000007,0.02,0,0.01,-0.219999999,-54
29.74,703,-558,0,0,-0.219999999,0.419999987,0.090000004,0.029999999,-0.01,-0.219999999,-54
29.75,707,-549,0,0,-0.189999998,0.209999993,0.879999995,0.02,0,-0.219999999,-54
29.76,713,-541,0,0,-0.189999998,0.209999993,0.879999995,0,-0.01,-0.219999999,-54
29.77,703,-547,0,0,-0.150000006,-0.209999993,0.460000008,0.01,-0.01,-0.230000004,-54
29.78,717,-542,0,0,0.059999999,0.090000004,-0.529999971,0.01,0,-0.230000004,-54
29.79,712,-547,0,0,-0.529999971,0.100000002,-0.209999993,0.02,-0.01,-0.230000004,-54
29.8,715,-547,0,0,-0.310000002,0.370000005,-0.059999999,0.01,0,-0.230000004,-54
29.81,710,-539,0,0,-0.589999974,0.419999987,-0.140000001,0.039999999,0,-0.230000004,-54
29.82,719,-538,0,0,0.140000001,0.360000014,-0.079999998,0.01,0,-0.230000004,-54
29.83,719,-537,0,0,-0.330000013,0.159999996,0.119999997,0.01,0,-0.230000004,-54
29.84,724,-546,0,0,0.219999999,0,-0.140000001,0.01,0,-0.230000004,-54
29.85,710,-548,0,0,-0.300000012,0.379999995,-0.02,0,0.01,-0.219999999,-54
29.86,710,-543,0,0,-0.239999995,0.189999998,0.07,0.02,0,-0.219999999,-54
29.87,699,-544,0,0,0.119999997,0.029999999,0.140000001,0,0,-0.209999993,-54
29.88,685,-539,0,0,0.109999999,0.209999993,0.319999993,0,0,-0.209999993,-54
29.89,697,-532,0,0,-0.119999997,0.389999986,0.5,0,-0.01,-0.219999999,-54
29.9,696,-537,0,0,-0.200000003,0.150000006,0.050000001,-0.01,-0.01,-0.219999999,-54
29.91,692,-537,0,0,-0.310000002,0.259999991,-0.419999987,0,-0.01,-0.219999999,-54
29.92,693,-532,0,0,-0.629999995,0.189999998,-0.379999995,0.01,-0.01,-0.219999999,-54
29.93,693,-534,0,0,-0.209999993,0.360000014,0.079999998,0,0,-0.219999999,-54
29.94,701,-530,0,0,-0.430000007,0.419999987,-0.479999989,0.02,-0.01,-0.219999999,-54
29.95,693,-531,0,0,-0.150000006,0.400000006,-0.509999991,0,0,-0.219999999,-54
29.96,694,-537,0,0,-0.150000006,0.400000006,-0.509999991,0,0,-0.219999999,-54
29.97,694,-527,0,0,-0.219999999,0.430000007,-0.059999999,0.02,0,-0.219999999,-54
29.98,706,-523,0,0,-0.079999998,0.270000011,0.109999999,0.01,0,-0.219999999,-54
29.99,707,-524,0,0,-0.620000005,0.129999995,0.050000001,0.02,0,-0.219999999,-54
30,699,-525,0,0,-0.479999989,-0.180000007,0.180000007,0,0,-0.219999999,-54
30.01,700,-522,0,0,-0.109999999,-0.07,0.270000011,0,0,-0.219999999,-54
30.02,707,-525,0,0,-0.219999999,-0.059999999,0.25,0,-0.01,-0.209999993,-54
30.03,686,-522,0,0,0.01,-0.189999998,-0.150000006,0,0,-0.219999999,-54
30.04,698,-523,0,0,0.01,-0.189999998,-0.150000006,0,0,-0.219999999,-54
30.05,694,-525,0,0,-0.209999993,0.090000004,-0.07,0,-0.01,-0.219999999,-54
30.06,684,-529,0,0,0.079999998,0.330000013,0.079999998,0,0,-0.219999999,-54
30.07,686,-531,0,0,-0.49000001,0.460000008,-0.189999998,-0.01,0.01,-0.219999999,-54
30.08,688,-525,0,0,-0.49000001,0.460000008,-0.189999998,-0.01,0.01,-0.209999993,-54
30.09,685,-525,0,0,-0.239999995,0.649999976,-0.109999999,-0.01,0,-0.209999993,-54
30.1,686,-524,0,0,-0.239999995,0.649999976,-0.109999999,0,0,-0.209999993,-54
30.11,681,-513,0,0,-0.090000004,0.349999994,0.129999995,0,0,-0.209999993,-54
30.12,687,-521,0,0,0,0.180000007,0.270000011,0,0,-0.209999993,-54
30.13,693,-515,0,0,-0.189999998,0.340000004,-0.140000001,0,-0.01,-0.209999993,-54
30.14,689,-524,0,0,-0.129999995,0.059999999,0.150000006,0,-0.01,-0.219999999,-54
30.15,697,-518,0,0,-0.340000004,0.25,0.079999998,-0.01,0,-0.219999999,-54
30.16,702,-520,0,0,-0.400000006,0.159999996,0.150000006,-0.01,0,-0.219999999,-54
30.17,697,-516,0,0,-0.529999971,0.129999995,-0.039999999,-0.02,0,-0.219999999,-54
30.18,677,-512,0,0,-0.159999996,0.209999993,0.039999999,0.01,0,-0.219999999,-54
30.19,683,-512,0,0,-0.159999996,0.409999996,-0.029999999,0.01,-0.02,-0.219999999,-54
30.2,677,-517,0,0,-0.159999996,0.409999996,-0.029999999,0.01,-0.02,-0.219999999,-54
30.21,667,-510,0,0,-0.170000002,0.519999981,-0.649999976,0.01,-0.01,-0.219999999,-54
30.22,672,-521,0,0,-0.170000002,0.519999981,-0.649999976,0,-0.02,-0.219999999,-54
30.23,658,-522,0,0,-0.460000008,0.270000011,-0.310000002,-0.01,0,-0.209999993,-54
30.24,656,-514,0,0,-0.460000008,0.270000011,-0.310000002,0,0,-0.209999993,-54
30.25,679,-518,0,0,-0.479999989,0.140000001,0.550000012,0,-0.01,-0.209999993,-54
30.26,661,-511,0,0,-0.319999993,0.109999999,0.07,0.02,0,-0.209999993,-54
30.27,676,-508,0,0,-0.270000011,0.219999999,-0.090000004,0.02,-0.01,-0.209999993,-54
30.28,672,-507,0,0,-0.25,-0.289999992,0.189999998,0.02,0,-0.209999993,-54
30.29,674,-513,0,0,-0.079999998,0.100000002,-0.310000002,0,0,-0.209999993,-54
30.3,674,-506,0,0,-0.07,-0.050000001,0.129999995,0,0,-0.209999993,-54
30.31,673,-504,0,0,-0.319999993,-0.180000007,0.170000002,0,0,-0.209999993,-54
30.32,676,-503,0,0,-0.509999991,-0.109999999,-0.409999996,0,0,-0.209999993,-54
30.33,671,-501,0,0,-0.140000001,0.109999999,0.200000003,0,0,-0.209999993,-54
30.34,673,-505,0,0,-0.439999998,0.039999999,0.140000001,0.01,0,-0.209999993,-54
30.35,674,-505,0,0,0.109999999,0.189999998,-0.219999999,0,0,-0.200000003,-54
30.36,671,-507,0,0,0.109999999,0.189999998,-0.219999999,0.01,0,-0.200000003,-54
30.37,645,-507,0,0,-0.079999998,0.219999999,-0.649999976,0,0,-0.200000003,-54
30.38,654,-511,0,0,-0.079999998,0.219999999,-0.649999976,0,0,-0.189999998,-54
30.39,650,-504,0,0,-0.079999998,0.540000022,0.050000001,0,0,-0.189999998,-54
30.4,659,-505,0,0,-0.230000004,0.370000005,0.150000006,0,0,-0.189999998,-54
30.41,652,-508,0,0,-0.230000004,0.370000005,0.150000006,-0.01,0,-0.189999998,-54
30.42,663,-503,0,0,-0.159999996,0.25,0.079999998,-0.01,0,-0.189999998,-54
30.43,666,-505,0,0,-0.109999999,0.349999994,0.209999993,0,0,-0.200000003,-54
30.44,661,-508,0,0,-0.810000002,0.02,0.289999992,0,0,-0.200000003,-54
30.45,660,-495,0,0,-0.150000006,0.439999998,0.289999992,0.01,-0.01,-0.200000003,-54
30.46,654,-494,0,0,-0.150000006,0.439999998,0.289999992,0.01,-0.01,-0.200000003,-54
30.47,656,-492,0,0,-0.519999981,0.109999999,0.180000007,0.02,0,-0.209999993,-54
30.48,646,-499,0,0,0.02,0.360000014,-0.170000002,0,-0.02,-0.200000003,-54
30.49,652,-501,0,0,-0.469999999,0.090000004,-0.270000011,0,0,-0.209999993,-54
30.5,651,-497,0,0,-0.259999991,-0.050000001,-0.579999983,0,0.01,-0.200000003,-54
30.51,657,-494,0,0,0.039999999,0.300000012,-0.280000001,0,0,-0.200000003,-54
30.52,647,-496,0,0,-0.330000013,0.140000001,0,0.01,0,-0.189999998,-54
30.53,634,-485,0,0,0.189999998,0.289999992,-0.140000001,0,0,-0.189999998,-54
30.54,645,-499,0,0,0.109999999,0.239999995,0.230000004,0.02,0,-0.189999998,-54
30.55,646,-494,0,0,0.109999999,0.239999995,0.230000004,0.01,0,-0.189999998,-54
30.56,632,-497,0,0,-0.079999998,0.159999996,-0.100000002,0.01,0,-0.189999998,-54
30.57,641,-494,0,0,0.100000002,0.059999999,0.050000001,0,0,-0.189999998,-54
30.58,638,-493,0,0,-0.079999998,0.039999999,0.150000006,0.01,-0.01,-0.189999998,-54
30.59,645,-491,0,0,0,0.170000002,0.300000012,0,0,-0.189999998,-54
30.6,661,-493,0,0,-0.319999993,0.289999992,-0.039999999,0.01,0,-0.189999998,-54
30.61,654,-489,0,0,-0.340000004,0.209999993,0.129999995,0.02,-0.02,-0.189999998,-54
30.62,638,-491,0,0,-0.419999987,-0.079999998,0.310000002,0.01,0,-0.180000007,-54
30.63,640,-488,0,0,0.200000003,0.050000001,-0.270000011,0.01,-0.01,-0.180000007,-54
30.64,631,-492,0,0,-0.090000004,0.180000007,-0.050000001,0,-0.01,-0.180000007,-54
30.65,634,-496,0,0,0.090000004,0,-0.529999971,0,0,-0.180000007,-54
30.66,640,-496,0,0,-0.289999992,0.230000004,-0.670000017,-0.01,0,-0.180000007,-54
30.67,638,-491,0,0,0.389999986,0.439999998,-0.259999991,0.01,0,-0.180000007,-54
30.68,627,-492,0,0,0.01,0.280000001,-0.140000001,0.01,0,-0.189999998,-54
30.69,635,-490,0,0,-0.239999995,0.409999996,-0.259999991,0,0.01,-0.189999998,-54
30.7,627,-494,0,0,-0.180000007,0.360000014,0.170000002,0,0,-0.189999998,-54
30.71,644,-492,0,0,-0.469999999,0.560000002,-0.01,0,0,-0.189999998,-54
30.72,639,-487,0,0,-0.839999974,0.079999998,0.319999993,0,0,-0.189999998,-54
30.73,636,-489,0,0,-0.839999974,0.079999998,0.319999993,0,0,-0.189999998,-54
30.74,636,-488,0,0,-0.800000012,0.259999991,0.330000013,0.02,0,-0.189999998,-54
30.75,632,-483,0,0,-0.800000012,0.259999991,0.330000013,0.01,0,-0.189999998,-54
30.76,628,-484,0,0,0.170000002,0.449999988,0.029999999,0.029999999,0,-0.189999998,-54
30.77,635,-487,0,0,0.239999995,0.360000014,-0.689999998,0.029999999,0,-0.200000003,-54
30.78,634,-487,0,0,0.239999995,0.360000014,-0.689999998,0.01,0,-0.189999998,-54
30.79,636,-489,0,0,0.090000004,0.389999986,-0.159999996,0.01,0.01,-0.189999998,-54
30.8,630,-487,0,0,-0.289999992,0.319999993,-0.49000001,0.02,0.01,-0.189999998,-54
30.81,617,-487,0,0,-0.100000002,-0.039999999,-0.579999983,0.02,0.01,-0.189999998,-54
30.82,619,-482,0,0,-0.610000014,-0.079999998,0.419999987,0.01,0,-0.189999998,-54
30.83,620,-479,0,0,-0.74000001,-0.100000002,0.170000002,0,0,-0.180000007,-54
30.84,622,-480,0,0,-0.600000024,-0.25,0.759999991,0,0,-0.189999998,-54
30.85,609,-471,0,0,-0.119999997,-0.050000001,0.259999991,0,-0.01,-0.180000007,-54
30.86,608,-477,0,0,-0.119999997,-0.050000001,0.259999991,0,-0.01,-0.180000007,-54
30.87,618,-469,0,0,-0.129999995,-0.280000001,0.569999993,-0.01,-0.01,-0.189999998,-54
30.88,597,-468,0,0,0.310000002,-0.07,-0.07,0.01,-0.01,-0.180000007,-54
30.89,612,-467,0,0,0.310000002,-0.07,-0.07,0,-0.01,-0.180000007,-54
30.9,607,-469,0,0,-0.270000011,0.170000002,-0.119999997,-0.01,0,-0.180000007,-54
30.91,601,-467,0,0,-0.270000011,0.170000002,-0.119999997,-0.01,0,-0.180000007,-54
30.92,600,-464,0,0,-0.360000014,0.270000011,-0.400000006,0,0,-0.170000002,-54
30.93,593,-457,0,0,-0.709999979,0.259999991,-0.159999996,-0.01,0,-0.170000002,-54
30.94,588,-463,0,0,-0.579999983,0.479999989,0.109999999,0,0,-0.170000002,-54
30.95,596,-461,0,0,-0.579999983,0.479999989,0.109999999,0,0,-0.170000002,-54
30.96,579,-464,0,0,-0.680000007,0.430000007,0,0,0,-0.170000002,-54
30.97,585,-457,0,0,-0.939999998,0.270000011,0.189999998,-0.01,0,-0.170000002,-54
30.98,588,-457,0,0,-0.839999974,0.330000013,-0.340000004,-0.01,0,-0.180000007,-54
30.99,579,-457,0,0,-0.07,0.25,0.039999999,0,-0.01,-0.180000007,-54
31,575,-450,0,0,-0.07,0.25,0.039999999,0,-0.01,-0.180000007,-54
31.01,586,-451,0,0,-0.759999991,0.129999995,0.560000002,-0.01,-0.01,-0.189999998,-54
31.02,543,-443,0,0,0.07,0.270000011,-0.560000002,-0.01,-0.01,-0.189999998,-54
31.03,577,-444,0,0,0.02,0.230000004,-0.870000005,-0.01,0,-0.189999998,-54
31.04,561,-436,0,0,0.02,0.230000004,-0.870000005,0,0,-0.180000007,-54
31.05,580,-433,0,0,0.449999988,0.270000011,0.769999981,0.01,0,-0.180000007,-54
31.06,542,-429,0,0,-0.050000001,-0.01,0.340000004,0.029999999,-0.01,-0.159999996,-54
31.07,520,-426,0,0,-0.050000001,-0.01,0.340000004,0.029999999,-0.02,-0.150000006,-54
31.08,525,-421,0,0,-0.159999996,-0.239999995,0.439999998,0.01,-0.02,-0.140000001,-54
31.09,505,-418,0,0,-0.129999995,-0.439999998,-0.059999999,0.02,-0.02,-0.140000001,-53
31.1,504,-413,0,0,-0.129999995,-0.439999998,-0.059999999,-0.02,-0.02,-0.129999995,-53
31.11,500,-409,0,0,-0.879999995,0.02,0.209999993,0,-0.02,-0.129999995,-53
31.12,492,-409,0,0,-0.879999995,0.02,0.209999993,-0.02,-0.02,-0.129999995,-53
31.13,492,-405,0,0,-0.980000019,0.280000001,-0.419999987,-0.02,-0.029999999,-0.140000001,-52
31.14,499,-396,0,0,-0.280000001,0.209999993,-0.589999974,-0.02,-0.01,-0.140000001,-52
31.15,482,-387,0,0,-1.629999995,0.620000005,-1.139999986,-0.02,-0.02,-0.140000001,-52
31.16,466,-383,0,0,-1.629999995,0.620000005,-1.139999986,0,-0.01,-0.140000001,-52
31.17,467,-382,0,0,-0.5,0.349999994,-0.129999995,0,-0.01,-0.140000001,-51
31.18,469,-378,0,0,-0.889999986,0.129999995,-0.560000002,0,0,-0.140000001,-51
31.19,440,-376,0,0,-0.889999986,0.129999995,-0.560000002,-0.01,0.01,-0.140000001,-50
31.2,413,-371,0,0,-0.910000026,-0.07,0.370000005,0.02,0.01,-0.140000001,-50
31.21,468,-354,0,0,-0.910000026,-0.07,0.370000005,0.02,0.01,-0.140000001,-48
31.22,470,-355,0,0,-0.370000005,0.02,1.159999967,0.02,-0.02,-0.140000001,-46
31.23,432,-351,0,0,-1.230000019,-0.140000001,0.529999971,0.01,-0.01,-0.129999995,-46
31.24,423,-341,0,0,-0.600000024,0.050000001,0.219999999,0,-0.02,-0.119999997,-46
31.25,431,-331,0,0,-1.24000001,-0.01,0.360000014,0,-0.01,-0.119999997,-44
31.26,415,-338,0,0,-0.829999983,0.050000001,-0.389999986,0,-0.01,-0.109999999,-44
31.27,414,-336,0,0,-1.059999943,-0.180000007,-0.280000001,0,-0.01,-0.109999999,-43
31.28,407,-323,0,0,-0.379999995,-0.07,-0.289999992,0.01,0,-0.100000002,-43
31.29,401,-332,0,0,-1.019999981,0.079999998,-0.519999981,0,0,-0.100000002,-41
31.3,400,-322,0,0,-0.600000024,-0.059999999,-0.200000003,0,0,-0.100000002,-41
31.31,403,-317,0,0,-0.939999998,-0.100000002,-0.319999993,0,0,-0.090000004,-39
31.32,379,-310,0,0,-0.759999991,-0.079999998,-0.100000002,0.01,0,-0.090000004,-39
31.33,380,-304,0,0,-0.730000019,-0.07,0.050000001,0,0,-0.090000004,-37
31.34,364,-296,0,0,-0.779999971,-0.180000007,0.100000002,0.02,-0.01,-0.090000004,-37
31.35,360,-288,0,0,-0.680000007,-0.059999999,0.360000014,0.01,0,-0.079999998,-35
31.36,349,-288,0,0,-1,-0.050000001,0.230000004,0.01,0,-0.079999998,-35
31.37,349,-288,0,0,-0.790000022,-0.059999999,0.300000012,0.01,-0.01,-0.07,-33
31.38,344,-285,0,0,-1.100000024,-0.090000004,-0.289999992,0,-0.01,-0.07,-33
31.39,344,-279,0,0,-0.800000012,-0.050000001,-0.219999999,0,0,-0.07,-31
31.4,335,-274,0,0,-1.080000043,-0.059999999,-0.239999995,0,0,-0.059999999,-30
31.41,335,-270,0,0,-0.850000024,0.01,-0.409999996,0,0.01,-0.059999999,-30
31.42,325,-268,0,0,-0.620000005,0.07,0.25,0,0.01,-0.059999999,-30
31.43,326,-261,0,0,-0.759999991,-0.059999999,-0.02,0,0,-0.059999999,-28
31.44,307,-253,0,0,-0.439999998,-0.109999999,0.310000002,-0.01,0.01,-0.059999999,-28
31.45,307,-255,0,0,-0.449999988,0.07,0.189999998,-0.01,0,-0.059999999,-26
31.46,303,-246,0,0,-0.670000017,0.029999999,0.289999992,0,0,-0.050000001,-26
31.47,299,-231,0,0,-0.479999989,0.039999999,0.140000001,0,0,-0.050000001,-23
31.48,298,-231,0,0,-0.850000024,0.02,-0.050000001,0.01,0,-0.050000001,-23
31.49,288,-221,0,0,-0.670000017,0.090000004,0.050000001,0,0,-0.050000001,-21
31.5,282,-214,0,0,-0.790000022,0.079999998,0.079999998,0.01,-0.01,-0.039999999,-21
31.51,277,-212,0,0,-0.689999998,0.100000002,-0.200000003,0,0,-0.039999999,-19
31.52,270,-223,0,0,-0.670000017,0.119999997,-0.180000007,0,0,-0.039999999,-19
31.53,260,-227,0,0,-0.620000005,-0.059999999,-0.270000011,0,0,-0.039999999,-17
31.54,256,-226,0,0,-0.430000007,-0.129999995,-0.310000002,0,0,-0.029999999,-17
31.55,259,-224,0,0,-0.579999983,-0.079999998,-0.230000004,0,0,-0.029999999,-15
31.56,250,-214,0,0,-0.589999974,-0.02,-0.01,0,0,-0.029999999,-13
31.57,249,-211,0,0,-0.759999991,-0.090000004,-0.100000002,0,0,-0.029999999,-13
31.58,236,-211,0,0,-0.74000001,-0.109999999,0.029999999,0,0,-0.029999999,-13
31.59,233,-204,0,0,-0.670000017,-0.209999993,0.159999996,0,0,-0.029999999,-11
31.6,231,-201,0,0,-0.589999974,-0.07,0.330000013,0,0,-0.029999999,-11
31.61,217,-194,0,0,-0.810000002,0.100000002,0.389999986,0,0,-0.02,-9
31.62,217,-192,0,0,-0.810000002,0.159999996,0.360000014,-0.01,-0.01,-0.02,-9
31.63,212,-187,0,0,-0.800000012,-0.039999999,0.050000001,0,0,-0.02,-8
31.64,199,-178,0,0,-0.670000017,0.079999998,-0.109999999,0,0,-0.02,-8
31.65,201,-188,0,0,-0.629999995,0.059999999,0.129999995,0,0,-0.02,-6
31.66,198,-177,0,0,-0.689999998,0.129999995,-0.230000004,0,0,-0.01,-6
31.67,193,-179,0,0,-0.920000017,-0.01,-0.469999999,0,0,-0.01,-3
31.68,192,-171,0,0,-0.959999979,-0.050000001,-0.340000004,0,0,-0.01,-3
31.69,186,-173,0,0,-0.800000012,0.01,-0.360000014,0,0,-0.01,-2
31.7,183,-162,0,0,-1.080000043,-0.140000001,-0.180000007,0,0,-0.01,-2
31.71,181,-163,0,0,-0.319999993,-0.059999999,-0.100000002,0,0,-0.01,-1
31.72,179,-159,0,0,-0.660000026,-0.119999997,0.01,0,0,-0.01,-1
31.73,165,-160,0,0,-0.330000013,-0.02,-0.01,0,0,-0.01,0
31.74,168,-153,0,0,-0.400000006,0,0.159999996,0,0,-0.01,0
31.75,163,-153,0,0,-0.479999989,0.02,0.170000002,0,0,-0.01,2
31.76,156,-149,0,0,-0.270000011,0.079999998,0.02,0,0,0,2
31.77,149,-150,0,0,-0.680000007,0.059999999,0.379999995,0,0,0,2
31.78,147,-141,0,0,-0.310000002,0.039999999,0,0,0,0,2
31.79,143,-143,0,0,-0.769999981,0.150000006,0.280000001,0,0,0,3
31.8,139,-138,0,0,-0.310000002,0.029999999,0.050000001,0,0,0,4
31.81,140,-137,0,0,-0.709999979,0.029999999,-0.039999999,0,0,0,4
31.82,129,-133,0,0,-0.610000014,-0.029999999,-0.159999996,0,0,0,4
31.83,136,-127,0,0,-0.600000024,-0.02,-0.140000001,0,0,0,4
31.84,120,-127,0,0,-1.039999962,-0.029999999,-0.25,0,0,0,4
31.85,122,-122,0,0,-0.519999981,-0.079999998,0,0.01,0,0,4
31.86,122,-116,0,0,-0.889999986,0.090000004,-0.079999998,0,0,0,4
31.87,107,-114,0,0,-0.670000017,-0.079999998,-0.100000002,0,0,0,4
31.88,117,-104,0,0,-0.670000017,0.039999999,-0.159999996,0,0,0,4
31.89,105,-100,0,0,-0.649999976,0,-0.300000012,0,0,0,4
31.9,98,-102,0,0,-0.5,0,-0.159999996,0,0,0,4
31.91,104,-96,0,0,-0.49000001,0.07,-0.140000001,0,0,0,4
31.92,90,-89,0,0,-0.449999988,0.119999997,-0.059999999,0,0,0,4
31.93,88,-92,0,0,-0.569999993,0.180000007,-0.050000001,0,0,0,4
31.94,91,-89,0,0,-0.649999976,0.100000002,-0.07,0,0,0,4
31.95,82,-82,0,0,-0.519999981,0.140000001,-0.079999998,0,0,0,4
31.96,80,-81,0,0,-0.689999998,0.02,0.039999999,0,0,0,4
31.97,73,-77,0,0,-0.660000026,0.140000001,0.259999991,0,0,0,4
31.98,73,-72,0,0,-0.519999981,0.059999999,0.119999997,0,0,0,4
31.99,68,-66,0,0,-0.699999988,0.01,0.109999999,0,0,0,4
32,67,-62,0,0,-0.629999995,0.01,0.100000002,0,0,0,4
32.01,58,-58,0,0,-0.730000019,-0.050000001,0,0,0,0,4
32.02,56,-58,0,0,-0.519999981,-0.059999999,-0.059999999,0,0,0,4
32.03,58,-51,0,0,-0.689999998,-0.079999998,0,0,0,0,4
32.04,47,-51,0,0,-0.469999999,-0.059999999,0,0,0,0,4
32.05,48,-43,0,0,-0.75,-0.039999999,-0.079999998,0,0,0,4
32.06,39,-42,0,0,-0.689999998,0.07,0,0,0,0,4
32.07,37,-36,0,0,-0.779999971,0,-0.059999999,0,0,0,4
32.08,31,-36,0,0,-0.810000002,0.039999999,-0.02,0,0,0,4
32.09,26,-31,0,0,-0.660000026,0.039999999,0.050000001,0,0,0,4
32.1,27,-27,0,0,-0.670000017,0.039999999,0,0,0,0,4
32.11,22,-25,0,0,-0.639999986,0,0.050000001,0,0,0,4
32.12,18,-21,0,0,-0.529999971,0.07,-0.039999999,0,0,0,4
32.13,16,-17,0,0,-0.479999989,0.029999999,0.029999999,0,0,0,4
32.14,13,-12,0,0,-0.569999993,0.039999999,-0.059999999,0,0,0,4
32.15,10,-10,0,0,-0.529999971,0,0.050000001,0,0,0,4
32.16,6,-6,0,0,-0.579999983,0.02,0.02,0,0,0,4
32.17,2,-2,0,0,-0.560000002,0.029999999,0.039999999,0,0,0,4
32.18,0,0,0,0,-0.529999971,0.059999999,0.059999999,0,0,0,4
32.19,0,0,0,0,-0.610000014,0.050000001,-0.100000002,0,0,0,4
32.2,0,1,0,0,-0.389999986,0.07,-0.090000004,0,0,0,4
32.21,-1,2,0,0,-0.270000011,0.029999999,-0.109999999,0,0,0,3
32.22,0,2,0,0,-0.079999998,0.02,-0.170000002,0,0,0,3
32.23,0,4,0,0,-0.050000001,-0.01,-0.039999999,0,0,0,3
32.24,0,5,0,0,-0.059999999,-0.029999999,-0.050000001,0,0,0,3
32.25,0,5,0,0,0,0.02,0.140000001,0,0,0,3
32.26,0,6,0,0,-0.100000002,0.01,0.079999998,0,0,0,3
32.27,0,6,0,0,0.01,0.050000001,0.090000004,0,0,0,3
32.28,0,5,0,0,-0.059999999,0.029999999,0.01,0,0,0,3
32.29,0,5,0,0,-0.02,0.07,0.02,0,0,0,3
32.3,0,3,0,0,0.039999999,0.039999999,-0.079999998,0,0,0,3
32.31,0,4,0,0,0.059999999,0.079999998,-0.039999999,0,0,0,3
32.32,0,3,0,0,0.059999999,0.02,-0.050000001,0,0,0,3
32.33,0,2,0,0,0.050000001,0.029999999,-0.129999995,0,0,0,3
32.34,0,1,0,0,0.100000002,0.029999999,0.050000001,0,0,0,3
32.35,0,1,0,0,0.090000004,0.029999999,-0.050000001,0,0,0,3
32.36,0,0,0,0,0.109999999,0.07,0.07,0,0,0,3
32.37,0,0,0,0,0.07,0,0.02,0,0,0,3
32.38,0,0,0,0,0.090000004,0.050000001,0.02,0,0,0,3
32.39,0,0,0,0,0.07,-0.01,-0.01,0,0,0,3
32.4,0,0,0,0,0.029999999,0.02,-0.07,0,0,0,3
32.41,0,0,0,0,0.039999999,0.01,-0.029999999,0,0,0,3
32.42,0,0,0,0,0,0,-0.090000004,0,0,0,3
32.43,0,0,0,0,0,0,-0.100000002,0,0,0,3
32.44,0,0,0,0,-0.050000001,-0.01,-0.109999999,0,0,0,3
32.45,0,0,0,0,-0.029999999,0,-0.01,0,0,0,3
32.46,0,0,0,0,-0.050000001,0.01,0,0,0,0,3
32.47,0,0,0,0,-0.059999999,0.07,0.029999999,0,0,0,3
32.48,0,0,0,0,-0.039999999,0.039999999,0,0,0,0,3
32.49,0,0,0,0,-0.050000001,0.100000002,0.109999999,0,0,0,3
32.5,0,0,0,0,-0.02,0.059999999,0.059999999,0,0,0,3
32.51,0,0,0,0,-0.01,0.07,0.059999999,0,0,0,3
32.52,0,0,0,0,-0.01,0.050000001,0.039999999,0,0,0,3
32.53,0,0,0,0,0,0.039999999,0,0,0,0,3
32.54,0,0,0,0,0.02,0.029999999,0,0,0,0,3
32.55,0,0,0,0,-0.02,0,0,0,0,0,3
32.56,0,0,0,0,-0.02,0.01,-0.059999999,0,0,0,3
32.57,0,0,0,0,-0.02,0.01,-0.059999999,0,0,0,3
32.58,0,0,0,0,-0.050000001,0.02,0,0,0,0,3
32.59,0,0,0,0,-0.01,0.01,-0.02,0,0,0,3
32.6,0,0,0,0,-0.01,0.01,-0.02,0,0,0,3
32.61,0,0,0,0,-0.050000001,0.02,-0.02,0,0,0,3
32.62,0,0,0,0,-0.050000001,0,-0.02,0,0,0,3
32.63,0,0,0,0,-0.039999999,0.050000001,0.090000004,0,0,0,3
32.64,0,0,0,0,-0.01,0,-0.059999999,0,0,0,3
32.65,0,0,0,0,-0.02,0.039999999,0.01,0,0,0,3
32.66,0,0,0,0,-0.01,0.02,0,0,0,0,3
32.67,0,0,0,0,-0.01,0.039999999,-0.01,0,0,0,3
32.68,0,0,0,0,0.02,0.039999999,0,0,0,0,3
32.69,0,0,0,0,0,0.059999999,0.02,0,0,0,3
32.7,0,0,0,0,0,0.079999998,0.090000004,0,0,0,3
32.71,0,0,0,0,0,0.02,0,0,0,0,3
32.72,0,0,0,0,-0.039999999,0.050000001,0.059999999,0,0,0,3
32.73,0,0,0,0,-0.029999999,0,0,0,0,0,3
32.74,0,0,0,0,-0.039999999,0.01,-0.029999999,0,0,0,3
32.75,0,0,0,0,-0.029999999,-0.01,-0.100000002,0,0,0,3
32.76,0,0,0,0,0,0.02,-0.100000002,0,0,0,3
32.77,0,0,0,0,-0.050000001,0.01,-0.100000002,0,0,0,3
32.78,0,0,0,0,0,-0.02,-0.07,0,0,0,3
32.79,0,0,0,0,0,0.050000001,-0.029999999,0,0,0,3
32.8,0,0,0,0,0,-0.01,-0.029999999,0,0,0,3
32.81,0,0,0,0,0,0.079999998,0.039999999,0,0,0,3
32.82,0,0,0,0,0,0.02,0.029999999,0,0,0,3
32.83,0,0,0,0,-0.039999999,0.079999998,0.159999996,0,0,0,3
32.84,0,0,0,0,-0.02,0.059999999,0.109999999,0,0,0,3
32.85,0,0,0,0,-0.01,0.079999998,0.059999999,0,0,0,3
32.86,0,0,0,0,0,0.090000004,0,0,0,0,3
32.87,0,0,0,0,-0.050000001,0.02,-0.079999998,0,0,0,3
32.88,0,0,0,0,-0.02,0.07,0,0,0,0,3
32.89,0,0,0,0,-0.050000001,-0.029999999,-0.059999999,0,0,0,3
32.9,0,0,0,0,-0.050000001,0.02,-0.039999999,0,0,0,3
32.91,0,0,0,0,-0.079999998,0,-0.01,0,0,0,3
32.92,0,0,0,0,-0.029999999,0.01,0,0,0,0,3
32.93,0,0,0,0,0,0.01,-0.029999999,0,0,0,3
32.94,0,0,0,0,-0.050000001,0,-0.029999999,0,0,0,3
32.95,0,0,0,0,0.01,0,0.050000001,0,0,0,3
32.96,0,0,0,0,-0.050000001,0,0.01,0,0,0,3
32.97,0,0,0,0,-0.029999999,0.029999999,0.039999999,0,0,0,3
32.98,0,0,0,0,-0.02,-0.01,0.01,0,0,0,3
32.99,0,0,0,0,-0.039999999,0.059999999,0.07,0,0,0,3
33,0,0,0,0,-0.029999999,0,0,0,0,0,3
33.01,0,0,0,0,-0.01,0.07,0.029999999,0,0,0,3
33.02,0,0,0,0,-0.02,0.029999999,0.059999999,0,0,0,3
33.03,0,0,0,0,0,0.100000002,0,0,0,0,3
33.04,0,0,0,0,0.029999999,0.050000001,-0.02,0,0,0,3
33.05,0,0,0,0,-0.039999999,0.050000001,-0.039999999,0,0,0,3
33.06,0,0,0,0,-0.02,0.059999999,0,0,0,0,3
33.07,0,0,0,0,-0.029999999,-0.01,-0.029999999,0,0,0,3
33.08,0,0,0,0,-0.059999999,0.029999999,-0.050000001,0,0,0,3
33.09,0,0,0,0,-0.02,-0.01,0.059999999,0,0,0,3
33.1,0,0,0,0,-0.059999999,0.029999999,0,0,0,0,3
33.11,0,0,0,0,-0.029999999,0,0.059999999,0,0,0,3
33.12,0,0,0,0,-0.02,0,-0.029999999,0,0,0,3
33.13,0,0,0,0,-0.01,0.02,0.01,0,0,0,3
33.14,0,0,0,0,-0.029999999,0.02,-0.090000004,0,0,0,3
33.15,0,0,0,0,-0.02,0.050000001,0.07,0,0,0,3
33.16,0,0,0,0,-0.029999999,0.01,0,0,0,0,3
33.17,0,0,0,0,-0.01,0.029999999,0.01,0,0,0,3
33.18,0,0,0,0,-0.029999999,0.029999999,0.109999999,0,0,0,3
33.19,0,0,0,0,0,0.039999999,0.050000001,0,0,0,3
33.2,0,0,0,0,0,0.02,0.02,0,0,0,3
33.21,0,0,0,0,0,0.02,0,0,0,0,3
33.22,0,0,0,0,-0.02,0.050000001,0.059999999,0,0,0,3
33.23,0,0,0,0,0,0,-0.02,0,0,0,3
33.24,0,0,0,0,-0.050000001,0.039999999,-0.01,0,0,0,3
33.25,0,0,0,0,-0.07,0,-0.02,0,0,0,3
33.26,0,0,0,0,-0.07,0,-0.059999999,0,0,0,3
33.27,0,0,0,0,-0.050000001,0,-0.02,0,0,0,3
33.28,0,0,0,0,-0.02,0.02,0.01,0,0,0,3
33.29,0,0,0,0,-0.029999999,0.01,0.029999999,0,0,0,3
33.3,0,0,0,0,0,0.02,0,0,0,0,3
33.31,0,0,0,0,0,0.029999999,0.02,0,0,0,3
33.32,0,0,0,0,0,0,0,0,0,0,3
33.33,0,0,0,0,0.02,0.059999999,0.039999999,0,0,0,3
33.34,0,0,0,0,-0.029999999,0.050000001,0,0,0,0,3
33.35,0,0,0,0,-0.029999999,0.059999999,0.029999999,0,0,0,3
33.36,0,0,0,0,-0.090000004,0.029999999,-0.01,0,0,0,3
33.37,0,0,0,0,-0.090000004,0.029999999,-0.01,0,0,0,3
33.38,0,0,0,0,-0.109999999,0.02,0.029999999,0,0,0,3
33.39,0,0,0,0,-0.100000002,-0.029999999,-0.050000001,0,0,0,3
33.4,0,0,0,0,-0.050000001,-0.01,-0.079999998,0,0,0,3
33.41,0,0,0,0,-0.059999999,0.02,0,0,0,0,3
33.42,0,0,0,0,0.029999999,0,0,0,0,0,3
33.43,0,0,0,0,0.059999999,0.050000001,0.059999999,0,0,0,3
33.44,0,0,0,0,0.039999999,0.029999999,-0.01,0,0,0,3
33.45,0,0,0,0,0.039999999,0.090000004,0.02,0,0,0,3
33.46,0,0,0,0,0.02,0.029999999,-0.029999999,0,0,0,3
33.47,0,0,0,0,-0.029999999,0.090000004,0.059999999,0,0,0,3
33.48,0,0,0,0,-0.050000001,0.029999999,0,0,0,0,3
33.49,0,0,0,0,-0.07,0.039999999,0.090000004,0,0,0,3
33.5,0,0,0,0,-0.079999998,0.01,0.07,0,0,0,3
33.51,0,0,0,0,-0.07,0,0.02,0,0,0,3
33.52,0,0,0,0,0,0.029999999,-0.01,0,0,0,3
33.53,0,0,0,0,0.02,-0.07,-0.059999999,0,0,0,3
33.54,0,0,0,0,0.01,0.02,-0.02,0,0,0,3
33.55,0,0,0,0,0,-0.029999999,-0.050000001,0,0,0,3
33.56,0,0,0,0,-0.01,0.02,-0.029999999,0,0,0,3
33.57,0,0,0,0,-0.01,0,-0.059999999,0,0,0,3
33.58,0,0,0,0,-0.059999999,0.029999999,0,0,0,0,3
33.59,0,0,0,0,-0.050000001,0.02,0.01,0,0,0,3
33.6,0,0,0,0,-0.100000002,0,-0.039999999,0,0,0,3
33.61,0,0,0,0,-0.090000004,0.029999999,0.079999998,0,0,0,3
33.62,0,0,0,0,-0.07,0.01,-0.029999999,0,0,0,3
33.63,0,0,0,0,-0.07,0.050000001,0.01,0,0,0,3
33.64,0,0,0,0,0,0.02,-0.02,0,0,0,3
33.65,0,0,0,0,-0.029999999,0.02,0.029999999,0,0,0,3
33.66,0,0,0,0,0.029999999,0.050000001,0,0,0,0,3
33.67,0,0,0,0,0,0.109999999,0.039999999,0,0,0,3
33.68,0,0,0,0,0.050000001,0.050000001,0.119999997,0,0,0,3
33.69,0,0,0,0,0,0.050000001,0,0,0,0,3
33.7,0,0,0,0,-0.01,0.050000001,0.02,0,0,0,3
33.71,0,0,0,0,0,0.01,-0.01,0,0,0,3
33.72,0,0,0,0,0,0.059999999,0,0,0,0,3
33.73,0,0,0,0,-0.02,0,-0.050000001,0,0,0,3
33.74,0,0,0,0,-0.029999999,0.07,-0.039999999,0,0,0,3
33.75,0,0,0,0,-0.029999999,0.01,-0.059999999,0,0,0,3
33.76,0,0,0,0,-0.079999998,0.01,-0.059999999,0,0,0,3
33.77,0,0,0,0,-0.059999999,0,0,0,0,0,3
33.78,0,0,0,0,-0.029999999,0,-0.050000001,0,0,0,3
33.79,0,0,0,0,-0.02,0.02,0,0,0,0,3
33.8,0,0,0,0,-0.029999999,0.01,0,0,0,0,3
33.81,0,0,0,0,0,0,0.029999999,0,0,0,3
33.82,0,0,0,0,-0.02,-0.01,0.059999999,0,0,0,3
33.83,0,0,0,0,-0.02,0.039999999,0.050000001,0,0,0,3
33.84,0,0,0,0,-0.039999999,0.050000001,0.01,0,0,0,3
33.85,0,0,0,0,-0.029999999,0.050000001,0.07,0,0,0,3
33.86,0,0,0,0,-0.029999999,0.050000001,0.050000001,0,0,0,3
33.87,0,0,0,0,-0.01,0.050000001,-0.02,0,0,0,3
33.88,0,0,0,0,0,0.029999999,-0.02,0,0,0,3
33.89,0,0,0,0,0,0.02,-0.039999999,0,0,0,3
33.9,0,0,0,0,0,0.039999999,-0.039999999,0,0,0,3
33.91,0,0,0,0,0,0.01,-0.02,0,0,0,3
33.92,0,0,0,0,-0.039999999,0.029999999,0,0,0,0,3
33.93,0,0,0,0,-0.029999999,0.039999999,-0.029999999,0,0,0,3
33.94,0,0,0,0,-0.039999999,0.02,-0.01,0,0,0,3
33.95,0,0,0,0,-0.02,0.02,-0.02,0,0,0,3
33.96,0,0,0,0,0,0.02,0.039999999,0,0,0,3
33.97,0,0,0,0,0,0.059999999,0.039999999,0,0,0,3
33.98,0,0,0,0,0,0.02,0,0,0,0,3
33.99,0,0,0,0,-0.029999999,0.029999999,0.02,0,0,0,3
34,0,0,0,0,-0.039999999,0.02,-0.050000001,0,0,0,3
34.01,0,0,0,0,-0.07,0,-0.01,0,0,0,3
34.02,0,0,0,0,-0.02,0.07,0.050000001,0,0,0,3
34.03,0,0,0,0,-0.01,0.029999999,0.01,0,0,0,3
34.04,0,0,0,0,-0.01,0.050000001,0.059999999,0,0,0,3
34.05,0,0,0,0,-0.01,0,-0.050000001,0,0,0,3
34.06,0,0,0,0,0,0.059999999,0.039999999,0,0,0,3
34.07,0,0,0,0,0,0,-0.059999999,0,0,0,3
34.08,0,0,0,0,-0.01,0.059999999,-0.01,0,0,0,3
34.09,0,0,0,0,-0.01,-0.01,0.039999999,0,0,0,3
34.1,0,0,0,0,-0.050000001,0,-0.02,0,0,0,3
34.11,0,0,0,0,-0.029999999,0,-0.01,0,0,0,3
34.12,0,0,0,0,-0.039999999,0,-0.029999999,0,0,0,3
34.13,0,0,0,0,-0.01,0.050000001,0.050000001,0,0,0,3
34.14,0,0,0,0,-0.039999999,-0.039999999,-0.01,0,0,0,3
34.15,0,0,0,0,0,0.039999999,-0.029999999,0,0,0,3
34.16,0,0,0,0,-0.029999999,0.01,0,0,0,0,3
34.17,0,0,0,0,-0.01,0.02,0,0,0,0,3
34.18,0,0,0,0,-0.01,0.029999999,0.079999998,0,0,0,3
34.19,0,0,0,0,-0.029999999,0.059999999,-0.01,0,0,0,3
34.2,0,0,0,0,-0.02,0.07,0.050000001,0,0,0,3
34.21,0,0,0,0,-0.02,0.039999999,-0.029999999,0,0,0,3
34.22,0,0,0,0,-0.029999999,0.050000001,0,0,0,0,3
34.23,0,0,0,0,-0.029999999,0.01,-0.039999999,0,0,0,3
34.24,0,0,0,0,-0.01,0.039999999,0.01,0,0,0,3
34.25,0,0,0,0,-0.01,0,-0.02,0,0,0,3
34.26,0,0,0,0,-0.01,0,-0.02,0,0,0,3
34.27,0,0,0,0,-0.050000001,0.01,-0.039999999,0,0,0,3
34.28,0,0,0,0,0,0,-0.059999999,0,0,0,3
34.29,0,0,0,0,-0.029999999,0.01,-0.029999999,0,0,0,3
34.3,0,0,0,0,-0.029999999,0.01,-0.059999999,0,0,0,3
34.31,0,0,0,0,-0.039999999,0,0.090000004,0,0,0,3
34.32,0,0,0,0,-0.039999999,0,0.029999999,0,0,0,3
34.33,0,0,0,0,-0.02,0,0.059999999,0,0,0,3
34.34,0,0,0,0,-0.029999999,0.029999999,0.090000004,0,0,0,3
34.35,0,0,0,0,-0.029999999,-0.02,0.02,0,0,0,3
34.36,0,0,0,0,-0.029999999,0.039999999,0,0,0,0,3
34.37,0,0,0,0,-0.029999999,0.01,0,0,0,0,3
34.38,0,0,0,0,-0.02,0,0.01,0,0,0,3
34.39,0,0,0,0,-0.039999999,0.02,-0.02,0,0,0,3
34.4,0,0,0,0,0,0.039999999,-0.059999999,0,0,0,3
34.41,0,0,0,0,0,0.02,-0.01,0,0,0,3
34.42,0,0,0,0,0,0.029999999,0,0,0,0,3
34.43,0,0,0,0,0,0.059999999,0.039999999,0,0,0,3
34.44,0,0,0,0,0,0.01,0.050000001,0,0,0,3
34.45,0,0,0,0,-0.039999999,0.01,0,0,0,0,3
34.46,0,0,0,0,-0.02,0,0,0,0,0,3
34.47,0,0,0,0,-0.029999999,0.050000001,0.050000001,0,0,0,3
34.48,0,0,0,0,-0.029999999,0.029999999,0.01,0,0,0,3
34.49,0,0,0,0,-0.029999999,0.02,-0.01,0,0,0,3
34.5,0,0,0,0,-0.050000001,0.039999999,0.119999997,0,0,0,3
34.51,0,0,0,0,-0.02,0.02,0.01,0,0,0,3
34.52,0,0,0,0,-0.050000001,0.07,0.059999999,0,0,0,3
34.53,0,0,0,0,-0.039999999,0.02,0,0,0,0,3
34.54,0,0,0,0,-0.01,0.029999999,0.039999999,0,0,0,3
34.55,0,0,0,0,-0.050000001,-0.039999999,-0.039999999,0,0,0,3
34.56,0,0,0,0,-0.059999999,0,-0.01,0,0,0,3
34.57,0,0,0,0,0,-0.01,-0.01,0,0,0,3
34.58,0,0,0,0,-0.01,0,-0.029999999,0,0,0,3
34.59,0,0,0,0,-0.02,0,-0.02,0,0,0,3
34.6,0,0,0,0,0,0,-0.079999998,0,0,0,3
34.61,0,0,0,0,-0.039999999,-0.01,-0.039999999,0,0,0,3
34.62,0,0,0,0,-0.029999999,-0.02,-0.01,0,0,0,3
34.63,0,0,0,0,-0.029999999,0.059999999,0.079999998,0,0,0,3
34.64,0,0,0,0,-0.01,0.029999999,0.029999999,0,0,0,3
34.65,0,0,0,0,0,0.059999999,0.059999999,0,0,0,3
34.66,0,0,0,0,-0.02,0.01,0.079999998,0,0,0,3
34.67,0,0,0,0,0,0.059999999,0.050000001,0,0,0,3
34.68,0,0,0,0,-0.050000001,0.029999999,0.100000002,0,0,0,3
34.69,0,0,0,0,0,-0.01,-0.07,0,0,0,3
34.7,0,0,0,0,-0.01,0,0.039999999,0,0,0,3
34.71,0,0,0,0,-0.02,-0.01,-0.01,0,0,0,3
34.72,0,0,0,0,-0.039999999,0.01,-0.039999999,0,0,0,3
34.73,0,0,0,0,-0.050000001,0,-0.02,0,0,0,3
34.74,0,0,0,0,-0.029999999,0,-0.01,0,0,0,3
34.75,0,0,0,0,-0.029999999,0.039999999,-0.02,0,0,0,3
34.76,0,0,0,0,-0.039999999,0.039999999,-0.01,0,0,0,3
34.77,0,0,0,0,0,0.090000004,-0.059999999,0,0,0,3
34.78,0,0,0,0,0,0.050000001,-0.02,0,0,0,3
34.79,0,0,0,0,-0.02,0.050000001,0.02,0,0,0,3
34.8,0,0,0,0,-0.01,0.029999999,0,0,0,0,3
34.81,0,0,0,0,-0.01,0.029999999,0.090000004,0,0,0,3
34.82,0,0,0,0,-0.029999999,0.01,0.029999999,0,0,0,3
34.83,0,0,0,0,0,0,0.029999999,0,0,0,3
34.84,0,0,0,0,-0.050000001,0.07,0.01,0,0,0,3
34.85,0,0,0,0,-0.029999999,0.02,-0.01,0,0,0,3
34.86,0,0,0,0,-0.07,0.029999999,0,0,0,0,3
34.87,0,0,0,0,-0.01,-0.02,0,0,0,0,3
34.88,0,0,0,0,-0.039999999,-0.039999999,-0.050000001,0,0,0,3
34.89,0,0,0,0,-0.039999999,-0.02,-0.07,0,0,0,3
34.9,0,0,0,0,-0.029999999,-0.01,-0.109999999,0,0,0,3
34.91,0,0,0,0,-0.01,0.01,0,0,0,0,3
34.92,0,0,0,0,-0.01,-0.02,0,0,0,0,3
34.93,0,0,0,0,0,0.050000001,0.07,0,0,0,3
34.94,0,0,0,0,-0.01,0.029999999,0.029999999,0,0,0,3
34.95,0,0,0,0,0,0.050000001,0.039999999,0,0,0,3
34.96,0,0,0,0,-0.07,0.050000001,0.059999999,0,0,0,3
34.97,0,0,0,0,0,0.039999999,0,0,0,0,3
34.98,0,0,0,0,-0.039999999,0.059999999,-0.01,0,0,0,3
34.99,0,0,0,0,-0.050000001,0,-0.050000001,0,0,0,3
35,0,0,0,0,-0.039999999,0,0.01,0,0,0,3
35.01,0,0,0,0,0,0.050000001,-0.039999999,0,0,0,3
35.02,0,0,0,0,-0.02,0.02,-0.01,0,0,0,3
35.03,0,0,0,0,-0.01,0.01,0,0,0,0,3
35.04,0,0,0,0,-0.01,0,-0.059999999,0,0,0,3
35.05,0,0,0,0,-0.029999999,0,0.01,0,0,0,3
35.06,0,0,0,0,0,0,-0.029999999,0,0,0,3
35.07,0,0,0,0,-0.029999999,0.02,0.039999999,0,0,0,3
35.08,0,0,0,0,-0.02,-0.01,-0.050000001,0,0,0,3
35.09,0,0,0,0,-0.079999998,0.01,0.01,0,0,0,3
35.1,0,0,0,0,-0.059999999,0.050000001,-0.039999999,0,0,0,3
35.11,0,0,0,0,-0.029999999,0.039999999,0.039999999,0,0,0,3
35.12,0,0,0,0,-0.029999999,0.079999998,0.07,0,0,0,3
35.13,0,0,0,0,0,0.02,0.01,0,0,0,3
35.14,0,0,0,0,0.01,0.059999999,0,0,0,0,3
35.15,0,0,0,0,-0.039999999,0,-0.07,0,0,0,3
35.16,0,0,0,0,-0.029999999,0,0,0,0,0,3
35.17,0,0,0,0,0,-0.029999999,-0.029999999,0,0,0,3
35.18,0,0,0,0,-0.02,-0.02,0,0,0,0,3
35.19,0,0,0,0,-0.039999999,-0.01,0.07,0,0,0,3
35.2,0,0,0,0,-0.039999999,-0.039999999,0,0,0,0,3
35.21,0,0,0,0,0.01,0.029999999,0.050000001,0,0,0,3
35.22,0,0,0,0,0,0.029999999,0,0,0,0,3
35.23,0,0,0,0,-0.01,0.059999999,0,0,0,0,3
35.24,0,0,0,0,-0.01,0.07,-0.01,0,0,0,3
35.25,0,0,0,0,-0.050000001,0.050000001,0.01,0,0,0,3
35.26,0,0,0,0,-0.01,0.050000001,0.02,0,0,0,3
35.27,0,0,0,0,-0.02,0.079999998,0.01,0,0,0,3
35.28,0,0,0,0,0,0.059999999,0.079999998,0,0,0,3
35.29,0,0,0,0,0,0.050000001,0,0,0,0,3
35.3,0,0,0,0,0,0.059999999,0.079999998,0,0,0,3
35.31,0,0,0,0,-0.01,0.01,-0.029999999,0,0,0,3
35.32,0,0,0,0,-0.050000001,0,0,0,0,0,3
35.33,0,0,0,0,-0.01,0,-0.029999999,0,0,0,3
35.34,0,0,0,0,-0.02,0.01,0,0,0,0,3
35.35,0,0,0,0,-0.02,0,-0.02,0,0,0,3
35.36,0,0,0,0,-0.039999999,-0.029999999,-0.07,0,0,0,3
35.37,0,0,0,0,-0.02,0.01,0,0,0,0,3
35.38,0,0,0,0,-0.039999999,0,0,0,0,0,3
35.39,0,0,0,0,-0.02,0.050000001,-0.029999999,0,0,0,3
35.4,0,0,0,0,-0.029999999,0.050000001,0.02,0,0,0,3
35.41,0,0,0,0,-0.02,0.059999999,0.090000004,0,0,0,3
35.42,0,0,0,0,-0.02,0.050000001,0.079999998,0,0,0,3
35.43,0,0,0,0,-0.02,0.01,0.02,0,0,0,3
35.44,0,0,0,0,-0.059999999,0.02,0,0,0,0,3
35.45,0,0,0,0,-0.02,-0.01,0,0,0,0,3
35.46,0,0,0,0,-0.029999999,-0.01,-0.01,0,0,0,3
35.47,0,0,0,0,-0.02,0,-0.090000004,0,0,0,3
35.48,0,0,0,0,-0.050000001,-0.029999999,0,0,0,0,3
35.49,0,0,0,0,0,0,0.02,0,0,0,3
35.5,0,0,0,0,-0.01,0,-0.01,0,0,0,3
35.51,0,0,0,0,-0.029999999,0,0.01,0,0,0,3
35.52,0,0,0,0,0,0,0,0,0,0,3
35.53,0,0,0,0,0,0.050000001,0.02,0,0,0,3
35.54,0,0,0,0,-0.029999999,0,0,0,0,0,3
35.55,0,0,0,0,-0.029999999,0.079999998,0.079999998,0,0,0,3
35.56,0,0,0,0,0,0.039999999,0.01,0,0,0,3
35.57,0,0,0,0,-0.01,0.050000001,-0.01,0,0,0,3
35.58,0,0,0,0,-0.029999999,0.050000001,0,0,0,0,3
35.59,0,0,0,0,-0.02,0.029999999,-0.059999999,0,0,0,3
35.6,0,0,0,0,-0.029999999,0.090000004,-0.050000001,0,0,0,3
35.61,0,0,0,0,-0.039999999,0.02,-0.029999999,0,0,0,3
35.62,0,0,0,0,-0.01,-0.01,0,0,0,0,3
35.63,0,0,0,0,-0.059999999,-0.01,-0.050000001,0,0,0,3
35.64,0,0,0,0,-0.02,0.01,-0.079999998,0,0,0,3
35.65,0,0,0,0,-0.029999999,-0.01,-0.050000001,0,0,0,3
35.66,0,0,0,0,0,0,-0.109999999,0,0,0,3
35.67,0,0,0,0,-0.02,-0.01,-0.039999999,0,0,0,3
35.68,0,0,0,0,-0.029999999,0.029999999,-0.039999999,0,0,0,3
35.69,0,0,0,0,-0.059999999,0.02,0.01,0,0,0,3
35.7,0,0,0,0,-0.029999999,0.029999999,-0.02,0,0,0,3
35.71,0,0,0,0,-0.050000001,0.059999999,0.050000001,0,0,0,3
35.72,0,0,0,0,-0.039999999,0.02,0,0,0,0,3
35.73,0,0,0,0,-0.01,0.050000001,0.039999999,0,0,0,3
35.74,0,0,0,0,0,0.01,-0.02,0,0,0,3
35.75,0,0,0,0,-0.02,0.01,0,0,0,0,3
35.76,0,0,0,0,0,0,0.02,0,0,0,3
35.77,0,0,0,0,0,0,-0.02,0,0,0,3
35.78,0,0,0,0,-0.039999999,0.02,0.039999999,0,0,0,3
35.79,0,0,0,0,0.029999999,0.039999999,0,0,0,0,3
35.8,0,0,0,0,-0.039999999,0.050000001,0.079999998,0,0,0,3
35.81,0,0,0,0,0.01,0.02,-0.039999999,0,0,0,3
35.82,0,0,0,0,-0.02,0,0.01,0,0,0,3
35.83,0,0,0,0,-0.02,0.02,-0.029999999,0,0,0,3
35.84,0,0,0,0,-0.050000001,0,0,0,0,0,3
35.85,0,0,0,0,-0.039999999,0.029999999,0.039999999,0,0,0,3
35.86,0,0,0,0,-0.050000001,0,0.059999999,0,0,0,3
35.87,0,0,0,0,-0.07,0.050000001,-0.01,0,0,0,3
35.88,0,0,0,0,-0.029999999,0.029999999,-0.029999999,0,0,0,3
35.89,0,0,0,0,-0.029999999,0.059999999,0.01,0,0,0,3
35.9,0,0,0,0,-0.01,0.029999999,0.02,0,0,0,3
35.91,0,0,0,0,-0.029999999,0.07,0.01,0,0,0,3
35.92,0,0,0,0,-0.01,0.039999999,0,0,0,0,3
35.93,0,0,0,0,0,0.01,-0.029999999,0,0,0,3
35.94,0,0,0,0,-0.02,0.01,-0.01,0,0,0,3
35.95,0,0,0,0,-0.01,-0.01,-0.050000001,0,0,0,3
35.96,0,0,0,0,-0.02,0.01,0,0,0,0,3
35.97,0,0,0,0,-0.039999999,-0.02,0.01,0,0,0,3
35.98,0,0,0,0,-0.059999999,0,-0.01,0,0,0,3
35.99,0,0,0,0,-0.02,0,-0.02,0,0,0,3
36,0,0,0,0,-0.059999999,-0.029999999,-0.039999999,0,0,0,3
36.01,0,-2,0,0,-0.029999999,0.02,-0.01,0,0,0,3
36.02,7,-10,0,0,-0.02,-0.029999999,-0.039999999,0,0,0,3
36.03,64,-65,0,0,-0.02,0.02,0.039999999,0,0,0,3
36.04,42,-191,0,0,0,-0.02,0.039999999,0,0,0,3
36.05,8,20,0,0,0.039999999,-0.029999999,0.02,0,0,0,3
36.06,21,-21,0,0,1.879999995,0.239999995,0.109999999,0,0,0,3
36.07,40,-52,0,0,0.270000011,0.439999998,0.029999999,-0.02,0,0,3
36.08,13,-13,0,0,2.650000095,0.469999999,1.049999952,0,-0.01,0,3
36.09,43,-49,0,0,0,0.07,-1.090000033,-0.02,0.01,0,3
36.1,37,-36,0,0,1.399999976,0.02,-0.319999993,-0.01,0,0,3
36.11,48,-42,0,0,-0.209999993,-0.01,-0.289999992,0,0.029999999,0,3
36.12,55,-56,0,0,0.680000007,-0.07,-0.239999995,0,0.029999999,0,3
36.13,54,-64,0,0,1.100000024,-0.050000001,1.389999986,0,0,0,3
36.14,74,-73,0,0,0.980000019,-0.109999999,1,0,0.01,0,3
36.15,74,-81,0,0,1.840000033,-0.07,0.25,0,-0.02,0,3
36.16,88,-91,0,0,1.74000001,-0.050000001,0.389999986,0,-0.01,0,3
36.17,103,-94,0,0,1.710000038,-0.100000002,-0.649999976,0,0,0,3
36.18,95,-134,0,0,2.119999886,0.050000001,-0.670000017,0,0,0,3
36.19,143,-115,0,0,1.899999976,-0.07,0.449999988,0.01,0.02,0,3
36.2,147,-164,0,0,1.899999976,-0.07,0.449999988,0.01,0.02,0,3
36.21,154,-143,0,0,2.210000038,0,0.620000005,0,0,0,3
36.22,180,-165,0,0,2.130000114,0.02,0.629999995,-0.01,0.01,0,3
36.23,164,-184,0,0,2.319999933,0.050000001,-0.370000005,0,0,0,3
36.24,217,-206,0,0,2.440000057,0.189999998,-0.029999999,0,0,0,3
36.25,212,-228,0,0,2.839999914,0.150000006,-0.419999987,0,0,0,3
36.26,232,-223,0,0,3.059999943,0.25,0.01,0,0.01,0,3
36.27,274,-263,0,0,2.890000105,-0.02,0.059999999,0,0,0,3
36.28,256,-264,0,0,3.289999962,-0.039999999,0.360000014,0,0.01,0,3
36.29,300,-303,0,0,3.299999952,-0.079999998,0.259999991,0.01,0.01,0,3
36.3,312,-322,0,0,3.269999981,-0.340000004,0.479999989,0,0.01,0,3
36.31,344,-324,0,0,3.619999886,-0.039999999,0.239999995,0,0.01,0,3
36.32,354,-371,0,0,2.890000105,-0.239999995,0.039999999,0,0.02,0,3
36.33,391,-381,0,0,4.349999905,-0.170000002,0.129999995,0.02,0,0,3
36.34,404,-404,0,0,2.769999981,-0.02,-0.449999988,0,0,0,3
36.35,445,-433,0,0,4.460000038,-0.119999997,0.02,0.02,0.02,0,3
36.36,454,-455,0,0,3.380000114,0.180000007,-0.419999987,-0.01,0,0,3
36.37,454,-455,0,0,4.28000021,0.090000004,0.370000005,0.01,0,0,3
36.38,508,-509,0,0,3.609999895,0.039999999,-0.419999987,0,0,0,3
36.39,508,-528,0,0,3.930000067,-0.01,-0.379999995,0.01,0.01,0,2
36.4,550,-553,0,0,3.799999952,0.07,-0.01,-0.01,0.01,0,2
36.41,583,-585,0,0,4.150000095,0.039999999,-0.129999995,0,0,0,2
36.42,593,-591,0,0,4.400000095,-0.109999999,0.219999999,-0.01,0,0,2
36.43,624,-631,0,0,3.819999933,0.170000002,-0.079999998,-0.01,0,0,2
36.44,654,-666,0,0,3.670000076,-0.239999995,0.270000011,0,0,-0.01,2
36.45,660,-663,0,0,3.49000001,0.119999997,-0.340000004,-0.01,0.01,-0.01,1
36.46,717,-712,0,0,3.25,-0.119999997,-0.02,0.01,0.01,-0.01,1
36.47,740,-741,0,0,3.809999943,-0.140000001,0.769999981,0,0,-0.01,0
36.48,764,-758,0,0,4.059999943,0.090000004,0.75,0,0,-0.02,0
36.49,803,-763,0,0,3.730000019,-0.02,0.090000004,-0.01,0,-0.02,0
36.5,822,-785,0,0,4.03000021,0.029999999,0.140000001,0,0,-0.029999999,0
36.51,846,-821,0,0,3.269999981,0.200000003,-0.050000001,0,0.01,-0.02,0
36.52,885,-854,0,0,3.279999971,0.100000002,-0.189999998,0,0.01,-0.029999999,0
36.53,896,-869,0,0,3.720000029,0,0.310000002,0,0.01,-0.029999999,0
36.54,920,-905,0,0,3.650000095,0.07,0,0,0.01,-0.029999999,0
36.55,970,-915,0,0,4.260000229,0.079999998,0.419999987,0,0,-0.029999999,-1
36.56,985,-943,0,0,4.190000057,0.189999998,0.810000002,0,0,-0.029999999,-1
36.57,1003,-951,0,0,4.269999981,0.090000004,-0.209999993,0,0,-0.039999999,-1
36.58,1061,-983,0,0,4.21999979,0.349999994,-1.139999986,0,0,-0.039999999,-1
36.59,1073,-1037,0,0,3.650000095,0.050000001,-0.180000007,0.01,0,-0.039999999,-2
36.6,1111,-1046,0,0,4.139999866,0.170000002,-0.280000001,0,0.01,-0.050000001,-2
36.61,1129,-1065,0,0,3.75,0.219999999,0.050000001,0,0,-0.050000001,-2
36.62,1161,-1123,0,0,4.050000191,-0.239999995,0.800000012,0,0,-0.059999999,-2
36.63,1183,-1140,0,0,3.390000105,0.109999999,0.469999999,-0.01,0,-0.059999999,-2
36.64,1201,-1145,0,0,4.639999866,0.01,0.430000007,-0.02,-0.01,-0.07,-2
36.65,1235,-1179,0,0,3.670000076,0.059999999,0.349999994,-0.029999999,-0.01,-0.07,-2
36.66,1241,-1184,0,0,4.019999981,0.230000004,-0.5,0,-0.01,-0.07,-2
36.67,1297,-1208,0,0,3.829999924,0.300000012,-0.039999999,0,0,-0.059999999,-3
36.68,1336,-1246,0,0,3.319999933,0.560000002,-0.159999996,0.029999999,0.01,-0.07,-3
36.69,1347,-1268,0,0,4.360000134,0.74000001,0.079999998,0.039999999,-0.01,-0.07,-3
36.7,1369,-1303,0,0,3.269999981,0.460000008,0.409999996,0.01,0,-0.07,-3
36.71,1407,-1347,0,0,4.78000021,0.340000004,0.170000002,0.01,0,-0.07,-3
36.72,1434,-1384,0,0,3.299999952,0.189999998,0.270000011,0,0,-0.07,-3
36.73,1437,-1393,0,0,4.650000095,0.129999995,-0.430000007,0,0.02,-0.07,-3
36.74,1517,-1430,0,0,3.109999895,0.01,0.01,0,0.01,-0.07,-3
36.75,1536,-1458,0,0,4.320000172,0,0.550000012,0.01,0.02,-0.07,-3
36.76,1584,-1443,0,0,4.03000021,0.270000011,0.200000003,0.01,0,-0.079999998,-3
36.77,1602,-1495,0,0,4.159999847,-0.300000012,0.07,0,0,-0.079999998,-3
36.78,1631,-1566,0,0,3.890000105,-0.289999992,0.99000001,-0.02,0,-0.079999998,-3
36.79,1613,-1597,0,0,3.880000114,-0.140000001,0.449999988,-0.029999999,0,-0.090000004,-3
36.8,1687,-1597,0,0,4.75,-0.090000004,0.759999991,0,0,-0.090000004,-3
36.81,1768,-1613,0,0,4.409999847,0.589999974,0.99000001,-0.01,-0.029999999,-0.090000004,-3
36.82,1848,-1663,0,0,4.190000057,-0.079999998,0.360000014,0.029999999,-0.01,-0.090000004,-3
36.83,1724,-1612,0,0,4.050000191,0.379999995,-0.239999995,0.01,-0.01,-0.090000004,-3
36.84,1710,-1688,0,0,4.690000057,-0.239999995,-0.610000014,0.01,-0.01,-0.100000002,-3
36.85,1762,-1728,0,0,3.069999933,-0.090000004,0.349999994,0,0.01,-0.100000002,-3
36.86,1797,-1728,0,0,3.880000114,0.180000007,-0.059999999,0,0.02,-0.090000004,-3
36.87,1853,-1757,0,0,3.609999895,0.920000017,0.200000003,0.01,0.01,-0.079999998,-2
36.88,1919,-1782,0,0,4.179999828,0.419999987,0.310000002,0.039999999,0.02,-0.079999998,-2
36.89,1985,-1798,0,0,3.74000001,0,0.569999993,0.02,0,-0.079999998,-2
36.9,1957,-1897,0,0,4.340000153,-0.059999999,0.300000012,0.02,0,-0.079999998,-2
36.91,2080,-1911,0,0,4.570000172,-0.360000014,-0.360000014,0.01,0.029999999,-0.090000004,-2
36.92,2149,-1907,0,0,3.99000001,-0.119999997,-0.529999971,0,0,-0.079999998,-1
36.93,2184,-2055,0,0,4.630000114,-0.25,0.400000006,0.02,0.02,-0.079999998,-1
36.94,2113,-2199,0,0,3.75,-0.709999979,0.209999993,0,0,-0.079999998,-1
36.95,2015,-2327,0,0,4.679999828,-0.730000019,1.279999971,0,0,-0.079999998,-1
36.96,2075,-2365,0,0,6.510000229,1.100000024,-0.720000029,-0.02,0,-0.07,-1
36.97,2125,-2185,0,0,5.260000229,0.419999987,-0.689999998,-0.01,-0.029999999,-0.07,-1
36.98,2087,-2353,0,0,6.980000019,1.059999943,0.980000019,0.059999999,-0.039999999,-0.050000001,-1
36.99,2163,-2339,0,0,3.700000048,0.150000006,-1.960000038,0.039999999,0.029999999,-0.07,0
37,2154,-2050,0,0,7.630000114,1.019999981,-0.779999971,-0.079999998,-0.01,-0.039999999,0
37.01,2167,-2162,0,0,3.880000114,0.870000005,-1.389999986,0,0.029999999,-0.029999999,0
37.02,2202,-2229,0,0,3.619999886,0.379999995,-1.070000052,0,-0.01,-0.029999999,0
37.03,2194,-2140,0,0,1.460000038,-0.360000014,0.230000004,0,0.039999999,-0.029999999,0
37.04,2244,-2244,0,0,2.130000114,-0.509999991,-0.189999998,0.01,0.100000002,-0.029999999,0
37.05,2271,-2206,0,0,3.170000076,-0.259999991,3.829999924,0.02,-0.050000001,-0.029999999,0
37.06,2269,-2237,0,0,3.710000038,-0.49000001,4.019999981,-0.029999999,0,-0.039999999,0
37.07,2337,-2372,0,0,3.390000105,-0.439999998,1.450000048,-0.059999999,-0.059999999,-0.039999999,0
37.08,2364,-2399,0,0,4.690000057,0.5,1.679999948,-0.02,-0.059999999,-0.039999999,0
37.09,2380,-2302,0,0,3.119999886,0.449999988,-1.879999995,0,0.039999999,-0.039999999,0
37.1,2467,-2329,0,0,3.930000067,0.689999998,-0.730000019,0.050000001,0.02,-0.029999999,0
37.11,2442,-2438,0,0,3.390000105,0.74000001,1.649999976,0.02,0.02,-0.029999999,0
37.12,2459,-2429,0,0,4.460000038,0.579999983,0.270000011,0.01,0.029999999,-0.029999999,0
37.13,2506,-2488,0,0,5.260000229,0.150000006,1.200000048,-0.02,-0.02,-0.029999999,0
37.14,2599,-2548,0,0,3.670000076,-0.310000002,0.409999996,-0.029999999,0,-0.02,0
37.15,2592,-2562,0,0,5.980000019,0.699999988,-1.639999986,-0.02,-0.01,-0.02,0
37.16,2557,-2626,0,0,4.71999979,-0.449999988,-2.079999924,0.039999999,0,-0.02,0
37.17,2638,-2693,0,0,5.480000019,0.01,-2.210000038,0.039999999,0.02,-0.02,0
37.18,2793,-2758,0,0,3.720000029,0.209999993,-1.129999995,0,0.01,-0.02,0
37.19,2951,-2741,0,0,4.099999905,0.259999991,-1.440000057,0,0.029999999,-0.01,0
37.2,3001,-2775,0,0,5.639999866,0.050000001,0.280000001,-0.039999999,0.01,-0.01,0
37.21,3002,-2799,0,0,4.420000076,0.280000001,1.289999962,-0.059999999,-0.01,-0.01,0
37.22,3113,-2862,0,0,6.519999981,0.050000001,2.140000105,-0.029999999,-0.039999999,-0.029999999,0
37.23,3092,-2860,0,0,3.430000067,1.230000019,-0.109999999,-0.079999998,-0.029999999,-0.02,0
37.24,3071,-2829,0,0,6.150000095,-1.230000019,2,0,-0.050000001,-0.039999999,0
37.25,2869,-2762,0,0,2.390000105,1.059999943,-0.289999992,-0.050000001,-0.01,-0.029999999,0
37.26,2747,-2889,0,0,4.909999847,-0.939999998,0.189999998,0.02,-0.029999999,-0.050000001,0
37.27,2835,-2956,0,0,0.039999999,0.389999986,1.960000038,-0.050000001,-0.01,-0.039999999,0
37.28,2889,-2834,0,0,3.890000105,0.5,0.280000001,0.039999999,0.029999999,-0.050000001,0
37.29,2874,-2865,0,0,1.850000024,0.219999999,2.799999952,0.01,-0.02,-0.029999999,0
37.3,2912,-2943,0,0,2.369999886,0.75,0.280000001,0.059999999,0.01,-0.029999999,0
37.31,2932,-2925,0,0,2.25999999,-0.109999999,3.140000105,0.02,-0.01,-0.029999999,0
37.32,2935,-2956,0,0,1.419999957,0.170000002,1.669999957,-0.02,0,-0.029999999,1
37.33,2991,-2990,0,0,1.720000029,-0.100000002,1.139999986,-0.039999999,0,-0.02,1
37.34,3009,-3033,0,0,2.24000001,0.469999999,0.560000002,0,0.07,-0.01,0
37.35,3080,-3008,0,0,2.089999914,-0.090000004,-1.480000019,0.01,0.119999997,-0.01,0
37.36,3156,-3125,0,0,3.089999914,0.560000002,-0.090000004,0.050000001,0.109999999,-0.01,0
37.37,3262,-3104,0,0,3.210000038,0.370000005,-0.01,0.02,0.109999999,0,1
37.38,3374,-3082,0,0,3.539999962,0,1.25999999,-0.02,0.07,-0.01,1
37.39,3474,-3153,0,0,4.019999981,-0.340000004,0.319999993,-0.079999998,0.039999999,-0.01,0
37.4,3379,-3230,0,0,3.480000019,-0.100000002,0.860000014,-0.039999999,0.029999999,-0.01,0
37.41,3490,-3347,0,0,5.119999886,-1.340000033,0.5,0.01,0.02,-0.02,0
37.42,3537,-3507,0,0,3.00999999,0.07,-0.379999995,0.02,0,-0.02,0
37.43,3541,-3515,0,0,3.890000105,0.07,-0.02,0.059999999,-0.01,-0.029999999,0
37.44,3881,-3459,0,0,-1.100000024,1.190000057,-1.450000048,-0.02,-0.029999999,-0.02,0
37.45,4119,-3595,0,0,3.690000057,1.049999952,-0.769999981,0.050000001,0,0,1
37.46,4350,-3500,0,0,1.149999976,-0.109999999,-2.5,0.01,0.050000001,0,1
37.47,4412,-3366,0,0,5.820000172,0.02,1.639999986,0,-0.119999997,0,1
37.48,4565,-3399,0,0,4.460000038,-0.170000002,4.179999828,-0.01,-0.07,0.01,1
37.49,4554,-3484,0,0,6.159999847,0.029999999,-2.130000114,-0.039999999,-0.07,0.01,1
37.5,4416,-3423,0,0,4.679999828,-1.029999971,0.409999996,-0.029999999,-0.029999999,0,2
37.51,4205,-3549,0,0,7.46999979,0.109999999,-5.269999981,0.029999999,-0.029999999,0,2
37.52,4110,-3640,0,0,3.109999895,-0.100000002,-2.579999924,0.050000001,-0.039999999,-0.01,2
37.53,3927,-3483,0,0,3.25999999,-0.150000006,-2.970000029,0.039999999,0.100000002,-0.02,2
37.54,3573,-3543,0,0,4.110000134,-1.00999999,-0.589999974,-0.01,0.090000004,-0.02,2
37.55,3475,-3573,0,0,5.269999981,0.409999996,2.029999971,-0.02,0.059999999,-0.02,2
37.56,3594,-3643,0,0,3.839999914,1.330000043,1.25999999,-0.090000004,0.029999999,-0.01,2
37.57,3575,-3597,0,0,3.559999943,0.439999998,1.110000014,-0.109999999,0.01,-0.01,2
37.58,3614,-3600,0,0,3.559999943,1.110000014,1.25999999,0,0.029999999,0.01,2
37.59,3662,-3720,0,0,4.260000229,1,0.790000022,0.07,0.01,0.01,2
37.6,3640,-3752,0,0,3.700000048,0.800000012,1.690000057,0.039999999,0,0.01,2
37.61,3803,-3998,0,0,3.549999952,0.610000014,0.300000012,0.059999999,0.01,0.01,2
37.62,4006,-3881,0,0,2.769999981,-1.289999962,1.480000019,-0.01,-0.050000001,0,2
37.63,3670,-3637,0,0,4.820000172,-0.150000006,4.690000057,-0.079999998,-0.100000002,0,2
37.64,3729,-3822,0,0,4.460000038,-1.25999999,8.390000343,-0.219999999,-0.129999995,-0.02,2
37.65,3753,-3883,0,0,1.899999976,-0.560000002,2.299999952,-0.230000004,-0.170000002,-0.02,2
37.66,3746,-4124,0,0,4.179999828,-2.230000019,-5.300000191,0.109999999,-0.059999999,-0.050000001,2
37.67,3890,-4195,0,0,0.389999986,-0.829999983,-4.420000076,0.07,-0.02,-0.039999999,2
37.68,3852,-4229,0,0,5.869999886,0.389999986,-5.090000153,0.200000003,-0.039999999,-0.050000001,2
37.69,4040,-4247,0,0,-0.670000017,-0.280000001,0.209999993,0.079999998,0.079999998,-0.039999999,2
37.7,3913,-4297,0,0,5.889999866,3.049999952,-5.710000038,-0.039999999,0.059999999,-0.02,2
37.71,3964,-4184,0,0,0.730000019,-0.180000007,-1.570000052,0.01,0.050000001,-0.050000001,2
37.72,4026,-4546,0,0,3.690000057,1.700000048,-4.059999943,-0.090000004,0.079999998,-0.029999999,2
37.73,4014,-4842,0,0,1.159999967,0.109999999,1.25,-0.01,0,-0.050000001,1
37.74,4106,-5115,0,0,4.119999886,0.540000022,1.269999981,-0.039999999,0.029999999,-0.059999999,1
37.75,4074,-5160,0,0,1.5,0.270000011,-1.049999952,0.01,-0.01,-0.059999999,1
37.76,4121,-5139,0,0,4.710000038,0.49000001,2.359999895,0.02,-0.059999999,-0.059999999,1
37.77,4157,-4939,0,0,1.379999995,0.589999974,-0.829999983,0.01,0.02,-0.059999999,1
37.78,4169,-5105,0,0,1.659999967,1.070000052,-4.090000153,-0.01,0.029999999,-0.039999999,1
37.79,4183,-5097,0,0,3.210000038,-1.25,0.400000006,0.059999999,0.01,-0.059999999,1
37.8,4187,-5190,0,0,0.930000007,1.5,-2.029999971,0.01,0.059999999,-0.050000001,1
37.81,4243,-5261,0,0,5.010000229,-0.050000001,3.519999981,0.100000002,-0.050000001,-0.059999999,1
37.82,4251,-5274,0,0,0.870000005,1.029999971,4.78000021,0,-0.039999999,-0.07,0
37.83,4291,-5224,0,0,6.449999809,1.779999971,-0.300000012,0.02,-0.050000001,-0.059999999,0
37.84,4359,-5183,0,0,3.680000067,0.02,2.49000001,0,-0.050000001,-0.079999998,0
37.85,4332,-4973,0,0,6.5,1.690000057,-2.119999886,-0.029999999,-0.109999999,-0.07,0
37.86,4395,-4999,0,0,8.300000191,-0.75,2.519999981,-0.01,-0.07,-0.100000002,0
37.87,4386,-5084,0,0,5.170000076,2.559999943,-4.46999979,-0.119999997,0.029999999,-0.07,0
37.88,4490,-5314,0,0,6.980000019,-1.710000038,-0.779999971,0.029999999,-0.100000002,-0.129999995,0
37.89,4444,-5295,0,0,1,0.079999998,-1.620000005,-0.200000003,0.109999999,-0.109999999,0
37.9,4485,-5358,0,0,6.869999886,1.299999952,-1.399999976,0.01,0.02,-0.129999995,0
37.91,4485,-5358,0,0,1.070000052,0.850000024,1.090000033,0.079999998,0.109999999,-0.129999995,0
37.92,4418,-5385,0,0,5.440000057,1.850000024,-3.730000019,0.050000001,0.039999999,-0.119999997,0
37.93,4515,-5014,0,0,4.840000153,2.700000048,3.690000057,0.059999999,0,-0.090000004,0
37.94,4588,-4455,0,0,3.670000076,1.25999999,0.209999993,0.090000004,0.079999998,-0.090000004,0
37.95,4602,-4520,0,0,4.960000038,0.400000006,3,0.01,-0.079999998,-0.079999998,0
37.96,4637,-4657,0,0,3.380000114,-0.280000001,3.900000095,-0.079999998,0,-0.090000004,0
37.97,4694,-4628,0,0,2.769999981,0.810000002,-2.960000038,-0.07,-0.01,-0.100000002,0
37.98,4691,-4756,0,0,2.529999971,-0.029999999,-0.5,-0.029999999,-0.029999999,-0.109999999,0
37.99,4707,-4772,0,0,2.339999914,0.930000007,-3.099999905,0,0.079999998,-0.100000002,0
38,4733,-4782,0,0,4.889999866,1.570000052,-0.959999979,0.170000002,0.039999999,-0.109999999,0
38.01,4926,-4717,0,0,2.660000086,0.939999998,3.539999962,0.100000002,0.029999999,-0.109999999,0
38.02,5018,-4759,0,0,3.769999981,1.450000048,3.710000038,-0.02,0.02,-0.109999999,0
38.03,5098,-4748,0,0,2.130000114,0.810000002,0.209999993,-0.100000002,0,-0.100000002,0
38.04,4940,-5039,0,0,5.96999979,0.660000026,1.090000033,-0.059999999,-0.01,-0.109999999,0
38.05,4953,-4997,0,0,1.370000005,0.610000014,0.99000001,-0.140000001,-0.02,-0.119999997,0
38.06,4794,-5108,0,0,4.369999886,1.309999943,-0.970000029,-0.039999999,-0.01,-0.119999997,0
38.07,4944,-4913,0,0,1.809999943,2.119999886,-3.369999886,-0.039999999,0.01,-0.109999999,0
38.08,4952,-4867,0,0,1.809999943,2.119999886,-3.369999886,0.07,0.02,-0.100000002,0
38.09,5044,-4802,0,0,4.309999943,2.349999905,0.49000001,0.01,0,-0.100000002,0
38.1,4950,-5004,0,0,2.059999943,1.419999957,2.029999971,-0.090000004,0.029999999,-0.100000002,0
38.11,5018,-4936,0,0,5.769999981,0.589999974,1.25,-0.090000004,-0.029999999,-0.109999999,0
38.12,5031,-5025,0,0,4.860000134,1.470000029,1.190000057,0.01,-0.01,-0.100000002,0
38.13,5124,-5039,0,0,5.909999847,0.699999988,0.02,0,-0.039999999,-0.109999999,0
38.14,5099,-5137,0,0,5.619999886,1.539999962,1.700000048,0.02,-0.029999999,-0.100000002,0
38.15,5196,-5159,0,0,4.559999943,2.230000019,-3.140000105,0.039999999,0.02,-0.109999999,0
38.16,5167,-5253,0,0,6.119999886,1.950000048,-0.360000014,-0.039999999,-0.050000001,-0.119999997,0
38.17,5246,-5176,0,0,3.930000067,2.529999971,-1.940000057,-0.029999999,0.02,-0.129999995,0
38.18,5141,-5224,0,0,4.820000172,2.029999971,0.939999998,-0.050000001,-0.01,-0.159999996,0
38.19,5320,-5098,0,0,5.190000057,2.150000095,1.99000001,-0.090000004,-0.050000001,-0.170000002,-2
38.2,5279,-5298,0,0,3.039999962,1.600000024,2.819999933,-0.079999998,0,-0.200000003,-4
38.21,5331,-5256,0,0,3.00999999,2.779999971,-1.100000024,-0.100000002,-0.029999999,-0.209999993,-4
38.22,5228,-5334,0,0,3.809999943,2.25,-0.699999988,-0.129999995,-0.01,-0.25,-4
38.23,5380,-5195,0,0,4.880000114,3.269999981,-3.299999952,-0.090000004,-0.01,-0.259999991,-5
38.24,5423,-5145,0,0,4.519999981,3.049999952,0.25,0.02,-0.01,-0.289999992,-5
38.25,5470,-5231,0,0,4.550000191,2.829999924,-0.660000026,0,0.029999999,-0.310000002,-6
38.26,5571,-5237,0,0,5.340000153,3.119999886,1.190000057,-0.090000004,0,-0.330000013,-6
38.27,5482,-5368,0,0,5.400000095,2.799999952,-1.149999976,-0.07,0,-0.349999994,-7
38.28,5592,-5352,0,0,4.679999828,3.769999981,-0.200000003,-0.079999998,-0.059999999,-0.360000014,-7
38.29,5498,-5333,0,0,3.279999971,1.610000014,-1.330000043,-0.02,0.01,-0.379999995,-9
38.3,5575,-5314,0,0,4.360000134,5.059999943,-3.25,-0.050000001,0,-0.379999995,-9
38.31,5538,-5406,0,0,1.029999971,3.339999914,-1.919999957,0.07,-0.01,-0.419999987,-12
38.32,5729,-5251,0,0,3.029999971,5.449999809,-1.159999967,0.02,0.01,-0.449999988,-12
38.33,5787,-5330,0,0,0.779999971,3.690000057,0.330000013,0.100000002,-0.029999999,-0.479999989,-14
38.34,5689,-5303,0,0,2.880000114,3.569999933,-2.440000057,-0.109999999,0,-0.529999971,-14
38.35,5797,-5504,0,0,0.759999991,3.24000001,-1.570000052,-0.109999999,0,-0.550000012,-16
38.36,5785,-5363,0,0,2.119999886,4.96999979,-1.029999971,-0.109999999,0.02,-0.600000024,-16
38.37,5803,-5383,0,0,1.129999995,5.300000191,-1.320000052,-0.02,0,-0.620000005,-16
38.38,5885,-5319,0,0,0.419999987,6.230000019,1.25,0.02,0.02,-0.649999976,-16
38.39,5940,-5258,0,0,2.680000067,5.320000172,1.909999967,0.079999998,-0.029999999,-0.670000017,-16
38.4,5949,-5325,0,0,-1.379999995,5.590000153,0.509999991,-0.090000004,-0.01,-0.689999998,-16
38.41,5881,-5326,0,0,4.639999866,5.78000021,1.159999967,-0.059999999,-0.029999999,-0.689999998,-16
38.42,5933,-5434,0,0,1.610000014,5.900000095,2.720000029,0,0.01,-0.680000007,-16
38.43,5867,-5357,0,0,7.25,6.25,1.75999999,0.02,-0.180000007,-0.689999998,-16
38.44,5916,-5405,0,0,3.400000095,6.349999905,5.639999866,0.01,-0.07,-0.689999998,-16
38.45,6000,-5386,0,0,9.680000305,7.070000172,-3.5,0.02,-0.129999995,-0.680000007,-16
38.46,5944,-5484,0,0,7.28000021,5.300000191,2.75999999,0.07,-0.129999995,-0.689999998,-16
38.47,6096,-5425,0,0,6.389999866,6.760000229,-8.909999847,0.039999999,-0.059999999,-0.689999998,-16
38.48,6068,-5525,0,0,6.389999866,6.760000229,-8.909999847,0.01,-0.150000006,-0.680000007,-16
38.49,6024,-5516,0,0,2.700000048,7.119999886,-9.93999958,0.059999999,0.090000004,-0.689999998,-16
38.5,6097,-5570,0,0,2.700000048,7.119999886,-9.93999958,-0.029999999,-0.140000001,-0.680000007,-16
38.51,6100,-5523,0,0,-0.389999986,6.900000095,-4.239999771,-0.02,0.170000002,-0.709999979,-16
38.52,6081,-5514,0,0,4.099999905,8.220000267,-7.809999943,0.050000001,0.01,-0.699999988,-16
38.53,6166,-5548,0,0,1.460000038,5.559999943,4.389999866,0.050000001,0.150000006,-0.74000001,-17
38.54,6184,-5464,0,0,2.839999914,6.869999886,-3.619999886,0,0.079999998,-0.730000019,-17
38.55,6183,-5639,0,0,2.24000001,4.940000057,5.599999905,-0.029999999,0,-0.74000001,-17
38.56,6105,-5535,0,0,5.070000172,5.679999828,3.269999981,-0.079999998,0.01,-0.74000001,-17
38.57,6160,-5666,0,0,0.670000017,7.400000095,1.820000052,-0.079999998,-0.100000002,-0.730000019,-17
38.58,6149,-5631,0,0,0.670000017,7.400000095,1.820000052,0.07,-0.050000001,-0.74000001,-17
38.59,6229,-5642,0,0,-1.360000014,7.840000153,-4.550000191,0.050000001,0,-0.730000019,-17
38.6,6362,-5651,0,0,-1.25999999,6.480000019,-3.470000029,0.140000001,0,-0.730000019,-17
38.61,6284,-5627,0,0,-0.870000005,5.670000076,2.00999999,0.090000004,0.100000002,-0.730000019,-17
38.62,6271,-5748,0,0,-4.260000229,7.360000134,-3.970000029,-0.079999998,0.109999999,-0.699999988,-17
38.63,6351,-5667,0,0,2.859999895,5.739999771,9.109999657,-0.050000001,-0.07,-0.689999998,-17
38.64,6330,-5851,0,0,-2.470000029,5.409999847,5.659999847,-0.059999999,0.119999997,-0.709999979,-17
38.65,6292,-5748,0,0,6.860000134,5.880000114,6.329999924,-0.109999999,-0.209999993,-0.689999998,-17
38.66,6298,-5771,0,0,1.029999971,7.090000153,12.88000011,-0.07,-0.159999996,-0.680000007,-17
38.67,6472,-5812,0,0,4.840000153,7.769999981,-4.039999962,-0.039999999,-0.230000004,-0.680000007,-17
38.68,6613,-5798,0,0,4.840000153,7.769999981,-4.039999962,-0.039999999,-0.230000004,-0.680000007,-17
38.69,6374,-5769,0,0,3.25999999,7.119999886,-9.659999847,0.159999996,-0.189999998,-0.689999998,-17
38.7,6354,-5717,0,0,3.25999999,7.119999886,-9.659999847,0.159999996,-0.189999998,-0.689999998,-22
38.71,6451,-5814,0,0,-0.980000019,5.269999981,-4.019999981,-0.07,-0.209999993,-0.730000019,-22
38.72,6352,-5855,0,0,0.039999999,5.650000095,-5.440000057,-0.100000002,0.050000001,-0.75,-22
38.73,6393,-5877,0,0,-1.200000048,6.440000057,-5.130000114,-0.209999993,0,-0.800000012,-24
38.74,6544,-5786,0,0,0.810000002,7.889999866,3.339999914,-0.219999999,-0.02,-0.800000012,-24
38.75,6393,-5760,0,0,-1.330000043,8.239999771,2.859999895,-0.129999995,0,-0.839999974,-26
38.76,6520,-5743,0,0,0.409999996,8.260000229,2.869999886,-0.090000004,-0.189999998,-0.860000014,-26
38.77,6573,-5765,0,0,-2.930000067,8.779999733,3.059999943,-0.01,-0.079999998,-0.920000017,-26
38.78,6531,-5732,0,0,1.649999976,7.210000038,-2.920000076,0.02,-0.159999996,-0.959999979,-26
38.79,6583,-5706,0,0,0.810000002,7.53000021,3.720000029,0.029999999,-0.109999999,-1,-26
38.8,6589,-5750,0,0,0.75,8.859999657,-0.050000001,-0.039999999,-0.090000004,-1.00999999,-26
38.81,6497,-5698,0,0,-2.670000076,4.980000019,-1,-0.059999999,-0.039999999,-1.080000043,-26
38.82,6580,-5674,0,0,3.549999952,8.479999542,-2.079999924,-0.119999997,0.029999999,-1.049999952,-26
38.83,6542,-5715,0,0,-0.100000002,8.909999847,0.759999991,-0.050000001,0.079999998,-1.100000024,-26
38.84,6595,-5693,0,0,2.769999981,11.82999992,4.070000172,-0.100000002,-0.150000006,-1.070000052,-26
38.85,6653,-5720,0,0,1.419999957,8,6.789999962,0.170000002,-0.02,-1.139999986,-26
38.86,6691,-5706,0,0,4.210000038,11.22999954,-3.910000086,0.029999999,-0.039999999,-1.110000014,-26
38.87,6655,-5738,0,0,0.01,8.859999657,0.340000004,0.159999996,0,-1.139999986,-26
38.88,6595,-5738,0,0,3.50999999,11.22999954,-6.909999847,0.100000002,0,-1.129999995,-26
38.89,6669,-5742,0,0,1.360000014,11.63000011,-0.029999999,0.079999998,-0.01,-1.120000005,-26
38.9,6599,-5775,0,0,2.589999914,7.340000153,0.029999999,0.079999998,0,-1.139999986,-26
38.91,6626,-5778,0,0,2.210000038,9.520000458,-1.149999976,-0.100000002,-0.039999999,-1.129999995,-26
38.92,6685,-5802,0,0,-0.029999999,9.100000381,-0.870000005,-0.100000002,0.02,-1.129999995,-26
38.93,6520,-5757,0,0,-0.610000014,11.97000027,-3.119999886,-0.01,0.02,-1.100000024,-26
38.94,6509,-5726,0,0,0.479999989,11.93000031,-2.74000001,0.159999996,0.029999999,-1.100000024,-26
38.95,6673,-5739,0,0,-0.289999992,11.05000019,-3.049999952,0.159999996,0.029999999,-1.080000043,-25
38.96,6509,-5752,0,0,1.590000033,10.68999958,5.559999943,0.189999998,-0.059999999,-1.070000052,-25
38.97,6592,-5773,0,0,3.369999886,7.369999886,4.760000229,0.129999995,-0.059999999,-1.070000052,-25
38.98,6626,-5772,0,0,-0.49000001,10.02000046,2.5,-0.039999999,-0.050000001,-1.029999971,-25
38.99,6555,-5816,0,0,0.400000006,9.260000229,-0.07,0.02,-0.039999999,-1.019999981,-24
39,6648,-5808,0,0,-1.149999976,12.48999977,-3.559999943,0.01,0.050000001,-0.99000001,-24
39.01,6593,-5855,0,0,-3.220000029,11.44999981,-6.5,0.119999997,0.01,-0.949999988,-24
39.02,6486,-5856,0,0,1.190000057,8.930000305,3.809999943,0.219999999,0.029999999,-0.959999979,-24
39.03,6623,-5811,0,0,-1.679999948,11.39999962,-0.109999999,0.02,0.029999999,-0.920000017,-24
39.04,6627,-5884,0,0,0.230000004,7.980000019,4.900000095,0.029999999,-0.170000002,-0.930000007,-24
39.05,6487,-5896,0,0,0.550000012,8.329999924,4.46999979,-0.079999998,-0.100000002,-0.910000026,-24
39.06,6559,-5868,0,0,-0.389999986,8.390000343,-6.309999943,-0.039999999,-0.01,-0.920000017,-24
39.07,6598,-5862,0,0,-0.839999974,8.18999958,-3.420000076,0.090000004,0.02,-0.920000017,-24
39.08,6517,-5890,0,0,2.829999924,9.390000343,-1.879999995,0.219999999,0,-0.920000017,-24
39.09,6678,-5857,0,0,2.650000095,8.130000114,1.909999967,0.170000002,0.050000001,-0.930000007,-24
39.1,6577,-5868,0,0,2.49000001,9.229999542,4.699999809,0.050000001,-0.079999998,-0.910000026,-24
39.11,6573,-5921,0,0,2.900000095,8.850000381,5.739999771,-0.109999999,-0.109999999,-0.910000026,-24
39.12,6639,-5936,0,0,-1.590000033,9.75,-4.96999979,-0.170000002,0.02,-0.910000026,-24
39.13,6596,-5901,0,0,-0.879999995,9.93999958,-6.71999979,-0.109999999,0,-0.889999986,-24
39.14,6581,-5912,0,0,-0.689999998,10.28999996,-1.970000029,0.029999999,0.079999998,-0.889999986,-24
39.15,6688,-5914,0,0,0.170000002,9.340000153,-4.110000134,0.200000003,0.059999999,-0.889999986,-25
39.16,6705,-5864,0,0,0.930000007,8.279999733,7.159999847,0.180000007,-0.100000002,-0.889999986,-25
39.17,6625,-5925,0,0,1.080000043,6.480000019,4.75,0.170000002,-0.07,-0.920000017,-25
39.18,6596,-5929,0,0,0.289999992,7.119999886,1.570000052,0.01,-0.090000004,-0.930000007,-25
39.19,6720,-5971,0,0,-2.160000086,5.75,-0.310000002,-0.07,-0.029999999,-0.980000019,-26
39.2,6668,-5929,0,0,1.669999957,7.880000114,-1.320000052,-0.100000002,0,-0.99000001,-26
39.21,6697,-5861,0,0,1.179999948,8.539999962,-1.629999995,0,0.079999998,-1.029999971,-26
39.22,6767,-5880,0,0,4.78000021,9.220000267,4.380000114,0,-0.150000006,-1.019999981,-26
39.23,6768,-5860,0,0,4.929999828,10.06000042,7.289999962,0.059999999,-0.200000003,-1.039999962,-26
39.24,6753,-5873,0,0,-2.849999905,10.97999954,-4.199999809,-0.039999999,-0.029999999,-1.059999943,-26
39.25,6856,-5845,0,0,1.350000024,10.52000046,-4.03000021,-0.01,-0.07,-1.090000033,-27
39.26,6738,-5922,0,0,0.079999998,10.10999966,-5.5,0.079999998,0.090000004,-1.100000024,-27
39.27,6808,-5927,0,0,3.410000086,11.56999969,-8.18999958,0.029999999,-0.039999999,-1.100000024,-27
39.28,6938,-5911,0,0,-0.409999996,10.11999989,4.239999771,0.02,0.039999999,-1.120000005,-27
39.29,6699,-5923,0,0,-0.07,11.98999977,-0.959999979,0,0.029999999,-1.120000005,-27
39.3,6784,-5893,0,0,0.509999991,9.949999809,0.560000002,0.050000001,-0.029999999,-1.129999995,-27
39.31,6950,-5931,0,0,0.720000029,12.52000046,-0.090000004,-0.02,0.01,-1.139999986,-28
39.32,6849,-5980,0,0,0.270000011,10.14999962,-2.809999943,0.150000006,-0.02,-1.169999957,-28
39.33,6843,-5926,0,0,3.579999924,9.970000267,-1.289999962,0.059999999,0,-1.179999948,-29
39.34,6930,-5957,0,0,1.070000052,9.699999809,-1.789999962,0.050000001,0.02,-1.190000057,-29
39.35,6959,-5993,0,0,4.789999962,11.21000004,1.50999999,-0.079999998,-0.029999999,-1.179999948,-31
39.36,6909,-5895,0,0,-3.089999914,12.05000019,-4.940000057,-0.090000004,0.059999999,-1.179999948,-31
39.37,6927,-5964,0,0,1.360000014,13.77000046,-7.300000191,-0.100000002,-0.029999999,-1.179999948,-33
39.38,6999,-5912,0,0,-2.059999943,10.53999996,-0.949999988,-0.050000001,0.119999997,-1.210000038,-33
39.39,6934,-5980,0,0,3.960000038,10.88000011,-4.119999886,0.02,0.02,-1.190000057,-33
39.4,6855,-5920,0,0,-2.359999895,11.67000008,7.090000153,-0.039999999,-0.02,-1.179999948,-33
39.41,6938,-5944,0,0,3.349999905,11.02999973,-0.5,0.079999998,-0.079999998,-1.179999948,-33
39.42,6846,-5932,0,0,-1.480000019,9.739999771,2.549999952,0.100000002,-0.029999999,-1.169999957,-33
39.43,6946,-5857,0,0,0.74000001,11.63000011,-5.860000134,0.119999997,-0.109999999,-1.190000057,-33
39.44,6988,-5938,0,0,-3.50999999,9.649999619,-1.429999948,0.170000002,0.02,-1.210000038,-33
39.45,6886,-5933,0,0,-2.089999914,12,-7.059999943,0.050000001,0.01,-1.24000001,-33
39.46,6917,-5956,0,0,-2.170000076,8.569999695,4.050000191,0.119999997,0.01,-1.25,-33
39.47,6884,-5863,0,0,-3.650000095,14.21000004,-3.210000038,-0.150000006,0.050000001,-1.25999999,-33
39.48,7038,-5895,0,0,-2.579999924,8.539999962,5.519999981,0.029999999,-0.079999998,-1.279999971,-33
39.49,6911,-5864,0,0,-3.950000048,13.06999969,-0.800000012,-0.090000004,0.050000001,-1.320000052,-33
39.5,6964,-5837,0,0,-1.539999962,9.390000343,2.24000001,0.079999998,-0.079999998,-1.320000052,-33
39.51,7128,-5825,0,0,-2.160000086,13.31999969,3.839999914,-0.029999999,0.029999999,-1.320000052,-33
39.52,6864,-5849,0,0,0.239999995,10.60000038,0.119999997,0.059999999,-0.100000002,-1.350000024,-33
39.53,6943,-5881,0,0,0.759999991,12.01000023,5.050000191,-0.059999999,-0.079999998,-1.350000024,-33
39.54,7168,-5888,0,0,0.449999988,8.350000381,-5.429999828,0.07,0,-1.379999995,-33
39.55,6958,-5892,0,0,-2.319999933,12.15999985,-3.039999962,-0.100000002,0.01,-1.379999995,-33
39.56,7017,-5840,0,0,1,10.22999954,-6.480000019,0.189999998,0.029999999,-1.399999976,-33
39.57,7097,-5877,0,0,-1.75999999,12.01000023,-4.900000095,-0.029999999,0.059999999,-1.389999986,-34
39.58,7033,-5870,0,0,2.920000076,8.739999771,0.939999998,0.159999996,-0.02,-1.419999957,-34
39.59,7014,-5878,0,0,1.50999999,10.89999962,3.190000057,0,-0.01,-1.399999976,-35
39.6,6934,-5880,0,0,3.160000086,10.32999992,-0.430000007,0,-0.029999999,-1.399999976,-35
39.61,7022,-5834,0,0,-0.270000011,13.18999958,2.099999905,-0.150000006,-0.059999999,-1.379999995,-35
39.62,7055,-5838,0,0,1.679999948,10.69999981,-4.579999924,0.109999999,-0.07,-1.399999976,-35
39.63,6844,-5774,0,0,-0.779999971,15.19999981,-2.460000038,-0.159999996,-0.02,-1.389999986,-36
39.64,6942,-5797,0,0,0.810000002,12.56999969,-1.960000038,0.050000001,-0.170000002,-1.399999976,-36
39.65,6995,-5725,0,0,-0.850000024,14.27000046,0.949999988,0.01,-0.079999998,-1.389999986,-36
39.66,6868,-5784,0,0,1.570000052,12.43000031,-4.71999979,0.039999999,-0.029999999,-1.440000057,-36
39.67,6999,-5807,0,0,3.289999962,11.05000019,1.429999948,0.050000001,0,-1.429999948,-36
39.68,6934,-5789,0,0,4.519999981,11.78999996,0.01,0.090000004,-0.109999999,-1.460000038,-36
39.69,7030,-5794,0,0,7.889999866,10.60999966,4.440000057,0.01,-0.150000006,-1.480000019,-36
39.7,6959,-5752,0,0,0.469999999,13.60000038,-5.230000019,-0.039999999,-0.109999999,-1.450000048,-36
39.71,6969,-5768,0,0,3.319999933,12.21000004,-2.920000076,0.02,-0.180000007,-1.49000001,-36
39.72,6982,-5750,0,0,-0.579999983,13.65999985,-10.27000046,0.059999999,0.100000002,-1.49000001,-36
39.73,6911,-5783,0,0,3.589999914,10.96000004,-11.23999977,0.140000001,0.01,-1.529999971,-36
39.74,7009,-5671,0,0,-1.090000033,11.76000023,1.860000014,0.140000001,0.01,-1.519999981,-36
39.75,6938,-5729,0,0,1.070000052,12.44999981,-5.320000172,0.100000002,-0.02,-1.539999962,-36
39.76,6832,-5691,0,0,-1.210000038,11.10999966,2.589999914,0.109999999,0.029999999,-1.549999952,-36
39.77,7023,-5635,0,0,0.970000029,13.22000027,-6.21999979,0.119999997,0.029999999,-1.559999943,-36
39.78,6973,-5665,0,0,0.949999988,10.52999973,2.660000086,0.209999993,-0.029999999,-1.570000052,-36
39.79,6932,-5624,0,0,2.930000067,10.73999977,-1.340000033,0.159999996,-0.059999999,-1.580000043,-36
39.8,6920,-5676,0,0,-3.269999981,14.51000023,1.279999971,0.050000001,0.029999999,-1.539999962,-36
39.81,6890,-5668,0,0,-0.300000012,13.01000023,0.720000029,-0.079999998,0,-1.539999962,-36
39.82,6929,-5715,0,0,-4.159999847,14.96000004,0.360000014,-0.100000002,0.02,-1.529999971,-36
39.83,6870,-5755,0,0,-1.139999986,13.93000031,-2.710000038,0.02,0.02,-1.529999971,-35
39.84,6953,-5609,0,0,-0.389999986,15.43999958,5.730000019,-0.02,-0.079999998,-1.50999999,-35
39.85,6950,-5690,0,0,-1.600000024,10.81999969,2.619999886,0.280000001,-0.01,-1.529999971,-35
39.86,6797,-5648,0,0,-0.600000024,11.94999981,5.96999979,0.07,-0.100000002,-1.49000001,-35
39.87,6880,-5675,0,0,-2.569999933,11.07999992,2.450000048,0.180000007,-0.059999999,-1.529999971,-34
39.88,6963,-5632,0,0,-2.460000038,10.96000004,1,0.090000004,-0.050000001,-1.519999981,-34
39.89,6843,-5658,0,0,-3.140000105,10.80000019,-0.400000006,0.050000001,0.050000001,-1.559999943,-34
39.9,6942,-5621,0,0,-2.089999914,11.52999973,2.380000114,0.029999999,-0.050000001,-1.549999952,-34
39.91,6919,-5570,0,0,-0.589999974,13.90999985,0.980000019,0.039999999,0.100000002,-1.580000043,-33
39.92,6960,-5610,0,0,0.079999998,10.19999981,1.799999952,0.039999999,-0.140000001,-1.590000033,-33
39.93,6915,-5576,0,0,-1.850000024,13.47000027,1.570000052,-0.039999999,-0.02,-1.620000005,-31
39.94,6912,-5639,0,0,3.109999895,10.48999977,-0.74000001,0.050000001,-0.07,-1.639999986,-31
39.95,6928,-5641,0,0,0.689999998,12.35000038,1.480000019,0,-0.090000004,-1.620000005,-29
39.96,6868,-5623,0,0,1.899999976,14.17000008,-2.190000057,0.039999999,0,-1.590000033,-29
39.97,6901,-5638,0,0,3,11.5,-0.769999981,0.150000006,-0.059999999,-1.590000033,-25
39.98,6834,-5612,0,0,1.330000043,12.98999977,1.580000043,0.140000001,-0.07,-1.559999943,-25
39.99,6678,-5646,0,0,1.299999952,10.06000042,-2.170000076,0.200000003,-0.02,-1.570000052,-22
40,6891,-5630,0,0,2.400000095,13.19999981,2.200000048,0.140000001,-0.02,-1.519999981,-22
40.01,6819,-5712,0,0,0.870000005,12.35999966,-0.779999971,0.180000007,-0.029999999,-1.529999971,-19
40.02,6716,-5648,0,0,2.670000076,12.02000046,1.870000005,0.140000001,-0.050000001,-1.529999971,-19
40.03,6811,-5724,0,0,3.349999905,12.07999992,1.919999957,0.090000004,-0.059999999,-1.5,-17
40.04,6822,-5692,0,0,0.430000007,11.63000011,0.550000012,0.050000001,-0.029999999,-1.50999999,-17
40.05,6710,-5622,0,0,-0.219999999,12.01000023,-1.450000048,0.039999999,0.01,-1.460000038,-13
40.06,6766,-5725,0,0,0.469999999,14.36999989,-1.320000052,0.050000001,0.079999998,-1.419999957,-13
40.07,6709,-5691,0,0,-0.509999991,13.47000027,-2.930000067,0.119999997,0.109999999,-1.379999995,-9
40.08,6690,-5813,0,0,3.970000029,15.21000004,5.25,0.050000001,0,-1.330000043,-9
40.09,6732,-5774,0,0,1.929999948,9.960000038,7.190000057,0.259999991,0.039999999,-1.299999952,-6
40.1,6604,-5891,0,0,3.430000067,16.67000008,5.510000229,-0.079999998,-0.039999999,-1.200000048,-6
40.11,6559,-5926,0,0,-1.039999962,10.36999989,7.320000172,0.180000007,0.050000001,-1.129999995,-3
40.12,6572,-5855,0,0,5.380000114,15.31000042,-0.589999974,-0.01,0.02,-1.059999943,-3
40.13,6575,-6089,0,0,2.230000019,13.32999992,3.680000067,0.100000002,0.02,-0.959999979,-3
40.14,6538,-6097,0,0,4.230000019,12.07999992,3.099999905,0,-0.079999998,-0.939999998,-3
40.15,6521,-6230,0,0,3.569999933,14.15999985,3.75999999,-0.029999999,-0.059999999,-0.829999983,-3
40.16,6515,-6310,0,0,1.49000001,12.5,-2.359999895,-0.079999998,-0.039999999,-0.810000002,-3
40.17,6524,-6272,0,0,0.400000006,16.34000015,-1.74000001,-0.189999998,-0.109999999,-0.689999998,-5
40.18,6434,-6314,0,0,0.949999988,16.12999916,-4.46999979,-0.050000001,0.090000004,-0.660000026,-5
40.19,6531,-6289,0,0,-1.940000057,14.14000034,-6.599999905,0.029999999,0.059999999,-0.589999974,-6
40.2,6481,-6240,0,0,6.110000134,15.78999996,7.239999771,0.050000001,-0.07,-0.540000022,-6
40.21,6487,-6385,0,0,1.74000001,10.07999992,4.119999886,0.129999995,0,-0.540000022,-7
40.22,6485,-6354,0,0,6.349999905,11.98999977,8.319999695,0,-0.319999993,-0.49000001,-7
40.23,6389,-6296,0,0,3.769999981,10.27000046,6.260000229,0.140000001,-0.270000011,-0.49000001,-7
40.24,6568,-6248,0,0,1.360000014,10.93999958,-8,0.119999997,-0.079999998,-0.469999999,-7
40.25,6463,-6153,0,0,-1.049999952,10.82999992,-8.149999619,0.150000006,-0.07,-0.449999988,-7
40.26,6480,-6284,0,0,2.410000086,10.68000031,-4.809999943,0.319999993,0.119999997,-0.439999998,-7
40.27,6513,-6291,0,0,-1.409999967,9.300000191,-9.979999542,0.140000001,0.129999995,-0.439999998,-6
40.28,6490,-6282,0,0,4.940000057,10.56999969,6.989999771,0.200000003,-0.01,-0.389999986,-6
40.29,6453,-6369,0,0,4.599999905,9.949999809,4.239999771,0.109999999,0.02,-0.330000013,-5
40.3,6479,-6334,0,0,1.389999986,8.859999657,0.469999999,0.029999999,-0.059999999,-0.310000002,-5
40.31,6493,-6330,0,0,1.600000024,7.429999828,4.050000191,0.039999999,-0.050000001,-0.25,-5
40.32,6454,-6356,0,0,-0.180000007,6.25,-9.149999619,0.150000006,0.119999997,-0.230000004,-5
40.33,6575,-6333,0,0,1.75999999,4.650000095,-5.28000021,0.129999995,0.050000001,-0.200000003,-7
40.34,6504,-6421,0,0,1.549999952,3,3.589999914,0.200000003,0.07,-0.209999993,-7
40.35,6539,-6454,0,0,4.050000191,1.840000033,2.529999971,0.07,0.029999999,-0.25,-12
40.36,6686,-6414,0,0,0.219999999,3.160000086,3.950000048,-0.100000002,-0.01,-0.270000011,-12
40.37,6687,-6416,0,0,-0.839999974,4.28000021,2.680000067,-0.07,-0.029999999,-0.360000014,-19
40.38,6842,-6496,0,0,-1.00999999,2.930000067,-5.409999847,-0.039999999,0.029999999,-0.389999986,-19
40.39,6877,-6428,0,0,-5.099999905,4.769999981,-4.940000057,-0.159999996,0.02,-0.5,-26
40.4,6912,-6468,0,0,0.439999998,3.299999952,1.480000019,0,-0.029999999,-0.560000002,-26
40.41,7043,-6355,0,0,-0.829999983,4.199999809,2.339999914,-0.059999999,0.01,-0.680000007,-32
40.42,6952,-6297,0,0,2.230000019,6.210000038,5.449999809,-0.170000002,-0.209999993,-0.689999998,-32
40.43,7052,-6214,0,0,-0.340000004,6.25,9.970000267,-0.01,-0.189999998,-0.790000022,-35
40.44,7124,-6115,0,0,-0.769999981,7.329999924,-5.519999981,-0.109999999,-0.079999998,-0.810000002,-35
40.45,7130,-6179,0,0,-4.480000019,8.010000229,-1.840000033,-0.150000006,-0.059999999,-0.899999976,-36
40.46,7100,-6159,0,0,0.289999992,5.809999943,-0.460000008,0,-0.029999999,-0.949999988,-36
40.47,7064,-6173,0,0,-3.140000105,6.96999979,-3.00999999,-0.050000001,0.02,-1.029999971,-36
40.48,7046,-6162,0,0,2.769999981,8.100000381,6.860000134,-0.050000001,-0.109999999,-1.049999952,-36
40.49,7201,-6145,0,0,-1.870000005,9.710000038,4.420000076,0.059999999,0,-1.090000033,-36
40.5,7214,-6106,0,0,6.170000076,8.890000343,-0.519999981,0.119999997,-0.150000006,-1.129999995,-36
40.51,7345,-6189,0,0,0.720000029,8.850000381,6.260000229,0.02,-0.100000002,-1.159999967,-36
40.52,7149,-6130,0,0,5.570000172,10.92000008,-3.940000057,0.100000002,-0.119999997,-1.169999957,-36
40.53,7179,-6205,0,0,1.879999995,9.369999886,1.120000005,0,-0.170000002,-1.190000057,-36
40.54,7375,-6150,0,0,3.539999962,9.279999733,-8.850000381,0.07,0,-1.190000057,-36
40.55,7209,-6121,0,0,-1.379999995,11.10000038,-7.150000095,-0.129999995,-0.02,-1.220000029,-37
40.56,7163,-6089,0,0,1.620000005,9.43999958,-7.079999924,0.029999999,0.029999999,-1.230000019,-37
40.57,7171,-6084,0,0,-1.950000048,12.72999954,-4.21999979,-0.100000002,0.02,-1.25,-37
40.58,7123,-6032,0,0,0.140000001,10.89999962,-1.74000001,0.059999999,0.01,-1.25,-37
40.59,7106,-6084,0,0,-0.889999986,13,1.440000057,-0.029999999,0.100000002,-1.25999999,-37
40.6,7148,-6058,0,0,0.600000024,13.06000042,2.099999905,0.029999999,-0.109999999,-1.25,-37
40.61,7169,-6036,0,0,1.340000033,12.96000004,7.260000229,0.01,-0.07,-1.230000019,-37
40.62,7134,-6080,0,0,-4.010000229,13.09000015,-6.329999924,-0.059999999,-0.07,-1.24000001,-37
40.63,7122,-6052,0,0,-0.129999995,11.01000023,-1.779999971,0.02,-0.01,-1.25,-37
40.64,7083,-6054,0,0,0.050000001,12.10000038,0.200000003,-0.029999999,0.02,-1.25999999,-37
40.65,7104,-6041,0,0,4.5,10.88000011,4.239999771,0.050000001,-0.159999996,-1.289999962,-37
40.66,7037,-6062,0,0,-4.46999979,13.18999958,1.870000005,-0.150000006,0,-1.289999962,-37
40.67,7118,-5913,0,0,-0.289999992,9.31000042,-5,0.129999995,-0.029999999,-1.320000052,-37
40.68,7050,-5978,0,0,-1.399999976,10.35999966,1.889999986,0.100000002,0.07,-1.330000043,-37
40.69,6976,-5976,0,0,-2.390000105,10.59000015,-11.21000004,0.270000011,0.02,-1.379999995,-37
40.7,7125,-5906,0,0,-0.079999998,8.56000042,5.889999866,0.259999991,0.079999998,-1.379999995,-37
40.71,7103,-5895,0,0,-5.940000057,13.90999985,-4.269999981,0.02,0.109999999,-1.379999995,-37
40.72,7065,-5942,0,0,1.559999943,11.93000031,6.559999943,0.159999996,-0.01,-1.399999976,-37
40.73,7108,-5890,0,0,-2.660000086,12.75,3.779999971,-0.050000001,0.07,-1.389999986,-37
40.74,7080,-5932,0,0,4.869999886,12.18999958,2.299999952,0.059999999,-0.150000006,-1.399999976,-37
40.75,7056,-5962,0,0,1.00999999,13.11999989,10.77999973,-0.07,-0.109999999,-1.389999986,-37
40.76,7131,-5908,0,0,0.479999989,13.81999969,-7.590000153,-0.01,-0.140000001,-1.399999976,-37
40.77,7103,-5992,0,0,-3.920000076,11.67000008,2.400000095,-0.109999999,-0.050000001,-1.399999976,-37
40.78,7047,-5953,0,0,4.960000038,14.01000023,-7.409999847,0.029999999,0,-1.379999995,-37
40.79,7068,-5961,0,0,3.200000048,12.47999954,5.21999979,0.079999998,0,-1.350000024,-36
40.8,6908,-5942,0,0,4.179999828,16.25,1.419999957,-0.029999999,-0.209999993,-1.299999952,-36
40.81,7029,-5950,0,0,4.460000038,12.53999996,10.57999992,0.140000001,-0.209999993,-1.289999962,-36
40.82,6908,-5895,0,0,1.440000057,16.09000015,-7.670000076,-0.01,-0.109999999,-1.24000001,-36
40.83,6998,-5834,0,0,1.919999957,11.42000008,0.079999998,0.07,-0.219999999,-1.279999971,-36
40.84,6981,-5881,0,0,-3.160000086,16.65999985,-7.349999905,-0.140000001,0,-1.24000001,-36
40.85,7006,-5847,0,0,2.410000086,14.38000011,-3.059999943,0.029999999,-0.119999997,-1.230000019,-36
40.86,6915,-5929,0,0,-6.599999905,15.61999989,-1.629999995,-0.219999999,-0.01,-1.269999981,-36
40.87,6943,-5903,0,0,-3.150000095,13.13000011,-6.409999847,-0.07,-0.029999999,-1.24000001,-36
40.88,6942,-5871,0,0,-2.210000038,12.88000011,4.070000172,-0.230000004,0.02,-1.309999943,-36
40.89,6980,-5875,0,0,1.440000057,12.63000011,0.180000007,0.239999995,0.07,-1.299999952,-36
40.9,6929,-5840,0,0,1.320000052,14.30000019,10.05000019,0.039999999,-0.270000011,-1.279999971,-36
40.91,7008,-5828,0,0,2.619999886,13.51000023,7.21999979,0.280000001,-0.180000007,-1.299999952,-36
40.92,6928,-5845,0,0,-2.930000067,13.05000019,-3.50999999,0.059999999,-0.180000007,-1.330000043,-36
40.93,6834,-5903,0,0,1.730000019,11.10999966,4.119999886,-0.039999999,-0.150000006,-1.350000024,-36
40.94,7037,-5785,0,0,-4.610000134,12.46000004,-9.420000076,-0.159999996,0.01,-1.379999995,-36
40.95,6971,-5825,0,0,-2.49000001,17.63999939,-2.839999914,-0.280000001,0.029999999,-1.350000024,-36
40.96,6934,-5795,0,0,-5.420000076,15.97999954,-3.799999952,-0.189999998,0.090000004,-1.429999948,-36
40.97,7016,-5770,0,0,-2.809999943,20.25,-1.029999971,-0.25,0,-1.309999943,-36
40.98,6977,-5730,0,0,-1.820000052,17.81999969,3.630000114,-0.280000001,-0.029999999,-1.5,-36
40.99,6964,-5766,0,0,1.470000029,15.67000008,10.18999958,-0.039999999,-0.109999999,-1.409999967,-36
41,6943,-5768,0,0,-2.25999999,13.17000008,-4.760000229,-0.200000003,-0.039999999,-1.460000038,-36
41.01,6921,-5776,0,0,-0.01,16.20000076,4.119999886,-0.129999995,-0.050000001,-1.409999967,-36
41.02,6949,-5819,0,0,-0.349999994,15.14000034,-5.309999943,-0.119999997,0.039999999,-1.440000057,-36
41.03,6882,-5773,0,0,0.319999993,15.26000023,0.209999993,0.01,-0.050000001,-1.409999967,-36
41.04,6943,-5760,0,0,0.349999994,13.63000011,2.00999999,-0.039999999,0.07,-1.419999957,-36
41.05,6963,-5789,0,0,-0.270000011,13.03999996,-1.820000052,0.209999993,0.07,-1.399999976,-35
41.06,6909,-5754,0,0,5.150000095,12.63000011,1.960000038,0.140000001,-0.059999999,-1.389999986,-35
41.07,6929,-5763,0,0,2.690000057,12.51000023,4.320000172,0.150000006,-0.029999999,-1.379999995,-34
41.08,6972,-5757,0,0,5.849999905,10.34000015,-1.019999981,0.109999999,-0.150000006,-1.419999957,-34
41.09,6828,-5760,0,0,4.320000172,12.59000015,5.920000076,-0.140000001,-0.200000003,-1.379999995,-31
41.1,6811,-5713,0,0,2.609999895,13.68000031,-8.880000114,-0.059999999,-0.100000002,-1.389999986,-31
41.11,6907,-5718,0,0,3.24000001,13.36999989,-4.059999943,-0.140000001,-0.159999996,-1.379999995,-28
41.12,6818,-5705,0,0,0.680000007,15.39999962,-9.090000153,-0.07,0.02,-1.350000024,-28
41.13,6758,-5695,0,0,2.400000095,14.27999973,-7.190000057,0.01,-0.100000002,-1.370000005,-24
41.14,6761,-5739,0,0,0.550000012,16.57999992,-2.529999971,0.01,0.050000001,-1.340000033,-24
41.15,6751,-5785,0,0,0.01,14.97999954,-1.570000052,0.129999995,-0.029999999,-1.309999943,-21
41.16,6716,-5765,0,0,1.409999967,13.10999966,2.349999905,0.140000001,0,-1.330000043,-21
41.17,6801,-5794,0,0,0.920000017,14.03999996,-1.919999957,0.090000004,0.029999999,-1.279999971,-20
41.18,6694,-5839,0,0,2.700000048,10.31999969,2.210000038,0.159999996,-0.109999999,-1.289999962,-20
41.19,6732,-5794,0,0,0.340000004,8.890000343,-3.289999962,0.079999998,0.02,-1.230000019,-20
41.2,6751,-5866,0,0,0.340000004,8.890000343,-3.289999962,0.079999998,0.02,-1.230000019,-20
41.21,6780,-5810,0,0,-1.360000014,14.06999969,-6.070000172,-0.100000002,0,-1.179999948,-20
41.22,6680,-5922,0,0,1.090000033,10.57999992,-2.960000038,0.159999996,0.07,-1.200000048,-20
41.23,6741,-5956,0,0,0.140000001,12.06000042,-4.920000076,0.02,-0.100000002,-1.139999986,-21
41.24,6778,-5908,0,0,2.660000086,10.43000031,6.110000134,0.02,-0.100000002,-1.139999986,-21
41.25,6625,-5910,0,0,-1.49000001,13.48999977,3.059999943,-0.050000001,-0.079999998,-1.100000024,-23
41.26,6679,-5905,0,0,2.339999914,10.78999996,-0.400000006,0.029999999,-0.039999999,-1.110000014,-23
41.27,6628,-5999,0,0,-0.850000024,13.82999992,-0.670000017,-0.039999999,-0.079999998,-1.070000052,-26
41.28,6634,-5924,0,0,2.640000105,10.84000015,-3.019999981,0.230000004,-0.090000004,-1.080000043,-26
41.29,6767,-5970,0,0,1.840000033,14.77999973,-1.980000019,0.01,-0.07,-1.00999999,-28
41.3,6731,-5917,0,0,2.940000057,10.02000046,-1.789999962,0.289999992,-0.180000007,-1.039999962,-28
41.31,6719,-5863,0,0,2.619999886,14.03999996,-1.169999957,-0.02,-0.209999993,-0.980000019,-28
41.32,6762,-5922,0,0,-1.169999957,11.60000038,-8.890000343,0.200000003,-0.059999999,-1.00999999,-28
41.33,6732,-5919,0,0,-1.460000038,12.27999973,-7.340000153,-0.25,-0.109999999,-1.019999981,-28
41.34,6766,-5929,0,0,-2.890000105,12.28999996,-10.06000042,-0.090000004,0.029999999,-1.049999952,-28
41.35,6737,-5926,0,0,0.460000008,11.53999996,-3.470000029,-0.129999995,0.109999999,-1.090000033,-28
41.36,6793,-5915,0,0,-0.790000022,13.21000004,4.389999866,-0.119999997,-0.100000002,-1.080000043,-28
41.37,6739,-5867,0,0,-1,11.55000019,4,0.07,0,-1.110000014,-28
41.38,6705,-5810,0,0,-2.579999924,11.88000011,-0.689999998,-0.090000004,0.039999999,-1.110000014,-28
41.39,6842,-5803,0,0,-0.829999983,16,0.699999988,0.07,0.050000001,-1.090000033,-28
41.4,6741,-5896,0,0,-0.920000017,11.27000046,3.819999933,0.150000006,0.029999999,-1.120000005,-28
41.41,6733,-5895,0,0,0.059999999,12.97999954,-2.160000086,0.029999999,0.050000001,-1.080000043,-28
41.42,6799,-5939,0,0,0.349999994,11.31000042,1.24000001,0.100000002,0.039999999,-1.100000024,-28
41.43,6769,-5961,0,0,3.160000086,15.36999989,2.119999886,-0.029999999,0.059999999,-1.039999962,-28
41.44,6690,-5935,0,0,2.390000105,14.30000019,-1.450000048,0.050000001,-0.050000001,-1.049999952,-28
41.45,6729,-5972,0,0,2.339999914,12.64999962,3.180000067,-0.039999999,-0.029999999,-1.00999999,-28
41.46,6755,-5911,0,0,3.470000029,12.38000011,-2.630000114,0.02,-0.02,-1.019999981,-28
41.47,6698,-5950,0,0,2.470000029,12.47999954,-0.349999994,0.01,-0.100000002,-1,-28
41.48,6759,-5934,0,0,1.700000048,11.88000011,-4.519999981,0.029999999,0,-1,-28
41.49,6704,-5951,0,0,2.230000019,13.68000031,-1.720000029,-0.07,-0.059999999,-1,-28
41.5,6646,-5883,0,0,-0.610000014,13.47000027,-3.779999971,-0.01,0,-1.00999999,-28
41.51,6769,-5865,0,0,2.480000019,12.67000008,-2.609999895,-0.02,0.039999999,-1.019999981,-28
41.52,6731,-5906,0,0,-0.879999995,12.47999954,-1.889999986,-0.02,0.039999999,-1.019999981,-28
41.53,6761,-5889,0,0,2.220000029,10.43999958,-0.579999983,0.039999999,0.029999999,-1.039999962,-28
41.54,6831,-5933,0,0,-0.079999998,12.78999996,2.480000019,-0.039999999,0.059999999,-1.039999962,-28
41.55,6836,-5884,0,0,-1.440000057,11.14000034,0,0.079999998,0.059999999,-1.039999962,-28
41.56,6706,-5938,0,0,4.230000019,10.31999969,2.769999981,0.079999998,-0.029999999,-1.049999952,-28
41.57,6672,-5964,0,0,0.779999971,9.279999733,1.600000024,0.100000002,-0.02,-1.029999971,-28
41.58,6823,-5904,0,0,3.660000086,7.559999943,3.480000019,0.029999999,-0.180000007,-1.059999943,-28
41.59,6762,-5913,0,0,-0.639999986,9.329999924,3.150000095,0.02,-0.109999999,-1.070000052,-28
41.6,6716,-5948,0,0,5.710000038,10.10999966,-3.809999943,0.07,-0.079999998,-1.059999943,-28
41.61,6801,-5970,0,0,2.839999914,9.68999958,0.129999995,0.07,-0.079999998,-1.080000043,-28
41.62,6736,-5920,0,0,3.069999933,11.89000034,-1.970000029,0.119999997,-0.170000002,-1.070000052,-28
41.63,6821,-5888,0,0,5.96999979,10.02000046,1.120000005,0.100000002,-0.209999993,-1.090000033,-28
41.64,6851,-5879,0,0,-0.289999992,12.72999954,-9.550000191,0.039999999,0,-1.070000052,-28
41.65,6758,-5884,0,0,1.5,10.88000011,-5.690000057,0.079999998,-0.100000002,-1.090000033,-28
41.66,6795,-5865,0,0,0.330000013,13.19999981,-3.430000067,0.059999999,0.159999996,-1.100000024,-28
41.67,6895,-5935,0,0,2.529999971,12.52000046,-5.340000153,0.029999999,0.029999999,-1.110000014,-28
41.68,6794,-5925,0,0,1.700000048,10.88000011,7.150000095,0.02,0,-1.129999995,-28
41.69,6805,-5957,0,0,2.700000048,13.03999996,1.110000014,0.07,0.029999999,-1.110000014,-27
41.7,6847,-5984,0,0,-0.910000026,10.93999958,-1,0.07,0.029999999,-1.110000014,-27
41.71,6850,-5967,0,0,-0.810000002,8.800000191,-4.809999943,-0.029999999,0.100000002,-1.110000014,-27
41.72,6762,-6023,0,0,1.139999986,7.489999771,-3.920000076,0.039999999,0.119999997,-1.110000014,-27
41.73,6719,-6016,0,0,3.390000105,10.94999981,-2.799999952,0.050000001,0.129999995,-1.070000052,-27
41.74,6844,-6057,0,0,1.039999962,11.06000042,5.860000134,0.059999999,0.039999999,-1.049999952,-27
41.75,6712,-6020,0,0,3.630000114,10.81999969,4.820000172,0.109999999,0.029999999,-1.00999999,-26
41.76,6766,-6023,0,0,-0.050000001,11.47000027,-0.850000024,0.050000001,0.059999999,-1,-26
41.77,6869,-6039,0,0,2.24000001,10.43000031,-2.589999914,0.059999999,0.039999999,-0.970000029,-26
41.78,6708,-6002,0,0,2.599999905,12.43000031,-0.310000002,0.029999999,0.059999999,-0.949999988,-26
41.79,6779,-6014,0,0,3.059999943,10.67000008,2.420000076,-0.100000002,-0.01,-0.910000026,-26
41.8,6827,-6034,0,0,0.920000017,10.23999977,4.21999979,-0.100000002,-0.01,-0.910000026,-26
41.81,6715,-6046,0,0,1.720000029,9.75,2.039999962,-0.01,-0.100000002,-0.899999976,-26
41.82,6827,-6034,0,0,-1.799999952,8.739999771,-0.930000007,0.029999999,-0.029999999,-0.910000026,-26
41.83,6858,-6015,0,0,-1.659999967,8.630000114,-5.829999924,0.200000003,-0.039999999,-0.920000017,-26
41.84,6749,-6028,0,0,-0.5,7.900000095,0.219999999,0.200000003,-0.039999999,-0.920000017,-26
41.85,6786,-6041,0,0,1.99000001,8.789999962,1.370000005,0.129999995,-0.029999999,-0.959999979,-26
41.86,6901,-6077,0,0,-1.720000029,9.380000114,3.640000105,-0.029999999,-0.090000004,-0.959999979,-26
41.87,6811,-6107,0,0,-1.210000038,9.710000038,2.690000057,-0.090000004,-0.02,-0.99000001,-26
41.88,6892,-6053,0,0,-1.389999986,8.819999695,-2.309999943,-0.059999999,-0.01,-1.00999999,-26
41.89,6923,-6040,0,0,-1.379999995,8,-2.859999895,-0.02,-0.039999999,-1.029999971,-27
41.9,6941,-6084,0,0,1.139999986,8.840000153,1.820000052,-0.02,-0.039999999,-1.029999971,-27
41.91,6915,-6045,0,0,2.230000019,9.909999847,4.300000191,0.059999999,-0.02,-1.039999962,-27
41.92,6910,-6035,0,0,-2.460000038,10.60999966,0.879999995,-0.129999995,0.01,-1.039999962,-27
41.93,6993,-6060,0,0,-1.080000043,11.19999981,0.949999988,-0.150000006,0.039999999,-1.049999952,-27
41.94,6874,-6145,0,0,0.74000001,10.43000031,-1.950000048,-0.109999999,0.07,-1.049999952,-27
41.95,6915,-6114,0,0,-0.550000012,11.06000042,-2.670000076,-0.059999999,-0.07,-1.029999971,-27
41.96,6936,-6113,0,0,2.200000048,11.05000019,6.550000191,-0.059999999,-0.07,-1.029999971,-27
41.97,6911,-6100,0,0,1.159999967,10.43999958,6.099999905,0.02,-0.029999999,-1.049999952,-28
41.98,6919,-6090,0,0,0.039999999,10.35000038,-0.270000011,0.02,-0.029999999,-1.049999952,-28
41.99,6987,-6134,0,0,-0.75,10.75,0.389999986,0.129999995,-0.059999999,-1.059999943,-28
42,7044,-6184,0,0,4.489999771,9.850000381,-1.299999952,0.129999995,-0.059999999,-1.059999943,-28
42.01,6960,-6092,0,0,0.870000005,10.10000038,-0.200000003,-0.059999999,-0.079999998,-1.070000052,-28
42.02,6968,-6193,0,0,2.789999962,10.61999989,2.089999914,-0.07,-0.119999997,-1.070000052,-28
42.03,7086,-6151,0,0,1.679999948,10.57999992,1.200000048,-0.109999999,-0.140000001,-1.080000043,-29
42.04,7078,-6038,0,0,0.670000017,10.67000008,-7.5,-0.050000001,-0.059999999,-1.100000024,-29
42.05,7033,-6044,0,0,-1.440000057,9.800000191,-5.71999979,0.029999999,-0.050000001,-1.139999986,-29
42.06,7133,-6134,0,0,2.230000019,11.53999996,-4.809999943,0.129999995,0.029999999,-1.129999995,-29
42.07,7077,-6165,0,0,1.909999967,10.31000042,0,0.039999999,0.050000001,-1.169999957,-29
42.08,6970,-6154,0,0,1.279999971,12.94999981,1.799999952,-0.100000002,-0.090000004,-1.149999976,-29
42.09,7142,-6143,0,0,2.579999924,10.44999981,5.960000038,0.039999999,-0.050000001,-1.190000057,-30
42.1,7179,-6174,0,0,3.849999905,9.890000343,-1.580000043,-0.01,0.01,-1.210000038,-30
42.11,7108,-6190,0,0,3.150000095,9.539999962,-1,0.200000003,-0.07,-1.210000038,-30
42.12,7049,-6172,0,0,0.860000014,12.89000034,0.569999993,0.119999997,0.029999999,-1.159999967,-30
42.13,7188,-6240,0,0,0.720000029,13,-3.269999981,0.100000002,-0.029999999,-1.149999976,-31
42.14,7161,-6146,0,0,-0.289999992,12.02000046,1.539999962,0.059999999,0,-1.139999986,-31
42.15,7052,-6198,0,0,1.720000029,11.34000015,-2.779999971,0.050000001,-0.02,-1.139999986,-32
42.16,7147,-6260,0,0,0.959999979,10.67000008,3.339999914,0.02,-0.07,-1.139999986,-32
42.17,7147,-6126,0,0,-1.549999952,10.76000023,-0.800000012,-0.01,-0.100000002,-1.159999967,-32
42.18,7146,-6057,0,0,-1.220000029,11.28999996,-0.25,0,-0.050000001,-1.159999967,-32
42.19,6993,-6135,0,0,-0.75,11.71000004,-2.079999924,0.02,-0.059999999,-1.179999948,-32
42.2,7133,-6182,0,0,-2.289999962,12.02999973,1.039999962,0.02,-0.059999999,-1.179999948,-32
42.21,7235,-6169,0,0,0.239999995,10,0.150000006,0.07,0.02,-1.230000019,-32
42.22,7047,-6140,0,0,1.409999967,14,3.410000086,-0.02,-0.150000006,-1.210000038,-32
42.23,7194,-6118,0,0,3.099999905,10.17000008,6.019999981,0.159999996,-0.140000001,-1.269999981,-32
42.24,7292,-6130,0,0,1.370000005,12.92000008,1.149999976,-0.059999999,-0.100000002,-1.25,-32
42.25,7208,-6176,0,0,0.660000026,9.229999542,1.720000029,0.050000001,-0.159999996,-1.299999952,-32
42.26,7195,-6169,0,0,-2.380000114,13.61999989,-3.809999943,-0.059999999,0,-1.279999971,-32
42.27,7260,-6064,0,0,-2.549999952,13.23999977,-7.519999981,0.07,-0.02,-1.340000033,-32
42.28,7281,-6143,0,0,-1.470000029,11.93000031,0.469999999,0.07,0.059999999,-1.340000033,-32
42.29,7219,-6116,0,0,-1.120000005,12.36999989,-2.730000019,0.140000001,0.079999998,-1.350000024,-32
42.3,7138,-6029,0,0,-1.970000029,10.59000015,5.300000191,0.059999999,-0.01,-1.379999995,-32
42.31,7380,-6091,0,0,-3.210000038,11.06999969,0.200000003,0.059999999,0.01,-1.429999948,-32
42.32,7286,-6147,0,0,3.75,11,4.429999828,0.059999999,0.01,-1.429999948,-32
42.33,7262,-6088,0,0,3.160000086,11.68999958,4.949999809,0.090000004,0.07,-1.440000057,-32
42.34,7298,-6162,0,0,2.549999952,10.97999954,1.850000024,0.029999999,-0.090000004,-1.419999957,-32
42.35,7353,-6206,0,0,0.449999988,17.38999939,4.340000153,-0.170000002,-0.090000004,-1.360000014,-32
42.36,7343,-6174,0,0,0.74000001,16.70999908,-11.35999966,-0.059999999,0.02,-1.419999957,-32
42.37,7188,-6182,0,0,2.049999952,16.20999908,-1.299999952,-0.140000001,0,-1.370000005,-32
42.38,7298,-6175,0,0,3.599999905,17.48999977,-3.980000019,-0.059999999,-0.029999999,-1.360000014,-32
42.39,7302,-6211,0,0,2.390000105,13.72999954,4.599999905,0.039999999,-0.170000002,-1.340000033,-32
42.4,7218,-6194,0,0,0.479999989,13.68000031,-2.119999886,-0.079999998,0.07,-1.350000024,-32
42.41,7142,-6138,0,0,2.369999886,12.15999985,-3.289999962,0.079999998,0,-1.340000033,-32
42.42,7247,-6134,0,0,3.880000114,12.15999985,2.660000086,0.079999998,-0.029999999,-1.309999943,-32
42.43,7288,-6109,0,0,3.049999952,15.47000027,-0.540000022,0.100000002,-0.07,-1.279999971,-33
42.44,7221,-6091,0,0,0.25,12.11999989,-0.589999974,0.150000006,-0.090000004,-1.320000052,-33
42.45,7178,-6110,0,0,-1.940000057,15.84000015,-3.25999999,-0.129999995,-0.100000002,-1.309999943,-33
42.46,7302,-6145,0,0,0.689999998,11.75,-5.730000019,0.050000001,-0.01,-1.360000014,-33
42.47,7249,-6166,0,0,2.150000095,15.14000034,-1.379999995,-0.200000003,-0.039999999,-1.340000033,-33
42.48,7237,-6173,0,0,-2.059999943,14.69999981,-2.230000019,-0.129999995,-0.109999999,-1.340000033,-33
42.49,7252,-6166,0,0,0.01,15.01000023,0.319999993,-0.100000002,-0.090000004,-1.340000033,-33
42.5,7283,-6166,0,0,-0.699999988,11.59000015,-6.099999905,0,0.029999999,-1.370000005,-33
42.51,7234,-6156,0,0,0.579999983,14.39999962,-3.049999952,0.029999999,0.02,-1.340000033,-33
42.52,7154,-6131,0,0,0.389999986,13.22000027,0.899999976,0.140000001,-0.07,-1.360000014,-33
42.53,7304,-6119,0,0,-1.120000005,13.97000027,0.610000014,0.02,0,-1.360000014,-33
42.54,7323,-6164,0,0,1.74000001,11.22000027,0.49000001,0.07,0,-1.389999986,-33
42.55,7213,-6117,0,0,-0.569999993,11.94999981,1.129999995,-0.029999999,-0.07,-1.370000005,-33
42.56,7234,-6083,0,0,3.349999905,14.68999958,2.700000048,-0.029999999,-0.07,-1.370000005,-33
42.57,7312,-6080,0,0,-0.209999993,10.02000046,5.599999905,0,0,-1.409999967,-33
42.58,7305,-6186,0,0,3.160000086,13.35999966,-0.5,-0.119999997,-0.090000004,-1.399999976,-33
42.59,7241,-6101,0,0,2.799999952,11.48999977,2.799999952,-0.01,-0.02,-1.419999957,-33
42.6,7245,-6144,0,0,1.309999943,13.39999962,-2.819999933,-0.01,-0.02,-1.419999957,-33
42.61,7320,-6182,0,0,3.730000019,14.06999969,-0.230000004,0.129999995,-0.01,-1.399999976,-33
42.62,7226,-6112,0,0,1.539999962,13.78999996,-0.920000017,0.129999995,-0.01,-1.399999976,-33
42.63,7171,-6143,0,0,2.940000057,14.43999958,-5.380000114,0.109999999,0.02,-1.389999986,-33
42.64,7315,-6157,0,0,-0.389999986,13.02000046,-2.50999999,0.109999999,0.02,-1.389999986,-33
42.65,7275,-6153,0,0,-0.75,15.25,-4.960000038,0.01,0,-1.399999976,-33
42.66,7219,-6132,0,0,-0.300000012,14.98999977,-2.349999905,0.109999999,0.050000001,-1.399999976,-33
42.67,7238,-6111,0,0,1.00999999,13.77000046,-1.49000001,0.01,0.02,-1.409999967,-32
42.68,7315,-6093,0,0,1.440000057,14.94999981,3.609999895,-0.079999998,-0.050000001,-1.399999976,-32
42.69,7262,-6068,0,0,2.369999886,12.86999989,6.360000134,0.07,0,-1.409999967,-32
42.7,7193,-6045,0,0,1.620000005,14.26000023,1.49000001,-0.100000002,-0.129999995,-1.409999967,-32
42.71,7259,-6094,0,0,0.219999999,13.27999973,1.600000024,-0.029999999,-0.039999999,-1.429999948,-31
42.72,7309,-6125,0,0,3.720000029,13.61999989,-1.179999948,0,-0.079999998,-1.419999957,-31
42.73,7188,-6165,0,0,2.059999943,15.27999973,1.49000001,0,-0.100000002,-1.399999976,-31
42.74,7123,-6082,0,0,0.620000005,17.29999924,-3.980000019,-0.01,-0.079999998,-1.389999986,-31
42.75,7316,-6114,0,0,-0.670000017,13.84000015,0.879999995,0.039999999,-0.100000002,-1.389999986,-31
42.76,7318,-6171,0,0,1.860000014,14.23999977,-4.860000134,0,0.039999999,-1.399999976,-31
42.77,7184,-6105,0,0,3.75,14.89999962,-1.029999971,0.100000002,0,-1.370000005,-31
42.78,7247,-6215,0,0,0.159999996,11.81999969,1.600000024,0.059999999,-0.059999999,-1.399999976,-31
42.79,7261,-6165,0,0,-1.029999971,13.27999973,-3.180000067,0,-0.07,-1.389999986,-31
42.8,7285,-6158,0,0,3.589999914,7.460000038,-0.079999998,0.159999996,0,-1.429999948,-31
42.81,7192,-6186,0,0,4.03000021,15.61999989,-4.71999979,-0.039999999,-0.059999999,-1.379999995,-31
42.82,7189,-6107,0,0,3.869999886,10.67000008,0.319999993,0.170000002,-0.140000001,-1.389999986,-31
42.83,7280,-6059,0,0,4.5,15.80000019,-0.660000026,-0.059999999,-0.159999996,-1.309999943,-31
42.84,7211,-6169,0,0,1.039999962,10.52999973,-9.210000038,0.189999998,-0.079999998,-1.379999995,-31
42.85,7168,-6093,0,0,3.049999952,12.19999981,-8.590000153,-0.01,-0.039999999,-1.389999986,-31
42.86,7282,-6170,0,0,3.190000057,11.19999981,-4.760000229,0.270000011,-0.050000001,-1.389999986,-31
42.87,7328,-6155,0,0,4.900000095,11.63000011,-4.659999847,0.129999995,-0.039999999,-1.399999976,-31
42.88,7254,-6160,0,0,-0.100000002,10.55000019,-1.039999962,0.180000007,-0.029999999,-1.409999967,-31
42.89,7184,-6254,0,0,1.950000048,13.31999969,-4.460000038,0,-0.039999999,-1.409999967,-31
42.9,7272,-6253,0,0,0.730000019,11.96000004,-2.059999943,0.090000004,0.039999999,-1.399999976,-31
42.91,7289,-6215,0,0,2.99000001,11.53999996,-4.730000019,0.02,0,-1.370000005,-31
42.92,7188,-6079,0,0,-2.5,14.31000042,1.230000019,0.02,0,-1.370000005,-31
42.93,7258,-6061,0,0,-0.800000012,12.59000015,-5.269999981,0.07,0.02,-1.360000014,-30
42.94,7253,-6139,0,0,-0.74000001,12.89000034,3.890000105,0.07,0.02,-1.360000014,-30
42.95,7243,-6130,0,0,-0.899999976,9.569999695,-0.660000026,0.079999998,0.079999998,-1.440000057,-29
42.96,7130,-6104,0,0,0.07,15.67000008,8.640000343,-0.090000004,-0.07,-1.389999986,-29
42.97,7244,-6194,0,0,0.949999988,12.09000015,6.550000191,0.109999999,0.039999999,-1.429999948,-27
42.98,7285,-6182,0,0,2.950000048,16.52000046,6.199999809,-0.059999999,-0.100000002,-1.379999995,-27
42.99,7167,-6203,0,0,2.99000001,12.39999962,4.909999847,0.280000001,-0.109999999,-1.379999995,-25
43,7185,-6192,0,0,1.24000001,14.44999981,-0.430000007,0.170000002,-0.07,-1.360000014,-25
43.01,7275,-6154,0,0,1.200000048,13.5,-3.25,0.270000011,-0.07,-1.330000043,-24
43.02,7305,-6161,0,0,1.360000014,13.39000034,-2.940000057,0.25,0,-1.330000043,-24
43.03,7213,-6158,0,0,2.809999943,12.28999996,-2.369999886,0.159999996,-0.059999999,-1.320000052,-24
43.04,7133,-6265,0,0,0.150000006,13.17000008,0.670000017,0,0.02,-1.299999952,-24
43.05,7159,-6337,0,0,0.059999999,13.19999981,0,-0.150000006,0.029999999,-1.299999952,-24
43.06,7239,-6278,0,0,3.769999981,15.02000046,-1.200000048,-0.189999998,-0.059999999,-1.289999962,-24
43.07,7078,-6218,0,0,1.5,15.82999992,3.480000019,0,-0.059999999,-1.269999981,-23
43.08,7311,-6122,0,0,-0.209999993,15.30000019,-2.880000114,-0.02,-0.079999998,-1.25,-23
43.09,7241,-6101,0,0,-1.129999995,16.23999977,3.109999895,0.150000006,0,-1.25999999,-22
43.1,7100,-6284,0,0,-0.270000011,13.64000034,-5.059999943,0.140000001,0.129999995,-1.269999981,-22
43.11,7162,-6293,0,0,2.410000086,17.96999931,1.080000043,-0.180000007,0.079999998,-1.210000038,-22
43.12,7164,-6337,0,0,-0.219999999,18.88999939,5.179999828,-0.330000013,-0.02,-1.200000048,-22
43.13,7159,-6394,0,0,2.099999905,17.90999985,8.5,-0.340000004,0,-1.129999995,-22
43.14,7173,-6359,0,0,-0.239999995,17.64999962,-5.019999981,-0.349999994,-0.07,-1.159999967,-22
43.15,7265,-6304,0,0,-0.649999976,19.04000092,1.600000024,-0.200000003,-0.090000004,-1.039999962,-22
43.16,7297,-6312,0,0,1,17.44000053,-5.119999886,-0.07,-0.02,-1.110000014,-22
43.17,7221,-6364,0,0,1.549999952,13.82999992,0.939999998,0.109999999,-0.090000004,-1,-22
43.18,7085,-6467,0,0,0.25,8.300000191,-1.620000005,0.039999999,0,-1.059999943,-22
43.19,7057,-6545,0,0,1.159999967,12.53999996,-3.109999895,0.050000001,0.02,-1.00999999,-23
43.2,7164,-6382,0,0,3.869999886,9.239999771,-1.379999995,0.090000004,0.07,-1.029999971,-23
43.21,7228,-6472,0,0,6.25,14.47999954,2.670000076,-0.100000002,-0.079999998,-0.920000017,-23
43.22,7157,-6466,0,0,-0.430000007,20.90999985,6.21999979,-0.100000002,-0.079999998,-0.920000017,-23
43.23,7105,-6435,0,0,4.449999809,12.11999989,3.279999971,0.050000001,0.02,-0.939999998,-24
43.24,7077,-6483,0,0,-0.079999998,11.10999966,-3.829999924,0.050000001,0.02,-0.939999998,-24
43.25,7153,-6465,0,0,-1.940000057,13.72000027,-9.949999809,0.039999999,-0.100000002,-0.930000007,-23
43.26,7154,-6421,0,0,-2.839999914,12.14999962,3.74000001,0.180000007,0.090000004,-0.910000026,-23
43.27,7097,-6433,0,0,-3.49000001,15.07999992,-10.96000004,0.180000007,0.090000004,-0.910000026,-20
43.28,7121,-6403,0,0,-2.220000029,9.890000343,6.690000057,0.310000002,0.02,-0.910000026,-20
43.29,7003,-6437,0,0,-4.53000021,10.5,-4.670000076,0.090000004,0.189999998,-0.920000017,-15
43.3,7204,-6471,0,0,-1.850000024,8.260000229,4.25,0.170000002,-0.07,-0.949999988,-15
43.31,7009,-6418,0,0,0.699999988,9.340000153,8.880000114,0.170000002,0.150000006,-0.920000017,-11
43.32,6976,-6500,0,0,-0.209999993,8.199999809,2.819999933,0.140000001,0,-0.870000005,-11
43.33,7127,-6569,0,0,3.130000114,9.470000267,7.960000038,0.050000001,0.050000001,-0.769999981,-10
43.34,6948,-6520,0,0,3.089999914,8.720000267,0.860000014,-0.029999999,-0.029999999,-0.730000019,-10
43.35,6976,-6690,0,0,4.480000019,11.31000042,5.260000229,-0.029999999,-0.029999999,-0.579999983,-11
43.36,6965,-6719,0,0,2.349999905,12.63000011,-0.839999974,-0.059999999,0.01,-0.540000022,-11
43.37,6968,-6621,0,0,-0.430000007,11.64000034,-1.200000048,0.059999999,-0.050000001,-0.449999988,-13
43.38,7042,-6703,0,0,0.02,9.479999542,-1.50999999,0.059999999,0.059999999,-0.439999998,-13
43.39,6942,-6798,0,0,-1.399999976,9.260000229,-3.859999895,-0.100000002,0,-0.430000007,-17
43.4,7007,-6694,0,0,1.029999971,11.26000023,5.789999962,-0.039999999,-0.119999997,-0.419999987,-17
43.41,7130,-6720,0,0,4.300000191,6.139999866,6.639999866,0.159999996,-0.090000004,-0.519999981,-22
43.42,7029,-6629,0,0,-0.769999981,6.460000038,0.579999983,-0.07,-0.230000004,-0.540000022,-22
43.43,7255,-6606,0,0,-1.730000019,5.400000095,0.409999996,-0.090000004,-0.159999996,-0.649999976,-25
43.44,7264,-6584,0,0,1.200000048,4.019999981,-6.579999924,-0.029999999,0,-0.699999988,-25
43.45,7266,-6506,0,0,0.800000012,6.360000134,-4.929999828,-0.07,-0.050000001,-0.819999993,-27
43.46,7373,-6469,0,0,0.709999979,6.670000076,3.049999952,-0.039999999,-0.079999998,-0.860000014,-27
43.47,7355,-6536,0,0,-0.600000024,9.069999695,0.889999986,0,-0.039999999,-0.970000029,-28
43.48,7500,-6522,0,0,-0.140000001,8.260000229,-3.420000076,0,0,-1.00999999,-28
43.49,7408,-6542,0,0,0.709999979,8.489999771,-0.949999988,0,-0.01,-1.100000024,-28
43.5,7354,-6495,0,0,-0.810000002,8.680000305,-2.420000076,0.01,0.050000001,-1.120000005,-28
43.51,7436,-6516,0,0,0.550000012,10.07999992,-3.049999952,0.02,0.07,-1.169999957,-28
43.52,7600,-6533,0,0,0.639999986,9.869999886,-0.090000004,0.07,0.059999999,-1.179999948,-28
43.53,7486,-6669,0,0,1.309999943,12.14999962,-0.039999999,0.059999999,0.090000004,-1.210000038,-28
43.54,7390,-6611,0,0,-1.039999962,12.32999992,0.330000013,0.079999998,0,-1.200000048,-28
43.55,7616,-6599,0,0,1,12.56999969,3.869999886,-0.059999999,0.02,-1.179999948,-29
43.56,7606,-6536,0,0,-2.410000086,13.52999973,-4.010000229,-0.180000007,0.119999997,-1.159999967,-29
43.57,7529,-6592,0,0,-1.350000024,14.53999996,-0.100000002,-0.109999999,0.090000004,-1.139999986,-30
43.58,7455,-6525,0,0,-2.029999971,14.03999996,3.74000001,-0.07,0,-1.139999986,-30
43.59,7422,-6642,0,0,-3.24000001,13.69999981,0.720000029,-0.059999999,0.07,-1.129999995,-30
43.6,7591,-6590,0,0,-0.610000014,10.11999989,7.929999828,-0.039999999,-0.109999999,-1.129999995,-30
43.61,7462,-6536,0,0,-2.529999971,11.89000034,3.430000067,0,-0.200000003,-1.129999995,-30
43.62,7387,-6531,0,0,-0.330000013,11.51000023,5.170000076,0,-0.200000003,-1.129999995,-30
43.63,7577,-6568,0,0,-1.090000033,9.489999771,4.71999979,0.189999998,-0.079999998,-1.169999957,-30
43.64,7573,-6515,0,0,2.079999924,9.649999619,1.980000019,0.119999997,-0.140000001,-1.169999957,-30
43.65,7541,-6614,0,0,4.559999943,8.56000042,3.430000067,0.079999998,-0.119999997,-1.210000038,-30
43.66,7414,-6530,0,0,1.039999962,11.02000046,-2.869999886,0.079999998,-0.119999997,-1.210000038,-30
43.67,7628,-6452,0,0,4.630000114,11.42000008,-0.800000012,-0.02,-0.140000001,-1.220000029,-30
43.68,7554,-6549,0,0,4.320000172,13.86999989,-7.75,-0.029999999,0,-1.220000029,-30
43.69,7614,-6455,0,0,0.970000029,13.56999969,-5.230000019,-0.050000001,-0.059999999,-1.25999999,-30
43.7,7524,-6428,0,0,0.970000029,13.56999969,-5.230000019,-0.050000001,-0.059999999,-1.25999999,-29
43.71,7542,-6553,0,0,6.809999943,12.93999958,-1.429999948,0.029999999,-0.100000002,-1.25999999,-29
43.72,7605,-6526,0,0,1.149999976,13.98999977,-7.619999886,-0.01,0.090000004,-1.279999971,-29
43.73,7591,-6601,0,0,6.050000191,15.78999996,-3.400000095,-0.039999999,-0.02,-1.25999999,-29
43.74,7497,-6642,0,0,0.779999971,17.15999985,-4.03000021,-0.090000004,0.059999999,-1.25999999,-29
43.75,7605,-6585,0,0,0.519999981,16.63999939,-2.299999952,0.050000001,-0.01,-1.230000019,-29
43.76,7613,-6626,0,0,4,13.17000008,1.919999957,0.119999997,0.07,-1.25999999,-29
43.77,7617,-6680,0,0,3.109999895,15.28999996,0.379999995,0.02,-0.039999999,-1.190000057,-30
43.78,7562,-6596,0,0,1.639999986,13.43000031,2.059999943,0,-0.119999997,-1.200000048,-30
43.79,7554,-6633,0,0,-0.970000029,12.06999969,0.899999976,-0.07,-0.079999998,-1.210000038,-31
43.8,7691,-6649,0,0,3.140000105,11.71000004,-2.730000019,0.01,-0.050000001,-1.190000057,-31
43.81,7665,-6581,0,0,0.870000005,9.260000229,-1.679999948,0.059999999,-0.029999999,-1.24000001,-32
43.82,7521,-6524,0,0,1.279999971,12.14999962,3.180000067,-0.02,-0.119999997,-1.210000038,-32
43.83,7468,-6575,0,0,-2.50999999,10.93000031,0.330000013,0.059999999,-0.090000004,-1.25,-32
43.84,7711,-6568,0,0,1.529999971,11.86999989,0.699999988,0.01,0,-1.25999999,-32
43.85,7717,-6589,0,0,0.920000017,11.90999985,-0.029999999,0.119999997,0.01,-1.299999952,-32
43.86,7644,-6603,0,0,-0.75,12.85000038,1.49000001,0.109999999,-0.140000001,-1.299999952,-32
43.87,7583,-6575,0,0,-1.610000014,12.07999992,0.99000001,0.100000002,-0.07,-1.320000052,-32
43.88,7638,-6601,0,0,1.409999967,10.90999985,-0.639999986,0.119999997,0,-1.330000043,-32
43.89,7804,-6581,0,0,0.959999979,11.31999969,-1.669999957,0.02,-0.039999999,-1.340000033,-32
43.9,7691,-6559,0,0,-0.600000024,12.72000027,0.460000008,0,-0.079999998,-1.330000043,-32
43.91,7641,-6573,0,0,-2,12.06000042,-2.099999905,0.07,-0.029999999,-1.360000014,-32
43.92,7621,-6522,0,0,0.560000002,11.56999969,-2.180000067,0.100000002,0,-1.360000014,-32
43.93,7722,-6534,0,0,-1.879999995,13.64999962,-3.230000019,0.02,0.02,-1.350000024,-33
43.94,7793,-6399,0,0,2.369999886,11.82999992,2.769999981,0.119999997,-0.100000002,-1.350000024,-33
43.95,7470,-6608,0,0,-2.349999905,13.39999962,0.569999993,-0.029999999,-0.090000004,-1.360000014,-34
43.96,7587,-6542,0,0,2.49000001,8.06000042,-0.550000012,0.109999999,-0.050000001,-1.379999995,-34
43.97,7624,-6583,0,0,-0.409999996,14.68999958,-2.109999895,-0.170000002,-0.119999997,-1.309999943,-34
43.98,7710,-6580,0,0,0.050000001,12.5,-3.559999943,0.140000001,-0.140000001,-1.299999952,-34
43.99,7572,-6566,0,0,-0.180000007,13.43999958,-4.389999866,0.079999998,-0.100000002,-1.269999981,-35
44,7547,-6491,0,0,1.539999962,13.13000011,1.039999962,0.189999998,-0.129999995,-1.24000001,-35
44.01,7563,-6567,0,0,1.610000014,9.739999771,1.580000043,0.119999997,-0.129999995,-1.24000001,-35
44.02,7468,-6477,0,0,0.930000007,11.25,4.360000134,0.01,-0.209999993,-1.230000019,-35
44.03,7444,-6468,0,0,4.53000021,9.460000038,3.349999905,0.029999999,-0.189999998,-1.25999999,-35
44.04,7395,-6464,0,0,0.460000008,11.98999977,-1.039999962,-0.059999999,-0.259999991,-1.230000019,-35
44.05,7484,-6376,0,0,-0.219999999,14.77000046,-5.179999828,0.01,-0.170000002,-1.309999943,-35
44.06,7558,-6324,0,0,-0.02,13.92000008,-8.329999924,0.100000002,-0.129999995,-1.320000052,-35
44.07,7507,-6373,0,0,3.190000057,15.48999977,1.029999971,-0.059999999,-0.150000006,-1.320000052,-35
44.08,7492,-6348,0,0,-4.400000095,15.43000031,-5.119999886,-0.02,-0.079999998,-1.370000005,-35
44.09,7531,-6370,0,0,-0.469999999,13.81000042,-3.410000086,-0.159999996,-0.039999999,-1.399999976,-35
44.1,7602,-6370,0,0,-0.959999979,16.20999908,-4.769999981,-0.239999995,0,-1.450000048,-35
44.11,7556,-6304,0,0,3.190000057,16.44000053,2.099999905,0.050000001,-0.029999999,-1.470000029,-35
44.12,7516,-6337,0,0,-3.690000057,14.84000015,-2.710000038,-0.100000002,0,-1.50999999,-35
44.13,7522,-6282,0,0,1.110000014,16.35000038,-2.140000105,0.07,-0.01,-1.50999999,-35
44.14,7516,-6293,0,0,0.449999988,11.89000034,-6.079999924,0.189999998,0.079999998,-1.580000043,-35
44.15,7601,-6272,0,0,5.300000191,15.71000004,-3.880000114,0.059999999,-0.01,-1.539999962,-36
44.16,7401,-6265,0,0,-0.400000006,9.81000042,-3.349999905,0.159999996,0.02,-1.620000005,-36
44.17,7466,-6230,0,0,0.239999995,14.06999969,-6.659999847,-0.109999999,0.039999999,-1.600000024,-36
44.18,7518,-6239,0,0,5.71999979,11.13000011,-2.619999886,0.100000002,0.109999999,-1.620000005,-36
44.19,7517,-6200,0,0,3.319999933,16.11000061,-3.140000105,-0.01,0.059999999,-1.559999943,-36
44.2,7431,-6214,0,0,1.149999976,15.47000027,2.519999981,0.059999999,-0.029999999,-1.559999943,-36
44.21,7296,-6246,0,0,-0.370000005,15.59000015,-0.389999986,-0.029999999,-0.079999998,-1.50999999,-36
44.22,7441,-6224,0,0,2,15.55000019,-0.790000022,0.140000001,0,-1.470000029,-36
44.23,7412,-6187,0,0,3.440000057,17.93000031,-0.509999991,0.059999999,-0.119999997,-1.399999976,-36
44.24,7285,-6157,0,0,-3.00999999,16.54000092,-1.639999986,0.189999998,-0.159999996,-1.409999967,-36
44.25,7168,-6171,0,0,-0.430000007,16.25,-1.450000048,0.079999998,-0.140000001,-1.350000024,-36
44.26,7351,-6108,0,0,0.709999979,11.31999969,-5.539999962,0.230000004,-0.039999999,-1.399999976,-36
44.27,7265,-6138,0,0,1.289999962,14.35999966,-2.789999962,-0.059999999,-0.090000004,-1.389999986,-36
44.28,7222,-6121,0,0,0.479999989,10.90999985,-3.160000086,0.07,-0.159999996,-1.440000057,-36
44.29,7280,-6048,0,0,-1.190000057,13.55000019,-1.370000005,-0.230000004,-0.079999998,-1.450000048,-36
44.3,7350,-6057,0,0,2.75,12.17000008,-3.819999933,-0.140000001,-0.059999999,-1.49000001,-36
44.31,7313,-6039,0,0,2.099999905,12.63000011,0.310000002,-0.039999999,-0.02,-1.539999962,-35
44.32,7262,-6006,0,0,2.269999981,15.85999966,-2.630000114,-0.109999999,-0.100000002,-1.519999981,-35
44.33,7325,-6057,0,0,2.680000067,15.14000034,5.889999866,-0.090000004,-0.140000001,-1.539999962,-34
44.34,7318,-6034,0,0,0.109999999,14.57999992,-6.489999771,-0.050000001,0,-1.570000052,-34
44.35,7227,-6029,0,0,5.309999943,13.97999954,-2.289999962,0.079999998,-0.090000004,-1.539999962,-34
44.36,7138,-6035,0,0,-0.910000026,15.94999981,-3.539999962,0.059999999,0.01,-1.519999981,-34
44.37,7371,-5991,0,0,3.50999999,14.17000008,-4.090000153,0.289999992,-0.100000002,-1.529999971,-34
44.38,7334,-5992,0,0,-3.720000029,11.46000004,-2.519999981,0.25,0.119999997,-1.570000052,-34
44.39,7259,-6001,0,0,1.289999962,12.64000034,-8.18999958,0.150000006,0.079999998,-1.549999952,-34
44.4,7220,-6012,0,0,0.850000024,11.06999969,3.640000105,0.150000006,0.050000001,-1.580000043,-34
44.41,7274,-5992,0,0,4.440000057,14.71000004,1.659999967,-0.100000002,-0.059999999,-1.570000052,-34
44.42,7272,-6057,0,0,-1.850000024,13.47999954,4.420000076,-0.239999995,-0.01,-1.610000014,-34
44.43,7140,-6023,0,0,2.319999933,17.68000031,0.029999999,-0.289999992,-0.01,-1.570000052,-34
44.44,7246,-6013,0,0,3.329999924,16.59000015,-1.440000057,-0.150000006,-0.079999998,-1.570000052,-34
44.45,7257,-5962,0,0,0.129999995,18.52000046,-2.430000067,-0.029999999,-0.050000001,-1.50999999,-33
44.46,7146,-5927,0,0,2.339999914,16.23999977,-5.510000229,0.189999998,-0.090000004,-1.529999971,-33
44.47,7164,-5898,0,0,-0.109999999,14.85999966,3.609999895,0.07,-0.140000001,-1.50999999,-31
44.48,7232,-5953,0,0,1.129999995,14.46000004,-2.930000067,0.079999998,-0.050000001,-1.529999971,-31
44.49,7247,-5918,0,0,0.509999991,12.39999962,1.25,0.129999995,0.029999999,-1.559999943,-28
44.5,7150,-5879,0,0,2.980000019,12.51000023,-4.019999981,0.100000002,-0.109999999,-1.580000043,-28
44.51,7189,-5904,0,0,4.190000057,13.02000046,1.690000057,0,-0.050000001,-1.600000024,-23
44.52,7268,-5865,0,0,1.50999999,11.52000046,-4.320000172,-0.059999999,-0.039999999,-1.649999976,-23
44.53,7143,-5968,0,0,3.470000029,13.05000019,1.590000033,-0.119999997,-0.079999998,-1.679999948,-19
44.54,7081,-5955,0,0,1.50999999,14.01000023,-5.409999847,-0.170000002,0.100000002,-1.679999948,-19
44.55,7170,-6024,0,0,3.5,16.35000038,-5.269999981,-0.150000006,0.050000001,-1.659999967,-15
44.56,7022,-6083,0,0,2.5,14.60999966,1.440000057,-0.059999999,0.02,-1.639999986,-15
44.57,6983,-5924,0,0,3.49000001,18.28000069,-1.360000014,0.029999999,0,-1.539999962,-11
44.58,6926,-5980,0,0,1.529999971,12.85000038,1.820000052,0.180000007,0,-1.539999962,-11
44.59,7033,-5947,0,0,-0.529999971,18.73999977,-4,0.039999999,0.029999999,-1.419999957,-9
44.6,6954,-6010,0,0,5.630000114,13.39000034,-2.609999895,0.409999996,-0.059999999,-1.470000029,-9
44.61,6891,-6085,0,0,4.380000114,17.90999985,-0.340000004,0,-0.100000002,-1.340000033,-8
44.62,7007,-6059,0,0,2.710000038,12.18999958,-3.519999981,0.180000007,-0.079999998,-1.379999995,-8
44.63,6933,-6210,0,0,3.579999924,15.92000008,0.119999997,-0.189999998,-0.059999999,-1.269999981,-8
44.64,6891,-6246,0,0,2.680000067,11.90999985,-8.130000114,0.039999999,-0.01,-1.279999971,-8
44.65,6948,-6311,0,0,3.230000019,14.94999981,-6.849999905,-0.129999995,0.029999999,-1.210000038,-8
44.66,6954,-6400,0,0,4.420000076,12.31000042,-0.959999979,0.109999999,-0.079999998,-1.210000038,-8
44.67,6916,-6316,0,0,2.460000038,13.89999962,-0.759999991,0,-0.079999998,-1.149999976,-9
44.68,6905,-6444,0,0,1.600000024,10.84000015,-0.660000026,0.059999999,0,-1.159999967,-9
44.69,6980,-6460,0,0,3.470000029,11.44999981,-1.980000019,0.029999999,0.07,-1.139999986,-11
44.7,6910,-6285,0,0,3.609999895,10.89999962,-0.879999995,0.119999997,-0.150000006,-1.139999986,-11
44.71,6872,-6355,0,0,6.230000019,14.60999966,1.379999995,-0.01,-0.050000001,-1.120000005,-16
44.72,7033,-6500,0,0,0.670000017,13.78999996,-2.829999924,0.01,-0.039999999,-1.100000024,-16
44.73,6978,-6516,0,0,4.019999981,17.47999954,-2.859999895,-0.129999995,-0.129999995,-1.049999952,-20
44.74,6894,-6613,0,0,-1.710000038,14.68000031,-9.06000042,0.090000004,0.119999997,-1.090000033,-20
44.75,7011,-6584,0,0,1.269999981,19.84000015,-11.59000015,-0.180000007,0,-0.980000019,-23
44.76,7063,-6518,0,0,0.769999981,17.29999924,-1.289999962,0.150000006,0.039999999,-1.029999971,-23
44.77,7018,-6534,0,0,3.660000086,18.42000008,-0.74000001,-0.039999999,0.07,-0.930000007,-26
44.78,6966,-6441,0,0,-0.170000002,16.39999962,2.579999924,0.029999999,-0.200000003,-0.930000007,-26
44.79,6994,-6396,0,0,-2.119999886,16.35000038,3.220000029,-0.059999999,-0.100000002,-0.870000005,-28
44.8,7036,-6412,0,0,1.090000033,12.06000042,-4.929999828,0.039999999,0,-0.920000017,-28
44.81,6914,-6297,0,0,0.5,12.78999996,-3.049999952,0,0.029999999,-0.910000026,-28
44.82,7028,-6256,0,0,2.210000038,9.829999924,1.649999976,0.119999997,-0.150000006,-0.939999998,-28
44.83,7115,-6277,0,0,2.930000067,12.80000019,3.180000067,0.050000001,-0.029999999,-0.949999988,-28
44.84,6992,-6307,0,0,0.159999996,10.31999969,0.02,0,-0.039999999,-0.959999979,-28
44.85,7003,-6375,0,0,1.139999986,13.40999985,-0.930000007,-0.07,0.01,-0.970000029,-28
44.86,7121,-6443,0,0,3.589999914,11.56000042,-4.349999905,0.07,0.02,-0.970000029,-28
44.87,7121,-6426,0,0,2.420000076,14.36999989,-3.589999914,0,-0.050000001,-0.959999979,-28
44.88,7149,-6436,0,0,-0.910000026,14.92000008,-3.529999971,0.100000002,0.02,-0.959999979,-28
44.89,7059,-6433,0,0,0.330000013,15.14000034,-4.820000172,0.039999999,0.01,-0.930000007,-28
44.9,7161,-6291,0,0,-0.050000001,13.48999977,-2.789999962,0.180000007,0.02,-0.939999998,-28
44.91,7123,-6401,0,0,3.089999914,12.73999977,0.029999999,0.079999998,0.090000004,-0.920000017,-28
44.92,6930,-6321,0,0,0.920000017,15.76000023,3.809999943,0.02,-0.050000001,-0.899999976,-28
44.93,7133,-6351,0,0,1.649999976,12.86999989,4.28000021,0.029999999,-0.039999999,-0.910000026,-28
44.94,6995,-6408,0,0,0.589999974,10.60999966,-1.029999971,0,0.029999999,-0.920000017,-28
44.95,6970,-6257,0,0,2.039999962,12.60999966,-2.5,0.01,0.01,-0.899999976,-28
44.96,7027,-6288,0,0,-1.799999952,13.47999954,2.660000086,0.02,-0.01,-0.889999986,-28
44.97,7044,-6406,0,0,0.5,13.52999973,-0.270000011,0,0.01,-0.879999995,-28
44.98,7029,-6310,0,0,-1.659999967,13.68999958,2.089999914,-0.059999999,-0.029999999,-0.879999995,-28
44.99,7036,-6395,0,0,1.370000005,12.72999954,-0.100000002,0.059999999,0.01,-0.899999976,-28
45,7104,-6371,0,0,0.150000006,12.36999989,2.880000114,0.07,-0.129999995,-0.889999986,-28
45.01,7092,-6290,0,0,2.849999905,12.42000008,0.509999991,0.079999998,-0.129999995,-0.899999976,-28
45.02,7037,-6301,0,0,-3.119999886,12.35999966,-4.309999943,0.090000004,-0.01,-0.910000026,-28
45.03,7119,-6314,0,0,-2.890000105,12.10999966,-6.449999809,0.029999999,0.039999999,-0.949999988,-28
45.04,7149,-6263,0,0,2.380000114,11.98999977,-0.579999983,0.129999995,0.090000004,-0.949999988,-28
45.05,7033,-6331,0,0,0.629999995,10.18000031,0.74000001,0.140000001,0.109999999,-0.99000001,-28
45.06,7171,-6278,0,0,0.910000026,11.28999996,8.289999962,-0.01,-0.129999995,-0.980000019,-28
45.07,7206,-6276,0,0,-1.169999957,8.93999958,7.940000057,0.01,-0.029999999,-1.029999971,-28
45.08,7089,-6319,0,0,1.549999952,10.15999985,-1.230000019,-0.07,-0.02,-1.039999962,-28
45.09,7107,-6262,0,0,1.929999948,9.229999542,-0.730000019,0,-0.01,-1.070000052,-28
45.1,7213,-6351,0,0,5.519999981,9.829999924,3.059999943,0.01,-0.059999999,-1.049999952,-28
45.11,7170,-6322,0,0,1.789999962,11.32999992,0.129999995,0.100000002,-0.079999998,-1.070000052,-28
45.12,7120,-6284,0,0,1.450000048,11.06999969,-0.330000013,0.100000002,-0.07,-1.070000052,-28
45.13,7201,-6315,0,0,0.050000001,10.69999981,-1.820000052,0.079999998,-0.07,-1.070000052,-28
45.14,7262,-6317,0,0,4.929999828,11.19999981,-2.779999971,0.219999999,-0.050000001,-1.070000052,-28
45.15,7207,-6264,0,0,2.890000105,10.44999981,-1.529999971,0.090000004,-0.079999998,-1.100000024,-28
45.16,7157,-6365,0,0,1.960000038,11.96000004,-0.910000026,0.079999998,-0.109999999,-1.090000033,-28
45.17,7255,-6314,0,0,0,9.710000038,0.370000005,0,-0.059999999,-1.149999976,-28
45.18,7308,-6327,0,0,3.039999962,10.15999985,-3.589999914,-0.029999999,-0.01,-1.159999967,-28
45.19,7216,-6395,0,0,4.579999924,10.77999973,0.319999993,-0.01,-0.029999999,-1.179999948,-28
45.2,7249,-6281,0,0,1.929999948,13.17000008,0.189999998,-0.100000002,-0.090000004,-1.159999967,-28
45.21,7366,-6260,0,0,1.970000029,12.80000019,1.690000057,-0.039999999,-0.059999999,-1.179999948,-28
45.22,7331,-6378,0,0,1.919999957,12.30000019,-5.119999886,-0.01,0,-1.200000048,-28
45.23,7270,-6329,0,0,0.939999998,11.06999969,-3.319999933,0.050000001,-0.050000001,-1.210000038,-28
45.24,7269,-6388,0,0,1.779999971,12.57999992,1.059999943,0.02,0.050000001,-1.179999948,-28
45.25,7349,-6375,0,0,0.5,12.47000027,1.279999971,0.109999999,0.039999999,-1.179999948,-28
45.26,7344,-6357,0,0,3.299999952,13.43000031,5.230000019,0.01,-0.059999999,-1.159999967,-28
45.27,7223,-6431,0,0,2.660000086,10.60999966,3.529999971,0.159999996,-0.039999999,-1.169999957,-28
45.28,7378,-6435,0,0,3.559999943,12.30000019,0.259999991,0.039999999,-0.07,-1.149999976,-28
45.29,7333,-6460,0,0,1.279999971,11.18000031,1.110000014,0.07,-0.100000002,-1.159999967,-28
45.3,7276,-6490,0,0,1.799999952,12.15999985,-4.019999981,0.039999999,0.01,-1.159999967,-28
45.31,7316,-6445,0,0,2.140000105,11.85999966,-3.119999886,0.01,-0.039999999,-1.149999976,-27
45.32,7306,-6369,0,0,2.299999952,12.57999992,0.959999979,0,0.050000001,-1.129999995,-27
45.33,7353,-6405,0,0,-0.259999991,13.15999985,-0.479999989,0.029999999,0.050000001,-1.120000005,-25
45.34,7274,-6416,0,0,3.940000057,11.06000042,1.769999981,0.059999999,0,-1.120000005,-25
45.35,7227,-6481,0,0,2.329999924,12.14999962,-1.110000014,0.090000004,0,-1.080000043,-21
45.36,7250,-6546,0,0,2.859999895,10.64000034,0.649999976,0.140000001,-0.07,-1.070000052,-21
45.37,7185,-6533,0,0,0.779999971,10.94999981,0.550000012,0.140000001,-0.029999999,-0.99000001,-17
45.38,7203,-6599,0,0,3.00999999,11.27000046,-5.119999886,0.230000004,0.100000002,-0.949999988,-17
45.39,7199,-6686,0,0,2.549999952,8.699999809,-3.099999905,0.200000003,0.100000002,-0.860000014,-15
45.4,7219,-6662,0,0,4.809999943,9.850000381,2.279999971,0.189999998,0.02,-0.810000002,-15
45.41,7198,-6761,0,0,3.099999905,7.949999809,2.609999895,0.119999997,-0.02,-0.720000029,-15
45.42,7146,-6807,0,0,-0.239999995,10.22999954,-0.479999989,-0.01,0.07,-0.670000017,-15
45.43,7234,-6758,0,0,0.509999991,9.989999771,-1.970000029,-0.029999999,0.109999999,-0.600000024,-15
45.44,7193,-6826,0,0,3.5,8.850000381,0.75,0.039999999,0.02,-0.579999983,-15
45.45,7226,-6805,0,0,2.559999943,8.920000076,1.340000033,0.090000004,0.01,-0.550000012,-16
45.46,7207,-6756,0,0,0.899999976,7.800000191,7.46999979,0.01,-0.109999999,-0.550000012,-16
45.47,7282,-6846,0,0,0.270000011,7.019999981,3.25999999,-0.01,-0.119999997,-0.569999993,-19
45.48,7322,-6922,0,0,1.580000043,7.059999943,-4.170000076,0.02,-0.07,-0.589999974,-19
45.49,7256,-6849,0,0,1.879999995,6.010000229,-2.079999924,0,-0.150000006,-0.649999976,-22
45.5,7426,-6813,0,0,-1.070000052,5.809999943,-0.230000004,0.039999999,-0.059999999,-0.689999998,-22
45.51,7474,-6818,0,0,-1.769999981,7.190000057,-4.360000134,-0.029999999,-0.059999999,-0.75,-25
45.52,7475,-6804,0,0,1.980000019,5.679999828,0.419999987,0.029999999,-0.07,-0.790000022,-25
45.53,7518,-6779,0,0,1.320000052,6.420000076,0.360000014,-0.039999999,-0.02,-0.879999995,-27
45.54,7528,-6773,0,0,1.769999981,7.690000057,2.519999981,-0.100000002,-0.189999998,-0.889999986,-27
45.55,7650,-6800,0,0,-0.790000022,8.369999886,4.900000095,-0.090000004,-0.129999995,-0.980000019,-28
45.56,7642,-6674,0,0,1.019999981,8.890000343,-5.329999924,-0.109999999,0,-1.019999981,-28
45.57,7614,-6674,0,0,0.239999995,9.239999771,-1.700000048,-0.079999998,0.029999999,-1.080000043,-28
45.58,7572,-6784,0,0,3.5,9.909999847,1.600000024,-0.059999999,-0.090000004,-1.080000043,-28
45.59,7697,-6800,0,0,-1.159999967,10.88000011,2.299999952,0,-0.07,-1.139999986,-28
45.6,7810,-6912,0,0,0.360000014,9.850000381,-2.75,0.01,0.090000004,-1.169999957,-28
45.61,7810,-6912,0,0,-0.910000026,10.77000046,-1.909999967,0.090000004,0.100000002,-1.169999957,-28
45.62,7733,-6799,0,0,2.789999962,11.64000034,2.00999999,0.140000001,0.01,-1.149999976,-29
45.63,7772,-6885,0,0,-1.159999967,13.06000042,2.5,0,0,-1.149999976,-30
45.64,7897,-6944,0,0,1.289999962,10.55000019,2.869999886,0.01,-0.039999999,-1.159999967,-30
45.65,7858,-6955,0,0,1,11.19999981,-0.039999999,-0.01,-0.039999999,-1.159999967,-31
45.66,7779,-6941,0,0,0.600000024,10.92000008,-1.639999986,0.01,-0.07,-1.159999967,-31
45.67,7798,-6973,0,0,-1.440000057,12.93999958,-2.450000048,0,-0.029999999,-1.139999986,-32
45.68,7829,-6883,0,0,3.25,11.27999973,-3.569999933,0.140000001,-0.01,-1.159999967,-32
45.69,7959,-6813,0,0,1.299999952,11.28999996,-0.349999994,0.01,0,-1.139999986,-33
45.7,7779,-6882,0,0,3.289999962,12.01000023,3.180000067,0.059999999,-0.200000003,-1.129999995,-33
45.71,7723,-6896,0,0,-0.649999976,11.31000042,2.019999981,0.039999999,-0.159999996,-1.149999976,-33
45.72,7796,-6764,0,0,3.299999952,9.779999733,-4.010000229,0.079999998,-0.039999999,-1.169999957,-33
45.73,7866,-6805,0,0,2.359999895,12.47999954,-0.430000007,0,-0.140000001,-1.169999957,-33
45.74,7843,-6884,0,0,0.460000008,13.34000015,-2.5,0.050000001,-0.109999999,-1.159999967,-33
45.75,7708,-6784,0,0,0.519999981,11.78999996,-4.190000057,-0.07,-0.079999998,-1.200000048,-33
45.76,7799,-6854,0,0,0.379999995,11.44999981,-1.629999995,0.039999999,-0.039999999,-1.210000038,-33
45.77,7780,-6837,0,0,-1.74000001,11.94999981,-4.329999924,-0.02,-0.07,-1.25,-33
45.78,7876,-6792,0,0,1.049999952,11.93000031,1.210000038,0.059999999,0.01,-1.25,-33
45.79,7900,-6736,0,0,2.400000095,13.09000015,0.07,0.059999999,0.02,-1.269999981,-33
45.8,7782,-6713,0,0,0.970000029,12.89999962,-0.560000002,0.050000001,-0.159999996,-1.289999962,-33
45.81,7794,-6758,0,0,-0.819999993,12.88000011,3.109999895,-0.090000004,-0.02,-1.299999952,-33
45.82,7918,-6788,0,0,1.980000019,13.75,-4.139999866,-0.02,0.02,-1.299999952,-33
45.83,7953,-6870,0,0,0.200000003,12.98999977,2.119999886,-0.07,-0.02,-1.330000043,-33
45.84,7862,-6904,0,0,0.49000001,14.61999989,-1.879999995,-0.119999997,0.02,-1.320000052,-33
45.85,7849,-6809,0,0,-0.280000001,15.05000019,0.980000019,0.029999999,0.100000002,-1.309999943,-33
45.86,7879,-6783,0,0,3.49000001,16.12999916,2.029999971,0.039999999,-0.079999998,-1.279999971,-33
45.87,7905,-6796,0,0,1.360000014,13.05000019,6.840000153,0.150000006,-0.109999999,-1.279999971,-33
45.88,7828,-6743,0,0,-0.910000026,14.85000038,-1.019999981,-0.059999999,-0.02,-1.25999999,-33
45.89,7786,-6797,0,0,-0.870000005,11.76000023,2.980000019,0,0,-1.289999962,-33
45.9,7755,-6803,0,0,0,14.17000008,0.150000006,-0.119999997,-0.02,-1.269999981,-33
45.91,7809,-6716,0,0,-0.589999974,13.32999992,-1.779999971,0.079999998,-0.050000001,-1.279999971,-33
45.92,7878,-6717,0,0,-0.540000022,12.42000008,1.299999952,-0.02,0.039999999,-1.289999962,-33
45.93,7812,-6740,0,0,1.49000001,10.43999958,-0.319999993,0.159999996,0.029999999,-1.330000043,-33
45.94,7808,-6741,0,0,0.439999998,13.27000046,4.639999866,-0.01,-0.029999999,-1.299999952,-33
45.95,7730,-6810,0,0,-3.049999952,12.5,0.150000006,0.059999999,-0.029999999,-1.330000043,-33
45.96,7829,-6760,0,0,1.360000014,15.06000042,0.850000024,0.029999999,0.029999999,-1.289999962,-33
45.97,7849,-6685,0,0,-1.039999962,12.05000019,-0.430000007,0.25,0.029999999,-1.299999952,-33
45.98,7769,-6668,0,0,0.759999991,13.35000038,3.24000001,0.180000007,-0.140000001,-1.289999962,-33
45.99,7692,-6634,0,0,-3.109999895,9.710000038,3.890000105,0.209999993,-0.039999999,-1.330000043,-33
46,7708,-6674,0,0,1.399999976,12.35999966,2.279999971,0.029999999,-0.02,-1.309999943,-33
46.01,7819,-6685,0,0,-0.949999988,11.36999989,4.789999962,-0.01,0.01,-1.340000033,-34
46.02,7655,-6716,0,0,-0.230000004,11.18000031,-0.75,-0.100000002,-0.129999995,-1.350000024,-34
46.03,7694,-6710,0,0,-1.100000024,14.71000004,0.039999999,-0.109999999,-0.079999998,-1.320000052,-34
46.04,7677,-6641,0,0,0.209999993,12.22999954,-2.789999962,-0.039999999,-0.02,-1.320000052,-34
46.05,7588,-6718,0,0,0.509999991,17.97999954,-3.859999895,0.029999999,-0.059999999,-1.25,-34
46.06,7780,-6642,0,0,1.379999995,12.64999962,-2.859999895,0.230000004,-0.090000004,-1.25999999,-34
46.07,7587,-6633,0,0,-2.619999886,16.06999969,-3.529999971,0.039999999,-0.100000002,-1.190000057,-34
46.08,7548,-6611,0,0,3.410000086,11.15999985,-0.839999974,0.349999994,-0.129999995,-1.210000038,-34
46.09,7470,-6623,0,0,-3.900000095,14.39999962,-3.49000001,-0.050000001,-0.170000002,-1.169999957,-34
46.1,7622,-6565,0,0,3.210000038,8.729999542,-2.630000114,0.259999991,-0.189999998,-1.230000019,-34
46.11,7545,-6605,0,0,-4.539999962,11.57999992,-2.00999999,-0.090000004,-0.109999999,-1.24000001,-34
46.12,7493,-6470,0,0,4.050000191,7.760000229,-3.980000019,0.200000003,-0.219999999,-1.25999999,-34
46.13,7539,-6523,0,0,-2.569999933,14.47000027,0.319999993,-0.119999997,-0.189999998,-1.24000001,-34
46.14,7625,-6520,0,0,2.25999999,10.52000046,-9.569999695,0.129999995,-0.109999999,-1.279999971,-34
46.15,7574,-6459,0,0,0.109999999,12.14999962,5.21999979,-0.349999994,-0.050000001,-1.279999971,-34
46.16,7476,-6394,0,0,2.410000086,16.88999939,-8.010000229,-0.289999992,-0.189999998,-1.25999999,-34
46.17,7540,-6507,0,0,3.039999962,12.77000046,13.63000011,-0.259999991,-0.170000002,-1.279999971,-34
46.18,7554,-6413,0,0,-1.039999962,21.98999977,-6.849999905,-0.540000022,-0.100000002,-1.25999999,-34
46.19,7521,-6442,0,0,1.399999976,10.72000027,8.409999847,0.129999995,-0.050000001,-1.320000052,-34
46.2,7581,-6370,0,0,-1.330000043,22.22999954,-2.180000067,-0.419999987,0,-1.220000029,-34
46.21,7435,-6341,0,0,-0.300000012,16.88999939,8.75,0.029999999,-0.170000002,-1.299999952,-34
46.22,7551,-6420,0,0,-1.129999995,13.19999981,4.619999886,0.419999987,-0.01,-1.370000005,-34
46.23,7521,-6334,0,0,-1.070000052,17.27000046,3.900000095,-0.07,0.02,-1.360000014,-34
46.24,7481,-6377,0,0,-2.220000029,10.27000046,1.860000014,0.189999998,0.02,-1.389999986,-35
46.25,7435,-6355,0,0,2.640000105,16.10000038,5.349999905,-0.109999999,-0.01,-1.370000005,-35
46.26,7473,-6334,0,0,-1.379999995,8.510000229,2.980000019,0.209999993,0.039999999,-1.409999967,-35
46.27,7435,-6277,0,0,4.949999809,15.93999958,7,-0.050000001,-0.140000001,-1.330000043,-35
46.28,7442,-6317,0,0,-0.74000001,10.25,7.650000095,0.200000003,-0.02,-1.389999986,-35
46.29,7293,-6204,0,0,5.489999771,14.22000027,4.070000172,0,-0.239999995,-1.360000014,-35
46.3,7354,-6283,0,0,2.819999933,10.84000015,9.479999542,0.200000003,-0.230000004,-1.370000005,-35
46.31,7325,-6255,0,0,1.00999999,16.46999931,-6.190000057,0.090000004,-0.140000001,-1.309999943,-35
46.32,7252,-6234,0,0,2.269999981,12.39000034,-0.939999998,0.159999996,-0.140000001,-1.330000043,-35
46.33,7295,-6205,0,0,1.899999976,16.27000046,-6.050000191,0.170000002,-0.079999998,-1.289999962,-35
46.34,7262,-6214,0,0,3.49000001,10.75,-1.970000029,0.180000007,-0.170000002,-1.340000033,-35
46.35,7330,-6163,0,0,-2.640000105,15.15999985,-6.119999886,0,-0.050000001,-1.330000043,-35
46.36,7250,-6223,0,0,-1.480000019,16.55999947,-5.199999809,-0.100000002,-0.100000002,-1.360000014,-35
46.37,7274,-6129,0,0,-0.219999999,15.14000034,-2.390000105,0.039999999,0.01,-1.389999986,-35
46.38,7256,-6164,0,0,0.059999999,15.39000034,-5.710000038,-0.039999999,-0.079999998,-1.340000033,-35
46.39,7206,-6146,0,0,-1.080000043,12.47999954,-0.360000014,-0.02,-0.059999999,-1.379999995,-35
46.4,7179,-6060,0,0,-2.529999971,15.69999981,-2.690000057,-0.090000004,-0.01,-1.389999986,-35
46.41,7180,-6038,0,0,0.560000002,11.89999962,-1.700000048,0.050000001,-0.059999999,-1.440000057,-35
46.42,7284,-6027,0,0,0.560000002,11.89999962,-1.700000048,0.079999998,-0.01,-1.450000048,-35
46.43,7115,-6030,0,0,-2.230000019,10.52000046,-0.150000006,0.07,-0.059999999,-1.460000038,-35
46.44,7171,-6009,0,0,-3.75,12.76000023,-2.470000029,0.07,0.039999999,-1.470000029,-35
46.45,7234,-6010,0,0,0.970000029,13.59000015,-2.24000001,0.100000002,0.059999999,-1.450000048,-35
46.46,7162,-6001,0,0,-0.219999999,11.05000019,1.230000019,0.140000001,0.059999999,-1.460000038,-35
46.47,7172,-5935,0,0,0.230000004,13.64999962,4.360000134,-0.01,-0.100000002,-1.450000048,-35
46.48,7123,-5976,0,0,-2.390000105,12.93999958,8.300000191,-0.02,-0.07,-1.429999948,-35
46.49,7132,-5958,0,0,1.230000019,17.29000092,-2.220000029,-0.150000006,-0.039999999,-1.419999957,-35
46.5,7088,-5908,0,0,-1.25,14.85999966,3.069999933,-0.050000001,-0.119999997,-1.399999976,-35
46.51,6945,-5945,0,0,0.620000005,14.77999973,-3.380000114,-0.039999999,-0.07,-1.419999957,-35
46.52,7003,-5888,0,0,-0.620000005,15.85000038,1.659999967,-0.170000002,-0.07,-1.399999976,-35
46.53,7050,-5841,0,0,0.639999986,17.65999985,-3.440000057,-0.219999999,-0.119999997,-1.409999967,-35
46.54,6881,-5853,0,0,-0.349999994,15.32999992,4.360000134,0,-0.07,-1.409999967,-35
46.55,7035,-5763,0,0,4.829999924,15.02999973,-1.320000052,-0.02,-0.109999999,-1.429999948,-35
46.56,6980,-5811,0,0,3.269999981,13.35000038,6.579999924,0.02,-0.170000002,-1.429999948,-35
46.57,6959,-5789,0,0,-0.680000007,14.31000042,-9.229999542,-0.100000002,-0.129999995,-1.470000029,-35
46.58,7022,-5755,0,0,1.529999971,13.36999989,4.050000191,0,-0.140000001,-1.480000019,-35
46.59,6965,-5730,0,0,-0.579999983,11.57999992,-7.710000038,0,-0.029999999,-1.539999962,-35
46.6,6932,-5662,0,0,3.079999924,14.06999969,-4.929999828,0.039999999,-0.029999999,-1.570000052,-35
46.61,6923,-5754,0,0,0,14.17000008,-1.879999995,-0.079999998,-0.02,-1.570000052,-35
46.62,6951,-5626,0,0,3.180000067,13.86999989,1.879999995,0.039999999,-0.159999996,-1.590000033,-35
46.63,6907,-5723,0,0,-2.5,16.73999977,-5.650000095,-0.129999995,0.180000007,-1.590000033,-35
46.64,6804,-5627,0,0,1.769999981,16.96999931,-3.809999943,-0.01,0.039999999,-1.590000033,-35
46.65,6892,-5641,0,0,-1.090000033,15.86999989,-1.649999976,0.01,0.07,-1.620000005,-35
46.66,6925,-5618,0,0,3.099999905,16.48999977,1.200000048,0.050000001,0.07,-1.580000043,-35
46.67,6767,-5567,0,0,-2.119999886,16.04999924,3.289999962,-0.07,-0.050000001,-1.590000033,-35
46.68,6872,-5558,0,0,-1.909999967,14.48999977,3.470000029,0,-0.079999998,-1.600000024,-35
46.69,6865,-5474,0,0,-1.49000001,12.76000023,-2.180000067,-0.109999999,0.119999997,-1.610000014,-34
46.7,6795,-5561,0,0,-0.209999993,16.15999985,-3.930000067,-0.02,0.039999999,-1.590000033,-33
46.71,6841,-5499,0,0,2.420000076,13.60999966,3.450000048,0.059999999,-0.050000001,-1.610000014,-33
46.72,6910,-5527,0,0,1.539999962,16.31999969,3.230000019,0.050000001,-0.079999998,-1.539999962,-29
46.73,6853,-5480,0,0,-0.680000007,12.48999977,-4.980000019,0.150000006,-0.090000004,-1.580000043,-29
46.74,6593,-5469,0,0,0.050000001,12.93999958,2.400000095,-0.050000001,-0.090000004,-1.519999981,-22
46.75,6691,-5454,0,0,2.769999981,12.31999969,-7.170000076,-0.059999999,-0.050000001,-1.600000024,-22
46.76,6778,-5471,0,0,-0.74000001,12.22999954,1.350000024,-0.100000002,-0.050000001,-1.649999976,-22
46.77,6637,-5488,0,0,6.21999979,14.68999958,0.360000014,-0.200000003,-0.090000004,-1.639999986,-15
46.78,6785,-5453,0,0,2.150000095,13.21000004,7.78000021,-0.140000001,-0.050000001,-1.649999976,-15
46.79,6639,-5548,0,0,4.650000095,16.36000061,-2.890000105,-0.289999992,-0.109999999,-1.639999986,-10
46.8,6623,-5525,0,0,0.949999988,14.93000031,3.980000019,0.029999999,-0.050000001,-1.610000014,-8
46.81,6665,-5558,0,0,7.179999828,16.70000076,-4.829999924,0.02,-0.02,-1.580000043,-8
46.82,6609,-5501,0,0,2.920000076,16.62999916,4.440000057,0.259999991,-0.100000002,-1.50999999,-8
46.83,6523,-5395,0,0,3.279999971,18.54000092,-1.289999962,0.180000007,-0.050000001,-1.49000001,-8
46.84,6645,-5452,0,0,0.370000005,14.85999966,3.329999924,0.100000002,-0.109999999,-1.460000038,-9
46.85,6523,-5478,0,0,0.819999993,14,-4.710000038,0,0.01,-1.49000001,-9
46.86,6506,-5542,0,0,-0.189999998,7.099999905,-3.970000029,0,0.07,-1.559999943,-9
46.87,6601,-5549,0,0,2.710000038,3.880000114,-0.239999995,-0.029999999,0.029999999,-1.620000005,-12
46.88,6482,-5622,0,0,-0.910000026,16.98999977,-5.230000019,-0.25,0.029999999,-1.600000024,-12
46.89,6484,-5691,0,0,3.700000048,11.77999973,1.960000038,-0.07,0.07,-1.639999986,-16
46.9,6562,-5794,0,0,4.369999886,18.25,-0.370000005,-0.07,0.059999999,-1.539999962,-19
46.91,6435,-5825,0,0,0.959999979,12.48999977,-0.870000005,0.219999999,-0.090000004,-1.570000052,-19
46.92,6575,-5756,0,0,0.939999998,16.15999985,-1.460000038,-0.059999999,-0.07,-1.49000001,-20
46.93,6541,-5710,0,0,2.390000105,13.68999958,-5.940000057,0.239999995,0,-1.50999999,-20
46.94,6451,-5580,0,0,5.820000172,16.29000092,3.880000114,-0.109999999,-0.100000002,-1.440000057,-20
46.95,6537,-5576,0,0,-1.200000048,18.17000008,-3.410000086,-0.07,-0.100000002,-1.450000048,-20
46.96,6519,-5417,0,0,-1.200000048,18.17000008,-3.410000086,-0.07,-0.059999999,-1.429999948,-20
46.97,6500,-5365,0,0,-1.389999986,18.40999985,-3.75999999,-0.200000003,-0.150000006,-1.429999948,-18
46.98,6462,-5301,0,0,3.710000038,14.47999954,0.039999999,0.150000006,-0.119999997,-1.460000038,-18
46.99,6537,-5359,0,0,-2.450000048,16.30999947,-3.859999895,-0.109999999,0.02,-1.5,-12
47,6372,-5256,0,0,2.940000057,11.14999962,-3.200000048,0.360000014,-0.050000001,-1.50999999,-3
47.01,6432,-5319,0,0,-1.799999952,12.89999962,4.460000038,0,0.200000003,-1.519999981,-3
47.02,6428,-5281,0,0,-1.190000057,11.07999992,-6.46999979,0.209999993,0.129999995,-1.519999981,6
47.03,6288,-5218,0,0,1.679999948,11.57999992,8.979999542,0.050000001,0.109999999,-1.529999971,6
47.04,6421,-5304,0,0,-1.909999967,10.64000034,-1.100000024,0.180000007,0.289999992,-1.5,15
47.05,6227,-5287,0,0,6.900000095,14.56999969,10.69999981,-0.02,-0.129999995,-1.429999948,15
47.06,6275,-5450,0,0,2.650000095,8.529999733,14.64000034,0.360000014,0.090000004,-1.340000033,15
47.07,6204,-5443,0,0,7.050000191,14.93999958,6.860000134,0,-0.079999998,-1.230000019,21
47.08,6093,-5540,0,0,4.980000019,7.929999828,13.31999969,0.430000007,-0.100000002,-1.070000052,21
47.09,6124,-5541,0,0,3.50999999,13.55000019,1.49000001,0.129999995,0,-0.920000017,23
47.1,6067,-5598,0,0,3.25,10.25,-0.140000001,0.219999999,-0.059999999,-0.769999981,23
47.11,5929,-5632,0,0,2.660000086,13.65999985,4.630000114,0.039999999,-0.02,-0.680000007,23
47.12,5991,-5667,0,0,1.870000005,12.52000046,-5.53000021,0.02,-0.079999998,-0.550000012,23
47.13,5909,-5847,0,0,2.289999962,14.85999966,6.170000076,-0.079999998,0,-0.479999989,22
47.14,5848,-5875,0,0,2.019999981,14.78999996,-3.49000001,-0.059999999,-0.140000001,-0.349999994,21
47.15,5942,-6052,0,0,2.190000057,17.72999954,2,-0.039999999,0,-0.280000001,21
47.16,5828,-5944,0,0,3.450000048,12.15999985,-1.919999957,0.119999997,-0.059999999,-0.189999998,21
47.17,5868,-5958,0,0,-0.170000002,15.46000004,1.710000038,0.07,-0.140000001,-0.140000001,19
47.18,5826,-6060,0,0,-0.01,11.23999977,-0.600000024,0.100000002,-0.090000004,-0.100000002,19
47.19,5904,-5926,0,0,-2.640000105,15.61999989,1.480000019,-0.100000002,0.050000001,-0.029999999,15
47.2,5839,-6129,0,0,-2.849999905,8.329999924,-2.299999952,0.050000001,0.109999999,-0.059999999,15
47.21,5823,-6067,0,0,-1.350000024,15.85999966,7.389999866,-0.300000012,0.039999999,0.029999999,10
47.22,5976,-6125,0,0,-2.099999905,10.25,5.070000172,0.109999999,0.270000011,-0.02,4
47.23,5826,-6268,0,0,1.379999995,15.22999954,13.67000008,-0.219999999,-0.119999997,0.029999999,4
47.24,5884,-6167,0,0,1.5,12.60999966,9.710000038,0.090000004,0.140000001,0.02,-2
47.25,5875,-6337,0,0,5.46999979,12.39000034,6.960000038,-0.050000001,-0.140000001,0.050000001,-2
47.26,5791,-6475,0,0,4.059999943,9.619999886,5.300000191,0.100000002,-0.119999997,0.050000001,-2
47.27,6028,-6505,0,0,1.789999962,11.39000034,-7.159999847,0.129999995,0.02,0.079999998,-10
47.28,5922,-6644,0,0,3.109999895,8.68999958,-4.519999981,0.159999996,-0.07,0.07,-10
47.29,6067,-6563,0,0,-0.839999974,10.48999977,-8.75,0.259999991,0.170000002,0.090000004,-18
47.3,6136,-6459,0,0,1.389999986,6.599999905,-8.220000267,0.180000007,-0.02,0.039999999,-18
47.31,6093,-6357,0,0,-3.579999924,6.110000134,-0.01,0.150000006,0.180000007,0.02,-26
47.32,6237,-6203,0,0,-3.829999924,3.839999914,-6.409999847,0.090000004,0.119999997,-0.079999998,-26
47.33,6367,-6127,0,0,-2.74000001,2.359999895,6.050000191,0.050000001,0.050000001,-0.159999996,-31
47.34,6400,-5990,0,0,-3.680000067,1.220000029,-0.289999992,0.150000006,0.119999997,-0.300000012,-33
47.35,6455,-5828,0,0,3.50999999,-1.200000048,9.989999771,0.100000002,-0.150000006,-0.389999986,-33
47.36,6409,-5784,0,0,-2.730000019,-0.189999998,7.989999771,0,-0.02,-0.550000012,-33
47.37,6297,-5727,0,0,4.590000153,1.279999971,2.74000001,-0.039999999,-0.180000007,-0.600000024,-33
47.38,6419,-5681,0,0,0.239999995,3.119999886,8.350000381,-0.200000003,-0.119999997,-0.759999991,-33
47.39,6346,-5736,0,0,2.779999971,7.860000134,-7.639999866,-0.159999996,-0.150000006,-0.779999971,-33
47.4,6448,-5649,0,0,2.359999895,7.329999924,2.059999943,-0.109999999,-0.200000003,-0.920000017,-33
47.41,6512,-5628,0,0,1.340000033,8.989999771,-8.359999657,-0.039999999,-0.01,-0.949999988,-33
47.42,6467,-5663,0,0,2.839999914,8.199999809,-4.590000153,0.039999999,-0.119999997,-1.049999952,-33
47.43,6519,-5618,0,0,1.850000024,7.809999943,-1.179999948,0.07,0.050000001,-1.070000052,-33
47.44,6530,-5572,0,0,4.28000021,9.090000153,-3.680000067,0.059999999,-0.129999995,-1.120000005,-33
47.45,6563,-5621,0,0,-1.120000005,10.10000038,0.419999987,0.01,0.050000001,-1.120000005,-33
47.46,6523,-5629,0,0,0.579999983,10.10000038,-5.360000134,0.02,0,-1.159999967,-33
47.47,6579,-5606,0,0,-0.600000024,8.539999962,1.139999986,0.07,-0.01,-1.190000057,-33
47.48,6617,-5612,0,0,-0.600000024,8.539999962,1.139999986,-0.01,0.029999999,-1.190000057,-33
47.49,6593,-5636,0,0,-0.400000006,9.970000267,3.099999905,0.079999998,-0.07,-1.210000038,-32
47.5,6596,-5598,0,0,-0.699999988,9.68999958,1.440000057,0.050000001,-0.01,-1.230000019,-32
47.51,6521,-5564,0,0,-0.25,9.909999847,1.679999948,0,-0.01,-1.220000029,-32
47.52,6674,-5561,0,0,-1.549999952,10.64000034,1.200000048,0,0.059999999,-1.24000001,-31
47.53,6606,-5616,0,0,3.839999914,11.68999958,0.839999974,0.050000001,-0.07,-1.230000019,-31
47.54,6502,-5597,0,0,4.590000153,11.03999996,4.289999962,0.059999999,-0.07,-1.200000048,-27
47.55,6627,-5680,0,0,3.680000067,9.81000042,-0.930000007,0.01,-0.150000006,-1.210000038,-27
47.56,6558,-5641,0,0,3.440000057,10.21000004,1.799999952,0.100000002,-0.189999998,-1.149999976,-27
47.57,6486,-5725,0,0,3.440000057,10.21000004,1.799999952,0.140000001,0.059999999,-1.110000014,-21
47.58,6534,-5735,0,0,0.709999979,11.03999996,-8.380000114,0.090000004,-0.02,-1.019999981,-21
47.59,6481,-5814,0,0,1.00999999,11.48999977,-3.140000105,0.200000003,0.119999997,-0.959999979,-17
47.6,6396,-5840,0,0,2.390000105,10.78999996,-5.420000076,0.140000001,0.140000001,-0.819999993,-14
47.61,6475,-5930,0,0,3.869999886,8.920000076,4.960000038,0.159999996,-0.090000004,-0.790000022,-14
47.62,6314,-5958,0,0,4.110000134,8.949999809,4.579999924,0.119999997,0,-0.639999986,-14
47.63,6323,-5931,0,0,2.019999981,9.149999619,0.620000005,0.039999999,-0.039999999,-0.600000024,-14
47.64,6389,-5999,0,0,3.170000076,7.619999886,4.059999943,0,-0.059999999,-0.509999991,-14
47.65,6264,-6001,0,0,-2.410000086,9.020000458,-4.179999828,-0.039999999,0.090000004,-0.479999989,-14
47.66,6406,-5975,0,0,1.340000033,6.869999886,-4.75,-0.059999999,0.07,-0.449999988,-14
47.67,6385,-6089,0,0,0.680000007,6.03000021,2.880000114,-0.029999999,0.109999999,-0.439999998,-14
47.68,6346,-6031,0,0,3,4.840000153,-1.149999976,0.090000004,0.079999998,-0.460000008,-14
47.69,6469,-6088,0,0,1.470000029,3.789999962,5.909999847,0.02,-0.029999999,-0.469999999,-15
47.7,6484,-6074,0,0,2,4.389999866,2.700000048,0.129999995,-0.050000001,-0.5,-15
47.71,6398,-6024,0,0,-1.580000043,3.569999933,-1.679999948,0.159999996,0.01,-0.519999981,-15
47.72,6562,-6088,0,0,-2.380000114,3.99000001,-2.700000048,-0.090000004,0.02,-0.569999993,-16
47.73,6517,-6059,0,0,-1.909999967,3.660000086,-1.690000057,-0.029999999,0.07,-0.579999983,-16
47.74,6451,-6088,0,0,-0.540000022,4.409999847,-0.920000017,-0.039999999,0.140000001,-0.629999995,-17
47.75,6596,-6058,0,0,2.529999971,4.550000191,7.769999981,-0.059999999,-0.07,-0.629999995,-17
47.76,6480,-6069,0,0,3.49000001,5.71999979,7.269999981,0.050000001,-0.01,-0.670000017,-17
47.77,6578,-6107,0,0,1.029999971,5.849999905,0.219999999,-0.02,-0.100000002,-0.689999998,-18
47.78,6717,-5982,0,0,1.419999957,6.25,4.239999771,-0.02,-0.109999999,-0.730000019,-18
47.79,6584,-5993,0,0,-3,7.230000019,-6.840000153,-0.039999999,0.059999999,-0.74000001,-20
47.8,6672,-6123,0,0,-2.50999999,7.179999828,-8.659999847,-0.119999997,0.039999999,-0.779999971,-20
47.81,6765,-6048,0,0,1.899999976,6.980000019,2.549999952,-0.039999999,0.119999997,-0.790000022,-21
47.82,6672,-6149,0,0,2.380000114,7.380000114,-0.150000006,0.07,0.079999998,-0.819999993,-21
47.83,6699,-6158,0,0,3.960000038,8,9.850000381,0.01,-0.189999998,-0.810000002,-22
47.84,6806,-6046,0,0,1.370000005,8.710000038,7.559999943,0.029999999,-0.150000006,-0.839999974,-23
47.85,6786,-6098,0,0,3.869999886,8.409999847,-5.650000095,0,-0.100000002,-0.860000014,-23
47.86,6753,-6089,0,0,2.109999895,7.559999943,-0.779999971,-0.039999999,-0.119999997,-0.910000026,-23
47.87,6778,-6151,0,0,2.109999895,7.559999943,-0.779999971,-0.039999999,-0.119999997,-0.910000026,-23
47.88,6812,-6088,0,0,3.589999914,7.699999809,-2.019999981,0,-0.100000002,-0.949999988,-23
47.89,6811,-6045,0,0,1.019999981,9.479999542,-3.640000105,0,0.059999999,-0.959999979,-24
47.9,6882,-6131,0,0,1.629999995,9.140000343,-3.75999999,0,0.02,-0.99000001,-24
47.91,6934,-6065,0,0,0.879999995,9.399999619,-0.899999976,0,0.029999999,-1.019999981,-25
47.92,6891,-6035,0,0,0.629999995,10.90999985,-2.680000067,-0.029999999,0.029999999,-1.029999971,-25
47.93,6935,-6103,0,0,2.660000086,9.699999809,5.360000134,-0.01,0.01,-1.039999962,-26
47.94,7006,-6122,0,0,3.00999999,10.17000008,3.420000076,0,0.02,-1.039999962,-26
47.95,6912,-6246,0,0,1.029999971,11.23999977,0.579999983,0,-0.109999999,-1.049999952,-26
47.96,6970,-6101,0,0,2.809999943,10.72000027,1.590000033,0.059999999,-0.129999995,-1.059999943,-26
47.97,7075,-6068,0,0,-0.150000006,9.529999733,-4.699999809,0.039999999,0.029999999,-1.080000043,-28
47.98,6941,-6162,0,0,3.450000048,9.489999771,-4.110000134,0.059999999,-0.029999999,-1.100000024,-28
47.99,6891,-6150,0,0,-0.730000019,10.86999989,2.890000105,0.02,0.050000001,-1.100000024,-28
48,7041,-6175,0,0,-0.670000017,11.65999985,-2.980000019,-0.029999999,0.079999998,-1.120000005,-28
48.01,7054,-6158,0,0,1.159999967,11.06999969,3.339999914,-0.029999999,-0.029999999,-1.139999986,-29
48.02,7000,-6135,0,0,1.159999967,11.06999969,3.339999914,0.039999999,-0.02,-1.159999967,-29
48.03,7032,-6135,0,0,1.340000033,9.720000267,0.939999998,0.039999999,-0.059999999,-1.190000057,-29
48.04,7145,-6059,0,0,1.75,10.42000008,2.339999914,0.050000001,-0.07,-1.210000038,-29
48.05,7132,-6035,0,0,0.050000001,13.02999973,-2.779999971,0,0.01,-1.200000048,-29
48.06,7028,-6131,0,0,0.810000002,11.64000034,0.430000007,0.050000001,0.039999999,-1.200000048,-29
48.07,7162,-6108,0,0,2.900000095,13.26000023,2.50999999,0.029999999,-0.01,-1.210000038,-29
48.08,7115,-6175,0,0,-1.440000057,11.02999973,-0.430000007,0.039999999,-0.02,-1.220000029,-29
48.09,7065,-6162,0,0,4.829999924,10.55000019,1.419999957,0.039999999,-0.079999998,-1.220000029,-29
48.1,7074,-6096,0,0,-2.539999962,13.85000038,0.649999976,0.039999999,-0.039999999,-1.210000038,-29
48.11,7176,-6169,0,0,6.239999771,11.84000015,-1.299999952,0.140000001,-0.109999999,-1.230000019,-29
48.12,7132,-6198,0,0,2.700000048,9.829999924,3.930000067,0.02,-0.109999999,-1.24000001,-29
48.13,7079,-6199,0,0,0.079999998,11.22999954,-5.039999962,0,-0.059999999,-1.24000001,-29
48.14,7191,-6214,0,0,0.479999989,10.34000015,-1.980000019,-0.07,-0.07,-1.25,-29
48.15,7175,-6191,0,0,2.400000095,12.85999966,-3.539999962,-0.01,0.07,-1.210000038,-29
48.16,7207,-6225,0,0,0.029999999,12.11999989,-5.460000038,0.039999999,0.050000001,-1.220000029,-29
48.17,7170,-6142,0,0,2.680000067,12.18999958,5.130000114,0.059999999,-0.109999999,-1.210000038,-29
48.18,7189,-6147,0,0,0.340000004,13.60000038,3.079999924,0.079999998,-0.039999999,-1.190000057,-29
48.19,7235,-6215,0,0,0.959999979,13.17000008,1.220000029,0.029999999,-0.119999997,-1.190000057,-29
48.2,7104,-6222,0,0,1.470000029,14.26000023,2.069999933,-0.02,-0.119999997,-1.179999948,-29
48.21,7119,-6273,0,0,1.559999943,11.72999954,-5.190000057,0.109999999,-0.109999999,-1.200000048,-29
48.22,7280,-6229,0,0,2.609999895,13.22000027,-2.279999971,0,-0.129999995,-1.190000057,-29
48.23,7108,-6227,0,0,-1.899999976,11.38000011,-5.849999905,0.100000002,-0.01,-1.210000038,-29
48.24,7225,-6283,0,0,-0.689999998,12.25,-5.679999828,-0.059999999,0,-1.230000019,-29
48.25,7304,-6233,0,0,0.639999986,10.01000023,-0.819999993,0.029999999,0.029999999,-1.25,-29
48.26,7272,-6279,0,0,2.930000067,12.39999962,-0.629999995,-0.029999999,0.07,-1.25999999,-29
48.27,7294,-6351,0,0,-0.689999998,12.60999966,5.650000095,-0.090000004,-0.090000004,-1.25999999,-29
48.28,7212,-6328,0,0,-0.860000014,13.61999989,3.460000038,-0.090000004,0.029999999,-1.25,-29
48.29,7308,-6264,0,0,2.130000114,11.46000004,-2.289999962,0.02,-0.07,-1.269999981,-29
48.3,7322,-6264,0,0,1.309999943,11.89000034,-0.280000001,0.079999998,-0.02,-1.25999999,-29
48.31,7221,-6200,0,0,-0.550000012,9.81000042,0.49000001,0.129999995,-0.079999998,-1.279999971,-29
48.32,7287,-6272,0,0,-0.360000014,12.40999985,-1.620000005,0.029999999,0,-1.279999971,-29
48.33,7402,-6260,0,0,0.379999995,11.13000011,-0.319999993,0.07,0.039999999,-1.289999962,-29
48.34,7274,-6319,0,0,1.779999971,12.03999996,-2.50999999,0.090000004,0.050000001,-1.289999962,-29
48.35,7277,-6324,0,0,2.890000105,11.88000011,3.130000114,0.129999995,-0.029999999,-1.279999971,-29
48.36,7392,-6320,0,0,1.639999986,14.63000011,2.730000019,-0.050000001,-0.059999999,-1.269999981,-29
48.37,7400,-6398,0,0,0.529999971,12.72999954,-2.819999933,0.039999999,-0.07,-1.299999952,-29
48.38,7453,-6409,0,0,-0.289999992,14.93000031,-3.640000105,-0.100000002,-0.090000004,-1.279999971,-29
48.39,7371,-6337,0,0,3.309999943,13.55000019,-4.03000021,0.090000004,-0.01,-1.279999971,-29
48.4,7329,-6417,0,0,5.489999771,12.97999954,1.639999986,0.07,-0.02,-1.230000019,-30
48.41,7450,-6375,0,0,1.179999948,14.10000038,-0.330000013,0,-0.159999996,-1.230000019,-30
48.42,7358,-6238,0,0,1.179999948,14.10000038,-0.330000013,0,-0.159999996,-1.230000019,-30
48.43,7273,-6265,0,0,1.659999967,12.07999992,-4.300000191,-0.119999997,-0.100000002,-1.269999981,-30
48.44,7463,-6308,0,0,4.130000114,12.01000023,-1.00999999,-0.01,-0.100000002,-1.299999952,-30
48.45,7328,-6343,0,0,-2.150000095,14.21000004,-3.730000019,-0.119999997,0,-1.299999952,-30
48.46,7273,-6407,0,0,1.600000024,13.97999954,-2.779999971,0.029999999,-0.02,-1.340000033,-30
48.47,7534,-6363,0,0,1.120000005,14.82999992,2.190000057,-0.02,0.050000001,-1.330000043,-30
48.48,7549,-6298,0,0,1.070000052,16.42000008,0.959999979,0.230000004,0,-1.340000033,-30
48.49,7630,-6303,0,0,3.410000086,16.70999908,3.24000001,0.090000004,0.02,-1.340000033,-30
48.5,7530,-6308,0,0,1.950000048,14.17000008,2.680000067,0.090000004,0,-1.320000052,-30
48.51,7507,-6358,0,0,2.319999933,12.31000042,0.189999998,0.02,-0.029999999,-1.330000043,-30
48.52,7485,-6388,0,0,2.769999981,14.51000023,1.220000029,-0.129999995,-0.02,-1.289999962,-30
48.53,7517,-6364,0,0,-0.140000001,9.329999924,-3.00999999,0,0.029999999,-1.330000043,-30
48.54,7384,-6508,0,0,1.519999981,14.86999989,-7.489999771,-0.150000006,0.039999999,-1.279999971,-30
48.55,7406,-6446,0,0,-0.230000004,11.75,-2.49000001,0.039999999,0.039999999,-1.309999943,-30
48.56,7657,-6288,0,0,1.549999952,15.27999973,-4.489999771,0.02,0.079999998,-1.24000001,-30
48.57,7569,-6458,0,0,-2.650000095,12.59000015,-3.940000057,0.119999997,0.090000004,-1.24000001,-30
48.58,7524,-6472,0,0,0.180000007,14.40999985,-2.5,-0.050000001,0.140000001,-1.200000048,-30
48.59,7408,-6532,0,0,1.99000001,12.17000008,1.360000014,0.07,0.01,-1.24000001,-30
48.6,7349,-6511,0,0,1.090000033,18.84000015,7.599999905,-0.079999998,-0.059999999,-1.139999986,-30
48.61,7485,-6487,0,0,-0.150000006,18.98999977,4.289999962,0.109999999,-0.029999999,-1.169999957,-30
48.62,7698,-6441,0,0,3.640000105,14.31000042,2.480000019,0.050000001,-0.079999998,-1.149999976,-30
48.63,7370,-6484,0,0,2.880000114,11.05000019,0.100000002,0.180000007,-0.180000007,-1.169999957,-30
48.64,7197,-6424,0,0,4.889999866,2.839999914,-3.779999971,0.100000002,-0.119999997,-1.220000029,-30
48.65,7477,-6487,0,0,6.230000019,6.360000134,-0.759999991,-0.02,-0.050000001,-1.179999948,-30
48.66,7477,-6463,0,0,3.779999971,8.75,-3.130000114,0.340000004,-0.100000002,-1.320000052,-30
48.67,7440,-6350,0,0,4.860000134,5.159999847,0.850000024,0.340000004,0,-1.340000033,-29
48.68,7499,-6373,0,0,5.489999771,9.829999924,-7.730000019,-0.079999998,-0.02,-1.360000014,-29
48.69,7535,-6478,0,0,1.309999943,11.10999966,-6.440000057,0.129999995,-0.01,-1.340000033,-28
48.7,7522,-6399,0,0,1.309999943,11.10999966,-6.440000057,0.119999997,0.02,-1.409999967,-28
48.71,7498,-6468,0,0,4.139999866,9.159999847,-6.010000229,0.259999991,0,-1.409999967,-24
48.72,7535,-6456,0,0,6.159999847,12.18000031,-1.190000057,0.230000004,-0.079999998,-1.370000005,-24
48.73,7427,-6500,0,0,0,13.31000042,1.409999967,0.180000007,0.119999997,-1.330000043,-24
48.74,7427,-6559,0,0,0,13.31000042,1.409999967,0.180000007,0.119999997,-1.330000043,-22
48.75,7305,-6612,0,0,2.339999914,15.85000038,-2.400000095,0,0,-1.24000001,-22
48.76,7393,-6586,0,0,0.460000008,18.54000092,2.890000105,0.029999999,0.029999999,-1.190000057,-22
48.77,7551,-6628,0,0,2.559999943,16.42000008,-1.5,0.039999999,0.01,-1.120000005,-22
48.78,7383,-6591,0,0,-3.519999981,12.94999981,-2.640000105,0,-0.050000001,-1.139999986,-22
48.79,7369,-6614,0,0,-0.409999996,18.15999985,2.069999933,-0.319999993,-0.01,-1.00999999,-22
48.8,7515,-6698,0,0,2.25999999,17.62000084,5.320000172,-0.140000001,-0.01,-1.100000024,-22
48.81,7442,-6729,0,0,5.590000153,15.31999969,6.360000134,-0.219999999,-0.100000002,-1.059999943,-22
48.82,7444,-6721,0,0,-1.899999976,11.5,-2.720000029,-0.219999999,-0.100000002,-1.059999943,-22
48.83,7465,-6766,0,0,1.850000024,14.34000015,-5.389999866,0.090000004,0.02,-1.019999981,-21
48.84,7467,-6727,0,0,2.519999981,11.57999992,-4.260000229,0.090000004,0.02,-1.019999981,-21
48.85,7536,-6709,0,0,2.869999886,13.64000034,-7.230000019,0.259999991,0.039999999,-0.970000029,-18
48.86,7336,-6754,0,0,3.49000001,11.97000027,4.309999943,0.259999991,0.039999999,-0.970000029,-18
48.87,7407,-6818,0,0,4.019999981,9.739999771,0.550000012,0.300000012,0.119999997,-0.949999988,-14
48.88,7502,-6787,0,0,7.139999866,10.48999977,5,0.180000007,-0.079999998,-0.939999998,-14
48.89,7360,-6907,0,0,5.730000019,10.65999985,6.869999886,0.07,0,-0.870000005,-10
48.9,7408,-6984,0,0,4.610000134,14.73999977,-5.349999905,0.01,0,-0.800000012,-10
48.91,7281,-6900,0,0,3.619999886,10.13000011,-1.070000052,0.079999998,-0.02,-0.709999979,-6
48.92,7374,-6971,0,0,4.550000191,12.17000008,-5.630000114,0.090000004,0.150000006,-0.649999976,-6
48.93,7358,-7201,0,0,4.860000134,9.460000038,-1.340000033,0.270000011,0.090000004,-0.5,-4
48.94,7226,-7197,0,0,3.74000001,12.56999969,6.110000134,0.100000002,0.079999998,-0.409999996,-4
48.95,7276,-7177,0,0,5.139999866,9.5,1.019999981,0.180000007,-0.01,-0.280000001,-3
48.96,7286,-7225,0,0,2.769999981,8,0.529999971,0.090000004,0.02,-0.25,-3
48.97,7288,-7276,0,0,2.970000029,7.380000114,-2.950000048,0.180000007,-0.029999999,-0.159999996,-2
48.98,7224,-7291,0,0,3.619999886,5.829999924,2.329999924,0.200000003,0,-0.150000006,-2
48.99,7320,-7262,0,0,3.329999924,2.930000067,-0.140000001,0.039999999,-0.100000002,-0.129999995,-1
49,7378,-7376,0,0,3.529999971,2.039999962,2.329999924,0.039999999,-0.100000002,-0.129999995,-1
49.01,7322,-7388,0,0,2.440000057,-0.170000002,1.120000005,0.100000002,0.01,-0.090000004,0
49.02,7354,-7241,0,0,1.360000014,0.419999987,-3.349999905,0.100000002,0.01,-0.090000004,0
49.03,7385,-7306,0,0,2.579999924,0.730000019,-2.269999981,0.159999996,0.02,-0.07,1
49.04,7456,-7423,0,0,4.820000172,-1.679999948,1.539999962,0.239999995,-0.059999999,-0.07,1
49.05,7441,-7439,0,0,1.830000043,-2.230000019,1.279999971,0.02,0.02,-0.029999999,3
49.06,7321,-7434,0,0,3.809999943,-0.200000003,1.179999948,0.02,0.02,-0.029999999,3
49.07,7414,-7518,0,0,2.180000067,-0.460000008,1.350000024,-0.01,0.100000002,0.02,5
49.08,7420,-7590,0,0,7.96999979,0.150000006,-1.039999962,0.079999998,-0.100000002,0.02,5
49.09,7437,-7611,0,0,3.309999943,-1.059999943,4.340000153,0.07,-0.01,0.090000004,7
49.1,7513,-7583,0,0,3.00999999,0.02,-2.25,0.07,-0.01,0.090000004,7
49.11,7450,-7625,0,0,-0.460000008,-1.370000005,2.410000086,-0.02,0.07,0.129999995,10
49.12,7425,-7677,0,0,5.269999981,-3.279999971,-0.819999993,-0.02,0.07,0.129999995,10
49.13,7475,-7694,0,0,1.590000033,-2.940000057,-2.609999895,-0.01,-0.050000001,0.219999999,14
49.14,7543,-7772,0,0,2.359999895,-2.210000038,4.340000153,-0.01,-0.050000001,0.219999999,14
49.15,7642,-7784,0,0,0.74000001,-2.460000038,5.010000229,0.209999993,-0.029999999,0.330000013,18
49.16,7726,-7822,0,0,3.900000095,-3.059999943,2.779999971,0.209999993,-0.029999999,0.330000013,18
49.17,7738,-7948,0,0,5.610000134,-3.180000067,-0.07,0.159999996,-0.079999998,0.430000007,24
49.18,7646,-8015,0,0,0.569999993,-2.680000067,-1.600000024,0.159999996,-0.079999998,0.430000007,24
49.19,7799,-8067,0,0,1.559999943,-5.46999979,-0.839999974,0.159999996,0.050000001,0.529999971,29
49.2,7839,-8023,0,0,3.210000038,-5.489999771,-3.140000105,0.159999996,0.050000001,0.529999971,29
49.21,7789,-8237,0,0,1.149999976,-7.389999866,-2.069999933,-0.029999999,-0.029999999,0.660000026,32
49.22,7567,-8275,0,0,2,-5.309999943,4.019999981,-0.029999999,-0.029999999,0.660000026,32
49.23,7433,-8466,0,0,-0.860000014,-8.220000267,2.549999952,-0.109999999,-0.07,0.709999979,35
49.24,7443,-8520,0,0,2.049999952,-9.470000267,1.809999943,-0.109999999,-0.07,0.709999979,35
49.25,7446,-8205,0,0,0.25,-7.460000038,-0.629999995,0,-0.109999999,0.810000002,37
49.26,7501,-8248,0,0,-0.360000014,-6.800000191,-1.820000052,0,-0.109999999,0.810000002,37
49.27,7436,-8412,0,0,0.850000024,-9.590000153,1.340000033,0.180000007,-0.01,0.879999995,38
49.28,7562,-8488,0,0,-0.939999998,-9.359999657,0,0.180000007,-0.01,0.879999995,38
49.29,7474,-8334,0,0,1.440000057,-9.590000153,-1.710000038,0.079999998,-0.109999999,0.949999988,38
49.3,7455,-8514,0,0,4.079999924,-8.350000381,1.899999976,0.079999998,-0.109999999,0.949999988,38
49.31,7500,-8566,0,0,1.070000052,-11.19999981,2.539999962,-0.119999997,-0.100000002,0.970000029,38
49.32,7449,-8513,0,0,1.830000043,-10.71000004,-0.370000005,-0.119999997,-0.100000002,0.970000029,38
49.33,7403,-8502,0,0,3.390000105,-10.84000015,-0.370000005,-0.170000002,-0.059999999,1,38
49.34,7344,-8582,0,0,5.960000038,-8.520000458,-4.110000134,-0.170000002,-0.059999999,1,38
49.35,7252,-8519,0,0,1.50999999,-11.61999989,0.930000007,-0.050000001,-0.059999999,0.99000001,38
49.36,7412,-8411,0,0,4.650000095,-9.760000229,-1.830000043,-0.050000001,-0.059999999,0.99000001,38
49.37,7307,-8347,0,0,5.5,-7.739999771,-3.029999971,0.219999999,-0.119999997,1.049999952,39
49.38,7311,-8301,0,0,3.329999924,-9.739999771,-5.429999828,0.219999999,-0.119999997,1.049999952,39
49.39,7254,-8249,0,0,4.75,-12.93999958,0.959999979,0.230000004,-0.230000004,1.029999971,39
49.4,7363,-8205,0,0,1.24000001,-14.39999962,-3.859999895,0.180000007,-0.02,1.039999962,39
49.41,7203,-8174,0,0,7.190000057,-11.18999958,-5.21999979,0.100000002,-0.01,1.029999971,39
49.42,7228,-8156,0,0,-0.959999979,-11.18000031,-5.349999905,0.100000002,-0.01,1.029999971,39
49.43,7189,-8142,0,0,4.690000057,-11.47999954,-5.150000095,-0.109999999,0,1.00999999,39
49.44,7130,-8105,0,0,-2.00999999,-15.73999977,-3.049999952,-0.109999999,0,1.00999999,39
49.45,7097,-8211,0,0,6,-6.989999771,-10.47999954,-0.310000002,-0.209999993,1.159999967,40
49.46,7203,-8080,0,0,-2.859999895,-8.199999809,-9.050000191,-0.109999999,-0.029999999,1.080000043,40
49.47,7034,-8222,0,0,2.059999943,-6.010000229,-7.480000019,0.079999998,0.02,1.149999976,40
49.48,7110,-8249,0,0,-2.450000048,-8.159999847,-9.140000343,0.079999998,0.02,1.149999976,40
49.49,7041,-8190,0,0,-0.879999995,-9.399999619,-7.03000021,0.039999999,-0.090000004,1.279999971,40
49.5,6988,-8143,0,0,-0.109999999,-12.68999958,-0.910000026,0.119999997,-0.01,1.24000001,40
49.51,7077,-8135,0,0,0.920000017,-13.18000031,-0.759999991,0,0,1.330000043,40
49.52,6896,-8187,0,0,0.670000017,-10.43999958,3.369999886,0,0,1.330000043,40
49.53,7012,-8089,0,0,-0.289999992,-16.93000031,3.440000057,0.079999998,0.059999999,1.309999943,40
49.54,7048,-8088,0,0,1.559999943,-8.93999958,0.059999999,-0.170000002,-0.029999999,1.389999986,40
49.55,6861,-8178,0,0,0.579999983,-17.96999931,5.550000191,-0.100000002,-0.039999999,1.309999943,40
49.56,6982,-8090,0,0,-2.940000057,-13.23999977,2.559999943,-0.330000013,-0.07,1.340000033,40
49.57,7006,-8128,0,0,-1.970000029,-11.72999954,0,-0.109999999,-0.079999998,1.330000043,40
49.58,6929,-8175,0,0,-3.059999943,-14.78999996,-3.359999895,-0.079999998,0.029999999,1.309999943,40
49.59,6977,-8140,0,0,-2.390000105,-11.97999954,-8.569999695,0.050000001,0,1.330000043,40
49.6,6822,-8011,0,0,-0.939999998,-17.27000046,1.669999957,0.119999997,0.050000001,1.330000043,40
49.61,6898,-8023,0,0,-0.029999999,-13.06999969,0.150000006,0.02,0.029999999,1.360000014,40
49.62,6769,-7970,0,0,-1.389999986,-14.22000027,0.469999999,0.02,0,1.350000024,40
49.63,6813,-8012,0,0,0.810000002,-14.5,1.710000038,-0.189999998,-0.02,1.370000005,40
49.64,6868,-7974,0,0,-1.600000024,-14.44999981,-2.109999895,-0.189999998,-0.079999998,1.320000052,40
49.65,6736,-7964,0,0,0.540000022,-12.30000019,2.779999971,-0.259999991,-0.039999999,1.320000052,40
49.66,6812,-7913,0,0,-0.430000007,-12.48999977,-2.349999905,-0.209999993,-0.029999999,1.289999962,40
49.67,6875,-7919,0,0,-0.49000001,-10.73999977,-1.350000024,-0.180000007,-0.090000004,1.340000033,40
49.68,6737,-7934,0,0,-0.02,-12.28999996,-4.139999866,-0.059999999,-0.059999999,1.279999971,40
49.69,6806,-7953,0,0,-1.519999981,-12.18000031,-1.25,0.079999998,-0.050000001,1.350000024,40
49.7,6752,-7885,0,0,0.469999999,-13.46000004,-1.610000014,0.150000006,-0.079999998,1.309999943,40
49.71,6666,-7840,0,0,-2.640000105,-14.10000038,0.959999979,0.029999999,-0.079999998,1.330000043,40
49.72,6753,-7805,0,0,-0.259999991,-14.11999989,-1.120000005,0.029999999,-0.050000001,1.330000043,40
49.73,6653,-7816,0,0,-0.140000001,-15.23999977,-0.289999992,-0.109999999,-0.050000001,1.320000052,40
49.74,6570,-7836,0,0,-1.440000057,-13.21000004,-0.330000013,-0.170000002,-0.039999999,1.320000052,40
49.75,6668,-7847,0,0,-1.25,-15.05000019,0.319999993,-0.119999997,-0.050000001,1.320000052,40
49.76,6732,-7822,0,0,-1.480000019,-14.27999973,-1.149999976,-0.170000002,0.01,1.309999943,40
49.77,6601,-7845,0,0,-2.859999895,-9.56000042,-3.309999943,-0.079999998,-0.02,1.389999986,39
49.78,6646,-7892,0,0,0,-10.72000027,0.209999993,-0.079999998,-0.02,1.389999986,39
49.79,6573,-7832,0,0,-2.25,-9.859999657,-3.410000086,0,0,1.429999948,38
49.8,6614,-7754,0,0,-0.610000014,-14.96000004,-3.49000001,0.050000001,-0.01,1.389999986,38
49.81,6560,-7741,0,0,-1.480000019,-13.64000034,1.029999971,0.01,0.059999999,1.419999957,37
49.82,6538,-7671,0,0,1.019999981,-15.22000027,0.129999995,0.140000001,-0.039999999,1.389999986,37
49.83,6606,-7733,0,0,-2.019999981,-17.85000038,2.569999933,-0.07,-0.029999999,1.350000024,36
49.84,6490,-7663,0,0,3.00999999,-14.88000011,1.710000038,-0.07,-0.090000004,1.350000024,36
49.85,6530,-7687,0,0,-2.170000076,-16.62999916,3.680000067,-0.090000004,-0.090000004,1.320000052,36
49.86,6509,-7663,0,0,0.720000029,-13.78999996,-1.50999999,-0.109999999,-0.119999997,1.330000043,36
49.87,6441,-7675,0,0,-2,-15.52999973,-0.400000006,0.01,-0.050000001,1.309999943,36
49.88,6545,-7775,0,0,-1.830000043,-13.5,-0.610000014,-0.01,-0.050000001,1.340000033,36
49.89,6487,-7590,0,0,-3.859999895,-15.81999969,-1.549999952,0.129999995,0,1.340000033,37
49.9,6464,-7683,0,0,-1.419999957,-14.48999977,3.059999943,0.059999999,-0.079999998,1.360000014,37
49.91,6543,-7620,0,0,-4.289999962,-16.52000046,-0.379999995,0.059999999,-0.050000001,1.399999976,37
49.92,6431,-7667,0,0,0.689999998,-16.45000076,5.380000114,0.059999999,-0.050000001,1.399999976,37
49.93,6445,-7594,0,0,-0.949999988,-15.61999989,1.389999986,0,-0.01,1.389999986,37
49.94,6415,-7553,0,0,2.890000105,-13.22999954,1.799999952,-0.029999999,-0.150000006,1.419999957,37
49.95,6341,-7641,0,0,0.74000001,-15.52999973,1.899999976,-0.079999998,-0.059999999,1.409999967,38
49.96,6367,-7621,0,0,0.150000006,-12.22999954,-4.519999981,-0.159999996,-0.039999999,1.450000048,38
49.97,6320,-7673,0,0,0.819999993,-13.18999958,-0.560000002,-0.270000011,-0.090000004,1.450000048,39
49.98,6199,-7570,0,0,-1.299999952,-10,-4.909999847,-0.239999995,0.02,1.460000038,39
49.99,6318,-7552,0,0,-1.840000033,-14.19999981,-4.860000134,-0.01,-0.029999999,1.460000038,40
50,6253,-7601,0,0,-3.279999971,-12.93000031,-2.670000076,-0.039999999,0.109999999,1.460000038,40
50.01,6233,-7512,0,0,-1.179999948,-15.60000038,-1.320000052,0.209999993,0.109999999,1.460000038,40
50.02,6278,-7414,0,0,-2.170000076,-17.23999977,5.690000057,0.219999999,-0.050000001,1.460000038,40
50.03,6224,-7370,0,0,0.449999988,-15.52000046,3.809999943,0.07,0.01,1.440000057,40
50.04,6231,-7444,0,0,-2.809999943,-15.88000011,2.50999999,0.01,-0.100000002,1.429999948,40
50.05,6253,-7399,0,0,-1.539999962,-13.28999996,1.379999995,-0.119999997,-0.140000001,1.440000057,40
50.06,6165,-7343,0,0,-1.690000057,-16.43000031,-2.390000105,-0.119999997,-0.029999999,1.360000014,40
50.07,6155,-7397,0,0,-1.25999999,-11.80000019,-0.819999993,-0.360000014,-0.079999998,1.399999976,39
50.08,6126,-7439,0,0,1.580000043,-13.60000038,-0.870000005,-0.239999995,-0.129999995,1.370000005,39
50.09,6099,-7464,0,0,1.100000024,-10.15999985,0.02,-0.270000011,-0.159999996,1.440000057,38
50.1,6098,-7411,0,0,0.930000007,-9.670000076,-5.039999962,-0.209999993,-0.079999998,1.429999948,38
50.11,6066,-7415,0,0,0.039999999,-14.22000027,-3.039999962,0.129999995,-0.07,1.5,36
50.12,6049,-7505,0,0,0.180000007,-13.53999996,-3.089999914,0.159999996,0.02,1.519999981,36
50.13,6080,-7442,0,0,0.270000011,-14.35999966,-4,0.180000007,-0.01,1.559999943,33
50.14,6081,-7349,0,0,-0.639999986,-16.44000053,3.180000067,0.159999996,0.059999999,1.559999943,33
50.15,6055,-7367,0,0,2.700000048,-16.40999985,-0.810000002,0.039999999,0.029999999,1.559999943,30
50.16,6027,-7411,0,0,-1.269999981,-16.29000092,1.25999999,-0.079999998,0.01,1.549999952,30
50.17,6070,-7362,0,0,-0.800000012,-12.71000004,-2.119999886,-0.209999993,-0.039999999,1.570000052,28
50.18,6073,-7317,0,0,-1.320000052,-18.73999977,-0.300000012,-0.029999999,0.050000001,1.49000001,28
50.19,6038,-7320,0,0,-3.769999981,-11.89000034,-5.920000076,0,0,1.480000019,28
50.2,6056,-7369,0,0,-0.75,-17.78000069,0.270000011,0,0,1.480000019,28
50.21,6028,-7252,0,0,-4.539999962,-11.25,-4.480000019,-0.01,-0.01,1.5,28
50.22,6017,-7247,0,0,1.269999981,-16.78000069,0.600000024,0.140000001,0,1.480000019,28
50.23,6048,-7264,0,0,-0.409999996,-15.85999966,-0.810000002,-0.01,0.050000001,1.49000001,29
50.24,5922,-7309,0,0,1.789999962,-14.47999954,1.350000024,0.01,-0.090000004,1.559999943,29
50.25,6033,-7174,0,0,1.879999995,-15.72000027,2.99000001,-0.119999997,-0.029999999,1.559999943,29
50.26,5977,-7195,0,0,0.449999988,-13.26000023,-2.670000076,-0.119999997,-0.029999999,1.559999943,29
50.27,5929,-7311,0,0,1.899999976,-14.32999992,2.950000048,-0.129999995,-0.01,1.539999962,29
50.28,5992,-7228,0,0,-0.569999993,-12.36999989,-3.319999933,-0.100000002,-0.039999999,1.559999943,29
50.29,5952,-7231,0,0,1.100000024,-14.07999992,0.879999995,-0.090000004,-0.129999995,1.539999962,29
50.3,5950,-7231,0,0,-2.279999971,-15.80000019,-3.210000038,-0.119999997,0,1.49000001,29
50.31,5966,-7302,0,0,-1.919999957,-13,-5.760000229,0.119999997,-0.050000001,1.460000038,28
50.32,5967,-7235,0,0,0.430000007,-18.46999931,1.720000029,0.119999997,-0.050000001,1.460000038,28
50.33,5929,-7162,0,0,0.090000004,-11.72999954,-5.019999981,0.129999995,-0.059999999,1.450000048,27
50.34,5942,-7220,0,0,0.439999998,-19.04000092,1.399999976,0.129999995,-0.059999999,1.450000048,27
50.35,5944,-7270,0,0,-0.129999995,-11.25,-5.059999943,-0.109999999,-0.02,1.519999981,25
50.36,5918,-7152,0,0,3.880000114,-16.25,-0.879999995,0.07,-0.01,1.519999981,25
50.37,5808,-7174,0,0,1.25,-13.64999962,-1.5,-0.129999995,0,1.580000043,22
50.38,5951,-7243,0,0,4.860000134,-14.36999989,-1.149999976,-0.029999999,-0.02,1.600000024,22
50.39,5828,-7202,0,0,1.190000057,-17.95999908,1.139999986,-0.02,0.029999999,1.559999943,18
50.4,6007,-7123,0,0,4.880000114,-15.02999973,1.200000048,-0.029999999,-0.039999999,1.620000005,18
50.41,5938,-7120,0,0,4.659999847,-18.54999924,4.659999847,-0.01,-0.01,1.539999962,15
50.42,5889,-7151,0,0,3.160000086,-15.01000023,1.039999962,-0.079999998,-0.100000002,1.559999943,15
50.43,5983,-7023,0,0,4.210000038,-16.79999924,-0.569999993,-0.039999999,-0.159999996,1.460000038,12
50.44,5976,-7029,0,0,1.210000038,-14.73999977,-2.210000038,-0.109999999,0.029999999,1.450000048,12
50.45,6055,-7036,0,0,3.099999905,-14.14000034,-2.029999971,-0.07,-0.01,1.409999967,11
50.46,6033,-6989,0,0,0.340000004,-11.36999989,0.039999999,-0.109999999,0,1.419999957,11
50.47,5995,-6941,0,0,4.96999979,-12.38000011,-0.930000007,-0.109999999,-0.07,1.389999986,11
50.48,6068,-6994,0,0,-2.779999971,-10.97000027,-4.119999886,-0.200000003,-0.01,1.330000043,11
50.49,5972,-7051,0,0,2.210000038,-11.68000031,-3.579999924,-0.07,0.01,1.330000043,11
50.5,6107,-6963,0,0,0.509999991,-13.39000034,-2.569999933,0,0.07,1.289999962,11
50.51,6160,-6951,0,0,3.130000114,-13.11999989,-0.330000013,0.039999999,0,1.289999962,11
50.52,6082,-6981,0,0,1.330000043,-15.25,2.359999895,0.07,-0.039999999,1.220000029,11
50.53,6300,-6961,0,0,1.659999967,-15.52000046,4.329999924,-0.01,-0.02,1.179999948,11
50.54,6119,-6883,0,0,2.119999886,-15.14999962,-0.610000014,-0.079999998,0.02,1.149999976,11
50.55,6188,-6977,0,0,4.900000095,-15.31999969,3.029999971,-0.090000004,0,1.120000005,11
50.56,6264,-6898,0,0,1.129999995,-12.32999992,-0.25,-0.150000006,-0.109999999,1.129999995,11
50.57,6232,-6830,0,0,4.130000114,-13.71000004,2.779999971,-0.07,-0.090000004,1.100000024,11
50.58,6261,-6854,0,0,-1.899999976,-13.02999973,-4.920000076,-0.109999999,0.029999999,1.059999943,11
50.59,6306,-6870,0,0,0.569999993,-13.39999962,-3.089999914,0,0.029999999,1.029999971,11
50.6,6284,-6824,0,0,1.080000043,-13.60999966,-0.389999986,-0.01,0.07,1.029999971,11
50.61,6378,-6830,0,0,2.140000105,-14.28999996,1.25,-0.01,0.02,1,12
50.62,6333,-6877,0,0,-0.349999994,-12.94999981,3.5,-0.119999997,-0.039999999,0.939999998,12
50.63,6255,-6814,0,0,0.5,-14.48999977,4.019999981,-0.140000001,-0.01,0.899999976,12
50.64,6361,-6777,0,0,-0.649999976,-12.65999985,-1.330000043,-0.209999993,-0.01,0.879999995,12
50.65,6134,-6877,0,0,0.109999999,-12.68000031,1.779999971,-0.129999995,0.029999999,0.839999974,12
50.66,6326,-6760,0,0,1.789999962,-12.97999954,-0.239999995,-0.050000001,-0.109999999,0.779999971,12
50.67,6346,-6752,0,0,-0.300000012,-10.78999996,1.649999976,-0.119999997,-0.109999999,0.819999993,13
50.68,6262,-6775,0,0,1.74000001,-14.26000023,-3.24000001,-0.059999999,-0.029999999,0.689999998,13
50.69,6368,-6772,0,0,0.439999998,-12.92000008,-1.549999952,-0.07,0.02,0.709999979,14
50.7,6387,-6708,0,0,7.010000229,-15.77999973,-0.579999983,0.02,-0.129999995,0.670000017,14
50.71,6336,-6774,0,0,4.510000229,-14.92000008,3.589999914,0,-0.090000004,0.680000007,16
50.72,6387,-6825,0,0,0.209999993,-15.40999985,-3.269999981,-0.029999999,-0.079999998,0.649999976,16
50.73,6399,-6746,0,0,2.910000086,-13.52999973,-0.730000019,-0.029999999,-0.090000004,0.639999986,19
50.74,6282,-6811,0,0,-4.239999771,-15.65999985,-5.840000153,0.039999999,0.100000002,0.610000014,19
50.75,6407,-6855,0,0,1.590000033,-14.06000042,-8.130000114,0.039999999,-0.01,0.600000024,21
50.76,6338,-6787,0,0,-2.589999914,-17.17000008,2.289999962,0.07,0.050000001,0.569999993,21
50.77,6469,-6796,0,0,-0.029999999,-12.98999977,-0.379999995,0.02,0,0.569999993,24
50.78,6451,-6867,0,0,-2.109999895,-14.34000015,2.690000057,-0.01,0.01,0.540000022,24
50.79,6365,-6778,0,0,-2.569999933,-13.55000019,-1.210000038,-0.119999997,0.029999999,0.509999991,26
50.8,6379,-6779,0,0,-1.320000052,-14.17000008,0.759999991,-0.129999995,0.01,0.540000022,26
50.81,6354,-6970,0,0,-1.100000024,-12.40999985,-1.50999999,-0.180000007,0.100000002,0.540000022,29
50.82,6346,-6902,0,0,4.110000134,-12.61999989,3.670000076,-0.189999998,-0.059999999,0.569999993,29
50.83,6358,-6893,0,0,3.579999924,-9.670000076,4.53000021,-0.090000004,-0.050000001,0.629999995,32
50.84,6402,-7075,0,0,1.730000019,-8.329999924,-3.390000105,-0.07,-0.059999999,0.620000005,32
50.85,6323,-7054,0,0,0.479999989,-9.819999695,0.280000001,0.02,-0.039999999,0.680000007,36
50.86,6329,-6974,0,0,0.600000024,-7.510000229,-3.49000001,0.02,0.07,0.720000029,36
50.87,6250,-7055,0,0,1.809999943,-7.739999771,-3.079999924,-0.01,0.029999999,0.790000022,37
50.88,6181,-7228,0,0,2.549999952,-9.279999733,2.049999952,0.02,-0.029999999,0.800000012,37
50.89,6172,-7132,0,0,2.099999905,-10.55000019,2.329999924,-0.079999998,-0.01,0.899999976,37
50.9,6142,-7111,0,0,1.440000057,-10.53999996,2.059999943,-0.079999998,-0.01,0.899999976,37
50.91,6176,-7192,0,0,1.450000048,-10.10000038,-1.899999976,-0.039999999,0.029999999,0.99000001,37
50.92,6150,-7178,0,0,3.170000076,-8.430000305,-2.25999999,0.01,-0.07,1.029999971,37
50.93,6182,-7083,0,0,3.599999905,-9.109999657,0.5,0.090000004,-0.090000004,1.110000014,36
50.94,6179,-7213,0,0,-0.239999995,-9.300000191,-1.440000057,0.039999999,-0.039999999,1.100000024,36
50.95,6184,-7228,0,0,0.189999998,-10.82999992,0.439999998,-0.090000004,-0.029999999,1.129999995,35
50.96,6206,-7190,0,0,-0.800000012,-10.5,-0.779999971,-0.109999999,0.100000002,1.149999976,35
50.97,6186,-7171,0,0,-0.660000026,-9.869999886,-3.180000067,-0.209999993,0.059999999,1.129999995,34
50.98,6210,-7231,0,0,-0.860000014,-12.14999962,0.870000005,-0.189999998,0.039999999,1.120000005,34
50.99,6313,-7258,0,0,-0.129999995,-10.02000046,-1.330000043,-0.090000004,0.07,1.080000043,34
51,6222,-7125,0,0,3.220000029,-11.07999992,2.349999905,-0.029999999,0,1.059999943,34
51.01,6276,-7243,0,0,2.74000001,-11.14999962,3.49000001,0.07,-0.029999999,1.029999971,34
51.02,6405,-7206,0,0,2.829999924,-8.5,-2.630000114,0.07,-0.029999999,1.029999971,34
51.03,6290,-7168,0,0,-0.289999992,-10.96000004,3.690000057,-0.050000001,-0.029999999,0.99000001,34
51.04,6498,-7189,0,0,0.49000001,-11.94999981,-1.75999999,-0.07,0.039999999,0.949999988,34
51.05,6445,-7235,0,0,-1.299999952,-10.72999954,-3.539999962,-0.219999999,0.050000001,0.930000007,34
51.06,6279,-7329,0,0,1.190000057,-12.39999962,1.25999999,-0.170000002,0.02,0.930000007,34
51.07,6463,-7282,0,0,1.690000057,-11.44999981,-1.679999948,-0.079999998,0,0.899999976,34
51.08,6508,-7253,0,0,5.170000076,-11.32999992,1.899999976,-0.029999999,-0.029999999,0.910000026,34
51.09,6555,-7339,0,0,3.200000048,-11.84000015,3.940000057,0.180000007,-0.050000001,0.920000017,34
51.1,6655,-7331,0,0,4.070000172,-9.659999847,2.670000076,0.170000002,-0.140000001,0.949999988,34
51.11,6567,-7382,0,0,3.309999943,-9.380000114,2.50999999,0,-0.180000007,0.930000007,33
51.12,6376,-7262,0,0,-0.07,-10.10000038,-2.569999933,-0.029999999,-0.129999995,0.899999976,33
51.13,6469,-7261,0,0,1.870000005,-8.210000038,-6.409999847,-0.140000001,-0.180000007,0.889999986,32
51.14,6445,-7425,0,0,1.679999948,-8.890000343,-4.010000229,-0.100000002,-0.050000001,0.879999995,32
51.15,6464,-7275,0,0,-2.319999933,-9.420000076,-3.480000019,-0.180000007,-0.029999999,0.910000026,31
51.16,6650,-7383,0,0,1.75999999,-10.47000027,0.649999976,-0.100000002,-0.059999999,0.910000026,31
51.17,6572,-7369,0,0,-0.460000008,-9.970000267,0.899999976,-0.07,0.029999999,0.899999976,31
51.18,6548,-7403,0,0,4.920000076,-7.829999924,2.460000038,-0.079999998,-0.109999999,0.930000007,31
51.19,6593,-7394,0,0,3.75,-11,3.339999914,0.039999999,-0.07,0.870000005,31
51.2,6634,-7438,0,0,4.119999886,-10.52999973,-0.289999992,-0.050000001,-0.150000006,0.870000005,31
51.21,6646,-7512,0,0,3.339999914,-8.479999542,2.279999971,-0.059999999,0.050000001,0.889999986,32
51.22,6606,-7471,0,0,1.210000038,-8.399999619,-6.25,-0.059999999,0.050000001,0.889999986,32
51.23,6639,-7412,0,0,1.25999999,-9.270000458,-4.21999979,-0.039999999,-0.050000001,0.930000007,33
51.24,6634,-7406,0,0,2.230000019,-10.96000004,-1.440000057,0.07,0,0.910000026,33
51.25,6648,-7488,0,0,1.059999943,-9.649999619,-1.769999981,0.200000003,0.02,0.939999998,35
51.26,6632,-7481,0,0,2.599999905,-8.640000343,1.779999971,0.119999997,-0.02,0.980000019,35
51.27,6522,-7453,0,0,1.149999976,-10.78999996,1.389999986,0.07,0,1.019999981,36
51.28,6563,-7535,0,0,2.619999886,-13.22999954,3.319999933,-0.01,-0.050000001,1,36
51.29,6573,-7643,0,0,-1.539999962,-12.89000034,-0.059999999,-0.100000002,-0.07,1.039999962,37
51.3,6538,-7609,0,0,2.079999924,-11.26000023,-0.419999987,-0.050000001,0.01,1.070000052,37
51.31,6581,-7502,0,0,-2.339999914,-12.21000004,-3.480000019,0.01,0,1.080000043,38
51.32,6591,-7564,0,0,2.960000038,-11.42000008,1.49000001,0.109999999,-0.150000006,1.080000043,38
51.33,6495,-7670,0,0,-0.469999999,-14.48999977,2.980000019,0,-0.090000004,1.110000014,39
51.34,6543,-7600,0,0,-0.189999998,-12.19999981,1.5,-0.079999998,-0.100000002,1.149999976,39
51.35,6520,-7513,0,0,1.50999999,-11.93999958,-0.569999993,0.039999999,-0.079999998,1.159999967,39
51.36,6496,-7527,0,0,-0.230000004,-12.26000023,-6.099999905,0.039999999,-0.079999998,1.159999967,39
51.37,6526,-7653,0,0,-1.929999948,-11.10000038,-3.99000001,0.039999999,0,1.210000038,39
51.38,6449,-7651,0,0,3.069999933,-10.39999962,0.400000006,0.159999996,-0.050000001,1.25,39
51.39,6455,-7609,0,0,0.129999995,-13.92000008,2.390000105,-0.059999999,-0.109999999,1.279999971,39
51.4,6523,-7623,0,0,1.950000048,-11.63000011,1.889999986,-0.059999999,-0.109999999,1.279999971,39
51.41,6453,-7671,0,0,-0.379999995,-14.86999989,3.319999933,-0.180000007,-0.01,1.299999952,39
51.42,6459,-7768,0,0,-1.129999995,-12.21000004,-2.200000048,-0.180000007,-0.01,1.299999952,39
51.43,6528,-7646,0,0,-2.190000057,-11.39999962,0,-0.200000003,-0.029999999,1.309999943,39
51.44,6426,-7560,0,0,-0.540000022,-12.82999992,-0.300000012,-0.129999995,0,1.299999952,39
51.45,6451,-7632,0,0,-0.460000008,-11.22000027,0.209999993,-0.100000002,0.01,1.330000043,40
51.46,6484,-7626,0,0,3.910000086,-12.82999992,2.519999981,-0.090000004,-0.189999998,1.299999952,40
51.47,6421,-7595,0,0,2.369999886,-11.06000042,3.039999962,-0.02,-0.109999999,1.370000005,40
51.48,6477,-7612,0,0,3.069999933,-10.52999973,-6.570000172,0.02,-0.100000002,1.340000033,40
51.49,6434,-7654,0,0,2.559999943,-12.22000027,2,0.059999999,-0.090000004,1.419999957,40
51.5,6334,-7724,0,0,0.310000002,-10.77000046,-5.940000057,0.119999997,-0.059999999,1.399999976,40
51.51,6455,-7718,0,0,0.379999995,-12.97999954,-3.069999933,-0.02,-0.059999999,1.419999957,40
51.52,6379,-7651,0,0,2.49000001,-13.10999966,-2.539999962,0,0.039999999,1.399999976,40
51.53,6379,-7700,0,0,-1.629999995,-17.70000076,0.230000004,-0.02,-0.02,1.379999995,40
51.54,6430,-7687,0,0,0.670000017,-17.29000092,3.029999971,-0.07,-0.059999999,1.350000024,40
51.55,6361,-7668,0,0,-0.930000007,-13.64000034,2.859999895,-0.209999993,-0.079999998,1.399999976,40
51.56,6377,-7601,0,0,-0.930000007,-13.64000034,2.859999895,0,-0.07,1.389999986,40
51.57,6449,-7578,0,0,-3.029999971,-12.48999977,-3.210000038,-0.039999999,-0.039999999,1.419999957,40
51.58,6386,-7600,0,0,-0.560000002,-13.64000034,-4.539999962,0.109999999,-0.07,1.419999957,40
51.59,6371,-7736,0,0,-1.769999981,-13.73999977,1.360000014,0.01,0.100000002,1.450000048,40
51.6,6380,-7715,0,0,-1.769999981,-13.73999977,1.360000014,0.150000006,0.07,1.409999967,40
51.61,6309,-7640,0,0,0.529999971,-19.02000046,4.539999962,0.109999999,0.039999999,1.460000038,40
51.62,6355,-7651,0,0,0.529999971,-19.02000046,4.539999962,0.119999997,0.029999999,1.379999995,40
51.63,6378,-7649,0,0,0.090000004,-19.35000038,3.24000001,0.029999999,-0.07,1.480000019,40
51.64,6263,-7670,0,0,0.029999999,-14.22999954,4.809999943,-0.01,-0.129999995,1.429999948,40
51.65,6384,-7535,0,0,-1.929999948,-15.39999962,-2.24000001,-0.039999999,-0.109999999,1.409999967,40
51.66,6339,-7517,0,0,-1.929999948,-15.39999962,-2.24000001,-0.209999993,-0.100000002,1.440000057,40
51.67,6284,-7538,0,0,0.039999999,-12.46000004,-2.309999943,-0.109999999,-0.07,1.399999976,40
51.68,6358,-7639,0,0,2.019999981,-7.599999905,-2,-0.239999995,-0.170000002,1.549999952,40
51.69,6295,-7623,0,0,2.019999981,-7.599999905,-2,-0.140000001,-0.050000001,1.419999957,40
51.7,6299,-7628,0,0,-2,-11.02999973,-4.53000021,-0.140000001,-0.050000001,1.419999957,40
51.71,6313,-7618,0,0,-1.529999971,-8.569999695,-4.809999943,0,0.01,1.5,40
51.72,6267,-7720,0,0,0.860000014,-13.64000034,-1.419999957,0.050000001,0,1.590000033,40
51.73,6250,-7695,0,0,6.150000095,-15.14000034,2.200000048,0.050000001,-0.079999998,1.570000052,40
51.74,6248,-7554,0,0,2.720000029,-17.37999916,6.110000134,0.07,-0.050000001,1.580000043,40
51.75,6185,-7589,0,0,3.190000057,-14.47000027,-3.420000076,0.029999999,-0.02,1.600000024,40
51.76,6259,-7593,0,0,3.190000057,-14.47000027,-3.420000076,0.029999999,-0.02,1.600000024,40
51.77,6195,-7637,0,0,-2.839999914,-16.79000092,-4.420000076,-0.02,0.029999999,1.549999952,40
51.78,6194,-7494,0,0,-1.169999957,-12.81999969,-5.639999866,-0.230000004,0.01,1.559999943,40
51.79,6211,-7461,0,0,-1.169999957,-12.81999969,-5.639999866,-0.100000002,0.029999999,1.529999971,40
51.8,6199,-7544,0,0,0.879999995,-14.19999981,-3.200000048,-0.039999999,-0.050000001,1.590000033,40
51.81,6183,-7611,0,0,-1.720000029,-19.46999931,2.890000105,0.039999999,-0.07,1.529999971,40
51.82,6241,-7426,0,0,1.379999995,-15.14000034,0.07,-0.039999999,-0.07,1.549999952,40
51.83,6110,-7511,0,0,-0.829999983,-18.11000061,-0.949999988,0.01,0,1.529999971,40
51.84,6035,-7519,0,0,-1.149999976,-16.92000008,-5.340000153,0,-0.090000004,1.529999971,40
51.85,6110,-7557,0,0,-1.899999976,-18.75,2.380000114,0.02,0.039999999,1.600000024,40
51.86,6083,-7432,0,0,-0.720000029,-16.78000069,-0.529999971,-0.039999999,0.039999999,1.559999943,40
51.87,6044,-7437,0,0,-0.720000029,-16.78000069,-0.529999971,-0.059999999,-0.050000001,1.690000057,40
51.88,5975,-7460,0,0,-0.839999974,-13.35000038,5.659999847,0.090000004,0,1.610000014,39
51.89,6100,-7490,0,0,-1.429999948,-16.73999977,1.519999981,-0.029999999,-0.01,1.679999948,39
51.9,5984,-7452,0,0,-1.429999948,-16.73999977,1.519999981,-0.029999999,0.039999999,1.639999986,39
51.91,6014,-7448,0,0,-0.99000001,-17.13999939,2.140000105,-0.100000002,-0.059999999,1.710000038,39
51.92,6021,-7532,0,0,-1.049999952,-13.18000031,-4.050000191,-0.02,-0.01,1.720000029,37
51.93,5908,-7611,0,0,-0.970000029,-15.81999969,-0.730000019,-0.050000001,-0.01,1.720000029,37
51.94,6028,-7512,0,0,-1.440000057,-8.890000343,-4.320000172,-0.270000011,0.01,1.75999999,34
51.95,6007,-7371,0,0,2.049999952,-15.75,-4.639999866,0.029999999,-0.07,1.649999976,34
51.96,5986,-7415,0,0,2.049999952,-15.75,-4.639999866,-0.02,-0.119999997,1.700000048,34
51.97,6027,-7401,0,0,0.5,-13.56999969,-0.200000003,0.200000003,-0.150000006,1.570000052,31
51.98,6004,-7315,0,0,1.309999943,-12.40999985,0.759999991,-0.170000002,-0.189999998,1.620000005,31
51.99,5945,-7251,0,0,-1.75,-18.25,-6.010000229,-0.02,-0.07,1.5,27
52,5934,-7343,0,0,-0.699999988,-11.10999966,-9.420000076,-0.319999993,-0.039999999,1.559999943,27
52.01,5978,-7310,0,0,-0.079999998,-15.93000031,-5.079999924,-0.170000002,0,1.5,22
52.02,5978,-7298,0,0,-0.079999998,-15.93000031,-5.079999924,-0.270000011,0.050000001,1.559999943,17
52.03,5983,-7219,0,0,-0.140000001,-15.02999973,-1.350000024,-0.100000002,-0.07,1.470000029,17
52.04,6105,-7261,0,0,-3.130000114,-12.39000034,-5.559999943,-0.360000014,-0.01,1.399999976,17
52.05,6002,-7221,0,0,2.539999962,-17.87000084,-3.230000019,-0.140000001,0,1.330000043,16
52.06,6058,-7120,0,0,2.539999962,-17.87000084,-3.230000019,-0.140000001,0,1.330000043,16
52.07,6139,-7213,0,0,3.680000067,-16.98999977,-0.029999999,0.109999999,-0.090000004,1.25,16
52.08,6059,-7172,0,0,3.680000067,-16.98999977,-0.029999999,0.200000003,-0.050000001,1.210000038,16
52.09,6183,-7123,0,0,2.450000048,-19.56999969,-3.049999952,0.409999996,0.079999998,1.220000029,16
52.1,6191,-7053,0,0,2.450000048,-19.56999969,-3.049999952,0.409999996,0.079999998,1.220000029,16
52.11,6195,-7078,0,0,0.589999974,-20.57999992,1.190000057,0.219999999,-0.059999999,1.159999967,16
52.12,6244,-7097,0,0,0.589999974,-20.57999992,1.190000057,-0.109999999,-0.090000004,1.080000043,17
52.13,6171,-6994,0,0,0.119999997,-14.06999969,-1.850000024,-0.050000001,0.01,1.029999971,17
52.14,6128,-7032,0,0,-2.140000105,-16.81999969,-0.769999981,-0.07,0,1.00999999,18
52.15,6241,-7067,0,0,1,-16.95000076,0.119999997,0.100000002,-0.050000001,0.980000019,18
52.16,6203,-7016,0,0,1,-16.95000076,0.119999997,0.100000002,-0.050000001,0.980000019,21
52.17,6312,-6998,0,0,1.539999962,-15.11999989,0.230000004,0.109999999,-0.090000004,0.939999998,21
52.18,6343,-7052,0,0,0.460000008,-14.97999954,2.190000057,0.129999995,-0.079999998,0.870000005,24
52.19,6287,-6980,0,0,0.349999994,-17.31999969,1.24000001,0,0.02,0.949999988,24
52.2,6234,-6985,0,0,2.329999924,-16.03000069,-6.599999905,-0.159999996,0.039999999,0.899999976,24
52.21,6298,-7072,0,0,0.059999999,-15.77999973,-0.340000004,-0.129999995,-0.079999998,1,28
52.22,6176,-7142,0,0,0.059999999,-15.77999973,-0.340000004,-0.129999995,-0.079999998,1,28
52.23,6229,-7070,0,0,-1.200000048,-13.11999989,-1.450000048,0.029999999,0.109999999,1.029999971,31
52.24,6243,-7044,0,0,-1.200000048,-13.11999989,-1.450000048,0.159999996,0.079999998,0.970000029,34
52.25,6236,-7104,0,0,0.039999999,-11.72999954,5.070000172,0.119999997,-0.02,1.070000052,34
52.26,6232,-7070,0,0,0.039999999,-11.72999954,5.070000172,0.300000012,0,0.980000019,34
52.27,6193,-7044,0,0,-1.75999999,-17.54999924,3.410000086,0.119999997,-0.02,1.00999999,34
52.28,6248,-7111,0,0,-3.99000001,-18.72999954,-0.790000022,0.209999993,-0.039999999,0.930000007,34
52.29,6230,-7097,0,0,1.700000048,-16.93000031,6.099999905,0.079999998,0.02,0.970000029,34
52.3,6247,-7019,0,0,-0.720000029,-16.38999939,4.46999979,-0.140000001,0.029999999,0.939999998,34
52.31,6182,-6978,0,0,5.389999866,-11,3.910000086,-0.239999995,-0.230000004,1.029999971,34
52.32,6122,-7103,0,0,5.389999866,-11,3.910000086,-0.239999995,-0.230000004,1.029999971,34
52.33,6156,-7063,0,0,4,-8.039999962,-5.25,-0.310000002,-0.25,1.049999952,34
52.34,6150,-7031,0,0,4,-8.039999962,-5.25,-0.079999998,-0.150000006,1.090000033,34
52.35,6152,-7136,0,0,0.319999993,-8.380000114,-8.779999733,-0.100000002,-0.059999999,1.110000014,34
52.36,6173,-7120,0,0,0.319999993,-8.380000114,-8.779999733,0.159999996,-0.109999999,1.110000014,34
52.37,6144,-7151,0,0,-1.590000033,-12.10999966,-3.970000029,0.079999998,0.100000002,1.120000005,34
52.38,6106,-7130,0,0,-1.590000033,-12.10999966,-3.970000029,0.090000004,0.090000004,1.129999995,34
52.39,6133,-7238,0,0,0.469999999,-13.35999966,1.389999986,0.02,0.150000006,1.149999976,34
52.4,6072,-7163,0,0,-0.899999976,-16.06999969,-0.360000014,0.01,0.140000001,1.129999995,34
52.41,6173,-7065,0,0,-0.289999992,-16.36000061,5.550000191,-0.059999999,0.01,1.149999976,34
52.42,6168,-7127,0,0,-0.289999992,-16.36000061,5.550000191,0,0.059999999,1.090000033,34
52.43,6094,-7205,0,0,0.389999986,-17.05999947,3.390000105,-0.090000004,0.050000001,1.120000005,34
52.44,6242,-7083,0,0,5.889999866,-12.35000038,1.610000014,-0.129999995,-0.039999999,1.110000014,34
52.45,6148,-7134,0,0,-1.409999967,-15.19999981,-2.119999886,-0.059999999,-0.039999999,1.059999943,34
52.46,6180,-7186,0,0,-1.409999967,-15.19999981,-2.119999886,-0.150000006,-0.129999995,1.129999995,34
52.47,6273,-7218,0,0,2.00999999,-7.420000076,-4.860000134,0,0.090000004,0.980000019,34
52.48,6243,-7107,0,0,-0.930000007,-12.98999977,-6.429999828,-0.02,-0.01,1.049999952,34
52.49,6212,-7182,0,0,0.860000014,-13.52999973,0.970000029,0,0,1,34
52.5,6272,-7245,0,0,-1.889999986,-13.38000011,-0.460000008,0,0,1.00999999,34
52.51,6192,-7125,0,0,0.930000007,-13.63000011,3.569999933,-0.039999999,0,1.019999981,34
52.52,6191,-7138,0,0,0.930000007,-13.63000011,3.569999933,-0.039999999,0,1.019999981,34
52.53,6182,-7152,0,0,-1.679999948,-14.85000038,1.799999952,-0.109999999,-0.150000006,1.059999943,34
52.54,6151,-7173,0,0,2.440000057,-15.09000015,5,0,-0.079999998,1.029999971,34
52.55,6201,-7096,0,0,4.480000019,-13.03999996,0.550000012,-0.059999999,-0.200000003,1.059999943,34
52.56,6231,-7125,0,0,4.480000019,-13.03999996,0.550000012,-0.050000001,-0.100000002,1.039999962,34
52.57,6244,-7233,0,0,5.010000229,-10.44999981,-6.570000172,0,-0.090000004,1.070000052,34
52.58,6238,-7218,0,0,4.21999979,-11.26000023,-0.920000017,0,-0.209999993,1.080000043,34
52.59,6265,-7129,0,0,-2.75,-10.89999962,-6.21999979,-0.029999999,-0.039999999,1.019999981,34
52.6,6283,-7245,0,0,-1.100000024,-9.43999958,-7.710000038,-0.090000004,-0.07,1.039999962,34
52.61,6263,-7262,0,0,-0.509999991,-11.85000038,-2.720000029,-0.039999999,0.180000007,1.019999981,34
52.62,6260,-7163,0,0,-0.509999991,-11.85000038,-2.720000029,-0.039999999,0.180000007,1.019999981,34
52.63,6255,-7219,0,0,4.349999905,-9.520000458,-5.539999962,-0.050000001,-0.109999999,1.049999952,33
52.64,6224,-7194,0,0,2.720000029,-11.46000004,3.640000105,-0.050000001,-0.059999999,1.059999943,33
52.65,6284,-7239,0,0,0.930000007,-9.93999958,-1.820000052,-0.079999998,0.02,1.080000043,33
52.66,6227,-7134,0,0,0.930000007,-9.93999958,-1.820000052,-0.050000001,-0.029999999,1.059999943,33
52.67,6249,-7192,0,0,-2,-11.84000015,-1.889999986,-0.029999999,-0.050000001,1.039999962,33
52.68,6345,-7308,0,0,-0.469999999,-10.43999958,-3.359999895,-0.02,-0.090000004,1.029999971,33
52.69,6289,-7186,0,0,-2.890000105,-12.76000023,-0.860000014,-0.029999999,0.07,1,33
52.7,6320,-7206,0,0,-2.890000105,-12.76000023,-0.860000014,-0.029999999,0.07,1,33
52.71,6330,-7272,0,0,4.329999924,-13.02999973,6.400000095,0.01,-0.079999998,1.00999999,33
52.72,6327,-7289,0,0,4.329999924,-13.02999973,6.400000095,0.029999999,-0.029999999,1.00999999,33
52.73,6358,-7245,0,0,2.329999924,-10.90999985,2.869999886,-0.02,-0.209999993,1.00999999,33
52.74,6332,-7241,0,0,2.24000001,-12.67000008,5.21999979,-0.039999999,-0.100000002,1.00999999,33
52.75,6301,-7278,0,0,1.330000043,-9.210000038,-4.289999962,-0.100000002,-0.050000001,1.059999943,33
52.76,6343,-7295,0,0,1.330000043,-9.210000038,-4.289999962,-0.100000002,-0.050000001,1.059999943,33
52.77,6298,-7214,0,0,1.220000029,-10.64000034,-2.289999962,-0.039999999,0.029999999,1.070000052,33
52.78,6267,-7302,0,0,-2.720000029,-10.77000046,-4.110000134,-0.039999999,0.029999999,1.070000052,33
52.79,6365,-7360,0,0,0.379999995,-11.98999977,0.419999987,0.02,0.07,1.080000043,33
52.8,6318,-7348,0,0,0.379999995,-11.98999977,0.419999987,0.02,0.07,1.080000043,33
52.81,6370,-7323,0,0,2.339999914,-11.86999989,1.309999943,0.02,-0.029999999,1.100000024,33
52.82,6410,-7311,0,0,3.450000048,-12.90999985,4.510000229,-0.07,-0.02,1.070000052,33
52.83,6299,-7434,0,0,0.939999998,-11.76000023,-0.920000017,-0.150000006,0.02,1.070000052,33
52.84,6395,-7304,0,0,2.210000038,-10.32999992,-1.299999952,-0.109999999,-0.050000001,1.059999943,33
52.85,6417,-7305,0,0,-1.850000024,-11.81999969,-3.339999914,-0.039999999,0.029999999,1.039999962,33
52.86,6359,-7316,0,0,-1.850000024,-11.81999969,-3.339999914,-0.01,0.01,1.049999952,34
52.87,6392,-7340,0,0,1.139999986,-12.44999981,3.599999905,0.01,0.079999998,1.059999943,34
52.88,6419,-7312,0,0,0.01,-11.18999958,-0.569999993,0.01,0.059999999,1.080000043,34
52.89,6315,-7317,0,0,0.01,-11.18999958,-0.569999993,0,-0.07,1.090000033,34
52.9,6396,-7400,0,0,0.670000017,-11.28999996,2.309999943,-0.050000001,0,1.100000024,34
52.91,6396,-7437,0,0,4.260000229,-10.55000019,-1.659999967,0,-0.059999999,1.120000005,34
52.92,6327,-7385,0,0,2.180000067,-11.38000011,0.670000017,0,-0.01,1.129999995,34
52.93,6446,-7369,0,0,0.579999983,-11.47000027,-2.940000057,0.039999999,-0.079999998,1.110000014,34
52.94,6398,-7463,0,0,-2.480000019,-13.07999992,-0.790000022,-0.039999999,-0.07,1.090000033,34
52.95,6372,-7447,0,0,-1.070000052,-15.10000038,-0.899999976,0.02,0.079999998,1.070000052,34
52.96,6456,-7319,0,0,-1.070000052,-15.10000038,-0.899999976,-0.02,0.01,1.070000052,34
52.97,6420,-7314,0,0,1.929999948,-9.859999657,3.549999952,-0.01,-0.079999998,1.110000014,34
52.98,6441,-7379,0,0,-1.639999986,-12.96000004,4.960000038,-0.090000004,-0.050000001,1.100000024,34
52.99,6462,-7423,0,0,1.200000048,-10.31999969,0.639999986,-0.219999999,-0.059999999,1.120000005,34
53,6382,-7350,0,0,1.200000048,-10.31999969,0.639999986,-0.119999997,0,1.110000014,34
53.01,6427,-7381,0,0,-0.079999998,-11.97000027,-1.559999943,-0.079999998,-0.119999997,1.120000005,34
53.02,6422,-7484,0,0,-2.400000095,-11.30000019,-0.460000008,0.050000001,-0.050000001,1.120000005,34
53.03,6360,-7466,0,0,-1.25,-10.51000023,-1.470000029,0.039999999,0.050000001,1.139999986,34
53.04,6483,-7447,0,0,-1.25,-10.51000023,-1.470000029,0.02,0.090000004,1.129999995,34
53.05,6434,-7481,0,0,1.25,-11.68999958,3.829999924,-0.02,-0.050000001,1.159999967,34
53.06,6411,-7493,0,0,1.25,-11.68999958,3.829999924,-0.050000001,-0.02,1.129999995,34
53.07,6519,-7479,0,0,0.699999988,-11.73999977,1.309999943,-0.170000002,0,1.149999976,34
53.08,6439,-7367,0,0,0.699999988,-11.73999977,1.309999943,-0.109999999,0,1.129999995,34
53.09,6425,-7383,0,0,-0.039999999,-12.36999989,-0.100000002,-0.150000006,-0.059999999,1.139999986,34
53.1,6509,-7500,0,0,0.930000007,-10.47999954,-1.74000001,0,-0.119999997,1.149999976,34
53.11,6437,-7464,0,0,-0.870000005,-12.78999996,-2.029999971,0.029999999,0.050000001,1.110000014,34
53.12,6457,-7478,0,0,-0.870000005,-12.78999996,-2.029999971,0.090000004,0.029999999,1.149999976,34
53.13,6483,-7461,0,0,4.420000076,-13.39000034,3.430000067,0.170000002,-0.059999999,1.139999986,35
53.14,6378,-7545,0,0,1.299999952,-13.52000046,3.099999905,0.01,-0.100000002,1.159999967,35
53.15,6433,-7554,0,0,-0.389999986,-11.32999992,-0.49000001,-0.07,0,1.169999957,35
53.16,6511,-7487,0,0,-0.389999986,-11.32999992,-0.49000001,-0.039999999,0.039999999,1.159999967,35
53.17,6406,-7469,0,0,-0.419999987,-14.03999996,-1.330000043,0.02,-0.029999999,1.169999957,35
53.18,6502,-7494,0,0,0.620000005,-12.11999989,-1.889999986,-0.039999999,-0.079999998,1.159999967,35
53.19,6510,-7529,0,0,-0.589999974,-13.97000027,0.939999998,-0.090000004,0.07,1.139999986,35
53.2,6436,-7460,0,0,0.029999999,-11.30000019,-3.410000086,-0.129999995,0.109999999,1.159999967,35
53.21,6521,-7500,0,0,3.359999895,-12.60999966,0.689999998,-0.039999999,-0.059999999,1.179999948,35
53.22,6503,-7582,0,0,2.789999962,-13.27000046,6.409999847,-0.129999995,-0.029999999,1.190000057,36
53.23,6489,-7628,0,0,2.789999962,-13.27000046,6.409999847,-0.150000006,-0.059999999,1.230000019,36
53.24,6505,-7527,0,0,1.289999962,-11.11999989,0.629999995,0,-0.050000001,1.210000038,37
53.25,6489,-7529,0,0,-0.860000014,-11.38000011,-5.670000076,0,-0.050000001,1.179999948,37
53.26,6484,-7601,0,0,-2.799999952,-14.72999954,-3.069999933,0.090000004,-0.07,1.149999976,37
53.27,6512,-7645,0,0,-0.550000012,-16.10000038,3.930000067,0.07,0.090000004,1.149999976,38
53.28,6489,-7545,0,0,-0.289999992,-12.46000004,-2.210000038,0.039999999,0.059999999,1.139999986,39
53.29,6456,-7451,0,0,3.480000019,-12.31000042,3.559999943,0.07,-0.129999995,1.159999967,39
53.3,6537,-7538,0,0,2.630000114,-14.67000008,6.260000229,-0.029999999,-0.059999999,1.159999967,40
53.31,6446,-7590,0,0,5.179999828,-11.94999981,2.470000029,-0.109999999,-0.219999999,1.200000048,40
53.32,6504,-7569,0,0,1.419999957,-14.30000019,4.559999943,-0.090000004,-0.180000007,1.200000048,40
53.33,6488,-7564,0,0,2.109999895,-13.11999989,-4.860000134,-0.100000002,-0.119999997,1.179999948,40
53.34,6482,-7614,0,0,-0.100000002,-13.09000015,-5.429999828,-0.07,-0.129999995,1.220000029,40
53.35,6489,-7707,0,0,3.480000019,-10.94999981,-3.359999895,0,-0.01,1.24000001,40
53.36,6492,-7698,0,0,3.480000019,-10.94999981,-3.359999895,0,-0.01,1.24000001,40
53.37,6467,-7572,0,0,2.450000048,-9.619999886,-1.269999981,0.01,-0.079999998,1.330000043,40
53.38,6458,-7687,0,0,0.699999988,-12.61999989,1.159999967,-0.02,0,1.350000024,40
53.39,6445,-7692,0,0,0.75,-11.61999989,-2.670000076,-0.029999999,-0.07,1.379999995,40
53.4,6445,-7666,0,0,3.230000019,-12.60999966,-0.519999981,-0.039999999,-0.079999998,1.389999986,40
53.41,6398,-7632,0,0,-0.430000007,-12.48999977,-2.950000048,-0.07,0.01,1.370000005,40
53.42,6333,-7680,0,0,-0.430000007,-12.48999977,-2.950000048,-0.07,0.01,1.370000005,40
53.43,6477,-7739,0,0,1.24000001,-12.11999989,0.759999991,-0.07,0.050000001,1.389999986,40
53.44,6550,-7748,0,0,1.24000001,-12.11999989,0.759999991,0.219999999,0,1.389999986,40
53.45,6447,-7730,0,0,-1.090000033,-15.21000004,4.579999924,0.07,0.039999999,1.409999967,40
53.46,6472,-7652,0,0,-1.090000033,-15.21000004,4.579999924,0.079999998,0.01,1.340000033,40
53.47,6500,-7687,0,0,-1.659999967,-15.60000038,3.029999971,0.039999999,-0.029999999,1.389999986,40
53.48,6489,-7747,0,0,0.02,-15.31999969,1.470000029,0,-0.07,1.330000043,40
53.49,6464,-7711,0,0,-2.470000029,-15.18000031,2.829999924,-0.100000002,-0.079999998,1.360000014,40
53.5,6425,-7643,0,0,-1.309999943,-12.56999969,-1.129999995,-0.100000002,-0.050000001,1.350000024,40
53.51,6426,-7589,0,0,-0.230000004,-15.39000034,-1.639999986,-0.059999999,-0.029999999,1.350000024,40
53.52,6397,-7649,0,0,2.079999924,-10.39999962,-3.670000076,-0.02,-0.07,1.389999986,40
53.53,6450,-7728,0,0,2.940000057,-13.32999992,1.00999999,0.029999999,-0.090000004,1.399999976,40
53.54,6396,-7769,0,0,2.940000057,-13.32999992,1.00999999,-0.01,-0.059999999,1.460000038,40
53.55,6397,-7758,0,0,0.379999995,-15.97000027,-0.879999995,-0.039999999,-0.07,1.450000048,40
53.56,6395,-7786,0,0,0.379999995,-15.97000027,-0.879999995,-0.090000004,-0.200000003,1.5,40
53.57,6359,-7839,0,0,-2.160000086,-12.52999973,-6.659999847,-0.090000004,0.159999996,1.470000029,40
53.58,6379,-7791,0,0,-2.269999981,-15.84000015,-10.19999981,0,0.01,1.539999962,40
53.59,6370,-7710,0,0,-1.570000052,-18.04000092,1.210000038,0.129999995,0.119999997,1.549999952,40
53.6,6468,-7666,0,0,-2.220000029,-14.39999962,-9.050000191,0.180000007,0.090000004,1.529999971,40
53.61,6328,-7761,0,0,1.5,-17.76000023,6.949999809,0.259999991,0.050000001,1.559999943,40
53.62,6390,-7730,0,0,1.5,-17.76000023,6.949999809,0.01,0.02,1.519999981,40
53.63,6256,-7783,0,0,1.799999952,-17.02000046,2.559999943,-0.050000001,-0.079999998,1.610000014,40
53.64,6304,-7743,0,0,1.799999952,-17.02000046,2.559999943,0,0,1.620000005,40
53.65,6346,-7798,0,0,3.170000076,-13.46000004,-4.150000095,0.079999998,0,1.669999957,40
53.66,6349,-7888,0,0,3.170000076,-13.46000004,-4.150000095,0.01,-0.079999998,1.629999995,40
53.67,6426,-7713,0,0,0.939999998,-17.5,-0.349999994,0,-0.129999995,1.580000043,39
53.68,6424,-7567,0,0,0.409999996,-14.18000031,-0.430000007,-0.239999995,-0.119999997,1.549999952,39
53.69,6412,-7601,0,0,1.590000033,-12.32999992,-3.890000105,-0.180000007,-0.119999997,1.460000038,39
53.7,6308,-7708,0,0,-0.939999998,-15.14999962,-1.779999971,-0.289999992,-0.059999999,1.480000019,38
53.71,6361,-7649,0,0,5.53000021,-13.05000019,-2.970000029,-0.280000001,-0.200000003,1.470000029,38
53.72,6363,-7618,0,0,2.269999981,-14.09000015,3.299999952,-0.140000001,-0.129999995,1.470000029,38
53.73,6324,-7550,0,0,3.00999999,-13.56999969,-4.349999905,-0.090000004,-0.159999996,1.429999948,37
53.74,6378,-7651,0,0,4.170000076,-12.97000027,-0.150000006,-0.039999999,-0.180000007,1.470000029,35
53.75,6366,-7664,0,0,2.269999981,-14.75,-6.610000134,0.039999999,-0.07,1.429999948,35
53.76,6332,-7598,0,0,2.269999981,-14.75,-6.610000134,0,-0.140000001,1.470000029,32
53.77,6261,-7558,0,0,4.860000134,-13.03999996,-5.53000021,0.090000004,-0.059999999,1.360000014,32
53.78,6355,-7608,0,0,0.560000002,-13.94999981,-8.31000042,-0.07,-0.119999997,1.379999995,32
53.79,6288,-7588,0,0,-0.839999974,-19.71999931,-5.889999866,0.059999999,0.150000006,1.309999943,28
53.8,6406,-7561,0,0,1.100000024,-7.039999962,-6.079999924,-0.170000002,0.029999999,1.370000005,28
53.81,6374,-7463,0,0,1.100000024,-7.039999962,-6.079999924,-0.170000002,0.029999999,1.370000005,26
53.82,6372,-7444,0,0,0.230000004,-11.43999958,-2.809999943,-0.090000004,0.159999996,1.200000048,25
53.83,6457,-7479,0,0,4.980000019,-22.85000038,7.010000229,-0.07,0.090000004,1.269999981,25
53.84,6471,-7494,0,0,1.309999943,-19.04999924,4.349999905,-0.01,0.050000001,1.120000005,25
53.85,6494,-7437,0,0,0.01,-19.57999992,3.920000076,0,0,1.200000048,25
53.86,6531,-7396,0,0,-0.980000019,-19.79000092,0.439999998,0.129999995,0,1.019999981,25
53.87,6559,-7464,0,0,1.210000038,-19.59000015,4.019999981,0.129999995,0.029999999,1.110000014,26
53.88,6570,-7456,0,0,1.210000038,-19.59000015,4.019999981,0.200000003,0,0.939999998,26
53.89,6561,-7358,0,0,1.870000005,-17.94000053,6.400000095,0.119999997,-0.119999997,1.029999971,27
53.9,6604,-7426,0,0,-1.25,-19.46999931,0.209999993,0.109999999,-0.059999999,0.889999986,29
53.91,6585,-7385,0,0,0.660000026,-16.29000092,2.75999999,0.02,0,0.99000001,29
53.92,6592,-7425,0,0,0.660000026,-16.29000092,2.75999999,0.039999999,-0.02,0.910000026,29
53.93,6650,-7351,0,0,-2.230000019,-15.43000031,1.539999962,-0.02,-0.07,0.99000001,31
53.94,6563,-7417,0,0,1.25,-14.77999973,-2.900000095,0.02,-0.01,0.949999988,33
53.95,6520,-7533,0,0,-1.5,-14.10000038,2.579999924,-0.039999999,-0.01,0.99000001,33
53.96,6644,-7516,0,0,3.049999952,-11.32999992,-0.949999988,0,-0.109999999,1.029999971,33
53.97,6629,-7449,0,0,-3.900000095,-12.14000034,-3.829999924,-0.01,0.01,1,35
53.98,6641,-7521,0,0,-1.320000052,-12.64000034,-5.840000153,0,0,1,36
53.99,6646,-7650,0,0,0.219999999,-14.85000038,0.589999974,0.029999999,0.079999998,0.99000001,36
54,6553,-7594,0,0,2.690000057,-12.13000011,-1.230000019,-0.050000001,0,0.99000001,36
54.01,6504,-7399,0,0,-0.810000002,-13.68999958,1.899999976,-0.01,-0.129999995,0.959999979,36
54.02,6628,-7392,0,0,3.539999962,-11.76000023,0.720000029,0,-0.140000001,0.99000001,36
54.03,6516,-7575,0,0,3.539999962,-11.76000023,0.720000029,0,0.050000001,0.930000007,36
54.04,6586,-7574,0,0,1.350000024,-10.55000019,-6.699999809,-0.100000002,0,0.970000029,36
54.05,6613,-7470,0,0,-0.479999989,-14.35999966,-3.480000019,-0.01,0.119999997,0.949999988,36
54.06,6551,-7551,0,0,-0.479999989,-14.35999966,-3.480000019,-0.01,0.119999997,0.949999988,36
54.07,6602,-7638,0,0,1.179999948,-12.32999992,-3.769999981,-0.02,-0.059999999,1.00999999,36
54.08,6627,-7617,0,0,5.360000134,-13.39000034,4.360000134,-0.039999999,-0.079999998,1.00999999,36
54.09,6584,-7580,0,0,-0.039999999,-14.78999996,-1.5,-0.02,-0.100000002,1,36
54.1,6601,-7491,0,0,1.49000001,-12.18000031,-3.849999905,-0.01,-0.090000004,1,36
54.11,6587,-7667,0,0,-0.589999974,-15.46000004,-5.849999905,0.129999995,0.02,0.980000019,36
54.12,6631,-7552,0,0,-0.589999974,-15.46000004,-5.849999905,0.029999999,-0.059999999,1.019999981,36
54.13,6544,-7535,0,0,2.390000105,-11.02000046,0.970000029,0.090000004,0,1.039999962,36
54.14,6570,-7501,0,0,3.599999905,-11.25,-1.230000019,-0.02,0.029999999,1.090000033,36
54.15,6546,-7609,0,0,2.49000001,-9.329999924,-0.709999979,-0.079999998,-0.02,1.129999995,36
54.16,6634,-7739,0,0,2.49000001,-9.329999924,-0.709999979,-0.079999998,-0.02,1.129999995,36
54.17,6584,-7710,0,0,2.910000086,-14.5,3.75,-0.159999996,0.039999999,1.139999986,36
54.18,6599,-7665,0,0,0.349999994,-13.36999989,-2.00999999,-0.129999995,0,1.149999976,36
54.19,6597,-7659,0,0,1.879999995,-12.27999973,-1.460000038,0,0,1.100000024,37
54.2,6635,-7729,0,0,0.219999999,-12.07999992,-2.940000057,-0.109999999,-0.039999999,1.139999986,37
54.21,6640,-7777,0,0,3.680000067,-12.43000031,0.829999983,-0.039999999,-0.079999998,1.120000005,38
54.22,6609,-7596,0,0,2.00999999,-11.72000027,3.599999905,-0.01,-0.039999999,1.139999986,38
54.23,6657,-7569,0,0,2.220000029,-10.35000038,-2.940000057,-0.01,-0.079999998,1.149999976,38
54.24,6635,-7660,0,0,2.319999933,-14.05000019,2.099999905,0.02,-0.100000002,1.149999976,39
54.25,6593,-7727,0,0,-1.620000005,-11.52000046,-1.909999967,-0.07,0.01,1.179999948,39
54.26,6621,-7696,0,0,-1.620000005,-11.52000046,-1.909999967,-0.059999999,0.02,1.179999948,39
54.27,6558,-7701,0,0,0.810000002,-13.14000034,0.109999999,-0.029999999,-0.029999999,1.190000057,39
54.28,6583,-7780,0,0,-0.170000002,-12.23999977,1.100000024,-0.109999999,-0.039999999,1.210000038,39
54.29,6613,-7802,0,0,1.539999962,-13.31999969,1.120000005,-0.119999997,-0.039999999,1.200000048,39
54.3,6563,-7740,0,0,1.539999962,-13.31999969,1.120000005,-0.039999999,-0.029999999,1.210000038,39
54.31,6672,-7678,0,0,2.49000001,-13.69999981,-0.649999976,0.050000001,-0.189999998,1.210000038,39
54.32,6642,-7760,0,0,2.369999886,-12.10999966,0.200000003,0,-0.150000006,1.230000019,39
54.33,6572,-7694,0,0,0.259999991,-11.59000015,-2.089999914,-0.079999998,-0.059999999,1.220000029,39
54.34,6583,-7782,0,0,1.850000024,-12.53999996,-3.130000114,-0.100000002,-0.090000004,1.25999999,40
54.35,6619,-7816,0,0,-2.440000057,-14.35999966,-3.630000114,-0.059999999,0,1.25,40
54.36,6514,-7753,0,0,1.129999995,-12.94999981,-5.25,0.01,0.029999999,1.269999981,40
54.37,6591,-7898,0,0,-0.189999998,-13.55000019,2.279999971,0.039999999,0.039999999,1.309999943,40
54.38,6558,-7792,0,0,5.130000114,-10.14000034,-0.529999971,0.100000002,-0.100000002,1.309999943,40
54.39,6508,-7834,0,0,-3.079999924,-13.18000031,-0.119999997,0.039999999,0,1.279999971,40
54.4,6659,-7847,0,0,-0.25,-12.57999992,-1.440000057,-0.01,-0.079999998,1.320000052,40
54.41,6612,-7749,0,0,-3.789999962,-15.92000008,-0.330000013,0.02,0.01,1.24000001,40
54.42,6494,-7931,0,0,-3.789999962,-15.92000008,-0.330000013,-0.100000002,-0.02,1.210000038,40
54.43,6660,-7829,0,0,-2.809999943,-14.10999966,-8.840000153,-0.050000001,-0.01,1.220000029,40
54.44,6602,-7731,0,0,2.970000029,-13.34000015,-1.840000033,0,0.02,1.200000048,40
54.45,6627,-7801,0,0,-1.610000014,-15.35999966,4.78000021,0.01,-0.140000001,1.25,40
54.46,6652,-7688,0,0,-1.610000014,-15.35999966,4.78000021,0.039999999,-0.150000006,1.200000048,40
54.47,6625,-7802,0,0,-4.320000172,-15.13000011,-3.710000038,0.01,-0.02,1.210000038,40
54.48,6594,-7872,0,0,3.410000086,-10.92000008,-8.579999924,0,-0.119999997,1.289999962,40
54.49,6601,-7804,0,0,3.410000086,-10.92000008,-8.579999924,0,-0.119999997,1.289999962,40
54.5,6559,-7852,0,0,2.359999895,-6.480000019,-7.010000229,-0.050000001,-0.140000001,1.360000014,40
54.51,6549,-7773,0,0,2.359999895,-6.480000019,-7.010000229,-0.050000001,-0.140000001,1.360000014,40
54.52,6585,-7835,0,0,0.330000013,-7.920000076,-0.699999988,0.07,0.059999999,1.269999981,40
54.53,6600,-7889,0,0,2.589999914,-14.22000027,-2.74000001,-0.02,-0.07,1.340000033,40
54.54,6525,-7742,0,0,-0.74000001,-13.57999992,-0.569999993,-0.100000002,-0.050000001,1.350000024,40
54.55,6513,-7799,0,0,1.029999971,-11.81999969,-1.519999981,-0.150000006,0,1.399999976,40
54.56,6573,-7821,0,0,-3.289999962,-18.01000023,-5.769999981,0.140000001,-0.050000001,1.330000043,40
54.57,6576,-7911,0,0,-5.820000172,-3.549999952,-9.109999657,-0.219999999,-0.079999998,1.460000038,40
54.58,6539,-7905,0,0,-6.119999886,-19.96999931,-4.730000019,0.159999996,0.100000002,1.220000029,40
54.59,6557,-7765,0,0,-4.710000038,-2.720000029,-10.35000038,-0.319999993,0.059999999,1.5,40
54.6,6525,-7894,0,0,-2.420000076,-16.52000046,-4.440000057,0.07,0.029999999,1.25,40
54.61,6532,-7873,0,0,-0.850000024,-12.55000019,-0.100000002,-0.119999997,0.090000004,1.429999948,40
54.62,6529,-7860,0,0,0.340000004,-18,3,0.029999999,-0.029999999,1.389999986,40
54.63,6529,-7836,0,0,4.25,-18.43000031,5.440000057,-0.029999999,-0.01,1.389999986,40
54.64,6563,-7732,0,0,-1.74000001,-19.87999916,-0.389999986,-0.039999999,-0.01,1.389999986,40
54.65,6571,-7762,0,0,2.480000019,-16.60000038,-1.389999986,-0.079999998,-0.01,1.340000033,39
54.66,6530,-7791,0,0,-1.029999971,-17.94000053,0.050000001,-0.079999998,0.050000001,1.360000014,39
54.67,6599,-7929,0,0,0.930000007,-16.06999969,-3.140000105,-0.119999997,0.01,1.340000033,39
54.68,6534,-7973,0,0,-0.460000008,-16.75,2.460000038,-0.189999998,0.039999999,1.379999995,39
54.69,6541,-7894,0,0,-1.889999986,-14.03999996,-1.850000024,-0.200000003,0.07,1.379999995,39
54.7,6593,-7896,0,0,0.360000014,-13.42000008,1.820000052,-0.159999996,-0.050000001,1.399999976,39
54.71,6559,-7972,0,0,1.639999986,-11.09000015,-0.370000005,-0.050000001,-0.039999999,1.389999986,39
54.72,6520,-7864,0,0,-1.669999957,-14.42000008,-2.859999895,0,0,1.360000014,39
54.73,6603,-7719,0,0,1.149999976,-11.43999958,-2.269999981,-0.039999999,-0.039999999,1.399999976,39
54.74,6492,-7705,0,0,0.439999998,-17.47999954,-2.950000048,0.150000006,-0.01,1.320000052,39
54.75,6605,-7788,0,0,3.279999971,-10.61999989,-3.730000019,-0.029999999,-0.119999997,1.389999986,39
54.76,6614,-7800,0,0,0.850000024,-19.01000023,-2.75,0.119999997,-0.01,1.25,39
54.77,6572,-7801,0,0,2.49000001,-12.25,-0.839999974,-0.109999999,-0.100000002,1.340000033,40
54.78,6606,-7793,0,0,0.639999986,-15.89999962,-3.799999952,0,0,1.230000019,40
54.79,6593,-7716,0,0,-1.080000043,-13.14999962,-3.430000067,-0.230000004,-0.079999998,1.279999971,39
54.8,6551,-7884,0,0,-0.400000006,-16.80999947,-3.670000076,-0.059999999,-0.02,1.220000029,39
54.81,6644,-7894,0,0,-0.540000022,-13.48999977,-2.859999895,-0.109999999,-0.07,1.25999999,39
54.82,6600,-7779,0,0,0.579999983,-15.17000008,2.319999933,-0.050000001,-0.07,1.230000019,39
54.83,6552,-7761,0,0,1.690000057,-9.979999542,0.02,-0.119999997,-0.059999999,1.269999981,39
54.84,6558,-7745,0,0,1.710000038,-13.05000019,-2.569999933,-0.050000001,-0.090000004,1.24000001,39
54.85,6511,-7801,0,0,3.960000038,-10.96000004,-3.119999886,-0.079999998,-0.079999998,1.309999943,39
54.86,6450,-7857,0,0,2.390000105,-12.03999996,-4.010000229,-0.039999999,-0.050000001,1.289999962,39
54.87,6534,-7808,0,0,2.970000029,-12.56999969,0.059999999,-0.039999999,-0.029999999,1.360000014,39
54.88,6538,-7722,0,0,2.369999886,-11.15999985,-5.440000057,0.059999999,-0.039999999,1.340000033,39
54.89,6531,-7678,0,0,3.670000076,-14.81999969,3.079999924,0.079999998,-0.090000004,1.370000005,39
54.9,6621,-7794,0,0,-0.280000001,-11.93999958,-2.25,0.039999999,-0.02,1.299999952,39
54.91,6538,-7768,0,0,-2.410000086,-16.79000092,0.270000011,0.07,-0.039999999,1.279999971,39
54.92,6600,-7689,0,0,0.289999992,-15.78999996,1.610000014,0.029999999,-0.01,1.289999962,39
54.93,6592,-7770,0,0,-2.180000067,-18.52000046,0.699999988,-0.039999999,0.079999998,1.230000019,38
54.94,6593,-7700,0,0,5.480000019,-14.39999962,5.170000076,-0.140000001,-0.140000001,1.340000033,38
54.95,6542,-7741,0,0,2.019999981,-17.97999954,8.850000381,-0.109999999,-0.029999999,1.25,38
54.96,6498,-7782,0,0,5.829999924,-10.51000023,2.180000067,-0.330000013,-0.150000006,1.360000014,38
54.97,6488,-7739,0,0,1.120000005,-17.97999954,6.059999943,-0.090000004,0,1.289999962,38
54.98,6476,-7889,0,0,4.25,-8.989999771,-1.74000001,-0.270000011,-0.109999999,1.470000029,38
54.99,6528,-7835,0,0,0.100000002,-16.04000092,1.350000024,0.119999997,0.079999998,1.360000014,38
55,6548,-7801,0,0,4.989999771,-10.94999981,0.340000004,0,-0.039999999,1.460000038,38
55.01,6562,-7860,0,0,0.259999991,-18.12999916,2.420000076,0.150000006,0.059999999,1.379999995,38
55.02,6664,-7748,0,0,2.549999952,-15.18000031,1.970000029,0.059999999,-0.029999999,1.429999948,38
55.03,6652,-7833,0,0,2.089999914,-17.63999939,4.260000229,0.159999996,-0.02,1.309999943,38
55.04,6631,-7788,0,0,-0.790000022,-15.57999992,1.929999948,0,0.02,1.350000024,38
55.05,6734,-7642,0,0,-0.629999995,-16.72999954,-0.180000007,-0.07,-0.07,1.269999981,38
55.06,6707,-7661,0,0,-2.49000001,-19.37999916,0.49000001,-0.079999998,0,1.220000029,38
55.07,6634,-7662,0,0,-2.50999999,-14.92000008,-2.079999924,-0.100000002,-0.029999999,1.190000057,38
55.08,6660,-7837,0,0,0.839999974,-17.61000061,4.090000153,-0.039999999,-0.079999998,1.139999986,38
55.09,6660,-7753,0,0,0.25,-13.14000034,-0.639999986,0,-0.090000004,1.159999967,38
55.1,6555,-7649,0,0,1.590000033,-15.77000046,2.089999914,0,-0.119999997,1.139999986,38
55.11,6690,-7776,0,0,1.940000057,-13.65999985,-0.449999988,-0.01,-0.059999999,1.179999948,38
55.12,6625,-7801,0,0,2.339999914,-14.14999962,-2.319999933,0.050000001,-0.109999999,1.179999948,38
55.13,6651,-7829,0,0,2.25999999,-14.68999958,-2.440000057,0.02,-0.100000002,1.190000057,38
55.14,6745,-7754,0,0,-0.340000004,-14.13000011,-2.25999999,-0.029999999,-0.01,1.169999957,38
55.15,6643,-7642,0,0,-1.210000038,-13.94999981,0.170000002,-0.109999999,0.07,1.169999957,38
55.16,6646,-7707,0,0,-0.370000005,-13.39999962,-0.529999971,-0.07,-0.02,1.179999948,38
55.17,6696,-7823,0,0,-0.949999988,-14.81999969,0.259999991,-0.159999996,-0.029999999,1.169999957,38
55.18,6700,-7839,0,0,-0.75,-12.27999973,1.669999957,-0.25,-0.02,1.200000048,38
55.19,6723,-7695,0,0,1.360000014,-11.78999996,1.629999995,-0.059999999,0.029999999,1.210000038,38
55.2,6660,-7690,0,0,1.019999981,-10.78999996,-2.930000067,-0.01,-0.150000006,1.190000057,38
55.21,6721,-7775,0,0,2.599999905,-12.17000008,4.199999809,-0.02,-0.100000002,1.230000019,38
55.22,6674,-7898,0,0,-0.189999998,-12.56999969,-3.680000067,-0.039999999,-0.01,1.159999967,38
55.23,6693,-7720,0,0,-0.629999995,-12.71000004,-0.050000001,-0.07,-0.01,1.210000038,38
55.24,6685,-7690,0,0,2.170000076,-13.36999989,-2.359999895,-0.01,-0.07,1.139999986,38
55.25,6711,-7677,0,0,-1.210000038,-16.36000061,1.25,-0.01,-0.01,1.129999995,38
55.26,6695,-7692,0,0,-0.949999988,-16.04000092,1.970000029,-0.090000004,-0.01,1.120000005,38
55.27,6707,-7831,0,0,-1.649999976,-18.11000061,2.640000105,-0.100000002,-0.039999999,1.080000043,38
55.28,6644,-7715,0,0,-5.900000095,-16.54000092,0.479999989,-0.189999998,0.059999999,1.129999995,38
55.29,6719,-7735,0,0,-3.730000019,-14.05000019,-5.269999981,-0.050000001,0.079999998,1.080000043,38
55.3,6732,-7803,0,0,-3.900000095,-17.12000084,3.960000038,0,0.059999999,1.129999995,38
55.31,6709,-7824,0,0,-3.569999933,-14.17000008,-5.230000019,0.079999998,0.159999996,1.090000033,38
55.32,6690,-7886,0,0,2.119999886,-17.92000008,9.390000343,0.039999999,0,1.149999976,38
55.33,6773,-7711,0,0,-0.920000017,-15.90999985,5.360000134,0.100000002,0.109999999,1.120000005,38
55.34,6617,-7774,0,0,1.779999971,-15.59000015,4.28000021,0.01,-0.07,1.200000048,38
55.35,6770,-7769,0,0,0.99000001,-17.54000092,4.239999771,0,-0.01,1.120000005,37
55.36,6708,-7817,0,0,-0.349999994,-13.86999989,0.180000007,-0.150000006,0.029999999,1.210000038,37
55.37,6698,-7779,0,0,-0.670000017,-16.72999954,-1.519999981,-0.07,0.039999999,1.129999995,36
55.38,6766,-7739,0,0,-0.779999971,-14.82999992,1.090000033,-0.170000002,0.059999999,1.179999948,36
55.39,6739,-7826,0,0,-0.330000013,-12.80000019,-0.319999993,-0.109999999,0.090000004,1.139999986,36
55.4,6733,-7798,0,0,1.590000033,-15.39000034,2.789999962,-0.050000001,-0.090000004,1.120000005,36
55.41,6838,-7781,0,0,2.880000114,-11.94999981,0.75,0.01,-0.079999998,1.139999986,36
55.42,6851,-7775,0,0,0.519999981,-12.85999966,-2.650000095,0.050000001,-0.079999998,1.080000043,36
55.43,6835,-7730,0,0,2.380000114,-10.89000034,0.910000026,-0.07,-0.119999997,1.139999986,35
55.44,6760,-7751,0,0,0.379999995,-13.17000008,-4.860000134,0,-0.059999999,1.049999952,35
55.45,6781,-7814,0,0,2.170000076,-12.02000046,-3.920000076,-0.07,-0.100000002,1.080000043,35
55.46,6744,-7737,0,0,2.519999981,-14.46000004,-1.120000005,-0.039999999,0.01,1.00999999,35
55.47,6748,-7673,0,0,3.650000095,-12.97999954,1.690000057,-0.140000001,0,1.059999943,35
55.48,6842,-7774,0,0,3.829999924,-12.22000027,-0.439999998,-0.090000004,-0.07,1.070000052,35
55.49,6851,-7840,0,0,1.919999957,-13.07999992,2.24000001,-0.109999999,-0.059999999,1.059999943,35
55.5,6784,-7843,0,0,0.550000012,-10.42000008,-3.849999905,-0.180000007,0.01,1.090000033,35
55.51,6892,-7771,0,0,-0.720000029,-12.01000023,-1.549999952,-0.07,0,1.070000052,35
55.52,6918,-7808,0,0,0.959999979,-14.34000015,-2.579999924,0,-0.02,1.049999952,35
55.53,6910,-7832,0,0,1.879999995,-13.71000004,1.519999981,0.059999999,0,1.039999962,35
55.54,6929,-7866,0,0,1.149999976,-11.47999954,3.609999895,-0.050000001,-0.059999999,1.059999943,35
55.55,6951,-7845,0,0,4.010000229,-10.56999969,2.220000029,-0.059999999,-0.079999998,1.059999943,35
55.56,6870,-7715,0,0,0.769999981,-12.03999996,-4.78000021,-0.090000004,-0.07,1.019999981,35
55.57,6822,-7764,0,0,3.099999905,-10.89999962,-1.100000024,-0.129999995,-0.079999998,1.049999952,35
55.58,6839,-7867,0,0,2.960000038,-12.30000019,-2.349999905,-0.050000001,-0.029999999,1.00999999,35
55.59,6873,-7953,0,0,2.299999952,-12.61999989,-0.050000001,-0.029999999,-0.079999998,1.029999971,36
55.6,6884,-7900,0,0,2.460000038,-12.65999985,0.579999983,-0.039999999,-0.050000001,1.039999962,36
55.61,6932,-7841,0,0,1.330000043,-11.53999996,-0.07,0.01,-0.039999999,1.070000052,37
55.62,6904,-7938,0,0,-0.129999995,-12.77000046,-2.970000029,0.039999999,-0.039999999,1.070000052,37
55.63,6869,-7964,0,0,-0.300000012,-12.22000027,-1.860000014,0.029999999,-0.050000001,1.090000033,37
55.64,6978,-8003,0,0,-1.019999981,-12.71000004,0.200000003,0.039999999,0.02,1.110000014,37
55.65,6958,-7942,0,0,0.839999974,-12.52000046,-0.189999998,-0.029999999,0.02,1.129999995,37
55.66,6877,-7901,0,0,-1.019999981,-13.01000023,2.25,-0.090000004,-0.039999999,1.159999967,37
55.67,6868,-7884,0,0,1.059999943,-12.30000019,2.579999924,-0.100000002,0,1.179999948,38
55.68,6883,-8067,0,0,-0.649999976,-12.13000011,-1.179999948,-0.159999996,0,1.179999948,38
55.69,6797,-8077,0,0,0.319999993,-11.64000034,-3.049999952,-0.029999999,-0.029999999,1.210000038,38
55.7,6878,-8031,0,0,-0.200000003,-13.96000004,0.879999995,-0.029999999,0.02,1.210000038,38
55.71,6895,-7985,0,0,2.319999933,-11.68000031,-0.839999974,0.029999999,0.07,1.230000019,40
55.72,6899,-8019,0,0,3.319999933,-13.14000034,1.590000033,0.059999999,-0.059999999,1.230000019,40
55.73,6880,-8114,0,0,2.650000095,-14.88000011,1.360000014,0.01,-0.01,1.24000001,41
55.74,6926,-8040,0,0,2.910000086,-12.57999992,-1.49000001,0,-0.050000001,1.25,41
55.75,6930,-8024,0,0,0.620000005,-13.39999962,0.970000029,-0.059999999,-0.100000002,1.24000001,41
55.76,6845,-7927,0,0,0.07,-13.27000046,-4.019999981,0,-0.029999999,1.210000038,41
55.77,6933,-7902,0,0,-1.659999967,-14.46000004,-0.509999991,-0.090000004,-0.07,1.220000029,41
55.78,6885,-8031,0,0,-0.649999976,-13.77999973,0.720000029,-0.079999998,0,1.220000029,41
55.79,6788,-8064,0,0,0.270000011,-13.88000011,0.200000003,-0.07,-0.050000001,1.210000038,41
55.8,6809,-8062,0,0,-0.5,-13.47999954,2.829999924,-0.159999996,-0.100000002,1.230000019,41
55.81,6786,-7996,0,0,2.319999933,-9.270000458,-0.319999993,-0.100000002,-0.100000002,1.299999952,41
55.82,6745,-8099,0,0,-0.370000005,-11.86999989,-4.739999771,-0.02,-0.090000004,1.24000001,41
55.83,6878,-8079,0,0,1.110000014,-11.34000015,-5.519999981,0.029999999,-0.050000001,1.330000043,41
55.84,6832,-8120,0,0,2.430000067,-13.02000046,-2.599999905,0.119999997,0,1.309999943,41
55.85,6820,-8052,0,0,4.590000153,-14.23999977,0.529999971,0.079999998,-0.039999999,1.350000024,41
55.86,6817,-7992,0,0,1.379999995,-13.11999989,0.569999993,-0.02,-0.050000001,1.350000024,41
55.87,6833,-8016,0,0,1.090000033,-14.60999966,0.649999976,-0.090000004,-0.100000002,1.350000024,41
55.88,6846,-8021,0,0,0.389999986,-15.39999962,-3.890000105,-0.090000004,0.050000001,1.340000033,41
55.89,6727,-8084,0,0,0.119999997,-15.22000027,-3,-0.100000002,0,1.340000033,41
55.9,6819,-8155,0,0,4.960000038,-12.01000023,4.480000019,-0.090000004,-0.07,1.370000005,41
55.91,6788,-8125,0,0,2.089999914,-10.92000008,3.809999943,-0.100000002,-0.029999999,1.429999948,41
55.92,6685,-8083,0,0,2.75999999,-10.09000015,-3.50999999,-0.090000004,-0.180000007,1.419999957,41
55.93,6827,-8021,0,0,1.649999976,-11.31999969,1.809999943,-0.07,-0.100000002,1.480000019,41
55.94,6775,-8093,0,0,0.649999976,-9.340000153,-8.930000305,0.050000001,-0.079999998,1.409999967,41
55.95,6784,-8111,0,0,-0.74000001,-14.76000023,-0.759999991,0,-0.079999998,1.450000048,41
55.96,6869,-8040,0,0,-0.800000012,-13.85999966,-1.850000024,-0.039999999,0.01,1.389999986,41
55.97,6809,-8055,0,0,0.280000001,-14.68999958,-0.340000004,-0.07,0.01,1.389999986,41
55.98,6766,-8022,0,0,1.99000001,-12.80000019,1.879999995,-0.159999996,-0.01,1.399999976,41
55.99,6818,-8104,0,0,0.819999993,-14.92000008,3.849999905,-0.180000007,0.029999999,1.379999995,41
56,6790,-8125,0,0,3.380000114,-12.13000011,0.540000022,-0.239999995,-0.100000002,1.419999957,41
56.01,6779,-8047,0,0,0.289999992,-12.93999958,5.150000095,-0.230000004,-0.029999999,1.409999967,41
56.02,6730,-8099,0,0,4.429999828,-8.210000038,-4.239999771,-0.209999993,-0.170000002,1.409999967,41
56.03,6747,-8002,0,0,0.01,-14.89000034,6.440000057,0,-0.059999999,1.409999967,41
56.04,6725,-8018,0,0,3.200000048,-10.31000042,-2.579999924,-0.029999999,-0.150000006,1.419999957,41
56.05,6697,-8009,0,0,2.859999895,-14.27999973,6.130000114,0.050000001,-0.07,1.409999967,41
56.06,6762,-8024,0,0,3.089999914,-8.479999542,-3.430000067,-0.050000001,-0.129999995,1.440000057,41
56.07,6789,-7954,0,0,1.360000014,-14.85000038,4.489999771,0.079999998,-0.039999999,1.460000038,41
56.08,6722,-7982,0,0,3.049999952,-12.25,-2.039999962,-0.039999999,-0.090000004,1.429999948,41
56.09,6815,-8081,0,0,2.410000086,-14.97000027,3.25999999,-0.150000006,-0.059999999,1.450000048,40
56.1,6710,-8059,0,0,1.75999999,-11.47000027,-1.639999986,-0.239999995,-0.079999998,1.419999957,40
56.11,6736,-8126,0,0,3.609999895,-14.11999989,4.510000229,-0.259999991,-0.090000004,1.440000057,40
56.12,6732,-8094,0,0,2.559999943,-7.420000076,-4.920000076,-0.360000014,-0.050000001,1.460000038,40
56.13,6750,-8018,0,0,4.179999828,-13.64000034,3.019999981,-0.119999997,-0.090000004,1.440000057,39
56.14,6722,-8014,0,0,0.639999986,-9.180000305,-6.619999886,-0.159999996,-0.029999999,1.450000048,39
56.15,6774,-8040,0,0,1.399999976,-14.48999977,-0.479999989,-0.01,-0.039999999,1.429999948,39
56.16,6744,-8039,0,0,1.919999957,-14.28999996,-1.049999952,-0.039999999,0.059999999,1.399999976,39
56.17,6802,-8114,0,0,2.369999886,-11.57999992,-1.75999999,-0.039999999,-0.029999999,1.429999948,39
56.18,6833,-8011,0,0,2.349999905,-14.19999981,-1.860000014,0,0.02,1.370000005,39
56.19,6745,-8019,0,0,3.329999924,-11.06000042,0.569999993,-0.200000003,-0.07,1.379999995,39
56.2,6819,-8097,0,0,2.960000038,-13.38000011,-6.329999924,-0.109999999,-0.029999999,1.279999971,39
56.21,6816,-8138,0,0,1.919999957,-13.31999969,1.669999957,-0.170000002,-0.129999995,1.330000043,39
56.22,6894,-8210,0,0,3.74000001,-16.43000031,-3.170000076,-0.029999999,-0.039999999,1.24000001,39
56.23,6903,-7814,0,0,2.880000114,-13.94999981,3.109999895,-0.029999999,-0.090000004,1.230000019,39
56.24,6820,-7670,0,0,5.909999847,-12.10000038,-1.470000029,0.039999999,-0.189999998,1.210000038,39
56.25,6979,-7920,0,0,7.949999809,-14.60000038,4.78000021,0.01,-0.209999993,1.190000057,39
56.26,6790,-7993,0,0,4.28000021,-13.02000046,-4.460000038,-0.02,-0.25,1.220000029,39
56.27,6770,-7962,0,0,6.559999943,-12.81999969,4.039999962,-0.119999997,-0.259999991,1.279999971,39
56.28,6900,-7878,0,0,3.079999924,-11.23999977,-10.64999962,-0.029999999,-0.140000001,1.200000048,39
56.29,6756,-7963,0,0,5.880000114,-10.98999977,-2.160000086,-0.219999999,-0.280000001,1.25999999,40
56.3,6794,-7891,0,0,-2.869999886,-12.77999973,-9.609999657,-0.140000001,-0.02,1.159999967,40
56.31,6797,-8055,0,0,2.940000057,-11.55000019,-6.039999962,-0.189999998,-0.209999993,1.230000019,40
56.32,6708,-8107,0,0,-1.690000057,-13.39000034,-5.110000134,-0.200000003,0.090000004,1.129999995,40
56.33,6770,-8006,0,0,0.419999987,-7.570000172,-6.460000038,-0.140000001,-0.050000001,1.279999971,40
56.34,6744,-7950,0,0,-1,-9.600000381,-0.670000017,-0.059999999,0.01,1.24000001,40
56.35,6836,-7945,0,0,-0.209999993,-9.510000229,-5.440000057,0.01,0.050000001,1.350000024,40
56.36,6774,-8035,0,0,-0.150000006,-11.02000046,-2.599999905,0,0.02,1.330000043,40
56.37,6777,-7985,0,0,0.079999998,-8.829999924,0.02,0.059999999,0.140000001,1.419999957,41
56.38,6836,-7992,0,0,3.5,-10.10000038,-1.139999986,0.109999999,-0.02,1.419999957,41
56.39,6706,-8025,0,0,7.650000095,-17.54000092,17.73999977,-0.259999991,-0.050000001,1.460000038,41
56.4,6738,-7976,0,0,1.220000029,-9.880000114,-3.130000114,-0.370000005,-0.189999998,1.450000048,41
56.41,6813,-8012,0,0,1.440000057,-13.86999989,7.329999924,-0.170000002,-0.150000006,1.419999957,41
56.42,6719,-8038,0,0,-0.759999991,-11.77999973,-5.929999828,-0.289999992,-0.01,1.299999952,41
56.43,6743,-7951,0,0,-3.880000114,-13.15999985,0.879999995,-0.07,-0.050000001,1.309999943,41
56.44,6785,-7924,0,0,1.059999943,-15.52000046,1.960000038,-0.119999997,-0.07,1.230000019,41
56.45,6722,-7880,0,0,-2.400000095,-12.03999996,1.360000014,-0.140000001,-0.050000001,1.25,41
56.46,6706,-7968,0,0,2.029999971,-13.88000011,0.910000026,-0.180000007,-0.129999995,1.230000019,41
56.47,6717,-8007,0,0,0.660000026,-12.01000023,1.889999986,-0.109999999,-0.029999999,1.25999999,41
56.48,6687,-7890,0,0,2.00999999,-12.72000027,-2.710000038,-0.079999998,-0.140000001,1.25999999,41
56.49,6686,-7952,0,0,3.160000086,-12.65999985,2.170000076,-0.01,-0.119999997,1.299999952,41
56.5,6708,-7858,0,0,3.089999914,-12.47000027,-4.460000038,0.039999999,-0.039999999,1.279999971,41
56.51,6654,-8020,0,0,3.089999914,-13.15999985,1,0,-0.100000002,1.309999943,41
56.52,6741,-7999,0,0,4.809999943,-12,-2.220000029,0,-0.029999999,1.289999962,41
56.53,6679,-7929,0,0,2.809999943,-14.85000038,5.889999866,-0.100000002,0,1.279999971,41
56.54,6782,-7913,0,0,4.269999981,-9.970000267,-3.559999943,-0.170000002,-0.170000002,1.330000043,41
56.55,6682,-7863,0,0,2.210000038,-14.17000008,6.539999962,-0.230000004,-0.109999999,1.309999943,41
56.56,6676,-7984,0,0,2.920000076,-8.590000153,-4.119999886,-0.259999991,-0.140000001,1.289999962,41
56.57,6655,-7956,0,0,3.039999962,-11.28999996,2.150000095,-0.25,-0.170000002,1.309999943,41
56.58,6651,-7911,0,0,3.99000001,-8.579999924,-6.769999981,-0.280000001,-0.159999996,1.24000001,41
56.59,6626,-7917,0,0,0.340000004,-8.210000038,-0.860000014,-0.140000001,-0.090000004,1.350000024,41
56.6,6744,-7944,0,0,5.650000095,-12.72000027,-8.649999619,0.090000004,-0.079999998,1.25,41
56.61,6599,-8017,0,0,4.510000229,-10.89000034,3.279999971,-0.029999999,-0.150000006,1.360000014,41
56.62,6697,-7967,0,0,4.650000095,-11.25,-6.349999905,0.050000001,-0.059999999,1.279999971,41
56.63,6717,-7869,0,0,1.870000005,-16.71999931,4.110000134,-0.050000001,-0.129999995,1.289999962,41
56.64,6606,-7819,0,0,4.349999905,-13.15999985,-5.039999962,-0.039999999,-0.059999999,1.25999999,41
56.65,6747,-7793,0,0,-1.059999943,-19.32999992,1.470000029,0.01,-0.039999999,1.169999957,41
56.66,6668,-7852,0,0,5.650000095,-12.97000027,1.850000024,-0.059999999,-0.07,1.230000019,41
56.67,6626,-7870,0,0,1.25999999,-19.21999931,3.440000057,-0.029999999,-0.059999999,1.129999995,41
56.68,6656,-7778,0,0,5.599999905,-12.02000046,2.819999933,-0.189999998,-0.189999998,1.25999999,41
56.69,6614,-7908,0,0,3.099999905,-14.32999992,3.289999962,-0.050000001,-0.150000006,1.190000057,41
56.7,6608,-7881,0,0,-0.879999995,-9.010000229,-5.710000038,-0.189999998,-0.07,1.309999943,41
56.71,6601,-7951,0,0,0.560000002,-11.84000015,-2.890000105,-0.02,-0.029999999,1.289999962,41
56.72,6640,-8029,0,0,-0.720000029,-10.10000038,-3.5,-0.029999999,0,1.299999952,41
56.73,6589,-7771,0,0,-3.119999886,-18.02000046,-1.340000033,0.100000002,0.029999999,1.25,41
56.74,6604,-7777,0,0,2.119999886,-15.51000023,6.300000191,-0.039999999,-0.050000001,1.279999971,41
56.75,6545,-7789,0,0,0.230000004,-13.31000042,2.480000019,0.079999998,-0.01,1.25,41
56.76,6579,-7854,0,0,0.419999987,-15.56999969,2.470000029,0.07,-0.100000002,1.24000001,41
56.77,6586,-7745,0,0,-0.550000012,-11.61999989,-0.970000029,-0.07,-0.029999999,1.289999962,41
56.78,6596,-7733,0,0,2.579999924,-16.05999947,-3.950000048,0.090000004,-0.090000004,1.279999971,41
56.79,6604,-7842,0,0,1.940000057,-10.13000011,-2.200000048,-0.119999997,-0.090000004,1.350000024,41
56.8,6561,-7869,0,0,0.74000001,-15.34000015,-4.079999924,0.02,-0.079999998,1.25,41
56.81,6605,-7914,0,0,2.769999981,-10.80000019,-1.539999962,-0.200000003,-0.119999997,1.360000014,41
56.82,6566,-7868,0,0,0.100000002,-16.5,-7.480000019,-0.02,0.029999999,1.24000001,41
56.83,6561,-7873,0,0,1.820000052,-11.27999973,-0.949999988,-0.219999999,-0.090000004,1.370000005,41
56.84,6577,-7798,0,0,-1.419999957,-15.86999989,-4.599999905,-0.050000001,0.039999999,1.25,41
56.85,6497,-7723,0,0,-0.270000011,-11.14000034,-2.529999971,-0.159999996,-0.029999999,1.350000024,41
56.86,6586,-7857,0,0,-1.799999952,-12.17000008,-1.529999971,-0.100000002,0.029999999,1.289999962,41
56.87,6457,-7815,0,0,-3.960000038,-10.47000027,-3.150000095,-0.059999999,0.050000001,1.399999976,41
56.88,6511,-7734,0,0,-1.309999943,-13.26000023,-1.460000038,0.029999999,-0.01,1.330000043,41
56.89,6570,-7702,0,0,-4.610000134,-11.77999973,2.049999952,-0.159999996,0.100000002,1.370000005,41
56.9,6547,-7845,0,0,5.670000076,-12.02999973,1.350000024,-0.079999998,-0.039999999,1.389999986,41
56.91,6519,-7782,0,0,-2.529999971,-17.34000015,9.18999958,-0.050000001,0.02,1.370000005,41
56.92,6677,-7709,0,0,2.069999933,-14.72000027,0.920000017,-0.159999996,-0.180000007,1.370000005,41
56.93,6458,-7693,0,0,-2.829999924,-17.77000046,8.949999809,-0.109999999,-0.039999999,1.299999952,41
56.94,6435,-7804,0,0,1.929999948,-14.38000011,-0.090000004,-0.189999998,-0.090000004,1.340000033,41
56.95,6451,-7733,0,0,-0.600000024,-15.75,3.660000086,-0.209999993,-0.07,1.279999971,41
56.96,6441,-7601,0,0,0.209999993,-11.85000038,0.870000005,-0.310000002,-0.189999998,1.330000043,41
56.97,6352,-7664,0,0,-1.720000029,-14.35000038,0.550000012,0.02,0.01,1.350000024,41
56.98,6475,-7667,0,0,1.620000005,-8.600000381,-2.170000076,0,-0.100000002,1.419999957,41
56.99,6327,-7748,0,0,0.730000019,-16.78000069,0.829999983,0.200000003,-0.02,1.399999976,41
57,6475,-7696,0,0,4.119999886,-14.11999989,2.970000029,0.119999997,-0.079999998,1.450000048,41
57.01,6453,-7598,0,0,-0.449999988,-18.05999947,5.5,0.109999999,0,1.419999957,40
57.02,6375,-7804,0,0,6.21999979,-11.46000004,-0.550000012,0,-0.109999999,1.50999999,40
57.03,6436,-7897,0,0,-0.230000004,-16.95000076,4.389999866,0,-0.039999999,1.470000029,39
57.04,6404,-7978,0,0,3.059999943,-16.09000015,3.710000038,-0.050000001,-0.170000002,1.450000048,39
57.05,6308,-7611,0,0,-1.950000048,-17.25,-1.379999995,-0.170000002,-0.119999997,1.370000005,39
57.06,6429,-7560,0,0,3.589999914,-18.31999969,0.219999999,-0.159999996,-0.050000001,1.350000024,39
57.07,6385,-7755,0,0,-0.550000012,-16.82999992,-5.630000114,0.029999999,-0.150000006,1.320000052,37
57.08,6258,-7700,0,0,-0.649999976,-20.06999969,1.210000038,0.090000004,0.07,1.379999995,37
57.09,6437,-7756,0,0,0.629999995,-14.5,-10.55000019,0.029999999,0.059999999,1.340000033,36
57.1,6421,-7656,0,0,2.519999981,-20.10000038,-1.269999981,0.209999993,0.079999998,1.450000048,36
57.11,6488,-7638,0,0,2.75999999,-12.65999985,-1.059999943,0.01,0.050000001,1.480000019,34
57.12,6683,-7715,0,0,4.269999981,-14.27999973,4.289999962,0.230000004,-0.100000002,1.480000019,34
57.13,6476,-7717,0,0,3.160000086,-17.20000076,-0.769999981,0.039999999,-0.109999999,1.399999976,34
57.14,6491,-7759,0,0,0.939999998,-18.22999954,-1.50999999,-0.039999999,-0.039999999,1.389999986,34
57.15,6462,-7537,0,0,1.299999952,-18.40999985,0.540000022,-0.170000002,-0.07,1.340000033,34
57.16,6304,-7598,0,0,0.910000026,-15.89000034,1.320000052,-0.150000006,-0.059999999,1.350000024,34
57.17,6381,-7721,0,0,2.420000076,-13.92000008,-5.909999847,-0.039999999,-0.109999999,1.320000052,34
57.18,6423,-7536,0,0,-0.319999993,-9.640000343,1.080000043,-0.109999999,0,1.419999957,34
57.19,6398,-7619,0,0,6.710000038,-13.03999996,0.189999998,0.170000002,0.02,1.450000048,34
57.2,6460,-7660,0,0,-0.810000002,-8.930000305,-2.440000057,0.059999999,-0.100000002,1.549999952,34
57.21,6511,-7680,0,0,4.659999847,-19.03000069,4.739999771,0.259999991,-0.119999997,1.470000029,34
57.22,6458,-7617,0,0,-2.75,-12.36999989,-0.790000022,-0.039999999,0.059999999,1.50999999,34
57.23,6540,-7631,0,0,-1.779999971,-16.95000076,-2.930000067,0.079999998,0.029999999,1.419999957,34
57.24,6429,-7641,0,0,-0.670000017,-14.96000004,5.019999981,0,0,1.440000057,34
57.25,6433,-7702,0,0,-2.549999952,-18.95999908,0.090000004,-0.02,0,1.350000024,34
57.26,6494,-7619,0,0,4.489999771,-15.94999981,8.890000343,-0.200000003,-0.039999999,1.409999967,34
57.27,6380,-7625,0,0,6.550000191,-11.85000038,5.710000038,-0.230000004,-0.01,1.379999995,34
57.28,6326,-7610,0,0,6.199999809,-8.600000381,-0.899999976,-0.310000002,-0.180000007,1.460000038,34
57.29,6321,-7840,0,0,11.03999996,-9.729999542,1.5,-0.379999995,-0.07,1.529999971,33
57.3,6282,-7858,0,0,4.460000038,-7.019999981,-12.56000042,-0.370000005,-0.140000001,1.549999952,33
57.31,6365,-7659,0,0,5.409999847,-13.14999962,-1.629999995,-0.01,-0.150000006,1.590000033,32
57.32,6415,-7651,0,0,2.49000001,-11.15999985,-11.94999981,0.100000002,0.119999997,1.519999981,32
57.33,6439,-7576,0,0,1.700000048,-14.23999977,-2.960000038,0.200000003,-0.090000004,1.529999971,30
57.34,6511,-7585,0,0,-2.059999943,-13.52000046,-1.789999962,0.180000007,0.180000007,1.480000019,30
57.35,6528,-7561,0,0,-0.589999974,-17.37999916,-5.179999828,0.209999993,0.039999999,1.419999957,27
57.36,6426,-7488,0,0,1.210000038,-19,6.269999981,0.129999995,0.01,1.419999957,27
57.37,6551,-7459,0,0,0.639999986,-17.12999916,5.539999962,-0.029999999,0.01,1.370000005,23
57.38,6393,-7465,0,0,3.970000029,-16.53000069,7.139999866,-0.07,-0.150000006,1.370000005,23
57.39,6309,-7453,0,0,3.910000086,-13.76000023,2.890000105,-0.280000001,-0.170000002,1.340000033,19
57.4,6365,-7464,0,0,3,-11.92000008,-3.210000038,-0.340000004,-0.100000002,1.330000043,19
57.41,6287,-7446,0,0,5.110000134,-10.06000042,-2.480000019,-0.180000007,-0.119999997,1.370000005,15
57.42,6378,-7444,0,0,0.090000004,-13.10999966,-5.199999809,-0.090000004,-0.07,1.309999943,15
57.43,6456,-7496,0,0,3.150000095,-7.590000153,-6.210000038,-0.07,-0.090000004,1.379999995,10
57.44,6401,-7418,0,0,0.150000006,-14.02999973,-4.5,0.090000004,0.079999998,1.230000019,10
57.45,6466,-7388,0,0,4.150000095,-10.39000034,-6.170000076,0,0.039999999,1.25999999,7
57.46,6512,-7354,0,0,1.450000048,-13.86999989,-1.700000048,-0.140000001,0,1.090000033,6
57.47,6457,-7340,0,0,1.450000048,-13.86999989,-1.700000048,-0.050000001,0.200000003,1.00999999,6
57.48,6572,-7234,0,0,-2.190000057,-16.27000046,-4.21999979,-0.050000001,0.200000003,1.00999999,6
57.49,6624,-7227,0,0,3.670000076,-15.28999996,-3.579999924,0,0.029999999,0.939999998,6
57.5,6590,-7325,0,0,1.00999999,-14.76000023,4.349999905,0,0.029999999,0.939999998,6
57.51,6859,-7282,0,0,2.859999895,-18.51000023,2.579999924,0.039999999,0.090000004,0.810000002,7
57.52,6833,-7225,0,0,-0.310000002,-17.25,2.930000067,0.039999999,0.090000004,0.810000002,7
57.53,6861,-7233,0,0,1.210000038,-16.06999969,-1.200000048,0.100000002,0,0.699999988,8
57.54,7112,-7300,0,0,-0.449999988,-17.86000061,0.389999986,0.100000002,0,0.699999988,8
57.55,7145,-7244,0,0,-3.25999999,-14.14000034,-5.53000021,0.129999995,0.02,0.560000002,10
57.56,7093,-7201,0,0,-0.259999991,-17.68000031,2.650000095,0.129999995,0.02,0.560000002,10
57.57,7118,-7315,0,0,-1.669999957,-16.43000031,-1.230000019,-0.02,-0.039999999,0.5,14
57.58,7123,-7232,0,0,3.140000105,-16.55999947,5.559999943,-0.02,-0.039999999,0.5,14
57.59,7099,-7197,0,0,2.49000001,-14.90999985,1.669999957,-0.02,-0.079999998,0.469999999,19
57.6,6854,-7189,0,0,-0.230000004,-14.90999985,-1.909999967,-0.02,-0.079999998,0.469999999,19
57.61,7066,-7254,0,0,0.219999999,-13.77999973,0.209999993,0.029999999,-0.02,0.469999999,24
57.62,7124,-7359,0,0,3.690000057,-11.38000011,-2.910000086,0.029999999,-0.02,0.469999999,24
57.63,7059,-7237,0,0,1.429999948,-10.96000004,0.870000005,0.050000001,-0.150000006,0.49000001,28
57.64,7100,-7278,0,0,0.170000002,-9.680000305,-3.400000095,0.050000001,-0.150000006,0.49000001,28
57.65,7084,-7440,0,0,0.550000012,-11.68000031,2.269999981,-0.090000004,0.02,0.439999998,32
57.66,7048,-7376,0,0,-2.809999943,-15.11999989,-2.150000095,-0.090000004,0.02,0.439999998,32
57.67,6964,-7373,0,0,-0.550000012,-10.39000034,-3.079999924,-0.079999998,0.01,0.449999988,36
57.68,6904,-7505,0,0,-2.569999933,-11.85000038,-3.329999924,-0.079999998,0.01,0.449999988,36
57.69,6953,-7520,0,0,-3.470000029,-10.39000034,-1.360000014,-0.170000002,0,0.540000022,40
57.7,6744,-7521,0,0,0.469999999,-10.19999981,4.659999847,-0.170000002,0,0.540000022,40
57.71,6697,-7471,0,0,-3.24000001,-10.68999958,2.859999895,-0.100000002,-0.119999997,0.629999995,42
57.72,6755,-7596,0,0,1.850000024,-10.67000008,4.570000172,-0.100000002,-0.119999997,0.629999995,42
57.73,6659,-7773,0,0,-0.800000012,-9.390000343,2.75999999,-0.059999999,-0.039999999,0.730000019,42
57.74,6696,-7722,0,0,0.479999989,-9.340000153,-1.100000024,-0.059999999,-0.039999999,0.730000019,42
57.75,6786,-7621,0,0,-0.810000002,-8.409999847,-1.120000005,-0.01,-0.029999999,0.829999983,43
57.76,6639,-7708,0,0,2.210000038,-8.550000191,-4.179999828,-0.01,-0.029999999,0.829999983,43
57.77,6713,-7853,0,0,1.200000048,-10.30000019,1.230000019,-0.119999997,-0.039999999,0.930000007,43
57.78,6646,-7945,0,0,4.110000134,-6.809999943,0.670000017,-0.119999997,-0.039999999,0.930000007,43
57.79,6692,-7663,0,0,4.150000095,-9.829999924,5.829999924,-0.100000002,-0.189999998,1,43
57.8,6606,-7639,0,0,3.730000019,-7.730000019,-0.980000019,-0.100000002,-0.189999998,1,43
57.81,6608,-7833,0,0,4.659999847,-9.989999771,2.710000038,-0.029999999,-0.039999999,1.039999962,43
57.82,6557,-7825,0,0,1.279999971,-9.199999809,-5.010000229,-0.029999999,-0.039999999,1.039999962,43
57.83,6553,-7829,0,0,4.409999847,-9.25,-2.390000105,-0.01,-0.01,1.090000033,43
57.84,6559,-7710,0,0,-2.430000067,-8.670000076,-3.400000095,-0.01,-0.01,1.090000033,43
57.85,6577,-7770,0,0,2.170000076,-9.479999542,-5.150000095,0.079999998,-0.07,1.159999967,43
57.86,6567,-7913,0,0,-2.269999981,-9.989999771,-2.210000038,0.02,0.059999999,1.190000057,43
57.87,6607,-7879,0,0,2.049999952,-9.789999962,-3.49000001,0,-0.059999999,1.24000001,43
57.88,6566,-7872,0,0,1.389999986,-12.69999981,5.75,0,-0.059999999,1.24000001,43
57.89,6553,-7770,0,0,1.919999957,-13.35000038,2.430000067,-0.07,-0.02,1.269999981,43
57.9,6502,-7813,0,0,0.569999993,-14.03999996,0.819999993,-0.07,-0.02,1.269999981,43
57.91,6585,-7896,0,0,6.349999905,-12.84000015,0,-0.02,-0.02,1.350000024,43
57.92,6546,-7810,0,0,1.370000005,-12.23999977,0.289999992,-0.02,-0.02,1.350000024,43
57.93,6525,-7903,0,0,3.170000076,-11.38000011,-1.370000005,0.090000004,0.059999999,1.370000005,43
57.94,6497,-7949,0,0,0.200000003,-14.02000046,-3.069999933,0.090000004,0.059999999,1.370000005,43
57.95,6434,-7877,0,0,-0.430000007,-13.59000015,-3.950000048,-0.01,0.109999999,1.389999986,43
57.96,6536,-8033,0,0,-0.090000004,-15.81999969,0.769999981,-0.01,0.109999999,1.389999986,43
57.97,6461,-8029,0,0,-2.039999962,-14.15999985,-5.989999771,0.050000001,0.039999999,1.450000048,43
57.98,6536,-7953,0,0,-0.140000001,-17.12999916,4.619999886,0.050000001,0.039999999,1.450000048,43
57.99,6574,-7891,0,0,-0.430000007,-12.93000031,-0.620000005,0.059999999,0.01,1.480000019,43
58,6477,-7997,0,0,0.079999998,-16.28000069,1.070000052,0.059999999,0.01,1.480000019,43
58.01,6499,-8035,0,0,1.220000029,-13.77000046,-3.880000114,-0.02,0,1.49000001,43
58.02,6542,-8002,0,0,1.389999986,-16.60000038,0.689999998,-0.02,0,1.49000001,43
58.03,6479,-8048,0,0,2.480000019,-11.10999966,-1.279999971,0,-0.029999999,1.519999981,43
58.04,6528,-8010,0,0,2.99000001,-12.15999985,-5.489999771,0,-0.029999999,1.519999981,43
58.05,6498,-7962,0,0,1.570000052,-9.31000042,2.039999962,-0.050000001,-0.090000004,1.529999971,43
58.06,6438,-8067,0,0,4.159999847,-11.30000019,-5.329999924,-0.050000001,-0.090000004,1.529999971,43
58.07,6488,-7974,0,0,-2.809999943,-15.84000015,1.00999999,0.02,-0.100000002,1.529999971,42
58.08,6455,-7951,0,0,7,-15.35000038,0.039999999,0.109999999,-0.140000001,1.5,42
58.09,6414,-7804,0,0,-0.409999996,-17.72999954,2.25,0.109999999,-0.200000003,1.480000019,41
58.1,6524,-7869,0,0,6.96999979,-16.89999962,2.670000076,0.109999999,-0.200000003,1.480000019,41
58.11,6427,-7896,0,0,4.840000153,-17.29000092,2.190000057,-0.100000002,-0.059999999,1.49000001,39
58.12,6390,-7906,0,0,3.160000086,-16.37999916,-4.360000134,-0.100000002,-0.059999999,1.49000001,39
58.13,6479,-7927,0,0,3.619999886,-14.18000031,-4.329999924,-0.050000001,-0.02,1.549999952,36
58.14,6445,-7840,0,0,3.75,-12.52000046,-2.630000114,-0.050000001,-0.02,1.549999952,33
58.15,6455,-7891,0,0,2.940000057,-15.13000011,-4.420000076,-0.07,0,1.559999943,33
58.16,6478,-7920,0,0,5.480000019,-9.369999886,0.090000004,-0.109999999,0,1.639999986,33
58.17,6450,-7864,0,0,5.820000172,-14.78999996,1.940000057,0.02,-0.02,1.610000014,31
58.18,6537,-7793,0,0,2.539999962,-8.300000191,-3.75999999,-0.02,-0.050000001,1.669999957,31
58.19,6565,-7780,0,0,2.980000019,-13.30000019,1.480000019,0.050000001,0.059999999,1.559999943,31
58.2,6497,-7783,0,0,-0.02,-13.42000008,-5.070000172,0.050000001,0.059999999,1.559999943,31
58.21,6634,-7797,0,0,2.420000076,-14.39999962,-2.069999933,-0.159999996,0.109999999,1.50999999,31
58.22,6566,-7776,0,0,-0.150000006,-13.19999981,1.779999971,-0.159999996,0.109999999,1.50999999,31
58.23,6552,-7740,0,0,2.49000001,-12.81000042,1.929999948,-0.079999998,-0.029999999,1.440000057,31
58.24,6678,-7837,0,0,2.24000001,-14.73999977,0.49000001,-0.079999998,-0.029999999,1.440000057,31
58.25,6677,-7807,0,0,3.109999895,-13.40999985,4.110000134,-0.119999997,-0.039999999,1.399999976,31
58.26,6598,-7790,0,0,1.879999995,-13.60000038,0.419999987,-0.119999997,-0.039999999,1.399999976,31
58.27,6703,-7838,0,0,3.809999943,-15.22000027,0.439999998,0.02,-0.079999998,1.389999986,31
58.28,6741,-7715,0,0,1.860000014,-16.13999939,-0.180000007,0.02,-0.07,1.350000024,31
58.29,6684,-7798,0,0,1.99000001,-13.43999958,2.210000038,0.01,-0.090000004,1.399999976,31
58.3,6701,-7790,0,0,4.570000172,-11.52000046,0.01,0.01,-0.090000004,1.399999976,31
58.31,6685,-7801,0,0,2.180000067,-14.13000011,2.049999952,-0.029999999,-0.109999999,1.399999976,31
58.32,6669,-7733,0,0,2.400000095,-13.35000038,0.189999998,-0.029999999,-0.109999999,1.399999976,31
58.33,6648,-7789,0,0,2.75,-12.65999985,2.609999895,-0.109999999,-0.090000004,1.389999986,31
58.34,6721,-7916,0,0,3.049999952,-12.56000042,-4,-0.109999999,-0.090000004,1.389999986,31
58.35,6693,-7900,0,0,3.579999924,-12.60999966,3.190000057,-0.159999996,-0.029999999,1.330000043,31
58.36,6702,-7875,0,0,2,-12.18999958,-2.829999924,-0.159999996,-0.029999999,1.330000043,31
58.37,6747,-7871,0,0,2.210000038,-12.06000042,0.360000014,-0.140000001,-0.050000001,1.25,31
58.38,6767,-7943,0,0,3.349999905,-16.10000038,-3.519999981,-0.140000001,-0.050000001,1.25,31
58.39,6756,-8030,0,0,0.639999986,-11.11999989,-4.550000191,0.07,-0.039999999,1.25999999,31
58.4,6847,-7917,0,0,5.349999905,-13.97000027,0.639999986,0.07,-0.039999999,1.25999999,31
58.41,6912,-7841,0,0,0.209999993,-12.14000034,-1.549999952,0.079999998,-0.01,1.299999952,31
58.42,6892,-7888,0,0,5.139999866,-13.88000011,-4.730000019,0.079999998,-0.01,1.299999952,31
58.43,6946,-7888,0,0,1.389999986,-12.97999954,1.860000014,0.02,-0.090000004,1.299999952,31
58.44,6991,-8000,0,0,4.71999979,-13.15999985,-1.679999948,0.02,-0.090000004,1.299999952,31
58.45,7012,-8011,0,0,3.210000038,-14.35000038,0.5,-0.029999999,-0.050000001,1.230000019,32
58.46,7128,-8052,0,0,2.75999999,-16.06999969,-1.919999957,-0.029999999,-0.050000001,1.230000019,32
58.47,7119,-8094,0,0,4.610000134,-13.75,-0.200000003,-0.090000004,0,1.179999948,32
58.48,7034,-8056,0,0,1.700000048,-16.30999947,-2.940000057,-0.090000004,0,1.179999948,32
58.49,7044,-8229,0,0,7.090000153,-15.56999969,-2.49000001,-0.100000002,0.029999999,1.169999957,32
58.5,7172,-8066,0,0,1.389999986,-11.64000034,-3.039999962,-0.100000002,0.029999999,1.169999957,32
58.51,7254,-7980,0,0,5.820000172,-13.18000031,-1.190000057,-0.050000001,-0.02,1.210000038,32
58.52,7313,-8019,0,0,2.849999905,-10.5,-1.669999957,-0.050000001,-0.02,1.210000038,32
58.53,7364,-8052,0,0,2.549999952,-14.35000038,0.779999971,-0.109999999,-0.02,1.200000048,32
58.54,7033,-8182,0,0,2.559999943,-11.82999992,-0.970000029,-0.109999999,-0.02,1.200000048,32
58.55,6823,-8165,0,0,3.049999952,-14.31000042,-0.699999988,-0.050000001,-0.059999999,1.169999957,32
58.56,6994,-8176,0,0,5.139999866,-14.03999996,0.479999989,-0.050000001,-0.059999999,1.169999957,32
58.57,7252,-8055,0,0,1.549999952,-11.72999954,3.50999999,0.219999999,0,1.159999967,31
58.58,7329,-7981,0,0,-0.270000011,-15.52999973,-0.270000011,0.219999999,0,1.159999967,31
58.59,7360,-7960,0,0,1.460000038,-16.04999924,-0.569999993,0.079999998,-0.01,1.090000033,31
58.6,7532,-7960,0,0,0.430000007,-17.72999954,3.450000048,0.079999998,-0.01,1.090000033,31
58.61,7502,-8139,0,0,-0.259999991,-14.27999973,0.01,-0.090000004,-0.079999998,1.049999952,31
58.62,7490,-8093,0,0,3.549999952,-16.96999931,1.470000029,-0.090000004,-0.079999998,1.049999952,31
58.63,7424,-7854,0,0,-1.379999995,-12.68000031,-1.419999957,-0.129999995,-0.090000004,1.039999962,30
58.64,7324,-8062,0,0,5.800000191,-12.73999977,-0.349999994,-0.129999995,-0.090000004,1.039999962,30
58.65,7375,-8272,0,0,1.75999999,-14.77999973,-0.790000022,-0.090000004,-0.050000001,1.090000033,30
58.66,7303,-8331,0,0,1.950000048,-16.12000084,0.300000012,-0.090000004,-0.050000001,1.090000033,30
58.67,7324,-8177,0,0,1.429999948,-14.07999992,-1.779999971,0.029999999,0.090000004,1.049999952,30
58.68,7509,-8074,0,0,2.789999962,-17.40999985,-2.380000114,0.029999999,0.090000004,1.049999952,30
58.69,7555,-8245,0,0,2.950000048,-11.65999985,-4.980000019,-0.029999999,0.02,1.090000033,30
58.7,7518,-8236,0,0,3.299999952,-15.53999996,1.75,-0.029999999,0.02,1.090000033,30
58.71,7571,-8213,0,0,5.510000229,-13.98999977,-4.889999866,0.200000003,-0.02,0.980000019,30
58.72,7937,-8164,0,0,-0.49000001,-22.04999924,-6.019999981,0.200000003,-0.02,0.980000019,30
58.73,7982,-8074,0,0,1.179999948,0.029999999,-2.720000029,-0.25,-0.119999997,1.179999948,31
58.74,7925,-8184,0,0,-3.410000086,-13.73999977,-14.59000015,0.289999992,0.059999999,0.850000024,31
58.75,8017,-8167,0,0,2.619999886,-7.269999981,-3.970000029,-0.079999998,-0.090000004,0.860000014,31
58.76,8181,-8352,0,0,2.349999905,-13.05000019,-5.309999943,-0.079999998,-0.090000004,0.860000014,31
58.77,8580,-8537,0,0,6.199999809,-12.52000046,6.070000172,-0.029999999,-0.059999999,1.059999943,31
58.78,8876,-8065,0,0,0.430000007,-13.72999954,-4.25,-0.100000002,-0.029999999,0.920000017,31
58.79,9101,-7923,0,0,6.369999886,-13.03999996,10.05000019,-0.300000012,-0.079999998,0.75,31
58.8,9023,-8284,0,0,-1.279999971,-10.46000004,-10.06999969,-0.300000012,-0.079999998,0.75,31
58.81,8981,-8333,0,0,-2.059999943,-10.89000034,-1.25,-0.389999986,-0.090000004,0.879999995,32
58.82,8762,-8381,0,0,-2.670000076,-11.18999958,-4.849999905,-0.340000004,-0.050000001,0.680000007,32
58.83,8615,-8425,0,0,-1.100000024,-11.14999962,2.059999943,-0.239999995,-0.119999997,0.639999986,33
58.84,8394,-8369,0,0,2.630000114,-12.73999977,-0.200000003,-0.239999995,-0.119999997,0.639999986,33
58.85,8403,-8394,0,0,-0.879999995,-11.18999958,3.920000076,-0.109999999,0.02,0.670000017,33
58.86,8395,-8338,0,0,5.389999866,-13.63000011,0.159999996,-0.029999999,-0.140000001,0.610000014,33
58.87,8458,-8338,0,0,1.120000005,-15.5,4.78000021,-0.109999999,-0.090000004,0.660000026,33
58.88,8245,-8516,0,0,7.099999905,-11.03999996,3.109999895,-0.109999999,-0.090000004,0.660000026,33
58.89,8113,-8519,0,0,1.110000014,-18.72999954,2.930000067,-0.109999999,-0.039999999,0.660000026,33
58.9,7973,-8410,0,0,3.789999962,-13.55000019,1.320000052,-0.109999999,-0.039999999,0.660000026,33
58.91,7904,-8398,0,0,2.859999895,-10.75,-1.789999962,-0.01,-0.039999999,0.74000001,33
58.92,7918,-8408,0,0,4.829999924,-5.21999979,-1.889999986,-0.01,-0.039999999,0.74000001,33
58.93,7872,-8562,0,0,1.49000001,-13.78999996,3.309999943,-0.219999999,-0.07,0.800000012,32
58.94,7780,-8520,0,0,4.940000057,-10.01000023,6.690000057,-0.219999999,-0.07,0.800000012,32
58.95,7569,-8538,0,0,5.119999886,-10.56999969,1.059999943,-0.029999999,0,0.779999971,32
58.96,7675,-8569,0,0,4,-8.390000343,-3.190000057,-0.029999999,0,0.779999971,32
58.97,7808,-8635,0,0,2.700000048,-9.399999619,-0.610000014,0,0.039999999,0.800000012,32
58.98,7800,-8578,0,0,2.839999914,-10.77000046,0.620000005,0,0.039999999,0.800000012,32
58.99,7691,-8491,0,0,1.99000001,-11.52000046,-0.980000019,-0.100000002,0,0.800000012,31
59,7637,-8562,0,0,4.460000038,-9.880000114,2.380000114,-0.100000002,0,0.800000012,31
59.01,7819,-8623,0,0,4.28000021,-9.550000191,0.119999997,-0.029999999,-0.01,0.819999993,31
59.02,7765,-8606,0,0,-0.340000004,-11.5,-2.849999905,-0.029999999,-0.01,0.819999993,31
59.03,7757,-8515,0,0,5.579999924,-9.170000076,-2.049999952,0.100000002,0.02,0.819999993,31
59.04,7801,-8574,0,0,3.089999914,-9.090000153,-0.980000019,0.100000002,0.02,0.819999993,31
59.05,7927,-8623,0,0,1.480000019,-9.31000042,-1.320000052,0.029999999,-0.01,0.899999976,31
59.06,8064,-8590,0,0,4.260000229,-8.140000343,1.440000057,0.029999999,-0.01,0.899999976,31
59.07,7992,-8680,0,0,2.900000095,-10.22000027,3.720000029,-0.02,0,0.899999976,31
59.08,7763,-8834,0,0,6.889999866,-9.859999657,1.149999976,-0.079999998,-0.100000002,0.930000007,31
59.09,7747,-8759,0,0,2.769999981,-12.39999962,5.019999981,-0.180000007,-0.050000001,0.910000026,31
59.1,7819,-8657,0,0,6.03000021,-9.449999809,-1,-0.180000007,-0.050000001,0.910000026,31
59.11,7847,-8674,0,0,3.710000038,-10.36999989,-1.460000038,0.029999999,-0.109999999,0.939999998,30
59.12,7955,-8768,0,0,8.390000343,-9.109999657,-2.559999943,0.029999999,-0.109999999,0.939999998,30
59.13,8039,-8703,0,0,3.5,-11.42000008,3.339999914,0.100000002,-0.029999999,0.939999998,28
59.14,8056,-8746,0,0,7.760000229,-9.239999771,0.589999974,0.059999999,-0.059999999,0.959999979,28
59.15,8045,-8672,0,0,4.269999981,-11.36999989,1.350000024,-0.029999999,-0.039999999,0.899999976,26
59.16,8049,-8758,0,0,5.070000172,-11.03999996,-2.309999943,-0.029999999,-0.039999999,0.899999976,26
59.17,8036,-8622,0,0,6.570000172,-12.77000046,-0.629999995,-0.079999998,0.039999999,0.839999974,23
59.18,7988,-8638,0,0,2.470000029,-11.89999962,-1.419999957,-0.079999998,0.039999999,0.839999974,23
59.19,8035,-8709,0,0,4.610000134,-10.38000011,-0.949999988,-0.170000002,0.07,0.75,20
59.2,8026,-8752,0,0,2.390000105,-10.47000027,-1.220000029,-0.170000002,0.07,0.75,20
59.21,8198,-8710,0,0,3.190000057,-6.130000114,-6.769999981,-0.140000001,0.029999999,0.74000001,18
59.22,8287,-8720,0,0,0.430000007,-9.369999886,-3.700000048,0,-0.01,0.680000007,18
59.23,8381,-8682,0,0,2.519999981,-9.819999695,3.710000038,-0.050000001,-0.01,0.589999974,16
59.24,8265,-8665,0,0,1.879999995,-10.56999969,2.809999943,-0.050000001,-0.01,0.589999974,16
59.25,8179,-8662,0,0,3.089999914,-9.140000343,1.320000052,-0.100000002,-0.02,0.479999989,15
59.26,8297,-8645,0,0,3.420000076,-9.229999542,0.200000003,-0.100000002,-0.02,0.479999989,15
59.27,8365,-8680,0,0,1.600000024,-8.789999962,-0.090000004,-0.159999996,-0.059999999,0.400000006,14
59.28,8444,-8757,0,0,4.179999828,-7.139999866,0.379999995,-0.180000007,-0.01,0.409999996,14
59.29,8361,-8782,0,0,3.599999905,-7.400000095,-0.02,-0.090000004,-0.029999999,0.340000004,13
59.3,8457,-8709,0,0,5.309999943,-6.309999943,-0.889999986,0,0.01,0.300000012,13
59.31,8479,-8742,0,0,3.980000019,-5.46999979,0.589999974,0,0.01,0.300000012,11
59.32,8587,-8758,0,0,6.099999905,-5.010000229,0.239999995,0,0.01,0.300000012,11
59.33,8550,-8774,0,0,3.650000095,-5.75,2.410000086,-0.07,-0.02,0.219999999,10
59.34,8495,-8818,0,0,6.659999847,-5.099999905,2.910000086,-0.07,-0.02,0.219999999,10
59.35,8576,-8795,0,0,4.880000114,-5.210000038,-0.589999974,-0.119999997,-0.029999999,0.170000002,9
59.36,8653,-8812,0,0,6.389999866,-2.829999924,-1.679999948,-0.119999997,-0.029999999,0.170000002,9
59.37,8687,-8945,0,0,5.860000134,-2.730000019,-0.699999988,0,-0.01,0.129999995,9
59.38,8721,-8938,0,0,5.960000038,-2.200000048,0.540000022,0,-0.01,0.129999995,9
59.39,8908,-9052,0,0,3.720000029,-0.460000008,-1.440000057,0.050000001,0.029999999,0.079999998,8
59.4,9055,-9104,0,0,5.760000229,-2.440000057,-3.5,0.050000001,0.029999999,0.079999998,8
59.41,9037,-8967,0,0,1.75999999,-1.330000043,-2.890000105,0.01,-0.079999998,0.090000004,8
59.42,9038,-9021,0,0,7.920000076,-0.790000022,-0.090000004,0.01,-0.079999998,0.090000004,8
59.43,8847,-9028,0,0,2.170000076,-1.129999995,2.390000105,0,-0.189999998,0.100000002,9
59.44,8829,-8923,0,0,5.420000076,-1.830000043,2.829999924,0,-0.189999998,0.100000002,9
59.45,8926,-9014,0,0,2.359999895,-2.450000048,-0.839999974,-0.02,-0.07,0.119999997,9
59.46,8919,-9120,0,0,5.28000021,-2.019999981,-4.679999828,-0.02,-0.07,0.119999997,9
59.47,8803,-9149,0,0,0.639999986,-2.109999895,-2.579999924,-0.02,-0.090000004,0.150000006,9
59.48,8870,-9123,0,0,6.309999943,-2.49000001,-0.430000007,-0.02,-0.090000004,0.150000006,9
59.49,8948,-9199,0,0,0.310000002,-0.949999988,-1.289999962,0.07,-0.140000001,0.209999993,9
59.5,8941,-9204,0,0,3.140000105,-1.149999976,-1.950000048,0.07,-0.140000001,0.209999993,9
59.51,8899,-9189,0,0,-1.519999981,-0.980000019,1.100000024,0.07,-0.090000004,0.219999999,9
59.52,8921,-9238,0,0,5.380000114,-3.089999914,0,0.07,-0.090000004,0.219999999,9
59.53,8996,-9225,0,0,-0.899999976,-2.49000001,-4.940000057,0,-0.02,0.230000004,9
59.54,9072,-9229,0,0,4.340000153,-3.299999952,-0.119999997,0,-0.02,0.230000004,9
59.55,9087,-9348,0,0,4.900000095,-3.99000001,5.739999771,-0.059999999,0.050000001,0.219999999,9
59.56,9072,-9393,0,0,4.03000021,-2.99000001,-0.469999999,-0.059999999,0.050000001,0.219999999,9
59.57,9119,-9334,0,0,2.019999981,-3.569999933,-1.720000029,0,0.170000002,0.200000003,9
59.58,9215,-9433,0,0,3.00999999,-3.25999999,-4.369999886,0,0.170000002,0.200000003,9
59.59,9231,-9441,0,0,-0.790000022,-2.349999905,-3.789999962,0.079999998,0.07,0.209999993,9
59.6,9138,-9456,0,0,2.630000114,-4.230000019,5.460000038,0.079999998,0.07,0.209999993,9
59.61,9209,-9438,0,0,2.059999943,-3.410000086,5.679999828,0,-0.07,0.200000003,9
59.62,9261,-9441,0,0,6.699999809,-4.400000095,5.369999886,0,-0.07,0.200000003,9
59.63,9275,-9419,0,0,1.549999952,-3.579999924,6.019999981,-0.02,-0.059999999,0.189999998,9
59.64,9214,-9448,0,0,5.400000095,-3.299999952,-0.159999996,-0.02,-0.059999999,0.189999998,9
59.65,9155,-9398,0,0,2.119999886,-2.980000019,1.830000043,0,-0.079999998,0.180000007,9
59.66,9214,-9390,0,0,3.200000048,-3.109999895,-1.399999976,0,-0.079999998,0.180000007,9
59.67,9143,-9386,0,0,-0.819999993,-2.190000057,-1.25,0.039999999,-0.050000001,0.180000007,9
59.68,9165,-9376,0,0,2.569999933,-3.170000076,0.670000017,0.039999999,-0.050000001,0.180000007,9
59.69,9055,-9273,0,0,-1.690000057,-2.690000057,1.909999967,-0.029999999,-0.119999997,0.180000007,9
59.7,9033,-9265,0,0,1.769999981,-2.799999952,2.380000114,-0.029999999,-0.119999997,0.180000007,9
59.71,9011,-9131,0,0,-3.089999914,-3.329999924,0.829999983,-0.100000002,-0.090000004,0.170000002,9
59.72,9123,-9320,0,0,1.370000005,-2.25,0.230000004,-0.100000002,-0.090000004,0.170000002,9
59.73,9089,-9257,0,0,-4.380000114,-3.599999905,1.059999943,-0.079999998,-0.159999996,0.159999996,8
59.74,9114,-9267,0,0,0.560000002,-2.440000057,1.49000001,-0.079999998,-0.159999996,0.159999996,8
59.75,9096,-9232,0,0,-5.070000172,-1.169999957,-2.950000048,0.02,-0.140000001,0.140000001,8
59.76,9074,-9310,0,0,0.209999993,-1.149999976,-3.380000114,0.02,-0.140000001,0.140000001,8
59.77,9032,-9109,0,0,-5.659999847,-1.830000043,3.680000067,0.01,-0.100000002,0.109999999,7
59.78,8911,-9102,0,0,1.700000048,-1.99000001,0.819999993,0.01,-0.100000002,0.109999999,7
59.79,8889,-9060,0,0,-7.03000021,-2.410000086,0.039999999,0.050000001,-0.150000006,0.100000002,7
59.8,8945,-9080,0,0,2.339999914,-1.399999976,-1.149999976,0.050000001,-0.150000006,0.100000002,7
59.81,9138,-9106,0,0,-4.269999981,-2.609999895,4.880000114,-0.090000004,-0.119999997,0.090000004,6
59.82,9070,-9123,0,0,-0.519999981,-0.050000001,-3.769999981,-0.090000004,-0.119999997,0.090000004,6
59.83,8922,-9090,0,0,-6.449999809,-1.110000014,1.590000033,-0.079999998,-0.029999999,0.07,5
59.84,8845,-9023,0,0,-2.950000048,0.300000012,-6.400000095,-0.079999998,-0.029999999,0.07,5
59.85,8975,-8998,0,0,-8.130000114,-0.870000005,0.930000007,-0.039999999,0,0.02,4
59.86,8972,-8973,0,0,-4.820000172,-0.310000002,1.590000033,-0.039999999,0,0.02,4
59.87,8860,-8825,0,0,-7.809999943,-1.549999952,4.519999981,-0.109999999,0.02,-0.01,3
59.88,8635,-8704,0,0,-5.699999809,0.07,3.799999952,-0.109999999,0.02,-0.01,3
59.89,8696,-8678,0,0,-5.400000095,-0.759999991,4.760000229,-0.050000001,-0.07,-0.050000001,3
59.9,8939,-8660,0,0,-5.110000134,0.280000001,3.569999933,-0.050000001,-0.07,-0.050000001,3
59.91,8877,-8657,0,0,-5.820000172,-0.259999991,1.730000019,-0.119999997,-0.119999997,-0.079999998,2
59.92,8889,-8957,0,0,-4.71999979,0.239999995,1.919999957,-0.119999997,-0.119999997,-0.079999998,2
59.93,8894,-8967,0,0,-8.539999962,0.639999986,3.450000048,0,0.059999999,-0.109999999,2
59.94,8789,-8783,0,0,-6.900000095,1,3.450000048,0,0.059999999,-0.109999999,2
59.95,8589,-8629,0,0,-9.850000381,1.139999986,-4.940000057,0,0.270000011,-0.129999995,2
59.96,8475,-8572,0,0,-2.619999886,0.270000011,2.619999886,0.059999999,0.159999996,-0.109999999,2
59.97,8466,-8525,0,0,-6.840000153,1.629999995,6.099999905,0,-0.090000004,-0.109999999,2
59.98,8631,-8481,0,0,-3.799999952,1.24000001,8.010000229,0,-0.090000004,-0.109999999,2
59.99,8575,-8443,0,0,-5.519999981,1.519999981,7.460000038,-0.039999999,0,-0.129999995,2
60,8500,-8409,0,0,-4.110000134,1.75,-4.309999943,-0.039999999,0,-0.129999995,2
60.01,8474,-8410,0,0,-4.360000134,1.24000001,-2.99000001,-0.059999999,0.01,-0.140000001,1
60.02,8521,-8387,0,0,-5.860000134,2.589999914,-5.590000153,-0.059999999,0.01,-0.140000001,1
60.03,8464,-8357,0,0,-6.849999905,2.349999905,-2.450000048,-0.050000001,0.01,-0.150000006,0
60.04,8348,-8226,0,0,-4.769999981,2.980000019,1.330000043,-0.050000001,0.01,-0.150000006,0
60.05,8227,-8156,0,0,0.090000004,2.390000105,14.36999989,-0.02,-0.270000011,-0.180000007,0
60.06,8168,-8095,0,0,-1.889999986,2.029999971,11.84000015,-0.02,-0.270000011,-0.180000007,0
60.07,8329,-8079,0,0,-2.460000038,1.960000038,0.75,-0.02,-0.129999995,-0.200000003,-1
60.08,8383,-8055,0,0,-4.369999886,1.870000005,-8.420000076,-0.02,-0.129999995,-0.200000003,-1
60.09,8272,-8026,0,0,-4.590000153,2.769999981,-5.730000019,0.029999999,-0.07,-0.239999995,-3
60.1,8197,-8035,0,0,-4.710000038,2.109999895,-6.889999866,0.029999999,-0.07,-0.239999995,-3
60.11,8274,-8048,0,0,-4.46999979,4.360000134,-8.489999771,0.01,-0.029999999,-0.300000012,-5
60.12,8274,-8009,0,0,-6.28000021,2.829999924,-5.71999979,0.01,-0.029999999,-0.300000012,-5
60.13,8218,-7922,0,0,-6.929999828,3.559999943,-5.309999943,0.01,0.059999999,-0.360000014,-6
60.14,8105,-7860,0,0,-9.859999657,4.309999943,-4.5,0.01,0.059999999,-0.360000014,-6
60.15,8005,-7766,0,0,-6.690000057,5.539999962,-3.029999971,-0.029999999,0.170000002,-0.430000007,-7
60.16,8014,-7678,0,0,-7.139999866,5.849999905,1.299999952,-0.029999999,0.170000002,-0.430000007,-7
60.17,8070,-7618,0,0,-4.320000172,6.159999847,-0.259999991,-0.109999999,-0.01,-0.479999989,-9
60.18,8097,-7603,0,0,-6.269999981,4.789999962,5.289999962,-0.109999999,-0.01,-0.479999989,-9
60.19,8038,-7557,0,0,-7.239999771,6.25,4.329999924,-0.150000006,0.02,-0.519999981,-12
60.2,7951,-7385,0,0,-4.03000021,6.730000019,1.960000038,-0.150000006,0.02,-0.519999981,-14
60.21,8068,-7463,0,0,-5.400000095,7.789999962,1.289999962,-0.029999999,-0.159999996,-0.569999993,-14
60.22,8039,-7541,0,0,-5.360000134,7.760000229,1.529999971,-0.029999999,-0.159999996,-0.569999993,-14
60.23,7989,-7510,0,0,-7.449999809,7.010000229,0.509999991,-0.01,-0.059999999,-0.660000026,-14
60.24,7862,-7398,0,0,-7.409999847,8.520000458,-1.360000014,-0.01,-0.059999999,-0.660000026,-14
60.25,7836,-7284,0,0,-4.989999771,7.360000134,0.910000026,-0.079999998,0.02,-0.75,-14
60.26,7984,-7216,0,0,-7.980000019,8.609999657,-2.319999933,-0.079999998,0.02,-0.75,-14
60.27,7835,-7178,0,0,-5.460000038,8.109999657,-3.690000057,0,0.039999999,-0.790000022,-14
60.28,7898,-7255,0,0,-7.340000153,7.519999981,0.370000005,0,0.039999999,-0.790000022,-14
60.29,7873,-7197,0,0,-5.099999905,8.25,-2.220000029,-0.02,0.059999999,-0.829999983,-14
60.3,7813,-7129,0,0,-5.960000038,8.06000042,2.559999943,-0.02,0.059999999,-0.829999983,-14
60.31,7763,-7130,0,0,-6.070000172,10.97000027,-1.980000019,0.02,0.01,-0.829999983,-14
60.32,7744,-7078,0,0,-4.159999847,9.380000114,1.379999995,0.02,0.01,-0.829999983,-14
60.33,7711,-7086,0,0,-5.039999962,9.050000191,1.25999999,0.059999999,-0.029999999,-0.810000002,-14
60.34,7584,-7105,0,0,-1.860000014,10.02999973,1.370000005,0.059999999,-0.029999999,-0.810000002,-15
60.35,7518,-6993,0,0,-4.800000191,10.77000046,5.260000229,0.079999998,0,-0.810000002,-15
60.36,7534,-6957,0,0,-5.309999943,11.43000031,-0.660000026,0.079999998,0,-0.810000002,-15
60.37,7606,-6888,0,0,-3.640000105,11.36999989,1.720000029,-0.01,-0.079999998,-0.790000022,-17
60.38,7555,-6844,0,0,-3.180000067,10.48999977,-0.790000022,-0.01,-0.079999998,-0.790000022,-17
60.39,7528,-6865,0,0,-2.869999886,9.630000114,-1.730000019,-0.059999999,-0.059999999,-0.810000002,-18
60.4,7584,-6826,0,0,-3.390000105,8.079999924,-0.419999987,-0.059999999,-0.059999999,-0.810000002,-18
60.41,7457,-6777,0,0,-4.650000095,9.069999695,-1.629999995,-0.01,-0.039999999,-0.839999974,-19
60.42,7506,-6775,0,0,-4.210000038,9.470000267,-0.939999998,0.140000001,-0.039999999,-0.870000005,-19
60.43,7447,-6782,0,0,-4.139999866,9.420000076,-1.100000024,0.129999995,-0.02,-0.879999995,-19
60.44,7438,-6787,0,0,-2.369999886,9.350000381,-1.24000001,0.119999997,-0.02,-0.910000026,-19
60.45,7386,-6749,0,0,-3.920000076,9,-0.850000024,0.079999998,-0.039999999,-0.920000017,-19
60.46,7371,-6702,0,0,-2.589999914,9.960000038,-0.649999976,0.029999999,0.01,-0.949999988,-19
60.47,7375,-6634,0,0,-1.99000001,11.05000019,-1.909999967,0.059999999,0.01,-0.949999988,-19
60.48,7385,-6563,0,0,-0.810000002,10.72000027,-1.879999995,-0.029999999,-0.039999999,-0.959999979,-20
60.49,7419,-6519,0,0,-3.789999962,10.15999985,-3.609999895,-0.029999999,0.059999999,-0.959999979,-20
60.5,7320,-6482,0,0,-2.390000105,11.64000034,-3.609999895,0,-0.02,-0.949999988,-20
60.51,7109,-6482,0,0,-4.929999828,11.22999954,-2.579999924,0.090000004,0.109999999,-0.949999988,-20
60.52,7040,-6475,0,0,-1.320000052,10,-3.289999962,0.090000004,0.02,-0.920000017,-22
60.53,7255,-6471,0,0,-4.130000114,11.22999954,3.309999943,0.059999999,-0.029999999,-0.899999976,-22
60.54,7286,-6466,0,0,-1.519999981,13.31000042,1.50999999,-0.039999999,-0.140000001,-0.879999995,-24
60.55,7024,-6289,0,0,-3.809999943,12.27999973,1.169999957,-0.07,-0.100000002,-0.899999976,-24
60.56,6960,-6241,0,0,-1.200000048,12.18000031,-2.190000057,0.02,-0.150000006,-0.899999976,-25
60.57,7066,-6531,0,0,-5.119999886,11.97999954,-6.429999828,0.150000006,-0.07,-0.889999986,-25
60.58,7086,-6352,0,0,-4.480000019,10.35999966,-3.430000067,0.189999998,-0.119999997,-0.970000029,-25
60.59,7002,-6295,0,0,-5.289999962,10.69999981,-2.519999981,0.119999997,-0.01,-0.980000019,-25
60.6,7175,-6308,0,0,-4.429999828,9.270000458,-2,-0.02,-0.01,-1.049999952,-26
60.61,7112,-6277,0,0,-4.550000191,9.369999886,0.310000002,-0.140000001,0.02,-1.070000052,-26
60.62,7103,-6201,0,0,-1.730000019,10.69999981,-0.100000002,-0.209999993,0.050000001,-1.110000014,-26
60.63,7115,-6171,0,0,-2.890000105,9.640000343,-0.419999987,-0.219999999,0,-1.120000005,-26
60.64,7092,-6142,0,0,-2.730000019,12.55000019,1.210000038,0.01,0,-1.120000005,-26
60.65,7001,-6059,0,0,-2.460000038,10.77999973,-3.319999933,0.140000001,0.07,-1.139999986,-26
60.66,6956,-6064,0,0,-2.970000029,9.869999886,-4.570000172,0.090000004,0.02,-1.139999986,-26
60.67,6884,-6062,0,0,-3.880000114,12.51000023,-3.50999999,0.100000002,0.100000002,-1.120000005,-26
60.68,6828,-6082,0,0,-3.609999895,11.89000034,1.039999962,0.159999996,0.090000004,-1.120000005,-26
60.69,6845,-6078,0,0,-1.75999999,13.11999989,2.180000067,0.109999999,0.050000001,-1.110000014,-26
60.7,6828,-6056,0,0,-2.650000095,12.02999973,2.380000114,0.079999998,0,-1.090000033,-26
60.71,6841,-5992,0,0,-1.49000001,11.22999954,1.860000014,0.050000001,-0.01,-1.100000024,-26
60.72,6864,-5974,0,0,-0.389999986,10.46000004,-0.379999995,0.109999999,-0.100000002,-1.080000043,-26
60.73,6700,-5899,0,0,-2.690000057,10.76000023,-2.119999886,0.150000006,-0.029999999,-1.080000043,-26
60.74,6682,-5864,0,0,-2.269999981,11.23999977,-3.289999962,0.109999999,-0.079999998,-1.080000043,-27
60.75,6683,-5884,0,0,-5.079999924,12.68000031,-2.25999999,0.100000002,0,-1.080000043,-27
60.76,6738,-5884,0,0,-3.75,9.489999771,-1.690000057,-0.059999999,-0.029999999,-1.080000043,-27
60.77,6758,-5875,0,0,-6.929999828,11.48999977,2.309999943,-0.140000001,0.050000001,-1.059999943,-27
60.78,6652,-5852,0,0,-5.21999979,11.68999958,-1.580000043,-0.050000001,-0.01,-1.070000052,-27
60.79,6531,-5807,0,0,-6.71999979,12.11999989,3.710000038,-0.059999999,0,-1.070000052,-27
60.8,6591,-5804,0,0,-6.619999886,11.89999962,-0.280000001,0.170000002,0.079999998,-1.090000033,-27
60.81,6571,-5819,0,0,-3.829999924,11.25,4.699999809,0.119999997,-0.079999998,-1.080000043,-27
60.82,6604,-5832,0,0,-5.340000153,10.86999989,3.029999971,0.100000002,0.050000001,-1.100000024,-27
60.83,6697,-5797,0,0,-2.150000095,8.81000042,1.5,0.059999999,-0.090000004,-1.120000005,-27
60.84,6571,-5776,0,0,-3.730000019,10.39000034,2.690000057,-0.01,0,-1.120000005,-27
60.85,6548,-5707,0,0,-2.549999952,9.779999733,-4.099999905,0.02,0,-1.129999995,-27
60.86,6546,-5660,0,0,-3.470000029,12.05000019,-1.029999971,0.01,0.01,-1.110000014,-27
60.87,6511,-5635,0,0,-2.299999952,10.81999969,-2.519999981,0.119999997,0.039999999,-1.120000005,-27
60.88,6457,-5605,0,0,-1.779999971,11.59000015,-0.620000005,0.079999998,0,-1.090000033,-27
60.89,6459,-5587,0,0,-2.309999943,13.07999992,1.779999971,0.090000004,0,-1.059999943,-27
60.9,6404,-5648,0,0,-1.230000019,11.07999992,1.929999948,0.039999999,-0.059999999,-1.039999962,-27
60.91,6333,-5648,0,0,-4.670000076,12.06000042,-2.529999971,-0.01,0,-1.029999971,-27
60.92,6376,-5597,0,0,-1.830000043,10.89999962,-1.129999995,0.01,-0.029999999,-1.00999999,-27
60.93,6376,-5588,0,0,-4.730000019,12.14999962,-0.050000001,-0.02,0.02,-1,-27
60.94,6344,-5611,0,0,-2.529999971,10.26000023,-2.609999895,0.079999998,0.01,-1.00999999,-27
60.95,6316,-5575,0,0,-2.339999914,10.82999992,2.109999895,0,-0.01,-1,-27
60.96,6314,-5606,0,0,-1.769999981,10.39999962,1.220000029,0.07,0,-1,-27
60.97,6333,-5596,0,0,-2.599999905,9.199999809,0.649999976,0.02,-0.059999999,-1.00999999,-27
60.98,6266,-5540,0,0,-2.579999924,10.48999977,-0.779999971,0,-0.059999999,-1,-27
60.99,6250,-5531,0,0,-2.75999999,9.050000191,-1.110000014,0.07,-0.02,-1.00999999,-27
61,6266,-5512,0,0,-4.670000076,9.649999619,-3.75,0,-0.029999999,-1.00999999,-27
61.01,6235,-5419,0,0,-1.539999962,8.520000458,-0.209999993,0.059999999,0,-1.00999999,-27
61.02,6217,-5389,0,0,-2.779999971,9.079999924,0.170000002,0.029999999,0.01,-0.99000001,-27
61.03,6119,-5451,0,0,-1.279999971,9.210000038,1.809999943,0.02,-0.090000004,-1,-27
61.04,6062,-5450,0,0,-0.779999971,9.449999809,3.190000057,0.059999999,-0.039999999,-0.970000029,-27
61.05,6181,-5414,0,0,-3.150000095,9.210000038,-3.359999895,0.109999999,-0.07,-0.99000001,-27
61.06,6136,-5380,0,0,0.100000002,8.43999958,-1.019999981,0.119999997,-0.079999998,-0.99000001,-27
61.07,6025,-5425,0,0,-3.579999924,8.25,-3.809999943,0.119999997,0.029999999,-0.99000001,-27
61.08,6109,-5400,0,0,-0.209999993,9.56000042,-4.440000057,0.029999999,-0.039999999,-0.980000019,-27
61.09,6180,-5394,0,0,-3.599999905,9.75,0.419999987,0.039999999,0.039999999,-0.970000029,-27
61.1,6005,-5407,0,0,-2.420000076,9.579999924,-2.920000076,0,0,-0.959999979,-27
61.11,6009,-5366,0,0,-3.309999943,9.970000267,1.860000014,-0.039999999,-0.02,-0.959999979,-27
61.12,6064,-5341,0,0,-2.380000114,8.279999733,0.519999981,0.050000001,-0.02,-0.959999979,-27
61.13,6039,-5339,0,0,-3.75999999,8.819999695,0.310000002,0,-0.039999999,-0.949999988,-27
61.14,6015,-5303,0,0,-2.609999895,8.5,-0.479999989,0.050000001,-0.01,-0.959999979,-27
61.15,6013,-5225,0,0,-3.880000114,7.889999866,-2.210000038,0.01,-0.01,-0.959999979,-27
61.16,5924,-5175,0,0,-4.429999828,9.449999809,-1.149999976,0,-0.01,-0.959999979,-27
61.17,5895,-5145,0,0,-3.160000086,8.119999886,0.170000002,0,0.039999999,-0.949999988,-27
61.18,5924,-5198,0,0,-3.720000029,9.25,0.07,0,0.039999999,-0.949999988,-27
61.19,5837,-5223,0,0,-1.679999948,8.359999657,0.579999983,0.01,-0.01,-0.949999988,-27
61.2,5854,-5224,0,0,-1.769999981,8.470000267,2.890000105,0,0,-0.949999988,-27
61.21,5912,-5174,0,0,-0.769999981,9.590000153,-0.230000004,-0.029999999,-0.039999999,-0.939999998,-27
61.22,5866,-5148,0,0,-0.800000012,8.760000229,2.190000057,0.02,-0.039999999,-0.930000007,-27
61.23,5889,-5162,0,0,-1.090000033,9.5,-2.450000048,0.02,-0.059999999,-0.920000017,-27
61.24,5885,-5177,0,0,-1.25,9.149999619,-1.049999952,0.029999999,-0.090000004,-0.910000026,-27
61.25,5735,-5126,0,0,-1.669999957,8.270000458,-0.579999983,0.079999998,-0.029999999,-0.920000017,-27
61.26,5853,-5141,0,0,-0.509999991,8.369999886,-2.00999999,0.050000001,-0.129999995,-0.920000017,-27
61.27,5796,-5133,0,0,-3.829999924,7.440000057,-2.400000095,0.039999999,0.02,-0.930000007,-27
61.28,5750,-5115,0,0,-3.529999971,8.039999962,-5.170000076,-0.01,0,-0.920000017,-27
61.29,5746,-5060,0,0,-2.720000029,7.099999905,-0.949999988,0.07,0.029999999,-0.920000017,-27
61.3,5714,-5051,0,0,-4.71999979,8.869999886,-2.849999905,0.050000001,0.050000001,-0.910000026,-27
61.31,5667,-5001,0,0,-1.570000052,6.849999905,1.080000043,0.129999995,-0.01,-0.930000007,-27
61.32,5680,-4995,0,0,-4.179999828,8.220000267,3.720000029,0,0.050000001,-0.920000017,-27
61.33,5606,-4995,0,0,-1.149999976,7.309999943,0.579999983,0.039999999,-0.039999999,-0.930000007,-27
61.34,5690,-5041,0,0,-1.379999995,7.630000114,3.599999905,-0.170000002,0,-0.910000026,-27
61.35,5682,-5019,0,0,-1.700000048,7.829999924,-3.359999895,-0.129999995,-0.039999999,-0.899999976,-27
61.36,5625,-4946,0,0,1.830000043,8.850000381,1.879999995,0,-0.029999999,-0.889999986,-27
61.37,5659,-4944,0,0,-0.930000007,8.5,-4.909999847,0.039999999,-0.01,-0.889999986,-27
61.38,5575,-4978,0,0,0.540000022,8.729999542,-1.029999971,0.090000004,-0.079999998,-0.879999995,-27
61.39,5542,-4955,0,0,-3.099999905,7.71999979,-2.25,0.100000002,0.029999999,-0.889999986,-27
61.4,5595,-4937,0,0,0.579999983,8.510000229,-3.660000086,0.039999999,-0.079999998,-0.879999995,-27
61.41,5555,-4965,0,0,-4.03000021,7.510000229,-1.830000043,0.02,0.07,-0.879999995,-27
61.42,5579,-4945,0,0,-1.99000001,7.590000153,-4.909999847,0,-0.01,-0.870000005,-27
61.43,5542,-4899,0,0,-2.480000019,6.489999771,2.00999999,0,0.029999999,-0.879999995,-27
61.44,5485,-4880,0,0,-2.289999962,7.179999828,-0.850000024,0.050000001,0.02,-0.870000005,-27
61.45,5503,-4887,0,0,-0.759999991,7.010000229,1.870000005,0.059999999,-0.039999999,-0.870000005,-27
61.46,5562,-4874,0,0,-2.660000086,7.03000021,1.809999943,0.039999999,0.029999999,-0.870000005,-27
61.47,5485,-4794,0,0,-0.879999995,7.050000191,-1.519999981,0.100000002,-0.07,-0.879999995,-27
61.48,5417,-4781,0,0,0.029999999,6.760000229,1.220000029,0.01,-0.039999999,-0.889999986,-27
61.49,5551,-4850,0,0,-1.970000029,7.28000021,-3.460000038,-0.02,0,-0.889999986,-27
61.5,5492,-4859,0,0,-0.349999994,7.050000191,-0.99000001,-0.079999998,0,-0.879999995,-27
61.51,5437,-4805,0,0,-0.939999998,7.389999866,-2.50999999,-0.079999998,0.07,-0.879999995,-27
61.52,5508,-4802,0,0,-0.379999995,8.300000191,-1.659999967,-0.01,0,-0.860000014,-27
61.53,5422,-4782,0,0,-0.159999996,8.149999619,2.269999981,0.029999999,0.01,-0.850000024,-27
61.54,5350,-4787,0,0,-0.49000001,7.389999866,1.120000005,0.119999997,-0.050000001,-0.839999974,-27
61.55,5400,-4773,0,0,-1.24000001,7.789999962,1.080000043,0.079999998,-0.07,-0.839999974,-27
61.56,5427,-4817,0,0,-0.140000001,7.420000076,0.360000014,0.059999999,-0.109999999,-0.829999983,-27
61.57,5342,-4800,0,0,-3.809999943,6.550000191,-2.390000105,0.02,-0.029999999,-0.829999983,-27
61.58,5314,-4768,0,0,-2.359999895,7.190000057,-3.75999999,-0.02,-0.050000001,-0.839999974,-27
61.59,5402,-4754,0,0,-4.96999979,6.269999981,-0.119999997,0,0.02,-0.829999983,-27
61.6,5350,-4801,0,0,-5.079999924,6.349999905,-3.450000048,0,0.07,-0.829999983,-27
61.61,5274,-4757,0,0,-1.899999976,6.289999962,3.25999999,0.039999999,0.059999999,-0.819999993,-27
61.62,5336,-4704,0,0,-2.549999952,5.199999809,1.429999948,0.129999995,0.119999997,-0.839999974,-26
61.63,5330,-4661,0,0,-0.200000003,6.340000153,4.190000057,0.029999999,-0.07,-0.819999993,-26
61.64,5304,-4655,0,0,-2.599999905,5.519999981,5.519999981,0.07,0.01,-0.819999993,-26
61.65,5300,-4684,0,0,-0.280000001,6.050000191,-2.420000076,0.02,0,-0.819999993,-26
61.66,5284,-4645,0,0,-2.519999981,6.079999924,2.069999933,-0.02,0.029999999,-0.800000012,-26
61.67,5269,-4677,0,0,0.25,6.820000172,-0.74000001,0,-0.01,-0.779999971,-26
61.68,5184,-4719,0,0,-4.650000095,6.809999943,0.639999986,0,0.029999999,-0.75,-26
61.69,5238,-4645,0,0,-0.230000004,6.659999847,0.389999986,0.039999999,-0.02,-0.74000001,-26
61.7,5203,-4613,0,0,-4.059999943,6.159999847,0.289999992,0.07,0,-0.720000029,-25
61.71,5154,-4685,0,0,-0.360000014,6.179999828,0.439999998,0.07,-0.059999999,-0.709999979,-25
61.72,5154,-4700,0,0,-3.039999962,5.639999866,2.119999886,0.02,-0.01,-0.689999998,-25
61.73,5192,-4647,0,0,-1.309999943,5.150000095,-1.00999999,0.02,-0.050000001,-0.699999988,-25
61.74,5042,-4625,0,0,-3.089999914,5.300000191,0.629999995,-0.02,0,-0.680000007,-25
61.75,5036,-4681,0,0,1.00999999,4.920000076,-0.5,0.059999999,-0.07,-0.680000007,-25
61.76,5150,-4643,0,0,-2.859999895,4.480000019,1.269999981,0.02,-0.02,-0.680000007,-25
61.77,5049,-4623,0,0,1.389999986,4.920000076,0.259999991,0.029999999,-0.100000002,-0.680000007,-25
61.78,5038,-4595,0,0,-1.419999957,4.409999847,2.609999895,0.01,-0.07,-0.670000017,-24
61.79,5139,-4600,0,0,0.579999983,4.929999828,-4.489999771,0.02,-0.039999999,-0.680000007,-24
61.8,5093,-4586,0,0,0.07,4.369999886,-0.720000029,0.039999999,-0.039999999,-0.660000026,-23
61.81,5002,-4563,0,0,-1.139999986,4.619999886,-3.309999943,0.07,0,-0.660000026,-23
61.82,5050,-4533,0,0,-1.080000043,4.619999886,-1.850000024,0,0,-0.629999995,-23
61.83,4999,-4598,0,0,-0.800000012,4.920000076,-0.660000026,0.050000001,0.029999999,-0.620000005,-23
61.84,5000,-4573,0,0,-1.720000029,4.829999924,-0.970000029,0.02,0,-0.589999974,-22
61.85,4973,-4533,0,0,-0.209999993,4.110000134,1.100000024,0.050000001,0,-0.589999974,-22
61.86,4968,-4508,0,0,-1.24000001,4.960000038,0.800000012,0.029999999,-0.02,-0.560000002,-22
61.87,4976,-4537,0,0,-0.889999986,4.190000057,-0.810000002,0.050000001,-0.02,-0.560000002,-22
61.88,4884,-4576,0,0,-1.559999943,4.190000057,0.090000004,0,0,-0.540000022,-22
61.89,4876,-4506,0,0,0.629999995,4.340000153,-1.25999999,0.050000001,-0.050000001,-0.529999971,-22
61.9,4898,-4508,0,0,-1.429999948,4.019999981,0.670000017,0.039999999,-0.050000001,-0.519999981,-22
61.91,4841,-4546,0,0,2.430000067,3.430000067,-1.460000038,0.079999998,-0.039999999,-0.529999971,-22
61.92,4852,-4550,0,0,-0.879999995,3.950000048,1.25,0.01,-0.029999999,-0.519999981,-22
61.93,4838,-4486,0,0,2.819999933,3.00999999,-1.610000014,0.079999998,-0.109999999,-0.540000022,-22
61.94,4899,-4474,0,0,-1.169999957,2.74000001,0.819999993,-0.039999999,-0.059999999,-0.540000022,-21
61.95,4882,-4486,0,0,3.49000001,3.920000076,-4.670000076,0.01,-0.050000001,-0.540000022,-21
61.96,4842,-4477,0,0,-0.129999995,3.170000076,-0.860000014,-0.02,-0.050000001,-0.529999971,-21
61.97,4827,-4437,0,0,3.569999933,3.640000105,-4.849999905,0.059999999,-0.059999999,-0.550000012,-21
61.98,4902,-4403,0,0,-1.049999952,3.819999933,-0.360000014,0.02,-0.059999999,-0.529999971,-20
61.99,4778,-4474,0,0,1.879999995,4.559999943,-5.579999924,0.140000001,0,-0.519999981,-20
62,4727,-4405,0,0,-2.519999981,4.139999866,-1.00999999,0.02,0.01,-0.5,-19
62.01,4750,-4382,0,0,1.659999967,4.099999905,-1.919999957,0.119999997,-0.029999999,-0.5,-19
62.02,4850,-4403,0,0,-1.289999962,3.920000076,0.150000006,-0.039999999,-0.050000001,-0.469999999,-18
62.03,4764,-4470,0,0,-1.909999967,3.400000095,-1.039999962,0,-0.01,-0.469999999,-18
62.04,4656,-4416,0,0,-1.679999948,3.390000105,0.059999999,-0.059999999,0.01,-0.449999988,-18
62.05,4716,-4357,0,0,-1.139999986,3.640000105,-0.709999979,0.029999999,-0.02,-0.439999998,-18
62.06,4709,-4363,0,0,-2.75999999,3.950000048,-0.07,0.059999999,-0.059999999,-0.409999996,-17
62.07,4609,-4453,0,0,-2.069999933,2.849999905,-1.139999986,0.100000002,0.02,-0.409999996,-17
62.08,4645,-4458,0,0,-3.359999895,3.099999905,-0.029999999,0.01,0.02,-0.400000006,-16
62.09,4711,-4389,0,0,-0.629999995,3.00999999,1.100000024,0.039999999,-0.029999999,-0.389999986,-16
62.1,4618,-4390,0,0,-2.400000095,2.450000048,2.529999971,-0.039999999,0,-0.379999995,-15
62.11,4681,-4403,0,0,-0.689999998,1.600000024,-2,-0.050000001,-0.039999999,-0.389999986,-15
62.12,4670,-4401,0,0,-1.440000057,1.679999948,1.169999957,-0.01,0.01,-0.370000005,-13
62.13,4655,-4393,0,0,-0.519999981,2.539999962,-1.230000019,0,-0.02,-0.360000014,-13
62.14,4597,-4351,0,0,-1.850000024,1.620000005,1.50999999,-0.01,0,-0.349999994,-12
62.15,4600,-4380,0,0,-0.620000005,2.890000105,-1.120000005,-0.029999999,0,-0.330000013,-12
62.16,4575,-4400,0,0,-2.269999981,1.809999943,0.289999992,0.059999999,0,-0.310000002,-11
62.17,4584,-4378,0,0,-2.319999933,2.5,-0.600000024,0,0.029999999,-0.289999992,-11
62.18,4584,-4305,0,0,-1.629999995,1.50999999,1.370000005,0.059999999,0.050000001,-0.270000011,-10
62.19,4524,-4424,0,0,-2.390000105,1.769999981,1.519999981,-0.02,0,-0.259999991,-10
62.2,4544,-4393,0,0,0.039999999,0.800000012,2.00999999,0.01,0.02,-0.25,-9
62.21,4564,-4359,0,0,-3.349999905,1.110000014,1.519999981,-0.07,0.01,-0.239999995,-9
62.22,4501,-4299,0,0,0.479999989,1.389999986,-1.039999962,0.07,0,-0.219999999,-8
62.23,4430,-4375,0,0,-2.980000019,1.149999976,0.419999987,0.07,0.059999999,-0.209999993,-8
62.24,4446,-4423,0,0,2.210000038,1.49000001,-2.410000086,0.180000007,0,-0.200000003,-7
62.25,4464,-4367,0,0,-2.700000048,0.550000012,2.779999971,0.100000002,0.029999999,-0.189999998,-7
62.26,4459,-4340,0,0,1.429999948,1.440000057,-0.949999988,0.059999999,0.02,-0.170000002,-6
62.27,4383,-4392,0,0,-0.629999995,0.670000017,1.539999962,0.07,0.029999999,-0.170000002,-6
62.28,4423,-4402,0,0,1.950000048,1.350000024,-1.769999981,-0.01,-0.01,-0.150000006,-5
62.29,4463,-4368,0,0,-0.790000022,0.449999988,-0.280000001,0.01,0,-0.150000006,-5
62.3,4399,-4331,0,0,0.550000012,-0.150000006,-1.059999943,0,-0.029999999,-0.140000001,-4
62.31,4397,-4327,0,0,-0.189999998,0.340000004,-0.870000005,0.029999999,0.029999999,-0.129999995,-4
62.32,4420,-4356,0,0,-0.5,0.920000017,-1.870000005,0.02,0,-0.109999999,-3
62.33,4404,-4389,0,0,-1.029999971,1.139999986,-0.389999986,0.01,0,-0.100000002,-3
62.34,4330,-4302,0,0,-1.850000024,0.680000007,0.349999994,0.02,0,-0.090000004,-2
62.35,4337,-4305,0,0,-1.470000029,1.039999962,-0.119999997,0.02,0.01,-0.079999998,-2
62.36,4367,-4339,0,0,-1.470000029,1.039999962,-0.119999997,0.02,0.01,-0.079999998,-2
62.37,4393,-4337,0,0,-2.799999952,0.680000007,0.920000017,-0.039999999,0.02,-0.059999999,-2
62.38,4329,-4294,0,0,-1.340000033,0.109999999,1.049999952,-0.029999999,0.029999999,-0.059999999,-1
62.39,4283,-4303,0,0,-2.700000048,0.170000002,0.430000007,-0.090000004,-0.01,-0.050000001,-1
62.4,4281,-4328,0,0,-0.239999995,-0.239999995,1.700000048,0.01,0.01,-0.050000001,0
62.41,4307,-4287,0,0,-1,-0.100000002,2.029999971,-0.02,0,-0.039999999,0
62.42,4305,-4280,0,0,1.730000019,0.109999999,1.49000001,0.109999999,-0.029999999,-0.029999999,0
62.43,4212,-4287,0,0,-0.050000001,0,0.079999998,0.050000001,0,-0.029999999,0
62.44,4241,-4340,0,0,0.839999974,0.230000004,-0.280000001,0.100000002,-0.050000001,-0.02,1
62.45,4242,-4325,0,0,-0.850000024,-0.01,-0.330000013,0.079999998,0.01,-0.01,1
62.46,4266,-4283,0,0,0.340000004,0.259999991,-1.940000057,0,-0.029999999,0,2
62.47,4218,-4282,0,0,-0.119999997,-0.779999971,-0.270000011,0.01,0.01,0,2
62.48,4230,-4271,0,0,-0.769999981,-0.759999991,-1.230000019,0,-0.029999999,0,2
62.49,4244,-4325,0,0,-0.779999971,-1.409999967,-0.029999999,0.01,0,0,2
62.5,4220,-4273,0,0,-0.529999971,-0.589999974,-0.409999996,-0.01,0,0.02,3
62.51,4199,-4232,0,0,-1.639999986,-0.579999983,0.239999995,0.029999999,-0.050000001,0.029999999,3
62.52,4157,-4275,0,0,-0.629999995,0,-1.779999971,0.039999999,-0.029999999,0.050000001,5
62.53,4141,-4284,0,0,-2.690000057,-0.670000017,-1.470000029,0.059999999,0.02,0.050000001,5
62.54,4210,-4252,0,0,0.300000012,-0.330000013,-2.75999999,0.059999999,0.01,0.07,6
62.55,4178,-4209,0,0,-0.680000007,-0.449999988,0.74000001,0.050000001,0,0.079999998,6
62.56,4121,-4265,0,0,0.529999971,-0.829999983,1.230000019,-0.01,-0.01,0.100000002,7
62.57,4179,-4272,0,0,-0.689999998,-1.120000005,0.159999996,-0.039999999,0.01,0.100000002,7
62.58,4153,-4269,0,0,-0.720000029,-0.790000022,-1.769999981,0.01,0.01,0.119999997,8
62.59,4066,-4205,0,0,0.360000014,-0.910000026,-0.839999974,0.079999998,0.02,0.129999995,8
62.6,4071,-4217,0,0,-2.670000076,-0.74000001,-0.560000002,0,0.01,0.140000001,8
62.61,4075,-4274,0,0,0.370000005,-0.910000026,0.860000014,0.050000001,0,0.150000006,8
62.62,4038,-4243,0,0,-2.369999886,-0.579999983,1.340000033,-0.039999999,-0.01,0.150000006,8
62.63,4076,-4212,0,0,-0.730000019,-0.970000029,0.029999999,0,-0.029999999,0.150000006,8
62.64,4037,-4210,0,0,-2.809999943,-1.669999957,0.400000006,-0.039999999,-0.029999999,0.159999996,8
62.65,4011,-4243,0,0,-0.699999988,-0.829999983,-0.810000002,-0.01,-0.01,0.159999996,8
62.66,4056,-4230,0,0,-2.460000038,-1.25999999,-0.140000001,-0.01,-0.01,0.159999996,8
62.67,4045,-4192,0,0,-0.920000017,-0.819999993,-0.180000007,-0.02,-0.050000001,0.159999996,8
62.68,4031,-4162,0,0,-1.419999957,-1.789999962,1.340000033,-0.039999999,-0.029999999,0.159999996,8
62.69,4038,-4167,0,0,-0.620000005,-1.49000001,-1.289999962,-0.07,-0.02,0.159999996,8
62.7,3997,-4222,0,0,-2.299999952,-1.480000019,-0.379999995,-0.039999999,0,0.159999996,8
62.71,4030,-4175,0,0,0.280000001,-0.99000001,-1.159999967,-0.01,-0.01,0.159999996,8
62.72,4005,-4138,0,0,-1.149999976,-0.980000019,-0.109999999,0.02,0.02,0.170000002,8
62.73,3973,-4123,0,0,-0.039999999,-0.340000004,-0.050000001,0.01,-0.039999999,0.170000002,8
62.74,3971,-4159,0,0,-1.100000024,-0.879999995,1.269999981,0,-0.029999999,0.159999996,8
62.75,3954,-4140,0,0,-3.029999971,-1.039999962,-3.079999924,-0.02,0.050000001,0.159999996,8
62.76,4016,-4115,0,0,-2.450000048,-1.49000001,-1.419999957,-0.029999999,0.039999999,0.150000006,8
62.77,3984,-4100,0,0,-1.299999952,-0.879999995,1.639999986,0,0.039999999,0.170000002,8
62.78,3904,-4068,0,0,-1.029999971,-1.100000024,0.349999994,0.050000001,0.039999999,0.170000002,8
62.79,3899,-4094,0,0,-0.02,-1.580000043,4.480000019,0.01,-0.059999999,0.159999996,8
62.8,3899,-4104,0,0,-0.509999991,-0.159999996,2.910000086,0.039999999,-0.050000001,0.170000002,8
62.81,3907,-4043,0,0,0.259999991,-0.660000026,-1.889999986,0.079999998,-0.02,0.159999996,8
62.82,3872,-4048,0,0,-0.059999999,-0.129999995,1.059999943,-0.02,-0.090000004,0.170000002,8
62.83,3820,-4099,0,0,-1.179999948,-0.529999971,-0.560000002,0.02,-0.039999999,0.159999996,8
62.84,3895,-4060,0,0,-0.75,-1.110000014,-2.839999914,-0.059999999,-0.07,0.150000006,8
62.85,3856,-4026,0,0,-1.230000019,-0.150000006,-2.369999886,-0.07,-0.01,0.159999996,8
62.86,3870,-4010,0,0,0.409999996,-1.090000033,-1.470000029,0.02,-0.01,0.159999996,8
62.87,3871,-4084,0,0,-1.570000052,-1.5,-0.639999986,-0.029999999,-0.02,0.150000006,8
62.88,3854,-4019,0,0,0.270000011,-0.74000001,-1.299999952,-0.029999999,-0.01,0.150000006,8
62.89,3841,-3967,0,0,-1.440000057,-2.019999981,-0.870000005,0,0.01,0.140000001,8
62.9,3834,-3954,0,0,-0.379999995,-0.800000012,-3.380000114,0,-0.02,0.159999996,8
62.91,3855,-3997,0,0,-3.200000048,-0.970000029,-0.230000004,0.039999999,0.029999999,0.159999996,8
62.92,3798,-3984,0,0,-2.019999981,-0.699999988,-0.970000029,0,-0.01,0.150000006,8
62.93,3744,-3922,0,0,-4.210000038,0,0.01,-0.02,0.07,0.159999996,8
62.94,3818,-3895,0,0,-3,-0.330000013,-0.74000001,-0.029999999,0.079999998,0.159999996,8
62.95,3765,-3914,0,0,-2.789999962,-1.070000052,2.940000057,-0.039999999,0,0.159999996,8
62.96,3749,-3925,0,0,-3.049999952,-0.870000005,2.170000076,-0.01,0,0.159999996,8
62.97,3756,-3907,0,0,-2.430000067,-1.620000005,1.909999967,-0.02,0.01,0.150000006,8
62.98,3733,-3843,0,0,-3.329999924,-1.210000038,0.479999989,-0.01,0,0.150000006,8
62.99,3701,-3832,0,0,-1.74000001,-0.239999995,0.349999994,0.01,0,0.159999996,8
63,3704,-3883,0,0,-2.130000114,-0.170000002,0.819999993,0.01,0.01,0.150000006,8
63.01,3656,-3852,0,0,-2.049999952,0.039999999,-0.589999974,0,-0.029999999,0.150000006,8
63.02,3658,-3856,0,0,-1.779999971,-0.360000014,2.00999999,0,0,0.150000006,8
63.03,3647,-3837,0,0,-0.460000008,-0.680000007,-1.269999981,0,-0.02,0.150000006,8
63.04,3627,-3796,0,0,-0.889999986,-1.389999986,0.529999971,0.029999999,-0.02,0.140000001,8
63.05,3679,-3815,0,0,-1.269999981,-1,-0.460000008,-0.02,0,0.140000001,8
63.06,3613,-3790,0,0,-2.829999924,-1.179999948,-1.00999999,-0.01,0,0.129999995,8
63.07,3578,-3787,0,0,-1.919999957,-1.799999952,-1.659999967,0,0.01,0.129999995,8
63.08,3662,-3747,0,0,-2.529999971,-1.649999976,-0.74000001,-0.039999999,0.029999999,0.119999997,8
63.09,3586,-3709,0,0,-0.839999974,-0.589999974,0.939999998,-0.039999999,-0.01,0.119999997,8
63.1,3631,-3706,0,0,-0.879999995,-0.319999993,1.220000029,-0.02,-0.01,0.119999997,8
63.11,3567,-3710,0,0,-1.980000019,-0.560000002,-0.99000001,-0.029999999,-0.039999999,0.109999999,8
63.12,3548,-3669,0,0,-1.440000057,-0.189999998,-0.529999971,0,-0.050000001,0.109999999,8
63.13,3574,-3633,0,0,-2.529999971,-0.899999976,-2.170000076,0,0.029999999,0.100000002,8
63.14,3528,-3608,0,0,-2.849999905,-0.140000001,-2.670000076,0,0,0.100000002,7
63.15,3553,-3656,0,0,-3.700000048,0.150000006,1.039999962,0,0.050000001,0.100000002,7
63.16,3548,-3629,0,0,-4.599999905,-0.109999999,-1.570000052,0,0.059999999,0.090000004,7
63.17,3474,-3591,0,0,-2.710000038,-0.280000001,2.059999943,0,0.029999999,0.090000004,7
63.18,3506,-3564,0,0,-4.230000019,-0.439999998,2.609999895,-0.01,0.029999999,0.079999998,7
63.19,3485,-3529,0,0,-1.539999962,-0.560000002,3.029999971,-0.02,-0.029999999,0.079999998,7
63.2,3463,-3520,0,0,-2.279999971,-0.259999991,2.99000001,-0.02,-0.029999999,0.079999998,7
63.21,3424,-3571,0,0,-2.289999962,-0.430000007,-1.970000029,-0.02,-0.029999999,0.07,7
63.22,3408,-3524,0,0,-1.350000024,-0.140000001,0,0,-0.029999999,0.07,7
63.23,3395,-3512,0,0,-3.859999895,-0.01,-2.460000038,0.02,0,0.059999999,7
63.24,3401,-3505,0,0,-2.960000038,-0.289999992,-2.289999962,-0.02,0,0.059999999,7
63.25,3422,-3507,0,0,-3.900000095,-0.579999983,-1.139999986,0,0.090000004,0.07,7
63.26,3367,-3488,0,0,-4.03000021,-0.270000011,-1.75,0.02,0.079999998,0.059999999,6
63.27,3349,-3487,0,0,-2.730000019,-0.479999989,3.920000076,0,0,0.07,6
63.28,3364,-3434,0,0,-4.880000114,-0.529999971,1.620000005,0,0.039999999,0.050000001,6
63.29,3341,-3414,0,0,-1.889999986,-0.720000029,1.789999962,-0.029999999,-0.029999999,0.050000001,6
63.3,3398,-3420,0,0,-3.130000114,-0.970000029,3.089999914,-0.029999999,0.02,0.039999999,6
63.31,3348,-3385,0,0,-0.970000029,-0.910000026,-0.560000002,-0.039999999,-0.050000001,0.029999999,6
63.32,3310,-3383,0,0,-1.419999957,-0.730000019,1.24000001,-0.02,-0.01,0.02,5
63.33,3348,-3363,0,0,-0.389999986,0.180000007,-2.170000076,-0.01,-0.029999999,0.01,5
63.34,3358,-3303,0,0,-0.620000005,0.259999991,-0.340000004,0,0,0.01,5
63.35,3270,-3293,0,0,-0.899999976,0.970000029,-2.099999905,0.039999999,-0.01,0.01,5
63.36,3314,-3337,0,0,-0.239999995,0.600000024,-1.789999962,0.01,-0.039999999,0,5
63.37,3268,-3278,0,0,-2.50999999,0.389999986,-1.779999971,0,0.029999999,0,5
63.38,3221,-3261,0,0,-2.50999999,0.389999986,-1.779999971,0,0.029999999,0,5
63.39,3237,-3259,0,0,-0.419999987,0.75,-1.840000033,0.01,0.029999999,0,5
63.4,3289,-3253,0,0,-1.639999986,0.129999995,-0.519999981,0.01,0.029999999,0,5
63.41,3209,-3247,0,0,-1.570000052,0.209999993,0,0,0,0,5
63.42,3188,-3255,0,0,-2.700000048,0.680000007,1.100000024,0,0.01,0,5
63.43,3268,-3191,0,0,-2.589999914,-0.529999971,0.949999988,-0.02,-0.01,0,5
63.44,3210,-3166,0,0,-3.140000105,0.949999988,0.289999992,-0.039999999,0.01,0,5
63.45,3115,-3189,0,0,-3.779999971,0.029999999,-0.170000002,0.07,0.039999999,0,5
63.46,3066,-3183,0,0,-0.509999991,0.02,1.590000033,0.07,-0.02,0.01,5
63.47,3151,-3184,0,0,-3.519999981,0.209999993,1.74000001,0.090000004,0.01,0,5
63.48,3121,-3174,0,0,-0.680000007,-0.200000003,0.170000002,0.059999999,-0.01,0,5
63.49,3078,-3147,0,0,-2.940000057,0.239999995,1.230000019,0.01,0,0,5
63.5,3064,-3162,0,0,-1.470000029,-0.200000003,-2.329999924,0.01,0,0,5
63.51,3087,-3129,0,0,-4.610000134,-0.899999976,-1.149999976,-0.079999998,0.02,0,5
63.52,3063,-3102,0,0,-2.329999924,-0.529999971,-0.289999992,-0.02,0.01,0,5
63.53,3056,-3088,0,0,-4.980000019,-0.920000017,-0.519999981,-0.039999999,0.059999999,0,5
63.54,3036,-3100,0,0,-1.309999943,-0.449999988,0,-0.01,0.01,0,5
63.55,3031,-3091,0,0,-4.119999886,-0.209999993,1.5,-0.02,0.039999999,0,5
63.56,3024,-3025,0,0,0.300000012,-0.180000007,-0.180000007,0.01,-0.039999999,0,5
63.57,2996,-3018,0,0,-2.819999933,-0.159999996,2.700000048,-0.02,-0.02,0,5
63.58,3033,-3022,0,0,0.07,-0.349999994,-1.549999952,0,-0.050000001,0,5
63.59,3041,-3018,0,0,-2.230000019,0.25,-0.460000008,-0.079999998,-0.01,0,5
63.6,2962,-2987,0,0,0.300000012,0.689999998,-3.630000114,0,-0.029999999,0,5
63.61,2930,-2999,0,0,-2.349999905,0.230000004,-0.370000005,0.02,-0.01,0,5
63.62,2978,-2954,0,0,-0.430000007,0.670000017,-2.130000114,0.02,-0.01,0,5
63.63,2931,-2898,0,0,-2.180000067,0.360000014,-0.439999998,0.01,0,0,5
63.64,2871,-2953,0,0,-2.380000114,0.469999999,-1.5,0.01,0,0,5
63.65,2983,-2980,0,0,-1.889999986,-0.119999997,-0.140000001,0,0,0,5
63.66,2947,-2908,0,0,-1.99000001,-0.039999999,0.550000012,0,0,0,5
63.67,2859,-2928,0,0,-1.980000019,-0.400000006,0.930000007,0,0,0,5
63.68,2851,-2912,0,0,-1.220000029,-0.100000002,-0.029999999,-0.02,0,0,5
63.69,2910,-2842,0,0,-2.269999981,-0.259999991,0.939999998,-0.01,0,0,5
63.7,2849,-2817,0,0,-1.299999952,-0.200000003,0.280000001,0,0,0,5
63.71,2838,-2906,0,0,-3.450000048,0.300000012,-1.120000005,0.059999999,0,0,5
63.72,2820,-2873,0,0,0.079999998,0.259999991,-0.75,0.059999999,0,0,5
63.73,2773,-2831,0,0,-3.910000086,0.079999998,0.610000014,0.050000001,-0.02,0,5
63.74,2756,-2849,0,0,0.239999995,0.560000002,-0.469999999,0.050000001,-0.02,0,5
63.75,2786,-2812,0,0,-3.180000067,-0.660000026,1.440000057,-0.01,-0.01,0,5
63.76,2749,-2808,0,0,-0.400000006,0.829999983,-1.019999981,-0.01,-0.01,0,5
63.77,2737,-2803,0,0,-2.930000067,-0.100000002,1.769999981,0.029999999,-0.01,0.01,5
63.78,2749,-2802,0,0,-0.930000007,0.409999996,0.419999987,0.059999999,-0.02,0.01,5
63.79,2722,-2799,0,0,-3.049999952,-0.330000013,-0.159999996,0,-0.01,0,5
63.8,2702,-2749,0,0,-2.700000048,-0.340000004,-0.879999995,0,-0.01,0,5
63.81,2693,-2729,0,0,-2.480000019,-0.479999989,-0.579999983,-0.029999999,0,0,5
63.82,2715,-2739,0,0,-1.480000019,-0.899999976,-1.200000048,-0.02,-0.02,0,5
63.83,2718,-2714,0,0,-1.269999981,-0.340000004,-0.140000001,-0.050000001,-0.01,-0.01,4
63.84,2709,-2703,0,0,-1.419999957,-0.769999981,-1.00999999,-0.039999999,-0.02,-0.02,4
63.85,2694,-2702,0,0,0.400000006,-0.920000017,1.49000001,-0.039999999,-0.029999999,-0.02,4
63.86,2684,-2698,0,0,-1.320000052,0.07,0.039999999,-0.039999999,-0.02,-0.02,4
63.87,2676,-2673,0,0,0,0.270000011,-1.679999948,0.02,-0.039999999,-0.01,4
63.88,2634,-2622,0,0,-2.670000076,0.660000026,-2.220000029,0.01,0.029999999,-0.01,4
63.89,2635,-2625,0,0,-1.879999995,1.029999971,-2.390000105,0.039999999,0.050000001,0,4
63.9,2659,-2667,0,0,-1.99000001,0.910000026,1.129999995,0.039999999,0.050000001,0,4
63.91,2637,-2627,0,0,-2.5,0.519999981,-2.069999933,0.01,0.059999999,0,4
63.92,2573,-2586,0,0,-1.549999952,0.300000012,1.039999962,0,0.02,0,4
63.93,2581,-2620,0,0,-1.659999967,0.340000004,1.220000029,-0.02,0.039999999,0,4
63.94,2605,-2592,0,0,-1.539999962,0.01,-0.699999988,0,0.039999999,-0.01,4
63.95,2553,-2542,0,0,-1.460000038,-0.310000002,0.639999986,-0.01,0.01,-0.01,4
63.96,2510,-2558,0,0,-1.789999962,0.419999987,-0.059999999,0.02,0.02,-0.01,4
63.97,2582,-2559,0,0,-2.029999971,-0.300000012,0.150000006,-0.02,-0.01,-0.02,4
63.98,2569,-2519,0,0,-2.680000067,0.109999999,-0.569999993,-0.02,0,-0.02,4
63.99,2490,-2494,0,0,-2.450000048,0.239999995,0.209999993,-0.02,-0.01,-0.01,4
64,2457,-2494,0,0,-2.730000019,0.029999999,0.430000007,-0.02,-0.01,-0.01,4
64.01,2490,-2506,0,0,-1.820000052,0.550000012,-0.200000003,0,0,-0.01,4
64.02,2468,-2472,0,0,-2.609999895,0.01,-0.349999994,-0.01,-0.01,-0.01,4
64.03,2442,-2464,0,0,-1.649999976,0.300000012,-0.170000002,0.039999999,0,0,4
64.04,2405,-2485,0,0,-1.049999952,0.230000004,0,0.039999999,0,0,4
64.05,2457,-2457,0,0,-1.870000005,0.01,0.07,0.01,0,0,4
64.06,2435,-2465,0,0,-0.300000012,0.310000002,0.469999999,0.02,-0.02,-0.01,4
64.07,2380,-2443,0,0,-3.329999924,0.109999999,0.239999995,0.029999999,0,-0.01,4
64.08,2360,-2416,0,0,-1.629999995,-0.029999999,-0.349999994,0.029999999,0,-0.01,4
64.09,2390,-2411,0,0,-2.690000057,-0.079999998,-0.649999976,0.01,0,-0.01,4
64.1,2383,-2393,0,0,-2.289999962,-0.050000001,0.620000005,0.02,-0.029999999,-0.01,4
64.11,2332,-2364,0,0,-1.610000014,-0.449999988,0.419999987,0,-0.01,-0.02,4
64.12,2367,-2365,0,0,-2.529999971,-0.129999995,-0.540000022,-0.01,0,-0.02,4
64.13,2358,-2387,0,0,-1.879999995,-0.150000006,-0.090000004,-0.029999999,-0.02,-0.02,4
64.14,2312,-2346,0,0,-2.730000019,-0.300000012,-1.059999943,-0.029999999,0.029999999,-0.02,4
64.15,2345,-2333,0,0,-1.149999976,0.090000004,-0.540000022,0.01,0.02,-0.02,4
64.16,2304,-2309,0,0,-1,-0.310000002,1.440000057,0,-0.01,-0.02,4
64.17,2272,-2304,0,0,-1.580000043,-0.189999998,0.439999998,0.02,-0.01,-0.01,4
64.18,2306,-2301,0,0,-2.099999905,0.01,-0.079999998,0,0,-0.01,4
64.19,2295,-2277,0,0,-2.549999952,0.5,-0.689999998,-0.02,0.01,-0.01,4
64.2,2253,-2248,0,0,-2.289999962,0.039999999,-0.579999983,0,0,-0.01,4
64.21,2250,-2263,0,0,-2.75,0.280000001,-1.080000043,-0.01,0,0,4
64.22,2255,-2263,0,0,-1.940000057,0.219999999,0.680000007,-0.01,0,0,4
64.23,2244,-2230,0,0,-2.019999981,0.629999995,0.409999996,0.01,0.01,0,4
64.24,2186,-2188,0,0,-1.450000048,0.509999991,-0.99000001,0.02,-0.029999999,0,4
64.25,2171,-2185,0,0,-2.079999924,0.439999998,1.120000005,0,0,0,4
64.26,2192,-2222,0,0,-2.670000076,0.460000008,-1.129999995,0.02,0,0,4
64.27,2167,-2172,0,0,-3.079999924,-0.230000004,0.039999999,-0.02,0,-0.01,4
64.28,2182,-2161,0,0,-2.690000057,0.270000011,0.99000001,-0.02,0.01,-0.01,4
64.29,2148,-2167,0,0,-1.799999952,-0.460000008,1.409999967,0.029999999,-0.01,-0.01,4
64.3,2121,-2153,0,0,-2.420000076,0,1.659999967,-0.029999999,-0.01,-0.01,4
64.31,2116,-2133,0,0,-1.149999976,-0.100000002,1.049999952,-0.01,-0.050000001,-0.01,4
64.32,2131,-2093,0,0,-1.539999962,-0.090000004,0.310000002,-0.01,-0.050000001,-0.01,4
64.33,2083,-2064,0,0,-1.139999986,0.02,0.449999988,0.02,-0.050000001,-0.01,4
64.34,2066,-2051,0,0,-2.470000029,-0.379999995,0.330000013,-0.01,-0.02,-0.01,4
64.35,2054,-2078,0,0,-1.799999952,0.259999991,-2.529999971,0.01,-0.039999999,0,4
64.36,2041,-2087,0,0,-2.579999924,-0.100000002,-0.629999995,0.029999999,0,0,4
64.37,2041,-2045,0,0,-2.319999933,0.409999996,-2.220000029,0.059999999,0.02,0,4
64.38,2021,-2040,0,0,-2.49000001,-0.109999999,0.529999971,0.059999999,0.02,0,4
64.39,1978,-2056,0,0,-2.880000114,0.239999995,-0.670000017,0.029999999,0,0,4
64.4,1973,-2021,0,0,-2.599999905,0.649999976,0.340000004,0.029999999,0,0,4
64.41,1976,-1985,0,0,-3.150000095,0.129999995,0.409999996,-0.029999999,0,0,4
64.42,1971,-1995,0,0,-3.089999914,-0.349999994,-0.660000026,-0.02,0.01,0,4
64.43,1944,-1965,0,0,-3.019999981,-0.349999994,-0.079999998,0,0.01,0,4
64.44,1909,-1946,0,0,-1.649999976,-0.310000002,1.070000052,0,0,0,4
64.45,1901,-1972,0,0,-2.299999952,-0.370000005,0.519999981,0,-0.02,-0.01,4
64.46,1975,-1957,0,0,-1.690000057,-0.259999991,0.090000004,0,-0.02,-0.01,4
64.47,1931,-1913,0,0,-2.400000095,0.379999995,0.519999981,0.02,-0.01,0,4
64.48,1867,-1909,0,0,-2.130000114,0.059999999,-0.370000005,0.050000001,0,-0.01,4
64.49,1870,-1907,0,0,-1.460000038,-0.050000001,-0.660000026,0,0,-0.01,4
64.5,1892,-1894,0,0,-1.279999971,-0.01,-0.029999999,0,0,-0.01,4
64.51,1838,-1871,0,0,-1.399999976,-0.050000001,-0.150000006,-0.02,0.01,-0.01,4
64.52,1854,-1860,0,0,-2.25,-0.189999998,-1.110000014,-0.029999999,0.01,-0.01,4
64.53,1855,-1845,0,0,-1.919999957,-0.479999989,0.059999999,-0.050000001,0.01,-0.01,4
64.54,1815,-1822,0,0,-2.920000076,0.01,0.109999999,-0.029999999,0.01,-0.01,4
64.55,1816,-1840,0,0,-1.75999999,-0.140000001,-0.200000003,0,0,-0.01,4
64.56,1822,-1808,0,0,-1.970000029,0.119999997,0.730000019,-0.02,0,-0.01,4
64.57,1802,-1794,0,0,-2.74000001,-0.100000002,0.629999995,0,-0.01,-0.01,4
64.58,1783,-1791,0,0,-2.319999933,-0.109999999,0.99000001,0,-0.01,-0.01,4
64.59,1765,-1766,0,0,-2,0.400000006,-0.5,-0.02,-0.01,0,4
64.6,1729,-1750,0,0,-2.74000001,0.129999995,-0.419999987,-0.02,-0.01,0,4
64.61,1746,-1741,0,0,-1.720000029,0.449999988,-0.349999994,-0.02,0,0,4
64.62,1756,-1735,0,0,-2.99000001,0.379999995,-0.889999986,-0.02,0,0,4
64.63,1724,-1711,0,0,-2.74000001,0.200000003,-1.629999995,0,0.01,0,4
64.64,1685,-1703,0,0,-2.25999999,-0.059999999,-0.07,0.01,0.02,0,4
64.65,1689,-1697,0,0,-1.820000052,-0.079999998,0.189999998,0,0,0,4
64.66,1690,-1693,0,0,-1.970000029,0.230000004,0.850000024,0,0,0,4
64.67,1651,-1672,0,0,-2.460000038,-0.159999996,1.360000014,-0.01,0,-0.01,4
64.68,1656,-1666,0,0,-2.609999895,0.529999971,0.119999997,-0.02,0.01,0,4
64.69,1657,-1642,0,0,-2.809999943,0.170000002,0.439999998,-0.01,0,-0.01,4
64.7,1623,-1618,0,0,-2.970000029,0.01,0.49000001,-0.01,0,-0.01,4
64.71,1587,-1606,0,0,-2.480000019,-0.119999997,0.360000014,0,0,-0.01,4
64.72,1578,-1601,0,0,-2,-0.189999998,0.479999989,-0.02,-0.02,-0.01,4
64.73,1593,-1575,0,0,-1.580000043,-0.310000002,0.870000005,0.01,-0.029999999,-0.01,4
64.74,1571,-1571,0,0,-2.230000019,0.300000012,0.340000004,-0.039999999,-0.02,-0.01,4
64.75,1544,-1555,0,0,-1.909999967,0.319999993,-0.670000017,0.01,-0.01,0,4
64.76,1528,-1542,0,0,-2.589999914,0.079999998,-1.379999995,0,-0.01,0,4
64.77,1540,-1525,0,0,-2.630000114,0.419999987,-1.049999952,0.01,0,0,4
64.78,1499,-1520,0,0,-2.720000029,0.090000004,-0.810000002,0.01,0,0,4
64.79,1480,-1511,0,0,-2.670000076,-0.02,0.180000007,-0.02,0.02,0,4
64.8,1464,-1505,0,0,-2.559999943,-0.209999993,0.49000001,-0.02,0.02,0,4
64.81,1451,-1478,0,0,-2.25,-0.059999999,0.200000003,-0.02,0,0,4
64.82,1432,-1445,0,0,-2.609999895,0.129999995,0.050000001,-0.02,0,0,4
64.83,1418,-1436,0,0,-1.940000057,0.300000012,0.379999995,0,0,0,4
64.84,1402,-1432,0,0,-2.900000095,0.159999996,-0.639999986,0,0,0,4
64.85,1395,-1407,0,0,-3.24000001,0.059999999,0.01,0,0,-0.01,4
64.86,1375,-1404,0,0,-2.470000029,0.239999995,0.49000001,0.01,0.01,0,4
64.87,1358,-1376,0,0,-3.079999924,0.079999998,-0.050000001,-0.01,0,0,4
64.88,1357,-1385,0,0,-2.279999971,0.129999995,1.419999957,-0.01,0,0,4
64.89,1343,-1365,0,0,-2.660000086,0.129999995,0.340000004,0.01,0,0,4
64.9,1340,-1341,0,0,-1.879999995,0.100000002,-0.360000014,0.01,-0.01,0,4
64.91,1303,-1326,0,0,-1.809999943,0.330000013,0.280000001,0.02,-0.02,0,4
64.92,1296,-1324,0,0,-2.869999886,0.039999999,-1.370000005,0.01,0,0,4
64.93,1277,-1306,0,0,-2.640000105,0.259999991,0.159999996,-0.02,0,-0.01,4
64.94,1270,-1288,0,0,-2.440000057,-0.07,0.07,0.01,0,0,4
64.95,1255,-1279,0,0,-2.349999905,-0.039999999,0.150000006,0.01,0,0,4
64.96,1239,-1234,0,0,-1.980000019,-0.25,0.550000012,0,0,0,4
64.97,1205,-1239,0,0,-2.230000019,-0.090000004,0.600000024,0,0,0,4
64.98,1218,-1222,0,0,-1.909999967,0.150000006,-0.779999971,-0.01,0,-0.01,4
64.99,1199,-1205,0,0,-2.430000067,-0.150000006,-0.050000001,-0.02,0,-0.01,4
65,1161,-1195,0,0,-2.140000105,0.07,-0.899999976,-0.029999999,0,-0.01,4
65.01,1163,-1183,0,0,-2.089999914,-0.090000004,0.039999999,0,0.01,0,4
65.02,1144,-1166,0,0,-2.190000057,-0.129999995,-0.300000012,0,0,-0.01,4
65.03,1146,-1157,0,0,-1.940000057,-0.050000001,-0.129999995,0.01,0,0,4
65.04,1125,-1155,0,0,-2.269999981,0.01,0.050000001,0,0.01,0,4
65.05,1113,-1123,0,0,-2.140000105,-0.07,0.039999999,0,0,-0.01,4
65.06,1092,-1096,0,0,-2.380000114,0,0.550000012,-0.029999999,0,0,4
65.07,1103,-1105,0,0,-1.99000001,0.289999992,0.460000008,0.01,-0.02,0,4
65.08,1064,-1090,0,0,-2.720000029,0.01,-0.300000012,0,0.01,0,4
65.09,1037,-1058,0,0,-2.539999962,0.039999999,-0.579999983,0.01,0,0,4
65.1,1042,-1048,0,0,-2.200000048,0.129999995,1.080000043,0.02,-0.01,0,4
65.11,1023,-1032,0,0,-2.660000086,0.159999996,0.689999998,0.039999999,0,0,4
65.12,1003,-998,0,0,-2.059999943,-0.079999998,0.610000014,0.039999999,-0.02,0,4
65.13,993,-1015,0,0,-1.149999976,0.029999999,0.730000019,0,-0.02,0,4
65.14,988,-986,0,0,-1.700000048,0.090000004,-0.02,0,-0.02,0,4
65.15,980,-959,0,0,-1.210000038,0.219999999,-0.99000001,-0.01,-0.01,0,4
65.16,962,-958,0,0,-1.620000005,0.439999998,-1.230000019,0,-0.029999999,0,4
65.17,935,-926,0,0,-1.919999957,0.01,-1.139999986,0,0,0,4
65.18,934,-903,0,0,-2.079999924,0.289999992,-0.730000019,0,0,0,4
65.19,904,-902,0,0,-1.659999967,0.01,-1.179999948,0,0.01,0,4
65.2,904,-907,0,0,-2.730000019,-0.300000012,-0.439999998,0,0,0,4
65.21,897,-899,0,0,-1.960000038,-0.270000011,-0.689999998,0,0.02,0,4
65.22,879,-874,0,0,-3.24000001,-0.039999999,-0.01,0,0.02,0,4
65.23,867,-865,0,0,-2.400000095,-0.140000001,-1.279999971,0.02,0.01,-0.01,4
65.24,837,-844,0,0,-3.079999924,-0.280000001,0.379999995,0,0.01,-0.01,4
65.25,820,-818,0,0,-2.059999943,0.25,-0.360000014,0.01,0,-0.01,4
65.26,813,-803,0,0,-2.640000105,0.289999992,0.159999996,0.01,0,-0.01,4
65.27,787,-793,0,0,-2.059999943,0.310000002,0.300000012,0,-0.01,0,4
65.28,759,-774,0,0,-2.839999914,0.49000001,0.310000002,0.01,0,0,4
65.29,757,-750,0,0,-2.5,0.319999993,-0.479999989,0,-0.01,0,4
65.3,747,-748,0,0,-2.789999962,0.129999995,0.170000002,0.01,-0.01,0,4
65.31,720,-749,0,0,-2.839999914,-0.01,-0.579999983,0,0,0,4
65.32,706,-701,0,0,-2.670000076,-0.050000001,0.159999996,0,0,0,4
65.33,698,-697,0,0,-2.630000114,-0.109999999,0,0,0.01,0,4
65.34,676,-689,0,0,-2.5,-0.039999999,-0.209999993,0,0.01,0,4
65.35,657,-662,0,0,-2.710000038,-0.230000004,0.310000002,0.01,0.01,-0.01,4
65.36,648,-646,0,0,-2.529999971,-0.050000001,0.189999998,0.01,0.01,-0.01,4
65.37,635,-622,0,0,-2.589999914,0,0.379999995,0,0,-0.01,4
65.38,614,-605,0,0,-2.49000001,-0.059999999,0.340000004,-0.029999999,0,-0.01,4
65.39,598,-598,0,0,-2.640000105,-0.07,-0.07,-0.02,-0.01,-0.01,4
65.4,578,-579,0,0,-2.720000029,-0.129999995,-0.150000006,-0.02,-0.01,-0.01,4
65.41,554,-557,0,0,-2.599999905,0.01,-0.319999993,0,0,0,4
65.42,533,-550,0,0,-2.74000001,0.150000006,-0.699999988,0,0,0,4
65.43,528,-537,0,0,-2.769999981,0.02,-0.620000005,0.01,0,0,4
65.44,509,-524,0,0,-2.910000086,0.039999999,-0.159999996,0,0,0,4
65.45,491,-504,0,0,-2.640000105,0,-0.460000008,0,0,0,4
65.46,482,-486,0,0,-2.660000086,0.270000011,-0.409999996,0,0,0,4
65.47,457,-466,0,0,-2.809999943,0.170000002,-0.469999999,0,0,0,4
65.48,447,-455,0,0,-2.579999924,0.039999999,-0.75,0,0,0,4
65.49,439,-436,0,0,-2.799999952,-0.180000007,0.07,0,0,0,4
65.5,414,-418,0,0,-2.680000067,-0.059999999,0.239999995,0,0,0,4
65.51,404,-399,0,0,-2.380000114,-0.090000004,0.310000002,-0.01,0,0,4
65.52,384,-385,0,0,-2.660000086,0.209999993,0.259999991,-0.01,0,0,4
65.53,366,-366,0,0,-2.329999924,0.259999991,0.200000003,0,0,0,4
65.54,348,-346,0,0,-2.650000095,-0.259999991,-0.209999993,0,0,0,4
65.55,336,-336,0,0,-2.369999886,0.039999999,-0.349999994,0,0,0,4
65.56,321,-319,0,0,-2.549999952,0,0.079999998,0,0,0,4
65.57,305,-304,0,0,-2.50999999,0,0.159999996,-0.01,0,0,4
65.58,288,-291,0,0,-2.670000076,0,0.129999995,-0.01,0,0,4
65.59,274,-271,0,0,-2.730000019,0.109999999,-0.170000002,0,0,0,4
65.6,247,-257,0,0,-2.819999933,0.01,0.02,0,0,0,4
65.61,238,-242,0,0,-2.859999895,0.150000006,-0.310000002,0,0,0,4
65.62,223,-216,0,0,-2.769999981,-0.07,0.180000007,0,0,0,4
65.63,193,-208,0,0,-2.440000057,0.01,-0.140000001,-0.01,0,0,4
65.64,183,-192,0,0,-2.599999905,0.029999999,-0.159999996,-0.01,0,0,4
65.65,169,-169,0,0,-2.5,0.090000004,0,0,0,0,4
65.66,148,-160,0,0,-2.970000029,0.209999993,-0.259999991,0,0,0,4
65.67,138,-138,0,0,-2.910000086,0.180000007,-0.280000001,0.01,0,0,4
65.68,126,-128,0,0,-2.75,-0.059999999,0.01,0.01,0,0,4
65.69,100,-110,0,0,-2.74000001,0,-0.100000002,0,0,0,4
65.7,91,-90,0,0,-2.400000095,-0.050000001,0.340000004,0,0,0,4
65.71,72,-79,0,0,-2.339999914,0.029999999,0.340000004,0,0,0,4
65.72,60,-59,0,0,-2.630000114,0.079999998,-0.25,0,0,0,4
65.73,39,-45,0,0,-2.359999895,0.01,-0.039999999,0,0,0,4
65.74,23,-23,0,0,-2.599999905,0.01,-0.109999999,0,0,0,4
65.75,9,1,0,0,-2.609999895,-0.07,0.01,0,0,0,4
65.76,0,0,0,0,-2.650000095,-0.029999999,0.300000012,0,0,0,4
65.77,-1,1,0,0,-2.690000057,-0.090000004,0.159999996,0,0,0,4
65.78,0,3,0,0,-2.849999905,-0.050000001,0.150000006,0,0,0,4
65.79,0,3,0,0,-1.159999967,0.059999999,-0.300000012,0,0,0,4
65.8,0,5,0,0,-1,0,-0.720000029,0,0,0,4
65.81,0,17,0,0,-0.370000005,-0.050000001,-0.829999983,0,0.02,0,4
65.82,0,1,0,0,-0.140000001,0.07,-0.439999998,0,0.02,0,4
65.83,0,3,0,0,0.910000026,0.129999995,-0.209999993,0,0.02,0,4
65.84,0,4,0,0,0.180000007,-0.100000002,0.029999999,0,0.02,0,4
65.85,0,4,0,0,1.399999976,0.01,-0.109999999,0.01,0.029999999,0,4
65.86,0,3,0,0,0.74000001,-0.25,0.180000007,0.01,0.029999999,0,4
65.87,0,0,0,0,0.980000019,0.079999998,0.119999997,0,0.02,0,4
65.88,0,0,0,0,0.660000026,-0.039999999,0.970000029,0.02,0.01,0,4
65.89,0,0,0,0,0.519999981,0.059999999,0.419999987,0,-0.01,0,4
65.9,0,0,0,0,0.629999995,-0.029999999,0.819999993,0,-0.01,0,4
65.91,0,0,0,0,-0.140000001,-0.01,-0.109999999,0,-0.01,0,4
65.92,0,0,0,0,0.150000006,0.01,-0.01,0.01,-0.01,0,4
65.93,0,0,0,0,-0.079999998,0.150000006,-0.379999995,0,-0.01,0,4
65.94,0,0,0,0,-0.189999998,0.050000001,-0.349999994,0,0,0,4
65.95,0,0,0,0,-0.189999998,0.059999999,-0.689999998,0,0,0,4
65.96,0,0,0,0,-0.189999998,0.090000004,-0.600000024,0,0,0,4
65.97,0,0,0,0,-0.270000011,-0.039999999,-0.5,0,0,0,4
65.98,0,-1,0,0,-0.259999991,0,-0.49000001,0,0,0,4
65.99,0,0,0,0,-0.340000004,-0.039999999,-0.02,0,0,0,4
66,0,0,0,0,-0.259999991,-0.059999999,-0.090000004,0,0,0,4
66.01,0,0,0,0,-0.280000001,-0.050000001,0.259999991,0,0,0,4
66.02,0,0,0,0,-0.189999998,-0.050000001,0.200000003,0,0,0,4
66.03,0,0,0,0,-0.090000004,-0.01,0.189999998,0,0,0,4
66.04,0,0,0,0,0.01,-0.02,0.219999999,0,0,0,4
66.05,0,0,0,0,0.079999998,0.02,0.07,0,0,0,4
66.06,0,0,0,0,0.119999997,0.050000001,0.039999999,0,0,0,4
66.07,0,0,0,0,0.119999997,0.029999999,0,0,0,0,4
66.08,0,0,0,0,0.140000001,0.07,0,0,0,0,4
66.09,0,0,0,0,0.059999999,0.02,-0.029999999,0,0,0,4
66.1,0,0,0,0,0.059999999,0.01,0.01,0,0,0,4
66.11,0,0,0,0,0.01,-0.029999999,0.01,0,0,0,4
66.12,0,0,0,0,-0.050000001,-0.039999999,-0.01,0,0,0,4
66.13,0,0,0,0,-0.029999999,-0.02,-0.090000004,0,0,0,4
66.14,0,0,0,0,-0.029999999,-0.039999999,-0.090000004,0,0,0,4
66.15,0,0,0,0,-0.039999999,0,-0.109999999,0,0,0,4
66.16,0,0,0,0,-0.059999999,-0.01,-0.029999999,0,0,0,4
66.17,0,0,0,0,-0.059999999,0.01,0.01,0,0,0,4
66.18,0,0,0,0,-0.059999999,0.059999999,0.02,0,0,0,4
66.19,0,0,0,0,-0.050000001,0.029999999,0.150000006,0,0,0,4
66.2,0,0,0,0,-0.059999999,0.029999999,0.090000004,0,0,0,4
66.21,0,0,0,0,-0.07,0,0.079999998,0,0,0,4
66.22,0,0,0,0,-0.059999999,-0.02,0.059999999,0,0,0,4
66.23,0,0,0,0,-0.059999999,-0.029999999,0.01,0,0,0,4
66.24,0,0,0,0,-0.01,-0.02,-0.029999999,0,0,0,4
66.25,0,0,0,0,0,-0.02,-0.02,0,0,0,4
66.26,0,0,0,0,-0.02,0.01,-0.07,0,0,0,4
66.27,0,0,0,0,-0.02,0.01,-0.079999998,0,0,0,4
66.28,0,0,0,0,-0.039999999,0,-0.029999999,0,0,0,4
66.29,0,0,0,0,0.01,0.01,0.029999999,0,0,0,4
66.3,0,0,0,0,-0.01,0.02,-0.02,0,0,0,4
66.31,0,0,0,0,0,-0.02,0,0,0,0,4
66.32,0,0,0,0,0.01,0,-0.029999999,0,0,0,4
66.33,0,0,0,0,-0.01,-0.02,-0.039999999,0,0,0,4
66.34,0,0,0,0,0,-0.029999999,0.050000001,0,0,0,4
66.35,0,0,0,0,-0.050000001,0.01,0,0,0,0,4
66.36,0,0,0,0,-0.079999998,0,0.109999999,0,0,0,4
66.37,0,0,0,0,-0.07,0.01,-0.07,0,0,0,4
66.38,0,0,0,0,-0.07,0,-0.02,0,0,0,4
66.39,0,0,0,0,-0.02,-0.029999999,-0.02,0,0,0,4
66.4,0,0,0,0,0.050000001,0,-0.050000001,0,0,0,4
66.41,0,0,0,0,0.050000001,0.029999999,0.02,0,0,0,4
66.42,0,0,0,0,0,0.02,0.059999999,0,0,0,4
66.43,0,0,0,0,0,0.029999999,0.01,0,0,0,4
66.44,0,0,0,0,-0.02,0.02,0.079999998,0,0,0,4
66.45,0,0,0,0,-0.01,0.01,0.039999999,0,0,0,4
66.46,0,0,0,0,-0.029999999,0.01,0.029999999,0,0,0,4
66.47,0,0,0,0,-0.090000004,0.02,-0.029999999,0,0,0,4
66.48,0,0,0,0,-0.07,-0.039999999,-0.029999999,0,0,0,4
66.49,0,0,0,0,-0.059999999,0.02,-0.02,0,0,0,4
66.5,0,0,0,0,-0.100000002,0,0,0,0,0,4
66.51,0,0,0,0,-0.050000001,0.01,0,0,0,0,4
66.52,0,0,0,0,-0.07,-0.050000001,0.039999999,0,0,0,4
66.53,0,0,0,0,-0.039999999,0,0.01,0,0,0,4
66.54,0,0,0,0,0,0,0.059999999,0,0,0,4
66.55,0,0,0,0,0,0,0.100000002,0,0,0,4
66.56,0,0,0,0,0.01,0.07,0.029999999,0,0,0,4
66.57,0,0,0,0,0.01,0,-0.01,0,0,0,4
66.58,0,0,0,0,0,0.050000001,0.029999999,0,0,0,4
66.59,0,0,0,0,0,0.01,-0.07,0,0,0,4
66.6,0,0,0,0,0,0.079999998,-0.039999999,0,0,0,4
66.61,0,0,0,0,-0.02,0.039999999,0.039999999,0,0,0,4
66.62,0,0,0,0,-0.02,0.079999998,0.029999999,0,0,0,4
66.63,0,0,0,0,0.01,0.050000001,0,0,0,0,4
66.64,0,0,0,0,-0.059999999,0.02,-0.01,0,0,0,4
66.65,0,0,0,0,-0.079999998,0,-0.02,0,0,0,4
66.66,0,0,0,0,-0.050000001,-0.039999999,-0.050000001,0,0,0,4
66.67,0,0,0,0,-0.079999998,-0.090000004,-0.02,0,0,0,4
66.68,0,0,0,0,-0.050000001,-0.100000002,-0.07,0,0,0,4
66.69,0,0,0,0,-0.07,-0.090000004,0.01,0,0,0,4
66.7,0,0,0,0,-0.07,-0.039999999,0.029999999,0,0,0,4
66.71,0,0,0,0,0,0,0.07,0,0,0,4
66.72,0,0,0,0,-0.02,0.059999999,0.090000004,0,0,0,4
66.73,0,0,0,0,0.02,0.109999999,0.02,0,0,0,4
66.74,0,0,0,0,0,0.07,0.039999999,0,0,0,4
66.75,0,0,0,0,0,0.079999998,-0.01,0,0,0,4
66.76,0,0,0,0,0,0.01,-0.039999999,0,0,0,4
66.77,0,0,0,0,-0.02,0,0,0,0,0,4
66.78,0,0,0,0,-0.01,0.01,0.039999999,0,0,0,4
66.79,0,0,0,0,0,0,-0.01,0,0,0,4
66.8,0,0,0,0,-0.02,-0.01,0,0,0,0,4
66.81,0,0,0,0,-0.029999999,-0.029999999,0.02,0,0,0,4
66.82,0,0,0,0,-0.01,0,0,0,0,0,4
66.83,0,0,0,0,-0.039999999,0,-0.039999999,0,0,0,4
66.84,0,0,0,0,-0.050000001,0.01,0,0,0,0,4
66.85,0,0,0,0,-0.100000002,-0.029999999,-0.02,0,0,0,4
66.86,0,0,0,0,-0.039999999,0,-0.07,0,0,0,4
66.87,0,0,0,0,-0.050000001,-0.01,0.079999998,0,0,0,4
66.88,0,0,0,0,-0.050000001,0.039999999,-0.01,0,0,0,4
66.89,0,0,0,0,0,0.039999999,0.01,0,0,0,4
66.9,0,0,0,0,-0.02,0.029999999,-0.029999999,0,0,0,4
66.91,0,0,0,0,0,0.029999999,-0.02,0,0,0,4
66.92,0,0,0,0,0,0.029999999,-0.029999999,0,0,0,4
66.93,0,0,0,0,0,0.01,-0.02,0,0,0,4
66.94,0,0,0,0,0.029999999,0,-0.01,0,0,0,4
66.95,0,0,0,0,-0.01,-0.029999999,-0.01,0,0,0,4
66.96,0,0,0,0,-0.01,-0.039999999,0,0,0,0,4
66.97,0,0,0,0,-0.01,-0.02,0,0,0,0,4
66.98,0,0,0,0,-0.050000001,0.01,0.07,0,0,0,4
66.99,0,0,0,0,-0.01,0.01,0.01,0,0,0,4
67,0,0,0,0,-0.059999999,0,0.079999998,0,0,0,4
67.01,0,0,0,0,-0.07,0.01,0.02,0,0,0,4
67.02,0,0,0,0,-0.039999999,0.02,0,0,0,0,4
67.03,0,0,0,0,-0.059999999,-0.029999999,-0.039999999,0,0,0,4
67.04,0,0,0,0,-0.07,0,-0.029999999,0,0,0,4
67.05,0,0,0,0,-0.059999999,-0.02,0,0,0,0,4
67.06,0,0,0,0,-0.01,-0.029999999,-0.07,0,0,0,4
67.07,0,0,0,0,-0.039999999,0,0.050000001,0,0,0,4
67.08,0,0,0,0,-0.039999999,0,0,0,0,0,4
67.09,0,0,0,0,0,0.039999999,0.02,0,0,0,4
67.1,0,0,0,0,-0.029999999,-0.01,0,0,0,0,4
67.11,0,0,0,0,0.01,0.02,0,0,0,0,4
67.12,0,0,0,0,0,0.01,0.01,0,0,0,4
67.13,0,0,0,0,0,0,-0.029999999,0,0,0,4
67.14,0,0,0,0,0,0,-0.02,0,0,0,4
67.15,0,0,0,0,-0.059999999,0,0.090000004,0,0,0,4
67.16,0,0,0,0,-0.039999999,0.01,0.01,0,0,0,4
67.17,0,0,0,0,-0.07,0.029999999,0.039999999,0,0,0,4
67.18,0,0,0,0,-0.07,0.02,0.050000001,0,0,0,4
67.19,0,0,0,0,-0.029999999,0.02,0.02,0,0,0,4
67.2,0,0,0,0,-0.029999999,0.050000001,0.07,0,0,0,4
67.21,0,0,0,0,-0.01,0,-0.090000004,0,0,0,4
67.22,0,0,0,0,0,0.07,-0.02,0,0,0,4
67.23,0,0,0,0,-0.059999999,-0.029999999,-0.039999999,0,0,0,4
67.24,0,0,0,0,-0.029999999,0,-0.090000004,0,0,0,4
67.25,0,0,0,0,-0.02,-0.02,-0.02,0,0,0,4
67.26,0,0,0,0,0.01,-0.029999999,0,0,0,0,4
67.27,0,0,0,0,-0.01,-0.029999999,-0.059999999,0,0,0,4
67.28,0,0,0,0,-0.029999999,0,-0.059999999,0,0,0,4
67.29,0,0,0,0,0,0,0.07,0,0,0,4
67.3,0,0,0,0,-0.050000001,0,0,0,0,0,4
67.31,0,0,0,0,-0.01,0.01,0.050000001,0,0,0,4
67.32,0,0,0,0,-0.039999999,0,0,0,0,0,4
67.33,0,0,0,0,-0.02,0.029999999,-0.02,0,0,0,4
67.34,0,0,0,0,-0.050000001,-0.029999999,-0.039999999,0,0,0,4
67.35,0,0,0,0,-0.029999999,0.02,0.01,0,0,0,4
67.36,0,0,0,0,-0.01,-0.01,0.02,0,0,0,4
67.37,0,0,0,0,-0.050000001,0.029999999,0,0,0,0,4
67.38,0,0,0,0,-0.01,0,0.02,0,0,0,4
67.39,0,0,0,0,-0.01,0.039999999,-0.02,0,0,0,4
67.4,0,0,0,0,0,0.039999999,0.039999999,0,0,0,4
67.41,0,0,0,0,-0.02,0.01,0,0,0,0,4
67.42,0,0,0,0,0,0.029999999,0.100000002,0,0,0,4
67.43,0,0,0,0,-0.01,0,0.02,0,0,0,4
67.44,0,0,0,0,-0.050000001,0.01,0.029999999,0,0,0,4
67.45,0,0,0,0,-0.07,0.01,0.02,0,0,0,4
67.46,0,0,0,0,-0.029999999,0,0,0,0,0,4
67.47,0,0,0,0,-0.039999999,-0.050000001,-0.029999999,0,0,0,4
67.48,0,0,0,0,-0.02,0.01,-0.02,0,0,0,4
67.49,0,0,0,0,-0.029999999,0,-0.039999999,0,0,0,4
67.5,0,0,0,0,-0.01,0.01,-0.059999999,0,0,0,4
67.51,0,0,0,0,-0.059999999,0.01,0,0,0,0,4
67.52,0,0,0,0,-0.02,0,0,0,0,0,4
67.53,0,0,0,0,-0.050000001,-0.029999999,0.029999999,0,0,0,4
67.54,0,0,0,0,-0.050000001,-0.02,0.029999999,0,0,0,4
67.55,0,0,0,0,-0.050000001,0,0,0,0,0,4
67.56,0,0,0,0,-0.050000001,0,-0.059999999,0,0,0,4
67.57,0,0,0,0,-0.02,0.02,0.01,0,0,0,4
67.58,0,0,0,0,0.01,0.029999999,-0.050000001,0,0,0,4
67.59,0,0,0,0,0,0.01,-0.029999999,0,0,0,4
67.6,0,0,0,0,0.01,0.039999999,-0.02,0,0,0,4
67.61,0,0,0,0,-0.02,0.02,0,0,0,0,4
67.62,0,0,0,0,-0.039999999,0,0.039999999,0,0,0,4
67.63,0,0,0,0,-0.029999999,0,0.090000004,0,0,0,4
67.64,0,0,0,0,-0.059999999,0,0.050000001,0,0,0,4
67.65,0,0,0,0,-0.02,0.02,0.029999999,0,0,0,4
67.66,0,0,0,0,-0.029999999,0.01,0,0,0,0,4
67.67,0,0,0,0,-0.029999999,-0.01,-0.059999999,0,0,0,4
67.68,0,0,0,0,-0.039999999,0,-0.07,0,0,0,4
67.69,0,0,0,0,-0.02,-0.039999999,-0.07,0,0,0,4
67.7,0,0,0,0,-0.029999999,-0.02,-0.029999999,0,0,0,4
67.71,0,0,0,0,-0.039999999,0.02,-0.01,0,0,0,4
67.72,0,0,0,0,-0.050000001,-0.029999999,0,0,0,0,4
67.73,0,0,0,0,-0.02,0.02,0.029999999,0,0,0,4
67.74,0,0,0,0,-0.01,-0.02,0.01,0,0,0,4
67.75,0,0,0,0,-0.01,0.050000001,0.029999999,0,0,0,4
67.76,0,0,0,0,-0.01,0,0,0,0,0,4
67.77,0,0,0,0,-0.029999999,0.050000001,0,0,0,0,4
67.78,0,0,0,0,-0.050000001,0,0,0,0,0,4
67.79,0,0,0,0,-0.050000001,0,0,0,0,0,4
67.8,0,0,0,0,-0.039999999,0.01,0,0,0,0,4
67.81,0,0,0,0,-0.029999999,0.029999999,0.01,0,0,0,4
67.82,0,0,0,0,-0.01,0.039999999,0.02,0,0,0,4
67.83,0,0,0,0,0,0.029999999,0,0,0,0,4
67.84,0,0,0,0,0,0.02,-0.02,0,0,0,4
67.85,0,0,0,0,-0.01,0.039999999,0.02,0,0,0,4
67.86,0,0,0,0,-0.029999999,0.039999999,0.050000001,0,0,0,4
67.87,0,0,0,0,-0.07,-0.01,-0.01,0,0,0,4
67.88,0,0,0,0,-0.07,0.01,-0.029999999,0,0,0,4
67.89,0,0,0,0,-0.059999999,0,-0.039999999,0,0,0,4
67.9,0,0,0,0,-0.029999999,0,-0.07,0,0,0,4
67.91,0,0,0,0,0.02,-0.039999999,0,0,0,0,4
67.92,0,0,0,0,-0.01,-0.01,-0.050000001,0,0,0,4
67.93,0,0,0,0,0.01,-0.01,0,0,0,0,4
67.94,0,0,0,0,-0.029999999,0,0.059999999,0,0,0,4
67.95,0,0,0,0,0,0.02,0.050000001,0,0,0,4
67.96,0,0,0,0,-0.039999999,0,0.02,0,0,0,4
67.97,0,0,0,0,-0.01,-0.01,0.029999999,0,0,0,4
67.98,0,0,0,0,-0.02,-0.029999999,-0.050000001,0,0,0,4
67.99,0,0,0,0,-0.050000001,0.01,0.029999999,0,0,0,4
68,0,0,0,0,-0.039999999,-0.02,-0.02,0,0,0,4
68.01,0,0,0,0,-0.029999999,0.01,0.01,0,0,0,4
68.02,0,0,0,0,-0.059999999,0.01,0.02,0,0,0,4
68.03,0,0,0,0,-0.050000001,0.039999999,-0.02,0,0,0,4
68.04,0,0,0,0,-0.02,0.01,0.050000001,0,0,0,4
68.05,0,0,0,0,-0.039999999,0.029999999,-0.02,0,0,0,4
68.06,0,0,0,0,-0.01,0.039999999,0.039999999,0,0,0,4
68.07,0,0,0,0,-0.02,0,-0.02,0,0,0,4
68.08,0,0,0,0,-0.039999999,0,-0.039999999,0,0,0,4
68.09,0,0,0,0,-0.01,0,-0.02,0,0,0,4
68.1,0,0,0,0,0,-0.01,0.02,0,0,0,4
68.11,0,0,0,0,-0.01,0,0.02,0,0,0,4
68.12,0,0,0,0,0,0.029999999,0.029999999,0,0,0,4
68.13,0,0,0,0,-0.01,0,0.039999999,0,0,0,4
68.14,0,0,0,0,-0.029999999,0.02,-0.029999999,0,0,0,4
68.15,0,0,0,0,-0.050000001,-0.02,-0.01,0,0,0,4
68.16,0,0,0,0,-0.039999999,0.039999999,-0.07,0,0,0,4
68.17,0,0,0,0,-0.039999999,0,0.01,0,0,0,4
68.18,0,0,0,0,-0.02,0,0.01,0,0,0,4
68.19,0,0,0,0,-0.059999999,0.029999999,0.050000001,0,0,0,4
68.2,0,0,0,0,-0.079999998,-0.029999999,0,0,0,0,4
68.21,0,0,0,0,-0.050000001,0.02,0.059999999,0,0,0,4
68.22,0,0,0,0,-0.079999998,0.01,0.029999999,0,0,0,4
68.23,0,0,0,0,-0.039999999,-0.01,0,0,0,0,4
68.24,0,0,0,0,0,0,0.050000001,0,0,0,4
68.25,0,0,0,0,-0.02,-0.029999999,0,0,0,0,4
68.26,0,0,0,0,-0.02,0,0,0,0,0,4
68.27,0,0,0,0,0,0,0.039999999,0,0,0,4
68.28,0,0,0,0,-0.02,-0.01,0.050000001,0,0,0,4
68.29,0,0,0,0,0,0,0,0,0,0,4
68.3,0,0,0,0,-0.02,-0.01,0.02,0,0,0,4
68.31,0,0,0,0,-0.050000001,-0.02,0.02,0,0,0,4
68.32,0,0,0,0,-0.059999999,0,-0.01,0,0,0,4
68.33,0,0,0,0,-0.02,0,-0.050000001,0,0,0,4
68.34,0,0,0,0,-0.050000001,-0.01,-0.079999998,0,0,0,4
68.35,0,0,0,0,-0.050000001,0,-0.059999999,0,0,0,4
68.36,0,0,0,0,-0.029999999,-0.01,-0.039999999,0,0,0,4
68.37,0,0,0,0,-0.01,0.02,0.029999999,0,0,0,4
68.38,0,0,0,0,0,-0.01,0.059999999,0,0,0,4
68.39,0,0,0,0,0,0.039999999,0.07,0,0,0,4
68.4,0,0,0,0,0,0.01,0.07,0,0,0,4
68.41,0,0,0,0,-0.02,0.039999999,0.029999999,0,0,0,4
68.42,0,0,0,0,0,0.01,-0.01,0,0,0,4
68.43,0,0,0,0,-0.01,0.050000001,0,0,0,0,4
68.44,0,0,0,0,-0.02,0.02,-0.039999999,0,0,0,4
68.45,0,0,0,0,-0.02,0,-0.079999998,0,0,0,4
68.46,0,0,0,0,-0.039999999,0.02,-0.02,0,0,0,4
68.47,0,0,0,0,-0.02,0.02,-0.01,0,0,0,4
68.48,0,0,0,0,-0.02,0.01,0.050000001,0,0,0,4
68.49,0,0,0,0,-0.01,0,-0.01,0,0,0,4
68.5,0,0,0,0,0,0,0,0,0,0,4
68.51,0,0,0,0,-0.01,-0.02,0.01,0,0,0,4
68.52,0,0,0,0,-0.02,0,-0.02,0,0,0,4
68.53,0,0,0,0,-0.039999999,0.029999999,0,0,0,0,4
68.54,0,0,0,0,-0.039999999,-0.01,-0.01,0,0,0,4
68.55,0,0,0,0,-0.090000004,0.01,0,0,0,0,4
68.56,0,0,0,0,-0.059999999,0,-0.039999999,0,0,0,4
68.57,0,0,0,0,-0.079999998,0,-0.059999999,0,0,0,4
68.58,0,0,0,0,-0.01,0,-0.07,0,0,0,4
68.59,0,0,0,0,-0.029999999,0,0.029999999,0,0,0,4
68.6,0,0,0,0,0,-0.01,0.039999999,0,0,0,4
68.61,0,0,0,0,0,0,0.050000001,0,0,0,4
68.62,0,0,0,0,0,-0.01,0.039999999,0,0,0,4
68.63,0,0,0,0,-0.02,0.01,0.050000001,0,0,0,4
68.64,0,0,0,0,-0.01,-0.01,0.090000004,0,0,0,4
68.65,0,0,0,0,-0.029999999,0.029999999,0.039999999,0,0,0,4
68.66,0,0,0,0,-0.039999999,0,0.050000001,0,0,0,4
68.67,0,0,0,0,-0.02,0.01,-0.01,0,0,0,4
68.68,0,0,0,0,-0.029999999,-0.01,-0.050000001,0,0,0,4
68.69,0,0,0,0,-0.050000001,0,0,0,0,0,4
68.7,0,0,0,0,-0.039999999,-0.01,-0.02,0,0,0,4
68.71,0,0,0,0,-0.07,-0.029999999,0.050000001,0,0,0,4
68.72,0,0,0,0,-0.029999999,-0.01,0.029999999,0,0,0,4
68.73,0,0,0,0,-0.02,0,0.050000001,0,0,0,4
68.74,0,0,0,0,0,-0.039999999,0.02,0,0,0,4
68.75,0,0,0,0,0.01,0.01,0,0,0,0,4
68.76,0,0,0,0,0,0.01,-0.02,0,0,0,4
68.77,0,0,0,0,0.01,-0.01,-0.050000001,0,0,0,4
68.78,0,0,0,0,-0.029999999,0.01,-0.059999999,0,0,0,4
68.79,0,0,0,0,-0.02,0,0,0,0,0,4
68.8,0,0,0,0,-0.029999999,-0.01,0,0,0,0,4
68.81,0,0,0,0,-0.079999998,0,0.02,0,0,0,4
68.82,0,0,0,0,-0.02,0,0.039999999,0,0,0,4
68.83,0,0,0,0,-0.039999999,0,0,0,0,0,4
68.84,0,0,0,0,-0.02,0.01,0,0,0,0,4
68.85,0,0,0,0,0,0.029999999,0,0,0,0,4
68.86,0,0,0,0,-0.02,0.02,0.01,0,0,0,4
68.87,0,0,0,0,-0.02,0.02,-0.02,0,0,0,4
68.88,0,0,0,0,-0.029999999,0.029999999,0.050000001,0,0,0,4
68.89,0,0,0,0,-0.029999999,-0.02,-0.01,0,0,0,4
68.9,0,0,0,0,-0.059999999,0.029999999,-0.029999999,0,0,0,4
68.91,0,0,0,0,-0.039999999,-0.039999999,0,0,0,0,4
68.92,0,0,0,0,-0.039999999,0,0,0,0,0,4
68.93,0,0,0,0,-0.01,-0.02,-0.100000002,0,0,0,4
68.94,0,0,0,0,-0.01,0.050000001,0,0,0,0,4
68.95,0,0,0,0,0.02,0.01,-0.01,0,0,0,4
68.96,0,0,0,0,0,0.029999999,-0.039999999,0,0,0,4
68.97,0,0,0,0,-0.029999999,0,-0.02,0,0,0,4
68.98,0,0,0,0,-0.01,0,-0.059999999,0,0,0,4
68.99,0,0,0,0,-0.029999999,-0.02,0,0,0,0,4
69,0,0,0,0,-0.039999999,-0.029999999,0,0,0,0,4
69.01,0,0,0,0,-0.02,0.01,-0.01,0,0,0,4
69.02,0,0,0,0,-0.050000001,-0.059999999,-0.01,0,0,0,4
69.03,0,0,0,0,-0.02,0.02,-0.029999999,0,0,0,4
69.04,0,0,0,0,-0.029999999,0.01,-0.029999999,0,0,0,4
69.05,0,0,0,0,-0.02,0.02,-0.050000001,0,0,0,4
69.06,0,0,0,0,-0.01,0,0,0,0,0,4
69.07,0,0,0,0,-0.01,0.029999999,0.02,0,0,0,4
69.08,0,0,0,0,-0.02,0.01,0.07,0,0,0,4
69.09,0,0,0,0,-0.01,0.02,0.050000001,0,0,0,4
69.1,0,0,0,0,-0.01,-0.01,0.01,0,0,0,4
69.11,0,0,0,0,0,0,0.02,0,0,0,4
69.12,0,0,0,0,0,0.039999999,0.039999999,0,0,0,4
69.13,0,0,0,0,-0.01,0.01,-0.02,0,0,0,4
69.14,0,0,0,0,0,0.07,0.059999999,0,0,0,4
69.15,0,0,0,0,-0.01,0,-0.079999998,0,0,0,4
69.16,0,0,0,0,-0.050000001,0.059999999,-0.02,0,0,0,4
69.17,0,0,0,0,-0.050000001,0,-0.100000002,0,0,0,4
69.18,0,0,0,0,-0.039999999,0,-0.07,0,0,0,4
69.19,0,0,0,0,-0.02,-0.02,-0.01,0,0,0,4
69.2,0,0,0,0,-0.07,-0.039999999,-0.050000001,0,0,0,4
69.21,0,0,0,0,-0.02,0,0.090000004,0,0,0,4
69.22,0,0,0,0,-0.059999999,-0.029999999,0.039999999,0,0,0,4
69.23,0,0,0,0,-0.039999999,0,0.039999999,0,0,0,4
69.24,0,0,0,0,-0.050000001,-0.01,0,0,0,0,4
69.25,0,0,0,0,-0.07,-0.01,0,0,0,0,4
69.26,0,0,0,0,-0.050000001,-0.029999999,-0.07,0,0,0,4
69.27,0,0,0,0,-0.01,0,0.02,0,0,0,4
69.28,0,0,0,0,0,-0.02,-0.039999999,0,0,0,4
69.29,0,0,0,0,-0.02,0.01,-0.029999999,0,0,0,4
69.3,0,0,0,0,-0.01,-0.02,-0.029999999,0,0,0,4
69.31,0,0,0,0,-0.02,0.029999999,0.039999999,0,0,0,4
69.32,0,0,0,0,-0.02,0.01,0.129999995,0,0,0,4
69.33,0,0,0,0,0,0.029999999,0.07,0,0,0,4
69.34,0,0,0,0,0.02,0.079999998,0.059999999,0,0,0,4
69.35,0,0,0,0,-0.02,-0.02,0.01,0,0,0,4
69.36,0,0,0,0,-0.039999999,0.059999999,-0.029999999,0,0,0,4
69.37,0,0,0,0,-0.050000001,0,-0.01,0,0,0,4
69.38,0,0,0,0,-0.01,0.01,-0.079999998,0,0,0,4
69.39,0,0,0,0,-0.059999999,0.029999999,-0.02,0,0,0,4
69.4,0,0,0,0,-0.050000001,-0.029999999,0,0,0,0,4
69.41,0,0,0,0,-0.050000001,0,-0.02,0,0,0,4
69.42,0,0,0,0,-0.01,-0.01,0,0,0,0,4
69.43,0,0,0,0,-0.029999999,0.039999999,-0.01,0,0,0,4
69.44,0,0,0,0,0,0,0.029999999,0,0,0,4
69.45,0,0,0,0,0.029999999,0,0.01,0,0,0,4
69.46,0,0,0,0,-0.01,0,0.02,0,0,0,4
69.47,0,0,0,0,-0.01,0,0.02,0,0,0,4
69.48,0,0,0,0,-0.01,-0.02,0.039999999,0,0,0,4
69.49,0,0,0,0,-0.039999999,0.01,0.029999999,0,0,0,4
69.5,0,0,0,0,-0.079999998,0.01,0,0,0,0,4
69.51,0,0,0,0,-0.07,0.01,-0.039999999,0,0,0,4
69.52,0,0,0,0,-0.039999999,0.02,-0.029999999,0,0,0,4
69.53,0,0,0,0,-0.029999999,0,-0.050000001,0,0,0,4
69.54,0,0,0,0,-0.02,0,-0.01,0,0,0,4
69.55,0,0,0,0,-0.029999999,0,-0.01,0,0,0,4
69.56,0,0,0,0,-0.039999999,0.01,0.079999998,0,0,0,4
69.57,0,0,0,0,-0.029999999,0.029999999,0.029999999,0,0,0,4
69.58,0,0,0,0,-0.050000001,0,0.050000001,0,0,0,4
69.59,0,0,0,0,0,-0.01,0.029999999,0,0,0,4
69.6,0,0,0,0,0,0.01,-0.039999999,0,0,0,4
69.61,0,0,0,0,-0.029999999,-0.029999999,-0.02,0,0,0,4
69.62,0,0,0,0,-0.02,0.01,-0.050000001,0,0,0,4
69.63,0,0,0,0,0,0,-0.079999998,0,0,0,4
69.64,0,0,0,0,-0.02,-0.039999999,-0.050000001,0,0,0,4
69.65,0,0,0,0,-0.039999999,0.02,0.01,0,0,0,4
69.66,0,0,0,0,-0.01,-0.02,0,0,0,0,4
69.67,0,0,0,0,0,0.02,0.050000001,0,0,0,4
69.68,0,0,0,0,0,-0.01,0,0,0,0,4
69.69,0,0,0,0,-0.01,0.050000001,0.100000002,0,0,0,4
69.7,0,0,0,0,0,0.02,0.050000001,0,0,0,4
69.71,0,0,0,0,-0.029999999,0.02,0.01,0,0,0,4
69.72,0,0,0,0,-0.029999999,0.02,0.029999999,0,0,0,4
69.73,0,0,0,0,-0.039999999,0.039999999,0,0,0,0,4
69.74,0,0,0,0,-0.02,0.01,0.050000001,0,0,0,4
69.75,0,0,0,0,-0.02,0.029999999,-0.02,0,0,0,4
69.76,0,0,0,0,-0.02,0.029999999,0.050000001,0,0,0,4
69.77,0,0,0,0,-0.050000001,0.02,-0.01,0,0,0,4
69.78,0,0,0,0,0,0.050000001,0.02,0,0,0,4
69.79,0,0,0,0,-0.050000001,0,-0.02,0,0,0,4
69.8,0,0,0,0,0,0.039999999,0.050000001,0,0,0,4
69.81,0,0,0,0,-0.039999999,-0.050000001,-0.01,0,0,0,4
69.82,0,0,0,0,-0.029999999,0,-0.02,0,0,0,4
69.83,0,0,0,0,-0.02,-0.01,-0.029999999,0,0,0,4
69.84,0,0,0,0,-0.01,0,0.039999999,0,0,0,4
69.85,0,0,0,0,0,0.059999999,-0.02,0,0,0,4
69.86,0,0,0,0,-0.039999999,0,-0.01,0,0,0,4
69.87,0,0,0,0,-0.059999999,0.02,0,0,0,0,4
69.88,0,0,0,0,-0.059999999,0,-0.01,0,0,0,4
69.89,0,0,0,0,-0.029999999,0,0,0,0,0,4
69.9,0,0,0,0,-0.039999999,0,-0.01,0,0,0,4
69.91,0,0,0,0,-0.039999999,0.01,0.01,0,0,0,4
69.92,0,0,0,0,-0.07,0.02,0.07,0,0,0,4
69.93,0,0,0,0,-0.039999999,0,-0.029999999,0,0,0,4
69.94,0,0,0,0,-0.01,0.01,0.01,0,0,0,4
69.95,0,0,0,0,-0.039999999,0,0,0,0,0,4
69.96,0,0,0,0,-0.01,0.039999999,-0.02,0,0,0,4
69.97,0,0,0,0,-0.02,-0.029999999,-0.07,0,0,0,4
69.98,0,0,0,0,-0.029999999,-0.02,0,0,0,0,4
69.99,0,0,0,0,-0.02,0,0,0,0,0,4
70,0,0,0,0,-0.029999999,0,0,0,0,0,4
70.01,0,0,0,0,0.02,0,0.02,0,0,0,4
70.02,0,0,0,0,-0.02,0,0.059999999,0,0,0,4
70.03,0,0,0,0,-0.050000001,0.02,0,0,0,0,4
70.04,0,0,0,0,-0.02,-0.02,0.01,0,0,0,4
70.05,0,0,0,0,-0.029999999,0.039999999,0,0,0,0,4
70.06,0,0,0,0,-0.039999999,-0.01,-0.07,0,0,0,4
70.07,0,0,0,0,-0.02,0.01,0.039999999,0,0,0,4
70.08,0,0,0,0,-0.039999999,0,0,0,0,0,4
70.09,0,0,0,0,-0.039999999,0.029999999,0.01,0,0,0,4
70.1,0,0,0,0,-0.029999999,0.02,0.01,0,0,0,4
70.11,0,0,0,0,-0.029999999,0.02,0.01,0,0,0,4
70.12,0,0,0,0,0.02,0.01,0.02,0,0,0,4
70.13,0,0,0,0,-0.039999999,0,0,0,0,0,4
70.14,0,0,0,0,-0.02,0.01,0.039999999,0,0,0,4
70.15,0,0,0,0,0,0.01,0.029999999,0,0,0,4
70.16,0,0,0,0,-0.02,0.039999999,0.050000001,0,0,0,4
70.17,0,0,0,0,-0.01,0,-0.050000001,0,0,0,4
70.18,0,0,0,0,-0.02,0,-0.029999999,0,0,0,4
70.19,0,0,0,0,-0.02,0,-0.059999999,0,0,0,4
70.2,0,0,0,0,-0.029999999,0.029999999,-0.07,0,0,0,4
70.21,0,0,0,0,-0.02,-0.01,-0.02,0,0,0,4
70.22,0,0,0,0,-0.050000001,0.02,0,0,0,0,4
70.23,0,0,0,0,-0.02,-0.01,0,0,0,0,4
70.24,0,0,0,0,-0.050000001,-0.02,0.02,0,0,0,4
70.25,0,0,0,0,0,0,0.050000001,0,0,0,4
70.26,0,0,0,0,-0.029999999,0.050000001,0.039999999,0,0,0,4
70.27,0,0,0,0,-0.029999999,0.01,0.059999999,0,0,0,4
70.28,0,0,0,0,-0.029999999,0,0.079999998,0,0,0,4
70.29,0,0,0,0,-0.02,0.01,0,0,0,0,4
70.3,0,0,0,0,-0.02,0.02,0,0,0,0,4
70.31,0,0,0,0,-0.02,-0.01,-0.01,0,0,0,4
70.32,0,0,0,0,-0.029999999,0,-0.02,0,0,0,4
70.33,0,0,0,0,-0.039999999,-0.01,-0.029999999,0,0,0,4
70.34,0,0,0,0,-0.039999999,-0.029999999,-0.039999999,0,0,0,4
70.35,0,0,0,0,-0.02,-0.029999999,-0.090000004,0,0,0,4
70.36,0,0,0,0,0,0.01,-0.039999999,0,0,0,4
70.37,0,0,0,0,0.029999999,0.029999999,0,0,0,0,4
70.38,0,0,0,0,0,0.02,0,0,0,0,4
70.39,0,0,0,0,-0.02,0.039999999,0.059999999,0,0,0,4
70.4,0,0,0,0,0,-0.01,0,0,0,0,4
70.41,0,0,0,0,-0.059999999,0.029999999,0.059999999,0,0,0,4
70.42,0,0,0,0,-0.059999999,-0.01,-0.01,0,0,0,4
70.43,0,0,0,0,-0.01,0.029999999,0.039999999,0,0,0,4
70.44,0,0,0,0,-0.050000001,0.01,-0.029999999,0,0,0,4
70.45,0,0,0,0,-0.039999999,0.029999999,0,0,0,0,4
70.46,0,0,0,0,0,0.029999999,0.02,0,0,0,4
70.47,0,0,0,0,-0.02,0.029999999,-0.050000001,0,0,0,4
70.48,0,0,0,0,0.01,0.029999999,0.02,0,0,0,4
70.49,0,0,0,0,0,0,-0.039999999,0,0,0,4
70.5,0,0,0,0,0,0,0,0,0,0,4
70.51,0,0,0,0,-0.029999999,0,0.02,0,0,0,4
70.52,0,0,0,0,-0.01,-0.01,-0.029999999,0,0,0,4
70.53,0,0,0,0,0,0,0,0,0,0,4
70.54,0,0,0,0,0,0,-0.039999999,0,0,0,4
70.55,0,0,0,0,-0.029999999,0.01,0.02,0,0,0,4
70.56,0,0,0,0,-0.050000001,0.02,-0.029999999,0,0,0,4
70.57,0,0,0,0,-0.039999999,-0.02,-0.059999999,0,0,0,4
70.58,0,0,0,0,-0.050000001,0,-0.050000001,0,0,0,4
70.59,0,0,0,0,-0.07,-0.01,0.029999999,0,0,0,4
70.6,0,0,0,0,-0.039999999,0.02,0,0,0,0,4
70.61,0,0,0,0,-0.029999999,-0.02,0.039999999,0,0,0,4
70.62,0,0,0,0,-0.07,0,0.050000001,0,0,0,4
70.63,0,0,0,0,-0.029999999,0.01,0.039999999,0,0,0,4
70.64,0,0,0,0,-0.02,0.01,0.07,0,0,0,4
70.65,0,0,0,0,-0.029999999,0.01,0.050000001,0,0,0,4
70.66,0,0,0,0,0,0,0.01,0,0,0,4
70.67,0,0,0,0,-0.029999999,-0.029999999,-0.039999999,0,0,0,4
70.68,0,0,0,0,-0.059999999,-0.01,0,0,0,0,4
70.69,0,0,0,0,0,0,0,0,0,0,4
70.7,0,0,0,0,-0.039999999,0.02,0.039999999,0,0,0,4
70.71,0,0,0,0,0.01,0.01,0.029999999,0,0,0,4
70.72,0,0,0,0,0,0,0.029999999,0,0,0,4
70.73,0,0,0,0,-0.029999999,0.02,0.02,0,0,0,4
70.74,0,0,0,0,-0.01,0.01,0.01,0,0,0,4
70.75,0,0,0,0,-0.029999999,0.02,0.090000004,0,0,0,4
70.76,0,0,0,0,-0.039999999,-0.01,-0.01,0,0,0,4
70.77,0,0,0,0,-0.059999999,0,0.050000001,0,0,0,4
70.78,0,0,0,0,-0.059999999,0.039999999,-0.029999999,0,0,0,4
70.79,0,0,0,0,-0.029999999,0.029999999,0,0,0,0,4
70.8,0,0,0,0,-0.029999999,0.02,0.02,0,0,0,4
70.81,0,0,0,0,-0.01,0.01,-0.050000001,0,0,0,4
70.82,0,0,0,0,-0.01,0.02,0,0,0,0,4
70.83,0,0,0,0,-0.029999999,0,-0.029999999,0,0,0,4
70.84,0,0,0,0,-0.01,0.039999999,0.039999999,0,0,0,4
70.85,0,0,0,0,-0.029999999,0,0,0,0,0,4
70.86,0,0,0,0,-0.01,0,-0.02,0,0,0,4
70.87,0,0,0,0,-0.029999999,-0.01,-0.01,0,0,0,4
70.88,0,0,0,0,-0.050000001,-0.01,-0.090000004,0,0,0,4
70.89,0,0,0,0,0,0.01,0.029999999,0,0,0,4
70.9,0,0,0,0,-0.02,0,-0.01,0,0,0,4
70.91,0,0,0,0,-0.02,0,0,0,0,0,4
70.92,0,0,0,0,-0.050000001,-0.050000001,0,0,0,0,4
70.93,0,0,0,0,-0.029999999,-0.01,0,0,0,0,4
70.94,0,0,0,0,-0.050000001,-0.01,0.02,0,0,0,4
70.95,0,0,0,0,0,0.029999999,0.059999999,0,0,0,4
70.96,0,0,0,0,-0.02,0,0.07,0,0,0,4
70.97,0,0,0,0,-0.039999999,0.07,0.050000001,0,0,0,4
70.98,0,0,0,0,-0.039999999,0,0.050000001,0,0,0,4
70.99,0,0,0,0,-0.01,0,0,0,0,0,4
71,0,0,0,0,-0.029999999,0,-0.01,0,0,0,4
71.01,0,0,0,0,-0.059999999,-0.02,0.029999999,0,0,0,4
71.02,0,0,0,0,-0.02,0,-0.050000001,0,0,0,4
71.03,0,0,0,0,-0.02,-0.029999999,-0.039999999,0,0,0,4
71.04,0,0,0,0,0,0.01,0.01,0,0,0,4
71.05,0,0,0,0,-0.01,-0.01,0,0,0,0,4
71.06,0,0,0,0,0,0.01,0,0,0,0,4
71.07,0,0,0,0,-0.050000001,0,0.01,0,0,0,4
71.08,0,0,0,0,-0.050000001,0,0.02,0,0,0,4
71.09,0,0,0,0,-0.029999999,0,0.01,0,0,0,4
71.1,0,0,0,0,-0.029999999,0,0,0,0,0,4
71.11,0,0,0,0,-0.01,0.02,0.050000001,0,0,0,4
71.12,0,0,0,0,-0.059999999,0.01,0,0,0,0,4
71.13,0,0,0,0,-0.039999999,0.02,0.029999999,0,0,0,4
71.14,0,0,0,0,-0.029999999,0,0.050000001,0,0,0,4
71.15,0,0,0,0,-0.02,-0.02,0,0,0,0,4
71.16,0,0,0,0,-0.01,0,0.02,0,0,0,4
71.17,0,0,0,0,0,0,0.02,0,0,0,4
71.18,0,0,0,0,-0.039999999,0,0.100000002,0,0,0,4
71.19,0,0,0,0,0,-0.02,0.01,0,0,0,4
71.2,0,0,0,0,0.01,0.01,-0.029999999,0,0,0,4
71.21,0,0,0,0,0.02,0.01,-0.01,0,0,0,4
71.22,0,0,0,0,0,-0.02,-0.059999999,0,0,0,4
71.23,0,0,0,0,-0.02,0.02,-0.01,0,0,0,4
71.24,0,0,0,0,-0.02,0.01,-0.079999998,0,0,0,4
71.25,0,0,0,0,-0.039999999,0.02,0.029999999,0,0,0,4
71.26,0,0,0,0,-0.07,0.01,0.02,0,0,0,4
71.27,0,0,0,0,-0.059999999,0,0.02,0,0,0,4
71.28,0,0,0,0,-0.029999999,0,0.02,0,0,0,4
71.29,0,0,0,0,-0.039999999,0.02,0,0,0,0,4
71.3,0,0,0,0,-0.050000001,0.050000001,0.039999999,0,0,0,4
71.31,0,0,0,0,-0.029999999,0.039999999,0.090000004,0,0,0,4
71.32,0,0,0,0,-0.050000001,0.029999999,0.109999999,0,0,0,4
71.33,0,0,0,0,-0.050000001,-0.02,0,0,0,0,4
71.34,0,0,0,0,-0.029999999,0,-0.029999999,0,0,0,4
71.35,0,0,0,0,-0.029999999,-0.01,0.02,0,0,0,4
71.36,0,0,0,0,-0.050000001,-0.01,0,0,0,0,4
71.37,0,0,0,0,-0.01,-0.029999999,-0.02,0,0,0,4
71.38,0,0,0,0,0,-0.029999999,-0.01,0,0,0,4
71.39,0,0,0,0,0,-0.02,-0.07,0,0,0,4
71.4,0,0,0,0,-0.01,0,-0.029999999,0,0,0,4
71.41,0,0,0,0,0,-0.01,-0.02,0,0,0,4
71.42,0,0,0,0,0,-0.039999999,0,0,0,0,4
71.43,0,0,0,0,-0.029999999,0.029999999,0.01,0,0,0,4
71.44,0,0,0,0,-0.050000001,-0.07,0,0,0,0,4
71.45,0,0,0,0,-0.029999999,0.039999999,0.029999999,0,0,0,4
71.46,0,0,0,0,-0.029999999,0.01,0.050000001,0,0,0,4
71.47,0,0,0,0,-0.059999999,0.050000001,0.01,0,0,0,4
71.48,0,0,0,0,-0.029999999,0,-0.059999999,0,0,0,4
71.49,0,0,0,0,-0.029999999,-0.01,0.039999999,0,0,0,4
71.5,0,0,0,0,-0.02,0.02,-0.01,0,0,0,4
71.51,0,0,0,0,-0.059999999,-0.02,0.029999999,0,0,0,4
71.52,0,0,0,0,0,0.01,-0.01,0,0,0,4
71.53,0,0,0,0,0,0,0,0,0,0,4
71.54,0,0,0,0,-0.01,0.050000001,0,0,0,0,4
71.55,0,0,0,0,0,-0.029999999,-0.039999999,0,0,0,4
71.56,0,0,0,0,-0.01,0.059999999,-0.07,0,0,0,4
71.57,0,0,0,0,0,0,-0.079999998,0,0,0,4
71.58,0,0,0,0,-0.02,0.01,-0.079999998,0,0,0,4
71.59,0,0,0,0,-0.029999999,-0.059999999,-0.100000002,0,0,0,4
71.6,0,0,0,0,0.01,-0.07,-0.090000004,0,0,0,4
71.61,0,0,0,0,0,-0.02,0.079999998,0,0,0,4
71.62,0,0,0,0,-0.079999998,-0.059999999,0.029999999,0,0,0,4
71.63,0,0,0,0,-0.050000001,0.01,0.059999999,0,0,0,4
71.64,0,0,0,0,-0.029999999,0.02,0.029999999,0,0,0,4
71.65,0,0,0,0,-0.050000001,0.109999999,0,0,0,0,4
71.66,0,0,0,0,-0.01,0.02,0.029999999,0,0,0,4
71.67,0,0,0,0,0,0.050000001,-0.079999998,0,0,0,4
71.68,0,0,0,0,-0.02,0,0.02,0,0,0,4
71.69,0,0,0,0,-0.029999999,0.029999999,-0.050000001,0,0,0,4
71.7,0,0,0,0,-0.07,0.02,0,0,0,0,4
71.71,0,0,0,0,-0.039999999,0.02,-0.029999999,0,0,0,4
71.72,0,0,0,0,-0.02,0.039999999,0.050000001,0,0,0,4
71.73,0,0,0,0,-0.039999999,0.01,0,0,0,0,4
71.74,0,0,0,0,0.02,0,-0.119999997,0,0,0,4
71.75,0,0,0,0,0.01,-0.039999999,-0.050000001,0,0,0,4
71.76,0,0,0,0,-0.02,0.01,-0.059999999,0,0,0,4
71.77,0,0,0,0,-0.02,-0.050000001,-0.01,0,0,0,4
71.78,0,0,0,0,0,-0.039999999,0.01,0,0,0,4
71.79,0,0,0,0,0,-0.02,0.02,0,0,0,4
71.8,0,0,0,0,-0.029999999,0.029999999,0.02,0,0,0,4
71.81,0,0,0,0,-0.02,0.039999999,0.050000001,0,0,0,4
71.82,0,0,0,0,-0.029999999,0.029999999,0,0,0,0,4
71.83,0,0,0,0,-0.039999999,0.050000001,0.029999999,0,0,0,4
71.84,0,0,0,0,-0.050000001,0.01,-0.02,0,0,0,4
71.85,0,0,0,0,-0.039999999,-0.01,0.029999999,0,0,0,4
71.86,0,0,0,0,-0.050000001,-0.02,0.01,0,0,0,4
71.87,0,0,0,0,-0.02,0.01,-0.01,0,0,0,4
71.88,0,0,0,0,-0.029999999,0.029999999,0.02,0,0,0,4
71.89,0,0,0,0,0,0,0,0,0,0,4
71.9,0,0,0,0,0,0,0,0,0,0,4
71.91,0,0,0,0,0,0.01,0.059999999,0,0,0,4
71.92,0,0,0,0,-0.01,0.01,0.039999999,0,0,0,4
71.93,0,0,0,0,-0.02,-0.02,-0.01,0,0,0,4
71.94,0,0,0,0,-0.050000001,0.02,-0.01,0,0,0,4
71.95,0,0,0,0,-0.01,0,0,0,0,0,4
71.96,0,0,0,0,-0.01,0.02,-0.039999999,0,0,0,4
71.97,0,0,0,0,0,-0.01,-0.029999999,0,0,0,4
71.98,0,0,0,0,0.01,0,-0.029999999,0,0,0,4
71.99,0,0,0,0,-0.02,-0.02,0.02,0,0,0,4
72,0,0,0,0,-0.079999998,-0.02,-0.059999999,0,0,0,4
72.01,0,0,0,0,-0.039999999,-0.02,0.090000004,0,0,0,4
72.02,0,0,0,0,-0.059999999,0,0.039999999,0,0,0,4
72.03,0,0,0,0,-0.02,0.02,0.02,0,0,0,4
72.04,0,0,0,0,-0.059999999,-0.01,0.029999999,0,0,0,4
72.05,0,0,0,0,0,-0.01,0.01,0,0,0,4
72.06,0,0,0,0,-0.01,0.029999999,0.01,0,0,0,4
72.07,0,0,0,0,0,0.01,0.059999999,0,0,0,4
72.08,0,0,0,0,-0.050000001,0,0.050000001,0,0,0,4
72.09,0,0,0,0,-0.039999999,-0.029999999,-0.039999999,0,0,0,4
72.1,0,0,0,0,-0.029999999,0,0.090000004,0,0,0,4
72.11,0,0,0,0,-0.01,0.029999999,0.039999999,0,0,0,4
72.12,0,0,0,0,-0.02,0.02,0,0,0,0,4
72.13,0,0,0,0,0,-0.01,-0.02,0,0,0,4
72.14,0,0,0,0,-0.029999999,0.029999999,0,0,0,0,4
72.15,0,0,0,0,-0.01,0.01,-0.029999999,0,0,0,4
72.16,0,0,0,0,-0.01,0,0,0,0,0,4
72.17,0,0,0,0,-0.02,-0.01,0,0,0,0,4
72.18,0,0,0,0,-0.029999999,0.01,0.02,0,0,0,4
72.19,0,0,0,0,-0.050000001,0.02,0.02,0,0,0,4
72.2,0,0,0,0,-0.059999999,0,0,0,0,0,4
72.21,0,0,0,0,-0.039999999,0.01,0.079999998,0,0,0,4
72.22,0,0,0,0,-0.039999999,0.050000001,0.039999999,0,0,0,4
72.23,0,0,0,0,-0.039999999,0.01,-0.02,0,0,0,4
72.24,0,0,0,0,0,0,-0.02,0,0,0,4
72.25,0,0,0,0,-0.029999999,-0.01,0.02,0,0,0,4
72.26,0,0,0,0,-0.029999999,0.01,-0.050000001,0,0,0,4
72.27,0,0,0,0,0,-0.029999999,0,0,0,0,4
72.28,0,0,0,0,0,-0.01,0,0,0,0,4
72.29,0,0,0,0,-0.01,0.01,-0.079999998,0,0,0,4
72.3,0,0,0,0,-0.029999999,0.02,-0.01,0,0,0,4
72.31,0,0,0,0,-0.02,0.01,-0.029999999,0,0,0,4
72.32,0,0,0,0,0,0.02,0,0,0,0,4
72.33,0,0,0,0,-0.029999999,0,0.01,0,0,0,4
72.34,0,0,0,0,-0.02,0,-0.029999999,0,0,0,4
72.35,0,0,0,0,-0.02,0.01,-0.02,0,0,0,4
72.36,0,0,0,0,-0.039999999,0.02,0.029999999,0,0,0,4
72.37,0,0,0,0,-0.02,0.050000001,0,0,0,0,4
72.38,0,0,0,0,-0.029999999,-0.029999999,0.050000001,0,0,0,4
72.39,0,0,0,0,-0.059999999,0.01,0.02,0,0,0,4
72.4,0,0,0,0,-0.029999999,0,0.050000001,0,0,0,4
72.41,0,0,0,0,-0.050000001,0,0.050000001,0,0,0,4
72.42,0,0,0,0,-0.079999998,0.02,0.02,0,0,0,4
72.43,0,0,0,0,-0.029999999,0,-0.029999999,0,0,0,4
72.44,0,0,0,0,-0.029999999,0,0.02,0,0,0,4
72.45,0,0,0,0,-0.02,0,-0.07,0,0,0,4
72.46,0,0,0,0,-0.02,-0.02,-0.029999999,0,0,0,4
72.47,0,0,0,0,0.01,-0.059999999,-0.02,0,0,0,4
72.48,0,0,0,0,-0.02,0.050000001,0,0,0,0,4
72.49,0,0,0,0,0,-0.029999999,0.059999999,0,0,0,4
72.5,0,0,0,0,-0.01,-0.039999999,-0.050000001,0,0,0,4
72.51,0,0,0,0,0,-0.029999999,0.01,0,0,0,4
72.52,0,0,0,0,-0.01,-0.01,-0.059999999,0,0,0,4
72.53,0,0,0,0,-0.029999999,0.039999999,0.150000006,0,0,0,4
72.54,0,0,0,0,-0.029999999,0,0,0,0,0,4
72.55,0,0,0,0,-0.029999999,0.039999999,-0.02,0,0,0,4
72.56,0,0,0,0,-0.02,0.050000001,0.059999999,0,0,0,4
72.57,0,0,0,0,-0.07,0.029999999,0,0,0,0,4
72.58,0,0,0,0,-0.01,0,-0.029999999,0,0,0,4
72.59,0,0,0,0,-0.050000001,0,0,0,0,0,4
72.6,0,0,0,0,-0.050000001,0,0,0,0,0,4
72.61,0,0,0,0,-0.02,0,-0.02,0,0,0,4
72.62,0,0,0,0,0.01,0.02,0.079999998,0,0,0,4
72.63,0,0,0,0,-0.01,0.01,0.01,0,0,0,4
72.64,0,0,0,0,-0.01,0.029999999,-0.02,0,0,0,4
72.65,0,0,0,0,0.01,-0.01,0.01,0,0,0,4
72.66,0,0,0,0,0.01,0.01,0.01,0,0,0,4
72.67,0,0,0,0,-0.029999999,0,0.059999999,0,0,0,4
72.68,0,0,0,0,-0.029999999,-0.02,-0.059999999,0,0,0,4
72.69,0,0,0,0,-0.029999999,-0.02,0,0,0,0,4
72.7,0,0,0,0,-0.07,-0.039999999,-0.02,0,0,0,4
72.71,0,0,0,0,0,0.01,-0.01,0,0,0,4
72.72,0,0,0,0,-0.01,-0.02,0.029999999,0,0,0,4
72.73,0,0,0,0,0,-0.01,0,0,0,0,4
72.74,0,0,0,0,-0.050000001,0.029999999,0.059999999,0,0,0,4
72.75,0,0,0,0,-0.029999999,0.01,-0.02,0,0,0,4
72.76,0,0,0,0,-0.029999999,0.02,0.079999998,0,0,0,4
72.77,0,0,0,0,0,0,-0.01,0,0,0,4
72.78,0,0,0,0,-0.039999999,0,-0.01,0,0,0,4
72.79,0,0,0,0,-0.02,0,-0.059999999,0,0,0,4
72.8,0,0,0,0,-0.01,0.01,-0.050000001,0,0,0,4
72.81,0,0,0,0,0,-0.02,-0.01,0,0,0,4
72.82,0,0,0,0,0.039999999,-0.059999999,-0.050000001,0,0,0,4
72.83,0,0,0,0,0.01,0,0.01,0,0,0,4
72.84,0,0,0,0,0,-0.02,0.079999998,0,0,0,4
72.85,0,0,0,0,-0.029999999,0,0.079999998,0,0,0,4
72.86,0,0,0,0,-0.01,0.050000001,0.050000001,0,0,0,4
72.87,0,0,0,0,-0.039999999,0.050000001,0.050000001,0,0,0,4
72.88,0,0,0,0,-0.07,0.02,0.050000001,0,0,0,4
72.89,0,0,0,0,-0.07,0.029999999,0.02,0,0,0,4
72.9,0,0,0,0,-0.039999999,0.01,0.039999999,0,0,0,4
72.91,0,0,0,0,-0.01,0.01,-0.129999995,0,0,0,4
72.92,0,0,0,0,-0.079999998,0,-0.100000002,0,0,0,4
72.93,0,0,0,0,-0.059999999,-0.039999999,-0.129999995,0,0,0,4
72.94,0,0,0,0,-0.050000001,-0.02,-0.02,0,0,0,4
72.95,0,0,0,0,-0.050000001,0,0.119999997,0,0,0,4
72.96,0,0,0,0,0.02,-0.02,0.050000001,0,0,0,4
72.97,0,0,0,0,0.02,0.02,0.109999999,0,0,0,4
72.98,0,0,0,0,0,-0.02,0.039999999,0,0,0,4
72.99,0,0,0,0,0.02,0.02,0,0,0,0,4
73,0,0,0,0,0,-0.01,0,0,0,0,4
73.01,0,0,0,0,-0.050000001,0.039999999,0,0,0,0,4
73.02,0,0,0,0,-0.059999999,0.01,0.01,0,0,0,4
73.03,0,0,0,0,-0.079999998,-0.01,0.029999999,0,0,0,4
73.04,0,0,0,0,-0.079999998,0.059999999,0.059999999,0,0,0,4
73.05,0,0,0,0,-0.07,0.059999999,-0.01,0,0,0,4
73.06,0,0,0,0,-0.039999999,0.039999999,-0.02,0,0,0,4
73.07,0,0,0,0,-0.01,0.02,-0.029999999,0,0,0,4
73.08,0,0,0,0,-0.01,0.029999999,-0.01,0,0,0,4
73.09,0,0,0,0,-0.029999999,-0.059999999,-0.059999999,0,0,0,4
73.1,0,0,0,0,-0.02,0.01,0,0,0,0,4
73.11,0,0,0,0,-0.039999999,-0.050000001,0.079999998,0,0,0,4
73.12,0,0,0,0,-0.01,-0.02,0.02,0,0,0,4
73.13,0,0,0,0,-0.02,-0.029999999,0.07,0,0,0,4
73.14,0,0,0,0,0,0.029999999,0.02,0,0,0,4
73.15,0,0,0,0,-0.02,-0.02,0.029999999,0,0,0,4
73.16,0,0,0,0,-0.01,0.01,-0.02,0,0,0,4
73.17,0,0,0,0,-0.01,0.079999998,0.050000001,0,0,0,4
73.18,0,0,0,0,-0.029999999,0.01,0.050000001,0,0,0,4
73.19,0,0,0,0,0,0.07,0.01,0,0,0,4
73.2,0,0,0,0,-0.039999999,0.039999999,0.07,0,0,0,4
73.21,0,0,0,0,-0.050000001,0,-0.039999999,0,0,0,4
73.22,0,0,0,0,-0.01,0,0.02,0,0,0,4
73.23,0,0,0,0,-0.029999999,0,0.02,0,0,0,4
73.24,0,0,0,0,-0.029999999,-0.01,0.039999999,0,0,0,4
73.25,0,0,0,0,-0.029999999,0,0,0,0,0,4
73.26,0,0,0,0,0,0,-0.050000001,0,0,0,4
73.27,0,0,0,0,-0.029999999,0.029999999,-0.01,0,0,0,4
73.28,0,0,0,0,-0.02,-0.01,0,0,0,0,4
73.29,0,0,0,0,-0.02,0.01,0,0,0,0,4
73.3,0,0,0,0,-0.02,0.029999999,0.01,0,0,0,4
73.31,0,0,0,0,-0.059999999,0.029999999,0,0,0,0,4
73.32,0,0,0,0,-0.039999999,0.01,-0.02,0,0,0,4
73.33,0,0,0,0,-0.02,0.050000001,0.039999999,0,0,0,4
73.34,0,0,0,0,-0.029999999,0.02,-0.02,0,0,0,4
73.35,0,0,0,0,0,0.01,-0.01,0,0,0,4
73.36,0,0,0,0,-0.01,0.079999998,0.029999999,0,0,0,4
73.37,0,0,0,0,-0.029999999,-0.029999999,-0.039999999,0,0,0,4
73.38,0,0,0,0,-0.01,0.029999999,-0.01,0,0,0,4
73.39,0,0,0,0,-0.039999999,-0.01,-0.050000001,0,0,0,4
73.4,0,0,0,0,-0.039999999,-0.01,-0.039999999,0,0,0,4
73.41,0,0,0,0,-0.039999999,0.02,0.01,0,0,0,4
73.42,0,0,0,0,-0.02,-0.079999998,-0.01,0,0,0,4
73.43,0,0,0,0,0.02,0.050000001,0.059999999,0,0,0,4
73.44,0,0,0,0,-0.01,-0.02,0.01,0,0,0,4
73.45,0,0,0,0,0,0,0,0,0,0,4
73.46,0,0,0,0,-0.039999999,0,0.059999999,0,0,0,4
73.47,0,0,0,0,-0.059999999,0,0,0,0,0,4
73.48,0,0,0,0,0,0,0,0,0,0,4
73.49,0,0,0,0,0,0.01,0.050000001,0,0,0,4
73.5,0,0,0,0,-0.050000001,0,0.029999999,0,0,0,4
73.51,0,0,0,0,-0.02,0,-0.07,0,0,0,4
73.52,0,0,0,0,-0.029999999,0.02,0.02,0,0,0,4
73.53,0,0,0,0,0,0.029999999,-0.059999999,0,0,0,4
73.54,0,0,0,0,-0.039999999,0,-0.02,0,0,0,4
73.55,0,0,0,0,-0.01,-0.029999999,0,0,0,0,4
73.56,0,0,0,0,-0.050000001,0,-0.029999999,0,0,0,4
73.57,0,0,0,0,0,0,0.100000002,0,0,0,4
73.58,0,0,0,0,-0.01,-0.01,0.029999999,0,0,0,4
73.59,0,0,0,0,0,0.02,0.050000001,0,0,0,4
73.6,0,0,0,0,-0.039999999,0,0,0,0,0,4
73.61,0,0,0,0,-0.050000001,0,0,0,0,0,4
73.62,0,0,0,0,-0.039999999,0.029999999,0,0,0,0,4
73.63,0,0,0,0,-0.050000001,-0.01,-0.02,0,0,0,4
73.64,0,0,0,0,-0.02,0.02,-0.01,0,0,0,4
73.65,0,0,0,0,-0.050000001,-0.039999999,-0.039999999,0,0,0,4
73.66,0,0,0,0,-0.059999999,0.01,0.02,0,0,0,4
73.67,0,0,0,0,-0.029999999,0,0.039999999,0,0,0,4
73.68,0,0,0,0,-0.02,0,0.02,0,0,0,4
73.69,0,0,0,0,0,0.039999999,0.01,0,0,0,4
73.7,0,0,0,0,-0.029999999,0,0,0,0,0,4
73.71,0,0,0,0,-0.02,-0.02,0,0,0,0,4
73.72,0,0,0,0,-0.050000001,-0.02,-0.039999999,0,0,0,4
73.73,0,0,0,0,-0.039999999,0.01,0.119999997,0,0,0,4
73.74,0,0,0,0,-0.039999999,0.029999999,-0.01,0,0,0,4
73.75,0,0,0,0,-0.02,0.029999999,-0.01,0,0,0,4
73.76,0,0,0,0,-0.039999999,0.029999999,-0.01,0,0,0,4
73.77,0,0,0,0,-0.050000001,0,0.050000001,0,0,0,4
73.78,0,0,0,0,0,0.059999999,0.029999999,0,0,0,4
73.79,0,0,0,0,-0.039999999,0.02,0.01,0,0,0,4
73.8,0,0,0,0,-0.01,0.029999999,0,0,0,0,4
73.81,0,0,0,0,-0.029999999,-0.01,-0.039999999,0,0,0,4
73.82,0,0,0,0,0,0,0.02,0,0,0,4
73.83,0,0,0,0,-0.029999999,-0.039999999,-0.029999999,0,0,0,4
73.84,0,0,0,0,-0.029999999,0,0.029999999,0,0,0,4
73.85,0,0,0,0,-0.02,-0.01,-0.029999999,0,0,0,4
73.86,0,0,0,0,-0.02,0,0.02,0,0,0,4
73.87,0,0,0,0,-0.01,0.01,-0.039999999,0,0,0,4
73.88,0,0,0,0,-0.029999999,-0.02,-0.02,0,0,0,4
73.89,0,0,0,0,-0.039999999,0,-0.02,0,0,0,4
73.9,0,0,0,0,-0.029999999,-0.02,-0.039999999,0,0,0,4
73.91,0,0,0,0,-0.029999999,0,0.01,0,0,0,4
73.92,0,0,0,0,-0.039999999,0.029999999,-0.01,0,0,0,4
73.93,0,0,0,0,0,0.029999999,0,0,0,0,4
73.94,0,0,0,0,0.029999999,0.039999999,0.039999999,0,0,0,4
73.95,0,0,0,0,-0.039999999,0,0,0,0,0,4
73.96,0,0,0,0,0.029999999,0,-0.039999999,0,0,0,4
73.97,0,0,0,0,0,0,0.059999999,0,0,0,4
73.98,0,0,0,0,0.02,-0.01,-0.029999999,0,0,0,4
73.99,0,0,0,0,-0.01,-0.01,0,0,0,0,4
74,0,0,0,0,0.01,0.050000001,-0.029999999,0,0,0,4
74.01,0,0,0,0,-0.079999998,-0.01,0.02,0,0,0,4
74.02,0,0,0,0,-0.01,0.059999999,-0.039999999,0,0,0,4
74.03,0,0,0,0,-0.039999999,-0.02,-0.059999999,0,0,0,4
74.04,0,0,0,0,-0.01,0,-0.07,0,0,0,4
74.05,0,0,0,0,-0.02,-0.02,-0.07,0,0,0,4
74.06,0,0,0,0,-0.039999999,-0.039999999,-0.059999999,0,0,0,4
74.07,0,0,0,0,-0.029999999,0,0,0,0,0,4
74.08,0,0,0,0,-0.02,0,0.039999999,0,0,0,4
74.09,0,0,0,0,0,0.050000001,0,0,0,0,4
74.1,0,0,0,0,-0.01,0.059999999,0.07,0,0,0,4
74.11,0,0,0,0,-0.050000001,0.050000001,0.02,0,0,0,4
74.12,0,0,0,0,-0.029999999,-0.02,0.100000002,0,0,0,4
74.13,0,0,0,0,-0.039999999,0.090000004,0,0,0,0,4
74.14,0,0,0,0,-0.01,-0.029999999,-0.02,0,0,0,4
74.15,0,0,0,0,-0.029999999,-0.01,0,0,0,0,4
74.16,0,0,0,0,-0.039999999,-0.02,0.01,0,0,0,4
74.17,0,0,0,0,-0.029999999,-0.029999999,-0.02,0,0,0,4
74.18,0,0,0,0,-0.050000001,-0.01,0.050000001,0,0,0,4
74.19,0,0,0,0,-0.02,-0.029999999,-0.07,0,0,0,4
74.2,0,0,0,0,-0.059999999,0.039999999,-0.02,0,0,0,4
74.21,0,0,0,0,-0.079999998,-0.029999999,-0.029999999,0,0,0,4
74.22,0,0,0,0,-0.07,-0.039999999,-0.029999999,0,0,0,4
74.23,0,0,0,0,-0.029999999,-0.02,0.039999999,0,0,0,4
74.24,0,0,0,0,0.02,-0.02,-0.02,0,0,0,4
74.25,0,0,0,0,0.029999999,0.01,-0.039999999,0,0,0,4
74.26,0,0,0,0,0.029999999,0,-0.039999999,0,0,0,4
74.27,0,0,0,0,0,0.02,0.029999999,0,0,0,4
74.28,0,0,0,0,0.059999999,0.01,0.02,0,0,0,4
74.29,0,0,0,0,0.02,0.01,0,0,0,0,4
74.3,0,0,0,0,0,-0.02,0.029999999,0,0,0,4
74.31,0,0,0,0,0,0,-0.029999999,0,0,0,4
74.32,0,0,0,0,-0.07,-0.01,0.07,0,0,0,4
74.33,0,0,0,0,-0.090000004,0,-0.01,0,0,0,4
74.34,0,0,0,0,-0.059999999,0.02,0.050000001,0,0,0,4
74.35,0,0,0,0,-0.07,0.01,-0.050000001,0,0,0,4
74.36,0,0,0,0,-0.01,0,-0.090000004,0,0,0,4
74.37,0,0,0,0,-0.059999999,0.039999999,0.029999999,0,0,0,4
74.38,0,0,0,0,-0.01,0,0,0,0,0,4
74.39,0,0,0,0,0,0.01,-0.039999999,0,0,0,4
74.4,0,0,0,0,0.01,0,-0.039999999,0,0,0,4
74.41,0,0,0,0,-0.02,0.02,-0.02,0,0,0,4
74.42,0,0,0,0,-0.01,0.02,-0.02,0,0,0,4
74.43,0,0,0,0,-0.029999999,-0.01,0.029999999,0,0,0,4
74.44,0,0,0,0,-0.039999999,0.050000001,0,0,0,0,4
74.45,0,0,0,0,-0.029999999,-0.039999999,0.01,0,0,0,4
74.46,0,0,0,0,-0.039999999,0,-0.07,0,0,0,4
74.47,0,0,0,0,-0.01,-0.01,0.01,0,0,0,4
74.48,0,0,0,0,-0.029999999,0.02,-0.01,0,0,0,4
74.49,0,0,0,0,-0.029999999,0.01,0.050000001,0,0,0,4
74.5,0,0,0,0,-0.02,0.01,-0.090000004,0,0,0,4
74.51,0,0,0,0,-0.01,0,0.029999999,0,0,0,4
74.52,0,0,0,0,-0.01,0,-0.02,0,0,0,4
74.53,0,0,0,0,-0.02,0.029999999,0.029999999,0,0,0,4
74.54,0,0,0,0,0,0.01,0,0,0,0,4
74.55,0,0,0,0,-0.02,0.02,0.050000001,0,0,0,4
74.56,0,0,0,0,-0.050000001,0.02,0,0,0,0,4
74.57,0,0,0,0,-0.029999999,0,0.039999999,0,0,0,4
74.58,0,0,0,0,-0.02,0.059999999,0,0,0,0,4
74.59,0,0,0,0,-0.059999999,0,-0.02,0,0,0,4
74.6,0,0,0,0,-0.039999999,0.029999999,-0.039999999,0,0,0,4
74.61,0,0,0,0,-0.039999999,0,0,0,0,0,4
74.62,0,0,0,0,-0.02,-0.01,-0.059999999,0,0,0,4
74.63,0,0,0,0,-0.02,-0.01,-0.029999999,0,0,0,4
74.64,0,0,0,0,-0.01,0,-0.01,0,0,0,4
74.65,0,0,0,0,0,0.050000001,0,0,0,0,4
74.66,0,0,0,0,-0.029999999,0,0.029999999,0,0,0,4
74.67,0,0,0,0,0,0.07,0,0,0,0,4
74.68,0,0,0,0,0,0.01,0,0,0,0,4
74.69,0,0,0,0,0.01,0.039999999,-0.02,0,0,0,4
74.7,0,0,0,0,-0.07,-0.01,0.029999999,0,0,0,4
74.71,0,0,0,0,-0.07,0.01,0.01,0,0,0,4
74.72,0,0,0,0,-0.050000001,0.029999999,0.050000001,0,0,0,4
74.73,0,0,0,0,-0.039999999,-0.02,-0.02,0,0,0,4
74.74,0,0,0,0,-0.01,-0.02,0.050000001,0,0,0,4
74.75,0,0,0,0,-0.01,-0.02,0,0,0,0,4
74.76,0,0,0,0,0.02,-0.029999999,-0.039999999,0,0,0,4
74.77,0,0,0,0,0,-0.01,-0.02,0,0,0,4
74.78,0,0,0,0,-0.050000001,0,-0.090000004,0,0,0,4
74.79,0,0,0,0,0.059999999,0.01,-0.050000001,0,0,0,4
74.8,0,0,0,0,0,-0.02,-0.079999998,0,0,0,4
74.81,0,0,0,0,0.170000002,-0.059999999,-0.029999999,0,0,0,4
74.82,0,0,0,0,0.039999999,0.02,0.01,0,0,0,4
74.83,0,0,0,0,0.090000004,0,0.050000001,0,0,0,4
74.84,0,0,0,0,0,0.059999999,0.01,0,0,0,4
74.85,0,0,0,0,-0.050000001,0.02,0.039999999,0,0,0,4
74.86,0,0,0,0,-0.059999999,0.01,0.01,0,0,0,4
74.87,0,0,0,0,-0.059999999,-0.01,0,0,0,0,4
74.88,0,0,0,0,-0.050000001,-0.029999999,0.029999999,0,0,0,4
74.89,0,0,0,0,-0.02,0.029999999,-0.01,0,0,0,4
74.9,0,0,0,0,0,-0.01,0.01,0,0,0,4
74.91,0,0,0,0,-0.029999999,0.059999999,0.029999999,0,0,0,4
74.92,0,0,0,0,0,0.01,0.01,0,0,0,4
74.93,0,0,0,0,-0.029999999,0.07,0.029999999,0,0,0,4
74.94,0,0,0,0,-0.029999999,0,0.02,0,0,0,4
74.95,0,0,0,0,0.01,0,0.050000001,0,0,0,4
74.96,0,0,0,0,-0.01,0,0,0,0,0,4
74.97,0,0,0,0,0.029999999,0.029999999,-0.059999999,0,0,0,4
74.98,0,0,0,0,0.02,0.059999999,0.039999999,0,0,0,4
74.99,0,0,0,0,-0.029999999,0,-0.07,0,0,0,4
75,0,0,0,0,0.01,0.039999999,-0.02,0,0,0,4
75.01,0,0,0,0,-0.039999999,0,-0.01,0,0,0,4
75.02,0,0,0,0,-0.02,0.029999999,-0.01,0,0,0,4
75.03,0,0,0,0,-0.029999999,0,-0.029999999,0,0,0,4
75.04,0,0,0,0,-0.079999998,-0.059999999,-0.029999999,0,0,0,4
75.05,0,0,0,0,0,0.029999999,-0.029999999,0,0,0,4
75.06,0,0,0,0,-0.059999999,-0.029999999,0.02,0,0,0,4
75.07,0,0,0,0,-0.02,0,-0.02,0,0,0,4
75.08,0,0,0,0,-0.050000001,0,0.029999999,0,0,0,4
75.09,0,0,0,0,-0.039999999,0,0.029999999,0,0,0,4
75.1,0,0,0,0,-0.01,0.029999999,0.02,0,0,0,4
75.11,0,0,0,0,-0.01,0.02,0,0,0,0,4
75.12,0,0,0,0,0.029999999,0.039999999,-0.01,0,0,0,4
75.13,0,0,0,0,-0.01,0,-0.029999999,0,0,0,4
75.14,0,0,0,0,0,0,-0.039999999,0,0,0,4
75.15,0,0,0,0,-0.029999999,-0.02,-0.02,0,0,0,4
75.16,0,0,0,0,0.01,0.01,-0.07,0,0,0,4
75.17,0,0,0,0,-0.059999999,-0.01,0.01,0,0,0,4
75.18,0,0,0,0,-0.02,0,0.02,0,0,0,4
75.19,0,0,0,0,-0.039999999,-0.01,0.01,0,0,0,4
75.2,0,0,0,0,-0.059999999,-0.029999999,-0.039999999,0,0,0,4
75.21,0,0,0,0,-0.01,0.07,0.109999999,0,0,0,4
75.22,0,0,0,0,-0.039999999,0,0.07,0,0,0,4
75.23,0,0,0,0,-0.01,0.029999999,-0.02,0,0,0,4
75.24,0,0,0,0,-0.050000001,0.029999999,0.029999999,0,0,0,4
75.25,0,0,0,0,-0.01,-0.029999999,-0.050000001,0,0,0,4
75.26,0,0,0,0,-0.039999999,0.02,-0.07,0,0,0,4
75.27,0,0,0,0,-0.039999999,-0.039999999,0.02,0,0,0,4
75.28,0,0,0,0,-0.02,-0.029999999,-0.059999999,0,0,0,4
75.29,0,0,0,0,-0.029999999,0,-0.02,0,0,0,4
75.3,0,0,0,0,-0.039999999,-0.050000001,-0.01,0,0,0,4
75.31,0,0,0,0,0.01,0.029999999,-0.079999998,0,0,0,4
75.32,0,0,0,0,-0.01,0,-0.059999999,0,0,0,4
75.33,0,0,0,0,-0.02,0.01,0.02,0,0,0,4
75.34,0,0,0,0,-0.029999999,0.02,0.02,0,0,0,4
75.35,0,0,0,0,-0.02,0.01,0,0,0,0,4
75.36,0,0,0,0,-0.039999999,0,0,0,0,0,4
75.37,0,0,0,0,-0.029999999,0.01,0,0,0,0,4
75.38,0,0,0,0,0,0.029999999,0.01,0,0,0,4
75.39,0,0,0,0,-0.02,-0.01,-0.01,0,0,0,4
75.4,0,0,0,0,-0.02,0.02,0.029999999,0,0,0,4
75.41,0,0,0,0,-0.050000001,-0.029999999,-0.059999999,0,0,0,4
75.42,0,0,0,0,-0.029999999,0.02,-0.109999999,0,0,0,4
75.43,0,0,0,0,-0.050000001,-0.039999999,-0.029999999,0,0,0,4
75.44,0,0,0,0,-0.029999999,-0.029999999,-0.039999999,0,0,0,4
75.45,0,0,0,0,-0.01,0,-0.02,0,0,0,4
75.46,0,0,0,0,0,0,-0.07,0,0,0,4
75.47,0,0,0,0,-0.029999999,-0.02,0,0,0,0,4
75.48,0,0,0,0,-0.02,-0.01,0.01,0,0,0,4
75.49,0,0,0,0,-0.01,0,0.079999998,0,0,0,4
75.5,0,0,0,0,0,0,0.059999999,0,0,0,4
75.51,0,0,0,0,0,0.02,0.079999998,0,0,0,4
75.52,0,0,0,0,-0.02,0.029999999,0.029999999,0,0,0,4
75.53,0,0,0,0,-0.029999999,0.039999999,-0.01,0,0,0,4
75.54,0,0,0,0,0,0.01,0,0,0,0,4
75.55,0,0,0,0,-0.01,0.029999999,0.039999999,0,0,0,4
75.56,0,0,0,0,-0.02,0,-0.02,0,0,0,4
75.57,0,0,0,0,-0.02,-0.039999999,-0.059999999,0,0,0,4
75.58,0,0,0,0,-0.039999999,0.02,-0.02,0,0,0,4
75.59,0,0,0,0,-0.039999999,-0.02,-0.039999999,0,0,0,4
75.6,0,0,0,0,-0.039999999,0.01,0.02,0,0,0,4
75.61,0,0,0,0,0,0.039999999,0.039999999,0,0,0,4
75.62,0,0,0,0,-0.01,-0.02,0.039999999,0,0,0,4
75.63,0,0,0,0,-0.039999999,0.029999999,0.01,0,0,0,4
75.64,0,0,0,0,-0.02,0,0.050000001,0,0,0,4
75.65,0,0,0,0,-0.02,0,0.029999999,0,0,0,4
75.66,0,0,0,0,-0.02,0.01,0.02,0,0,0,4
75.67,0,0,0,0,-0.02,0,-0.02,0,0,0,4
75.68,0,0,0,0,-0.01,0,-0.050000001,0,0,0,4
75.69,0,0,0,0,-0.02,-0.029999999,0,0,0,0,4
75.7,0,0,0,0,0,-0.01,0.02,0,0,0,4
75.71,0,0,0,0,0,0.02,-0.02,0,0,0,4
75.72,0,0,0,0,0,0.02,-0.02,0,0,0,4
75.73,0,0,0,0,0,0,0,0,0,0,4
75.74,0,0,0,0,-0.029999999,0.01,-0.029999999,0,0,0,4
75.75,0,0,0,0,-0.01,0.079999998,0.029999999,0,0,0,4
75.76,0,0,0,0,-0.02,-0.01,-0.01,0,0,0,4
75.77,0,0,0,0,-0.02,0.039999999,-0.01,0,0,0,4
75.78,0,0,0,0,-0.02,0.02,-0.01,0,0,0,4
75.79,0,0,0,0,-0.059999999,0.02,0.02,0,0,0,4
75.8,0,0,0,0,0,0,0,0,0,0,4
75.81,0,0,0,0,-0.039999999,-0.059999999,-0.07,0,0,0,4
75.82,0,0,0,0,-0.02,-0.01,-0.050000001,0,0,0,4
75.83,0,0,0,0,-0.02,-0.01,-0.050000001,0,0,0,4
75.84,0,0,0,0,0,-0.029999999,-0.02,0,0,0,4
75.85,0,0,0,0,0.039999999,-0.039999999,0.01,0,0,0,4
75.86,0,0,0,0,0,0,0.059999999,0,0,0,4
75.87,0,0,0,0,0.01,-0.01,0.079999998,0,0,0,4
75.88,0,0,0,0,0.01,-0.01,0.079999998,0,0,0,4
75.89,0,0,0,0,-0.050000001,0.050000001,0.029999999,0,0,0,4
75.9,0,0,0,0,-0.050000001,0,0,0,0,0,4
75.91,0,0,0,0,-0.050000001,0.039999999,0.01,0,0,0,4
75.92,0,0,0,0,-0.07,0,0,0,0,0,4
75.93,0,0,0,0,-0.050000001,0.059999999,0.02,0,0,0,4
75.94,0,0,0,0,-0.050000001,0,0.02,0,0,0,4
75.95,0,0,0,0,-0.029999999,0.050000001,0,0,0,0,4
75.96,0,0,0,0,-0.01,0.02,0.029999999,0,0,0,4
75.97,0,0,0,0,0,0,-0.059999999,0,0,0,4
75.98,0,0,0,0,0,-0.01,0.059999999,0,0,0,4
75.99,0,0,0,0,0,-0.050000001,0.01,0,0,0,4
76,0,0,0,0,0,0,0.039999999,0,0,0,4
76.01,0,0,0,0,0,-0.050000001,0.01,0,0,0,4
76.02,0,0,0,0,-0.029999999,0.029999999,0,0,0,0,4
76.03,0,0,0,0,-0.029999999,0.050000001,0.079999998,0,0,0,4
76.04,0,0,0,0,-0.02,0.050000001,-0.01,0,0,0,4
76.05,0,0,0,0,-0.039999999,0.07,-0.059999999,0,0,0,4
76.06,0,0,0,0,-0.029999999,0.029999999,-0.029999999,0,0,0,4
76.07,0,0,0,0,-0.059999999,0.059999999,0,0,0,0,4
76.08,0,0,0,0,-0.01,0.02,0.01,0,0,0,4
76.09,0,0,0,0,0,0.01,-0.029999999,0,0,0,4
76.1,0,0,0,0,0.02,-0.029999999,0.029999999,0,0,0,4
76.11,0,0,0,0,0.02,-0.02,0.01,0,0,0,4
76.12,0,0,0,0,-0.01,-0.02,0.059999999,0,0,0,4
76.13,0,0,0,0,0,-0.050000001,0.100000002,0,0,0,4
76.14,0,0,0,0,-0.029999999,-0.01,0.059999999,0,0,0,4
76.15,0,0,0,0,-0.050000001,-0.02,0.059999999,0,0,0,4
76.16,0,0,0,0,-0.050000001,0,-0.02,0,0,0,4
76.17,0,0,0,0,-0.079999998,0.050000001,0,0,0,0,4
76.18,0,0,0,0,-0.050000001,0.050000001,-0.109999999,0,0,0,4
76.19,0,0,0,0,-0.07,0.07,-0.01,0,0,0,4
76.2,0,0,0,0,0,0.02,0,0,0,0,4
76.21,0,0,0,0,-0.02,0.039999999,0,0,0,0,4
76.22,0,0,0,0,-0.01,0.02,0.029999999,0,0,0,4
76.23,0,0,0,0,0,0,0.01,0,0,0,4
76.24,0,0,0,0,0,0.01,0.050000001,0,0,0,4
76.25,0,0,0,0,0.039999999,-0.02,-0.039999999,0,0,0,4
76.26,0,0,0,0,-0.029999999,-0.02,0.050000001,0,0,0,4
76.27,0,0,0,0,0,-0.029999999,-0.01,0,0,0,4
76.28,0,0,0,0,0,0,-0.059999999,0,0,0,4
76.29,0,0,0,0,-0.050000001,-0.01,-0.02,0,0,0,4
76.3,0,0,0,0,-0.059999999,-0.01,0,0,0,0,4
76.31,0,0,0,0,-0.050000001,0.029999999,-0.050000001,0,0,0,4
76.32,0,0,0,0,-0.050000001,-0.02,-0.050000001,0,0,0,4
76.33,0,0,0,0,-0.01,0.039999999,-0.07,0,0,0,4
76.34,0,0,0,0,0,-0.029999999,-0.029999999,0,0,0,4
76.35,0,0,0,0,0.01,0.029999999,-0.02,0,0,0,4
76.36,0,0,0,0,-0.02,0.01,0.079999998,0,0,0,4
76.37,0,0,0,0,-0.050000001,0.02,0,0,0,0,4
76.38,0,0,0,0,-0.039999999,0.059999999,0.079999998,0,0,0,4
76.39,0,0,0,0,-0.050000001,-0.02,-0.02,0,0,0,4
76.4,0,0,0,0,-0.050000001,0.01,-0.029999999,0,0,0,4
76.41,0,0,0,0,-0.02,-0.050000001,-0.039999999,0,0,0,4
76.42,0,0,0,0,-0.039999999,0,0,0,0,0,4
76.43,0,0,0,0,0,-0.029999999,-0.050000001,0,0,0,4
76.44,0,0,0,0,0,0,0.02,0,0,0,4
76.45,0,0,0,0,-0.01,0,0,0,0,0,4
76.46,0,0,0,0,0,-0.01,-0.01,0,0,0,4
76.47,0,0,0,0,-0.050000001,0,0,0,0,0,4
76.48,0,0,0,0,-0.029999999,-0.02,0,0,0,0,4
76.49,0,0,0,0,-0.01,0.02,0.059999999,0,0,0,4
76.5,0,0,0,0,-0.039999999,0.02,0.039999999,0,0,0,4
76.51,0,0,0,0,-0.039999999,0.039999999,0.01,0,0,0,4
76.52,0,0,0,0,-0.050000001,0.029999999,0.029999999,0,0,0,4
76.53,0,0,0,0,-0.039999999,0,0.029999999,0,0,0,4
76.54,0,0,0,0,-0.050000001,0.029999999,0.050000001,0,0,0,4
76.55,0,0,0,0,-0.059999999,0,-0.01,0,0,0,4
76.56,0,0,0,0,-0.029999999,-0.02,-0.039999999,0,0,0,4
76.57,0,0,0,0,-0.039999999,-0.01,-0.059999999,0,0,0,4
76.58,0,0,0,0,0.01,0,-0.039999999,0,0,0,4
76.59,0,0,0,0,0,0,0,0,0,0,4
76.6,0,0,0,0,0,-0.02,0,0,0,0,4
76.61,0,0,0,0,0,0,0.079999998,0,0,0,4
76.62,0,0,0,0,0,0,0,0,0,0,4
76.63,0,0,0,0,0,0.01,0.029999999,0,0,0,4
76.64,0,0,0,0,-0.029999999,0.01,0.01,0,0,0,4
76.65,0,0,0,0,-0.02,0,0.029999999,0,0,0,4
76.66,0,0,0,0,-0.02,0,0.039999999,0,0,0,4
76.67,0,0,0,0,-0.02,-0.02,0,0,0,0,4
76.68,0,0,0,0,-0.02,0.02,0.059999999,0,0,0,4
76.69,0,0,0,0,-0.029999999,0.01,-0.050000001,0,0,0,4
76.7,0,0,0,0,0,0.039999999,0,0,0,0,4
76.71,0,0,0,0,-0.050000001,0.01,-0.02,0,0,0,4
76.72,0,0,0,0,-0.029999999,0,-0.01,0,0,0,4
76.73,0,0,0,0,-0.02,0.02,0.01,0,0,0,4
76.74,0,0,0,0,0,-0.050000001,0,0,0,0,4
76.75,0,0,0,0,0,0,-0.029999999,0,0,0,4
76.76,0,0,0,0,-0.050000001,-0.01,0.01,0,0,0,4
76.77,0,0,0,0,-0.029999999,0.029999999,0,0,0,0,4
76.78,0,0,0,0,-0.039999999,0.050000001,-0.01,0,0,0,4
76.79,0,0,0,0,0,-0.01,-0.109999999,0,0,0,4
76.8,0,0,0,0,0,0,-0.050000001,0,0,0,4
76.81,0,0,0,0,0,0.01,0,0,0,0,4
76.82,0,0,0,0,0,-0.02,0.02,0,0,0,4
76.83,0,0,0,0,0,0.029999999,0.050000001,0,0,0,4
76.84,0,0,0,0,0,0,0.02,0,0,0,4
76.85,0,0,0,0,-0.01,0.039999999,0.050000001,0,0,0,4
76.86,0,0,0,0,-0.01,-0.01,0,0,0,0,4
76.87,0,0,0,0,-0.029999999,0.039999999,0,0,0,0,4
76.88,0,0,0,0,-0.02,0,-0.050000001,0,0,0,4
76.89,0,0,0,0,-0.059999999,-0.02,-0.07,0,0,0,4
76.9,0,0,0,0,-0.079999998,-0.02,0,0,0,0,4
76.91,0,0,0,0,-0.039999999,-0.01,-0.02,0,0,0,4
76.92,0,0,0,0,-0.050000001,0.039999999,0.059999999,0,0,0,4
76.93,0,0,0,0,-0.02,0,0,0,0,0,4
76.94,0,0,0,0,0,0.050000001,0.050000001,0,0,0,4
76.95,0,0,0,0,-0.02,-0.01,-0.039999999,0,0,0,4
76.96,0,0,0,0,-0.02,0.059999999,-0.029999999,0,0,0,4
76.97,0,0,0,0,-0.029999999,-0.029999999,-0.029999999,0,0,0,4
76.98,0,0,0,0,-0.02,-0.029999999,-0.01,0,0,0,4
76.99,0,0,0,0,-0.01,0,-0.01,0,0,0,4
77,0,0,0,0,-0.02,-0.039999999,-0.01,0,0,0,4
77.01,0,0,0,0,-0.02,0.02,0.01,0,0,0,4
77.02,0,0,0,0,-0.059999999,-0.01,0.059999999,0,0,0,4
77.03,0,0,0,0,-0.02,0.02,0,0,0,0,4
77.04,0,0,0,0,-0.029999999,0,0.050000001,0,0,0,4
77.05,0,0,0,0,-0.039999999,0,0.039999999,0,0,0,4
77.06,0,0,0,0,-0.039999999,0.029999999,0.07,0,0,0,4
77.07,0,0,0,0,-0.029999999,0.01,0.02,0,0,0,4
77.08,0,0,0,0,-0.01,0.050000001,0.059999999,0,0,0,4
77.09,0,0,0,0,-0.039999999,0.039999999,-0.029999999,0,0,0,4
77.1,0,0,0,0,-0.02,0.050000001,0.02,0,0,0,4
77.11,0,0,0,0,-0.01,0.02,0.07,0,0,0,4
77.12,0,0,0,0,-0.050000001,0.02,0.039999999,0,0,0,4
77.13,0,0,0,0,-0.029999999,0,0.01,0,0,0,4
77.14,0,0,0,0,-0.02,-0.029999999,-0.07,0,0,0,4
77.15,0,0,0,0,0,-0.02,-0.059999999,0,0,0,4
77.16,0,0,0,0,-0.01,-0.039999999,-0.050000001,0,0,0,4
77.17,0,0,0,0,-0.02,0.01,0.02,0,0,0,4
77.18,0,0,0,0,0,0.02,0.07,0,0,0,4
77.19,0,0,0,0,-0.050000001,0.01,0.059999999,0,0,0,4
77.2,0,0,0,0,0,0.02,0.100000002,0,0,0,4
77.21,0,0,0,0,-0.029999999,0,0.02,0,0,0,4
77.22,0,0,0,0,-0.02,0,0.039999999,0,0,0,4
77.23,0,0,0,0,-0.050000001,0,-0.01,0,0,0,4
77.24,0,0,0,0,0,-0.02,-0.029999999,0,0,0,4
77.25,0,0,0,0,-0.02,0.01,-0.050000001,0,0,0,4
77.26,0,0,0,0,-0.039999999,0,-0.029999999,0,0,0,4
77.27,0,0,0,0,-0.029999999,0.01,-0.02,0,0,0,4
77.28,0,0,0,0,-0.01,-0.02,-0.01,0,0,0,4
77.29,0,0,0,0,-0.039999999,-0.029999999,-0.01,0,0,0,4
77.3,0,0,0,0,-0.039999999,0.01,0.02,0,0,0,4
77.31,0,0,0,0,0,0,0.07,0,0,0,4
77.32,0,0,0,0,-0.01,0.050000001,0.059999999,0,0,0,4
77.33,0,0,0,0,0,0.01,0.039999999,0,0,0,4
77.34,0,0,0,0,-0.01,0.029999999,0,0,0,0,4
77.35,0,0,0,0,-0.029999999,-0.02,-0.059999999,0,0,0,4
77.36,0,0,0,0,0,0.029999999,-0.090000004,0,0,0,4
77.37,0,0,0,0,-0.02,0,-0.01,0,0,0,4
77.38,0,0,0,0,-0.02,-0.029999999,-0.07,0,0,0,4
77.39,0,0,0,0,-0.01,0,0,0,0,0,4
77.4,0,0,0,0,-0.039999999,-0.050000001,-0.050000001,0,0,0,4
77.41,0,0,0,0,0,0.07,0.079999998,0,0,0,4
77.42,0,0,0,0,0,-0.039999999,0.01,0,0,0,4
77.43,0,0,0,0,0,0.029999999,0.050000001,0,0,0,4
77.44,0,0,0,0,0,0.039999999,-0.01,0,0,0,4
77.45,0,0,0,0,-0.01,0.02,0,0,0,0,4
77.46,0,0,0,0,-0.039999999,0.059999999,0.039999999,0,0,0,4
77.47,0,0,0,0,-0.029999999,0.029999999,-0.039999999,0,0,0,4
77.48,0,0,0,0,-0.01,0.02,0.029999999,0,0,0,4
77.49,0,0,0,0,-0.050000001,0.050000001,0.01,0,0,0,4
77.5,0,0,0,0,-0.039999999,0.029999999,0,0,0,0,4
77.51,0,0,0,0,-0.01,0,-0.02,0,0,0,4
77.52,0,0,0,0,-0.029999999,-0.01,-0.059999999,0,0,0,4
77.53,0,0,0,0,-0.029999999,-0.07,-0.039999999,0,0,0,4
77.54,0,0,0,0,-0.01,-0.039999999,-0.079999998,0,0,0,4
77.55,0,0,0,0,0.01,-0.01,0.01,0,0,0,4
77.56,0,0,0,0,0.01,-0.01,0.01,0,0,0,4
77.57,0,0,0,0,0.01,0,0.059999999,0,0,0,4
77.58,0,0,0,0,0,0.02,0,0,0,0,4
77.59,0,0,0,0,-0.02,0.02,0.059999999,0,0,0,4
77.6,0,0,0,0,-0.029999999,0.050000001,0.050000001,0,0,0,4
77.61,0,0,0,0,-0.029999999,0.02,0,0,0,0,4
77.62,0,0,0,0,-0.029999999,0,0,0,0,0,4
77.63,0,0,0,0,-0.059999999,0,-0.029999999,0,0,0,4
77.64,0,0,0,0,-0.01,0.01,0,0,0,0,4
77.65,0,0,0,0,-0.039999999,-0.02,0.029999999,0,0,0,4
77.66,0,0,0,0,-0.02,0.01,0.02,0,0,0,4
77.67,0,0,0,0,0,0,-0.01,0,0,0,4
77.68,0,0,0,0,0,0.039999999,0.02,0,0,0,4
77.69,0,0,0,0,-0.02,0.01,0.029999999,0,0,0,4
77.7,0,0,0,0,-0.02,0.02,0.01,0,0,0,4
77.71,0,0,0,0,0.02,-0.01,0.02,0,0,0,4
77.72,0,0,0,0,-0.039999999,-0.029999999,0,0,0,0,4
77.73,0,0,0,0,-0.02,0.02,0.039999999,0,0,0,4
77.74,0,0,0,0,-0.029999999,-0.01,0,0,0,0,4
77.75,0,0,0,0,-0.02,0.01,0.059999999,0,0,0,4
77.76,0,0,0,0,-0.02,0,0.02,0,0,0,4
77.77,0,0,0,0,-0.029999999,0,-0.090000004,0,0,0,4
77.78,0,0,0,0,-0.01,-0.01,-0.059999999,0,0,0,4
77.79,0,0,0,0,-0.02,0.01,-0.059999999,0,0,0,4
77.8,0,0,0,0,-0.01,-0.02,-0.01,0,0,0,4
77.81,0,0,0,0,-0.02,0,-0.039999999,0,0,0,4
77.82,0,0,0,0,-0.029999999,0.01,0.059999999,0,0,0,4
77.83,0,0,0,0,-0.01,0.01,-0.02,0,0,0,4
77.84,0,0,0,0,-0.02,0,0,0,0,0,4
77.85,0,0,0,0,-0.02,0,0.029999999,0,0,0,4
77.86,0,0,0,0,-0.01,0.02,0.01,0,0,0,4
77.87,0,0,0,0,-0.050000001,0.02,0.079999998,0,0,0,4
77.88,0,0,0,0,-0.02,0.02,0.01,0,0,0,4
77.89,0,0,0,0,-0.039999999,0.01,-0.01,0,0,0,4
77.9,0,0,0,0,-0.02,0.02,0,0,0,0,4
77.91,0,0,0,0,0,0,0,0,0,0,4
77.92,0,0,0,0,-0.02,0.059999999,0.01,0,0,0,4
77.93,0,0,0,0,-0.01,-0.029999999,0.01,0,0,0,4
77.94,0,0,0,0,-0.029999999,0,-0.01,0,0,0,4
77.95,0,0,0,0,-0.01,-0.029999999,-0.02,0,0,0,4
77.96,0,0,0,0,-0.039999999,-0.029999999,-0.01,0,0,0,4
77.97,0,0,0,0,0,0.02,0.039999999,0,0,0,4
77.98,0,0,0,0,-0.039999999,0.01,0.039999999,0,0,0,4
77.99,0,0,0,0,-0.01,0.050000001,0.029999999,0,0,0,4
78,0,0,0,0,0,0,-0.02,0,0,0,4
78.01,0,0,0,0,-0.059999999,0.039999999,0.029999999,0,0,0,4
78.02,0,0,0,0,0,-0.01,-0.02,0,0,0,4
78.03,0,0,0,0,-0.029999999,0.01,0.050000001,0,0,0,4
78.04,0,0,0,0,-0.029999999,0,0.029999999,0,0,0,4
78.05,0,0,0,0,-0.01,0.029999999,-0.029999999,0,0,0,4
78.06,0,0,0,0,-0.029999999,0.029999999,0.090000004,0,0,0,4
78.07,0,0,0,0,-0.02,0.02,-0.01,0,0,0,4
